MatchID,MatchDate,DateSource,EventID,EventName,EventSeason,EventStartDate,EventEndDate,RawMatchDate,SourceFile,PlayerA_ID,PlayerA_Name,PlayerA_Nationality,PlayerB_ID,PlayerB_Name,PlayerB_Nationality,WinnerID,Winner_Name,Winner_Nationality,WinnerFromScore,WinnerFromScore_Name,WinnerFromScore_Nationality,ScoreA,ScoreB,FramesA,FramesB,TotalFrames,AFirstAppearance,BFirstAppearance,AGamesBefore,BGamesBefore,AFramesBefore,BFramesBefore,ARating_Before,BRating_Before,AStartRating,BStartRating,ABaseK,BBaseK,AKMultiplier,BKMultiplier,AEffectiveK,BEffectiveK,ExpectedA,ExpectedB,OppWeightA,OppWeightB,ActualScoreA,ActualScoreB,DeltaA,DeltaB,ARating_After,BRating_After,AGamesAfter,BGamesAfter,AFramesAfter,BFramesAfter
8770686,1987-10-17 00:00:00,EventStart_Pre2008Season,2058,Grand Prix,1987,1987-10-17 00:00:00,1987-10-25 00:00:00,2024-07-10 14:06:43,matches_1987_all.csv,20,Jimmy White,England,3475,Jon Wright,England,20,Jimmy White,England,20,Jimmy White,England,5,1,5,1,6,FALSE,FALSE,74,2,967,24,2679.33282562604,2593.63251145323,2600,2600,5,5,1,2,5,10,0.620890737356607,0.379109262643393,0.12,1,0.833333333333333,0.166666666666667,0.764793345516214,-12.7465557586036,2680.09761897156,2580.88595569462,75,3,973,30
8770687,1987-10-17 00:00:00,EventStart_Pre2008Season,2058,Grand Prix,1987,1987-10-17 00:00:00,1987-10-25 00:00:00,2024-07-10 14:06:43,matches_1987_all.csv,41,Tony Drago,Malta,3733,Jim Meadowcroft,England,41,Tony Drago,Malta,41,Tony Drago,Malta,5,1,5,1,6,FALSE,FALSE,7,8,49,73,2559.84597255144,2513.99889395204,2600,2600,5,5,2,2,10,10,0.565598932051762,0.434401067948238,0.365,0.245,0.833333333333333,0.166666666666667,5.86338338806642,-3.93569569883911,2565.70935593951,2510.0631982532,8,9,55,79
8770688,1987-10-17 00:00:00,EventStart_Pre2008Season,2058,Grand Prix,1987,1987-10-17 00:00:00,1987-10-25 00:00:00,2024-07-10 14:06:43,matches_1987_all.csv,3487,John Campbell,Australia,3507,Roger Bales,England,3507,Roger Bales,England,3507,Roger Bales,England,3,5,3,5,8,FALSE,FALSE,23,5,211,39,2551.81738868923,2578.36372845265,2600,2600,5,5,1,2,5,10,0.461870915873679,0.538129084126321,0.195,1,0.375,0.625,-0.677593143814699,6.94967326989435,2551.13979554542,2585.31340172255,24,6,219,47
8770689,1987-10-17 00:00:00,EventStart_Pre2008Season,2058,Grand Prix,1987,1987-10-17 00:00:00,1987-10-25 00:00:00,2024-07-10 14:06:43,matches_1987_all.csv,2184,Willie Thorne,England,3757,Jim Bear,Canada,2184,Willie Thorne,England,2184,Willie Thorne,England,5,1,5,1,6,FALSE,FALSE,50,1,598,7,2628.60563145168,2582.01962593019,2600,2600,5,5,1,2,5,10,0.566643736066125,0.433356263933875,0.1,1,0.833333333333333,0.166666666666667,0.800068791801626,-16.0013758360325,2629.40570024348,2566.01825009416,51,2,604,13
8770690,1987-10-17 00:00:00,EventStart_Pre2008Season,2058,Grand Prix,1987,1987-10-17 00:00:00,1987-10-25 00:00:00,2024-07-10 14:06:43,matches_1987_all.csv,205,Mike Hallett,England,3464,Paul Gibson,England,3464,Paul Gibson,England,3464,Paul Gibson,England,4,5,4,5,9,FALSE,TRUE,28,0,298,0,2616.96815632866,2600,2600,2600,5,5,1,2,5,10,0.524399743729735,0.475600256270265,0.1,1,0.444444444444444,0.555555555555556,-0.359798846783806,7.19597693567613,2616.60835748187,2607.19597693568,29,1,307,9
8770691,1987-10-17 00:00:00,EventStart_Pre2008Season,2058,Grand Prix,1987,1987-10-17 00:00:00,1987-10-25 00:00:00,2024-07-10 14:06:43,matches_1987_all.csv,502,Barry West,England,3699,Graham Cripsey,England,3699,Graham Cripsey,England,3699,Graham Cripsey,England,3,5,3,5,8,FALSE,FALSE,7,3,60,23,2549.6427497523,2609.82920135056,2600,2600,5,5,2,2,10,10,0.414240865696011,0.585759134303989,0.115,0.3,0.375,0.625,-0.361015964403304,0.94178077670427,2549.28173378789,2610.77098212726,8,4,68,31
8770692,1987-10-17 00:00:00,EventStart_Pre2008Season,2058,Grand Prix,1987,1987-10-17 00:00:00,1987-10-25 00:00:00,2024-07-10 14:06:43,matches_1987_all.csv,469,Joe Johnson,England,1049,Steve James,England,469,Joe Johnson,England,469,Joe Johnson,England,5,4,5,4,9,FALSE,FALSE,43,2,503,13,2682.53389436606,2600.56364943837,2600,2600,5,5,1,2,5,10,0.615823581858431,0.384176418141569,0.1,1,0.555555555555556,0.444444444444444,-0.271206118362941,5.42412236725882,2682.2626882477,2605.98777180563,44,3,512,22
8770693,1987-10-17 00:00:00,EventStart_Pre2008Season,2058,Grand Prix,1987,1987-10-17 00:00:00,1987-10-25 00:00:00,2024-07-10 14:06:43,matches_1987_all.csv,1298,Peter Francisco,South Africa,710,John Rea,Scotland,1298,Peter Francisco,South Africa,1298,Peter Francisco,South Africa,5,3,5,3,8,FALSE,FALSE,15,7,112,52,2566.09542641498,2551.14294500235,2600,2600,5,5,2,2,10,10,0.521505075211864,0.478494924788136,0.26,0.56,0.625,0.375,2.15269443559322,-4.63657263050848,2568.24812085057,2546.50637237184,16,8,120,60
8770694,1987-10-17 00:00:00,EventStart_Pre2008Season,2058,Grand Prix,1987,1987-10-17 00:00:00,1987-10-25 00:00:00,2024-07-10 14:06:43,matches_1987_all.csv,3509,Bill Werbeniuk,Canada,3349,Robby Foldvari,Australia,3509,Bill Werbeniuk,Canada,3509,Bill Werbeniuk,Canada,5,1,5,1,6,FALSE,FALSE,44,3,541,24,2575.98401927429,2569.03354583877,2600,2600,5,5,1,2,5,10,0.510001201192021,0.489998798807979,0.12,1,0.833333333333333,0.166666666666667,1.16399567570872,-19.3999279284787,2577.14801494999,2549.63361791029,45,4,547,30
8770695,1987-10-17 00:00:00,EventStart_Pre2008Season,2058,Grand Prix,1987,1987-10-17 00:00:00,1987-10-25 00:00:00,2024-07-10 14:06:43,matches_1987_all.csv,468,Dennis Taylor,Northern Ireland,2875,Ray Reardon,Wales,468,Dennis Taylor,Northern Ireland,468,Dennis Taylor,Northern Ireland,5,1,5,1,6,FALSE,FALSE,78,89,971,1117,2681.37351046901,2579.86097857036,2600,2600,5,5,1,1,5,5,0.642068439845038,0.357931560154962,1,1,0.833333333333333,0.166666666666667,5.73794680464887,-5.73794680464887,2687.11145727366,2574.12303176571,79,90,977,1123
8770696,1987-10-17 00:00:00,EventStart_Pre2008Season,2058,Grand Prix,1987,1987-10-17 00:00:00,1987-10-25 00:00:00,2024-07-10 14:06:43,matches_1987_all.csv,3467,Cliff Wilson,Wales,3584,Glen Wilkinson,Australia,3467,Cliff Wilson,Wales,3467,Cliff Wilson,Wales,5,4,5,4,9,FALSE,FALSE,29,1,248,9,2532.82673125494,2589.2711325549,2600,2600,5,5,1,2,5,10,0.419477153804685,0.580522846195315,0.1,1,0.555555555555556,0.444444444444444,0.61235280787892,-12.2470561575784,2533.43908406282,2577.02407639732,30,2,257,18
8770697,1987-10-17 00:00:00,EventStart_Pre2008Season,2058,Grand Prix,1987,1987-10-17 00:00:00,1987-10-25 00:00:00,2024-07-10 14:06:43,matches_1987_all.csv,3484,John Virgo,England,3473,Marcel Gauvreau,Canada,3484,John Virgo,England,3484,John Virgo,England,5,1,5,1,6,FALSE,FALSE,51,6,556,52,2599.06088959643,2528.59227459419,2600,2600,5,5,1,2,5,10,0.600044362690736,0.399955637309264,0.26,1,0.833333333333333,0.166666666666667,1.81965397101226,-13.9973382385558,2600.88054356744,2514.59493635563,52,7,562,58
8770698,1987-10-17 00:00:00,EventStart_Pre2008Season,2058,Grand Prix,1987,1987-10-17 00:00:00,1987-10-25 00:00:00,2024-07-10 14:06:43,matches_1987_all.csv,2879,Silvino Francisco,South Africa,3321,Danny Fowler,England,2879,Silvino Francisco,South Africa,2879,Silvino Francisco,South Africa,5,1,5,1,6,FALSE,FALSE,42,9,451,74,2628.38749908934,2559.98697745126,2600,2600,5,5,1,2,5,10,0.597183918712158,0.402816081287842,0.37,1,0.833333333333333,0.166666666666667,2.62125850229505,-14.1689648772705,2631.00875759164,2545.81801257399,43,10,457,80
8770699,1987-10-17 00:00:00,EventStart_Pre2008Season,2058,Grand Prix,1987,1987-10-17 00:00:00,1987-10-25 00:00:00,2024-07-10 14:06:43,matches_1987_all.csv,3474,Steve Longworth,England,804,Gary Wilkinson,England,804,Gary Wilkinson,England,804,Gary Wilkinson,England,4,5,4,5,9,FALSE,TRUE,12,0,109,0,2612.01002906016,2600,2600,2600,5,5,2,2,10,10,0.517276940191962,0.482723059808038,0.1,0.545,0.444444444444444,0.555555555555556,-0.655492461727654,3.57243391641571,2611.35453659843,2603.57243391642,13,1,118,9
8770700,1987-10-17 00:00:00,EventStart_Pre2008Season,2058,Grand Prix,1987,1987-10-17 00:00:00,1987-10-25 00:00:00,2024-07-10 14:06:43,matches_1987_all.csv,2874,Tony Meo,England,795,Steve Newbury,Wales,795,Steve Newbury,Wales,795,Steve Newbury,Wales,0,5,0,5,5,FALSE,FALSE,56,10,570,71,2622.67028484769,2576.90105453854,2600,2600,5,5,1,2,5,10,0.565488824526672,0.434511175473328,0.355,1,0,1,-5.01871331767422,28.2744412263336,2617.65157153002,2605.17549576488,57,11,575,76
8770701,1987-10-17 00:00:00,EventStart_Pre2008Season,2058,Grand Prix,1987,1987-10-17 00:00:00,1987-10-25 00:00:00,2024-07-10 14:06:43,matches_1987_all.csv,470,Cliff Thorburn,Canada,1355,Tony Jones,England,470,Cliff Thorburn,Canada,470,Cliff Thorburn,Canada,5,2,5,2,7,FALSE,FALSE,103,10,1296,88,2675.49036153607,2577.65300797579,2600,2600,5,5,1,2,5,10,0.637191959613137,0.362808040386863,0.44,1,0.714285714285714,0.285714285714286,1.18724382195769,-5.3965628270804,2676.67760535803,2572.25644514871,104,11,1303,95
8770702,1987-10-17 00:00:00,EventStart_Pre2008Season,2058,Grand Prix,1987,1987-10-17 00:00:00,1987-10-25 00:00:00,2024-07-10 14:06:43,matches_1987_all.csv,668,Neal Foulds,England,3261,Martin Clark,England,3261,Martin Clark,England,3261,Martin Clark,England,4,5,4,5,9,FALSE,TRUE,33,0,367,0,2662.12050536519,2600,2600,2600,5,5,1,2,5,10,0.588457975373487,0.411542024626513,0.1,1,0.444444444444444,0.555555555555556,-0.648060889180692,12.9612177836138,2661.47244447601,2612.96121778361,34,1,376,9
8770703,1987-10-17 00:00:00,EventStart_Pre2008Season,2058,Grand Prix,1987,1987-10-17 00:00:00,1987-10-25 00:00:00,2024-07-10 14:06:43,matches_1987_all.csv,3324,Eugene Hughes,Ireland,3732,Mick Fisher,England,3732,Mick Fisher,England,3732,Mick Fisher,England,4,5,4,5,9,FALSE,FALSE,23,3,222,30,2586.12413594325,2558.58197738686,2600,2600,5,5,1,2,5,10,0.539553533415813,0.460446466584187,0.15,1,0.444444444444444,0.555555555555556,-0.641986350556736,8.55981800742314,2585.48214959269,2567.14179539428,24,4,231,39
8770704,1987-10-17 00:00:00,EventStart_Pre2008Season,2058,Grand Prix,1987,1987-10-17 00:00:00,1987-10-25 00:00:00,2024-07-10 14:06:43,matches_1987_all.csv,659,Dean Reynolds,England,3737,Pat Houlihan,England,3737,Pat Houlihan,England,3737,Pat Houlihan,England,4,5,4,5,9,FALSE,FALSE,26,2,242,30,2553.79734698035,2588.79209526544,2600,2600,5,5,1,2,5,10,0.449808128400988,0.550191871599012,0.15,1,0.444444444444444,0.555555555555556,-0.0362048667066717,0.482731556088956,2553.76114211365,2589.27482682153,27,3,251,39
8770705,1987-10-17 00:00:00,EventStart_Pre2008Season,2058,Grand Prix,1987,1987-10-17 00:00:00,1987-10-25 00:00:00,2024-07-10 14:06:43,matches_1987_all.csv,452,David Taylor,England,2881,Bob Chaperon,Canada,2881,Bob Chaperon,Canada,2881,Bob Chaperon,Canada,3,5,3,5,8,FALSE,FALSE,47,8,531,62,2564.82113164866,2599.87839137305,2600,2600,5,5,1,2,5,10,0.449719075347263,0.550280924652737,0.31,1,0.375,0.625,-0.926516534306063,5.97752602778105,2563.89461511436,2605.85591740083,48,9,539,70
8770706,1987-10-17 00:00:00,EventStart_Pre2008Season,2058,Grand Prix,1987,1987-10-17 00:00:00,1987-10-25 00:00:00,2024-07-10 14:06:43,matches_1987_all.csv,408,John Parrott,England,449,Les Dodd,England,408,John Parrott,England,408,John Parrott,England,5,1,5,1,6,FALSE,FALSE,27,5,311,48,2658.68128867068,2569.80837415723,2600,2600,5,5,1,2,5,10,0.625179981906243,0.374820018093757,0.24,1,0.833333333333333,0.166666666666667,1.49870413027505,-12.4892010856254,2660.17999280095,2557.31917307161,28,6,317,54
8770707,1987-10-17 00:00:00,EventStart_Pre2008Season,2058,Grand Prix,1987,1987-10-17 00:00:00,1987-10-25 00:00:00,2024-07-10 14:06:43,matches_1987_all.csv,2870,Kirk Stevens,Canada,800,Wayne Jones,Wales,2870,Kirk Stevens,Canada,2870,Kirk Stevens,Canada,5,1,5,1,6,FALSE,FALSE,68,10,804,84,2603.3182005833,2583.84047433605,2600,2600,5,5,1,2,5,10,0.528001372465985,0.471998627534015,0.42,1,0.833333333333333,0.166666666666667,3.84718270692859,-18.3199176520409,2607.16538329023,2565.52055668401,69,11,810,90
8770708,1987-10-17 00:00:00,EventStart_Pre2008Season,2058,Grand Prix,1987,1987-10-17 00:00:00,1987-10-25 00:00:00,2024-07-10 14:06:43,matches_1987_all.csv,2877,Terry Griffiths,Wales,3488,Tony Kearney,Ireland,2877,Terry Griffiths,Wales,2877,Terry Griffiths,Wales,5,0,5,0,5,FALSE,FALSE,83,1,925,10,2648.44355230422,2594.51832489819,2600,2600,5,5,1,2,5,10,0.576987424055584,0.423012575944417,0.1,1,1,0,1.05753143986104,-21.1506287972208,2649.50108374408,2573.36769610097,84,2,930,15
8770709,1987-10-17 00:00:00,EventStart_Pre2008Season,2058,Grand Prix,1987,1987-10-17 00:00:00,1987-10-25 00:00:00,2024-07-10 14:06:43,matches_1987_all.csv,2876,John Spencer,England,802,Tony Chappel,Wales,802,Tony Chappel,Wales,802,Tony Chappel,Wales,1,5,1,5,6,FALSE,FALSE,60,5,628,37,2610.2044516707,2561.59681957116,2600,2600,5,5,1,2,5,10,0.569499157517074,0.430500842482926,0.185,1,0.166666666666667,0.833333333333333,-2.23572032421976,24.1699494510245,2607.96873134648,2585.76676902218,61,6,634,43
8770710,1987-10-17 00:00:00,EventStart_Pre2008Season,2058,Grand Prix,1987,1987-10-17 00:00:00,1987-10-25 00:00:00,2024-07-10 14:06:43,matches_1987_all.csv,181,Tony Knowles,England,3444,Jack McLaughlin,Northern Ireland,181,Tony Knowles,England,181,Tony Knowles,England,5,0,5,0,5,FALSE,FALSE,61,7,713,53,2614.90607014482,2576.15726982312,2600,2600,5,5,1,2,5,10,0.555533944010032,0.444466055989968,0.265,1,1,0,2.94458762093354,-22.2233027994984,2617.85065776575,2553.93396702362,62,8,718,58
8770711,1987-10-17 00:00:00,EventStart_Pre2008Season,2058,Grand Prix,1987,1987-10-17 00:00:00,1987-10-25 00:00:00,2024-07-10 14:06:43,matches_1987_all.csv,3504,Dave Martin,England,409,David Roe,England,409,David Roe,England,409,David Roe,England,4,5,4,5,9,FALSE,FALSE,21,2,181,14,2521.18043531684,2578.65684170774,2600,2600,5,5,1,2,5,10,0.418031194106056,0.581968805893944,0.1,0.905,0.444444444444444,0.555555555555556,0.118859626522746,-2.15135924006171,2521.29929494337,2576.50548246768,22,3,190,23
8770712,1987-10-17 00:00:00,EventStart_Pre2008Season,2058,Grand Prix,1987,1987-10-17 00:00:00,1987-10-25 00:00:00,2024-07-10 14:06:43,matches_1987_all.csv,3515,Rex Williams,England,3491,Ray Edmonds,England,3491,Ray Edmonds,England,3491,Ray Edmonds,England,3,5,3,5,8,FALSE,FALSE,38,9,349,100,2590.30730121642,2552.99307740915,2600,2600,5,5,1,2,5,10,0.553493966595004,0.446506033404996,0.5,1,0.375,0.625,-3.56987933190007,14.2795173276003,2586.73742188452,2567.27259473675,39,10,357,108
8770713,1987-10-17 00:00:00,EventStart_Pre2008Season,2058,Grand Prix,1987,1987-10-17 00:00:00,1987-10-25 00:00:00,2024-07-10 14:06:43,matches_1987_all.csv,3449,Eddie Charlton,Australia,4275,Jimmy van Rensberg,South Africa,3449,Eddie Charlton,Australia,3449,Eddie Charlton,Australia,5,3,5,3,8,FALSE,FALSE,67,1,850,9,2605.53256475627,2595.66080487544,2600,2600,5,5,1,2,5,10,0.514202782651954,0.485797217348046,0.1,1,0.625,0.375,0.443188869392185,-8.8637773878437,2605.97575362567,2586.7970274876,68,2,858,17
8770714,1987-10-17 00:00:00,EventStart_Pre2008Season,2058,Grand Prix,1987,1987-10-17 00:00:00,1987-10-25 00:00:00,2024-07-10 14:06:43,matches_1987_all.csv,806,Doug Mountjoy,Wales,3316,Jim Chambers,England,3316,Jim Chambers,England,3316,Jim Chambers,England,2,5,2,5,7,FALSE,TRUE,75,0,874,0,2622.83282399088,2600,2600,2600,5,5,1,2,5,10,0.53281185192505,0.46718814807495,0.1,1,0.285714285714286,0.714285714285714,-0.864841481737676,17.2968296347535,2621.96798250914,2617.29682963475,76,1,881,7
8770715,1987-10-17 00:00:00,EventStart_Pre2008Season,2058,Grand Prix,1987,1987-10-17 00:00:00,1987-10-25 00:00:00,2024-07-10 14:06:43,matches_1987_all.csv,153,Stephen Hendry,Scotland,3242,Mark Bennett,England,153,Stephen Hendry,Scotland,153,Stephen Hendry,Scotland,5,1,5,1,6,FALSE,FALSE,11,3,136,25,2661.81762860539,2594.55613225663,2600,2600,5,5,2,2,10,10,0.595605656213877,0.404394343786123,0.125,0.68,0.833333333333333,0.166666666666667,1.78295757839592,-9.69928922647382,2663.60058618378,2584.85684303016,12,4,142,31
8770716,1987-10-17 00:00:00,EventStart_Pre2008Season,2058,Grand Prix,1987,1987-10-17 00:00:00,1987-10-25 00:00:00,2024-07-10 14:06:43,matches_1987_all.csv,712,Murdo MacLeod,Scotland,3445,Jim Wych,Canada,3445,Jim Wych,Canada,3445,Jim Wych,Canada,4,5,4,5,9,FALSE,FALSE,19,14,167,150,2588.3835730478,2563.41894646241,2600,2600,5,5,2,2,10,10,0.53586528280697,0.46413471719303,0.75,0.835,0.444444444444444,0.555555555555556,-6.17090658947044,6.87027600294376,2582.21266645833,2570.28922246536,20,15,176,159
8770717,1987-10-17 00:00:00,EventStart_Pre2008Season,2058,Grand Prix,1987,1987-10-17 00:00:00,1987-10-25 00:00:00,2024-07-10 14:06:43,matches_1987_all.csv,212,Steve Davis,England,3696,Graham Miles,England,212,Steve Davis,England,212,Steve Davis,England,5,1,5,1,6,FALSE,FALSE,102,37,1340,390,2719.36998530364,2515.55199011629,2600,2600,5,5,1,1,5,5,0.763735700043691,0.236264299956309,1,1,0.833333333333333,0.166666666666667,2.08792899868926,-2.08792899868926,2721.45791430233,2513.4640611176,103,38,1346,396
8770718,1987-10-17 00:00:00,EventStart_Pre2008Season,2058,Grand Prix,1987,1987-10-17 00:00:00,1987-10-25 00:00:00,2024-07-10 14:07:51,matches_1987_all.csv,20,Jimmy White,England,41,Tony Drago,Malta,41,Tony Drago,Malta,41,Tony Drago,Malta,3,5,3,5,8,FALSE,FALSE,75,8,973,55,2680.09761897156,2565.70935593951,2600,2600,5,5,1,2,5,10,0.658917009987618,0.341082990012382,0.275,1,0.375,0.625,-3.1230871098638,22.7133607990094,2676.9745318617,2588.42271673852,76,9,981,63
8770719,1987-10-17 00:00:00,EventStart_Pre2008Season,2058,Grand Prix,1987,1987-10-17 00:00:00,1987-10-25 00:00:00,2024-07-10 14:07:51,matches_1987_all.csv,3507,Roger Bales,England,2184,Willie Thorne,England,2184,Willie Thorne,England,2184,Willie Thorne,England,2,5,2,5,7,FALSE,FALSE,6,51,47,604,2585.31340172255,2629.40570024348,2600,2600,5,5,2,1,10,5,0.436884555783853,0.563115444216147,1,0.235,0.285714285714286,0.714285714285714,-10.5819189048697,1.24337547132219,2574.73148281768,2630.64907571481,7,52,54,611
8770720,1987-10-17 00:00:00,EventStart_Pre2008Season,2058,Grand Prix,1987,1987-10-17 00:00:00,1987-10-25 00:00:00,2024-07-10 14:07:51,matches_1987_all.csv,3464,Paul Gibson,England,3699,Graham Cripsey,England,3699,Graham Cripsey,England,3699,Graham Cripsey,England,4,5,4,5,9,FALSE,FALSE,1,4,9,31,2607.19597693568,2610.77098212726,2600,2600,5,5,2,2,10,10,0.494855335528793,0.505144664471207,0.155,0.1,0.444444444444444,0.555555555555556,-0.703231930626658,0.453698019759134,2606.49274500505,2611.22468014702,2,5,18,40
8770721,1987-10-17 00:00:00,EventStart_Pre2008Season,2058,Grand Prix,1987,1987-10-17 00:00:00,1987-10-25 00:00:00,2024-07-10 14:07:51,matches_1987_all.csv,469,Joe Johnson,England,1298,Peter Francisco,South Africa,1298,Peter Francisco,South Africa,1298,Peter Francisco,South Africa,2,5,2,5,7,FALSE,FALSE,44,16,512,120,2682.2626882477,2568.24812085057,2600,2600,5,5,1,2,5,10,0.658433380439229,0.341566619560771,0.6,1,0.285714285714286,0.714285714285714,-7.82710098922381,26.090336630746,2674.43558725848,2594.33845748132,45,17,519,127
8770722,1987-10-17 00:00:00,EventStart_Pre2008Season,2058,Grand Prix,1987,1987-10-17 00:00:00,1987-10-25 00:00:00,2024-07-10 14:07:51,matches_1987_all.csv,3509,Bill Werbeniuk,Canada,468,Dennis Taylor,Northern Ireland,468,Dennis Taylor,Northern Ireland,468,Dennis Taylor,Northern Ireland,3,5,3,5,8,FALSE,FALSE,45,79,547,977,2577.14801494999,2687.11145727366,2600,2600,5,5,1,1,5,5,0.346830504791015,0.653169495208985,1,1,0.375,0.625,1.12677980835939,-1.12677980835938,2578.27479475835,2685.9846774653,46,80,555,985
8770723,1987-10-17 00:00:00,EventStart_Pre2008Season,2058,Grand Prix,1987,1987-10-17 00:00:00,1987-10-25 00:00:00,2024-07-10 14:07:51,matches_1987_all.csv,3467,Cliff Wilson,Wales,3484,John Virgo,England,3467,Cliff Wilson,Wales,3467,Cliff Wilson,Wales,5,3,5,3,8,FALSE,FALSE,30,52,257,562,2533.43908406282,2600.88054356744,2600,2600,5,5,1,1,5,5,0.40414484977037,0.59585515022963,1,1,0.625,0.375,8.83420600918521,-8.83420600918521,2542.273290072,2592.04633755825,31,53,265,570
8770724,1987-10-17 00:00:00,EventStart_Pre2008Season,2058,Grand Prix,1987,1987-10-17 00:00:00,1987-10-25 00:00:00,2024-07-10 14:07:51,matches_1987_all.csv,2879,Silvino Francisco,South Africa,804,Gary Wilkinson,England,804,Gary Wilkinson,England,804,Gary Wilkinson,England,3,5,3,5,8,FALSE,FALSE,43,1,457,9,2631.00875759164,2603.57243391642,2600,2600,5,5,1,2,5,10,0.539402174272318,0.460597825727682,0.1,1,0.375,0.625,-0.657608697089273,13.1521739417855,2630.35114889455,2616.7246078582,44,2,465,17
8770725,1987-10-17 00:00:00,EventStart_Pre2008Season,2058,Grand Prix,1987,1987-10-17 00:00:00,1987-10-25 00:00:00,2024-07-10 14:07:51,matches_1987_all.csv,795,Steve Newbury,Wales,470,Cliff Thorburn,Canada,795,Steve Newbury,Wales,795,Steve Newbury,Wales,5,0,5,0,5,FALSE,FALSE,11,104,76,1303,2605.17549576488,2676.67760535803,2600,2600,5,5,2,1,10,5,0.398528718061397,0.601471281938603,1,0.38,1,0,30.0735640969301,-5.71397717841673,2635.24905986181,2670.96362817961,12,105,81,1308
8770726,1987-10-17 00:00:00,EventStart_Pre2008Season,2058,Grand Prix,1987,1987-10-17 00:00:00,1987-10-25 00:00:00,2024-07-10 14:07:51,matches_1987_all.csv,3261,Martin Clark,England,3732,Mick Fisher,England,3732,Mick Fisher,England,3732,Mick Fisher,England,4,5,4,5,9,FALSE,FALSE,1,4,9,39,2612.96121778361,2567.14179539428,2600,2600,5,5,2,2,10,10,0.56555981623866,0.43444018376134,0.195,0.1,0.444444444444444,0.555555555555556,-2.12557477498848,1.09003834614794,2610.83564300863,2568.23183374043,2,5,18,48
8770727,1987-10-17 00:00:00,EventStart_Pre2008Season,2058,Grand Prix,1987,1987-10-17 00:00:00,1987-10-25 00:00:00,2024-07-10 14:07:51,matches_1987_all.csv,3737,Pat Houlihan,England,2881,Bob Chaperon,Canada,2881,Bob Chaperon,Canada,2881,Bob Chaperon,Canada,0,5,0,5,5,FALSE,FALSE,3,9,39,70,2589.27482682153,2605.85591740083,2600,2600,5,5,2,2,10,10,0.476155992132312,0.523844007867688,0.35,0.195,0,1,-8.33272986231546,4.64252092329005,2580.94209695921,2610.49843832412,4,10,44,75
8770728,1987-10-17 00:00:00,EventStart_Pre2008Season,2058,Grand Prix,1987,1987-10-17 00:00:00,1987-10-25 00:00:00,2024-07-10 14:07:51,matches_1987_all.csv,408,John Parrott,England,2870,Kirk Stevens,Canada,408,John Parrott,England,408,John Parrott,England,5,0,5,0,5,FALSE,FALSE,28,69,317,810,2660.17999280095,2607.16538329023,2600,2600,5,5,1,1,5,5,0.575707495258696,0.424292504741304,1,1,1,0,10.6073126185326,-10.6073126185326,2670.78730541948,2596.5580706717,29,70,322,815
8770729,1987-10-17 00:00:00,EventStart_Pre2008Season,2058,Grand Prix,1987,1987-10-17 00:00:00,1987-10-25 00:00:00,2024-07-10 14:07:51,matches_1987_all.csv,2877,Terry Griffiths,Wales,802,Tony Chappel,Wales,2877,Terry Griffiths,Wales,2877,Terry Griffiths,Wales,5,3,5,3,8,FALSE,FALSE,84,6,930,43,2649.50108374408,2585.76676902218,2600,2600,5,5,1,2,5,10,0.590705879111815,0.409294120888185,0.215,1,0.625,0.375,0.294929439638389,-2.74352967105478,2649.79601318372,2583.02323935113,85,7,938,51
8770730,1987-10-17 00:00:00,EventStart_Pre2008Season,2058,Grand Prix,1987,1987-10-17 00:00:00,1987-10-25 00:00:00,2024-07-10 14:07:51,matches_1987_all.csv,181,Tony Knowles,England,409,David Roe,England,181,Tony Knowles,England,181,Tony Knowles,England,5,2,5,2,7,FALSE,FALSE,62,3,718,23,2617.85065776575,2576.50548246768,2600,2600,5,5,1,2,5,10,0.55922120531854,0.44077879468146,0.115,1,0.714285714285714,0.285714285714286,0.624134648592875,-10.8545156277022,2618.47479241434,2565.65096683997,63,4,725,30
8770731,1987-10-17 00:00:00,EventStart_Pre2008Season,2058,Grand Prix,1987,1987-10-17 00:00:00,1987-10-25 00:00:00,2024-07-10 14:07:51,matches_1987_all.csv,3491,Ray Edmonds,England,3449,Eddie Charlton,Australia,3449,Eddie Charlton,Australia,3449,Eddie Charlton,Australia,3,5,3,5,8,FALSE,FALSE,10,68,108,858,2567.27259473675,2605.97575362567,2600,2600,5,5,2,1,10,5,0.444530929963687,0.555469070036313,1,0.54,0.375,0.625,-5.56247439709497,1.50186808721564,2561.71012033966,2607.47762171288,11,69,116,866
8770732,1987-10-17 00:00:00,EventStart_Pre2008Season,2058,Grand Prix,1987,1987-10-17 00:00:00,1987-10-25 00:00:00,2024-07-10 14:07:51,matches_1987_all.csv,3316,Jim Chambers,England,153,Stephen Hendry,Scotland,153,Stephen Hendry,Scotland,153,Stephen Hendry,Scotland,1,5,1,5,6,FALSE,FALSE,1,12,7,142,2617.29682963475,2663.60058618378,2600,2600,5,5,2,2,10,10,0.433755279804561,0.566244720195439,0.71,0.1,0.166666666666667,0.833333333333333,-11.3779749196743,1.60253167882736,2605.91885471508,2665.20311786261,2,13,13,148
8770733,1987-10-17 00:00:00,EventStart_Pre2008Season,2058,Grand Prix,1987,1987-10-17 00:00:00,1987-10-25 00:00:00,2024-07-10 14:07:51,matches_1987_all.csv,3445,Jim Wych,Canada,212,Steve Davis,England,212,Steve Davis,England,212,Steve Davis,England,1,5,1,5,6,FALSE,FALSE,15,103,159,1346,2570.28922246536,2721.45791430233,2600,2600,5,5,2,1,10,5,0.295213324354188,0.704786675645812,1,0.795,0.166666666666667,0.833333333333333,-7.7127994612513,3.06583778584739,2562.5764230041,2724.52375208818,16,104,165,1352
8770742,1987-10-17 00:00:00,EventStart_Pre2008Season,2058,Grand Prix,1987,1987-10-17 00:00:00,1987-10-25 00:00:00,2024-07-10 14:08:46,matches_1987_all.csv,41,Tony Drago,Malta,2184,Willie Thorne,England,2184,Willie Thorne,England,2184,Willie Thorne,England,2,5,2,5,7,FALSE,FALSE,9,52,63,611,2588.42271673852,2630.64907571481,2600,2600,5,5,2,1,10,5,0.439528837624979,0.560471162375021,1,0.315,0.285714285714286,0.714285714285714,-10.7670186337485,1.69580543481539,2577.65569810477,2632.34488114962,10,53,70,618
8770743,1987-10-17 00:00:00,EventStart_Pre2008Season,2058,Grand Prix,1987,1987-10-17 00:00:00,1987-10-25 00:00:00,2024-07-10 14:08:46,matches_1987_all.csv,3699,Graham Cripsey,England,1298,Peter Francisco,South Africa,1298,Peter Francisco,South Africa,1298,Peter Francisco,South Africa,1,5,1,5,6,FALSE,FALSE,5,17,40,127,2611.22468014702,2594.33845748132,2600,2600,5,5,2,2,10,10,0.524282111153353,0.475717888846647,0.635,0.2,0.166666666666667,0.833333333333333,-13.6251484349427,4.29138533384023,2597.59953171208,2598.62984281516,6,18,46,133
8770744,1987-10-17 00:00:00,EventStart_Pre2008Season,2058,Grand Prix,1987,1987-10-17 00:00:00,1987-10-25 00:00:00,2024-07-10 14:08:46,matches_1987_all.csv,468,Dennis Taylor,Northern Ireland,3467,Cliff Wilson,Wales,468,Dennis Taylor,Northern Ireland,468,Dennis Taylor,Northern Ireland,5,2,5,2,7,FALSE,FALSE,80,31,985,265,2685.9846774653,2542.273290072,2600,2600,5,5,1,1,5,5,0.695777216791026,0.304222783208974,1,1,0.714285714285714,0.285714285714286,0.647797412314093,-0.647797412314093,2686.63247487761,2541.62549265969,81,32,992,272
8770745,1987-10-17 00:00:00,EventStart_Pre2008Season,2058,Grand Prix,1987,1987-10-17 00:00:00,1987-10-25 00:00:00,2024-07-10 14:08:46,matches_1987_all.csv,804,Gary Wilkinson,England,795,Steve Newbury,Wales,795,Steve Newbury,Wales,795,Steve Newbury,Wales,3,5,3,5,8,FALSE,FALSE,2,12,17,81,2616.7246078582,2635.24905986181,2600,2600,5,5,2,2,10,10,0.473366403572627,0.526633596427373,0.405,0.1,0.375,0.625,-3.1870714757531,0.786931228581013,2613.53753638245,2636.03599109039,3,13,25,89
8770746,1987-10-17 00:00:00,EventStart_Pre2008Season,2058,Grand Prix,1987,1987-10-17 00:00:00,1987-10-25 00:00:00,2024-07-10 14:08:46,matches_1987_all.csv,3732,Mick Fisher,England,2881,Bob Chaperon,Canada,2881,Bob Chaperon,Canada,2881,Bob Chaperon,Canada,2,5,2,5,7,FALSE,FALSE,5,10,48,75,2568.23183374043,2610.49843832412,2600,2600,5,5,2,2,10,10,0.439471767510461,0.560528232489539,0.375,0.24,0.285714285714286,0.714285714285714,-4.03613389714959,2.58312569417574,2564.19569984328,2613.08156401829,6,11,55,82
8770747,1987-10-17 00:00:00,EventStart_Pre2008Season,2058,Grand Prix,1987,1987-10-17 00:00:00,1987-10-25 00:00:00,2024-07-10 14:08:46,matches_1987_all.csv,408,John Parrott,England,2877,Terry Griffiths,Wales,408,John Parrott,England,408,John Parrott,England,5,4,5,4,9,FALSE,FALSE,29,85,322,938,2670.78730541948,2649.79601318372,2600,2600,5,5,1,1,5,5,0.530172194175409,0.469827805824591,1,1,0.555555555555556,0.444444444444444,1.14225126210661,-1.14225126210661,2671.92955668159,2648.65376192161,30,86,331,947
8770748,1987-10-17 00:00:00,EventStart_Pre2008Season,2058,Grand Prix,1987,1987-10-17 00:00:00,1987-10-25 00:00:00,2024-07-10 14:08:46,matches_1987_all.csv,181,Tony Knowles,England,3449,Eddie Charlton,Australia,181,Tony Knowles,England,181,Tony Knowles,England,5,0,5,0,5,FALSE,FALSE,63,69,725,866,2618.47479241434,2607.47762171288,2600,2600,5,5,1,1,5,5,0.515820917654484,0.484179082345516,1,1,1,0,12.1044770586379,-12.1044770586379,2630.57926947298,2595.37314465424,64,70,730,871
8770749,1987-10-17 00:00:00,EventStart_Pre2008Season,2058,Grand Prix,1987,1987-10-17 00:00:00,1987-10-25 00:00:00,2024-07-10 14:08:46,matches_1987_all.csv,153,Stephen Hendry,Scotland,212,Steve Davis,England,153,Stephen Hendry,Scotland,153,Stephen Hendry,Scotland,5,2,5,2,7,FALSE,FALSE,13,104,148,1352,2665.20311786261,2724.52375208818,2600,2600,5,5,2,1,10,5,0.415450735877257,0.584549264122743,1,0.74,0.714285714285714,0.285714285714286,20.918448488592,-7.73982594077904,2686.1215663512,2716.7839261474,14,105,155,1359
8770754,1987-10-17 00:00:00,EventStart_Pre2008Season,2058,Grand Prix,1987,1987-10-17 00:00:00,1987-10-25 00:00:00,2024-07-10 14:10:43,matches_1987_all.csv,2184,Willie Thorne,England,1298,Peter Francisco,South Africa,1298,Peter Francisco,South Africa,1298,Peter Francisco,South Africa,3,5,3,5,8,FALSE,FALSE,53,18,618,133,2632.34488114962,2598.62984281516,2600,2600,5,5,1,2,5,10,0.548368112985636,0.451631887014364,0.665,1,0.375,0.625,-4.61159180541791,13.8694490388508,2627.7332893442,2612.49929185401,54,19,626,141
8770755,1987-10-17 00:00:00,EventStart_Pre2008Season,2058,Grand Prix,1987,1987-10-17 00:00:00,1987-10-25 00:00:00,2024-07-10 14:10:43,matches_1987_all.csv,468,Dennis Taylor,Northern Ireland,795,Steve Newbury,Wales,468,Dennis Taylor,Northern Ireland,468,Dennis Taylor,Northern Ireland,5,2,5,2,7,FALSE,FALSE,81,13,992,89,2686.63247487761,2636.03599109039,2600,2600,5,5,1,2,5,10,0.572303783969834,0.427696216030166,0.445,1,0.714285714285714,0.285714285714286,2.21136856466984,-9.93873512211165,2688.84384344228,2626.09725596828,82,14,999,96
8770756,1987-10-17 00:00:00,EventStart_Pre2008Season,2058,Grand Prix,1987,1987-10-17 00:00:00,1987-10-25 00:00:00,2024-07-10 14:10:43,matches_1987_all.csv,2881,Bob Chaperon,Canada,408,John Parrott,England,408,John Parrott,England,408,John Parrott,England,2,5,2,5,7,FALSE,FALSE,11,30,82,331,2613.08156401829,2671.92955668159,2600,2600,5,5,2,1,10,5,0.41611162393537,0.58388837606463,1,0.41,0.285714285714286,0.714285714285714,-9.12781367547593,1.87120180347257,2603.95375034282,2673.80075848506,12,31,89,338
8770757,1987-10-17 00:00:00,EventStart_Pre2008Season,2058,Grand Prix,1987,1987-10-17 00:00:00,1987-10-25 00:00:00,2024-07-10 14:10:43,matches_1987_all.csv,181,Tony Knowles,England,153,Stephen Hendry,Scotland,153,Stephen Hendry,Scotland,153,Stephen Hendry,Scotland,2,5,2,5,7,FALSE,FALSE,64,14,730,155,2630.57926947298,2686.1215663512,2600,2600,5,5,1,2,5,10,0.420742241987642,0.579257758012358,0.775,1,0.285714285714286,0.714285714285714,-3.6626333139148,9.45195693913496,2626.91663615907,2695.57352329034,65,15,737,162
8770760,1987-10-17 00:00:00,EventStart_Pre2008Season,2058,Grand Prix,1987,1987-10-17 00:00:00,1987-10-25 00:00:00,2024-07-10 14:11:01,matches_1987_all.csv,1298,Peter Francisco,South Africa,468,Dennis Taylor,Northern Ireland,468,Dennis Taylor,Northern Ireland,468,Dennis Taylor,Northern Ireland,4,9,4,9,13,FALSE,FALSE,19,82,141,999,2612.49929185401,2688.84384344228,2600,2600,5,5,2,1,10,5,0.391866176765977,0.608133823234023,1,0.705,0.307692307692308,0.692307692307692,-10.942602979577,3.8572675503009,2601.55668887443,2692.70111099258,20,83,154,1012
8770761,1987-10-17 00:00:00,EventStart_Pre2008Season,2058,Grand Prix,1987,1987-10-17 00:00:00,1987-10-25 00:00:00,2024-07-10 14:11:01,matches_1987_all.csv,408,John Parrott,England,153,Stephen Hendry,Scotland,153,Stephen Hendry,Scotland,153,Stephen Hendry,Scotland,7,9,7,9,16,FALSE,FALSE,31,15,338,162,2673.80075848506,2695.57352329034,2600,2600,5,5,1,2,5,10,0.468707425629097,0.531292574370903,0.81,1,0.4375,0.5625,-2.02224118076549,4.99318810065553,2671.7785173043,2700.56671139099,32,16,354,178
8770765,1987-10-17 00:00:00,EventStart_Pre2008Season,2058,Grand Prix,1987,1987-10-17 00:00:00,1987-10-25 00:00:00,2024-07-10 14:11:18,matches_1987_all.csv,468,Dennis Taylor,Northern Ireland,153,Stephen Hendry,Scotland,153,Stephen Hendry,Scotland,153,Stephen Hendry,Scotland,7,10,7,10,17,FALSE,FALSE,83,16,1012,178,2692.70111099258,2700.56671139099,2600,2600,5,5,1,2,5,10,0.488682424557353,0.511317575442647,0.89,1,0.411764705882353,0.588235294117647,-5.81882541776378,13.0760121747501,2686.88228557482,2713.64272356574,84,17,1029,195
8756612,1988-01-01 00:00:00,EventStart_Pre2008Season,2036,Classic,1987,1988-01-01 00:00:00,1988-01-10 00:00:00,2024-06-10 12:52:39,matches_1987_all.csv,212,Steve Davis,England,449,Les Dodd,England,212,Steve Davis,England,212,Steve Davis,England,5,0,5,0,5,FALSE,FALSE,105,6,1359,54,2716.7839261474,2557.31917307161,2600,2600,5,5,1,2,5,10,0.714624813090795,0.285375186909206,0.27,1,1,0,1.92628251163714,-14.2687593454603,2718.71020865903,2543.05041372615,106,7,1364,59
8756613,1988-01-01 00:00:00,EventStart_Pre2008Season,2036,Classic,1987,1988-01-01 00:00:00,1988-01-10 00:00:00,2024-06-10 12:52:39,matches_1987_all.csv,3736,Jim Donnelly,Scotland,712,Murdo MacLeod,Scotland,3736,Jim Donnelly,Scotland,3736,Jim Donnelly,Scotland,5,4,5,4,9,FALSE,FALSE,5,20,45,176,2562.61836412368,2582.21266645833,2600,2600,5,5,2,1,10,5,0.471831390374401,0.528168609625599,0.88,0.225,0.555555555555556,0.444444444444444,6.63095388234744,-0.847707172459188,2569.24931800603,2581.36495928587,6,21,54,185
8756614,1988-01-01 00:00:00,EventStart_Pre2008Season,2036,Classic,1987,1988-01-01 00:00:00,1988-01-10 00:00:00,2024-06-10 12:52:39,matches_1987_all.csv,2878,Alex Higgins,Northern Ireland,1355,Tony Jones,England,2878,Alex Higgins,Northern Ireland,2878,Alex Higgins,Northern Ireland,5,0,5,0,5,FALSE,FALSE,95,11,1121,95,2648.46047602167,2572.25644514871,2600,2600,5,5,1,2,5,10,0.607941039249004,0.392058960750996,0.475,1,1,0,4.65570015891808,-19.6029480375498,2653.11617618058,2552.65349711116,96,12,1126,100
8756615,1988-01-01 00:00:00,EventStart_Pre2008Season,2036,Classic,1987,1988-01-01 00:00:00,1988-01-10 00:00:00,2024-06-10 12:52:39,matches_1987_all.csv,2874,Tony Meo,England,3498,Mario Morra,Canada,2874,Tony Meo,England,2874,Tony Meo,England,5,1,5,1,6,FALSE,FALSE,57,7,575,58,2617.65157153002,2548.17722629468,2600,2600,5,5,1,2,5,10,0.598669995824713,0.401330004175287,0.29,1,0.833333333333333,0.166666666666667,2.041571036325,-14.0798002505172,2619.69314256634,2534.09742604416,58,8,581,64
8756616,1988-01-01 00:00:00,EventStart_Pre2008Season,2036,Classic,1987,1988-01-01 00:00:00,1988-01-10 00:00:00,2024-06-10 12:52:39,matches_1987_all.csv,2879,Silvino Francisco,South Africa,3265,Brian Rowswell,England,2879,Silvino Francisco,South Africa,2879,Silvino Francisco,South Africa,5,3,5,3,8,FALSE,FALSE,44,1,465,5,2630.35114889455,2578.12256362297,2600,2600,5,5,1,2,5,10,0.574601872591565,0.425398127408435,0.1,1,0.625,0.375,0.201592509633742,-4.03185019267483,2630.55274140418,2574.09071343029,45,2,473,13
8756617,1988-01-01 00:00:00,EventStart_Pre2008Season,2036,Classic,1987,1988-01-01 00:00:00,1988-01-10 00:00:00,2024-06-10 12:52:39,matches_1987_all.csv,3474,Steve Longworth,England,3491,Ray Edmonds,England,3474,Steve Longworth,England,3474,Steve Longworth,England,5,3,5,3,8,FALSE,FALSE,13,11,118,116,2611.35453659843,2561.71012033966,2600,2600,5,5,2,2,10,10,0.570961771603604,0.429038228396396,0.58,0.59,0.625,0.375,2.50737379759278,-2.55060438030989,2613.86191039603,2559.15951595935,14,12,126,124
8756618,1988-01-01 00:00:00,EventStart_Pre2008Season,2036,Classic,1987,1988-01-01 00:00:00,1988-01-10 00:00:00,2024-06-10 12:52:39,matches_1987_all.csv,469,Joe Johnson,England,802,Tony Chappel,Wales,469,Joe Johnson,England,469,Joe Johnson,England,5,2,5,2,7,FALSE,FALSE,45,7,519,51,2674.43558725848,2583.02323935113,2600,2600,5,5,1,2,5,10,0.628599135856829,0.371400864143171,0.255,1,0.714285714285714,0.285714285714286,0.764752712477803,-5.99806049002198,2675.20033997095,2577.02517886111,46,8,526,58
8756619,1988-01-01 00:00:00,EventStart_Pre2008Season,2036,Classic,1987,1988-01-01 00:00:00,1988-01-10 00:00:00,2024-06-10 12:52:39,matches_1987_all.csv,153,Stephen Hendry,Scotland,3509,Bill Werbeniuk,Canada,153,Stephen Hendry,Scotland,153,Stephen Hendry,Scotland,5,2,5,2,7,FALSE,FALSE,17,46,195,555,2713.64272356574,2578.27479475835,2600,2600,5,5,2,1,10,5,0.685516387714144,0.314483612285856,1,0.975,0.714285714285714,0.285714285714286,2.01385286000992,-0.981753269254836,2715.65657642575,2577.2930414891,18,47,202,562
8756620,1988-01-01 00:00:00,EventStart_Pre2008Season,2036,Classic,1987,1988-01-01 00:00:00,1988-01-10 00:00:00,2024-06-10 12:52:39,matches_1987_all.csv,2877,Terry Griffiths,Wales,4275,Jimmy van Rensberg,South Africa,2877,Terry Griffiths,Wales,2877,Terry Griffiths,Wales,5,2,5,2,7,FALSE,FALSE,86,2,947,17,2648.65376192161,2586.7970274876,2600,2600,5,5,1,2,5,10,0.588090210263671,0.41190978973633,0.1,1,0.714285714285714,0.285714285714286,0.441684264077153,-8.83368528154307,2649.09544618569,2577.96334220606,87,3,954,24
8756621,1988-01-01 00:00:00,EventStart_Pre2008Season,2036,Classic,1987,1988-01-01 00:00:00,1988-01-10 00:00:00,2024-06-10 12:52:39,matches_1987_all.csv,3467,Cliff Wilson,Wales,3456,Dave Gilbert,England,3467,Cliff Wilson,Wales,3467,Cliff Wilson,Wales,5,3,5,3,8,FALSE,FALSE,32,2,272,14,2541.62549265969,2573.13633832705,2600,2600,5,5,1,2,5,10,0.454776178678152,0.545223821321848,0.1,1,0.625,0.375,0.680895285287394,-13.6179057057479,2542.30638794498,2559.5184326213,33,3,280,22
8756622,1988-01-01 00:00:00,EventStart_Pre2008Season,2036,Classic,1987,1988-01-01 00:00:00,1988-01-10 00:00:00,2024-06-10 12:52:39,matches_1987_all.csv,2184,Willie Thorne,England,3496,Malcolm Bradley,England,2184,Willie Thorne,England,2184,Willie Thorne,England,5,1,5,1,6,FALSE,FALSE,54,5,626,38,2627.7332893442,2578.81586203061,2600,2600,5,5,1,2,5,10,0.569936320675682,0.430063679324318,0.19,1,0.833333333333333,0.166666666666667,1.50136297214861,-15.8038207594591,2629.23465231635,2563.01204127115,55,6,632,44
8756623,1988-01-01 00:00:00,EventStart_Pre2008Season,2036,Classic,1987,1988-01-01 00:00:00,1988-01-10 00:00:00,2024-06-10 12:52:39,matches_1987_all.csv,502,Barry West,England,504,Bill Oliver,England,502,Barry West,England,502,Barry West,England,5,3,5,3,8,FALSE,FALSE,8,3,68,20,2549.28173378789,2559.49218963073,2600,2600,5,5,2,2,10,10,0.485310201607275,0.514689798392726,0.1,0.34,0.625,0.375,1.1175183871418,-3.79956251628214,2550.39925217504,2555.69262711445,9,4,76,28
8756624,1988-01-01 00:00:00,EventStart_Pre2008Season,2036,Classic,1987,1988-01-01 00:00:00,1988-01-10 00:00:00,2024-06-10 12:52:39,matches_1987_all.csv,3261,Martin Clark,England,205,Mike Hallett,England,3261,Martin Clark,England,3261,Martin Clark,England,5,4,5,4,9,FALSE,FALSE,2,29,18,307,2610.83564300863,2616.60835748187,2600,2600,5,5,2,1,10,5,0.491693160462888,0.508306839537112,1,0.1,0.555555555555556,0.444444444444444,5.74761555834011,-0.287380777917005,2616.58325856697,2616.32097670396,3,30,27,316
8756625,1988-01-01 00:00:00,EventStart_Pre2008Season,2036,Classic,1987,1988-01-01 00:00:00,1988-01-10 00:00:00,2024-06-10 12:52:39,matches_1987_all.csv,3242,Mark Bennett,England,2870,Kirk Stevens,Canada,3242,Mark Bennett,England,3242,Mark Bennett,England,5,2,5,2,7,FALSE,FALSE,4,70,31,815,2584.85684303016,2596.5580706717,2600,2600,5,5,2,1,10,5,0.483166943686307,0.516833056313693,1,0.155,0.714285714285714,0.285714285714286,16.1783139419585,-1.25381933050178,2601.03515697211,2595.3042513412,5,71,38,822
8756626,1988-01-01 00:00:00,EventStart_Pre2008Season,2036,Classic,1987,1988-01-01 00:00:00,1988-01-10 00:00:00,2024-06-10 12:52:39,matches_1987_all.csv,470,Cliff Thorburn,Canada,2875,Ray Reardon,Wales,470,Cliff Thorburn,Canada,470,Cliff Thorburn,Canada,5,3,5,3,8,FALSE,FALSE,105,90,1308,1123,2670.96362817961,2574.12303176571,2600,2600,5,5,1,1,5,5,0.635864464119546,0.364135535880454,1,1,0.625,0.375,-0.434578564781822,0.434578564781822,2670.52904961483,2574.55761033049,106,91,1316,1131
8756627,1988-01-01 00:00:00,EventStart_Pre2008Season,2036,Classic,1987,1988-01-01 00:00:00,1988-01-10 00:00:00,2024-06-10 12:52:39,matches_1987_all.csv,795,Steve Newbury,Wales,3324,Eugene Hughes,Ireland,795,Steve Newbury,Wales,795,Steve Newbury,Wales,5,1,5,1,6,FALSE,FALSE,14,24,96,231,2626.09725596828,2585.48214959269,2600,2600,5,5,2,1,10,5,0.558185034525739,0.441814965474261,1,0.48,0.833333333333333,0.166666666666667,16.5088979284556,-3.96213550282935,2642.60615389673,2581.52001408986,15,25,102,237
8756628,1988-01-01 00:00:00,EventStart_Pre2008Season,2036,Classic,1987,1988-01-01 00:00:00,1988-01-10 00:00:00,2024-06-10 12:52:39,matches_1987_all.csv,668,Neal Foulds,England,2881,Bob Chaperon,Canada,668,Neal Foulds,England,668,Neal Foulds,England,5,1,5,1,6,FALSE,FALSE,34,12,376,89,2661.47244447601,2603.95375034282,2600,2600,5,5,1,2,5,10,0.582028026101628,0.417971973898372,0.445,1,0.833333333333333,0.166666666666667,3.35492585154327,-15.0783184339024,2664.82737032755,2588.87543190892,35,13,382,95
8756629,1988-01-01 00:00:00,EventStart_Pre2008Season,2036,Classic,1987,1988-01-01 00:00:00,1988-01-10 00:00:00,2024-06-10 12:52:39,matches_1987_all.csv,3484,John Virgo,England,3710,Gino Rigitano,Canada,3484,John Virgo,England,3484,John Virgo,England,5,2,5,2,7,FALSE,FALSE,53,3,570,24,2592.04633755825,2571.00991919429,2600,2600,5,5,1,2,5,10,0.530236898905006,0.469763101094995,0.12,1,0.714285714285714,0.285714285714286,0.773005024598977,-12.8834170766496,2592.81934258285,2558.12650211764,54,4,577,31
8756630,1988-01-01 00:00:00,EventStart_Pre2008Season,2036,Classic,1987,1988-01-01 00:00:00,1988-01-10 00:00:00,2024-06-10 12:52:39,matches_1987_all.csv,408,John Parrott,England,3701,Mark Wildman,England,408,John Parrott,England,408,John Parrott,England,5,2,5,2,7,FALSE,FALSE,32,22,354,176,2671.7785173043,2556.12256118023,2600,2600,5,5,1,1,5,5,0.660555166238703,0.339444833761297,0.88,1,0.714285714285714,0.285714285714286,1.65490087984796,-1.8805691816454,2673.43341818415,2554.24199199858,33,23,361,183
8756631,1988-01-01 00:00:00,EventStart_Pre2008Season,2036,Classic,1987,1988-01-01 00:00:00,1988-01-10 00:00:00,2024-06-10 12:52:39,matches_1987_all.csv,452,David Taylor,England,3510,Martin Smith,England,452,David Taylor,England,452,David Taylor,England,5,3,5,3,8,FALSE,TRUE,48,0,539,0,2563.89461511436,2600,2600,2600,5,5,1,2,5,10,0.44822641305178,0.551773586948221,0.1,1,0.625,0.375,0.707094347792882,-14.1418869558576,2564.60170946215,2585.85811304414,49,1,547,8
8756632,1988-01-01 00:00:00,EventStart_Pre2008Season,2036,Classic,1987,1988-01-01 00:00:00,1988-01-10 00:00:00,2024-06-10 12:52:39,matches_1987_all.csv,3306,Ken Owers,England,3515,Rex Williams,England,3306,Ken Owers,England,3306,Ken Owers,England,5,3,5,3,8,FALSE,FALSE,1,39,6,357,2582.16880511217,2586.73742188452,2600,2600,5,5,2,1,10,5,0.493425610874901,0.506574389125099,1,0.1,0.625,0.375,10.5259511300079,-0.526297556500396,2592.69475624218,2586.21112432802,2,40,14,365
8756633,1988-01-01 00:00:00,EventStart_Pre2008Season,2036,Classic,1987,1988-01-01 00:00:00,1988-01-10 00:00:00,2024-06-10 12:52:39,matches_1987_all.csv,1298,Peter Francisco,South Africa,3699,Graham Cripsey,England,1298,Peter Francisco,South Africa,1298,Peter Francisco,South Africa,5,2,5,2,7,FALSE,FALSE,20,6,154,46,2601.55668887443,2597.59953171208,2600,2600,5,5,1,2,5,10,0.505694560695979,0.494305439304021,0.23,0.77,0.714285714285714,0.285714285714286,1.67915878639737,-11.2430631784867,2603.23584766083,2586.35646853359,21,7,161,53
8756634,1988-01-01 00:00:00,EventStart_Pre2008Season,2036,Classic,1987,1988-01-01 00:00:00,1988-01-10 00:00:00,2024-06-10 12:52:39,matches_1987_all.csv,468,Dennis Taylor,Northern Ireland,3702,Terry Whitthread,England,468,Dennis Taylor,Northern Ireland,468,Dennis Taylor,Northern Ireland,5,2,5,2,7,FALSE,TRUE,84,0,1029,0,2686.88228557482,2600,2600,2600,5,5,1,2,5,10,0.622490971350714,0.377509028649286,0.1,1,0.714285714285714,0.285714285714286,0.321281600272501,-6.42563200545001,2687.20356717509,2593.57436799455,85,1,1036,7
8756635,1988-01-01 00:00:00,EventStart_Pre2008Season,2036,Classic,1987,1988-01-01 00:00:00,1988-01-10 00:00:00,2024-06-10 12:52:39,matches_1987_all.csv,41,Tony Drago,Malta,1182,George Scott,England,41,Tony Drago,Malta,41,Tony Drago,Malta,5,3,5,3,8,FALSE,FALSE,10,7,70,55,2577.65569810477,2562.74410206261,2600,2600,5,5,2,2,10,10,0.521446344981294,0.478553655018706,0.275,0.35,0.625,0.375,2.27818041041153,-2.89950234052377,2579.93387851518,2559.84459972209,11,8,78,63
8756636,1988-01-01 00:00:00,EventStart_Pre2008Season,2036,Classic,1987,1988-01-01 00:00:00,1988-01-10 00:00:00,2024-06-10 12:52:39,matches_1987_all.csv,181,Tony Knowles,England,3475,Jon Wright,England,181,Tony Knowles,England,181,Tony Knowles,England,5,1,5,1,6,FALSE,FALSE,65,3,737,30,2626.91663615907,2580.88595569462,2600,2600,5,5,1,2,5,10,0.565858590287123,0.434141409712877,0.15,1,0.833333333333333,0.166666666666667,1.20363634370795,-16.0484845827726,2628.12027250277,2564.83747111185,66,4,743,36
8756637,1988-01-01 00:00:00,EventStart_Pre2008Season,2036,Classic,1987,1988-01-01 00:00:00,1988-01-10 00:00:00,2024-06-10 12:52:39,matches_1987_all.csv,3486,Colin Roscoe,Wales,3449,Eddie Charlton,Australia,3486,Colin Roscoe,Wales,3486,Colin Roscoe,Wales,5,3,5,3,8,FALSE,FALSE,6,70,41,871,2544.52320900905,2595.37314465424,2600,2600,5,5,2,1,10,5,0.427339134560564,0.572660865439436,1,0.205,0.625,0.375,15.8128692351549,-1.62081909660337,2560.33607824421,2593.75232555764,7,71,49,879
8756638,1988-01-01 00:00:00,EventStart_Pre2008Season,2036,Classic,1987,1988-01-01 00:00:00,1988-01-10 00:00:00,2024-06-10 12:52:39,matches_1987_all.csv,659,Dean Reynolds,England,3288,Joe O'Boye,Ireland,659,Dean Reynolds,England,659,Dean Reynolds,England,5,3,5,3,8,FALSE,FALSE,27,5,251,42,2553.76114211365,2607.79316280205,2600,2600,5,5,1,2,5,10,0.422862538834045,0.577137461165956,0.21,1,0.625,0.375,1.69795467379403,-16.1709968932764,2555.45909678744,2591.62216590878,28,6,259,50
8756639,1988-01-01 00:00:00,EventStart_Pre2008Season,2036,Classic,1987,1988-01-01 00:00:00,1988-01-10 00:00:00,2024-06-10 12:52:39,matches_1987_all.csv,3489,Tommy Murphy,Northern Ireland,3487,John Campbell,Australia,3489,Tommy Murphy,Northern Ireland,3489,Tommy Murphy,Northern Ireland,5,3,5,3,8,FALSE,FALSE,8,24,58,219,2568.1827636186,2551.13979554542,2600,2600,5,5,2,1,10,5,0.524507148967314,0.475492851032686,1,0.29,0.625,0.375,8.03942808261486,-1.16571707197915,2576.22219170122,2549.97407847344,9,25,66,227
8756640,1988-01-01 00:00:00,EventStart_Pre2008Season,2036,Classic,1987,1988-01-01 00:00:00,1988-01-10 00:00:00,2024-06-10 12:52:39,matches_1987_all.csv,806,Doug Mountjoy,Wales,2834,Fred Davis,England,806,Doug Mountjoy,Wales,806,Doug Mountjoy,Wales,5,0,5,0,5,FALSE,FALSE,76,24,881,308,2621.96798250914,2481.9087191697,2600,2600,5,5,1,1,5,5,0.691308958280278,0.308691041719723,1,1,1,0,7.71727604299306,-7.71727604299306,2629.68525855213,2474.1914431267,77,25,886,313
8756641,1988-01-01 00:00:00,EventStart_Pre2008Season,2036,Classic,1987,1988-01-01 00:00:00,1988-01-10 00:00:00,2024-06-10 12:52:39,matches_1987_all.csv,3504,Dave Martin,England,3444,Jack McLaughlin,Northern Ireland,3504,Dave Martin,England,3504,Dave Martin,England,5,2,5,2,7,FALSE,FALSE,22,8,190,58,2521.29929494337,2553.93396702362,2600,2600,5,5,1,2,5,10,0.453172568116934,0.546827431883066,0.29,0.95,0.714285714285714,0.285714285714286,2.65029843361312,-17.3640242202239,2523.94959337698,2536.56994280339,23,9,197,65
8756642,1988-01-01 00:00:00,EventStart_Pre2008Season,2036,Classic,1987,1988-01-01 00:00:00,1988-01-10 00:00:00,2024-06-10 12:52:39,matches_1987_all.csv,20,Jimmy White,England,1049,Steve James,England,20,Jimmy White,England,20,Jimmy White,England,5,1,5,1,6,FALSE,FALSE,76,3,981,22,2676.9745318617,2605.98777180563,2600,2600,5,5,1,2,5,10,0.600759966000094,0.399240033999906,0.11,1,0.833333333333333,0.166666666666667,0.76749211219969,-13.9544020399944,2677.7420239739,2592.03336976564,77,4,987,28
8756643,1988-01-01 00:00:00,EventStart_Pre2008Season,2036,Classic,1987,1988-01-01 00:00:00,1988-01-10 00:00:00,2024-06-10 12:52:39,matches_1987_all.csv,2876,John Spencer,England,710,John Rea,Scotland,2876,John Spencer,England,2876,John Spencer,England,5,3,5,3,8,FALSE,FALSE,61,8,634,60,2607.96873134648,2546.50637237184,2600,2600,5,5,1,2,5,10,0.58754016514206,0.41245983485794,0.3,1,0.625,0.375,0.449518018295276,-2.99678678863518,2608.41824936477,2543.50958558321,62,9,642,68
8756656,1988-01-01 00:00:00,EventStart_Pre2008Season,2036,Classic,1987,1988-01-01 00:00:00,1988-01-10 00:00:00,2024-06-10 12:53:49,matches_1987_all.csv,212,Steve Davis,England,3736,Jim Donnelly,Scotland,212,Steve Davis,England,212,Steve Davis,England,5,0,5,0,5,FALSE,FALSE,106,6,1364,54,2718.71020865903,2569.24931800603,2600,2600,5,5,1,2,5,10,0.702737126381518,0.297262873618482,0.27,1,1,0,2.00652439692476,-14.8631436809241,2720.71673305596,2554.3861743251,107,7,1369,59
8756657,1988-01-01 00:00:00,EventStart_Pre2008Season,2036,Classic,1987,1988-01-01 00:00:00,1988-01-10 00:00:00,2024-06-10 12:53:49,matches_1987_all.csv,2878,Alex Higgins,Northern Ireland,2874,Tony Meo,England,2878,Alex Higgins,Northern Ireland,2878,Alex Higgins,Northern Ireland,5,3,5,3,8,FALSE,FALSE,96,58,1126,581,2653.11617618058,2619.69314256634,2600,2600,5,5,1,1,5,5,0.547951783118397,0.452048216881603,1,1,0.625,0.375,3.08192867526413,-3.08192867526413,2656.19810485585,2616.61121389108,97,59,1134,589
8756658,1988-01-01 00:00:00,EventStart_Pre2008Season,2036,Classic,1987,1988-01-01 00:00:00,1988-01-10 00:00:00,2024-06-10 12:53:49,matches_1987_all.csv,2879,Silvino Francisco,South Africa,3474,Steve Longworth,England,2879,Silvino Francisco,South Africa,2879,Silvino Francisco,South Africa,5,2,5,2,7,FALSE,FALSE,45,14,473,126,2630.55274140418,2613.86191039603,2600,2600,5,5,1,2,5,10,0.524001575507172,0.475998424492828,0.63,1,0.714285714285714,0.285714285714286,4.19576526006687,-13.319889714498,2634.74850666425,2600.54202068153,46,15,480,133
8756659,1988-01-01 00:00:00,EventStart_Pre2008Season,2036,Classic,1987,1988-01-01 00:00:00,1988-01-10 00:00:00,2024-06-10 12:53:49,matches_1987_all.csv,469,Joe Johnson,England,153,Stephen Hendry,Scotland,153,Stephen Hendry,Scotland,153,Stephen Hendry,Scotland,2,5,2,5,7,FALSE,FALSE,46,18,526,202,2675.20033997095,2715.65657642575,2600,2600,5,5,1,2,5,10,0.442040513519388,0.557959486480612,1,1,0.285714285714286,0.714285714285714,-5.47141797317858,10.9428359463572,2669.72892199777,2726.59941237211,47,19,533,209
8756660,1988-01-01 00:00:00,EventStart_Pre2008Season,2036,Classic,1987,1988-01-01 00:00:00,1988-01-10 00:00:00,2024-06-10 12:53:49,matches_1987_all.csv,2877,Terry Griffiths,Wales,3467,Cliff Wilson,Wales,2877,Terry Griffiths,Wales,2877,Terry Griffiths,Wales,5,2,5,2,7,FALSE,FALSE,87,33,954,280,2649.09544618569,2542.30638794498,2600,2600,5,5,1,1,5,5,0.649018392443482,0.350981607556518,1,1,0.714285714285714,0.285714285714286,2.28435626447813,-2.28435626447813,2651.37980245017,2540.0220316805,88,34,961,287
8756661,1988-01-01 00:00:00,EventStart_Pre2008Season,2036,Classic,1987,1988-01-01 00:00:00,1988-01-10 00:00:00,2024-06-10 12:53:49,matches_1987_all.csv,2184,Willie Thorne,England,502,Barry West,England,502,Barry West,England,502,Barry West,England,2,5,2,5,7,FALSE,FALSE,55,9,632,76,2629.23465231635,2550.39925217504,2600,2600,5,5,1,2,5,10,0.611545435667336,0.388454564332664,0.38,1,0.285714285714286,0.714285714285714,-4.33355429437557,22.8081804967135,2624.90109802198,2573.20743267175,56,10,639,83
8756662,1988-01-01 00:00:00,EventStart_Pre2008Season,2036,Classic,1987,1988-01-01 00:00:00,1988-01-10 00:00:00,2024-06-10 12:53:49,matches_1987_all.csv,3261,Martin Clark,England,3242,Mark Bennett,England,3261,Martin Clark,England,3261,Martin Clark,England,5,2,5,2,7,FALSE,FALSE,3,5,27,38,2616.58325856697,2601.03515697211,2600,2600,5,5,2,2,10,10,0.522360591989847,0.477639408010153,0.19,0.135,0.714285714285714,0.285714285714286,2.55260412653504,-1.81369240569595,2619.1358626935,2599.22146456642,4,6,34,45
8756663,1988-01-01 00:00:00,EventStart_Pre2008Season,2036,Classic,1987,1988-01-01 00:00:00,1988-01-10 00:00:00,2024-06-10 12:53:49,matches_1987_all.csv,470,Cliff Thorburn,Canada,795,Steve Newbury,Wales,795,Steve Newbury,Wales,795,Steve Newbury,Wales,3,5,3,5,8,FALSE,FALSE,106,15,1316,102,2670.52904961483,2642.60615389673,2600,2600,5,5,1,2,5,10,0.540097981946405,0.459902018053596,0.51,1,0.375,0.625,-3.36799883170665,13.2078385557124,2667.16105078313,2655.81399245245,107,16,1324,110
8756664,1988-01-01 00:00:00,EventStart_Pre2008Season,2036,Classic,1987,1988-01-01 00:00:00,1988-01-10 00:00:00,2024-06-10 12:53:49,matches_1987_all.csv,668,Neal Foulds,England,3484,John Virgo,England,3484,John Virgo,England,3484,John Virgo,England,3,5,3,5,8,FALSE,FALSE,35,54,382,577,2664.82737032755,2592.81934258285,2600,2600,5,5,1,1,5,5,0.602169163700684,0.397830836299316,1,1,0.375,0.625,-9.08676654802737,9.08676654802737,2655.74060377952,2601.90610913088,36,55,390,585
8756665,1988-01-01 00:00:00,EventStart_Pre2008Season,2036,Classic,1987,1988-01-01 00:00:00,1988-01-10 00:00:00,2024-06-10 12:53:49,matches_1987_all.csv,408,John Parrott,England,452,David Taylor,England,408,John Parrott,England,408,John Parrott,England,5,0,5,0,5,FALSE,FALSE,33,49,361,547,2673.43341818415,2564.60170946215,2600,2600,5,5,1,1,5,5,0.651692173308331,0.348307826691669,1,1,1,0,8.70769566729172,-8.70769566729172,2682.14111385144,2555.89401379486,34,50,366,552
8756666,1988-01-01 00:00:00,EventStart_Pre2008Season,2036,Classic,1987,1988-01-01 00:00:00,1988-01-10 00:00:00,2024-06-10 12:53:49,matches_1987_all.csv,3306,Ken Owers,England,1298,Peter Francisco,South Africa,1298,Peter Francisco,South Africa,1298,Peter Francisco,South Africa,0,5,0,5,5,FALSE,FALSE,2,21,14,161,2592.69475624218,2603.23584766083,2600,2600,5,5,2,1,10,5,0.484834802911472,0.515165197088528,0.805,0.1,0,1,-19.5146008171867,1.21208700727868,2573.18015542499,2604.44793466811,3,22,19,166
8756667,1988-01-01 00:00:00,EventStart_Pre2008Season,2036,Classic,1987,1988-01-01 00:00:00,1988-01-10 00:00:00,2024-06-10 12:53:49,matches_1987_all.csv,468,Dennis Taylor,Northern Ireland,41,Tony Drago,Malta,468,Dennis Taylor,Northern Ireland,468,Dennis Taylor,Northern Ireland,5,0,5,0,5,FALSE,FALSE,85,11,1036,78,2687.20356717509,2579.93387851518,2600,2600,5,5,1,2,5,10,0.649648375715146,0.350351624284854,0.39,1,1,0,3.41592833677733,-17.5175812142427,2690.61949551187,2562.41629730094,86,12,1041,83
8756668,1988-01-01 00:00:00,EventStart_Pre2008Season,2036,Classic,1987,1988-01-01 00:00:00,1988-01-10 00:00:00,2024-06-10 12:53:49,matches_1987_all.csv,181,Tony Knowles,England,3486,Colin Roscoe,Wales,181,Tony Knowles,England,181,Tony Knowles,England,5,0,5,0,5,FALSE,FALSE,66,7,743,49,2628.12027250277,2560.33607824421,2600,2600,5,5,1,2,5,10,0.596330167416329,0.403669832583671,0.245,1,1,0,2.47247772457498,-20.1834916291835,2630.59275022735,2540.15258661503,67,8,748,54
8756669,1988-01-01 00:00:00,EventStart_Pre2008Season,2036,Classic,1987,1988-01-01 00:00:00,1988-01-10 00:00:00,2024-06-10 12:53:49,matches_1987_all.csv,659,Dean Reynolds,England,3489,Tommy Murphy,Northern Ireland,3489,Tommy Murphy,Northern Ireland,3489,Tommy Murphy,Northern Ireland,4,5,4,5,9,FALSE,FALSE,28,9,259,66,2555.45909678744,2576.22219170122,2600,2600,5,5,1,2,5,10,0.470155025232482,0.529844974767519,0.33,1,0.444444444444444,0.555555555555556,-0.381802124702352,2.31395227092333,2555.07729466274,2578.53614397214,29,10,268,75
8756670,1988-01-01 00:00:00,EventStart_Pre2008Season,2036,Classic,1987,1988-01-01 00:00:00,1988-01-10 00:00:00,2024-06-10 12:53:49,matches_1987_all.csv,806,Doug Mountjoy,Wales,3504,Dave Martin,England,3504,Dave Martin,England,3504,Dave Martin,England,4,5,4,5,9,FALSE,FALSE,77,23,886,197,2629.68525855213,2523.94959337698,2600,2600,5,5,1,1,5,5,0.647635848963442,0.352364151036558,0.985,1,0.444444444444444,0.555555555555556,-9.00645900530456,9.14361320335488,2620.67879954683,2533.09320658033,78,24,895,206
8756671,1988-01-01 00:00:00,EventStart_Pre2008Season,2036,Classic,1987,1988-01-01 00:00:00,1988-01-10 00:00:00,2024-06-10 12:53:49,matches_1987_all.csv,20,Jimmy White,England,2876,John Spencer,England,20,Jimmy White,England,20,Jimmy White,England,5,1,5,1,6,FALSE,FALSE,77,62,987,642,2677.7420239739,2608.41824936477,2600,2600,5,5,1,1,5,5,0.598461727994387,0.401538272005613,1,1,0.833333333333333,0.166666666666667,7.04614816016838,-7.04614816016838,2684.78817213407,2601.3721012046,78,63,993,648
8756686,1988-01-01 00:00:00,EventStart_Pre2008Season,2036,Classic,1987,1988-01-01 00:00:00,1988-01-10 00:00:00,2024-06-10 12:54:49,matches_1987_all.csv,212,Steve Davis,England,2878,Alex Higgins,Northern Ireland,212,Steve Davis,England,212,Steve Davis,England,5,0,5,0,5,FALSE,FALSE,107,97,1369,1134,2720.71673305596,2656.19810485585,2600,2600,5,5,1,1,5,5,0.591797001884077,0.408202998115923,1,1,1,0,10.2050749528981,-10.2050749528981,2730.92180800886,2645.99302990295,108,98,1374,1139
8756687,1988-01-01 00:00:00,EventStart_Pre2008Season,2036,Classic,1987,1988-01-01 00:00:00,1988-01-10 00:00:00,2024-06-10 12:54:49,matches_1987_all.csv,2879,Silvino Francisco,South Africa,153,Stephen Hendry,Scotland,153,Stephen Hendry,Scotland,153,Stephen Hendry,Scotland,3,5,3,5,8,FALSE,FALSE,46,19,480,209,2634.74850666425,2726.59941237211,2600,2600,5,5,1,2,5,10,0.370811670538886,0.629188329461114,1,1,0.375,0.625,0.167533178444561,-0.335066356889122,2634.91603984269,2726.26434601522,47,20,488,217
8756688,1988-01-01 00:00:00,EventStart_Pre2008Season,2036,Classic,1987,1988-01-01 00:00:00,1988-01-10 00:00:00,2024-06-10 12:54:49,matches_1987_all.csv,2877,Terry Griffiths,Wales,502,Barry West,England,2877,Terry Griffiths,Wales,2877,Terry Griffiths,Wales,5,2,5,2,7,FALSE,FALSE,88,10,961,83,2651.37980245017,2573.20743267175,2600,2600,5,5,1,2,5,10,0.610638362167484,0.389361637832516,0.415,1,0.714285714285714,0.285714285714286,1.50547778951729,-7.25531464827609,2652.88528023969,2565.95211802347,89,11,968,90
8756689,1988-01-01 00:00:00,EventStart_Pre2008Season,2036,Classic,1987,1988-01-01 00:00:00,1988-01-10 00:00:00,2024-06-10 12:54:49,matches_1987_all.csv,3261,Martin Clark,England,795,Steve Newbury,Wales,795,Steve Newbury,Wales,795,Steve Newbury,Wales,2,5,2,5,7,FALSE,FALSE,4,16,34,110,2619.1358626935,2655.81399245245,2600,2600,5,5,2,2,10,10,0.447411144405568,0.552588855594432,0.55,0.17,0.285714285714286,0.714285714285714,-6.22532905961438,1.92419261842626,2612.91053363389,2657.73818507087,5,17,41,117
8756690,1988-01-01 00:00:00,EventStart_Pre2008Season,2036,Classic,1987,1988-01-01 00:00:00,1988-01-10 00:00:00,2024-06-10 12:54:49,matches_1987_all.csv,3484,John Virgo,England,408,John Parrott,England,408,John Parrott,England,408,John Parrott,England,0,5,0,5,5,FALSE,FALSE,55,34,585,366,2601.90610913088,2682.14111385144,2600,2600,5,5,1,1,5,5,0.386542345727472,0.613457654272528,1,1,0,1,-9.66355864318681,9.66355864318681,2592.24255048769,2691.80467249462,56,35,590,371
8756691,1988-01-01 00:00:00,EventStart_Pre2008Season,2036,Classic,1987,1988-01-01 00:00:00,1988-01-10 00:00:00,2024-06-10 12:54:49,matches_1987_all.csv,1298,Peter Francisco,South Africa,468,Dennis Taylor,Northern Ireland,468,Dennis Taylor,Northern Ireland,468,Dennis Taylor,Northern Ireland,3,5,3,5,8,FALSE,FALSE,22,86,166,1041,2604.44793466811,2690.61949551187,2600,2600,5,5,1,1,5,5,0.378470939041367,0.621529060958633,1,0.83,0.375,0.625,-0.138837561654699,0.115235176173398,2604.30909710646,2690.73473068804,23,87,174,1049
8756692,1988-01-01 00:00:00,EventStart_Pre2008Season,2036,Classic,1987,1988-01-01 00:00:00,1988-01-10 00:00:00,2024-06-10 12:54:49,matches_1987_all.csv,181,Tony Knowles,England,3489,Tommy Murphy,Northern Ireland,181,Tony Knowles,England,181,Tony Knowles,England,5,3,5,3,8,FALSE,FALSE,67,10,748,75,2630.59275022735,2578.53614397214,2600,2600,5,5,1,2,5,10,0.57435986677211,0.42564013322789,0.375,1,0.625,0.375,0.759601998418346,-4.05121065823118,2631.35235222577,2574.48493331391,68,11,756,83
8756693,1988-01-01 00:00:00,EventStart_Pre2008Season,2036,Classic,1987,1988-01-01 00:00:00,1988-01-10 00:00:00,2024-06-10 12:54:49,matches_1987_all.csv,3504,Dave Martin,England,20,Jimmy White,England,3504,Dave Martin,England,3504,Dave Martin,England,5,2,5,2,7,FALSE,FALSE,24,78,206,993,2533.09320658033,2684.78817213407,2600,2600,5,5,1,1,5,5,0.294583395741218,0.705416604258782,1,1,0.714285714285714,0.285714285714286,14.6895811490574,-14.6895811490574,2547.78278772939,2670.09859098501,25,79,213,1000
8756698,1988-01-01 00:00:00,EventStart_Pre2008Season,2036,Classic,1987,1988-01-01 00:00:00,1988-01-10 00:00:00,2024-06-10 12:55:52,matches_1987_all.csv,212,Steve Davis,England,153,Stephen Hendry,Scotland,212,Steve Davis,England,212,Steve Davis,England,5,3,5,3,8,FALSE,FALSE,108,20,1374,217,2730.92180800886,2726.26434601522,2600,2600,5,5,1,1,5,5,0.506702225138292,0.493297774861708,1,1,0.625,0.375,4.73191099446834,-4.73191099446834,2735.65371900332,2721.53243502075,109,21,1382,225
8756699,1988-01-01 00:00:00,EventStart_Pre2008Season,2036,Classic,1987,1988-01-01 00:00:00,1988-01-10 00:00:00,2024-06-10 12:55:52,matches_1987_all.csv,2877,Terry Griffiths,Wales,795,Steve Newbury,Wales,795,Steve Newbury,Wales,795,Steve Newbury,Wales,4,5,4,5,9,FALSE,FALSE,89,17,968,117,2652.88528023969,2657.73818507087,2600,2600,5,5,1,2,5,10,0.493016562696622,0.506983437303378,0.585,1,0.444444444444444,0.555555555555556,-1.27866101298858,4.37149064269599,2651.6066192267,2662.10967571357,90,18,977,126
8756700,1988-01-01 00:00:00,EventStart_Pre2008Season,2036,Classic,1987,1988-01-01 00:00:00,1988-01-10 00:00:00,2024-06-10 12:55:52,matches_1987_all.csv,408,John Parrott,England,468,Dennis Taylor,Northern Ireland,408,John Parrott,England,408,John Parrott,England,5,1,5,1,6,FALSE,FALSE,35,87,371,1049,2691.80467249462,2690.73473068804,2600,2600,5,5,1,1,5,5,0.50153976516639,0.49846023483361,1,1,0.833333333333333,0.166666666666667,9.95380704500829,-9.95380704500829,2701.75847953963,2680.78092364304,36,88,377,1055
8756701,1988-01-01 00:00:00,EventStart_Pre2008Season,2036,Classic,1987,1988-01-01 00:00:00,1988-01-10 00:00:00,2024-06-10 12:55:52,matches_1987_all.csv,181,Tony Knowles,England,3504,Dave Martin,England,181,Tony Knowles,England,181,Tony Knowles,England,5,1,5,1,6,FALSE,FALSE,68,25,756,213,2631.35235222577,2547.78278772939,2600,2600,5,5,1,1,5,5,0.617999347188809,0.382000652811191,1,1,0.833333333333333,0.166666666666667,6.46001958433573,-6.46001958433573,2637.8123718101,2541.32276814505,69,26,762,219
8756704,1988-01-01 00:00:00,EventStart_Pre2008Season,2036,Classic,1987,1988-01-01 00:00:00,1988-01-10 00:00:00,2024-06-10 12:56:22,matches_1987_all.csv,212,Steve Davis,England,795,Steve Newbury,Wales,212,Steve Davis,England,212,Steve Davis,England,9,2,9,2,11,FALSE,FALSE,109,18,1382,126,2735.65371900332,2662.10967571357,2600,2600,5,5,1,2,5,10,0.604285444442023,0.395714555557977,0.63,1,0.818181818181818,0.181818181818182,7.41150935008391,-23.5286011113775,2743.06522835341,2638.58107460219,110,19,1393,137
8756705,1988-01-01 00:00:00,EventStart_Pre2008Season,2036,Classic,1987,1988-01-01 00:00:00,1988-01-10 00:00:00,2024-06-10 12:56:22,matches_1987_all.csv,408,John Parrott,England,181,Tony Knowles,England,408,John Parrott,England,408,John Parrott,England,9,4,9,4,13,FALSE,FALSE,36,69,377,762,2701.75847953963,2637.8123718101,2600,2600,5,5,1,1,5,5,0.591000610260376,0.408999389739624,1,1,0.692307692307692,0.307692307692308,6.58496033307559,-6.58496033307559,2708.34343987271,2631.22741147703,37,70,390,775
8759807,1988-01-01 00:00:00,EventStart_Pre2008Season,2036,Classic,1987,1988-01-01 00:00:00,1988-01-10 00:00:00,2024-06-10 12:56:38,matches_1987_all.csv,212,Steve Davis,England,408,John Parrott,England,212,Steve Davis,England,212,Steve Davis,England,13,11,13,11,24,FALSE,FALSE,110,37,1393,390,2743.06522835341,2708.34343987271,2600,2600,5,5,1,1,5,5,0.549802978687045,0.450197021312955,1,1,0.541666666666667,0.458333333333333,-0.976357442445437,0.976357442445437,2742.08887091096,2709.31979731515,111,38,1417,414
8324035,1988-01-24 00:00:00,EventStart_Pre2008Season,1713,Masters,1987,1988-01-24 00:00:00,1988-01-31 00:00:00,2023-11-30 10:00:38,matches_1987_all.csv,468,Dennis Taylor,Northern Ireland,205,Mike Hallett,England,205,Mike Hallett,England,205,Mike Hallett,England,3,5,3,5,8,FALSE,FALSE,88,30,1055,316,2680.78092364304,2616.32097670396,2600,2600,5,5,1,1,5,5,0.591715396737503,0.408284603262497,1,1,0.375,0.625,-8.66861586950011,8.66861586950011,2672.11230777354,2624.98959257346,89,31,1063,324
8324036,1988-01-24 00:00:00,EventStart_Pre2008Season,1713,Masters,1987,1988-01-24 00:00:00,1988-01-31 00:00:00,2023-11-30 10:00:38,matches_1987_all.csv,181,Tony Knowles,England,2878,Alex Higgins,Northern Ireland,2878,Alex Higgins,Northern Ireland,2878,Alex Higgins,Northern Ireland,4,5,4,5,9,FALSE,FALSE,70,98,775,1139,2631.22741147703,2645.99302990295,2600,2600,5,5,1,1,5,5,0.478763350963198,0.521236649036802,1,1,0.444444444444444,0.555555555555556,-1.54435079334393,1.54435079334393,2629.68306068368,2647.53738069629,71,99,784,1148
8324037,1988-01-24 00:00:00,EventStart_Pre2008Season,1713,Masters,1987,1988-01-24 00:00:00,1988-01-31 00:00:00,2023-11-30 10:00:38,matches_1987_all.csv,470,Cliff Thorburn,Canada,3515,Rex Williams,England,470,Cliff Thorburn,Canada,470,Cliff Thorburn,Canada,5,3,5,3,8,FALSE,FALSE,107,40,1324,365,2667.16105078313,2586.21112432802,2600,2600,5,5,1,1,5,5,0.614433076205,0.385566923795,1,1,0.625,0.375,0.422676951800014,-0.422676951800014,2667.58372773493,2585.78844737622,108,41,1332,373
8324038,1988-01-24 00:00:00,EventStart_Pre2008Season,1713,Masters,1987,1988-01-24 00:00:00,1988-01-31 00:00:00,2023-11-30 10:00:38,matches_1987_all.csv,668,Neal Foulds,England,408,John Parrott,England,408,John Parrott,England,408,John Parrott,England,4,5,4,5,9,FALSE,FALSE,36,38,390,414,2655.74060377952,2709.31979731515,2600,2600,5,5,1,1,5,5,0.423498826819842,0.576501173180158,1,1,0.444444444444444,0.555555555555556,0.942552793107128,-0.942552793107128,2656.68315657263,2708.37724452205,37,39,399,423
8324039,1988-01-24 00:00:00,EventStart_Pre2008Season,1713,Masters,1987,1988-01-24 00:00:00,1988-01-31 00:00:00,2023-11-30 10:00:38,matches_1987_all.csv,20,Jimmy White,England,806,Doug Mountjoy,Wales,20,Jimmy White,England,20,Jimmy White,England,5,0,5,0,5,FALSE,FALSE,79,78,1000,895,2670.09859098501,2620.67879954683,2600,2600,5,5,1,1,5,5,0.570644992698562,0.429355007301438,1,1,1,0,10.733875182536,-10.733875182536,2680.83246616754,2609.94492436429,80,79,1005,900
8324040,1988-01-24 00:00:00,EventStart_Pre2008Season,1713,Masters,1987,1988-01-24 00:00:00,1988-01-31 00:00:00,2023-11-30 10:00:38,matches_1987_all.csv,469,Joe Johnson,England,2184,Willie Thorne,England,469,Joe Johnson,England,469,Joe Johnson,England,5,4,5,4,9,FALSE,FALSE,47,56,533,639,2669.72892199777,2624.90109802198,2600,2600,5,5,1,1,5,5,0.564156804103667,0.435843195896333,1,1,0.555555555555556,0.444444444444444,-0.387056184665013,0.387056184665013,2669.34186581311,2625.28815420664,48,57,542,648
8324041,1988-01-24 00:00:00,EventStart_Pre2008Season,1713,Masters,1987,1988-01-24 00:00:00,1988-01-31 00:00:00,2023-11-30 10:00:38,matches_1987_all.csv,2877,Terry Griffiths,Wales,2879,Silvino Francisco,South Africa,2877,Terry Griffiths,Wales,2877,Terry Griffiths,Wales,5,3,5,3,8,FALSE,FALSE,90,47,977,488,2651.6066192267,2634.91603984269,2600,2600,5,5,1,1,5,5,0.524001214225315,0.475998785774685,1,1,0.625,0.375,4.03995143098739,-4.03995143098739,2655.64657065768,2630.87608841171,91,48,985,496
8324042,1988-01-24 00:00:00,EventStart_Pre2008Season,1713,Masters,1987,1988-01-24 00:00:00,1988-01-31 00:00:00,2023-11-30 10:00:38,matches_1987_all.csv,212,Steve Davis,England,659,Dean Reynolds,England,212,Steve Davis,England,212,Steve Davis,England,5,2,5,2,7,FALSE,FALSE,111,29,1417,268,2742.08887091096,2555.07729466274,2600,2600,5,5,1,1,5,5,0.745835840818322,0.254164159181678,1,1,0.714285714285714,0.285714285714286,-1.10425442864128,1.10425442864128,2740.98461648232,2556.18154909138,112,30,1424,275
8324047,1988-01-24 00:00:00,EventStart_Pre2008Season,1713,Masters,1987,1988-01-24 00:00:00,1988-01-31 00:00:00,2023-11-30 10:01:02,matches_1987_all.csv,205,Mike Hallett,England,2878,Alex Higgins,Northern Ireland,205,Mike Hallett,England,205,Mike Hallett,England,5,2,5,2,7,FALSE,FALSE,31,99,324,1148,2624.98959257346,2647.53738069629,2600,2600,5,5,1,1,5,5,0.467596603049075,0.532403396950925,1,1,0.714285714285714,0.285714285714286,8.63411889328237,-8.63411889328237,2633.62371146674,2638.90326180301,32,100,331,1155
8324048,1988-01-24 00:00:00,EventStart_Pre2008Season,1713,Masters,1987,1988-01-24 00:00:00,1988-01-31 00:00:00,2023-11-30 10:01:02,matches_1987_all.csv,470,Cliff Thorburn,Canada,408,John Parrott,England,408,John Parrott,England,408,John Parrott,England,4,5,4,5,9,FALSE,FALSE,108,39,1332,423,2667.58372773493,2708.37724452205,2600,2600,5,5,1,1,5,5,0.441561704359636,0.558438295640364,1,1,0.444444444444444,0.555555555555556,0.129723303816394,-0.129723303816394,2667.71345103874,2708.24752121823,109,40,1341,432
8324049,1988-01-24 00:00:00,EventStart_Pre2008Season,1713,Masters,1987,1988-01-24 00:00:00,1988-01-31 00:00:00,2023-11-30 10:01:02,matches_1987_all.csv,20,Jimmy White,England,469,Joe Johnson,England,469,Joe Johnson,England,469,Joe Johnson,England,3,5,3,5,8,FALSE,FALSE,80,48,1005,542,2680.83246616754,2669.34186581311,2600,2600,5,5,1,1,5,5,0.516530276694025,0.483469723305975,1,1,0.375,0.625,-5.66121106776101,5.66121106776101,2675.17125509978,2675.00307688087,81,49,1013,550
8324050,1988-01-24 00:00:00,EventStart_Pre2008Season,1713,Masters,1987,1988-01-24 00:00:00,1988-01-31 00:00:00,2023-11-30 10:01:02,matches_1987_all.csv,2877,Terry Griffiths,Wales,212,Steve Davis,England,212,Steve Davis,England,212,Steve Davis,England,0,5,0,5,5,FALSE,FALSE,91,112,985,1424,2655.64657065768,2740.98461648232,2600,2600,5,5,1,1,5,5,0.379600255313038,0.620399744686962,1,1,0,1,-9.49000638282594,9.49000638282594,2646.15656427486,2750.47462286515,92,113,990,1429
8324053,1988-01-24 00:00:00,EventStart_Pre2008Season,1713,Masters,1987,1988-01-24 00:00:00,1988-01-31 00:00:00,2023-11-30 10:01:28,matches_1987_all.csv,205,Mike Hallett,England,408,John Parrott,England,205,Mike Hallett,England,205,Mike Hallett,England,6,5,6,5,11,FALSE,FALSE,32,40,331,432,2633.62371146674,2708.24752121823,2600,2600,5,5,1,1,5,5,0.394229212147263,0.605770787852737,1,1,0.545454545454545,0.454545454545455,8.31739333190054,-8.31739333190054,2641.94110479864,2699.93012788633,33,41,342,443
8324054,1988-01-24 00:00:00,EventStart_Pre2008Season,1713,Masters,1987,1988-01-24 00:00:00,1988-01-31 00:00:00,2023-11-30 10:01:28,matches_1987_all.csv,469,Joe Johnson,England,212,Steve Davis,England,212,Steve Davis,England,212,Steve Davis,England,3,6,3,6,9,FALSE,FALSE,49,113,550,1429,2675.00307688087,2750.47462286515,2600,2600,5,5,1,1,5,5,0.393064419545289,0.606935580454711,1,1,0.333333333333333,0.666666666666667,-2.687898879538,2.687898879538,2672.31517800133,2753.16252174469,50,114,559,1438
8324056,1988-01-24 00:00:00,EventStart_Pre2008Season,1713,Masters,1987,1988-01-24 00:00:00,1988-01-31 00:00:00,2023-11-30 10:03:29,matches_1987_all.csv,205,Mike Hallett,England,212,Steve Davis,England,212,Steve Davis,England,212,Steve Davis,England,0,9,0,9,9,FALSE,FALSE,33,114,342,1438,2641.94110479864,2753.16252174469,2600,2600,5,5,1,1,5,5,0.345191850188772,0.654808149811228,1,1,0,1,-15.5336332584947,15.5336332584947,2626.40747154014,2768.69615500318,34,115,351,1447
9633792,1988-02-21 00:00:00,EventStart_Pre2008Season,2315,British Open,1987,1988-02-21 00:00:00,1988-03-06 00:00:00,2025-09-16 12:37:25,matches_1987_all.csv,20,Jimmy White,England,3261,Martin Clark,England,20,Jimmy White,England,20,Jimmy White,England,5,2,5,2,7,FALSE,FALSE,81,5,1013,41,2675.17125509978,2612.91053363389,2600,2600,5,5,1,2,5,10,0.588653432808592,0.411346567191408,0.205,1,0.714285714285714,0.285714285714286,0.901411619598352,-8.79425970339856,2676.07266671938,2604.11627393049,82,6,1020,48
9633793,1988-02-21 00:00:00,EventStart_Pre2008Season,2315,British Open,1987,1988-02-21 00:00:00,1988-03-06 00:00:00,2025-09-16 12:37:25,matches_1987_all.csv,3449,Eddie Charlton,Australia,1049,Steve James,England,1049,Steve James,England,1049,Steve James,England,2,5,2,5,7,FALSE,FALSE,71,4,879,28,2593.75232555764,2592.03336976564,2600,2600,5,5,1,2,5,10,0.502473756054468,0.497526243945532,0.14,1,0.285714285714286,0.714285714285714,-1.06212140466689,15.1731629238127,2592.69020415297,2607.20653268945,72,5,886,35
9633794,1988-02-21 00:00:00,EventStart_Pre2008Season,2315,British Open,1987,1988-02-21 00:00:00,1988-03-06 00:00:00,2025-09-16 12:37:25,matches_1987_all.csv,2879,Silvino Francisco,South Africa,3757,Jim Bear,Canada,2879,Silvino Francisco,South Africa,2879,Silvino Francisco,South Africa,5,0,5,0,5,FALSE,FALSE,48,2,496,13,2630.87608841171,2566.01825009416,2600,2600,5,5,1,2,5,10,0.592268625418062,0.407731374581938,0.1,1,1,0,1.01932843645485,-20.3865687290969,2631.89541684816,2545.63168136506,49,3,501,18
9633795,1988-02-21 00:00:00,EventStart_Pre2008Season,2315,British Open,1987,1988-02-21 00:00:00,1988-03-06 00:00:00,2025-09-16 12:37:25,matches_1987_all.csv,2874,Tony Meo,England,804,Gary Wilkinson,England,804,Gary Wilkinson,England,804,Gary Wilkinson,England,2,5,2,5,7,FALSE,FALSE,59,3,589,25,2616.61121389108,2613.53753638245,2600,2600,5,5,1,2,5,10,0.504423262112486,0.495576737887514,0.125,1,0.285714285714286,0.714285714285714,-0.956851771742125,15.309628347874,2615.65436211934,2628.84716473032,60,4,596,32
9633796,1988-02-21 00:00:00,EventStart_Pre2008Season,2315,British Open,1987,1988-02-21 00:00:00,1988-03-06 00:00:00,2025-09-16 12:37:25,matches_1987_all.csv,2877,Terry Griffiths,Wales,3498,Mario Morra,Canada,2877,Terry Griffiths,Wales,2877,Terry Griffiths,Wales,5,1,5,1,6,FALSE,FALSE,92,8,990,64,2646.15656427486,2534.09742604416,2600,2600,5,5,1,2,5,10,0.655897343012753,0.344102656987247,0.32,1,0.833333333333333,0.166666666666667,1.70338550707758,-10.6461594192348,2647.85994978194,2523.45126662493,93,9,996,70
9633797,1988-02-21 00:00:00,EventStart_Pre2008Season,2315,British Open,1987,1988-02-21 00:00:00,1988-03-06 00:00:00,2025-09-16 12:37:25,matches_1987_all.csv,153,Stephen Hendry,Scotland,802,Tony Chappel,Wales,153,Stephen Hendry,Scotland,153,Stephen Hendry,Scotland,5,1,5,1,6,FALSE,FALSE,21,8,225,58,2721.53243502075,2577.02517886111,2600,2600,5,5,1,2,5,10,0.696746094536929,0.303253905463071,0.29,1,0.833333333333333,0.166666666666667,1.18830897752872,-8.19523432778428,2722.72074399828,2568.82994453332,22,9,231,64
9633798,1988-02-21 00:00:00,EventStart_Pre2008Season,2315,British Open,1987,1988-02-21 00:00:00,1988-03-06 00:00:00,2025-09-16 12:37:25,matches_1987_all.csv,2878,Alex Higgins,Northern Ireland,1355,Tony Jones,England,1355,Tony Jones,England,1355,Tony Jones,England,3,5,3,5,8,FALSE,FALSE,100,12,1155,100,2638.90326180301,2552.65349711116,2600,2600,5,5,1,2,5,10,0.621634950735125,0.378365049264876,0.5,1,0.375,0.625,-4.93269901470249,19.73079605881,2633.97056278831,2572.38429316997,101,13,1163,108
9633800,1988-02-21 00:00:00,EventStart_Pre2008Season,2315,British Open,1987,1988-02-21 00:00:00,1988-03-06 00:00:00,2025-09-16 12:37:25,matches_1987_all.csv,470,Cliff Thorburn,Canada,795,Steve Newbury,Wales,470,Cliff Thorburn,Canada,470,Cliff Thorburn,Canada,5,2,5,2,7,FALSE,FALSE,109,19,1341,137,2667.71345103874,2638.58107460219,2600,2600,5,5,1,2,5,10,0.541826880596337,0.458173119403663,0.685,1,0.714285714285714,0.285714285714286,4.13470053770283,-12.0721183582564,2671.84815157644,2626.50895624393,110,20,1348,144
9633801,1988-02-21 00:00:00,EventStart_Pre2008Season,2315,British Open,1987,1988-02-21 00:00:00,1988-03-06 00:00:00,2025-09-16 12:37:25,matches_1987_all.csv,452,David Taylor,England,3512,Paul Medati,England,3512,Paul Medati,England,3512,Paul Medati,England,4,5,4,5,9,FALSE,FALSE,50,7,552,48,2555.89401379486,2569.31161708966,2600,2600,5,5,1,2,5,10,0.480700110491261,0.519299889508739,0.24,1,0.444444444444444,0.555555555555556,-0.391561193305622,3.26300994421351,2555.50245260155,2572.57462703388,51,8,561,57
9633802,1988-02-21 00:00:00,EventStart_Pre2008Season,2315,British Open,1987,1988-02-21 00:00:00,1988-03-06 00:00:00,2025-09-16 12:37:25,matches_1987_all.csv,2184,Willie Thorne,England,3445,Jim Wych,Canada,2184,Willie Thorne,England,2184,Willie Thorne,England,5,1,5,1,6,FALSE,FALSE,57,16,648,165,2625.28815420664,2562.5764230041,2600,2600,5,5,1,2,5,10,0.589281938163412,0.410718061836588,0.825,1,0.833333333333333,0.166666666666667,6.04027203045556,-14.6430837101953,2631.3284262371,2547.93333929391,58,17,654,171
9633803,1988-02-21 00:00:00,EventStart_Pre2008Season,2315,British Open,1987,1988-02-21 00:00:00,1988-03-06 00:00:00,2025-09-16 12:37:25,matches_1987_all.csv,3467,Cliff Wilson,Wales,3486,Colin Roscoe,Wales,3467,Cliff Wilson,Wales,3467,Cliff Wilson,Wales,5,2,5,2,7,FALSE,FALSE,34,8,287,54,2540.0220316805,2540.15258661503,2600,2600,5,5,1,2,5,10,0.499812116355054,0.500187883644946,0.27,1,0.714285714285714,0.285714285714286,2.02677550044474,-15.0131518551462,2542.04880718094,2525.13943475988,35,9,294,61
9633804,1988-02-21 00:00:00,EventStart_Pre2008Season,2315,British Open,1987,1988-02-21 00:00:00,1988-03-06 00:00:00,2025-09-16 12:37:25,matches_1987_all.csv,3515,Rex Williams,England,1052,Nigel Gilbert,England,3515,Rex Williams,England,3515,Rex Williams,England,5,2,5,2,7,FALSE,FALSE,41,1,373,7,2585.78844737622,2579.77743303696,2600,2600,5,5,1,2,5,10,0.508649681994462,0.491350318005538,0.1,1,0.714285714285714,0.285714285714286,0.719726113019384,-14.3945222603877,2586.50817348924,2565.38291077658,42,2,380,14
9633805,1988-02-21 00:00:00,EventStart_Pre2008Season,2315,British Open,1987,1988-02-21 00:00:00,1988-03-06 00:00:00,2025-09-16 12:37:25,matches_1987_all.csv,502,Barry West,England,3385,John Dunning,England,502,Barry West,England,502,Barry West,England,5,0,5,0,5,FALSE,FALSE,11,6,90,59,2565.95211802347,2539.53962906872,2600,2600,5,5,2,2,10,10,0.53793757189566,0.46206242810434,0.295,0.45,1,0,6.81542081453901,-10.3964046323476,2572.76753883801,2529.14322443637,12,7,95,64
9633806,1988-02-21 00:00:00,EventStart_Pre2008Season,2315,British Open,1987,1988-02-21 00:00:00,1988-03-06 00:00:00,2025-09-16 12:37:25,matches_1987_all.csv,468,Dennis Taylor,Northern Ireland,3696,Graham Miles,England,468,Dennis Taylor,Northern Ireland,468,Dennis Taylor,Northern Ireland,5,1,5,1,6,FALSE,FALSE,89,38,1063,396,2672.11230777354,2513.4640611176,2600,2600,5,5,1,1,5,5,0.71366530834122,0.28633469165878,1,1,0.833333333333333,0.166666666666667,3.59004074976341,-3.59004074976341,2675.7023485233,2509.87402036783,90,39,1069,402
9633807,1988-02-21 00:00:00,EventStart_Pre2008Season,2315,British Open,1987,1988-02-21 00:00:00,1988-03-06 00:00:00,2025-09-16 12:37:25,matches_1987_all.csv,2876,John Spencer,England,2834,Fred Davis,England,2876,John Spencer,England,2876,John Spencer,England,5,0,5,0,5,FALSE,FALSE,63,25,648,313,2601.3721012046,2474.1914431267,2600,2600,5,5,1,1,5,5,0.675268284225552,0.324731715774448,1,1,1,0,8.11829289436121,-8.11829289436121,2609.49039409897,2466.07315023234,64,26,653,318
9633808,1988-02-21 00:00:00,EventStart_Pre2008Season,2315,British Open,1987,1988-02-21 00:00:00,1988-03-06 00:00:00,2025-09-16 12:37:25,matches_1987_all.csv,668,Neal Foulds,England,3321,Danny Fowler,England,668,Neal Foulds,England,668,Neal Foulds,England,5,3,5,3,8,FALSE,FALSE,37,10,399,80,2656.68315657263,2545.81801257399,2600,2600,5,5,1,2,5,10,0.654344435063388,0.345655564936612,0.4,1,0.625,0.375,-0.469510961014207,2.34755480507103,2656.21364561162,2548.16556737906,38,11,407,88
9633809,1988-02-21 00:00:00,EventStart_Pre2008Season,2315,British Open,1987,1988-02-21 00:00:00,1988-03-06 00:00:00,2025-09-16 12:37:25,matches_1987_all.csv,1298,Peter Francisco,South Africa,3756,Mike Darrington,England,1298,Peter Francisco,South Africa,1298,Peter Francisco,South Africa,5,1,5,1,6,FALSE,FALSE,23,1,174,5,2604.30909710646,2587.71201066614,2600,2600,5,5,1,2,5,10,0.523866975361069,0.476133024638931,0.1,0.87,0.833333333333333,0.166666666666667,0.928399073916792,-16.1541438861522,2605.23749618037,2571.55786677999,24,2,180,11
9633810,1988-02-21 00:00:00,EventStart_Pre2008Season,2315,British Open,1987,1988-02-21 00:00:00,1988-03-06 00:00:00,2025-09-16 12:37:25,matches_1987_all.csv,408,John Parrott,England,3349,Robby Foldvari,Australia,408,John Parrott,England,408,John Parrott,England,5,1,5,1,6,FALSE,FALSE,41,4,443,30,2699.93012788633,2549.63361791029,2600,2600,5,5,1,2,5,10,0.703740987385249,0.296259012614751,0.15,1,0.833333333333333,0.166666666666667,0.583165556766379,-7.77554075688505,2700.5132934431,2541.8580771534,42,5,449,36
9633811,1988-02-21 00:00:00,EventStart_Pre2008Season,2315,British Open,1987,1988-02-21 00:00:00,1988-03-06 00:00:00,2025-09-16 12:37:25,matches_1987_all.csv,3484,John Virgo,England,3489,Tommy Murphy,Northern Ireland,3484,John Virgo,England,3484,John Virgo,England,5,1,5,1,6,FALSE,FALSE,56,11,590,83,2592.24255048769,2574.48493331391,2600,2600,5,5,1,2,5,10,0.525533036040132,0.474466963959868,0.415,1,0.833333333333333,0.166666666666667,3.83211370130036,-18.4680178375921,2596.07466418899,2556.01691547632,57,12,596,89
9633812,1988-02-21 00:00:00,EventStart_Pre2008Season,2315,British Open,1987,1988-02-21 00:00:00,1988-03-06 00:00:00,2025-09-16 12:37:25,matches_1987_all.csv,469,Joe Johnson,England,3492,Eric Lawlor,England,469,Joe Johnson,England,469,Joe Johnson,England,5,1,5,1,6,FALSE,TRUE,50,0,559,0,2672.31517800133,2600,2600,2600,5,5,1,2,5,10,0.602592655471325,0.397407344528675,0.1,1,0.833333333333333,0.166666666666667,0.692222033586026,-13.8444406717205,2673.00740003492,2586.15555932828,51,1,565,6
9633813,1988-02-21 00:00:00,EventStart_Pre2008Season,2315,British Open,1987,1988-02-21 00:00:00,1988-03-06 00:00:00,2025-09-16 12:37:25,matches_1987_all.csv,3474,Steve Longworth,England,3265,Brian Rowswell,England,3265,Brian Rowswell,England,3265,Brian Rowswell,England,4,5,4,5,9,FALSE,FALSE,15,2,133,13,2600.54202068153,2574.09071343029,2600,2600,5,5,2,2,10,10,0.537993113832585,0.462006886167415,0.1,0.665,0.444444444444444,0.555555555555556,-0.841938024493265,5.59888786288021,2599.70008265703,2579.68960129317,16,3,142,22
9633814,1988-02-21 00:00:00,EventStart_Pre2008Season,2315,British Open,1987,1988-02-21 00:00:00,1988-03-06 00:00:00,2025-09-16 12:37:25,matches_1987_all.csv,806,Doug Mountjoy,Wales,667,Dene O'Kane,New Zealand,667,Dene O'Kane,New Zealand,667,Dene O'Kane,New Zealand,3,5,3,5,8,FALSE,FALSE,79,11,900,120,2609.94492436429,2646.42860148524,2600,2600,5,5,1,2,5,10,0.447687904822835,0.552312095177165,0.6,1,0.375,0.625,-1.74450971574805,5.81503238582682,2608.20041464854,2652.24363387107,80,12,908,128
9633815,1988-02-21 00:00:00,EventStart_Pre2008Season,2315,British Open,1987,1988-02-21 00:00:00,1988-03-06 00:00:00,2025-09-16 12:37:25,matches_1987_all.csv,3504,Dave Martin,England,3501,Paddy Browne,Ireland,3501,Paddy Browne,Ireland,3501,Paddy Browne,Ireland,4,5,4,5,9,FALSE,FALSE,26,5,219,31,2541.32276814505,2627.05001315095,2600,2600,5,5,1,2,5,10,0.379072772386404,0.620927227613596,0.155,1,0.444444444444444,0.555555555555556,0.455967412604829,-5.8834504852236,2541.77873555766,2621.16656266573,27,6,228,40
9633816,1988-02-21 00:00:00,EventStart_Pre2008Season,2315,British Open,1987,1988-02-21 00:00:00,1988-03-06 00:00:00,2025-09-16 12:37:25,matches_1987_all.csv,205,Mike Hallett,England,3495,Ian Williamson,England,205,Mike Hallett,England,205,Mike Hallett,England,5,0,5,0,5,FALSE,FALSE,34,5,351,36,2626.40747154014,2584.05219907609,2600,2600,5,5,1,2,5,10,0.560653961955192,0.439346038044808,0.18,1,1,0,1.97705717120164,-21.9673019022404,2628.38452871134,2562.08489717385,35,6,356,41
9633817,1988-02-21 00:00:00,EventStart_Pre2008Season,2315,British Open,1987,1988-02-21 00:00:00,1988-03-06 00:00:00,2025-09-16 12:37:25,matches_1987_all.csv,3324,Eugene Hughes,Ireland,3699,Graham Cripsey,England,3699,Graham Cripsey,England,3699,Graham Cripsey,England,3,5,3,5,8,FALSE,FALSE,25,7,237,53,2581.52001408986,2586.35646853359,2600,2600,5,5,1,2,5,10,0.493040232104668,0.506959767895332,0.265,1,0.375,0.625,-1.25122646030948,9.44321856837341,2580.26878762955,2595.79968710196,26,8,245,61
9633818,1988-02-21 00:00:00,EventStart_Pre2008Season,2315,British Open,1987,1988-02-21 00:00:00,1988-03-06 00:00:00,2025-09-16 12:37:25,matches_1987_all.csv,181,Tony Knowles,England,3706,Matt Gibson,Scotland,181,Tony Knowles,England,181,Tony Knowles,England,5,4,5,4,9,FALSE,FALSE,71,4,784,26,2629.68306068368,2560.69668704769,2600,2600,5,5,1,2,5,10,0.597994909256353,0.402005090743647,0.13,1,0.555555555555556,0.444444444444444,-0.248270219149663,3.81954183307174,2629.43479046454,2564.51622888076,72,5,793,35
9633819,1988-02-21 00:00:00,EventStart_Pre2008Season,2315,British Open,1987,1988-02-21 00:00:00,1988-03-06 00:00:00,2025-09-16 12:37:25,matches_1987_all.csv,712,Murdo MacLeod,Scotland,3456,Dave Gilbert,England,712,Murdo MacLeod,Scotland,712,Murdo MacLeod,Scotland,5,4,5,4,9,FALSE,FALSE,21,3,185,22,2581.36495928587,2559.5184326213,2600,2600,5,5,1,2,5,10,0.531398309026686,0.468601690973314,0.11,0.925,0.555555555555556,0.444444444444444,0.119578370317904,-2.01109077352839,2581.48453765619,2557.50734184777,22,4,194,31
9633820,1988-02-21 00:00:00,EventStart_Pre2008Season,2315,British Open,1987,1988-02-21 00:00:00,1988-03-06 00:00:00,2025-09-16 12:37:25,matches_1987_all.csv,3487,John Campbell,Australia,800,Wayne Jones,Wales,3487,John Campbell,Australia,3487,John Campbell,Australia,5,3,5,3,8,FALSE,FALSE,25,11,227,90,2549.97407847344,2565.52055668401,2600,2600,5,5,1,2,5,10,0.477641739575977,0.522358260424023,0.45,1,0.625,0.375,2.65244868763241,-11.7886608339218,2552.62652716107,2553.73189585009,26,12,235,98
9633821,1988-02-21 00:00:00,EventStart_Pre2008Season,2315,British Open,1987,1988-02-21 00:00:00,1988-03-06 00:00:00,2025-09-16 12:37:25,matches_1987_all.csv,659,Dean Reynolds,England,3288,Joe O'Boye,Ireland,3288,Joe O'Boye,Ireland,3288,Joe O'Boye,Ireland,2,5,2,5,7,FALSE,FALSE,30,6,275,50,2556.18154909138,2591.62216590878,2600,2600,5,5,1,2,5,10,0.449173020073928,0.550826979926072,0.25,1,0.285714285714286,0.714285714285714,-1.43026392564687,11.442111405175,2554.75128516573,2603.06427731395,31,7,282,57
9633822,1988-02-21 00:00:00,EventStart_Pre2008Season,2315,British Open,1987,1988-02-21 00:00:00,1988-03-06 00:00:00,2025-09-16 12:37:25,matches_1987_all.csv,212,Steve Davis,England,2875,Ray Reardon,Wales,2875,Ray Reardon,Wales,2875,Ray Reardon,Wales,0,5,0,5,5,FALSE,FALSE,115,91,1447,1131,2768.69615500318,2574.55761033049,2600,2600,5,5,1,1,5,5,0.753534224809618,0.246465775190382,1,1,0,1,-18.8383556202404,18.8383556202404,2749.85779938294,2593.39596595073,116,92,1452,1136
9633823,1988-02-21 00:00:00,EventStart_Pre2008Season,2315,British Open,1987,1988-02-21 00:00:00,1988-03-06 00:00:00,2025-09-16 12:37:25,matches_1987_all.csv,41,Tony Drago,Malta,409,David Roe,England,409,David Roe,England,409,David Roe,England,3,5,3,5,8,FALSE,FALSE,12,4,83,30,2562.41629730094,2565.65096683997,2600,2600,5,5,2,2,10,10,0.495345070829927,0.504654929170073,0.15,0.415,0.375,0.625,-1.44414084995913,3.99545635155359,2560.97215645098,2569.64642319153,13,5,91,38
9633824,1988-02-21 00:00:00,EventStart_Pre2008Season,2315,British Open,1987,1988-02-21 00:00:00,1988-03-06 00:00:00,2025-09-16 12:38:43,matches_1987_all.csv,20,Jimmy White,England,1049,Steve James,England,20,Jimmy White,England,20,Jimmy White,England,5,1,5,1,6,FALSE,FALSE,82,5,1020,35,2676.07266671938,2607.20653268945,2600,2600,5,5,1,2,5,10,0.59782850603764,0.40217149396236,0.175,1,0.833333333333333,0.166666666666667,1.23640034330239,-14.1302896377416,2677.30906706268,2593.07624305171,83,6,1026,41
9633825,1988-02-21 00:00:00,EventStart_Pre2008Season,2315,British Open,1987,1988-02-21 00:00:00,1988-03-06 00:00:00,2025-09-16 12:38:43,matches_1987_all.csv,2879,Silvino Francisco,South Africa,804,Gary Wilkinson,England,804,Gary Wilkinson,England,804,Gary Wilkinson,England,3,5,3,5,8,FALSE,FALSE,49,4,501,32,2631.89541684816,2628.84716473032,2600,2600,5,5,1,2,5,10,0.504386674873802,0.495613325126198,0.16,1,0.375,0.625,-0.828074719192335,10.3509339899042,2631.06734212897,2639.19809872023,50,5,509,40
9633826,1988-02-21 00:00:00,EventStart_Pre2008Season,2315,British Open,1987,1988-02-21 00:00:00,1988-03-06 00:00:00,2025-09-16 12:38:43,matches_1987_all.csv,2877,Terry Griffiths,Wales,153,Stephen Hendry,Scotland,153,Stephen Hendry,Scotland,153,Stephen Hendry,Scotland,1,5,1,5,6,FALSE,FALSE,93,22,996,231,2647.85994978194,2722.72074399828,2600,2600,5,5,1,1,5,5,0.393903472984732,0.606096527015268,1,1,0.166666666666667,0.833333333333333,-6.81710418954196,6.81710418954197,2641.04284559239,2729.53784818782,94,23,1002,237
9633827,1988-02-21 00:00:00,EventStart_Pre2008Season,2315,British Open,1987,1988-02-21 00:00:00,1988-03-06 00:00:00,2025-09-16 12:38:43,matches_1987_all.csv,1355,Tony Jones,England,2881,Bob Chaperon,Canada,1355,Tony Jones,England,1355,Tony Jones,England,5,4,5,4,9,FALSE,FALSE,13,13,108,95,2572.38429316997,2588.87543190892,2600,2600,5,5,2,2,10,10,0.476285150437446,0.523714849562554,0.475,0.54,0.555555555555556,0.444444444444444,3.38880981879916,-3.85254168874011,2575.77310298877,2585.02289022018,14,14,117,104
9633828,1988-02-21 00:00:00,EventStart_Pre2008Season,2315,British Open,1987,1988-02-21 00:00:00,1988-03-06 00:00:00,2025-09-16 12:38:43,matches_1987_all.csv,470,Cliff Thorburn,Canada,3512,Paul Medati,England,470,Cliff Thorburn,Canada,470,Cliff Thorburn,Canada,5,2,5,2,7,FALSE,FALSE,110,8,1348,57,2671.84815157644,2572.57462703388,2600,2600,5,5,1,2,5,10,0.639100996261292,0.360899003738708,0.285,1,0.714285714285714,0.285714285714286,0.749967562293616,-5.26293026170959,2672.59811913874,2567.31169677217,111,9,1355,64
9633829,1988-02-21 00:00:00,EventStart_Pre2008Season,2315,British Open,1987,1988-02-21 00:00:00,1988-03-06 00:00:00,2025-09-16 12:38:43,matches_1987_all.csv,2184,Willie Thorne,England,3467,Cliff Wilson,Wales,2184,Willie Thorne,England,2184,Willie Thorne,England,5,3,5,3,8,FALSE,FALSE,58,35,654,294,2631.3284262371,2542.04880718094,2600,2600,5,5,1,1,5,5,0.625728429459986,0.374271570540014,1,1,0.625,0.375,-0.0291371783994476,0.0291371783994476,2631.2992890587,2542.07794435934,59,36,662,302
9633830,1988-02-21 00:00:00,EventStart_Pre2008Season,2315,British Open,1987,1988-02-21 00:00:00,1988-03-06 00:00:00,2025-09-16 12:38:43,matches_1987_all.csv,3515,Rex Williams,England,502,Barry West,England,3515,Rex Williams,England,3515,Rex Williams,England,5,0,5,0,5,FALSE,FALSE,42,12,380,95,2586.50817348924,2572.76753883801,2600,2600,5,5,1,2,5,10,0.519764059563874,0.480235940436126,0.475,1,1,0,5.70280179267899,-24.0117970218063,2592.21097528192,2548.75574181621,43,13,385,100
9633831,1988-02-21 00:00:00,EventStart_Pre2008Season,2315,British Open,1987,1988-02-21 00:00:00,1988-03-06 00:00:00,2025-09-16 12:38:43,matches_1987_all.csv,468,Dennis Taylor,Northern Ireland,2876,John Spencer,England,2876,John Spencer,England,2876,John Spencer,England,0,5,0,5,5,FALSE,FALSE,90,64,1069,653,2675.7023485233,2609.49039409897,2600,2600,5,5,1,1,5,5,0.594149630714929,0.405850369285071,1,1,0,1,-14.8537407678732,14.8537407678732,2660.84860775543,2624.34413486684,91,65,1074,658
9633832,1988-02-21 00:00:00,EventStart_Pre2008Season,2315,British Open,1987,1988-02-21 00:00:00,1988-03-06 00:00:00,2025-09-16 12:38:43,matches_1987_all.csv,668,Neal Foulds,England,1298,Peter Francisco,South Africa,668,Neal Foulds,England,668,Neal Foulds,England,5,3,5,3,8,FALSE,FALSE,38,24,407,180,2656.21364561162,2605.23749618037,2600,2600,5,5,1,1,5,5,0.572838656416979,0.427161343583021,0.9,1,0.625,0.375,1.87780836898875,-2.08645374332084,2658.0914539806,2603.15104243705,39,25,415,188
9633833,1988-02-21 00:00:00,EventStart_Pre2008Season,2315,British Open,1987,1988-02-21 00:00:00,1988-03-06 00:00:00,2025-09-16 12:38:43,matches_1987_all.csv,408,John Parrott,England,3484,John Virgo,England,408,John Parrott,England,408,John Parrott,England,5,1,5,1,6,FALSE,FALSE,42,57,449,596,2700.5132934431,2596.07466418899,2600,2600,5,5,1,1,5,5,0.645930130831193,0.354069869168807,1,1,0.833333333333333,0.166666666666667,5.62209607506421,-5.62209607506421,2706.13538951816,2590.45256811393,43,58,455,602
9633834,1988-02-21 00:00:00,EventStart_Pre2008Season,2315,British Open,1987,1988-02-21 00:00:00,1988-03-06 00:00:00,2025-09-16 12:38:43,matches_1987_all.csv,469,Joe Johnson,England,3265,Brian Rowswell,England,469,Joe Johnson,England,469,Joe Johnson,England,5,2,5,2,7,FALSE,FALSE,51,3,565,22,2673.00740003492,2579.68960129317,2600,2600,5,5,1,2,5,10,0.631156270638732,0.368843729361268,0.11,1,0.714285714285714,0.285714285714286,0.320048358040883,-5.81906105528878,2673.32744839296,2573.87054023788,52,4,572,29
9633835,1988-02-21 00:00:00,EventStart_Pre2008Season,2315,British Open,1987,1988-02-21 00:00:00,1988-03-06 00:00:00,2025-09-16 12:38:43,matches_1987_all.csv,667,Dene O'Kane,New Zealand,3501,Paddy Browne,Ireland,667,Dene O'Kane,New Zealand,667,Dene O'Kane,New Zealand,5,2,5,2,7,FALSE,FALSE,12,6,128,40,2652.24363387107,2621.16656266573,2600,2600,5,5,2,2,10,10,0.54460460695088,0.45539539304912,0.2,0.64,0.714285714285714,0.285714285714286,2.37553550268768,-7.60171360860057,2654.61916937376,2613.56484905713,13,7,135,47
9633836,1988-02-21 00:00:00,EventStart_Pre2008Season,2315,British Open,1987,1988-02-21 00:00:00,1988-03-06 00:00:00,2025-09-16 12:38:43,matches_1987_all.csv,205,Mike Hallett,England,3699,Graham Cripsey,England,205,Mike Hallett,England,205,Mike Hallett,England,5,2,5,2,7,FALSE,FALSE,35,8,356,61,2628.38452871134,2595.79968710196,2600,2600,5,5,1,2,5,10,0.546756348117658,0.453243651882342,0.305,1,0.714285714285714,0.285714285714286,1.78837598384401,-11.727055631764,2630.17290469519,2584.0726314702,36,9,363,68
9633837,1988-02-21 00:00:00,EventStart_Pre2008Season,2315,British Open,1987,1988-02-21 00:00:00,1988-03-06 00:00:00,2025-09-16 12:38:43,matches_1987_all.csv,181,Tony Knowles,England,712,Murdo MacLeod,Scotland,712,Murdo MacLeod,Scotland,712,Murdo MacLeod,Scotland,4,5,4,5,9,FALSE,FALSE,72,22,793,194,2629.43479046454,2581.48453765619,2600,2600,5,5,1,1,5,5,0.568571147802112,0.431428852197888,0.97,1,0.444444444444444,0.555555555555556,-5.41813060156217,5.58570165109503,2624.01665986297,2587.07023930729,73,23,802,203
9633838,1988-02-21 00:00:00,EventStart_Pre2008Season,2315,British Open,1987,1988-02-21 00:00:00,1988-03-06 00:00:00,2025-09-16 12:38:43,matches_1987_all.csv,3487,John Campbell,Australia,3288,Joe O'Boye,Ireland,3288,Joe O'Boye,Ireland,3288,Joe O'Boye,Ireland,1,5,1,5,6,FALSE,FALSE,26,7,235,57,2552.62652716107,2603.06427731395,2600,2600,5,5,1,2,5,10,0.427919889948564,0.572080110051436,0.285,1,0.166666666666667,0.833333333333333,-2.23371505906022,15.6751933969138,2550.39281210201,2618.73947071087,27,8,241,63
9633839,1988-02-21 00:00:00,EventStart_Pre2008Season,2315,British Open,1987,1988-02-21 00:00:00,1988-03-06 00:00:00,2025-09-16 12:38:43,matches_1987_all.csv,2875,Ray Reardon,Wales,409,David Roe,England,409,David Roe,England,409,David Roe,England,2,5,2,5,7,FALSE,FALSE,92,5,1136,38,2593.39596595073,2569.64642319153,2600,2600,5,5,1,2,5,10,0.534125204453721,0.465874795546279,0.19,1,0.285714285714286,0.714285714285714,-1.65193260961725,17.3887643117605,2591.74403334112,2587.03518750329,93,6,1143,45
9633848,1988-02-21 00:00:00,EventStart_Pre2008Season,2315,British Open,1987,1988-02-21 00:00:00,1988-03-06 00:00:00,2025-09-16 12:39:20,matches_1987_all.csv,20,Jimmy White,England,804,Gary Wilkinson,England,20,Jimmy White,England,20,Jimmy White,England,5,1,5,1,6,FALSE,FALSE,83,5,1026,40,2677.30906706268,2639.19809872023,2600,2600,5,5,1,2,5,10,0.554627169588184,0.445372830411816,0.2,1,0.833333333333333,0.166666666666667,1.6722369824709,-16.722369824709,2678.98130404515,2622.47572889552,84,6,1032,46
9633849,1988-02-21 00:00:00,EventStart_Pre2008Season,2315,British Open,1987,1988-02-21 00:00:00,1988-03-06 00:00:00,2025-09-16 12:39:20,matches_1987_all.csv,153,Stephen Hendry,Scotland,1355,Tony Jones,England,153,Stephen Hendry,Scotland,153,Stephen Hendry,Scotland,5,3,5,3,8,FALSE,FALSE,23,14,237,117,2729.53784818782,2575.77310298877,2600,2600,5,5,1,2,5,10,0.707886433948266,0.292113566051735,0.585,1,0.625,0.375,-1.93954255438941,6.63091471586124,2727.59830563343,2582.40401770463,24,15,245,125
9633850,1988-02-21 00:00:00,EventStart_Pre2008Season,2315,British Open,1987,1988-02-21 00:00:00,1988-03-06 00:00:00,2025-09-16 12:39:20,matches_1987_all.csv,470,Cliff Thorburn,Canada,2184,Willie Thorne,England,470,Cliff Thorburn,Canada,470,Cliff Thorburn,Canada,5,2,5,2,7,FALSE,FALSE,111,59,1355,662,2672.59811913874,2631.2992890587,2600,2600,5,5,1,1,5,5,0.559155443803472,0.440844556196528,1,1,0.714285714285714,0.285714285714286,5.42955946687848,-5.42955946687848,2678.02767860562,2625.86972959182,112,60,1362,669
9633851,1988-02-21 00:00:00,EventStart_Pre2008Season,2315,British Open,1987,1988-02-21 00:00:00,1988-03-06 00:00:00,2025-09-16 12:39:20,matches_1987_all.csv,3515,Rex Williams,England,2876,John Spencer,England,3515,Rex Williams,England,3515,Rex Williams,England,5,4,5,4,9,FALSE,FALSE,43,65,385,658,2592.21097528192,2624.34413486684,2600,2600,5,5,1,1,5,5,0.453888068342468,0.546111931657532,1,1,0.555555555555556,0.444444444444444,4.57503692458894,-4.57503692458894,2596.78601220651,2619.76909794225,44,66,394,667
9633852,1988-02-21 00:00:00,EventStart_Pre2008Season,2315,British Open,1987,1988-02-21 00:00:00,1988-03-06 00:00:00,2025-09-16 12:39:20,matches_1987_all.csv,668,Neal Foulds,England,408,John Parrott,England,408,John Parrott,England,408,John Parrott,England,0,5,0,5,5,FALSE,FALSE,39,43,415,455,2658.0914539806,2706.13538951816,2600,2600,5,5,1,1,5,5,0.431296572508998,0.568703427491002,1,1,0,1,-10.7824143127249,10.7824143127249,2647.30903966788,2716.91780383088,40,44,420,460
9633853,1988-02-21 00:00:00,EventStart_Pre2008Season,2315,British Open,1987,1988-02-21 00:00:00,1988-03-06 00:00:00,2025-09-16 12:39:20,matches_1987_all.csv,469,Joe Johnson,England,667,Dene O'Kane,New Zealand,667,Dene O'Kane,New Zealand,667,Dene O'Kane,New Zealand,2,5,2,5,7,FALSE,FALSE,52,13,572,135,2673.32744839296,2654.61916937376,2600,2600,5,5,1,2,5,10,0.526897386681521,0.47310261331848,0.675,1,0.285714285714286,0.714285714285714,-5.69795076035092,16.8828170677064,2667.62949763261,2671.50198644146,53,14,579,142
9633854,1988-02-21 00:00:00,EventStart_Pre2008Season,2315,British Open,1987,1988-02-21 00:00:00,1988-03-06 00:00:00,2025-09-16 12:39:20,matches_1987_all.csv,205,Mike Hallett,England,712,Murdo MacLeod,Scotland,205,Mike Hallett,England,205,Mike Hallett,England,5,2,5,2,7,FALSE,FALSE,36,23,363,203,2630.17290469519,2587.07023930729,2600,2600,5,5,1,1,5,5,0.561713440833738,0.438286559166263,1,1,0.714285714285714,0.285714285714286,5.34002957081919,-5.34002957081919,2635.51293426601,2581.73020973647,37,24,370,210
9633855,1988-02-21 00:00:00,EventStart_Pre2008Season,2315,British Open,1987,1988-02-21 00:00:00,1988-03-06 00:00:00,2025-09-16 12:39:20,matches_1987_all.csv,3288,Joe O'Boye,Ireland,409,David Roe,England,3288,Joe O'Boye,Ireland,3288,Joe O'Boye,Ireland,5,1,5,1,6,FALSE,FALSE,8,6,63,45,2618.73947071087,2587.03518750329,2600,2600,5,5,2,2,10,10,0.545499909031842,0.454500090968158,0.225,0.315,0.833333333333333,0.166666666666667,3.88575122807013,-5.44005171929818,2622.62522193894,2581.59513578399,9,7,69,51
9633860,1988-02-21 00:00:00,EventStart_Pre2008Season,2315,British Open,1987,1988-02-21 00:00:00,1988-03-06 00:00:00,2025-09-16 12:40:09,matches_1987_all.csv,20,Jimmy White,England,153,Stephen Hendry,Scotland,153,Stephen Hendry,Scotland,153,Stephen Hendry,Scotland,4,5,4,5,9,FALSE,FALSE,84,24,1032,245,2678.98130404515,2727.59830563343,2600,2600,5,5,1,1,5,5,0.430487619268069,0.569512380731931,1,1,0.444444444444444,0.555555555555556,0.628057132936892,-0.62805713293689,2679.60936117809,2726.9702485005,85,25,1041,254
9633861,1988-02-21 00:00:00,EventStart_Pre2008Season,2315,British Open,1987,1988-02-21 00:00:00,1988-03-06 00:00:00,2025-09-16 12:40:09,matches_1987_all.csv,470,Cliff Thorburn,Canada,3515,Rex Williams,England,470,Cliff Thorburn,Canada,470,Cliff Thorburn,Canada,5,2,5,2,7,FALSE,FALSE,112,44,1362,394,2678.02767860562,2596.78601220651,2600,2600,5,5,1,1,5,5,0.614830855701734,0.385169144298266,1,1,0.714285714285714,0.285714285714286,3.4809200504393,-3.4809200504393,2681.50859865606,2593.30509215607,113,45,1369,401
9633862,1988-02-21 00:00:00,EventStart_Pre2008Season,2315,British Open,1987,1988-02-21 00:00:00,1988-03-06 00:00:00,2025-09-16 12:40:09,matches_1987_all.csv,408,John Parrott,England,667,Dene O'Kane,New Zealand,408,John Parrott,England,408,John Parrott,England,5,2,5,2,7,FALSE,FALSE,44,14,460,142,2716.91780383088,2671.50198644146,2600,2600,5,5,1,2,5,10,0.564988881157869,0.435011118842131,0.71,1,0.714285714285714,0.285714285714286,3.71002630322695,-10.4507783189492,2720.62783013411,2661.05120812251,45,15,467,149
9633863,1988-02-21 00:00:00,EventStart_Pre2008Season,2315,British Open,1987,1988-02-21 00:00:00,1988-03-06 00:00:00,2025-09-16 12:40:09,matches_1987_all.csv,205,Mike Hallett,England,3288,Joe O'Boye,Ireland,205,Mike Hallett,England,205,Mike Hallett,England,5,4,5,4,9,FALSE,FALSE,37,9,370,69,2635.51293426601,2622.62522193894,2600,2600,5,5,1,2,5,10,0.518538407060716,0.481461592939284,0.345,1,0.555555555555556,0.444444444444444,0.57469123038239,-3.3315433645356,2636.08762549639,2619.2936785744,38,10,379,78
9633898,1988-02-21 00:00:00,EventStart_Pre2008Season,2315,British Open,1987,1988-02-21 00:00:00,1988-03-06 00:00:00,2025-09-16 12:40:41,matches_1987_all.csv,153,Stephen Hendry,Scotland,470,Cliff Thorburn,Canada,153,Stephen Hendry,Scotland,153,Stephen Hendry,Scotland,9,5,9,5,14,FALSE,FALSE,25,113,254,1369,2726.9702485005,2681.50859865606,2600,2600,5,5,1,1,5,5,0.565053723938161,0.434946276061839,1,1,0.642857142857143,0.357142857142857,5.44623932432871,-5.44623932432871,2732.41648782482,2676.06235933173,26,114,268,1383
9633899,1988-02-21 00:00:00,EventStart_Pre2008Season,2315,British Open,1987,1988-02-21 00:00:00,1988-03-06 00:00:00,2025-09-16 12:40:41,matches_1987_all.csv,408,John Parrott,England,205,Mike Hallett,England,205,Mike Hallett,England,205,Mike Hallett,England,8,9,8,9,17,FALSE,FALSE,45,38,467,379,2720.62783013411,2636.08762549639,2600,2600,5,5,1,1,5,5,0.619317539258541,0.380682460741459,1,1,0.470588235294118,0.529411764705882,-12.641990836976,12.641990836976,2707.98583929714,2648.72961633337,46,39,484,396
9633902,1988-02-21 00:00:00,EventStart_Pre2008Season,2315,British Open,1987,1988-02-21 00:00:00,1988-03-06 00:00:00,2025-09-16 12:42:09,matches_1987_all.csv,153,Stephen Hendry,Scotland,205,Mike Hallett,England,153,Stephen Hendry,Scotland,153,Stephen Hendry,Scotland,13,2,13,2,15,FALSE,FALSE,26,39,268,396,2732.41648782482,2648.72961633337,2600,2600,5,5,1,1,5,5,0.618158750415545,0.381841249584455,1,1,0.866666666666667,0.133333333333333,18.6380937188341,-18.6380937188341,2751.05458154366,2630.09152261453,27,40,283,411
8325579,1988-04-16 00:00:00,EventStart_Pre2008Season,1738,World Championship,1987,1988-04-16 00:00:00,1988-05-02 00:00:00,2023-12-04 07:36:57,matches_1987_all.csv,212,Steve Davis,England,41,Tony Drago,Malta,212,Steve Davis,England,212,Steve Davis,England,13,4,13,4,17,FALSE,FALSE,116,13,1452,91,2749.85779938294,2560.97215645098,2600,2600,5,5,1,2,5,10,0.747875435343088,0.252124564656912,0.455,1,0.764705882352941,0.235294117647059,0.650917538106068,-2.86117599167502,2750.50871692105,2558.1109804593,117,14,1469,108
8325580,1988-04-16 00:00:00,EventStart_Pre2008Season,1738,World Championship,1987,1988-04-16 00:00:00,1988-05-02 00:00:00,2023-12-04 07:36:57,matches_1987_all.csv,1049,Steve James,England,470,Cliff Thorburn,Canada,470,Cliff Thorburn,Canada,470,Cliff Thorburn,Canada,11,13,11,13,24,FALSE,FALSE,6,114,41,1383,2593.07624305171,2676.06235933173,2600,2600,5,5,2,1,10,5,0.382793851298475,0.617206148701525,1,0.205,0.458333333333333,0.541666666666667,18.1294756883659,-1.85827125805751,2611.20571874007,2674.20408807367,7,115,65,1407
8325581,1988-04-16 00:00:00,EventStart_Pre2008Season,1738,World Championship,1987,1988-04-16 00:00:00,1988-05-02 00:00:00,2023-12-04 07:36:57,matches_1987_all.csv,668,Neal Foulds,England,2877,Terry Griffiths,Wales,2877,Terry Griffiths,Wales,2877,Terry Griffiths,Wales,9,13,9,13,22,FALSE,FALSE,40,94,420,1002,2647.30903966788,2641.04284559239,2600,2600,5,5,1,1,5,5,0.509016800523203,0.490983199476797,1,1,0.409090909090909,0.590909090909091,-10.9918480575524,10.9918480575524,2636.31719161033,2652.03469364995,41,95,442,1024
8325582,1988-04-16 00:00:00,EventStart_Pre2008Season,1738,World Championship,1987,1988-04-16 00:00:00,1988-05-02 00:00:00,2023-12-04 07:36:57,matches_1987_all.csv,181,Tony Knowles,England,20,Jimmy White,England,20,Jimmy White,England,20,Jimmy White,England,6,13,6,13,19,FALSE,FALSE,73,85,802,1041,2624.01665986297,2679.60936117809,2600,2600,5,5,1,1,5,5,0.420671528468617,0.579328471531383,1,1,0.315789473684211,0.68421052631579,-9.96379520451858,9.96379520451859,2614.05286465845,2689.57315638261,74,86,821,1060
8325587,1988-04-16 00:00:00,EventStart_Pre2008Season,1738,World Championship,1987,1988-04-16 00:00:00,1988-05-02 00:00:00,2023-12-04 07:37:38,matches_1987_all.csv,212,Steve Davis,England,470,Cliff Thorburn,Canada,212,Steve Davis,England,212,Steve Davis,England,16,8,16,8,24,FALSE,FALSE,117,115,1469,1407,2750.50871692105,2674.20408807367,2600,2600,5,5,1,1,5,5,0.608079055625605,0.391920944374395,1,1,0.666666666666667,0.333333333333333,7.03051332492745,-7.03051332492745,2757.53923024597,2667.17357474874,118,116,1493,1431
8325588,1988-04-16 00:00:00,EventStart_Pre2008Season,1738,World Championship,1987,1988-04-16 00:00:00,1988-05-02 00:00:00,2023-12-04 07:37:38,matches_1987_all.csv,2877,Terry Griffiths,Wales,20,Jimmy White,England,2877,Terry Griffiths,Wales,2877,Terry Griffiths,Wales,16,11,16,11,27,FALSE,FALSE,95,86,1024,1060,2652.03469364995,2689.57315638261,2600,2600,5,5,1,1,5,5,0.44618704354654,0.55381295645346,1,1,0.592592592592593,0.407407407407407,19.7647491212171,-19.7647491212171,2671.79944277116,2669.80840726139,96,87,1051,1087
8325597,1988-04-16 00:00:00,EventStart_Pre2008Season,1738,World Championship,1987,1988-04-16 00:00:00,1988-05-02 00:00:00,2023-12-04 07:34:59,matches_1987_all.csv,212,Steve Davis,England,205,Mike Hallett,England,212,Steve Davis,England,212,Steve Davis,England,13,1,13,1,14,FALSE,FALSE,118,40,1493,411,2757.53923024597,2630.09152261453,2600,2600,5,5,1,1,5,5,0.675605285489856,0.324394714510144,1,1,0.928571428571429,0.0714285714285714,17.7076300157101,-17.7076300157101,2775.24686026168,2612.38389259882,119,41,1507,425
8325598,1988-04-16 00:00:00,EventStart_Pre2008Season,1738,World Championship,1987,1988-04-16 00:00:00,1988-05-02 00:00:00,2023-12-04 07:34:59,matches_1987_all.csv,41,Tony Drago,Malta,468,Dennis Taylor,Northern Ireland,41,Tony Drago,Malta,41,Tony Drago,Malta,13,5,13,5,18,FALSE,FALSE,14,91,108,1074,2558.1109804593,2660.84860775543,2600,2600,5,5,2,1,10,5,0.356312473014254,0.643687526985746,1,0.54,0.722222222222222,0.277777777777778,65.8637548574343,-17.7832138115073,2623.97473531674,2643.06539394392,15,92,126,1092
8325599,1988-04-16 00:00:00,EventStart_Pre2008Season,1738,World Championship,1987,1988-04-16 00:00:00,1988-05-02 00:00:00,2023-12-04 07:34:59,matches_1987_all.csv,469,Joe Johnson,England,1049,Steve James,England,1049,Steve James,England,1049,Steve James,England,9,13,9,13,22,FALSE,FALSE,53,7,579,65,2667.62949763261,2611.20571874007,2600,2600,5,5,1,2,5,10,0.580493937609983,0.419506062390017,0.325,1,0.409090909090909,0.590909090909091,-6.12765826955691,37.7086662741963,2661.50183936305,2648.91438501427,54,8,601,87
8325600,1988-04-16 00:00:00,EventStart_Pre2008Season,1738,World Championship,1987,1988-04-16 00:00:00,1988-05-02 00:00:00,2023-12-04 07:34:59,matches_1987_all.csv,408,John Parrott,England,470,Cliff Thorburn,Canada,470,Cliff Thorburn,Canada,470,Cliff Thorburn,Canada,10,13,10,13,23,FALSE,FALSE,46,116,484,1431,2707.98583929714,2667.17357474874,2600,2600,5,5,1,1,5,5,0.558464907116574,0.441535092883426,1,1,0.434782608695652,0.565217391304348,-14.223464318406,14.223464318406,2693.76237497873,2681.39703906715,47,117,507,1454
8325601,1988-04-16 00:00:00,EventStart_Pre2008Season,1738,World Championship,1987,1988-04-16 00:00:00,1988-05-02 00:00:00,2023-12-04 07:34:59,matches_1987_all.csv,668,Neal Foulds,England,806,Doug Mountjoy,Wales,668,Neal Foulds,England,668,Neal Foulds,England,13,1,13,1,14,FALSE,FALSE,41,80,442,908,2636.31719161033,2608.20041464854,2600,2600,5,5,1,1,5,5,0.540375192578966,0.459624807421034,1,1,0.928571428571429,0.0714285714285714,27.1737365194724,-27.1737365194724,2663.4909281298,2581.02667812907,42,81,456,922
8325602,1988-04-16 00:00:00,EventStart_Pre2008Season,1738,World Championship,1987,1988-04-16 00:00:00,1988-05-02 00:00:00,2023-12-04 07:34:59,matches_1987_all.csv,2184,Willie Thorne,England,2877,Terry Griffiths,Wales,2877,Terry Griffiths,Wales,2877,Terry Griffiths,Wales,9,13,9,13,22,FALSE,FALSE,60,96,669,1051,2625.86972959182,2671.79944277116,2600,2600,5,5,1,1,5,5,0.434284197845354,0.565715802154647,1,1,0.409090909090909,0.590909090909091,-2.77126176298889,2.77126176298889,2623.09846782883,2674.57070453415,61,97,691,1073
8325603,1988-04-16 00:00:00,EventStart_Pre2008Season,1738,World Championship,1987,1988-04-16 00:00:00,1988-05-02 00:00:00,2023-12-04 07:34:59,matches_1987_all.csv,181,Tony Knowles,England,3449,Eddie Charlton,Australia,181,Tony Knowles,England,181,Tony Knowles,England,13,7,13,7,20,FALSE,FALSE,74,72,821,886,2614.05286465845,2592.69020415297,2600,2600,5,5,1,1,5,5,0.530704655388539,0.469295344611461,1,1,0.65,0.35,11.9295344611461,-11.9295344611461,2625.9823991196,2580.76066969183,75,73,841,906
8325604,1988-04-16 00:00:00,EventStart_Pre2008Season,1738,World Championship,1987,1988-04-16 00:00:00,1988-05-02 00:00:00,2023-12-04 07:34:59,matches_1987_all.csv,153,Stephen Hendry,Scotland,20,Jimmy White,England,20,Jimmy White,England,20,Jimmy White,England,12,13,12,13,25,FALSE,FALSE,27,87,283,1087,2751.05458154366,2669.80840726139,2600,2600,5,5,1,1,5,5,0.614837000875918,0.385162999124082,1,1,0.48,0.52,-16.8546251094898,16.8546251094898,2734.19995643417,2686.66303237088,28,88,308,1112
8325605,1988-04-16 00:00:00,EventStart_Pre2008Season,1738,World Championship,1987,1988-04-16 00:00:00,1988-05-02 00:00:00,2023-12-04 07:23:11,matches_1987_all.csv,212,Steve Davis,England,3484,John Virgo,England,212,Steve Davis,England,212,Steve Davis,England,10,8,10,8,18,FALSE,FALSE,119,58,1507,602,2775.24686026168,2590.45256811393,2600,2600,5,5,1,1,5,5,0.743408707981063,0.256591292018937,1,1,0.555555555555556,0.444444444444444,-16.9067837182957,16.9067837182957,2758.34007654339,2607.35935183222,120,59,1525,620
8325606,1988-04-16 00:00:00,EventStart_Pre2008Season,1738,World Championship,1987,1988-04-16 00:00:00,1988-05-02 00:00:00,2023-12-04 07:23:11,matches_1987_all.csv,205,Mike Hallett,England,2881,Bob Chaperon,Canada,205,Mike Hallett,England,205,Mike Hallett,England,10,2,10,2,12,FALSE,FALSE,41,14,425,104,2612.38389259882,2585.02289022018,2600,2600,5,5,1,2,5,10,0.539294449527558,0.460705550472442,0.52,1,0.833333333333333,0.166666666666667,9.17401317474018,-35.284666056693,2621.55790577356,2549.73822416348,42,15,437,116
8325607,1988-04-16 00:00:00,EventStart_Pre2008Season,1738,World Championship,1987,1988-04-16 00:00:00,1988-05-02 00:00:00,2023-12-04 07:23:11,matches_1987_all.csv,2878,Alex Higgins,Northern Ireland,41,Tony Drago,Malta,41,Tony Drago,Malta,41,Tony Drago,Malta,2,10,2,10,12,FALSE,FALSE,101,15,1163,126,2633.97056278831,2623.97473531674,2600,2600,5,5,1,2,5,10,0.514381184384547,0.485618815615453,0.63,1,0.166666666666667,0.833333333333333,-13.1436087697359,41.7257421261457,2620.82695401857,2665.70047744288,102,16,1175,138
8325608,1988-04-16 00:00:00,EventStart_Pre2008Season,1738,World Championship,1987,1988-04-16 00:00:00,1988-05-02 00:00:00,2023-12-04 07:23:11,matches_1987_all.csv,468,Dennis Taylor,Northern Ireland,3509,Bill Werbeniuk,Canada,468,Dennis Taylor,Northern Ireland,468,Dennis Taylor,Northern Ireland,10,8,10,8,18,FALSE,FALSE,92,47,1092,562,2643.06539394392,2577.2930414891,2600,2600,5,5,1,1,5,5,0.593539278738429,0.406460721261571,1,1,0.555555555555556,0.444444444444444,-3.4185350864586,3.41853508645861,2639.64685885746,2580.71157657556,93,48,1110,580
8325609,1988-04-16 00:00:00,EventStart_Pre2008Season,1738,World Championship,1987,1988-04-16 00:00:00,1988-05-02 00:00:00,2023-12-04 07:23:11,matches_1987_all.csv,469,Joe Johnson,England,3467,Cliff Wilson,Wales,469,Joe Johnson,England,469,Joe Johnson,England,10,7,10,7,17,FALSE,FALSE,54,36,601,302,2661.50183936305,2542.07794435934,2600,2600,5,5,1,1,5,5,0.665401475213236,0.334598524786764,1,1,0.588235294117647,0.411764705882353,-6.5591253931251,6.5591253931251,2654.94271396993,2548.63706975247,55,37,618,319
8325610,1988-04-16 00:00:00,EventStart_Pre2008Season,1738,World Championship,1987,1988-04-16 00:00:00,1988-05-02 00:00:00,2023-12-04 07:23:11,matches_1987_all.csv,3515,Rex Williams,England,1049,Steve James,England,1049,Steve James,England,1049,Steve James,England,6,10,6,10,16,FALSE,FALSE,45,8,401,87,2593.30509215607,2648.91438501427,2600,2600,5,5,1,2,5,10,0.420648252531353,0.579351747468647,0.435,1,0.375,0.625,-1.5885591880911,7.30372040501656,2591.71653296798,2656.21810541929,46,9,417,103
8325611,1988-04-16 00:00:00,EventStart_Pre2008Season,1738,World Championship,1987,1988-04-16 00:00:00,1988-05-02 00:00:00,2023-12-04 07:23:11,matches_1987_all.csv,408,John Parrott,England,3460,Warren King,Australia,408,John Parrott,England,408,John Parrott,England,10,4,10,4,14,FALSE,FALSE,47,11,507,99,2693.76237497873,2621.58305734523,2600,2600,5,5,1,2,5,10,0.602405353205301,0.397594646794699,0.495,1,0.714285714285714,0.285714285714286,3.87665451143632,-15.6632505512578,2697.63902949017,2605.91980679398,48,12,521,113
8325612,1988-04-16 00:00:00,EventStart_Pre2008Season,1738,World Championship,1987,1988-04-16 00:00:00,1988-05-02 00:00:00,2023-12-04 07:23:11,matches_1987_all.csv,470,Cliff Thorburn,Canada,2870,Kirk Stevens,Canada,470,Cliff Thorburn,Canada,470,Cliff Thorburn,Canada,10,6,10,6,16,FALSE,FALSE,117,71,1454,822,2681.39703906715,2595.3042513412,2600,2600,5,5,1,1,5,5,0.621422388664261,0.378577611335739,1,1,0.625,0.375,0.2862089068591,-0.2862089068591,2681.68324797401,2595.01804243434,118,72,1470,838
8325613,1988-04-16 00:00:00,EventStart_Pre2008Season,1738,World Championship,1987,1988-04-16 00:00:00,1988-05-02 00:00:00,2023-12-04 07:23:11,matches_1987_all.csv,668,Neal Foulds,England,800,Wayne Jones,Wales,668,Neal Foulds,England,668,Neal Foulds,England,10,7,10,7,17,FALSE,FALSE,42,12,456,98,2663.4909281298,2553.73189585009,2600,2600,5,5,1,2,5,10,0.652902883424828,0.347097116575172,0.49,1,0.588235294117647,0.411764705882353,-2.6934050946441,10.9934901822208,2660.79752303515,2564.72538603231,43,13,473,115
8325614,1988-04-16 00:00:00,EventStart_Pre2008Season,1738,World Championship,1987,1988-04-16 00:00:00,1988-05-02 00:00:00,2023-12-04 07:23:11,matches_1987_all.csv,806,Doug Mountjoy,Wales,502,Barry West,England,806,Doug Mountjoy,Wales,806,Doug Mountjoy,Wales,10,6,10,6,16,FALSE,FALSE,81,13,922,100,2581.02667812907,2548.75574181621,2600,2600,5,5,1,2,5,10,0.546308514717123,0.453691485282877,0.5,1,0.625,0.375,3.1476594113151,-12.5906376452604,2584.17433754039,2536.16510417095,82,14,938,116
8325615,1988-04-16 00:00:00,EventStart_Pre2008Season,1738,World Championship,1987,1988-04-16 00:00:00,1988-05-02 00:00:00,2023-12-04 07:23:11,matches_1987_all.csv,2184,Willie Thorne,England,1298,Peter Francisco,South Africa,2184,Willie Thorne,England,2184,Willie Thorne,England,10,6,10,6,16,FALSE,FALSE,61,25,691,188,2623.09846782883,2603.15104243705,2600,2600,5,5,1,1,5,5,0.528675152457259,0.471324847542742,0.94,1,0.625,0.375,7.24362853521416,-7.70598780341932,2630.34209636405,2595.44505463363,62,26,707,204
8325616,1988-04-16 00:00:00,EventStart_Pre2008Season,1738,World Championship,1987,1988-04-16 00:00:00,1988-05-02 00:00:00,2023-12-04 07:23:11,matches_1987_all.csv,2877,Terry Griffiths,Wales,3474,Steve Longworth,England,2877,Terry Griffiths,Wales,2877,Terry Griffiths,Wales,10,1,10,1,11,FALSE,FALSE,97,16,1073,142,2674.57070453415,2599.70008265703,2600,2600,5,5,1,2,5,10,0.606110033267418,0.393889966732582,0.71,1,0.909090909090909,0.0909090909090909,11.8314032009073,-33.3278963405841,2686.40210773506,2566.37218631645,98,17,1084,153
8325617,1988-04-16 00:00:00,EventStart_Pre2008Season,1738,World Championship,1987,1988-04-16 00:00:00,1988-05-02 00:00:00,2023-12-04 07:23:11,matches_1987_all.csv,181,Tony Knowles,England,3321,Danny Fowler,England,181,Tony Knowles,England,181,Tony Knowles,England,10,8,10,8,18,FALSE,FALSE,75,11,841,88,2625.9823991196,2548.16556737906,2600,2600,5,5,1,2,5,10,0.610151644385586,0.389848355614414,0.44,1,0.555555555555556,0.444444444444444,-2.1620051176692,9.82729598940544,2623.82039400193,2557.99286336847,76,12,859,106
8325618,1988-04-16 00:00:00,EventStart_Pre2008Season,1738,World Championship,1987,1988-04-16 00:00:00,1988-05-02 00:00:00,2023-12-04 07:23:11,matches_1987_all.csv,2879,Silvino Francisco,South Africa,3449,Eddie Charlton,Australia,3449,Eddie Charlton,Australia,3449,Eddie Charlton,Australia,7,10,7,10,17,FALSE,FALSE,50,73,509,906,2631.06734212897,2580.76066969183,2600,2600,5,5,1,1,5,5,0.571895384282146,0.428104615717854,1,1,0.411764705882353,0.588235294117647,-13.6111076639824,13.6111076639824,2617.45623446499,2594.37177735581,51,74,526,923
8325619,1988-04-16 00:00:00,EventStart_Pre2008Season,1738,World Championship,1987,1988-04-16 00:00:00,1988-05-02 00:00:00,2023-12-04 07:23:11,matches_1987_all.csv,659,Dean Reynolds,England,153,Stephen Hendry,Scotland,153,Stephen Hendry,Scotland,153,Stephen Hendry,Scotland,6,10,6,10,16,FALSE,FALSE,31,28,282,308,2554.75128516573,2734.19995643417,2600,2600,5,5,1,1,5,5,0.262504920724315,0.737495079275685,1,1,0.375,0.625,8.99960634205478,-8.99960634205478,2563.75089150779,2725.20035009211,32,29,298,324
8325620,1988-04-16 00:00:00,EventStart_Pre2008Season,1738,World Championship,1987,1988-04-16 00:00:00,1988-05-02 00:00:00,2023-12-04 07:23:11,matches_1987_all.csv,20,Jimmy White,England,3487,John Campbell,Australia,20,Jimmy White,England,20,Jimmy White,England,10,3,10,3,13,FALSE,FALSE,88,27,1112,241,2686.66303237088,2550.39281210201,2600,2600,5,5,1,1,5,5,0.686635050413106,0.313364949586894,1,1,0.769230769230769,0.230769230769231,5.36872172314812,-5.36872172314812,2692.03175409403,2545.02409037886,89,28,1125,254
8325734,1988-04-16 00:00:00,EventStart_Pre2008Season,1738,World Championship,1987,1988-04-16 00:00:00,1988-05-02 00:00:00,2023-12-04 07:37:58,matches_1987_all.csv,212,Steve Davis,England,2877,Terry Griffiths,Wales,212,Steve Davis,England,212,Steve Davis,England,18,11,18,11,29,FALSE,FALSE,120,98,1525,1084,2758.34007654339,2686.40210773506,2600,2600,5,5,1,1,5,5,0.602072546582197,0.397927453417803,1,1,0.620689655172414,0.379310344827586,2.69948074558137,-2.69948074558137,2761.03955728897,2683.70262698948,121,99,1554,1113
