MatchID,MatchDate,DateSource,EventID,EventName,EventSeason,EventStartDate,EventEndDate,RawMatchDate,SourceFile,PlayerA_ID,PlayerA_Name,PlayerA_Nationality,PlayerB_ID,PlayerB_Name,PlayerB_Nationality,WinnerID,Winner_Name,Winner_Nationality,WinnerFromScore,WinnerFromScore_Name,WinnerFromScore_Nationality,ScoreA,ScoreB,FramesA,FramesB,TotalFrames,AFirstAppearance,BFirstAppearance,AGamesBefore,BGamesBefore,AFramesBefore,BFramesBefore,ARating_Before,BRating_Before,AStartRating,BStartRating,ABaseK,BBaseK,AKMultiplier,BKMultiplier,AEffectiveK,BEffectiveK,ExpectedA,ExpectedB,OppWeightA,OppWeightB,ActualScoreA,ActualScoreB,DeltaA,DeltaB,ARating_After,BRating_After,AGamesAfter,BGamesAfter,AFramesAfter,BFramesAfter
8768969,1995-10-16 00:00:00,EventStart_Pre2008Season,2066,Grand Prix,1995,1995-10-16 00:00:00,1995-10-29 00:00:00,2024-07-10 07:51:01,matches_1995_all.csv,237,John Higgins,Scotland,15,Mark Davis,England,237,John Higgins,Scotland,237,John Higgins,Scotland,5,1,5,1,6,FALSE,FALSE,34,13,318,182,2738.67461261565,2695.58056682965,2600,2600,5,5,1,2,5,10,0.561701225166221,0.43829877483378,0.91,1,0.833333333333333,0.166666666666667,7.41555655296218,-16.2979264900268,2746.09016916861,2679.28264033962,35,14,324,188
8768970,1995-10-16 00:00:00,EventStart_Pre2008Season,2066,Grand Prix,1995,1995-10-16 00:00:00,1995-10-29 00:00:00,2024-07-10 07:51:01,matches_1995_all.csv,668,Neal Foulds,England,205,Mike Hallett,England,668,Neal Foulds,England,668,Neal Foulds,England,5,4,5,4,9,FALSE,FALSE,128,121,1284,1145,2660.02486719847,2637.65232603829,2600,2600,5,5,1,1,5,5,0.532152247332808,0.467847752667192,1,1,0.555555555555556,0.444444444444444,1.05314887002363,-1.05314887002363,2661.07801606849,2636.59917716826,129,122,1293,1154
8768971,1995-10-16 00:00:00,EventStart_Pre2008Season,2066,Grand Prix,1995,1995-10-16 00:00:00,1995-10-29 00:00:00,2024-07-10 07:51:01,matches_1995_all.csv,669,Alain Robidoux,Canada,3255,Karl Broughton,England,669,Alain Robidoux,Canada,669,Alain Robidoux,Canada,5,2,5,2,7,FALSE,FALSE,66,10,583,121,2629.17201723703,2581.24572960653,2600,2600,5,5,1,2,5,10,0.56853730748186,0.43146269251814,0.605,1,0.714285714285714,0.285714285714286,3.08622251407162,-10.2023884762698,2632.2582397511,2571.04334113026,67,11,590,128
8768972,1995-10-16 00:00:00,EventStart_Pre2008Season,2066,Grand Prix,1995,1995-10-16 00:00:00,1995-10-29 00:00:00,2024-07-10 07:51:01,matches_1995_all.csv,14,Nigel Bond,England,1,Mark J Williams,Wales,14,Nigel Bond,England,14,Nigel Bond,England,5,1,5,1,6,FALSE,FALSE,61,12,649,115,2698.11319359988,2598.23271728952,2600,2600,5,5,1,2,5,10,0.639906474100753,0.360093525899247,0.575,1,0.833333333333333,0.166666666666667,3.336613321762,-11.6056115539548,2701.44980692164,2586.62710573557,62,13,655,121
8768973,1995-10-16 00:00:00,EventStart_Pre2008Season,2066,Grand Prix,1995,1995-10-16 00:00:00,1995-10-29 00:00:00,2024-07-10 07:51:01,matches_1995_all.csv,2877,Terry Griffiths,Wales,795,Steve Newbury,Wales,795,Steve Newbury,Wales,795,Steve Newbury,Wales,1,5,1,5,6,FALSE,FALSE,186,63,1966,532,2633.26338861565,2585.0155689134,2600,2600,5,5,1,1,5,5,0.568991277322034,0.431008722677966,1,1,0.166666666666667,0.833333333333333,-12.069738319661,12.069738319661,2621.19365029599,2597.08530723306,187,64,1972,538
8768974,1995-10-16 00:00:00,EventStart_Pre2008Season,2066,Grand Prix,1995,1995-10-16 00:00:00,1995-10-29 00:00:00,2024-07-10 07:51:01,matches_1995_all.csv,3258,Mick Price,Ireland,2871,Jason Prince,Northern Ireland,2871,Jason Prince,Northern Ireland,2871,Jason Prince,Northern Ireland,3,5,3,5,8,FALSE,FALSE,34,21,352,233,2631.77500377909,2569.66952870691,2600,2600,5,5,1,1,5,5,0.588437021895951,0.411562978104049,1,1,0.375,0.625,-8.53748087583803,8.53748087583803,2623.23752290326,2578.20700958275,35,22,360,241
8768975,1995-10-16 00:00:00,EventStart_Pre2008Season,2066,Grand Prix,1995,1995-10-16 00:00:00,1995-10-29 00:00:00,2024-07-10 07:51:01,matches_1995_all.csv,3261,Martin Clark,England,1426,Anthony Davies,Wales,3261,Martin Clark,England,3261,Martin Clark,England,5,4,5,4,9,FALSE,FALSE,78,14,667,166,2652.51337582852,2640.24514060617,2600,2600,5,5,1,2,5,10,0.517648075464694,0.482351924535306,0.83,1,0.555555555555556,0.444444444444444,1.41584438139369,-3.41167320817757,2653.92922020991,2636.83346739799,79,15,676,175
8768976,1995-10-16 00:00:00,EventStart_Pre2008Season,2066,Grand Prix,1995,1995-10-16 00:00:00,1995-10-29 00:00:00,2024-07-10 07:51:01,matches_1995_all.csv,20,Jimmy White,England,515,Alex Borg,Malta,20,Jimmy White,England,20,Jimmy White,England,5,0,5,0,5,FALSE,FALSE,214,1,2581,14,2730.27372719437,2597,2600,2600,5,5,1,2,5,10,0.68291169115707,0.31708830884293,0.1,1,1,0,0.792720772107324,-15.8544154421465,2731.06644796648,2581.14558455785,215,2,2586,19
8768977,1995-10-16 00:00:00,EventStart_Pre2008Season,2066,Grand Prix,1995,1995-10-16 00:00:00,1995-10-29 00:00:00,2024-07-10 07:51:01,matches_1995_all.csv,5,Ronnie O'Sullivan,England,3337,Michael Duffy,Northern Ireland,3337,Michael Duffy,Northern Ireland,3337,Michael Duffy,Northern Ireland,2,5,2,5,7,FALSE,TRUE,43,0,459,0,2747.37556110034,2600,2600,2600,5,5,1,2,5,10,0.700223406036077,0.299776593963924,0.1,1,0.285714285714286,0.714285714285714,-1.45078192112627,29.0156384225254,2745.92477917921,2629.01563842253,44,1,466,7
8768978,1995-10-16 00:00:00,EventStart_Pre2008Season,2066,Grand Prix,1995,1995-10-16 00:00:00,1995-10-29 00:00:00,2024-07-10 07:51:01,matches_1995_all.csv,35,Joe Swail,Northern Ireland,143,Jeff Cundy,England,35,Joe Swail,Northern Ireland,35,Joe Swail,Northern Ireland,5,3,5,3,8,FALSE,FALSE,36,3,355,47,2635.67053530429,2595.36952026303,2600,2600,5,5,1,2,5,10,0.55773909513569,0.44226090486431,0.235,1,0.625,0.375,0.632252505724517,-5.38087238914483,2636.30278781001,2589.98864787388,37,4,363,55
8768979,1995-10-16 00:00:00,EventStart_Pre2008Season,2066,Grand Prix,1995,1995-10-16 00:00:00,1995-10-29 00:00:00,2024-07-10 07:51:01,matches_1995_all.csv,51,Andy Hicks,England,177,Rod Lawler,England,51,Andy Hicks,England,51,Andy Hicks,England,5,3,5,3,8,FALSE,FALSE,22,26,320,288,2701.56517320996,2617.99076569489,2600,2600,5,5,1,1,5,5,0.618005928653181,0.381994071346819,1,1,0.625,0.375,0.279762853872776,-0.279762853872776,2701.84493606383,2617.71100284102,23,27,328,296
8768980,1995-10-16 00:00:00,EventStart_Pre2008Season,2066,Grand Prix,1995,1995-10-16 00:00:00,1995-10-29 00:00:00,2024-07-10 07:51:01,matches_1995_all.csv,42,Peter Ebdon,England,609,Steve Ventham,England,42,Peter Ebdon,England,42,Peter Ebdon,England,5,2,5,2,7,FALSE,TRUE,51,0,527,0,2719.56773978316,2600,2600,2600,5,5,1,2,5,10,0.665585806087212,0.334414193912789,0.1,1,0.714285714285714,0.285714285714286,0.17044967869476,-3.40899357389519,2719.73818946186,2596.5910064261,52,1,534,7
8768981,1995-10-16 00:00:00,EventStart_Pre2008Season,2066,Grand Prix,1995,1995-10-16 00:00:00,1995-10-29 00:00:00,2024-07-10 07:51:01,matches_1995_all.csv,170,Ken Doherty,Ireland,3250,Matt Wilson,England,170,Ken Doherty,Ireland,170,Ken Doherty,Ireland,5,0,5,0,5,FALSE,FALSE,65,2,643,32,2686.20812079122,2604.68273601899,2600,2600,5,5,1,2,5,10,0.615217550886175,0.384782449113825,0.16,1,1,0,1.5391297964553,-19.2391224556912,2687.74725058768,2585.4436135633,66,3,648,37
8768982,1995-10-16 00:00:00,EventStart_Pre2008Season,2066,Grand Prix,1995,1995-10-16 00:00:00,1995-10-29 00:00:00,2024-07-10 07:51:01,matches_1995_all.csv,659,Dean Reynolds,England,3302,Mark Flowerdew,England,3302,Mark Flowerdew,England,3302,Mark Flowerdew,England,3,5,3,5,8,FALSE,FALSE,91,9,891,96,2598.35194615987,2609.52434655427,2600,2600,5,5,1,2,5,10,0.483927163067763,0.516072836932237,0.48,1,0.375,0.625,-2.09140153090105,8.71417304542103,2596.26054462897,2618.23851959969,92,10,899,104
8768983,1995-10-16 00:00:00,EventStart_Pre2008Season,2066,Grand Prix,1995,1995-10-16 00:00:00,1995-10-29 00:00:00,2024-07-10 07:51:01,matches_1995_all.csv,657,Brian Morgan,England,3289,Andrew Cairns,England,3289,Andrew Cairns,England,3289,Andrew Cairns,England,4,5,4,5,9,FALSE,FALSE,30,18,336,201,2631.28242488809,2586.12532472207,2600,2600,5,5,1,2,5,10,0.564622811904154,0.435377188095846,1,1,0.444444444444444,0.555555555555556,-5.40802653568694,10.8160530713739,2625.8743983524,2596.94137779344,31,19,345,210
8768984,1995-10-16 00:00:00,EventStart_Pre2008Season,2066,Grand Prix,1995,1995-10-16 00:00:00,1995-10-29 00:00:00,2024-07-10 07:51:01,matches_1995_all.csv,44,Alan McManus,Scotland,3260,Chris Scanlon,England,44,Alan McManus,Scotland,44,Alan McManus,Scotland,5,0,5,0,5,FALSE,FALSE,81,2,898,25,2706.73646767437,2590.93358542199,2600,2600,5,5,1,2,5,10,0.660744781824647,0.339255218175353,0.125,1,1,0,1.06017255679798,-16.9627609087677,2707.79664023116,2573.97082451323,82,3,903,30
8768985,1995-10-16 00:00:00,EventStart_Pre2008Season,2066,Grand Prix,1995,1995-10-16 00:00:00,1995-10-29 00:00:00,2024-07-10 07:51:01,matches_1995_all.csv,212,Steve Davis,England,600,Lee Richardson,England,212,Steve Davis,England,212,Steve Davis,England,5,2,5,2,7,FALSE,FALSE,252,2,2816,29,2711.1136324884,2591.02247828049,2600,2600,5,5,1,2,5,10,0.666256112214704,0.333743887785296,0.145,1,0.714285714285714,0.285714285714286,0.24375023051038,-3.36207214497075,2711.35738271891,2587.66040613552,253,3,2823,36
8768986,1995-10-16 00:00:00,EventStart_Pre2008Season,2066,Grand Prix,1995,1995-10-16 00:00:00,1995-10-29 00:00:00,2024-07-10 07:51:01,matches_1995_all.csv,3213,Jason Ferguson,England,3253,Stuart Reardon,England,3213,Jason Ferguson,England,3213,Jason Ferguson,England,5,3,5,3,8,FALSE,FALSE,33,4,343,41,2635.59773930067,2589.88813586235,2600,2600,5,5,1,2,5,10,0.565404484749087,0.434595515250913,0.205,1,0.625,0.375,0.488683225057488,-4.76764122007305,2636.08642252573,2585.12049464228,34,5,351,49
8768987,1995-10-16 00:00:00,EventStart_Pre2008Season,2066,Grand Prix,1995,1995-10-16 00:00:00,1995-10-29 00:00:00,2024-07-10 07:51:01,matches_1995_all.csv,468,Dennis Taylor,Northern Ireland,469,Joe Johnson,England,469,Joe Johnson,England,469,Joe Johnson,England,2,5,2,5,7,FALSE,FALSE,169,112,1806,1119,2624.4608326453,2615.83969192343,2600,2600,5,5,1,1,5,5,0.512404273084723,0.487595726915278,1,1,0.285714285714286,0.714285714285714,-7.93414955796529,7.93414955796529,2616.52668308733,2623.7738414814,170,113,1813,1126
8768988,1995-10-16 00:00:00,EventStart_Pre2008Season,2066,Grand Prix,1995,1995-10-16 00:00:00,1995-10-29 00:00:00,2024-07-10 07:51:01,matches_1995_all.csv,31,Dave Harold,England,9,Matthew Stevens,Wales,9,Matthew Stevens,Wales,9,Matthew Stevens,Wales,2,5,2,5,7,FALSE,TRUE,37,0,372,0,2686.38988004821,2600,2600,2600,5,5,1,2,5,10,0.621824641086484,0.378175358913516,0.1,1,0.285714285714286,0.714285714285714,-1.17638624380269,23.5277248760539,2685.21349380441,2623.52772487605,38,1,379,7
8768989,1995-10-16 00:00:00,EventStart_Pre2008Season,2066,Grand Prix,1995,1995-10-16 00:00:00,1995-10-29 00:00:00,2024-07-10 07:51:01,matches_1995_all.csv,41,Tony Drago,Malta,806,Doug Mountjoy,Wales,41,Tony Drago,Malta,41,Tony Drago,Malta,5,1,5,1,6,FALSE,FALSE,79,148,658,1541,2645.35889504361,2613.75573703326,2600,2600,5,5,1,1,5,5,0.545355579492053,0.454644420507947,1,1,0.833333333333333,0.166666666666667,8.63933261523841,-8.63933261523841,2653.99822765885,2605.11640441802,80,149,664,1547
8768990,1995-10-16 00:00:00,EventStart_Pre2008Season,2066,Grand Prix,1995,1995-10-16 00:00:00,1995-10-29 00:00:00,2024-07-10 07:51:01,matches_1995_all.csv,667,Dene O'Kane,New Zealand,3256,Leigh Griffin,England,667,Dene O'Kane,New Zealand,667,Dene O'Kane,New Zealand,5,1,5,1,6,FALSE,FALSE,72,3,662,52,2620.04031020805,2567.68096590746,2600,2600,5,5,1,2,5,10,0.574785850462247,0.425214149537753,0.26,1,0.833333333333333,0.166666666666667,2.01667036639447,-15.5128489722652,2622.05698057445,2552.1681169352,73,4,668,58
8768991,1995-10-16 00:00:00,EventStart_Pre2008Season,2066,Grand Prix,1995,1995-10-16 00:00:00,1995-10-29 00:00:00,2024-07-10 07:51:01,matches_1995_all.csv,1049,Steve James,England,2745,Quinten Hann,Australia,1049,Steve James,England,1049,Steve James,England,5,4,5,4,9,FALSE,TRUE,81,0,801,0,2615.39783749077,2600,2600,2600,5,5,1,2,5,10,0.522144772891667,0.477855227108333,0.1,1,0.555555555555556,0.444444444444444,0.1503485219875,-3.00697043974999,2615.54818601276,2596.99302956025,82,1,810,9
8768992,1995-10-16 00:00:00,EventStart_Pre2008Season,2066,Grand Prix,1995,1995-10-16 00:00:00,1995-10-29 00:00:00,2024-07-10 07:51:01,matches_1995_all.csv,408,John Parrott,England,2505,David Finbow,England,2505,David Finbow,England,2505,David Finbow,England,0,5,0,5,5,FALSE,FALSE,159,15,1705,178,2699.37951112875,2597.09229787983,2600,2600,5,5,1,2,5,10,0.643092638823374,0.356907361176626,0.89,1,0,1,-14.3088112138201,32.1546319411687,2685.07069991493,2629.246929821,160,16,1710,183
8768993,1995-10-16 00:00:00,EventStart_Pre2008Season,2066,Grand Prix,1995,1995-10-16 00:00:00,1995-10-29 00:00:00,2024-07-10 07:51:01,matches_1995_all.csv,193,James Wattana,Thailand,28,Mark King,England,193,James Wattana,Thailand,193,James Wattana,Thailand,5,0,5,0,5,FALSE,FALSE,99,10,934,141,2739.05039107621,2619.27987244454,2600,2600,5,5,1,2,5,10,0.665845572573377,0.334154427426623,0.705,1,1,0,5.88947178339423,-16.7077213713312,2744.9398628596,2602.5721510732,100,11,939,146
8768994,1995-10-16 00:00:00,EventStart_Pre2008Season,2066,Grand Prix,1995,1995-10-16 00:00:00,1995-10-29 00:00:00,2024-07-10 07:51:01,matches_1995_all.csv,2184,Willie Thorne,England,2879,Silvino Francisco,South Africa,2184,Willie Thorne,England,2184,Willie Thorne,England,5,3,5,3,8,FALSE,FALSE,135,97,1400,948,2623.72651031675,2595.67032746611,2600,2600,5,5,1,1,5,5,0.540288558035197,0.459711441964803,1,1,0.625,0.375,3.38845767859211,-3.38845767859211,2627.11496799534,2592.28186978752,136,98,1408,956
8768995,1995-10-16 00:00:00,EventStart_Pre2008Season,2066,Grand Prix,1995,1995-10-16 00:00:00,1995-10-29 00:00:00,2024-07-10 07:51:01,matches_1995_all.csv,804,Gary Wilkinson,England,83,Shokat Ali,Pakistan,83,Shokat Ali,Pakistan,83,Shokat Ali,Pakistan,4,5,4,5,9,FALSE,FALSE,78,3,739,21,2666.85208992099,2596.65219076652,2600,2600,5,5,1,2,5,10,0.599673074370799,0.400326925629201,0.105,1,0.444444444444444,0.555555555555556,-0.733455276402027,13.9705766933719,2666.11863464458,2610.6227674599,79,4,748,30
8768996,1995-10-16 00:00:00,EventStart_Pre2008Season,2066,Grand Prix,1995,1995-10-16 00:00:00,1995-10-29 00:00:00,2024-07-10 07:51:01,matches_1995_all.csv,409,David Roe,England,63,Fergal O'Brien,Ireland,63,Fergal O'Brien,Ireland,63,Fergal O'Brien,Ireland,2,5,2,5,7,FALSE,FALSE,51,9,496,118,2628.50262009532,2664.90661285472,2600,2600,5,5,1,2,5,10,0.44780132729882,0.552198672701181,0.59,1,0.285714285714286,0.714285714285714,-3.34709740872062,11.3460929109174,2625.1555226866,2676.25270576564,52,10,503,125
8768997,1995-10-16 00:00:00,EventStart_Pre2008Season,2066,Grand Prix,1995,1995-10-16 00:00:00,1995-10-29 00:00:00,2024-07-10 07:51:01,matches_1995_all.csv,223,Darren Morgan,Wales,3254,Stephen O'Connor,Ireland,223,Darren Morgan,Wales,223,Darren Morgan,Wales,5,4,5,4,9,FALSE,FALSE,68,9,678,123,2680.11334579561,2609.31922887627,2600,2600,5,5,1,2,5,10,0.600493959167872,0.399506040832128,0.615,1,0.555555555555556,0.444444444444444,-1.24367031997085,4.04445632510847,2678.86967547564,2613.36368520137,69,10,687,132
8768998,1995-10-16 00:00:00,EventStart_Pre2008Season,2066,Grand Prix,1995,1995-10-16 00:00:00,1995-10-29 00:00:00,2024-07-10 07:51:01,matches_1995_all.csv,115,Anthony Hamilton,England,3272,Sam Chong,Malaysia,115,Anthony Hamilton,England,115,Anthony Hamilton,England,5,3,5,3,8,FALSE,FALSE,20,3,226,36,2597.55633209876,2545.09512374264,2600,2600,5,5,1,2,5,10,0.574929158773894,0.425070841226106,0.18,1,0.625,0.375,0.360510056827964,-4.00566729808848,2597.91684215559,2541.08945644456,21,4,234,44
8768999,1995-10-16 00:00:00,EventStart_Pre2008Season,2066,Grand Prix,1995,1995-10-16 00:00:00,1995-10-29 00:00:00,2024-07-10 07:51:01,matches_1995_all.csv,181,Tony Knowles,England,3242,Mark Bennett,England,3242,Mark Bennett,England,3242,Mark Bennett,England,3,5,3,5,8,FALSE,FALSE,139,53,1429,484,2636.53895536561,2620.92853431806,2600,2600,5,5,1,1,5,5,0.522450096804251,0.477549903195749,1,1,0.375,0.625,-5.89800387217005,5.89800387217005,2630.64095149344,2626.82653819024,140,54,1437,492
8769000,1995-10-16 00:00:00,EventStart_Pre2008Season,2066,Grand Prix,1995,1995-10-16 00:00:00,1995-10-29 00:00:00,2024-07-10 07:51:01,matches_1995_all.csv,153,Stephen Hendry,Scotland,672,Jonathan Birch,England,153,Stephen Hendry,Scotland,153,Stephen Hendry,Scotland,5,0,5,0,5,FALSE,FALSE,180,17,1980,203,2779.83358600352,2590.43851302114,2600,2600,5,5,1,2,5,10,0.748427981805456,0.251572018194544,1,1,1,0,6.28930045486361,-12.5786009097272,2786.12288645839,2577.85991211141,181,18,1985,208
8769001,1995-10-16 00:00:00,EventStart_Pre2008Season,2066,Grand Prix,1995,1995-10-16 00:00:00,1995-10-29 00:00:00,2024-07-10 07:52:23,matches_1995_all.csv,237,John Higgins,Scotland,668,Neal Foulds,England,237,John Higgins,Scotland,237,John Higgins,Scotland,5,1,5,1,6,FALSE,FALSE,35,129,324,1293,2746.09016916861,2661.07801606849,2600,2600,5,5,1,1,5,5,0.619957842199837,0.380042157800163,1,1,0.833333333333333,0.166666666666667,6.40126473400489,-6.40126473400489,2752.49143390262,2654.67675133449,36,130,330,1299
8769002,1995-10-16 00:00:00,EventStart_Pre2008Season,2066,Grand Prix,1995,1995-10-16 00:00:00,1995-10-29 00:00:00,2024-07-10 07:52:23,matches_1995_all.csv,669,Alain Robidoux,Canada,14,Nigel Bond,England,669,Alain Robidoux,Canada,669,Alain Robidoux,Canada,5,2,5,2,7,FALSE,FALSE,67,62,590,655,2632.2582397511,2701.44980692164,2600,2600,5,5,1,1,5,5,0.40172116936705,0.59827883063295,1,1,0.714285714285714,0.285714285714286,10.9397590721532,-10.9397590721532,2643.19799882325,2690.51004784949,68,63,597,662
8769003,1995-10-16 00:00:00,EventStart_Pre2008Season,2066,Grand Prix,1995,1995-10-16 00:00:00,1995-10-29 00:00:00,2024-07-10 07:52:23,matches_1995_all.csv,795,Steve Newbury,Wales,2871,Jason Prince,Northern Ireland,2871,Jason Prince,Northern Ireland,2871,Jason Prince,Northern Ireland,3,5,3,5,8,FALSE,FALSE,64,22,538,241,2597.08530723306,2578.20700958275,2600,2600,5,5,1,1,5,5,0.527141348654504,0.472858651345496,1,1,0.375,0.625,-6.08565394618017,6.08565394618017,2590.99965328688,2584.29266352893,65,23,546,249
8769004,1995-10-16 00:00:00,EventStart_Pre2008Season,2066,Grand Prix,1995,1995-10-16 00:00:00,1995-10-29 00:00:00,2024-07-10 07:52:23,matches_1995_all.csv,3261,Martin Clark,England,20,Jimmy White,England,20,Jimmy White,England,20,Jimmy White,England,3,5,3,5,8,FALSE,FALSE,79,215,676,2586,2653.92922020991,2731.06644796648,2600,2600,5,5,1,1,5,5,0.390779317157556,0.609220682842444,1,1,0.375,0.625,-0.631172686302239,0.631172686302239,2653.29804752361,2731.69762065278,80,216,684,2594
8769005,1995-10-16 00:00:00,EventStart_Pre2008Season,2066,Grand Prix,1995,1995-10-16 00:00:00,1995-10-29 00:00:00,2024-07-10 07:52:23,matches_1995_all.csv,3337,Michael Duffy,Northern Ireland,35,Joe Swail,Northern Ireland,35,Joe Swail,Northern Ireland,35,Joe Swail,Northern Ireland,1,5,1,5,6,FALSE,FALSE,1,37,7,363,2629.01563842253,2636.30278781001,2600,2600,5,5,2,1,10,5,0.48951448655719,0.51048551344281,1,0.1,0.166666666666667,0.833333333333333,-19.3708691934314,0.968543459671571,2609.64476922909,2637.27133126968,2,38,13,369
8769006,1995-10-16 00:00:00,EventStart_Pre2008Season,2066,Grand Prix,1995,1995-10-16 00:00:00,1995-10-29 00:00:00,2024-07-10 07:52:23,matches_1995_all.csv,51,Andy Hicks,England,42,Peter Ebdon,England,42,Peter Ebdon,England,42,Peter Ebdon,England,2,5,2,5,7,FALSE,FALSE,23,52,328,534,2701.84493606383,2719.73818946186,2600,2600,5,5,1,1,5,5,0.474272280655126,0.525727719344874,1,1,0.285714285714286,0.714285714285714,-6.59952982292941,6.5995298229294,2695.2454062409,2726.33771928479,24,53,335,541
8769007,1995-10-16 00:00:00,EventStart_Pre2008Season,2066,Grand Prix,1995,1995-10-16 00:00:00,1995-10-29 00:00:00,2024-07-10 07:52:23,matches_1995_all.csv,170,Ken Doherty,Ireland,3302,Mark Flowerdew,England,170,Ken Doherty,Ireland,170,Ken Doherty,Ireland,5,3,5,3,8,FALSE,FALSE,66,10,648,104,2687.74725058768,2618.23851959969,2600,2600,5,5,1,2,5,10,0.598717552870751,0.401282447129249,0.52,1,0.625,0.375,0.546674900288388,-2.10259577033995,2688.29392548796,2616.13592382935,67,11,656,112
8769008,1995-10-16 00:00:00,EventStart_Pre2008Season,2066,Grand Prix,1995,1995-10-16 00:00:00,1995-10-29 00:00:00,2024-07-10 07:52:23,matches_1995_all.csv,3289,Andrew Cairns,England,44,Alan McManus,Scotland,44,Alan McManus,Scotland,44,Alan McManus,Scotland,1,5,1,5,6,FALSE,FALSE,19,82,210,903,2596.94137779344,2707.79664023116,2600,2600,5,5,2,1,10,5,0.345668430684267,0.654331569315733,1,1,0.166666666666667,0.833333333333333,-10.740105841056,5.370052920528,2586.20127195239,2713.16669315169,20,83,216,909
8769009,1995-10-16 00:00:00,EventStart_Pre2008Season,2066,Grand Prix,1995,1995-10-16 00:00:00,1995-10-29 00:00:00,2024-07-10 07:52:23,matches_1995_all.csv,212,Steve Davis,England,3213,Jason Ferguson,England,212,Steve Davis,England,212,Steve Davis,England,5,4,5,4,9,FALSE,FALSE,253,34,2823,351,2711.35738271891,2636.08642252573,2600,2600,5,5,1,1,5,5,0.606660084152916,0.393339915847084,1,1,0.555555555555556,0.444444444444444,-2.2997037868812,2.2997037868812,2709.05767893203,2638.38612631261,254,35,2832,360
8769010,1995-10-16 00:00:00,EventStart_Pre2008Season,2066,Grand Prix,1995,1995-10-16 00:00:00,1995-10-29 00:00:00,2024-07-10 07:52:23,matches_1995_all.csv,469,Joe Johnson,England,9,Matthew Stevens,Wales,9,Matthew Stevens,Wales,9,Matthew Stevens,Wales,1,5,1,5,6,FALSE,FALSE,113,1,1126,7,2623.7738414814,2623.52772487605,2600,2600,5,5,1,2,5,10,0.500354190207384,0.499645809792616,0.1,1,0.166666666666667,0.833333333333333,-1.00106257062215,20.021251412443,2622.77277891078,2643.5489762885,114,2,1132,13
8769011,1995-10-16 00:00:00,EventStart_Pre2008Season,2066,Grand Prix,1995,1995-10-16 00:00:00,1995-10-29 00:00:00,2024-07-10 07:52:23,matches_1995_all.csv,41,Tony Drago,Malta,667,Dene O'Kane,New Zealand,667,Dene O'Kane,New Zealand,667,Dene O'Kane,New Zealand,4,5,4,5,9,FALSE,FALSE,80,73,664,668,2653.99822765885,2622.05698057445,2600,2600,5,5,1,1,5,5,0.545838082459727,0.454161917540273,1,1,0.444444444444444,0.555555555555556,-4.56271371068771,4.56271371068771,2649.43551394816,2626.61969428513,81,74,673,677
8769012,1995-10-16 00:00:00,EventStart_Pre2008Season,2066,Grand Prix,1995,1995-10-16 00:00:00,1995-10-29 00:00:00,2024-07-10 07:52:23,matches_1995_all.csv,1049,Steve James,England,2505,David Finbow,England,1049,Steve James,England,1049,Steve James,England,5,0,5,0,5,FALSE,FALSE,82,16,810,183,2615.54818601276,2629.246929821,2600,2600,5,5,1,2,5,10,0.480296132296983,0.519703867703017,0.915,1,1,0,11.8882259737065,-25.9851933851509,2627.43641198646,2603.26173643585,83,17,815,188
8769013,1995-10-16 00:00:00,EventStart_Pre2008Season,2066,Grand Prix,1995,1995-10-16 00:00:00,1995-10-29 00:00:00,2024-07-10 07:52:23,matches_1995_all.csv,193,James Wattana,Thailand,2184,Willie Thorne,England,193,James Wattana,Thailand,193,James Wattana,Thailand,5,4,5,4,9,FALSE,FALSE,100,136,939,1408,2744.9398628596,2627.11496799534,2600,2600,5,5,1,1,5,5,0.663349034572627,0.336650965427373,1,1,0.555555555555556,0.444444444444444,-4.85070655576823,4.85070655576823,2740.08915630383,2631.96567455111,101,137,948,1417
8769014,1995-10-16 00:00:00,EventStart_Pre2008Season,2066,Grand Prix,1995,1995-10-16 00:00:00,1995-10-29 00:00:00,2024-07-10 07:52:23,matches_1995_all.csv,83,Shokat Ali,Pakistan,63,Fergal O'Brien,Ireland,63,Fergal O'Brien,Ireland,63,Fergal O'Brien,Ireland,1,5,1,5,6,FALSE,FALSE,4,10,30,125,2610.6227674599,2676.25270576564,2600,2600,5,5,2,2,10,10,0.406658513918806,0.593341486081194,0.625,0.15,0.166666666666667,0.833333333333333,-8.99969427195524,2.15992662526926,2601.62307318794,2678.41263239091,5,11,36,131
8769015,1995-10-16 00:00:00,EventStart_Pre2008Season,2066,Grand Prix,1995,1995-10-16 00:00:00,1995-10-29 00:00:00,2024-07-10 07:52:23,matches_1995_all.csv,223,Darren Morgan,Wales,115,Anthony Hamilton,England,223,Darren Morgan,Wales,223,Darren Morgan,Wales,5,3,5,3,8,FALSE,FALSE,69,21,687,234,2678.86967547564,2597.91684215559,2600,2600,5,5,1,1,5,5,0.614437040391496,0.385562959608504,1,1,0.625,0.375,0.422518384340176,-0.422518384340176,2679.29219385998,2597.49432377125,70,22,695,242
8769016,1995-10-16 00:00:00,EventStart_Pre2008Season,2066,Grand Prix,1995,1995-10-16 00:00:00,1995-10-29 00:00:00,2024-07-10 07:52:23,matches_1995_all.csv,3242,Mark Bennett,England,153,Stephen Hendry,Scotland,153,Stephen Hendry,Scotland,153,Stephen Hendry,Scotland,2,5,2,5,7,FALSE,FALSE,54,181,492,1985,2626.82653819024,2786.12288645839,2600,2600,5,5,1,1,5,5,0.285572927040682,0.714427072959318,1,1,0.285714285714286,0.714285714285714,0.00494755357611898,-0.00494755357611787,2626.83148574381,2786.11793890481,55,182,499,1992
8769025,1995-10-16 00:00:00,EventStart_Pre2008Season,2066,Grand Prix,1995,1995-10-16 00:00:00,1995-10-29 00:00:00,2024-07-10 07:53:11,matches_1995_all.csv,237,John Higgins,Scotland,669,Alain Robidoux,Canada,237,John Higgins,Scotland,237,John Higgins,Scotland,5,4,5,4,9,FALSE,FALSE,36,68,330,597,2752.49143390262,2643.19799882325,2600,2600,5,5,1,1,5,5,0.652295247553277,0.347704752446723,1,1,0.555555555555556,0.444444444444444,-4.35328613989748,4.35328613989748,2748.13814776272,2647.55128496315,37,69,339,606
8769026,1995-10-16 00:00:00,EventStart_Pre2008Season,2066,Grand Prix,1995,1995-10-16 00:00:00,1995-10-29 00:00:00,2024-07-10 07:53:11,matches_1995_all.csv,2871,Jason Prince,Northern Ireland,20,Jimmy White,England,20,Jimmy White,England,20,Jimmy White,England,0,5,0,5,5,FALSE,FALSE,23,216,249,2594,2584.29266352893,2731.69762065278,2600,2600,5,5,1,1,5,5,0.299741074703625,0.700258925296375,1,1,0,1,-7.49352686759063,7.49352686759063,2576.79913666133,2739.19114752037,24,217,254,2599
8769027,1995-10-16 00:00:00,EventStart_Pre2008Season,2066,Grand Prix,1995,1995-10-16 00:00:00,1995-10-29 00:00:00,2024-07-10 07:53:11,matches_1995_all.csv,35,Joe Swail,Northern Ireland,42,Peter Ebdon,England,35,Joe Swail,Northern Ireland,35,Joe Swail,Northern Ireland,5,3,5,3,8,FALSE,FALSE,38,53,369,541,2637.27133126968,2726.33771928479,2600,2600,5,5,1,1,5,5,0.374559075820179,0.625440924179821,1,1,0.625,0.375,10.0176369671928,-10.0176369671928,2647.28896823687,2716.3200823176,39,54,377,549
8769028,1995-10-16 00:00:00,EventStart_Pre2008Season,2066,Grand Prix,1995,1995-10-16 00:00:00,1995-10-29 00:00:00,2024-07-10 07:53:11,matches_1995_all.csv,170,Ken Doherty,Ireland,44,Alan McManus,Scotland,44,Alan McManus,Scotland,44,Alan McManus,Scotland,1,5,1,5,6,FALSE,FALSE,67,83,656,909,2688.29392548796,2713.16669315169,2600,2600,5,5,1,1,5,5,0.464266235116332,0.535733764883668,1,1,0.166666666666667,0.833333333333333,-8.92798705348995,8.92798705348995,2679.36593843447,2722.09468020518,68,84,662,915
8769029,1995-10-16 00:00:00,EventStart_Pre2008Season,2066,Grand Prix,1995,1995-10-16 00:00:00,1995-10-29 00:00:00,2024-07-10 07:53:11,matches_1995_all.csv,212,Steve Davis,England,9,Matthew Stevens,Wales,212,Steve Davis,England,212,Steve Davis,England,5,2,5,2,7,FALSE,FALSE,254,2,2832,13,2709.05767893203,2643.5489762885,2600,2600,5,5,1,2,5,10,0.593173083422127,0.406826916577873,0.1,1,0.714285714285714,0.285714285714286,0.423894208022554,-8.47788416045108,2709.48157314006,2635.07109212805,255,3,2839,20
8769030,1995-10-16 00:00:00,EventStart_Pre2008Season,2066,Grand Prix,1995,1995-10-16 00:00:00,1995-10-29 00:00:00,2024-07-10 07:53:11,matches_1995_all.csv,667,Dene O'Kane,New Zealand,1049,Steve James,England,1049,Steve James,England,1049,Steve James,England,1,5,1,5,6,FALSE,FALSE,74,83,677,815,2626.61969428513,2627.43641198646,2600,2600,5,5,1,1,5,5,0.498824650912247,0.501175349087753,1,1,0.166666666666667,0.833333333333333,-9.96473952736741,9.96473952736741,2616.65495475777,2637.40115151383,75,84,683,821
8769031,1995-10-16 00:00:00,EventStart_Pre2008Season,2066,Grand Prix,1995,1995-10-16 00:00:00,1995-10-29 00:00:00,2024-07-10 07:53:11,matches_1995_all.csv,193,James Wattana,Thailand,63,Fergal O'Brien,Ireland,63,Fergal O'Brien,Ireland,63,Fergal O'Brien,Ireland,3,5,3,5,8,FALSE,FALSE,101,11,948,131,2740.08915630383,2678.41263239091,2600,2600,5,5,1,2,5,10,0.587838893445063,0.412161106554937,0.655,1,0.375,0.625,-5.57637900826064,17.027111475605,2734.51277729557,2695.43974386651,102,12,956,139
8769032,1995-10-16 00:00:00,EventStart_Pre2008Season,2066,Grand Prix,1995,1995-10-16 00:00:00,1995-10-29 00:00:00,2024-07-10 07:53:11,matches_1995_all.csv,223,Darren Morgan,Wales,153,Stephen Hendry,Scotland,153,Stephen Hendry,Scotland,153,Stephen Hendry,Scotland,0,5,0,5,5,FALSE,FALSE,70,182,695,1992,2679.29219385998,2786.11793890481,2600,2600,5,5,1,1,5,5,0.350933502218292,0.649066497781708,1,1,0,1,-8.77333755545731,8.77333755545731,2670.51885630452,2794.89127646027,71,183,700,1997
8769037,1995-10-16 00:00:00,EventStart_Pre2008Season,2066,Grand Prix,1995,1995-10-16 00:00:00,1995-10-29 00:00:00,2024-07-10 07:53:39,matches_1995_all.csv,237,John Higgins,Scotland,20,Jimmy White,England,237,John Higgins,Scotland,237,John Higgins,Scotland,5,2,5,2,7,FALSE,FALSE,37,217,339,2599,2748.13814776272,2739.19114752037,2600,2600,5,5,1,1,5,5,0.512872922967672,0.487127077032328,1,1,0.714285714285714,0.285714285714286,7.04944769613147,-7.04944769613147,2755.18759545885,2732.14169982424,38,218,346,2606
8769038,1995-10-16 00:00:00,EventStart_Pre2008Season,2066,Grand Prix,1995,1995-10-16 00:00:00,1995-10-29 00:00:00,2024-07-10 07:53:39,matches_1995_all.csv,35,Joe Swail,Northern Ireland,44,Alan McManus,Scotland,44,Alan McManus,Scotland,44,Alan McManus,Scotland,3,5,3,5,8,FALSE,FALSE,39,84,377,915,2647.28896823687,2722.09468020518,2600,2600,5,5,1,1,5,5,0.393979176067652,0.606020823932348,1,1,0.375,0.625,-0.759167042706093,0.759167042706093,2646.52980119417,2722.85384724789,40,85,385,923
8769039,1995-10-16 00:00:00,EventStart_Pre2008Season,2066,Grand Prix,1995,1995-10-16 00:00:00,1995-10-29 00:00:00,2024-07-10 07:53:39,matches_1995_all.csv,212,Steve Davis,England,1049,Steve James,England,1049,Steve James,England,1049,Steve James,England,3,5,3,5,8,FALSE,FALSE,255,84,2839,821,2709.48157314006,2637.40115151383,2600,2600,5,5,1,1,5,5,0.602268992539139,0.397731007460861,1,1,0.375,0.625,-9.09075970156557,9.09075970156557,2700.39081343849,2646.4919112154,256,85,2847,829
8769040,1995-10-16 00:00:00,EventStart_Pre2008Season,2066,Grand Prix,1995,1995-10-16 00:00:00,1995-10-29 00:00:00,2024-07-10 07:53:39,matches_1995_all.csv,63,Fergal O'Brien,Ireland,153,Stephen Hendry,Scotland,153,Stephen Hendry,Scotland,153,Stephen Hendry,Scotland,3,5,3,5,8,FALSE,FALSE,12,183,139,1997,2695.43974386651,2794.89127646027,2600,2600,5,5,2,1,10,5,0.360662690210476,0.639337309789524,1,0.695,0.375,0.625,1.14698478316193,-0.398577212148769,2696.58672864968,2794.49269924812,13,184,147,2005
8769043,1995-10-16 00:00:00,EventStart_Pre2008Season,2066,Grand Prix,1995,1995-10-16 00:00:00,1995-10-29 00:00:00,2024-07-10 07:54:10,matches_1995_all.csv,237,John Higgins,Scotland,44,Alan McManus,Scotland,237,John Higgins,Scotland,237,John Higgins,Scotland,9,7,9,7,16,FALSE,FALSE,38,85,346,923,2755.18759545885,2722.85384724789,2600,2600,5,5,1,1,5,5,0.546398131414815,0.453601868585185,1,1,0.5625,0.4375,1.28814948681478,-1.28814948681478,2756.47574494567,2721.56569776107,39,86,362,939
8769044,1995-10-16 00:00:00,EventStart_Pre2008Season,2066,Grand Prix,1995,1995-10-16 00:00:00,1995-10-29 00:00:00,2024-07-10 07:54:10,matches_1995_all.csv,1049,Steve James,England,153,Stephen Hendry,Scotland,153,Stephen Hendry,Scotland,153,Stephen Hendry,Scotland,5,9,5,9,14,FALSE,FALSE,85,184,829,2005,2646.4919112154,2794.49269924812,2600,2600,5,5,1,1,5,5,0.299021650549586,0.700978349450414,1,1,0.357142857142857,0.642857142857143,4.06848446152897,-4.06848446152897,2650.56039567693,2790.42421478659,86,185,843,2019
8769046,1995-10-16 00:00:00,EventStart_Pre2008Season,2066,Grand Prix,1995,1995-10-16 00:00:00,1995-10-29 00:00:00,2024-07-10 07:59:09,matches_1995_all.csv,237,John Higgins,Scotland,153,Stephen Hendry,Scotland,153,Stephen Hendry,Scotland,153,Stephen Hendry,Scotland,5,9,5,9,14,FALSE,FALSE,39,185,362,2019,2756.47574494567,2790.42421478659,2600,2600,5,5,1,1,5,5,0.451299117395357,0.548700882604643,1,1,0.357142857142857,0.642857142857143,-6.59093821767498,6.59093821767498,2749.88480672799,2797.01515300426,40,186,376,2033
8319992,1995-12-03 00:00:00,EventStart_Pre2008Season,1674,German Open,1995,1995-12-03 00:00:00,1995-12-10 00:00:00,2023-11-27 11:52:02,matches_1995_all.csv,153,Stephen Hendry,Scotland,35,Joe Swail,Northern Ireland,153,Stephen Hendry,Scotland,153,Stephen Hendry,Scotland,5,2,5,2,7,FALSE,FALSE,186,40,2033,385,2797.01515300426,2646.52980119417,2600,2600,5,5,1,1,5,5,0.703967578097725,0.296032421902275,1,1,0.714285714285714,0.285714285714286,0.361134766579614,-0.361134766579616,2797.37628777084,2646.16866642759,187,41,2040,392
8319993,1995-12-03 00:00:00,EventStart_Pre2008Season,1674,German Open,1995,1995-12-03 00:00:00,1995-12-10 00:00:00,2023-11-27 11:52:02,matches_1995_all.csv,41,Tony Drago,Malta,3258,Mick Price,Ireland,41,Tony Drago,Malta,41,Tony Drago,Malta,5,1,5,1,6,FALSE,FALSE,81,35,673,360,2649.43551394816,2623.23752290326,2600,2600,5,5,1,1,5,5,0.537630647375589,0.462369352624411,1,1,0.833333333333333,0.166666666666667,8.87108057873234,-8.87108057873234,2658.30659452689,2614.36644232452,82,36,679,366
8319994,1995-12-03 00:00:00,EventStart_Pre2008Season,1674,German Open,1995,1995-12-03 00:00:00,1995-12-10 00:00:00,2023-11-27 11:52:02,matches_1995_all.csv,177,Rod Lawler,England,2877,Terry Griffiths,Wales,177,Rod Lawler,England,177,Rod Lawler,England,5,0,5,0,5,FALSE,FALSE,27,187,296,1972,2617.71100284102,2621.19365029599,2600,2600,5,5,1,1,5,5,0.494988235284797,0.505011764715203,1,1,1,0,12.6252941178801,-12.6252941178801,2630.3362969589,2608.56835617811,28,188,301,1977
8319995,1995-12-03 00:00:00,EventStart_Pre2008Season,1674,German Open,1995,1995-12-03 00:00:00,1995-12-10 00:00:00,2023-11-27 11:52:02,matches_1995_all.csv,193,James Wattana,Thailand,804,Gary Wilkinson,England,193,James Wattana,Thailand,193,James Wattana,Thailand,5,3,5,3,8,FALSE,FALSE,102,79,956,748,2734.51277729557,2666.11863464458,2600,2600,5,5,1,1,5,5,0.597175085393959,0.402824914606041,1,1,0.625,0.375,1.11299658424165,-1.11299658424165,2735.62577387981,2665.00563806034,103,80,964,756
8319996,1995-12-03 00:00:00,EventStart_Pre2008Season,1674,German Open,1995,1995-12-03 00:00:00,1995-12-10 00:00:00,2023-11-27 11:52:02,matches_1995_all.csv,1049,Steve James,England,20,Jimmy White,England,1049,Steve James,England,1049,Steve James,England,5,3,5,3,8,FALSE,FALSE,86,218,843,2606,2650.56039567693,2732.14169982424,2600,2600,5,5,1,1,5,5,0.3847062507112,0.6152937492888,1,1,0.625,0.375,9.611749971552,-9.611749971552,2660.17214564848,2722.52994985269,87,219,851,2614
8319997,1995-12-03 00:00:00,EventStart_Pre2008Season,1674,German Open,1995,1995-12-03 00:00:00,1995-12-10 00:00:00,2023-11-27 11:52:02,matches_1995_all.csv,3242,Mark Bennett,England,31,Dave Harold,England,3242,Mark Bennett,England,3242,Mark Bennett,England,5,1,5,1,6,FALSE,FALSE,55,38,499,379,2626.83148574381,2685.21349380441,2600,2600,5,5,1,1,5,5,0.416763499074852,0.583236500925148,1,1,0.833333333333333,0.166666666666667,12.4970950277544,-12.4970950277544,2639.32858077157,2672.71639877665,56,39,505,385
8319998,1995-12-03 00:00:00,EventStart_Pre2008Season,1674,German Open,1995,1995-12-03 00:00:00,1995-12-10 00:00:00,2023-11-27 11:52:02,matches_1995_all.csv,170,Ken Doherty,Ireland,659,Dean Reynolds,England,170,Ken Doherty,Ireland,170,Ken Doherty,Ireland,5,3,5,3,8,FALSE,FALSE,68,92,662,899,2679.36593843447,2596.26054462897,2600,2600,5,5,1,1,5,5,0.617368357553065,0.382631642446935,1,1,0.625,0.375,0.305265697877384,-0.305265697877384,2679.67120413235,2595.95527893109,69,93,670,907
8319999,1995-12-03 00:00:00,EventStart_Pre2008Season,1674,German Open,1995,1995-12-03 00:00:00,1995-12-10 00:00:00,2023-11-27 11:52:02,matches_1995_all.csv,408,John Parrott,England,3261,Martin Clark,England,408,John Parrott,England,408,John Parrott,England,5,2,5,2,7,FALSE,FALSE,160,80,1710,684,2685.07069991493,2653.29804752361,2600,2600,5,5,1,1,5,5,0.545597483673882,0.454402516326118,1,1,0.714285714285714,0.285714285714286,5.90408807141412,-5.90408807141412,2690.97478798634,2647.3939594522,161,81,1717,691
8320000,1995-12-03 00:00:00,EventStart_Pre2008Season,1674,German Open,1995,1995-12-03 00:00:00,1995-12-10 00:00:00,2023-11-27 11:52:02,matches_1995_all.csv,28,Mark King,England,5,Ronnie O'Sullivan,England,28,Mark King,England,28,Mark King,England,5,3,5,3,8,FALSE,FALSE,11,44,146,466,2602.5721510732,2745.92477917921,2600,2600,5,5,2,1,10,5,0.30466010011027,0.69533989988973,1,0.73,0.625,0.375,25.6271919911784,-9.35392507678013,2628.19934306438,2736.57085410243,12,45,154,474
8320001,1995-12-03 00:00:00,EventStart_Pre2008Season,1674,German Open,1995,1995-12-03 00:00:00,1995-12-10 00:00:00,2023-11-27 11:52:02,matches_1995_all.csv,237,John Higgins,Scotland,2880,Chris Small,Scotland,237,John Higgins,Scotland,237,John Higgins,Scotland,5,2,5,2,7,FALSE,FALSE,40,15,376,215,2749.88480672799,2632.16749133592,2600,2600,5,5,1,2,5,10,0.66321072539691,0.33678927460309,1,1,0.714285714285714,0.285714285714286,1.78762461110814,-3.57524922221629,2751.6724313391,2628.5922421137,41,16,383,222
8320002,1995-12-03 00:00:00,EventStart_Pre2008Season,1674,German Open,1995,1995-12-03 00:00:00,1995-12-10 00:00:00,2023-11-27 11:52:02,matches_1995_all.csv,14,Nigel Bond,England,2184,Willie Thorne,England,14,Nigel Bond,England,14,Nigel Bond,England,5,0,5,0,5,FALSE,FALSE,63,137,662,1417,2690.51004784949,2631.96567455111,2600,2600,5,5,1,1,5,5,0.583463670049814,0.416536329950186,1,1,1,0,10.4134082487547,-10.4134082487547,2700.92345609824,2621.55226630235,64,138,667,1422
8320003,1995-12-03 00:00:00,EventStart_Pre2008Season,1674,German Open,1995,1995-12-03 00:00:00,1995-12-10 00:00:00,2023-11-27 11:52:02,matches_1995_all.csv,223,Darren Morgan,Wales,714,Billy Snaddon,Scotland,223,Darren Morgan,Wales,223,Darren Morgan,Wales,5,4,5,4,9,FALSE,FALSE,71,15,700,184,2670.51885630452,2634.8277881611,2600,2600,5,5,1,2,5,10,0.55118365766169,0.44881634233831,0.92,1,0.555555555555556,0.444444444444444,0.180996572806025,-0.39347081044788,2670.69985287733,2634.43431735065,72,16,709,193
8320004,1995-12-03 00:00:00,EventStart_Pre2008Season,1674,German Open,1995,1995-12-03 00:00:00,1995-12-10 00:00:00,2023-11-27 11:52:02,matches_1995_all.csv,44,Alan McManus,Scotland,1,Mark J Williams,Wales,44,Alan McManus,Scotland,44,Alan McManus,Scotland,5,1,5,1,6,FALSE,FALSE,86,13,939,121,2721.56569776107,2586.62710573557,2600,2600,5,5,1,2,5,10,0.684983336911356,0.315016663088644,0.605,1,0.833333333333333,0.166666666666667,2.69255243505889,-8.90099978531863,2724.25825019613,2577.72610595025,87,14,945,127
8320005,1995-12-03 00:00:00,EventStart_Pre2008Season,1674,German Open,1995,1995-12-03 00:00:00,1995-12-10 00:00:00,2023-11-27 11:52:02,matches_1995_all.csv,42,Peter Ebdon,England,3297,Yasin Merchant,India,42,Peter Ebdon,England,42,Peter Ebdon,England,5,2,5,2,7,FALSE,FALSE,54,2,549,22,2716.3200823176,2590.57317655954,2600,2600,5,5,1,2,5,10,0.673455871491589,0.326544128508411,0.11,1,0.714285714285714,0.285714285714286,0.157194894757384,-2.85808899558879,2716.47727721235,2587.71508756395,55,3,556,29
8320006,1995-12-03 00:00:00,EventStart_Pre2008Season,1674,German Open,1995,1995-12-03 00:00:00,1995-12-10 00:00:00,2023-11-27 11:52:02,matches_1995_all.csv,409,David Roe,England,668,Neal Foulds,England,409,David Roe,England,409,David Roe,England,5,3,5,3,8,FALSE,FALSE,52,130,503,1299,2625.1555226866,2654.67675133449,2600,2600,5,5,1,1,5,5,0.457617484418724,0.542382515581276,1,1,0.625,0.375,6.69530062325104,-6.69530062325104,2631.85082330986,2647.98145071124,53,131,511,1307
8320007,1995-12-03 00:00:00,EventStart_Pre2008Season,1674,German Open,1995,1995-12-03 00:00:00,1995-12-10 00:00:00,2023-11-27 11:52:02,matches_1995_all.csv,212,Steve Davis,England,2505,David Finbow,England,212,Steve Davis,England,212,Steve Davis,England,5,2,5,2,7,FALSE,FALSE,256,17,2847,188,2700.39081343849,2603.26173643585,2600,2600,5,5,1,2,5,10,0.636248880457383,0.363751119542617,0.94,1,0.714285714285714,0.285714285714286,2.5674118329521,-5.46257836798318,2702.95822527144,2597.79915806787,257,18,2854,195
8320008,1995-12-03 00:00:00,EventStart_Pre2008Season,1674,German Open,1995,1995-12-03 00:00:00,1995-12-10 00:00:00,2023-11-27 11:52:54,matches_1995_all.csv,153,Stephen Hendry,Scotland,41,Tony Drago,Malta,153,Stephen Hendry,Scotland,153,Stephen Hendry,Scotland,5,3,5,3,8,FALSE,FALSE,187,82,2040,679,2797.37628777084,2658.30659452689,2600,2600,5,5,1,1,5,5,0.69009201359751,0.30990798640249,1,1,0.625,0.375,-2.6036805439004,2.6036805439004,2794.77260722694,2660.91027507079,188,83,2048,687
8320009,1995-12-03 00:00:00,EventStart_Pre2008Season,1674,German Open,1995,1995-12-03 00:00:00,1995-12-10 00:00:00,2023-11-27 11:52:54,matches_1995_all.csv,177,Rod Lawler,England,193,James Wattana,Thailand,177,Rod Lawler,England,177,Rod Lawler,England,5,2,5,2,7,FALSE,FALSE,28,103,301,964,2630.3362969589,2735.62577387981,2600,2600,5,5,1,1,5,5,0.352950506403622,0.647049493596379,1,1,0.714285714285714,0.285714285714286,12.6467322758733,-12.6467322758732,2642.98302923477,2722.97904160394,29,104,308,971
8320010,1995-12-03 00:00:00,EventStart_Pre2008Season,1674,German Open,1995,1995-12-03 00:00:00,1995-12-10 00:00:00,2023-11-27 11:52:54,matches_1995_all.csv,1049,Steve James,England,3242,Mark Bennett,England,3242,Mark Bennett,England,3242,Mark Bennett,England,3,5,3,5,8,FALSE,FALSE,87,56,851,505,2660.17214564848,2639.32858077157,2600,2600,5,5,1,1,5,5,0.529960366153582,0.470039633846418,1,1,0.375,0.625,-6.19841464614328,6.19841464614328,2653.97373100234,2645.52699541771,88,57,859,513
8320011,1995-12-03 00:00:00,EventStart_Pre2008Season,1674,German Open,1995,1995-12-03 00:00:00,1995-12-10 00:00:00,2023-11-27 11:52:54,matches_1995_all.csv,170,Ken Doherty,Ireland,408,John Parrott,England,170,Ken Doherty,Ireland,170,Ken Doherty,Ireland,5,4,5,4,9,FALSE,FALSE,69,161,670,1717,2679.67120413235,2690.97478798634,2600,2600,5,5,1,1,5,5,0.483738572274868,0.516261427725132,1,1,0.555555555555556,0.444444444444444,3.23176424763093,-3.23176424763093,2682.90296837998,2687.74302373871,70,162,679,1726
8320012,1995-12-03 00:00:00,EventStart_Pre2008Season,1674,German Open,1995,1995-12-03 00:00:00,1995-12-10 00:00:00,2023-11-27 11:52:54,matches_1995_all.csv,28,Mark King,England,237,John Higgins,Scotland,237,John Higgins,Scotland,237,John Higgins,Scotland,3,5,3,5,8,FALSE,FALSE,12,41,154,383,2628.19934306438,2751.6724313391,2600,2600,5,5,2,1,10,5,0.329429111424002,0.670570888575998,1,0.77,0.375,0.625,3.64567108607983,-1.40358336814074,2631.84501415046,2750.26884797096,13,42,162,391
8320013,1995-12-03 00:00:00,EventStart_Pre2008Season,1674,German Open,1995,1995-12-03 00:00:00,1995-12-10 00:00:00,2023-11-27 11:52:54,matches_1995_all.csv,14,Nigel Bond,England,223,Darren Morgan,Wales,223,Darren Morgan,Wales,223,Darren Morgan,Wales,1,5,1,5,6,FALSE,FALSE,64,72,667,709,2700.92345609824,2670.69985287733,2600,2600,5,5,1,1,5,5,0.543385877843806,0.456614122156194,1,1,0.166666666666667,0.833333333333333,-11.3015763353142,11.3015763353142,2689.62187976293,2682.00142921264,65,73,673,715
8320014,1995-12-03 00:00:00,EventStart_Pre2008Season,1674,German Open,1995,1995-12-03 00:00:00,1995-12-10 00:00:00,2023-11-27 11:52:54,matches_1995_all.csv,44,Alan McManus,Scotland,42,Peter Ebdon,England,44,Alan McManus,Scotland,44,Alan McManus,Scotland,5,4,5,4,9,FALSE,FALSE,87,55,945,556,2724.25825019613,2716.47727721235,2600,2600,5,5,1,1,5,5,0.511195848532726,0.488804151467274,1,1,0.555555555555556,0.444444444444444,1.99618681602731,-1.99618681602731,2726.25443701216,2714.48109039633,88,56,954,565
8320015,1995-12-03 00:00:00,EventStart_Pre2008Season,1674,German Open,1995,1995-12-03 00:00:00,1995-12-10 00:00:00,2023-11-27 11:52:54,matches_1995_all.csv,409,David Roe,England,212,Steve Davis,England,409,David Roe,England,409,David Roe,England,5,3,5,3,8,FALSE,FALSE,53,257,511,2854,2631.85082330986,2702.95822527144,2600,2600,5,5,1,1,5,5,0.39907347866524,0.60092652133476,1,1,0.625,0.375,9.0370608533904,-9.0370608533904,2640.88788416325,2693.92116441805,54,258,519,2862
8320020,1995-12-03 00:00:00,EventStart_Pre2008Season,1674,German Open,1995,1995-12-03 00:00:00,1995-12-10 00:00:00,2023-11-27 11:53:15,matches_1995_all.csv,153,Stephen Hendry,Scotland,177,Rod Lawler,England,153,Stephen Hendry,Scotland,153,Stephen Hendry,Scotland,5,3,5,3,8,FALSE,FALSE,188,29,2048,308,2794.77260722694,2642.98302923477,2600,2600,5,5,1,1,5,5,0.705529768516652,0.294470231483348,1,1,0.625,0.375,-3.22119074066609,3.22119074066609,2791.55141648628,2646.20421997544,189,30,2056,316
8320021,1995-12-03 00:00:00,EventStart_Pre2008Season,1674,German Open,1995,1995-12-03 00:00:00,1995-12-10 00:00:00,2023-11-27 11:53:15,matches_1995_all.csv,3242,Mark Bennett,England,170,Ken Doherty,Ireland,170,Ken Doherty,Ireland,170,Ken Doherty,Ireland,2,5,2,5,7,FALSE,FALSE,57,70,513,679,2645.52699541771,2682.90296837998,2600,2600,5,5,1,1,5,5,0.446418188075402,0.553581811924598,1,1,0.285714285714286,0.714285714285714,-5.62463658263906,5.62463658263906,2639.90235883507,2688.52760496262,58,71,520,686
8320022,1995-12-03 00:00:00,EventStart_Pre2008Season,1674,German Open,1995,1995-12-03 00:00:00,1995-12-10 00:00:00,2023-11-27 11:53:15,matches_1995_all.csv,237,John Higgins,Scotland,223,Darren Morgan,Wales,237,John Higgins,Scotland,237,John Higgins,Scotland,5,4,5,4,9,FALSE,FALSE,42,73,391,715,2750.26884797096,2682.00142921264,2600,2600,5,5,1,1,5,5,0.596999591110544,0.403000408889456,1,1,0.555555555555556,0.444444444444444,-1.86498159997447,1.86498159997447,2748.40386637098,2683.86641081262,43,74,400,724
8320023,1995-12-03 00:00:00,EventStart_Pre2008Season,1674,German Open,1995,1995-12-03 00:00:00,1995-12-10 00:00:00,2023-11-27 11:53:15,matches_1995_all.csv,44,Alan McManus,Scotland,409,David Roe,England,44,Alan McManus,Scotland,44,Alan McManus,Scotland,5,3,5,3,8,FALSE,FALSE,88,54,954,519,2726.25443701216,2640.88788416325,2600,2600,5,5,1,1,5,5,0.620438390024751,0.379561609975249,1,1,0.625,0.375,0.182464399009947,-0.182464399009947,2726.43690141117,2640.70541976424,89,55,962,527
8320026,1995-12-03 00:00:00,EventStart_Pre2008Season,1674,German Open,1995,1995-12-03 00:00:00,1995-12-10 00:00:00,2023-11-27 11:53:29,matches_1995_all.csv,153,Stephen Hendry,Scotland,170,Ken Doherty,Ireland,170,Ken Doherty,Ireland,170,Ken Doherty,Ireland,3,6,3,6,9,FALSE,FALSE,189,71,2056,686,2791.55141648628,2688.52760496262,2600,2600,5,5,1,1,5,5,0.644065277115817,0.355934722884183,1,1,0.333333333333333,0.666666666666667,-13.9829374702118,13.9829374702118,2777.56847901607,2702.51054243283,190,72,2065,695
8320027,1995-12-03 00:00:00,EventStart_Pre2008Season,1674,German Open,1995,1995-12-03 00:00:00,1995-12-10 00:00:00,2023-11-27 11:53:29,matches_1995_all.csv,237,John Higgins,Scotland,44,Alan McManus,Scotland,237,John Higgins,Scotland,237,John Higgins,Scotland,6,5,6,5,11,FALSE,FALSE,43,89,400,962,2748.40386637098,2726.43690141117,2600,2600,5,5,1,1,5,5,0.531570946410233,0.468429053589767,1,1,0.545454545454545,0.454545454545455,0.763597947437176,-0.763597947437176,2749.16746431842,2725.67330346373,44,90,411,973
8320030,1995-12-03 00:00:00,EventStart_Pre2008Season,1674,German Open,1995,1995-12-03 00:00:00,1995-12-10 00:00:00,2023-11-27 11:53:48,matches_1995_all.csv,170,Ken Doherty,Ireland,237,John Higgins,Scotland,237,John Higgins,Scotland,237,John Higgins,Scotland,3,9,3,9,12,FALSE,FALSE,72,44,695,411,2702.51054243283,2749.16746431842,2600,2600,5,5,1,1,5,5,0.433256022906772,0.566743977093228,1,1,0.25,0.75,-10.9953613744063,10.9953613744063,2691.51518105843,2760.16282569283,73,45,707,423
8138623,1996-01-01 00:00:00,EventStart_Pre2008Season,1597,World Championship Qualifiers,1995,1996-01-01 00:00:00,1996-03-22 00:00:00,2023-09-25 08:11:04,matches_1995_all.csv,53,Jamie Burnett,Scotland,3270,Geoff Dunn,Scotland,53,Jamie Burnett,Scotland,53,Jamie Burnett,Scotland,10,1,10,1,11,FALSE,TRUE,4,0,51,0,2618.85136650532,2600,2600,2600,5,5,2,2,10,10,0.527102705660766,0.472897294339234,0.1,0.255,0.909090909090909,0.0909090909090909,4.20187023773158,-10.7147691062155,2623.05323674305,2589.28523089378,5,1,62,11
8138624,1996-01-01 00:00:00,EventStart_Pre2008Season,1597,World Championship Qualifiers,1995,1996-01-01 00:00:00,1996-03-22 00:00:00,2023-09-25 08:11:04,matches_1995_all.csv,222,Craig MacGillivray,Scotland,3233,Ian Hurdman,England,222,Craig MacGillivray,Scotland,222,Craig MacGillivray,Scotland,10,3,10,3,13,FALSE,TRUE,2,0,13,0,2577.95897175691,2600,2600,2600,5,5,2,2,10,10,0.468322894333888,0.531677105666113,0.1,0.1,0.769230769230769,0.230769230769231,3.91180237365946,-3.91180237365946,2581.87077413057,2596.08819762634,3,1,26,13
8138625,1996-01-01 00:00:00,EventStart_Pre2008Season,1597,World Championship Qualifiers,1995,1996-01-01 00:00:00,1996-03-22 00:00:00,2023-09-25 08:11:04,matches_1995_all.csv,3222,John Read,England,3316,Jim Chambers,England,3222,John Read,England,3222,John Read,England,10,2,10,2,12,FALSE,FALSE,12,18,131,168,2635.71640165419,2573.10631277653,2600,2600,5,5,2,2,10,10,0.589140319694546,0.410859680305454,0.84,0.655,0.833333333333333,0.166666666666667,24.6146557747898,-19.1935708720087,2660.33105742898,2553.91274190452,13,19,143,180
8138626,1996-01-01 00:00:00,EventStart_Pre2008Season,1597,World Championship Qualifiers,1995,1996-01-01 00:00:00,1996-03-22 00:00:00,2023-09-25 08:11:04,matches_1995_all.csv,3289,Andrew Cairns,England,600,Lee Richardson,England,3289,Andrew Cairns,England,3289,Andrew Cairns,England,10,9,10,9,19,FALSE,FALSE,20,3,216,36,2586.20127195239,2587.66040613552,2600,2600,5,5,1,2,5,10,0.497900149458769,0.502099850541231,0.18,1,0.526315789473684,0.473684210526316,0.485907444255051,-5.3989716028339,2586.68717939664,2582.26143453269,21,4,235,55
8138627,1996-01-01 00:00:00,EventStart_Pre2008Season,1597,World Championship Qualifiers,1995,1996-01-01 00:00:00,1996-03-22 00:00:00,2023-09-25 08:11:04,matches_1995_all.csv,38,Gerard Greene,Northern Ireland,3299,Robert Foxall,England,38,Gerard Greene,Northern Ireland,38,Gerard Greene,Northern Ireland,10,5,10,5,15,FALSE,FALSE,2,2,15,37,2618.7466774123,2600.05569145757,2600,2600,5,5,2,2,10,10,0.526872571913933,0.473127428086067,0.185,0.1,0.666666666666667,0.333333333333333,3.87928612938837,-2.09691142129101,2622.62596354169,2597.95878003628,3,3,30,52
8138628,1996-01-01 00:00:00,EventStart_Pre2008Season,1597,World Championship Qualifiers,1995,1996-01-01 00:00:00,1996-03-22 00:00:00,2023-09-25 08:11:04,matches_1995_all.csv,33,Dominic Dale,Wales,3317,Mark Rowing,England,33,Dominic Dale,Wales,33,Dominic Dale,Wales,10,7,10,7,17,FALSE,FALSE,7,20,84,223,2598.53770964824,2562.21173326078,2600,2600,5,5,2,1,10,5,0.552087619174179,0.447912380825821,1,0.42,0.588235294117647,0.411764705882353,6.14510474038958,-1.29047199548181,2604.68281438863,2560.9212612653,8,21,101,240
8138629,1996-01-01 00:00:00,EventStart_Pre2008Season,1597,World Championship Qualifiers,1995,1996-01-01 00:00:00,1996-03-22 00:00:00,2023-09-25 08:11:04,matches_1995_all.csv,37,Peter Lines,England,3439,Paul Davison (1973),England,37,Peter Lines,England,37,Peter Lines,England,10,4,10,4,14,FALSE,TRUE,3,0,30,0,2587.76865962158,2600,2600,2600,5,5,2,2,10,10,0.482404954534501,0.517595045465499,0.1,0.15,0.714285714285714,0.285714285714286,3.24633063651699,-4.86949595477549,2591.0149902581,2595.13050404522,4,1,44,14
8138630,1996-01-01 00:00:00,EventStart_Pre2008Season,1597,World Championship Qualifiers,1995,1996-01-01 00:00:00,1996-03-22 00:00:00,2023-09-25 08:11:04,matches_1995_all.csv,3301,Martin O'Neill,Northern Ireland,3279,Oliver King,England,3301,Martin O'Neill,Northern Ireland,3301,Martin O'Neill,Northern Ireland,10,8,10,8,18,FALSE,FALSE,1,4,18,61,2598.81460927408,2571.1926395365,2600,2600,5,5,2,2,10,10,0.539667670092138,0.460332329907862,0.305,0.1,0.555555555555556,0.444444444444444,0.872244911941597,-0.285981938341507,2599.68685418602,2570.90665759816,2,5,36,79
8138631,1996-01-01 00:00:00,EventStart_Pre2008Season,1597,World Championship Qualifiers,1995,1996-01-01 00:00:00,1996-03-22 00:00:00,2023-09-25 08:11:04,matches_1995_all.csv,3204,Nick Walker,England,1191,Paul Hunter,England,3204,Nick Walker,England,3204,Nick Walker,England,10,4,10,4,14,FALSE,TRUE,4,0,60,0,2578.93595358212,2600,2600,2600,5,5,2,2,10,10,0.46972348672527,0.53027651327473,0.1,0.3,0.714285714285714,0.285714285714286,3.42387118584622,-10.2716135575387,2582.35982476796,2589.72838644246,5,1,74,14
8138632,1996-01-01 00:00:00,EventStart_Pre2008Season,1597,World Championship Qualifiers,1995,1996-01-01 00:00:00,1996-03-22 00:00:00,2023-09-25 08:11:04,matches_1995_all.csv,3254,Stephen O'Connor,Ireland,2874,Tony Meo,England,3254,Stephen O'Connor,Ireland,3254,Stephen O'Connor,Ireland,10,8,10,8,18,FALSE,FALSE,10,109,132,1130,2613.36368520137,2616.32619927203,2600,2600,5,5,2,1,10,5,0.495736702861854,0.504263297138146,1,0.66,0.555555555555556,0.444444444444444,10.7673934848663,-3.55323985000587,2624.13107868624,2612.77295942202,11,110,150,1148
8138633,1996-01-01 00:00:00,EventStart_Pre2008Season,1597,World Championship Qualifiers,1995,1996-01-01 00:00:00,1996-03-22 00:00:00,2023-09-25 08:11:04,matches_1995_all.csv,3220,Euan Henderson,Scotland,1162,Sean Storey,England,3220,Euan Henderson,Scotland,3220,Euan Henderson,Scotland,10,8,10,8,18,FALSE,FALSE,8,6,95,80,2664.37202607168,2595.21376859021,2600,2600,5,5,2,2,10,10,0.598232745291098,0.401767254708902,0.4,0.475,0.555555555555556,0.444444444444444,-3.07275766095903,3.64889972238885,2661.29926841072,2598.8626683126,9,7,113,98
8138634,1996-01-01 00:00:00,EventStart_Pre2008Season,1597,World Championship Qualifiers,1995,1996-01-01 00:00:00,1996-03-22 00:00:00,2023-09-25 08:11:04,matches_1995_all.csv,3218,Anthony Bolsover,England,3234,Jason Wallace,England,3218,Anthony Bolsover,England,3218,Anthony Bolsover,England,10,9,10,9,19,FALSE,FALSE,5,4,53,58,2607.57681915928,2611.6346305134,2600,2600,5,5,2,2,10,10,0.4941606055492,0.5058393944508,0.29,0.265,0.526315789473684,0.473684210526316,1.77175063423906,-1.61901351059777,2609.34856979352,2610.01561700281,6,5,72,77
8138635,1996-01-01 00:00:00,EventStart_Pre2008Season,1597,World Championship Qualifiers,1995,1996-01-01 00:00:00,1996-03-22 00:00:00,2023-09-25 08:11:04,matches_1995_all.csv,1931,Noppadon Noppachorn,Thailand,3328,Steve Archer,England,1931,Noppadon Noppachorn,Thailand,1931,Noppadon Noppachorn,Thailand,10,0,10,0,10,FALSE,TRUE,3,0,47,0,2638.94305568085,2600,2600,2600,5,5,2,2,10,10,0.55581003414694,0.44418996585306,0.1,0.235,1,0,4.4418996585306,-10.4384641975469,2643.38495533938,2589.56153580245,4,1,57,10
8138636,1996-01-01 00:00:00,EventStart_Pre2008Season,1597,World Championship Qualifiers,1995,1996-01-01 00:00:00,1996-03-22 00:00:00,2023-09-25 08:11:04,matches_1995_all.csv,922,Nick Dyson,England,2744,Joe Grech,Malta,922,Nick Dyson,England,922,Nick Dyson,England,10,9,10,9,19,FALSE,FALSE,16,14,182,165,2585.83165018153,2547.84880546424,2600,2600,5,5,2,2,10,10,0.55444497844782,0.44555502155218,0.825,0.91,0.526315789473684,0.473684210526316,-4.40925037169581,4.8635367736281,2581.42239980984,2552.71234223787,17,15,201,184
8138637,1996-01-01 00:00:00,EventStart_Pre2008Season,1597,World Championship Qualifiers,1995,1996-01-01 00:00:00,1996-03-22 00:00:00,2023-09-25 08:11:04,matches_1995_all.csv,2872,Karl Burrows,England,92,Robert Milkins,England,2872,Karl Burrows,England,2872,Karl Burrows,England,10,7,10,7,17,FALSE,TRUE,2,0,28,0,2587.85787732043,2600,2600,2600,5,5,2,2,10,10,0.48253319128363,0.51746680871637,0.1,0.14,0.588235294117647,0.411764705882353,1.7969357481783,-2.51571004744961,2589.65481306861,2597.48428995255,3,1,45,17
8138638,1996-01-01 00:00:00,EventStart_Pre2008Season,1597,World Championship Qualifiers,1995,1996-01-01 00:00:00,1996-03-22 00:00:00,2023-09-25 08:11:04,matches_1995_all.csv,1193,Garry Baldrey,England,83,Shokat Ali,Pakistan,1193,Garry Baldrey,England,1193,Garry Baldrey,England,10,9,10,9,19,TRUE,FALSE,0,5,0,36,2600,2601.62307318794,2600,2600,5,5,2,2,10,10,0.497664226912062,0.502335773087938,0.18,0.1,0.526315789473684,0.473684210526316,0.979883439607478,-0.544379688670821,2600.97988343961,2601.07869349927,1,6,19,55
8138639,1996-01-01 00:00:00,EventStart_Pre2008Season,1597,World Championship Qualifiers,1995,1996-01-01 00:00:00,1996-03-22 00:00:00,2023-09-25 08:11:04,matches_1995_all.csv,3224,Darren Clarke,England,3318,Colin Morton,England,3224,Darren Clarke,England,3224,Darren Clarke,England,10,6,10,6,16,FALSE,FALSE,2,3,20,53,2565.54783653133,2579.74691324829,2600,2600,5,5,2,2,10,10,0.479577254850021,0.520422745149979,0.265,0.1,0.625,0.375,6.1659243943591,-2.32676392239966,2571.71376092569,2577.42014932589,3,4,36,69
8138640,1996-01-01 00:00:00,EventStart_Pre2008Season,1597,World Championship Qualifiers,1995,1996-01-01 00:00:00,1996-03-22 00:00:00,2023-09-25 08:11:04,matches_1995_all.csv,2004,Wayne Brown,England,3440,David Wilson,England,2004,Wayne Brown,England,2004,Wayne Brown,England,10,3,10,3,13,FALSE,TRUE,4,0,30,0,2602.13635341608,2600,2600,2600,5,5,2,2,10,10,0.50307442095873,0.49692557904127,0.1,0.15,0.769230769230769,0.230769230769231,3.46003252753651,-5.19004879130477,2605.59638594362,2594.8099512087,5,1,43,13
8138641,1996-01-01 00:00:00,EventStart_Pre2008Season,1597,World Championship Qualifiers,1995,1996-01-01 00:00:00,1996-03-22 00:00:00,2023-09-25 08:11:04,matches_1995_all.csv,36,Jimmy Michie,England,3297,Yasin Merchant,India,36,Jimmy Michie,England,36,Jimmy Michie,England,10,7,10,7,17,FALSE,FALSE,9,3,89,29,2606.36128426402,2587.71508756395,2600,2600,5,5,2,2,10,10,0.526808300736587,0.473191699263413,0.145,0.445,0.588235294117647,0.411764705882353,1.51417538684314,-4.64695204927722,2607.87545965086,2583.06813551467,10,4,106,46
8138642,1996-01-01 00:00:00,EventStart_Pre2008Season,1597,World Championship Qualifiers,1995,1996-01-01 00:00:00,1996-03-22 00:00:00,2023-09-25 08:11:04,matches_1995_all.csv,3280,Karl Payne,England,6,Barry Pinches,England,3280,Karl Payne,England,3280,Karl Payne,England,10,7,10,7,17,FALSE,FALSE,9,13,124,188,2598.36100363452,2578.90021813419,2600,2600,5,5,2,2,10,10,0.52797706916728,0.47202293083272,0.94,0.62,0.588235294117647,0.411764705882353,9.62926434706867,-6.3512169097687,2607.99026798159,2572.54900122442,10,14,141,205
8138643,1996-01-01 00:00:00,EventStart_Pre2008Season,1597,World Championship Qualifiers,1995,1996-01-01 00:00:00,1996-03-22 00:00:00,2023-09-25 08:11:04,matches_1995_all.csv,173,Paul Davies,Wales,11,Marcus Campbell,Scotland,173,Paul Davies,Wales,173,Paul Davies,Wales,10,8,10,8,18,FALSE,FALSE,16,5,150,60,2611.22509927441,2612.77471218658,2600,2600,5,5,2,2,10,10,0.497769942542727,0.502230057457273,0.3,0.75,0.555555555555556,0.444444444444444,3.12042310269275,-7.80105775673188,2614.3455223771,2604.97365442985,17,6,168,78
8138644,1996-01-01 00:00:00,EventStart_Pre2008Season,1597,World Championship Qualifiers,1995,1996-01-01 00:00:00,1996-03-22 00:00:00,2023-09-25 08:11:04,matches_1995_all.csv,3260,Chris Scanlon,England,492,Stefan Mazrocis,England,3260,Chris Scanlon,England,3260,Chris Scanlon,England,10,8,10,8,18,FALSE,FALSE,3,9,30,140,2573.97082451323,2631.62491518929,2600,2600,5,5,2,2,10,10,0.417782379044289,0.582217620955711,0.7,0.15,0.555555555555556,0.444444444444444,17.3594202404196,-3.71987576580419,2591.33024475364,2627.90503942348,4,10,48,158
8138645,1996-01-01 00:00:00,EventStart_Pre2008Season,1597,World Championship Qualifiers,1995,1996-01-01 00:00:00,1996-03-22 00:00:00,2023-09-25 08:11:04,matches_1995_all.csv,103,Ian McCulloch,England,711,Richy McDonald,Scotland,103,Ian McCulloch,England,103,Ian McCulloch,England,10,5,10,5,15,FALSE,TRUE,1,0,19,0,2587.93563673454,2600,2600,2600,5,5,2,2,10,10,0.482644960384128,0.517355039615872,0.1,0.1,0.666666666666667,0.333333333333333,2.76032559423808,-2.76032559423808,2590.69596232878,2597.23967440576,2,1,34,15
8138646,1996-01-01 00:00:00,EventStart_Pre2008Season,1597,World Championship Qualifiers,1995,1996-01-01 00:00:00,1996-03-22 00:00:00,2023-09-25 08:11:04,matches_1995_all.csv,3296,Jamie Woodman,England,3250,Matt Wilson,England,3296,Jamie Woodman,England,3296,Jamie Woodman,England,10,5,10,5,15,FALSE,FALSE,8,3,90,37,2610.39886439525,2585.4436135633,2600,2600,5,5,2,2,10,10,0.535851859411293,0.464148140588707,0.185,0.45,0.666666666666667,0.333333333333333,3.63011090133662,-8.82999948973772,2614.02897529659,2576.61361407356,9,4,105,52
8138647,1996-01-01 00:00:00,EventStart_Pre2008Season,1597,World Championship Qualifiers,1995,1996-01-01 00:00:00,1996-03-22 00:00:00,2023-09-25 08:11:04,matches_1995_all.csv,794,Ian Brumby,England,3273,John Giles,England,794,Ian Brumby,England,794,Ian Brumby,England,10,5,10,5,15,FALSE,FALSE,12,5,155,72,2593.09491825241,2625.55370461549,2600,2600,5,5,2,2,10,10,0.453423479711986,0.546576520288014,0.36,0.775,0.666666666666667,0.333333333333333,11.5151320955527,-24.7895204834816,2604.61005034796,2600.76418413201,13,6,170,87
8138648,1996-01-01 00:00:00,EventStart_Pre2008Season,1597,World Championship Qualifiers,1995,1996-01-01 00:00:00,1996-03-22 00:00:00,2023-09-25 08:11:04,matches_1995_all.csv,3247,Chris Shade,Scotland,179,Stuart Pettman,England,3247,Chris Shade,Scotland,3247,Chris Shade,Scotland,10,6,10,6,16,TRUE,FALSE,0,4,0,44,2600,2593.81016535583,2600,2600,5,5,2,2,10,10,0.508906945771847,0.491093054228153,0.22,0.1,0.625,0.375,4.08647550883099,-1.85748886765045,2604.08647550883,2591.95267648818,1,5,16,60
8138649,1996-01-01 00:00:00,EventStart_Pre2008Season,1597,World Championship Qualifiers,1995,1996-01-01 00:00:00,1996-03-22 00:00:00,2023-09-25 08:11:04,matches_1995_all.csv,213,Steve Judd,England,1659,Adrian Rosa,England,213,Steve Judd,England,213,Steve Judd,England,10,7,10,7,17,FALSE,FALSE,4,3,52,41,2581.29402382497,2627.25264182294,2600,2600,5,5,2,2,10,10,0.434243319478813,0.565756680521186,0.205,0.26,0.588235294117647,0.411764705882353,5.36662031616335,-6.80644527903644,2586.66064414113,2620.4461965439,5,4,69,58
8138650,1996-01-01 00:00:00,EventStart_Pre2008Season,1597,World Championship Qualifiers,1995,1996-01-01 00:00:00,1996-03-22 00:00:00,2023-09-25 08:11:04,matches_1995_all.csv,525,David McLellan,Scotland,3441,Bj&oslash;rn L'Orange,Norway,525,David McLellan,Scotland,525,David McLellan,Scotland,10,5,10,5,15,FALSE,FALSE,2,6,19,94,2577.1398958566,2606.23605507999,2600,2600,5,5,2,2,10,10,0.458224875875712,0.541775124124288,0.47,0.1,0.666666666666667,0.333333333333333,14.6951462507623,-3.12662686186432,2591.83504210736,2603.10942821812,3,7,34,109
8138651,1996-01-01 00:00:00,EventStart_Pre2008Season,1597,World Championship Qualifiers,1995,1996-01-01 00:00:00,1996-03-22 00:00:00,2023-09-25 08:11:04,matches_1995_all.csv,204,Michael Judge,Ireland,3221,Gary Ponting,England,204,Michael Judge,Ireland,204,Michael Judge,Ireland,10,9,10,9,19,FALSE,FALSE,4,5,56,77,2570.92476439433,2592.56475854909,2600,2600,5,5,2,2,10,10,0.468897754085892,0.531102245914108,0.385,0.28,0.526315789473684,0.473684210526316,4.20012928861702,-3.05463948263055,2575.12489368295,2589.51011906646,5,6,75,96
8138652,1996-01-01 00:00:00,EventStart_Pre2008Season,1597,World Championship Qualifiers,1995,1996-01-01 00:00:00,1996-03-22 00:00:00,2023-09-25 08:11:04,matches_1995_all.csv,1190,Surinder Gill,England,452,David Taylor,England,1190,Surinder Gill,England,1190,Surinder Gill,England,10,6,10,6,16,FALSE,FALSE,8,69,123,730,2614.31728595323,2543.38435776439,2600,2600,5,5,2,1,10,5,0.600685639485748,0.399314360514252,1,0.615,0.625,0.375,3.8902976822803,-1.19626653730119,2618.20758363551,2542.18809122709,9,70,139,746
8138653,1996-01-01 00:00:00,EventStart_Pre2008Season,1597,World Championship Qualifiers,1995,1996-01-01 00:00:00,1996-03-22 00:00:00,2023-09-25 08:11:04,matches_1995_all.csv,52,Graeme Dott,Scotland,3309,John Bayliss,England,52,Graeme Dott,Scotland,52,Graeme Dott,Scotland,10,2,10,2,12,TRUE,TRUE,0,0,0,0,2600,2600,2600,2600,5,5,2,2,10,10,0.5,0.5,0.1,0.1,0.833333333333333,0.166666666666667,4,-4,2604,2596,1,1,12,12
8138654,1996-01-01 00:00:00,EventStart_Pre2008Season,1597,World Championship Qualifiers,1995,1996-01-01 00:00:00,1996-03-22 00:00:00,2023-09-25 08:11:04,matches_1995_all.csv,3206,Martin Dziewialtowski,Scotland,3219,Troy Shaw,England,3206,Martin Dziewialtowski,Scotland,3206,Martin Dziewialtowski,Scotland,10,3,10,3,13,FALSE,FALSE,1,6,13,62,2590.06003744453,2599.9839451114,2600,2600,5,5,2,2,10,10,0.485722231524964,0.514277768475036,0.31,0.1,0.769230769230769,0.230769230769231,11.4253940695439,-3.68561099017546,2601.48543151407,2596.29833412122,2,7,26,75
8138655,1996-01-01 00:00:00,EventStart_Pre2008Season,1597,World Championship Qualifiers,1995,1996-01-01 00:00:00,1996-03-22 00:00:00,2023-09-25 08:18:38,matches_1995_all.csv,1,Mark J Williams,Wales,53,Jamie Burnett,Scotland,53,Jamie Burnett,Scotland,53,Jamie Burnett,Scotland,8,10,8,10,18,FALSE,FALSE,14,5,127,62,2577.72610595025,2623.05323674305,2600,2600,5,5,2,2,10,10,0.435136597060891,0.564863402939109,0.31,0.635,0.444444444444444,0.555555555555556,0.519377884002257,-1.06388695594011,2578.24548383425,2621.98934978711,15,6,145,80
8138656,1996-01-01 00:00:00,EventStart_Pre2008Season,1597,World Championship Qualifiers,1995,1996-01-01 00:00:00,1996-03-22 00:00:00,2023-09-25 08:18:38,matches_1995_all.csv,3242,Mark Bennett,England,222,Craig MacGillivray,Scotland,222,Craig MacGillivray,Scotland,222,Craig MacGillivray,Scotland,9,10,9,10,19,FALSE,FALSE,58,3,520,26,2639.90235883507,2581.87077413057,2600,2600,5,5,1,2,5,10,0.582746094792711,0.417253905207289,0.13,1,0.473684210526316,0.526315789473684,-1.34691427068999,20.7217580106152,2638.55544456438,2602.59253214118,59,4,539,45
8138657,1996-01-01 00:00:00,EventStart_Pre2008Season,1597,World Championship Qualifiers,1995,1996-01-01 00:00:00,1996-03-22 00:00:00,2023-09-25 08:18:38,matches_1995_all.csv,28,Mark King,England,3222,John Read,England,28,Mark King,England,28,Mark King,England,10,9,10,9,19,FALSE,FALSE,13,13,162,143,2631.84501415046,2660.33105742898,2600,2600,5,5,2,2,10,10,0.459096901149784,0.540903098850216,0.715,0.81,0.526315789473684,0.473684210526316,9.13168597880188,-10.3449869130483,2640.97670012926,2649.98607051593,14,14,181,162
8138658,1996-01-01 00:00:00,EventStart_Pre2008Season,1597,World Championship Qualifiers,1995,1996-01-01 00:00:00,1996-03-22 00:00:00,2023-09-25 08:18:38,matches_1995_all.csv,800,Wayne Jones,Wales,3289,Andrew Cairns,England,800,Wayne Jones,Wales,800,Wayne Jones,Wales,10,7,10,7,17,FALSE,FALSE,56,21,540,235,2619.38614950279,2586.68717939664,2600,2600,5,5,1,1,5,5,0.546919150967405,0.453080849032595,1,1,0.588235294117647,0.411764705882353,3.51187216777055,-3.51187216777055,2622.89802167057,2583.17530722887,57,22,557,252
8138659,1996-01-01 00:00:00,EventStart_Pre2008Season,1597,World Championship Qualifiers,1995,1996-01-01 00:00:00,1996-03-22 00:00:00,2023-09-25 08:18:38,matches_1995_all.csv,806,Doug Mountjoy,Wales,38,Gerard Greene,Northern Ireland,38,Gerard Greene,Northern Ireland,38,Gerard Greene,Northern Ireland,4,10,4,10,14,FALSE,FALSE,149,3,1547,30,2605.11640441802,2622.62596354169,2600,2600,5,5,1,2,5,10,0.474823030188246,0.525176969811754,0.15,1,0.285714285714286,0.714285714285714,-1.98564181697659,26.4752242263545,2603.13076260104,2649.10118776804,150,4,1561,44
8138660,1996-01-01 00:00:00,EventStart_Pre2008Season,1597,World Championship Qualifiers,1995,1996-01-01 00:00:00,1996-03-22 00:00:00,2023-09-25 08:18:38,matches_1995_all.csv,469,Joe Johnson,England,33,Dominic Dale,Wales,33,Dominic Dale,Wales,33,Dominic Dale,Wales,7,10,7,10,17,FALSE,FALSE,114,8,1132,101,2622.77277891078,2604.68281438863,2600,2600,5,5,1,2,5,10,0.526010051626411,0.473989948373589,0.505,1,0.411764705882353,0.588235294117647,-4.90398146606369,19.4217087764899,2617.86879744471,2624.10452316512,115,9,1149,118
8138661,1996-01-01 00:00:00,EventStart_Pre2008Season,1597,World Championship Qualifiers,1995,1996-01-01 00:00:00,1996-03-22 00:00:00,2023-09-25 08:18:38,matches_1995_all.csv,2880,Chris Small,Scotland,37,Peter Lines,England,2880,Chris Small,Scotland,2880,Chris Small,Scotland,10,7,10,7,17,FALSE,FALSE,16,4,222,44,2628.5922421137,2591.0149902581,2600,2600,5,5,2,2,10,10,0.553868131219965,0.446131868780035,0.22,1,0.588235294117647,0.411764705882353,1.28533189237331,-5.84241769260593,2629.87757400607,2585.17257256549,17,5,239,61
8138662,1996-01-01 00:00:00,EventStart_Pre2008Season,1597,World Championship Qualifiers,1995,1996-01-01 00:00:00,1996-03-22 00:00:00,2023-09-25 08:18:38,matches_1995_all.csv,13,Stephen Lee,England,3301,Martin O'Neill,Northern Ireland,13,Stephen Lee,England,13,Stephen Lee,England,10,7,10,7,17,FALSE,FALSE,21,2,223,36,2669.78177949229,2599.68685418602,2600,2600,5,5,1,2,5,10,0.599527999460301,0.400472000539699,0.18,1,0.588235294117647,0.411764705882353,-0.172778391742601,1.91975990825111,2669.60900110055,2601.60661409428,22,3,240,53
8138663,1996-01-01 00:00:00,EventStart_Pre2008Season,1597,World Championship Qualifiers,1995,1996-01-01 00:00:00,1996-03-22 00:00:00,2023-09-25 08:18:38,matches_1995_all.csv,714,Billy Snaddon,Scotland,3204,Nick Walker,England,3204,Nick Walker,England,3204,Nick Walker,England,9,10,9,10,19,FALSE,FALSE,16,5,193,74,2634.43431735065,2582.35982476796,2600,2600,5,5,2,2,10,10,0.574385037756854,0.425614962243146,0.37,0.965,0.473684210526316,0.526315789473684,-7.07926815430682,18.4634966727191,2627.35504919635,2600.82332144068,17,6,212,93
8138664,1996-01-01 00:00:00,EventStart_Pre2008Season,1597,World Championship Qualifiers,1995,1996-01-01 00:00:00,1996-03-22 00:00:00,2023-09-25 08:18:38,matches_1995_all.csv,802,Tony Chappel,Wales,3254,Stephen O'Connor,Ireland,802,Tony Chappel,Wales,802,Tony Chappel,Wales,10,8,10,8,18,FALSE,FALSE,46,11,426,150,2590.149865105,2624.13107868624,2600,2600,5,5,1,2,5,10,0.451252442845321,0.548747557154679,0.75,1,0.555555555555556,0.444444444444444,7.04046010794085,-18.7745602878423,2597.19032521294,2605.3565183984,47,12,444,168
8138665,1996-01-01 00:00:00,EventStart_Pre2008Season,1597,World Championship Qualifiers,1995,1996-01-01 00:00:00,1996-03-22 00:00:00,2023-09-25 08:18:38,matches_1995_all.csv,716,Paul McPhillips,Scotland,3220,Euan Henderson,Scotland,3220,Euan Henderson,Scotland,3220,Euan Henderson,Scotland,5,10,5,10,15,FALSE,FALSE,9,9,110,113,2582.75715910318,2661.29926841072,2600,2600,5,5,2,2,10,10,0.388855712523686,0.611144287476314,0.565,0.55,0.333333333333333,0.666666666666667,-4.70552163638237,4.58059628320408,2578.05163746679,2665.87986469392,10,10,125,128
8138666,1996-01-01 00:00:00,EventStart_Pre2008Season,1597,World Championship Qualifiers,1995,1996-01-01 00:00:00,1996-03-22 00:00:00,2023-09-25 08:18:38,matches_1995_all.csv,449,Les Dodd,England,3218,Anthony Bolsover,England,3218,Anthony Bolsover,England,3218,Anthony Bolsover,England,6,10,6,10,16,FALSE,FALSE,40,6,413,72,2611.68314378711,2609.34856979352,2600,2600,5,5,1,2,5,10,0.503359671483634,0.496640328516366,0.36,1,0.375,0.625,-3.69675853872865,20.5375474373814,2607.98638524838,2629.8861172309,41,7,429,88
8138667,1996-01-01 00:00:00,EventStart_Pre2008Season,1597,World Championship Qualifiers,1995,1996-01-01 00:00:00,1996-03-22 00:00:00,2023-09-25 08:18:38,matches_1995_all.csv,1166,Drew Henry,Scotland,1931,Noppadon Noppachorn,Thailand,1166,Drew Henry,Scotland,1166,Drew Henry,Scotland,10,6,10,6,16,FALSE,FALSE,12,4,154,57,2673.26461157369,2643.38495533938,2600,2600,5,5,2,2,10,10,0.542894583167043,0.457105416832957,0.285,0.77,0.625,0.375,3.74400700758283,-10.1153873538203,2677.00861858127,2633.26956798556,13,5,170,73
8138668,1996-01-01 00:00:00,EventStart_Pre2008Season,1597,World Championship Qualifiers,1995,1996-01-01 00:00:00,1996-03-22 00:00:00,2023-09-25 08:18:38,matches_1995_all.csv,3269,Mark Johnston-Allen,England,922,Nick Dyson,England,922,Nick Dyson,England,922,Nick Dyson,England,4,10,4,10,14,FALSE,FALSE,39,17,351,201,2624.78799387344,2581.42239980984,2600,2600,5,5,1,2,5,10,0.562086026354161,0.437913973645839,1,1,0.285714285714286,0.714285714285714,-19.3460218447913,38.6920436895825,2605.44197202865,2620.11444349942,40,18,365,215
8138669,1996-01-01 00:00:00,EventStart_Pre2008Season,1597,World Championship Qualifiers,1995,1996-01-01 00:00:00,1996-03-22 00:00:00,2023-09-25 08:18:38,matches_1995_all.csv,15,Mark Davis,England,2872,Karl Burrows,England,15,Mark Davis,England,15,Mark Davis,England,10,7,10,7,17,FALSE,FALSE,14,3,188,45,2679.28264033962,2589.65481306861,2600,2600,5,5,2,2,10,10,0.626197737350537,0.373802262649463,0.225,0.94,0.588235294117647,0.411764705882353,-1.45206345365804,6.06639842861583,2677.83057688596,2595.72121149722,15,4,205,62
8138670,1996-01-01 00:00:00,EventStart_Pre2008Season,1597,World Championship Qualifiers,1995,1996-01-01 00:00:00,1996-03-22 00:00:00,2023-09-25 08:18:38,matches_1995_all.csv,3302,Mark Flowerdew,England,1193,Garry Baldrey,England,3302,Mark Flowerdew,England,3302,Mark Flowerdew,England,10,4,10,4,14,FALSE,FALSE,11,1,112,19,2616.13592382935,2600.97988343961,2600,2600,5,5,2,2,10,10,0.521797470815772,0.478202529184228,0.1,0.56,0.714285714285714,0.285714285714286,2.69483540857919,-15.0910782880435,2618.83075923793,2585.88880515156,12,2,126,33
8138671,1996-01-01 00:00:00,EventStart_Pre2008Season,1597,World Championship Qualifiers,1995,1996-01-01 00:00:00,1996-03-22 00:00:00,2023-09-25 08:18:38,matches_1995_all.csv,177,Rod Lawler,England,3224,Darren Clarke,England,177,Rod Lawler,England,177,Rod Lawler,England,10,8,10,8,18,FALSE,FALSE,30,3,316,36,2646.20421997544,2571.71376092569,2600,2600,5,5,1,2,5,10,0.605587453701194,0.394412546298806,0.18,1,0.555555555555556,0.444444444444444,-0.810516749959337,9.00574166621485,2645.39370322548,2580.7195025919,31,4,334,54
8138672,1996-01-01 00:00:00,EventStart_Pre2008Season,1597,World Championship Qualifiers,1995,1996-01-01 00:00:00,1996-03-22 00:00:00,2023-09-25 08:18:38,matches_1995_all.csv,795,Steve Newbury,Wales,2004,Wayne Brown,England,2004,Wayne Brown,England,2004,Wayne Brown,England,9,10,9,10,19,FALSE,FALSE,65,5,546,43,2590.99965328688,2605.59638594362,2600,2600,5,5,1,2,5,10,0.47900596366148,0.52099403633852,0.215,1,0.473684210526316,0.526315789473684,-0.108696807785725,1.01113309568117,2590.89095647909,2606.6075190393,66,6,565,62
8138673,1996-01-01 00:00:00,EventStart_Pre2008Season,1597,World Championship Qualifiers,1995,1996-01-01 00:00:00,1996-03-22 00:00:00,2023-09-25 08:18:38,matches_1995_all.csv,1355,Tony Jones,England,36,Jimmy Michie,England,36,Jimmy Michie,England,36,Jimmy Michie,England,4,10,4,10,14,FALSE,FALSE,55,10,529,106,2599.98485160443,2607.87545965086,2600,2600,5,5,1,2,5,10,0.488646454156459,0.511353545843541,0.53,1,0.285714285714286,0.714285714285714,-7.52878344920465,28.4105035819043,2592.45606815522,2636.28596323277,56,11,543,120
8138674,1996-01-01 00:00:00,EventStart_Pre2008Season,1597,World Championship Qualifiers,1995,1996-01-01 00:00:00,1996-03-22 00:00:00,2023-09-25 08:18:38,matches_1995_all.csv,2505,David Finbow,England,3280,Karl Payne,England,2505,David Finbow,England,2505,David Finbow,England,10,9,10,9,19,FALSE,FALSE,18,10,195,141,2597.79915806787,2607.99026798159,2600,2600,5,5,2,2,10,10,0.48533801865147,0.514661981348531,0.705,0.975,0.526315789473684,0.473684210526316,5.48897240163567,-7.59113204481527,2603.2881304695,2600.39913593677,19,11,214,160
8138675,1996-01-01 00:00:00,EventStart_Pre2008Season,1597,World Championship Qualifiers,1995,1996-01-01 00:00:00,1996-03-22 00:00:00,2023-09-25 08:18:38,matches_1995_all.csv,470,Cliff Thorburn,Canada,173,Paul Davies,Wales,173,Paul Davies,Wales,173,Paul Davies,Wales,3,10,3,10,13,FALSE,FALSE,167,17,1982,168,2641.73172107859,2614.3455223771,2600,2600,5,5,1,2,5,10,0.539330485793299,0.460669514206701,0.84,1,0.230769230769231,0.769230769230769,-16.8474445243141,40.1129631531289,2624.88427655427,2654.45848553023,168,18,1995,181
8138676,1996-01-01 00:00:00,EventStart_Pre2008Season,1597,World Championship Qualifiers,1995,1996-01-01 00:00:00,1996-03-22 00:00:00,2023-09-25 08:18:38,matches_1995_all.csv,2871,Jason Prince,Northern Ireland,3260,Chris Scanlon,England,2871,Jason Prince,Northern Ireland,2871,Jason Prince,Northern Ireland,10,4,10,4,14,FALSE,FALSE,24,4,254,48,2576.79913666133,2591.33024475364,2600,2600,5,5,1,2,5,10,0.479100239247993,0.520899760752007,0.24,1,0.714285714285714,0.285714285714286,3.95111598063371,-32.9259665052809,2580.75025264197,2558.40427824836,25,5,268,62
8138677,1996-01-01 00:00:00,EventStart_Pre2008Season,1597,World Championship Qualifiers,1995,1996-01-01 00:00:00,1996-03-22 00:00:00,2023-09-25 08:18:38,matches_1995_all.csv,1052,Nigel Gilbert,England,103,Ian McCulloch,England,103,Ian McCulloch,England,103,Ian McCulloch,England,8,10,8,10,18,FALSE,FALSE,35,2,378,34,2564.88882880238,2590.69596232878,2600,2600,5,5,1,2,5,10,0.462928702845481,0.537071297154519,0.17,1,0.444444444444444,0.555555555555556,-0.282809153535857,3.32716651218657,2564.60601964884,2594.02312884097,36,3,396,52
8138678,1996-01-01 00:00:00,EventStart_Pre2008Season,1597,World Championship Qualifiers,1995,1996-01-01 00:00:00,1996-03-22 00:00:00,2023-09-25 08:18:38,matches_1995_all.csv,63,Fergal O'Brien,Ireland,3296,Jamie Woodman,England,63,Fergal O'Brien,Ireland,63,Fergal O'Brien,Ireland,10,7,10,7,17,FALSE,FALSE,13,9,147,105,2696.58672864968,2614.02897529659,2600,2600,5,5,2,2,10,10,0.616623390912646,0.383376609087354,0.525,0.735,0.588235294117647,0.411764705882353,-2.53363763895368,3.54709269453515,2694.05309101072,2617.57606799112,14,10,164,122
8138679,1996-01-01 00:00:00,EventStart_Pre2008Season,1597,World Championship Qualifiers,1995,1996-01-01 00:00:00,1996-03-22 00:00:00,2023-09-25 08:18:38,matches_1995_all.csv,205,Mike Hallett,England,794,Ian Brumby,England,205,Mike Hallett,England,205,Mike Hallett,England,10,5,10,5,15,FALSE,FALSE,122,13,1154,170,2636.59917716826,2604.61005034796,2600,2600,5,5,1,2,5,10,0.545906406965916,0.454093593034084,0.85,1,0.666666666666667,0.333333333333333,7.69846655592287,-18.1140389551126,2644.29764372419,2586.49601139285,123,14,1169,185
8138680,1996-01-01 00:00:00,EventStart_Pre2008Season,1597,World Championship Qualifiers,1995,1996-01-01 00:00:00,1996-03-22 00:00:00,2023-09-25 08:18:38,matches_1995_all.csv,672,Jonathan Birch,England,3247,Chris Shade,Scotland,672,Jonathan Birch,England,672,Jonathan Birch,England,10,9,10,9,19,FALSE,FALSE,18,1,208,16,2577.85991211141,2604.08647550883,2600,2600,5,5,2,2,10,10,0.462328466865313,0.537671533134687,0.1,1,0.526315789473684,0.473684210526316,1.21575912955905,-12.1575912955905,2579.07567124097,2591.92888421324,19,2,227,35
8138681,1996-01-01 00:00:00,EventStart_Pre2008Season,1597,World Championship Qualifiers,1995,1996-01-01 00:00:00,1996-03-22 00:00:00,2023-09-25 08:18:38,matches_1995_all.csv,3248,Nick Terry,England,213,Steve Judd,England,3248,Nick Terry,England,3248,Nick Terry,England,10,9,10,9,19,FALSE,FALSE,23,5,260,69,2590.88137364528,2586.66064414113,2600,2600,5,5,1,2,5,10,0.506073819235896,0.493926180764104,0.345,1,0.526315789473684,0.473684210526316,0.663430574543503,-3.84597434517973,2591.54480421983,2582.81466979595,24,6,279,88
8138682,1996-01-01 00:00:00,EventStart_Pre2008Season,1597,World Championship Qualifiers,1995,1996-01-01 00:00:00,1996-03-22 00:00:00,2023-09-25 08:18:38,matches_1995_all.csv,3278,Stephen Murphy,Ireland,525,David McLellan,Scotland,3278,Stephen Murphy,Ireland,3278,Stephen Murphy,Ireland,10,8,10,8,18,FALSE,FALSE,23,3,228,34,2571.15493933758,2591.83504210736,2600,2600,5,5,1,2,5,10,0.470274036688268,0.529725963311732,0.17,1,0.555555555555556,0.444444444444444,1.3048072386695,-15.3506733961118,2572.45974657625,2576.48436871125,24,4,246,52
8138683,1996-01-01 00:00:00,EventStart_Pre2008Season,1597,World Championship Qualifiers,1995,1996-01-01 00:00:00,1996-03-22 00:00:00,2023-09-25 08:18:38,matches_1995_all.csv,3321,Danny Fowler,England,204,Michael Judge,Ireland,3321,Danny Fowler,England,3321,Danny Fowler,England,10,7,10,7,17,FALSE,FALSE,49,5,435,75,2569.85467961969,2575.12489368295,2600,2600,5,5,1,2,5,10,0.492416133950097,0.507583866049903,0.375,1,0.588235294117647,0.411764705882353,3.05423573034065,-16.2892572284835,2572.90891535003,2558.83563645446,50,6,452,92
8138684,1996-01-01 00:00:00,EventStart_Pre2008Season,1597,World Championship Qualifiers,1995,1996-01-01 00:00:00,1996-03-22 00:00:00,2023-09-25 08:18:38,matches_1995_all.csv,2878,Alex Higgins,Northern Ireland,1190,Surinder Gill,England,1190,Surinder Gill,England,1190,Surinder Gill,England,7,10,7,10,17,FALSE,FALSE,139,9,1572,139,2614.69881324879,2618.20758363551,2600,2600,5,5,1,2,5,10,0.494950645169534,0.505049354830466,0.695,1,0.411764705882353,0.588235294117647,-4.91420936339019,14.1416096788207,2609.7846038854,2632.34919331433,140,10,1589,156
8138685,1996-01-01 00:00:00,EventStart_Pre2008Season,1597,World Championship Qualifiers,1995,1996-01-01 00:00:00,1996-03-22 00:00:00,2023-09-25 08:18:38,matches_1995_all.csv,3209,Terry Murphy,Northern Ireland,52,Graeme Dott,Scotland,3209,Terry Murphy,Northern Ireland,3209,Terry Murphy,Northern Ireland,10,8,10,8,18,FALSE,FALSE,7,1,78,12,2586.55325609009,2604,2600,2600,5,5,2,2,10,10,0.474913200160637,0.525086799839363,0.1,0.39,0.555555555555556,0.444444444444444,1.45156239710853,-5.66109334872327,2588.0048184872,2598.33890665128,8,2,96,30
8138686,1996-01-01 00:00:00,EventStart_Pre2008Season,1597,World Championship Qualifiers,1995,1996-01-01 00:00:00,1996-03-22 00:00:00,2023-09-25 08:18:38,matches_1995_all.csv,1426,Anthony Davies,Wales,3206,Martin Dziewialtowski,Scotland,1426,Anthony Davies,Wales,1426,Anthony Davies,Wales,10,7,10,7,17,FALSE,FALSE,15,2,175,26,2636.83346739799,2601.48543151407,2600,2600,5,5,2,2,10,10,0.550695118468211,0.449304881531789,0.13,0.875,0.588235294117647,0.411764705882353,0.829637881852532,-5.58410112785357,2637.66310527984,2595.90133038622,16,3,192,43
8138735,1996-01-01 00:00:00,EventStart_Pre2008Season,1597,World Championship Qualifiers,1995,1996-01-01 00:00:00,1996-03-22 00:00:00,2023-09-25 08:20:35,matches_1995_all.csv,53,Jamie Burnett,Scotland,222,Craig MacGillivray,Scotland,53,Jamie Burnett,Scotland,53,Jamie Burnett,Scotland,10,1,10,1,11,FALSE,FALSE,6,4,80,45,2621.98934978711,2602.59253214118,2600,2600,5,5,2,2,10,10,0.527885299298957,0.472114700701043,0.225,0.4,0.909090909090909,0.0909090909090909,9.43483884235081,-16.7730468308459,2631.42418862946,2585.81948531034,7,5,91,56
8138736,1996-01-01 00:00:00,EventStart_Pre2008Season,1597,World Championship Qualifiers,1995,1996-01-01 00:00:00,1996-03-22 00:00:00,2023-09-25 08:20:35,matches_1995_all.csv,28,Mark King,England,800,Wayne Jones,Wales,28,Mark King,England,28,Mark King,England,10,5,10,5,15,FALSE,FALSE,14,57,181,557,2640.97670012926,2622.89802167057,2600,2600,5,5,2,1,10,5,0.525993853600339,0.474006146399661,1,0.905,0.666666666666667,0.333333333333333,21.1009219599492,-9.548167186877,2662.07762208921,2613.34985448369,15,58,196,572
8138737,1996-01-01 00:00:00,EventStart_Pre2008Season,1597,World Championship Qualifiers,1995,1996-01-01 00:00:00,1996-03-22 00:00:00,2023-09-25 08:20:35,matches_1995_all.csv,38,Gerard Greene,Northern Ireland,33,Dominic Dale,Wales,38,Gerard Greene,Northern Ireland,38,Gerard Greene,Northern Ireland,10,9,10,9,19,FALSE,FALSE,4,9,44,118,2649.10118776804,2624.10452316512,2600,2600,5,5,2,2,10,10,0.53591115168679,0.46408884831321,0.59,0.22,0.526315789473684,0.473684210526316,-1.07564010408913,0.401086140507811,2648.02554766395,2624.50560930563,5,10,63,137
8138738,1996-01-01 00:00:00,EventStart_Pre2008Season,1597,World Championship Qualifiers,1995,1996-01-01 00:00:00,1996-03-22 00:00:00,2023-09-25 08:20:35,matches_1995_all.csv,2880,Chris Small,Scotland,13,Stephen Lee,England,2880,Chris Small,Scotland,2880,Chris Small,Scotland,10,8,10,8,18,FALSE,FALSE,17,22,239,240,2629.87757400607,2669.60900110055,2600,2600,5,5,2,1,10,5,0.443069829315854,0.556930170684147,1,1,0.555555555555556,0.444444444444444,20.2474307231464,-10.1237153615732,2650.12500472922,2659.48528573898,18,23,257,258
8138739,1996-01-01 00:00:00,EventStart_Pre2008Season,1597,World Championship Qualifiers,1995,1996-01-01 00:00:00,1996-03-22 00:00:00,2023-09-25 08:20:35,matches_1995_all.csv,3204,Nick Walker,England,802,Tony Chappel,Wales,3204,Nick Walker,England,3204,Nick Walker,England,10,8,10,8,18,FALSE,FALSE,6,47,93,444,2600.82332144068,2597.19032521294,2600,2600,5,5,2,1,10,5,0.50522811130125,0.49477188869875,1,0.465,0.555555555555556,0.444444444444444,9.058939965775,-2.10620354204269,2609.88226140646,2595.08412167089,7,48,111,462
8138740,1996-01-01 00:00:00,EventStart_Pre2008Season,1597,World Championship Qualifiers,1995,1996-01-01 00:00:00,1996-03-22 00:00:00,2023-09-25 08:20:35,matches_1995_all.csv,3220,Euan Henderson,Scotland,3218,Anthony Bolsover,England,3220,Euan Henderson,Scotland,3220,Euan Henderson,Scotland,10,6,10,6,16,FALSE,FALSE,10,7,128,88,2665.87986469392,2629.8861172309,2600,2600,5,5,2,2,10,10,0.551614645090058,0.448385354909942,0.44,0.64,0.625,0.375,5.16632898565992,-7.51466034277806,2671.04619367958,2622.37145688812,11,8,144,104
8138741,1996-01-01 00:00:00,EventStart_Pre2008Season,1597,World Championship Qualifiers,1995,1996-01-01 00:00:00,1996-03-22 00:00:00,2023-09-25 08:20:35,matches_1995_all.csv,1166,Drew Henry,Scotland,922,Nick Dyson,England,1166,Drew Henry,Scotland,1166,Drew Henry,Scotland,10,9,10,9,19,FALSE,FALSE,13,18,170,215,2677.00861858127,2620.11444349942,2600,2600,5,5,2,2,10,10,0.58115320334938,0.41884679665062,1,0.85,0.526315789473684,0.473684210526316,-10.4191086363821,8.8562423409248,2666.58950994489,2628.97068584035,14,19,189,234
8138742,1996-01-01 00:00:00,EventStart_Pre2008Season,1597,World Championship Qualifiers,1995,1996-01-01 00:00:00,1996-03-22 00:00:00,2023-09-25 08:20:35,matches_1995_all.csv,15,Mark Davis,England,3302,Mark Flowerdew,England,15,Mark Davis,England,15,Mark Davis,England,10,5,10,5,15,FALSE,FALSE,15,12,205,126,2677.83057688596,2618.83075923793,2600,2600,5,5,2,2,10,10,0.584100703812593,0.415899296187407,0.63,1,0.666666666666667,0.333333333333333,7.80248348970996,-12.384894428111,2685.63306037567,2606.44586480982,16,13,220,141
8138743,1996-01-01 00:00:00,EventStart_Pre2008Season,1597,World Championship Qualifiers,1995,1996-01-01 00:00:00,1996-03-22 00:00:00,2023-09-25 08:20:35,matches_1995_all.csv,177,Rod Lawler,England,2004,Wayne Brown,England,177,Rod Lawler,England,177,Rod Lawler,England,10,6,10,6,16,FALSE,FALSE,31,6,334,62,2645.39370322548,2606.6075190393,2600,2600,5,5,1,2,5,10,0.555587079403234,0.444412920596766,0.31,1,0.625,0.375,1.72144043079979,-11.1060672954825,2647.11514365628,2595.50145174382,32,7,350,78
8138744,1996-01-01 00:00:00,EventStart_Pre2008Season,1597,World Championship Qualifiers,1995,1996-01-01 00:00:00,1996-03-22 00:00:00,2023-09-25 08:20:35,matches_1995_all.csv,36,Jimmy Michie,England,2505,David Finbow,England,36,Jimmy Michie,England,36,Jimmy Michie,England,10,5,10,5,15,FALSE,FALSE,11,19,120,214,2636.28596323277,2603.2881304695,2600,2600,5,5,2,2,10,10,0.547345427108523,0.452654572891477,1,0.6,0.666666666666667,0.333333333333333,17.8981859337216,-10.738911560233,2654.18414916649,2592.54921890927,12,20,135,229
8138745,1996-01-01 00:00:00,EventStart_Pre2008Season,1597,World Championship Qualifiers,1995,1996-01-01 00:00:00,1996-03-22 00:00:00,2023-09-25 08:20:35,matches_1995_all.csv,173,Paul Davies,Wales,2871,Jason Prince,Northern Ireland,173,Paul Davies,Wales,173,Paul Davies,Wales,10,9,10,9,19,FALSE,FALSE,18,25,181,268,2654.45848553023,2580.75025264197,2600,2600,5,5,2,1,10,5,0.604511431027456,0.395488568972544,1,0.905,0.526315789473684,0.473684210526316,-14.8571718952166,6.72287028258552,2639.60131363501,2587.47312292455,19,26,200,287
8138746,1996-01-01 00:00:00,EventStart_Pre2008Season,1597,World Championship Qualifiers,1995,1996-01-01 00:00:00,1996-03-22 00:00:00,2023-09-25 08:20:35,matches_1995_all.csv,103,Ian McCulloch,England,63,Fergal O'Brien,Ireland,103,Ian McCulloch,England,103,Ian McCulloch,England,10,6,10,6,16,FALSE,FALSE,3,14,52,164,2594.02312884097,2694.05309101072,2600,2600,5,5,2,2,10,10,0.35989526580033,0.64010473419967,0.82,0.26,0.625,0.375,34.7817411269967,-11.0283569427063,2628.80486996797,2683.02473406802,4,15,68,180
8138747,1996-01-01 00:00:00,EventStart_Pre2008Season,1597,World Championship Qualifiers,1995,1996-01-01 00:00:00,1996-03-22 00:00:00,2023-09-25 08:20:35,matches_1995_all.csv,205,Mike Hallett,England,672,Jonathan Birch,England,205,Mike Hallett,England,205,Mike Hallett,England,10,8,10,8,18,FALSE,FALSE,123,19,1169,227,2644.29764372419,2579.07567124097,2600,2600,5,5,1,2,5,10,0.592774713184144,0.407225286815856,1,1,0.555555555555556,0.444444444444444,-3.34972418657298,6.69944837314596,2640.94791953761,2585.77511961412,124,20,1187,245
8138748,1996-01-01 00:00:00,EventStart_Pre2008Season,1597,World Championship Qualifiers,1995,1996-01-01 00:00:00,1996-03-22 00:00:00,2023-09-25 08:20:35,matches_1995_all.csv,3248,Nick Terry,England,3278,Stephen Murphy,Ireland,3248,Nick Terry,England,3248,Nick Terry,England,10,1,10,1,11,FALSE,FALSE,24,24,279,246,2591.54480421983,2572.45974657625,2600,2600,5,5,1,1,5,5,0.527438013816281,0.472561986183719,1,1,0.909090909090909,0.0909090909090909,20.9909092401045,-20.9909092401045,2612.53571345993,2551.46883733614,25,25,290,257
8138749,1996-01-01 00:00:00,EventStart_Pre2008Season,1597,World Championship Qualifiers,1995,1996-01-01 00:00:00,1996-03-22 00:00:00,2023-09-25 08:20:35,matches_1995_all.csv,3321,Danny Fowler,England,1190,Surinder Gill,England,3321,Danny Fowler,England,3321,Danny Fowler,England,10,7,10,7,17,FALSE,FALSE,50,10,452,156,2572.90891535003,2632.34919331433,2600,2600,5,5,1,2,5,10,0.415283487844558,0.584716512155442,0.78,1,0.588235294117647,0.411764705882353,11.4667047559058,-29.4018070664252,2584.37562010593,2602.94738624791,51,11,469,173
8138750,1996-01-01 00:00:00,EventStart_Pre2008Season,1597,World Championship Qualifiers,1995,1996-01-01 00:00:00,1996-03-22 00:00:00,2023-09-25 08:20:35,matches_1995_all.csv,3209,Terry Murphy,Northern Ireland,1426,Anthony Davies,Wales,3209,Terry Murphy,Northern Ireland,3209,Terry Murphy,Northern Ireland,10,6,10,6,16,FALSE,FALSE,8,16,96,192,2588.0048184872,2637.66310527984,2600,2600,5,5,2,2,10,10,0.429018669270799,0.570981330729202,0.96,0.48,0.625,0.375,30.1027324000054,-15.0513662000027,2618.1075508872,2622.61173907984,9,17,112,208
8138751,1996-01-01 00:00:00,EventStart_Pre2008Season,1597,World Championship Qualifiers,1995,1996-01-01 00:00:00,1996-03-22 00:00:00,2023-09-25 08:24:27,matches_1995_all.csv,657,Brian Morgan,England,53,Jamie Burnett,Scotland,53,Jamie Burnett,Scotland,53,Jamie Burnett,Scotland,7,10,7,10,17,FALSE,FALSE,31,7,345,91,2625.8743983524,2631.42418862946,2600,2600,5,5,1,2,5,10,0.492013888995469,0.507986111004531,0.455,1,0.411764705882353,0.588235294117647,-3.10363715689975,13.6423611292297,2622.7707611955,2645.06654975869,32,8,362,108
8138752,1996-01-01 00:00:00,EventStart_Pre2008Season,1597,World Championship Qualifiers,1995,1996-01-01 00:00:00,1996-03-22 00:00:00,2023-09-25 08:24:27,matches_1995_all.csv,3261,Martin Clark,England,28,Mark King,England,3261,Martin Clark,England,3261,Martin Clark,England,10,5,10,5,15,FALSE,FALSE,81,15,691,196,2647.3939594522,2662.07762208921,2600,2600,5,5,1,2,5,10,0.478881083233211,0.521118916766789,0.98,1,0.666666666666667,0.333333333333333,13.802240382359,-28.1678375150184,2661.19619983455,2633.90978457419,82,16,706,211
8138753,1996-01-01 00:00:00,EventStart_Pre2008Season,1597,World Championship Qualifiers,1995,1996-01-01 00:00:00,1996-03-22 00:00:00,2023-09-25 08:24:27,matches_1995_all.csv,3213,Jason Ferguson,England,38,Gerard Greene,Northern Ireland,3213,Jason Ferguson,England,3213,Jason Ferguson,England,10,8,10,8,18,FALSE,FALSE,35,5,360,63,2638.38612631261,2648.02554766395,2600,2600,5,5,1,2,5,10,0.486131315877447,0.513868684122553,0.315,1,0.555555555555556,0.444444444444444,1.96817719487437,-12.4963631420595,2640.35430350748,2635.52918452189,36,6,378,81
8138754,1996-01-01 00:00:00,EventStart_Pre2008Season,1597,World Championship Qualifiers,1995,1996-01-01 00:00:00,1996-03-22 00:00:00,2023-09-25 08:24:27,matches_1995_all.csv,668,Neal Foulds,England,2880,Chris Small,Scotland,668,Neal Foulds,England,668,Neal Foulds,England,10,9,10,9,19,FALSE,FALSE,131,18,1307,257,2647.98145071124,2650.12500472922,2600,2600,5,5,1,2,5,10,0.496915216935257,0.503084783064743,1,1,0.526315789473684,0.473684210526316,2.7930543911506,-5.5861087823012,2650.77450510239,2644.53889594692,132,19,1326,276
8138755,1996-01-01 00:00:00,EventStart_Pre2008Season,1597,World Championship Qualifiers,1995,1996-01-01 00:00:00,1996-03-22 00:00:00,2023-09-25 08:24:27,matches_1995_all.csv,115,Anthony Hamilton,England,3204,Nick Walker,England,115,Anthony Hamilton,England,115,Anthony Hamilton,England,10,3,10,3,13,FALSE,FALSE,22,7,242,111,2597.49432377125,2609.88226140646,2600,2600,5,5,1,2,5,10,0.482179875626343,0.517820124373657,0.555,1,0.769230769230769,0.230769230769231,10.3553609867797,-37.3166161685754,2607.84968475803,2572.56564523788,23,8,255,124
8138756,1996-01-01 00:00:00,EventStart_Pre2008Season,1597,World Championship Qualifiers,1995,1996-01-01 00:00:00,1996-03-22 00:00:00,2023-09-25 08:24:27,matches_1995_all.csv,35,Joe Swail,Northern Ireland,3220,Euan Henderson,Scotland,3220,Euan Henderson,Scotland,3220,Euan Henderson,Scotland,9,10,9,10,19,FALSE,FALSE,41,11,392,144,2646.16866642759,2671.04619367958,2600,2600,5,5,1,2,5,10,0.464259420509944,0.535740579490056,0.72,1,0.473684210526316,0.526315789473684,0.6446556371198,-1.79071010311056,2646.81332206471,2669.25548357647,42,12,411,163
8138757,1996-01-01 00:00:00,EventStart_Pre2008Season,1597,World Championship Qualifiers,1995,1996-01-01 00:00:00,1996-03-22 00:00:00,2023-09-25 08:24:27,matches_1995_all.csv,181,Tony Knowles,England,1166,Drew Henry,Scotland,1166,Drew Henry,Scotland,1166,Drew Henry,Scotland,8,10,8,10,18,FALSE,FALSE,140,14,1437,189,2630.64095149344,2666.58950994489,2600,2600,5,5,1,2,5,10,0.448449694986781,0.551550305013219,0.945,1,0.444444444444444,0.555555555555556,-0.340646558625759,0.720945097620653,2630.30030493481,2667.31045504251,141,15,1455,207
8138758,1996-01-01 00:00:00,EventStart_Pre2008Season,1597,World Championship Qualifiers,1995,1996-01-01 00:00:00,1996-03-22 00:00:00,2023-09-25 08:24:27,matches_1995_all.csv,1049,Steve James,England,15,Mark Davis,England,1049,Steve James,England,1049,Steve James,England,10,7,10,7,17,FALSE,FALSE,88,16,859,220,2653.97373100234,2685.63306037567,2600,2600,5,5,1,2,5,10,0.454564249764145,0.545435750235856,1,1,0.588235294117647,0.411764705882353,11.3620387700477,-22.7240775400954,2665.33576977238,2662.90898283558,89,17,876,237
8138759,1996-01-01 00:00:00,EventStart_Pre2008Season,1597,World Championship Qualifiers,1995,1996-01-01 00:00:00,1996-03-22 00:00:00,2023-09-25 08:24:27,matches_1995_all.csv,468,Dennis Taylor,Northern Ireland,177,Rod Lawler,England,177,Rod Lawler,England,177,Rod Lawler,England,5,10,5,10,15,FALSE,FALSE,170,32,1813,350,2616.52668308733,2647.11514365628,2600,2600,5,5,1,1,5,5,0.456093051341357,0.543906948658643,1,1,0.333333333333333,0.666666666666667,-9.20697885060174,9.20697885060174,2607.31970423673,2656.32212250688,171,33,1828,365
8138760,1996-01-01 00:00:00,EventStart_Pre2008Season,1597,World Championship Qualifiers,1995,1996-01-01 00:00:00,1996-03-22 00:00:00,2023-09-25 08:24:27,matches_1995_all.csv,51,Andy Hicks,England,36,Jimmy Michie,England,36,Jimmy Michie,England,36,Jimmy Michie,England,6,10,6,10,16,FALSE,FALSE,24,12,335,135,2695.2454062409,2654.18414916649,2600,2600,5,5,1,2,5,10,0.558818307207661,0.441181692792339,0.675,1,0.375,0.625,-9.92618858921371,29.4109291532258,2685.31921765168,2683.59507831971,25,13,351,151
8138761,1996-01-01 00:00:00,EventStart_Pre2008Season,1597,World Championship Qualifiers,1995,1996-01-01 00:00:00,1996-03-22 00:00:00,2023-09-25 08:24:27,matches_1995_all.csv,667,Dene O'Kane,New Zealand,173,Paul Davies,Wales,667,Dene O'Kane,New Zealand,667,Dene O'Kane,New Zealand,10,7,10,7,17,FALSE,FALSE,75,19,683,200,2616.65495475777,2639.60131363501,2600,2600,5,5,1,2,5,10,0.467025465367341,0.532974534632659,1,1,0.588235294117647,0.411764705882353,10.302835443776,-20.605670887552,2626.95779020154,2618.99564274746,76,20,700,217
8138762,1996-01-01 00:00:00,EventStart_Pre2008Season,1597,World Championship Qualifiers,1995,1996-01-01 00:00:00,1996-03-22 00:00:00,2023-09-25 08:24:27,matches_1995_all.csv,3258,Mick Price,Ireland,103,Ian McCulloch,England,3258,Mick Price,Ireland,3258,Mick Price,Ireland,10,6,10,6,16,FALSE,FALSE,36,4,366,68,2614.36644232452,2628.80486996797,2600,2600,5,5,1,2,5,10,0.479233385579092,0.520766614420908,0.34,1,0.625,0.375,3.9648519122487,-23.3226583073453,2618.33129423677,2605.48221166062,37,5,382,84
8138763,1996-01-01 00:00:00,EventStart_Pre2008Season,1597,World Championship Qualifiers,1995,1996-01-01 00:00:00,1996-03-22 00:00:00,2023-09-25 08:24:27,matches_1995_all.csv,669,Alain Robidoux,Canada,205,Mike Hallett,England,669,Alain Robidoux,Canada,669,Alain Robidoux,Canada,10,8,10,8,18,FALSE,FALSE,69,124,606,1187,2647.55128496315,2640.94791953761,2600,2600,5,5,1,1,5,5,0.50950186265814,0.49049813734186,1,1,0.555555555555556,0.444444444444444,4.14483236076737,-4.14483236076737,2651.69611732392,2636.80308717685,70,125,624,1205
8138764,1996-01-01 00:00:00,EventStart_Pre2008Season,1597,World Championship Qualifiers,1995,1996-01-01 00:00:00,1996-03-22 00:00:00,2023-09-25 08:24:27,matches_1995_all.csv,659,Dean Reynolds,England,3248,Nick Terry,England,3248,Nick Terry,England,3248,Nick Terry,England,7,10,7,10,17,FALSE,FALSE,93,25,907,290,2595.95527893109,2612.53571345993,2600,2600,5,5,1,1,5,5,0.476156934117811,0.523843065882189,1,1,0.411764705882353,0.588235294117647,-5.47333940001392,5.47333940001392,2590.48193953108,2618.00905285994,94,26,924,307
8138765,1996-01-01 00:00:00,EventStart_Pre2008Season,1597,World Championship Qualifiers,1995,1996-01-01 00:00:00,1996-03-22 00:00:00,2023-09-25 08:24:27,matches_1995_all.csv,2184,Willie Thorne,England,3321,Danny Fowler,England,2184,Willie Thorne,England,2184,Willie Thorne,England,10,4,10,4,14,FALSE,FALSE,138,51,1422,469,2621.55226630235,2584.37562010593,2600,2600,5,5,1,1,5,5,0.553298234492991,0.446701765507009,1,1,0.714285714285714,0.285714285714286,11.2691235854906,-11.2691235854906,2632.82138988784,2573.10649652044,139,52,1436,483
8138766,1996-01-01 00:00:00,EventStart_Pre2008Season,1597,World Championship Qualifiers,1995,1996-01-01 00:00:00,1996-03-22 00:00:00,2023-09-25 08:24:27,matches_1995_all.csv,804,Gary Wilkinson,England,3209,Terry Murphy,Northern Ireland,804,Gary Wilkinson,England,804,Gary Wilkinson,England,10,4,10,4,14,FALSE,FALSE,80,9,756,112,2665.00563806034,2618.1075508872,2600,2600,5,5,1,2,5,10,0.567084825845182,0.432915174154819,0.56,1,0.714285714285714,0.285714285714286,5.77027482686889,-20.6081243816746,2670.77591288721,2597.49942650553,81,10,770,126
8256462,1996-02-04 00:00:00,EventStart_Pre2008Season,1632,Masters,1995,1996-02-04 00:00:00,1996-02-11 00:00:00,2023-11-03 08:50:53,matches_1995_all.csv,5,Ronnie O'Sullivan,England,14,Nigel Bond,England,5,Ronnie O'Sullivan,England,5,Ronnie O'Sullivan,England,6,5,6,5,11,FALSE,FALSE,45,65,474,673,2736.57085410243,2689.62187976293,2600,2600,5,5,1,1,5,5,0.567156738655824,0.432843261344176,1,1,0.545454545454545,0.454545454545455,-1.19362062607032,1.19362062607032,2735.37723347636,2690.815500389,46,66,485,684
8256463,1996-02-04 00:00:00,EventStart_Pre2008Season,1632,Masters,1995,1996-02-04 00:00:00,1996-02-11 00:00:00,2023-11-03 08:50:53,matches_1995_all.csv,223,Darren Morgan,Wales,42,Peter Ebdon,England,223,Darren Morgan,Wales,223,Darren Morgan,Wales,6,5,6,5,11,FALSE,FALSE,74,56,724,565,2683.86641081262,2714.48109039633,2600,2600,5,5,1,1,5,5,0.456055610357745,0.543944389642255,1,1,0.545454545454545,0.454545454545455,4.91694143032401,-4.91694143032401,2688.78335224294,2709.564148966,75,57,735,576
8256464,1996-02-04 00:00:00,EventStart_Pre2008Season,1632,Masters,1995,1996-02-04 00:00:00,1996-02-11 00:00:00,2023-11-03 08:50:53,matches_1995_all.csv,193,James Wattana,Thailand,51,Andy Hicks,England,51,Andy Hicks,England,51,Andy Hicks,England,4,6,4,6,10,FALSE,FALSE,104,25,971,351,2722.97904160394,2685.31921765168,2600,2600,5,5,1,1,5,5,0.553985579728554,0.446014420271446,1,1,0.4,0.6,-7.69927898642768,7.69927898642768,2715.27976261751,2693.01849663811,105,26,981,361
8256465,1996-02-04 00:00:00,EventStart_Pre2008Season,1632,Masters,1995,1996-02-04 00:00:00,1996-02-11 00:00:00,2023-11-03 08:50:53,matches_1995_all.csv,408,John Parrott,England,41,Tony Drago,Malta,408,John Parrott,England,408,John Parrott,England,6,5,6,5,11,FALSE,FALSE,162,83,1726,687,2687.74302373871,2660.91027507079,2600,2600,5,5,1,1,5,5,0.538538836893406,0.461461163106594,1,1,0.545454545454545,0.454545454545455,0.380363970862647,-0.380363970862647,2688.12338770957,2660.52991109993,163,84,1737,698
8256466,1996-02-04 00:00:00,EventStart_Pre2008Season,1632,Masters,1995,1996-02-04 00:00:00,1996-02-11 00:00:00,2023-11-03 08:50:53,matches_1995_all.csv,212,Steve Davis,England,170,Ken Doherty,Ireland,212,Steve Davis,England,212,Steve Davis,England,6,0,6,0,6,FALSE,FALSE,258,73,2862,707,2693.92116441805,2691.51518105843,2600,2600,5,5,1,1,5,5,0.503462433038999,0.496537566961001,1,1,1,0,14.89612700883,-14.89612700883,2708.81729142688,2676.6190540496,259,74,2868,713
8256467,1996-02-04 00:00:00,EventStart_Pre2008Season,1632,Masters,1995,1996-02-04 00:00:00,1996-02-11 00:00:00,2023-11-03 08:50:53,matches_1995_all.csv,44,Alan McManus,Scotland,9,Matthew Stevens,Wales,44,Alan McManus,Scotland,44,Alan McManus,Scotland,6,5,6,5,11,FALSE,FALSE,90,3,973,20,2725.67330346373,2635.07109212805,2600,2600,5,5,1,2,5,10,0.627509728327788,0.372490271672212,0.1,1,0.545454545454545,0.454545454545455,-0.451303505802832,9.02607011605664,2725.22199995793,2644.0971622441,91,4,984,31
8256468,1996-02-04 00:00:00,EventStart_Pre2008Season,1632,Masters,1995,1996-02-04 00:00:00,1996-02-11 00:00:00,2023-11-03 08:50:53,matches_1995_all.csv,20,Jimmy White,England,31,Dave Harold,England,20,Jimmy White,England,20,Jimmy White,England,6,5,6,5,11,FALSE,FALSE,219,39,2614,385,2722.52994985269,2672.71639877665,2600,2600,5,5,1,1,5,5,0.571200256950064,0.428799743049937,1,1,0.545454545454545,0.454545454545455,-1.41601413225349,1.41601413225349,2721.11393572044,2674.1324129089,220,40,2625,396
8256469,1996-02-04 00:00:00,EventStart_Pre2008Season,1632,Masters,1995,1996-02-04 00:00:00,1996-02-11 00:00:00,2023-11-03 08:50:53,matches_1995_all.csv,153,Stephen Hendry,Scotland,237,John Higgins,Scotland,153,Stephen Hendry,Scotland,153,Stephen Hendry,Scotland,6,4,6,4,10,FALSE,FALSE,190,45,2065,423,2777.56847901607,2760.16282569283,2600,2600,5,5,1,1,5,5,0.525027814245531,0.474972185754469,1,1,0.6,0.4,3.74860928772346,-3.74860928772346,2781.31708830379,2756.4142164051,191,46,2075,433
8256476,1996-02-04 00:00:00,EventStart_Pre2008Season,1632,Masters,1995,1996-02-04 00:00:00,1996-02-11 00:00:00,2023-11-03 08:51:35,matches_1995_all.csv,5,Ronnie O'Sullivan,England,51,Andy Hicks,England,5,Ronnie O'Sullivan,England,5,Ronnie O'Sullivan,England,6,1,6,1,7,FALSE,FALSE,46,26,485,361,2735.37723347636,2693.01849663811,2600,2600,5,5,1,1,5,5,0.560658874217807,0.439341125782194,1,1,0.857142857142857,0.142857142857143,10.3769394023768,-10.3769394023768,2745.75417287874,2682.64155723574,47,27,492,368
8256477,1996-02-04 00:00:00,EventStart_Pre2008Season,1632,Masters,1995,1996-02-04 00:00:00,1996-02-11 00:00:00,2023-11-03 08:51:35,matches_1995_all.csv,44,Alan McManus,Scotland,153,Stephen Hendry,Scotland,153,Stephen Hendry,Scotland,153,Stephen Hendry,Scotland,4,6,4,6,10,FALSE,FALSE,91,191,984,2075,2725.22199995793,2781.31708830379,2600,2600,5,5,1,1,5,5,0.419966896758053,0.580033103241947,1,1,0.4,0.6,-0.998344837902669,0.998344837902669,2724.22365512003,2782.31543314169,92,192,994,2085
8324501,1996-02-04 00:00:00,EventStart_Pre2008Season,1632,Masters,1995,1996-02-04 00:00:00,1996-02-11 00:00:00,2023-11-03 08:51:53,matches_1995_all.csv,5,Ronnie O'Sullivan,England,153,Stephen Hendry,Scotland,153,Stephen Hendry,Scotland,153,Stephen Hendry,Scotland,5,10,5,10,15,FALSE,FALSE,47,192,492,2085,2745.75417287874,2782.31543314169,2600,2600,5,5,1,1,5,5,0.447577478445957,0.552422521554043,1,1,0.333333333333333,0.666666666666667,-8.56831088344679,8.56831088344679,2737.18586199529,2790.88374402514,48,193,507,2100
8324502,1996-02-04 00:00:00,EventStart_Pre2008Season,1632,Masters,1995,1996-02-04 00:00:00,1996-02-11 00:00:00,2023-11-03 08:51:18,matches_1995_all.csv,5,Ronnie O'Sullivan,England,223,Darren Morgan,Wales,5,Ronnie O'Sullivan,England,5,Ronnie O'Sullivan,England,6,4,6,4,10,FALSE,FALSE,48,75,507,735,2737.18586199529,2688.78335224294,2600,2600,5,5,1,1,5,5,0.569209642325587,0.430790357674413,1,1,0.6,0.4,1.53951788372066,-1.53951788372066,2738.72537987901,2687.24383435922,49,76,517,745
8324503,1996-02-04 00:00:00,EventStart_Pre2008Season,1632,Masters,1995,1996-02-04 00:00:00,1996-02-11 00:00:00,2023-11-03 08:51:18,matches_1995_all.csv,51,Andy Hicks,England,408,John Parrott,England,51,Andy Hicks,England,51,Andy Hicks,England,6,3,6,3,9,FALSE,FALSE,27,163,368,1737,2682.64155723574,2688.12338770957,2600,2600,5,5,1,1,5,5,0.492111666367889,0.507888333632111,1,1,0.666666666666667,0.333333333333333,7.85497501344501,-7.85497501344501,2690.49653224918,2680.26841269613,28,164,377,1746
8324504,1996-02-04 00:00:00,EventStart_Pre2008Season,1632,Masters,1995,1996-02-04 00:00:00,1996-02-11 00:00:00,2023-11-03 08:51:18,matches_1995_all.csv,212,Steve Davis,England,44,Alan McManus,Scotland,44,Alan McManus,Scotland,44,Alan McManus,Scotland,4,6,4,6,10,FALSE,FALSE,259,92,2868,994,2708.81729142688,2724.22365512003,2600,2600,5,5,1,1,5,5,0.477842980998856,0.522157019001144,1,1,0.4,0.6,-3.89214904994282,3.89214904994282,2704.92514237694,2728.11580416997,260,93,2878,1004
8324505,1996-02-04 00:00:00,EventStart_Pre2008Season,1632,Masters,1995,1996-02-04 00:00:00,1996-02-11 00:00:00,2023-11-03 08:51:18,matches_1995_all.csv,20,Jimmy White,England,153,Stephen Hendry,Scotland,153,Stephen Hendry,Scotland,153,Stephen Hendry,Scotland,0,6,0,6,6,FALSE,FALSE,220,193,2625,2100,2721.11393572044,2790.88374402514,2600,2600,5,5,1,1,5,5,0.400921426114465,0.599078573885535,1,1,0,1,-12.027642783434,12.0276427834339,2709.086292937,2802.91138680857,221,194,2631,2106
9654279,1996-03-11 00:00:00,EventStart_Pre2008Season,2505,Thailand Open,1995,1996-03-11 00:00:00,1996-03-17 00:00:00,2025-09-24 05:48:03,matches_1995_all.csv,193,James Wattana,Thailand,1049,Steve James,England,193,James Wattana,Thailand,193,James Wattana,Thailand,5,3,5,3,8,FALSE,FALSE,105,89,981,876,2715.27976261751,2665.33576977238,2600,2600,5,5,1,1,5,5,0.571384161320244,0.428615838679756,1,1,0.625,0.375,2.14463354719024,-2.14463354719024,2717.4243961647,2663.19113622519,106,90,989,884
9654280,1996-03-11 00:00:00,EventStart_Pre2008Season,2505,Thailand Open,1995,1996-03-11 00:00:00,1996-03-17 00:00:00,2025-09-24 05:48:03,matches_1995_all.csv,2184,Willie Thorne,England,41,Tony Drago,Malta,2184,Willie Thorne,England,2184,Willie Thorne,England,5,2,5,2,7,FALSE,FALSE,139,84,1436,698,2632.82138988784,2660.52991109993,2600,2600,5,5,1,1,5,5,0.460208558749651,0.539791441250349,1,1,0.714285714285714,0.285714285714286,8.89270044376221,-8.89270044376221,2641.71409033161,2651.63721065617,140,85,1443,705
9654281,1996-03-11 00:00:00,EventStart_Pre2008Season,2505,Thailand Open,1995,1996-03-11 00:00:00,1996-03-17 00:00:00,2025-09-24 05:48:03,matches_1995_all.csv,669,Alain Robidoux,Canada,14,Nigel Bond,England,669,Alain Robidoux,Canada,669,Alain Robidoux,Canada,5,4,5,4,9,FALSE,FALSE,70,66,624,684,2651.69611732392,2690.815500389,2600,2600,5,5,1,1,5,5,0.443939386115398,0.556060613884602,1,1,0.555555555555556,0.444444444444444,5.02272762480708,-5.02272762480708,2656.71884494873,2685.79277276419,71,67,633,693
9654282,1996-03-11 00:00:00,EventStart_Pre2008Season,2505,Thailand Open,1995,1996-03-11 00:00:00,1996-03-17 00:00:00,2025-09-24 05:48:03,matches_1995_all.csv,44,Alan McManus,Scotland,668,Neal Foulds,England,44,Alan McManus,Scotland,44,Alan McManus,Scotland,5,2,5,2,7,FALSE,FALSE,93,132,1004,1326,2728.11580416997,2650.77450510239,2600,2600,5,5,1,1,5,5,0.609500315630141,0.390499684369859,1,1,0.714285714285714,0.285714285714286,3.66748895294506,-3.66748895294506,2731.78329312291,2647.10701614944,94,133,1011,1333
9654283,1996-03-11 00:00:00,EventStart_Pre2008Season,2505,Thailand Open,1995,1996-03-11 00:00:00,1996-03-17 00:00:00,2025-09-24 05:48:03,matches_1995_all.csv,20,Jimmy White,England,53,Jamie Burnett,Scotland,20,Jimmy White,England,20,Jimmy White,England,5,1,5,1,6,FALSE,FALSE,221,8,2631,108,2709.086292937,2645.06654975869,2600,2600,5,5,1,2,5,10,0.591103066040948,0.408896933959052,0.54,1,0.833333333333333,0.166666666666667,3.92413033013664,-14.5338160375431,2713.01042326714,2630.53273372115,222,9,2637,114
9654284,1996-03-11 00:00:00,EventStart_Pre2008Season,2505,Thailand Open,1995,1996-03-11 00:00:00,1996-03-17 00:00:00,2025-09-24 05:48:03,matches_1995_all.csv,42,Peter Ebdon,England,3221,Gary Ponting,England,42,Peter Ebdon,England,42,Peter Ebdon,England,5,0,5,0,5,FALSE,FALSE,57,6,576,96,2709.564148966,2589.51011906646,2600,2600,5,5,1,2,5,10,0.666208591383892,0.333791408616108,0.48,1,1,0,4.0054969033933,-16.6895704308054,2713.56964586939,2572.82054863566,58,7,581,101
9654285,1996-03-11 00:00:00,EventStart_Pre2008Season,2505,Thailand Open,1995,1996-03-11 00:00:00,1996-03-17 00:00:00,2025-09-24 05:48:03,matches_1995_all.csv,237,John Higgins,Scotland,52,Graeme Dott,Scotland,237,John Higgins,Scotland,237,John Higgins,Scotland,5,3,5,3,8,FALSE,FALSE,46,2,433,30,2756.4142164051,2598.33890665128,2600,2600,5,5,1,2,5,10,0.712990878459821,0.287009121540179,0.15,1,0.625,0.375,-0.527945270758923,7.03927027678565,2755.88627113434,2605.37817692806,47,3,441,38
9654286,1996-03-11 00:00:00,EventStart_Pre2008Season,2505,Thailand Open,1995,1996-03-11 00:00:00,1996-03-17 00:00:00,2025-09-24 05:48:03,matches_1995_all.csv,5,Ronnie O'Sullivan,England,6,Barry Pinches,England,5,Ronnie O'Sullivan,England,5,Ronnie O'Sullivan,England,5,2,5,2,7,FALSE,FALSE,49,14,517,205,2738.72537987901,2572.54900122442,2600,2600,5,5,1,2,5,10,0.722438172296616,0.277561827703385,1,1,0.714285714285714,0.285714285714286,-0.28533603038154,0.57067206076308,2738.44004384863,2573.11967328518,50,15,524,212
9654287,1996-03-11 00:00:00,EventStart_Pre2008Season,2505,Thailand Open,1995,1996-03-11 00:00:00,1996-03-17 00:00:00,2025-09-24 05:48:03,matches_1995_all.csv,212,Steve Davis,England,13,Stephen Lee,England,212,Steve Davis,England,212,Steve Davis,England,5,3,5,3,8,FALSE,FALSE,260,23,2878,258,2704.92514237694,2659.48528573898,2600,2600,5,5,1,1,5,5,0.565022891651656,0.434977108348344,1,1,0.625,0.375,2.39908433393376,-2.39908433393376,2707.32422671087,2657.08620140504,261,24,2886,266
9654288,1996-03-11 00:00:00,EventStart_Pre2008Season,2505,Thailand Open,1995,1996-03-11 00:00:00,1996-03-17 00:00:00,2025-09-24 05:48:03,matches_1995_all.csv,170,Ken Doherty,Ireland,181,Tony Knowles,England,170,Ken Doherty,Ireland,170,Ken Doherty,Ireland,5,1,5,1,6,FALSE,FALSE,74,141,713,1455,2676.6190540496,2630.30030493481,2600,2600,5,5,1,1,5,5,0.566265917376831,0.433734082623169,1,1,0.833333333333333,0.166666666666667,8.01202247869508,-8.01202247869508,2684.63107652829,2622.28828245612,75,142,719,1461
9654289,1996-03-11 00:00:00,EventStart_Pre2008Season,2505,Thailand Open,1995,1996-03-11 00:00:00,1996-03-17 00:00:00,2025-09-24 05:48:03,matches_1995_all.csv,3296,Jamie Woodman,England,2877,Terry Griffiths,Wales,3296,Jamie Woodman,England,3296,Jamie Woodman,England,5,2,5,2,7,FALSE,FALSE,10,188,122,1977,2617.57606799112,2608.56835617811,2600,2600,5,5,2,1,10,5,0.512960235633741,0.487039764366259,1,0.61,0.714285714285714,0.285714285714286,14.0927835056381,-4.29829896921963,2631.66885149676,2604.27005720889,11,189,129,1984
9654290,1996-03-11 00:00:00,EventStart_Pre2008Season,2505,Thailand Open,1995,1996-03-11 00:00:00,1996-03-17 00:00:00,2025-09-24 05:48:03,matches_1995_all.csv,115,Anthony Hamilton,England,223,Darren Morgan,Wales,115,Anthony Hamilton,England,115,Anthony Hamilton,England,5,4,5,4,9,FALSE,FALSE,23,76,255,745,2607.84968475803,2687.24383435922,2600,2600,5,5,1,1,5,5,0.387690753857111,0.612309246142889,1,1,0.555555555555556,0.444444444444444,7.55391607643,-7.55391607642999,2615.40360083446,2679.68991828279,24,77,264,754
9654291,1996-03-11 00:00:00,EventStart_Pre2008Season,2505,Thailand Open,1995,1996-03-11 00:00:00,1996-03-17 00:00:00,2025-09-24 05:48:03,matches_1995_all.csv,408,John Parrott,England,1191,Paul Hunter,England,408,John Parrott,England,408,John Parrott,England,5,4,5,4,9,FALSE,FALSE,164,1,1746,14,2680.26841269613,2589.72838644246,2600,2600,5,5,1,2,5,10,0.627426053057182,0.372573946942818,0.1,1,0.555555555555556,0.444444444444444,-0.323417238757318,6.46834477514635,2679.94499545737,2596.19673121761,165,2,1755,23
9654292,1996-03-11 00:00:00,EventStart_Pre2008Season,2505,Thailand Open,1995,1996-03-11 00:00:00,1996-03-17 00:00:00,2025-09-24 05:48:03,matches_1995_all.csv,409,David Roe,England,714,Billy Snaddon,Scotland,409,David Roe,England,409,David Roe,England,5,0,5,0,5,FALSE,FALSE,55,17,527,212,2640.70541976424,2627.35504919635,2600,2600,5,5,1,2,5,10,0.519203277277007,0.480796722722993,1,1,1,0,12.0199180680748,-24.0398361361497,2652.72533783231,2603.3152130602,56,18,532,217
9654293,1996-03-11 00:00:00,EventStart_Pre2008Season,2505,Thailand Open,1995,1996-03-11 00:00:00,1996-03-17 00:00:00,2025-09-24 05:48:03,matches_1995_all.csv,35,Joe Swail,Northern Ireland,31,Dave Harold,England,35,Joe Swail,Northern Ireland,35,Joe Swail,Northern Ireland,5,4,5,4,9,FALSE,FALSE,42,40,411,396,2646.81332206471,2674.1324129089,2600,2600,5,5,1,1,5,5,0.460765494065177,0.539234505934823,1,1,0.555555555555556,0.444444444444444,4.26555276706705,-4.26555276706705,2651.07887483178,2669.86686014184,43,41,420,405
9654294,1996-03-11 00:00:00,EventStart_Pre2008Season,2505,Thailand Open,1995,1996-03-11 00:00:00,1996-03-17 00:00:00,2025-09-24 05:48:03,matches_1995_all.csv,153,Stephen Hendry,Scotland,3209,Terry Murphy,Northern Ireland,153,Stephen Hendry,Scotland,153,Stephen Hendry,Scotland,5,4,5,4,9,FALSE,FALSE,194,10,2106,126,2802.91138680857,2597.49942650553,2600,2600,5,5,1,2,5,10,0.765387368868528,0.234612631131472,0.63,1,0.555555555555556,0.444444444444444,-5.94873190742278,18.8848631981675,2796.96265490115,2616.3842897037,195,11,2115,135
9654295,1996-03-11 00:00:00,EventStart_Pre2008Season,2505,Thailand Open,1995,1996-03-11 00:00:00,1996-03-17 00:00:00,2025-09-24 05:52:11,matches_1995_all.csv,193,James Wattana,Thailand,2184,Willie Thorne,England,193,James Wattana,Thailand,193,James Wattana,Thailand,5,0,5,0,5,FALSE,FALSE,106,140,989,1443,2717.4243961647,2641.71409033161,2600,2600,5,5,1,1,5,5,0.607263418559191,0.392736581440809,1,1,1,0,9.81841453602023,-9.81841453602023,2727.24281070072,2631.89567579559,107,141,994,1448
9654296,1996-03-11 00:00:00,EventStart_Pre2008Season,2505,Thailand Open,1995,1996-03-11 00:00:00,1996-03-17 00:00:00,2025-09-24 05:52:11,matches_1995_all.csv,669,Alain Robidoux,Canada,44,Alan McManus,Scotland,44,Alan McManus,Scotland,44,Alan McManus,Scotland,4,5,4,5,9,FALSE,FALSE,71,94,633,1011,2656.71884494873,2731.78329312291,2600,2600,5,5,1,1,5,5,0.393623622480591,0.606376377519409,1,1,0.444444444444444,0.555555555555556,2.28693698837341,-2.28693698837341,2659.0057819371,2729.49635613454,72,95,642,1020
9654297,1996-03-11 00:00:00,EventStart_Pre2008Season,2505,Thailand Open,1995,1996-03-11 00:00:00,1996-03-17 00:00:00,2025-09-24 05:52:11,matches_1995_all.csv,20,Jimmy White,England,42,Peter Ebdon,England,42,Peter Ebdon,England,42,Peter Ebdon,England,3,5,3,5,8,FALSE,FALSE,222,58,2637,581,2713.01042326714,2713.56964586939,2600,2600,5,5,1,1,5,5,0.499195214677731,0.50080478532227,1,1,0.375,0.625,-4.96780858710922,4.96780858710922,2708.04261468003,2718.5374544565,223,59,2645,589
9654298,1996-03-11 00:00:00,EventStart_Pre2008Season,2505,Thailand Open,1995,1996-03-11 00:00:00,1996-03-17 00:00:00,2025-09-24 05:52:11,matches_1995_all.csv,237,John Higgins,Scotland,5,Ronnie O'Sullivan,England,237,John Higgins,Scotland,237,John Higgins,Scotland,5,3,5,3,8,FALSE,FALSE,47,50,441,524,2755.88627113434,2738.44004384863,2600,2600,5,5,1,1,5,5,0.52508605822896,0.47491394177104,1,1,0.625,0.375,3.9965576708416,-3.9965576708416,2759.88282880519,2734.44348617779,48,51,449,532
9654299,1996-03-11 00:00:00,EventStart_Pre2008Season,2505,Thailand Open,1995,1996-03-11 00:00:00,1996-03-17 00:00:00,2025-09-24 05:52:11,matches_1995_all.csv,212,Steve Davis,England,170,Ken Doherty,Ireland,170,Ken Doherty,Ireland,170,Ken Doherty,Ireland,2,5,2,5,7,FALSE,FALSE,261,75,2886,719,2707.32422671087,2684.63107652829,2600,2600,5,5,1,1,5,5,0.532611705517326,0.467388294482674,1,1,0.285714285714286,0.714285714285714,-8.64140969310642,8.64140969310642,2698.68281701777,2693.2724862214,262,76,2893,726
9654300,1996-03-11 00:00:00,EventStart_Pre2008Season,2505,Thailand Open,1995,1996-03-11 00:00:00,1996-03-17 00:00:00,2025-09-24 05:52:11,matches_1995_all.csv,3296,Jamie Woodman,England,115,Anthony Hamilton,England,3296,Jamie Woodman,England,3296,Jamie Woodman,England,5,4,5,4,9,FALSE,FALSE,11,24,129,264,2631.66885149676,2615.40360083446,2600,2600,5,5,2,1,10,5,0.523390491822574,0.476609508177426,1,0.645,0.555555555555556,0.444444444444444,2.89485573596837,-0.933590974849798,2634.56370723273,2614.47000985961,12,25,138,273
9654301,1996-03-11 00:00:00,EventStart_Pre2008Season,2505,Thailand Open,1995,1996-03-11 00:00:00,1996-03-17 00:00:00,2025-09-24 05:52:11,matches_1995_all.csv,408,John Parrott,England,409,David Roe,England,408,John Parrott,England,408,John Parrott,England,5,4,5,4,9,FALSE,FALSE,165,56,1755,532,2679.94499545737,2652.72533783231,2600,2600,5,5,1,1,5,5,0.539092287936503,0.460907712063497,1,1,0.555555555555556,0.444444444444444,0.740847042857364,-0.740847042857364,2680.68584250023,2651.98449078945,166,57,1764,541
9654302,1996-03-11 00:00:00,EventStart_Pre2008Season,2505,Thailand Open,1995,1996-03-11 00:00:00,1996-03-17 00:00:00,2025-09-24 05:52:11,matches_1995_all.csv,35,Joe Swail,Northern Ireland,153,Stephen Hendry,Scotland,153,Stephen Hendry,Scotland,153,Stephen Hendry,Scotland,2,5,2,5,7,FALSE,FALSE,43,195,420,2115,2651.07887483178,2796.96265490115,2600,2600,5,5,1,1,5,5,0.301582269920808,0.698417730079192,1,1,0.285714285714286,0.714285714285714,-0.555379447228284,0.555379447228286,2650.52349538455,2797.51803434838,44,196,427,2122
9654307,1996-03-11 00:00:00,EventStart_Pre2008Season,2505,Thailand Open,1995,1996-03-11 00:00:00,1996-03-17 00:00:00,2025-09-24 05:53:25,matches_1995_all.csv,193,James Wattana,Thailand,44,Alan McManus,Scotland,44,Alan McManus,Scotland,44,Alan McManus,Scotland,4,5,4,5,9,FALSE,FALSE,107,95,994,1020,2727.24281070072,2729.49635613454,2600,2600,5,5,1,1,5,5,0.496756932903256,0.503243067096744,1,1,0.444444444444444,0.555555555555556,-2.35406198064652,2.35406198064652,2724.88874872008,2731.85041811519,108,96,1003,1029
9654308,1996-03-11 00:00:00,EventStart_Pre2008Season,2505,Thailand Open,1995,1996-03-11 00:00:00,1996-03-17 00:00:00,2025-09-24 05:53:25,matches_1995_all.csv,42,Peter Ebdon,England,237,John Higgins,Scotland,42,Peter Ebdon,England,42,Peter Ebdon,England,5,0,5,0,5,FALSE,FALSE,59,48,589,449,2718.5374544565,2759.88282880519,2600,2600,5,5,1,1,5,5,0.440778512243218,0.559221487756782,1,1,1,0,13.9805371939195,-13.9805371939195,2732.51799165042,2745.90229161127,60,49,594,454
9654309,1996-03-11 00:00:00,EventStart_Pre2008Season,2505,Thailand Open,1995,1996-03-11 00:00:00,1996-03-17 00:00:00,2025-09-24 05:53:25,matches_1995_all.csv,170,Ken Doherty,Ireland,3296,Jamie Woodman,England,170,Ken Doherty,Ireland,170,Ken Doherty,Ireland,5,1,5,1,6,FALSE,FALSE,76,12,726,138,2693.2724862214,2634.56370723273,2600,2600,5,5,1,2,5,10,0.583693657909782,0.416306342090218,0.69,1,0.833333333333333,0.166666666666667,5.16754128126752,-14.9783805254131,2698.44002750267,2619.58532670732,77,13,732,144
9654310,1996-03-11 00:00:00,EventStart_Pre2008Season,2505,Thailand Open,1995,1996-03-11 00:00:00,1996-03-17 00:00:00,2025-09-24 05:53:25,matches_1995_all.csv,408,John Parrott,England,153,Stephen Hendry,Scotland,153,Stephen Hendry,Scotland,153,Stephen Hendry,Scotland,1,5,1,5,6,FALSE,FALSE,166,196,1764,2122,2680.68584250023,2797.51803434838,2600,2600,5,5,1,1,5,5,0.337928290401428,0.662071709598572,1,1,0.166666666666667,0.833333333333333,-5.13784871204284,5.13784871204284,2675.54799378818,2802.65588306042,167,197,1770,2128
9654313,1996-03-11 00:00:00,EventStart_Pre2008Season,2505,Thailand Open,1995,1996-03-11 00:00:00,1996-03-17 00:00:00,2025-09-24 05:55:26,matches_1995_all.csv,44,Alan McManus,Scotland,42,Peter Ebdon,England,44,Alan McManus,Scotland,44,Alan McManus,Scotland,6,5,6,5,11,FALSE,FALSE,96,60,1029,594,2731.85041811519,2732.51799165042,2600,2600,5,5,1,1,5,5,0.49903928563809,0.50096071436191,1,1,0.545454545454545,0.454545454545455,2.55283928990506,-2.55283928990506,2734.40325740509,2729.96515236052,97,61,1040,605
9654314,1996-03-11 00:00:00,EventStart_Pre2008Season,2505,Thailand Open,1995,1996-03-11 00:00:00,1996-03-17 00:00:00,2025-09-24 05:55:26,matches_1995_all.csv,170,Ken Doherty,Ireland,153,Stephen Hendry,Scotland,170,Ken Doherty,Ireland,170,Ken Doherty,Ireland,6,3,6,3,9,FALSE,FALSE,77,197,732,2128,2698.44002750267,2802.65588306042,2600,2600,5,5,1,1,5,5,0.35436321190862,0.64563678809138,1,1,0.666666666666667,0.333333333333333,14.0536554641121,-14.0536554641121,2712.49368296678,2788.60222759631,78,198,741,2137
9654316,1996-03-11 00:00:00,EventStart_Pre2008Season,2505,Thailand Open,1995,1996-03-11 00:00:00,1996-03-17 00:00:00,2025-09-24 05:58:31,matches_1995_all.csv,44,Alan McManus,Scotland,170,Ken Doherty,Ireland,44,Alan McManus,Scotland,44,Alan McManus,Scotland,9,8,9,8,17,FALSE,FALSE,97,78,1040,741,2734.40325740509,2712.49368296678,2600,2600,5,5,1,1,5,5,0.531488683237757,0.468511316762243,1,1,0.529411764705882,0.470588235294118,-0.176538075209365,0.176538075209365,2734.22671932988,2712.67022104199,98,79,1057,758
9632100,1996-04-01 00:00:00,EventStart_Pre2008Season,2323,British Open,1995,1996-04-01 00:00:00,1996-04-08 00:00:00,2025-09-16 08:54:21,matches_1995_all.csv,5,Ronnie O'Sullivan,England,3279,Oliver King,England,5,Ronnie O'Sullivan,England,5,Ronnie O'Sullivan,England,5,2,5,2,7,FALSE,FALSE,51,5,532,79,2734.44348617779,2570.90665759816,2600,2600,5,5,1,2,5,10,0.719381084082552,0.280618915917448,0.395,1,0.714285714285714,0.285714285714286,-0.0704434874412847,0.356675885778652,2734.37304269035,2571.26333348394,52,6,539,86
9632101,1996-04-01 00:00:00,EventStart_Pre2008Season,2323,British Open,1995,1996-04-01 00:00:00,1996-04-08 00:00:00,2025-09-16 08:54:21,matches_1995_all.csv,2184,Willie Thorne,England,52,Graeme Dott,Scotland,52,Graeme Dott,Scotland,52,Graeme Dott,Scotland,4,5,4,5,9,FALSE,FALSE,141,3,1448,38,2631.89567579559,2605.37817692806,2600,2600,5,5,1,2,5,10,0.53808781984621,0.46191218015379,0.19,1,0.444444444444444,0.555555555555556,-0.800650859685099,8.42790378615893,2631.0950249359,2613.80608071422,142,4,1457,47
9632102,1996-04-01 00:00:00,EventStart_Pre2008Season,2323,British Open,1995,1996-04-01 00:00:00,1996-04-08 00:00:00,2025-09-16 08:54:21,matches_1995_all.csv,170,Ken Doherty,Ireland,6,Barry Pinches,England,170,Ken Doherty,Ireland,170,Ken Doherty,Ireland,5,1,5,1,6,FALSE,FALSE,79,15,758,212,2712.67022104199,2573.11967328518,2600,2600,5,5,1,2,5,10,0.690683684796846,0.309316315203155,1,1,0.833333333333333,0.166666666666667,4.27948945609463,-8.55897891218927,2716.94971049808,2564.56069437299,80,16,764,218
9632103,1996-04-01 00:00:00,EventStart_Pre2008Season,2323,British Open,1995,1996-04-01 00:00:00,1996-04-08 00:00:00,2025-09-16 08:54:21,matches_1995_all.csv,3260,Chris Scanlon,England,51,Andy Hicks,England,51,Andy Hicks,England,51,Andy Hicks,England,1,5,1,5,6,FALSE,FALSE,5,28,62,377,2558.40427824836,2690.49653224918,2600,2600,5,5,2,1,10,5,0.318562871633282,0.681437128366718,1,0.31,0.166666666666667,0.833333333333333,-9.11377229799693,1.41263470618952,2549.29050595037,2691.90916695537,6,29,68,383
9632104,1996-04-01 00:00:00,EventStart_Pre2008Season,2323,British Open,1995,1996-04-01 00:00:00,1996-04-08 00:00:00,2025-09-16 08:54:21,matches_1995_all.csv,1,Mark J Williams,Wales,409,David Roe,England,1,Mark J Williams,Wales,1,Mark J Williams,Wales,5,4,5,4,9,FALSE,FALSE,15,57,145,541,2578.24548383425,2651.98449078945,2600,2600,5,5,2,1,10,5,0.395446217257405,0.604553782742595,1,0.725,0.555555555555556,0.444444444444444,14.4098404468335,-5.22356716197715,2592.65532428108,2646.76092362748,16,58,154,550
9632105,1996-04-01 00:00:00,EventStart_Pre2008Season,2323,British Open,1995,1996-04-01 00:00:00,1996-04-08 00:00:00,2025-09-16 08:54:21,matches_1995_all.csv,3297,Yasin Merchant,India,668,Neal Foulds,England,668,Neal Foulds,England,668,Neal Foulds,England,4,5,4,5,9,FALSE,FALSE,4,133,46,1333,2583.06813551467,2647.10701614944,2600,2600,5,5,2,1,10,5,0.40887030754875,0.59112969245125,1,0.23,0.444444444444444,0.555555555555556,3.20167232061248,-0.368192316870434,2586.26980783528,2646.73882383257,5,134,55,1342
9632106,1996-04-01 00:00:00,EventStart_Pre2008Season,2323,British Open,1995,1996-04-01 00:00:00,1996-04-08 00:00:00,2025-09-16 08:54:21,matches_1995_all.csv,193,James Wattana,Thailand,3255,Karl Broughton,England,193,James Wattana,Thailand,193,James Wattana,Thailand,5,2,5,2,7,FALSE,FALSE,108,11,1003,128,2724.88874872008,2571.04334113026,2600,2600,5,5,1,2,5,10,0.70798244034628,0.29201755965372,0.64,1,0.714285714285714,0.285714285714286,0.141193336243327,-0.441229175760398,2725.02994205632,2570.6021119545,109,12,1010,135
9632107,1996-04-01 00:00:00,EventStart_Pre2008Season,2323,British Open,1995,1996-04-01 00:00:00,1996-04-08 00:00:00,2025-09-16 08:54:21,matches_1995_all.csv,36,Jimmy Michie,England,181,Tony Knowles,England,181,Tony Knowles,England,181,Tony Knowles,England,3,5,3,5,8,FALSE,FALSE,13,142,151,1461,2683.59507831971,2622.28828245612,2600,2600,5,5,2,1,10,5,0.587323137246566,0.412676862753434,1,0.755,0.375,0.625,-16.9858509797253,6.41215874484629,2666.60922733999,2628.70044120096,14,143,159,1469
9632108,1996-04-01 00:00:00,EventStart_Pre2008Season,2323,British Open,1995,1996-04-01 00:00:00,1996-04-08 00:00:00,2025-09-16 08:54:21,matches_1995_all.csv,408,John Parrott,England,3317,Mark Rowing,England,408,John Parrott,England,408,John Parrott,England,5,3,5,3,8,FALSE,FALSE,167,21,1770,240,2675.54799378818,2560.9212612653,2600,2600,5,5,1,1,5,5,0.65922545979422,0.34077454020578,1,1,0.625,0.375,-1.36901839176879,1.36901839176879,2674.17897539642,2562.29027965707,168,22,1778,248
9632109,1996-04-01 00:00:00,EventStart_Pre2008Season,2323,British Open,1995,1996-04-01 00:00:00,1996-04-08 00:00:00,2025-09-16 08:54:21,matches_1995_all.csv,1197,David McDonnell,Ireland,659,Dean Reynolds,England,659,Dean Reynolds,England,659,Dean Reynolds,England,4,5,4,5,9,FALSE,FALSE,3,94,51,924,2612.50592230215,2590.48193953108,2600,2600,5,5,2,1,10,5,0.531652673643148,0.468347326356852,1,0.255,0.444444444444444,0.555555555555556,-7.84874062788329,1.00071443005512,2604.65718167427,2591.48265396113,4,95,60,933
9632110,1996-04-01 00:00:00,EventStart_Pre2008Season,2323,British Open,1995,1996-04-01 00:00:00,1996-04-08 00:00:00,2025-09-16 08:54:21,matches_1995_all.csv,3242,Mark Bennett,England,41,Tony Drago,Malta,3242,Mark Bennett,England,3242,Mark Bennett,England,5,0,5,0,5,FALSE,FALSE,59,85,539,705,2638.55544456438,2651.63721065617,2600,2600,5,5,1,1,5,5,0.481182716831202,0.518817283168798,1,1,1,0,12.97043207922,-12.97043207922,2651.5258766436,2638.66677857695,60,86,544,710
9632111,1996-04-01 00:00:00,EventStart_Pre2008Season,2323,British Open,1995,1996-04-01 00:00:00,1996-04-08 00:00:00,2025-09-16 08:54:21,matches_1995_all.csv,179,Stuart Pettman,England,804,Gary Wilkinson,England,804,Gary Wilkinson,England,804,Gary Wilkinson,England,2,5,2,5,7,FALSE,FALSE,5,81,60,770,2591.95267648818,2670.77591288721,2600,2600,5,5,2,1,10,5,0.388471198277509,0.611528801722491,1,0.3,0.285714285714286,0.714285714285714,-7.1929838794256,1.07894758191384,2584.75969260875,2671.85486046912,6,82,67,777
9632112,1996-04-01 00:00:00,EventStart_Pre2008Season,2323,British Open,1995,1996-04-01 00:00:00,1996-04-08 00:00:00,2025-09-16 08:54:21,matches_1995_all.csv,3213,Jason Ferguson,England,795,Steve Newbury,Wales,3213,Jason Ferguson,England,3213,Jason Ferguson,England,5,0,5,0,5,FALSE,FALSE,36,66,378,565,2640.35430350748,2590.89095647909,2600,2600,5,5,1,1,5,5,0.570706421840462,0.429293578159538,1,1,1,0,10.7323394539885,-10.7323394539885,2651.08664296147,2580.15861702511,37,67,383,570
9632113,1996-04-01 00:00:00,EventStart_Pre2008Season,2323,British Open,1995,1996-04-01 00:00:00,1996-04-08 00:00:00,2025-09-16 08:54:21,matches_1995_all.csv,237,John Higgins,Scotland,53,Jamie Burnett,Scotland,237,John Higgins,Scotland,237,John Higgins,Scotland,5,1,5,1,6,FALSE,FALSE,49,9,454,114,2745.90229161127,2630.53273372115,2600,2600,5,5,1,2,5,10,0.660185406855758,0.339814593144242,0.57,1,0.833333333333333,0.166666666666667,2.96082954276653,-10.3888755886545,2748.86312115403,2620.14385813249,50,10,460,120
9632114,1996-04-01 00:00:00,EventStart_Pre2008Season,2323,British Open,1995,1996-04-01 00:00:00,1996-04-08 00:00:00,2025-09-16 08:54:21,matches_1995_all.csv,657,Brian Morgan,England,205,Mike Hallett,England,205,Mike Hallett,England,205,Mike Hallett,England,2,5,2,5,7,FALSE,FALSE,32,125,362,1205,2622.7707611955,2636.80308717685,2600,2600,5,5,1,1,5,5,0.479816832766096,0.520183167233904,1,1,0.285714285714286,0.714285714285714,-6.79358914681335,6.79358914681335,2615.97717204869,2643.59667632366,33,126,369,1212
9632115,1996-04-01 00:00:00,EventStart_Pre2008Season,2323,British Open,1995,1996-04-01 00:00:00,1996-04-08 00:00:00,2025-09-16 08:54:21,matches_1995_all.csv,13,Stephen Lee,England,2877,Terry Griffiths,Wales,13,Stephen Lee,England,13,Stephen Lee,England,5,2,5,2,7,FALSE,FALSE,24,189,266,1984,2657.08620140504,2604.27005720889,2600,2600,5,5,1,1,5,5,0.575428404744746,0.424571595255254,1,1,0.714285714285714,0.285714285714286,4.86000583393389,-4.86000583393389,2661.94620723898,2599.41005137496,25,190,273,1991
9632116,1996-04-01 00:00:00,EventStart_Pre2008Season,2323,British Open,1995,1996-04-01 00:00:00,1996-04-08 00:00:00,2025-09-16 08:54:21,matches_1995_all.csv,212,Steve Davis,England,3269,Mark Johnston-Allen,England,3269,Mark Johnston-Allen,England,3269,Mark Johnston-Allen,England,2,5,2,5,7,FALSE,FALSE,262,40,2893,365,2698.68281701777,2605.44197202865,2600,2600,5,5,1,1,5,5,0.631053139447958,0.368946860552042,1,1,0.285714285714286,0.714285714285714,-12.0868598806785,12.0868598806785,2686.59595713709,2617.52883190933,263,41,2900,372
9632117,1996-04-01 00:00:00,EventStart_Pre2008Season,2323,British Open,1995,1996-04-01 00:00:00,1996-04-08 00:00:00,2025-09-16 08:54:21,matches_1995_all.csv,3280,Karl Payne,England,115,Anthony Hamilton,England,115,Anthony Hamilton,England,115,Anthony Hamilton,England,2,5,2,5,7,FALSE,FALSE,11,25,160,273,2600.39913593677,2614.47000985961,2600,2600,5,5,2,1,10,5,0.479761448460375,0.520238551539625,1,0.8,0.285714285714286,0.714285714285714,-13.5833013922262,5.43332055689049,2586.81583454455,2619.9033304165,12,26,167,280
9632118,1996-04-01 00:00:00,EventStart_Pre2008Season,2323,British Open,1995,1996-04-01 00:00:00,1996-04-08 00:00:00,2025-09-16 08:54:21,matches_1995_all.csv,1426,Anthony Davies,Wales,3258,Mick Price,Ireland,3258,Mick Price,Ireland,3258,Mick Price,Ireland,2,5,2,5,7,FALSE,FALSE,17,37,208,382,2622.61173907984,2618.33129423677,2600,2600,5,5,2,1,10,5,0.506159743655056,0.493840256344944,1,1,0.285714285714286,0.714285714285714,-15.4311820558539,7.71559102792696,2607.18055702398,2626.0468852647,18,38,215,389
9632119,1996-04-01 00:00:00,EventStart_Pre2008Season,2323,British Open,1995,1996-04-01 00:00:00,1996-04-08 00:00:00,2025-09-16 08:54:21,matches_1995_all.csv,31,Dave Harold,England,3218,Anthony Bolsover,England,31,Dave Harold,England,31,Dave Harold,England,5,2,5,2,7,FALSE,FALSE,41,8,405,104,2669.86686014184,2622.37145688812,2600,2600,5,5,1,2,5,10,0.567928763074747,0.432071236925253,0.52,1,0.714285714285714,0.285714285714286,2.6636965120396,-10.2449865847677,2672.53055665388,2612.12647030336,42,9,412,111
9632120,1996-04-01 00:00:00,EventStart_Pre2008Season,2323,British Open,1995,1996-04-01 00:00:00,1996-04-08 00:00:00,2025-09-16 08:54:21,matches_1995_all.csv,20,Jimmy White,England,9,Matthew Stevens,Wales,20,Jimmy White,England,20,Jimmy White,England,5,3,5,3,8,FALSE,FALSE,223,4,2645,31,2708.04261468003,2644.0971622441,2600,2600,5,5,1,2,5,10,0.590999698454552,0.409000301545448,0.155,1,0.625,0.375,0.210801869581779,-2.72002412363586,2708.25341654961,2641.37713812047,224,5,2653,39
9632121,1996-04-01 00:00:00,EventStart_Pre2008Season,2323,British Open,1995,1996-04-01 00:00:00,1996-04-08 00:00:00,2025-09-16 08:54:21,matches_1995_all.csv,63,Fergal O'Brien,Ireland,669,Alain Robidoux,Canada,63,Fergal O'Brien,Ireland,63,Fergal O'Brien,Ireland,5,1,5,1,6,FALSE,FALSE,15,72,180,642,2683.02473406802,2659.0057819371,2600,2600,5,5,2,1,10,5,0.534511089201362,0.465488910798638,1,0.9,0.833333333333333,0.166666666666667,17.9293346479183,-8.06820059156323,2700.95406871593,2650.93758134554,16,73,186,648
9632122,1996-04-01 00:00:00,EventStart_Pre2008Season,2323,British Open,1995,1996-04-01 00:00:00,1996-04-08 00:00:00,2025-09-16 08:54:21,matches_1995_all.csv,3261,Martin Clark,England,469,Joe Johnson,England,3261,Martin Clark,England,3261,Martin Clark,England,5,4,5,4,9,FALSE,FALSE,82,115,706,1149,2661.19619983455,2617.86879744471,2600,2600,5,5,1,1,5,5,0.562031910825217,0.437968089174784,1,1,0.555555555555556,0.444444444444444,-0.291435987134743,0.291435987134743,2660.90476384742,2618.16023343185,83,116,715,1158
9632123,1996-04-01 00:00:00,EventStart_Pre2008Season,2323,British Open,1995,1996-04-01 00:00:00,1996-04-08 00:00:00,2025-09-16 08:54:21,matches_1995_all.csv,492,Stefan Mazrocis,England,223,Darren Morgan,Wales,223,Darren Morgan,Wales,223,Darren Morgan,Wales,1,5,1,5,6,FALSE,FALSE,10,77,158,754,2627.90503942348,2679.68991828279,2600,2600,5,5,2,1,10,5,0.426022575781254,0.573977424218746,1,0.79,0.166666666666667,0.833333333333333,-15.5613545468753,6.14673504601572,2612.34368487661,2685.83665332881,11,78,164,760
9632124,1996-04-01 00:00:00,EventStart_Pre2008Season,2323,British Open,1995,1996-04-01 00:00:00,1996-04-08 00:00:00,2025-09-16 08:54:21,matches_1995_all.csv,1049,Steve James,England,3302,Mark Flowerdew,England,1049,Steve James,England,1049,Steve James,England,5,1,5,1,6,FALSE,FALSE,90,13,884,141,2663.19113622519,2606.44586480982,2600,2600,5,5,1,2,5,10,0.580944544356083,0.419055455643918,0.705,1,0.833333333333333,0.166666666666667,5.33802288686886,-15.1433273386351,2668.52915911206,2591.30253747118,91,14,890,147
9632125,1996-04-01 00:00:00,EventStart_Pre2008Season,2323,British Open,1995,1996-04-01 00:00:00,1996-04-08 00:00:00,2025-09-16 08:54:21,matches_1995_all.csv,799,Steve Meakin,England,44,Alan McManus,Scotland,44,Alan McManus,Scotland,44,Alan McManus,Scotland,3,5,3,5,8,FALSE,FALSE,6,98,79,1057,2583.59574397932,2734.22671932988,2600,2600,5,5,2,1,10,5,0.295857757282147,0.704142242717853,1,0.395,0.375,0.625,6.33137941742825,-1.25044743494208,2589.92712339675,2732.97627189494,7,99,87,1065
9632126,1996-04-01 00:00:00,EventStart_Pre2008Season,2323,British Open,1995,1996-04-01 00:00:00,1996-04-08 00:00:00,2025-09-16 08:54:21,matches_1995_all.csv,177,Rod Lawler,England,468,Dennis Taylor,Northern Ireland,468,Dennis Taylor,Northern Ireland,468,Dennis Taylor,Northern Ireland,0,5,0,5,5,FALSE,FALSE,33,171,365,1828,2656.32212250688,2607.31970423673,2600,2600,5,5,1,1,5,5,0.570056235436832,0.429943764563168,1,1,0,1,-14.2514058859208,14.2514058859208,2642.07071662096,2621.57111012265,34,172,370,1833
9632127,1996-04-01 00:00:00,EventStart_Pre2008Season,2323,British Open,1995,1996-04-01 00:00:00,1996-04-08 00:00:00,2025-09-16 08:54:21,matches_1995_all.csv,3315,Pat Horne,England,42,Peter Ebdon,England,42,Peter Ebdon,England,42,Peter Ebdon,England,3,5,3,5,8,TRUE,FALSE,0,61,0,605,2600,2729.96515236052,2600,2600,5,5,2,1,10,5,0.321226817302574,0.678773182697426,1,0.1,0.375,0.625,4.30185461579404,-0.215092730789702,2604.30185461579,2729.75005962973,1,62,8,613
9632128,1996-04-01 00:00:00,EventStart_Pre2008Season,2323,British Open,1995,1996-04-01 00:00:00,1996-04-08 00:00:00,2025-09-16 08:54:21,matches_1995_all.csv,3209,Terry Murphy,Northern Ireland,153,Stephen Hendry,Scotland,153,Stephen Hendry,Scotland,153,Stephen Hendry,Scotland,1,5,1,5,6,FALSE,FALSE,11,198,135,2137,2616.3842897037,2788.60222759631,2600,2600,5,5,2,1,10,5,0.270642323621722,0.729357676378278,1,0.675,0.166666666666667,0.833333333333333,-6.2385394173033,2.10550705333986,2610.14575028639,2790.70773464965,12,199,141,2143
9632129,1996-04-01 00:00:00,EventStart_Pre2008Season,2323,British Open,1995,1996-04-01 00:00:00,1996-04-08 00:00:00,2025-09-16 08:54:21,matches_1995_all.csv,714,Billy Snaddon,Scotland,35,Joe Swail,Northern Ireland,35,Joe Swail,Northern Ireland,35,Joe Swail,Northern Ireland,2,5,2,5,7,FALSE,FALSE,18,44,217,427,2603.3152130602,2650.52349538455,2600,2600,5,5,2,1,10,5,0.432476856058093,0.567523143941907,1,1,0.285714285714286,0.714285714285714,-10.2733799240665,5.13668996203326,2593.04183313613,2655.66018534658,19,45,224,434
9632130,1996-04-01 00:00:00,EventStart_Pre2008Season,2323,British Open,1995,1996-04-01 00:00:00,1996-04-08 00:00:00,2025-09-16 08:54:21,matches_1995_all.csv,667,Dene O'Kane,New Zealand,29,Matthew Couch,England,667,Dene O'Kane,New Zealand,667,Dene O'Kane,New Zealand,5,2,5,2,7,FALSE,FALSE,76,6,700,82,2626.95779020154,2606.64155239566,2600,2600,5,5,1,2,5,10,0.529204138071341,0.470795861928659,0.41,1,0.714285714285714,0.285714285714286,2.65592061867626,-12.9557103350061,2629.61371082022,2593.68584206066,77,7,707,89
9632131,1996-04-01 00:00:00,EventStart_Pre2008Season,2323,British Open,1995,1996-04-01 00:00:00,1996-04-08 00:00:00,2025-09-16 08:54:21,matches_1995_all.csv,716,Paul McPhillips,Scotland,14,Nigel Bond,England,14,Nigel Bond,England,14,Nigel Bond,England,0,5,0,5,5,FALSE,FALSE,10,67,125,693,2578.05163746679,2685.79277276419,2600,2600,5,5,2,1,10,5,0.349734185191577,0.650265814808423,1,0.625,0,1,-17.4867092595789,5.4645966436184,2560.56492820722,2691.25736940781,11,68,130,698
9632132,1996-04-01 00:00:00,EventStart_Pre2008Season,2323,British Open,1995,1996-04-01 00:00:00,1996-04-08 00:00:00,2025-09-16 08:55:26,matches_1995_all.csv,5,Ronnie O'Sullivan,England,52,Graeme Dott,Scotland,5,Ronnie O'Sullivan,England,5,Ronnie O'Sullivan,England,5,1,5,1,6,FALSE,FALSE,52,4,539,47,2734.37304269035,2613.80608071422,2600,2600,5,5,1,2,5,10,0.666864868924832,0.333135131075168,0.235,1,0.833333333333333,0.166666666666667,1.17360267407993,-9.98810786451006,2735.54664536443,2603.81797284971,53,5,545,53
9632133,1996-04-01 00:00:00,EventStart_Pre2008Season,2323,British Open,1995,1996-04-01 00:00:00,1996-04-08 00:00:00,2025-09-16 08:55:26,matches_1995_all.csv,170,Ken Doherty,Ireland,51,Andy Hicks,England,170,Ken Doherty,Ireland,170,Ken Doherty,Ireland,5,4,5,4,9,FALSE,FALSE,80,29,764,383,2716.94971049808,2691.90916695537,2600,2600,5,5,1,1,5,5,0.535973972247495,0.464026027752505,1,1,0.555555555555556,0.444444444444444,0.881171248862724,-0.881171248862724,2717.83088174695,2691.02799570651,81,30,773,392
9632134,1996-04-01 00:00:00,EventStart_Pre2008Season,2323,British Open,1995,1996-04-01 00:00:00,1996-04-08 00:00:00,2025-09-16 08:55:26,matches_1995_all.csv,1,Mark J Williams,Wales,668,Neal Foulds,England,1,Mark J Williams,Wales,1,Mark J Williams,Wales,5,1,5,1,6,FALSE,FALSE,16,134,154,1342,2592.65532428108,2646.73882383257,2600,2600,5,5,2,1,10,5,0.422790219704298,0.577209780295702,1,0.77,0.833333333333333,0.166666666666667,24.6325868177421,-9.48354592483071,2617.28791109882,2637.25527790774,17,135,160,1348
9632135,1996-04-01 00:00:00,EventStart_Pre2008Season,2323,British Open,1995,1996-04-01 00:00:00,1996-04-08 00:00:00,2025-09-16 08:55:26,matches_1995_all.csv,193,James Wattana,Thailand,181,Tony Knowles,England,181,Tony Knowles,England,181,Tony Knowles,England,4,5,4,5,9,FALSE,FALSE,109,143,1010,1469,2725.02994205632,2628.70044120096,2600,2600,5,5,1,1,5,5,0.63518297528733,0.36481702471267,1,1,0.444444444444444,0.555555555555556,-8.58323388792985,8.58323388792985,2716.44670816839,2637.28367508889,110,144,1019,1478
9632136,1996-04-01 00:00:00,EventStart_Pre2008Season,2323,British Open,1995,1996-04-01 00:00:00,1996-04-08 00:00:00,2025-09-16 08:55:26,matches_1995_all.csv,408,John Parrott,England,659,Dean Reynolds,England,408,John Parrott,England,408,John Parrott,England,5,3,5,3,8,FALSE,FALSE,168,95,1778,933,2674.17897539642,2591.48265396113,2600,2600,5,5,1,1,5,5,0.616811939849864,0.383188060150136,1,1,0.625,0.375,0.327522406005443,-0.327522406005443,2674.50649780242,2591.15513155513,169,96,1786,941
9632137,1996-04-01 00:00:00,EventStart_Pre2008Season,2323,British Open,1995,1996-04-01 00:00:00,1996-04-08 00:00:00,2025-09-16 08:55:26,matches_1995_all.csv,3242,Mark Bennett,England,804,Gary Wilkinson,England,804,Gary Wilkinson,England,804,Gary Wilkinson,England,0,5,0,5,5,FALSE,FALSE,60,82,544,777,2651.5258766436,2671.85486046912,2600,2600,5,5,1,1,5,5,0.470777581548693,0.529222418451307,1,1,0,1,-11.7694395387173,11.7694395387173,2639.75643710488,2683.62430000784,61,83,549,782
9632138,1996-04-01 00:00:00,EventStart_Pre2008Season,2323,British Open,1995,1996-04-01 00:00:00,1996-04-08 00:00:00,2025-09-16 08:55:26,matches_1995_all.csv,3213,Jason Ferguson,England,237,John Higgins,Scotland,237,John Higgins,Scotland,237,John Higgins,Scotland,4,5,4,5,9,FALSE,FALSE,37,50,383,460,2651.08664296147,2748.86312115403,2600,2600,5,5,1,1,5,5,0.362889055372666,0.637110944627334,1,1,0.444444444444444,0.555555555555556,3.66999250823001,-3.66999250823001,2654.7566354697,2745.1931286458,38,51,392,469
9632139,1996-04-01 00:00:00,EventStart_Pre2008Season,2323,British Open,1995,1996-04-01 00:00:00,1996-04-08 00:00:00,2025-09-16 08:55:26,matches_1995_all.csv,205,Mike Hallett,England,13,Stephen Lee,England,13,Stephen Lee,England,13,Stephen Lee,England,3,5,3,5,8,FALSE,FALSE,126,25,1212,273,2643.59667632366,2661.94620723898,2600,2600,5,5,1,1,5,5,0.473617427702947,0.526382572297053,1,1,0.375,0.625,-3.94469710811787,3.94469710811787,2639.65197921554,2665.89090434709,127,26,1220,281
9632140,1996-04-01 00:00:00,EventStart_Pre2008Season,2323,British Open,1995,1996-04-01 00:00:00,1996-04-08 00:00:00,2025-09-16 08:55:26,matches_1995_all.csv,3269,Mark Johnston-Allen,England,115,Anthony Hamilton,England,3269,Mark Johnston-Allen,England,3269,Mark Johnston-Allen,England,5,4,5,4,9,FALSE,FALSE,41,26,372,280,2617.52883190933,2619.9033304165,2600,2600,5,5,1,1,5,5,0.496582875161458,0.503417124838542,1,1,0.555555555555556,0.444444444444444,2.65377061773437,-2.65377061773437,2620.18260252706,2617.24955979876,42,27,381,289
9632141,1996-04-01 00:00:00,EventStart_Pre2008Season,2323,British Open,1995,1996-04-01 00:00:00,1996-04-08 00:00:00,2025-09-16 08:55:26,matches_1995_all.csv,3258,Mick Price,Ireland,31,Dave Harold,England,31,Dave Harold,England,31,Dave Harold,England,2,5,2,5,7,FALSE,FALSE,38,42,389,412,2626.0468852647,2672.53055665388,2600,2600,5,5,1,1,5,5,0.433500923919371,0.566499076080629,1,1,0.285714285714286,0.714285714285714,-5.17253233717797,5.17253233717797,2620.87435292752,2677.70308899105,39,43,396,419
9632142,1996-04-01 00:00:00,EventStart_Pre2008Season,2323,British Open,1995,1996-04-01 00:00:00,1996-04-08 00:00:00,2025-09-16 08:55:26,matches_1995_all.csv,20,Jimmy White,England,63,Fergal O'Brien,Ireland,63,Fergal O'Brien,Ireland,63,Fergal O'Brien,Ireland,3,5,3,5,8,FALSE,FALSE,224,16,2653,186,2708.25341654961,2700.95406871593,2600,2600,5,5,1,2,5,10,0.510503060684713,0.489496939315287,0.93,1,0.375,0.625,-5.04071385747131,10.840244854777,2703.21270269214,2711.79431357071,225,17,2661,194
9632143,1996-04-01 00:00:00,EventStart_Pre2008Season,2323,British Open,1995,1996-04-01 00:00:00,1996-04-08 00:00:00,2025-09-16 08:55:26,matches_1995_all.csv,3261,Martin Clark,England,223,Darren Morgan,Wales,223,Darren Morgan,Wales,223,Darren Morgan,Wales,4,5,4,5,9,FALSE,FALSE,83,78,715,760,2660.90476384742,2685.83665332881,2600,2600,5,5,1,1,5,5,0.464181587582855,0.535818412417145,1,1,0.444444444444444,0.555555555555556,-0.888171441228471,0.888171441228476,2660.01659240619,2686.72482477003,84,79,724,769
9632144,1996-04-01 00:00:00,EventStart_Pre2008Season,2323,British Open,1995,1996-04-01 00:00:00,1996-04-08 00:00:00,2025-09-16 08:55:26,matches_1995_all.csv,1049,Steve James,England,44,Alan McManus,Scotland,44,Alan McManus,Scotland,44,Alan McManus,Scotland,4,5,4,5,9,FALSE,FALSE,91,99,890,1065,2668.52915911206,2732.97627189494,2600,2600,5,5,1,1,5,5,0.408302451767002,0.591697548232998,1,1,0.444444444444444,0.555555555555556,1.62638967048489,-1.62638967048489,2670.15554878255,2731.34988222446,92,100,899,1074
9632145,1996-04-01 00:00:00,EventStart_Pre2008Season,2323,British Open,1995,1996-04-01 00:00:00,1996-04-08 00:00:00,2025-09-16 08:55:26,matches_1995_all.csv,468,Dennis Taylor,Northern Ireland,42,Peter Ebdon,England,42,Peter Ebdon,England,42,Peter Ebdon,England,4,5,4,5,9,FALSE,FALSE,172,62,1833,613,2621.57111012265,2729.75005962973,2600,2600,5,5,1,1,5,5,0.349161244208846,0.650838755791154,1,1,0.444444444444444,0.555555555555556,4.28774401060192,-4.28774401060193,2625.85885413325,2725.46231561913,173,63,1842,622
9632146,1996-04-01 00:00:00,EventStart_Pre2008Season,2323,British Open,1995,1996-04-01 00:00:00,1996-04-08 00:00:00,2025-09-16 08:55:26,matches_1995_all.csv,153,Stephen Hendry,Scotland,35,Joe Swail,Northern Ireland,153,Stephen Hendry,Scotland,153,Stephen Hendry,Scotland,5,1,5,1,6,FALSE,FALSE,199,45,2143,434,2790.70773464965,2655.66018534658,2600,2600,5,5,1,1,5,5,0.685118660988732,0.314881339011268,1,1,0.833333333333333,0.166666666666667,4.44644017033804,-4.44644017033804,2795.15417481999,2651.21374517624,200,46,2149,440
9632147,1996-04-01 00:00:00,EventStart_Pre2008Season,2323,British Open,1995,1996-04-01 00:00:00,1996-04-08 00:00:00,2025-09-16 08:55:26,matches_1995_all.csv,667,Dene O'Kane,New Zealand,14,Nigel Bond,England,14,Nigel Bond,England,14,Nigel Bond,England,1,5,1,5,6,FALSE,FALSE,77,68,707,698,2629.61371082022,2691.25736940781,2600,2600,5,5,1,1,5,5,0.412206944609097,0.587793055390903,1,1,0.166666666666667,0.833333333333333,-7.36620833827292,7.36620833827292,2622.24750248195,2698.62357774608,78,69,713,704
9632156,1996-04-01 00:00:00,EventStart_Pre2008Season,2323,British Open,1995,1996-04-01 00:00:00,1996-04-08 00:00:00,2025-09-16 08:56:10,matches_1995_all.csv,5,Ronnie O'Sullivan,England,170,Ken Doherty,Ireland,5,Ronnie O'Sullivan,England,5,Ronnie O'Sullivan,England,5,3,5,3,8,FALSE,FALSE,53,81,545,773,2735.54664536443,2717.83088174695,2600,2600,5,5,1,1,5,5,0.525472960631494,0.474527039368506,1,1,0.625,0.375,3.98108157474023,-3.98108157474023,2739.52772693917,2713.84980017221,54,82,553,781
9632157,1996-04-01 00:00:00,EventStart_Pre2008Season,2323,British Open,1995,1996-04-01 00:00:00,1996-04-08 00:00:00,2025-09-16 08:56:10,matches_1995_all.csv,1,Mark J Williams,Wales,181,Tony Knowles,England,1,Mark J Williams,Wales,1,Mark J Williams,Wales,5,0,5,0,5,FALSE,FALSE,17,144,160,1478,2617.28791109882,2637.28367508889,2600,2600,5,5,2,1,10,5,0.471255512064266,0.528744487935734,1,0.8,1,0,26.4372243967867,-10.5748897587147,2643.72513549561,2626.70878533018,18,145,165,1483
9632158,1996-04-01 00:00:00,EventStart_Pre2008Season,2323,British Open,1995,1996-04-01 00:00:00,1996-04-08 00:00:00,2025-09-16 08:56:10,matches_1995_all.csv,408,John Parrott,England,804,Gary Wilkinson,England,408,John Parrott,England,408,John Parrott,England,5,2,5,2,7,FALSE,FALSE,169,83,1786,782,2674.50649780242,2683.62430000784,2600,2600,5,5,1,1,5,5,0.486881439308034,0.513118560691966,1,1,0.714285714285714,0.285714285714286,7.95914962421881,-7.95914962421882,2682.46564742664,2675.66515038362,170,84,1793,789
9632159,1996-04-01 00:00:00,EventStart_Pre2008Season,2323,British Open,1995,1996-04-01 00:00:00,1996-04-08 00:00:00,2025-09-16 08:56:10,matches_1995_all.csv,237,John Higgins,Scotland,13,Stephen Lee,England,237,John Higgins,Scotland,237,John Higgins,Scotland,5,3,5,3,8,FALSE,FALSE,51,26,469,281,2745.1931286458,2665.89090434709,2600,2600,5,5,1,1,5,5,0.612183622082396,0.387816377917604,1,1,0.625,0.375,0.512655116704175,-0.512655116704175,2745.70578376251,2665.37824923039,52,27,477,289
9632160,1996-04-01 00:00:00,EventStart_Pre2008Season,2323,British Open,1995,1996-04-01 00:00:00,1996-04-08 00:00:00,2025-09-16 08:56:10,matches_1995_all.csv,3269,Mark Johnston-Allen,England,31,Dave Harold,England,31,Dave Harold,England,31,Dave Harold,England,2,5,2,5,7,FALSE,FALSE,42,43,381,419,2620.18260252706,2677.70308899105,2600,2600,5,5,1,1,5,5,0.417969463951331,0.582030536048669,1,1,0.285714285714286,0.714285714285714,-4.62893123829658,4.62893123829658,2615.55367128877,2682.33202022935,43,44,388,426
9632161,1996-04-01 00:00:00,EventStart_Pre2008Season,2323,British Open,1995,1996-04-01 00:00:00,1996-04-08 00:00:00,2025-09-16 08:56:10,matches_1995_all.csv,63,Fergal O'Brien,Ireland,223,Darren Morgan,Wales,223,Darren Morgan,Wales,223,Darren Morgan,Wales,1,5,1,5,6,FALSE,FALSE,17,79,194,769,2711.79431357071,2686.72482477003,2600,2600,5,5,2,1,10,5,0.536015411943335,0.463984588056665,1,0.97,0.166666666666667,0.833333333333333,-22.1609247166001,10.7480484875511,2689.63338885411,2697.47287325759,18,80,200,775
9632162,1996-04-01 00:00:00,EventStart_Pre2008Season,2323,British Open,1995,1996-04-01 00:00:00,1996-04-08 00:00:00,2025-09-16 08:56:10,matches_1995_all.csv,44,Alan McManus,Scotland,42,Peter Ebdon,England,42,Peter Ebdon,England,42,Peter Ebdon,England,1,5,1,5,6,FALSE,FALSE,100,63,1074,622,2731.34988222446,2725.46231561913,2600,2600,5,5,1,1,5,5,0.508472078506952,0.491527921493048,1,1,0.166666666666667,0.833333333333333,-10.2541623552086,10.2541623552086,2721.09571986925,2735.71647797434,101,64,1080,628
9632163,1996-04-01 00:00:00,EventStart_Pre2008Season,2323,British Open,1995,1996-04-01 00:00:00,1996-04-08 00:00:00,2025-09-16 08:56:10,matches_1995_all.csv,153,Stephen Hendry,Scotland,14,Nigel Bond,England,14,Nigel Bond,England,14,Nigel Bond,England,4,5,4,5,9,FALSE,FALSE,200,69,2149,704,2795.15417481999,2698.62357774608,2600,2600,5,5,1,1,5,5,0.635451179467706,0.364548820532294,1,1,0.444444444444444,0.555555555555556,-8.59530307604677,8.59530307604677,2786.55887174394,2707.21888082213,201,70,2158,713
9632168,1996-04-01 00:00:00,EventStart_Pre2008Season,2323,British Open,1995,1996-04-01 00:00:00,1996-04-08 00:00:00,2025-09-16 08:56:40,matches_1995_all.csv,5,Ronnie O'Sullivan,England,1,Mark J Williams,Wales,5,Ronnie O'Sullivan,England,5,Ronnie O'Sullivan,England,5,3,5,3,8,FALSE,FALSE,54,18,553,165,2739.52772693917,2643.72513549561,2600,2600,5,5,1,2,5,10,0.634479832742856,0.365520167257144,0.825,1,0.625,0.375,-0.312834480514249,0.758386619428482,2739.21489245865,2644.48352211504,55,19,561,173
9632169,1996-04-01 00:00:00,EventStart_Pre2008Season,2323,British Open,1995,1996-04-01 00:00:00,1996-04-08 00:00:00,2025-09-16 08:56:40,matches_1995_all.csv,408,John Parrott,England,237,John Higgins,Scotland,237,John Higgins,Scotland,237,John Higgins,Scotland,3,5,3,5,8,FALSE,FALSE,170,52,1793,477,2682.46564742664,2745.70578376251,2600,2600,5,5,1,1,5,5,0.409982072713848,0.590017927286152,1,1,0.375,0.625,-1.39928290855391,1.39928290855391,2681.06636451809,2747.10506667106,171,53,1801,485
9632170,1996-04-01 00:00:00,EventStart_Pre2008Season,2323,British Open,1995,1996-04-01 00:00:00,1996-04-08 00:00:00,2025-09-16 08:56:40,matches_1995_all.csv,31,Dave Harold,England,223,Darren Morgan,Wales,31,Dave Harold,England,31,Dave Harold,England,5,1,5,1,6,FALSE,FALSE,44,80,426,775,2682.33202022935,2697.47287325759,2600,2600,5,5,1,1,5,5,0.478224344057473,0.521775655942527,1,1,0.833333333333333,0.166666666666667,10.6532696782758,-10.6532696782758,2692.98528990763,2686.81960357931,45,81,432,781
9632171,1996-04-01 00:00:00,EventStart_Pre2008Season,2323,British Open,1995,1996-04-01 00:00:00,1996-04-08 00:00:00,2025-09-16 08:56:40,matches_1995_all.csv,42,Peter Ebdon,England,14,Nigel Bond,England,14,Nigel Bond,England,14,Nigel Bond,England,3,5,3,5,8,FALSE,FALSE,64,70,628,713,2735.71647797434,2707.21888082213,2600,2600,5,5,1,1,5,5,0.540919614891585,0.459080385108415,1,1,0.375,0.625,-6.6367845956634,6.6367845956634,2729.07969337867,2713.85566541779,65,71,636,721
9632174,1996-04-01 00:00:00,EventStart_Pre2008Season,2323,British Open,1995,1996-04-01 00:00:00,1996-04-08 00:00:00,2025-09-16 08:57:01,matches_1995_all.csv,5,Ronnie O'Sullivan,England,237,John Higgins,Scotland,237,John Higgins,Scotland,237,John Higgins,Scotland,4,6,4,6,10,FALSE,FALSE,55,53,561,485,2739.21489245865,2747.10506667106,2600,2600,5,5,1,1,5,5,0.488647078171911,0.511352921828089,1,1,0.4,0.6,-4.43235390859555,4.43235390859555,2734.78253855006,2751.53742057966,56,54,571,495
9632175,1996-04-01 00:00:00,EventStart_Pre2008Season,2323,British Open,1995,1996-04-01 00:00:00,1996-04-08 00:00:00,2025-09-16 08:57:01,matches_1995_all.csv,31,Dave Harold,England,14,Nigel Bond,England,14,Nigel Bond,England,14,Nigel Bond,England,5,6,5,6,11,FALSE,FALSE,45,71,432,721,2692.98528990763,2713.85566541779,2600,2600,5,5,1,1,5,5,0.470001188955676,0.529998811044324,1,1,0.454545454545455,0.545454545454545,-0.850065392562187,0.850065392562187,2692.13522451506,2714.70573081035,46,72,443,732
9632310,1996-04-01 00:00:00,EventStart_Pre2008Season,2323,British Open,1995,1996-04-01 00:00:00,1996-04-08 00:00:00,2025-09-16 08:58:22,matches_1995_all.csv,237,John Higgins,Scotland,14,Nigel Bond,England,14,Nigel Bond,England,14,Nigel Bond,England,8,9,8,9,17,FALSE,FALSE,54,72,495,732,2751.53742057966,2714.70573081035,2600,2600,5,5,1,1,5,5,0.55280739136465,0.44719260863535,1,1,0.470588235294118,0.529411764705882,-6.98862826599523,6.98862826599523,2744.54879231366,2721.69435907635,55,73,512,749
8132740,1996-04-20 00:00:00,EventStart_Pre2008Season,1596,World Championship,1995,1996-04-20 00:00:00,1996-05-06 00:00:00,2023-09-22 22:52:25,matches_1995_all.csv,153,Stephen Hendry,Scotland,223,Darren Morgan,Wales,153,Stephen Hendry,Scotland,153,Stephen Hendry,Scotland,13,5,13,5,18,FALSE,FALSE,201,81,2158,781,2786.55887174394,2686.81960357931,2600,2600,5,5,1,1,5,5,0.639719148715875,0.360280851284125,1,1,0.722222222222222,0.277777777777778,7.42527661557126,-7.42527661557126,2793.98414835951,2679.39432696374,202,82,2176,799
8132741,1996-04-20 00:00:00,EventStart_Pre2008Season,1596,World Championship,1995,1996-04-20 00:00:00,1996-05-06 00:00:00,2023-09-22 22:52:25,matches_1995_all.csv,14,Nigel Bond,England,31,Dave Harold,England,14,Nigel Bond,England,14,Nigel Bond,England,13,7,13,7,20,FALSE,FALSE,73,46,749,443,2721.69435907635,2692.13522451506,2600,2600,5,5,1,1,5,5,0.542436674119733,0.457563325880267,1,1,0.65,0.35,10.7563325880267,-10.7563325880267,2732.45069166437,2681.37889192704,74,47,769,463
8132742,1996-04-20 00:00:00,EventStart_Pre2008Season,1596,World Championship,1995,1996-04-20 00:00:00,1996-05-06 00:00:00,2023-09-22 22:52:25,matches_1995_all.csv,5,Ronnie O'Sullivan,England,237,John Higgins,Scotland,5,Ronnie O'Sullivan,England,5,Ronnie O'Sullivan,England,13,12,13,12,25,FALSE,FALSE,56,55,571,512,2734.78253855006,2744.54879231366,2600,2600,5,5,1,1,5,5,0.48594893164758,0.51405106835242,1,1,0.52,0.48,4.25638354405248,-4.25638354405248,2739.03892209411,2740.29240876961,57,56,596,537
8132743,1996-04-20 00:00:00,EventStart_Pre2008Season,1596,World Championship,1995,1996-04-20 00:00:00,1996-05-06 00:00:00,2023-09-22 22:52:25,matches_1995_all.csv,42,Peter Ebdon,England,212,Steve Davis,England,42,Peter Ebdon,England,42,Peter Ebdon,England,13,10,13,10,23,FALSE,FALSE,65,263,636,2900,2729.07969337867,2686.59595713709,2600,2600,5,5,1,1,5,5,0.560836107476382,0.439163892523618,1,1,0.565217391304348,0.434782608695652,0.50384764021608,-0.50384764021608,2729.58354101889,2686.09210949687,66,264,659,2923
8155207,1996-04-20 00:00:00,EventStart_Pre2008Season,1596,World Championship,1995,1996-04-20 00:00:00,1996-05-06 00:00:00,2023-09-22 22:53:45,matches_1995_all.csv,153,Stephen Hendry,Scotland,42,Peter Ebdon,England,153,Stephen Hendry,Scotland,153,Stephen Hendry,Scotland,18,12,18,12,30,FALSE,FALSE,202,66,2176,659,2793.98414835951,2729.58354101889,2600,2600,5,5,1,1,5,5,0.591632870931421,0.408367129068579,1,1,0.6,0.4,1.25506936028684,-1.25506936028683,2795.2392177198,2728.3284716586,203,67,2206,689
8324510,1996-04-20 00:00:00,EventStart_Pre2008Season,1596,World Championship,1995,1996-04-20 00:00:00,1996-05-06 00:00:00,2023-09-22 22:46:46,matches_1995_all.csv,153,Stephen Hendry,Scotland,3213,Jason Ferguson,England,153,Stephen Hendry,Scotland,153,Stephen Hendry,Scotland,10,8,10,8,18,FALSE,FALSE,203,38,2206,392,2795.2392177198,2654.7566354697,2600,2600,5,5,1,1,5,5,0.691828735149503,0.308171264850497,1,1,0.555555555555556,0.444444444444444,-12.2645861634553,12.2645861634553,2782.97463155634,2667.02122163316,204,39,2224,410
8324511,1996-04-20 00:00:00,EventStart_Pre2008Season,1596,World Championship,1995,1996-04-20 00:00:00,1996-05-06 00:00:00,2023-09-22 22:46:46,matches_1995_all.csv,409,David Roe,England,804,Gary Wilkinson,England,804,Gary Wilkinson,England,804,Gary Wilkinson,England,9,10,9,10,19,FALSE,FALSE,58,84,550,789,2646.76092362748,2675.66515038362,2600,2600,5,5,1,1,5,5,0.458499173387019,0.541500826612981,1,1,0.473684210526316,0.526315789473684,1.44257852823317,-1.44257852823316,2648.20350215571,2674.22257185539,59,85,569,808
8324512,1996-04-20 00:00:00,EventStart_Pre2008Season,1596,World Championship,1995,1996-04-20 00:00:00,1996-05-06 00:00:00,2023-09-22 22:46:46,matches_1995_all.csv,170,Ken Doherty,Ireland,3248,Nick Terry,England,170,Ken Doherty,Ireland,170,Ken Doherty,Ireland,10,5,10,5,15,FALSE,FALSE,82,26,781,307,2713.84980017221,2618.00905285994,2600,2600,5,5,1,1,5,5,0.634530769744808,0.365469230255192,1,1,0.666666666666667,0.333333333333333,2.41019226913937,-2.41019226913937,2716.25999244134,2615.59886059081,83,27,796,322
8324513,1996-04-20 00:00:00,EventStart_Pre2008Season,1596,World Championship,1995,1996-04-20 00:00:00,1996-05-06 00:00:00,2023-09-22 22:46:46,matches_1995_all.csv,223,Darren Morgan,Wales,1166,Drew Henry,Scotland,223,Darren Morgan,Wales,223,Darren Morgan,Wales,10,8,10,8,18,FALSE,FALSE,82,15,799,207,2679.39432696374,2667.31045504251,2600,2600,5,5,1,2,5,10,0.517383080948941,0.482616919051059,1,1,0.555555555555556,0.444444444444444,3.43552271459532,-6.87104542919064,2682.82984967833,2660.43940961332,83,16,817,225
8324514,1996-04-20 00:00:00,EventStart_Pre2008Season,1596,World Championship,1995,1996-04-20 00:00:00,1996-05-06 00:00:00,2023-09-22 22:46:46,matches_1995_all.csv,193,James Wattana,Thailand,36,Jimmy Michie,England,193,James Wattana,Thailand,193,James Wattana,Thailand,10,8,10,8,18,FALSE,FALSE,110,14,1019,159,2716.44670816839,2666.60922733999,2600,2600,5,5,1,2,5,10,0.571233995976927,0.428766004023073,0.795,1,0.555555555555556,0.444444444444444,-1.12179241214915,2.82211927584693,2715.32491575624,2669.43134661583,111,15,1037,177
8324515,1996-04-20 00:00:00,EventStart_Pre2008Season,1596,World Championship,1995,1996-04-20 00:00:00,1996-05-06 00:00:00,2023-09-22 22:46:46,matches_1995_all.csv,14,Nigel Bond,England,115,Anthony Hamilton,England,14,Nigel Bond,England,14,Nigel Bond,England,10,9,10,9,19,FALSE,FALSE,74,27,769,289,2732.45069166437,2617.24955979876,2600,2600,5,5,1,1,5,5,0.659967866286586,0.340032133713414,1,1,0.526315789473684,0.473684210526316,-12.6969472972257,12.6969472972257,2719.75374436715,2629.94650709599,75,28,788,308
8324516,1996-04-20 00:00:00,EventStart_Pre2008Season,1596,World Championship,1995,1996-04-20 00:00:00,1996-05-06 00:00:00,2023-09-22 22:46:46,matches_1995_all.csv,31,Dave Harold,England,668,Neal Foulds,England,31,Dave Harold,England,31,Dave Harold,England,10,4,10,4,14,FALSE,FALSE,47,135,463,1348,2681.37889192704,2637.25527790774,2600,2600,5,5,1,1,5,5,0.563159792233977,0.436840207766023,1,1,0.714285714285714,0.285714285714286,10.5788145436216,-10.5788145436216,2691.95770647066,2626.67646336412,48,136,477,1362
8324517,1996-04-20 00:00:00,EventStart_Pre2008Season,1596,World Championship,1995,1996-04-20 00:00:00,1996-05-06 00:00:00,2023-09-22 22:46:46,matches_1995_all.csv,408,John Parrott,England,177,Rod Lawler,England,177,Rod Lawler,England,177,Rod Lawler,England,6,10,6,10,16,FALSE,FALSE,171,34,1801,370,2681.06636451809,2642.07071662096,2600,2600,5,5,1,1,5,5,0.55588477618836,0.44411522381164,1,1,0.375,0.625,-14.4707820950688,14.4707820950688,2666.59558242302,2656.54149871603,172,35,1817,386
8324518,1996-04-20 00:00:00,EventStart_Pre2008Season,1596,World Championship,1995,1996-04-20 00:00:00,1996-05-06 00:00:00,2023-09-22 22:46:46,matches_1995_all.csv,5,Ronnie O'Sullivan,England,669,Alain Robidoux,Canada,5,Ronnie O'Sullivan,England,5,Ronnie O'Sullivan,England,10,3,10,3,13,FALSE,FALSE,57,73,596,648,2739.03892209411,2650.93758134554,2600,2600,5,5,1,1,5,5,0.624138619711092,0.375861380288908,1,1,0.769230769230769,0.230769230769231,9.43098971877903,-9.43098971877902,2748.46991181289,2641.50659162676,58,74,609,661
8324519,1996-04-20 00:00:00,EventStart_Pre2008Season,1596,World Championship,1995,1996-04-20 00:00:00,1996-05-06 00:00:00,2023-09-22 22:46:46,matches_1995_all.csv,41,Tony Drago,Malta,1049,Steve James,England,41,Tony Drago,Malta,41,Tony Drago,Malta,10,2,10,2,12,FALSE,FALSE,86,92,710,899,2638.66677857695,2670.15554878255,2600,2600,5,5,1,1,5,5,0.454807688106177,0.545192311893823,1,1,0.833333333333333,0.166666666666667,22.7115387136294,-22.7115387136294,2661.37831729058,2647.44401006892,87,93,722,911
8324520,1996-04-20 00:00:00,EventStart_Pre2008Season,1596,World Championship,1995,1996-04-20 00:00:00,1996-05-06 00:00:00,2023-09-22 22:46:46,matches_1995_all.csv,237,John Higgins,Scotland,3261,Martin Clark,England,237,John Higgins,Scotland,237,John Higgins,Scotland,10,5,10,5,15,FALSE,FALSE,56,84,537,724,2740.29240876961,2660.01659240619,2600,2600,5,5,1,1,5,5,0.613513361284534,0.386486638715467,1,1,0.666666666666667,0.333333333333333,3.98649790365999,-3.98649790365999,2744.27890667327,2656.03009450253,57,85,552,739
8324521,1996-04-20 00:00:00,EventStart_Pre2008Season,1596,World Championship,1995,1996-04-20 00:00:00,1996-05-06 00:00:00,2023-09-22 22:46:46,matches_1995_all.csv,44,Alan McManus,Scotland,3258,Mick Price,Ireland,44,Alan McManus,Scotland,44,Alan McManus,Scotland,10,5,10,5,15,FALSE,FALSE,101,39,1080,396,2721.09571986925,2620.87435292752,2600,2600,5,5,1,1,5,5,0.640358520719899,0.359641479280102,1,1,0.666666666666667,0.333333333333333,1.97311094600761,-1.97311094600761,2723.06883081525,2618.90124198151,102,40,1095,411
8324522,1996-04-20 00:00:00,EventStart_Pre2008Season,1596,World Championship,1995,1996-04-20 00:00:00,1996-05-06 00:00:00,2023-09-22 22:46:46,matches_1995_all.csv,20,Jimmy White,England,3220,Euan Henderson,Scotland,20,Jimmy White,England,20,Jimmy White,England,10,9,10,9,19,FALSE,FALSE,225,12,2661,163,2703.21270269214,2669.25548357647,2600,2600,5,5,1,2,5,10,0.548713354338354,0.451286645661646,0.815,1,0.526315789473684,0.473684210526316,-1.73413145964708,4.25553732428732,2701.47857123249,2673.51102090076,226,13,2680,182
8324523,1996-04-20 00:00:00,EventStart_Pre2008Season,1596,World Championship,1995,1996-04-20 00:00:00,1996-05-06 00:00:00,2023-09-22 22:46:46,matches_1995_all.csv,42,Peter Ebdon,England,667,Dene O'Kane,New Zealand,42,Peter Ebdon,England,42,Peter Ebdon,England,10,1,10,1,11,FALSE,FALSE,67,78,689,713,2728.3284716586,2622.24750248195,2600,2600,5,5,1,1,5,5,0.648089322903321,0.351910677096679,1,1,0.909090909090909,0.0909090909090909,14.3550872403173,-14.3550872403173,2742.68355889892,2607.89241524163,68,79,700,724
8324524,1996-04-20 00:00:00,EventStart_Pre2008Season,1596,World Championship,1995,1996-04-20 00:00:00,1996-05-06 00:00:00,2023-09-22 22:46:46,matches_1995_all.csv,2877,Terry Griffiths,Wales,53,Jamie Burnett,Scotland,2877,Terry Griffiths,Wales,2877,Terry Griffiths,Wales,10,9,10,9,19,FALSE,FALSE,190,10,1991,120,2599.41005137496,2620.14385813249,2600,2600,5,5,1,2,5,10,0.470197024316272,0.529802975683728,0.6,1,0.526315789473684,0.473684210526316,3.19876961397252,-10.6625653799084,2602.60882098893,2609.48129275259,191,11,2010,139
8324525,1996-04-20 00:00:00,EventStart_Pre2008Season,1596,World Championship,1995,1996-04-20 00:00:00,1996-05-06 00:00:00,2023-09-22 22:46:46,matches_1995_all.csv,212,Steve Davis,England,2184,Willie Thorne,England,212,Steve Davis,England,212,Steve Davis,England,10,8,10,8,18,FALSE,FALSE,264,142,2923,1457,2686.09210949687,2631.0950249359,2600,2600,5,5,1,1,5,5,0.578492660095439,0.421507339904561,1,1,0.555555555555556,0.444444444444444,-2.06433940858953,2.06433940858953,2684.02777008828,2633.15936434449,265,143,2941,1475
8401149,1996-04-20 00:00:00,EventStart_Pre2008Season,1596,World Championship,1995,1996-04-20 00:00:00,1996-05-06 00:00:00,2023-09-22 22:53:04,matches_1995_all.csv,153,Stephen Hendry,Scotland,14,Nigel Bond,England,153,Stephen Hendry,Scotland,153,Stephen Hendry,Scotland,16,7,16,7,23,FALSE,FALSE,204,75,2224,788,2782.97463155634,2719.75374436715,2600,2600,5,5,1,1,5,5,0.589991123164219,0.410008876835781,1,1,0.695652173913044,0.304347826086957,12.1510208361149,-12.1510208361149,2795.12565239246,2707.60272353103,205,76,2247,811
8401150,1996-04-20 00:00:00,EventStart_Pre2008Season,1596,World Championship,1995,1996-04-20 00:00:00,1996-05-06 00:00:00,2023-09-22 22:53:04,matches_1995_all.csv,5,Ronnie O'Sullivan,England,42,Peter Ebdon,England,42,Peter Ebdon,England,42,Peter Ebdon,England,14,16,14,16,30,FALSE,FALSE,58,68,609,700,2748.46991181289,2742.68355889892,2600,2600,5,5,1,1,5,5,0.50832646140083,0.49167353859917,1,1,0.466666666666667,0.533333333333333,-6.24896921012451,6.24896921012451,2742.22094260276,2748.93252810904,59,69,639,730
8401179,1996-04-20 00:00:00,EventStart_Pre2008Season,1596,World Championship,1995,1996-04-20 00:00:00,1996-05-06 00:00:00,2023-09-22 22:47:51,matches_1995_all.csv,153,Stephen Hendry,Scotland,804,Gary Wilkinson,England,153,Stephen Hendry,Scotland,153,Stephen Hendry,Scotland,13,7,13,7,20,FALSE,FALSE,205,85,2247,808,2795.12565239246,2674.22257185539,2600,2600,5,5,1,1,5,5,0.667294569699969,0.332705430300031,1,1,0.65,0.35,-1.7294569699969,1.7294569699969,2793.39619542246,2675.95202882539,206,86,2267,828
8401180,1996-04-20 00:00:00,EventStart_Pre2008Season,1596,World Championship,1995,1996-04-20 00:00:00,1996-05-06 00:00:00,2023-09-22 22:47:51,matches_1995_all.csv,170,Ken Doherty,Ireland,223,Darren Morgan,Wales,223,Darren Morgan,Wales,223,Darren Morgan,Wales,5,13,5,13,18,FALSE,FALSE,83,83,796,817,2716.25999244134,2682.82984967833,2600,2600,5,5,1,1,5,5,0.547961919887466,0.452038080112534,1,1,0.277777777777778,0.722222222222222,-24.316572789872,24.316572789872,2691.94341965147,2707.1464224682,84,84,814,835
8401181,1996-04-20 00:00:00,EventStart_Pre2008Season,1596,World Championship,1995,1996-04-20 00:00:00,1996-05-06 00:00:00,2023-09-22 22:47:51,matches_1995_all.csv,193,James Wattana,Thailand,14,Nigel Bond,England,14,Nigel Bond,England,14,Nigel Bond,England,4,13,4,13,17,FALSE,FALSE,111,76,1037,811,2715.32491575624,2707.60272353103,2600,2600,5,5,1,1,5,5,0.511111298315278,0.488888701684722,1,1,0.235294117647059,0.764705882352941,-23.4444603567987,23.4444603567987,2691.88045539944,2731.04718388783,112,77,1054,828
8401182,1996-04-20 00:00:00,EventStart_Pre2008Season,1596,World Championship,1995,1996-04-20 00:00:00,1996-05-06 00:00:00,2023-09-22 22:47:51,matches_1995_all.csv,31,Dave Harold,England,177,Rod Lawler,England,31,Dave Harold,England,31,Dave Harold,England,13,6,13,6,19,FALSE,FALSE,48,35,477,386,2691.95770647066,2656.54149871603,2600,2600,5,5,1,1,5,5,0.550792215203437,0.449207784796563,1,1,0.68421052631579,0.315789473684211,12.6747395556735,-12.6747395556735,2704.63244602633,2643.86675916036,49,36,496,405
8401183,1996-04-20 00:00:00,EventStart_Pre2008Season,1596,World Championship,1995,1996-04-20 00:00:00,1996-05-06 00:00:00,2023-09-22 22:47:51,matches_1995_all.csv,5,Ronnie O'Sullivan,England,41,Tony Drago,Malta,5,Ronnie O'Sullivan,England,5,Ronnie O'Sullivan,England,13,4,13,4,17,FALSE,FALSE,59,87,639,722,2742.22094260276,2661.37831729058,2600,2600,5,5,1,1,5,5,0.614286735518965,0.385713264481035,1,1,0.764705882352941,0.235294117647059,12.785627480888,-12.785627480888,2755.00657008365,2648.59268980969,60,88,656,739
8401184,1996-04-20 00:00:00,EventStart_Pre2008Season,1596,World Championship,1995,1996-04-20 00:00:00,1996-05-06 00:00:00,2023-09-22 22:47:51,matches_1995_all.csv,237,John Higgins,Scotland,44,Alan McManus,Scotland,237,John Higgins,Scotland,237,John Higgins,Scotland,13,5,13,5,18,FALSE,FALSE,57,102,552,1095,2744.27890667327,2723.06883081525,2600,2600,5,5,1,1,5,5,0.530485890628622,0.469514109371378,1,1,0.722222222222222,0.277777777777778,17.2562698434241,-17.2562698434241,2761.53517651669,2705.81256097183,58,103,570,1113
8401185,1996-04-20 00:00:00,EventStart_Pre2008Season,1596,World Championship,1995,1996-04-20 00:00:00,1996-05-06 00:00:00,2023-09-22 22:47:51,matches_1995_all.csv,20,Jimmy White,England,42,Peter Ebdon,England,42,Peter Ebdon,England,42,Peter Ebdon,England,12,13,12,13,25,FALSE,FALSE,226,69,2680,730,2701.47857123249,2748.93252810904,2600,2600,5,5,1,1,5,5,0.432129783100607,0.567870216899393,1,1,0.48,0.52,5.9837771124241,-5.9837771124241,2707.46234834492,2742.94875099662,227,70,2705,755
8401186,1996-04-20 00:00:00,EventStart_Pre2008Season,1596,World Championship,1995,1996-04-20 00:00:00,1996-05-06 00:00:00,2023-09-22 22:47:51,matches_1995_all.csv,2877,Terry Griffiths,Wales,212,Steve Davis,England,212,Steve Davis,England,212,Steve Davis,England,8,13,8,13,21,FALSE,FALSE,191,265,2010,2941,2602.60882098893,2684.02777008828,2600,2600,5,5,1,1,5,5,0.384927499044024,0.615072500955976,1,1,0.380952380952381,0.619047619047619,-0.417387399622537,0.417387399622537,2602.19143358931,2684.4451574879,192,266,2031,2962
