MatchID,MatchDate,DateSource,EventID,EventName,EventSeason,EventStartDate,EventEndDate,RawMatchDate,SourceFile,PlayerA_ID,PlayerA_Name,PlayerA_Nationality,PlayerB_ID,PlayerB_Name,PlayerB_Nationality,WinnerID,Winner_Name,Winner_Nationality,WinnerFromScore,WinnerFromScore_Name,WinnerFromScore_Nationality,ScoreA,ScoreB,FramesA,FramesB,TotalFrames,AFirstAppearance,BFirstAppearance,AGamesBefore,BGamesBefore,AFramesBefore,BFramesBefore,ARating_Before,BRating_Before,AStartRating,BStartRating,ABaseK,BBaseK,AKMultiplier,BKMultiplier,AEffectiveK,BEffectiveK,ExpectedA,ExpectedB,OppWeightA,OppWeightB,ActualScoreA,ActualScoreB,DeltaA,DeltaB,ARating_After,BRating_After,AGamesAfter,BGamesAfter,AFramesAfter,BFramesAfter
9668452,1989-08-17 00:00:00,EventStart_Pre2008Season,2498,Asian Open,1989,1989-08-17 00:00:00,1989-08-27 00:00:00,2025-09-26 07:59:34,matches_1989_all.csv,153,Stephen Hendry,Scotland,802,Tony Chappel,Wales,153,Stephen Hendry,Scotland,153,Stephen Hendry,Scotland,5,1,5,1,6,FALSE,FALSE,46,16,512,116,2715.2334248351,2579.96082372092,2600,2600,5,5,1,2,5,10,0.685398074066126,0.314601925933874,0.58,1,0.833333333333333,0.166666666666667,2.57407351124941,-8.87611555603244,2717.80749834635,2571.08470816489,47,17,518,122
9668453,1989-08-17 00:00:00,EventStart_Pre2008Season,2498,Asian Open,1989,1989-08-17 00:00:00,1989-08-27 00:00:00,2025-09-26 07:59:34,matches_1989_all.csv,2878,Alex Higgins,Northern Ireland,3504,Dave Martin,England,2878,Alex Higgins,Northern Ireland,2878,Alex Higgins,Northern Ireland,5,3,5,3,8,FALSE,FALSE,112,30,1261,245,2631.80634011761,2539.78536241466,2600,2600,5,5,1,1,5,5,0.629416714471792,0.370583285528208,1,1,0.625,0.375,-0.176668578871668,0.176668578871668,2631.62967153874,2539.96203099353,113,31,1269,253
9668454,1989-08-17 00:00:00,EventStart_Pre2008Season,2498,Asian Open,1989,1989-08-17 00:00:00,1989-08-27 00:00:00,2025-09-26 07:59:34,matches_1989_all.csv,800,Wayne Jones,Wales,3514,Steve Campbell,England,800,Wayne Jones,Wales,800,Wayne Jones,Wales,5,3,5,3,8,FALSE,FALSE,25,3,246,22,2615.64619247657,2576.64634775165,2600,2600,5,5,1,2,5,10,0.555890740450194,0.444109259549806,0.11,1,0.625,0.375,0.304080742019146,-5.52874076398447,2615.95027321859,2571.11760698767,26,4,254,30
9668455,1989-08-17 00:00:00,EventStart_Pre2008Season,2498,Asian Open,1989,1989-08-17 00:00:00,1989-08-27 00:00:00,2025-09-26 07:59:34,matches_1989_all.csv,659,Dean Reynolds,England,3269,Mark Johnston-Allen,England,659,Dean Reynolds,England,659,Dean Reynolds,England,5,2,5,2,7,FALSE,FALSE,44,6,441,41,2622.33900168466,2625.62456689794,2600,2600,5,5,1,2,5,10,0.495271832515706,0.504728167484294,0.205,1,0.714285714285714,0.285714285714286,1.57142460169981,-15.3309717239006,2623.91042628636,2610.29359517404,45,7,448,48
9668456,1989-08-17 00:00:00,EventStart_Pre2008Season,2498,Asian Open,1989,1989-08-17 00:00:00,1989-08-27 00:00:00,2025-09-26 07:59:34,matches_1989_all.csv,2184,Willie Thorne,England,3501,Paddy Browne,Ireland,2184,Willie Thorne,England,2184,Willie Thorne,England,5,4,5,4,9,FALSE,FALSE,74,14,819,104,2639.2173852902,2586.8613953666,2600,2600,5,5,1,2,5,10,0.574781131114599,0.425218868885401,0.52,1,0.555555555555556,0.444444444444444,-0.449878468081618,1.73030180031391,2638.76750682212,2588.59169716691,75,15,828,113
9668457,1989-08-17 00:00:00,EventStart_Pre2008Season,2498,Asian Open,1989,1989-08-17 00:00:00,1989-08-27 00:00:00,2025-09-26 07:59:34,matches_1989_all.csv,3483,Brady Gollan,Canada,3467,Cliff Wilson,Wales,3483,Brady Gollan,Canada,3483,Brady Gollan,Canada,5,4,5,4,9,TRUE,FALSE,0,47,0,395,2600,2536.2180825401,2600,2600,5,5,2,1,10,5,0.590772128768642,0.409227871231358,1,0.1,0.555555555555556,0.444444444444444,-3.16949158917781,0.158474579458891,2596.83050841082,2536.37655711956,1,48,9,404
9668458,1989-08-17 00:00:00,EventStart_Pre2008Season,2498,Asian Open,1989,1989-08-17 00:00:00,1989-08-27 00:00:00,2025-09-26 07:59:34,matches_1989_all.csv,3484,John Virgo,England,3500,Bob Harris,England,3484,John Virgo,England,3484,John Virgo,England,5,4,5,4,9,FALSE,FALSE,68,9,706,68,2620.29912109597,2563.27074959965,2600,2600,5,5,1,2,5,10,0.581341228176066,0.418658771823934,0.34,1,0.555555555555556,0.444444444444444,-0.394520791093802,2.3207105358459,2619.90460030488,2565.5914601355,69,10,715,77
9668459,1989-08-17 00:00:00,EventStart_Pre2008Season,2498,Asian Open,1989,1989-08-17 00:00:00,1989-08-27 00:00:00,2025-09-26 07:59:34,matches_1989_all.csv,667,Dene O'Kane,New Zealand,1309,Robert Marshall,England,667,Dene O'Kane,New Zealand,667,Dene O'Kane,New Zealand,5,1,5,1,6,FALSE,FALSE,22,4,211,29,2620.12853402284,2581.80335159486,2600,2600,5,5,1,2,5,10,0.55493174810894,0.44506825189106,0.145,1,0.833333333333333,0.166666666666667,1.21104689572611,-16.7040951134636,2621.33958091857,2565.0992564814,23,5,217,35
9668460,1989-08-17 00:00:00,EventStart_Pre2008Season,2498,Asian Open,1989,1989-08-17 00:00:00,1989-08-27 00:00:00,2025-09-26 07:59:34,matches_1989_all.csv,804,Gary Wilkinson,England,3449,Eddie Charlton,Australia,804,Gary Wilkinson,England,804,Gary Wilkinson,England,5,1,5,1,6,FALSE,FALSE,12,80,98,990,2616.82721620097,2593.30004738223,2600,2600,5,5,2,1,10,5,0.533806659456423,0.466193340543577,1,0.49,0.833333333333333,0.166666666666667,17.9716004326146,-4.40304210599058,2634.79881663359,2588.89700527624,13,81,104,996
9668461,1989-08-17 00:00:00,EventStart_Pre2008Season,2498,Asian Open,1989,1989-08-17 00:00:00,1989-08-27 00:00:00,2025-09-26 07:59:34,matches_1989_all.csv,2874,Tony Meo,England,710,John Rea,Scotland,2874,Tony Meo,England,2874,Tony Meo,England,5,2,5,2,7,FALSE,FALSE,74,12,770,90,2653.91287347383,2526.24324850825,2600,2600,5,5,1,2,5,10,0.675885194100934,0.324114805899066,0.45,1,0.714285714285714,0.285714285714286,0.604808192910284,-2.68803641293459,2654.51768166674,2523.55521209532,75,13,777,97
9668462,1989-08-17 00:00:00,EventStart_Pre2008Season,2498,Asian Open,1989,1989-08-17 00:00:00,1989-08-27 00:00:00,2025-09-26 07:59:34,matches_1989_all.csv,1298,Peter Francisco,South Africa,3699,Graham Cripsey,England,1298,Peter Francisco,South Africa,1298,Peter Francisco,South Africa,5,1,5,1,6,FALSE,FALSE,34,13,273,93,2592.58865967832,2571.12675319657,2600,2600,5,5,1,2,5,10,0.530846940716382,0.469153059283618,0.465,1,0.833333333333333,0.166666666666667,4.21968517700647,-18.1491835570171,2596.80834485533,2552.97756963956,35,14,279,99
9668463,1989-08-17 00:00:00,EventStart_Pre2008Season,2498,Asian Open,1989,1989-08-17 00:00:00,1989-08-27 00:00:00,2025-09-26 07:59:34,matches_1989_all.csv,3486,Colin Roscoe,Wales,20,Jimmy White,England,3486,Colin Roscoe,Wales,3486,Colin Roscoe,Wales,5,3,5,3,8,FALSE,FALSE,13,100,93,1244,2546.00516310398,2664.80527995357,2600,2600,5,5,2,1,10,5,0.3353984533118,0.6646015466882,1,0.465,0.625,0.375,23.168123735056,-5.38658876840051,2569.17328683904,2659.41869118517,14,101,101,1252
9668464,1989-08-17 00:00:00,EventStart_Pre2008Season,2498,Asian Open,1989,1989-08-17 00:00:00,1989-08-27 00:00:00,2025-09-26 07:59:34,matches_1989_all.csv,3261,Martin Clark,England,3258,Mick Price,Ireland,3261,Martin Clark,England,3261,Martin Clark,England,5,2,5,2,7,FALSE,FALSE,16,1,125,6,2652.04288310065,2595.50467430676,2600,2600,5,5,2,2,10,10,0.580654338992953,0.419345661007047,0.1,0.625,0.714285714285714,0.285714285714286,0.935419627049331,-5.84637266905832,2652.9783027277,2589.6583016377,17,2,132,13
9668465,1989-08-17 00:00:00,EventStart_Pre2008Season,2498,Asian Open,1989,1989-08-17 00:00:00,1989-08-27 00:00:00,2025-09-26 07:59:34,matches_1989_all.csv,3460,Warren King,Australia,2881,Bob Chaperon,Canada,3460,Warren King,Australia,3460,Warren King,Australia,5,2,5,2,7,FALSE,FALSE,14,21,126,167,2590.08122849219,2566.47826933413,2600,2600,5,5,2,1,10,5,0.533915230294283,0.466084769705718,0.835,0.63,0.714285714285714,0.285714285714286,10.5426547892992,-3.97716917201107,2600.62388328149,2562.50110016211,15,22,133,174
9668466,1989-08-17 00:00:00,EventStart_Pre2008Season,2498,Asian Open,1989,1989-08-17 00:00:00,1989-08-27 00:00:00,2025-09-26 07:59:34,matches_1989_all.csv,502,Barry West,England,3316,Jim Chambers,England,502,Barry West,England,502,Barry West,England,5,3,5,3,8,FALSE,FALSE,20,5,156,34,2546.45252597482,2598.53939137982,2600,2600,5,5,1,2,5,10,0.425597550502981,0.574402449497019,0.17,0.78,0.625,0.375,1.35593665657973,-12.442712848614,2547.8084626314,2586.09667853121,21,6,164,42
9668467,1989-08-17 00:00:00,EventStart_Pre2008Season,2498,Asian Open,1989,1989-08-17 00:00:00,1989-08-27 00:00:00,2025-09-26 07:59:34,matches_1989_all.csv,3456,Dave Gilbert,England,468,Dennis Taylor,Northern Ireland,3456,Dave Gilbert,England,3456,Dave Gilbert,England,5,1,5,1,6,FALSE,FALSE,6,104,45,1217,2566.24967692226,2647.08470423957,2600,2600,5,5,2,1,10,5,0.385723627649936,0.614276372350064,1,0.225,0.833333333333333,0.166666666666667,26.8565823410038,-3.02136551336293,2593.10625926327,2644.06333872621,7,105,51,1223
9668468,1989-08-17 00:00:00,EventStart_Pre2008Season,2498,Asian Open,1989,1989-08-17 00:00:00,1989-08-27 00:00:00,2025-09-26 07:59:34,matches_1989_all.csv,193,James Wattana,Thailand,452,David Taylor,England,193,James Wattana,Thailand,193,James Wattana,Thailand,5,1,5,1,6,TRUE,FALSE,0,56,0,597,2600,2554.3133851223,2600,2600,5,5,2,1,10,5,0.565371967355721,0.434628032644279,1,0.1,0.833333333333333,0.166666666666667,16.0776819586567,-0.803884097932837,2616.07768195866,2553.50950102437,1,57,6,603
9668469,1989-08-17 00:00:00,EventStart_Pre2008Season,2498,Asian Open,1989,1989-08-17 00:00:00,1989-08-27 00:00:00,2025-09-26 07:59:34,matches_1989_all.csv,205,Mike Hallett,England,3451,Craig Edwards,England,205,Mike Hallett,England,205,Mike Hallett,England,5,0,5,0,5,FALSE,FALSE,55,2,578,14,2627.09468706304,2581.08755452651,2600,2600,5,5,1,2,5,10,0.565825289737857,0.434174710262143,0.1,1,1,0,1.08543677565536,-21.7087355131071,2628.1801238387,2559.37881901341,56,3,583,19
9668470,1989-08-17 00:00:00,EventStart_Pre2008Season,2498,Asian Open,1989,1989-08-17 00:00:00,1989-08-27 00:00:00,2025-09-26 07:59:34,matches_1989_all.csv,806,Doug Mountjoy,Wales,3444,Jack McLaughlin,Northern Ireland,806,Doug Mountjoy,Wales,806,Doug Mountjoy,Wales,5,3,5,3,8,FALSE,FALSE,95,14,1062,104,2633.23881984504,2565.94183457184,2600,2600,5,5,1,2,5,10,0.595654860613506,0.404345139386494,0.52,1,0.625,0.375,0.610378899239077,-2.34761115091953,2633.84919874428,2563.59422342092,96,15,1070,112
9668471,1989-08-17 00:00:00,EventStart_Pre2008Season,2498,Asian Open,1989,1989-08-17 00:00:00,1989-08-27 00:00:00,2025-09-26 07:59:34,matches_1989_all.csv,3324,Eugene Hughes,Ireland,3248,Nick Terry,England,3324,Eugene Hughes,Ireland,3324,Eugene Hughes,Ireland,5,1,5,1,6,FALSE,FALSE,34,5,307,41,2582.35229700506,2612.2039706896,2600,2600,5,5,1,2,5,10,0.457145390855989,0.542854609144011,0.205,1,0.833333333333333,0.166666666666667,2.31355584623567,-22.5712765486407,2584.6658528513,2589.63269414096,35,6,313,47
9668472,1989-08-17 00:00:00,EventStart_Pre2008Season,2498,Asian Open,1989,1989-08-17 00:00:00,1989-08-27 00:00:00,2025-09-26 07:59:34,matches_1989_all.csv,2879,Silvino Francisco,South Africa,2876,John Spencer,England,2879,Silvino Francisco,South Africa,2879,Silvino Francisco,South Africa,5,1,5,1,6,FALSE,FALSE,58,70,600,696,2614.8722061444,2610.6233513965,2600,2600,5,5,1,1,5,5,0.506114288702607,0.493885711297393,1,1,0.833333333333333,0.166666666666667,9.81657133892178,-9.81657133892178,2624.68877748332,2600.80678005758,59,71,606,702
9668474,1989-08-17 00:00:00,EventStart_Pre2008Season,2498,Asian Open,1989,1989-08-17 00:00:00,1989-08-27 00:00:00,2025-09-26 07:59:34,matches_1989_all.csv,181,Tony Knowles,England,3696,Graham Miles,England,181,Tony Knowles,England,181,Tony Knowles,England,5,3,5,3,8,FALSE,FALSE,87,41,953,415,2602.11850401715,2505.43598331307,2600,2600,5,5,1,1,5,5,0.635653745883571,0.364346254116429,1,1,0.625,0.375,-0.426149835342837,0.426149835342837,2601.6923541818,2505.86213314841,88,42,961,423
9668475,1989-08-17 00:00:00,EventStart_Pre2008Season,2498,Asian Open,1989,1989-08-17 00:00:00,1989-08-27 00:00:00,2025-09-26 07:59:34,matches_1989_all.csv,668,Neal Foulds,England,3445,Jim Wych,Canada,668,Neal Foulds,England,668,Neal Foulds,England,5,2,5,2,7,FALSE,FALSE,55,19,579,187,2663.98531454255,2539.07107130683,2600,2600,5,5,1,2,5,10,0.672400911155504,0.327599088844496,0.935,1,0.714285714285714,0.285714285714286,1.37068018243613,-2.93193621911471,2665.35599472499,2536.13913508772,56,20,586,194
9668476,1989-08-17 00:00:00,EventStart_Pre2008Season,2498,Asian Open,1989,1989-08-17 00:00:00,1989-08-27 00:00:00,2025-09-26 07:59:34,matches_1989_all.csv,2877,Terry Griffiths,Wales,3289,Andrew Cairns,England,2877,Terry Griffiths,Wales,2877,Terry Griffiths,Wales,5,2,5,2,7,FALSE,TRUE,112,0,1236,0,2667.56773679733,2600,2600,2600,5,5,1,2,5,10,0.596030186651598,0.403969813348402,0.1,1,0.714285714285714,0.285714285714286,0.413894346719407,-8.27788693438815,2667.98163114405,2591.72211306561,113,1,1243,7
9668477,1989-08-17 00:00:00,EventStart_Pre2008Season,2498,Asian Open,1989,1989-08-17 00:00:00,1989-08-27 00:00:00,2025-09-26 07:59:34,matches_1989_all.csv,409,David Roe,England,223,Darren Morgan,Wales,409,David Roe,England,409,David Roe,England,5,2,5,2,7,FALSE,FALSE,14,5,130,42,2619.29736975751,2581.98675872525,2600,2600,5,5,2,2,10,10,0.553488826900341,0.446511173099659,0.21,0.65,0.714285714285714,0.285714285714286,2.36371424456499,-7.31625837603448,2621.66108400208,2574.67050034922,15,6,137,49
9668478,1989-08-17 00:00:00,EventStart_Pre2008Season,2498,Asian Open,1989,1989-08-17 00:00:00,1989-08-27 00:00:00,2025-09-26 07:59:34,matches_1989_all.csv,41,Tony Drago,Malta,3288,Joe O'Boye,Ireland,41,Tony Drago,Malta,41,Tony Drago,Malta,5,3,5,3,8,FALSE,FALSE,22,13,183,109,2621.11300924933,2595.11878907748,2600,2600,5,5,1,2,5,10,0.537339045722519,0.462660954277482,0.545,0.915,0.625,0.375,1.9110088032491,-6.41678185311164,2623.02401805258,2588.70200722436,23,14,191,117
9668479,1989-08-17 00:00:00,EventStart_Pre2008Season,2498,Asian Open,1989,1989-08-17 00:00:00,1989-08-27 00:00:00,2025-09-26 07:59:34,matches_1989_all.csv,469,Joe Johnson,England,3321,Danny Fowler,England,469,Joe Johnson,England,469,Joe Johnson,England,5,4,5,4,9,FALSE,FALSE,66,16,705,135,2632.88246790502,2535.64200593793,2600,2600,5,5,1,2,5,10,0.636397260565909,0.363602739434091,0.675,1,0.555555555555556,0.444444444444444,-2.45556678968949,7.27575345093184,2630.42690111534,2542.91775938886,67,17,714,144
9668480,1989-08-17 00:00:00,EventStart_Pre2008Season,2498,Asian Open,1989,1989-08-17 00:00:00,1989-08-27 00:00:00,2025-09-26 07:59:34,matches_1989_all.csv,1355,Tony Jones,England,470,Cliff Thorburn,Canada,1355,Tony Jones,England,1355,Tony Jones,England,5,2,5,2,7,FALSE,FALSE,18,129,149,1570,2574.29533171541,2653.67640418261,2600,2600,5,5,2,1,10,5,0.387708624007345,0.612291375992655,1,0.745,0.714285714285714,0.285714285714286,22.8603963194859,-8.51549762900849,2597.1557280349,2645.1609065536,19,130,156,1577
9668481,1989-08-17 00:00:00,EventStart_Pre2008Season,2498,Asian Open,1989,1989-08-17 00:00:00,1989-08-27 00:00:00,2025-09-26 07:59:34,matches_1989_all.csv,504,Bill Oliver,England,3515,Rex Williams,England,504,Bill Oliver,England,504,Bill Oliver,England,5,4,5,4,9,FALSE,FALSE,6,52,45,460,2556.78206462153,2592.21232915735,2600,2600,5,5,2,1,10,5,0.449187764299111,0.55081223570089,1,0.225,0.555555555555556,0.444444444444444,9.57310121308005,-1.07697388647151,2566.35516583461,2591.13535527088,7,53,54,469
9668482,1989-08-17 00:00:00,EventStart_Pre2008Season,2498,Asian Open,1989,1989-08-17 00:00:00,1989-08-27 00:00:00,2025-09-26 07:59:34,matches_1989_all.csv,3463,Steve Duggan,England,795,Steve Newbury,Wales,3463,Steve Duggan,England,3463,Steve Duggan,England,5,3,5,3,8,FALSE,FALSE,15,27,122,204,2594.20572515401,2626.34664971426,2600,2600,5,5,2,1,10,5,0.453876988711023,0.546123011288978,1,0.61,0.625,0.375,13.6898409031182,-4.17540147545105,2607.89556605713,2622.17124823881,16,28,130,212
9668483,1989-08-17 00:00:00,EventStart_Pre2008Season,2498,Asian Open,1989,1989-08-17 00:00:00,1989-08-27 00:00:00,2025-09-26 07:59:34,matches_1989_all.csv,1049,Steve James,England,3242,Mark Bennett,England,1049,Steve James,England,1049,Steve James,England,5,3,5,3,8,FALSE,FALSE,15,8,160,59,2644.5082313907,2577.72823206392,2600,2600,5,5,2,2,10,10,0.594937884512904,0.405062115487096,0.295,0.8,0.625,0.375,0.709465925495461,-1.92397539117413,2645.2176973162,2575.80425667275,16,9,168,67
9668484,1989-08-17 00:00:00,EventStart_Pre2008Season,2498,Asian Open,1989,1989-08-17 00:00:00,1989-08-27 00:00:00,2025-09-26 08:00:40,matches_1989_all.csv,153,Stephen Hendry,Scotland,2878,Alex Higgins,Northern Ireland,153,Stephen Hendry,Scotland,153,Stephen Hendry,Scotland,5,3,5,3,8,FALSE,FALSE,47,113,518,1269,2717.80749834635,2631.62967153874,2600,2600,5,5,1,1,5,5,0.621537545642324,0.378462454357676,1,1,0.625,0.375,0.138498174307031,-0.138498174307031,2717.94599652066,2631.49117336443,48,114,526,1277
9668485,1989-08-17 00:00:00,EventStart_Pre2008Season,2498,Asian Open,1989,1989-08-17 00:00:00,1989-08-27 00:00:00,2025-09-26 08:00:40,matches_1989_all.csv,800,Wayne Jones,Wales,659,Dean Reynolds,England,800,Wayne Jones,Wales,800,Wayne Jones,Wales,5,2,5,2,7,FALSE,FALSE,26,45,254,448,2615.95027321859,2623.91042628636,2600,2600,5,5,1,1,5,5,0.488546422885737,0.511453577114263,1,1,0.714285714285714,0.285714285714286,7.90087519899921,-7.9008751989992,2623.85114841759,2616.00955108736,27,46,261,455
9668486,1989-08-17 00:00:00,EventStart_Pre2008Season,2498,Asian Open,1989,1989-08-17 00:00:00,1989-08-27 00:00:00,2025-09-26 08:00:40,matches_1989_all.csv,2184,Willie Thorne,England,3483,Brady Gollan,Canada,2184,Willie Thorne,England,2184,Willie Thorne,England,5,1,5,1,6,FALSE,FALSE,75,1,828,9,2638.76750682212,2596.83050841082,2600,2600,5,5,1,2,5,10,0.560060788850425,0.439939211149576,0.1,1,0.833333333333333,0.166666666666667,0.819817633448727,-16.3963526689745,2639.58732445557,2580.43415574185,76,2,834,15
9668487,1989-08-17 00:00:00,EventStart_Pre2008Season,2498,Asian Open,1989,1989-08-17 00:00:00,1989-08-27 00:00:00,2025-09-26 08:00:40,matches_1989_all.csv,3484,John Virgo,England,667,Dene O'Kane,New Zealand,3484,John Virgo,England,3484,John Virgo,England,5,3,5,3,8,FALSE,FALSE,69,23,715,217,2619.90460030488,2621.33958091857,2600,2600,5,5,1,1,5,5,0.497934908636373,0.502065091363627,1,1,0.625,0.375,5.08260365454508,-5.08260365454508,2624.98720395942,2616.25697726402,70,24,723,225
9668488,1989-08-17 00:00:00,EventStart_Pre2008Season,2498,Asian Open,1989,1989-08-17 00:00:00,1989-08-27 00:00:00,2025-09-26 08:00:40,matches_1989_all.csv,804,Gary Wilkinson,England,2874,Tony Meo,England,804,Gary Wilkinson,England,804,Gary Wilkinson,England,5,2,5,2,7,FALSE,FALSE,13,75,104,777,2634.79881663359,2654.51768166674,2600,2600,5,5,2,1,10,5,0.47165270280881,0.52834729719119,1,0.52,0.714285714285714,0.285714285714286,16.9843108033833,-4.41592080887967,2651.78312743697,2650.10176085786,14,76,111,784
9668489,1989-08-17 00:00:00,EventStart_Pre2008Season,2498,Asian Open,1989,1989-08-17 00:00:00,1989-08-27 00:00:00,2025-09-26 08:00:40,matches_1989_all.csv,1298,Peter Francisco,South Africa,3486,Colin Roscoe,Wales,1298,Peter Francisco,South Africa,1298,Peter Francisco,South Africa,5,4,5,4,9,FALSE,FALSE,35,14,279,101,2596.80834485533,2569.17328683904,2600,2600,5,5,1,2,5,10,0.539686387030598,0.460313612969402,0.505,1,0.555555555555556,0.444444444444444,0.360626854729664,-1.42822516724619,2597.16897171006,2567.74506167179,36,15,288,110
9668490,1989-08-17 00:00:00,EventStart_Pre2008Season,2498,Asian Open,1989,1989-08-17 00:00:00,1989-08-27 00:00:00,2025-09-26 08:00:40,matches_1989_all.csv,3261,Martin Clark,England,3460,Warren King,Australia,3261,Martin Clark,England,3261,Martin Clark,England,5,3,5,3,8,FALSE,FALSE,17,15,132,133,2652.9783027277,2600.62388328149,2600,2600,5,5,2,2,10,10,0.574778921570311,0.425221078429689,0.665,0.66,0.625,0.375,2.67176137245943,-2.65167294108756,2655.65006410016,2597.9722103404,18,16,140,141
9668491,1989-08-17 00:00:00,EventStart_Pre2008Season,2498,Asian Open,1989,1989-08-17 00:00:00,1989-08-27 00:00:00,2025-09-26 08:00:40,matches_1989_all.csv,502,Barry West,England,3456,Dave Gilbert,England,502,Barry West,England,502,Barry West,England,5,3,5,3,8,FALSE,FALSE,21,7,164,51,2547.8084626314,2593.10625926327,2600,2600,5,5,1,2,5,10,0.435178102324129,0.564821897675871,0.255,0.82,0.625,0.375,1.93618335629388,-12.4523164875371,2549.74464598769,2580.65394277573,22,8,172,59
9668492,1989-08-17 00:00:00,EventStart_Pre2008Season,2498,Asian Open,1989,1989-08-17 00:00:00,1989-08-27 00:00:00,2025-09-26 08:00:40,matches_1989_all.csv,193,James Wattana,Thailand,205,Mike Hallett,England,193,James Wattana,Thailand,193,James Wattana,Thailand,5,3,5,3,8,FALSE,FALSE,1,56,6,583,2616.07768195866,2628.1801238387,2600,2600,5,5,2,1,10,5,0.482590227083027,0.517409772916973,1,0.1,0.625,0.375,11.3927818333578,-0.569639091667892,2627.47046379201,2627.61048474703,2,57,14,591
9668493,1989-08-17 00:00:00,EventStart_Pre2008Season,2498,Asian Open,1989,1989-08-17 00:00:00,1989-08-27 00:00:00,2025-09-26 08:00:40,matches_1989_all.csv,806,Doug Mountjoy,Wales,3324,Eugene Hughes,Ireland,806,Doug Mountjoy,Wales,806,Doug Mountjoy,Wales,5,4,5,4,9,FALSE,FALSE,96,35,1070,313,2633.84919874428,2584.6658528513,2600,2600,5,5,1,1,5,5,0.570311481001321,0.429688518998679,1,1,0.555555555555556,0.444444444444444,-0.664016645059462,0.66401664505946,2633.18518209922,2585.32986949636,97,36,1079,322
9668494,1989-08-17 00:00:00,EventStart_Pre2008Season,2498,Asian Open,1989,1989-08-17 00:00:00,1989-08-27 00:00:00,2025-09-26 08:00:40,matches_1989_all.csv,2879,Silvino Francisco,South Africa,3468,Ian Graham,England,2879,Silvino Francisco,South Africa,2879,Silvino Francisco,South Africa,5,4,5,4,9,FALSE,FALSE,59,2,606,15,2624.68877748332,2581.20606968434,2600,2600,5,5,1,2,5,10,0.562251960945041,0.437748039054959,0.1,1,0.555555555555556,0.444444444444444,-0.0301338242526827,0.602676485053655,2624.65864365907,2581.8087461694,60,3,615,24
9668495,1989-08-17 00:00:00,EventStart_Pre2008Season,2498,Asian Open,1989,1989-08-17 00:00:00,1989-08-27 00:00:00,2025-09-26 08:00:40,matches_1989_all.csv,181,Tony Knowles,England,668,Neal Foulds,England,181,Tony Knowles,England,181,Tony Knowles,England,5,3,5,3,8,FALSE,FALSE,88,56,961,586,2601.6923541818,2665.35599472499,2600,2600,5,5,1,1,5,5,0.409392485591905,0.590607514408096,1,1,0.625,0.375,8.62430057632382,-8.62430057632382,2610.31665475813,2656.73169414867,89,57,969,594
9668496,1989-08-17 00:00:00,EventStart_Pre2008Season,2498,Asian Open,1989,1989-08-17 00:00:00,1989-08-27 00:00:00,2025-09-26 08:00:40,matches_1989_all.csv,2877,Terry Griffiths,Wales,409,David Roe,England,2877,Terry Griffiths,Wales,2877,Terry Griffiths,Wales,5,3,5,3,8,FALSE,FALSE,113,15,1243,137,2667.98163114405,2621.66108400208,2600,2600,5,5,1,2,5,10,0.566268459494363,0.433731540505638,0.685,1,0.625,0.375,1.60924420985447,-4.69852324045101,2669.5908753539,2616.96256076163,114,16,1251,145
9668497,1989-08-17 00:00:00,EventStart_Pre2008Season,2498,Asian Open,1989,1989-08-17 00:00:00,1989-08-27 00:00:00,2025-09-26 08:00:40,matches_1989_all.csv,41,Tony Drago,Malta,469,Joe Johnson,England,41,Tony Drago,Malta,41,Tony Drago,Malta,5,2,5,2,7,FALSE,FALSE,23,67,191,714,2623.02401805258,2630.42690111534,2600,2600,5,5,1,1,5,5,0.489348006827004,0.510651993172996,1,0.955,0.714285714285714,0.285714285714286,7.87281976105487,-7.5185428718074,2630.89683781363,2622.90835824353,24,68,198,721
9668498,1989-08-17 00:00:00,EventStart_Pre2008Season,2498,Asian Open,1989,1989-08-17 00:00:00,1989-08-27 00:00:00,2025-09-26 08:00:40,matches_1989_all.csv,1355,Tony Jones,England,504,Bill Oliver,England,1355,Tony Jones,England,1355,Tony Jones,England,5,1,5,1,6,FALSE,FALSE,19,7,156,54,2597.1557280349,2566.35516583461,2600,2600,5,5,2,2,10,10,0.544209817386885,0.455790182613115,0.27,0.78,0.833333333333333,0.166666666666667,4.68380095833246,-13.5309805462938,2601.83952899323,2552.82418528831,20,8,162,60
9668499,1989-08-17 00:00:00,EventStart_Pre2008Season,2498,Asian Open,1989,1989-08-17 00:00:00,1989-08-27 00:00:00,2025-09-26 08:00:40,matches_1989_all.csv,3463,Steve Duggan,England,1049,Steve James,England,3463,Steve Duggan,England,3463,Steve Duggan,England,5,3,5,3,8,FALSE,FALSE,16,16,130,168,2607.89556605713,2645.2176973162,2600,2600,5,5,2,2,10,10,0.446494783951724,0.553505216048276,0.84,0.65,0.625,0.375,11.9955505184441,-9.28227123451033,2619.89111657557,2635.93542608169,17,17,138,176
9668508,1989-08-17 00:00:00,EventStart_Pre2008Season,2498,Asian Open,1989,1989-08-17 00:00:00,1989-08-27 00:00:00,2025-09-26 08:01:48,matches_1989_all.csv,153,Stephen Hendry,Scotland,800,Wayne Jones,Wales,153,Stephen Hendry,Scotland,153,Stephen Hendry,Scotland,5,0,5,0,5,FALSE,FALSE,48,27,526,261,2717.94599652066,2623.85114841759,2600,2600,5,5,1,1,5,5,0.632196976917693,0.367803023082307,1,1,1,0,9.19507557705766,-9.19507557705766,2727.14107209772,2614.65607284053,49,28,531,266
9668509,1989-08-17 00:00:00,EventStart_Pre2008Season,2498,Asian Open,1989,1989-08-17 00:00:00,1989-08-27 00:00:00,2025-09-26 08:01:48,matches_1989_all.csv,2184,Willie Thorne,England,3484,John Virgo,England,2184,Willie Thorne,England,2184,Willie Thorne,England,5,2,5,2,7,FALSE,FALSE,76,70,834,723,2639.58732445557,2624.98720395942,2600,2600,5,5,1,1,5,5,0.520998903233868,0.479001096766132,1,1,0.714285714285714,0.285714285714286,6.76503838681461,-6.76503838681461,2646.35236284239,2618.22216557261,77,71,841,730
9668510,1989-08-17 00:00:00,EventStart_Pre2008Season,2498,Asian Open,1989,1989-08-17 00:00:00,1989-08-27 00:00:00,2025-09-26 08:01:48,matches_1989_all.csv,804,Gary Wilkinson,England,1298,Peter Francisco,South Africa,804,Gary Wilkinson,England,804,Gary Wilkinson,England,5,4,5,4,9,FALSE,FALSE,14,36,111,288,2651.78312743697,2597.16897171006,2600,2600,5,5,2,1,10,5,0.577955069410693,0.422044930589307,1,0.555,0.555555555555556,0.444444444444444,-2.01595624696241,0.559427858532068,2649.76717119001,2597.72839956859,15,37,120,297
9668511,1989-08-17 00:00:00,EventStart_Pre2008Season,2498,Asian Open,1989,1989-08-17 00:00:00,1989-08-27 00:00:00,2025-09-26 08:01:48,matches_1989_all.csv,3261,Martin Clark,England,502,Barry West,England,3261,Martin Clark,England,3261,Martin Clark,England,5,0,5,0,5,FALSE,FALSE,18,22,140,172,2655.65006410016,2549.74464598769,2600,2600,5,5,2,1,10,5,0.647858812019877,0.352141187980123,0.86,0.7,1,0,15.1420710831453,-6.16247078965215,2670.7921351833,2543.58217519804,19,23,145,177
9668512,1989-08-17 00:00:00,EventStart_Pre2008Season,2498,Asian Open,1989,1989-08-17 00:00:00,1989-08-27 00:00:00,2025-09-26 08:01:48,matches_1989_all.csv,193,James Wattana,Thailand,806,Doug Mountjoy,Wales,193,James Wattana,Thailand,193,James Wattana,Thailand,5,2,5,2,7,FALSE,FALSE,2,97,14,1079,2627.47046379201,2633.18518209922,2600,2600,5,5,2,1,10,5,0.491776600848583,0.508223399151417,1,0.1,0.714285714285714,0.285714285714286,15.5756379405992,-0.778781897029961,2643.04610173261,2632.40640020219,3,98,21,1086
9668513,1989-08-17 00:00:00,EventStart_Pre2008Season,2498,Asian Open,1989,1989-08-17 00:00:00,1989-08-27 00:00:00,2025-09-26 08:01:48,matches_1989_all.csv,2879,Silvino Francisco,South Africa,181,Tony Knowles,England,2879,Silvino Francisco,South Africa,2879,Silvino Francisco,South Africa,5,2,5,2,7,FALSE,FALSE,60,89,615,969,2624.65864365907,2610.31665475813,2600,2600,5,5,1,1,5,5,0.520628065728398,0.479371934271602,1,1,0.714285714285714,0.285714285714286,6.77801769950606,-6.77801769950606,2631.43666135857,2603.53863705862,61,90,622,976
9668514,1989-08-17 00:00:00,EventStart_Pre2008Season,2498,Asian Open,1989,1989-08-17 00:00:00,1989-08-27 00:00:00,2025-09-26 08:01:48,matches_1989_all.csv,2877,Terry Griffiths,Wales,41,Tony Drago,Malta,2877,Terry Griffiths,Wales,2877,Terry Griffiths,Wales,5,3,5,3,8,FALSE,FALSE,114,24,1251,198,2669.5908753539,2630.89683781363,2600,2600,5,5,1,1,5,5,0.555456104876225,0.444543895123775,0.99,1,0.625,0.375,2.75393824690151,-2.78175580495102,2672.3448136008,2628.11508200868,115,25,1259,206
9668515,1989-08-17 00:00:00,EventStart_Pre2008Season,2498,Asian Open,1989,1989-08-17 00:00:00,1989-08-27 00:00:00,2025-09-26 08:01:48,matches_1989_all.csv,1355,Tony Jones,England,3463,Steve Duggan,England,1355,Tony Jones,England,1355,Tony Jones,England,5,3,5,3,8,FALSE,FALSE,20,17,162,138,2601.83952899323,2619.89111657557,2600,2600,5,5,1,2,5,10,0.474045028091481,0.525954971908519,0.69,0.81,0.625,0.375,4.16635722467513,-9.78188217967206,2606.0058862179,2610.1092343959,21,18,170,146
9668589,1989-08-17 00:00:00,EventStart_Pre2008Season,2498,Asian Open,1989,1989-08-17 00:00:00,1989-08-27 00:00:00,2025-09-26 08:05:16,matches_1989_all.csv,153,Stephen Hendry,Scotland,2184,Willie Thorne,England,153,Stephen Hendry,Scotland,153,Stephen Hendry,Scotland,5,2,5,2,7,FALSE,FALSE,49,77,531,841,2727.14107209772,2646.35236284239,2600,2600,5,5,1,1,5,5,0.614213195297513,0.385786804702487,1,1,0.714285714285714,0.285714285714286,3.50253816458705,-3.50253816458705,2730.64361026231,2642.8498246778,50,78,538,848
9668590,1989-08-17 00:00:00,EventStart_Pre2008Season,2498,Asian Open,1989,1989-08-17 00:00:00,1989-08-27 00:00:00,2025-09-26 08:05:16,matches_1989_all.csv,804,Gary Wilkinson,England,3261,Martin Clark,England,804,Gary Wilkinson,England,804,Gary Wilkinson,England,5,0,5,0,5,FALSE,FALSE,15,19,120,145,2649.76717119001,2670.7921351833,2600,2600,5,5,2,2,10,10,0.469779525008292,0.530220474991709,0.725,0.6,1,0,19.2204922184494,-15.9066142497513,2668.98766340846,2654.88552093355,16,20,125,150
9668591,1989-08-17 00:00:00,EventStart_Pre2008Season,2498,Asian Open,1989,1989-08-17 00:00:00,1989-08-27 00:00:00,2025-09-26 08:05:16,matches_1989_all.csv,193,James Wattana,Thailand,2879,Silvino Francisco,South Africa,193,James Wattana,Thailand,193,James Wattana,Thailand,5,4,5,4,9,FALSE,FALSE,3,61,21,622,2643.04610173261,2631.43666135857,2600,2600,5,5,2,1,10,5,0.516701112361646,0.483298887638354,1,0.105,0.555555555555556,0.444444444444444,3.49689988745185,-0.183587244091222,2646.54300162007,2631.25307411448,4,62,30,631
9668592,1989-08-17 00:00:00,EventStart_Pre2008Season,2498,Asian Open,1989,1989-08-17 00:00:00,1989-08-27 00:00:00,2025-09-26 08:05:16,matches_1989_all.csv,2877,Terry Griffiths,Wales,1355,Tony Jones,England,2877,Terry Griffiths,Wales,2877,Terry Griffiths,Wales,5,3,5,3,8,FALSE,FALSE,115,21,1259,170,2672.3448136008,2606.0058862179,2600,2600,5,5,1,1,5,5,0.594325868411935,0.405674131588065,0.85,1,0.625,0.375,1.04292047399422,-1.22696526352262,2673.3877340748,2604.77892095438,116,22,1267,178
9668595,1989-08-17 00:00:00,EventStart_Pre2008Season,2498,Asian Open,1989,1989-08-17 00:00:00,1989-08-27 00:00:00,2025-09-26 08:05:36,matches_1989_all.csv,153,Stephen Hendry,Scotland,804,Gary Wilkinson,England,153,Stephen Hendry,Scotland,153,Stephen Hendry,Scotland,5,4,5,4,9,FALSE,FALSE,50,16,538,125,2730.64361026231,2668.98766340846,2600,2600,5,5,1,2,5,10,0.587810194307603,0.412189805692397,0.625,1,0.555555555555556,0.444444444444444,-0.907161714901331,2.90291748768426,2729.7364485474,2671.89058089614,51,17,547,134
9668596,1989-08-17 00:00:00,EventStart_Pre2008Season,2498,Asian Open,1989,1989-08-17 00:00:00,1989-08-27 00:00:00,2025-09-26 08:05:36,matches_1989_all.csv,193,James Wattana,Thailand,2877,Terry Griffiths,Wales,193,James Wattana,Thailand,193,James Wattana,Thailand,5,0,5,0,5,FALSE,FALSE,4,116,30,1267,2646.54300162007,2673.3877340748,2600,2600,5,5,2,1,10,5,0.46144401955489,0.538555980445111,1,0.15,1,0,26.9277990222555,-2.01958492666916,2673.47080064232,2671.36814914813,5,117,35,1272
9668598,1989-08-17 00:00:00,EventStart_Pre2008Season,2498,Asian Open,1989,1989-08-17 00:00:00,1989-08-27 00:00:00,2025-09-26 08:09:22,matches_1989_all.csv,153,Stephen Hendry,Scotland,193,James Wattana,Thailand,153,Stephen Hendry,Scotland,153,Stephen Hendry,Scotland,9,6,9,6,15,FALSE,FALSE,51,5,547,35,2729.7364485474,2673.47080064232,2600,2600,5,5,1,2,5,10,0.580272250519903,0.419727749480097,0.175,1,0.6,0.4,0.258926711926269,-2.95916242201451,2729.99537525933,2670.51163822031,52,6,562,50
8769884,1989-10-09 00:00:00,EventStart_Pre2008Season,2060,Grand Prix,1989,1989-10-09 00:00:00,1989-10-22 00:00:00,2024-07-10 12:10:13,matches_1989_all.csv,212,Steve Davis,England,3463,Steve Duggan,England,212,Steve Davis,England,212,Steve Davis,England,5,1,5,1,6,FALSE,FALSE,139,18,1744,146,2807.34432727244,2610.1092343959,2600,2600,5,5,1,2,5,10,0.756829740755764,0.243170259244236,0.73,1,0.833333333333333,0.166666666666667,1.67542867744877,-4.59021555465418,2809.01975594989,2605.51901884124,140,19,1750,152
8769885,1989-10-09 00:00:00,EventStart_Pre2008Season,2060,Grand Prix,1989,1989-10-09 00:00:00,1989-10-22 00:00:00,2024-07-10 12:10:13,matches_1989_all.csv,668,Neal Foulds,England,1052,Nigel Gilbert,England,668,Neal Foulds,England,668,Neal Foulds,England,5,1,5,1,6,FALSE,FALSE,57,9,594,70,2656.73169414867,2593.49530614276,2600,2600,5,5,1,2,5,10,0.590012707839903,0.409987292160098,0.35,1,0.833333333333333,0.166666666666667,2.55486656768102,-14.5992375296059,2659.28656071635,2578.89606861315,58,10,600,76
8769886,1989-10-09 00:00:00,EventStart_Pre2008Season,2060,Grand Prix,1989,1989-10-09 00:00:00,1989-10-22 00:00:00,2024-07-10 12:10:13,matches_1989_all.csv,2874,Tony Meo,England,3703,Eddie Sinclair,Scotland,2874,Tony Meo,England,2874,Tony Meo,England,5,2,5,2,7,FALSE,FALSE,76,8,784,68,2650.10176085786,2559.0584059111,2600,2600,5,5,1,2,5,10,0.628103104705822,0.371896895294178,0.34,1,0.714285714285714,0.285714285714286,1.02557305400071,-6.03278267059243,2651.12733391186,2553.0256232405,77,9,791,75
8769887,1989-10-09 00:00:00,EventStart_Pre2008Season,2060,Grand Prix,1989,1989-10-09 00:00:00,1989-10-22 00:00:00,2024-07-10 12:10:13,matches_1989_all.csv,1298,Peter Francisco,South Africa,3481,Jason Smith,England,3481,Jason Smith,England,3481,Jason Smith,England,3,5,3,5,8,FALSE,FALSE,37,3,297,22,2597.72839956859,2578.64831062514,2600,2600,5,5,1,2,5,10,0.527430884809368,0.472569115190632,0.11,1,0.375,0.625,-0.67069589316122,12.1944707847495,2597.05770367543,2590.84278140989,38,4,305,30
8769888,1989-10-09 00:00:00,EventStart_Pre2008Season,2060,Grand Prix,1989,1989-10-09 00:00:00,1989-10-22 00:00:00,2024-07-10 12:10:13,matches_1989_all.csv,470,Cliff Thorburn,Canada,799,Steve Meakin,England,470,Cliff Thorburn,Canada,470,Cliff Thorburn,Canada,5,3,5,3,8,FALSE,FALSE,130,1,1577,5,2645.1609065536,2597.5425854636,2600,2600,5,5,1,2,5,10,0.568102382747358,0.431897617252643,0.1,1,0.625,0.375,0.22759046901057,-4.5518093802114,2645.38849702261,2592.99077608339,131,2,1585,13
8769889,1989-10-09 00:00:00,EventStart_Pre2008Season,2060,Grand Prix,1989,1989-10-09 00:00:00,1989-10-22 00:00:00,2024-07-10 12:10:13,matches_1989_all.csv,667,Dene O'Kane,New Zealand,1355,Tony Jones,England,1355,Tony Jones,England,1355,Tony Jones,England,2,5,2,5,7,FALSE,FALSE,24,22,225,178,2616.25697726402,2604.77892095438,2600,2600,5,5,1,1,5,5,0.516512244072119,0.483487755927881,0.89,1,0.285714285714286,0.714285714285714,-7.18935640284652,8.07792854252418,2609.06762086118,2612.85684949691,25,23,232,185
8769890,1989-10-09 00:00:00,EventStart_Pre2008Season,2060,Grand Prix,1989,1989-10-09 00:00:00,1989-10-22 00:00:00,2024-07-10 12:10:13,matches_1989_all.csv,181,Tony Knowles,England,3491,Ray Edmonds,England,181,Tony Knowles,England,181,Tony Knowles,England,5,4,5,4,9,FALSE,FALSE,90,16,976,156,2603.53863705862,2587.01058293451,2600,2600,5,5,1,2,5,10,0.523767855295085,0.476232144704916,0.78,1,0.555555555555556,0.444444444444444,1.11574827914253,-2.86089302344239,2604.65438533776,2584.14968991107,91,17,985,165
8769891,1989-10-09 00:00:00,EventStart_Pre2008Season,2060,Grand Prix,1989,1989-10-09 00:00:00,1989-10-22 00:00:00,2024-07-10 12:10:13,matches_1989_all.csv,3261,Martin Clark,England,3486,Colin Roscoe,Wales,3261,Martin Clark,England,3261,Martin Clark,England,5,3,5,3,8,FALSE,FALSE,20,15,150,110,2654.88552093355,2567.74506167179,2600,2600,5,5,1,2,5,10,0.622840151013553,0.377159848986447,0.55,0.75,0.625,0.375,0.0475166777018279,-0.129590939186803,2654.93303761125,2567.61547073261,21,16,158,118
8769892,1989-10-09 00:00:00,EventStart_Pre2008Season,2060,Grand Prix,1989,1989-10-09 00:00:00,1989-10-22 00:00:00,2024-07-10 12:10:13,matches_1989_all.csv,1049,Steve James,England,669,Alain Robidoux,Canada,669,Alain Robidoux,Canada,669,Alain Robidoux,Canada,2,5,2,5,7,FALSE,FALSE,17,9,176,70,2635.93542608169,2640.86644309237,2600,2600,5,5,2,2,10,10,0.492904172517579,0.507095827482421,0.35,0.88,0.285714285714286,0.714285714285714,-5.07615222668069,12.7628970270829,2630.85927385501,2653.62934011945,18,10,183,77
8769893,1989-10-09 00:00:00,EventStart_Pre2008Season,2060,Grand Prix,1989,1989-10-09 00:00:00,1989-10-22 00:00:00,2024-07-10 12:10:13,matches_1989_all.csv,3324,Eugene Hughes,Ireland,3242,Mark Bennett,England,3324,Eugene Hughes,Ireland,3324,Eugene Hughes,Ireland,5,2,5,2,7,FALSE,FALSE,36,9,322,67,2585.32986949636,2575.80425667275,2600,2600,5,5,1,2,5,10,0.513705025013127,0.486294974986873,0.335,1,0.714285714285714,0.285714285714286,2.35180858172109,-14.0406482490811,2587.68167807808,2561.76360842367,37,10,329,74
8769894,1989-10-09 00:00:00,EventStart_Pre2008Season,2060,Grand Prix,1989,1989-10-09 00:00:00,1989-10-22 00:00:00,2024-07-10 12:10:13,matches_1989_all.csv,409,David Roe,England,3321,Danny Fowler,England,3321,Danny Fowler,England,3321,Danny Fowler,England,4,5,4,5,9,FALSE,FALSE,16,17,145,144,2616.96256076163,2542.91775938886,2600,2600,5,5,2,2,10,10,0.604974536094114,0.395025463905886,0.72,0.725,0.444444444444444,0.555555555555556,-10.4023499388986,10.4745884801409,2606.56021082273,2553.392347869,17,18,154,153
8769895,1989-10-09 00:00:00,EventStart_Pre2008Season,2060,Grand Prix,1989,1989-10-09 00:00:00,1989-10-22 00:00:00,2024-07-10 12:10:13,matches_1989_all.csv,205,Mike Hallett,England,3269,Mark Johnston-Allen,England,205,Mike Hallett,England,205,Mike Hallett,England,5,1,5,1,6,FALSE,FALSE,57,7,591,48,2627.61048474703,2610.29359517404,2600,2600,5,5,1,2,5,10,0.524900391377966,0.475099608622034,0.24,1,0.833333333333333,0.166666666666667,2.22071718207864,-18.505976517322,2629.83120192911,2591.78761865672,58,8,597,54
8769896,1989-10-09 00:00:00,EventStart_Pre2008Season,2060,Grand Prix,1989,1989-10-09 00:00:00,1989-10-22 00:00:00,2024-07-10 12:10:13,matches_1989_all.csv,2878,Alex Higgins,Northern Ireland,3456,Dave Gilbert,England,2878,Alex Higgins,Northern Ireland,2878,Alex Higgins,Northern Ireland,5,3,5,3,8,FALSE,FALSE,114,8,1277,59,2631.49117336443,2580.65394277573,2600,2600,5,5,1,2,5,10,0.572642967428187,0.427357032571813,0.295,1,0.625,0.375,0.617812984347399,-4.18856260574508,2632.10898634878,2576.46538016998,115,9,1285,67
8769897,1989-10-09 00:00:00,EventStart_Pre2008Season,2060,Grand Prix,1989,1989-10-09 00:00:00,1989-10-22 00:00:00,2024-07-10 12:10:13,matches_1989_all.csv,469,Joe Johnson,England,223,Darren Morgan,Wales,469,Joe Johnson,England,469,Joe Johnson,England,5,2,5,2,7,FALSE,FALSE,68,6,721,49,2622.90835824353,2574.67050034922,2600,2600,5,5,1,2,5,10,0.568977214021814,0.431022785978186,0.245,1,0.714285714285714,0.285714285714286,1.24602038976294,-10.171595018473,2624.15437863329,2564.49890533074,69,7,728,56
8769898,1989-10-09 00:00:00,EventStart_Pre2008Season,2060,Grand Prix,1989,1989-10-09 00:00:00,1989-10-22 00:00:00,2024-07-10 12:10:13,matches_1989_all.csv,502,Barry West,England,3316,Jim Chambers,England,3316,Jim Chambers,England,3316,Jim Chambers,England,4,5,4,5,9,FALSE,FALSE,23,6,177,42,2543.58217519804,2586.09667853121,2600,2600,5,5,1,2,5,10,0.439120271078073,0.560879728921927,0.21,0.885,0.444444444444444,0.555555555555556,0.0503134383122127,-0.424070408631507,2543.63248863635,2585.67260812257,24,7,186,51
8769899,1989-10-09 00:00:00,EventStart_Pre2008Season,2060,Grand Prix,1989,1989-10-09 00:00:00,1989-10-22 00:00:00,2024-07-10 12:10:13,matches_1989_all.csv,20,Jimmy White,England,3514,Steve Campbell,England,20,Jimmy White,England,20,Jimmy White,England,5,0,5,0,5,FALSE,FALSE,101,4,1252,30,2659.41869118517,2571.11760698767,2600,2600,5,5,1,2,5,10,0.624408315999211,0.375591684000789,0.15,1,1,0,1.40846881500296,-18.7795842000394,2660.82716000018,2552.33802278763,102,5,1257,35
8769900,1989-10-09 00:00:00,EventStart_Pre2008Season,2060,Grand Prix,1989,1989-10-09 00:00:00,1989-10-22 00:00:00,2024-07-10 12:10:13,matches_1989_all.csv,153,Stephen Hendry,Scotland,3699,Graham Cripsey,England,153,Stephen Hendry,Scotland,153,Stephen Hendry,Scotland,5,2,5,2,7,FALSE,FALSE,52,14,562,99,2729.99537525933,2552.97756963956,2600,2600,5,5,1,2,5,10,0.734777064460248,0.265222935539752,0.495,1,0.714285714285714,0.285714285714286,-0.355012641773793,1.43439451221735,2729.64036261756,2554.41196415177,53,15,569,106
8769901,1989-10-09 00:00:00,EventStart_Pre2008Season,2060,Grand Prix,1989,1989-10-09 00:00:00,1989-10-22 00:00:00,2024-07-10 12:10:13,matches_1989_all.csv,2881,Bob Chaperon,Canada,14,Nigel Bond,England,14,Nigel Bond,England,14,Nigel Bond,England,4,5,4,5,9,FALSE,TRUE,22,0,174,0,2562.50110016211,2600,2600,2600,5,5,1,2,5,10,0.446243320314297,0.553756679685703,0.1,0.87,0.444444444444444,0.555555555555556,-0.00809494141433609,0.140851980609448,2562.4930052207,2600.14085198061,23,1,183,9
8769902,1989-10-09 00:00:00,EventStart_Pre2008Season,2060,Grand Prix,1989,1989-10-09 00:00:00,1989-10-22 00:00:00,2024-07-10 12:10:13,matches_1989_all.csv,800,Wayne Jones,Wales,3498,Mario Morra,Canada,3498,Mario Morra,Canada,3498,Mario Morra,Canada,4,5,4,5,9,FALSE,FALSE,28,11,266,87,2614.65607284053,2544.64387896672,2600,2600,5,5,1,2,5,10,0.599413651493553,0.400586348506447,0.435,1,0.444444444444444,0.555555555555556,-3.0335222279863,13.9472286344198,2611.62255061254,2558.59110760114,29,12,275,96
8769904,1989-10-09 00:00:00,EventStart_Pre2008Season,2060,Grand Prix,1989,1989-10-09 00:00:00,1989-10-22 00:00:00,2024-07-10 12:10:13,matches_1989_all.csv,2877,Terry Griffiths,Wales,3464,Paul Gibson,England,3464,Paul Gibson,England,3464,Paul Gibson,England,2,5,2,5,7,FALSE,FALSE,117,2,1272,18,2671.36814914813,2606.49274500505,2600,2600,5,5,1,2,5,10,0.592293043585553,0.407706956414447,0.1,1,0.285714285714286,0.714285714285714,-1.07302565254944,21.4605130509887,2670.29512349558,2627.95325805604,118,3,1279,25
8769905,1989-10-09 00:00:00,EventStart_Pre2008Season,2060,Grand Prix,1989,1989-10-09 00:00:00,1989-10-22 00:00:00,2024-07-10 12:10:13,matches_1989_all.csv,3515,Rex Williams,England,449,Les Dodd,England,449,Les Dodd,England,449,Les Dodd,England,3,5,3,5,8,FALSE,FALSE,53,11,469,87,2591.13535527088,2521.1355951994,2600,2600,5,5,1,2,5,10,0.599396465069584,0.400603534930416,0.435,1,0.375,0.625,-3.90449849221076,17.9517172055667,2587.23085677867,2539.08731240497,54,12,477,95
8769906,1989-10-09 00:00:00,EventStart_Pre2008Season,2060,Grand Prix,1989,1989-10-09 00:00:00,1989-10-22 00:00:00,2024-07-10 12:10:13,matches_1989_all.csv,2879,Silvino Francisco,South Africa,193,James Wattana,Thailand,193,James Wattana,Thailand,193,James Wattana,Thailand,2,5,2,5,7,FALSE,FALSE,62,6,631,50,2631.25307411448,2670.51163822031,2600,2600,5,5,1,2,5,10,0.443741615365716,0.556258384634284,0.25,1,0.285714285714286,0.714285714285714,-1.38273913445001,11.0619130756001,2629.87033498003,2681.57355129591,63,7,638,57
8769907,1989-10-09 00:00:00,EventStart_Pre2008Season,2060,Grand Prix,1989,1989-10-09 00:00:00,1989-10-22 00:00:00,2024-07-10 12:10:13,matches_1989_all.csv,2184,Willie Thorne,England,3444,Jack McLaughlin,Northern Ireland,2184,Willie Thorne,England,2184,Willie Thorne,England,5,2,5,2,7,FALSE,FALSE,78,15,848,112,2642.8498246778,2563.59422342092,2600,2600,5,5,1,2,5,10,0.612119901868042,0.387880098131958,0.56,1,0.714285714285714,0.285714285714286,2.00244992338637,-7.15160686923704,2644.85227460119,2556.44261655168,79,16,855,119
8769908,1989-10-09 00:00:00,EventStart_Pre2008Season,2060,Grand Prix,1989,1989-10-09 00:00:00,1989-10-22 00:00:00,2024-07-10 12:10:13,matches_1989_all.csv,468,Dennis Taylor,Northern Ireland,3487,John Campbell,Australia,468,Dennis Taylor,Northern Ireland,468,Dennis Taylor,Northern Ireland,5,3,5,3,8,FALSE,FALSE,105,30,1223,268,2644.06333872621,2536.09726849806,2600,2600,5,5,1,1,5,5,0.65056022785854,0.34943977214146,1,1,0.625,0.375,-1.02240911434158,1.02240911434158,2643.04092961187,2537.1196776124,106,31,1231,276
8769909,1989-10-09 00:00:00,EventStart_Pre2008Season,2060,Grand Prix,1989,1989-10-09 00:00:00,1989-10-22 00:00:00,2024-07-10 12:10:13,matches_1989_all.csv,3467,Cliff Wilson,Wales,3265,Brian Rowswell,England,3265,Brian Rowswell,England,3265,Brian Rowswell,England,4,5,4,5,9,FALSE,FALSE,48,5,404,34,2536.37655711956,2571.55820313844,2600,2600,5,5,1,2,5,10,0.449541885701004,0.550458114298996,0.17,1,0.444444444444444,0.555555555555556,-0.0389954256126841,0.458769713090401,2536.33756169395,2572.01697285153,49,6,413,43
8769910,1989-10-09 00:00:00,EventStart_Pre2008Season,2060,Grand Prix,1989,1989-10-09 00:00:00,1989-10-22 00:00:00,2024-07-10 12:10:13,matches_1989_all.csv,3484,John Virgo,England,3474,Steve Longworth,England,3484,John Virgo,England,3484,John Virgo,England,5,4,5,4,9,FALSE,FALSE,71,21,730,181,2618.22216557261,2554.63248336099,2600,2600,5,5,1,1,5,5,0.590504571037345,0.409495428962655,0.905,1,0.555555555555556,0.444444444444444,-1.42329865549587,1.57270569668052,2616.79886691711,2556.20518905767,72,22,739,190
8769911,1989-10-09 00:00:00,EventStart_Pre2008Season,2060,Grand Prix,1989,1989-10-09 00:00:00,1989-10-22 00:00:00,2024-07-10 12:10:13,matches_1989_all.csv,795,Steve Newbury,Wales,504,Bill Oliver,England,795,Steve Newbury,Wales,795,Steve Newbury,Wales,5,4,5,4,9,FALSE,FALSE,28,8,212,60,2622.17124823881,2552.82418528831,2600,2600,5,5,1,2,5,10,0.598493942528187,0.401506057471813,0.3,1,0.555555555555556,0.444444444444444,-0.579668224130528,3.86445482753685,2621.59158001468,2556.68864011585,29,9,221,69
8769912,1989-10-09 00:00:00,EventStart_Pre2008Season,2060,Grand Prix,1989,1989-10-09 00:00:00,1989-10-22 00:00:00,2024-07-10 12:10:13,matches_1989_all.csv,3449,Eddie Charlton,Australia,3460,Warren King,Australia,3460,Warren King,Australia,3460,Warren King,Australia,0,5,0,5,5,FALSE,FALSE,81,16,996,141,2588.89700527624,2597.9722103404,2600,2600,5,5,1,2,5,10,0.486942699519222,0.513057300480778,0.705,1,0,1,-8.5823650790263,24.3471349759611,2580.31464019722,2622.31934531636,82,17,1001,146
8769913,1989-10-09 00:00:00,EventStart_Pre2008Season,2060,Grand Prix,1989,1989-10-09 00:00:00,1989-10-22 00:00:00,2024-07-10 12:10:13,matches_1989_all.csv,659,Dean Reynolds,England,3697,Vic Harris,England,659,Dean Reynolds,England,659,Dean Reynolds,England,5,0,5,0,5,FALSE,FALSE,46,10,455,75,2616.00955108736,2538.3522475099,2600,2600,5,5,1,2,5,10,0.609933185126205,0.390066814873796,0.375,1,1,0,3.65687638944183,-19.5033407436898,2619.6664274768,2518.84890676621,47,11,460,80
8769914,1989-10-09 00:00:00,EventStart_Pre2008Season,2060,Grand Prix,1989,1989-10-09 00:00:00,1989-10-22 00:00:00,2024-07-10 12:10:13,matches_1989_all.csv,41,Tony Drago,Malta,804,Gary Wilkinson,England,804,Gary Wilkinson,England,804,Gary Wilkinson,England,1,5,1,5,6,FALSE,FALSE,25,17,206,134,2628.11508200868,2671.89058089614,2600,2600,5,5,1,2,5,10,0.437333254026565,0.562666745973435,0.67,1,0.166666666666667,0.833333333333333,-5.44039840593395,16.2399952415939,2622.67468360275,2688.13057613774,26,18,212,140
8769915,1989-10-09 00:00:00,EventStart_Pre2008Season,2060,Grand Prix,1989,1989-10-09 00:00:00,1989-10-22 00:00:00,2024-07-10 12:10:13,matches_1989_all.csv,408,John Parrott,England,3278,Stephen Murphy,Ireland,408,John Parrott,England,408,John Parrott,England,5,1,5,1,6,FALSE,TRUE,68,0,755,0,2689.52869146374,2600,2600,2600,5,5,1,2,5,10,0.626064148279191,0.373935851720809,0.1,1,0.833333333333333,0.166666666666667,0.621807555162427,-12.4361511032485,2690.15049901891,2587.56384889675,69,1,761,6
8769916,1989-10-09 00:00:00,EventStart_Pre2008Season,2060,Grand Prix,1989,1989-10-09 00:00:00,1989-10-22 00:00:00,2024-07-10 12:11:52,matches_1989_all.csv,212,Steve Davis,England,668,Neal Foulds,England,212,Steve Davis,England,212,Steve Davis,England,5,4,5,4,9,FALSE,FALSE,140,58,1750,600,2809.01975594989,2659.28656071635,2600,2600,5,5,1,1,5,5,0.703064471698133,0.296935528301867,1,1,0.555555555555556,0.444444444444444,-6.63790122641597,6.63790122641597,2802.38185472347,2665.92446194276,141,59,1759,609
8769917,1989-10-09 00:00:00,EventStart_Pre2008Season,2060,Grand Prix,1989,1989-10-09 00:00:00,1989-10-22 00:00:00,2024-07-10 12:11:52,matches_1989_all.csv,2874,Tony Meo,England,3481,Jason Smith,England,3481,Jason Smith,England,3481,Jason Smith,England,3,5,3,5,8,FALSE,FALSE,77,4,791,30,2651.12733391186,2590.84278140989,2600,2600,5,5,1,2,5,10,0.585896152950203,0.414103847049797,0.15,1,0.375,0.625,-1.26537691770122,16.8716922360162,2649.86195699416,2607.71447364591,78,5,799,38
8769918,1989-10-09 00:00:00,EventStart_Pre2008Season,2060,Grand Prix,1989,1989-10-09 00:00:00,1989-10-22 00:00:00,2024-07-10 12:11:52,matches_1989_all.csv,470,Cliff Thorburn,Canada,1355,Tony Jones,England,1355,Tony Jones,England,1355,Tony Jones,England,4,5,4,5,9,FALSE,FALSE,131,23,1585,185,2645.38849702261,2612.85684949691,2600,2600,5,5,1,1,5,5,0.546680464014066,0.453319535985934,0.925,1,0.444444444444444,0.555555555555556,-4.25557431458551,4.60062088063298,2641.13292270803,2617.45747037754,132,24,1594,194
8769919,1989-10-09 00:00:00,EventStart_Pre2008Season,2060,Grand Prix,1989,1989-10-09 00:00:00,1989-10-22 00:00:00,2024-07-10 12:11:52,matches_1989_all.csv,181,Tony Knowles,England,3261,Martin Clark,England,181,Tony Knowles,England,181,Tony Knowles,England,5,2,5,2,7,FALSE,FALSE,91,21,985,158,2604.65438533776,2654.93303761125,2600,2600,5,5,1,1,5,5,0.428144106697009,0.571855893302991,0.79,1,0.714285714285714,0.285714285714286,7.91181544982769,-10.0149562656047,2612.56620078759,2644.91808134565,92,22,992,165
8769920,1989-10-09 00:00:00,EventStart_Pre2008Season,2060,Grand Prix,1989,1989-10-09 00:00:00,1989-10-22 00:00:00,2024-07-10 12:11:52,matches_1989_all.csv,669,Alain Robidoux,Canada,3324,Eugene Hughes,Ireland,669,Alain Robidoux,Canada,669,Alain Robidoux,Canada,5,1,5,1,6,FALSE,FALSE,10,37,77,329,2653.62934011945,2587.68167807808,2600,2600,5,5,2,1,10,5,0.5937827167434,0.4062172832566,1,0.385,0.833333333333333,0.166666666666667,14.373036995396,-2.76680962161373,2668.00237711485,2584.91486845646,11,38,83,335
8769921,1989-10-09 00:00:00,EventStart_Pre2008Season,2060,Grand Prix,1989,1989-10-09 00:00:00,1989-10-22 00:00:00,2024-07-10 12:11:52,matches_1989_all.csv,3321,Danny Fowler,England,205,Mike Hallett,England,3321,Danny Fowler,England,3321,Danny Fowler,England,5,3,5,3,8,FALSE,FALSE,18,58,153,597,2553.392347869,2629.83120192911,2600,2600,5,5,2,1,10,5,0.391736819684308,0.608263180315692,1,0.765,0.625,0.375,18.6610544252554,-7.13785331766017,2572.05340229426,2622.69334861145,19,59,161,605
8769922,1989-10-09 00:00:00,EventStart_Pre2008Season,2060,Grand Prix,1989,1989-10-09 00:00:00,1989-10-22 00:00:00,2024-07-10 12:11:52,matches_1989_all.csv,2878,Alex Higgins,Northern Ireland,469,Joe Johnson,England,469,Joe Johnson,England,469,Joe Johnson,England,2,5,2,5,7,FALSE,FALSE,115,69,1285,728,2632.10898634878,2624.15437863329,2600,2600,5,5,1,1,5,5,0.511445600895528,0.488554399104472,1,1,0.285714285714286,0.714285714285714,-7.90059603134347,7.90059603134347,2624.20839031744,2632.05497466463,116,70,1292,735
8769923,1989-10-09 00:00:00,EventStart_Pre2008Season,2060,Grand Prix,1989,1989-10-09 00:00:00,1989-10-22 00:00:00,2024-07-10 12:11:52,matches_1989_all.csv,3316,Jim Chambers,England,20,Jimmy White,England,20,Jimmy White,England,20,Jimmy White,England,1,5,1,5,6,FALSE,FALSE,7,102,51,1257,2585.67260812257,2660.82716000018,2600,2600,5,5,2,1,10,5,0.393499828993769,0.606500171006231,1,0.255,0.166666666666667,0.833333333333333,-13.6099897396261,1.73527369180233,2572.06261838295,2662.56243369198,8,103,57,1263
8769924,1989-10-09 00:00:00,EventStart_Pre2008Season,2060,Grand Prix,1989,1989-10-09 00:00:00,1989-10-22 00:00:00,2024-07-10 12:11:52,matches_1989_all.csv,153,Stephen Hendry,Scotland,14,Nigel Bond,England,153,Stephen Hendry,Scotland,153,Stephen Hendry,Scotland,5,1,5,1,6,FALSE,FALSE,53,1,569,9,2729.64036261756,2600.14085198061,2600,2600,5,5,1,2,5,10,0.67818845730198,0.321811542698021,0.1,1,0.833333333333333,0.166666666666667,0.465434628094061,-9.30869256188123,2730.10579724565,2590.83215941873,54,2,575,15
8769925,1989-10-09 00:00:00,EventStart_Pre2008Season,2060,Grand Prix,1989,1989-10-09 00:00:00,1989-10-22 00:00:00,2024-07-10 12:11:52,matches_1989_all.csv,3498,Mario Morra,Canada,806,Doug Mountjoy,Wales,806,Doug Mountjoy,Wales,806,Doug Mountjoy,Wales,0,5,0,5,5,FALSE,FALSE,12,98,96,1086,2558.59110760114,2632.40640020219,2600,2600,5,5,2,1,10,5,0.395341238616274,0.604658761383726,1,0.48,0,1,-19.7670619308137,4.74409486339529,2538.82404567032,2637.15049506559,13,99,101,1091
8769926,1989-10-09 00:00:00,EventStart_Pre2008Season,2060,Grand Prix,1989,1989-10-09 00:00:00,1989-10-22 00:00:00,2024-07-10 12:11:52,matches_1989_all.csv,3464,Paul Gibson,England,449,Les Dodd,England,3464,Paul Gibson,England,3464,Paul Gibson,England,5,4,5,4,9,FALSE,FALSE,3,12,25,95,2627.95325805604,2539.08731240497,2600,2600,5,5,2,2,10,10,0.625170581478686,0.374829418521314,0.475,0.125,0.555555555555556,0.444444444444444,-2.97604235821381,0.783169041635213,2624.97721569782,2539.87048144661,4,13,34,104
8769927,1989-10-09 00:00:00,EventStart_Pre2008Season,2060,Grand Prix,1989,1989-10-09 00:00:00,1989-10-22 00:00:00,2024-07-10 12:11:52,matches_1989_all.csv,193,James Wattana,Thailand,2184,Willie Thorne,England,193,James Wattana,Thailand,193,James Wattana,Thailand,5,3,5,3,8,FALSE,FALSE,7,79,57,855,2681.57355129591,2644.85227460119,2600,2600,5,5,2,1,10,5,0.552650261324675,0.447349738675325,1,0.285,0.625,0.375,5.787979094026,-0.824787020898705,2687.36153038993,2644.02748758029,8,80,65,863
8769928,1989-10-09 00:00:00,EventStart_Pre2008Season,2060,Grand Prix,1989,1989-10-09 00:00:00,1989-10-22 00:00:00,2024-07-10 12:11:52,matches_1989_all.csv,468,Dennis Taylor,Northern Ireland,3265,Brian Rowswell,England,468,Dennis Taylor,Northern Ireland,468,Dennis Taylor,Northern Ireland,5,2,5,2,7,FALSE,FALSE,106,6,1231,43,2643.04092961187,2572.01697285153,2600,2600,5,5,1,2,5,10,0.600811321369296,0.399188678630704,0.215,1,0.714285714285714,0.285714285714286,0.853894806696046,-7.94320750414927,2643.89482441856,2564.07376534738,107,7,1238,50
8769929,1989-10-09 00:00:00,EventStart_Pre2008Season,2060,Grand Prix,1989,1989-10-09 00:00:00,1989-10-22 00:00:00,2024-07-10 12:11:52,matches_1989_all.csv,3484,John Virgo,England,795,Steve Newbury,Wales,795,Steve Newbury,Wales,795,Steve Newbury,Wales,0,5,0,5,5,FALSE,FALSE,72,29,739,221,2616.79886691711,2621.59158001468,2600,2600,5,5,1,1,5,5,0.493103168875329,0.506896831124671,1,1,0,1,-12.3275792218832,12.3275792218832,2604.47128769523,2633.91915923656,73,30,744,226
8769930,1989-10-09 00:00:00,EventStart_Pre2008Season,2060,Grand Prix,1989,1989-10-09 00:00:00,1989-10-22 00:00:00,2024-07-10 12:11:52,matches_1989_all.csv,3460,Warren King,Australia,659,Dean Reynolds,England,659,Dean Reynolds,England,659,Dean Reynolds,England,3,5,3,5,8,FALSE,FALSE,17,47,146,460,2622.31934531636,2619.6664274768,2600,2600,5,5,2,1,10,5,0.503817781471806,0.496182218528194,1,0.73,0.375,0.625,-10.3054225177445,3.76147921897674,2612.01392279862,2623.42790669578,18,48,154,468
8769931,1989-10-09 00:00:00,EventStart_Pre2008Season,2060,Grand Prix,1989,1989-10-09 00:00:00,1989-10-22 00:00:00,2024-07-10 12:11:52,matches_1989_all.csv,804,Gary Wilkinson,England,408,John Parrott,England,408,John Parrott,England,408,John Parrott,England,1,5,1,5,6,FALSE,FALSE,18,69,140,761,2688.13057613774,2690.15049901891,2600,2600,5,5,2,1,10,5,0.497093130053996,0.502906869946004,1,0.7,0.166666666666667,0.833333333333333,-19.8255878032398,6.93895573113392,2668.3049883345,2697.08945475004,19,70,146,767
8769940,1989-10-09 00:00:00,EventStart_Pre2008Season,2060,Grand Prix,1989,1989-10-09 00:00:00,1989-10-22 00:00:00,2024-07-10 12:12:46,matches_1989_all.csv,212,Steve Davis,England,3481,Jason Smith,England,212,Steve Davis,England,212,Steve Davis,England,5,1,5,1,6,FALSE,FALSE,141,5,1759,38,2802.38185472347,2607.71447364591,2600,2600,5,5,1,2,5,10,0.754099163401813,0.245900836598188,0.19,1,0.833333333333333,0.166666666666667,0.451634768609669,-4.75405019589125,2802.83348949208,2602.96042345002,142,6,1765,44
8769941,1989-10-09 00:00:00,EventStart_Pre2008Season,2060,Grand Prix,1989,1989-10-09 00:00:00,1989-10-22 00:00:00,2024-07-10 12:12:46,matches_1989_all.csv,1355,Tony Jones,England,181,Tony Knowles,England,181,Tony Knowles,England,181,Tony Knowles,England,4,5,4,5,9,FALSE,FALSE,24,92,194,992,2617.45747037754,2612.56620078759,2600,2600,5,5,1,1,5,5,0.507038637773764,0.492961362226236,1,0.97,0.444444444444444,0.555555555555556,-2.81673869981936,2.73223653882478,2614.64073167772,2615.29843732642,25,93,203,1001
8769942,1989-10-09 00:00:00,EventStart_Pre2008Season,2060,Grand Prix,1989,1989-10-09 00:00:00,1989-10-22 00:00:00,2024-07-10 12:12:46,matches_1989_all.csv,669,Alain Robidoux,Canada,3321,Danny Fowler,England,3321,Danny Fowler,England,3321,Danny Fowler,England,4,5,4,5,9,FALSE,FALSE,11,19,83,161,2668.00237711485,2572.05340229426,2600,2600,5,5,2,2,10,10,0.634675234015805,0.365324765984195,0.805,0.415,0.444444444444444,0.555555555555556,-13.7822207044451,7.10511999049032,2654.2201564104,2579.15852228475,12,20,92,170
8769943,1989-10-09 00:00:00,EventStart_Pre2008Season,2060,Grand Prix,1989,1989-10-09 00:00:00,1989-10-22 00:00:00,2024-07-10 12:12:46,matches_1989_all.csv,469,Joe Johnson,England,20,Jimmy White,England,469,Joe Johnson,England,469,Joe Johnson,England,5,0,5,0,5,FALSE,FALSE,70,103,735,1263,2632.05497466463,2662.56243369198,2600,2600,5,5,1,1,5,5,0.456208725387822,0.543791274612178,1,1,1,0,13.5947818653044,-13.5947818653044,2645.64975652994,2648.96765182667,71,104,740,1268
8769944,1989-10-09 00:00:00,EventStart_Pre2008Season,2060,Grand Prix,1989,1989-10-09 00:00:00,1989-10-22 00:00:00,2024-07-10 12:12:46,matches_1989_all.csv,153,Stephen Hendry,Scotland,806,Doug Mountjoy,Wales,806,Doug Mountjoy,Wales,806,Doug Mountjoy,Wales,3,5,3,5,8,FALSE,FALSE,54,99,575,1091,2730.10579724565,2637.15049506559,2600,2600,5,5,1,1,5,5,0.630670358651871,0.369329641348129,1,1,0.375,0.625,-10.2268143460748,10.2268143460748,2719.87898289958,2647.37730941166,55,100,583,1099
8769945,1989-10-09 00:00:00,EventStart_Pre2008Season,2060,Grand Prix,1989,1989-10-09 00:00:00,1989-10-22 00:00:00,2024-07-10 12:12:46,matches_1989_all.csv,3464,Paul Gibson,England,193,James Wattana,Thailand,193,James Wattana,Thailand,193,James Wattana,Thailand,3,5,3,5,8,FALSE,FALSE,4,8,34,65,2624.97721569782,2687.36153038993,2600,2600,5,5,2,2,10,10,0.411174304782991,0.588825695217009,0.325,0.17,0.375,0.625,-0.940531924357769,0.491970545048679,2624.03668377347,2687.85350093498,5,9,42,73
8769946,1989-10-09 00:00:00,EventStart_Pre2008Season,2060,Grand Prix,1989,1989-10-09 00:00:00,1989-10-22 00:00:00,2024-07-10 12:12:46,matches_1989_all.csv,468,Dennis Taylor,Northern Ireland,795,Steve Newbury,Wales,468,Dennis Taylor,Northern Ireland,468,Dennis Taylor,Northern Ireland,5,1,5,1,6,FALSE,FALSE,107,30,1238,226,2643.89482441856,2633.91915923656,2600,2600,5,5,1,1,5,5,0.514352192473124,0.485647807526876,1,1,0.833333333333333,0.166666666666667,9.56943422580628,-9.56943422580628,2653.46425864437,2624.34972501076,108,31,1244,232
8769947,1989-10-09 00:00:00,EventStart_Pre2008Season,2060,Grand Prix,1989,1989-10-09 00:00:00,1989-10-22 00:00:00,2024-07-10 12:12:46,matches_1989_all.csv,659,Dean Reynolds,England,408,John Parrott,England,659,Dean Reynolds,England,659,Dean Reynolds,England,5,2,5,2,7,FALSE,FALSE,48,70,468,767,2623.42790669578,2697.08945475004,2600,2600,5,5,1,1,5,5,0.395552820308832,0.604447179691168,1,1,0.714285714285714,0.285714285714286,11.1556512891909,-11.1556512891909,2634.58355798497,2685.93380346085,49,71,475,774
8769958,1989-10-09 00:00:00,EventStart_Pre2008Season,2060,Grand Prix,1989,1989-10-09 00:00:00,1989-10-22 00:00:00,2024-07-10 12:13:52,matches_1989_all.csv,212,Steve Davis,England,181,Tony Knowles,England,212,Steve Davis,England,212,Steve Davis,England,5,2,5,2,7,FALSE,FALSE,142,93,1765,1001,2802.83348949208,2615.29843732642,2600,2600,5,5,1,1,5,5,0.746406646161835,0.253593353838165,1,1,0.714285714285714,0.285714285714286,-1.12423261566423,1.12423261566423,2801.70925687642,2616.42266994208,143,94,1772,1008
8769959,1989-10-09 00:00:00,EventStart_Pre2008Season,2060,Grand Prix,1989,1989-10-09 00:00:00,1989-10-22 00:00:00,2024-07-10 12:13:52,matches_1989_all.csv,3321,Danny Fowler,England,469,Joe Johnson,England,3321,Danny Fowler,England,3321,Danny Fowler,England,5,4,5,4,9,FALSE,FALSE,20,71,170,740,2579.15852228475,2645.64975652994,2600,2600,5,5,1,1,5,5,0.405462762645441,0.594537237354559,1,0.85,0.555555555555556,0.444444444444444,6.75417568095514,-5.74104932881187,2585.9126979657,2639.90870720113,21,72,179,749
8769960,1989-10-09 00:00:00,EventStart_Pre2008Season,2060,Grand Prix,1989,1989-10-09 00:00:00,1989-10-22 00:00:00,2024-07-10 12:13:52,matches_1989_all.csv,806,Doug Mountjoy,Wales,193,James Wattana,Thailand,193,James Wattana,Thailand,193,James Wattana,Thailand,2,5,2,5,7,FALSE,FALSE,100,9,1099,73,2647.37730941166,2687.85350093498,2600,2600,5,5,1,2,5,10,0.442012181941053,0.557987818058947,0.365,1,0.285714285714286,0.714285714285714,-1.99670562429695,10.9408527358737,2645.38060378737,2698.79435367086,101,10,1106,80
8769961,1989-10-09 00:00:00,EventStart_Pre2008Season,2060,Grand Prix,1989,1989-10-09 00:00:00,1989-10-22 00:00:00,2024-07-10 12:13:52,matches_1989_all.csv,468,Dennis Taylor,Northern Ireland,659,Dean Reynolds,England,659,Dean Reynolds,England,659,Dean Reynolds,England,3,5,3,5,8,FALSE,FALSE,108,49,1244,475,2653.46425864437,2634.58355798497,2600,2600,5,5,1,1,5,5,0.527144796671273,0.472855203328727,1,1,0.375,0.625,-6.08579186685092,6.08579186685092,2647.37846677752,2640.66934985182,109,50,1252,483
8769962,1989-10-09 00:00:00,EventStart_Pre2008Season,2060,Grand Prix,1989,1989-10-09 00:00:00,1989-10-22 00:00:00,2024-07-10 12:14:31,matches_1989_all.csv,212,Steve Davis,England,3321,Danny Fowler,England,212,Steve Davis,England,212,Steve Davis,England,9,2,9,2,11,FALSE,FALSE,143,21,1772,179,2801.70925687642,2585.9126979657,2600,2600,5,5,1,1,5,5,0.775951044026239,0.224048955973761,0.895,1,0.818181818181818,0.181818181818182,2.0788098578084,-2.32269257855686,2803.78806673422,2583.59000538714,144,22,1783,190
8769963,1989-10-09 00:00:00,EventStart_Pre2008Season,2060,Grand Prix,1989,1989-10-09 00:00:00,1989-10-22 00:00:00,2024-07-10 12:14:31,matches_1989_all.csv,193,James Wattana,Thailand,659,Dean Reynolds,England,659,Dean Reynolds,England,659,Dean Reynolds,England,8,9,8,9,17,FALSE,FALSE,10,50,80,483,2698.79435367086,2640.66934985182,2600,2600,5,5,2,1,10,5,0.582876847861502,0.417123152138498,1,0.4,0.470588235294118,0.529411764705882,-19.0890641364553,3.81781282729107,2679.7052895344,2644.48716267911,11,51,97,500
8769967,1989-10-09 00:00:00,EventStart_Pre2008Season,2060,Grand Prix,1989,1989-10-09 00:00:00,1989-10-22 00:00:00,2024-07-10 12:14:46,matches_1989_all.csv,212,Steve Davis,England,659,Dean Reynolds,England,212,Steve Davis,England,212,Steve Davis,England,10,0,10,0,10,FALSE,FALSE,144,51,1783,500,2803.78806673422,2644.48716267911,2600,2600,5,5,1,1,5,5,0.714432423425199,0.285567576574801,1,1,1,0,14.27837882874,-14.27837882874,2818.06644556296,2630.20878385037,145,52,1793,510
8756150,1990-01-02 00:00:00,EventStart_Pre2008Season,2038,Classic,1989,1990-01-02 00:00:00,1990-01-13 00:00:00,2024-06-10 12:04:58,matches_1989_all.csv,3463,Steve Duggan,England,806,Doug Mountjoy,Wales,3463,Steve Duggan,England,3463,Steve Duggan,England,5,4,5,4,9,FALSE,FALSE,19,101,152,1106,2605.51901884124,2645.38060378737,2600,2600,5,5,2,1,10,5,0.442884953353421,0.557115046646579,1,0.76,0.555555555555556,0.444444444444444,10.1403541981921,-3.85333459531301,2615.65937303943,2641.52726919205,20,102,161,1115
8756151,1990-01-02 00:00:00,EventStart_Pre2008Season,2038,Classic,1989,1990-01-02 00:00:00,1990-01-13 00:00:00,2024-06-10 12:04:58,matches_1989_all.csv,1298,Peter Francisco,South Africa,712,Murdo MacLeod,Scotland,1298,Peter Francisco,South Africa,1298,Peter Francisco,South Africa,5,2,5,2,7,FALSE,FALSE,38,29,305,247,2597.05770367543,2570.19721260147,2600,2600,5,5,1,1,5,5,0.538578523990337,0.461421476009663,1,1,0.714285714285714,0.285714285714286,6.14975166033821,-6.14975166033821,2603.20745533577,2564.04746094113,39,30,312,254
8756152,1990-01-02 00:00:00,EventStart_Pre2008Season,2038,Classic,1989,1990-01-02 00:00:00,1990-01-13 00:00:00,2024-06-10 12:04:58,matches_1989_all.csv,2874,Tony Meo,England,3489,Tommy Murphy,Northern Ireland,2874,Tony Meo,England,2874,Tony Meo,England,5,2,5,2,7,FALSE,FALSE,78,14,799,104,2649.86195699416,2552.6245328381,2600,2600,5,5,1,2,5,10,0.636393214127479,0.363606785872521,0.52,1,0.714285714285714,0.285714285714286,1.41764350287988,-5.45247501107647,2651.27960049704,2547.17205782702,79,15,806,111
8756153,1990-01-02 00:00:00,EventStart_Pre2008Season,2038,Classic,1989,1990-01-02 00:00:00,1990-01-13 00:00:00,2024-06-10 12:04:58,matches_1989_all.csv,795,Steve Newbury,Wales,3759,Paul Watchorn,Ireland,795,Steve Newbury,Wales,795,Steve Newbury,Wales,5,2,5,2,7,FALSE,FALSE,31,3,232,23,2624.34972501076,2575.35164954625,2600,2600,5,5,1,2,5,10,0.570050108319359,0.429949891680641,0.115,1,0.714285714285714,0.285714285714286,0.58054831401458,-10.0964924176449,2624.93027332477,2565.25515712861,32,4,239,30
8756154,1990-01-02 00:00:00,EventStart_Pre2008Season,2038,Classic,1989,1990-01-02 00:00:00,1990-01-13 00:00:00,2024-06-10 12:04:58,matches_1989_all.csv,3484,John Virgo,England,3475,Jon Wright,England,3484,John Virgo,England,3484,John Virgo,England,5,2,5,2,7,FALSE,FALSE,73,8,744,63,2604.47128769523,2576.6388386135,2600,2600,5,5,1,2,5,10,0.539968653206902,0.460031346793098,0.315,1,0.714285714285714,0.285714285714286,1.92184559839391,-12.2021942755169,2606.39313329362,2564.43664433798,74,9,751,70
8756155,1990-01-02 00:00:00,EventStart_Pre2008Season,2038,Classic,1989,1990-01-02 00:00:00,1990-01-13 00:00:00,2024-06-10 12:04:58,matches_1989_all.csv,3444,Jack McLaughlin,Northern Ireland,409,David Roe,England,3444,Jack McLaughlin,Northern Ireland,3444,Jack McLaughlin,Northern Ireland,5,2,5,2,7,FALSE,FALSE,16,17,119,154,2556.44261655168,2606.56021082273,2600,2600,5,5,2,2,10,10,0.42837111590817,0.57162888409183,0.77,0.595,0.714285714285714,0.285714285714286,15.4107968525496,-11.9083430224247,2571.85341340423,2594.6518678003,17,18,126,161
8756156,1990-01-02 00:00:00,EventStart_Pre2008Season,2038,Classic,1989,1990-01-02 00:00:00,1990-01-13 00:00:00,2024-06-10 12:04:58,matches_1989_all.csv,3460,Warren King,Australia,2877,Terry Griffiths,Wales,3460,Warren King,Australia,3460,Warren King,Australia,5,1,5,1,6,FALSE,FALSE,18,118,154,1279,2612.01392279862,2670.29512349558,2600,2600,5,5,2,1,10,5,0.416904558883779,0.583095441116221,1,0.77,0.833333333333333,0.166666666666667,24.9857264669733,-9.61950468978471,2636.99964926559,2660.67561880579,19,119,160,1285
8756157,1990-01-02 00:00:00,EventStart_Pre2008Season,2038,Classic,1989,1990-01-02 00:00:00,1990-01-13 00:00:00,2024-06-10 12:04:58,matches_1989_all.csv,3449,Eddie Charlton,Australia,3500,Bob Harris,England,3449,Eddie Charlton,Australia,3449,Eddie Charlton,Australia,5,2,5,2,7,FALSE,FALSE,82,10,1001,77,2580.31464019722,2565.5914601355,2600,2600,5,5,1,2,5,10,0.521175685181163,0.478824314818837,0.385,1,0.714285714285714,0.285714285714286,2.60215764218382,-13.5177020373186,2582.9167978394,2552.07375809818,83,11,1008,84
8756159,1990-01-02 00:00:00,EventStart_Pre2008Season,2038,Classic,1989,1990-01-02 00:00:00,1990-01-13 00:00:00,2024-06-10 12:04:58,matches_1989_all.csv,2879,Silvino Francisco,South Africa,3486,Colin Roscoe,Wales,2879,Silvino Francisco,South Africa,2879,Silvino Francisco,South Africa,5,1,5,1,6,FALSE,FALSE,63,16,638,118,2629.87033498003,2567.61547073261,2600,2600,5,5,1,2,5,10,0.588645268564565,0.411354731435435,0.59,1,0.833333333333333,0.166666666666667,4.3309787464072,-14.6812838861261,2634.20131372644,2552.93418684648,64,17,644,124
8756161,1990-01-02 00:00:00,EventStart_Pre2008Season,2038,Classic,1989,1990-01-02 00:00:00,1990-01-13 00:00:00,2024-06-10 12:04:58,matches_1989_all.csv,3317,Mark Rowing,England,502,Barry West,England,3317,Mark Rowing,England,3317,Mark Rowing,England,5,0,5,0,5,FALSE,FALSE,1,24,8,186,2596.8666761998,2543.63248863635,2600,2600,5,5,2,1,10,5,0.576016219161024,0.423983780838976,0.93,0.1,1,0,19.7152458090124,-1.05995945209744,2616.58192200881,2542.57252918426,2,25,13,191
8756162,1990-01-02 00:00:00,EventStart_Pre2008Season,2038,Classic,1989,1990-01-02 00:00:00,1990-01-13 00:00:00,2024-06-10 12:04:58,matches_1989_all.csv,1052,Nigel Gilbert,England,469,Joe Johnson,England,1052,Nigel Gilbert,England,1052,Nigel Gilbert,England,5,0,5,0,5,FALSE,FALSE,10,72,76,749,2578.89606861315,2639.90870720113,2600,2600,5,5,2,1,10,5,0.413087337685845,0.586912662314155,1,0.38,1,0,29.3456331157077,-5.57567029198447,2608.24170172886,2634.33303690914,11,73,81,754
8756163,1990-01-02 00:00:00,EventStart_Pre2008Season,2038,Classic,1989,1990-01-02 00:00:00,1990-01-13 00:00:00,2024-06-10 12:04:58,matches_1989_all.csv,3261,Martin Clark,England,3289,Andrew Cairns,England,3261,Martin Clark,England,3261,Martin Clark,England,5,2,5,2,7,FALSE,FALSE,22,1,165,7,2644.91808134565,2591.72211306561,2600,2600,5,5,1,2,5,10,0.575962487600442,0.424037512399558,0.1,0.825,0.714285714285714,0.285714285714286,0.484131293398454,-7.98816634107449,2645.40221263905,2583.73394672454,23,2,172,14
8756164,1990-01-02 00:00:00,EventStart_Pre2008Season,2038,Classic,1989,1990-01-02 00:00:00,1990-01-13 00:00:00,2024-06-10 12:04:58,matches_1989_all.csv,153,Stephen Hendry,Scotland,1355,Tony Jones,England,153,Stephen Hendry,Scotland,153,Stephen Hendry,Scotland,5,3,5,3,8,FALSE,FALSE,55,25,583,203,2719.87898289958,2614.64073167772,2600,2600,5,5,1,1,5,5,0.646982147297844,0.353017852702156,1,1,0.625,0.375,-0.879285891913773,0.879285891913773,2718.99969700766,2615.52001756963,56,26,591,211
8756165,1990-01-02 00:00:00,EventStart_Pre2008Season,2038,Classic,1989,1990-01-02 00:00:00,1990-01-13 00:00:00,2024-06-10 12:04:58,matches_1989_all.csv,667,Dene O'Kane,New Zealand,3321,Danny Fowler,England,667,Dene O'Kane,New Zealand,667,Dene O'Kane,New Zealand,5,4,5,4,9,FALSE,FALSE,25,22,232,190,2609.06762086118,2583.59000538714,2600,2600,5,5,1,1,5,5,0.536599656350163,0.463400343649837,0.95,1,0.555555555555556,0.444444444444444,0.810364691030516,-0.853015464242648,2609.87798555221,2582.7369899229,26,23,241,199
8756166,1990-01-02 00:00:00,EventStart_Pre2008Season,2038,Classic,1989,1990-01-02 00:00:00,1990-01-13 00:00:00,2024-06-10 12:04:58,matches_1989_all.csv,408,John Parrott,England,3451,Craig Edwards,England,408,John Parrott,England,408,John Parrott,England,5,2,5,2,7,FALSE,FALSE,71,3,774,19,2685.93380346085,2559.37881901341,2600,2600,5,5,1,2,5,10,0.674478008981986,0.325521991018014,0.1,1,0.714285714285714,0.285714285714286,0.139326968563048,-2.78653937126095,2686.07313042941,2556.59227964215,72,4,781,26
8756167,1990-01-02 00:00:00,EventStart_Pre2008Season,2038,Classic,1989,1990-01-02 00:00:00,1990-01-13 00:00:00,2024-06-10 12:04:58,matches_1989_all.csv,2878,Alex Higgins,Northern Ireland,3269,Mark Johnston-Allen,England,2878,Alex Higgins,Northern Ireland,2878,Alex Higgins,Northern Ireland,5,0,5,0,5,FALSE,FALSE,116,8,1292,54,2624.20839031744,2591.78761865672,2600,2600,5,5,1,2,5,10,0.546522286905297,0.453477713094703,0.27,1,1,0,3.06097456338925,-22.6738856547351,2627.26936488082,2569.11373300198,117,9,1297,59
8756168,1990-01-02 00:00:00,EventStart_Pre2008Season,2038,Classic,1989,1990-01-02 00:00:00,1990-01-13 00:00:00,2024-06-10 12:04:58,matches_1989_all.csv,1049,Steve James,England,3316,Jim Chambers,England,1049,Steve James,England,1049,Steve James,England,5,4,5,4,9,FALSE,FALSE,18,8,183,57,2630.85927385501,2572.06261838295,2600,2600,5,5,2,2,10,10,0.58381657378347,0.41618342621653,0.285,0.915,0.555555555555556,0.444444444444444,-0.724895117545995,2.32729485106873,2630.13437873746,2574.38991323402,19,9,192,66
8756169,1990-01-02 00:00:00,EventStart_Pre2008Season,2038,Classic,1989,1990-01-02 00:00:00,1990-01-13 00:00:00,2024-06-10 12:04:58,matches_1989_all.csv,2881,Bob Chaperon,Canada,3265,Brian Rowswell,England,2881,Bob Chaperon,Canada,2881,Bob Chaperon,Canada,5,1,5,1,6,FALSE,FALSE,23,7,183,50,2562.4930052207,2564.07376534738,2600,2600,5,5,1,2,5,10,0.497725119007565,0.502274880992435,0.25,0.915,0.833333333333333,0.166666666666667,2.51706160744326,-18.4248909664847,2565.01006682814,2545.6488743809,24,8,189,56
8756170,1990-01-02 00:00:00,EventStart_Pre2008Season,2038,Classic,1989,1990-01-02 00:00:00,1990-01-13 00:00:00,2024-06-10 12:04:58,matches_1989_all.csv,3487,John Campbell,Australia,181,Tony Knowles,England,3487,John Campbell,Australia,3487,John Campbell,Australia,5,4,5,4,9,FALSE,FALSE,31,94,276,1008,2537.1196776124,2616.42266994208,2600,2600,5,5,1,1,5,5,0.387815328273509,0.612184671726491,1,1,0.555555555555556,0.444444444444444,7.54831022769209,-7.54831022769209,2544.66798784009,2608.87435971439,32,95,285,1017
8756171,1990-01-02 00:00:00,EventStart_Pre2008Season,2038,Classic,1989,1990-01-02 00:00:00,1990-01-13 00:00:00,2024-06-10 12:04:58,matches_1989_all.csv,804,Gary Wilkinson,England,3467,Cliff Wilson,Wales,804,Gary Wilkinson,England,804,Gary Wilkinson,England,5,2,5,2,7,FALSE,FALSE,19,49,146,413,2668.3049883345,2536.33756169395,2600,2600,5,5,2,1,10,5,0.681281121742317,0.318718878257683,1,0.73,0.714285714285714,0.285714285714286,2.31032147803781,-0.8432673394838,2670.61530981253,2535.49429435447,20,50,153,420
8756172,1990-01-02 00:00:00,EventStart_Pre2008Season,2038,Classic,1989,1990-01-02 00:00:00,1990-01-13 00:00:00,2024-06-10 12:04:58,matches_1989_all.csv,205,Mike Hallett,England,3278,Stephen Murphy,Ireland,205,Mike Hallett,England,205,Mike Hallett,England,5,1,5,1,6,FALSE,FALSE,59,1,605,6,2622.69334861145,2587.56384889675,2600,2600,5,5,1,2,5,10,0.550383832870524,0.449616167129476,0.1,1,0.833333333333333,0.166666666666667,0.848848501388427,-16.9769700277685,2623.54219711284,2570.58687886898,60,2,611,12
8756173,1990-01-02 00:00:00,EventStart_Pre2008Season,2038,Classic,1989,1990-01-02 00:00:00,1990-01-13 00:00:00,2024-06-10 12:04:58,matches_1989_all.csv,800,Wayne Jones,Wales,3491,Ray Edmonds,England,800,Wayne Jones,Wales,800,Wayne Jones,Wales,5,1,5,1,6,FALSE,FALSE,29,17,275,165,2611.62255061254,2584.14968991107,2600,2600,5,5,1,2,5,10,0.539454428311934,0.460545571688066,0.825,1,0.833333333333333,0.166666666666667,7.27350289927963,-17.6327343012839,2618.89605351182,2566.51695560978,30,18,281,171
8756174,1990-01-02 00:00:00,EventStart_Pre2008Season,2038,Classic,1989,1990-01-02 00:00:00,1990-01-13 00:00:00,2024-06-10 12:04:58,matches_1989_all.csv,470,Cliff Thorburn,Canada,3248,Nick Terry,England,470,Cliff Thorburn,Canada,470,Cliff Thorburn,Canada,5,2,5,2,7,FALSE,FALSE,132,6,1594,47,2641.13292270803,2589.63269414096,2600,2600,5,5,1,2,5,10,0.573576698417017,0.426423301582983,0.235,1,0.714285714285714,0.285714285714286,1.15733165552004,-9.84963111080882,2642.29025436355,2579.78306303015,133,7,1601,54
8756175,1990-01-02 00:00:00,EventStart_Pre2008Season,2038,Classic,1989,1990-01-02 00:00:00,1990-01-13 00:00:00,2024-06-10 12:04:58,matches_1989_all.csv,223,Darren Morgan,Wales,668,Neal Foulds,England,223,Darren Morgan,Wales,223,Darren Morgan,Wales,5,4,5,4,9,FALSE,FALSE,7,59,56,609,2564.49890533074,2665.92446194276,2600,2600,5,5,2,1,10,5,0.358046630592857,0.641953369407144,1,0.28,0.555555555555556,0.444444444444444,17.7758032466429,-2.48861245453001,2582.27470857739,2663.43584948823,8,60,65,618
8756176,1990-01-02 00:00:00,EventStart_Pre2008Season,2038,Classic,1989,1990-01-02 00:00:00,1990-01-13 00:00:00,2024-06-10 12:04:58,matches_1989_all.csv,452,David Taylor,England,2184,Willie Thorne,England,452,David Taylor,England,452,David Taylor,England,5,1,5,1,6,FALSE,FALSE,57,80,603,863,2553.50950102437,2644.02748758029,2600,2600,5,5,1,1,5,5,0.372603605046777,0.627396394953223,1,1,0.833333333333333,0.166666666666667,13.8218918485967,-13.8218918485967,2567.33139287297,2630.20559573169,58,81,609,869
8756177,1990-01-02 00:00:00,EventStart_Pre2008Season,2038,Classic,1989,1990-01-02 00:00:00,1990-01-13 00:00:00,2024-06-10 12:04:58,matches_1989_all.csv,657,Brian Morgan,England,3324,Eugene Hughes,Ireland,657,Brian Morgan,England,657,Brian Morgan,England,5,1,5,1,6,TRUE,FALSE,0,38,0,335,2600,2584.91486845646,2600,2600,5,5,2,1,10,5,0.521695617818731,0.478304382181269,1,0.1,0.833333333333333,0.166666666666667,18.6982629308761,-0.934913146543806,2618.69826293088,2583.97995530992,1,39,6,341
8756178,1990-01-02 00:00:00,EventStart_Pre2008Season,2038,Classic,1989,1990-01-02 00:00:00,1990-01-13 00:00:00,2024-06-10 12:04:58,matches_1989_all.csv,468,Dennis Taylor,Northern Ireland,3242,Mark Bennett,England,468,Dennis Taylor,Northern Ireland,468,Dennis Taylor,Northern Ireland,5,2,5,2,7,FALSE,FALSE,109,10,1252,74,2647.37846677752,2561.76360842367,2600,2600,5,5,1,2,5,10,0.620774938910007,0.379225061089993,0.37,1,0.714285714285714,0.285714285714286,1.21096454111541,-6.5457542762995,2648.58943131863,2555.21785414737,110,11,1259,81
8756179,1990-01-02 00:00:00,EventStart_Pre2008Season,2038,Classic,1989,1990-01-02 00:00:00,1990-01-13 00:00:00,2024-06-10 12:04:58,matches_1989_all.csv,41,Tony Drago,Malta,922,Nick Dyson,England,41,Tony Drago,Malta,41,Tony Drago,Malta,5,3,5,3,8,FALSE,TRUE,26,0,212,0,2622.67468360275,2600,2600,2600,5,5,1,2,5,10,0.532585242935809,0.467414757064191,0.1,1,0.625,0.375,0.369659028256763,-7.39318056513525,2623.044342631,2592.60681943486,27,1,220,8
8756180,1990-01-02 00:00:00,EventStart_Pre2008Season,2038,Classic,1989,1990-01-02 00:00:00,1990-01-13 00:00:00,2024-06-10 12:04:58,matches_1989_all.csv,212,Steve Davis,England,802,Tony Chappel,Wales,212,Steve Davis,England,212,Steve Davis,England,5,4,5,4,9,FALSE,FALSE,145,17,1793,122,2818.06644556296,2571.08470816489,2600,2600,5,5,1,2,5,10,0.805611231343126,0.194388768656874,0.61,1,0.555555555555556,0.444444444444444,-6.86402830036881,22.5050108208813,2811.2024172626,2593.58971898577,146,18,1802,131
8756181,1990-01-02 00:00:00,EventStart_Pre2008Season,2038,Classic,1989,1990-01-02 00:00:00,1990-01-13 00:00:00,2024-06-10 12:04:58,matches_1989_all.csv,3515,Rex Williams,England,3703,Eddie Sinclair,Scotland,3515,Rex Williams,England,3515,Rex Williams,England,5,1,5,1,6,FALSE,FALSE,54,9,477,75,2587.23085677867,2553.0256232405,2600,2600,5,5,1,2,5,10,0.549066863252394,0.450933136747606,0.375,1,0.833333333333333,0.166666666666667,3.19799778841057,-17.0559882048564,2590.42885456708,2535.96963503565,55,10,483,81
8756188,1990-01-02 00:00:00,EventStart_Pre2008Season,2038,Classic,1989,1990-01-02 00:00:00,1990-01-13 00:00:00,2024-06-10 12:07:03,matches_1989_all.csv,3463,Steve Duggan,England,1298,Peter Francisco,South Africa,1298,Peter Francisco,South Africa,1298,Peter Francisco,South Africa,2,5,2,5,7,FALSE,FALSE,20,39,161,312,2615.65937303943,2603.20745533577,2600,2600,5,5,1,1,5,5,0.51791208153319,0.482087918466811,1,0.805,0.285714285714286,0.714285714285714,-8.12692285366163,6.54217289719761,2607.53245018577,2609.74962823296,21,40,168,319
8756189,1990-01-02 00:00:00,EventStart_Pre2008Season,2038,Classic,1989,1990-01-02 00:00:00,1990-01-13 00:00:00,2024-06-10 12:07:03,matches_1989_all.csv,2874,Tony Meo,England,795,Steve Newbury,Wales,795,Steve Newbury,Wales,795,Steve Newbury,Wales,4,5,4,5,9,FALSE,FALSE,79,32,806,239,2651.27960049704,2624.93027332477,2600,2600,5,5,1,1,5,5,0.53784719683638,0.46215280316362,1,1,0.444444444444444,0.555555555555556,-4.20312385763709,4.20312385763709,2647.0764766394,2629.13339718241,80,33,815,248
8756190,1990-01-02 00:00:00,EventStart_Pre2008Season,2038,Classic,1989,1990-01-02 00:00:00,1990-01-13 00:00:00,2024-06-10 12:07:03,matches_1989_all.csv,3484,John Virgo,England,3444,Jack McLaughlin,Northern Ireland,3484,John Virgo,England,3484,John Virgo,England,5,2,5,2,7,FALSE,FALSE,74,17,751,126,2606.39313329362,2571.85341340423,2600,2600,5,5,1,2,5,10,0.549543546973167,0.450456453026833,0.63,1,0.714285714285714,0.285714285714286,3.63256478924167,-11.5319517118783,2610.02569808286,2560.32146169235,75,18,758,133
8756191,1990-01-02 00:00:00,EventStart_Pre2008Season,2038,Classic,1989,1990-01-02 00:00:00,1990-01-13 00:00:00,2024-06-10 12:07:03,matches_1989_all.csv,3460,Warren King,Australia,3449,Eddie Charlton,Australia,3460,Warren King,Australia,3460,Warren King,Australia,5,2,5,2,7,FALSE,FALSE,19,83,160,1008,2636.99964926559,2582.9167978394,2600,2600,5,5,2,1,10,5,0.577208869809408,0.422791130190593,1,0.8,0.714285714285714,0.285714285714286,9.59537911334147,-3.83815164533659,2646.59502837893,2579.07864619407,20,84,167,1015
8756192,1990-01-02 00:00:00,EventStart_Pre2008Season,2038,Classic,1989,1990-01-02 00:00:00,1990-01-13 00:00:00,2024-06-10 12:07:03,matches_1989_all.csv,794,Ian Brumby,England,2879,Silvino Francisco,South Africa,2879,Silvino Francisco,South Africa,2879,Silvino Francisco,South Africa,0,5,0,5,5,TRUE,FALSE,0,64,0,644,2600,2634.20131372644,2600,2600,5,5,2,1,10,5,0.4509387234916,0.5490612765084,1,0.1,0,1,-22.54693617458,1.127346808729,2577.45306382542,2635.32866053517,1,65,5,649
8756193,1990-01-02 00:00:00,EventStart_Pre2008Season,2038,Classic,1989,1990-01-02 00:00:00,1990-01-13 00:00:00,2024-06-10 12:07:03,matches_1989_all.csv,659,Dean Reynolds,England,3317,Mark Rowing,England,3317,Mark Rowing,England,3317,Mark Rowing,England,4,5,4,5,9,FALSE,FALSE,52,2,510,13,2630.20878385037,2616.58192200881,2600,2600,5,5,1,2,5,10,0.519600581046006,0.480399418953994,0.1,1,0.444444444444444,0.555555555555556,-0.338202614707028,6.76405229414057,2629.87058123566,2623.34597430295,53,3,519,22
8756194,1990-01-02 00:00:00,EventStart_Pre2008Season,2038,Classic,1989,1990-01-02 00:00:00,1990-01-13 00:00:00,2024-06-10 12:07:03,matches_1989_all.csv,1052,Nigel Gilbert,England,3261,Martin Clark,England,3261,Martin Clark,England,3261,Martin Clark,England,4,5,4,5,9,FALSE,FALSE,11,23,81,172,2608.24170172886,2645.40221263905,2600,2600,5,5,2,1,10,5,0.446724722313555,0.553275277686445,0.86,0.405,0.444444444444444,0.555555555555556,-0.176493507069158,0.0415580641645402,2608.06520822179,2645.44377070321,12,24,90,181
8756195,1990-01-02 00:00:00,EventStart_Pre2008Season,2038,Classic,1989,1990-01-02 00:00:00,1990-01-13 00:00:00,2024-06-10 12:07:03,matches_1989_all.csv,153,Stephen Hendry,Scotland,667,Dene O'Kane,New Zealand,667,Dene O'Kane,New Zealand,667,Dene O'Kane,New Zealand,2,5,2,5,7,FALSE,FALSE,56,26,591,241,2718.99969700766,2609.87798555221,2600,2600,5,5,1,1,5,5,0.652071011245097,0.347928988754903,1,1,0.285714285714286,0.714285714285714,-12.8224853935784,12.8224853935784,2706.17721161408,2622.70047094579,57,27,598,248
8756196,1990-01-02 00:00:00,EventStart_Pre2008Season,2038,Classic,1989,1990-01-02 00:00:00,1990-01-13 00:00:00,2024-06-10 12:07:03,matches_1989_all.csv,408,John Parrott,England,2878,Alex Higgins,Northern Ireland,408,John Parrott,England,408,John Parrott,England,5,4,5,4,9,FALSE,FALSE,72,117,781,1297,2686.07313042941,2627.26936488082,2600,2600,5,5,1,1,5,5,0.583826518437618,0.416173481562383,1,1,0.555555555555556,0.444444444444444,-1.27219332969279,1.27219332969279,2684.80093709972,2628.54155821052,73,118,790,1306
8756197,1990-01-02 00:00:00,EventStart_Pre2008Season,2038,Classic,1989,1990-01-02 00:00:00,1990-01-13 00:00:00,2024-06-10 12:07:03,matches_1989_all.csv,1049,Steve James,England,2881,Bob Chaperon,Canada,1049,Steve James,England,1049,Steve James,England,5,2,5,2,7,FALSE,FALSE,19,24,192,189,2630.13437873746,2565.01006682814,2600,2600,5,5,2,1,10,5,0.592639000007368,0.407360999992632,0.945,0.96,0.714285714285714,0.285714285714286,8.04693014951261,-4.08732959975243,2638.18130888697,2560.92273722839,20,25,199,196
8756198,1990-01-02 00:00:00,EventStart_Pre2008Season,2038,Classic,1989,1990-01-02 00:00:00,1990-01-13 00:00:00,2024-06-10 12:07:03,matches_1989_all.csv,3487,John Campbell,Australia,804,Gary Wilkinson,England,804,Gary Wilkinson,England,804,Gary Wilkinson,England,4,5,4,5,9,FALSE,FALSE,32,20,285,153,2544.66798784009,2670.61530981253,2600,2600,5,5,1,1,5,5,0.326290468135281,0.673709531864719,0.765,1,0.444444444444444,0.555555555555556,4.06745063444296,-5.31692893391236,2548.73543847454,2665.29838087862,33,21,294,162
8756199,1990-01-02 00:00:00,EventStart_Pre2008Season,2038,Classic,1989,1990-01-02 00:00:00,1990-01-13 00:00:00,2024-06-10 12:07:03,matches_1989_all.csv,205,Mike Hallett,England,800,Wayne Jones,Wales,800,Wayne Jones,Wales,800,Wayne Jones,Wales,3,5,3,5,8,FALSE,FALSE,60,30,611,281,2623.54219711284,2618.89605351182,2600,2600,5,5,1,1,5,5,0.506685939581556,0.493314060418444,1,1,0.375,0.625,-5.26743758326223,5.26743758326223,2618.27475952958,2624.16349109509,61,31,619,289
8756200,1990-01-02 00:00:00,EventStart_Pre2008Season,2038,Classic,1989,1990-01-02 00:00:00,1990-01-13 00:00:00,2024-06-10 12:07:03,matches_1989_all.csv,470,Cliff Thorburn,Canada,223,Darren Morgan,Wales,223,Darren Morgan,Wales,223,Darren Morgan,Wales,4,5,4,5,9,FALSE,FALSE,133,8,1601,65,2642.29025436355,2582.27470857739,2600,2600,5,5,1,2,5,10,0.585520396525466,0.414479603474534,0.325,1,0.444444444444444,0.555555555555556,-2.06323579918495,12.696835687292,2640.22701856436,2594.97154426468,134,9,1610,74
8756201,1990-01-02 00:00:00,EventStart_Pre2008Season,2038,Classic,1989,1990-01-02 00:00:00,1990-01-13 00:00:00,2024-06-10 12:07:03,matches_1989_all.csv,452,David Taylor,England,657,Brian Morgan,England,657,Brian Morgan,England,657,Brian Morgan,England,4,5,4,5,9,FALSE,FALSE,58,1,609,6,2567.33139287297,2618.69826293088,2600,2600,5,5,1,2,5,10,0.426611074678936,0.573388925321064,0.1,1,0.444444444444444,0.555555555555556,0.080250163944789,-1.60500327889578,2567.41164303691,2617.09325965198,59,2,618,15
8756202,1990-01-02 00:00:00,EventStart_Pre2008Season,2038,Classic,1989,1990-01-02 00:00:00,1990-01-13 00:00:00,2024-06-10 12:07:03,matches_1989_all.csv,468,Dennis Taylor,Northern Ireland,41,Tony Drago,Malta,41,Tony Drago,Malta,41,Tony Drago,Malta,4,5,4,5,9,FALSE,FALSE,110,27,1259,220,2648.58943131863,2623.044342631,2600,2600,5,5,1,1,5,5,0.536696236451121,0.463303763548879,1,1,0.444444444444444,0.555555555555556,-4.15133064030043,4.15133064030043,2644.43810067833,2627.1956732713,111,28,1268,229
8756203,1990-01-02 00:00:00,EventStart_Pre2008Season,2038,Classic,1989,1990-01-02 00:00:00,1990-01-13 00:00:00,2024-06-10 12:07:03,matches_1989_all.csv,212,Steve Davis,England,3515,Rex Williams,England,212,Steve Davis,England,212,Steve Davis,England,5,0,5,0,5,FALSE,FALSE,146,55,1802,483,2811.2024172626,2590.42885456708,2600,2600,5,5,1,1,5,5,0.780892460068007,0.219107539931993,1,1,1,0,5.47768849829982,-5.47768849829982,2816.68010576089,2584.95116606878,147,56,1807,488
8756230,1990-01-02 00:00:00,EventStart_Pre2008Season,2038,Classic,1989,1990-01-02 00:00:00,1990-01-13 00:00:00,2024-06-10 12:08:42,matches_1989_all.csv,1298,Peter Francisco,South Africa,795,Steve Newbury,Wales,795,Steve Newbury,Wales,795,Steve Newbury,Wales,3,5,3,5,8,FALSE,FALSE,40,33,319,248,2609.74962823296,2629.13339718241,2600,2600,5,5,1,1,5,5,0.472133420915852,0.527866579084148,1,1,0.375,0.625,-3.88533683663408,3.88533683663408,2605.86429139633,2633.01873401904,41,34,327,256
8756231,1990-01-02 00:00:00,EventStart_Pre2008Season,2038,Classic,1989,1990-01-02 00:00:00,1990-01-13 00:00:00,2024-06-10 12:08:42,matches_1989_all.csv,3484,John Virgo,England,3460,Warren King,Australia,3460,Warren King,Australia,3460,Warren King,Australia,1,5,1,5,6,FALSE,FALSE,75,20,758,167,2610.02569808286,2646.59502837893,2600,2600,5,5,1,1,5,5,0.447565992426242,0.552434007573758,0.835,1,0.166666666666667,0.833333333333333,-7.03652811027737,8.42697977278726,2602.98916997259,2655.02200815172,76,21,764,173
8756232,1990-01-02 00:00:00,EventStart_Pre2008Season,2038,Classic,1989,1990-01-02 00:00:00,1990-01-13 00:00:00,2024-06-10 12:08:42,matches_1989_all.csv,2879,Silvino Francisco,South Africa,3317,Mark Rowing,England,2879,Silvino Francisco,South Africa,2879,Silvino Francisco,South Africa,5,1,5,1,6,FALSE,FALSE,65,3,649,22,2635.32866053517,2623.34597430295,2600,2600,5,5,1,2,5,10,0.517237637574792,0.482762362425208,0.11,1,0.833333333333333,0.166666666666667,1.04311579600319,-18.9657417455125,2636.37177633117,2604.38023255744,66,4,655,28
8756233,1990-01-02 00:00:00,EventStart_Pre2008Season,2038,Classic,1989,1990-01-02 00:00:00,1990-01-13 00:00:00,2024-06-10 12:08:42,matches_1989_all.csv,3261,Martin Clark,England,667,Dene O'Kane,New Zealand,667,Dene O'Kane,New Zealand,667,Dene O'Kane,New Zealand,1,5,1,5,6,FALSE,FALSE,24,27,181,248,2645.44377070321,2622.70047094579,2600,2600,5,5,1,1,5,5,0.532683568857594,0.467316431142406,1,0.905,0.166666666666667,0.833333333333333,-10.9805070657278,9.93735889448367,2634.46326363748,2632.63782984027,25,28,187,254
8756234,1990-01-02 00:00:00,EventStart_Pre2008Season,2038,Classic,1989,1990-01-02 00:00:00,1990-01-13 00:00:00,2024-06-10 12:08:42,matches_1989_all.csv,408,John Parrott,England,1049,Steve James,England,1049,Steve James,England,1049,Steve James,England,1,5,1,5,6,FALSE,FALSE,73,20,790,199,2684.80093709972,2638.18130888697,2600,2600,5,5,1,1,5,5,0.566691262774583,0.433308737225417,0.995,1,0.166666666666667,0.833333333333333,-11.9407341938213,12.0007378832375,2672.8602029059,2650.18204677021,74,21,796,205
8756235,1990-01-02 00:00:00,EventStart_Pre2008Season,2038,Classic,1989,1990-01-02 00:00:00,1990-01-13 00:00:00,2024-06-10 12:08:42,matches_1989_all.csv,804,Gary Wilkinson,England,800,Wayne Jones,Wales,800,Wayne Jones,Wales,800,Wayne Jones,Wales,2,5,2,5,7,FALSE,FALSE,21,31,162,289,2665.29838087862,2624.16349109509,2600,2600,5,5,1,1,5,5,0.558922804190529,0.441077195809472,1,0.81,0.285714285714286,0.714285714285714,-9.5622981466685,7.74546149880149,2655.73608273195,2631.90895259389,22,32,169,296
8756236,1990-01-02 00:00:00,EventStart_Pre2008Season,2038,Classic,1989,1990-01-02 00:00:00,1990-01-13 00:00:00,2024-06-10 12:08:42,matches_1989_all.csv,223,Darren Morgan,Wales,657,Brian Morgan,England,657,Brian Morgan,England,657,Brian Morgan,England,1,5,1,5,6,FALSE,FALSE,9,2,74,15,2594.97154426468,2617.09325965198,2600,2600,5,5,2,2,10,10,0.468207243972761,0.531792756027239,0.1,0.37,0.166666666666667,0.833333333333333,-1.80924346383657,6.69420081619529,2593.16230080084,2623.78746046818,10,3,80,21
8756237,1990-01-02 00:00:00,EventStart_Pre2008Season,2038,Classic,1989,1990-01-02 00:00:00,1990-01-13 00:00:00,2024-06-10 12:08:42,matches_1989_all.csv,41,Tony Drago,Malta,212,Steve Davis,England,212,Steve Davis,England,212,Steve Davis,England,3,5,3,5,8,FALSE,FALSE,28,147,229,1807,2627.1956732713,2816.68010576089,2600,2600,5,5,1,1,5,5,0.251475178522929,0.748524821477071,1,1,0.375,0.625,4.94099285908282,-4.94099285908282,2632.13666613039,2811.73911290181,29,148,237,1815
8756238,1990-01-02 00:00:00,EventStart_Pre2008Season,2038,Classic,1989,1990-01-02 00:00:00,1990-01-13 00:00:00,2024-06-10 12:10:33,matches_1989_all.csv,795,Steve Newbury,Wales,3460,Warren King,Australia,3460,Warren King,Australia,3460,Warren King,Australia,3,5,3,5,8,FALSE,FALSE,34,21,256,173,2633.01873401904,2655.02200815172,2600,2600,5,5,1,1,5,5,0.468377009161091,0.531622990838909,0.865,1,0.375,0.625,-3.23084451697374,3.73508036644363,2629.78788950207,2658.75708851816,35,22,264,181
8756239,1990-01-02 00:00:00,EventStart_Pre2008Season,2038,Classic,1989,1990-01-02 00:00:00,1990-01-13 00:00:00,2024-06-10 12:09:21,matches_1989_all.csv,2879,Silvino Francisco,South Africa,667,Dene O'Kane,New Zealand,2879,Silvino Francisco,South Africa,2879,Silvino Francisco,South Africa,5,4,5,4,9,FALSE,FALSE,66,28,655,254,2636.37177633117,2632.63782984027,2600,2600,5,5,1,1,5,5,0.505373374079014,0.494626625920986,1,1,0.555555555555556,0.444444444444444,2.25819816644439,-2.25819816644439,2638.62997449761,2630.37963167383,67,29,664,263
8756240,1990-01-02 00:00:00,EventStart_Pre2008Season,2038,Classic,1989,1990-01-02 00:00:00,1990-01-13 00:00:00,2024-06-10 12:09:21,matches_1989_all.csv,1049,Steve James,England,800,Wayne Jones,Wales,1049,Steve James,England,1049,Steve James,England,5,2,5,2,7,FALSE,FALSE,21,32,205,296,2650.18204677021,2631.90895259389,2600,2600,5,5,1,1,5,5,0.526272875976863,0.473727124023137,1,1,0.714285714285714,0.285714285714286,6.58044934080981,-6.58044934080981,2656.76249611102,2625.32850325308,22,33,212,303
8756241,1990-01-02 00:00:00,EventStart_Pre2008Season,2038,Classic,1989,1990-01-02 00:00:00,1990-01-13 00:00:00,2024-06-10 12:09:21,matches_1989_all.csv,657,Brian Morgan,England,212,Steve Davis,England,212,Steve Davis,England,212,Steve Davis,England,1,5,1,5,6,FALSE,FALSE,3,148,21,1815,2623.78746046818,2811.73911290181,2600,2600,5,5,2,1,10,5,0.2531396924236,0.7468603075764,1,0.105,0.166666666666667,0.833333333333333,-5.188381545416,0.27239003113434,2618.59907892276,2812.01150293295,4,149,27,1821
8756242,1990-01-02 00:00:00,EventStart_Pre2008Season,2038,Classic,1989,1990-01-02 00:00:00,1990-01-13 00:00:00,2024-06-10 12:11:05,matches_1989_all.csv,3460,Warren King,Australia,2879,Silvino Francisco,South Africa,3460,Warren King,Australia,3460,Warren King,Australia,6,5,6,5,11,FALSE,FALSE,22,67,181,664,2658.75708851816,2638.62997449761,2600,2600,5,5,1,1,5,5,0.528932886987088,0.471067113012912,1,0.905,0.545454545454545,0.454545454545455,0.908691215710173,-0.822365550217707,2659.66577973387,2637.8076089474,23,68,192,675
8756243,1990-01-02 00:00:00,EventStart_Pre2008Season,2038,Classic,1989,1990-01-02 00:00:00,1990-01-13 00:00:00,2024-06-10 12:11:05,matches_1989_all.csv,1049,Steve James,England,212,Steve Davis,England,1049,Steve James,England,1049,Steve James,England,6,4,6,4,10,FALSE,FALSE,22,149,212,1821,2656.76249611102,2812.01150293295,2600,2600,5,5,1,1,5,5,0.290349933426559,0.709650066573442,1,1,0.6,0.4,15.4825033286721,-15.4825033286721,2672.24499943969,2796.52899960427,23,150,222,1831
8759810,1990-01-02 00:00:00,EventStart_Pre2008Season,2038,Classic,1989,1990-01-02 00:00:00,1990-01-13 00:00:00,2024-06-10 12:11:41,matches_1989_all.csv,3460,Warren King,Australia,1049,Steve James,England,1049,Steve James,England,1049,Steve James,England,6,10,6,10,16,FALSE,FALSE,23,23,192,222,2659.66577973387,2672.24499943969,2600,2600,5,5,1,1,5,5,0.481904953685296,0.518095046314705,1,0.96,0.375,0.625,-8.55239629482364,8.2103004430307,2651.11338343905,2680.45529988272,24,24,208,238
8324105,1990-02-04 00:00:00,EventStart_Pre2008Season,1711,Masters,1989,1990-02-04 00:00:00,1990-02-11 00:00:00,2023-11-30 10:22:17,matches_1989_all.csv,153,Stephen Hendry,Scotland,1049,Steve James,England,153,Stephen Hendry,Scotland,153,Stephen Hendry,Scotland,5,2,5,2,7,FALSE,FALSE,57,24,598,238,2706.17721161408,2680.45529988272,2600,2600,5,5,1,1,5,5,0.536949325106383,0.463050674893617,1,1,0.714285714285714,0.285714285714286,6.20677362127659,-6.20677362127659,2712.38398523536,2674.24852626145,58,25,605,245
8324106,1990-02-04 00:00:00,EventStart_Pre2008Season,1711,Masters,1989,1990-02-04 00:00:00,1990-02-11 00:00:00,2023-11-30 10:22:17,matches_1989_all.csv,468,Dennis Taylor,Northern Ireland,2184,Willie Thorne,England,2184,Willie Thorne,England,2184,Willie Thorne,England,4,5,4,5,9,FALSE,FALSE,111,81,1268,869,2644.43810067833,2630.20559573169,2600,2600,5,5,1,1,5,5,0.520470771791027,0.479529228208973,1,1,0.444444444444444,0.555555555555556,-3.42118473059623,3.42118473059623,2641.01691594774,2633.62678046229,112,82,1277,878
8324107,1990-02-04 00:00:00,EventStart_Pre2008Season,1711,Masters,1989,1990-02-04 00:00:00,1990-02-11 00:00:00,2023-11-30 10:22:17,matches_1989_all.csv,2877,Terry Griffiths,Wales,181,Tony Knowles,England,181,Tony Knowles,England,181,Tony Knowles,England,4,5,4,5,9,FALSE,FALSE,119,95,1285,1017,2660.67561880579,2608.87435971439,2600,2600,5,5,1,1,5,5,0.574000481077739,0.425999518922261,1,1,0.444444444444444,0.555555555555556,-5.83002164849826,5.83002164849826,2654.84559715729,2614.70438136289,120,96,1294,1026
8324108,1990-02-04 00:00:00,EventStart_Pre2008Season,1711,Masters,1989,1990-02-04 00:00:00,1990-02-11 00:00:00,2023-11-30 10:22:17,matches_1989_all.csv,20,Jimmy White,England,3484,John Virgo,England,20,Jimmy White,England,20,Jimmy White,England,5,3,5,3,8,FALSE,FALSE,104,76,1268,764,2648.96765182667,2602.98916997259,2600,2600,5,5,1,1,5,5,0.565784772273387,0.434215227726613,1,1,0.625,0.375,2.36860910906451,-2.36860910906451,2651.33626093574,2600.62056086352,105,77,1276,772
8324109,1990-02-04 00:00:00,EventStart_Pre2008Season,1711,Masters,1989,1990-02-04 00:00:00,1990-02-11 00:00:00,2023-11-30 10:22:17,matches_1989_all.csv,408,John Parrott,England,2874,Tony Meo,England,408,John Parrott,England,408,John Parrott,England,5,3,5,3,8,FALSE,FALSE,74,80,796,815,2672.8602029059,2647.0764766394,2600,2600,5,5,1,1,5,5,0.537037796407175,0.462962203592825,1,1,0.625,0.375,3.51848814371301,-3.51848814371301,2676.37869104961,2643.55798849569,75,81,804,823
8324110,1990-02-04 00:00:00,EventStart_Pre2008Season,1711,Masters,1989,1990-02-04 00:00:00,1990-02-11 00:00:00,2023-11-30 10:22:17,matches_1989_all.csv,205,Mike Hallett,England,469,Joe Johnson,England,469,Joe Johnson,England,469,Joe Johnson,England,4,5,4,5,9,FALSE,FALSE,61,73,619,754,2618.27475952958,2634.33303690914,2600,2600,5,5,1,1,5,5,0.476906723070758,0.523093276929242,1,1,0.444444444444444,0.555555555555556,-1.46080253818411,1.46080253818411,2616.81395699139,2635.79383944733,62,74,628,763
8324111,1990-02-04 00:00:00,EventStart_Pre2008Season,1711,Masters,1989,1990-02-04 00:00:00,1990-02-11 00:00:00,2023-11-30 10:22:17,matches_1989_all.csv,470,Cliff Thorburn,Canada,806,Doug Mountjoy,Wales,806,Doug Mountjoy,Wales,806,Doug Mountjoy,Wales,4,5,4,5,9,FALSE,FALSE,134,102,1610,1115,2640.22701856436,2641.52726919205,2600,2600,5,5,1,1,5,5,0.498128797665542,0.501871202334458,1,1,0.444444444444444,0.555555555555556,-2.41579589494939,2.41579589494939,2637.81122266941,2643.943065087,135,103,1619,1124
8324112,1990-02-04 00:00:00,EventStart_Pre2008Season,1711,Masters,1989,1990-02-04 00:00:00,1990-02-11 00:00:00,2023-11-30 10:22:17,matches_1989_all.csv,212,Steve Davis,England,193,James Wattana,Thailand,212,Steve Davis,England,212,Steve Davis,England,5,2,5,2,7,FALSE,FALSE,150,11,1831,97,2796.52899960427,2679.7052895344,2600,2600,5,5,1,2,5,10,0.662060785751004,0.337939214248996,0.485,1,0.714285714285714,0.285714285714286,0.886518161876707,-3.65574499742972,2797.41551776615,2676.04954453697,151,12,1838,104
8324113,1990-02-04 00:00:00,EventStart_Pre2008Season,1711,Masters,1989,1990-02-04 00:00:00,1990-02-11 00:00:00,2023-11-30 10:22:50,matches_1989_all.csv,153,Stephen Hendry,Scotland,2184,Willie Thorne,England,153,Stephen Hendry,Scotland,153,Stephen Hendry,Scotland,5,1,5,1,6,FALSE,FALSE,58,82,605,878,2712.38398523536,2633.62678046229,2600,2600,5,5,1,1,5,5,0.611438498793597,0.388561501206403,1,1,0.833333333333333,0.166666666666667,6.6568450361921,-6.6568450361921,2719.04083027155,2626.96993542609,59,83,611,884
8324114,1990-02-04 00:00:00,EventStart_Pre2008Season,1711,Masters,1989,1990-02-04 00:00:00,1990-02-11 00:00:00,2023-11-30 10:22:50,matches_1989_all.csv,181,Tony Knowles,England,20,Jimmy White,England,20,Jimmy White,England,20,Jimmy White,England,3,5,3,5,8,FALSE,FALSE,96,105,1026,1276,2614.70438136289,2651.33626093574,2600,2600,5,5,1,1,5,5,0.447476968391854,0.552523031608146,1,1,0.375,0.625,-2.89907873567416,2.89907873567416,2611.80530262721,2654.23533967141,97,106,1034,1284
8324115,1990-02-04 00:00:00,EventStart_Pre2008Season,1711,Masters,1989,1990-02-04 00:00:00,1990-02-11 00:00:00,2023-11-30 10:22:50,matches_1989_all.csv,408,John Parrott,England,469,Joe Johnson,England,408,John Parrott,England,408,John Parrott,England,5,3,5,3,8,FALSE,FALSE,75,74,804,763,2676.37869104961,2635.79383944733,2600,2600,5,5,1,1,5,5,0.55814208359184,0.44185791640816,1,1,0.625,0.375,2.67431665632639,-2.67431665632639,2679.05300770594,2633.119522791,76,75,812,771
8324116,1990-02-04 00:00:00,EventStart_Pre2008Season,1711,Masters,1989,1990-02-04 00:00:00,1990-02-11 00:00:00,2023-11-30 10:22:50,matches_1989_all.csv,806,Doug Mountjoy,Wales,212,Steve Davis,England,212,Steve Davis,England,212,Steve Davis,England,0,5,0,5,5,FALSE,FALSE,103,151,1124,1838,2643.943065087,2797.41551776615,2600,2600,5,5,1,1,5,5,0.292461615178137,0.707538384821863,1,1,0,1,-7.31154037945343,7.31154037945343,2636.63152470755,2804.7270581456,104,152,1129,1843
8324119,1990-02-04 00:00:00,EventStart_Pre2008Season,1711,Masters,1989,1990-02-04 00:00:00,1990-02-11 00:00:00,2023-11-30 10:23:47,matches_1989_all.csv,153,Stephen Hendry,Scotland,20,Jimmy White,England,153,Stephen Hendry,Scotland,153,Stephen Hendry,Scotland,6,4,6,4,10,FALSE,FALSE,59,106,611,1284,2719.04083027155,2654.23533967141,2600,2600,5,5,1,1,5,5,0.592195854412334,0.407804145587666,1,1,0.6,0.4,0.390207279383317,-0.390207279383317,2719.43103755094,2653.84513239203,60,107,621,1294
8324120,1990-02-04 00:00:00,EventStart_Pre2008Season,1711,Masters,1989,1990-02-04 00:00:00,1990-02-11 00:00:00,2023-11-30 10:23:47,matches_1989_all.csv,408,John Parrott,England,212,Steve Davis,England,408,John Parrott,England,408,John Parrott,England,6,2,6,2,8,FALSE,FALSE,76,152,812,1843,2679.05300770594,2804.7270581456,2600,2600,5,5,1,1,5,5,0.326636364318936,0.673363635681064,1,1,0.75,0.25,16.9345454272426,-16.9345454272426,2695.98755313318,2787.79251271836,77,153,820,1851
8324123,1990-02-04 00:00:00,EventStart_Pre2008Season,1711,Masters,1989,1990-02-04 00:00:00,1990-02-11 00:00:00,2023-11-30 10:24:23,matches_1989_all.csv,153,Stephen Hendry,Scotland,408,John Parrott,England,153,Stephen Hendry,Scotland,153,Stephen Hendry,Scotland,9,4,9,4,13,FALSE,FALSE,60,77,621,820,2719.43103755094,2695.98755313318,2600,2600,5,5,1,1,5,5,0.533686776532582,0.466313223467418,1,1,0.692307692307692,0.307692307692308,10.3103595253822,-10.3103595253822,2729.74139707632,2685.6771936078,61,78,634,833
9633379,1990-02-18 00:00:00,EventStart_Pre2008Season,2317,British Open,1989,1990-02-18 00:00:00,1990-03-03 00:00:00,2025-09-16 11:20:09,matches_1989_all.csv,2874,Tony Meo,England,3507,Roger Bales,England,2874,Tony Meo,England,2874,Tony Meo,England,5,2,5,2,7,FALSE,FALSE,81,10,823,73,2643.55798849569,2564.37453881564,2600,2600,5,5,1,2,5,10,0.61202128397055,0.38797871602945,0.365,1,0.714285714285714,0.285714285714286,1.30642809727622,-7.15851012206148,2644.86441659297,2557.21602869358,82,11,830,80
9633380,1990-02-18 00:00:00,EventStart_Pre2008Season,2317,British Open,1989,1990-02-18 00:00:00,1990-03-03 00:00:00,2025-09-16 11:20:09,matches_1989_all.csv,20,Jimmy White,England,2876,John Spencer,England,20,Jimmy White,England,20,Jimmy White,England,5,4,5,4,9,FALSE,FALSE,107,71,1294,702,2653.84513239203,2600.80678005758,2600,2600,5,5,1,1,5,5,0.575740880215207,0.424259119784793,1,1,0.555555555555556,0.444444444444444,-0.908339609684319,0.908339609684319,2652.93679278234,2601.71511966726,108,72,1303,711
9633381,1990-02-18 00:00:00,EventStart_Pre2008Season,2317,British Open,1989,1990-02-18 00:00:00,1990-03-03 00:00:00,2025-09-16 11:20:09,matches_1989_all.csv,1049,Steve James,England,504,Bill Oliver,England,1049,Steve James,England,1049,Steve James,England,5,1,5,1,6,FALSE,FALSE,25,9,245,69,2674.24852626145,2556.68864011585,2600,2600,5,5,1,2,5,10,0.66300827663835,0.33699172336165,0.345,1,0.833333333333333,0.166666666666667,1.76286433679308,-10.219503401699,2676.01139059824,2546.46913671415,26,10,251,75
9633382,1990-02-18 00:00:00,EventStart_Pre2008Season,2317,British Open,1989,1990-02-18 00:00:00,1990-03-03 00:00:00,2025-09-16 11:20:09,matches_1989_all.csv,2879,Silvino Francisco,South Africa,3472,Tony Wilson,Isle of Man,3472,Tony Wilson,Isle of Man,3472,Tony Wilson,Isle of Man,4,5,4,5,9,FALSE,FALSE,68,2,675,17,2637.8076089474,2597.64634645223,2600,2600,5,5,1,2,5,10,0.557540647826688,0.442459352173312,0.1,1,0.444444444444444,0.555555555555556,-0.508932915220096,10.1786583044019,2637.29867603218,2607.82500475663,69,3,684,26
9633383,1990-02-18 00:00:00,EventStart_Pre2008Season,2317,British Open,1989,1990-02-18 00:00:00,1990-03-03 00:00:00,2025-09-16 11:20:09,matches_1989_all.csv,181,Tony Knowles,England,3483,Brady Gollan,Canada,181,Tony Knowles,England,181,Tony Knowles,England,5,2,5,2,7,FALSE,FALSE,97,2,1034,15,2611.80530262721,2580.43415574185,2600,2600,5,5,1,2,5,10,0.54502441605798,0.45497558394202,0.1,1,0.714285714285714,0.285714285714286,0.592414543797072,-11.8482908759414,2612.39771717101,2568.58586486591,98,3,1041,22
9633384,1990-02-18 00:00:00,EventStart_Pre2008Season,2317,British Open,1989,1990-02-18 00:00:00,1990-03-03 00:00:00,2025-09-16 11:20:09,matches_1989_all.csv,667,Dene O'Kane,New Zealand,193,James Wattana,Thailand,193,James Wattana,Thailand,193,James Wattana,Thailand,1,5,1,5,6,FALSE,FALSE,29,12,263,104,2630.37963167383,2676.04954453697,2600,2600,5,5,1,2,5,10,0.434651658050772,0.565348341949228,0.52,1,0.166666666666667,0.833333333333333,-4.18056586559205,16.0790994830463,2626.19906580823,2692.12864402002,30,13,269,110
9633385,1990-02-18 00:00:00,EventStart_Pre2008Season,2317,British Open,1989,1990-02-18 00:00:00,1990-03-03 00:00:00,2025-09-16 11:20:09,matches_1989_all.csv,3467,Cliff Wilson,Wales,449,Les Dodd,England,449,Les Dodd,England,449,Les Dodd,England,3,5,3,5,8,FALSE,FALSE,50,13,420,104,2535.49429435447,2539.87048144661,2600,2600,5,5,1,2,5,10,0.493702493555409,0.506297506444592,0.52,1,0.375,0.625,-2.4690118659525,9.49619948443268,2533.02528248851,2549.36668093104,51,14,428,112
9633386,1990-02-18 00:00:00,EventStart_Pre2008Season,2317,British Open,1989,1990-02-18 00:00:00,1990-03-03 00:00:00,2025-09-16 11:20:09,matches_1989_all.csv,800,Wayne Jones,Wales,3317,Mark Rowing,England,3317,Mark Rowing,England,3317,Mark Rowing,England,4,5,4,5,9,FALSE,FALSE,33,4,303,28,2625.32850325308,2604.38023255744,2600,2600,5,5,1,2,5,10,0.530110506194374,0.469889493805626,0.14,1,0.444444444444444,0.555555555555556,-0.539696189024558,7.70994555749369,2624.78880706405,2612.09017811493,34,5,312,37
9633387,1990-02-18 00:00:00,EventStart_Pre2008Season,2317,British Open,1989,1990-02-18 00:00:00,1990-03-03 00:00:00,2025-09-16 11:20:09,matches_1989_all.csv,468,Dennis Taylor,Northern Ireland,3321,Danny Fowler,England,468,Dennis Taylor,Northern Ireland,468,Dennis Taylor,Northern Ireland,5,1,5,1,6,FALSE,FALSE,112,23,1277,199,2641.01691594774,2582.7369899229,2600,2600,5,5,1,1,5,5,0.583093657379546,0.416906342620455,0.995,1,0.833333333333333,0.166666666666667,7.46965432722057,-7.50719027861363,2648.48657027496,2575.22979964429,113,24,1283,205
9633388,1990-02-18 00:00:00,EventStart_Pre2008Season,2317,British Open,1989,1990-02-18 00:00:00,1990-03-03 00:00:00,2025-09-16 11:20:09,matches_1989_all.csv,502,Barry West,England,712,Murdo MacLeod,Scotland,712,Murdo MacLeod,Scotland,712,Murdo MacLeod,Scotland,0,5,0,5,5,FALSE,FALSE,25,30,191,254,2542.57252918426,2564.04746094113,2600,2600,5,5,1,1,5,5,0.46913438579464,0.53086561420536,1,0.955,0,1,-11.728359644866,11.200583460847,2530.84416953939,2575.24804440198,26,31,196,259
9633389,1990-02-18 00:00:00,EventStart_Pre2008Season,2317,British Open,1989,1990-02-18 00:00:00,1990-03-03 00:00:00,2025-09-16 11:20:09,matches_1989_all.csv,3261,Martin Clark,England,3278,Stephen Murphy,Ireland,3261,Martin Clark,England,3261,Martin Clark,England,5,2,5,2,7,FALSE,FALSE,25,2,187,12,2634.46326363748,2570.58687886898,2600,2600,5,5,1,2,5,10,0.590903590998564,0.409096409001436,0.1,0.935,0.714285714285714,0.285714285714286,0.431837431505025,-8.07535996914396,2634.89510106899,2562.51151889984,26,3,194,19
9633390,1990-02-18 00:00:00,EventStart_Pre2008Season,2317,British Open,1989,1990-02-18 00:00:00,1990-03-03 00:00:00,2025-09-16 11:20:09,matches_1989_all.csv,3484,John Virgo,England,3501,Paddy Browne,Ireland,3501,Paddy Browne,Ireland,3501,Paddy Browne,Ireland,1,5,1,5,6,FALSE,FALSE,77,15,772,113,2600.62056086352,2588.59169716691,2600,2600,5,5,1,2,5,10,0.517304012999086,0.482695987000914,0.565,1,0.166666666666667,0.833333333333333,-5.9433030203345,21.0382407799451,2594.67725784319,2609.62993794686,78,16,778,119
9633391,1990-02-18 00:00:00,EventStart_Pre2008Season,2317,British Open,1989,1990-02-18 00:00:00,1990-03-03 00:00:00,2025-09-16 11:20:09,matches_1989_all.csv,2878,Alex Higgins,Northern Ireland,3500,Bob Harris,England,2878,Alex Higgins,Northern Ireland,2878,Alex Higgins,Northern Ireland,5,3,5,3,8,FALSE,FALSE,118,11,1306,84,2628.54155821052,2552.07375809818,2600,2600,5,5,1,2,5,10,0.608302883297515,0.391697116702485,0.42,1,0.625,0.375,0.280511560601748,-1.3357693361988,2628.82206977112,2550.73798876198,119,12,1314,92
9633392,1990-02-18 00:00:00,EventStart_Pre2008Season,2317,British Open,1989,1990-02-18 00:00:00,1990-03-03 00:00:00,2025-09-16 11:20:09,matches_1989_all.csv,2184,Willie Thorne,England,3242,Mark Bennett,England,3242,Mark Bennett,England,3242,Mark Bennett,England,1,5,1,5,6,FALSE,FALSE,83,11,884,81,2626.96993542609,2555.21785414737,2600,2600,5,5,1,2,5,10,0.601816153633804,0.398183846366196,0.405,1,0.166666666666667,0.833333333333333,-5.28706626665071,26.1089692180282,2621.68286915944,2581.3268233654,84,12,890,87
9633393,1990-02-18 00:00:00,EventStart_Pre2008Season,2317,British Open,1989,1990-02-18 00:00:00,1990-03-03 00:00:00,2025-09-16 11:20:09,matches_1989_all.csv,806,Doug Mountjoy,Wales,3248,Nick Terry,England,806,Doug Mountjoy,Wales,806,Doug Mountjoy,Wales,5,3,5,3,8,FALSE,FALSE,104,7,1129,54,2636.63152470755,2579.78306303015,2600,2600,5,5,1,2,5,10,0.58108914815258,0.41891085184742,0.27,1,0.625,0.375,0.474237199952133,-3.51286814779358,2637.1057619075,2576.27019488236,105,8,1137,62
9633394,1990-02-18 00:00:00,EventStart_Pre2008Season,2317,British Open,1989,1990-02-18 00:00:00,1990-03-03 00:00:00,2025-09-16 11:20:09,matches_1989_all.csv,659,Dean Reynolds,England,802,Tony Chappel,Wales,659,Dean Reynolds,England,659,Dean Reynolds,England,5,2,5,2,7,FALSE,FALSE,53,18,519,131,2629.87058123566,2593.58971898577,2600,2600,5,5,1,2,5,10,0.552023398434372,0.447976601565628,0.655,1,0.714285714285714,0.285714285714286,3.71986359089203,-11.358362109594,2633.59044482656,2582.23135687618,54,19,526,138
9633395,1990-02-18 00:00:00,EventStart_Pre2008Season,2317,British Open,1989,1990-02-18 00:00:00,1990-03-03 00:00:00,2025-09-16 11:20:09,matches_1989_all.csv,668,Neal Foulds,England,3468,Ian Graham,England,668,Neal Foulds,England,668,Neal Foulds,England,5,2,5,2,7,FALSE,FALSE,60,3,618,24,2663.43584948823,2581.8087461694,2600,2600,5,5,1,2,5,10,0.61535615320745,0.38464384679255,0.12,1,0.714285714285714,0.285714285714286,0.415504156528709,-6.92506927547848,2663.85135364476,2574.88367689392,61,4,625,31
9633396,1990-02-18 00:00:00,EventStart_Pre2008Season,2317,British Open,1989,1990-02-18 00:00:00,1990-03-03 00:00:00,2025-09-16 11:20:09,matches_1989_all.csv,41,Tony Drago,Malta,3474,Steve Longworth,England,41,Tony Drago,Malta,41,Tony Drago,Malta,5,0,5,0,5,FALSE,FALSE,29,22,237,190,2632.13666613039,2556.20518905767,2600,2600,5,5,1,1,5,5,0.607567019743596,0.392432980256404,0.95,1,1,0,9.3202832810896,-9.8108245064101,2641.45694941148,2546.39436455126,30,23,242,195
9633397,1990-02-18 00:00:00,EventStart_Pre2008Season,2317,British Open,1989,1990-02-18 00:00:00,1990-03-03 00:00:00,2025-09-16 11:20:09,matches_1989_all.csv,2877,Terry Griffiths,Wales,804,Gary Wilkinson,England,2877,Terry Griffiths,Wales,2877,Terry Griffiths,Wales,5,4,5,4,9,FALSE,FALSE,120,22,1294,169,2654.84559715729,2655.73608273195,2600,2600,5,5,1,1,5,5,0.498718491050029,0.501281508949971,0.845,1,0.555555555555556,0.444444444444444,2.16122937782264,-2.55766790274868,2657.00682653512,2653.17841482921,121,23,1303,178
9633398,1990-02-18 00:00:00,EventStart_Pre2008Season,2317,British Open,1989,1990-02-18 00:00:00,1990-03-03 00:00:00,2025-09-16 11:20:09,matches_1989_all.csv,1298,Peter Francisco,South Africa,452,David Taylor,England,1298,Peter Francisco,South Africa,1298,Peter Francisco,South Africa,5,4,5,4,9,FALSE,FALSE,41,59,327,618,2605.86429139633,2567.41164303691,2600,2600,5,5,1,1,5,5,0.555112964920535,0.444887035079465,1,1,0.555555555555556,0.444444444444444,0.0199165785759226,-0.0199165785759226,2605.88420797491,2567.39172645834,42,60,336,627
9633399,1990-02-18 00:00:00,EventStart_Pre2008Season,2317,British Open,1989,1990-02-18 00:00:00,1990-03-03 00:00:00,2025-09-16 11:20:09,matches_1989_all.csv,408,John Parrott,England,3463,Steve Duggan,England,3463,Steve Duggan,England,3463,Steve Duggan,England,1,5,1,5,6,FALSE,FALSE,78,21,833,168,2685.6771936078,2607.53245018577,2600,2600,5,5,1,1,5,5,0.610600550642567,0.389399449357433,0.84,1,0.166666666666667,0.833333333333333,-11.1871338761927,13.318016519277,2674.49005973161,2620.85046670505,79,22,839,174
9633400,1990-02-18 00:00:00,EventStart_Pre2008Season,2317,British Open,1989,1990-02-18 00:00:00,1990-03-03 00:00:00,2025-09-16 11:20:09,matches_1989_all.csv,3449,Eddie Charlton,Australia,669,Alain Robidoux,Canada,669,Alain Robidoux,Canada,669,Alain Robidoux,Canada,3,5,3,5,8,FALSE,FALSE,84,12,1015,92,2579.07864619407,2654.2201564104,2600,2600,5,5,1,2,5,10,0.393517746087311,0.606482253912689,0.46,1,0.375,0.625,-0.340726528006519,1.48141968698487,2578.73791966606,2655.70157609739,85,13,1023,100
9633401,1990-02-18 00:00:00,EventStart_Pre2008Season,2317,British Open,1989,1990-02-18 00:00:00,1990-03-03 00:00:00,2025-09-16 11:20:09,matches_1989_all.csv,205,Mike Hallett,England,3696,Graham Miles,England,205,Mike Hallett,England,205,Mike Hallett,England,5,1,5,1,6,FALSE,FALSE,62,42,628,423,2616.81395699139,2505.86213314841,2600,2600,5,5,1,1,5,5,0.654457282145121,0.345542717854879,1,1,0.833333333333333,0.166666666666667,5.36628153564637,-5.36628153564637,2622.18023852704,2500.49585161277,63,43,634,429
9633402,1990-02-18 00:00:00,EventStart_Pre2008Season,2317,British Open,1989,1990-02-18 00:00:00,1990-03-03 00:00:00,2025-09-16 11:20:09,matches_1989_all.csv,2881,Bob Chaperon,Canada,3736,Jim Donnelly,Scotland,2881,Bob Chaperon,Canada,2881,Bob Chaperon,Canada,5,0,5,0,5,FALSE,FALSE,25,8,196,64,2560.92273722839,2550.00878007862,2600,2600,5,5,1,2,5,10,0.515701282721159,0.484298717278841,0.32,0.98,1,0,3.87438973823073,-23.7306371466632,2564.79712696662,2526.27814293195,26,9,201,69
9633403,1990-02-18 00:00:00,EventStart_Pre2008Season,2317,British Open,1989,1990-02-18 00:00:00,1990-03-03 00:00:00,2025-09-16 11:20:09,matches_1989_all.csv,3324,Eugene Hughes,Ireland,3269,Mark Johnston-Allen,England,3324,Eugene Hughes,Ireland,3324,Eugene Hughes,Ireland,5,1,5,1,6,FALSE,FALSE,39,9,341,59,2583.97995530992,2569.11373300198,2600,2600,5,5,1,2,5,10,0.521381166698285,0.478618833301715,0.295,1,0.833333333333333,0.166666666666667,2.76077667472018,-18.7171299981029,2586.74073198464,2550.39660300388,40,10,347,65
9633404,1990-02-18 00:00:00,EventStart_Pre2008Season,2317,British Open,1989,1990-02-18 00:00:00,1990-03-03 00:00:00,2025-09-16 11:20:09,matches_1989_all.csv,3515,Rex Williams,England,3703,Eddie Sinclair,Scotland,3515,Rex Williams,England,3515,Rex Williams,England,5,3,5,3,8,FALSE,FALSE,56,10,488,81,2584.95116606878,2535.96963503565,2600,2600,5,5,1,2,5,10,0.570026766144611,0.429973233855389,0.405,1,0.625,0.375,0.890566388457304,-4.39785870843113,2585.84173245724,2531.57177632722,57,11,496,89
9633406,1990-02-18 00:00:00,EventStart_Pre2008Season,2317,British Open,1989,1990-02-18 00:00:00,1990-03-03 00:00:00,2025-09-16 11:20:09,matches_1989_all.csv,409,David Roe,England,1309,Robert Marshall,England,1309,Robert Marshall,England,1309,Robert Marshall,England,3,5,3,5,8,FALSE,FALSE,18,5,161,35,2594.6518678003,2565.0992564814,2600,2600,5,5,2,2,10,10,0.542427354028631,0.457572645971369,0.175,0.805,0.375,0.625,-2.34398295640084,10.7823215994439,2592.3078848439,2575.88157808085,19,6,169,43
9633407,1990-02-18 00:00:00,EventStart_Pre2008Season,2317,British Open,1989,1990-02-18 00:00:00,1990-03-03 00:00:00,2025-09-16 11:20:09,matches_1989_all.csv,795,Steve Newbury,Wales,3475,Jon Wright,England,795,Steve Newbury,Wales,795,Steve Newbury,Wales,5,3,5,3,8,FALSE,FALSE,35,9,264,70,2629.78788950207,2564.43664433798,2600,2600,5,5,1,2,5,10,0.592954334079776,0.407045665920224,0.35,1,0.625,0.375,0.448639322883137,-2.56365327361793,2630.23652882495,2561.87299106436,36,10,272,78
9633408,1990-02-18 00:00:00,EventStart_Pre2008Season,2317,British Open,1989,1990-02-18 00:00:00,1990-03-03 00:00:00,2025-09-16 11:20:09,matches_1989_all.csv,470,Cliff Thorburn,Canada,3489,Tommy Murphy,Northern Ireland,3489,Tommy Murphy,Northern Ireland,3489,Tommy Murphy,Northern Ireland,3,5,3,5,8,FALSE,FALSE,135,15,1619,111,2637.81122266941,2547.17205782702,2600,2600,5,5,1,2,5,10,0.627559448768679,0.372440551231321,0.555,1,0.375,0.625,-5.60681976266468,20.2047559014944,2632.20440290675,2567.37681372852,136,16,1627,119
9633409,1990-02-18 00:00:00,EventStart_Pre2008Season,2317,British Open,1989,1990-02-18 00:00:00,1990-03-03 00:00:00,2025-09-16 11:20:09,matches_1989_all.csv,212,Steve Davis,England,2870,Kirk Stevens,Canada,212,Steve Davis,England,212,Steve Davis,England,5,2,5,2,7,FALSE,FALSE,153,75,1851,862,2787.79251271836,2587.59771748849,2600,2600,5,5,1,1,5,5,0.759951545384273,0.240048454615727,1,1,0.714285714285714,0.285714285714286,-1.59830408844956,1.59830408844957,2786.19420862991,2589.19602157694,154,76,1858,869
9633410,1990-02-18 00:00:00,EventStart_Pre2008Season,2317,British Open,1989,1990-02-18 00:00:00,1990-03-03 00:00:00,2025-09-16 11:20:09,matches_1989_all.csv,153,Stephen Hendry,Scotland,223,Darren Morgan,Wales,223,Darren Morgan,Wales,223,Darren Morgan,Wales,4,5,4,5,9,FALSE,FALSE,61,10,634,80,2729.74139707632,2593.16230080084,2600,2600,5,5,1,2,5,10,0.687017498110148,0.312982501889852,0.4,1,0.444444444444444,0.555555555555556,-4.36631496598267,21.8315748299133,2725.37508211033,2614.99387563076,62,11,643,89
9633411,1990-02-18 00:00:00,EventStart_Pre2008Season,2317,British Open,1989,1990-02-18 00:00:00,1990-03-03 00:00:00,2025-09-16 11:21:43,matches_1989_all.csv,2874,Tony Meo,England,20,Jimmy White,England,20,Jimmy White,England,20,Jimmy White,England,0,5,0,5,5,FALSE,FALSE,82,108,830,1303,2644.86441659297,2652.93679278234,2600,2600,5,5,1,1,5,5,0.48838500677759,0.51161499322241,1,1,0,1,-12.2096251694398,12.2096251694398,2632.65479142353,2665.14641795178,83,109,835,1308
9633412,1990-02-18 00:00:00,EventStart_Pre2008Season,2317,British Open,1989,1990-02-18 00:00:00,1990-03-03 00:00:00,2025-09-16 11:21:43,matches_1989_all.csv,1049,Steve James,England,3472,Tony Wilson,Isle of Man,1049,Steve James,England,1049,Steve James,England,5,0,5,0,5,FALSE,FALSE,26,3,251,26,2676.01139059824,2607.82500475663,2600,2600,5,5,1,2,5,10,0.596887359206208,0.403112640793792,0.13,1,1,0,1.31011608257983,-20.1556320396896,2677.32150668082,2587.66937271694,27,4,256,31
9633413,1990-02-18 00:00:00,EventStart_Pre2008Season,2317,British Open,1989,1990-02-18 00:00:00,1990-03-03 00:00:00,2025-09-16 11:21:43,matches_1989_all.csv,181,Tony Knowles,England,193,James Wattana,Thailand,181,Tony Knowles,England,181,Tony Knowles,England,5,3,5,3,8,FALSE,FALSE,98,13,1041,110,2612.39771717101,2692.12864402002,2600,2600,5,5,1,2,5,10,0.387230645609488,0.612769354390512,0.55,1,0.625,0.375,5.23092579659126,-19.0215483512409,2617.6286429676,2673.10709566878,99,14,1049,118
9633414,1990-02-18 00:00:00,EventStart_Pre2008Season,2317,British Open,1989,1990-02-18 00:00:00,1990-03-03 00:00:00,2025-09-16 11:21:43,matches_1989_all.csv,449,Les Dodd,England,3317,Mark Rowing,England,449,Les Dodd,England,449,Les Dodd,England,5,2,5,2,7,FALSE,FALSE,14,5,112,37,2549.36668093104,2612.09017811493,2600,2600,5,5,2,2,10,10,0.410701669224625,0.589298330775375,0.185,0.56,0.714285714285714,0.285714285714286,3.93141338354111,-11.9004945663947,2553.29809431458,2600.18968354854,15,6,119,44
9633415,1990-02-18 00:00:00,EventStart_Pre2008Season,2317,British Open,1989,1990-02-18 00:00:00,1990-03-03 00:00:00,2025-09-16 11:21:43,matches_1989_all.csv,468,Dennis Taylor,Northern Ireland,712,Murdo MacLeod,Scotland,468,Dennis Taylor,Northern Ireland,468,Dennis Taylor,Northern Ireland,5,2,5,2,7,FALSE,FALSE,113,31,1283,259,2648.48657027496,2575.24804440198,2600,2600,5,5,1,1,5,5,0.603864819155684,0.396135180844316,1,1,0.714285714285714,0.285714285714286,3.86473132955106,-3.86473132955106,2652.35130160451,2571.38331307243,114,32,1290,266
9633416,1990-02-18 00:00:00,EventStart_Pre2008Season,2317,British Open,1989,1990-02-18 00:00:00,1990-03-03 00:00:00,2025-09-16 11:21:43,matches_1989_all.csv,3261,Martin Clark,England,3501,Paddy Browne,Ireland,3261,Martin Clark,England,3261,Martin Clark,England,5,2,5,2,7,FALSE,FALSE,26,16,194,119,2634.89510106899,2609.62993794686,2600,2600,5,5,1,2,5,10,0.536295537480386,0.463704462519614,0.595,0.97,0.714285714285714,0.285714285714286,3.70664543197096,-12.0855330050818,2638.60174650096,2597.54440494178,27,17,201,126
9633417,1990-02-18 00:00:00,EventStart_Pre2008Season,2317,British Open,1989,1990-02-18 00:00:00,1990-03-03 00:00:00,2025-09-16 11:21:43,matches_1989_all.csv,2878,Alex Higgins,Northern Ireland,3242,Mark Bennett,England,2878,Alex Higgins,Northern Ireland,2878,Alex Higgins,Northern Ireland,5,2,5,2,7,FALSE,FALSE,119,12,1314,87,2628.82206977112,2581.3268233654,2600,2600,5,5,1,2,5,10,0.56792854151855,0.43207145848145,0.435,1,0.714285714285714,0.285714285714286,2.22828795538007,-10.2450020937015,2631.0503577265,2571.08182127169,120,13,1321,94
9633418,1990-02-18 00:00:00,EventStart_Pre2008Season,2317,British Open,1989,1990-02-18 00:00:00,1990-03-03 00:00:00,2025-09-16 11:21:43,matches_1989_all.csv,806,Doug Mountjoy,Wales,659,Dean Reynolds,England,806,Doug Mountjoy,Wales,806,Doug Mountjoy,Wales,5,2,5,2,7,FALSE,FALSE,105,54,1137,526,2637.1057619075,2633.59044482656,2600,2600,5,5,1,1,5,5,0.505058775318171,0.494941224681829,1,1,0.714285714285714,0.285714285714286,7.32294286386403,-7.32294286386403,2644.42870477137,2626.26750196269,106,55,1144,533
9633419,1990-02-18 00:00:00,EventStart_Pre2008Season,2317,British Open,1989,1990-02-18 00:00:00,1990-03-03 00:00:00,2025-09-16 11:21:43,matches_1989_all.csv,668,Neal Foulds,England,41,Tony Drago,Malta,668,Neal Foulds,England,668,Neal Foulds,England,5,0,5,0,5,FALSE,FALSE,61,30,625,242,2663.85135364476,2641.45694941148,2600,2600,5,5,1,1,5,5,0.532183580593683,0.467816419406317,1,1,1,0,11.6954104851579,-11.6954104851579,2675.54676412992,2629.76153892632,62,31,630,247
9633420,1990-02-18 00:00:00,EventStart_Pre2008Season,2317,British Open,1989,1990-02-18 00:00:00,1990-03-03 00:00:00,2025-09-16 11:21:43,matches_1989_all.csv,2877,Terry Griffiths,Wales,1298,Peter Francisco,South Africa,1298,Peter Francisco,South Africa,1298,Peter Francisco,South Africa,1,5,1,5,6,FALSE,FALSE,121,42,1303,336,2657.00682653512,2605.88420797491,2600,2600,5,5,1,1,5,5,0.573044956480219,0.426955043519781,1,1,0.166666666666667,0.833333333333333,-12.1913486944066,12.1913486944066,2644.81547784071,2618.07555666931,122,43,1309,342
9633421,1990-02-18 00:00:00,EventStart_Pre2008Season,2317,British Open,1989,1990-02-18 00:00:00,1990-03-03 00:00:00,2025-09-16 11:21:43,matches_1989_all.csv,3463,Steve Duggan,England,669,Alain Robidoux,Canada,669,Alain Robidoux,Canada,669,Alain Robidoux,Canada,4,5,4,5,9,FALSE,FALSE,22,13,174,100,2620.85046670505,2655.70157609739,2600,2600,5,5,1,2,5,10,0.450012766840128,0.549987233159872,0.5,0.87,0.444444444444444,0.555555555555556,-0.125287253902875,0.435999643582005,2620.72517945115,2656.13757574097,23,14,183,109
9633422,1990-02-18 00:00:00,EventStart_Pre2008Season,2317,British Open,1989,1990-02-18 00:00:00,1990-03-03 00:00:00,2025-09-16 11:21:43,matches_1989_all.csv,205,Mike Hallett,England,2881,Bob Chaperon,Canada,2881,Bob Chaperon,Canada,2881,Bob Chaperon,Canada,3,5,3,5,8,FALSE,FALSE,63,26,634,201,2622.18023852704,2564.79712696662,2600,2600,5,5,1,1,5,5,0.581838146456871,0.418161853543129,1,1,0.375,0.625,-8.27352585827485,8.27352585827485,2613.90671266876,2573.0706528249,64,27,642,209
9633423,1990-02-18 00:00:00,EventStart_Pre2008Season,2317,British Open,1989,1990-02-18 00:00:00,1990-03-03 00:00:00,2025-09-16 11:21:43,matches_1989_all.csv,3324,Eugene Hughes,Ireland,3515,Rex Williams,England,3324,Eugene Hughes,Ireland,3324,Eugene Hughes,Ireland,5,2,5,2,7,FALSE,FALSE,40,57,347,496,2586.74073198464,2585.84173245724,2600,2600,5,5,1,1,5,5,0.501293761431632,0.498706238568368,1,1,0.714285714285714,0.285714285714286,7.45471834989287,-7.45471834989287,2594.19545033453,2578.38701410734,41,58,354,503
9633424,1990-02-18 00:00:00,EventStart_Pre2008Season,2317,British Open,1989,1990-02-18 00:00:00,1990-03-03 00:00:00,2025-09-16 11:21:43,matches_1989_all.csv,469,Joe Johnson,England,1309,Robert Marshall,England,1309,Robert Marshall,England,1309,Robert Marshall,England,4,5,4,5,9,FALSE,FALSE,75,6,771,43,2633.119522791,2575.88157808085,2600,2600,5,5,1,2,5,10,0.581634817407283,0.418365182592717,0.215,1,0.444444444444444,0.555555555555556,-1.32731685841546,12.3471335666554,2631.79220593258,2588.2287116475,76,7,780,52
9633425,1990-02-18 00:00:00,EventStart_Pre2008Season,2317,British Open,1989,1990-02-18 00:00:00,1990-03-03 00:00:00,2025-09-16 11:21:43,matches_1989_all.csv,795,Steve Newbury,Wales,3489,Tommy Murphy,Northern Ireland,795,Steve Newbury,Wales,795,Steve Newbury,Wales,5,2,5,2,7,FALSE,FALSE,36,16,272,119,2630.23652882495,2567.37681372852,2600,2600,5,5,1,2,5,10,0.589488097982385,0.410511902017615,0.595,1,0.714285714285714,0.285714285714286,2.59891035951684,-8.73583314123306,2632.83543918447,2558.64098058728,37,17,279,126
9633426,1990-02-18 00:00:00,EventStart_Pre2008Season,2317,British Open,1989,1990-02-18 00:00:00,1990-03-03 00:00:00,2025-09-16 11:21:43,matches_1989_all.csv,212,Steve Davis,England,223,Darren Morgan,Wales,212,Steve Davis,England,212,Steve Davis,England,5,4,5,4,9,FALSE,FALSE,154,11,1858,89,2786.19420862991,2614.99387563076,2600,2600,5,5,1,2,5,10,0.728199822397009,0.271800177602991,0.445,1,0.555555555555556,0.444444444444444,-3.45720144350011,15.5379840157308,2782.73700718641,2630.53185964649,155,12,1867,98
9633447,1990-02-18 00:00:00,EventStart_Pre2008Season,2317,British Open,1989,1990-02-18 00:00:00,1990-03-03 00:00:00,2025-09-16 11:23:22,matches_1989_all.csv,1049,Steve James,England,449,Les Dodd,England,1049,Steve James,England,1049,Steve James,England,5,2,5,2,7,FALSE,FALSE,27,15,256,119,2677.32150668082,2553.29809431458,2600,2600,5,5,1,2,5,10,0.671270321256014,0.328729678743986,0.595,1,0.714285714285714,0.285714285714286,0.895795559843506,-3.01107751207902,2678.21730224066,2550.2870168025,28,16,263,126
9633448,1990-02-18 00:00:00,EventStart_Pre2008Season,2317,British Open,1989,1990-02-18 00:00:00,1990-03-03 00:00:00,2025-09-16 11:23:22,matches_1989_all.csv,3261,Martin Clark,England,2878,Alex Higgins,Northern Ireland,2878,Alex Higgins,Northern Ireland,2878,Alex Higgins,Northern Ireland,3,5,3,5,8,FALSE,FALSE,27,120,201,1321,2638.60174650096,2631.0503577265,2600,2600,5,5,1,1,5,5,0.510865611116,0.489134388884,1,1,0.375,0.625,-5.43462444463999,5.43462444463999,2633.16712205632,2636.48498217114,28,121,209,1329
9633449,1990-02-18 00:00:00,EventStart_Pre2008Season,2317,British Open,1989,1990-02-18 00:00:00,1990-03-03 00:00:00,2025-09-16 11:23:22,matches_1989_all.csv,668,Neal Foulds,England,2881,Bob Chaperon,Canada,2881,Bob Chaperon,Canada,2881,Bob Chaperon,Canada,3,5,3,5,8,FALSE,FALSE,62,27,630,209,2675.54676412992,2573.0706528249,2600,2600,5,5,1,1,5,5,0.643342181378475,0.356657818621525,1,1,0.375,0.625,-10.733687255139,10.733687255139,2664.81307687478,2583.80434008004,63,28,638,217
9633450,1990-02-18 00:00:00,EventStart_Pre2008Season,2317,British Open,1989,1990-02-18 00:00:00,1990-03-03 00:00:00,2025-09-16 11:23:22,matches_1989_all.csv,1309,Robert Marshall,England,795,Steve Newbury,Wales,1309,Robert Marshall,England,1309,Robert Marshall,England,5,4,5,4,9,FALSE,FALSE,7,37,52,279,2588.2287116475,2632.83543918447,2600,2600,5,5,2,1,10,5,0.436156166069835,0.563843833930165,1,0.26,0.555555555555556,0.444444444444444,10.7459450537149,-1.39697285698294,2598.97465670122,2631.43846632749,8,38,61,288
9633453,1990-02-18 00:00:00,EventStart_Pre2008Season,2317,British Open,1989,1990-02-18 00:00:00,1990-03-03 00:00:00,2025-09-16 11:23:41,matches_1989_all.csv,1049,Steve James,England,2878,Alex Higgins,Northern Ireland,2878,Alex Higgins,Northern Ireland,2878,Alex Higgins,Northern Ireland,3,9,3,9,12,FALSE,FALSE,28,121,263,1329,2678.21730224066,2636.48498217114,2600,2600,5,5,1,1,5,5,0.559770462730212,0.440229537269788,1,1,0.25,0.75,-18.5862277638127,18.5862277638127,2659.63107447685,2655.07120993495,29,122,275,1341
9633454,1990-02-18 00:00:00,EventStart_Pre2008Season,2317,British Open,1989,1990-02-18 00:00:00,1990-03-03 00:00:00,2025-09-16 11:23:41,matches_1989_all.csv,2881,Bob Chaperon,Canada,1309,Robert Marshall,England,2881,Bob Chaperon,Canada,2881,Bob Chaperon,Canada,9,5,9,5,14,FALSE,FALSE,28,8,217,61,2583.80434008004,2598.97465670122,2600,2600,5,5,1,2,5,10,0.478182023118859,0.521817976881141,0.305,1,0.642857142857143,0.357142857142857,3.51581380641235,-23.0545167633597,2587.32015388645,2575.92013993786,29,9,231,75
9639719,1990-02-18 00:00:00,EventStart_Pre2008Season,2317,British Open,1989,1990-02-18 00:00:00,1990-03-03 00:00:00,2025-09-16 11:22:37,matches_1989_all.csv,20,Jimmy White,England,1049,Steve James,England,1049,Steve James,England,1049,Steve James,England,4,5,4,5,9,FALSE,FALSE,109,29,1308,275,2665.14641795178,2659.63107447685,2600,2600,5,5,1,1,5,5,0.50793655063968,0.49206344936032,1,1,0.444444444444444,0.555555555555556,-2.85714477878559,2.85714477878559,2662.289273173,2662.48821925563,110,30,1317,284
9639720,1990-02-18 00:00:00,EventStart_Pre2008Season,2317,British Open,1989,1990-02-18 00:00:00,1990-03-03 00:00:00,2025-09-16 11:22:37,matches_1989_all.csv,181,Tony Knowles,England,449,Les Dodd,England,449,Les Dodd,England,449,Les Dodd,England,4,5,4,5,9,FALSE,FALSE,99,16,1049,126,2617.6286429676,2550.2870168025,2600,2600,5,5,1,2,5,10,0.595716751228696,0.404283248771304,0.63,1,0.444444444444444,0.555555555555556,-4.28856989733354,13.6145076105827,2613.34007307027,2563.90152441308,100,17,1058,135
9639721,1990-02-18 00:00:00,EventStart_Pre2008Season,2317,British Open,1989,1990-02-18 00:00:00,1990-03-03 00:00:00,2025-09-16 11:22:37,matches_1989_all.csv,468,Dennis Taylor,Northern Ireland,3261,Martin Clark,England,3261,Martin Clark,England,3261,Martin Clark,England,3,5,3,5,8,FALSE,FALSE,114,28,1290,209,2652.35130160451,2633.16712205632,2600,2600,5,5,1,1,5,5,0.5275802299066,0.472419770093401,1,1,0.375,0.625,-6.10320919626398,6.10320919626398,2646.24809240824,2639.27033125258,115,29,1298,217
9639722,1990-02-18 00:00:00,EventStart_Pre2008Season,2317,British Open,1989,1990-02-18 00:00:00,1990-03-03 00:00:00,2025-09-16 11:22:37,matches_1989_all.csv,2878,Alex Higgins,Northern Ireland,806,Doug Mountjoy,Wales,2878,Alex Higgins,Northern Ireland,2878,Alex Higgins,Northern Ireland,5,3,5,3,8,FALSE,FALSE,122,106,1341,1144,2655.07120993495,2644.42870477137,2600,2600,5,5,1,1,5,5,0.515311007643694,0.484688992356306,1,1,0.625,0.375,4.38755969425222,-4.38755969425222,2659.4587696292,2640.04114507711,123,107,1349,1152
9639723,1990-02-18 00:00:00,EventStart_Pre2008Season,2317,British Open,1989,1990-02-18 00:00:00,1990-03-03 00:00:00,2025-09-16 11:22:37,matches_1989_all.csv,668,Neal Foulds,England,1298,Peter Francisco,South Africa,668,Neal Foulds,England,668,Neal Foulds,England,5,3,5,3,8,FALSE,FALSE,63,43,638,342,2664.81307687478,2618.07555666931,2600,2600,5,5,1,1,5,5,0.566857897034443,0.433142102965557,1,1,0.625,0.375,2.32568411862227,-2.32568411862227,2667.1387609934,2615.74987255069,64,44,646,350
9639724,1990-02-18 00:00:00,EventStart_Pre2008Season,2317,British Open,1989,1990-02-18 00:00:00,1990-03-03 00:00:00,2025-09-16 11:22:37,matches_1989_all.csv,669,Alain Robidoux,Canada,2881,Bob Chaperon,Canada,2881,Bob Chaperon,Canada,2881,Bob Chaperon,Canada,4,5,4,5,9,FALSE,FALSE,14,29,109,231,2656.13757574097,2587.32015388645,2600,2600,5,5,2,1,10,5,0.597761085371817,0.402238914628183,1,0.545,0.444444444444444,0.555555555555556,-13.7984976834635,3.76009061874381,2642.3390780575,2591.08024450519,15,30,118,240
9639725,1990-02-18 00:00:00,EventStart_Pre2008Season,2317,British Open,1989,1990-02-18 00:00:00,1990-03-03 00:00:00,2025-09-16 11:22:37,matches_1989_all.csv,3324,Eugene Hughes,Ireland,1309,Robert Marshall,England,1309,Robert Marshall,England,1309,Robert Marshall,England,0,5,0,5,5,FALSE,FALSE,41,9,354,75,2594.19545033453,2575.92013993786,2600,2600,5,5,1,2,5,10,0.526276056567162,0.473723943432839,0.375,1,0,1,-4.93383803031714,26.3138028283581,2589.26161230422,2602.23394276621,42,10,359,80
9639726,1990-02-18 00:00:00,EventStart_Pre2008Season,2317,British Open,1989,1990-02-18 00:00:00,1990-03-03 00:00:00,2025-09-16 11:22:37,matches_1989_all.csv,795,Steve Newbury,Wales,212,Steve Davis,England,795,Steve Newbury,Wales,795,Steve Newbury,Wales,5,2,5,2,7,FALSE,FALSE,38,155,288,1867,2631.43846632749,2782.73700718641,2600,2600,5,5,1,1,5,5,0.295057827528804,0.704942172471196,1,1,0.714285714285714,0.285714285714286,14.6729760364919,-14.6729760364919,2646.11144236398,2768.06403114992,39,156,295,1874
9639744,1990-02-18 00:00:00,EventStart_Pre2008Season,2317,British Open,1989,1990-02-18 00:00:00,1990-03-03 00:00:00,2025-09-16 11:27:38,matches_1989_all.csv,2878,Alex Higgins,Northern Ireland,2881,Bob Chaperon,Canada,2881,Bob Chaperon,Canada,2881,Bob Chaperon,Canada,8,10,8,10,18,FALSE,FALSE,123,30,1349,240,2659.4587696292,2591.08024450519,2600,2600,5,5,1,1,5,5,0.597153458718653,0.402846541281347,1,1,0.444444444444444,0.555555555555556,-13.7438112846788,13.7438112846788,2645.71495834453,2604.82405578987,124,31,1367,258
8324795,1990-04-13 00:00:00,EventStart_Pre2008Season,1740,World Championship,1989,1990-04-13 00:00:00,1990-04-29 00:00:00,2023-12-01 10:04:28,matches_1989_all.csv,212,Steve Davis,England,1049,Steve James,England,212,Steve Davis,England,212,Steve Davis,England,13,7,13,7,20,FALSE,FALSE,156,30,1874,284,2768.06403114992,2662.48821925563,2600,2600,5,5,1,1,5,5,0.647425829848844,0.352574170151156,1,1,0.65,0.35,0.257417015115644,-0.257417015115644,2768.32144816504,2662.23080224052,157,31,1894,304
8324796,1990-04-13 00:00:00,EventStart_Pre2008Season,1740,World Championship,1989,1990-04-13 00:00:00,1990-04-29 00:00:00,2023-12-01 10:04:28,matches_1989_all.csv,2184,Willie Thorne,England,668,Neal Foulds,England,668,Neal Foulds,England,668,Neal Foulds,England,11,13,11,13,24,FALSE,FALSE,84,64,890,646,2621.68286915944,2667.1387609934,2600,2600,5,5,1,1,5,5,0.43495442225011,0.56504557774989,1,1,0.458333333333333,0.541666666666667,2.80546932998684,-2.80546932998684,2624.48833848943,2664.33329166342,85,65,914,670
8324797,1990-04-13 00:00:00,EventStart_Pre2008Season,1740,World Championship,1989,1990-04-13 00:00:00,1990-04-29 00:00:00,2023-12-01 10:04:28,matches_1989_all.csv,2877,Terry Griffiths,Wales,181,Tony Knowles,England,2877,Terry Griffiths,Wales,2877,Terry Griffiths,Wales,13,6,13,6,19,FALSE,FALSE,122,100,1309,1058,2644.81547784071,2613.34007307027,2600,2600,5,5,1,1,5,5,0.545173234553347,0.454826765446653,1,1,0.68421052631579,0.315789473684211,13.208542717432,-13.208542717432,2658.02402055814,2600.13153035283,123,101,1328,1077
8324798,1990-04-13 00:00:00,EventStart_Pre2008Season,1740,World Championship,1989,1990-04-13 00:00:00,1990-04-29 00:00:00,2023-12-01 10:04:28,matches_1989_all.csv,3484,John Virgo,England,20,Jimmy White,England,20,Jimmy White,England,20,Jimmy White,England,6,13,6,13,19,FALSE,FALSE,78,110,778,1317,2594.67725784319,2662.289273173,2600,2600,5,5,1,1,5,5,0.403908443443124,0.596091556556876,1,1,0.315789473684211,0.68421052631579,-8.37130212709676,8.37130212709677,2586.30595571609,2670.6605753001,79,111,797,1336
8324799,1990-04-13 00:00:00,EventStart_Pre2008Season,1740,World Championship,1989,1990-04-13 00:00:00,1990-04-29 00:00:00,2023-12-01 10:04:28,matches_1989_all.csv,153,Stephen Hendry,Scotland,2874,Tony Meo,England,153,Stephen Hendry,Scotland,153,Stephen Hendry,Scotland,13,7,13,7,20,FALSE,FALSE,62,83,643,835,2725.37508211033,2632.65479142353,2600,2600,5,5,1,1,5,5,0.630355193568626,0.369644806431374,1,1,0.65,0.35,1.96448064313741,-1.96448064313741,2727.33956275347,2630.69031078039,63,84,663,855
8324800,1990-04-13 00:00:00,EventStart_Pre2008Season,1740,World Championship,1989,1990-04-13 00:00:00,1990-04-29 00:00:00,2023-12-01 10:04:28,matches_1989_all.csv,223,Darren Morgan,Wales,205,Mike Hallett,England,223,Darren Morgan,Wales,223,Darren Morgan,Wales,13,8,13,8,21,FALSE,FALSE,12,64,98,642,2630.53185964649,2613.90671266876,2600,2600,5,5,2,1,10,5,0.523907265552701,0.476092734447299,1,0.49,0.619047619047619,0.380952380952381,19.9794742339327,-4.89497118731352,2650.51133388042,2609.01174148145,13,65,119,663
8324801,1990-04-13 00:00:00,EventStart_Pre2008Season,1740,World Championship,1989,1990-04-13 00:00:00,1990-04-29 00:00:00,2023-12-01 10:04:28,matches_1989_all.csv,470,Cliff Thorburn,Canada,806,Doug Mountjoy,Wales,470,Cliff Thorburn,Canada,470,Cliff Thorburn,Canada,13,12,13,12,25,FALSE,FALSE,136,107,1627,1152,2632.20440290675,2640.04114507711,2600,2600,5,5,1,1,5,5,0.488723933685795,0.511276066314205,1,1,0.52,0.48,3.90950828927564,-3.90950828927563,2636.11391119603,2636.13163678784,137,108,1652,1177
8324802,1990-04-13 00:00:00,EventStart_Pre2008Season,1740,World Championship,1989,1990-04-13 00:00:00,1990-04-29 00:00:00,2023-12-01 10:04:28,matches_1989_all.csv,659,Dean Reynolds,England,408,John Parrott,England,408,John Parrott,England,408,John Parrott,England,11,13,11,13,24,FALSE,FALSE,55,79,533,839,2626.26750196269,2674.49005973161,2600,2600,5,5,1,1,5,5,0.431044385713528,0.568955614286472,1,1,0.458333333333333,0.541666666666667,3.27467371437666,-3.27467371437667,2629.54217567707,2671.21538601723,56,80,557,863
8324853,1990-04-13 00:00:00,EventStart_Pre2008Season,1740,World Championship,1989,1990-04-13 00:00:00,1990-04-29 00:00:00,2023-12-01 10:04:53,matches_1989_all.csv,212,Steve Davis,England,668,Neal Foulds,England,212,Steve Davis,England,212,Steve Davis,England,13,8,13,8,21,FALSE,FALSE,157,65,1894,670,2768.32144816504,2664.33329166342,2600,2600,5,5,1,1,5,5,0.64533684651156,0.35466315348844,1,1,0.619047619047619,0.380952380952381,-2.76036888371382,2.76036888371382,2765.56107928132,2667.09366054713,158,66,1915,691
8324854,1990-04-13 00:00:00,EventStart_Pre2008Season,1740,World Championship,1989,1990-04-13 00:00:00,1990-04-29 00:00:00,2023-12-01 10:04:53,matches_1989_all.csv,2877,Terry Griffiths,Wales,20,Jimmy White,England,20,Jimmy White,England,20,Jimmy White,England,5,13,5,13,18,FALSE,FALSE,123,111,1328,1336,2658.02402055814,2670.6605753001,2600,2600,5,5,1,1,5,5,0.481822550496003,0.518177449503997,1,1,0.277777777777778,0.722222222222222,-18.3640295446403,18.3640295446402,2639.6599910135,2689.02460484474,124,112,1346,1354
8324855,1990-04-13 00:00:00,EventStart_Pre2008Season,1740,World Championship,1989,1990-04-13 00:00:00,1990-04-29 00:00:00,2023-12-01 10:04:53,matches_1989_all.csv,153,Stephen Hendry,Scotland,223,Darren Morgan,Wales,153,Stephen Hendry,Scotland,153,Stephen Hendry,Scotland,13,6,13,6,19,FALSE,FALSE,63,13,663,119,2727.33956275347,2650.51133388042,2600,2600,5,5,1,2,5,10,0.608797134406166,0.391202865593834,0.595,1,0.68421052631579,0.315789473684211,4.26274197769146,-14.3285444628284,2731.60230473116,2636.18278941759,64,14,682,138
8324856,1990-04-13 00:00:00,EventStart_Pre2008Season,1740,World Championship,1989,1990-04-13 00:00:00,1990-04-29 00:00:00,2023-12-01 10:04:53,matches_1989_all.csv,470,Cliff Thorburn,Canada,408,John Parrott,England,408,John Parrott,England,408,John Parrott,England,6,13,6,13,19,FALSE,FALSE,137,80,1652,863,2636.11391119603,2671.21538601723,2600,2600,5,5,1,1,5,5,0.449656088991061,0.550343911008939,1,1,0.315789473684211,0.68421052631579,-12.7173284541508,12.7173284541508,2623.39658274187,2683.93271447138,138,81,1671,882
8326720,1990-04-13 00:00:00,EventStart_Pre2008Season,1740,World Championship,1989,1990-04-13 00:00:00,1990-04-29 00:00:00,2023-12-01 10:03:36,matches_1989_all.csv,212,Steve Davis,England,3449,Eddie Charlton,Australia,212,Steve Davis,England,212,Steve Davis,England,10,1,10,1,11,FALSE,FALSE,158,85,1915,1023,2765.56107928132,2578.73791966606,2600,2600,5,5,1,1,5,5,0.745630181559724,0.254369818440276,1,1,0.909090909090909,0.0909090909090909,8.99034001421518,-8.99034001421518,2774.55141929554,2569.74757965184,159,86,1926,1034
8326721,1990-04-13 00:00:00,EventStart_Pre2008Season,1740,World Championship,1989,1990-04-13 00:00:00,1990-04-29 00:00:00,2023-12-01 10:03:36,matches_1989_all.csv,1049,Steve James,England,2878,Alex Higgins,Northern Ireland,1049,Steve James,England,1049,Steve James,England,10,5,10,5,15,FALSE,FALSE,31,124,304,1367,2662.23080224052,2645.71495834453,2600,2600,5,5,1,1,5,5,0.523750323041328,0.476249676958672,1,1,0.666666666666667,0.333333333333333,10.7187257719004,-10.7187257719004,2672.94952801242,2634.99623257262,32,125,319,1382
8326722,1990-04-13 00:00:00,EventStart_Pre2008Season,1740,World Championship,1989,1990-04-13 00:00:00,1990-04-29 00:00:00,2023-12-01 10:03:36,matches_1989_all.csv,2184,Willie Thorne,England,41,Tony Drago,Malta,2184,Willie Thorne,England,2184,Willie Thorne,England,10,4,10,4,14,FALSE,FALSE,85,31,914,247,2624.48833848943,2629.76153892632,2600,2600,5,5,1,1,5,5,0.492411837202277,0.507588162797723,1,1,0.714285714285714,0.285714285714286,15.5311713958406,-15.5311713958406,2640.01950988527,2614.23036753048,86,32,928,261
8326723,1990-04-13 00:00:00,EventStart_Pre2008Season,1740,World Championship,1989,1990-04-13 00:00:00,1990-04-29 00:00:00,2023-12-01 10:03:36,matches_1989_all.csv,468,Dennis Taylor,Northern Ireland,668,Neal Foulds,England,668,Neal Foulds,England,668,Neal Foulds,England,8,10,8,10,18,FALSE,FALSE,115,66,1298,691,2646.24809240824,2667.09366054713,2600,2600,5,5,1,1,5,5,0.470036761272814,0.529963238727186,1,1,0.444444444444444,0.555555555555556,-2.30330851455327,2.30330851455326,2643.94478389369,2669.39696906168,116,67,1316,709
8326724,1990-04-13 00:00:00,EventStart_Pre2008Season,1740,World Championship,1989,1990-04-13 00:00:00,1990-04-29 00:00:00,2023-12-01 10:03:36,matches_1989_all.csv,2877,Terry Griffiths,Wales,1052,Nigel Gilbert,England,2877,Terry Griffiths,Wales,2877,Terry Griffiths,Wales,10,4,10,4,14,FALSE,FALSE,124,12,1346,90,2639.6599910135,2608.06520822179,2600,2600,5,5,1,2,5,10,0.545343625734945,0.454656374265055,0.45,1,0.714285714285714,0.285714285714286,5.32167578934923,-23.6518923971077,2644.98166680285,2584.41331582468,125,13,1360,104
8326725,1990-04-13 00:00:00,EventStart_Pre2008Season,1740,World Championship,1989,1990-04-13 00:00:00,1990-04-29 00:00:00,2023-12-01 10:03:36,matches_1989_all.csv,181,Tony Knowles,England,802,Tony Chappel,Wales,181,Tony Knowles,England,181,Tony Knowles,England,10,4,10,4,14,FALSE,FALSE,101,19,1077,138,2600.13153035283,2582.23135687618,2600,2600,5,5,1,2,5,10,0.525737651760849,0.474262348239151,0.69,1,0.714285714285714,0.285714285714286,9.10687141995097,-26.3967287534811,2609.23840177279,2555.8346281227,102,20,1091,152
8326726,1990-04-13 00:00:00,EventStart_Pre2008Season,1740,World Championship,1989,1990-04-13 00:00:00,1990-04-29 00:00:00,2023-12-01 10:03:36,matches_1989_all.csv,3484,John Virgo,England,804,Gary Wilkinson,England,3484,John Virgo,England,3484,John Virgo,England,10,6,10,6,16,FALSE,FALSE,79,23,797,178,2586.30595571609,2653.17841482921,2600,2600,5,5,1,1,5,5,0.404933858840775,0.595066141159225,0.89,1,0.625,0.375,15.6687092505368,-17.605291292738,2601.97466496663,2635.57312353647,80,24,813,194
8326727,1990-04-13 00:00:00,EventStart_Pre2008Season,1740,World Championship,1989,1990-04-13 00:00:00,1990-04-29 00:00:00,2023-12-01 10:03:36,matches_1989_all.csv,20,Jimmy White,England,3321,Danny Fowler,England,20,Jimmy White,England,20,Jimmy White,England,10,4,10,4,14,FALSE,FALSE,112,24,1354,205,2689.02460484474,2575.22979964429,2600,2600,5,5,1,1,5,5,0.658148814483612,0.341851185516388,1,1,0.714285714285714,0.285714285714286,3.92958298614714,-3.92958298614714,2692.95418783088,2571.30021665814,113,25,1368,219
8326728,1990-04-13 00:00:00,EventStart_Pre2008Season,1740,World Championship,1989,1990-04-13 00:00:00,1990-04-29 00:00:00,2023-12-01 10:03:36,matches_1989_all.csv,153,Stephen Hendry,Scotland,669,Alain Robidoux,Canada,153,Stephen Hendry,Scotland,153,Stephen Hendry,Scotland,10,7,10,7,17,FALSE,FALSE,64,15,682,118,2731.60230473116,2642.3390780575,2600,2600,5,5,1,2,5,10,0.625706330305613,0.374293669694388,0.59,1,0.588235294117647,0.411764705882353,-1.87917246482647,6.37007615195413,2729.72313226634,2648.70915420946,65,16,699,135
8326729,1990-04-13 00:00:00,EventStart_Pre2008Season,1740,World Championship,1989,1990-04-13 00:00:00,1990-04-29 00:00:00,2023-12-01 10:03:36,matches_1989_all.csv,2874,Tony Meo,England,800,Wayne Jones,Wales,2874,Tony Meo,England,2874,Tony Meo,England,10,8,10,8,18,FALSE,FALSE,84,34,855,312,2630.69031078039,2624.78880706405,2600,2600,5,5,1,1,5,5,0.508492129849855,0.491507870150145,1,1,0.555555555555556,0.444444444444444,4.23570831351308,-4.23570831351308,2634.9260190939,2620.55309875054,85,35,873,330
8326730,1990-04-13 00:00:00,EventStart_Pre2008Season,1740,World Championship,1989,1990-04-13 00:00:00,1990-04-29 00:00:00,2023-12-01 10:03:36,matches_1989_all.csv,469,Joe Johnson,England,223,Darren Morgan,Wales,223,Darren Morgan,Wales,223,Darren Morgan,Wales,8,10,8,10,18,FALSE,FALSE,76,14,780,138,2631.79220593258,2636.18278941759,2600,2600,5,5,1,2,5,10,0.493681778778073,0.506318221221927,0.69,1,0.444444444444444,0.555555555555556,-3.05763846211836,8.86272018005322,2628.73456747047,2645.04550959764,77,15,798,156
8326731,1990-04-13 00:00:00,EventStart_Pre2008Season,1740,World Championship,1989,1990-04-13 00:00:00,1990-04-29 00:00:00,2023-12-01 10:03:36,matches_1989_all.csv,205,Mike Hallett,England,795,Steve Newbury,Wales,205,Mike Hallett,England,205,Mike Hallett,England,10,9,10,9,19,FALSE,FALSE,65,39,663,295,2609.01174148145,2646.11144236398,2600,2600,5,5,1,1,5,5,0.446811243057591,0.553188756942409,1,1,0.526315789473684,0.473684210526316,7.55293190952883,-7.55293190952884,2616.56467339098,2638.55851045445,66,40,682,314
8326732,1990-04-13 00:00:00,EventStart_Pre2008Season,1740,World Championship,1989,1990-04-13 00:00:00,1990-04-29 00:00:00,2023-12-01 10:03:36,matches_1989_all.csv,470,Cliff Thorburn,Canada,3467,Cliff Wilson,Wales,470,Cliff Thorburn,Canada,470,Cliff Thorburn,Canada,10,6,10,6,16,FALSE,FALSE,138,51,1671,428,2623.39658274187,2533.02528248851,2600,2600,5,5,1,1,5,5,0.627198979554459,0.372801020445541,1,1,0.625,0.375,-0.175918364356722,0.175918364356722,2623.22066437752,2533.20120085287,139,52,1687,444
8326733,1990-04-13 00:00:00,EventStart_Pre2008Season,1740,World Championship,1989,1990-04-13 00:00:00,1990-04-29 00:00:00,2023-12-01 10:03:36,matches_1989_all.csv,806,Doug Mountjoy,Wales,3483,Brady Gollan,Canada,806,Doug Mountjoy,Wales,806,Doug Mountjoy,Wales,10,8,10,8,18,FALSE,FALSE,108,3,1177,22,2636.13163678784,2568.58586486591,2600,2600,5,5,1,2,5,10,0.595999742289181,0.404000257710819,0.11,1,0.555555555555556,0.444444444444444,-0.400397448662896,7.27995361205265,2635.73123933918,2575.86581847796,109,4,1195,40
8326734,1990-04-13 00:00:00,EventStart_Pre2008Season,1740,World Championship,1989,1990-04-13 00:00:00,1990-04-29 00:00:00,2023-12-01 10:03:36,matches_1989_all.csv,659,Dean Reynolds,England,1298,Peter Francisco,South Africa,659,Dean Reynolds,England,659,Dean Reynolds,England,10,7,10,7,17,FALSE,FALSE,56,44,557,350,2629.54217567707,2615.74987255069,2600,2600,5,5,1,1,5,5,0.519838299859217,0.480161700140784,1,1,0.588235294117647,0.411764705882353,5.8137445119666,-5.8137445119666,2635.35592018904,2609.93612803872,57,45,574,367
8326735,1990-04-13 00:00:00,EventStart_Pre2008Season,1740,World Championship,1989,1990-04-13 00:00:00,1990-04-29 00:00:00,2023-12-01 10:03:36,matches_1989_all.csv,408,John Parrott,England,3242,Mark Bennett,England,408,John Parrott,England,408,John Parrott,England,10,9,10,9,19,FALSE,FALSE,81,13,882,94,2683.93271447138,2571.08182127169,2600,2600,5,5,1,2,5,10,0.656925267400106,0.343074732599894,0.47,1,0.526315789473684,0.473684210526316,-5.83171318941473,24.8158008060201,2678.10100128197,2595.89762207771,82,14,901,113
8364365,1990-04-13 00:00:00,EventStart_Pre2008Season,1740,World Championship,1989,1990-04-13 00:00:00,1990-04-29 00:00:00,2023-12-01 10:05:32,matches_1989_all.csv,20,Jimmy White,England,153,Stephen Hendry,Scotland,153,Stephen Hendry,Scotland,153,Stephen Hendry,Scotland,12,18,12,18,30,FALSE,FALSE,113,65,1368,699,2692.95418783088,2729.72313226634,2600,2600,5,5,1,1,5,5,0.44728190090634,0.55271809909366,1,1,0.4,0.6,-7.09228513595106,7.09228513595106,2685.86190269493,2736.81541740229,114,66,1398,729
8364391,1990-04-13 00:00:00,EventStart_Pre2008Season,1740,World Championship,1989,1990-04-13 00:00:00,1990-04-29 00:00:00,2023-12-01 10:05:14,matches_1989_all.csv,212,Steve Davis,England,20,Jimmy White,England,20,Jimmy White,England,20,Jimmy White,England,14,16,14,16,30,FALSE,FALSE,159,114,1926,1398,2774.55141929554,2685.86190269493,2600,2600,5,5,1,1,5,5,0.624932561631438,0.375067438368562,1,1,0.466666666666667,0.533333333333333,-23.7398842447156,23.7398842447156,2750.81153505082,2709.60178693965,160,115,1956,1428
8364392,1990-04-13 00:00:00,EventStart_Pre2008Season,1740,World Championship,1989,1990-04-13 00:00:00,1990-04-29 00:00:00,2023-12-01 10:05:14,matches_1989_all.csv,153,Stephen Hendry,Scotland,408,John Parrott,England,153,Stephen Hendry,Scotland,153,Stephen Hendry,Scotland,16,11,16,11,27,FALSE,FALSE,66,82,729,901,2736.81541740229,2678.10100128197,2600,2600,5,5,1,1,5,5,0.583701543073174,0.416298456926826,1,1,0.592592592592593,0.407407407407407,1.20029168512146,-1.20029168512146,2738.01570908741,2676.90070959684,67,83,756,928
