MatchID,MatchDate,DateSource,EventID,EventName,EventSeason,EventStartDate,EventEndDate,RawMatchDate,SourceFile,PlayerA_ID,PlayerA_Name,PlayerA_Nationality,PlayerB_ID,PlayerB_Name,PlayerB_Nationality,WinnerID,Winner_Name,Winner_Nationality,WinnerFromScore,WinnerFromScore_Name,WinnerFromScore_Nationality,ScoreA,ScoreB,FramesA,FramesB,TotalFrames,AFirstAppearance,BFirstAppearance,AGamesBefore,BGamesBefore,AFramesBefore,BFramesBefore,ARating_Before,BRating_Before,AStartRating,BStartRating,ABaseK,BBaseK,AKMultiplier,BKMultiplier,AEffectiveK,BEffectiveK,ExpectedA,ExpectedB,OppWeightA,OppWeightB,ActualScoreA,ActualScoreB,DeltaA,DeltaB,ARating_After,BRating_After,AGamesAfter,BGamesAfter,AFramesAfter,BFramesAfter
8366368,2009-07-07 00:00:00,EventStart_Fallback,1745,6 Red World Championship,2009,2009-07-07 00:00:00,2009-07-12 00:00:00,2023-12-15 09:15:32,matches_2009_all.csv,28,Mark King,England,589,Wael Talaat,Egypt,28,Mark King,England,28,Mark King,England,6,1,6,1,7,FALSE,TRUE,224,0,1879,0,2707.70559006807,2600,2650.41419841964,2600,5,5,1,1,5,5,0.650219279844895,0.349780720155105,1,1,0.857142857142857,0.142857142857143,7.24232520542868,-7.24232520542868,2714.9479152735,2592.75767479457,225,1,1886,7
8366369,2009-07-07 00:00:00,EventStart_Fallback,1745,6 Red World Championship,2009,2009-07-07 00:00:00,2009-07-12 00:00:00,2023-12-15 09:16:17,matches_2009_all.csv,478,Noppadol Sangnil,Thailand,125,Michael Holt,England,478,Noppadol Sangnil,Thailand,478,Noppadol Sangnil,Thailand,6,3,6,3,9,FALSE,FALSE,1,118,18,1113,2601.47202817373,2694.68928922413,2600,2628.20216001758,5,5,1,1,5,5,0.368978469461477,0.631021530538523,1,1,0.666666666666667,0.333333333333333,13.3959688742335,-13.3959688742335,2614.86799704796,2681.2933203499,2,119,27,1122
8366370,2009-07-07 00:00:00,EventStart_Fallback,1745,6 Red World Championship,2009,2009-07-07 00:00:00,2009-07-12 00:00:00,2023-12-15 09:15:32,matches_2009_all.csv,62,Ricky Walden,England,2291,Muhammad Sajjad,Pakistan,62,Ricky Walden,England,62,Ricky Walden,England,6,3,6,3,9,FALSE,TRUE,104,0,993,0,2799.05094274132,2600,2670.11557323151,2600,5,5,1,1,5,5,0.758748303430124,0.241251696569876,1,1,0.666666666666667,0.333333333333333,-4.14367365435559,4.14367365435559,2794.90726908696,2604.14367365436,105,1,1002,9
8366371,2009-07-07 00:00:00,EventStart_Fallback,1745,6 Red World Championship,2009,2009-07-07 00:00:00,2009-07-12 00:00:00,2023-12-15 09:15:32,matches_2009_all.csv,20,Jimmy White,England,97,Shaun Murphy,England,20,Jimmy White,England,20,Jimmy White,England,6,4,6,4,10,FALSE,FALSE,373,180,4052,1783,2652.86111810178,2787.94440430515,2664.00730147513,2709.44047993629,5,5,1,1,5,5,0.314836960905776,0.685163039094224,1,1,0.6,0.4,14.2581519547112,-14.2581519547112,2667.11927005649,2773.68625235044,374,181,4062,1793
8366372,2009-07-07 00:00:00,EventStart_Fallback,1745,6 Red World Championship,2009,2009-07-07 00:00:00,2009-07-12 00:00:00,2023-12-15 09:15:32,matches_2009_all.csv,1,Mark J Williams,Wales,474,Atthasit Mahitthi,Thailand,1,Mark J Williams,Wales,1,Mark J Williams,Wales,6,2,6,2,8,FALSE,FALSE,302,21,2866,201,2734.30888579913,2636.60395826546,2646.42906931203,2617.91989712206,5,5,1,1,5,5,0.637015712652333,0.362984287347668,1,1,0.75,0.25,4.5193714939067,-4.5193714939067,2738.82825729304,2632.08458677156,303,22,2874,209
8366373,2009-07-07 00:00:00,EventStart_Fallback,1745,6 Red World Championship,2009,2009-07-07 00:00:00,2009-07-12 00:00:00,2023-12-15 09:15:32,matches_2009_all.csv,1932,Phaitoon Phonbun,Thailand,170,Ken Doherty,Ireland,170,Ken Doherty,Ireland,170,Ken Doherty,Ireland,4,6,4,6,10,FALSE,FALSE,14,353,142,3294,2593.85295877955,2708.27619536178,2611.46399691267,2703.13268866811,5,5,1,1,5,5,0.341037744834308,0.658962255165692,1,1,0.4,0.6,2.94811275828462,-2.94811275828462,2596.80107153784,2705.3280826035,15,354,152,3304
8366374,2009-07-07 00:00:00,EventStart_Fallback,1745,6 Red World Championship,2009,2009-07-07 00:00:00,2009-07-12 00:00:00,2023-12-15 09:15:32,matches_2009_all.csv,9,Matthew Stevens,Wales,30,Stuart Bingham,England,30,Stuart Bingham,England,30,Stuart Bingham,England,1,6,1,6,7,FALSE,FALSE,207,144,2076,1363,2700.08727415793,2730.27544455426,2721.75373792231,2664.72075429549,5,5,1,1,5,5,0.456664730601952,0.543335269398048,1,1,0.142857142857143,0.857142857142857,-10.9832655710683,10.9832655710683,2689.10400858687,2741.25871012532,208,145,2083,1370
8366375,2009-07-07 00:00:00,EventStart_Fallback,1745,6 Red World Championship,2009,2009-07-07 00:00:00,2009-07-12 00:00:00,2023-12-15 09:15:32,matches_2009_all.csv,108,Aditya Mehta,India,192,Issara Kachaiwong,Thailand,192,Issara Kachaiwong,Thailand,192,Issara Kachaiwong,Thailand,4,6,4,6,10,FALSE,FALSE,6,9,58,87,2654.0749201279,2673.44872211362,2655.91691491629,2654.49016535761,5,5,1,1,5,5,0.472147719998605,0.527852280001395,1,1,0.4,0.6,-3.60738599993025,3.60738599993026,2650.46753412797,2677.05610811355,7,10,68,97
8366376,2009-07-07 00:00:00,EventStart_Fallback,1745,6 Red World Championship,2009,2009-07-07 00:00:00,2009-07-12 00:00:00,2023-12-15 09:15:32,matches_2009_all.csv,223,Darren Morgan,Wales,1931,Noppadon Noppachorn,Thailand,1931,Noppadon Noppachorn,Thailand,1931,Noppadon Noppachorn,Thailand,4,6,4,6,10,FALSE,FALSE,157,21,1578,272,2632.55859996024,2643.63912200931,2622.12338157215,2654.6503515518,5,5,1,1,5,5,0.484059251122766,0.515940748877234,1,1,0.4,0.6,-4.20296255613832,4.20296255613832,2628.3556374041,2647.84208456545,158,22,1588,282
8366377,2009-07-07 00:00:00,EventStart_Fallback,1745,6 Red World Championship,2009,2009-07-07 00:00:00,2009-07-12 00:00:00,2023-12-15 09:15:32,matches_2009_all.csv,31,Dave Harold,England,16,Barry Hawkins,England,16,Barry Hawkins,England,16,Barry Hawkins,England,5,6,5,6,11,FALSE,FALSE,201,134,1831,1165,2691.91161138201,2711.45742514939,2701.35835862953,2665.51914316575,5,5,1,1,5,5,0.471900950102879,0.528099049897121,1,1,0.454545454545455,0.545454545454545,-0.954552255658325,0.954552255658321,2690.95705912635,2712.41197740505,202,135,1842,1176
8366378,2009-07-07 00:00:00,EventStart_Fallback,1745,6 Red World Championship,2009,2009-07-07 00:00:00,2009-07-12 00:00:00,2023-12-15 09:15:32,matches_2009_all.csv,168,Joe Perry,England,193,James Wattana,Thailand,193,James Wattana,Thailand,193,James Wattana,Thailand,3,6,3,6,9,FALSE,FALSE,209,229,1734,2174,2757.56634347188,2684.30126751502,2701.4596224945,2698.82987360658,5,5,1,1,5,5,0.603901378453233,0.396098621546767,1,1,0.333333333333333,0.666666666666667,-12.1755620303955,12.1755620303955,2745.39078144149,2696.47682954541,210,230,1743,2183
8366379,2009-07-07 00:00:00,EventStart_Fallback,1745,6 Red World Championship,2009,2009-07-07 00:00:00,2009-07-12 00:00:00,2023-12-15 09:15:32,matches_2009_all.csv,581,Fung Kwok Wai,Hong Kong,68,Ryan Day,Wales,68,Ryan Day,Wales,68,Ryan Day,Wales,1,6,1,6,7,TRUE,FALSE,0,155,0,1449,2680.92311168664,2786.15027165474,2680.92311168664,2657.71749328838,5,5,1,1,5,5,0.353032435114692,0.646967564885308,1,1,0.142857142857143,0.857142857142857,-7.35613522901422,7.35613522901422,2673.56697645762,2793.50640688375,1,156,7,1456
8366380,2009-07-07 00:00:00,EventStart_Fallback,1745,6 Red World Championship,2009,2009-07-07 00:00:00,2009-07-12 00:00:00,2023-12-15 09:15:32,matches_2009_all.csv,237,John Higgins,Scotland,495,Supoj Saenla,Thailand,237,John Higgins,Scotland,237,John Higgins,Scotland,6,4,6,4,10,FALSE,FALSE,370,11,3573,135,2798.48837447844,2629.16667217747,2718.4454421435,2600,5,5,1,1,5,5,0.72605413595694,0.27394586404306,1,1,0.6,0.4,-6.302706797847,6.302706797847,2792.18566768059,2635.46937897531,371,12,3583,145
8366381,2009-07-07 00:00:00,EventStart_Fallback,1745,6 Red World Championship,2009,2009-07-07 00:00:00,2009-07-12 00:00:00,2023-12-15 09:15:32,matches_2009_all.csv,473,Brendan O'Donoghue,Ireland,217,Thepchaiya Un-Nooh,Thailand,217,Thepchaiya Un-Nooh,Thailand,217,Thepchaiya Un-Nooh,Thailand,4,6,4,6,10,TRUE,FALSE,0,1,0,10,2600,2642.57154472563,2600,2645.68876620426,5,5,1,1,5,5,0.439039400534782,0.560960599465218,1,1,0.4,0.6,-1.9519700267391,1.9519700267391,2598.04802997326,2644.52351475237,1,2,10,20
8366382,2009-07-07 00:00:00,EventStart_Fallback,1745,6 Red World Championship,2009,2009-07-07 00:00:00,2009-07-12 00:00:00,2023-12-15 09:15:32,matches_2009_all.csv,418,Mohammed Shehab,United Arab Emirates,14,Nigel Bond,England,418,Mohammed Shehab,United Arab Emirates,418,Mohammed Shehab,United Arab Emirates,6,4,6,4,10,FALSE,FALSE,2,221,22,2125,2635.31895647717,2708.21721956672,2665.43172855937,2698.84872106548,5,5,1,1,5,5,0.396603823174345,0.603396176825655,1,1,0.6,0.4,10.1698088412827,-10.1698088412827,2645.48876531845,2698.04741072544,3,222,32,2135
8366383,2009-07-07 00:00:00,EventStart_Fallback,1745,6 Red World Championship,2009,2009-07-07 00:00:00,2009-07-12 00:00:00,2023-12-15 09:15:32,matches_2009_all.csv,42,Peter Ebdon,England,12,Judd Trump,England,12,Judd Trump,England,12,Judd Trump,England,1,6,1,6,7,FALSE,FALSE,287,54,2929,452,2713.48758128609,2759.54668022203,2730.0833810011,2671.03286202276,5,5,1,1,5,5,0.434101222225095,0.565898777774905,1,1,0.142857142857143,0.857142857142857,-10.1935427778783,10.1935427778783,2703.29403850821,2769.7402229999,288,55,2936,459
8366384,2009-07-07 00:00:00,EventStart_Fallback,1745,6 Red World Championship,2009,2009-07-07 00:00:00,2009-07-12 00:00:00,2023-12-15 09:17:52,matches_2009_all.csv,28,Mark King,England,478,Noppadol Sangnil,Thailand,28,Mark King,England,28,Mark King,England,6,2,6,2,8,FALSE,FALSE,225,2,1886,27,2714.9479152735,2614.86799704796,2650.41419841964,2600,5,5,1,1,5,5,0.64017097926184,0.359829020738161,1,1,0.75,0.25,4.39316082952642,-4.39316082952642,2719.34107610303,2610.47483621844,226,3,1894,35
8366385,2009-07-07 00:00:00,EventStart_Fallback,1745,6 Red World Championship,2009,2009-07-07 00:00:00,2009-07-12 00:00:00,2023-12-15 09:17:52,matches_2009_all.csv,62,Ricky Walden,England,20,Jimmy White,England,20,Jimmy White,England,20,Jimmy White,England,5,6,5,6,11,FALSE,FALSE,105,374,1002,4062,2794.90726908696,2667.11927005649,2670.11557323151,2664.00730147513,5,5,1,1,5,5,0.676034450169408,0.323965549830592,1,1,0.454545454545455,0.545454545454545,-12.1818947593174,12.1818947593174,2782.72537432764,2679.30116481581,106,375,1013,4073
8366386,2009-07-07 00:00:00,EventStart_Fallback,1745,6 Red World Championship,2009,2009-07-07 00:00:00,2009-07-12 00:00:00,2023-12-15 09:17:52,matches_2009_all.csv,1,Mark J Williams,Wales,170,Ken Doherty,Ireland,1,Mark J Williams,Wales,1,Mark J Williams,Wales,6,0,6,0,6,FALSE,FALSE,303,354,2874,3304,2738.82825729304,2705.3280826035,2646.42906931203,2703.13268866811,5,5,1,1,5,5,0.548061774646598,0.451938225353402,1,1,1,0,13.5581467606021,-13.5581467606021,2752.38640405364,2691.7699358429,304,355,2880,3310
8366387,2009-07-07 00:00:00,EventStart_Fallback,1745,6 Red World Championship,2009,2009-07-07 00:00:00,2009-07-12 00:00:00,2023-12-15 09:17:52,matches_2009_all.csv,30,Stuart Bingham,England,192,Issara Kachaiwong,Thailand,192,Issara Kachaiwong,Thailand,192,Issara Kachaiwong,Thailand,5,6,5,6,11,FALSE,FALSE,145,10,1370,97,2741.25871012532,2677.05610811355,2664.72075429549,2654.49016535761,5,5,1,1,5,5,0.591357460133922,0.408642539866078,1,1,0.454545454545455,0.545454545454545,-7.52466030736569,7.52466030736569,2733.73404981796,2684.58076842091,146,11,1381,108
8366388,2009-07-07 00:00:00,EventStart_Fallback,1745,6 Red World Championship,2009,2009-07-07 00:00:00,2009-07-12 00:00:00,2023-12-15 09:17:52,matches_2009_all.csv,1931,Noppadon Noppachorn,Thailand,16,Barry Hawkins,England,16,Barry Hawkins,England,16,Barry Hawkins,England,4,6,4,6,10,FALSE,FALSE,22,135,282,1176,2647.84208456545,2712.41197740505,2654.6503515518,2665.51914316575,5,5,1,1,5,5,0.408131711042158,0.591868288957842,1,1,0.4,0.6,-0.406585552107885,0.406585552107885,2647.43549901334,2712.81856295716,23,136,292,1186
8366389,2009-07-07 00:00:00,EventStart_Fallback,1745,6 Red World Championship,2009,2009-07-07 00:00:00,2009-07-12 00:00:00,2023-12-15 09:17:52,matches_2009_all.csv,193,James Wattana,Thailand,68,Ryan Day,Wales,193,James Wattana,Thailand,193,James Wattana,Thailand,6,4,6,4,10,FALSE,FALSE,230,156,2183,1456,2696.47682954541,2793.50640688375,2698.82987360658,2657.71749328838,5,5,1,1,5,5,0.363883688720761,0.636116311279239,1,1,0.6,0.4,11.805815563962,-11.805815563962,2708.28264510938,2781.70059131979,231,157,2193,1466
8366390,2009-07-07 00:00:00,EventStart_Fallback,1745,6 Red World Championship,2009,2009-07-07 00:00:00,2009-07-12 00:00:00,2023-12-15 09:17:52,matches_2009_all.csv,237,John Higgins,Scotland,217,Thepchaiya Un-Nooh,Thailand,237,John Higgins,Scotland,237,John Higgins,Scotland,6,0,6,0,6,FALSE,FALSE,371,2,3583,20,2792.18566768059,2644.52351475237,2718.4454421435,2645.68876620426,5,5,1,1,5,5,0.700569592683977,0.299430407316023,1,1,1,0,8.98291221948067,-8.98291221948068,2801.16857990007,2635.54060253289,372,3,3589,26
8366391,2009-07-07 00:00:00,EventStart_Fallback,1745,6 Red World Championship,2009,2009-07-07 00:00:00,2009-07-12 00:00:00,2023-12-15 09:17:52,matches_2009_all.csv,418,Mohammed Shehab,United Arab Emirates,12,Judd Trump,England,12,Judd Trump,England,12,Judd Trump,England,4,6,4,6,10,FALSE,FALSE,3,55,32,459,2645.48876531845,2769.7402229999,2665.43172855937,2671.03286202276,5,5,1,1,5,5,0.328440067433421,0.671559932566579,1,1,0.4,0.6,3.57799662832896,-3.57799662832896,2649.06676194678,2766.16222637158,4,56,42,469
8366392,2009-07-07 00:00:00,EventStart_Fallback,1745,6 Red World Championship,2009,2009-07-07 00:00:00,2009-07-12 00:00:00,2023-12-15 09:19:05,matches_2009_all.csv,28,Mark King,England,20,Jimmy White,England,20,Jimmy White,England,20,Jimmy White,England,6,7,6,7,13,FALSE,FALSE,226,375,1894,4073,2719.34107610303,2679.30116481581,2650.41419841964,2664.00730147513,5,5,1,1,5,5,0.557368315339959,0.442631684660041,1,1,0.461538461538462,0.538461538461538,-6.22894049709736,6.22894049709736,2713.11213560593,2685.53010531291,227,376,1907,4086
8366393,2009-07-07 00:00:00,EventStart_Fallback,1745,6 Red World Championship,2009,2009-07-07 00:00:00,2009-07-12 00:00:00,2023-12-15 09:19:05,matches_2009_all.csv,1,Mark J Williams,Wales,192,Issara Kachaiwong,Thailand,1,Mark J Williams,Wales,1,Mark J Williams,Wales,7,5,7,5,12,FALSE,FALSE,304,11,2880,108,2752.38640405364,2684.58076842091,2646.42906931203,2654.49016535761,5,5,1,1,5,5,0.59635987834478,0.403640121655221,1,1,0.583333333333333,0.416666666666667,-0.781592700686766,0.781592700686766,2751.60481135295,2685.3623611216,305,12,2892,120
8366394,2009-07-07 00:00:00,EventStart_Fallback,1745,6 Red World Championship,2009,2009-07-07 00:00:00,2009-07-12 00:00:00,2023-12-15 09:19:05,matches_2009_all.csv,16,Barry Hawkins,England,193,James Wattana,Thailand,16,Barry Hawkins,England,16,Barry Hawkins,England,7,5,7,5,12,FALSE,FALSE,136,231,1186,2193,2712.81856295716,2708.28264510938,2665.51914316575,2698.82987360658,5,5,1,1,5,5,0.506527339667639,0.493472660332361,1,1,0.583333333333333,0.416666666666667,4.60835961994165,-4.60835961994165,2717.4269225771,2703.67428548943,137,232,1198,2205
8366395,2009-07-07 00:00:00,EventStart_Fallback,1745,6 Red World Championship,2009,2009-07-07 00:00:00,2009-07-12 00:00:00,2023-12-15 09:19:05,matches_2009_all.csv,237,John Higgins,Scotland,12,Judd Trump,England,12,Judd Trump,England,12,Judd Trump,England,2,7,2,7,9,FALSE,FALSE,372,56,3589,469,2801.16857990007,2766.16222637158,2718.4454421435,2671.03286202276,5,5,1,1,5,5,0.550208404534234,0.449791595465766,1,1,0.222222222222222,0.777777777777778,-14.7593782040405,14.7593782040405,2786.40920169603,2780.92160457562,373,57,3598,478
8366399,2009-07-07 00:00:00,EventStart_Fallback,1745,6 Red World Championship,2009,2009-07-07 00:00:00,2009-07-12 00:00:00,2023-12-15 09:27:12,matches_2009_all.csv,20,Jimmy White,England,1,Mark J Williams,Wales,20,Jimmy White,England,20,Jimmy White,England,7,4,7,4,11,FALSE,FALSE,376,305,4086,2892,2685.53010531291,2751.60481135295,2664.00730147513,2646.42906931203,5,5,1,1,5,5,0.406040896490847,0.593959103509153,1,1,0.636363636363636,0.363636363636364,12.6677506930034,-12.6677506930034,2698.19785600591,2738.93706065995,377,306,4097,2903
8366400,2009-07-07 00:00:00,EventStart_Fallback,1745,6 Red World Championship,2009,2009-07-07 00:00:00,2009-07-12 00:00:00,2023-12-15 09:27:12,matches_2009_all.csv,16,Barry Hawkins,England,12,Judd Trump,England,16,Barry Hawkins,England,16,Barry Hawkins,England,7,2,7,2,9,FALSE,FALSE,137,57,1198,478,2717.4269225771,2780.92160457562,2665.51914316575,2671.03286202276,5,5,1,1,5,5,0.409627672386111,0.590372327613889,1,1,0.777777777777778,0.222222222222222,16.566754742625,-16.566754742625,2733.99367731972,2764.35484983299,138,58,1207,487
8366401,2009-07-07 00:00:00,EventStart_Fallback,1745,6 Red World Championship,2009,2009-07-07 00:00:00,2009-07-12 00:00:00,2023-12-15 09:28:56,matches_2009_all.csv,20,Jimmy White,England,16,Barry Hawkins,England,20,Jimmy White,England,20,Jimmy White,England,8,6,8,6,14,FALSE,FALSE,377,138,4097,1207,2698.19785600591,2733.99367731972,2664.00730147513,2665.51914316575,5,5,1,1,5,5,0.44866717475601,0.55133282524399,1,1,0.571428571428571,0.428571428571429,8.59329776707929,-8.59329776707928,2706.79115377299,2725.40037955264,378,139,4111,1221
1196198,2009-07-13 00:00:00,EventStart_Fallback,316,General Cup International,2009,2009-07-13 00:00:00,2009-07-17 00:00:00,2013-09-18 19:42:51,matches_2009_all.csv,200,Liang Wenbo,China,296,Li Yan,China,200,Liang Wenbo,China,200,Liang Wenbo,China,5,2,5,2,7,FALSE,FALSE,40,1,364,6,2708.95825344555,2685.98232770587,2685.07686582305,2694.58833045724,5,5,1,1,5,5,0.533016899467792,0.466983100532208,1,1,0.714285714285714,0.285714285714286,6.3444085186273,-6.3444085186273,2715.30266196418,2679.63791918724,41,2,371,13
1196199,2009-07-13 00:00:00,EventStart_Fallback,316,General Cup International,2009,2009-07-13 00:00:00,2009-07-17 00:00:00,2013-09-18 19:42:51,matches_2009_all.csv,218,Tian Pengfei,China,62,Ricky Walden,England,62,Ricky Walden,England,62,Ricky Walden,England,1,5,1,5,6,FALSE,FALSE,17,106,141,1013,2694.4316430142,2782.72537432764,2681.76718434239,2670.11557323151,5,5,1,1,5,5,0.375601610596822,0.624398389403178,1,1,0.166666666666667,0.833333333333333,-6.26804831790467,6.26804831790467,2688.16359469629,2788.99342264555,18,107,147,1019
1196200,2009-07-13 00:00:00,EventStart_Fallback,316,General Cup International,2009,2009-07-13 00:00:00,2009-07-17 00:00:00,2013-09-18 19:44:03,matches_2009_all.csv,200,Liang Wenbo,China,62,Ricky Walden,England,62,Ricky Walden,England,62,Ricky Walden,England,2,6,2,6,8,FALSE,FALSE,41,107,371,1019,2715.30266196418,2788.99342264555,2685.07686582305,2670.11557323151,5,5,1,1,5,5,0.395512615173858,0.604487384826142,1,1,0.25,0.75,-5.82050460695434,5.82050460695434,2709.48215735723,2794.8139272525,42,108,379,1027
1196205,2009-07-13 00:00:00,EventStart_Fallback,317,"General Cup International, Group 1",2009,2009-07-13 00:00:00,2009-07-17 00:00:00,2013-09-18 19:36:39,matches_2009_all.csv,200,Liang Wenbo,China,1385,Chan Wai Kei,Hong Kong,200,Liang Wenbo,China,200,Liang Wenbo,China,4,2,4,2,6,FALSE,TRUE,42,0,379,0,2709.48215735723,2600,2685.07686582305,2600,5,5,1,1,5,5,0.652541602800952,0.347458397199048,1,1,0.666666666666667,0.333333333333333,0.423751915971444,-0.423751915971444,2709.9059092732,2599.57624808403,43,1,385,6
1196206,2009-07-13 00:00:00,EventStart_Fallback,317,"General Cup International, Group 1",2009,2009-07-13 00:00:00,2009-07-17 00:00:00,2013-09-18 19:36:39,matches_2009_all.csv,62,Ricky Walden,England,1385,Chan Wai Kei,Hong Kong,62,Ricky Walden,England,62,Ricky Walden,England,4,3,4,3,7,FALSE,FALSE,108,1,1027,6,2794.8139272525,2599.57624808403,2670.11557323151,2600,5,5,1,1,5,5,0.754707415423427,0.245292584576573,1,1,0.571428571428571,0.428571428571429,-6.41475953981995,6.41475953981995,2788.39916771268,2605.99100762385,109,2,1034,13
1196207,2009-07-13 00:00:00,EventStart_Fallback,317,"General Cup International, Group 1",2009,2009-07-13 00:00:00,2009-07-17 00:00:00,2013-09-18 19:36:39,matches_2009_all.csv,62,Ricky Walden,England,200,Liang Wenbo,China,200,Liang Wenbo,China,200,Liang Wenbo,China,1,4,1,4,5,FALSE,FALSE,109,43,1034,385,2788.39916771268,2709.9059092732,2670.11557323151,2685.07686582305,5,5,1,1,5,5,0.611077457117353,0.388922542882647,1,1,0.2,0.8,-10.2769364279338,10.2769364279338,2778.12223128475,2720.18284570113,110,44,1039,390
1196201,2009-07-13 00:00:00,EventStart_Fallback,318,"General Cup International, Group 2",2009,2009-07-13 00:00:00,2009-07-17 00:00:00,2013-09-18 19:40:13,matches_2009_all.csv,81,Zhang Anda,China,296,Li Yan,China,296,Li Yan,China,296,Li Yan,China,2,4,2,4,6,FALSE,FALSE,2,2,11,13,2620.46709305515,2679.63791918724,2636.30090425438,2694.58833045724,5,5,1,1,5,5,0.415660177630502,0.584339822369499,1,1,0.333333333333333,0.666666666666667,-2.46980532891505,2.46980532891505,2617.99728772623,2682.10772451616,3,3,17,19
1196202,2009-07-13 00:00:00,EventStart_Fallback,318,"General Cup International, Group 2",2009,2009-07-13 00:00:00,2009-07-17 00:00:00,2013-09-18 19:39:18,matches_2009_all.csv,4,Fu Marco,Hong Kong,296,Li Yan,China,4,Fu Marco,Hong Kong,4,Fu Marco,Hong Kong,4,2,4,2,6,FALSE,FALSE,145,3,1444,19,2753.80255175222,2682.10772451616,2720.95775518301,2694.58833045724,5,5,1,1,5,5,0.601737172402035,0.398262827597966,1,1,0.666666666666667,0.333333333333333,1.94788482793896,-1.94788482793896,2755.75043658016,2680.15983968822,146,4,1450,25
1196203,2009-07-13 00:00:00,EventStart_Fallback,318,"General Cup International, Group 2",2009,2009-07-13 00:00:00,2009-07-17 00:00:00,2013-09-18 19:39:18,matches_2009_all.csv,218,Tian Pengfei,China,296,Li Yan,China,296,Li Yan,China,296,Li Yan,China,2,4,2,4,6,FALSE,FALSE,18,4,147,25,2688.16359469629,2680.15983968822,2681.76718434239,2694.58833045724,5,5,1,1,5,5,0.511516292243384,0.488483707756616,1,1,0.333333333333333,0.666666666666667,-5.34548876730152,5.34548876730152,2682.81810592899,2685.50532845552,19,5,153,31
1196204,2009-07-13 00:00:00,EventStart_Fallback,318,"General Cup International, Group 2",2009,2009-07-13 00:00:00,2009-07-17 00:00:00,2013-09-18 19:39:18,matches_2009_all.csv,4,Fu Marco,Hong Kong,218,Tian Pengfei,China,218,Tian Pengfei,China,218,Tian Pengfei,China,1,4,1,4,5,FALSE,FALSE,146,19,1450,153,2755.75043658016,2682.81810592899,2720.95775518301,2681.76718434239,5,5,1,1,5,5,0.603443106483779,0.396556893516221,1,1,0.2,0.8,-10.0860776620945,10.0860776620945,2745.66435891806,2692.90418359109,147,20,1455,158
8316421,2009-07-22 00:00:00,EventStart_Fallback,1657,World Games,2009,2009-07-22 00:00:00,2009-07-26 00:00:00,2023-11-24 21:37:26,matches_2009_all.csv,3711,Francois Ellis,South Africa,3712,Lin Shu-Hung,Taiwan,3712,Lin Shu-Hung,Taiwan,3712,Lin Shu-Hung,Taiwan,0,3,0,3,3,FALSE,TRUE,3,0,22,0,2601.18668741465,2600,2600,2600,5,5,1,1,5,5,0.501707773828389,0.498292226171611,1,1,0,1,-7.52561660742583,7.52561660742583,2593.66107080722,2607.52561660743,4,1,25,3
8316422,2009-07-22 00:00:00,EventStart_Fallback,1657,World Games,2009,2009-07-22 00:00:00,2009-07-26 00:00:00,2023-11-24 21:37:26,matches_2009_all.csv,67,David Grace,England,474,Atthasit Mahitthi,Thailand,67,David Grace,England,67,David Grace,England,3,2,3,2,5,FALSE,FALSE,2,22,24,209,2625.16194765059,2632.08458677156,2635.57036894998,2617.91989712206,5,5,1,1,5,5,0.490038839644093,0.509961160355907,1,1,0.6,0.4,2.74902900889768,-2.74902900889768,2627.91097665949,2629.33555776266,3,23,29,214
8316423,2009-07-22 00:00:00,EventStart_Fallback,1657,World Games,2009,2009-07-22 00:00:00,2009-07-26 00:00:00,2023-11-24 21:37:26,matches_2009_all.csv,3584,Glen Wilkinson,Australia,1934,Soheil Vahedi,Iran,1934,Soheil Vahedi,Iran,1934,Soheil Vahedi,Iran,1,3,1,3,4,FALSE,TRUE,5,0,42,0,2591.11835783849,2656.46425606733,2600,2656.46425606733,5,5,1,1,5,5,0.407053094849899,0.592946905150101,1,1,0.25,0.75,-3.14106189699799,3.14106189699799,2587.97729594149,2659.60531796433,6,1,46,4
8316424,2009-07-22 00:00:00,EventStart_Fallback,1657,World Games,2009,2009-07-22 00:00:00,2009-07-26 00:00:00,2023-11-24 21:37:26,matches_2009_all.csv,54,Mike Dunn,England,3713,Mohammed Awad,Egypt,3713,Mohammed Awad,Egypt,3713,Mohammed Awad,Egypt,2,3,2,3,5,FALSE,TRUE,69,0,729,0,2685.85170358801,2600,2619.6673945167,2600,5,5,1,1,5,5,0.621095846493058,0.378904153506942,1,1,0.4,0.6,-5.52739616232645,5.52739616232645,2680.32430742568,2605.52739616233,70,1,734,5
8316425,2009-07-22 00:00:00,EventStart_Fallback,1657,World Games,2009,2009-07-22 00:00:00,2009-07-26 00:00:00,2023-11-24 21:37:26,matches_2009_all.csv,14,Nigel Bond,England,667,Dene O'Kane,New Zealand,14,Nigel Bond,England,14,Nigel Bond,England,3,0,3,0,3,FALSE,FALSE,222,94,2135,908,2698.04741072544,2609.98463055134,2698.84872106548,2635.37223544571,5,5,1,1,5,5,0.624086545833387,0.375913454166613,1,1,1,0,5.63870181249919,-5.63870181249919,2703.68611253794,2604.34592873885,223,95,2138,911
8316426,2009-07-22 00:00:00,EventStart_Fallback,1657,World Games,2009,2009-07-22 00:00:00,2009-07-26 00:00:00,2023-11-24 21:37:26,matches_2009_all.csv,173,Paul Davies,Wales,217,Thepchaiya Un-Nooh,Thailand,217,Thepchaiya Un-Nooh,Thailand,217,Thepchaiya Un-Nooh,Thailand,1,3,1,3,4,FALSE,FALSE,92,3,961,26,2644.30763935818,2635.54060253289,2636.94453942695,2645.68876620426,5,5,1,1,5,5,0.512614103033339,0.487385896966662,1,1,0.25,0.75,-5.25228206066677,5.25228206066677,2639.05535729751,2640.79288459356,93,4,965,30
8316427,2009-07-22 00:00:00,EventStart_Fallback,1657,World Games,2009,2009-07-22 00:00:00,2009-07-26 00:00:00,2023-11-24 21:37:26,matches_2009_all.csv,112,Stephen Craigie,England,418,Mohammed Shehab,United Arab Emirates,418,Mohammed Shehab,United Arab Emirates,418,Mohammed Shehab,United Arab Emirates,2,3,2,3,5,FALSE,FALSE,3,4,33,42,2667.48357039773,2649.06676194678,2682.48029957878,2665.43172855937,5,5,1,1,5,5,0.526479121903156,0.473520878096844,1,1,0.4,0.6,-3.16197804757889,3.16197804757889,2664.32159235015,2652.22873999436,4,5,38,47
8316428,2009-07-22 00:00:00,EventStart_Fallback,1657,World Games,2009,2009-07-22 00:00:00,2009-07-26 00:00:00,2023-11-24 21:37:26,matches_2009_all.csv,3714,Wu Yu-Lin,Taiwan,62,Ricky Walden,England,3714,Wu Yu-Lin,Taiwan,3714,Wu Yu-Lin,Taiwan,3,1,3,1,4,TRUE,FALSE,0,110,0,1039,2600,2778.12223128475,2600,2670.11557323151,5,5,1,1,5,5,0.26398582175787,0.73601417824213,1,1,0.75,0.25,9.7202835648426,-9.7202835648426,2609.72028356484,2768.40194771991,1,111,4,1043
8316433,2009-07-22 00:00:00,EventStart_Fallback,1657,World Games,2009,2009-07-22 00:00:00,2009-07-26 00:00:00,2023-11-24 21:37:55,matches_2009_all.csv,3712,Lin Shu-Hung,Taiwan,67,David Grace,England,67,David Grace,England,67,David Grace,England,1,3,1,3,4,FALSE,FALSE,1,3,3,29,2607.52561660743,2627.91097665949,2600,2635.57036894998,5,5,1,1,5,5,0.470696727534714,0.529303272465286,1,1,0.25,0.75,-4.41393455069428,4.41393455069428,2603.11168205673,2632.32491121018,2,4,7,33
8316434,2009-07-22 00:00:00,EventStart_Fallback,1657,World Games,2009,2009-07-22 00:00:00,2009-07-26 00:00:00,2023-11-24 21:37:55,matches_2009_all.csv,1934,Soheil Vahedi,Iran,3713,Mohammed Awad,Egypt,1934,Soheil Vahedi,Iran,1934,Soheil Vahedi,Iran,3,1,3,1,4,FALSE,FALSE,1,1,4,5,2659.60531796433,2605.52739616233,2656.46425606733,2600,5,5,1,1,5,5,0.577201944657184,0.422798055342816,1,1,0.75,0.25,3.45596110685632,-3.45596110685632,2663.06127907119,2602.07143505547,2,2,8,9
8316435,2009-07-22 00:00:00,EventStart_Fallback,1657,World Games,2009,2009-07-22 00:00:00,2009-07-26 00:00:00,2023-11-24 21:37:55,matches_2009_all.csv,14,Nigel Bond,England,217,Thepchaiya Un-Nooh,Thailand,14,Nigel Bond,England,14,Nigel Bond,England,3,2,3,2,5,FALSE,FALSE,223,4,2138,30,2703.68611253794,2640.79288459356,2698.84872106548,2645.68876620426,5,5,1,1,5,5,0.589534781151289,0.410465218848711,1,1,0.6,0.4,0.261630471217766,-0.261630471217766,2703.94774300916,2640.53125412234,224,5,2143,35
8316436,2009-07-22 00:00:00,EventStart_Fallback,1657,World Games,2009,2009-07-22 00:00:00,2009-07-26 00:00:00,2023-11-24 21:37:55,matches_2009_all.csv,418,Mohammed Shehab,United Arab Emirates,3714,Wu Yu-Lin,Taiwan,418,Mohammed Shehab,United Arab Emirates,418,Mohammed Shehab,United Arab Emirates,3,0,3,0,3,FALSE,FALSE,5,1,47,4,2652.22873999436,2609.72028356484,2665.43172855937,2600,5,5,1,1,5,5,0.560871155723087,0.439128844276913,1,1,1,0,6.58693266415369,-6.58693266415369,2658.81567265851,2603.13335090069,6,2,50,7
8316439,2009-07-22 00:00:00,EventStart_Fallback,1657,World Games,2009,2009-07-22 00:00:00,2009-07-26 00:00:00,2023-11-24 21:38:20,matches_2009_all.csv,67,David Grace,England,1934,Soheil Vahedi,Iran,67,David Grace,England,67,David Grace,England,3,1,3,1,4,FALSE,FALSE,4,2,33,8,2632.32491121018,2663.06127907119,2635.57036894998,2656.46425606733,5,5,1,1,5,5,0.455881844936129,0.544118155063871,1,1,0.75,0.25,5.88236310127741,-5.88236310127741,2638.20727431146,2657.17891596991,5,3,37,12
8316440,2009-07-22 00:00:00,EventStart_Fallback,1657,World Games,2009,2009-07-22 00:00:00,2009-07-26 00:00:00,2023-11-24 21:38:20,matches_2009_all.csv,14,Nigel Bond,England,418,Mohammed Shehab,United Arab Emirates,14,Nigel Bond,England,14,Nigel Bond,England,3,2,3,2,5,FALSE,FALSE,224,6,2143,50,2703.94774300916,2658.81567265851,2698.84872106548,2665.43172855937,5,5,1,1,5,5,0.56458739248155,0.43541260751845,1,1,0.6,0.4,0.885315187961253,-0.885315187961253,2704.83305819712,2657.93035747055,225,7,2148,55
8316442,2009-07-22 00:00:00,EventStart_Fallback,1657,World Games,2009,2009-07-22 00:00:00,2009-07-26 00:00:00,2023-11-24 21:38:41,matches_2009_all.csv,67,David Grace,England,14,Nigel Bond,England,14,Nigel Bond,England,14,Nigel Bond,England,0,3,0,3,3,FALSE,FALSE,5,225,37,2148,2638.20727431146,2704.83305819712,2635.57036894998,2698.84872106548,5,5,1,1,5,5,0.405276066025873,0.594723933974127,1,1,0,1,-6.0791409903881,6.0791409903881,2632.12813332107,2710.9121991875,6,226,40,2151
8316444,2009-07-22 00:00:00,EventStart_Fallback,1657,World Games,2009,2009-07-22 00:00:00,2009-07-26 00:00:00,2023-11-24 21:39:23,matches_2009_all.csv,1934,Soheil Vahedi,Iran,418,Mohammed Shehab,United Arab Emirates,418,Mohammed Shehab,United Arab Emirates,418,Mohammed Shehab,United Arab Emirates,2,3,2,3,5,FALSE,FALSE,3,7,12,55,2657.17891596991,2657.93035747055,2656.46425606733,2665.43172855937,5,5,1,1,5,5,0.498918590437685,0.501081409562315,1,1,0.4,0.6,-2.47296476094213,2.47296476094213,2654.70595120897,2660.40332223149,4,8,17,60
87212,2009-08-01 10:00:00,MatchDate_Modern,65,Shanghai Masters,2009,2009-09-07 00:00:00,2009-09-13 00:00:00,2009-08-01 10:00:00,matches_2009_all.csv,11,Marcus Campbell,Scotland,509,Tang Jun,China,11,Marcus Campbell,Scotland,11,Marcus Campbell,Scotland,5,1,5,1,6,FALSE,FALSE,83,2,869,15,2681.33666056966,2610.63468336513,2640.66687405255,2600,5,5,1,1,5,5,0.600366709196398,0.399633290803602,1,1,0.833333333333333,0.166666666666667,6.98899872410807,-6.98899872410807,2688.32565929377,2603.64568464102,84,3,875,21
87213,2009-08-01 10:00:00,MatchDate_Modern,65,Shanghai Masters,2009,2009-09-07 00:00:00,2009-09-13 00:00:00,2009-08-01 10:00:00,matches_2009_all.csv,25,Andrew Higginson,England,218,Tian Pengfei,China,218,Tian Pengfei,China,218,Tian Pengfei,China,1,5,1,5,6,FALSE,FALSE,52,20,604,158,2719.03250361964,2692.90418359109,2645.58210388717,2681.76718434239,5,5,1,1,5,5,0.537530949145295,0.462469050854705,1,1,0.166666666666667,0.833333333333333,-11.1259284743588,11.1259284743588,2707.90657514529,2704.03011206544,53,21,610,164
87214,2009-08-01 10:00:00,MatchDate_Modern,65,Shanghai Masters,2009,2009-09-07 00:00:00,2009-09-13 00:00:00,2009-08-01 10:00:00,matches_2009_all.csv,170,Ken Doherty,Ireland,108,Aditya Mehta,India,170,Ken Doherty,Ireland,170,Ken Doherty,Ireland,5,0,5,0,5,FALSE,FALSE,355,7,3310,68,2691.7699358429,2650.46753412797,2703.13268866811,2655.91691491629,5,5,1,1,5,5,0.559160511846172,0.440839488153828,1,1,1,0,11.0209872038457,-11.0209872038457,2702.79092304674,2639.44654692412,356,8,3315,73
87215,2009-08-01 10:00:00,MatchDate_Modern,65,Shanghai Masters,2009,2009-09-07 00:00:00,2009-09-13 00:00:00,2009-08-01 10:00:00,matches_2009_all.csv,52,Graeme Dott,Scotland,418,Mohammed Shehab,United Arab Emirates,52,Graeme Dott,Scotland,52,Graeme Dott,Scotland,5,3,5,3,8,FALSE,FALSE,182,8,1808,60,2737.42337053094,2660.40332223149,2677.78458092588,2665.43172855937,5,5,1,1,5,5,0.609060082906199,0.390939917093801,1,1,0.625,0.375,0.637596683752046,-0.637596683752046,2738.06096721469,2659.76572554774,183,9,1816,68
87216,2009-08-01 10:00:00,MatchDate_Modern,65,Shanghai Masters,2009,2009-09-07 00:00:00,2009-09-13 00:00:00,2009-08-01 10:00:00,matches_2009_all.csv,14,Nigel Bond,England,184,Yu Delu,China,14,Nigel Bond,England,14,Nigel Bond,England,5,4,5,4,9,FALSE,FALSE,226,10,2151,74,2710.9121991875,2687.02271014318,2698.84872106548,2685.82913491345,5,5,1,1,5,5,0.534325659685974,0.465674340314026,1,1,0.555555555555556,0.444444444444444,0.955345314131177,-0.955345314131177,2711.86754450164,2686.06736482905,227,11,2160,83
87217,2009-08-01 10:00:00,MatchDate_Modern,65,Shanghai Masters,2009,2009-09-07 00:00:00,2009-09-13 00:00:00,2009-08-01 10:00:00,matches_2009_all.csv,38,Gerard Greene,Northern Ireland,296,Li Yan,China,296,Li Yan,China,296,Li Yan,China,4,5,4,5,9,FALSE,FALSE,108,5,987,31,2724.2315102731,2685.50532845552,2650.07103492475,2694.58833045724,5,5,1,1,5,5,0.555501794680815,0.444498205319185,1,1,0.444444444444444,0.555555555555556,-4.99758076063666,4.99758076063666,2719.23392951246,2690.50290921616,109,6,996,40
87218,2009-08-01 10:00:00,MatchDate_Modern,65,Shanghai Masters,2009,2009-09-07 00:00:00,2009-09-13 00:00:00,2009-08-01 10:00:00,matches_2009_all.csv,47,Matthew Selt,England,508,Shi Hanqing,China,47,Matthew Selt,England,47,Matthew Selt,England,5,0,5,0,5,FALSE,TRUE,12,0,140,0,2625.03967310759,2600,2633.16114797825,2600,5,5,1,1,5,5,0.53597272607482,0.464027273925181,1,1,1,0,11.6006818481295,-11.6006818481295,2636.64035495572,2588.39931815187,13,1,145,5
87299,2009-08-01 10:00:00,MatchDate_Modern,65,Shanghai Masters,2009,2009-09-07 00:00:00,2009-09-13 00:00:00,2009-08-01 10:00:00,matches_2009_all.csv,62,Ricky Walden,England,28,Mark King,England,62,Ricky Walden,England,62,Ricky Walden,England,5,1,5,1,6,FALSE,FALSE,111,227,1043,1907,2768.40194771991,2713.11213560593,2670.11557323151,2650.41419841964,5,5,1,1,5,5,0.57890349255823,0.42109650744177,1,1,0.833333333333333,0.166666666666667,7.6328952232531,-7.6328952232531,2776.03484294316,2705.47924038268,112,228,1049,1913
87300,2009-08-01 10:00:00,MatchDate_Modern,65,Shanghai Masters,2009,2009-09-07 00:00:00,2009-09-13 00:00:00,2009-08-01 10:00:00,matches_2009_all.csv,153,Stephen Hendry,Scotland,11,Marcus Campbell,Scotland,153,Stephen Hendry,Scotland,153,Stephen Hendry,Scotland,5,4,5,4,9,FALSE,FALSE,487,84,5046,875,2747.88848006682,2688.32565929377,2727.71851092324,2640.66687405255,5,5,1,1,5,5,0.584887792520018,0.415112207479982,1,1,0.555555555555556,0.444444444444444,-1.3199506634008,1.3199506634008,2746.56852940342,2689.64560995717,488,85,5055,884
87301,2009-08-01 10:00:00,MatchDate_Modern,65,Shanghai Masters,2009,2009-09-07 00:00:00,2009-09-13 00:00:00,2009-08-01 10:00:00,matches_2009_all.csv,42,Peter Ebdon,England,200,Liang Wenbo,China,200,Liang Wenbo,China,200,Liang Wenbo,China,1,5,1,5,6,FALSE,FALSE,288,44,2936,390,2703.29403850821,2720.18284570113,2730.0833810011,2685.07686582305,5,5,1,1,5,5,0.47571417818655,0.52428582181345,1,1,0.166666666666667,0.833333333333333,-9.2714253455965,9.2714253455965,2694.02261316261,2729.45427104673,289,45,2942,396
87302,2009-08-01 10:00:00,MatchDate_Modern,65,Shanghai Masters,2009,2009-09-07 00:00:00,2009-09-13 00:00:00,2009-08-01 10:00:00,matches_2009_all.csv,158,Ali Carter,England,218,Tian Pengfei,China,158,Ali Carter,England,158,Ali Carter,England,5,3,5,3,8,FALSE,FALSE,215,21,1742,164,2782.06171341902,2704.03011206544,2654.01094991334,2681.76718434239,5,5,1,1,5,5,0.610445681959272,0.389554318040728,1,1,0.625,0.375,0.582172721629135,-0.582172721629135,2782.64388614065,2703.44793934382,216,22,1750,172
87303,2009-08-01 10:00:00,MatchDate_Modern,65,Shanghai Masters,2009,2009-09-07 00:00:00,2009-09-13 00:00:00,2009-08-01 10:00:00,matches_2009_all.csv,97,Shaun Murphy,England,125,Michael Holt,England,97,Shaun Murphy,England,97,Shaun Murphy,England,5,1,5,1,6,FALSE,FALSE,181,119,1793,1122,2773.68625235044,2681.2933203499,2709.44047993629,2628.20216001758,5,5,1,1,5,5,0.629915999893271,0.370084000106729,1,1,0.833333333333333,0.166666666666667,6.10252000320187,-6.10252000320187,2779.78877235364,2675.19080034669,182,120,1799,1128
87304,2009-08-01 10:00:00,MatchDate_Modern,65,Shanghai Masters,2009,2009-09-07 00:00:00,2009-09-13 00:00:00,2009-08-01 10:00:00,matches_2009_all.csv,168,Joe Perry,England,3,Jamie Cope,England,3,Jamie Cope,England,3,Jamie Cope,England,4,5,4,5,9,FALSE,FALSE,210,99,1743,759,2745.39078144149,2740.47902070104,2701.4596224945,2642.34302814736,5,5,1,1,5,5,0.507068121041446,0.492931878958554,1,1,0.444444444444444,0.555555555555556,-2.81806544686507,2.81806544686507,2742.57271599462,2743.29708614791,211,100,1752,768
87305,2009-08-01 10:00:00,MatchDate_Modern,65,Shanghai Masters,2009,2009-09-07 00:00:00,2009-09-13 00:00:00,2009-08-01 10:00:00,matches_2009_all.csv,154,Neil Robertson,Australia,170,Ken Doherty,Ireland,170,Ken Doherty,Ireland,170,Ken Doherty,Ireland,4,5,4,5,9,FALSE,FALSE,158,356,1436,3315,2797.20608534907,2702.79092304674,2631.4761148925,2703.13268866811,5,5,1,1,5,5,0.63262561783543,0.36737438216457,1,1,0.444444444444444,0.555555555555556,-8.46815280259433,8.46815280259433,2788.73793254647,2711.25907584934,159,357,1445,3324
87307,2009-08-01 10:00:00,MatchDate_Modern,65,Shanghai Masters,2009,2009-09-07 00:00:00,2009-09-13 00:00:00,2009-08-01 10:00:00,matches_2009_all.csv,5,Ronnie O'Sullivan,England,52,Graeme Dott,Scotland,5,Ronnie O'Sullivan,England,5,Ronnie O'Sullivan,England,5,0,5,0,5,FALSE,FALSE,337,183,3532,1816,2810.48072461389,2738.06096721469,2727.41414214416,2677.78458092588,5,5,1,1,5,5,0.602736812135004,0.397263187864996,1,1,1,0,9.93157969662491,-9.93157969662491,2820.41230431051,2728.12938751806,338,184,3537,1821
87308,2009-08-01 10:00:00,MatchDate_Modern,65,Shanghai Masters,2009,2009-09-07 00:00:00,2009-09-13 00:00:00,2009-08-01 10:00:00,matches_2009_all.csv,4,Fu Marco,Hong Kong,14,Nigel Bond,England,4,Fu Marco,Hong Kong,4,Fu Marco,Hong Kong,5,4,5,4,9,FALSE,FALSE,147,227,1455,2160,2745.66435891806,2711.86754450164,2720.95775518301,2698.84872106548,5,5,1,1,5,5,0.548484694284699,0.451515305715302,1,1,0.555555555555556,0.444444444444444,0.318188757188564,-0.318188757188564,2745.98254767525,2711.54935574445,148,228,1464,2169
87309,2009-08-01 10:00:00,MatchDate_Modern,65,Shanghai Masters,2009,2009-09-07 00:00:00,2009-09-13 00:00:00,2009-08-01 10:00:00,matches_2009_all.csv,224,Ding Junhui,China,13,Stephen Lee,England,224,Ding Junhui,China,224,Ding Junhui,China,5,2,5,2,7,FALSE,FALSE,132,239,1141,2262,2746.10631337903,2708.92447048171,2679.65325646999,2693.21413052306,5,5,1,1,5,5,0.553305628156469,0.446694371843531,1,1,0.714285714285714,0.285714285714286,5.63430301452357,-5.63430301452357,2751.74061639355,2703.29016746718,133,240,1148,2269
87310,2009-08-01 10:00:00,MatchDate_Modern,65,Shanghai Masters,2009,2009-09-07 00:00:00,2009-09-13 00:00:00,2009-08-01 10:00:00,matches_2009_all.csv,17,Mark Selby,England,30,Stuart Bingham,England,30,Stuart Bingham,England,30,Stuart Bingham,England,3,5,3,5,8,FALSE,FALSE,169,146,1509,1381,2817.14517022178,2733.73404981796,2694.53166694155,2664.72075429549,5,5,1,1,5,5,0.617784004275838,0.382215995724162,1,1,0.375,0.625,-9.71136017103352,9.71136017103352,2807.43381005074,2743.44540998899,170,147,1517,1389
87311,2009-08-01 10:00:00,MatchDate_Modern,65,Shanghai Masters,2009,2009-09-07 00:00:00,2009-09-13 00:00:00,2009-08-01 10:00:00,matches_2009_all.csv,68,Ryan Day,Wales,296,Li Yan,China,68,Ryan Day,Wales,68,Ryan Day,Wales,5,3,5,3,8,FALSE,FALSE,157,6,1466,40,2781.70059131979,2690.50290921616,2657.71749328838,2694.58833045724,5,5,1,1,5,5,0.628310597058685,0.371689402941315,1,1,0.625,0.375,-0.132423882347386,0.132423882347386,2781.56816743745,2690.6353330985,158,7,1474,48
87312,2009-08-01 10:00:00,MatchDate_Modern,65,Shanghai Masters,2009,2009-09-07 00:00:00,2009-09-13 00:00:00,2009-08-01 10:00:00,matches_2009_all.csv,202,Mark Allen,Northern Ireland,9,Matthew Stevens,Wales,9,Matthew Stevens,Wales,9,Matthew Stevens,Wales,2,5,2,5,7,FALSE,FALSE,107,208,849,2083,2778.2524482753,2689.10400858687,2685.54443253342,2721.75373792231,5,5,1,1,5,5,0.62555156719958,0.37444843280042,1,1,0.285714285714286,0.714285714285714,-11.8943048519853,11.8943048519853,2766.35814342332,2700.99831343885,108,209,856,2090
87313,2009-08-01 10:00:00,MatchDate_Modern,65,Shanghai Masters,2009,2009-09-07 00:00:00,2009-09-13 00:00:00,2009-08-01 10:00:00,matches_2009_all.csv,1,Mark J Williams,Wales,35,Joe Swail,Northern Ireland,1,Mark J Williams,Wales,1,Mark J Williams,Wales,5,3,5,3,8,FALSE,FALSE,306,215,2903,1996,2738.93706065995,2722.73505632168,2646.42906931203,2661.36017761865,5,5,1,1,5,5,0.523299671464333,0.476700328535667,1,1,0.625,0.375,4.0680131414267,-4.0680131414267,2743.00507380138,2718.66704318026,307,216,2911,2004
87314,2009-08-01 10:00:00,MatchDate_Modern,65,Shanghai Masters,2009,2009-09-07 00:00:00,2009-09-13 00:00:00,2009-08-01 10:00:00,matches_2009_all.csv,237,John Higgins,Scotland,47,Matthew Selt,England,237,John Higgins,Scotland,237,John Higgins,Scotland,5,2,5,2,7,FALSE,FALSE,373,13,3598,145,2786.40920169603,2636.64035495572,2718.4454421435,2633.16114797825,5,5,1,1,5,5,0.703107314000601,0.296892685999399,1,1,0.714285714285714,0.285714285714286,0.391244009978964,-0.391244009978964,2786.80044570601,2636.24911094574,374,14,3605,152
87323,2009-08-01 10:00:00,MatchDate_Modern,65,Shanghai Masters,2009,2009-09-07 00:00:00,2009-09-13 00:00:00,2009-08-01 10:00:00,matches_2009_all.csv,62,Ricky Walden,England,153,Stephen Hendry,Scotland,62,Ricky Walden,England,62,Ricky Walden,England,5,1,5,1,6,FALSE,FALSE,112,488,1049,5055,2776.03484294316,2746.56852940342,2670.11557323151,2727.71851092324,5,5,1,1,5,5,0.542304053170829,0.457695946829171,1,1,0.833333333333333,0.166666666666667,8.73087840487513,-8.73087840487513,2784.76572134804,2737.83765099854,113,489,1055,5061
87324,2009-08-01 10:00:00,MatchDate_Modern,65,Shanghai Masters,2009,2009-09-07 00:00:00,2009-09-13 00:00:00,2009-08-01 10:00:00,matches_2009_all.csv,200,Liang Wenbo,China,158,Ali Carter,England,200,Liang Wenbo,China,200,Liang Wenbo,China,5,0,5,0,5,FALSE,FALSE,45,216,396,1750,2729.45427104673,2782.64388614065,2685.07686582305,2654.01094991334,5,5,1,1,5,5,0.424046444363458,0.575953555636542,1,1,1,0,14.3988388909136,-14.3988388909136,2743.85310993764,2768.24504724973,46,217,401,1755
87325,2009-08-01 10:00:00,MatchDate_Modern,65,Shanghai Masters,2009,2009-09-07 00:00:00,2009-09-13 00:00:00,2009-08-01 10:00:00,matches_2009_all.csv,97,Shaun Murphy,England,3,Jamie Cope,England,97,Shaun Murphy,England,97,Shaun Murphy,England,5,0,5,0,5,FALSE,FALSE,182,100,1799,768,2779.78877235364,2743.29708614791,2709.44047993629,2642.34302814736,5,5,1,1,5,5,0.552323494983053,0.447676505016947,1,1,1,0,11.1919126254237,-11.1919126254237,2790.98068497907,2732.10517352248,183,101,1804,773
87326,2009-08-01 10:00:00,MatchDate_Modern,65,Shanghai Masters,2009,2009-09-07 00:00:00,2009-09-13 00:00:00,2009-08-01 10:00:00,matches_2009_all.csv,170,Ken Doherty,Ireland,16,Barry Hawkins,England,170,Ken Doherty,Ireland,170,Ken Doherty,Ireland,5,4,5,4,9,FALSE,FALSE,357,139,3324,1221,2711.25907584934,2725.40037955264,2703.13268866811,2665.51914316575,5,5,1,1,5,5,0.479660258752645,0.520339741247355,1,1,0.555555555555556,0.444444444444444,3.41528835613099,-3.41528835613099,2714.67436420547,2721.98509119651,358,140,3333,1230
87327,2009-08-01 10:00:00,MatchDate_Modern,65,Shanghai Masters,2009,2009-09-07 00:00:00,2009-09-13 00:00:00,2009-08-01 10:00:00,matches_2009_all.csv,5,Ronnie O'Sullivan,England,4,Fu Marco,Hong Kong,5,Ronnie O'Sullivan,England,5,Ronnie O'Sullivan,England,5,2,5,2,7,FALSE,FALSE,338,148,3537,1464,2820.41230431051,2745.98254767525,2727.41414214416,2720.95775518301,5,5,1,1,5,5,0.605503988532951,0.39449601146705,1,1,0.714285714285714,0.285714285714286,3.80736040134673,-3.80736040134673,2824.21966471186,2742.17518727391,339,149,3544,1471
87328,2009-08-01 10:00:00,MatchDate_Modern,65,Shanghai Masters,2009,2009-09-07 00:00:00,2009-09-13 00:00:00,2009-08-01 10:00:00,matches_2009_all.csv,224,Ding Junhui,China,30,Stuart Bingham,England,224,Ding Junhui,China,224,Ding Junhui,China,5,2,5,2,7,FALSE,FALSE,133,147,1148,1389,2751.74061639355,2743.44540998899,2679.65325646999,2664.72075429549,5,5,1,1,5,5,0.511935493812319,0.488064506187682,1,1,0.714285714285714,0.285714285714286,7.08225771656885,-7.08225771656885,2758.82287411012,2736.36315227242,134,148,1155,1396
87329,2009-08-01 10:00:00,MatchDate_Modern,65,Shanghai Masters,2009,2009-09-07 00:00:00,2009-09-13 00:00:00,2009-08-01 10:00:00,matches_2009_all.csv,68,Ryan Day,Wales,9,Matthew Stevens,Wales,68,Ryan Day,Wales,68,Ryan Day,Wales,5,1,5,1,6,FALSE,FALSE,158,209,1474,2090,2781.56816743745,2700.99831343885,2657.71749328838,2721.75373792231,5,5,1,1,5,5,0.613914628418271,0.38608537158173,1,1,0.833333333333333,0.166666666666667,6.58256114745189,-6.58256114745189,2788.1507285849,2694.4157522914,159,210,1480,2096
87330,2009-08-01 10:00:00,MatchDate_Modern,65,Shanghai Masters,2009,2009-09-07 00:00:00,2009-09-13 00:00:00,2009-08-01 10:00:00,matches_2009_all.csv,1,Mark J Williams,Wales,237,John Higgins,Scotland,237,John Higgins,Scotland,237,John Higgins,Scotland,1,5,1,5,6,FALSE,FALSE,307,374,2911,3605,2743.00507380138,2786.80044570601,2646.42906931203,2718.4454421435,5,5,1,1,5,5,0.437305103913621,0.562694896086379,1,1,0.166666666666667,0.833333333333333,-8.11915311740862,8.11915311740862,2734.88592068397,2794.91959882342,308,375,2917,3611
87335,2009-08-01 10:00:00,MatchDate_Modern,65,Shanghai Masters,2009,2009-09-07 00:00:00,2009-09-13 00:00:00,2009-08-01 10:00:00,matches_2009_all.csv,62,Ricky Walden,England,200,Liang Wenbo,China,200,Liang Wenbo,China,200,Liang Wenbo,China,3,5,3,5,8,FALSE,FALSE,113,46,1055,401,2784.76572134804,2743.85310993764,2670.11557323151,2685.07686582305,5,5,1,1,5,5,0.558607338577648,0.441392661422352,1,1,0.375,0.625,-7.34429354310592,7.34429354310592,2777.42142780493,2751.19740348075,114,47,1063,409
87336,2009-08-01 10:00:00,MatchDate_Modern,65,Shanghai Masters,2009,2009-09-07 00:00:00,2009-09-13 00:00:00,2009-08-01 10:00:00,matches_2009_all.csv,97,Shaun Murphy,England,170,Ken Doherty,Ireland,97,Shaun Murphy,England,97,Shaun Murphy,England,5,0,5,0,5,FALSE,FALSE,183,358,1804,3333,2790.98068497907,2714.67436420547,2709.44047993629,2703.13268866811,5,5,1,1,5,5,0.608081376732702,0.391918623267298,1,1,1,0,9.79796558168244,-9.79796558168244,2800.77865056075,2704.87639862379,184,359,1809,3338
87337,2009-08-01 10:00:00,MatchDate_Modern,65,Shanghai Masters,2009,2009-09-07 00:00:00,2009-09-13 00:00:00,2009-08-01 10:00:00,matches_2009_all.csv,5,Ronnie O'Sullivan,England,224,Ding Junhui,China,5,Ronnie O'Sullivan,England,5,Ronnie O'Sullivan,England,5,3,5,3,8,FALSE,FALSE,339,134,3544,1155,2824.21966471186,2758.82287411012,2727.41414214416,2679.65325646999,5,5,1,1,5,5,0.593017612317131,0.406982387682869,1,1,0.625,0.375,1.27929550731474,-1.27929550731474,2825.49896021917,2757.54357860281,340,135,3552,1163
87338,2009-08-01 10:00:00,MatchDate_Modern,65,Shanghai Masters,2009,2009-09-07 00:00:00,2009-09-13 00:00:00,2009-08-01 10:00:00,matches_2009_all.csv,68,Ryan Day,Wales,237,John Higgins,Scotland,237,John Higgins,Scotland,237,John Higgins,Scotland,1,5,1,5,6,FALSE,FALSE,159,375,1480,3611,2788.1507285849,2794.91959882342,2657.71749328838,2718.4454421435,5,5,1,1,5,5,0.490260044960142,0.509739955039858,1,1,0.166666666666667,0.833333333333333,-9.70780134880427,9.70780134880427,2778.44292723609,2804.62740017223,160,376,1486,3617
87341,2009-08-01 10:00:00,MatchDate_Modern,65,Shanghai Masters,2009,2009-09-07 00:00:00,2009-09-13 00:00:00,2009-08-01 10:00:00,matches_2009_all.csv,200,Liang Wenbo,China,97,Shaun Murphy,England,200,Liang Wenbo,China,200,Liang Wenbo,China,6,5,6,5,11,FALSE,FALSE,47,184,409,1809,2751.19740348075,2800.77865056075,2685.07686582305,2709.44047993629,5,5,1,1,5,5,0.429127307359288,0.570872692640712,1,1,0.545454545454545,0.454545454545455,6.39799809523917,-6.39799809523917,2757.59540157599,2794.38065246551,48,185,420,1820
87342,2009-08-01 10:00:00,MatchDate_Modern,65,Shanghai Masters,2009,2009-09-07 00:00:00,2009-09-13 00:00:00,2009-08-01 10:00:00,matches_2009_all.csv,5,Ronnie O'Sullivan,England,237,John Higgins,Scotland,5,Ronnie O'Sullivan,England,5,Ronnie O'Sullivan,England,6,1,6,1,7,FALSE,FALSE,340,376,3552,3617,2825.49896021917,2804.62740017223,2727.41414214416,2718.4454421435,5,5,1,1,5,5,0.53000050959306,0.46999949040694,1,1,0.857142857142857,0.142857142857143,11.4499821642429,-11.4499821642429,2836.94894238342,2793.17741800798,341,377,3559,3624
87349,2009-08-01 10:00:00,MatchDate_Modern,65,Shanghai Masters,2009,2009-09-07 00:00:00,2009-09-13 00:00:00,2009-08-01 10:00:00,matches_2009_all.csv,200,Liang Wenbo,China,5,Ronnie O'Sullivan,England,5,Ronnie O'Sullivan,England,5,Ronnie O'Sullivan,England,5,10,5,10,15,FALSE,FALSE,48,341,420,3559,2757.59540157599,2836.94894238342,2685.07686582305,2727.41414214416,5,5,1,1,5,5,0.387746247527198,0.612253752472802,1,1,0.333333333333333,0.666666666666667,-4.08096856453984,4.08096856453984,2753.51443301145,2841.02991094796,49,342,435,3574
87235,2009-08-01 10:00:00,MatchDate_Modern,67,Shanghai Masters Qualifiers,2009,2009-08-03 00:00:00,2009-08-06 00:00:00,2009-08-01 10:00:00,matches_2009_all.csv,32,Daniel Wells,Wales,475,Ian Preece,Wales,32,Daniel Wells,Wales,32,Daniel Wells,Wales,5,3,5,3,8,FALSE,FALSE,7,17,101,227,2649.59003424941,2620.22451977772,2629.1957811392,2611.63247026104,5,5,1,1,5,5,0.542160026547288,0.457839973452712,1,1,0.625,0.375,3.31359893810849,-3.31359893810849,2652.90363318752,2616.91092083961,8,18,109,235
87237,2009-08-01 10:00:00,MatchDate_Modern,67,Shanghai Masters Qualifiers,2009,2009-08-03 00:00:00,2009-08-06 00:00:00,2009-08-01 10:00:00,matches_2009_all.csv,69,Chris Norbury,England,473,Brendan O'Donoghue,Ireland,473,Brendan O'Donoghue,Ireland,473,Brendan O'Donoghue,Ireland,2,5,2,5,7,FALSE,FALSE,7,1,70,10,2583.17127026237,2598.04802997326,2579.10098511936,2600,5,5,1,1,5,5,0.478603696509644,0.521396303490356,1,1,0.285714285714286,0.714285714285714,-6.75112937783753,6.75112937783753,2576.42014088453,2604.7991593511,8,2,77,17
87238,2009-08-01 10:00:00,MatchDate_Modern,67,Shanghai Masters Qualifiers,2009,2009-08-03 00:00:00,2009-08-06 00:00:00,2009-08-01 10:00:00,matches_2009_all.csv,64,Bjorn Haneveer,Belgium,130,David Gray,England,64,Bjorn Haneveer,Belgium,64,Bjorn Haneveer,Belgium,5,1,5,1,6,FALSE,FALSE,50,103,542,1041,2649.29834734446,2669.04980515266,2680.31898758155,2659.49561198169,5,5,1,1,5,5,0.471605949048815,0.528394050951185,1,1,0.833333333333333,0.166666666666667,10.8518215285356,-10.8518215285356,2660.150168873,2658.19798362413,51,104,548,1047
87239,2009-08-01 10:00:00,MatchDate_Modern,67,Shanghai Masters Qualifiers,2009,2009-08-03 00:00:00,2009-08-06 00:00:00,2009-08-01 10:00:00,matches_2009_all.csv,474,Atthasit Mahitthi,Thailand,7,Joe Jogia,England,7,Joe Jogia,England,7,Joe Jogia,England,3,5,3,5,8,FALSE,FALSE,23,34,214,411,2629.33555776266,2626.27419746344,2617.91989712206,2606.88305733108,5,5,1,1,5,5,0.504405537604944,0.495594462395056,1,1,0.375,0.625,-5.17622150419778,5.17622150419778,2624.15933625846,2631.45041896763,24,35,222,419
87240,2009-08-01 10:00:00,MatchDate_Modern,67,Shanghai Masters Qualifiers,2009,2009-08-03 00:00:00,2009-08-06 00:00:00,2009-08-01 10:00:00,matches_2009_all.csv,131,Craig Steadman,England,81,Zhang Anda,China,131,Craig Steadman,England,131,Craig Steadman,England,5,2,5,2,7,FALSE,FALSE,2,3,33,17,2598.07362159957,2617.99728772623,2613.44142902294,2636.30090425438,5,5,1,1,5,5,0.471358927546857,0.528641072453143,1,1,0.714285714285714,0.285714285714286,8.50243753586002,-8.50243753586002,2606.57605913543,2609.49485019037,3,4,40,24
87241,2009-08-01 10:00:00,MatchDate_Modern,67,Shanghai Masters Qualifiers,2009,2009-08-03 00:00:00,2009-08-06 00:00:00,2009-08-01 10:00:00,matches_2009_all.csv,24,Xiao Guodong,China,217,Thepchaiya Un-Nooh,Thailand,24,Xiao Guodong,China,24,Xiao Guodong,China,5,4,5,4,9,FALSE,FALSE,11,5,98,35,2660.0868043793,2640.53125412234,2639.14832151539,2645.68876620426,5,5,1,1,5,5,0.528113017557102,0.471886982442898,1,1,0.555555555555556,0.444444444444444,1.23491420993041,-1.23491420993041,2661.32171858923,2639.29633991241,12,6,107,44
87242,2009-08-01 10:00:00,MatchDate_Modern,67,Shanghai Masters Qualifiers,2009,2009-08-03 00:00:00,2009-08-06 00:00:00,2009-08-01 10:00:00,matches_2009_all.csv,119,Simon Bedford,England,477,David Hogan,Ireland,119,Simon Bedford,England,119,Simon Bedford,England,5,3,5,3,8,FALSE,TRUE,52,0,611,0,2663.27564645164,2579.460545201,2690.48946544146,2579.460545201,5,5,1,1,5,5,0.618332966998449,0.381667033001551,1,1,0.625,0.375,0.266681320062028,-0.266681320062028,2663.5423277717,2579.19386388094,53,1,619,8
87243,2009-08-01 10:00:00,MatchDate_Modern,67,Shanghai Masters Qualifiers,2009,2009-08-03 00:00:00,2009-08-06 00:00:00,2009-08-01 10:00:00,matches_2009_all.csv,410,Stephen Rowlings,England,93,Jimmy Robertson,England,93,Jimmy Robertson,England,93,Jimmy Robertson,England,2,5,2,5,7,TRUE,FALSE,0,6,0,65,2600,2607.34340840327,2600,2627.98344251577,5,5,1,1,5,5,0.489433559207099,0.510566440792901,1,1,0.285714285714286,0.714285714285714,-7.13017457224846,7.13017457224846,2592.86982542775,2614.47358297552,1,7,7,72
87245,2009-08-01 10:00:00,MatchDate_Modern,67,Shanghai Masters Qualifiers,2009,2009-08-03 00:00:00,2009-08-06 00:00:00,2009-08-01 10:00:00,matches_2009_all.csv,99,Lee Spick,England,60,Andrew Norman,England,99,Lee Spick,England,99,Lee Spick,England,5,1,5,1,6,FALSE,FALSE,30,55,425,523,2700.1576383904,2629.80360939242,2648.63395658008,2652.53313967996,5,5,1,1,5,5,0.599886051688036,0.400113948311964,1,1,0.833333333333333,0.166666666666667,7.00341844935891,-7.00341844935891,2707.16105683976,2622.80019094306,31,56,431,529
87246,2009-08-01 10:00:00,MatchDate_Modern,67,Shanghai Masters Qualifiers,2009,2009-08-03 00:00:00,2009-08-06 00:00:00,2009-08-01 10:00:00,matches_2009_all.csv,197,Lee Page,England,171,Michael White,Wales,171,Michael White,Wales,171,Michael White,Wales,2,5,2,5,7,FALSE,FALSE,2,2,22,28,2603.59415556497,2655.26126568516,2605.11996469895,2652.5398561384,5,5,1,1,5,5,0.426188356841189,0.573811643158811,1,1,0.285714285714286,0.714285714285714,-4.91659248944161,4.91659248944161,2598.67756307553,2660.17785817461,3,3,29,35
87247,2009-08-01 10:00:00,MatchDate_Modern,67,Shanghai Masters Qualifiers,2009,2009-08-03 00:00:00,2009-08-06 00:00:00,2009-08-01 10:00:00,matches_2009_all.csv,19,Ben Woollaston,England,76,Sam Baird,England,19,Ben Woollaston,England,19,Ben Woollaston,England,5,4,5,4,9,FALSE,TRUE,21,0,176,0,2596.28413682873,2628.96809627591,2581.46877982197,2628.96809627591,5,5,1,1,5,5,0.453102260974317,0.546897739025683,1,1,0.555555555555556,0.444444444444444,4.61039825615572,-4.61039825615572,2600.89453508489,2624.35769801976,22,1,185,9
87248,2009-08-01 10:00:00,MatchDate_Modern,67,Shanghai Masters Qualifiers,2009,2009-08-03 00:00:00,2009-08-06 00:00:00,2009-08-01 10:00:00,matches_2009_all.csv,56,Patrick Wallace,Northern Ireland,58,Jordan Brown,Northern Ireland,56,Patrick Wallace,Northern Ireland,56,Patrick Wallace,Northern Ireland,5,4,5,4,9,FALSE,TRUE,58,0,661,0,2684.96764050236,2646.71721047331,2661.4666052822,2646.71721047331,5,5,1,1,5,5,0.554825466705984,0.445174533294016,1,1,0.555555555555556,0.444444444444444,0.0328539982307063,-0.0328539982307063,2685.00049450059,2646.68435647508,59,1,670,9
87249,2009-08-01 10:00:00,MatchDate_Modern,67,Shanghai Masters Qualifiers,2009,2009-08-03 00:00:00,2009-08-06 00:00:00,2009-08-01 10:00:00,matches_2009_all.csv,478,Noppadol Sangnil,Thailand,193,James Wattana,Thailand,478,Noppadol Sangnil,Thailand,478,Noppadol Sangnil,Thailand,5,2,5,2,7,FALSE,FALSE,3,232,35,2205,2610.47483621844,2703.67428548943,2600,2698.82987360658,5,5,1,1,5,5,0.369002342848677,0.630997657151323,1,1,0.714285714285714,0.285714285714286,12.0849180002963,-12.0849180002963,2622.55975421873,2691.58936748914,4,233,42,2212
87250,2009-08-01 10:00:00,MatchDate_Modern,67,Shanghai Masters Qualifiers,2009,2009-08-03 00:00:00,2009-08-06 00:00:00,2009-08-01 10:00:00,matches_2009_all.csv,47,Matthew Selt,England,476,Mark Boyle,Scotland,47,Matthew Selt,England,47,Matthew Selt,England,5,2,5,2,7,FALSE,FALSE,14,1,152,14,2636.24911094574,2597.4125411007,2633.16114797825,2600,5,5,1,1,5,5,0.555658692828832,0.444341307171168,1,1,0.714285714285714,0.285714285714286,5.55194575099089,-5.55194575099089,2641.80105669673,2591.86059534971,15,2,159,21
87251,2009-08-01 10:00:00,MatchDate_Modern,67,Shanghai Masters Qualifiers,2009,2009-08-03 00:00:00,2009-08-06 00:00:00,2009-08-01 10:00:00,matches_2009_all.csv,194,Joe Delaney,Ireland,32,Daniel Wells,Wales,194,Joe Delaney,Ireland,194,Joe Delaney,Ireland,5,3,5,3,8,FALSE,FALSE,48,8,586,109,2625.73842299566,2652.90363318752,2635.47991107009,2629.1957811392,5,5,1,1,5,5,0.460985590194382,0.539014409805618,1,1,0.625,0.375,6.56057639222472,-6.56057639222472,2632.29899938788,2646.3430567953,49,9,594,117
87252,2009-08-01 10:00:00,MatchDate_Modern,67,Shanghai Masters Qualifiers,2009,2009-08-03 00:00:00,2009-08-06 00:00:00,2009-08-01 10:00:00,matches_2009_all.csv,190,David Morris,Ireland,41,Tony Drago,Malta,41,Tony Drago,Malta,41,Tony Drago,Malta,4,5,4,5,9,FALSE,FALSE,6,178,90,1580,2649.8121733087,2646.94708612619,2631.22935466077,2646.0756082668,5,5,1,1,5,5,0.504123098437474,0.495876901562526,1,1,0.444444444444444,0.555555555555556,-2.68553942968632,2.68553942968632,2647.12663387901,2649.63262555588,7,179,99,1589
87253,2009-08-01 10:00:00,MatchDate_Modern,67,Shanghai Masters Qualifiers,2009,2009-08-03 00:00:00,2009-08-06 00:00:00,2009-08-01 10:00:00,matches_2009_all.csv,118,David Gilbert,England,473,Brendan O'Donoghue,Ireland,118,David Gilbert,England,118,David Gilbert,England,5,2,5,2,7,FALSE,FALSE,37,2,427,17,2680.38642398365,2604.7991593511,2640.13548987234,2600,5,5,1,1,5,5,0.607094484308196,0.392905515691804,1,1,0.714285714285714,0.285714285714286,3.75169304921314,-3.75169304921314,2684.13811703286,2601.04746630189,38,3,434,24
87254,2009-08-01 10:00:00,MatchDate_Modern,67,Shanghai Masters Qualifiers,2009,2009-08-03 00:00:00,2009-08-06 00:00:00,2009-08-01 10:00:00,matches_2009_all.csv,20,Jimmy White,England,64,Bjorn Haneveer,Belgium,20,Jimmy White,England,20,Jimmy White,England,5,0,5,0,5,FALSE,FALSE,378,51,4111,548,2706.79115377299,2660.150168873,2664.00730147513,2680.31898758155,5,5,1,1,5,5,0.566721450471897,0.433278549528103,1,1,1,0,10.8319637382026,-10.8319637382026,2717.62311751119,2649.3182051348,379,52,4116,553
87255,2009-08-01 10:00:00,MatchDate_Modern,67,Shanghai Masters Qualifiers,2009,2009-08-03 00:00:00,2009-08-06 00:00:00,2009-08-01 10:00:00,matches_2009_all.csv,48,Mark Joyce,England,7,Joe Jogia,England,7,Joe Jogia,England,7,Joe Jogia,England,2,5,2,5,7,FALSE,FALSE,12,35,133,419,2608.76029245116,2631.45041896763,2604.16209010068,2606.88305733108,5,5,1,1,5,5,0.467392627379157,0.532607372620844,1,1,0.285714285714286,0.714285714285714,-6.35874195827048,6.35874195827048,2602.40155049289,2637.80916092591,13,36,140,426
87256,2009-08-01 10:00:00,MatchDate_Modern,67,Shanghai Masters Qualifiers,2009,2009-08-03 00:00:00,2009-08-06 00:00:00,2009-08-01 10:00:00,matches_2009_all.csv,92,Robert Milkins,England,131,Craig Steadman,England,92,Robert Milkins,England,92,Robert Milkins,England,5,1,5,1,6,FALSE,FALSE,81,3,839,40,2675.697253474,2606.57605913543,2634.99768407562,2613.44142902294,5,5,1,1,5,5,0.598181464849007,0.401818535150993,1,1,0.833333333333333,0.166666666666667,7.05455605452979,-7.05455605452979,2682.75180952853,2599.5215030809,82,4,845,46
87257,2009-08-01 10:00:00,MatchDate_Modern,67,Shanghai Masters Qualifiers,2009,2009-08-03 00:00:00,2009-08-06 00:00:00,2009-08-01 10:00:00,matches_2009_all.csv,177,Rod Lawler,England,24,Xiao Guodong,China,177,Rod Lawler,England,177,Rod Lawler,England,5,4,5,4,9,FALSE,FALSE,102,12,1110,107,2655.61209028162,2661.32171858923,2667.58763048803,2639.14832151539,5,5,1,1,5,5,0.491783923967188,0.508216076032813,1,1,0.555555555555556,0.444444444444444,2.86972342147656,-2.86972342147656,2658.4818137031,2658.45199516775,103,13,1119,116
87258,2009-08-01 10:00:00,MatchDate_Modern,67,Shanghai Masters Qualifiers,2009,2009-08-03 00:00:00,2009-08-06 00:00:00,2009-08-01 10:00:00,matches_2009_all.csv,46,Liu Song,China,119,Simon Bedford,England,119,Simon Bedford,England,119,Simon Bedford,England,0,5,0,5,5,FALSE,FALSE,23,53,261,619,2655.72384856807,2663.5423277717,2644.26678493922,2690.48946544146,5,5,1,1,5,5,0.488750202871497,0.511249797128503,1,1,0,1,-12.2187550717874,12.2187550717874,2643.50509349628,2675.76108284349,24,54,266,624
87259,2009-08-01 10:00:00,MatchDate_Modern,67,Shanghai Masters Qualifiers,2009,2009-08-03 00:00:00,2009-08-06 00:00:00,2009-08-01 10:00:00,matches_2009_all.csv,6,Barry Pinches,England,93,Jimmy Robertson,England,93,Jimmy Robertson,England,93,Jimmy Robertson,England,4,5,4,5,9,FALSE,FALSE,95,7,1123,72,2685.16298644074,2614.47358297552,2612.15840316556,2627.98344251577,5,5,1,1,5,5,0.600349343125655,0.399650656874345,1,1,0.444444444444444,0.555555555555556,-7.01572044065448,7.01572044065448,2678.14726600008,2621.48930341618,96,8,1132,81
87260,2009-08-01 10:00:00,MatchDate_Modern,67,Shanghai Masters Qualifiers,2009,2009-08-03 00:00:00,2009-08-06 00:00:00,2009-08-01 10:00:00,matches_2009_all.csv,283,Jin Long,China,29,Matthew Couch,England,29,Matthew Couch,England,29,Matthew Couch,England,4,5,4,5,9,FALSE,FALSE,21,47,220,575,2642.698422793,2651.53367044146,2596.4259600223,2633.41811665594,5,5,1,1,5,5,0.487287796665655,0.512712203334345,1,1,0.444444444444444,0.555555555555556,-1.92795084995448,1.92795084995448,2640.77047194304,2653.46162129141,22,48,229,584
87261,2009-08-01 10:00:00,MatchDate_Modern,67,Shanghai Masters Qualifiers,2009,2009-08-03 00:00:00,2009-08-06 00:00:00,2009-08-01 10:00:00,matches_2009_all.csv,8,Tom Ford,England,99,Lee Spick,England,99,Lee Spick,England,99,Lee Spick,England,2,5,2,5,7,FALSE,FALSE,67,31,671,431,2682.09390227449,2707.16105683976,2674.83174745156,2648.63395658008,5,5,1,1,5,5,0.463987929863883,0.536012070136117,1,1,0.285714285714286,0.714285714285714,-6.23957754523592,6.23957754523592,2675.85432472925,2713.40063438499,68,32,678,438
87262,2009-08-01 10:00:00,MatchDate_Modern,67,Shanghai Masters Qualifiers,2009,2009-08-03 00:00:00,2009-08-06 00:00:00,2009-08-01 10:00:00,matches_2009_all.csv,408,John Parrott,England,171,Michael White,Wales,171,Michael White,Wales,171,Michael White,Wales,0,5,0,5,5,FALSE,FALSE,315,3,3261,35,2668.37942859443,2660.17785817461,2675.90153149846,2652.5398561384,5,5,1,1,5,5,0.511800816720525,0.488199183279476,1,1,0,1,-12.7950204180131,12.7950204180131,2655.58440817642,2672.97287859262,316,4,3266,40
87263,2009-08-01 10:00:00,MatchDate_Modern,67,Shanghai Masters Qualifiers,2009,2009-08-03 00:00:00,2009-08-06 00:00:00,2009-08-01 10:00:00,matches_2009_all.csv,37,Peter Lines,England,19,Ben Woollaston,England,37,Peter Lines,England,37,Peter Lines,England,5,3,5,3,8,FALSE,FALSE,51,22,571,185,2641.86206952133,2600.89453508489,2623.24680930579,2581.46877982197,5,5,1,1,5,5,0.558685291759907,0.441314708240093,1,1,0.625,0.375,2.65258832960372,-2.65258832960372,2644.51465785093,2598.24194675528,52,23,579,193
87264,2009-08-01 10:00:00,MatchDate_Modern,67,Shanghai Masters Qualifiers,2009,2009-08-03 00:00:00,2009-08-06 00:00:00,2009-08-01 10:00:00,matches_2009_all.csv,173,Paul Davies,Wales,56,Patrick Wallace,Northern Ireland,56,Patrick Wallace,Northern Ireland,56,Patrick Wallace,Northern Ireland,3,5,3,5,8,FALSE,FALSE,93,59,965,670,2639.05535729751,2685.00049450059,2636.94453942695,2661.4666052822,5,5,1,1,5,5,0.434262384454307,0.565737615545694,1,1,0.375,0.625,-2.37049537817226,2.37049537817226,2636.68486191934,2687.37098987876,94,60,973,678
87265,2009-08-01 10:00:00,MatchDate_Modern,67,Shanghai Masters Qualifiers,2009,2009-08-03 00:00:00,2009-08-06 00:00:00,2009-08-01 10:00:00,matches_2009_all.csv,409,David Roe,England,478,Noppadol Sangnil,Thailand,478,Noppadol Sangnil,Thailand,478,Noppadol Sangnil,Thailand,3,5,3,5,8,FALSE,FALSE,129,4,1282,42,2665.81003082313,2622.55975421873,2606.77267937865,2600,5,5,1,1,5,5,0.561922623274254,0.438077376725746,1,1,0.375,0.625,-7.47690493097015,7.47690493097015,2658.33312589216,2630.0366591497,130,5,1290,50
87266,2009-08-01 10:00:00,MatchDate_Modern,67,Shanghai Masters Qualifiers,2009,2009-08-03 00:00:00,2009-08-06 00:00:00,2009-08-01 10:00:00,matches_2009_all.csv,51,Andy Hicks,England,47,Matthew Selt,England,47,Matthew Selt,England,47,Matthew Selt,England,4,5,4,5,9,FALSE,FALSE,129,15,1409,159,2695.28572184426,2641.80105669673,2680.11629308963,2633.16114797825,5,5,1,1,5,5,0.576368314961489,0.423631685038511,1,1,0.444444444444444,0.555555555555556,-5.93657417326699,5.93657417326699,2689.34914767099,2647.73763087,130,16,1418,168
87267,2009-08-01 10:00:00,MatchDate_Modern,67,Shanghai Masters Qualifiers,2009,2009-08-03 00:00:00,2009-08-06 00:00:00,2009-08-01 10:00:00,matches_2009_all.csv,179,Stuart Pettman,England,194,Joe Delaney,Ireland,179,Stuart Pettman,England,179,Stuart Pettman,England,5,2,5,2,7,FALSE,FALSE,81,49,810,594,2723.90797195986,2632.29899938788,2605.0243192208,2635.47991107009,5,5,1,1,5,5,0.6288633445638,0.3711366554362,1,1,0.714285714285714,0.285714285714286,2.98978294026701,-2.98978294026701,2726.89775490013,2629.30921644761,82,50,817,601
87268,2009-08-01 10:00:00,MatchDate_Modern,67,Shanghai Masters Qualifiers,2009,2009-08-03 00:00:00,2009-08-06 00:00:00,2009-08-01 10:00:00,matches_2009_all.csv,11,Marcus Campbell,Scotland,41,Tony Drago,Malta,11,Marcus Campbell,Scotland,11,Marcus Campbell,Scotland,5,4,5,4,9,FALSE,FALSE,85,179,884,1589,2689.64560995717,2649.63262555588,2640.66687405255,2646.0756082668,5,5,1,1,5,5,0.55733007423221,0.442669925767791,1,1,0.555555555555556,0.444444444444444,-0.0798533404494251,0.0798533404494273,2689.56575661672,2649.71247889633,86,180,893,1598
87269,2009-08-01 10:00:00,MatchDate_Modern,67,Shanghai Masters Qualifiers,2009,2009-08-03 00:00:00,2009-08-06 00:00:00,2009-08-01 10:00:00,matches_2009_all.csv,44,Alan McManus,Scotland,118,David Gilbert,England,118,David Gilbert,England,118,David Gilbert,England,0,5,0,5,5,FALSE,FALSE,266,38,2628,434,2714.17760868795,2684.13811703286,2687.86905897808,2640.13548987234,5,5,1,1,5,5,0.543122902891607,0.456877097108393,1,1,0,1,-13.5780725722902,13.5780725722902,2700.59953611566,2697.71618960515,267,39,2633,439
87270,2009-08-01 10:00:00,MatchDate_Modern,67,Shanghai Masters Qualifiers,2009,2009-08-03 00:00:00,2009-08-06 00:00:00,2009-08-01 10:00:00,matches_2009_all.csv,25,Andrew Higginson,England,20,Jimmy White,England,25,Andrew Higginson,England,25,Andrew Higginson,England,5,2,5,2,7,FALSE,FALSE,53,379,610,4116,2707.90657514529,2717.62311751119,2645.58210388717,2664.00730147513,5,5,1,1,5,5,0.486020415888929,0.513979584111071,1,1,0.714285714285714,0.285714285714286,7.98928544388749,-7.98928544388749,2715.89586058917,2709.63383206731,54,380,617,4123
87271,2009-08-01 10:00:00,MatchDate_Modern,67,Shanghai Masters Qualifiers,2009,2009-08-03 00:00:00,2009-08-06 00:00:00,2009-08-01 10:00:00,matches_2009_all.csv,53,Jamie Burnett,Scotland,7,Joe Jogia,England,53,Jamie Burnett,Scotland,53,Jamie Burnett,Scotland,5,4,5,4,9,FALSE,FALSE,90,36,928,426,2679.88936955014,2637.80916092591,2672.6417365714,2606.88305733108,5,5,1,1,5,5,0.560263901045648,0.439736098954352,1,1,0.555555555555556,0.444444444444444,-0.21187554705417,0.211875547054172,2679.67749400309,2638.02103647296,91,37,937,435
87272,2009-08-01 10:00:00,MatchDate_Modern,67,Shanghai Masters Qualifiers,2009,2009-08-03 00:00:00,2009-08-06 00:00:00,2009-08-01 10:00:00,matches_2009_all.csv,115,Anthony Hamilton,England,92,Robert Milkins,England,115,Anthony Hamilton,England,115,Anthony Hamilton,England,5,4,5,4,9,FALSE,FALSE,209,82,1940,845,2739.9041207837,2682.75180952853,2624.04111595839,2634.99768407562,5,5,1,1,5,5,0.581514861245179,0.418485138754821,1,1,0.555555555555556,0.444444444444444,-1.16816875603304,1.16816875603304,2738.73595202767,2683.91997828456,210,83,1949,854
87273,2009-08-01 10:00:00,MatchDate_Modern,67,Shanghai Masters Qualifiers,2009,2009-08-03 00:00:00,2009-08-06 00:00:00,2009-08-01 10:00:00,matches_2009_all.csv,170,Ken Doherty,Ireland,177,Rod Lawler,England,170,Ken Doherty,Ireland,170,Ken Doherty,Ireland,5,2,5,2,7,FALSE,FALSE,359,103,3338,1119,2704.87639862379,2658.4818137031,2703.13268866811,2667.58763048803,5,5,1,1,5,5,0.566373133822728,0.433626866177272,1,1,0.714285714285714,0.285714285714286,5.17694031620451,-5.17694031620451,2710.05333893999,2653.3048733869,360,104,3345,1126
87274,2009-08-01 10:00:00,MatchDate_Modern,67,Shanghai Masters Qualifiers,2009,2009-08-03 00:00:00,2009-08-06 00:00:00,2009-08-01 10:00:00,matches_2009_all.csv,103,Ian McCulloch,England,119,Simon Bedford,England,119,Simon Bedford,England,119,Simon Bedford,England,1,5,1,5,6,FALSE,FALSE,124,54,1328,624,2690.87118739411,2675.76108284349,2646.80283604278,2690.48946544146,5,5,1,1,5,5,0.521731489086929,0.478268510913071,1,1,0.166666666666667,0.833333333333333,-10.6519446726079,10.6519446726079,2680.2192427215,2686.4130275161,125,55,1334,630
87275,2009-08-01 10:00:00,MatchDate_Modern,67,Shanghai Masters Qualifiers,2009,2009-08-03 00:00:00,2009-08-06 00:00:00,2009-08-01 10:00:00,matches_2009_all.csv,54,Mike Dunn,England,93,Jimmy Robertson,England,93,Jimmy Robertson,England,93,Jimmy Robertson,England,0,5,0,5,5,FALSE,FALSE,70,8,734,81,2680.32430742568,2621.48930341618,2619.6673945167,2627.98344251577,5,5,1,1,5,5,0.583870209942091,0.416129790057909,1,1,0,1,-14.5967552485523,14.5967552485523,2665.72755217713,2636.08605866473,71,9,739,86
87276,2009-08-01 10:00:00,MatchDate_Modern,67,Shanghai Masters Qualifiers,2009,2009-08-03 00:00:00,2009-08-06 00:00:00,2009-08-01 10:00:00,matches_2009_all.csv,33,Dominic Dale,Wales,29,Matthew Couch,England,33,Dominic Dale,Wales,33,Dominic Dale,Wales,5,2,5,2,7,FALSE,FALSE,142,48,1335,584,2684.27356365236,2653.46162129141,2644.85583858459,2633.41811665594,5,5,1,1,5,5,0.544226066668716,0.455773933331284,1,1,0.714285714285714,0.285714285714286,5.95208766659495,-5.95208766659495,2690.22565131895,2647.50953362481,143,49,1342,591
87277,2009-08-01 10:00:00,MatchDate_Modern,67,Shanghai Masters Qualifiers,2009,2009-08-03 00:00:00,2009-08-06 00:00:00,2009-08-01 10:00:00,matches_2009_all.csv,204,Michael Judge,Ireland,99,Lee Spick,England,99,Lee Spick,England,99,Lee Spick,England,1,5,1,5,6,FALSE,FALSE,113,32,1166,438,2690.03578344202,2713.40063438499,2663.8676581939,2648.63395658008,5,5,1,1,5,5,0.466425874182531,0.533574125817469,1,1,0.166666666666667,0.833333333333333,-8.99277622547594,8.99277622547594,2681.04300721655,2722.39341061047,114,33,1172,444
87278,2009-08-01 10:00:00,MatchDate_Modern,67,Shanghai Masters Qualifiers,2009,2009-08-03 00:00:00,2009-08-06 00:00:00,2009-08-01 10:00:00,matches_2009_all.csv,15,Mark Davis,England,171,Michael White,Wales,15,Mark Davis,England,15,Mark Davis,England,5,3,5,3,8,FALSE,FALSE,100,4,1083,40,2685.63769761931,2672.97287859262,2700.48212788131,2652.5398561384,5,5,1,1,5,5,0.518218071199161,0.481781928800839,1,1,0.625,0.375,4.27127715203355,-4.27127715203355,2689.90897477134,2668.70160144059,101,5,1091,48
87279,2009-08-01 10:00:00,MatchDate_Modern,67,Shanghai Masters Qualifiers,2009,2009-08-03 00:00:00,2009-08-06 00:00:00,2009-08-01 10:00:00,matches_2009_all.csv,27,Martin Gould,England,37,Peter Lines,England,27,Martin Gould,England,27,Martin Gould,England,5,0,5,0,5,FALSE,FALSE,27,52,336,579,2699.57708286923,2644.51465785093,2650.46999447596,2623.24680930579,5,5,1,1,5,5,0.57858437249048,0.42141562750952,1,1,1,0,10.535390687738,-10.535390687738,2710.11247355697,2633.97926716319,28,53,341,584
87280,2009-08-01 10:00:00,MatchDate_Modern,67,Shanghai Masters Qualifiers,2009,2009-08-03 00:00:00,2009-08-06 00:00:00,2009-08-01 10:00:00,matches_2009_all.csv,50,Rory McLeod,Jamaica,56,Patrick Wallace,Northern Ireland,56,Patrick Wallace,Northern Ireland,56,Patrick Wallace,Northern Ireland,3,5,3,5,8,FALSE,FALSE,61,60,667,678,2697.41186071673,2687.37098987876,2616.03689043853,2661.4666052822,5,5,1,1,5,5,0.514445953131615,0.485554046868385,1,1,0.375,0.625,-5.57783812526458,5.57783812526458,2691.83402259146,2692.94882800402,62,61,675,686
87281,2009-08-01 10:00:00,MatchDate_Modern,67,Shanghai Masters Qualifiers,2009,2009-08-03 00:00:00,2009-08-06 00:00:00,2009-08-01 10:00:00,matches_2009_all.csv,55,Adrian Gunnell,England,478,Noppadol Sangnil,Thailand,55,Adrian Gunnell,England,55,Adrian Gunnell,England,5,2,5,2,7,FALSE,FALSE,73,5,723,50,2644.28746876727,2630.0366591497,2613.08503849781,2600,5,5,1,1,5,5,0.520497070117657,0.479502929882344,1,1,0.714285714285714,0.285714285714286,6.78260254588202,-6.78260254588202,2651.07007131316,2623.25405660382,74,6,730,57
87282,2009-08-01 10:00:00,MatchDate_Modern,67,Shanghai Masters Qualifiers,2009,2009-08-03 00:00:00,2009-08-06 00:00:00,2009-08-01 10:00:00,matches_2009_all.csv,36,Jimmy Michie,England,47,Matthew Selt,England,47,Matthew Selt,England,47,Matthew Selt,England,1,5,1,5,6,FALSE,FALSE,93,16,941,168,2677.42303135322,2647.73763087,2643.16985781038,2633.16114797825,5,5,1,1,5,5,0.542617070861546,0.457382929138454,1,1,0.166666666666667,0.833333333333333,-11.2785121258464,11.2785121258464,2666.14451922738,2659.01614299584,94,17,947,174
87283,2009-08-01 10:00:00,MatchDate_Modern,67,Shanghai Masters Qualifiers,2009,2009-08-03 00:00:00,2009-08-06 00:00:00,2009-08-01 10:00:00,matches_2009_all.csv,28,Mark King,England,179,Stuart Pettman,England,28,Mark King,England,28,Mark King,England,5,4,5,4,9,FALSE,FALSE,228,82,1913,817,2705.47924038268,2726.89775490013,2650.41419841964,2605.0243192208,5,5,1,1,5,5,0.469215268140835,0.530784731859165,1,1,0.555555555555556,0.444444444444444,3.88531293366243,-3.88531293366242,2709.36455331634,2723.01244196647,229,83,1922,826
87284,2009-08-01 10:00:00,MatchDate_Modern,67,Shanghai Masters Qualifiers,2009,2009-08-03 00:00:00,2009-08-06 00:00:00,2009-08-01 10:00:00,matches_2009_all.csv,12,Judd Trump,England,11,Marcus Campbell,Scotland,11,Marcus Campbell,Scotland,11,Marcus Campbell,Scotland,2,5,2,5,7,FALSE,FALSE,58,86,487,893,2764.35484983299,2689.56575661672,2671.03286202276,2640.66687405255,5,5,1,1,5,5,0.605997982710867,0.394002017289133,1,1,0.285714285714286,0.714285714285714,-11.2099293948804,11.2099293948804,2753.14492043811,2700.7756860116,59,87,494,900
87285,2009-08-01 10:00:00,MatchDate_Modern,67,Shanghai Masters Qualifiers,2009,2009-08-03 00:00:00,2009-08-06 00:00:00,2009-08-01 10:00:00,matches_2009_all.csv,200,Liang Wenbo,China,118,David Gilbert,England,200,Liang Wenbo,China,200,Liang Wenbo,China,5,2,5,2,7,FALSE,FALSE,49,39,435,439,2753.51443301145,2697.71618960515,2685.07686582305,2640.13548987234,5,5,1,1,5,5,0.57961679742598,0.42038320257402,1,1,0.714285714285714,0.285714285714286,4.71341209009071,-4.71341209009071,2758.22784510154,2693.00277751506,50,40,442,446
87286,2009-08-01 10:00:00,MatchDate_Modern,67,Shanghai Masters Qualifiers,2009,2009-08-03 00:00:00,2009-08-06 00:00:00,2009-08-01 10:00:00,matches_2009_all.csv,31,Dave Harold,England,25,Andrew Higginson,England,25,Andrew Higginson,England,25,Andrew Higginson,England,2,5,2,5,7,FALSE,FALSE,202,54,1842,617,2690.95705912635,2715.89586058917,2701.35835862953,2645.58210388717,5,5,1,1,5,5,0.464171691503153,0.535828308496847,1,1,0.285714285714286,0.714285714285714,-6.24600920261035,6.24600920261035,2684.71104992374,2722.14186979178,203,55,1849,624
87287,2009-08-01 10:00:00,MatchDate_Modern,67,Shanghai Masters Qualifiers,2009,2009-08-03 00:00:00,2009-08-06 00:00:00,2009-08-01 10:00:00,matches_2009_all.csv,125,Michael Holt,England,53,Jamie Burnett,Scotland,125,Michael Holt,England,125,Michael Holt,England,5,4,5,4,9,FALSE,FALSE,120,91,1128,937,2675.19080034669,2679.67749400309,2628.20216001758,2672.6417365714,5,5,1,1,5,5,0.493543487695939,0.506456512304061,1,1,0.555555555555556,0.444444444444444,2.79054305368274,-2.79054305368274,2677.98134340038,2676.8869509494,121,92,1137,946
87288,2009-08-01 10:00:00,MatchDate_Modern,67,Shanghai Masters Qualifiers,2009,2009-08-03 00:00:00,2009-08-06 00:00:00,2009-08-01 10:00:00,matches_2009_all.csv,3,Jamie Cope,England,115,Anthony Hamilton,England,3,Jamie Cope,England,3,Jamie Cope,England,5,0,5,0,5,FALSE,FALSE,101,210,773,1949,2732.10517352248,2738.73595202767,2642.34302814736,2624.04111595839,5,5,1,1,5,5,0.490458701055477,0.509541298944523,1,1,1,0,12.7385324736131,-12.7385324736131,2744.84370599609,2725.99741955406,102,211,778,1954
87289,2009-08-01 10:00:00,MatchDate_Modern,67,Shanghai Masters Qualifiers,2009,2009-08-03 00:00:00,2009-08-06 00:00:00,2009-08-01 10:00:00,matches_2009_all.csv,63,Fergal O'Brien,Ireland,170,Ken Doherty,Ireland,170,Ken Doherty,Ireland,170,Ken Doherty,Ireland,4,5,4,5,9,FALSE,FALSE,158,360,1496,3345,2716.95812586957,2710.05333893999,2692.3706339272,2703.13268866811,5,5,1,1,5,5,0.509935479157923,0.490064520842077,1,1,0.444444444444444,0.555555555555556,-2.94709656210654,2.94709656210654,2714.01102930747,2713.0004355021,159,361,1505,3354
87290,2009-08-01 10:00:00,MatchDate_Modern,67,Shanghai Masters Qualifiers,2009,2009-08-03 00:00:00,2009-08-06 00:00:00,2009-08-01 10:00:00,matches_2009_all.csv,16,Barry Hawkins,England,119,Simon Bedford,England,16,Barry Hawkins,England,16,Barry Hawkins,England,5,1,5,1,6,FALSE,FALSE,140,55,1230,630,2721.98509119651,2686.4130275161,2665.51914316575,2690.48946544146,5,5,1,1,5,5,0.551014185194533,0.448985814805467,1,1,0.833333333333333,0.166666666666667,8.46957444416401,-8.46957444416401,2730.45466564068,2677.94345307193,141,56,1236,636
87291,2009-08-01 10:00:00,MatchDate_Modern,67,Shanghai Masters Qualifiers,2009,2009-08-03 00:00:00,2009-08-06 00:00:00,2009-08-01 10:00:00,matches_2009_all.csv,52,Graeme Dott,Scotland,93,Jimmy Robertson,England,52,Graeme Dott,Scotland,52,Graeme Dott,Scotland,5,4,5,4,9,FALSE,FALSE,184,9,1821,86,2728.12938751806,2636.08605866473,2677.78458092588,2627.98344251577,5,5,1,1,5,5,0.629446724917452,0.370553275082548,1,1,0.555555555555556,0.444444444444444,-3.32510262128535,3.32510262128535,2724.80428489678,2639.41116128601,185,10,1830,95
87292,2009-08-01 10:00:00,MatchDate_Modern,67,Shanghai Masters Qualifiers,2009,2009-08-03 00:00:00,2009-08-06 00:00:00,2009-08-01 10:00:00,matches_2009_all.csv,14,Nigel Bond,England,33,Dominic Dale,Wales,14,Nigel Bond,England,14,Nigel Bond,England,5,4,5,4,9,FALSE,FALSE,228,143,2169,1342,2711.54935574445,2690.22565131895,2698.84872106548,2644.85583858459,5,5,1,1,5,5,0.530648804115302,0.469351195884698,1,1,0.555555555555556,0.444444444444444,1.12080381481143,-1.12080381481143,2712.67015955926,2689.10484750414,229,144,2178,1351
87293,2009-08-01 10:00:00,MatchDate_Modern,67,Shanghai Masters Qualifiers,2009,2009-08-03 00:00:00,2009-08-06 00:00:00,2009-08-01 10:00:00,matches_2009_all.csv,13,Stephen Lee,England,99,Lee Spick,England,13,Stephen Lee,England,13,Stephen Lee,England,5,3,5,3,8,FALSE,FALSE,240,33,2269,444,2703.29016746718,2722.39341061047,2693.21413052306,2648.63395658008,5,5,1,1,5,5,0.472535894031751,0.527464105968249,1,1,0.625,0.375,6.09856423872997,-6.09856423872997,2709.38873170591,2716.29484637174,241,34,2277,452
87294,2009-08-01 10:00:00,MatchDate_Modern,67,Shanghai Masters Qualifiers,2009,2009-08-03 00:00:00,2009-08-06 00:00:00,2009-08-01 10:00:00,matches_2009_all.csv,30,Stuart Bingham,England,15,Mark Davis,England,30,Stuart Bingham,England,30,Stuart Bingham,England,5,2,5,2,7,FALSE,FALSE,148,101,1396,1091,2736.36315227242,2689.90897477134,2664.72075429549,2700.48212788131,5,5,1,1,5,5,0.566457381283884,0.433542618716116,1,1,0.714285714285714,0.285714285714286,5.17399165506406,-5.17399165506406,2741.53714392749,2684.73498311628,149,102,1403,1098
87295,2009-08-01 10:00:00,MatchDate_Modern,67,Shanghai Masters Qualifiers,2009,2009-08-03 00:00:00,2009-08-06 00:00:00,2009-08-01 10:00:00,matches_2009_all.csv,38,Gerard Greene,Northern Ireland,27,Martin Gould,England,38,Gerard Greene,Northern Ireland,38,Gerard Greene,Northern Ireland,5,3,5,3,8,FALSE,FALSE,109,28,996,341,2719.23392951246,2710.11247355697,2650.07103492475,2650.46999447596,5,5,1,1,5,5,0.513123815239888,0.486876184760112,1,1,0.625,0.375,4.47504739040448,-4.47504739040448,2723.70897690287,2705.63742616657,110,29,1004,349
87296,2009-08-01 10:00:00,MatchDate_Modern,67,Shanghai Masters Qualifiers,2009,2009-08-03 00:00:00,2009-08-06 00:00:00,2009-08-01 10:00:00,matches_2009_all.csv,9,Matthew Stevens,Wales,56,Patrick Wallace,Northern Ireland,9,Matthew Stevens,Wales,9,Matthew Stevens,Wales,5,1,5,1,6,FALSE,FALSE,210,61,2096,686,2694.4157522914,2692.94882800402,2721.75373792231,2661.4666052822,5,5,1,1,5,5,0.502111061203633,0.497888938796367,1,1,0.833333333333333,0.166666666666667,9.93666816389101,-9.93666816389101,2704.35242045529,2683.01215984013,211,62,2102,692
87297,2009-08-01 10:00:00,MatchDate_Modern,67,Shanghai Masters Qualifiers,2009,2009-08-03 00:00:00,2009-08-06 00:00:00,2009-08-01 10:00:00,matches_2009_all.csv,35,Joe Swail,Northern Ireland,55,Adrian Gunnell,England,35,Joe Swail,Northern Ireland,35,Joe Swail,Northern Ireland,5,1,5,1,6,FALSE,FALSE,216,74,2004,730,2718.66704318026,2651.07007131316,2661.36017761865,2613.08503849781,5,5,1,1,5,5,0.596070706702456,0.403929293297544,1,1,0.833333333333333,0.166666666666667,7.11787879892632,-7.11787879892632,2725.78492197918,2643.95219251423,217,75,2010,736
87298,2009-08-01 10:00:00,MatchDate_Modern,67,Shanghai Masters Qualifiers,2009,2009-08-03 00:00:00,2009-08-06 00:00:00,2009-08-01 10:00:00,matches_2009_all.csv,212,Steve Davis,England,47,Matthew Selt,England,47,Matthew Selt,England,47,Matthew Selt,England,4,5,4,5,9,FALSE,FALSE,448,17,4558,174,2713.7578568174,2659.01614299584,2674.65788820987,2633.16114797825,5,5,1,1,5,5,0.578134167770291,0.421865832229709,1,1,0.444444444444444,0.555555555555556,-6.01603754966311,6.01603754966311,2707.74181926774,2665.03218054551,449,18,4567,183
87422,2009-09-21 00:00:00,EventStart_Fallback,69,Grand Prix Qualifiers,2009,2009-09-21 00:00:00,2009-09-24 00:00:00,2009-08-01 10:00:00,matches_2009_all.csv,69,Chris Norbury,England,60,Andrew Norman,England,60,Andrew Norman,England,60,Andrew Norman,England,2,5,2,5,7,FALSE,FALSE,8,56,77,529,2576.42014088453,2622.80019094306,2579.10098511936,2652.53313967996,5,5,1,1,5,5,0.433647415042914,0.566352584957086,1,1,0.285714285714286,0.714285714285714,-5.17765952650199,5.17765952650199,2571.24248135803,2627.97785046956,9,57,84,536
87423,2009-09-21 00:00:00,EventStart_Fallback,69,Grand Prix Qualifiers,2009,2009-09-21 00:00:00,2009-09-24 00:00:00,2009-08-01 10:00:00,matches_2009_all.csv,295,Li Hang,China,473,Brendan O'Donoghue,Ireland,295,Li Hang,China,295,Li Hang,China,5,4,5,4,9,FALSE,FALSE,8,3,74,24,2634.76260389596,2601.04746630189,2627.4398700366,2600,5,5,1,1,5,5,0.548368254494953,0.451631745505048,1,1,0.555555555555556,0.444444444444444,0.323428547727138,-0.323428547727138,2635.08603244368,2600.72403775416,9,4,83,33
87424,2009-09-21 00:00:00,EventStart_Fallback,69,Grand Prix Qualifiers,2009,2009-09-21 00:00:00,2009-09-24 00:00:00,2009-08-01 10:00:00,matches_2009_all.csv,56,Patrick Wallace,Northern Ireland,306,Mei Xiwen,China,56,Patrick Wallace,Northern Ireland,56,Patrick Wallace,Northern Ireland,5,0,5,0,5,FALSE,FALSE,62,2,692,13,2683.01215984013,2638.75664366855,2661.4666052822,2634.45561448144,5,5,1,1,5,5,0.563346576795344,0.436653423204657,1,1,1,0,10.9163355801164,-10.9163355801164,2693.92849542025,2627.84030808843,63,3,697,18
87425,2009-09-21 00:00:00,EventStart_Fallback,69,Grand Prix Qualifiers,2009,2009-09-21 00:00:00,2009-09-24 00:00:00,2009-08-01 10:00:00,matches_2009_all.csv,64,Bjorn Haneveer,Belgium,475,Ian Preece,Wales,64,Bjorn Haneveer,Belgium,64,Bjorn Haneveer,Belgium,5,2,5,2,7,FALSE,FALSE,52,18,553,235,2649.3182051348,2616.91092083961,2680.31898758155,2611.63247026104,5,5,1,1,5,5,0.546503044993546,0.453496955006454,1,1,0.714285714285714,0.285714285714286,5.87239342522588,-5.87239342522588,2655.19059856002,2611.03852741439,53,19,560,242
87426,2009-09-21 00:00:00,EventStart_Fallback,69,Grand Prix Qualifiers,2009,2009-09-21 00:00:00,2009-09-24 00:00:00,2009-08-01 10:00:00,matches_2009_all.csv,24,Xiao Guodong,China,7,Joe Jogia,England,7,Joe Jogia,England,7,Joe Jogia,England,1,5,1,5,6,FALSE,FALSE,13,37,116,435,2658.45199516775,2638.02103647296,2639.14832151539,2606.88305733108,5,5,1,1,5,5,0.529368668291075,0.470631331708925,1,1,0.166666666666667,0.833333333333333,-10.8810600487322,10.8810600487322,2647.57093511902,2648.90209652169,14,38,122,441
87427,2009-09-21 00:00:00,EventStart_Fallback,69,Grand Prix Qualifiers,2009,2009-09-21 00:00:00,2009-09-24 00:00:00,2009-08-01 10:00:00,matches_2009_all.csv,197,Lee Page,England,41,Tony Drago,Malta,41,Tony Drago,Malta,41,Tony Drago,Malta,1,5,1,5,6,FALSE,FALSE,3,180,29,1598,2598.67756307553,2649.71247889633,2605.11996469895,2646.0756082668,5,5,1,1,5,5,0.427078568759562,0.572921431240438,1,1,0.166666666666667,0.833333333333333,-7.81235706278687,7.81235706278687,2590.86520601274,2657.52483595911,4,181,35,1604
87428,2009-09-21 00:00:00,EventStart_Fallback,69,Grand Prix Qualifiers,2009,2009-09-21 00:00:00,2009-09-24 00:00:00,2009-08-01 10:00:00,matches_2009_all.csv,99,Lee Spick,England,130,David Gray,England,130,David Gray,England,130,David Gray,England,0,5,0,5,5,FALSE,FALSE,34,104,452,1047,2716.29484637174,2658.19798362413,2648.63395658008,2659.49561198169,5,5,1,1,5,5,0.582837461736351,0.417162538263649,1,1,0,1,-14.5709365434088,14.5709365434088,2701.72390982833,2672.76892016754,35,105,457,1052
87429,2009-09-21 00:00:00,EventStart_Fallback,69,Grand Prix Qualifiers,2009,2009-09-21 00:00:00,2009-09-24 00:00:00,2009-08-01 10:00:00,matches_2009_all.csv,29,Matthew Couch,England,93,Jimmy Robertson,England,29,Matthew Couch,England,29,Matthew Couch,England,5,1,5,1,6,FALSE,FALSE,49,10,591,95,2647.50953362481,2639.41116128601,2633.41811665594,2627.98344251577,5,5,1,1,5,5,0.511652384435248,0.488347615564752,1,1,0.833333333333333,0.166666666666667,9.65042846694255,-9.65042846694255,2657.15996209176,2629.76073281907,50,11,597,101
87430,2009-09-21 00:00:00,EventStart_Fallback,69,Grand Prix Qualifiers,2009,2009-09-21 00:00:00,2009-09-24 00:00:00,2009-08-01 10:00:00,matches_2009_all.csv,478,Noppadol Sangnil,Thailand,171,Michael White,Wales,171,Michael White,Wales,171,Michael White,Wales,1,5,1,5,6,FALSE,FALSE,6,5,57,48,2623.25405660382,2668.70160144059,2600,2652.5398561384,5,5,1,1,5,5,0.434966231289011,0.565033768710989,1,1,0.166666666666667,0.833333333333333,-8.04898693867033,8.04898693867033,2615.20506966515,2676.75058837926,7,6,63,54
87431,2009-09-21 00:00:00,EventStart_Fallback,69,Grand Prix Qualifiers,2009,2009-09-21 00:00:00,2009-09-24 00:00:00,2009-08-01 10:00:00,matches_2009_all.csv,474,Atthasit Mahitthi,Thailand,217,Thepchaiya Un-Nooh,Thailand,217,Thepchaiya Un-Nooh,Thailand,217,Thepchaiya Un-Nooh,Thailand,4,5,4,5,9,FALSE,FALSE,24,6,222,44,2624.15933625846,2639.29633991241,2617.91989712206,2645.68876620426,5,5,1,1,5,5,0.478229873247814,0.521770126752186,1,1,0.444444444444444,0.555555555555556,-1.52034429615163,1.52034429615163,2622.63899196231,2640.81668420856,25,7,231,53
87432,2009-09-21 00:00:00,EventStart_Fallback,69,Grand Prix Qualifiers,2009,2009-09-21 00:00:00,2009-09-24 00:00:00,2009-08-01 10:00:00,matches_2009_all.csv,32,Daniel Wells,Wales,76,Sam Baird,England,32,Daniel Wells,Wales,32,Daniel Wells,Wales,5,2,5,2,7,FALSE,FALSE,9,1,117,9,2646.3430567953,2624.35769801976,2629.1957811392,2628.96809627591,5,5,1,1,5,5,0.531597311614248,0.468402688385752,1,1,0.714285714285714,0.285714285714286,6.39409409350132,-6.39409409350132,2652.7371508888,2617.96360392626,10,2,124,16
87433,2009-09-21 00:00:00,EventStart_Fallback,69,Grand Prix Qualifiers,2009,2009-09-21 00:00:00,2009-09-24 00:00:00,2009-08-01 10:00:00,matches_2009_all.csv,410,Stephen Rowlings,England,193,James Wattana,Thailand,410,Stephen Rowlings,England,410,Stephen Rowlings,England,5,1,5,1,6,FALSE,FALSE,1,233,7,2212,2592.86982542775,2691.58936748914,2600,2698.82987360658,5,5,1,1,5,5,0.361634870572824,0.638365129427176,1,1,0.833333333333333,0.166666666666667,14.1509538828153,-14.1509538828153,2607.02077931057,2677.43841360632,2,234,13,2218
87434,2009-09-21 00:00:00,EventStart_Fallback,69,Grand Prix Qualifiers,2009,2009-09-21 00:00:00,2009-09-24 00:00:00,2009-08-01 10:00:00,matches_2009_all.csv,131,Craig Steadman,England,476,Mark Boyle,Scotland,476,Mark Boyle,Scotland,476,Mark Boyle,Scotland,4,5,4,5,9,FALSE,FALSE,4,2,46,21,2599.5215030809,2591.86059534971,2613.44142902294,2600,5,5,1,1,5,5,0.511023146048966,0.488976853951034,1,1,0.444444444444444,0.555555555555556,-2.99604157220348,2.99604157220348,2596.5254615087,2594.85663692192,5,3,55,30
87435,2009-09-21 00:00:00,EventStart_Fallback,69,Grand Prix Qualifiers,2009,2009-09-21 00:00:00,2009-09-24 00:00:00,2009-08-01 10:00:00,matches_2009_all.csv,119,Simon Bedford,England,477,David Hogan,Ireland,119,Simon Bedford,England,119,Simon Bedford,England,5,4,5,4,9,FALSE,FALSE,56,1,636,8,2677.94345307193,2579.19386388094,2690.48946544146,2579.460545201,5,5,1,1,5,5,0.63840505836426,0.36159494163574,1,1,0.555555555555556,0.444444444444444,-3.72822762639168,3.72822762639168,2674.21522544554,2582.92209150733,57,2,645,17
87436,2009-09-21 00:00:00,EventStart_Fallback,69,Grand Prix Qualifiers,2009,2009-09-21 00:00:00,2009-09-24 00:00:00,2009-08-01 10:00:00,matches_2009_all.csv,47,Matthew Selt,England,58,Jordan Brown,Northern Ireland,47,Matthew Selt,England,47,Matthew Selt,England,5,4,5,4,9,FALSE,FALSE,18,1,183,9,2665.03218054551,2646.68435647508,2633.16114797825,2646.71721047331,5,5,1,1,5,5,0.526380122788037,0.473619877211963,1,1,0.555555555555556,0.444444444444444,1.31289447453833,-1.31289447453833,2666.34507502005,2645.37146200054,19,2,192,18
87437,2009-09-21 00:00:00,EventStart_Fallback,69,Grand Prix Qualifiers,2009,2009-09-21 00:00:00,2009-09-24 00:00:00,2009-08-01 10:00:00,matches_2009_all.csv,19,Ben Woollaston,England,81,Zhang Anda,China,81,Zhang Anda,China,81,Zhang Anda,China,3,5,3,5,8,FALSE,FALSE,23,4,193,24,2598.24194675528,2609.49485019037,2581.46877982197,2636.30090425438,5,5,1,1,5,5,0.483811430459696,0.516188569540304,1,1,0.375,0.625,-4.35245721838783,4.35245721838784,2593.8894895369,2613.84730740876,24,5,201,32
87438,2009-09-21 00:00:00,EventStart_Fallback,69,Grand Prix Qualifiers,2009,2009-09-21 00:00:00,2009-09-24 00:00:00,2009-08-01 10:00:00,matches_2009_all.csv,48,Mark Joyce,England,60,Andrew Norman,England,48,Mark Joyce,England,48,Mark Joyce,England,5,2,5,2,7,FALSE,FALSE,13,57,140,536,2602.40155049289,2627.97785046956,2604.16209010068,2652.53313967996,5,5,1,1,5,5,0.463259089129533,0.536740910870467,1,1,0.714285714285714,0.285714285714286,8.78593188046636,-8.78593188046636,2611.18748237335,2619.1919185891,14,58,147,543
87439,2009-09-21 00:00:00,EventStart_Fallback,69,Grand Prix Qualifiers,2009,2009-09-21 00:00:00,2009-09-24 00:00:00,2009-08-01 10:00:00,matches_2009_all.csv,409,David Roe,England,295,Li Hang,China,295,Li Hang,China,295,Li Hang,China,4,5,4,5,9,FALSE,FALSE,130,9,1290,83,2658.33312589216,2635.08603244368,2606.77267937865,2627.4398700366,5,5,1,1,5,5,0.533405419433375,0.466594580566625,1,1,0.444444444444444,0.555555555555556,-4.00324387450186,4.00324387450186,2654.32988201766,2639.08927631819,131,10,1299,92
87440,2009-09-21 00:00:00,EventStart_Fallback,69,Grand Prix Qualifiers,2009,2009-09-21 00:00:00,2009-09-24 00:00:00,2009-08-01 10:00:00,matches_2009_all.csv,194,Joe Delaney,Ireland,56,Patrick Wallace,Northern Ireland,56,Patrick Wallace,Northern Ireland,56,Patrick Wallace,Northern Ireland,2,5,2,5,7,FALSE,FALSE,50,63,601,697,2629.30921644761,2693.92849542025,2635.47991107009,2661.4666052822,5,5,1,1,5,5,0.408063039818534,0.591936960181466,1,1,0.285714285714286,0.714285714285714,-4.28220639364868,4.28220639364869,2625.02701005397,2698.2107018139,51,64,608,704
87441,2009-09-21 00:00:00,EventStart_Fallback,69,Grand Prix Qualifiers,2009,2009-09-21 00:00:00,2009-09-24 00:00:00,2009-08-01 10:00:00,matches_2009_all.csv,46,Liu Song,China,64,Bjorn Haneveer,Belgium,46,Liu Song,China,46,Liu Song,China,5,4,5,4,9,FALSE,FALSE,24,53,266,560,2643.50509349628,2655.19059856002,2644.26678493922,2680.31898758155,5,5,1,1,5,5,0.483189544683859,0.516810455316141,1,1,0.555555555555556,0.444444444444444,3.25647048922636,-3.25647048922636,2646.76156398551,2651.9341280708,25,54,275,569
87442,2009-09-21 00:00:00,EventStart_Fallback,69,Grand Prix Qualifiers,2009,2009-09-21 00:00:00,2009-09-24 00:00:00,2009-08-01 10:00:00,matches_2009_all.csv,8,Tom Ford,England,7,Joe Jogia,England,8,Tom Ford,England,8,Tom Ford,England,5,1,5,1,6,FALSE,FALSE,68,38,678,441,2675.85432472925,2648.90209652169,2674.83174745156,2606.88305733108,5,5,1,1,5,5,0.538709755716582,0.461290244283418,1,1,0.833333333333333,0.166666666666667,8.83870732850255,-8.83870732850255,2684.69303205775,2640.06338919319,69,39,684,447
87443,2009-09-21 00:00:00,EventStart_Fallback,69,Grand Prix Qualifiers,2009,2009-09-21 00:00:00,2009-09-24 00:00:00,2009-08-01 10:00:00,matches_2009_all.csv,51,Andy Hicks,England,41,Tony Drago,Malta,41,Tony Drago,Malta,41,Tony Drago,Malta,3,5,3,5,8,FALSE,FALSE,130,181,1418,1604,2689.34914767099,2657.52483595911,2680.11629308963,2646.0756082668,5,5,1,1,5,5,0.54567120813073,0.45432879186927,1,1,0.375,0.625,-6.82684832522921,6.82684832522921,2682.52229934576,2664.35168428434,131,182,1426,1612
87444,2009-09-21 00:00:00,EventStart_Fallback,69,Grand Prix Qualifiers,2009,2009-09-21 00:00:00,2009-09-24 00:00:00,2009-08-01 10:00:00,matches_2009_all.csv,37,Peter Lines,England,130,David Gray,England,37,Peter Lines,England,37,Peter Lines,England,5,4,5,4,9,FALSE,FALSE,53,105,584,1052,2633.97926716319,2672.76892016754,2623.24680930579,2659.49561198169,5,5,1,1,5,5,0.444407990271586,0.555592009728414,1,1,0.555555555555556,0.444444444444444,5.00164043777863,-5.00164043777863,2638.98090760097,2667.76727972976,54,106,593,1061
87445,2009-09-21 00:00:00,EventStart_Fallback,69,Grand Prix Qualifiers,2009,2009-09-21 00:00:00,2009-09-24 00:00:00,2009-08-01 10:00:00,matches_2009_all.csv,92,Robert Milkins,England,29,Matthew Couch,England,92,Robert Milkins,England,92,Robert Milkins,England,5,1,5,1,6,FALSE,FALSE,83,50,854,597,2683.91997828456,2657.15996209176,2634.99768407562,2633.41811665594,5,5,1,1,5,5,0.538434786614164,0.461565213385836,1,1,0.833333333333333,0.166666666666667,8.8469564015751,-8.8469564015751,2692.76693468614,2648.31300569018,84,51,860,603
87446,2009-09-21 00:00:00,EventStart_Fallback,69,Grand Prix Qualifiers,2009,2009-09-21 00:00:00,2009-09-24 00:00:00,2009-08-01 10:00:00,matches_2009_all.csv,190,David Morris,Ireland,171,Michael White,Wales,190,David Morris,Ireland,190,David Morris,Ireland,5,3,5,3,8,FALSE,FALSE,7,6,99,54,2647.12663387901,2676.75058837926,2631.22935466077,2652.5398561384,5,5,1,1,5,5,0.457470715922571,0.542529284077429,1,1,0.625,0.375,6.70117136309715,-6.70117136309715,2653.82780524211,2670.04941701616,8,7,107,62
87447,2009-09-21 00:00:00,EventStart_Fallback,69,Grand Prix Qualifiers,2009,2009-09-21 00:00:00,2009-09-24 00:00:00,2009-08-01 10:00:00,matches_2009_all.csv,177,Rod Lawler,England,217,Thepchaiya Un-Nooh,Thailand,177,Rod Lawler,England,177,Rod Lawler,England,5,3,5,3,8,FALSE,FALSE,104,7,1126,53,2653.3048733869,2640.81668420856,2667.58763048803,2645.68876620426,5,5,1,1,5,5,0.517964213195604,0.482035786804396,1,1,0.625,0.375,4.28143147217583,-4.28143147217583,2657.58630485907,2636.53525273638,105,8,1134,61
87448,2009-09-21 00:00:00,EventStart_Fallback,69,Grand Prix Qualifiers,2009,2009-09-21 00:00:00,2009-09-24 00:00:00,2009-08-01 10:00:00,matches_2009_all.csv,6,Barry Pinches,England,32,Daniel Wells,Wales,6,Barry Pinches,England,6,Barry Pinches,England,5,2,5,2,7,FALSE,FALSE,96,10,1132,124,2678.14726600008,2652.7371508888,2612.15840316556,2629.1957811392,5,5,1,1,5,5,0.536503034640751,0.463496965359249,1,1,0.714285714285714,0.285714285714286,6.22239378757372,-6.22239378757372,2684.36965978765,2646.51475710123,97,11,1139,131
87449,2009-09-21 00:00:00,EventStart_Fallback,69,Grand Prix Qualifiers,2009,2009-09-21 00:00:00,2009-09-24 00:00:00,2009-08-01 10:00:00,matches_2009_all.csv,118,David Gilbert,England,410,Stephen Rowlings,England,118,David Gilbert,England,118,David Gilbert,England,5,4,5,4,9,FALSE,FALSE,40,2,446,13,2693.00277751506,2607.02077931057,2640.13548987234,2600,5,5,1,1,5,5,0.621272340798008,0.378727659201992,1,1,0.555555555555556,0.444444444444444,-2.95725533591035,2.95725533591035,2690.04552217915,2609.97803464648,41,3,455,22
87450,2009-09-21 00:00:00,EventStart_Fallback,69,Grand Prix Qualifiers,2009,2009-09-21 00:00:00,2009-09-24 00:00:00,2009-08-01 10:00:00,matches_2009_all.csv,173,Paul Davies,Wales,476,Mark Boyle,Scotland,173,Paul Davies,Wales,173,Paul Davies,Wales,5,4,5,4,9,FALSE,FALSE,94,3,973,30,2636.68486191934,2594.85663692192,2636.94453942695,2600,5,5,1,1,5,5,0.559906504237699,0.440093495762301,1,1,0.555555555555556,0.444444444444444,-0.195792690696459,0.195792690696457,2636.48906922864,2595.05242961261,95,4,982,39
87451,2009-09-21 00:00:00,EventStart_Fallback,69,Grand Prix Qualifiers,2009,2009-09-21 00:00:00,2009-09-24 00:00:00,2009-08-01 10:00:00,matches_2009_all.csv,408,John Parrott,England,119,Simon Bedford,England,408,John Parrott,England,408,John Parrott,England,5,4,5,4,9,FALSE,FALSE,316,57,3266,645,2655.58440817642,2674.21522544554,2675.90153149846,2690.48946544146,5,5,1,1,5,5,0.473213768470066,0.526786231529934,1,1,0.555555555555556,0.444444444444444,3.70538041884701,-3.70538041884701,2659.28978859527,2670.50984502669,317,58,3275,654
87452,2009-09-21 00:00:00,EventStart_Fallback,69,Grand Prix Qualifiers,2009,2009-09-21 00:00:00,2009-09-24 00:00:00,2009-08-01 10:00:00,matches_2009_all.csv,20,Jimmy White,England,47,Matthew Selt,England,47,Matthew Selt,England,47,Matthew Selt,England,2,5,2,5,7,FALSE,FALSE,380,19,4123,192,2709.63383206731,2666.34507502005,2664.00730147513,2633.16114797825,5,5,1,1,5,5,0.561977150969741,0.43802284903026,1,1,0.285714285714286,0.714285714285714,-9.66920028394092,9.66920028394092,2699.96463178336,2676.01427530399,381,20,4130,199
87453,2009-09-21 00:00:00,EventStart_Fallback,69,Grand Prix Qualifiers,2009,2009-09-21 00:00:00,2009-09-24 00:00:00,2009-08-01 10:00:00,matches_2009_all.csv,283,Jin Long,China,81,Zhang Anda,China,81,Zhang Anda,China,81,Zhang Anda,China,2,5,2,5,7,FALSE,FALSE,22,5,229,32,2640.77047194304,2613.84730740876,2596.4259600223,2636.30090425438,5,5,1,1,5,5,0.538668180155204,0.461331819844796,1,1,0.285714285714286,0.714285714285714,-8.85338630543214,8.85338630543214,2631.91708563761,2622.70069371419,23,6,236,39
87454,2009-09-21 00:00:00,EventStart_Fallback,69,Grand Prix Qualifiers,2009,2009-09-21 00:00:00,2009-09-24 00:00:00,2009-08-01 10:00:00,matches_2009_all.csv,204,Michael Judge,Ireland,48,Mark Joyce,England,48,Mark Joyce,England,48,Mark Joyce,England,4,5,4,5,9,FALSE,FALSE,114,14,1172,147,2681.04300721655,2611.18748237335,2663.8676581939,2604.16209010068,5,5,1,1,5,5,0.599197080375704,0.400802919624297,1,1,0.444444444444444,0.555555555555556,-6.96386861690665,6.96386861690665,2674.07913859964,2618.15135099026,115,15,1181,156
87455,2009-09-21 00:00:00,EventStart_Fallback,69,Grand Prix Qualifiers,2009,2009-09-21 00:00:00,2009-09-24 00:00:00,2009-08-01 10:00:00,matches_2009_all.csv,15,Mark Davis,England,295,Li Hang,China,15,Mark Davis,England,15,Mark Davis,England,5,3,5,3,8,FALSE,FALSE,102,10,1098,92,2684.73498311628,2639.08927631819,2700.48212788131,2627.4398700366,5,5,1,1,5,5,0.565314101353595,0.434685898646405,1,1,0.625,0.375,2.3874359458562,-2.3874359458562,2687.12241906213,2636.70184037233,103,11,1106,100
87456,2009-09-21 00:00:00,EventStart_Fallback,69,Grand Prix Qualifiers,2009,2009-09-21 00:00:00,2009-09-24 00:00:00,2009-08-01 10:00:00,matches_2009_all.csv,55,Adrian Gunnell,England,56,Patrick Wallace,Northern Ireland,55,Adrian Gunnell,England,55,Adrian Gunnell,England,5,2,5,2,7,FALSE,FALSE,75,64,736,704,2643.95219251423,2698.2107018139,2613.08503849781,2661.4666052822,5,5,1,1,5,5,0.422544385259064,0.577455614740937,1,1,0.714285714285714,0.285714285714286,10.2109465159328,-10.2109465159328,2654.16313903016,2687.99975529796,76,65,743,711
87457,2009-09-21 00:00:00,EventStart_Fallback,69,Grand Prix Qualifiers,2009,2009-09-21 00:00:00,2009-09-24 00:00:00,2009-08-01 10:00:00,matches_2009_all.csv,53,Jamie Burnett,Scotland,46,Liu Song,China,53,Jamie Burnett,Scotland,53,Jamie Burnett,Scotland,5,4,5,4,9,FALSE,FALSE,92,25,946,275,2676.8869509494,2646.76156398551,2672.6417365714,2644.26678493922,5,5,1,1,5,5,0.543245594081535,0.456754405918466,1,1,0.555555555555556,0.444444444444444,0.553948266330946,-0.553948266330946,2677.44089921574,2646.20761571917,93,26,955,284
87458,2009-09-21 00:00:00,EventStart_Fallback,69,Grand Prix Qualifiers,2009,2009-09-21 00:00:00,2009-09-24 00:00:00,2009-08-01 10:00:00,matches_2009_all.csv,11,Marcus Campbell,Scotland,8,Tom Ford,England,11,Marcus Campbell,Scotland,11,Marcus Campbell,Scotland,5,3,5,3,8,FALSE,FALSE,87,69,900,684,2700.7756860116,2684.69303205775,2640.66687405255,2674.83174745156,5,5,1,1,5,5,0.523128282692002,0.476871717307999,1,1,0.625,0.375,4.07486869231994,-4.07486869231994,2704.85055470392,2680.61816336543,88,70,908,692
87459,2009-09-21 00:00:00,EventStart_Fallback,69,Grand Prix Qualifiers,2009,2009-09-21 00:00:00,2009-09-24 00:00:00,2009-08-01 10:00:00,matches_2009_all.csv,54,Mike Dunn,England,41,Tony Drago,Malta,54,Mike Dunn,England,54,Mike Dunn,England,5,2,5,2,7,FALSE,FALSE,71,182,739,1612,2665.72755217713,2664.35168428434,2619.6673945167,2646.0756082668,5,5,1,1,5,5,0.501980022712108,0.498019977287892,1,1,0.714285714285714,0.285714285714286,7.43069920507623,-7.43069920507623,2673.15825138221,2656.92098507927,72,183,746,1619
87460,2009-09-21 00:00:00,EventStart_Fallback,69,Grand Prix Qualifiers,2009,2009-09-21 00:00:00,2009-09-24 00:00:00,2009-08-01 10:00:00,matches_2009_all.csv,27,Martin Gould,England,37,Peter Lines,England,37,Peter Lines,England,37,Peter Lines,England,4,5,4,5,9,FALSE,FALSE,29,54,349,593,2705.63742616657,2638.98090760097,2650.46999447596,2623.24680930579,5,5,1,1,5,5,0.594766576555442,0.405233423444558,1,1,0.444444444444444,0.555555555555556,-6.7644959449949,6.76449594499489,2698.87293022157,2645.74540354597,30,55,358,602
87461,2009-09-21 00:00:00,EventStart_Fallback,69,Grand Prix Qualifiers,2009,2009-09-21 00:00:00,2009-09-24 00:00:00,2009-08-01 10:00:00,matches_2009_all.csv,25,Andrew Higginson,England,92,Robert Milkins,England,92,Robert Milkins,England,92,Robert Milkins,England,1,5,1,5,6,FALSE,FALSE,55,84,624,860,2722.14186979178,2692.76693468614,2645.58210388717,2634.99768407562,5,5,1,1,5,5,0.542173487507333,0.457826512492667,1,1,0.166666666666667,0.833333333333333,-11.26520462522,11.26520462522,2710.87666516656,2704.03213931136,56,85,630,866
87462,2009-09-21 00:00:00,EventStart_Fallback,69,Grand Prix Qualifiers,2009,2009-09-21 00:00:00,2009-09-24 00:00:00,2009-08-01 10:00:00,matches_2009_all.csv,50,Rory McLeod,Jamaica,190,David Morris,Ireland,190,David Morris,Ireland,190,David Morris,Ireland,4,5,4,5,9,FALSE,FALSE,62,8,675,107,2691.83402259146,2653.82780524211,2616.03689043853,2631.22935466077,5,5,1,1,5,5,0.554478215303772,0.445521784696228,1,1,0.444444444444444,0.555555555555556,-4.95151968866974,4.95151968866974,2686.88250290279,2658.77932493078,63,9,684,116
87463,2009-09-21 00:00:00,EventStart_Fallback,69,Grand Prix Qualifiers,2009,2009-09-21 00:00:00,2009-09-24 00:00:00,2009-08-01 10:00:00,matches_2009_all.csv,44,Alan McManus,Scotland,177,Rod Lawler,England,177,Rod Lawler,England,177,Rod Lawler,England,4,5,4,5,9,FALSE,FALSE,267,105,2633,1134,2700.59953611566,2657.58630485907,2687.86905897808,2667.58763048803,5,5,1,1,5,5,0.561586691481783,0.438413308518217,1,1,0.444444444444444,0.555555555555556,-5.27140111668025,5.27140111668025,2695.32813499898,2662.85770597575,268,106,2642,1143
87464,2009-09-21 00:00:00,EventStart_Fallback,69,Grand Prix Qualifiers,2009,2009-09-21 00:00:00,2009-09-24 00:00:00,2009-08-01 10:00:00,matches_2009_all.csv,36,Jimmy Michie,England,6,Barry Pinches,England,6,Barry Pinches,England,6,Barry Pinches,England,3,5,3,5,8,FALSE,FALSE,94,97,947,1139,2666.14451922738,2684.36965978765,2643.16985781038,2612.15840316556,5,5,1,1,5,5,0.473795944780044,0.526204055219956,1,1,0.375,0.625,-3.95183779120174,3.95183779120174,2662.19268143618,2688.32149757886,95,98,955,1147
87465,2009-09-21 00:00:00,EventStart_Fallback,69,Grand Prix Qualifiers,2009,2009-09-21 00:00:00,2009-09-24 00:00:00,2009-08-01 10:00:00,matches_2009_all.csv,115,Anthony Hamilton,England,118,David Gilbert,England,118,David Gilbert,England,118,David Gilbert,England,0,5,0,5,5,FALSE,FALSE,211,41,1954,455,2725.99741955406,2690.04552217915,2624.04111595839,2640.13548987234,5,5,1,1,5,5,0.551555059028703,0.448444940971297,1,1,0,1,-13.7888764757176,13.7888764757176,2712.20854307834,2703.83439865487,212,42,1959,460
87466,2009-09-21 00:00:00,EventStart_Fallback,69,Grand Prix Qualifiers,2009,2009-09-21 00:00:00,2009-09-24 00:00:00,2009-08-01 10:00:00,matches_2009_all.csv,170,Ken Doherty,Ireland,173,Paul Davies,Wales,170,Ken Doherty,Ireland,170,Ken Doherty,Ireland,5,4,5,4,9,FALSE,FALSE,361,95,3354,982,2713.0004355021,2636.48906922864,2703.13268866811,2636.94453942695,5,5,1,1,5,5,0.608362636810389,0.391637363189611,1,1,0.555555555555556,0.444444444444444,-2.37631865646751,2.37631865646751,2710.62411684563,2638.86538788511,362,96,3363,991
87467,2009-09-21 00:00:00,EventStart_Fallback,69,Grand Prix Qualifiers,2009,2009-09-21 00:00:00,2009-09-24 00:00:00,2009-08-01 10:00:00,matches_2009_all.csv,103,Ian McCulloch,England,408,John Parrott,England,103,Ian McCulloch,England,103,Ian McCulloch,England,5,4,5,4,9,FALSE,FALSE,125,317,1334,3275,2680.2192427215,2659.28978859527,2646.80283604278,2675.90153149846,5,5,1,1,5,5,0.530083525090964,0.469916474909036,1,1,0.555555555555556,0.444444444444444,1.14624137090663,-1.14624137090663,2681.36548409241,2658.14354722436,126,318,1343,3284
87468,2009-09-21 00:00:00,EventStart_Fallback,69,Grand Prix Qualifiers,2009,2009-09-21 00:00:00,2009-09-24 00:00:00,2009-08-01 10:00:00,matches_2009_all.csv,179,Stuart Pettman,England,47,Matthew Selt,England,47,Matthew Selt,England,47,Matthew Selt,England,4,5,4,5,9,FALSE,FALSE,83,20,826,199,2723.01244196647,2676.01427530399,2605.0243192208,2633.16114797825,5,5,1,1,5,5,0.567226253655356,0.432773746344644,1,1,0.444444444444444,0.555555555555556,-5.52518141449104,5.52518141449104,2717.48726055198,2681.53945671848,84,21,835,208
87469,2009-09-21 00:00:00,EventStart_Fallback,69,Grand Prix Qualifiers,2009,2009-09-21 00:00:00,2009-09-24 00:00:00,2009-08-01 10:00:00,matches_2009_all.csv,33,Dominic Dale,Wales,81,Zhang Anda,China,33,Dominic Dale,Wales,33,Dominic Dale,Wales,5,0,5,0,5,FALSE,FALSE,144,6,1351,39,2689.10484750414,2622.70069371419,2644.85583858459,2636.30090425438,5,5,1,1,5,5,0.594416392824731,0.405583607175269,1,1,1,0,10.1395901793817,-10.1395901793817,2699.24443768352,2612.56110353481,145,7,1356,44
87470,2009-09-21 00:00:00,EventStart_Fallback,69,Grand Prix Qualifiers,2009,2009-09-21 00:00:00,2009-09-24 00:00:00,2009-08-01 10:00:00,matches_2009_all.csv,16,Barry Hawkins,England,48,Mark Joyce,England,48,Mark Joyce,England,48,Mark Joyce,England,3,5,3,5,8,FALSE,FALSE,141,15,1236,156,2730.45466564068,2618.15135099026,2665.51914316575,2604.16209010068,5,5,1,1,5,5,0.656214510082142,0.343785489917858,1,1,0.375,0.625,-11.2485804032857,11.2485804032857,2719.20608523739,2629.39993139355,142,16,1244,164
87471,2009-09-21 00:00:00,EventStart_Fallback,69,Grand Prix Qualifiers,2009,2009-09-21 00:00:00,2009-09-24 00:00:00,2009-08-01 10:00:00,matches_2009_all.csv,212,Steve Davis,England,15,Mark Davis,England,15,Mark Davis,England,15,Mark Davis,England,0,5,0,5,5,FALSE,FALSE,449,103,4567,1106,2707.74181926774,2687.12241906213,2674.65788820987,2700.48212788131,5,5,1,1,5,5,0.529638913165951,0.470361086834049,1,1,0,1,-13.2409728291488,13.2409728291488,2694.50084643859,2700.36339189128,450,104,4572,1111
87472,2009-09-21 00:00:00,EventStart_Fallback,69,Grand Prix Qualifiers,2009,2009-09-21 00:00:00,2009-09-24 00:00:00,2009-08-01 10:00:00,matches_2009_all.csv,62,Ricky Walden,England,55,Adrian Gunnell,England,62,Ricky Walden,England,62,Ricky Walden,England,5,2,5,2,7,FALSE,FALSE,114,76,1063,743,2777.42142780493,2654.16313903016,2670.11557323151,2613.08503849781,5,5,1,1,5,5,0.670297684493717,0.329702315506283,1,1,0.714285714285714,0.285714285714286,1.5395810427199,-1.5395810427199,2778.96100884765,2652.62355798744,115,77,1070,750
87473,2009-09-21 00:00:00,EventStart_Fallback,69,Grand Prix Qualifiers,2009,2009-09-21 00:00:00,2009-09-24 00:00:00,2009-08-01 10:00:00,matches_2009_all.csv,52,Graeme Dott,Scotland,53,Jamie Burnett,Scotland,53,Jamie Burnett,Scotland,53,Jamie Burnett,Scotland,0,5,0,5,5,FALSE,FALSE,185,93,1830,955,2724.80428489678,2677.44089921574,2677.78458092588,2672.6417365714,5,5,1,1,5,5,0.567742271566883,0.432257728433117,1,1,0,1,-14.1935567891721,14.1935567891721,2710.61072810761,2691.63445600491,186,94,1835,960
87474,2009-09-21 00:00:00,EventStart_Fallback,69,Grand Prix Qualifiers,2009,2009-09-21 00:00:00,2009-09-24 00:00:00,2009-08-01 10:00:00,matches_2009_all.csv,12,Judd Trump,England,11,Marcus Campbell,Scotland,11,Marcus Campbell,Scotland,11,Marcus Campbell,Scotland,3,5,3,5,8,FALSE,FALSE,59,88,494,908,2753.14492043811,2704.85055470392,2671.03286202276,2640.66687405255,5,5,1,1,5,5,0.569056985889325,0.430943014110676,1,1,0.375,0.625,-7.76227943557298,7.76227943557298,2745.38264100254,2712.61283413949,60,89,502,916
87475,2009-09-21 00:00:00,EventStart_Fallback,69,Grand Prix Qualifiers,2009,2009-09-21 00:00:00,2009-09-24 00:00:00,2009-08-01 10:00:00,matches_2009_all.csv,9,Matthew Stevens,Wales,54,Mike Dunn,England,9,Matthew Stevens,Wales,9,Matthew Stevens,Wales,5,1,5,1,6,FALSE,FALSE,211,72,2102,746,2704.35242045529,2673.15825138221,2721.75373792231,2619.6673945167,5,5,1,1,5,5,0.544771778187084,0.455228221812916,1,1,0.833333333333333,0.166666666666667,8.65684665438749,-8.65684665438749,2713.00926710968,2664.50140472782,212,73,2108,752
87476,2009-09-21 00:00:00,EventStart_Fallback,69,Grand Prix Qualifiers,2009,2009-09-21 00:00:00,2009-09-24 00:00:00,2009-08-01 10:00:00,matches_2009_all.csv,14,Nigel Bond,England,37,Peter Lines,England,14,Nigel Bond,England,14,Nigel Bond,England,5,3,5,3,8,FALSE,FALSE,229,55,2178,602,2712.67015955926,2645.74540354597,2698.84872106548,2623.24680930579,5,5,1,1,5,5,0.59513867965487,0.40486132034513,1,1,0.625,0.375,1.19445281380519,-1.19445281380519,2713.86461237306,2644.55095073216,230,56,2186,610
87477,2009-09-21 00:00:00,EventStart_Fallback,69,Grand Prix Qualifiers,2009,2009-09-21 00:00:00,2009-09-24 00:00:00,2009-08-01 10:00:00,matches_2009_all.csv,13,Stephen Lee,England,92,Robert Milkins,England,92,Robert Milkins,England,92,Robert Milkins,England,3,5,3,5,8,FALSE,FALSE,241,85,2277,866,2709.38873170591,2704.03213931136,2693.21413052306,2634.99768407562,5,5,1,1,5,5,0.507708145391531,0.492291854608469,1,1,0.375,0.625,-5.30832581566124,5.30832581566124,2704.08040589025,2709.34046512702,242,86,2285,874
87478,2009-09-21 00:00:00,EventStart_Fallback,69,Grand Prix Qualifiers,2009,2009-09-21 00:00:00,2009-09-24 00:00:00,2009-08-01 10:00:00,matches_2009_all.csv,3,Jamie Cope,England,190,David Morris,Ireland,3,Jamie Cope,England,3,Jamie Cope,England,5,3,5,3,8,FALSE,FALSE,102,9,778,116,2744.84370599609,2658.77932493078,2642.34302814736,2631.22935466077,5,5,1,1,5,5,0.621383918297641,0.378616081702359,1,1,0.625,0.375,0.144643268094349,-0.144643268094349,2744.98834926419,2658.63468166269,103,10,786,124
87479,2009-09-21 00:00:00,EventStart_Fallback,69,Grand Prix Qualifiers,2009,2009-09-21 00:00:00,2009-09-24 00:00:00,2009-08-01 10:00:00,matches_2009_all.csv,38,Gerard Greene,Northern Ireland,177,Rod Lawler,England,38,Gerard Greene,Northern Ireland,38,Gerard Greene,Northern Ireland,5,1,5,1,6,FALSE,FALSE,110,106,1004,1143,2723.70897690287,2662.85770597575,2650.07103492475,2667.58763048803,5,5,1,1,5,5,0.58668743420258,0.41331256579742,1,1,0.833333333333333,0.166666666666667,7.3993769739226,-7.3993769739226,2731.10835387679,2655.45832900183,111,107,1010,1149
87480,2009-09-21 00:00:00,EventStart_Fallback,69,Grand Prix Qualifiers,2009,2009-09-21 00:00:00,2009-09-24 00:00:00,2009-08-01 10:00:00,matches_2009_all.csv,125,Michael Holt,England,6,Barry Pinches,England,6,Barry Pinches,England,6,Barry Pinches,England,4,5,4,5,9,FALSE,FALSE,121,98,1137,1147,2677.98134340038,2688.32149757886,2628.20216001758,2612.15840316556,5,5,1,1,5,5,0.485123713862071,0.514876286137929,1,1,0.444444444444444,0.555555555555556,-1.83056712379319,1.8305671237932,2676.15077627658,2690.15206470265,122,99,1146,1156
87481,2009-09-21 00:00:00,EventStart_Fallback,69,Grand Prix Qualifiers,2009,2009-09-21 00:00:00,2009-09-24 00:00:00,2009-08-01 10:00:00,matches_2009_all.csv,30,Stuart Bingham,England,118,David Gilbert,England,30,Stuart Bingham,England,30,Stuart Bingham,England,5,2,5,2,7,FALSE,FALSE,149,42,1403,460,2741.53714392749,2703.83439865487,2664.72075429549,2640.13548987234,5,5,1,1,5,5,0.554046627573331,0.445953372426669,1,1,0.714285714285714,0.285714285714286,5.60836803493341,-5.60836803493341,2747.14551196242,2698.22603061993,150,43,1410,467
87482,2009-09-21 00:00:00,EventStart_Fallback,69,Grand Prix Qualifiers,2009,2009-09-21 00:00:00,2009-09-24 00:00:00,2009-08-01 10:00:00,matches_2009_all.csv,31,Dave Harold,England,170,Ken Doherty,Ireland,170,Ken Doherty,Ireland,170,Ken Doherty,Ireland,1,5,1,5,6,FALSE,FALSE,203,362,1849,3363,2684.71104992374,2710.62411684563,2701.35835862953,2703.13268866811,5,5,1,1,5,5,0.462777093905521,0.537222906094479,1,1,0.166666666666667,0.833333333333333,-8.88331281716564,8.88331281716564,2675.82773710657,2719.50742966279,204,363,1855,3369
87483,2009-09-21 00:00:00,EventStart_Fallback,69,Grand Prix Qualifiers,2009,2009-09-21 00:00:00,2009-09-24 00:00:00,2009-08-01 10:00:00,matches_2009_all.csv,35,Joe Swail,Northern Ireland,103,Ian McCulloch,England,103,Ian McCulloch,England,103,Ian McCulloch,England,4,5,4,5,9,FALSE,FALSE,217,126,2010,1343,2725.78492197918,2681.36548409241,2661.36017761865,2646.80283604278,5,5,1,1,5,5,0.563578678710899,0.436421321289101,1,1,0.444444444444444,0.555555555555556,-5.36104054199046,5.36104054199046,2720.42388143719,2686.7265246344,218,127,2019,1352
87484,2009-09-21 00:00:00,EventStart_Fallback,69,Grand Prix Qualifiers,2009,2009-09-21 00:00:00,2009-09-24 00:00:00,2009-08-01 10:00:00,matches_2009_all.csv,63,Fergal O'Brien,Ireland,47,Matthew Selt,England,47,Matthew Selt,England,47,Matthew Selt,England,3,5,3,5,8,FALSE,FALSE,159,21,1505,208,2714.01102930747,2681.53945671848,2692.3706339272,2633.16114797825,5,5,1,1,5,5,0.546594761410452,0.453405238589548,1,1,0.375,0.625,-6.86379045641809,6.86379045641809,2707.14723885105,2688.4032471749,160,22,1513,216
87485,2009-09-21 00:00:00,EventStart_Fallback,69,Grand Prix Qualifiers,2009,2009-09-21 00:00:00,2009-09-24 00:00:00,2009-08-01 10:00:00,matches_2009_all.csv,200,Liang Wenbo,China,33,Dominic Dale,Wales,200,Liang Wenbo,China,200,Liang Wenbo,China,5,3,5,3,8,FALSE,FALSE,50,145,442,1356,2758.22784510154,2699.24443768352,2685.07686582305,2644.85583858459,5,5,1,1,5,5,0.58407775555423,0.41592224444577,1,1,0.625,0.375,1.6368897778308,-1.6368897778308,2759.86473487937,2697.60754790569,51,146,450,1364
87486,2009-10-03 00:00:00,EventStart_Fallback,68,Grand Prix,2009,2009-10-03 00:00:00,2009-10-11 00:00:00,2009-08-01 10:00:00,matches_2009_all.csv,154,Neil Robertson,Australia,38,Gerard Greene,Northern Ireland,154,Neil Robertson,Australia,154,Neil Robertson,Australia,5,3,5,3,8,FALSE,FALSE,159,111,1445,1010,2788.73793254647,2731.10835387679,2631.4761148925,2650.07103492475,5,5,1,1,5,5,0.582183298760278,0.417816701239723,1,1,0.625,0.375,1.7126680495889,-1.7126680495889,2790.45060059606,2729.3956858272,160,112,1453,1018
87487,2009-10-03 00:00:00,EventStart_Fallback,68,Grand Prix,2009,2009-10-03 00:00:00,2009-10-11 00:00:00,2009-08-01 10:00:00,matches_2009_all.csv,168,Joe Perry,England,11,Marcus Campbell,Scotland,168,Joe Perry,England,168,Joe Perry,England,5,2,5,2,7,FALSE,FALSE,211,89,1752,916,2742.57271599462,2712.61283413949,2701.4596224945,2640.66687405255,5,5,1,1,5,5,0.543009185128128,0.456990814871872,1,1,0.714285714285714,0.285714285714286,5.99467852051551,-5.99467852051551,2748.56739451514,2706.61815561898,212,90,1759,923
87488,2009-10-03 00:00:00,EventStart_Fallback,68,Grand Prix,2009,2009-10-03 00:00:00,2009-10-11 00:00:00,2009-08-01 10:00:00,matches_2009_all.csv,42,Peter Ebdon,England,200,Liang Wenbo,China,42,Peter Ebdon,England,42,Peter Ebdon,England,5,2,5,2,7,FALSE,FALSE,289,51,2942,450,2694.02261316261,2759.86473487937,2730.0833810011,2685.07686582305,5,5,1,1,5,5,0.406363832913067,0.593636167086933,1,1,0.714285714285714,0.285714285714286,10.7772658480426,-10.7772658480426,2704.79987901066,2749.08746903133,290,52,2949,457
87489,2009-10-03 00:00:00,EventStart_Fallback,68,Grand Prix,2009,2009-10-03 00:00:00,2009-10-11 00:00:00,2009-08-01 10:00:00,matches_2009_all.csv,68,Ryan Day,Wales,3,Jamie Cope,England,3,Jamie Cope,England,3,Jamie Cope,England,3,5,3,5,8,FALSE,FALSE,160,103,1486,786,2778.44292723609,2744.98834926419,2657.71749328838,2642.34302814736,5,5,1,1,5,5,0.547996761177212,0.452003238822788,1,1,0.375,0.625,-6.91987044708847,6.91987044708847,2771.523056789,2751.90821971128,161,104,1494,794
87490,2009-10-03 00:00:00,EventStart_Fallback,68,Grand Prix,2009,2009-10-03 00:00:00,2009-10-11 00:00:00,2009-08-01 10:00:00,matches_2009_all.csv,4,Fu Marco,Hong Kong,15,Mark Davis,England,15,Mark Davis,England,15,Mark Davis,England,4,5,4,5,9,FALSE,FALSE,149,104,1471,1111,2742.17518727391,2700.36339189128,2720.95775518301,2700.48212788131,5,5,1,1,5,5,0.55988319940435,0.44011680059565,1,1,0.444444444444444,0.555555555555556,-5.19474397319576,5.19474397319576,2736.98044330071,2705.55813586448,150,105,1480,1120
87491,2009-10-03 00:00:00,EventStart_Fallback,68,Grand Prix,2009,2009-10-03 00:00:00,2009-10-11 00:00:00,2009-08-01 10:00:00,matches_2009_all.csv,158,Ali Carter,England,92,Robert Milkins,England,92,Robert Milkins,England,92,Robert Milkins,England,1,5,1,5,6,FALSE,FALSE,217,86,1755,874,2768.24504724973,2709.34046512702,2654.01094991334,2634.99768407562,5,5,1,1,5,5,0.583967520256384,0.416032479743616,1,1,0.166666666666667,0.833333333333333,-12.5190256076915,12.5190256076915,2755.72602164204,2721.85949073471,218,87,1761,880
87492,2009-10-03 00:00:00,EventStart_Fallback,68,Grand Prix,2009,2009-10-03 00:00:00,2009-10-11 00:00:00,2009-08-01 10:00:00,matches_2009_all.csv,97,Shaun Murphy,England,6,Barry Pinches,England,6,Barry Pinches,England,6,Barry Pinches,England,4,5,4,5,9,FALSE,FALSE,185,99,1820,1156,2794.38065246551,2690.15206470265,2709.44047993629,2612.15840316556,5,5,1,1,5,5,0.645653556489843,0.354346443510158,1,1,0.444444444444444,0.555555555555556,-9.05441004204291,9.05441004204291,2785.32624242347,2699.20647474469,186,100,1829,1165
87493,2009-10-03 00:00:00,EventStart_Fallback,68,Grand Prix,2009,2009-10-03 00:00:00,2009-10-11 00:00:00,2009-08-01 10:00:00,matches_2009_all.csv,28,Mark King,England,62,Ricky Walden,England,28,Mark King,England,28,Mark King,England,5,4,5,4,9,FALSE,FALSE,229,115,1922,1070,2709.36455331634,2778.96100884765,2650.41419841964,2670.11557323151,5,5,1,1,5,5,0.401161128551912,0.598838871448088,1,1,0.555555555555556,0.444444444444444,6.94774921516397,-6.94774921516396,2716.31230253151,2772.01325963248,230,116,1931,1079
87494,2009-10-03 00:00:00,EventStart_Fallback,68,Grand Prix,2009,2009-10-03 00:00:00,2009-10-11 00:00:00,2009-08-01 10:00:00,matches_2009_all.csv,153,Stephen Hendry,Scotland,47,Matthew Selt,England,153,Stephen Hendry,Scotland,153,Stephen Hendry,Scotland,5,2,5,2,7,FALSE,FALSE,489,22,5061,216,2737.83765099854,2688.4032471749,2727.71851092324,2633.16114797825,5,5,1,1,5,5,0.570665601691924,0.429334398308076,1,1,0.714285714285714,0.285714285714286,5.02670394078266,-5.02670394078266,2742.86435493932,2683.37654323411,490,23,5068,223
87495,2009-10-03 00:00:00,EventStart_Fallback,68,Grand Prix,2009,2009-10-03 00:00:00,2009-10-11 00:00:00,2009-08-01 10:00:00,matches_2009_all.csv,202,Mark Allen,Northern Ireland,103,Ian McCulloch,England,202,Mark Allen,Northern Ireland,202,Mark Allen,Northern Ireland,5,3,5,3,8,FALSE,FALSE,108,127,856,1352,2766.35814342332,2686.7265246344,2685.54443253342,2646.80283604278,5,5,1,1,5,5,0.612633699661017,0.387366300338983,1,1,0.625,0.375,0.49465201355932,-0.49465201355932,2766.85279543688,2686.23187262084,109,128,864,1360
87496,2009-10-03 00:00:00,EventStart_Fallback,68,Grand Prix,2009,2009-10-03 00:00:00,2009-10-11 00:00:00,2009-08-01 10:00:00,matches_2009_all.csv,224,Ding Junhui,China,9,Matthew Stevens,Wales,224,Ding Junhui,China,224,Ding Junhui,China,5,4,5,4,9,FALSE,FALSE,135,212,1163,2108,2757.54357860281,2713.00926710968,2679.65325646999,2721.75373792231,5,5,1,1,5,5,0.563741315275881,0.436258684724119,1,1,0.555555555555556,0.444444444444444,-0.368359187414655,0.368359187414655,2757.17521941539,2713.37762629709,136,213,1172,2117
87497,2009-10-03 00:00:00,EventStart_Fallback,68,Grand Prix,2009,2009-10-03 00:00:00,2009-10-11 00:00:00,2009-08-01 10:00:00,matches_2009_all.csv,17,Mark Selby,England,170,Ken Doherty,Ireland,170,Ken Doherty,Ireland,170,Ken Doherty,Ireland,3,5,3,5,8,FALSE,FALSE,170,363,1517,3369,2807.43381005074,2719.50742966279,2694.53166694155,2703.13268866811,5,5,1,1,5,5,0.623902322613076,0.376097677386924,1,1,0.375,0.625,-9.95609290452303,9.95609290452303,2797.47771714622,2729.46352256732,171,364,1525,3377
87498,2009-10-03 00:00:00,EventStart_Fallback,68,Grand Prix,2009,2009-10-03 00:00:00,2009-10-11 00:00:00,2009-08-01 10:00:00,matches_2009_all.csv,1,Mark J Williams,Wales,30,Stuart Bingham,England,1,Mark J Williams,Wales,1,Mark J Williams,Wales,5,0,5,0,5,FALSE,FALSE,308,150,2917,1410,2734.88592068397,2747.14551196242,2646.42906931203,2664.72075429549,5,5,1,1,5,5,0.482364348683921,0.51763565131608,1,1,1,0,12.940891282902,-12.940891282902,2747.82681196687,2734.20462067952,309,151,2922,1415
87499,2009-10-03 00:00:00,EventStart_Fallback,68,Grand Prix,2009,2009-10-03 00:00:00,2009-10-11 00:00:00,2009-08-01 10:00:00,matches_2009_all.csv,5,Ronnie O'Sullivan,England,53,Jamie Burnett,Scotland,5,Ronnie O'Sullivan,England,5,Ronnie O'Sullivan,England,5,3,5,3,8,FALSE,FALSE,342,94,3574,960,2841.02991094796,2691.63445600491,2727.41414214416,2672.6417365714,5,5,1,1,5,5,0.702658433173892,0.297341566826108,1,1,0.625,0.375,-3.10633732695568,3.10633732695568,2837.923573621,2694.74079333186,343,95,3582,968
87500,2009-10-03 00:00:00,EventStart_Fallback,68,Grand Prix,2009,2009-10-03 00:00:00,2009-10-11 00:00:00,2009-08-01 10:00:00,matches_2009_all.csv,237,John Higgins,Scotland,48,Mark Joyce,England,237,John Higgins,Scotland,237,John Higgins,Scotland,5,1,5,1,6,FALSE,FALSE,377,16,3624,164,2793.17741800798,2629.39993139355,2718.4454421435,2604.16209010068,5,5,1,1,5,5,0.719660660143036,0.280339339856964,1,1,0.833333333333333,0.166666666666667,3.41018019570893,-3.41018019570893,2796.58759820369,2625.98975119784,378,17,3630,170
87501,2009-10-03 00:00:00,EventStart_Fallback,68,Grand Prix,2009,2009-10-03 00:00:00,2009-10-11 00:00:00,2009-08-01 10:00:00,matches_2009_all.csv,2,Stephen Maguire,Scotland,14,Nigel Bond,England,2,Stephen Maguire,Scotland,2,Stephen Maguire,Scotland,5,3,5,3,8,FALSE,FALSE,148,230,1513,2186,2769.61060931494,2713.86461237306,2658.75609493258,2698.84872106548,5,5,1,1,5,5,0.57954351340045,0.42045648659955,1,1,0.625,0.375,1.81825946398199,-1.81825946398199,2771.42886877893,2712.04635290908,149,231,1521,2194
87510,2009-10-03 00:00:00,EventStart_Fallback,68,Grand Prix,2009,2009-10-03 00:00:00,2009-10-11 00:00:00,2009-08-01 10:00:00,matches_2009_all.csv,5,Ronnie O'Sullivan,England,237,John Higgins,Scotland,237,John Higgins,Scotland,237,John Higgins,Scotland,4,5,4,5,9,FALSE,FALSE,343,378,3582,3630,2837.923573621,2796.58759820369,2727.41414214416,2718.4454421435,5,5,1,1,5,5,0.559208151319324,0.440791848680676,1,1,0.444444444444444,0.555555555555556,-5.16436680936959,5.16436680936959,2832.75920681163,2801.75196501306,344,379,3591,3639
87511,2009-10-03 00:00:00,EventStart_Fallback,68,Grand Prix,2009,2009-10-03 00:00:00,2009-10-11 00:00:00,2009-08-01 10:00:00,matches_2009_all.csv,3,Jamie Cope,England,202,Mark Allen,Northern Ireland,202,Mark Allen,Northern Ireland,202,Mark Allen,Northern Ireland,3,5,3,5,8,FALSE,FALSE,104,109,794,864,2751.90821971128,2766.85279543688,2642.34302814736,2685.54443253342,5,5,1,1,5,5,0.478506280951064,0.521493719048936,1,1,0.375,0.625,-4.14025123804257,4.14025123804257,2747.76796847323,2770.99304667492,105,110,802,872
87512,2009-10-03 00:00:00,EventStart_Fallback,68,Grand Prix,2009,2009-10-03 00:00:00,2009-10-11 00:00:00,2009-08-01 10:00:00,matches_2009_all.csv,154,Neil Robertson,Australia,170,Ken Doherty,Ireland,154,Neil Robertson,Australia,154,Neil Robertson,Australia,5,2,5,2,7,FALSE,FALSE,160,364,1453,3377,2790.45060059606,2729.46352256732,2631.4761148925,2703.13268866811,5,5,1,1,5,5,0.586876988712058,0.413123011287942,1,1,0.714285714285714,0.285714285714286,4.45930539507797,-4.45930539507797,2794.90990599114,2725.00421717224,161,365,1460,3384
87513,2009-10-03 00:00:00,EventStart_Fallback,68,Grand Prix,2009,2009-10-03 00:00:00,2009-10-11 00:00:00,2009-08-01 10:00:00,matches_2009_all.csv,168,Joe Perry,England,6,Barry Pinches,England,168,Joe Perry,England,168,Joe Perry,England,5,2,5,2,7,FALSE,FALSE,212,100,1759,1165,2748.56739451514,2699.20647474469,2701.4596224945,2612.15840316556,5,5,1,1,5,5,0.570561958887295,0.429438041112706,1,1,0.714285714285714,0.285714285714286,5.0303314389447,-5.0303314389447,2753.59772595408,2694.17614330575,213,101,1766,1172
87514,2009-10-03 00:00:00,EventStart_Fallback,68,Grand Prix,2009,2009-10-03 00:00:00,2009-10-11 00:00:00,2009-08-01 10:00:00,matches_2009_all.csv,1,Mark J Williams,Wales,153,Stephen Hendry,Scotland,1,Mark J Williams,Wales,1,Mark J Williams,Wales,5,2,5,2,7,FALSE,FALSE,309,490,2922,5068,2747.82681196687,2742.86435493932,2646.42906931203,2727.71851092324,5,5,1,1,5,5,0.507141064132906,0.492858935867094,1,1,0.714285714285714,0.285714285714286,7.2500627553483,-7.2500627553483,2755.07687472222,2735.61429218397,310,491,2929,5075
87515,2009-10-03 00:00:00,EventStart_Fallback,68,Grand Prix,2009,2009-10-03 00:00:00,2009-10-11 00:00:00,2009-08-01 10:00:00,matches_2009_all.csv,42,Peter Ebdon,England,15,Mark Davis,England,42,Peter Ebdon,England,42,Peter Ebdon,England,5,3,5,3,8,FALSE,FALSE,290,105,2949,1120,2704.79987901066,2705.55813586448,2730.0833810011,2700.48212788131,5,5,1,1,5,5,0.498908782402337,0.501091217597663,1,1,0.625,0.375,5.04364870390651,-5.04364870390651,2709.84352771456,2700.51448716057,291,106,2957,1128
87516,2009-10-03 00:00:00,EventStart_Fallback,68,Grand Prix,2009,2009-10-03 00:00:00,2009-10-11 00:00:00,2009-08-01 10:00:00,matches_2009_all.csv,2,Stephen Maguire,Scotland,224,Ding Junhui,China,224,Ding Junhui,China,224,Ding Junhui,China,1,5,1,5,6,FALSE,FALSE,149,136,1521,1172,2771.42886877893,2757.17521941539,2658.75609493258,2679.65325646999,5,5,1,1,5,5,0.520501149971424,0.479498850028577,1,1,0.166666666666667,0.833333333333333,-10.6150344991427,10.6150344991427,2760.81383427978,2767.79025391454,150,137,1527,1178
87517,2009-10-03 00:00:00,EventStart_Fallback,68,Grand Prix,2009,2009-10-03 00:00:00,2009-10-11 00:00:00,2009-08-01 10:00:00,matches_2009_all.csv,92,Robert Milkins,England,28,Mark King,England,92,Robert Milkins,England,92,Robert Milkins,England,5,1,5,1,6,FALSE,FALSE,87,230,880,1931,2721.85949073471,2716.31230253151,2634.99768407562,2650.41419841964,5,5,1,1,5,5,0.507982367274099,0.492017632725901,1,1,0.833333333333333,0.166666666666667,9.76052898177704,-9.76052898177704,2731.62001971649,2706.55177354973,88,231,886,1937
87518,2009-10-03 00:00:00,EventStart_Fallback,68,Grand Prix,2009,2009-10-03 00:00:00,2009-10-11 00:00:00,2009-08-01 10:00:00,matches_2009_all.csv,237,John Higgins,Scotland,202,Mark Allen,Northern Ireland,237,John Higgins,Scotland,237,John Higgins,Scotland,5,1,5,1,6,FALSE,FALSE,379,110,3639,872,2801.75196501306,2770.99304667492,2718.4454421435,2685.54443253342,5,5,1,1,5,5,0.54415035495913,0.45584964504087,1,1,0.833333333333333,0.166666666666667,8.67548935122611,-8.67548935122611,2810.42745436429,2762.31755732369,380,111,3645,878
87519,2009-10-03 00:00:00,EventStart_Fallback,68,Grand Prix,2009,2009-10-03 00:00:00,2009-10-11 00:00:00,2009-08-01 10:00:00,matches_2009_all.csv,168,Joe Perry,England,154,Neil Robertson,Australia,154,Neil Robertson,Australia,154,Neil Robertson,Australia,1,5,1,5,6,FALSE,FALSE,213,161,1766,1460,2753.59772595408,2794.90990599114,2701.4596224945,2631.4761148925,5,5,1,1,5,5,0.440825613071313,0.559174386928687,1,1,0.166666666666667,0.833333333333333,-8.22476839213939,8.22476839213939,2745.37295756194,2803.13467438328,214,162,1772,1466
87520,2009-10-03 00:00:00,EventStart_Fallback,68,Grand Prix,2009,2009-10-03 00:00:00,2009-10-11 00:00:00,2009-08-01 10:00:00,matches_2009_all.csv,42,Peter Ebdon,England,224,Ding Junhui,China,224,Ding Junhui,China,224,Ding Junhui,China,2,5,2,5,7,FALSE,FALSE,291,137,2957,1178,2709.84352771456,2767.79025391454,2730.0833810011,2679.65325646999,5,5,1,1,5,5,0.417372686596188,0.582627313403812,1,1,0.285714285714286,0.714285714285714,-4.60804403086657,4.60804403086657,2705.2354836837,2772.3982979454,292,138,2964,1185
87521,2009-10-03 00:00:00,EventStart_Fallback,68,Grand Prix,2009,2009-10-03 00:00:00,2009-10-11 00:00:00,2009-08-01 10:00:00,matches_2009_all.csv,1,Mark J Williams,Wales,92,Robert Milkins,England,1,Mark J Williams,Wales,1,Mark J Williams,Wales,5,2,5,2,7,FALSE,FALSE,310,88,2929,886,2755.07687472222,2731.62001971649,2646.42906931203,2634.99768407562,5,5,1,1,5,5,0.533705930963363,0.466294069036637,1,1,0.714285714285714,0.285714285714286,6.3202924162823,-6.3202924162823,2761.3971671385,2725.2997273002,311,89,2936,893
87524,2009-10-03 00:00:00,EventStart_Fallback,68,Grand Prix,2009,2009-10-03 00:00:00,2009-10-11 00:00:00,2009-08-01 10:00:00,matches_2009_all.csv,237,John Higgins,Scotland,154,Neil Robertson,Australia,154,Neil Robertson,Australia,154,Neil Robertson,Australia,5,6,5,6,11,FALSE,FALSE,380,162,3645,1466,2810.42745436429,2803.13467438328,2718.4454421435,2631.4761148925,5,5,1,1,5,5,0.510493612951899,0.489506387048101,1,1,0.454545454545455,0.545454545454545,-3.07714871235446,3.07714871235446,2807.35030565193,2806.21182309563,381,163,3656,1477
87525,2009-10-03 00:00:00,EventStart_Fallback,68,Grand Prix,2009,2009-10-03 00:00:00,2009-10-11 00:00:00,2009-08-01 10:00:00,matches_2009_all.csv,224,Ding Junhui,China,1,Mark J Williams,Wales,224,Ding Junhui,China,224,Ding Junhui,China,6,1,6,1,7,FALSE,FALSE,138,311,1185,2936,2772.3982979454,2761.3971671385,2679.65325646999,2646.42906931203,5,5,1,1,5,5,0.515826610996353,0.484173389003647,1,1,0.857142857142857,0.142857142857143,11.9460686151277,-11.9460686151277,2784.34436656053,2749.45109852337,139,312,1192,2943
87527,2009-10-03 00:00:00,EventStart_Fallback,68,Grand Prix,2009,2009-10-03 00:00:00,2009-10-11 00:00:00,2009-08-01 10:00:00,matches_2009_all.csv,154,Neil Robertson,Australia,224,Ding Junhui,China,154,Neil Robertson,Australia,154,Neil Robertson,Australia,9,4,9,4,13,FALSE,FALSE,163,139,1477,1192,2806.21182309563,2784.34436656053,2631.4761148925,2679.65325646999,5,5,1,1,5,5,0.531428310640419,0.468571689359581,1,1,0.692307692307692,0.307692307692308,10.4571598083728,-10.4571598083728,2816.66898290401,2773.88720675216,164,140,1490,1205
87782,2009-11-23 00:00:00,EventStart_Fallback,72,UK Championship Qualifiers,2009,2009-11-23 00:00:00,2009-11-30 00:00:00,2009-08-01 10:00:00,matches_2009_all.csv,69,Chris Norbury,England,217,Thepchaiya Un-Nooh,Thailand,217,Thepchaiya Un-Nooh,Thailand,217,Thepchaiya Un-Nooh,Thailand,3,9,3,9,12,FALSE,FALSE,9,8,84,61,2571.24248135803,2636.53525273638,2579.10098511936,2645.68876620426,5,5,1,1,5,5,0.407126910589788,0.592873089410213,1,1,0.25,0.75,-9.42761463538725,9.42761463538725,2561.81486672264,2645.96286737177,10,9,96,73
87783,2009-11-23 00:00:00,EventStart_Fallback,72,UK Championship Qualifiers,2009,2009-11-23 00:00:00,2009-11-30 00:00:00,2009-08-01 10:00:00,matches_2009_all.csv,99,Lee Spick,England,58,Jordan Brown,Northern Ireland,58,Jordan Brown,Northern Ireland,58,Jordan Brown,Northern Ireland,5,9,5,9,14,FALSE,FALSE,35,2,457,18,2701.72390982833,2645.37146200054,2648.63395658008,2646.71721047331,5,5,1,1,5,5,0.580393941136942,0.419606058863058,1,1,0.357142857142857,0.642857142857143,-15.627575879586,15.6275758795859,2686.09633394874,2660.99903788012,36,3,471,32
87784,2009-11-23 00:00:00,EventStart_Fallback,72,UK Championship Qualifiers,2009,2009-11-23 00:00:00,2009-11-30 00:00:00,2009-08-01 10:00:00,matches_2009_all.csv,197,Lee Page,England,193,James Wattana,Thailand,193,James Wattana,Thailand,193,James Wattana,Thailand,4,9,4,9,13,FALSE,FALSE,4,234,35,2218,2590.86520601274,2677.43841360632,2605.11996469895,2698.82987360658,5,5,1,1,5,5,0.377927223525851,0.622072776474149,1,1,0.307692307692308,0.692307692307692,-4.56526952918031,4.56526952918031,2586.29993648356,2682.0036831355,5,235,48,2231
87785,2009-11-23 00:00:00,EventStart_Fallback,72,UK Championship Qualifiers,2009,2009-11-23 00:00:00,2009-11-30 00:00:00,2009-08-01 10:00:00,matches_2009_all.csv,47,Matthew Selt,England,130,David Gray,England,47,Matthew Selt,England,47,Matthew Selt,England,9,7,9,7,16,FALSE,FALSE,23,106,223,1061,2683.37654323411,2667.76727972976,2633.16114797825,2659.49561198169,5,5,1,1,5,5,0.52244843432382,0.47755156567618,1,1,0.5625,0.4375,3.20412525409439,-3.20412525409439,2686.58066848821,2664.56315447566,24,107,239,1077
87786,2009-11-23 00:00:00,EventStart_Fallback,72,UK Championship Qualifiers,2009,2009-11-23 00:00:00,2009-11-30 00:00:00,2009-08-01 10:00:00,matches_2009_all.csv,24,Xiao Guodong,China,81,Zhang Anda,China,24,Xiao Guodong,China,24,Xiao Guodong,China,9,5,9,5,14,FALSE,FALSE,14,7,122,44,2647.57093511902,2612.56110353481,2639.14832151539,2636.30090425438,5,5,1,1,5,5,0.550213359382404,0.449786640617596,1,1,0.642857142857143,0.357142857142857,6.48506484323173,-6.48506484323173,2654.05599996225,2606.07603869158,15,8,136,58
87787,2009-11-23 00:00:00,EventStart_Fallback,72,UK Championship Qualifiers,2009,2009-11-23 00:00:00,2009-11-30 00:00:00,2009-08-01 10:00:00,matches_2009_all.csv,131,Craig Steadman,England,60,Andrew Norman,England,131,Craig Steadman,England,131,Craig Steadman,England,9,5,9,5,14,FALSE,FALSE,5,58,55,543,2596.5254615087,2619.1919185891,2613.44142902294,2652.53313967996,5,5,1,1,5,5,0.467426545717551,0.532573454282449,1,1,0.642857142857143,0.357142857142857,12.2801417997715,-12.2801417997715,2608.80560330847,2606.91177678932,6,59,69,557
87788,2009-11-23 00:00:00,EventStart_Fallback,72,UK Championship Qualifiers,2009,2009-11-23 00:00:00,2009-11-30 00:00:00,2009-08-01 10:00:00,matches_2009_all.csv,19,Ben Woollaston,England,475,Ian Preece,Wales,19,Ben Woollaston,England,19,Ben Woollaston,England,9,4,9,4,13,FALSE,FALSE,24,19,201,242,2593.8894895369,2611.03852741439,2581.46877982197,2611.63247026104,5,5,1,1,5,5,0.47534057331587,0.52465942668413,1,1,0.692307692307692,0.307692307692308,14.1028627344684,-14.1028627344684,2607.99235227136,2596.93566467992,25,20,214,255
87789,2009-11-23 00:00:00,EventStart_Fallback,72,UK Championship Qualifiers,2009,2009-11-23 00:00:00,2009-11-30 00:00:00,2009-08-01 10:00:00,matches_2009_all.csv,56,Patrick Wallace,Northern Ireland,476,Mark Boyle,Scotland,56,Patrick Wallace,Northern Ireland,56,Patrick Wallace,Northern Ireland,9,0,9,0,9,FALSE,FALSE,65,4,711,39,2687.99975529796,2595.05242961261,2661.4666052822,2600,5,5,1,1,5,5,0.63065966349969,0.369340336500311,1,1,1,0,16.620315142514,-16.620315142514,2704.62007044048,2578.4321144701,66,5,720,48
87790,2009-11-23 00:00:00,EventStart_Fallback,72,UK Championship Qualifiers,2009,2009-11-23 00:00:00,2009-11-30 00:00:00,2009-08-01 10:00:00,matches_2009_all.csv,474,Atthasit Mahitthi,Thailand,306,Mei Xiwen,China,474,Atthasit Mahitthi,Thailand,474,Atthasit Mahitthi,Thailand,9,3,9,3,12,FALSE,FALSE,25,3,231,18,2622.63899196231,2627.84030808843,2617.91989712206,2634.45561448144,5,5,1,1,5,5,0.492515263537897,0.507484736462103,1,1,0.75,0.25,15.4490841877262,-15.4490841877262,2638.08807615004,2612.3912239007,26,4,243,30
87791,2009-11-23 00:00:00,EventStart_Fallback,72,UK Championship Qualifiers,2009,2009-11-23 00:00:00,2009-11-30 00:00:00,2009-08-01 10:00:00,matches_2009_all.csv,295,Li Hang,China,41,Tony Drago,Malta,41,Tony Drago,Malta,41,Tony Drago,Malta,7,9,7,9,16,FALSE,FALSE,11,183,100,1619,2636.70184037233,2656.92098507927,2627.4398700366,2646.0756082668,5,5,1,1,5,5,0.470935115712932,0.529064884287068,1,1,0.4375,0.5625,-2.67480925703456,2.67480925703456,2634.02703111529,2659.5957943363,12,184,116,1635
87792,2009-11-23 00:00:00,EventStart_Fallback,72,UK Championship Qualifiers,2009,2009-11-23 00:00:00,2009-11-30 00:00:00,2009-08-01 10:00:00,matches_2009_all.csv,64,Bjorn Haneveer,Belgium,76,Sam Baird,England,76,Sam Baird,England,76,Sam Baird,England,4,9,4,9,13,FALSE,FALSE,54,2,569,16,2651.9341280708,2617.96360392626,2680.31898758155,2628.96809627591,5,5,1,1,5,5,0.548732319996155,0.451267680003845,1,1,0.307692307692308,0.692307692307692,-15.6676007997501,15.6676007997501,2636.26652727105,2633.63120472601,55,3,582,29
87793,2009-11-23 00:00:00,EventStart_Fallback,72,UK Championship Qualifiers,2009,2009-11-23 00:00:00,2009-11-30 00:00:00,2009-08-01 10:00:00,matches_2009_all.csv,29,Matthew Couch,England,473,Brendan O'Donoghue,Ireland,29,Matthew Couch,England,29,Matthew Couch,England,9,7,9,7,16,FALSE,FALSE,51,4,603,33,2648.31300569018,2600.72403775416,2633.41811665594,2600,5,5,1,1,5,5,0.568060923359493,0.431939076640507,1,1,0.5625,0.4375,-0.444873868759412,0.444873868759412,2647.86813182142,2601.16891162292,52,5,619,49
87794,2009-11-23 00:00:00,EventStart_Fallback,72,UK Championship Qualifiers,2009,2009-11-23 00:00:00,2009-11-30 00:00:00,2009-08-01 10:00:00,matches_2009_all.csv,32,Daniel Wells,Wales,171,Michael White,Wales,171,Michael White,Wales,171,Michael White,Wales,8,9,8,9,17,FALSE,FALSE,11,7,131,62,2646.51475710123,2670.04941701616,2629.1957811392,2652.5398561384,5,5,1,1,5,5,0.466182609289167,0.533817390710833,1,1,0.470588235294118,0.529411764705882,0.374478210420777,-0.374478210420781,2646.88923531165,2669.67493880574,12,8,148,79
87795,2009-11-23 00:00:00,EventStart_Fallback,72,UK Championship Qualifiers,2009,2009-11-23 00:00:00,2009-11-30 00:00:00,2009-08-01 10:00:00,matches_2009_all.csv,410,Stephen Rowlings,England,93,Jimmy Robertson,England,93,Jimmy Robertson,England,93,Jimmy Robertson,England,8,9,8,9,17,FALSE,FALSE,3,11,22,101,2609.97803464648,2629.76073281907,2600,2627.98344251577,5,5,1,1,5,5,0.47156113576556,0.52843886423444,1,1,0.470588235294118,0.529411764705882,-0.0826965400726021,0.0826965400726021,2609.89533810641,2629.84342935914,4,12,39,118
87796,2009-11-23 00:00:00,EventStart_Fallback,72,UK Championship Qualifiers,2009,2009-11-23 00:00:00,2009-11-30 00:00:00,2009-08-01 10:00:00,matches_2009_all.csv,478,Noppadol Sangnil,Thailand,477,David Hogan,Ireland,477,David Hogan,Ireland,477,David Hogan,Ireland,8,9,8,9,17,FALSE,FALSE,7,2,63,17,2615.20506966515,2582.92209150733,2600,2579.460545201,5,5,1,1,5,5,0.546325695618004,0.453674304381997,1,1,0.470588235294118,0.529411764705882,-6.4376841275303,6.4376841275303,2608.76738553762,2589.35977563486,8,3,80,34
87797,2009-11-23 00:00:00,EventStart_Fallback,72,UK Championship Qualifiers,2009,2009-11-23 00:00:00,2009-11-30 00:00:00,2009-08-01 10:00:00,matches_2009_all.csv,119,Simon Bedford,England,7,Joe Jogia,England,119,Simon Bedford,England,119,Simon Bedford,England,9,0,9,0,9,FALSE,FALSE,58,39,654,447,2670.50984502669,2640.06338919319,2690.48946544146,2606.88305733108,5,5,1,1,5,5,0.54370415603642,0.45629584396358,1,1,1,0,20.5333129783611,-20.5333129783611,2691.04315800505,2619.53007621483,59,40,663,456
87814,2009-11-23 00:00:00,EventStart_Fallback,72,UK Championship Qualifiers,2009,2009-11-23 00:00:00,2009-11-30 00:00:00,2009-08-01 10:00:00,matches_2009_all.csv,44,Alan McManus,Scotland,217,Thepchaiya Un-Nooh,Thailand,217,Thepchaiya Un-Nooh,Thailand,217,Thepchaiya Un-Nooh,Thailand,6,9,6,9,15,FALSE,FALSE,268,9,2642,73,2695.32813499898,2645.96286737177,2687.86905897808,2645.68876620426,5,5,1,1,5,5,0.570568091329792,0.429431908670208,1,1,0.4,0.6,-12.7926068497344,12.7926068497344,2682.53552814925,2658.75547422151,269,10,2657,88
87815,2009-11-23 00:00:00,EventStart_Fallback,72,UK Championship Qualifiers,2009,2009-11-23 00:00:00,2009-11-30 00:00:00,2009-08-01 10:00:00,matches_2009_all.csv,54,Mike Dunn,England,51,Andy Hicks,England,54,Mike Dunn,England,54,Mike Dunn,England,9,6,9,6,15,FALSE,FALSE,73,131,752,1426,2664.50140472782,2682.52229934576,2619.6673945167,2680.11629308963,5,5,1,1,5,5,0.474089079995497,0.525910920004503,1,1,0.6,0.4,9.44331900033774,-9.44331900033774,2673.94472372816,2673.07898034543,74,132,767,1441
87816,2009-11-23 00:00:00,EventStart_Fallback,72,UK Championship Qualifiers,2009,2009-11-23 00:00:00,2009-11-30 00:00:00,2009-08-01 10:00:00,matches_2009_all.csv,27,Martin Gould,England,92,Robert Milkins,England,92,Robert Milkins,England,92,Robert Milkins,England,5,9,5,9,14,FALSE,FALSE,30,89,358,893,2698.87293022157,2725.2997273002,2650.46999447596,2634.99768407562,5,5,1,1,5,5,0.462041955666276,0.537958044333724,1,1,0.357142857142857,0.642857142857143,-7.34293689663935,7.34293689663935,2691.52999332493,2732.64266419684,31,90,372,907
87817,2009-11-23 00:00:00,EventStart_Fallback,72,UK Championship Qualifiers,2009,2009-11-23 00:00:00,2009-11-30 00:00:00,2009-08-01 10:00:00,matches_2009_all.csv,50,Rory McLeod,Jamaica,47,Matthew Selt,England,50,Rory McLeod,Jamaica,50,Rory McLeod,Jamaica,9,3,9,3,12,FALSE,FALSE,63,24,684,239,2686.88250290279,2686.58066848821,2616.03689043853,2633.16114797825,5,5,1,1,5,5,0.50043437453046,0.499565625469541,1,1,0.75,0.25,14.9739375281724,-14.9739375281724,2701.85644043097,2671.60673096003,64,25,696,251
87818,2009-11-23 00:00:00,EventStart_Fallback,72,UK Championship Qualifiers,2009,2009-11-23 00:00:00,2009-11-30 00:00:00,2009-08-01 10:00:00,matches_2009_all.csv,103,Ian McCulloch,England,37,Peter Lines,England,37,Peter Lines,England,37,Peter Lines,England,6,9,6,9,15,FALSE,FALSE,128,56,1360,610,2686.23187262084,2644.55095073216,2646.80283604278,2623.24680930579,5,5,1,1,5,5,0.559697550517321,0.440302449482679,1,1,0.4,0.6,-11.9773162887991,11.9773162887991,2674.25455633204,2656.52826702096,129,57,1375,625
87819,2009-11-23 00:00:00,EventStart_Fallback,72,UK Championship Qualifiers,2009,2009-11-23 00:00:00,2009-11-30 00:00:00,2009-08-01 10:00:00,matches_2009_all.csv,11,Marcus Campbell,Scotland,131,Craig Steadman,England,131,Craig Steadman,England,131,Craig Steadman,England,8,9,8,9,17,FALSE,FALSE,90,6,923,69,2706.61815561898,2608.80560330847,2640.66687405255,2613.44142902294,5,5,1,1,5,5,0.637158954216259,0.362841045783741,1,1,0.470588235294118,0.529411764705882,-14.158511108382,14.158511108382,2692.4596445106,2622.96411441685,91,7,940,86
87820,2009-11-23 00:00:00,EventStart_Fallback,72,UK Championship Qualifiers,2009,2009-11-23 00:00:00,2009-11-30 00:00:00,2009-08-01 10:00:00,matches_2009_all.csv,36,Jimmy Michie,England,19,Ben Woollaston,England,36,Jimmy Michie,England,36,Jimmy Michie,England,9,7,9,7,16,FALSE,FALSE,95,25,955,214,2662.19268143618,2607.99235227136,2643.16985781038,2581.46877982197,5,5,1,1,5,5,0.577373893937709,0.422626106062291,1,1,0.5625,0.4375,-1.18991151501673,1.18991151501673,2661.00276992116,2609.18226378638,96,26,971,230
87821,2009-11-23 00:00:00,EventStart_Fallback,72,UK Championship Qualifiers,2009,2009-11-23 00:00:00,2009-11-30 00:00:00,2009-08-01 10:00:00,matches_2009_all.csv,33,Dominic Dale,Wales,408,John Parrott,England,33,Dominic Dale,Wales,33,Dominic Dale,Wales,9,6,9,6,15,FALSE,FALSE,146,318,1364,3284,2697.60754790569,2658.14354722436,2644.85583858459,2675.90153149846,5,5,1,1,5,5,0.556550269280835,0.443449730719165,1,1,0.6,0.4,3.2587298039374,-3.2587298039374,2700.86627770963,2654.88481742042,147,319,1379,3299
87822,2009-11-23 00:00:00,EventStart_Fallback,72,UK Championship Qualifiers,2009,2009-11-23 00:00:00,2009-11-30 00:00:00,2009-08-01 10:00:00,matches_2009_all.csv,55,Adrian Gunnell,England,474,Atthasit Mahitthi,Thailand,55,Adrian Gunnell,England,55,Adrian Gunnell,England,9,3,9,3,12,FALSE,FALSE,77,26,750,243,2652.62355798744,2638.08807615004,2613.08503849781,2617.91989712206,5,5,1,1,5,5,0.520906044076417,0.479093955923583,1,1,0.75,0.25,13.745637355415,-13.745637355415,2666.36919534286,2624.34243879462,78,27,762,255
87823,2009-11-23 00:00:00,EventStart_Fallback,72,UK Championship Qualifiers,2009,2009-11-23 00:00:00,2009-11-30 00:00:00,2009-08-01 10:00:00,matches_2009_all.csv,15,Mark Davis,England,41,Tony Drago,Malta,15,Mark Davis,England,15,Mark Davis,England,9,7,9,7,16,FALSE,FALSE,106,184,1128,1635,2700.51448716057,2659.5957943363,2700.48212788131,2646.0756082668,5,5,1,1,5,5,0.558615970173791,0.441384029826209,1,1,0.5625,0.4375,0.310722386096751,-0.310722386096751,2700.82520954667,2659.2850719502,107,185,1144,1651
87824,2009-11-23 00:00:00,EventStart_Fallback,72,UK Championship Qualifiers,2009,2009-11-23 00:00:00,2009-11-30 00:00:00,2009-08-01 10:00:00,matches_2009_all.csv,204,Michael Judge,Ireland,194,Joe Delaney,Ireland,204,Michael Judge,Ireland,204,Michael Judge,Ireland,9,5,9,5,14,FALSE,FALSE,115,51,1181,608,2674.07913859964,2625.02701005397,2663.8676581939,2635.47991107009,5,5,1,1,5,5,0.570126368452519,0.429873631547481,1,1,0.642857142857143,0.357142857142857,5.09115420832367,-5.09115420832367,2679.17029280797,2619.93585584564,116,52,1195,622
87825,2009-11-23 00:00:00,EventStart_Fallback,72,UK Championship Qualifiers,2009,2009-11-23 00:00:00,2009-11-30 00:00:00,2009-08-01 10:00:00,matches_2009_all.csv,170,Ken Doherty,Ireland,48,Mark Joyce,England,170,Ken Doherty,Ireland,170,Ken Doherty,Ireland,9,6,9,6,15,FALSE,FALSE,365,17,3384,170,2725.00421717224,2625.98975119784,2703.13268866811,2604.16209010068,5,5,1,1,5,5,0.638756964251107,0.361243035748894,1,1,0.6,0.4,-2.90677231883299,2.90677231883299,2722.09744485341,2628.89652351667,366,18,3399,185
87826,2009-11-23 00:00:00,EventStart_Fallback,72,UK Championship Qualifiers,2009,2009-11-23 00:00:00,2009-11-30 00:00:00,2009-08-01 10:00:00,matches_2009_all.csv,53,Jamie Burnett,Scotland,171,Michael White,Wales,171,Michael White,Wales,171,Michael White,Wales,8,9,8,9,17,FALSE,FALSE,95,8,968,79,2694.74079333186,2669.67493880574,2672.6417365714,2652.5398561384,5,5,1,1,5,5,0.536010208934183,0.463989791065817,1,1,0.470588235294118,0.529411764705882,-5.56086775940558,5.56086775940558,2689.17992557246,2675.23580656514,96,9,985,96
87827,2009-11-23 00:00:00,EventStart_Fallback,72,UK Championship Qualifiers,2009,2009-11-23 00:00:00,2009-11-30 00:00:00,2009-08-01 10:00:00,matches_2009_all.csv,115,Anthony Hamilton,England,93,Jimmy Robertson,England,115,Anthony Hamilton,England,115,Anthony Hamilton,England,9,4,9,4,13,FALSE,FALSE,212,12,1959,118,2712.20854307834,2629.84342935914,2624.04111595839,2627.98344251577,5,5,1,1,5,5,0.616361208791104,0.383638791208896,1,1,0.692307692307692,0.307692307692308,4.93652142857822,-4.93652142857822,2717.14506450692,2624.90690793057,213,13,1972,131
87828,2009-11-23 00:00:00,EventStart_Fallback,72,UK Championship Qualifiers,2009,2009-11-23 00:00:00,2009-11-30 00:00:00,2009-08-01 10:00:00,matches_2009_all.csv,179,Stuart Pettman,England,8,Tom Ford,England,8,Tom Ford,England,8,Tom Ford,England,5,9,5,9,14,FALSE,FALSE,84,70,835,692,2717.48726055198,2680.61816336543,2605.0243192208,2674.83174745156,5,5,1,1,5,5,0.552860623873989,0.447139376126011,1,1,0.357142857142857,0.642857142857143,-13.7002436711792,13.7002436711792,2703.7870168808,2694.31840703661,85,71,849,706
87829,2009-11-23 00:00:00,EventStart_Fallback,72,UK Championship Qualifiers,2009,2009-11-23 00:00:00,2009-11-30 00:00:00,2009-08-01 10:00:00,matches_2009_all.csv,25,Andrew Higginson,England,119,Simon Bedford,England,25,Andrew Higginson,England,25,Andrew Higginson,England,9,6,9,6,15,FALSE,FALSE,56,59,630,663,2710.87666516656,2691.04315800505,2645.58210388717,2690.48946544146,5,5,1,1,5,5,0.528511747091687,0.471488252908313,1,1,0.6,0.4,5.36161896812349,-5.36161896812349,2716.23828413469,2685.68153903693,57,60,645,678
87830,2009-11-23 00:00:00,EventStart_Fallback,72,UK Championship Qualifiers,2009,2009-11-23 00:00:00,2009-11-30 00:00:00,2009-08-01 10:00:00,matches_2009_all.csv,38,Gerard Greene,Northern Ireland,217,Thepchaiya Un-Nooh,Thailand,38,Gerard Greene,Northern Ireland,38,Gerard Greene,Northern Ireland,9,5,9,5,14,FALSE,FALSE,112,10,1018,88,2729.3956858272,2658.75547422151,2650.07103492475,2645.68876620426,5,5,1,1,5,5,0.600281399949315,0.399718600050685,1,1,0.642857142857143,0.357142857142857,2.98030200354793,-2.98030200354793,2732.37598783075,2655.77517221796,113,11,1032,102
87831,2009-11-23 00:00:00,EventStart_Fallback,72,UK Championship Qualifiers,2009,2009-11-23 00:00:00,2009-11-30 00:00:00,2009-08-01 10:00:00,matches_2009_all.csv,35,Joe Swail,Northern Ireland,54,Mike Dunn,England,54,Mike Dunn,England,54,Mike Dunn,England,2,9,2,9,11,FALSE,FALSE,218,74,2019,767,2720.42388143719,2673.94472372816,2661.36017761865,2619.6673945167,5,5,1,1,5,5,0.566492695261105,0.433507304738895,1,1,0.181818181818182,0.818181818181818,-21.1570982393608,21.1570982393608,2699.26678319783,2695.10182196752,219,75,2030,778
87832,2009-11-23 00:00:00,EventStart_Fallback,72,UK Championship Qualifiers,2009,2009-11-23 00:00:00,2009-11-30 00:00:00,2009-08-01 10:00:00,matches_2009_all.csv,13,Stephen Lee,England,92,Robert Milkins,England,13,Stephen Lee,England,13,Stephen Lee,England,9,7,9,7,16,FALSE,FALSE,242,90,2285,907,2704.08040589025,2732.64266419684,2693.21413052306,2634.99768407562,5,5,1,1,5,5,0.458987954885846,0.541012045114154,1,1,0.5625,0.4375,8.28096360913231,-8.28096360913231,2712.36136949938,2724.36170058771,243,91,2301,923
87833,2009-11-23 00:00:00,EventStart_Fallback,72,UK Championship Qualifiers,2009,2009-11-23 00:00:00,2009-11-30 00:00:00,2009-08-01 10:00:00,matches_2009_all.csv,63,Fergal O'Brien,Ireland,50,Rory McLeod,Jamaica,50,Rory McLeod,Jamaica,50,Rory McLeod,Jamaica,7,9,7,9,16,FALSE,FALSE,160,64,1513,696,2707.14723885105,2701.85644043097,2692.3706339272,2616.03689043853,5,5,1,1,5,5,0.507613482478849,0.492386517521151,1,1,0.4375,0.5625,-5.6090785983079,5.6090785983079,2701.53816025274,2707.46551902927,161,65,1529,712
87834,2009-11-23 00:00:00,EventStart_Fallback,72,UK Championship Qualifiers,2009,2009-11-23 00:00:00,2009-11-30 00:00:00,2009-08-01 10:00:00,matches_2009_all.csv,14,Nigel Bond,England,37,Peter Lines,England,37,Peter Lines,England,37,Peter Lines,England,6,9,6,9,15,FALSE,FALSE,231,57,2194,625,2712.04635290908,2656.52826702096,2698.84872106548,2623.24680930579,5,5,1,1,5,5,0.57922379071291,0.42077620928709,1,1,0.4,0.6,-13.4417843034683,13.4417843034683,2698.60456860561,2669.97005132443,232,58,2209,640
87835,2009-11-23 00:00:00,EventStart_Fallback,72,UK Championship Qualifiers,2009,2009-11-23 00:00:00,2009-11-30 00:00:00,2009-08-01 10:00:00,matches_2009_all.csv,52,Graeme Dott,Scotland,131,Craig Steadman,England,52,Graeme Dott,Scotland,52,Graeme Dott,Scotland,9,5,9,5,14,FALSE,FALSE,186,7,1835,86,2710.61072810761,2622.96411441685,2677.78458092588,2613.44142902294,5,5,1,1,5,5,0.62352435417055,0.37647564582945,1,1,0.642857142857143,0.357142857142857,1.35329520806148,-1.35329520806148,2711.96402331567,2621.61081920879,187,8,1849,100
87836,2009-11-23 00:00:00,EventStart_Fallback,72,UK Championship Qualifiers,2009,2009-11-23 00:00:00,2009-11-30 00:00:00,2009-08-01 10:00:00,matches_2009_all.csv,30,Stuart Bingham,England,36,Jimmy Michie,England,30,Stuart Bingham,England,30,Stuart Bingham,England,9,2,9,2,11,FALSE,FALSE,151,96,1415,971,2734.20462067952,2661.00276992116,2664.72075429549,2643.16985781038,5,5,1,1,5,5,0.603814315845863,0.396185684154137,1,1,0.818181818181818,0.181818181818182,11.7902126284775,-11.7902126284775,2745.994833308,2649.21255729268,152,97,1426,982
87837,2009-11-23 00:00:00,EventStart_Fallback,72,UK Championship Qualifiers,2009,2009-11-23 00:00:00,2009-11-30 00:00:00,2009-08-01 10:00:00,matches_2009_all.csv,125,Michael Holt,England,33,Dominic Dale,Wales,125,Michael Holt,England,125,Michael Holt,England,9,4,9,4,13,FALSE,FALSE,122,147,1146,1379,2676.15077627658,2700.86627770963,2628.20216001758,2644.85583858459,5,5,1,1,5,5,0.464491410708551,0.535508589291449,1,1,0.692307692307692,0.307692307692308,14.8080583039442,-14.8080583039442,2690.95883458053,2686.05821940569,123,148,1159,1392
87838,2009-11-23 00:00:00,EventStart_Fallback,72,UK Championship Qualifiers,2009,2009-11-23 00:00:00,2009-11-30 00:00:00,2009-08-01 10:00:00,matches_2009_all.csv,9,Matthew Stevens,Wales,55,Adrian Gunnell,England,9,Matthew Stevens,Wales,9,Matthew Stevens,Wales,9,1,9,1,10,FALSE,FALSE,213,78,2117,762,2713.37762629709,2666.36919534286,2721.75373792231,2613.08503849781,5,5,1,1,5,5,0.567240758069472,0.432759241930528,1,1,0.9,0.1,16.6379620965264,-16.6379620965264,2730.01558839362,2649.73123324633,214,79,2127,772
87839,2009-11-23 00:00:00,EventStart_Fallback,72,UK Championship Qualifiers,2009,2009-11-23 00:00:00,2009-11-30 00:00:00,2009-08-01 10:00:00,matches_2009_all.csv,12,Judd Trump,England,15,Mark Davis,England,12,Judd Trump,England,12,Judd Trump,England,9,7,9,7,16,FALSE,FALSE,60,107,502,1144,2745.38264100254,2700.82520954667,2671.03286202276,2700.48212788131,5,5,1,1,5,5,0.563774046563656,0.436225953436344,1,1,0.5625,0.4375,-0.101923725092474,0.101923725092474,2745.28071727744,2700.92713327176,61,108,518,1160
87840,2009-11-23 00:00:00,EventStart_Fallback,72,UK Championship Qualifiers,2009,2009-11-23 00:00:00,2009-11-30 00:00:00,2009-08-01 10:00:00,matches_2009_all.csv,212,Steve Davis,England,204,Michael Judge,Ireland,212,Steve Davis,England,212,Steve Davis,England,9,7,9,7,16,FALSE,FALSE,450,116,4572,1195,2694.50084643859,2679.17029280797,2674.65788820987,2663.8676581939,5,5,1,1,5,5,0.522048132742407,0.477951867257593,1,1,0.5625,0.4375,3.23614938060743,-3.23614938060743,2697.7369958192,2675.93414342736,451,117,4588,1211
87841,2009-11-23 00:00:00,EventStart_Fallback,72,UK Championship Qualifiers,2009,2009-11-23 00:00:00,2009-11-30 00:00:00,2009-08-01 10:00:00,matches_2009_all.csv,3,Jamie Cope,England,170,Ken Doherty,Ireland,3,Jamie Cope,England,3,Jamie Cope,England,9,6,9,6,15,FALSE,FALSE,105,366,802,3399,2747.76796847323,2722.09744485341,2642.34302814736,2703.13268866811,5,5,1,1,5,5,0.536875774726269,0.463124225273731,1,1,0.6,0.4,4.7343168955298,-4.7343168955298,2752.50228536876,2717.36312795788,106,367,817,3414
87842,2009-11-23 00:00:00,EventStart_Fallback,72,UK Championship Qualifiers,2009,2009-11-23 00:00:00,2009-11-30 00:00:00,2009-08-01 10:00:00,matches_2009_all.csv,200,Liang Wenbo,China,171,Michael White,Wales,200,Liang Wenbo,China,200,Liang Wenbo,China,9,4,9,4,13,FALSE,FALSE,52,9,457,96,2749.08746903133,2675.23580656514,2685.07686582305,2652.5398561384,5,5,1,1,5,5,0.604708807495213,0.395291192504787,1,1,0.692307692307692,0.307692307692308,5.69392751281116,-5.69392751281116,2754.78139654414,2669.54187905233,53,10,470,109
87843,2009-11-23 00:00:00,EventStart_Fallback,72,UK Championship Qualifiers,2009,2009-11-23 00:00:00,2009-11-30 00:00:00,2009-08-01 10:00:00,matches_2009_all.csv,31,Dave Harold,England,115,Anthony Hamilton,England,115,Anthony Hamilton,England,115,Anthony Hamilton,England,5,9,5,9,14,FALSE,FALSE,204,213,1855,1972,2675.82773710657,2717.14506450692,2701.35835862953,2624.04111595839,5,5,1,1,5,5,0.440818309187653,0.559181690812347,1,1,0.357142857142857,0.642857142857143,-5.85728164313569,5.85728164313569,2669.97045546344,2723.00234615005,205,214,1869,1986
87844,2009-11-23 00:00:00,EventStart_Fallback,72,UK Championship Qualifiers,2009,2009-11-23 00:00:00,2009-11-30 00:00:00,2009-08-01 10:00:00,matches_2009_all.csv,16,Barry Hawkins,England,8,Tom Ford,England,8,Tom Ford,England,8,Tom Ford,England,5,9,5,9,14,FALSE,FALSE,142,71,1244,706,2719.20608523739,2694.31840703661,2665.51914316575,2674.83174745156,5,5,1,1,5,5,0.535755113206906,0.464244886793094,1,1,0.357142857142857,0.642857142857143,-12.5028579244834,12.5028579244834,2706.70322731291,2706.8212649611,143,72,1258,720
87845,2009-11-23 00:00:00,EventStart_Fallback,72,UK Championship Qualifiers,2009,2009-11-23 00:00:00,2009-11-30 00:00:00,2009-08-01 10:00:00,matches_2009_all.csv,62,Ricky Walden,England,25,Andrew Higginson,England,62,Ricky Walden,England,62,Ricky Walden,England,9,6,9,6,15,FALSE,FALSE,116,57,1079,645,2772.01325963248,2716.23828413469,2670.11557323151,2645.58210388717,5,5,1,1,5,5,0.579584160894821,0.420415839105179,1,1,0.6,0.4,1.53118793288841,-1.53118793288841,2773.54444756537,2714.7070962018,117,58,1094,660
92525,2009-11-23 00:00:00,EventStart_Fallback,72,UK Championship Qualifiers,2009,2009-11-23 00:00:00,2009-11-30 00:00:00,2009-08-01 10:00:00,matches_2009_all.csv,177,Rod Lawler,England,217,Thepchaiya Un-Nooh,Thailand,217,Thepchaiya Un-Nooh,Thailand,217,Thepchaiya Un-Nooh,Thailand,7,9,7,9,16,FALSE,FALSE,107,11,1149,102,2655.45832900183,2655.77517221796,2667.58763048803,2645.68876620426,5,5,1,1,5,5,0.499544026084982,0.500455973915018,1,1,0.4375,0.5625,-4.96352208679856,4.96352208679856,2650.49480691503,2660.73869430476,108,12,1165,118
92526,2009-11-23 00:00:00,EventStart_Fallback,72,UK Championship Qualifiers,2009,2009-11-23 00:00:00,2009-11-30 00:00:00,2009-08-01 10:00:00,matches_2009_all.csv,51,Andy Hicks,England,58,Jordan Brown,Northern Ireland,51,Andy Hicks,England,51,Andy Hicks,England,9,4,9,4,13,FALSE,FALSE,132,3,1441,32,2673.07898034543,2660.99903788012,2680.11629308963,2646.71721047331,5,5,1,1,5,5,0.517377432840124,0.482622567159876,1,1,0.692307692307692,0.307692307692308,11.370466865392,-11.370466865392,2684.44944721082,2649.62857101473,133,4,1454,45
92527,2009-11-23 00:00:00,EventStart_Fallback,72,UK Championship Qualifiers,2009,2009-11-23 00:00:00,2009-11-30 00:00:00,2009-08-01 10:00:00,matches_2009_all.csv,92,Robert Milkins,England,193,James Wattana,Thailand,92,Robert Milkins,England,92,Robert Milkins,England,9,5,9,5,14,FALSE,FALSE,91,235,923,2231,2724.36170058771,2682.0036831355,2634.99768407562,2698.82987360658,5,5,1,1,5,5,0.560657854175062,0.439342145824938,1,1,0.642857142857143,0.357142857142857,5.75395020774566,-5.75395020774566,2730.11565079546,2676.24973292776,92,236,937,2245
92528,2009-11-23 00:00:00,EventStart_Fallback,72,UK Championship Qualifiers,2009,2009-11-23 00:00:00,2009-11-30 00:00:00,2009-08-01 10:00:00,matches_2009_all.csv,409,David Roe,England,47,Matthew Selt,England,47,Matthew Selt,England,47,Matthew Selt,England,4,9,4,9,13,FALSE,FALSE,131,25,1299,251,2654.32988201766,2671.60673096003,2606.77267937865,2633.16114797825,5,5,1,1,5,5,0.475157089139074,0.524842910860926,1,1,0.307692307692308,0.692307692307692,-10.8852107940398,10.8852107940398,2643.44467122362,2682.49194175407,132,26,1312,264
92529,2009-11-23 00:00:00,EventStart_Fallback,72,UK Championship Qualifiers,2009,2009-11-23 00:00:00,2009-11-30 00:00:00,2009-08-01 10:00:00,matches_2009_all.csv,37,Peter Lines,England,24,Xiao Guodong,China,37,Peter Lines,England,37,Peter Lines,England,9,8,9,8,17,FALSE,FALSE,58,15,640,136,2669.97005132443,2654.05599996225,2623.24680930579,2639.14832151539,5,5,1,1,5,5,0.522886157808652,0.477113842191348,1,1,0.529411764705882,0.470588235294118,0.55467658626462,-0.55467658626462,2670.52472791069,2653.50132337598,59,16,657,153
92530,2009-11-23 00:00:00,EventStart_Fallback,72,UK Championship Qualifiers,2009,2009-11-23 00:00:00,2009-11-30 00:00:00,2009-08-01 10:00:00,matches_2009_all.csv,6,Barry Pinches,England,131,Craig Steadman,England,131,Craig Steadman,England,131,Craig Steadman,England,7,9,7,9,16,FALSE,FALSE,101,8,1172,100,2694.17614330575,2621.61081920879,2612.15840316556,2613.44142902294,5,5,1,1,5,5,0.602937437738431,0.397062562261569,1,1,0.4375,0.5625,-13.2349950190745,13.2349950190745,2680.94114828667,2634.84581422786,102,9,1188,116
92532,2009-11-23 00:00:00,EventStart_Fallback,72,UK Championship Qualifiers,2009,2009-11-23 00:00:00,2009-11-30 00:00:00,2009-08-01 10:00:00,matches_2009_all.csv,408,John Parrott,England,56,Patrick Wallace,Northern Ireland,408,John Parrott,England,408,John Parrott,England,9,8,9,8,17,FALSE,FALSE,319,66,3299,720,2654.88481742042,2704.62007044048,2675.90153149846,2661.4666052822,5,5,1,1,5,5,0.428910141637552,0.571089858362448,1,1,0.529411764705882,0.470588235294118,8.54263796080812,-8.54263796080812,2663.42745538123,2696.07743247967,320,67,3316,737
92533,2009-11-23 00:00:00,EventStart_Fallback,72,UK Championship Qualifiers,2009,2009-11-23 00:00:00,2009-11-30 00:00:00,2009-08-01 10:00:00,matches_2009_all.csv,46,Liu Song,China,474,Atthasit Mahitthi,Thailand,474,Atthasit Mahitthi,Thailand,474,Atthasit Mahitthi,Thailand,4,9,4,9,13,FALSE,FALSE,26,27,284,255,2646.20761571917,2624.34243879462,2644.26678493922,2617.91989712206,5,5,1,1,5,5,0.531425042977373,0.468574957022628,1,1,0.307692307692308,0.692307692307692,-14.5426277935292,14.5426277935292,2631.66498792564,2638.88506658815,27,28,297,268
92534,2009-11-23 00:00:00,EventStart_Fallback,72,UK Championship Qualifiers,2009,2009-11-23 00:00:00,2009-11-30 00:00:00,2009-08-01 10:00:00,matches_2009_all.csv,118,David Gilbert,England,41,Tony Drago,Malta,41,Tony Drago,Malta,41,Tony Drago,Malta,5,9,5,9,14,FALSE,FALSE,43,185,467,1651,2698.22603061993,2659.2850719502,2640.13548987234,2646.0756082668,5,5,1,1,5,5,0.555807053902751,0.444192946097249,1,1,0.357142857142857,0.642857142857143,-13.9064937731926,13.9064937731926,2684.31953684674,2673.1915657234,44,186,481,1665
92535,2009-11-23 00:00:00,EventStart_Fallback,72,UK Championship Qualifiers,2009,2009-11-23 00:00:00,2009-11-30 00:00:00,2009-08-01 10:00:00,matches_2009_all.csv,194,Joe Delaney,Ireland,76,Sam Baird,England,194,Joe Delaney,Ireland,194,Joe Delaney,Ireland,9,8,9,8,17,FALSE,FALSE,52,3,622,29,2619.93585584564,2633.63120472601,2635.47991107009,2628.96809627591,5,5,1,1,5,5,0.480301010405485,0.519698989594515,1,1,0.529411764705882,0.470588235294118,4.17441411553377,-4.17441411553377,2624.11026996118,2629.45679061047,53,4,639,46
92536,2009-11-23 00:00:00,EventStart_Fallback,72,UK Championship Qualifiers,2009,2009-11-23 00:00:00,2009-11-30 00:00:00,2009-08-01 10:00:00,matches_2009_all.csv,48,Mark Joyce,England,29,Matthew Couch,England,48,Mark Joyce,England,48,Mark Joyce,England,9,4,9,4,13,FALSE,FALSE,18,52,185,619,2628.89652351667,2647.86813182142,2604.16209010068,2633.41811665594,5,5,1,1,5,5,0.472724764159585,0.527275235840415,1,1,0.692307692307692,0.307692307692308,14.272890329627,-14.272890329627,2643.1694138463,2633.5952414918,19,53,198,632
92537,2009-11-23 00:00:00,EventStart_Fallback,72,UK Championship Qualifiers,2009,2009-11-23 00:00:00,2009-11-30 00:00:00,2009-08-01 10:00:00,matches_2009_all.csv,283,Jin Long,China,171,Michael White,Wales,171,Michael White,Wales,171,Michael White,Wales,6,9,6,9,15,FALSE,FALSE,23,10,236,109,2631.91708563761,2669.54187905233,2596.4259600223,2652.5398561384,5,5,1,1,5,5,0.446064246106473,0.553935753893527,1,1,0.4,0.6,-3.45481845798545,3.45481845798545,2628.46226717963,2672.99669751032,24,11,251,124
92538,2009-11-23 00:00:00,EventStart_Fallback,72,UK Championship Qualifiers,2009,2009-11-23 00:00:00,2009-11-30 00:00:00,2009-08-01 10:00:00,matches_2009_all.csv,173,Paul Davies,Wales,93,Jimmy Robertson,England,93,Jimmy Robertson,England,93,Jimmy Robertson,England,6,9,6,9,15,FALSE,FALSE,96,13,991,131,2638.86538788511,2624.90690793057,2636.94453942695,2627.98344251577,5,5,1,1,5,5,0.520077066515424,0.479922933484576,1,1,0.4,0.6,-9.00577998865683,9.00577998865683,2629.85960789645,2633.91268791922,97,14,1006,146
92539,2009-11-23 00:00:00,EventStart_Fallback,72,UK Championship Qualifiers,2009,2009-11-23 00:00:00,2009-11-30 00:00:00,2009-08-01 10:00:00,matches_2009_all.csv,8,Tom Ford,England,477,David Hogan,Ireland,8,Tom Ford,England,8,Tom Ford,England,9,7,9,7,16,FALSE,FALSE,72,3,720,34,2706.8212649611,2589.35977563486,2674.83174745156,2579.460545201,5,5,1,1,5,5,0.662881711228123,0.337118288771877,1,1,0.5625,0.4375,-8.03053689824984,8.03053689824984,2698.79072806285,2597.39031253311,73,4,736,50
92540,2009-11-23 00:00:00,EventStart_Fallback,72,UK Championship Qualifiers,2009,2009-11-23 00:00:00,2009-11-30 00:00:00,2009-08-01 10:00:00,matches_2009_all.csv,190,David Morris,Ireland,119,Simon Bedford,England,119,Simon Bedford,England,119,Simon Bedford,England,3,9,3,9,12,FALSE,FALSE,10,60,124,678,2658.63468166269,2685.68153903693,2631.22935466077,2690.48946544146,5,5,1,1,5,5,0.461154881070179,0.538845118929821,1,1,0.25,0.75,-12.6692928642107,12.6692928642107,2645.96538879848,2698.35083190114,11,61,136,690
8364657,2009-12-05 00:00:00,EventStart_Fallback,71,UK Championship,2009,2009-12-05 00:00:00,2009-12-13 00:00:00,2009-08-01 10:00:00,matches_2009_all.csv,224,Ding Junhui,China,237,John Higgins,Scotland,224,Ding Junhui,China,224,Ding Junhui,China,10,8,10,8,18,FALSE,FALSE,140,381,1205,3656,2773.88720675216,2807.35030565193,2679.65325646999,2718.4454421435,5,5,1,1,5,5,0.45199108924734,0.54800891075266,1,1,0.555555555555556,0.444444444444444,9.32080196773942,-9.32080196773942,2783.2080087199,2798.02950368419,141,382,1223,3674
87878,2009-12-05 00:00:00,EventStart_Fallback,71,UK Championship,2009,2009-12-05 00:00:00,2009-12-13 00:00:00,2009-08-01 10:00:00,matches_2009_all.csv,97,Shaun Murphy,England,38,Gerard Greene,Northern Ireland,97,Shaun Murphy,England,97,Shaun Murphy,England,9,5,9,5,14,FALSE,FALSE,186,113,1829,1032,2785.32624242347,2732.37598783075,2709.44047993629,2650.07103492475,5,5,1,1,5,5,0.575617001868695,0.424382998131305,1,1,0.642857142857143,0.357142857142857,4.70680986919135,-4.70680986919135,2790.03305229266,2727.66917796156,187,114,1843,1046
87879,2009-12-05 00:00:00,EventStart_Fallback,71,UK Championship,2009,2009-12-05 00:00:00,2009-12-13 00:00:00,2009-08-01 10:00:00,matches_2009_all.csv,224,Ding Junhui,China,54,Mike Dunn,England,224,Ding Junhui,China,224,Ding Junhui,China,9,5,9,5,14,FALSE,FALSE,141,75,1223,778,2783.2080087199,2695.10182196752,2679.65325646999,2619.6673945167,5,5,1,1,5,5,0.624145163762535,0.375854836237465,1,1,0.642857142857143,0.357142857142857,1.30983853662253,-1.30983853662253,2784.51784725652,2693.7919834309,142,76,1237,792
87880,2009-12-05 00:00:00,EventStart_Fallback,71,UK Championship,2009,2009-12-05 00:00:00,2009-12-13 00:00:00,2009-08-01 10:00:00,matches_2009_all.csv,202,Mark Allen,Northern Ireland,13,Stephen Lee,England,13,Stephen Lee,England,13,Stephen Lee,England,8,9,8,9,17,FALSE,FALSE,111,243,878,2301,2762.31755732369,2712.36136949938,2685.54443253342,2693.21413052306,5,5,1,1,5,5,0.571401353502135,0.428598646497866,1,1,0.470588235294118,0.529411764705882,-8.56911504768143,8.56911504768143,2753.74844227601,2720.93048454707,112,244,895,2318
87881,2009-12-05 00:00:00,EventStart_Fallback,71,UK Championship,2009,2009-12-05 00:00:00,2009-12-13 00:00:00,2009-08-01 10:00:00,matches_2009_all.csv,158,Ali Carter,England,50,Rory McLeod,Jamaica,158,Ali Carter,England,158,Ali Carter,England,9,7,9,7,16,FALSE,FALSE,218,65,1761,712,2755.72602164204,2707.46551902927,2654.01094991334,2616.03689043853,5,5,1,1,5,5,0.56900918190072,0.43099081809928,1,1,0.5625,0.4375,-0.520734552057567,0.520734552057567,2755.20528708998,2707.98625358133,219,66,1777,728
87882,2009-12-05 00:00:00,EventStart_Fallback,71,UK Championship,2009,2009-12-05 00:00:00,2009-12-13 00:00:00,2009-08-01 10:00:00,matches_2009_all.csv,4,Fu Marco,Hong Kong,37,Peter Lines,England,37,Peter Lines,England,37,Peter Lines,England,3,9,3,9,12,FALSE,FALSE,150,59,1480,657,2736.98044330071,2670.52472791069,2720.95775518301,2623.24680930579,5,5,1,1,5,5,0.594487948005135,0.405512051994865,1,1,0.25,0.75,-20.6692768803081,20.6692768803081,2716.3111664204,2691.194004791,151,60,1492,669
87883,2009-12-05 00:00:00,EventStart_Fallback,71,UK Championship,2009,2009-12-05 00:00:00,2009-12-13 00:00:00,2009-08-01 10:00:00,matches_2009_all.csv,1,Mark J Williams,Wales,52,Graeme Dott,Scotland,1,Mark J Williams,Wales,1,Mark J Williams,Wales,9,2,9,2,11,FALSE,FALSE,312,187,2943,1849,2749.45109852337,2711.96402331567,2646.42906931203,2677.78458092588,5,5,1,1,5,5,0.553739859315135,0.446260140684865,1,1,0.818181818181818,0.181818181818182,14.5443077376676,-14.5443077376676,2763.99540626104,2697.419715578,313,188,2954,1860
87884,2009-12-05 00:00:00,EventStart_Fallback,71,UK Championship,2009,2009-12-05 00:00:00,2009-12-13 00:00:00,2009-08-01 10:00:00,matches_2009_all.csv,168,Joe Perry,England,30,Stuart Bingham,England,30,Stuart Bingham,England,30,Stuart Bingham,England,4,9,4,9,13,FALSE,FALSE,214,152,1772,1426,2745.37295756194,2745.994833308,2701.4596224945,2664.72075429549,5,5,1,1,5,5,0.499105049816634,0.500894950183366,1,1,0.307692307692308,0.692307692307692,-12.4418282380812,12.4418282380812,2732.93112932386,2758.43666154608,215,153,1785,1439
87885,2009-12-05 00:00:00,EventStart_Fallback,71,UK Championship,2009,2009-12-05 00:00:00,2009-12-13 00:00:00,2009-08-01 10:00:00,matches_2009_all.csv,2,Stephen Maguire,Scotland,125,Michael Holt,England,2,Stephen Maguire,Scotland,2,Stephen Maguire,Scotland,9,6,9,6,15,FALSE,FALSE,150,123,1527,1159,2760.81383427978,2690.95883458053,2658.75609493258,2628.20216001758,5,5,1,1,5,5,0.599196354378829,0.400803645621171,1,1,0.6,0.4,0.0602734215878353,-0.0602734215878309,2760.87410770137,2690.89856115894,151,124,1542,1174
87886,2009-12-05 00:00:00,EventStart_Fallback,71,UK Championship,2009,2009-12-05 00:00:00,2009-12-13 00:00:00,2009-08-01 10:00:00,matches_2009_all.csv,5,Ronnie O'Sullivan,England,9,Matthew Stevens,Wales,5,Ronnie O'Sullivan,England,5,Ronnie O'Sullivan,England,9,3,9,3,12,FALSE,FALSE,344,214,3591,2127,2832.75920681163,2730.01558839362,2727.41414214416,2721.75373792231,5,5,1,1,5,5,0.643695436827952,0.356304563172049,1,1,0.75,0.25,6.37827379032291,-6.37827379032291,2839.13748060195,2723.6373146033,345,215,3603,2139
87887,2009-12-05 00:00:00,EventStart_Fallback,71,UK Championship,2009,2009-12-05 00:00:00,2009-12-13 00:00:00,2009-08-01 10:00:00,matches_2009_all.csv,42,Peter Ebdon,England,12,Judd Trump,England,42,Peter Ebdon,England,42,Peter Ebdon,England,9,4,9,4,13,FALSE,FALSE,292,61,2964,518,2705.2354836837,2745.28071727744,2730.0833810011,2671.03286202276,5,5,1,1,5,5,0.442624126090853,0.557375873909147,1,1,0.692307692307692,0.307692307692308,16.2294318040946,-16.2294318040946,2721.46491548779,2729.05128547335,293,62,2977,531
87888,2009-12-05 00:00:00,EventStart_Fallback,71,UK Championship,2009,2009-12-05 00:00:00,2009-12-13 00:00:00,2009-08-01 10:00:00,matches_2009_all.csv,153,Stephen Hendry,Scotland,212,Steve Davis,England,153,Stephen Hendry,Scotland,153,Stephen Hendry,Scotland,9,6,9,6,15,FALSE,FALSE,491,451,5075,4588,2735.61429218397,2697.7369958192,2727.71851092324,2674.65788820987,5,5,1,1,5,5,0.554294878235448,0.445705121764552,1,1,0.6,0.4,3.42788413234143,-3.42788413234143,2739.04217631632,2694.30911168686,492,452,5090,4603
87889,2009-12-05 00:00:00,EventStart_Fallback,71,UK Championship,2009,2009-12-05 00:00:00,2009-12-13 00:00:00,2009-08-01 10:00:00,matches_2009_all.csv,17,Mark Selby,England,3,Jamie Cope,England,17,Mark Selby,England,17,Mark Selby,England,9,8,9,8,17,FALSE,FALSE,171,106,1525,817,2797.47771714622,2752.50228536876,2694.53166694155,2642.34302814736,5,5,1,1,5,5,0.564365719963128,0.435634280036872,1,1,0.529411764705882,0.470588235294118,-2.97108619686585,2.97108619686585,2794.50663094935,2755.47337156563,172,107,1542,834
87890,2009-12-05 00:00:00,EventStart_Fallback,71,UK Championship,2009,2009-12-05 00:00:00,2009-12-13 00:00:00,2009-08-01 10:00:00,matches_2009_all.csv,68,Ryan Day,Wales,200,Liang Wenbo,China,200,Liang Wenbo,China,200,Liang Wenbo,China,3,9,3,9,12,FALSE,FALSE,161,53,1494,470,2771.523056789,2754.78139654414,2657.71749328838,2685.07686582305,5,5,1,1,5,5,0.524074555588063,0.475925444411937,1,1,0.25,0.75,-16.4444733352838,16.4444733352838,2755.07858345372,2771.22586987942,162,54,1506,482
87891,2009-12-05 00:00:00,EventStart_Fallback,71,UK Championship,2009,2009-12-05 00:00:00,2009-12-13 00:00:00,2009-08-01 10:00:00,matches_2009_all.csv,28,Mark King,England,115,Anthony Hamilton,England,28,Mark King,England,28,Mark King,England,9,2,9,2,11,FALSE,FALSE,231,214,1937,1986,2706.55177354973,2723.00234615005,2650.41419841964,2624.04111595839,5,5,1,1,5,5,0.476343398797202,0.523656601202798,1,1,0.818181818181818,0.181818181818182,18.8011130661539,-18.8011130661539,2725.35288661588,2704.2012330839,232,215,1948,1997
87892,2009-12-05 00:00:00,EventStart_Fallback,71,UK Championship,2009,2009-12-05 00:00:00,2009-12-13 00:00:00,2009-08-01 10:00:00,matches_2009_all.csv,154,Neil Robertson,Australia,8,Tom Ford,England,154,Neil Robertson,Australia,154,Neil Robertson,Australia,9,3,9,3,12,FALSE,FALSE,164,73,1490,736,2816.66898290401,2698.79072806285,2631.4761148925,2674.83174745156,5,5,1,1,5,5,0.663417626262459,0.336582373737541,1,1,0.75,0.25,5.19494242425244,-5.19494242425244,2821.86392532826,2693.5957856386,165,74,1502,748
87893,2009-12-05 00:00:00,EventStart_Fallback,71,UK Championship,2009,2009-12-05 00:00:00,2009-12-13 00:00:00,2009-08-01 10:00:00,matches_2009_all.csv,237,John Higgins,Scotland,62,Ricky Walden,England,237,John Higgins,Scotland,237,John Higgins,Scotland,9,7,9,7,16,FALSE,FALSE,382,117,3674,1094,2798.02950368419,2773.54444756537,2718.4454421435,2670.11557323151,5,5,1,1,5,5,0.535178608924215,0.464821391075785,1,1,0.5625,0.4375,2.1857112860628,-2.1857112860628,2800.21521497026,2771.35873627931,383,118,3690,1110
87902,2009-12-05 00:00:00,EventStart_Fallback,71,UK Championship,2009,2009-12-05 00:00:00,2009-12-13 00:00:00,2009-08-01 10:00:00,matches_2009_all.csv,97,Shaun Murphy,England,224,Ding Junhui,China,224,Ding Junhui,China,224,Ding Junhui,China,3,9,3,9,12,FALSE,FALSE,187,142,1843,1237,2790.03305229266,2784.51784725652,2709.44047993629,2679.65325646999,5,5,1,1,5,5,0.507936351460435,0.492063648539565,1,1,0.25,0.75,-15.4761810876261,15.4761810876261,2774.55687120503,2799.99402834415,188,143,1855,1249
87903,2009-12-05 00:00:00,EventStart_Fallback,71,UK Championship,2009,2009-12-05 00:00:00,2009-12-13 00:00:00,2009-08-01 10:00:00,matches_2009_all.csv,13,Stephen Lee,England,158,Ali Carter,England,158,Ali Carter,England,158,Ali Carter,England,5,9,5,9,14,FALSE,FALSE,244,219,2318,1777,2720.93048454707,2755.20528708998,2693.21413052306,2654.01094991334,5,5,1,1,5,5,0.450833985009157,0.549166014990843,1,1,0.357142857142857,0.642857142857143,-6.55837895064099,6.55837895064099,2714.37210559642,2761.76366604062,245,220,2332,1791
87904,2009-12-05 00:00:00,EventStart_Fallback,71,UK Championship,2009,2009-12-05 00:00:00,2009-12-13 00:00:00,2009-08-01 10:00:00,matches_2009_all.csv,37,Peter Lines,England,1,Mark J Williams,Wales,37,Peter Lines,England,37,Peter Lines,England,9,8,9,8,17,FALSE,FALSE,60,313,669,2954,2691.194004791,2763.99540626104,2623.24680930579,2646.42906931203,5,5,1,1,5,5,0.396737264977337,0.603262735022663,1,1,0.529411764705882,0.470588235294118,11.2773324769264,-11.2773324769264,2702.47133726793,2752.71807378411,61,314,686,2971
87905,2009-12-05 00:00:00,EventStart_Fallback,71,UK Championship,2009,2009-12-05 00:00:00,2009-12-13 00:00:00,2009-08-01 10:00:00,matches_2009_all.csv,30,Stuart Bingham,England,2,Stephen Maguire,Scotland,2,Stephen Maguire,Scotland,2,Stephen Maguire,Scotland,3,9,3,9,12,FALSE,FALSE,153,151,1439,1542,2758.43666154608,2760.87410770137,2664.72075429549,2658.75609493258,5,5,1,1,5,5,0.496492290558114,0.503507709441886,1,1,0.25,0.75,-14.7895374334869,14.7895374334869,2743.64712411259,2775.66364513486,154,152,1451,1554
87906,2009-12-05 00:00:00,EventStart_Fallback,71,UK Championship,2009,2009-12-05 00:00:00,2009-12-13 00:00:00,2009-08-01 10:00:00,matches_2009_all.csv,5,Ronnie O'Sullivan,England,42,Peter Ebdon,England,5,Ronnie O'Sullivan,England,5,Ronnie O'Sullivan,England,9,3,9,3,12,FALSE,FALSE,345,293,3603,2977,2839.13748060195,2721.46491548779,2727.41414214416,2730.0833810011,5,5,1,1,5,5,0.663153184121364,0.336846815878636,1,1,0.75,0.25,5.21080895271814,-5.21080895271814,2844.34828955467,2716.25410653507,346,294,3615,2989
87907,2009-12-05 00:00:00,EventStart_Fallback,71,UK Championship,2009,2009-12-05 00:00:00,2009-12-13 00:00:00,2009-08-01 10:00:00,matches_2009_all.csv,153,Stephen Hendry,Scotland,17,Mark Selby,England,17,Mark Selby,England,17,Mark Selby,England,5,9,5,9,14,FALSE,FALSE,492,172,5090,1542,2739.04217631632,2794.50663094935,2727.71851092324,2694.53166694155,5,5,1,1,5,5,0.420851455014519,0.579148544985482,1,1,0.357142857142857,0.642857142857143,-4.4596018510163,4.4596018510163,2734.5825744653,2798.96623280037,493,173,5104,1556
87908,2009-12-05 00:00:00,EventStart_Fallback,71,UK Championship,2009,2009-12-05 00:00:00,2009-12-13 00:00:00,2009-08-01 10:00:00,matches_2009_all.csv,200,Liang Wenbo,China,28,Mark King,England,200,Liang Wenbo,China,200,Liang Wenbo,China,9,2,9,2,11,FALSE,FALSE,54,232,482,1948,2771.22586987942,2725.35288661588,2685.07686582305,2650.41419841964,5,5,1,1,5,5,0.565635569808878,0.434364430191122,1,1,0.818181818181818,0.181818181818182,13.8900436605117,-13.8900436605117,2785.11591353993,2711.46284295537,55,233,493,1959
87909,2009-12-05 00:00:00,EventStart_Fallback,71,UK Championship,2009,2009-12-05 00:00:00,2009-12-13 00:00:00,2009-08-01 10:00:00,matches_2009_all.csv,154,Neil Robertson,Australia,237,John Higgins,Scotland,237,John Higgins,Scotland,237,John Higgins,Scotland,8,9,8,9,17,FALSE,FALSE,165,383,1502,3690,2821.86392532826,2800.21521497026,2631.4761148925,2718.4454421435,5,5,1,1,5,5,0.531114740983097,0.468885259016903,1,1,0.470588235294118,0.529411764705882,-5.14475298356327,5.14475298356327,2816.7191723447,2805.35996795382,166,384,1519,3707
87914,2009-12-05 00:00:00,EventStart_Fallback,71,UK Championship,2009,2009-12-05 00:00:00,2009-12-13 00:00:00,2009-08-01 10:00:00,matches_2009_all.csv,224,Ding Junhui,China,158,Ali Carter,England,224,Ding Junhui,China,224,Ding Junhui,China,9,8,9,8,17,FALSE,FALSE,143,220,1249,1791,2799.99402834415,2761.76366604062,2679.65325646999,2654.01094991334,5,5,1,1,5,5,0.554796933977805,0.445203066022196,1,1,0.529411764705882,0.470588235294118,-2.15773938811338,2.15773938811338,2797.83628895603,2763.92140542874,144,221,1266,1808
87915,2009-12-05 00:00:00,EventStart_Fallback,71,UK Championship,2009,2009-12-05 00:00:00,2009-12-13 00:00:00,2009-08-01 10:00:00,matches_2009_all.csv,37,Peter Lines,England,2,Stephen Maguire,Scotland,2,Stephen Maguire,Scotland,2,Stephen Maguire,Scotland,5,9,5,9,14,FALSE,FALSE,61,152,686,1554,2702.47133726793,2775.66364513486,2623.24680930579,2658.75609493258,5,5,1,1,5,5,0.396198825514991,0.603801174485009,1,1,0.357142857142857,0.642857142857143,-2.73391778604939,2.73391778604939,2699.73741948188,2778.39756292091,62,153,700,1568
87916,2009-12-05 00:00:00,EventStart_Fallback,71,UK Championship,2009,2009-12-05 00:00:00,2009-12-13 00:00:00,2009-08-01 10:00:00,matches_2009_all.csv,5,Ronnie O'Sullivan,England,17,Mark Selby,England,5,Ronnie O'Sullivan,England,5,Ronnie O'Sullivan,England,9,3,9,3,12,FALSE,FALSE,346,173,3615,1556,2844.34828955467,2798.96623280037,2727.41414214416,2694.53166694155,5,5,1,1,5,5,0.564941115908648,0.435058884091352,1,1,0.75,0.25,11.1035330454811,-11.1035330454811,2855.45182260015,2787.86269975489,347,174,3627,1568
87917,2009-12-05 00:00:00,EventStart_Fallback,71,UK Championship,2009,2009-12-05 00:00:00,2009-12-13 00:00:00,2009-08-01 10:00:00,matches_2009_all.csv,200,Liang Wenbo,China,237,John Higgins,Scotland,237,John Higgins,Scotland,237,John Higgins,Scotland,2,9,2,9,11,FALSE,FALSE,55,384,493,3707,2785.11591353993,2805.35996795382,2685.07686582305,2718.4454421435,5,5,1,1,5,5,0.470899389044688,0.529100610955312,1,1,0.181818181818182,0.818181818181818,-15.8994663974579,15.8994663974579,2769.21644714248,2821.25943435128,56,385,504,3718
87920,2009-12-05 00:00:00,EventStart_Fallback,71,UK Championship,2009,2009-12-05 00:00:00,2009-12-13 00:00:00,2009-08-01 10:00:00,matches_2009_all.csv,224,Ding Junhui,China,2,Stephen Maguire,Scotland,224,Ding Junhui,China,224,Ding Junhui,China,9,5,9,5,14,FALSE,FALSE,144,153,1266,1568,2797.83628895603,2778.39756292091,2679.65325646999,2658.75609493258,5,5,1,1,5,5,0.527945422325392,0.472054577674608,1,1,0.642857142857143,0.357142857142857,8.04382043722256,-8.04382043722256,2805.88010939326,2770.35374248368,145,154,1280,1582
87921,2009-12-05 00:00:00,EventStart_Fallback,71,UK Championship,2009,2009-12-05 00:00:00,2009-12-13 00:00:00,2009-08-01 10:00:00,matches_2009_all.csv,5,Ronnie O'Sullivan,England,237,John Higgins,Scotland,237,John Higgins,Scotland,237,John Higgins,Scotland,8,9,8,9,17,FALSE,FALSE,347,385,3627,3718,2855.45182260015,2821.25943435128,2727.41414214416,2718.4454421435,5,5,1,1,5,5,0.549048555351736,0.450951444648264,1,1,0.470588235294118,0.529411764705882,-6.66912720489759,6.66912720489758,2848.78269539526,2827.92856155618,348,386,3644,3735
8321735,2010-01-04 00:00:00,EventStart_Fallback,1706,Championship League - Group 1,2009,2010-01-04 00:00:00,2010-01-05 00:00:00,2023-11-28 12:51:44,matches_2009_all.csv,12,Judd Trump,England,68,Ryan Day,Wales,12,Judd Trump,England,12,Judd Trump,England,3,1,3,1,4,FALSE,FALSE,62,162,531,1506,2729.05128547335,2755.07858345372,2671.03286202276,2657.71749328838,5,5,1,1,5,5,0.46261361729326,0.53738638270674,1,1,0.75,0.25,5.7477276541348,-5.7477276541348,2734.79901312749,2749.33085579959,63,163,535,1510
8321736,2010-01-04 00:00:00,EventStart_Fallback,1706,Championship League - Group 1,2009,2010-01-04 00:00:00,2010-01-05 00:00:00,2023-11-28 12:51:44,matches_2009_all.csv,17,Mark Selby,England,158,Ali Carter,England,158,Ali Carter,England,158,Ali Carter,England,2,3,2,3,5,FALSE,FALSE,174,221,1568,1808,2787.86269975489,2763.92140542874,2694.53166694155,2654.01094991334,5,5,1,1,5,5,0.534399861347108,0.465600138652892,1,1,0.4,0.6,-3.3599965336777,3.3599965336777,2784.50270322121,2767.28140196242,175,222,1573,1813
8321737,2010-01-04 00:00:00,EventStart_Fallback,1706,Championship League - Group 1,2009,2010-01-04 00:00:00,2010-01-05 00:00:00,2023-11-28 12:51:44,matches_2009_all.csv,97,Shaun Murphy,England,2,Stephen Maguire,Scotland,2,Stephen Maguire,Scotland,2,Stephen Maguire,Scotland,0,3,0,3,3,FALSE,FALSE,188,154,1855,1582,2774.55687120503,2770.35374248368,2709.44047993629,2658.75609493258,5,5,1,1,5,5,0.506048493395523,0.493951506604477,1,1,0,1,-7.59072740093285,7.59072740093285,2766.9661438041,2777.94446988462,189,155,1858,1585
8321738,2010-01-04 00:00:00,EventStart_Fallback,1706,Championship League - Group 1,2009,2010-01-04 00:00:00,2010-01-05 00:00:00,2023-11-28 12:51:44,matches_2009_all.csv,237,John Higgins,Scotland,12,Judd Trump,England,12,Judd Trump,England,12,Judd Trump,England,0,3,0,3,3,FALSE,FALSE,386,63,3735,535,2827.92856155618,2734.79901312749,2718.4454421435,2671.03286202276,5,5,1,1,5,5,0.630903961838921,0.369096038161079,1,1,0,1,-9.46355942758382,9.46355942758382,2818.46500212859,2744.26257255507,387,64,3738,538
8321739,2010-01-04 00:00:00,EventStart_Fallback,1706,Championship League - Group 1,2009,2010-01-04 00:00:00,2010-01-05 00:00:00,2023-11-28 12:51:44,matches_2009_all.csv,68,Ryan Day,Wales,17,Mark Selby,England,17,Mark Selby,England,17,Mark Selby,England,2,3,2,3,5,FALSE,FALSE,163,175,1510,1573,2749.33085579959,2784.50270322121,2657.71749328838,2694.53166694155,5,5,1,1,5,5,0.449555843446713,0.550444156553287,1,1,0.4,0.6,-1.23889608616784,1.23889608616784,2748.09195971342,2785.74159930738,164,176,1515,1578
8321740,2010-01-04 00:00:00,EventStart_Fallback,1706,Championship League - Group 1,2009,2010-01-04 00:00:00,2010-01-05 00:00:00,2023-11-28 12:51:44,matches_2009_all.csv,158,Ali Carter,England,97,Shaun Murphy,England,158,Ali Carter,England,158,Ali Carter,England,3,0,3,0,3,FALSE,FALSE,222,189,1813,1858,2767.28140196242,2766.9661438041,2654.01094991334,2709.44047993629,5,5,1,1,5,5,0.500453692835347,0.499546307164654,1,1,1,0,7.4931946074698,-7.4931946074698,2774.77459656989,2759.47294919663,223,190,1816,1861
8321741,2010-01-04 00:00:00,EventStart_Fallback,1706,Championship League - Group 1,2009,2010-01-04 00:00:00,2010-01-05 00:00:00,2023-11-28 12:51:44,matches_2009_all.csv,2,Stephen Maguire,Scotland,237,John Higgins,Scotland,2,Stephen Maguire,Scotland,2,Stephen Maguire,Scotland,3,2,3,2,5,FALSE,FALSE,155,387,1585,3738,2777.94446988462,2818.46500212859,2658.75609493258,2718.4454421435,5,5,1,1,5,5,0.441949229732566,0.558050770267434,1,1,0.6,0.4,3.95126925668584,-3.95126925668584,2781.8957391413,2814.51373287191,156,388,1590,3743
8321742,2010-01-04 00:00:00,EventStart_Fallback,1706,Championship League - Group 1,2009,2010-01-04 00:00:00,2010-01-05 00:00:00,2023-11-28 12:51:44,matches_2009_all.csv,12,Judd Trump,England,17,Mark Selby,England,17,Mark Selby,England,17,Mark Selby,England,1,3,1,3,4,FALSE,FALSE,64,176,538,1578,2744.26257255507,2785.74159930738,2671.03286202276,2694.53166694155,5,5,1,1,5,5,0.440588877928094,0.559411122071906,1,1,0.25,0.75,-3.81177755856188,3.81177755856188,2740.45079499651,2789.55337686594,65,177,542,1582
8321743,2010-01-04 00:00:00,EventStart_Fallback,1706,Championship League - Group 1,2009,2010-01-04 00:00:00,2010-01-05 00:00:00,2023-11-28 12:51:44,matches_2009_all.csv,68,Ryan Day,Wales,158,Ali Carter,England,158,Ali Carter,England,158,Ali Carter,England,0,3,0,3,3,FALSE,FALSE,164,223,1515,1816,2748.09195971342,2774.77459656989,2657.71749328838,2654.01094991334,5,5,1,1,5,5,0.461675915090011,0.538324084909989,1,1,0,1,-6.92513872635016,6.92513872635016,2741.16682098707,2781.69973529624,165,224,1518,1819
8321744,2010-01-04 00:00:00,EventStart_Fallback,1706,Championship League - Group 1,2009,2010-01-04 00:00:00,2010-01-05 00:00:00,2023-11-28 12:51:44,matches_2009_all.csv,97,Shaun Murphy,England,237,John Higgins,Scotland,237,John Higgins,Scotland,237,John Higgins,Scotland,1,3,1,3,4,FALSE,FALSE,190,388,1861,3743,2759.47294919663,2814.51373287191,2709.44047993629,2718.4454421435,5,5,1,1,5,5,0.421446002873685,0.578553997126315,1,1,0.25,0.75,-3.4289200574737,3.4289200574737,2756.04402913916,2817.94265292938,191,389,1865,3747
8321745,2010-01-04 00:00:00,EventStart_Fallback,1706,Championship League - Group 1,2009,2010-01-04 00:00:00,2010-01-05 00:00:00,2023-11-28 12:51:44,matches_2009_all.csv,17,Mark Selby,England,237,John Higgins,Scotland,17,Mark Selby,England,17,Mark Selby,England,3,2,3,2,5,FALSE,FALSE,177,389,1582,3747,2789.55337686594,2817.94265292938,2694.53166694155,2718.4454421435,5,5,1,1,5,5,0.459235231556787,0.540764768443213,1,1,0.6,0.4,3.51911921108032,-3.51911921108032,2793.07249607702,2814.4235337183,178,390,1587,3752
8321746,2010-01-04 00:00:00,EventStart_Fallback,1706,Championship League - Group 1,2009,2010-01-04 00:00:00,2010-01-05 00:00:00,2023-11-28 12:51:44,matches_2009_all.csv,2,Stephen Maguire,Scotland,158,Ali Carter,England,2,Stephen Maguire,Scotland,2,Stephen Maguire,Scotland,3,2,3,2,5,FALSE,FALSE,156,224,1590,1819,2781.8957391413,2781.69973529624,2658.75609493258,2654.01094991334,5,5,1,1,5,5,0.500282072177465,0.499717927822535,1,1,0.6,0.4,2.49294819556337,-2.49294819556337,2784.38868733687,2779.20678710067,157,225,1595,1824
8321747,2010-01-04 00:00:00,EventStart_Fallback,1706,Championship League - Group 1,2009,2010-01-04 00:00:00,2010-01-05 00:00:00,2023-11-28 12:51:44,matches_2009_all.csv,12,Judd Trump,England,2,Stephen Maguire,Scotland,12,Judd Trump,England,12,Judd Trump,England,3,1,3,1,4,FALSE,FALSE,65,157,542,1595,2740.45079499651,2784.38868733687,2671.03286202276,2658.75609493258,5,5,1,1,5,5,0.437103235672594,0.562896764327406,1,1,0.75,0.25,6.25793528654812,-6.25793528654812,2746.70873028306,2778.13075205032,66,158,546,1599
8321748,2010-01-04 00:00:00,EventStart_Fallback,1706,Championship League - Group 1,2009,2010-01-04 00:00:00,2010-01-05 00:00:00,2023-11-28 12:51:44,matches_2009_all.csv,68,Ryan Day,Wales,97,Shaun Murphy,England,97,Shaun Murphy,England,97,Shaun Murphy,England,1,3,1,3,4,FALSE,FALSE,165,191,1518,1865,2741.16682098707,2756.04402913916,2657.71749328838,2709.44047993629,5,5,1,1,5,5,0.478603052332704,0.521396947667296,1,1,0.25,0.75,-4.57206104665408,4.57206104665408,2736.59475994041,2760.61609018581,166,192,1522,1869
8321749,2010-01-04 00:00:00,EventStart_Fallback,1706,Championship League - Group 1,2009,2010-01-04 00:00:00,2010-01-05 00:00:00,2023-11-28 12:51:44,matches_2009_all.csv,158,Ali Carter,England,237,John Higgins,Scotland,237,John Higgins,Scotland,237,John Higgins,Scotland,0,3,0,3,3,FALSE,FALSE,225,390,1824,3752,2779.20678710067,2814.4235337183,2654.01094991334,2718.4454421435,5,5,1,1,5,5,0.449491886825853,0.550508113174147,1,1,0,1,-6.7423783023878,6.7423783023878,2772.46440879828,2821.16591202069,226,391,1827,3755
8321750,2010-01-04 00:00:00,EventStart_Fallback,1706,Championship League - Group 1,2009,2010-01-04 00:00:00,2010-01-05 00:00:00,2023-11-28 12:51:44,matches_2009_all.csv,17,Mark Selby,England,2,Stephen Maguire,Scotland,17,Mark Selby,England,17,Mark Selby,England,3,1,3,1,4,FALSE,FALSE,178,158,1587,1599,2793.07249607702,2778.13075205032,2694.53166694155,2658.75609493258,5,5,1,1,5,5,0.521489651435755,0.478510348564246,1,1,0.75,0.25,4.57020697128491,-4.57020697128491,2797.64270304831,2773.56054507903,179,159,1591,1603
8321751,2010-01-04 00:00:00,EventStart_Fallback,1706,Championship League - Group 1,2009,2010-01-04 00:00:00,2010-01-05 00:00:00,2023-11-28 12:51:44,matches_2009_all.csv,12,Judd Trump,England,97,Shaun Murphy,England,12,Judd Trump,England,12,Judd Trump,England,3,1,3,1,4,FALSE,FALSE,66,192,546,1869,2746.70873028306,2760.61609018581,2671.03286202276,2709.44047993629,5,5,1,1,5,5,0.479996382969089,0.520003617030911,1,1,0.75,0.25,5.40007234061822,-5.40007234061822,2752.10880262367,2755.21601784519,67,193,550,1873
8321752,2010-01-04 00:00:00,EventStart_Fallback,1706,Championship League - Group 1,2009,2010-01-04 00:00:00,2010-01-05 00:00:00,2023-11-28 12:51:44,matches_2009_all.csv,68,Ryan Day,Wales,237,John Higgins,Scotland,237,John Higgins,Scotland,237,John Higgins,Scotland,2,3,2,3,5,FALSE,FALSE,166,391,1522,3755,2736.59475994041,2821.16591202069,2657.71749328838,2718.4454421435,5,5,1,1,5,5,0.380640460916754,0.619359539083247,1,1,0.4,0.6,0.483988477081162,-0.483988477081163,2737.0787484175,2820.68192354361,167,392,1527,3760
8321753,2010-01-04 00:00:00,EventStart_Fallback,1706,Championship League - Group 1,2009,2010-01-04 00:00:00,2010-01-05 00:00:00,2023-11-28 12:51:44,matches_2009_all.csv,68,Ryan Day,Wales,2,Stephen Maguire,Scotland,2,Stephen Maguire,Scotland,2,Stephen Maguire,Scotland,1,3,1,3,4,FALSE,FALSE,167,159,1527,1603,2737.0787484175,2773.56054507903,2657.71749328838,2658.75609493258,5,5,1,1,5,5,0.447690581400335,0.552309418599665,1,1,0.25,0.75,-3.95381162800671,3.95381162800671,2733.12493678949,2777.51435670704,168,160,1531,1607
8321754,2010-01-04 00:00:00,EventStart_Fallback,1706,Championship League - Group 1,2009,2010-01-04 00:00:00,2010-01-05 00:00:00,2023-11-28 12:51:44,matches_2009_all.csv,17,Mark Selby,England,97,Shaun Murphy,England,97,Shaun Murphy,England,97,Shaun Murphy,England,0,3,0,3,3,FALSE,FALSE,179,193,1591,1873,2797.64270304831,2755.21601784519,2694.53166694155,2709.44047993629,5,5,1,1,5,5,0.560755218280761,0.439244781719239,1,1,0,1,-8.41132827421141,8.41132827421141,2789.23137477409,2763.6273461194,180,194,1594,1876
8321755,2010-01-04 00:00:00,EventStart_Fallback,1706,Championship League - Group 1,2009,2010-01-04 00:00:00,2010-01-05 00:00:00,2023-11-28 12:51:44,matches_2009_all.csv,12,Judd Trump,England,158,Ali Carter,England,158,Ali Carter,England,158,Ali Carter,England,2,3,2,3,5,FALSE,FALSE,67,226,550,1827,2752.10880262367,2772.46440879828,2671.03286202276,2654.01094991334,5,5,1,1,5,5,0.470739399947944,0.529260600052056,1,1,0.4,0.6,-1.7684849986986,1.7684849986986,2750.34031762498,2774.23289379698,68,227,555,1832
8321759,2010-01-04 00:00:00,EventStart_Fallback,1706,Championship League - Group 1,2009,2010-01-04 00:00:00,2010-01-05 00:00:00,2023-11-28 12:52:55,matches_2009_all.csv,17,Mark Selby,England,2,Stephen Maguire,Scotland,2,Stephen Maguire,Scotland,2,Stephen Maguire,Scotland,0,3,0,3,3,FALSE,FALSE,180,160,1594,1607,2789.23137477409,2777.51435670704,2694.53166694155,2658.75609493258,5,5,1,1,5,5,0.516855754772113,0.483144245227887,1,1,0,1,-7.75283632158169,7.75283632158169,2781.47853845251,2785.26719302862,181,161,1597,1610
8321689,2010-01-06 00:00:00,EventStart_Fallback,1704,Championship League - Group 2,2009,2010-01-06 00:00:00,2010-01-07 00:00:00,2023-11-28 12:45:21,matches_2009_all.csv,158,Ali Carter,England,237,John Higgins,Scotland,158,Ali Carter,England,158,Ali Carter,England,3,1,3,1,4,FALSE,FALSE,227,392,1832,3760,2774.23289379698,2820.68192354361,2654.01094991334,2718.4454421435,5,5,1,1,5,5,0.433549896068637,0.566450103931363,1,1,0.75,0.25,6.32900207862726,-6.32900207862726,2780.56189587561,2814.35292146498,228,393,1836,3764
8321690,2010-01-06 00:00:00,EventStart_Fallback,1704,Championship League - Group 2,2009,2010-01-06 00:00:00,2010-01-07 00:00:00,2023-11-28 12:45:21,matches_2009_all.csv,17,Mark Selby,England,12,Judd Trump,England,12,Judd Trump,England,12,Judd Trump,England,1,3,1,3,4,FALSE,FALSE,181,68,1597,555,2781.47853845251,2750.34031762498,2694.53166694155,2671.03286202276,5,5,1,1,5,5,0.544691906619642,0.455308093380359,1,1,0.25,0.75,-5.89383813239283,5.89383813239283,2775.58470032012,2756.23415575737,182,69,1601,559
8321691,2010-01-06 00:00:00,EventStart_Fallback,1704,Championship League - Group 2,2009,2010-01-06 00:00:00,2010-01-07 00:00:00,2023-11-28 12:45:21,matches_2009_all.csv,154,Neil Robertson,Australia,4,Fu Marco,Hong Kong,4,Fu Marco,Hong Kong,4,Fu Marco,Hong Kong,0,3,0,3,3,FALSE,FALSE,166,151,1519,1492,2816.7191723447,2716.3111664204,2631.4761148925,2720.95775518301,5,5,1,1,5,5,0.640605912631244,0.359394087368756,1,1,0,1,-9.60908868946866,9.60908868946866,2807.11008365523,2725.92025510987,167,152,1522,1495
8321692,2010-01-06 00:00:00,EventStart_Fallback,1704,Championship League - Group 2,2009,2010-01-06 00:00:00,2010-01-07 00:00:00,2023-11-28 12:45:21,matches_2009_all.csv,5,Ronnie O'Sullivan,England,17,Mark Selby,England,5,Ronnie O'Sullivan,England,5,Ronnie O'Sullivan,England,3,2,3,2,5,FALSE,FALSE,348,182,3644,1601,2848.78269539526,2775.58470032012,2727.41414214416,2694.53166694155,5,5,1,1,5,5,0.60380900626514,0.39619099373486,1,1,0.6,0.4,-0.0952251566285001,0.0952251566285001,2848.68747023863,2775.67992547675,349,183,3649,1606
8321693,2010-01-06 00:00:00,EventStart_Fallback,1704,Championship League - Group 2,2009,2010-01-06 00:00:00,2010-01-07 00:00:00,2023-11-28 12:45:21,matches_2009_all.csv,237,John Higgins,Scotland,154,Neil Robertson,Australia,237,John Higgins,Scotland,237,John Higgins,Scotland,3,2,3,2,5,FALSE,FALSE,393,167,3764,1522,2814.35292146498,2807.11008365523,2718.4454421435,2631.4761148925,5,5,1,1,5,5,0.510421771831009,0.489578228168991,1,1,0.6,0.4,2.23945570422478,-2.23945570422478,2816.5923771692,2804.870627951,394,168,3769,1527
8321694,2010-01-06 00:00:00,EventStart_Fallback,1704,Championship League - Group 2,2009,2010-01-06 00:00:00,2010-01-07 00:00:00,2023-11-28 12:45:21,matches_2009_all.csv,12,Judd Trump,England,158,Ali Carter,England,12,Judd Trump,England,12,Judd Trump,England,3,0,3,0,3,FALSE,FALSE,69,228,559,1836,2756.23415575737,2780.56189587561,2671.03286202276,2654.01094991334,5,5,1,1,5,5,0.4650466734698,0.5349533265302,1,1,1,0,8.024299897953,-8.02429989795299,2764.25845565532,2772.53759597766,70,229,562,1839
8321695,2010-01-06 00:00:00,EventStart_Fallback,1704,Championship League - Group 2,2009,2010-01-06 00:00:00,2010-01-07 00:00:00,2023-11-28 12:45:21,matches_2009_all.csv,4,Fu Marco,Hong Kong,5,Ronnie O'Sullivan,England,5,Ronnie O'Sullivan,England,5,Ronnie O'Sullivan,England,0,3,0,3,3,FALSE,FALSE,152,349,1495,3649,2725.92025510987,2848.68747023863,2720.95775518301,2727.41414214416,5,5,1,1,5,5,0.330327345522681,0.66967265447732,1,1,0,1,-4.95491018284021,4.95491018284021,2720.96534492703,2853.64238042147,153,350,1498,3652
8321696,2010-01-06 00:00:00,EventStart_Fallback,1704,Championship League - Group 2,2009,2010-01-06 00:00:00,2010-01-07 00:00:00,2023-11-28 12:45:21,matches_2009_all.csv,17,Mark Selby,England,158,Ali Carter,England,17,Mark Selby,England,17,Mark Selby,England,3,0,3,0,3,FALSE,FALSE,183,229,1606,1839,2775.67992547675,2772.53759597766,2694.53166694155,2654.01094991334,5,5,1,1,5,5,0.504522052362617,0.495477947637384,1,1,1,0,7.43216921456075,-7.43216921456075,2783.11209469131,2765.1054267631,184,230,1609,1842
8321697,2010-01-06 00:00:00,EventStart_Fallback,1704,Championship League - Group 2,2009,2010-01-06 00:00:00,2010-01-07 00:00:00,2023-11-28 12:45:21,matches_2009_all.csv,12,Judd Trump,England,237,John Higgins,Scotland,237,John Higgins,Scotland,237,John Higgins,Scotland,1,3,1,3,4,FALSE,FALSE,70,394,562,3769,2764.25845565532,2816.5923771692,2671.03286202276,2718.4454421435,5,5,1,1,5,5,0.425249917762025,0.574750082237975,1,1,0.25,0.75,-3.50499835524049,3.50499835524049,2760.75345730008,2820.09737552444,71,395,566,3773
8321698,2010-01-06 00:00:00,EventStart_Fallback,1704,Championship League - Group 2,2009,2010-01-06 00:00:00,2010-01-07 00:00:00,2023-11-28 12:45:21,matches_2009_all.csv,154,Neil Robertson,Australia,5,Ronnie O'Sullivan,England,154,Neil Robertson,Australia,154,Neil Robertson,Australia,3,0,3,0,3,FALSE,FALSE,168,350,1527,3652,2804.870627951,2853.64238042147,2631.4761148925,2727.41414214416,5,5,1,1,5,5,0.430269232789385,0.569730767210615,1,1,1,0,8.54596150815922,-8.54596150815922,2813.41658945916,2845.09641891331,169,351,1530,3655
8321699,2010-01-06 00:00:00,EventStart_Fallback,1704,Championship League - Group 2,2009,2010-01-06 00:00:00,2010-01-07 00:00:00,2023-11-28 12:45:21,matches_2009_all.csv,158,Ali Carter,England,5,Ronnie O'Sullivan,England,158,Ali Carter,England,158,Ali Carter,England,3,1,3,1,4,FALSE,FALSE,230,351,1842,3655,2765.1054267631,2845.09641891331,2654.01094991334,2727.41414214416,5,5,1,1,5,5,0.386875479537118,0.613124520462882,1,1,0.75,0.25,7.26249040925765,-7.26249040925765,2772.36791717235,2837.83392850405,231,352,1846,3659
8321700,2010-01-06 00:00:00,EventStart_Fallback,1704,Championship League - Group 2,2009,2010-01-06 00:00:00,2010-01-07 00:00:00,2023-11-28 12:45:21,matches_2009_all.csv,4,Fu Marco,Hong Kong,237,John Higgins,Scotland,4,Fu Marco,Hong Kong,4,Fu Marco,Hong Kong,3,1,3,1,4,FALSE,FALSE,153,395,1498,3773,2720.96534492703,2820.09737552444,2720.95775518301,2718.4454421435,5,5,1,1,5,5,0.361086891250286,0.638913108749714,1,1,0.75,0.25,7.77826217499427,-7.77826217499427,2728.74360710202,2812.31911334945,154,396,1502,3777
8321701,2010-01-06 00:00:00,EventStart_Fallback,1704,Championship League - Group 2,2009,2010-01-06 00:00:00,2010-01-07 00:00:00,2023-11-28 12:45:21,matches_2009_all.csv,17,Mark Selby,England,4,Fu Marco,Hong Kong,4,Fu Marco,Hong Kong,4,Fu Marco,Hong Kong,0,3,0,3,3,FALSE,FALSE,184,154,1609,1502,2783.11209469131,2728.74360710202,2694.53166694155,2720.95775518301,5,5,1,1,5,5,0.577610080524639,0.422389919475361,1,1,0,1,-8.66415120786958,8.66415120786958,2774.44794348344,2737.40775830989,185,155,1612,1505
8321702,2010-01-06 00:00:00,EventStart_Fallback,1704,Championship League - Group 2,2009,2010-01-06 00:00:00,2010-01-07 00:00:00,2023-11-28 12:45:21,matches_2009_all.csv,12,Judd Trump,England,154,Neil Robertson,Australia,154,Neil Robertson,Australia,154,Neil Robertson,Australia,2,3,2,3,5,FALSE,FALSE,71,169,566,1530,2760.75345730008,2813.41658945916,2671.03286202276,2631.4761148925,5,5,1,1,5,5,0.424786800252861,0.575213199747139,1,1,0.4,0.6,-0.619670006321522,0.619670006321522,2760.13378729376,2814.03625946548,72,170,571,1535
8321703,2010-01-06 00:00:00,EventStart_Fallback,1704,Championship League - Group 2,2009,2010-01-06 00:00:00,2010-01-07 00:00:00,2023-11-28 12:45:21,matches_2009_all.csv,237,John Higgins,Scotland,5,Ronnie O'Sullivan,England,237,John Higgins,Scotland,237,John Higgins,Scotland,3,0,3,0,3,FALSE,FALSE,396,352,3777,3659,2812.31911334945,2837.83392850405,2718.4454421435,2727.41414214416,5,5,1,1,5,5,0.463347096269731,0.536652903730269,1,1,1,0,8.04979355595404,-8.04979355595404,2820.3689069054,2829.7841349481,397,353,3780,3662
8321704,2010-01-06 00:00:00,EventStart_Fallback,1704,Championship League - Group 2,2009,2010-01-06 00:00:00,2010-01-07 00:00:00,2023-11-28 12:45:21,matches_2009_all.csv,158,Ali Carter,England,4,Fu Marco,Hong Kong,4,Fu Marco,Hong Kong,4,Fu Marco,Hong Kong,1,3,1,3,4,FALSE,FALSE,231,155,1846,1505,2772.36791717235,2737.40775830989,2654.01094991334,2720.95775518301,5,5,1,1,5,5,0.550142594535682,0.449857405464318,1,1,0.25,0.75,-6.00285189071364,6.00285189071364,2766.36506528164,2743.41061020061,232,156,1850,1509
8321705,2010-01-06 00:00:00,EventStart_Fallback,1704,Championship League - Group 2,2009,2010-01-06 00:00:00,2010-01-07 00:00:00,2023-11-28 12:45:21,matches_2009_all.csv,12,Judd Trump,England,5,Ronnie O'Sullivan,England,12,Judd Trump,England,12,Judd Trump,England,3,0,3,0,3,FALSE,FALSE,72,353,571,3662,2760.13378729376,2829.7841349481,2671.03286202276,2727.41414214416,5,5,1,1,5,5,0.401086604493476,0.598913395506524,1,1,1,0,8.98370093259785,-8.98370093259785,2769.11748822636,2820.8004340155,73,354,574,3665
8321706,2010-01-06 00:00:00,EventStart_Fallback,1704,Championship League - Group 2,2009,2010-01-06 00:00:00,2010-01-07 00:00:00,2023-11-28 12:45:21,matches_2009_all.csv,17,Mark Selby,England,154,Neil Robertson,Australia,17,Mark Selby,England,17,Mark Selby,England,3,2,3,2,5,FALSE,FALSE,185,170,1612,1535,2774.44794348344,2814.03625946548,2694.53166694155,2631.4761148925,5,5,1,1,5,5,0.443273122268094,0.556726877731906,1,1,0.6,0.4,3.91817194329764,-3.91817194329764,2778.36611542674,2810.11808752219,186,171,1617,1540
8321707,2010-01-06 00:00:00,EventStart_Fallback,1704,Championship League - Group 2,2009,2010-01-06 00:00:00,2010-01-07 00:00:00,2023-11-28 12:45:21,matches_2009_all.csv,158,Ali Carter,England,154,Neil Robertson,Australia,158,Ali Carter,England,158,Ali Carter,England,3,0,3,0,3,FALSE,FALSE,232,171,1850,1540,2766.36506528164,2810.11808752219,2654.01094991334,2631.4761148925,5,5,1,1,5,5,0.437365092665349,0.562634907334651,1,1,1,0,8.43952361001976,-8.43952361001976,2774.80458889166,2801.67856391217,233,172,1853,1543
8321708,2010-01-06 00:00:00,EventStart_Fallback,1704,Championship League - Group 2,2009,2010-01-06 00:00:00,2010-01-07 00:00:00,2023-11-28 12:45:21,matches_2009_all.csv,12,Judd Trump,England,4,Fu Marco,Hong Kong,4,Fu Marco,Hong Kong,4,Fu Marco,Hong Kong,1,3,1,3,4,FALSE,FALSE,73,156,574,1509,2769.11748822636,2743.41061020061,2671.03286202276,2720.95775518301,5,5,1,1,5,5,0.536927807946353,0.463072192053647,1,1,0.25,0.75,-5.73855615892707,5.73855615892707,2763.37893206743,2749.14916635953,74,157,578,1513
8321709,2010-01-06 00:00:00,EventStart_Fallback,1704,Championship League - Group 2,2009,2010-01-06 00:00:00,2010-01-07 00:00:00,2023-11-28 12:45:21,matches_2009_all.csv,17,Mark Selby,England,237,John Higgins,Scotland,237,John Higgins,Scotland,237,John Higgins,Scotland,0,3,0,3,3,FALSE,FALSE,186,397,1617,3780,2778.36611542674,2820.3689069054,2694.53166694155,2718.4454421435,5,5,1,1,5,5,0.439845895649636,0.560154104350364,1,1,0,1,-6.59768843474454,6.59768843474454,2771.76842699199,2826.96659534015,187,398,1620,3783
8321710,2010-01-06 00:00:00,EventStart_Fallback,1704,Championship League - Group 2,2009,2010-01-06 00:00:00,2010-01-07 00:00:00,2023-11-28 12:46:05,matches_2009_all.csv,4,Fu Marco,Hong Kong,158,Ali Carter,England,158,Ali Carter,England,158,Ali Carter,England,0,3,0,3,3,FALSE,FALSE,157,233,1513,1853,2749.14916635953,2774.80458889166,2720.95775518301,2654.01094991334,5,5,1,1,5,5,0.46314583934732,0.53685416065268,1,1,0,1,-6.9471875902098,6.9471875902098,2742.20197876932,2781.75177648187,158,234,1516,1856
8321711,2010-01-06 00:00:00,EventStart_Fallback,1704,Championship League - Group 2,2009,2010-01-06 00:00:00,2010-01-07 00:00:00,2023-11-28 12:46:05,matches_2009_all.csv,237,John Higgins,Scotland,12,Judd Trump,England,237,John Higgins,Scotland,237,John Higgins,Scotland,3,2,3,2,5,FALSE,FALSE,398,74,3783,578,2826.96659534015,2763.37893206743,2718.4454421435,2671.03286202276,5,5,1,1,5,5,0.590501760744012,0.409498239255988,1,1,0.6,0.4,0.237455981399695,-0.237455981399695,2827.20405132155,2763.14147608603,399,75,3788,583
8321713,2010-01-06 00:00:00,EventStart_Fallback,1704,Championship League - Group 2,2009,2010-01-06 00:00:00,2010-01-07 00:00:00,2023-11-28 12:46:26,matches_2009_all.csv,158,Ali Carter,England,237,John Higgins,Scotland,237,John Higgins,Scotland,237,John Higgins,Scotland,1,3,1,3,4,FALSE,FALSE,234,399,1856,3788,2781.75177648187,2827.20405132155,2654.01094991334,2718.4454421435,5,5,1,1,5,5,0.434959539437708,0.565040460562292,1,1,0.25,0.75,-3.69919078875417,3.69919078875417,2778.05258569312,2830.9032421103,235,400,1860,3792
153153,2010-01-10 00:00:00,EventStart_Fallback,121,Masters,2009,2010-01-10 00:00:00,2010-01-17 00:00:00,2009-08-01 10:00:00,matches_2009_all.csv,5,Ronnie O'Sullivan,England,42,Peter Ebdon,England,5,Ronnie O'Sullivan,England,5,Ronnie O'Sullivan,England,6,3,6,3,9,FALSE,FALSE,354,294,3665,2989,2820.8004340155,2716.25410653507,2727.41414214416,2730.0833810011,5,5,1,1,5,5,0.646071905767002,0.353928094232998,1,1,0.666666666666667,0.333333333333333,0.926764240484919,-0.926764240484919,2821.72719825598,2715.32734229459,355,295,3674,2998
153154,2010-01-10 00:00:00,EventStart_Fallback,121,Masters,2009,2010-01-10 00:00:00,2010-01-17 00:00:00,2009-08-01 10:00:00,matches_2009_all.csv,1,Mark J Williams,Wales,97,Shaun Murphy,England,1,Mark J Williams,Wales,1,Mark J Williams,Wales,6,4,6,4,10,FALSE,FALSE,314,194,2971,1876,2752.71807378411,2763.6273461194,2646.42906931203,2709.44047993629,5,5,1,1,5,5,0.484305452623271,0.515694547376729,1,1,0.6,0.4,5.78472736883644,-5.78472736883644,2758.50280115295,2757.84261875057,315,195,2981,1886
153155,2010-01-10 00:00:00,EventStart_Fallback,121,Masters,2009,2010-01-10 00:00:00,2010-01-17 00:00:00,2009-08-01 10:00:00,matches_2009_all.csv,2,Stephen Maguire,Scotland,68,Ryan Day,Wales,2,Stephen Maguire,Scotland,2,Stephen Maguire,Scotland,6,1,6,1,7,FALSE,FALSE,161,168,1610,1531,2785.26719302862,2733.12493678949,2658.75609493258,2657.71749328838,5,5,1,1,5,5,0.57448039637034,0.42551960362966,1,1,0.857142857142857,0.142857142857143,9.89318612703811,-9.89318612703811,2795.16037915566,2723.23175066245,162,169,1617,1538
153156,2010-01-10 00:00:00,EventStart_Fallback,121,Masters,2009,2010-01-10 00:00:00,2010-01-17 00:00:00,2009-08-01 10:00:00,matches_2009_all.csv,17,Mark Selby,England,202,Mark Allen,Northern Ireland,17,Mark Selby,England,17,Mark Selby,England,6,5,6,5,11,FALSE,FALSE,187,112,1620,895,2771.76842699199,2753.74844227601,2694.53166694155,2685.54443253342,5,5,1,1,5,5,0.525909614066686,0.474090385933315,1,1,0.545454545454545,0.454545454545455,1.0749712263323,-1.0749712263323,2772.84339821833,2752.67347104968,188,113,1631,906
8324557,2010-01-10 00:00:00,EventStart_Fallback,121,Masters,2009,2010-01-10 00:00:00,2010-01-17 00:00:00,2009-08-01 10:00:00,matches_2009_all.csv,5,Ronnie O'Sullivan,England,17,Mark Selby,England,17,Mark Selby,England,17,Mark Selby,England,9,10,9,10,19,FALSE,FALSE,355,188,3674,1631,2821.72719825598,2772.84339821833,2727.41414214416,2694.53166694155,5,5,1,1,5,5,0.569888873281749,0.430111126718251,1,1,0.473684210526316,0.526315789473684,-9.13944296176613,9.13944296176613,2812.58775529422,2781.98284118009,356,189,3693,1650
88448,2010-01-10 00:00:00,EventStart_Fallback,121,Masters,2009,2010-01-10 00:00:00,2010-01-17 00:00:00,2009-08-01 10:00:00,matches_2009_all.csv,1,Mark J Williams,Wales,50,Rory McLeod,Jamaica,1,Mark J Williams,Wales,1,Mark J Williams,Wales,6,2,6,2,8,FALSE,FALSE,315,66,2981,728,2758.50280115295,2707.98625358133,2646.42906931203,2616.03689043853,5,5,1,1,5,5,0.572191148351314,0.427808851648686,1,1,0.75,0.25,7.11235406594743,-7.11235406594743,2765.6151552189,2700.87389951538,316,67,2989,736
88449,2010-01-10 00:00:00,EventStart_Fallback,121,Masters,2009,2010-01-10 00:00:00,2010-01-17 00:00:00,2009-08-01 10:00:00,matches_2009_all.csv,28,Mark King,England,20,Jimmy White,England,28,Mark King,England,28,Mark King,England,6,2,6,2,8,FALSE,FALSE,233,381,1959,4130,2711.46284295537,2699.96463178336,2650.41419841964,2664.00730147513,5,5,1,1,5,5,0.516541217561565,0.483458782438435,1,1,0.75,0.25,9.3383512975374,-9.3383512975374,2720.80119425291,2690.62628048583,234,382,1967,4138
88450,2010-01-10 00:00:00,EventStart_Fallback,121,Masters,2009,2010-01-10 00:00:00,2010-01-17 00:00:00,2009-08-01 10:00:00,matches_2009_all.csv,5,Ronnie O'Sullivan,England,154,Neil Robertson,Australia,5,Ronnie O'Sullivan,England,5,Ronnie O'Sullivan,England,6,4,6,4,10,FALSE,FALSE,356,172,3693,1543,2812.58775529422,2801.67856391217,2727.41414214416,2631.4761148925,5,5,1,1,5,5,0.515694430990439,0.484305569009561,1,1,0.6,0.4,4.21527845047807,-4.21527845047807,2816.8030337447,2797.46328546169,357,173,3703,1553
88451,2010-01-10 00:00:00,EventStart_Fallback,121,Masters,2009,2010-01-10 00:00:00,2010-01-17 00:00:00,2009-08-01 10:00:00,matches_2009_all.csv,4,Fu Marco,Hong Kong,42,Peter Ebdon,England,42,Peter Ebdon,England,42,Peter Ebdon,England,2,6,2,6,8,FALSE,FALSE,158,295,1516,2998,2742.20197876932,2715.32734229459,2720.95775518301,2730.0833810011,5,5,1,1,5,5,0.538598759606145,0.461401240393855,1,1,0.25,0.75,-11.5439503842458,11.5439503842458,2730.65802838508,2726.87129267883,159,296,1524,3006
88452,2010-01-10 00:00:00,EventStart_Fallback,121,Masters,2009,2010-01-10 00:00:00,2010-01-17 00:00:00,2009-08-01 10:00:00,matches_2009_all.csv,158,Ali Carter,England,1,Mark J Williams,Wales,1,Mark J Williams,Wales,1,Mark J Williams,Wales,3,6,3,6,9,FALSE,FALSE,235,316,1860,2989,2778.05258569312,2765.6151552189,2654.01094991334,2646.42906931203,5,5,1,1,5,5,0.517891259459729,0.482108740540271,1,1,0.333333333333333,0.666666666666667,-8.30510667568781,8.30510667568781,2769.74747901743,2773.92026189459,236,317,1869,2998
88453,2010-01-10 00:00:00,EventStart_Fallback,121,Masters,2009,2010-01-10 00:00:00,2010-01-17 00:00:00,2009-08-01 10:00:00,matches_2009_all.csv,97,Shaun Murphy,England,153,Stephen Hendry,Scotland,97,Shaun Murphy,England,97,Shaun Murphy,England,6,4,6,4,10,FALSE,FALSE,195,493,1886,5104,2757.84261875057,2734.5825744653,2709.44047993629,2727.71851092324,5,5,1,1,5,5,0.533423973946383,0.466576026053617,1,1,0.6,0.4,3.32880130268084,-3.32880130268084,2761.17142005325,2731.25377316262,196,494,1896,5114
88454,2010-01-10 00:00:00,EventStart_Fallback,121,Masters,2009,2010-01-10 00:00:00,2010-01-17 00:00:00,2009-08-01 10:00:00,matches_2009_all.csv,2,Stephen Maguire,Scotland,28,Mark King,England,2,Stephen Maguire,Scotland,2,Stephen Maguire,Scotland,6,3,6,3,9,FALSE,FALSE,162,234,1617,1967,2795.16037915566,2720.80119425291,2658.75609493258,2650.41419841964,5,5,1,1,5,5,0.605406945422092,0.394593054577908,1,1,0.666666666666667,0.333333333333333,2.75668745600584,-2.75668745600584,2797.91706661167,2718.0445067969,163,235,1626,1976
88455,2010-01-10 00:00:00,EventStart_Fallback,121,Masters,2009,2010-01-10 00:00:00,2010-01-17 00:00:00,2009-08-01 10:00:00,matches_2009_all.csv,68,Ryan Day,Wales,168,Joe Perry,England,68,Ryan Day,Wales,68,Ryan Day,Wales,6,0,6,0,6,FALSE,FALSE,169,215,1538,1785,2723.23175066245,2732.93112932386,2657.71749328838,2701.4596224945,5,5,1,1,5,5,0.486045097170522,0.513954902829478,1,1,1,0,15.4186470848843,-15.4186470848843,2738.65039774733,2717.51248223898,170,216,1544,1791
88456,2010-01-10 00:00:00,EventStart_Fallback,121,Masters,2009,2010-01-10 00:00:00,2010-01-17 00:00:00,2009-08-01 10:00:00,matches_2009_all.csv,17,Mark Selby,England,224,Ding Junhui,China,17,Mark Selby,England,17,Mark Selby,England,6,1,6,1,7,FALSE,FALSE,189,145,1650,1280,2781.98284118009,2805.88010939326,2694.53166694155,2679.65325646999,5,5,1,1,5,5,0.465663197969936,0.534336802030064,1,1,0.857142857142857,0.142857142857143,13.7017880710523,-13.7017880710523,2795.68462925114,2792.1783213222,190,146,1657,1287
88457,2010-01-10 00:00:00,EventStart_Fallback,121,Masters,2009,2010-01-10 00:00:00,2010-01-17 00:00:00,2009-08-01 10:00:00,matches_2009_all.csv,237,John Higgins,Scotland,202,Mark Allen,Northern Ireland,202,Mark Allen,Northern Ireland,202,Mark Allen,Northern Ireland,3,6,3,6,9,FALSE,FALSE,400,113,3792,906,2830.9032421103,2752.67347104968,2718.4454421435,2685.54443253342,5,5,1,1,5,5,0.610716921657402,0.389283078342598,1,1,0.333333333333333,0.666666666666667,-12.4822614745831,12.4822614745831,2818.42098063572,2765.15573252426,401,114,3801,915
88468,2010-01-10 00:00:00,EventStart_Fallback,121,Masters,2009,2010-01-10 00:00:00,2010-01-17 00:00:00,2009-08-01 10:00:00,matches_2009_all.csv,5,Ronnie O'Sullivan,England,1,Mark J Williams,Wales,5,Ronnie O'Sullivan,England,5,Ronnie O'Sullivan,England,6,5,6,5,11,FALSE,FALSE,357,317,3703,2998,2816.8030337447,2773.92026189459,2727.41414214416,2646.42906931203,5,5,1,1,5,5,0.561401785185912,0.438598214814088,1,1,0.545454545454545,0.454545454545455,-0.877098185225149,0.877098185225149,2815.92593555947,2774.79736007981,358,318,3714,3009
88469,2010-01-10 00:00:00,EventStart_Fallback,121,Masters,2009,2010-01-10 00:00:00,2010-01-17 00:00:00,2009-08-01 10:00:00,matches_2009_all.csv,2,Stephen Maguire,Scotland,17,Mark Selby,England,17,Mark Selby,England,17,Mark Selby,England,3,6,3,6,9,FALSE,FALSE,163,190,1626,1657,2797.91706661167,2795.68462925114,2658.75609493258,2694.53166694155,5,5,1,1,5,5,0.503212691403447,0.496787308596553,1,1,0.333333333333333,0.666666666666667,-7.64457111315511,7.64457111315511,2790.27249549851,2803.3292003643,164,191,1635,1666
8321627,2010-01-18 00:00:00,EventStart_Fallback,1700,Championship League - Group 3,2009,2010-01-18 00:00:00,2010-01-19 00:00:00,2023-11-28 12:37:27,matches_2009_all.csv,158,Ali Carter,England,4,Fu Marco,Hong Kong,4,Fu Marco,Hong Kong,4,Fu Marco,Hong Kong,1,3,1,3,4,FALSE,FALSE,236,159,1869,1524,2769.74747901743,2730.65802838508,2654.01094991334,2720.95775518301,5,5,1,1,5,5,0.556018078759108,0.443981921240892,1,1,0.25,0.75,-6.12036157518215,6.12036157518215,2763.62711744225,2736.77838996026,237,160,1873,1528
8321628,2010-01-18 00:00:00,EventStart_Fallback,1700,Championship League - Group 3,2009,2010-01-18 00:00:00,2010-01-19 00:00:00,2023-11-28 12:37:27,matches_2009_all.csv,12,Judd Trump,England,154,Neil Robertson,Australia,12,Judd Trump,England,12,Judd Trump,England,3,1,3,1,4,FALSE,FALSE,75,173,583,1553,2763.14147608603,2797.46328546169,2671.03286202276,2631.4761148925,5,5,1,1,5,5,0.450766991734485,0.549233008265515,1,1,0.75,0.25,5.9846601653103,-5.9846601653103,2769.12613625134,2791.47862529638,76,174,587,1557
8321629,2010-01-18 00:00:00,EventStart_Fallback,1700,Championship League - Group 3,2009,2010-01-18 00:00:00,2010-01-19 00:00:00,2023-11-28 12:37:27,matches_2009_all.csv,153,Stephen Hendry,Scotland,202,Mark Allen,Northern Ireland,202,Mark Allen,Northern Ireland,202,Mark Allen,Northern Ireland,2,3,2,3,5,FALSE,FALSE,494,114,5114,915,2731.25377316262,2765.15573252426,2727.71851092324,2685.54443253342,5,5,1,1,5,5,0.451365417210172,0.548634582789828,1,1,0.4,0.6,-1.28413543025429,1.28413543025429,2729.96963773236,2766.43986795452,495,115,5119,920
8321630,2010-01-18 00:00:00,EventStart_Fallback,1700,Championship League - Group 3,2009,2010-01-18 00:00:00,2010-01-19 00:00:00,2023-11-28 12:37:27,matches_2009_all.csv,168,Joe Perry,England,158,Ali Carter,England,168,Joe Perry,England,168,Joe Perry,England,3,1,3,1,4,FALSE,FALSE,216,237,1791,1873,2717.51248223898,2763.62711744225,2701.4596224945,2654.01094991334,5,5,1,1,5,5,0.434022689079033,0.565977310920967,1,1,0.75,0.25,6.31954621841934,-6.31954621841934,2723.8320284574,2757.30757122383,217,238,1795,1877
8321631,2010-01-18 00:00:00,EventStart_Fallback,1700,Championship League - Group 3,2009,2010-01-18 00:00:00,2010-01-19 00:00:00,2023-11-28 12:37:27,matches_2009_all.csv,4,Fu Marco,Hong Kong,12,Judd Trump,England,12,Judd Trump,England,12,Judd Trump,England,1,3,1,3,4,FALSE,FALSE,160,76,1528,587,2736.77838996026,2769.12613625134,2720.95775518301,2671.03286202276,5,5,1,1,5,5,0.453581897273543,0.546418102726457,1,1,0.25,0.75,-4.07163794547087,4.07163794547087,2732.70675201479,2773.19777419681,161,77,1532,591
8321632,2010-01-18 00:00:00,EventStart_Fallback,1700,Championship League - Group 3,2009,2010-01-18 00:00:00,2010-01-19 00:00:00,2023-11-28 12:37:27,matches_2009_all.csv,154,Neil Robertson,Australia,153,Stephen Hendry,Scotland,154,Neil Robertson,Australia,154,Neil Robertson,Australia,3,2,3,2,5,FALSE,FALSE,174,495,1557,5119,2791.47862529638,2729.96963773236,2631.4761148925,2727.71851092324,5,5,1,1,5,5,0.587605210602458,0.412394789397542,1,1,0.6,0.4,0.309869734938557,-0.309869734938557,2791.78849503132,2729.65976799743,175,496,1562,5124
8321633,2010-01-18 00:00:00,EventStart_Fallback,1700,Championship League - Group 3,2009,2010-01-18 00:00:00,2010-01-19 00:00:00,2023-11-28 12:37:27,matches_2009_all.csv,202,Mark Allen,Northern Ireland,168,Joe Perry,England,202,Mark Allen,Northern Ireland,202,Mark Allen,Northern Ireland,3,2,3,2,5,FALSE,FALSE,115,217,920,1795,2766.43986795452,2723.8320284574,2685.54443253342,2701.4596224945,5,5,1,1,5,5,0.561012054761842,0.438987945238158,1,1,0.6,0.4,0.974698630953952,-0.974698630953952,2767.41456658547,2722.85732982644,116,218,925,1800
8321634,2010-01-18 00:00:00,EventStart_Fallback,1700,Championship League - Group 3,2009,2010-01-18 00:00:00,2010-01-19 00:00:00,2023-11-28 12:37:27,matches_2009_all.csv,158,Ali Carter,England,12,Judd Trump,England,12,Judd Trump,England,12,Judd Trump,England,0,3,0,3,3,FALSE,FALSE,238,77,1877,591,2757.30757122383,2773.19777419681,2654.01094991334,2671.03286202276,5,5,1,1,5,5,0.47714809098457,0.52285190901543,1,1,0,1,-7.15722136476855,7.15722136476855,2750.15034985906,2780.35499556158,239,78,1880,594
8321635,2010-01-18 00:00:00,EventStart_Fallback,1700,Championship League - Group 3,2009,2010-01-18 00:00:00,2010-01-19 00:00:00,2023-11-28 12:37:27,matches_2009_all.csv,4,Fu Marco,Hong Kong,154,Neil Robertson,Australia,4,Fu Marco,Hong Kong,4,Fu Marco,Hong Kong,3,1,3,1,4,FALSE,FALSE,161,175,1532,1562,2732.70675201479,2791.78849503132,2720.95775518301,2631.4761148925,5,5,1,1,5,5,0.415784736245915,0.584215263754085,1,1,0.75,0.25,6.68430527508171,-6.68430527508171,2739.39105728987,2785.10418975623,162,176,1536,1566
8321636,2010-01-18 00:00:00,EventStart_Fallback,1700,Championship League - Group 3,2009,2010-01-18 00:00:00,2010-01-19 00:00:00,2023-11-28 12:37:27,matches_2009_all.csv,153,Stephen Hendry,Scotland,168,Joe Perry,England,168,Joe Perry,England,168,Joe Perry,England,2,3,2,3,5,FALSE,FALSE,496,218,5124,1800,2729.65976799743,2722.85732982644,2727.71851092324,2701.4596224945,5,5,1,1,5,5,0.509788244755535,0.490211755244465,1,1,0.4,0.6,-2.74470611888837,2.74470611888837,2726.91506187854,2725.60203594533,497,219,5129,1805
8321637,2010-01-18 00:00:00,EventStart_Fallback,1700,Championship League - Group 3,2009,2010-01-18 00:00:00,2010-01-19 00:00:00,2023-11-28 12:37:27,matches_2009_all.csv,12,Judd Trump,England,168,Joe Perry,England,12,Judd Trump,England,12,Judd Trump,England,3,1,3,1,4,FALSE,FALSE,78,219,594,1805,2780.35499556158,2725.60203594533,2671.03286202276,2701.4596224945,5,5,1,1,5,5,0.578149956480018,0.421850043519982,1,1,0.75,0.25,3.43700087039964,-3.43700087039964,2783.79199643198,2722.16503507493,79,220,598,1809
8321638,2010-01-18 00:00:00,EventStart_Fallback,1700,Championship League - Group 3,2009,2010-01-18 00:00:00,2010-01-19 00:00:00,2023-11-28 12:37:27,matches_2009_all.csv,202,Mark Allen,Northern Ireland,154,Neil Robertson,Australia,202,Mark Allen,Northern Ireland,202,Mark Allen,Northern Ireland,3,2,3,2,5,FALSE,FALSE,116,176,925,1566,2767.41456658547,2785.10418975623,2685.54443253342,2631.4761148925,5,5,1,1,5,5,0.474564560999143,0.525435439000857,1,1,0.6,0.4,3.13588597502143,-3.13588597502143,2770.55045256049,2781.96830378121,117,177,930,1571
8321639,2010-01-18 00:00:00,EventStart_Fallback,1700,Championship League - Group 3,2009,2010-01-18 00:00:00,2010-01-19 00:00:00,2023-11-28 12:37:27,matches_2009_all.csv,158,Ali Carter,England,202,Mark Allen,Northern Ireland,158,Ali Carter,England,158,Ali Carter,England,3,0,3,0,3,FALSE,FALSE,239,117,1880,930,2750.15034985906,2770.55045256049,2654.01094991334,2685.54443253342,5,5,1,1,5,5,0.470675584081856,0.529324415918145,1,1,1,0,7.93986623877217,-7.93986623877217,2758.09021609783,2762.61058632172,240,118,1883,933
8321640,2010-01-18 00:00:00,EventStart_Fallback,1700,Championship League - Group 3,2009,2010-01-18 00:00:00,2010-01-19 00:00:00,2023-11-28 12:37:27,matches_2009_all.csv,4,Fu Marco,Hong Kong,153,Stephen Hendry,Scotland,4,Fu Marco,Hong Kong,4,Fu Marco,Hong Kong,3,1,3,1,4,FALSE,FALSE,162,497,1536,5129,2739.39105728987,2726.91506187854,2720.95775518301,2727.71851092324,5,5,1,1,5,5,0.517946687584363,0.482053312415637,1,1,0.75,0.25,4.64106624831274,-4.64106624831274,2744.03212353818,2722.27399563023,163,498,1540,5133
8321641,2010-01-18 00:00:00,EventStart_Fallback,1700,Championship League - Group 3,2009,2010-01-18 00:00:00,2010-01-19 00:00:00,2023-11-28 12:37:27,matches_2009_all.csv,154,Neil Robertson,Australia,168,Joe Perry,England,154,Neil Robertson,Australia,154,Neil Robertson,Australia,3,0,3,0,3,FALSE,FALSE,177,220,1571,1809,2781.96830378121,2722.16503507493,2631.4761148925,2701.4596224945,5,5,1,1,5,5,0.585223811426387,0.414776188573613,1,1,1,0,6.22164282860419,-6.22164282860419,2788.18994660982,2715.94339224633,178,221,1574,1812
8321642,2010-01-18 00:00:00,EventStart_Fallback,1700,Championship League - Group 3,2009,2010-01-18 00:00:00,2010-01-19 00:00:00,2023-11-28 12:37:27,matches_2009_all.csv,12,Judd Trump,England,202,Mark Allen,Northern Ireland,12,Judd Trump,England,12,Judd Trump,England,3,1,3,1,4,FALSE,FALSE,79,118,598,933,2783.79199643198,2762.61058632172,2671.03286202276,2685.54443253342,5,5,1,1,5,5,0.530444790456436,0.469555209543564,1,1,0.75,0.25,4.39110419087127,-4.39110419087127,2788.18310062285,2758.21948213085,80,119,602,937
8321643,2010-01-18 00:00:00,EventStart_Fallback,1700,Championship League - Group 3,2009,2010-01-18 00:00:00,2010-01-19 00:00:00,2023-11-28 12:37:27,matches_2009_all.csv,4,Fu Marco,Hong Kong,168,Joe Perry,England,4,Fu Marco,Hong Kong,4,Fu Marco,Hong Kong,3,1,3,1,4,FALSE,FALSE,163,221,1540,1812,2744.03212353818,2715.94339224633,2720.95775518301,2701.4596224945,5,5,1,1,5,5,0.54033509453294,0.45966490546706,1,1,0.75,0.25,4.19329810934121,-4.19329810934121,2748.22542164753,2711.75009413699,164,222,1544,1816
8321644,2010-01-18 00:00:00,EventStart_Fallback,1700,Championship League - Group 3,2009,2010-01-18 00:00:00,2010-01-19 00:00:00,2023-11-28 12:37:27,matches_2009_all.csv,158,Ali Carter,England,153,Stephen Hendry,Scotland,158,Ali Carter,England,158,Ali Carter,England,3,2,3,2,5,FALSE,FALSE,240,498,1883,5133,2758.09021609783,2722.27399563023,2654.01094991334,2727.71851092324,5,5,1,1,5,5,0.551361872384026,0.448638127615974,1,1,0.6,0.4,1.21595319039934,-1.21595319039934,2759.30616928823,2721.05804243983,241,499,1888,5138
8321645,2010-01-18 00:00:00,EventStart_Fallback,1700,Championship League - Group 3,2009,2010-01-18 00:00:00,2010-01-19 00:00:00,2023-11-28 12:37:27,matches_2009_all.csv,12,Judd Trump,England,153,Stephen Hendry,Scotland,153,Stephen Hendry,Scotland,153,Stephen Hendry,Scotland,2,3,2,3,5,FALSE,FALSE,80,499,602,5138,2788.18310062285,2721.05804243983,2671.03286202276,2727.71851092324,5,5,1,1,5,5,0.595416470627675,0.404583529372325,1,1,0.4,0.6,-4.88541176569188,4.88541176569188,2783.29768885716,2725.94345420552,81,500,607,5143
8321646,2010-01-18 00:00:00,EventStart_Fallback,1700,Championship League - Group 3,2009,2010-01-18 00:00:00,2010-01-19 00:00:00,2023-11-28 12:37:27,matches_2009_all.csv,4,Fu Marco,Hong Kong,202,Mark Allen,Northern Ireland,202,Mark Allen,Northern Ireland,202,Mark Allen,Northern Ireland,2,3,2,3,5,FALSE,FALSE,164,119,1544,937,2748.22542164753,2758.21948213085,2720.95775518301,2685.54443253342,5,5,1,1,5,5,0.485621356412652,0.514378643587348,1,1,0.4,0.6,-2.1405339103163,2.1405339103163,2746.08488773721,2760.36001604116,165,120,1549,942
8321647,2010-01-18 00:00:00,EventStart_Fallback,1700,Championship League - Group 3,2009,2010-01-18 00:00:00,2010-01-19 00:00:00,2023-11-28 12:37:27,matches_2009_all.csv,158,Ali Carter,England,154,Neil Robertson,Australia,158,Ali Carter,England,158,Ali Carter,England,3,2,3,2,5,FALSE,FALSE,241,178,1888,1574,2759.30616928823,2788.18994660982,2654.01094991334,2631.4761148925,5,5,1,1,5,5,0.458528399886593,0.541471600113407,1,1,0.6,0.4,3.53679000283518,-3.53679000283519,2762.84295929106,2784.65315660698,242,179,1893,1579
8321649,2010-01-18 00:00:00,EventStart_Fallback,1700,Championship League - Group 3,2009,2010-01-18 00:00:00,2010-01-19 00:00:00,2023-11-28 12:38:34,matches_2009_all.csv,4,Fu Marco,Hong Kong,202,Mark Allen,Northern Ireland,202,Mark Allen,Northern Ireland,202,Mark Allen,Northern Ireland,1,3,1,3,4,FALSE,FALSE,165,120,1549,942,2746.08488773721,2760.36001604116,2720.95775518301,2685.54443253342,5,5,1,1,5,5,0.479467991393501,0.520532008606499,1,1,0.25,0.75,-4.58935982787003,4.58935982787003,2741.49552790934,2764.94937586903,166,121,1553,946
8321652,2010-01-18 00:00:00,EventStart_Fallback,1700,Championship League - Group 3,2009,2010-01-18 00:00:00,2010-01-19 00:00:00,2023-11-28 12:39:02,matches_2009_all.csv,12,Judd Trump,England,202,Mark Allen,Northern Ireland,12,Judd Trump,England,12,Judd Trump,England,3,2,3,2,5,FALSE,FALSE,81,121,607,946,2783.29768885716,2764.94937586903,2671.03286202276,2685.54443253342,5,5,1,1,5,5,0.52638082443851,0.47361917556149,1,1,0.6,0.4,1.84047938903725,-1.84047938903725,2785.1381682462,2763.10889648,82,122,612,951
88140,2010-01-19 00:00:00,EventStart_Fallback,118,Welsh Open Qualifiers,2009,2010-01-19 00:00:00,2010-01-22 00:00:00,2009-08-01 10:00:00,matches_2009_all.csv,197,Lee Page,England,477,David Hogan,Ireland,197,Lee Page,England,197,Lee Page,England,5,3,5,3,8,FALSE,FALSE,5,4,48,50,2586.29993648356,2597.39031253311,2605.11996469895,2579.460545201,5,5,1,1,5,5,0.484045084502991,0.515954915497009,1,1,0.625,0.375,5.63819661988037,-5.63819661988037,2591.93813310344,2591.75211591323,6,5,56,58
88141,2010-01-19 00:00:00,EventStart_Fallback,118,Welsh Open Qualifiers,2009,2010-01-19 00:00:00,2010-01-22 00:00:00,2009-08-01 10:00:00,matches_2009_all.csv,19,Ben Woollaston,England,7,Joe Jogia,England,7,Joe Jogia,England,7,Joe Jogia,England,3,5,3,5,8,FALSE,FALSE,26,40,230,456,2609.18226378638,2619.53007621483,2581.46877982197,2606.88305733108,5,5,1,1,5,5,0.485112702517716,0.514887297482284,1,1,0.375,0.625,-4.40450810070864,4.40450810070864,2604.77775568567,2623.93458431554,27,41,238,464
88142,2010-01-19 00:00:00,EventStart_Fallback,118,Welsh Open Qualifiers,2009,2010-01-19 00:00:00,2010-01-22 00:00:00,2009-08-01 10:00:00,matches_2009_all.csv,32,Daniel Wells,Wales,193,James Wattana,Thailand,193,James Wattana,Thailand,193,James Wattana,Thailand,4,5,4,5,9,FALSE,FALSE,12,236,148,2245,2646.88923531165,2676.24973292776,2629.1957811392,2698.82987360658,5,5,1,1,5,5,0.45784714196489,0.54215285803511,1,1,0.444444444444444,0.555555555555556,-0.603121388420047,0.603121388420047,2646.28611392323,2676.85285431618,13,237,157,2254
88143,2010-01-19 00:00:00,EventStart_Fallback,118,Welsh Open Qualifiers,2009,2010-01-19 00:00:00,2010-01-22 00:00:00,2009-08-01 10:00:00,matches_2009_all.csv,119,Simon Bedford,England,41,Tony Drago,Malta,41,Tony Drago,Malta,41,Tony Drago,Malta,3,5,3,5,8,FALSE,FALSE,61,186,690,1665,2698.35083190114,2673.1915657234,2690.48946544146,2646.0756082668,5,5,1,1,5,5,0.536143939232994,0.463856060767006,1,1,0.375,0.625,-6.44575756931975,6.44575756931975,2691.90507433182,2679.63732329272,62,187,698,1673
88144,2010-01-19 00:00:00,EventStart_Fallback,118,Welsh Open Qualifiers,2009,2010-01-19 00:00:00,2010-01-22 00:00:00,2009-08-01 10:00:00,matches_2009_all.csv,99,Lee Spick,England,93,Jimmy Robertson,England,93,Jimmy Robertson,England,93,Jimmy Robertson,England,1,5,1,5,6,FALSE,FALSE,36,14,471,146,2686.09633394874,2633.91268791922,2648.63395658008,2627.98344251577,5,5,1,1,5,5,0.574538638333012,0.425461361666988,1,1,0.166666666666667,0.833333333333333,-12.2361591499904,12.2361591499904,2673.86017479875,2646.14884706921,37,15,477,152
88145,2010-01-19 00:00:00,EventStart_Fallback,118,Welsh Open Qualifiers,2009,2010-01-19 00:00:00,2010-01-22 00:00:00,2009-08-01 10:00:00,matches_2009_all.csv,295,Li Hang,China,475,Ian Preece,Wales,295,Li Hang,China,295,Li Hang,China,5,4,5,4,9,FALSE,FALSE,12,20,116,255,2634.02703111529,2596.93566467992,2627.4398700366,2611.63247026104,5,5,1,1,5,5,0.553176898407397,0.446823101592603,1,1,0.555555555555556,0.444444444444444,0.107039571667138,-0.107039571667138,2634.13407068696,2596.82862510825,13,21,125,264
88146,2010-01-19 00:00:00,EventStart_Fallback,118,Welsh Open Qualifiers,2009,2010-01-19 00:00:00,2010-01-22 00:00:00,2009-08-01 10:00:00,matches_2009_all.csv,69,Chris Norbury,England,58,Jordan Brown,Northern Ireland,58,Jordan Brown,Northern Ireland,58,Jordan Brown,Northern Ireland,4,5,4,5,9,FALSE,FALSE,10,4,96,45,2561.81486672264,2649.62857101473,2579.10098511936,2646.71721047331,5,5,1,1,5,5,0.37624988614066,0.62375011385934,1,1,0.444444444444444,0.555555555555556,3.06875512367031,-3.06875512367031,2564.88362184631,2646.55981589106,11,5,105,54
88147,2010-01-19 00:00:00,EventStart_Fallback,118,Welsh Open Qualifiers,2009,2010-01-19 00:00:00,2010-01-22 00:00:00,2009-08-01 10:00:00,matches_2009_all.csv,47,Matthew Selt,England,130,David Gray,England,47,Matthew Selt,England,47,Matthew Selt,England,5,3,5,3,8,FALSE,FALSE,26,107,264,1077,2682.49194175407,2664.56315447566,2633.16114797825,2659.49561198169,5,5,1,1,5,5,0.525778721046367,0.474221278953633,1,1,0.625,0.375,3.96885115814532,-3.96885115814532,2686.46079291222,2660.59430331752,27,108,272,1085
88148,2010-01-19 00:00:00,EventStart_Fallback,118,Welsh Open Qualifiers,2009,2010-01-19 00:00:00,2010-01-22 00:00:00,2009-08-01 10:00:00,matches_2009_all.csv,64,Bjorn Haneveer,Belgium,60,Andrew Norman,England,64,Bjorn Haneveer,Belgium,64,Bjorn Haneveer,Belgium,5,1,5,1,6,FALSE,FALSE,55,59,582,557,2636.26652727105,2606.91177678932,2680.31898758155,2652.53313967996,5,5,1,1,5,5,0.542144646016696,0.457855353983304,1,1,0.833333333333333,0.166666666666667,8.73566061949914,-8.73566061949914,2645.00218789054,2598.17611616982,56,60,588,563
88150,2010-01-19 00:00:00,EventStart_Fallback,118,Welsh Open Qualifiers,2009,2010-01-19 00:00:00,2010-01-22 00:00:00,2009-08-01 10:00:00,matches_2009_all.csv,410,Stephen Rowlings,England,306,Mei Xiwen,China,410,Stephen Rowlings,England,410,Stephen Rowlings,England,5,4,5,4,9,FALSE,FALSE,4,4,39,30,2609.89533810641,2612.3912239007,2600,2634.45561448144,5,5,1,1,5,5,0.496408193396279,0.503591806603721,1,1,0.555555555555556,0.444444444444444,2.66163129716745,-2.66163129716745,2612.55696940357,2609.72959260354,5,5,48,39
88151,2010-01-19 00:00:00,EventStart_Fallback,118,Welsh Open Qualifiers,2009,2010-01-19 00:00:00,2010-01-22 00:00:00,2009-08-01 10:00:00,matches_2009_all.csv,56,Patrick Wallace,Northern Ireland,473,Brendan O'Donoghue,Ireland,56,Patrick Wallace,Northern Ireland,56,Patrick Wallace,Northern Ireland,5,2,5,2,7,FALSE,FALSE,67,5,737,49,2696.07743247967,2601.16891162292,2661.4666052822,2600,5,5,1,1,5,5,0.633285414571002,0.366714585428998,1,1,0.714285714285714,0.285714285714286,2.83501049001493,-2.83501049001493,2698.91244296968,2598.3339011329,68,6,744,56
88152,2010-01-19 00:00:00,EventStart_Fallback,118,Welsh Open Qualifiers,2009,2010-01-19 00:00:00,2010-01-22 00:00:00,2009-08-01 10:00:00,matches_2009_all.csv,131,Craig Steadman,England,76,Sam Baird,England,131,Craig Steadman,England,131,Craig Steadman,England,5,3,5,3,8,FALSE,FALSE,9,4,116,46,2634.84581422786,2629.45679061047,2613.44142902294,2628.96809627591,5,5,1,1,5,5,0.507754806513425,0.492245193486575,1,1,0.625,0.375,4.68980773946298,-4.68980773946298,2639.53562196733,2624.76698287101,10,5,124,54
88153,2010-01-19 00:00:00,EventStart_Fallback,118,Welsh Open Qualifiers,2009,2010-01-19 00:00:00,2010-01-22 00:00:00,2009-08-01 10:00:00,matches_2009_all.csv,29,Matthew Couch,England,81,Zhang Anda,China,81,Zhang Anda,China,81,Zhang Anda,China,2,5,2,5,7,FALSE,FALSE,53,8,632,58,2633.5952414918,2606.07603869158,2633.41811665594,2636.30090425438,5,5,1,1,5,5,0.539520703992387,0.460479296007613,1,1,0.285714285714286,0.714285714285714,-8.88322463973354,8.88322463973354,2624.71201685206,2614.95926333131,54,9,639,65
88154,2010-01-19 00:00:00,EventStart_Fallback,118,Welsh Open Qualifiers,2009,2010-01-19 00:00:00,2010-01-22 00:00:00,2009-08-01 10:00:00,matches_2009_all.csv,24,Xiao Guodong,China,171,Michael White,Wales,24,Xiao Guodong,China,24,Xiao Guodong,China,5,2,5,2,7,FALSE,FALSE,16,11,153,124,2653.50132337598,2672.99669751032,2639.14832151539,2652.5398561384,5,5,1,1,5,5,0.471973309908891,0.528026690091109,1,1,0.714285714285714,0.285714285714286,8.48093415318883,-8.48093415318883,2661.98225752917,2664.51576335713,17,12,160,131
88155,2010-01-19 00:00:00,EventStart_Fallback,118,Welsh Open Qualifiers,2009,2010-01-19 00:00:00,2010-01-22 00:00:00,2009-08-01 10:00:00,matches_2009_all.csv,478,Noppadol Sangnil,Thailand,217,Thepchaiya Un-Nooh,Thailand,217,Thepchaiya Un-Nooh,Thailand,217,Thepchaiya Un-Nooh,Thailand,4,5,4,5,9,FALSE,FALSE,8,12,80,118,2608.76738553762,2660.73869430476,2600,2645.68876620426,5,5,1,1,5,5,0.425760175565538,0.574239824434462,1,1,0.444444444444444,0.555555555555556,0.840792099550796,-0.8407920995508,2609.60817763717,2659.89790220521,9,13,89,127
88156,2010-01-19 00:00:00,EventStart_Fallback,118,Welsh Open Qualifiers,2009,2010-01-19 00:00:00,2010-01-22 00:00:00,2009-08-01 10:00:00,matches_2009_all.csv,51,Andy Hicks,England,197,Lee Page,England,51,Andy Hicks,England,51,Andy Hicks,England,5,2,5,2,7,FALSE,FALSE,133,6,1454,56,2684.44944721082,2591.93813310344,2680.11629308963,2605.11996469895,5,5,1,1,5,5,0.630074849537648,0.369925150462352,1,1,0.714285714285714,0.285714285714286,2.94738026618231,-2.94738026618231,2687.396827477,2588.99075283726,134,7,1461,63
88157,2010-01-19 00:00:00,EventStart_Fallback,118,Welsh Open Qualifiers,2009,2010-01-19 00:00:00,2010-01-22 00:00:00,2009-08-01 10:00:00,matches_2009_all.csv,46,Liu Song,China,7,Joe Jogia,England,46,Liu Song,China,46,Liu Song,China,5,0,5,0,5,FALSE,FALSE,27,41,297,464,2631.66498792564,2623.93458431554,2644.26678493922,2606.88305733108,5,5,1,1,5,5,0.51112310960605,0.48887689039395,1,1,1,0,12.2219222598487,-12.2219222598487,2643.88691018549,2611.71266205569,28,42,302,469
88158,2010-01-19 00:00:00,EventStart_Fallback,118,Welsh Open Qualifiers,2009,2010-01-19 00:00:00,2010-01-22 00:00:00,2009-08-01 10:00:00,matches_2009_all.csv,92,Robert Milkins,England,193,James Wattana,Thailand,92,Robert Milkins,England,92,Robert Milkins,England,5,3,5,3,8,FALSE,FALSE,92,237,937,2254,2730.11565079546,2676.85285431618,2634.99768407562,2698.82987360658,5,5,1,1,5,5,0.576056438563599,0.423943561436401,1,1,0.625,0.375,1.95774245745605,-1.95774245745605,2732.07339325291,2674.89511185872,93,238,945,2262
88159,2010-01-19 00:00:00,EventStart_Fallback,118,Welsh Open Qualifiers,2009,2010-01-19 00:00:00,2010-01-22 00:00:00,2009-08-01 10:00:00,matches_2009_all.csv,37,Peter Lines,England,41,Tony Drago,Malta,41,Tony Drago,Malta,41,Tony Drago,Malta,2,5,2,5,7,FALSE,FALSE,62,187,700,1673,2699.73741948188,2679.63732329272,2623.24680930579,2646.0756082668,5,5,1,1,5,5,0.528894135221546,0.471105864778454,1,1,0.285714285714286,0.714285714285714,-8.5112947327541,8.5112947327541,2691.22612474912,2688.14861802547,63,188,707,1680
88160,2010-01-19 00:00:00,EventStart_Fallback,118,Welsh Open Qualifiers,2009,2010-01-19 00:00:00,2010-01-22 00:00:00,2009-08-01 10:00:00,matches_2009_all.csv,118,David Gilbert,England,93,Jimmy Robertson,England,118,David Gilbert,England,118,David Gilbert,England,5,3,5,3,8,FALSE,FALSE,44,15,481,152,2684.31953684674,2646.14884706921,2640.13548987234,2627.98344251577,5,5,1,1,5,5,0.554712088150424,0.445287911849576,1,1,0.625,0.375,2.81151647398305,-2.81151647398305,2687.13105332072,2643.33733059523,45,16,489,160
88161,2010-01-19 00:00:00,EventStart_Fallback,118,Welsh Open Qualifiers,2009,2010-01-19 00:00:00,2010-01-22 00:00:00,2009-08-01 10:00:00,matches_2009_all.csv,283,Jin Long,China,295,Li Hang,China,295,Li Hang,China,295,Li Hang,China,3,5,3,5,8,FALSE,FALSE,24,13,251,125,2628.46226717963,2634.13407068696,2596.4259600223,2627.4398700366,5,5,1,1,5,5,0.491838343629501,0.508161656370499,1,1,0.375,0.625,-4.67353374518003,4.67353374518003,2623.78873343445,2638.80760443214,25,14,259,133
88162,2010-01-19 00:00:00,EventStart_Fallback,118,Welsh Open Qualifiers,2009,2010-01-19 00:00:00,2010-01-22 00:00:00,2009-08-01 10:00:00,matches_2009_all.csv,20,Jimmy White,England,58,Jordan Brown,Northern Ireland,20,Jimmy White,England,20,Jimmy White,England,5,1,5,1,6,FALSE,FALSE,382,5,4138,54,2690.62628048583,2646.55981589106,2664.00730147513,2646.71721047331,5,5,1,1,5,5,0.563078858267708,0.436921141732292,1,1,0.833333333333333,0.166666666666667,8.10763425196877,-8.10763425196877,2698.7339147378,2638.45218163909,383,6,4144,60
88163,2010-01-19 00:00:00,EventStart_Fallback,118,Welsh Open Qualifiers,2009,2010-01-19 00:00:00,2010-01-22 00:00:00,2009-08-01 10:00:00,matches_2009_all.csv,177,Rod Lawler,England,47,Matthew Selt,England,47,Matthew Selt,England,47,Matthew Selt,England,0,5,0,5,5,FALSE,FALSE,108,27,1165,272,2650.49480691503,2686.46079291222,2667.58763048803,2633.16114797825,5,5,1,1,5,5,0.448424881457218,0.551575118542782,1,1,0,1,-11.2106220364304,11.2106220364304,2639.2841848786,2697.67141494865,109,28,1170,277
88164,2010-01-19 00:00:00,EventStart_Fallback,118,Welsh Open Qualifiers,2009,2010-01-19 00:00:00,2010-01-22 00:00:00,2009-08-01 10:00:00,matches_2009_all.csv,408,John Parrott,England,64,Bjorn Haneveer,Belgium,64,Bjorn Haneveer,Belgium,64,Bjorn Haneveer,Belgium,2,5,2,5,7,FALSE,FALSE,320,56,3316,588,2663.42745538123,2645.00218789054,2675.90153149846,2680.31898758155,5,5,1,1,5,5,0.526491261282642,0.473508738717358,1,1,0.285714285714286,0.714285714285714,-8.42719414489247,8.42719414489247,2655.00026123634,2653.42938203544,321,57,3323,595
88165,2010-01-19 00:00:00,EventStart_Fallback,118,Welsh Open Qualifiers,2009,2010-01-19 00:00:00,2010-01-22 00:00:00,2009-08-01 10:00:00,matches_2009_all.csv,190,David Morris,Ireland,474,Atthasit Mahitthi,Thailand,190,David Morris,Ireland,190,David Morris,Ireland,5,1,5,1,6,FALSE,FALSE,11,28,136,268,2645.96538879848,2638.88506658815,2631.22935466077,2617.91989712206,5,5,1,1,5,5,0.510187992430286,0.489812007569714,1,1,0.833333333333333,0.166666666666667,9.69436022709143,-9.69436022709143,2655.65974902557,2629.19070636106,12,29,142,274
88166,2010-01-19 00:00:00,EventStart_Fallback,118,Welsh Open Qualifiers,2009,2010-01-19 00:00:00,2010-01-22 00:00:00,2009-08-01 10:00:00,matches_2009_all.csv,8,Tom Ford,England,410,Stephen Rowlings,England,8,Tom Ford,England,8,Tom Ford,England,5,2,5,2,7,FALSE,FALSE,74,5,748,48,2693.5957856386,2612.55696940357,2674.83174745156,2600,5,5,1,1,5,5,0.614554291227617,0.385445708772383,1,1,0.714285714285714,0.285714285714286,3.49059980703342,-3.49059980703342,2697.08638544563,2609.06636959654,75,6,755,55
88167,2010-01-19 00:00:00,EventStart_Fallback,118,Welsh Open Qualifiers,2009,2010-01-19 00:00:00,2010-01-22 00:00:00,2009-08-01 10:00:00,matches_2009_all.csv,6,Barry Pinches,England,56,Patrick Wallace,Northern Ireland,6,Barry Pinches,England,6,Barry Pinches,England,5,1,5,1,6,FALSE,FALSE,102,68,1188,744,2680.94114828667,2698.91244296968,2612.15840316556,2661.4666052822,5,5,1,1,5,5,0.474160268874586,0.525839731125414,1,1,0.833333333333333,0.166666666666667,10.7751919337624,-10.7751919337624,2691.71634022044,2688.13725103592,103,69,1194,750
88168,2010-01-19 00:00:00,EventStart_Fallback,118,Welsh Open Qualifiers,2009,2010-01-19 00:00:00,2010-01-22 00:00:00,2009-08-01 10:00:00,matches_2009_all.csv,409,David Roe,England,131,Craig Steadman,England,131,Craig Steadman,England,131,Craig Steadman,England,2,5,2,5,7,FALSE,FALSE,132,10,1312,124,2643.44467122362,2639.53562196733,2606.77267937865,2613.44142902294,5,5,1,1,5,5,0.505625336725486,0.494374663274514,1,1,0.285714285714286,0.714285714285714,-7.696886785392,7.696886785392,2635.74778443822,2647.23250875272,133,11,1319,131
88169,2010-01-19 00:00:00,EventStart_Fallback,118,Welsh Open Qualifiers,2009,2010-01-19 00:00:00,2010-01-22 00:00:00,2009-08-01 10:00:00,matches_2009_all.csv,48,Mark Joyce,England,81,Zhang Anda,China,81,Zhang Anda,China,81,Zhang Anda,China,4,5,4,5,9,FALSE,FALSE,19,9,198,65,2643.1694138463,2614.95926333131,2604.16209010068,2636.30090425438,5,5,1,1,5,5,0.540508688812261,0.459491311187739,1,1,0.444444444444444,0.555555555555556,-4.32289099655173,4.32289099655173,2638.84652284974,2619.28215432786,20,10,207,74
88170,2010-01-19 00:00:00,EventStart_Fallback,118,Welsh Open Qualifiers,2009,2010-01-19 00:00:00,2010-01-22 00:00:00,2009-08-01 10:00:00,matches_2009_all.csv,194,Joe Delaney,Ireland,24,Xiao Guodong,China,24,Xiao Guodong,China,24,Xiao Guodong,China,2,5,2,5,7,FALSE,FALSE,53,17,639,160,2624.11026996118,2661.98225752917,2635.47991107009,2639.14832151539,5,5,1,1,5,5,0.445712671661245,0.554287328338755,1,1,0.285714285714286,0.714285714285714,-5.59994350814358,5.59994350814357,2618.51032645303,2667.58220103732,54,18,646,167
88171,2010-01-19 00:00:00,EventStart_Fallback,118,Welsh Open Qualifiers,2009,2010-01-19 00:00:00,2010-01-22 00:00:00,2009-08-01 10:00:00,matches_2009_all.csv,173,Paul Davies,Wales,217,Thepchaiya Un-Nooh,Thailand,217,Thepchaiya Un-Nooh,Thailand,217,Thepchaiya Un-Nooh,Thailand,4,5,4,5,9,FALSE,FALSE,97,13,1006,127,2629.85960789645,2659.89790220521,2636.94453942695,2645.68876620426,5,5,1,1,5,5,0.456878807411653,0.543121192588347,1,1,0.444444444444444,0.555555555555556,-0.559546333524401,0.559546333524401,2629.30006156293,2660.45744853873,98,14,1015,136
88172,2010-01-19 00:00:00,EventStart_Fallback,118,Welsh Open Qualifiers,2009,2010-01-19 00:00:00,2010-01-22 00:00:00,2009-08-01 10:00:00,matches_2009_all.csv,15,Mark Davis,England,51,Andy Hicks,England,15,Mark Davis,England,15,Mark Davis,England,5,1,5,1,6,FALSE,FALSE,108,134,1160,1461,2700.92713327176,2687.396827477,2700.48212788131,2680.11629308963,5,5,1,1,5,5,0.51946183775376,0.48053816224624,1,1,0.833333333333333,0.166666666666667,9.41614486738719,-9.41614486738719,2710.34327813915,2677.98068260961,109,135,1166,1467
88173,2010-01-19 00:00:00,EventStart_Fallback,118,Welsh Open Qualifiers,2009,2010-01-19 00:00:00,2010-01-22 00:00:00,2009-08-01 10:00:00,matches_2009_all.csv,55,Adrian Gunnell,England,46,Liu Song,China,46,Liu Song,China,46,Liu Song,China,2,5,2,5,7,FALSE,FALSE,79,28,772,302,2649.73123324633,2643.88691018549,2613.08503849781,2644.26678493922,5,5,1,1,5,5,0.508409863780211,0.49159013621979,1,1,0.285714285714286,0.714285714285714,-7.79434523230737,7.79434523230737,2641.93688801402,2651.6812554178,80,29,779,309
88174,2010-01-19 00:00:00,EventStart_Fallback,118,Welsh Open Qualifiers,2009,2010-01-19 00:00:00,2010-01-22 00:00:00,2009-08-01 10:00:00,matches_2009_all.csv,179,Stuart Pettman,England,92,Robert Milkins,England,179,Stuart Pettman,England,179,Stuart Pettman,England,5,4,5,4,9,FALSE,FALSE,85,93,849,945,2703.7870168808,2732.07339325291,2605.0243192208,2634.99768407562,5,5,1,1,5,5,0.459382335336357,0.540617664663643,1,1,0.555555555555556,0.444444444444444,4.32779490986393,-4.32779490986393,2708.11481179066,2727.74559834305,86,94,858,954
88175,2010-01-19 00:00:00,EventStart_Fallback,118,Welsh Open Qualifiers,2009,2010-01-19 00:00:00,2010-01-22 00:00:00,2009-08-01 10:00:00,matches_2009_all.csv,36,Jimmy Michie,England,41,Tony Drago,Malta,41,Tony Drago,Malta,41,Tony Drago,Malta,2,5,2,5,7,FALSE,FALSE,97,188,982,1680,2649.21255729268,2688.14861802547,2643.16985781038,2646.0756082668,5,5,1,1,5,5,0.444199906995441,0.555800093004559,1,1,0.285714285714286,0.714285714285714,-5.54699674484042,5.54699674484042,2643.66556054784,2693.69561477031,98,189,989,1687
88176,2010-01-19 00:00:00,EventStart_Fallback,118,Welsh Open Qualifiers,2009,2010-01-19 00:00:00,2010-01-22 00:00:00,2009-08-01 10:00:00,matches_2009_all.csv,25,Andrew Higginson,England,118,David Gilbert,England,25,Andrew Higginson,England,25,Andrew Higginson,England,5,3,5,3,8,FALSE,FALSE,58,45,660,489,2714.7070962018,2687.13105332072,2645.58210388717,2640.13548987234,5,5,1,1,5,5,0.539601991346627,0.460398008653373,1,1,0.625,0.375,3.41592034613492,-3.41592034613492,2718.12301654793,2683.71513297459,59,46,668,497
88177,2010-01-19 00:00:00,EventStart_Fallback,118,Welsh Open Qualifiers,2009,2010-01-19 00:00:00,2010-01-22 00:00:00,2009-08-01 10:00:00,matches_2009_all.csv,54,Mike Dunn,England,295,Li Hang,China,295,Li Hang,China,295,Li Hang,China,4,5,4,5,9,FALSE,FALSE,76,14,792,133,2693.7919834309,2638.80760443214,2619.6673945167,2627.4398700366,5,5,1,1,5,5,0.57847482583633,0.421525174163671,1,1,0.444444444444444,0.555555555555556,-6.03136716263482,6.03136716263483,2687.76061626826,2644.83897159478,77,15,801,142
88178,2010-01-19 00:00:00,EventStart_Fallback,118,Welsh Open Qualifiers,2009,2010-01-19 00:00:00,2010-01-22 00:00:00,2009-08-01 10:00:00,matches_2009_all.csv,103,Ian McCulloch,England,20,Jimmy White,England,103,Ian McCulloch,England,103,Ian McCulloch,England,5,4,5,4,9,FALSE,FALSE,129,383,1375,4144,2674.25455633204,2698.7339147378,2646.80283604278,2664.00730147513,5,5,1,1,5,5,0.464829550163937,0.535170449836063,1,1,0.555555555555556,0.444444444444444,4.08267024262283,-4.08267024262283,2678.33722657466,2694.65124449517,130,384,1384,4153
88179,2010-01-19 00:00:00,EventStart_Fallback,118,Welsh Open Qualifiers,2009,2010-01-19 00:00:00,2010-01-22 00:00:00,2009-08-01 10:00:00,matches_2009_all.csv,33,Dominic Dale,Wales,47,Matthew Selt,England,33,Dominic Dale,Wales,33,Dominic Dale,Wales,5,1,5,1,6,FALSE,FALSE,148,28,1392,277,2686.05821940569,2697.67141494865,2644.85583858459,2633.16114797825,5,5,1,1,5,5,0.483293489547241,0.51670651045276,1,1,0.833333333333333,0.166666666666667,10.5011953135828,-10.5011953135828,2696.55941471927,2687.17021963507,149,29,1398,283
88180,2010-01-19 00:00:00,EventStart_Fallback,118,Welsh Open Qualifiers,2009,2010-01-19 00:00:00,2010-01-22 00:00:00,2009-08-01 10:00:00,matches_2009_all.csv,115,Anthony Hamilton,England,64,Bjorn Haneveer,Belgium,115,Anthony Hamilton,England,115,Anthony Hamilton,England,5,4,5,4,9,FALSE,FALSE,215,57,1997,595,2704.2012330839,2653.42938203544,2624.04111595839,2680.31898758155,5,5,1,1,5,5,0.572550862214452,0.427449137785548,1,1,0.555555555555556,0.444444444444444,-0.764788799650331,0.764788799650333,2703.43644428425,2654.19417083509,216,58,2006,604
88181,2010-01-19 00:00:00,EventStart_Fallback,118,Welsh Open Qualifiers,2009,2010-01-19 00:00:00,2010-01-22 00:00:00,2009-08-01 10:00:00,matches_2009_all.csv,44,Alan McManus,Scotland,190,David Morris,Ireland,44,Alan McManus,Scotland,44,Alan McManus,Scotland,5,4,5,4,9,FALSE,FALSE,269,12,2657,142,2682.53552814925,2655.65974902557,2687.86905897808,2631.22935466077,5,5,1,1,5,5,0.538600394209996,0.461399605790005,1,1,0.555555555555556,0.444444444444444,0.762982260550205,-0.762982260550205,2683.2985104098,2654.89676676502,270,13,2666,151
88182,2010-01-19 00:00:00,EventStart_Fallback,118,Welsh Open Qualifiers,2009,2010-01-19 00:00:00,2010-01-22 00:00:00,2009-08-01 10:00:00,matches_2009_all.csv,53,Jamie Burnett,Scotland,8,Tom Ford,England,8,Tom Ford,England,8,Tom Ford,England,4,5,4,5,9,FALSE,FALSE,96,75,985,755,2689.17992557246,2697.08638544563,2672.6417365714,2674.83174745156,5,5,1,1,5,5,0.488623653330091,0.511376346669909,1,1,0.444444444444444,0.555555555555556,-1.98806439985408,1.98806439985408,2687.1918611726,2699.07444984548,97,76,994,764
88183,2010-01-19 00:00:00,EventStart_Fallback,118,Welsh Open Qualifiers,2009,2010-01-19 00:00:00,2010-01-22 00:00:00,2009-08-01 10:00:00,matches_2009_all.csv,27,Martin Gould,England,6,Barry Pinches,England,6,Barry Pinches,England,6,Barry Pinches,England,4,5,4,5,9,FALSE,FALSE,31,103,372,1194,2691.52999332493,2691.71634022044,2650.46999447596,2612.15840316556,5,5,1,1,5,5,0.499731825285898,0.500268174714102,1,1,0.444444444444444,0.555555555555556,-2.48793213786541,2.48793213786541,2689.04206118707,2694.2042723583,32,104,381,1203
88184,2010-01-19 00:00:00,EventStart_Fallback,118,Welsh Open Qualifiers,2009,2010-01-19 00:00:00,2010-01-22 00:00:00,2009-08-01 10:00:00,matches_2009_all.csv,50,Rory McLeod,Jamaica,131,Craig Steadman,England,50,Rory McLeod,Jamaica,50,Rory McLeod,Jamaica,5,3,5,3,8,FALSE,FALSE,67,11,736,131,2700.87389951538,2647.23250875272,2616.03689043853,2613.44142902294,5,5,1,1,5,5,0.576588584409326,0.423411415590674,1,1,0.625,0.375,1.93645662362696,-1.93645662362696,2702.81035613901,2645.29605212909,68,12,744,139
88185,2010-01-19 00:00:00,EventStart_Fallback,118,Welsh Open Qualifiers,2009,2010-01-19 00:00:00,2010-01-22 00:00:00,2009-08-01 10:00:00,matches_2009_all.csv,11,Marcus Campbell,Scotland,81,Zhang Anda,China,11,Marcus Campbell,Scotland,11,Marcus Campbell,Scotland,5,2,5,2,7,FALSE,FALSE,91,10,940,74,2692.4596445106,2619.28215432786,2640.66687405255,2636.30090425438,5,5,1,1,5,5,0.603780768995657,0.396219231004343,1,1,0.714285714285714,0.285714285714286,3.86767308515199,-3.86767308515199,2696.32731759575,2615.41448124271,92,11,947,81
88186,2010-01-19 00:00:00,EventStart_Fallback,118,Welsh Open Qualifiers,2009,2010-01-19 00:00:00,2010-01-22 00:00:00,2009-08-01 10:00:00,matches_2009_all.csv,170,Ken Doherty,Ireland,24,Xiao Guodong,China,170,Ken Doherty,Ireland,170,Ken Doherty,Ireland,5,1,5,1,6,FALSE,FALSE,367,18,3414,167,2717.36312795788,2667.58220103732,2703.13268866811,2639.14832151539,5,5,1,1,5,5,0.571154258447696,0.428845741552304,1,1,0.833333333333333,0.166666666666667,7.86537224656913,-7.86537224656913,2725.22850020445,2659.71682879075,368,19,3420,173
88187,2010-01-19 00:00:00,EventStart_Fallback,118,Welsh Open Qualifiers,2009,2010-01-19 00:00:00,2010-01-22 00:00:00,2009-08-01 10:00:00,matches_2009_all.csv,204,Michael Judge,Ireland,217,Thepchaiya Un-Nooh,Thailand,204,Michael Judge,Ireland,204,Michael Judge,Ireland,5,1,5,1,6,FALSE,FALSE,117,14,1211,136,2675.93414342736,2660.45744853873,2663.8676581939,2645.68876620426,5,5,1,1,5,5,0.522258034061251,0.477741965938749,1,1,0.833333333333333,0.166666666666667,9.33225897816248,-9.33225897816248,2685.26640240552,2651.12518956057,118,15,1217,142
88188,2010-01-19 00:00:00,EventStart_Fallback,118,Welsh Open Qualifiers,2009,2010-01-19 00:00:00,2010-01-22 00:00:00,2009-08-01 10:00:00,matches_2009_all.csv,35,Joe Swail,Northern Ireland,15,Mark Davis,England,15,Mark Davis,England,15,Mark Davis,England,4,5,4,5,9,FALSE,FALSE,219,109,2030,1166,2699.26678319783,2710.34327813915,2661.36017761865,2700.48212788131,5,5,1,1,5,5,0.484065040708142,0.515934959291858,1,1,0.444444444444444,0.555555555555556,-1.78292683186638,1.78292683186639,2697.48385636596,2712.12620497101,220,110,2039,1175
88189,2010-01-19 00:00:00,EventStart_Fallback,118,Welsh Open Qualifiers,2009,2010-01-19 00:00:00,2010-01-22 00:00:00,2009-08-01 10:00:00,matches_2009_all.csv,125,Michael Holt,England,46,Liu Song,China,46,Liu Song,China,46,Liu Song,China,1,5,1,5,6,FALSE,FALSE,124,29,1174,309,2690.89856115894,2651.6812554178,2628.20216001758,2644.26678493922,5,5,1,1,5,5,0.556199759987538,0.443800240012462,1,1,0.166666666666667,0.833333333333333,-11.6859927996261,11.6859927996261,2679.21256835931,2663.36724821743,125,30,1180,315
88190,2010-01-19 00:00:00,EventStart_Fallback,118,Welsh Open Qualifiers,2009,2010-01-19 00:00:00,2010-01-22 00:00:00,2009-08-01 10:00:00,matches_2009_all.csv,31,Dave Harold,England,179,Stuart Pettman,England,31,Dave Harold,England,31,Dave Harold,England,5,3,5,3,8,FALSE,FALSE,205,86,1869,858,2669.97045546344,2708.11481179066,2701.35835862953,2605.0243192208,5,5,1,1,5,5,0.445325355277362,0.554674644722638,1,1,0.625,0.375,7.18698578890551,-7.18698578890551,2677.15744125234,2700.92782600176,206,87,1877,866
88191,2010-01-19 00:00:00,EventStart_Fallback,118,Welsh Open Qualifiers,2009,2010-01-19 00:00:00,2010-01-22 00:00:00,2009-08-01 10:00:00,matches_2009_all.csv,38,Gerard Greene,Northern Ireland,41,Tony Drago,Malta,41,Tony Drago,Malta,41,Tony Drago,Malta,2,5,2,5,7,FALSE,FALSE,114,189,1046,1687,2727.66917796156,2693.69561477031,2650.07103492475,2646.0756082668,5,5,1,1,5,5,0.548736651986427,0.451263348013573,1,1,0.285714285714286,0.714285714285714,-9.20578281952494,9.20578281952494,2718.46339514203,2702.90139758984,115,190,1053,1694
88192,2010-01-19 00:00:00,EventStart_Fallback,118,Welsh Open Qualifiers,2009,2010-01-19 00:00:00,2010-01-22 00:00:00,2009-08-01 10:00:00,matches_2009_all.csv,13,Stephen Lee,England,25,Andrew Higginson,England,25,Andrew Higginson,England,25,Andrew Higginson,England,3,5,3,5,8,FALSE,FALSE,245,59,2332,668,2714.37210559642,2718.12301654793,2693.21413052306,2645.58210388717,5,5,1,1,5,5,0.494602214932113,0.505397785067887,1,1,0.375,0.625,-4.78408859728451,4.78408859728451,2709.58801699914,2722.90710514522,246,60,2340,676
88193,2010-01-19 00:00:00,EventStart_Fallback,118,Welsh Open Qualifiers,2009,2010-01-19 00:00:00,2010-01-22 00:00:00,2009-08-01 10:00:00,matches_2009_all.csv,63,Fergal O'Brien,Ireland,295,Li Hang,China,63,Fergal O'Brien,Ireland,63,Fergal O'Brien,Ireland,5,4,5,4,9,FALSE,FALSE,161,15,1529,142,2701.53816025274,2644.83897159478,2692.3706339272,2627.4398700366,5,5,1,1,5,5,0.580879962629057,0.419120037370944,1,1,0.555555555555556,0.444444444444444,-1.13959831830754,1.13959831830754,2700.39856193443,2645.97856991308,162,16,1538,151
88194,2010-01-19 00:00:00,EventStart_Fallback,118,Welsh Open Qualifiers,2009,2010-01-19 00:00:00,2010-01-22 00:00:00,2009-08-01 10:00:00,matches_2009_all.csv,16,Barry Hawkins,England,103,Ian McCulloch,England,16,Barry Hawkins,England,16,Barry Hawkins,England,5,2,5,2,7,FALSE,FALSE,143,130,1258,1384,2706.70322731291,2678.33722657466,2665.51914316575,2646.80283604278,5,5,1,1,5,5,0.540731495025356,0.459268504974644,1,1,0.714285714285714,0.285714285714286,6.07439767411253,-6.07439767411253,2712.77762498702,2672.26282890055,144,131,1265,1391
88195,2010-01-19 00:00:00,EventStart_Fallback,118,Welsh Open Qualifiers,2009,2010-01-19 00:00:00,2010-01-22 00:00:00,2009-08-01 10:00:00,matches_2009_all.csv,212,Steve Davis,England,33,Dominic Dale,Wales,33,Dominic Dale,Wales,33,Dominic Dale,Wales,2,5,2,5,7,FALSE,FALSE,452,149,4603,1398,2694.30911168686,2696.55941471927,2674.65788820987,2644.85583858459,5,5,1,1,5,5,0.49676159889795,0.50323840110205,1,1,0.285714285714286,0.714285714285714,-7.38665596142824,7.38665596142824,2686.92245572543,2703.9460706807,453,150,4610,1405
88196,2010-01-19 00:00:00,EventStart_Fallback,118,Welsh Open Qualifiers,2009,2010-01-19 00:00:00,2010-01-22 00:00:00,2009-08-01 10:00:00,matches_2009_all.csv,30,Stuart Bingham,England,115,Anthony Hamilton,England,30,Stuart Bingham,England,30,Stuart Bingham,England,5,3,5,3,8,FALSE,FALSE,154,216,1451,2006,2743.64712411259,2703.43644428425,2664.72075429549,2624.04111595839,5,5,1,1,5,5,0.55761082208078,0.44238917791922,1,1,0.625,0.375,2.6955671167688,-2.6955671167688,2746.34269122936,2700.74087716748,155,217,1459,2014
88197,2010-01-19 00:00:00,EventStart_Fallback,118,Welsh Open Qualifiers,2009,2010-01-19 00:00:00,2010-01-22 00:00:00,2009-08-01 10:00:00,matches_2009_all.csv,3,Jamie Cope,England,44,Alan McManus,Scotland,3,Jamie Cope,England,3,Jamie Cope,England,5,2,5,2,7,FALSE,FALSE,107,270,834,2666,2755.47337156563,2683.2985104098,2642.34302814736,2687.86905897808,5,5,1,1,5,5,0.602399208827328,0.397600791172672,1,1,0.714285714285714,0.285714285714286,3.91602769104353,-3.91602769104353,2759.38939925667,2679.38248271876,108,271,841,2673
88198,2010-01-19 00:00:00,EventStart_Fallback,118,Welsh Open Qualifiers,2009,2010-01-19 00:00:00,2010-01-22 00:00:00,2009-08-01 10:00:00,matches_2009_all.csv,62,Ricky Walden,England,8,Tom Ford,England,8,Tom Ford,England,8,Tom Ford,England,4,5,4,5,9,FALSE,FALSE,118,76,1110,764,2771.35873627931,2699.07444984548,2670.11557323151,2674.83174745156,5,5,1,1,5,5,0.602550069820533,0.397449930179468,1,1,0.444444444444444,0.555555555555556,-7.11475314192396,7.11475314192396,2764.24398313739,2706.18920298741,119,77,1119,773
88199,2010-01-19 00:00:00,EventStart_Fallback,118,Welsh Open Qualifiers,2009,2010-01-19 00:00:00,2010-01-22 00:00:00,2009-08-01 10:00:00,matches_2009_all.csv,9,Matthew Stevens,Wales,6,Barry Pinches,England,9,Matthew Stevens,Wales,9,Matthew Stevens,Wales,5,4,5,4,9,FALSE,FALSE,215,104,2139,1203,2723.6373146033,2694.2042723583,2721.75373792231,2612.15840316556,5,5,1,1,5,5,0.542256514303117,0.457743485696883,1,1,0.555555555555556,0.444444444444444,0.598456856359717,-0.598456856359717,2724.23577145966,2693.60581550194,216,105,2148,1212
88200,2010-01-19 00:00:00,EventStart_Fallback,118,Welsh Open Qualifiers,2009,2010-01-19 00:00:00,2010-01-22 00:00:00,2009-08-01 10:00:00,matches_2009_all.csv,12,Judd Trump,England,50,Rory McLeod,Jamaica,12,Judd Trump,England,12,Judd Trump,England,5,4,5,4,9,FALSE,FALSE,82,68,612,744,2785.1381682462,2702.81035613901,2671.03286202276,2616.03689043853,5,5,1,1,5,5,0.616310433554057,0.383689566445943,1,1,0.555555555555556,0.444444444444444,-2.73396950993255,2.73396950993255,2782.40419873626,2705.54432564894,83,69,621,753
88201,2010-01-19 00:00:00,EventStart_Fallback,118,Welsh Open Qualifiers,2009,2010-01-19 00:00:00,2010-01-22 00:00:00,2009-08-01 10:00:00,matches_2009_all.csv,14,Nigel Bond,England,11,Marcus Campbell,Scotland,11,Marcus Campbell,Scotland,11,Marcus Campbell,Scotland,1,5,1,5,6,FALSE,FALSE,232,92,2209,947,2698.60456860561,2696.32731759575,2698.84872106548,2640.66687405255,5,5,1,1,5,5,0.50327718071264,0.49672281928736,1,1,0.166666666666667,0.833333333333333,-10.0983154213792,10.0983154213792,2688.50625318423,2706.42563301713,233,93,2215,953
88202,2010-01-19 00:00:00,EventStart_Fallback,118,Welsh Open Qualifiers,2009,2010-01-19 00:00:00,2010-01-22 00:00:00,2009-08-01 10:00:00,matches_2009_all.csv,52,Graeme Dott,Scotland,170,Ken Doherty,Ireland,52,Graeme Dott,Scotland,52,Graeme Dott,Scotland,5,3,5,3,8,FALSE,FALSE,188,368,1860,3420,2697.419715578,2725.22850020445,2677.78458092588,2703.13268866811,5,5,1,1,5,5,0.460065185249811,0.53993481475019,1,1,0.625,0.375,6.59739259000758,-6.59739259000758,2704.01710816801,2718.63110761444,189,369,1868,3428
88203,2010-01-19 00:00:00,EventStart_Fallback,118,Welsh Open Qualifiers,2009,2010-01-19 00:00:00,2010-01-22 00:00:00,2009-08-01 10:00:00,matches_2009_all.csv,200,Liang Wenbo,China,204,Michael Judge,Ireland,204,Michael Judge,Ireland,204,Michael Judge,Ireland,3,5,3,5,8,FALSE,FALSE,56,118,504,1217,2769.21644714248,2685.26640240552,2685.07686582305,2663.8676581939,5,5,1,1,5,5,0.618516272176664,0.381483727823336,1,1,0.375,0.625,-9.74065088706655,9.74065088706655,2759.47579625541,2695.00705329259,57,119,512,1225
8321581,2010-01-20 00:00:00,EventStart_Fallback,1697,Championship League - Group 4,2009,2010-01-20 00:00:00,2010-01-21 00:00:00,2023-11-28 12:31:33,matches_2009_all.csv,202,Mark Allen,Northern Ireland,4,Fu Marco,Hong Kong,4,Fu Marco,Hong Kong,4,Fu Marco,Hong Kong,0,3,0,3,3,FALSE,FALSE,122,166,951,1553,2763.10889648,2741.49552790934,2685.54443253342,2720.95775518301,5,5,1,1,5,5,0.531064076701468,0.468935923298532,1,1,0,1,-7.96596115052203,7.96596115052203,2755.14293532948,2749.46148905986,123,167,954,1556
8321582,2010-01-20 00:00:00,EventStart_Fallback,1697,Championship League - Group 4,2009,2010-01-20 00:00:00,2010-01-21 00:00:00,2023-11-28 12:31:33,matches_2009_all.csv,158,Ali Carter,England,154,Neil Robertson,Australia,154,Neil Robertson,Australia,154,Neil Robertson,Australia,1,3,1,3,4,FALSE,FALSE,242,179,1893,1579,2762.84295929106,2784.65315660698,2654.01094991334,2631.4761148925,5,5,1,1,5,5,0.468653767280314,0.531346232719686,1,1,0.25,0.75,-4.37307534560629,4.37307534560629,2758.46988394546,2789.02623195259,243,180,1897,1583
8321583,2010-01-20 00:00:00,EventStart_Fallback,1697,Championship League - Group 4,2009,2010-01-20 00:00:00,2010-01-21 00:00:00,2023-11-28 12:31:33,matches_2009_all.csv,42,Peter Ebdon,England,1,Mark J Williams,Wales,1,Mark J Williams,Wales,1,Mark J Williams,Wales,1,3,1,3,4,FALSE,FALSE,296,318,3006,3009,2726.87129267883,2774.79736007981,2730.0833810011,2646.42906931203,5,5,1,1,5,5,0.431463003498879,0.568536996501122,1,1,0.25,0.75,-3.62926006997757,3.62926006997757,2723.24203260886,2778.42662014979,297,319,3010,3013
8321584,2010-01-20 00:00:00,EventStart_Fallback,1697,Championship League - Group 4,2009,2010-01-20 00:00:00,2010-01-21 00:00:00,2023-11-28 12:31:33,matches_2009_all.csv,200,Liang Wenbo,China,202,Mark Allen,Northern Ireland,202,Mark Allen,Northern Ireland,202,Mark Allen,Northern Ireland,1,3,1,3,4,FALSE,FALSE,57,123,512,954,2759.47579625541,2755.14293532948,2685.07686582305,2685.54443253342,5,5,1,1,5,5,0.506235164872792,0.493764835127208,1,1,0.25,0.75,-5.12470329745584,5.12470329745584,2754.35109295795,2760.26763862693,58,124,516,958
8321585,2010-01-20 00:00:00,EventStart_Fallback,1697,Championship League - Group 4,2009,2010-01-20 00:00:00,2010-01-21 00:00:00,2023-11-28 12:31:33,matches_2009_all.csv,4,Fu Marco,Hong Kong,158,Ali Carter,England,4,Fu Marco,Hong Kong,4,Fu Marco,Hong Kong,3,0,3,0,3,FALSE,FALSE,167,243,1556,1897,2749.46148905986,2758.46988394546,2720.95775518301,2654.01094991334,5,5,1,1,5,5,0.487038782006301,0.5129612179937,1,1,1,0,7.69441826990549,-7.69441826990549,2757.15590732977,2750.77546567555,168,244,1559,1900
8321586,2010-01-20 00:00:00,EventStart_Fallback,1697,Championship League - Group 4,2009,2010-01-20 00:00:00,2010-01-21 00:00:00,2023-11-28 12:31:33,matches_2009_all.csv,154,Neil Robertson,Australia,42,Peter Ebdon,England,42,Peter Ebdon,England,42,Peter Ebdon,England,0,3,0,3,3,FALSE,FALSE,180,297,1583,3010,2789.02623195259,2723.24203260886,2631.4761148925,2730.0833810011,5,5,1,1,5,5,0.593555730988082,0.406444269011918,1,1,0,1,-8.90333596482123,8.90333596482123,2780.12289598777,2732.14536857368,181,298,1586,3013
8321587,2010-01-20 00:00:00,EventStart_Fallback,1697,Championship League - Group 4,2009,2010-01-20 00:00:00,2010-01-21 00:00:00,2023-11-28 12:31:33,matches_2009_all.csv,1,Mark J Williams,Wales,200,Liang Wenbo,China,200,Liang Wenbo,China,200,Liang Wenbo,China,0,3,0,3,3,FALSE,FALSE,319,58,3013,516,2778.42662014979,2754.35109295795,2646.42906931203,2685.07686582305,5,5,1,1,5,5,0.534592118466774,0.465407881533226,1,1,0,1,-8.01888177700161,8.01888177700161,2770.40773837279,2762.36997473495,320,59,3016,519
8321588,2010-01-20 00:00:00,EventStart_Fallback,1697,Championship League - Group 4,2009,2010-01-20 00:00:00,2010-01-21 00:00:00,2023-11-28 12:31:33,matches_2009_all.csv,202,Mark Allen,Northern Ireland,158,Ali Carter,England,202,Mark Allen,Northern Ireland,202,Mark Allen,Northern Ireland,3,2,3,2,5,FALSE,FALSE,124,244,958,1900,2760.26763862693,2750.77546567555,2685.54443253342,2654.01094991334,5,5,1,1,5,5,0.513656937197809,0.486343062802191,1,1,0.6,0.4,2.15857657005478,-2.15857657005478,2762.42621519699,2748.6168891055,125,245,963,1905
8321589,2010-01-20 00:00:00,EventStart_Fallback,1697,Championship League - Group 4,2009,2010-01-20 00:00:00,2010-01-21 00:00:00,2023-11-28 12:31:33,matches_2009_all.csv,4,Fu Marco,Hong Kong,154,Neil Robertson,Australia,154,Neil Robertson,Australia,154,Neil Robertson,Australia,2,3,2,3,5,FALSE,FALSE,168,181,1559,1586,2757.15590732977,2780.12289598777,2720.95775518301,2631.4761148925,5,5,1,1,5,5,0.466995905966306,0.533004094033695,1,1,0.4,0.6,-1.67489764915764,1.67489764915764,2755.48100968061,2781.79779363692,169,182,1564,1591
8321590,2010-01-20 00:00:00,EventStart_Fallback,1697,Championship League - Group 4,2009,2010-01-20 00:00:00,2010-01-21 00:00:00,2023-11-28 12:31:33,matches_2009_all.csv,42,Peter Ebdon,England,200,Liang Wenbo,China,42,Peter Ebdon,England,42,Peter Ebdon,England,3,1,3,1,4,FALSE,FALSE,298,59,3013,519,2732.14536857368,2762.36997473495,2730.0833810011,2685.07686582305,5,5,1,1,5,5,0.456612689676792,0.543387310323208,1,1,0.75,0.25,5.86774620646416,-5.86774620646416,2738.01311478014,2756.50222852849,299,60,3017,523
8321591,2010-01-20 00:00:00,EventStart_Fallback,1697,Championship League - Group 4,2009,2010-01-20 00:00:00,2010-01-21 00:00:00,2023-11-28 12:31:33,matches_2009_all.csv,158,Ali Carter,England,200,Liang Wenbo,China,200,Liang Wenbo,China,200,Liang Wenbo,China,2,3,2,3,5,FALSE,FALSE,245,60,1905,523,2748.6168891055,2756.50222852849,2654.01094991334,2685.07686582305,5,5,1,1,5,5,0.48865403240824,0.51134596759176,1,1,0.4,0.6,-2.21635081020599,2.21635081020599,2746.40053829529,2758.7185793387,246,61,1910,528
8321592,2010-01-20 00:00:00,EventStart_Fallback,1697,Championship League - Group 4,2009,2010-01-20 00:00:00,2010-01-21 00:00:00,2023-11-28 12:31:33,matches_2009_all.csv,1,Mark J Williams,Wales,154,Neil Robertson,Australia,154,Neil Robertson,Australia,154,Neil Robertson,Australia,1,3,1,3,4,FALSE,FALSE,320,182,3016,1591,2770.40773837279,2781.79779363692,2646.42906931203,2631.4761148925,5,5,1,1,5,5,0.483614262548347,0.516385737451653,1,1,0.25,0.75,-4.67228525096694,4.67228525096694,2765.73545312182,2786.47007888789,321,183,3020,1595
8321593,2010-01-20 00:00:00,EventStart_Fallback,1697,Championship League - Group 4,2009,2010-01-20 00:00:00,2010-01-21 00:00:00,2023-11-28 12:31:33,matches_2009_all.csv,202,Mark Allen,Northern Ireland,1,Mark J Williams,Wales,1,Mark J Williams,Wales,1,Mark J Williams,Wales,0,3,0,3,3,FALSE,FALSE,125,321,963,3020,2762.42621519699,2765.73545312182,2685.54443253342,2646.42906931203,5,5,1,1,5,5,0.495237767813663,0.504762232186337,1,1,0,1,-7.42856651720494,7.42856651720494,2754.99764867978,2773.16401963903,126,322,966,3023
8321594,2010-01-20 00:00:00,EventStart_Fallback,1697,Championship League - Group 4,2009,2010-01-20 00:00:00,2010-01-21 00:00:00,2023-11-28 12:31:33,matches_2009_all.csv,4,Fu Marco,Hong Kong,42,Peter Ebdon,England,4,Fu Marco,Hong Kong,4,Fu Marco,Hong Kong,3,1,3,1,4,FALSE,FALSE,169,299,1564,3017,2755.48100968061,2738.01311478014,2720.95775518301,2730.0833810011,5,5,1,1,5,5,0.525117161842672,0.474882838157328,1,1,0.75,0.25,4.49765676314656,-4.49765676314656,2759.97866644376,2733.515458017,170,300,1568,3021
8321595,2010-01-20 00:00:00,EventStart_Fallback,1697,Championship League - Group 4,2009,2010-01-20 00:00:00,2010-01-21 00:00:00,2023-11-28 12:31:33,matches_2009_all.csv,154,Neil Robertson,Australia,200,Liang Wenbo,China,154,Neil Robertson,Australia,154,Neil Robertson,Australia,3,1,3,1,4,FALSE,FALSE,183,61,1595,528,2786.47007888789,2758.7185793387,2631.4761148925,2685.07686582305,5,5,1,1,5,5,0.539852899715947,0.460147100284053,1,1,0.75,0.25,4.20294200568107,-4.20294200568107,2790.67302089357,2754.51563733302,184,62,1599,532
8321596,2010-01-20 00:00:00,EventStart_Fallback,1697,Championship League - Group 4,2009,2010-01-20 00:00:00,2010-01-21 00:00:00,2023-11-28 12:31:33,matches_2009_all.csv,158,Ali Carter,England,1,Mark J Williams,Wales,1,Mark J Williams,Wales,1,Mark J Williams,Wales,2,3,2,3,5,FALSE,FALSE,246,322,1910,3023,2746.40053829529,2773.16401963903,2654.01094991334,2646.42906931203,5,5,1,1,5,5,0.461560256102972,0.538439743897028,1,1,0.4,0.6,-1.5390064025743,1.5390064025743,2744.86153189272,2774.7030260416,247,323,1915,3028
8321597,2010-01-20 00:00:00,EventStart_Fallback,1697,Championship League - Group 4,2009,2010-01-20 00:00:00,2010-01-21 00:00:00,2023-11-28 12:31:33,matches_2009_all.csv,4,Fu Marco,Hong Kong,200,Liang Wenbo,China,4,Fu Marco,Hong Kong,4,Fu Marco,Hong Kong,3,2,3,2,5,FALSE,FALSE,170,62,1568,532,2759.97866644376,2754.51563733302,2720.95775518301,2685.07686582305,5,5,1,1,5,5,0.507861283007207,0.492138716992793,1,1,0.6,0.4,2.30346792481983,-2.30346792481983,2762.28213436858,2752.2121694082,171,63,1573,537
8321598,2010-01-20 00:00:00,EventStart_Fallback,1697,Championship League - Group 4,2009,2010-01-20 00:00:00,2010-01-21 00:00:00,2023-11-28 12:31:33,matches_2009_all.csv,202,Mark Allen,Northern Ireland,42,Peter Ebdon,England,202,Mark Allen,Northern Ireland,202,Mark Allen,Northern Ireland,3,2,3,2,5,FALSE,FALSE,126,300,966,3021,2754.99764867978,2733.515458017,2685.54443253342,2730.0833810011,5,5,1,1,5,5,0.530876020788693,0.469123979211307,1,1,0.6,0.4,1.72809948028267,-1.72809948028267,2756.72574816006,2731.78735853671,127,301,971,3026
8321599,2010-01-20 00:00:00,EventStart_Fallback,1697,Championship League - Group 4,2009,2010-01-20 00:00:00,2010-01-21 00:00:00,2023-11-28 12:31:33,matches_2009_all.csv,158,Ali Carter,England,42,Peter Ebdon,England,42,Peter Ebdon,England,42,Peter Ebdon,England,0,3,0,3,3,FALSE,FALSE,247,301,1915,3026,2744.86153189272,2731.78735853671,2654.01094991334,2730.0833810011,5,5,1,1,5,5,0.518806371811006,0.481193628188994,1,1,0,1,-7.78209557716509,7.78209557716509,2737.07943631555,2739.56945411388,248,302,1918,3029
8321600,2010-01-20 00:00:00,EventStart_Fallback,1697,Championship League - Group 4,2009,2010-01-20 00:00:00,2010-01-21 00:00:00,2023-11-28 12:31:33,matches_2009_all.csv,4,Fu Marco,Hong Kong,1,Mark J Williams,Wales,1,Mark J Williams,Wales,1,Mark J Williams,Wales,0,3,0,3,3,FALSE,FALSE,171,323,1573,3028,2762.28213436858,2774.7030260416,2720.95775518301,2646.42906931203,5,5,1,1,5,5,0.482132511354074,0.517867488645926,1,1,0,1,-7.2319876703111,7.2319876703111,2755.05014669827,2781.93501371191,172,324,1576,3031
8321601,2010-01-20 00:00:00,EventStart_Fallback,1697,Championship League - Group 4,2009,2010-01-20 00:00:00,2010-01-21 00:00:00,2023-11-28 12:31:33,matches_2009_all.csv,202,Mark Allen,Northern Ireland,154,Neil Robertson,Australia,154,Neil Robertson,Australia,154,Neil Robertson,Australia,1,3,1,3,4,FALSE,FALSE,127,184,971,1599,2756.72574816006,2790.67302089357,2685.54443253342,2631.4761148925,5,5,1,1,5,5,0.451300823827828,0.548699176172172,1,1,0.25,0.75,-4.02601647655656,4.02601647655656,2752.69973168351,2794.69903737013,128,185,975,1603
8321602,2010-01-20 00:00:00,EventStart_Fallback,1697,Championship League - Group 4,2009,2010-01-20 00:00:00,2010-01-21 00:00:00,2023-11-28 12:32:32,matches_2009_all.csv,154,Neil Robertson,Australia,42,Peter Ebdon,England,154,Neil Robertson,Australia,154,Neil Robertson,Australia,3,1,3,1,4,FALSE,FALSE,185,302,1603,3029,2794.69903737013,2739.56945411388,2631.4761148925,2730.0833810011,5,5,1,1,5,5,0.578678630687219,0.421321369312782,1,1,0.75,0.25,3.42642738625563,-3.42642738625563,2798.12546475638,2736.14302672762,186,303,1607,3033
8321603,2010-01-20 00:00:00,EventStart_Fallback,1697,Championship League - Group 4,2009,2010-01-20 00:00:00,2010-01-21 00:00:00,2023-11-28 12:32:32,matches_2009_all.csv,4,Fu Marco,Hong Kong,1,Mark J Williams,Wales,4,Fu Marco,Hong Kong,4,Fu Marco,Hong Kong,3,2,3,2,5,FALSE,FALSE,172,324,1576,3031,2755.05014669827,2781.93501371191,2720.95775518301,2646.42906931203,5,5,1,1,5,5,0.461386605238797,0.538613394761203,1,1,0.6,0.4,3.46533486903007,-3.46533486903007,2758.51548156729,2778.46967884288,173,325,1581,3036
8321605,2010-01-20 00:00:00,EventStart_Fallback,1697,Championship League - Group 4,2009,2010-01-20 00:00:00,2010-01-21 00:00:00,2023-11-28 12:32:51,matches_2009_all.csv,154,Neil Robertson,Australia,4,Fu Marco,Hong Kong,4,Fu Marco,Hong Kong,4,Fu Marco,Hong Kong,0,3,0,3,3,FALSE,FALSE,186,173,1607,1581,2798.12546475638,2758.51548156729,2631.4761148925,2720.95775518301,5,5,1,1,5,5,0.556757657769428,0.443242342230572,1,1,0,1,-8.35136486654142,8.35136486654142,2789.77409988984,2766.86684643384,187,174,1610,1584
88206,2010-01-25 00:00:00,EventStart_Fallback,117,Welsh Open,2009,2010-01-25 00:00:00,2010-01-31 00:00:00,2009-08-01 10:00:00,matches_2009_all.csv,158,Ali Carter,England,15,Mark Davis,England,158,Ali Carter,England,158,Ali Carter,England,5,1,5,1,6,FALSE,FALSE,248,110,1918,1175,2737.07943631555,2712.12620497101,2654.01094991334,2700.48212788131,5,5,1,1,5,5,0.53584896807648,0.46415103192352,1,1,0.833333333333333,0.166666666666667,8.92453095770559,-8.92453095770559,2746.00396727326,2703.20167401331,249,111,1924,1181
88207,2010-01-25 00:00:00,EventStart_Fallback,117,Welsh Open,2009,2010-01-25 00:00:00,2010-01-31 00:00:00,2009-08-01 10:00:00,matches_2009_all.csv,154,Neil Robertson,Australia,46,Liu Song,China,154,Neil Robertson,Australia,154,Neil Robertson,Australia,5,2,5,2,7,FALSE,FALSE,187,30,1610,315,2789.77409988984,2663.36724821743,2631.4761148925,2644.26678493922,5,5,1,1,5,5,0.674290759951905,0.325709240048095,1,1,0.714285714285714,0.285714285714286,1.39982340168332,-1.39982340168332,2791.17392329153,2661.96742481574,188,31,1617,322
88208,2010-01-25 00:00:00,EventStart_Fallback,117,Welsh Open,2009,2010-01-25 00:00:00,2010-01-31 00:00:00,2009-08-01 10:00:00,matches_2009_all.csv,153,Stephen Hendry,Scotland,31,Dave Harold,England,153,Stephen Hendry,Scotland,153,Stephen Hendry,Scotland,5,1,5,1,6,FALSE,FALSE,500,206,5143,1877,2725.94345420552,2677.15744125234,2727.71851092324,2701.35835862953,5,5,1,1,5,5,0.56975089042727,0.430249109572731,1,1,0.833333333333333,0.166666666666667,7.90747328718192,-7.90747328718192,2733.8509274927,2669.24996796516,501,207,5149,1883
88209,2010-01-25 00:00:00,EventStart_Fallback,117,Welsh Open,2009,2010-01-25 00:00:00,2010-01-31 00:00:00,2009-08-01 10:00:00,matches_2009_all.csv,68,Ryan Day,Wales,41,Tony Drago,Malta,68,Ryan Day,Wales,68,Ryan Day,Wales,5,4,5,4,9,FALSE,FALSE,170,190,1544,1694,2738.65039774733,2702.90139758984,2657.71749328838,2646.0756082668,5,5,1,1,5,5,0.551266153473872,0.448733846526128,1,1,0.555555555555556,0.444444444444444,0.193023093675757,-0.193023093675757,2738.84342084101,2702.70837449616,171,191,1553,1703
88210,2010-01-25 00:00:00,EventStart_Fallback,117,Welsh Open,2009,2010-01-25 00:00:00,2010-01-31 00:00:00,2009-08-01 10:00:00,matches_2009_all.csv,4,Fu Marco,Hong Kong,25,Andrew Higginson,England,25,Andrew Higginson,England,25,Andrew Higginson,England,2,5,2,5,7,FALSE,FALSE,174,60,1584,676,2766.86684643384,2722.90710514522,2720.95775518301,2645.58210388717,5,5,1,1,5,5,0.562927709689664,0.437072290310336,1,1,0.285714285714286,0.714285714285714,-9.70246983913824,9.70246983913824,2757.1643765947,2732.60957498436,175,61,1591,683
88211,2010-01-25 00:00:00,EventStart_Fallback,117,Welsh Open,2009,2010-01-25 00:00:00,2010-01-31 00:00:00,2009-08-01 10:00:00,matches_2009_all.csv,1,Mark J Williams,Wales,63,Fergal O'Brien,Ireland,1,Mark J Williams,Wales,1,Mark J Williams,Wales,5,2,5,2,7,FALSE,FALSE,325,162,3036,1538,2778.46967884288,2700.39856193443,2646.42906931203,2692.3706339272,5,5,1,1,5,5,0.610499773321428,0.389500226678572,1,1,0.714285714285714,0.285714285714286,3.63250793375001,-3.63250793375001,2782.10218677663,2696.76605400068,326,163,3043,1545
88212,2010-01-25 00:00:00,EventStart_Fallback,117,Welsh Open,2009,2010-01-25 00:00:00,2010-01-31 00:00:00,2009-08-01 10:00:00,matches_2009_all.csv,42,Peter Ebdon,England,16,Barry Hawkins,England,16,Barry Hawkins,England,16,Barry Hawkins,England,0,5,0,5,5,FALSE,FALSE,303,144,3033,1265,2736.14302672762,2712.77762498702,2730.0833810011,2665.51914316575,5,5,1,1,5,5,0.533574914904879,0.466425085095121,1,1,0,1,-13.339372872622,13.339372872622,2722.803653855,2726.11699785964,304,145,3038,1270
88213,2010-01-25 00:00:00,EventStart_Fallback,117,Welsh Open,2009,2010-01-25 00:00:00,2010-01-31 00:00:00,2009-08-01 10:00:00,matches_2009_all.csv,2,Stephen Maguire,Scotland,33,Dominic Dale,Wales,2,Stephen Maguire,Scotland,2,Stephen Maguire,Scotland,5,4,5,4,9,FALSE,FALSE,164,150,1635,1405,2790.27249549851,2703.9460706807,2658.75609493258,2644.85583858459,5,5,1,1,5,5,0.621738739022289,0.378261260977711,1,1,0.555555555555556,0.444444444444444,-2.978243256003,2.978243256003,2787.29425224251,2706.9243139367,165,151,1644,1414
88214,2010-01-25 00:00:00,EventStart_Fallback,117,Welsh Open,2009,2010-01-25 00:00:00,2010-01-31 00:00:00,2009-08-01 10:00:00,matches_2009_all.csv,5,Ronnie O'Sullivan,England,30,Stuart Bingham,England,5,Ronnie O'Sullivan,England,5,Ronnie O'Sullivan,England,5,1,5,1,6,FALSE,FALSE,358,155,3714,1459,2815.92593555947,2746.34269122936,2727.41414214416,2664.72075429549,5,5,1,1,5,5,0.598820601803624,0.401179398196376,1,1,0.833333333333333,0.166666666666667,7.03538194589129,-7.03538194589129,2822.96131750536,2739.30730928347,359,156,3720,1465
88215,2010-01-25 00:00:00,EventStart_Fallback,117,Welsh Open,2009,2010-01-25 00:00:00,2010-01-31 00:00:00,2009-08-01 10:00:00,matches_2009_all.csv,224,Ding Junhui,China,3,Jamie Cope,England,3,Jamie Cope,England,3,Jamie Cope,England,3,5,3,5,8,FALSE,FALSE,146,108,1287,841,2792.1783213222,2759.38939925667,2679.65325646999,2642.34302814736,5,5,1,1,5,5,0.547047459223125,0.452952540776875,1,1,0.375,0.625,-6.881898368925,6.881898368925,2785.29642295328,2766.2712976256,147,109,1295,849
88216,2010-01-25 00:00:00,EventStart_Fallback,117,Welsh Open,2009,2010-01-25 00:00:00,2010-01-31 00:00:00,2009-08-01 10:00:00,matches_2009_all.csv,202,Mark Allen,Northern Ireland,8,Tom Ford,England,202,Mark Allen,Northern Ireland,202,Mark Allen,Northern Ireland,5,2,5,2,7,FALSE,FALSE,128,77,975,773,2752.69973168351,2706.18920298741,2685.54443253342,2674.83174745156,5,5,1,1,5,5,0.566537042787318,0.433462957212682,1,1,0.714285714285714,0.285714285714286,5.17120350244386,-5.17120350244386,2757.87093518595,2701.01799948496,129,78,982,780
88217,2010-01-25 00:00:00,EventStart_Fallback,117,Welsh Open,2009,2010-01-25 00:00:00,2010-01-31 00:00:00,2009-08-01 10:00:00,matches_2009_all.csv,97,Shaun Murphy,England,9,Matthew Stevens,Wales,9,Matthew Stevens,Wales,9,Matthew Stevens,Wales,4,5,4,5,9,FALSE,FALSE,196,216,1896,2148,2761.17142005325,2724.23577145966,2709.44047993629,2721.75373792231,5,5,1,1,5,5,0.552955326651215,0.447044673348785,1,1,0.444444444444444,0.555555555555556,-4.88298969930469,4.88298969930469,2756.28843035394,2729.11876115896,197,217,1905,2157
88218,2010-01-25 00:00:00,EventStart_Fallback,117,Welsh Open,2009,2010-01-25 00:00:00,2010-01-31 00:00:00,2009-08-01 10:00:00,matches_2009_all.csv,17,Mark Selby,England,12,Judd Trump,England,17,Mark Selby,England,17,Mark Selby,England,5,2,5,2,7,FALSE,FALSE,191,83,1666,621,2803.3292003643,2782.40419873626,2694.53166694155,2671.03286202276,5,5,1,1,5,5,0.530077140622258,0.469922859377742,1,1,0.714285714285714,0.285714285714286,6.44730007822096,-6.44730007822096,2809.77650044252,2775.95689865804,192,84,1673,628
88219,2010-01-25 00:00:00,EventStart_Fallback,117,Welsh Open,2009,2010-01-25 00:00:00,2010-01-31 00:00:00,2009-08-01 10:00:00,matches_2009_all.csv,28,Mark King,England,11,Marcus Campbell,Scotland,28,Mark King,England,28,Mark King,England,5,1,5,1,6,FALSE,FALSE,235,93,1976,953,2718.0445067969,2706.42563301713,2650.41419841964,2640.66687405255,5,5,1,1,5,5,0.516714672964884,0.483285327035116,1,1,0.833333333333333,0.166666666666667,9.49855981105348,-9.49855981105348,2727.54306660796,2696.92707320607,236,94,1982,959
88220,2010-01-25 00:00:00,EventStart_Fallback,117,Welsh Open,2009,2010-01-25 00:00:00,2010-01-31 00:00:00,2009-08-01 10:00:00,matches_2009_all.csv,168,Joe Perry,England,52,Graeme Dott,Scotland,52,Graeme Dott,Scotland,52,Graeme Dott,Scotland,3,5,3,5,8,FALSE,FALSE,222,189,1816,1868,2711.75009413699,2704.01710816801,2701.4596224945,2677.78458092588,5,5,1,1,5,5,0.511126824079404,0.488873175920596,1,1,0.375,0.625,-5.44507296317617,5.44507296317617,2706.30502117381,2709.46218113118,223,190,1824,1876
88221,2010-01-25 00:00:00,EventStart_Fallback,117,Welsh Open,2009,2010-01-25 00:00:00,2010-01-31 00:00:00,2009-08-01 10:00:00,matches_2009_all.csv,237,John Higgins,Scotland,204,Michael Judge,Ireland,237,John Higgins,Scotland,237,John Higgins,Scotland,5,2,5,2,7,FALSE,FALSE,401,119,3801,1225,2818.42098063572,2695.00705329259,2718.4454421435,2663.8676581939,5,5,1,1,5,5,0.670495653113315,0.329504346886685,1,1,0.714285714285714,0.285714285714286,1.53265214103398,-1.53265214103398,2819.95363277675,2693.47440115155,402,120,3808,1232
88230,2010-01-25 00:00:00,EventStart_Fallback,117,Welsh Open,2009,2010-01-25 00:00:00,2010-01-31 00:00:00,2009-08-01 10:00:00,matches_2009_all.csv,158,Ali Carter,England,154,Neil Robertson,Australia,158,Ali Carter,England,158,Ali Carter,England,5,2,5,2,7,FALSE,FALSE,249,188,1924,1617,2746.00396727326,2791.17392329153,2654.01094991334,2631.4761148925,5,5,1,1,5,5,0.435358996173923,0.564641003826077,1,1,0.714285714285714,0.285714285714286,9.76243513391271,-9.76243513391271,2755.76640240717,2781.41148815761,250,189,1931,1624
88231,2010-01-25 00:00:00,EventStart_Fallback,117,Welsh Open,2009,2010-01-25 00:00:00,2010-01-31 00:00:00,2009-08-01 10:00:00,matches_2009_all.csv,153,Stephen Hendry,Scotland,68,Ryan Day,Wales,68,Ryan Day,Wales,68,Ryan Day,Wales,3,5,3,5,8,FALSE,FALSE,501,171,5149,1553,2733.8509274927,2738.84342084101,2727.71851092324,2657.71749328838,5,5,1,1,5,5,0.49281571899744,0.50718428100256,1,1,0.375,0.625,-4.71262875989759,4.71262875989759,2729.1382987328,2743.55604960091,502,172,5157,1561
88232,2010-01-25 00:00:00,EventStart_Fallback,117,Welsh Open,2009,2010-01-25 00:00:00,2010-01-31 00:00:00,2009-08-01 10:00:00,matches_2009_all.csv,25,Andrew Higginson,England,1,Mark J Williams,Wales,1,Mark J Williams,Wales,1,Mark J Williams,Wales,0,5,0,5,5,FALSE,FALSE,61,326,683,3043,2732.60957498436,2782.10218677663,2645.58210388717,2646.42906931203,5,5,1,1,5,5,0.429252305476791,0.570747694523209,1,1,0,1,-10.7313076369198,10.7313076369198,2721.87826734744,2792.83349441355,62,327,688,3048
88233,2010-01-25 00:00:00,EventStart_Fallback,117,Welsh Open,2009,2010-01-25 00:00:00,2010-01-31 00:00:00,2009-08-01 10:00:00,matches_2009_all.csv,16,Barry Hawkins,England,2,Stephen Maguire,Scotland,2,Stephen Maguire,Scotland,2,Stephen Maguire,Scotland,1,5,1,5,6,FALSE,FALSE,145,165,1270,1644,2726.11699785964,2787.29425224251,2665.51914316575,2658.75609493258,5,5,1,1,5,5,0.412857613477334,0.587142386522666,1,1,0.166666666666667,0.833333333333333,-7.38572840432003,7.38572840432003,2718.73126945532,2794.67998064683,146,166,1276,1650
88234,2010-01-25 00:00:00,EventStart_Fallback,117,Welsh Open,2009,2010-01-25 00:00:00,2010-01-31 00:00:00,2009-08-01 10:00:00,matches_2009_all.csv,5,Ronnie O'Sullivan,England,3,Jamie Cope,England,5,Ronnie O'Sullivan,England,5,Ronnie O'Sullivan,England,5,0,5,0,5,FALSE,FALSE,359,109,3720,849,2822.96131750536,2766.2712976256,2727.41414214416,2642.34302814736,5,5,1,1,5,5,0.580867112903912,0.419132887096088,1,1,1,0,10.4783221774022,-10.4783221774022,2833.43963968276,2755.7929754482,360,110,3725,854
88235,2010-01-25 00:00:00,EventStart_Fallback,117,Welsh Open,2009,2010-01-25 00:00:00,2010-01-31 00:00:00,2009-08-01 10:00:00,matches_2009_all.csv,202,Mark Allen,Northern Ireland,9,Matthew Stevens,Wales,202,Mark Allen,Northern Ireland,202,Mark Allen,Northern Ireland,5,2,5,2,7,FALSE,FALSE,129,217,982,2157,2757.87093518595,2729.11876115896,2685.54443253342,2721.75373792231,5,5,1,1,5,5,0.541283504786568,0.458716495213432,1,1,0.714285714285714,0.285714285714286,6.05507733247012,-6.05507733247012,2763.92601251842,2723.06368382649,130,218,989,2164
88236,2010-01-25 00:00:00,EventStart_Fallback,117,Welsh Open,2009,2010-01-25 00:00:00,2010-01-31 00:00:00,2009-08-01 10:00:00,matches_2009_all.csv,17,Mark Selby,England,28,Mark King,England,17,Mark Selby,England,17,Mark Selby,England,5,3,5,3,8,FALSE,FALSE,192,236,1673,1982,2809.77650044252,2727.54306660796,2694.53166694155,2650.41419841964,5,5,1,1,5,5,0.616181953809485,0.383818046190515,1,1,0.625,0.375,0.352721847620585,-0.352721847620585,2810.12922229014,2727.19034476034,193,237,1681,1990
88237,2010-01-25 00:00:00,EventStart_Fallback,117,Welsh Open,2009,2010-01-25 00:00:00,2010-01-31 00:00:00,2009-08-01 10:00:00,matches_2009_all.csv,52,Graeme Dott,Scotland,237,John Higgins,Scotland,237,John Higgins,Scotland,237,John Higgins,Scotland,1,5,1,5,6,FALSE,FALSE,190,402,1876,3808,2709.46218113118,2819.95363277675,2677.78458092588,2718.4454421435,5,5,1,1,5,5,0.346142267826048,0.653857732173953,1,1,0.166666666666667,0.833333333333333,-5.38426803478143,5.38426803478143,2704.0779130964,2825.33790081153,191,403,1882,3814
88242,2010-01-25 00:00:00,EventStart_Fallback,117,Welsh Open,2009,2010-01-25 00:00:00,2010-01-31 00:00:00,2009-08-01 10:00:00,matches_2009_all.csv,158,Ali Carter,England,68,Ryan Day,Wales,158,Ali Carter,England,158,Ali Carter,England,5,2,5,2,7,FALSE,FALSE,250,172,1931,1561,2755.76640240717,2743.55604960091,2654.01094991334,2657.71749328838,5,5,1,1,5,5,0.517564879259503,0.482435120740497,1,1,0.714285714285714,0.285714285714286,6.88522922591741,-6.88522922591741,2762.65163163309,2736.67082037499,251,173,1938,1568
88243,2010-01-25 00:00:00,EventStart_Fallback,117,Welsh Open,2009,2010-01-25 00:00:00,2010-01-31 00:00:00,2009-08-01 10:00:00,matches_2009_all.csv,1,Mark J Williams,Wales,2,Stephen Maguire,Scotland,2,Stephen Maguire,Scotland,2,Stephen Maguire,Scotland,1,5,1,5,6,FALSE,FALSE,327,166,3048,1650,2792.83349441355,2794.67998064683,2646.42906931203,2658.75609493258,5,5,1,1,5,5,0.497342717721401,0.502657282278599,1,1,0.166666666666667,0.833333333333333,-9.92028153164204,9.92028153164203,2782.91321288191,2804.60026217847,328,167,3054,1656
88244,2010-01-25 00:00:00,EventStart_Fallback,117,Welsh Open,2009,2010-01-25 00:00:00,2010-01-31 00:00:00,2009-08-01 10:00:00,matches_2009_all.csv,5,Ronnie O'Sullivan,England,202,Mark Allen,Northern Ireland,5,Ronnie O'Sullivan,England,5,Ronnie O'Sullivan,England,5,2,5,2,7,FALSE,FALSE,360,130,3725,989,2833.43963968276,2763.92601251842,2727.41414214416,2685.54443253342,5,5,1,1,5,5,0.598724324352237,0.401275675647763,1,1,0.714285714285714,0.285714285714286,4.04464864767169,-4.04464864767169,2837.48428833044,2759.88136387075,361,131,3732,996
88245,2010-01-25 00:00:00,EventStart_Fallback,117,Welsh Open,2009,2010-01-25 00:00:00,2010-01-31 00:00:00,2009-08-01 10:00:00,matches_2009_all.csv,17,Mark Selby,England,237,John Higgins,Scotland,237,John Higgins,Scotland,237,John Higgins,Scotland,2,5,2,5,7,FALSE,FALSE,193,403,1681,3814,2810.12922229014,2825.33790081153,2694.53166694155,2718.4454421435,5,5,1,1,5,5,0.47812692129219,0.52187307870781,1,1,0.285714285714286,0.714285714285714,-6.73444224522666,6.73444224522666,2803.39478004491,2832.07234305676,194,404,1688,3821
88248,2010-01-25 00:00:00,EventStart_Fallback,117,Welsh Open,2009,2010-01-25 00:00:00,2010-01-31 00:00:00,2009-08-01 10:00:00,matches_2009_all.csv,158,Ali Carter,England,2,Stephen Maguire,Scotland,158,Ali Carter,England,158,Ali Carter,England,6,3,6,3,9,FALSE,FALSE,251,167,1938,1656,2762.65163163309,2804.60026217847,2654.01094991334,2658.75609493258,5,5,1,1,5,5,0.439922712773854,0.560077287226147,1,1,0.666666666666667,0.333333333333333,10.2034779251766,-10.2034779251766,2772.85510955827,2794.39678425329,252,168,1947,1665
88249,2010-01-25 00:00:00,EventStart_Fallback,117,Welsh Open,2009,2010-01-25 00:00:00,2010-01-31 00:00:00,2009-08-01 10:00:00,matches_2009_all.csv,5,Ronnie O'Sullivan,England,237,John Higgins,Scotland,237,John Higgins,Scotland,237,John Higgins,Scotland,4,6,4,6,10,FALSE,FALSE,361,404,3732,3821,2837.48428833044,2832.07234305676,2727.41414214416,2718.4454421435,5,5,1,1,5,5,0.507787785459733,0.492212214540267,1,1,0.4,0.6,-5.38938927298664,5.38938927298664,2832.09489905745,2837.46173232975,362,405,3742,3831
88251,2010-01-25 00:00:00,EventStart_Fallback,117,Welsh Open,2009,2010-01-25 00:00:00,2010-01-31 00:00:00,2009-08-01 10:00:00,matches_2009_all.csv,158,Ali Carter,England,237,John Higgins,Scotland,237,John Higgins,Scotland,237,John Higgins,Scotland,4,9,4,9,13,FALSE,FALSE,252,405,1947,3831,2772.85510955827,2837.46173232975,2654.01094991334,2718.4454421435,5,5,1,1,5,5,0.408080637874445,0.591919362125555,1,1,0.307692307692308,0.692307692307692,-6.5252414618389,6.5252414618389,2766.32986809643,2843.98697379159,253,406,1960,3844
88318,2010-02-02 00:00:00,EventStart_Fallback,120,China Open Qualifiers,2009,2010-02-02 00:00:00,2010-02-05 00:00:00,2009-08-01 10:00:00,matches_2009_all.csv,474,Atthasit Mahitthi,Thailand,171,Michael White,Wales,171,Michael White,Wales,171,Michael White,Wales,4,5,4,5,9,FALSE,FALSE,29,12,274,131,2629.19070636106,2664.51576335713,2617.91989712206,2652.5398561384,5,5,1,1,5,5,0.449337611077582,0.550662388922418,1,1,0.444444444444444,0.555555555555556,-0.220192498491185,0.22019249849119,2628.97051386257,2664.73595585562,30,13,283,140
88319,2010-02-02 00:00:00,EventStart_Fallback,120,China Open Qualifiers,2009,2010-02-02 00:00:00,2010-02-05 00:00:00,2009-08-01 10:00:00,matches_2009_all.csv,69,Chris Norbury,England,81,Zhang Anda,China,69,Chris Norbury,England,69,Chris Norbury,England,5,4,5,4,9,FALSE,FALSE,11,11,105,81,2564.88362184631,2615.41448124271,2579.10098511936,2636.30090425438,5,5,1,1,5,5,0.427788684754206,0.572211315245794,1,1,0.555555555555556,0.444444444444444,5.74950918606072,-5.74950918606072,2570.63313103237,2609.66497205665,12,12,114,90
88320,2010-02-02 00:00:00,EventStart_Fallback,120,China Open Qualifiers,2009,2010-02-02 00:00:00,2010-02-05 00:00:00,2009-08-01 10:00:00,matches_2009_all.csv,19,Ben Woollaston,England,60,Andrew Norman,England,19,Ben Woollaston,England,19,Ben Woollaston,England,5,0,5,0,5,FALSE,FALSE,27,60,238,563,2604.77775568567,2598.17611616982,2581.46877982197,2652.53313967996,5,5,1,1,5,5,0.509499379771198,0.490500620228802,1,1,1,0,12.2625155057201,-12.2625155057201,2617.04027119139,2585.9136006641,28,61,243,568
88321,2010-02-02 00:00:00,EventStart_Fallback,120,China Open Qualifiers,2009,2010-02-02 00:00:00,2010-02-05 00:00:00,2009-08-01 10:00:00,matches_2009_all.csv,47,Matthew Selt,England,476,Mark Boyle,Scotland,47,Matthew Selt,England,47,Matthew Selt,England,5,2,5,2,7,FALSE,FALSE,29,5,283,48,2687.17021963507,2578.4321144701,2633.16114797825,2600,5,5,1,1,5,5,0.651569855616571,0.348430144383429,1,1,0.714285714285714,0.285714285714286,2.19505505342002,-2.19505505342002,2689.36527468849,2576.23705941668,30,6,290,55
88322,2010-02-02 00:00:00,EventStart_Fallback,120,China Open Qualifiers,2009,2010-02-02 00:00:00,2010-02-05 00:00:00,2009-08-01 10:00:00,matches_2009_all.csv,478,Noppadol Sangnil,Thailand,306,Mei Xiwen,China,306,Mei Xiwen,China,306,Mei Xiwen,China,4,5,4,5,9,FALSE,FALSE,9,5,89,39,2609.60817763717,2609.72959260354,2600,2634.45561448144,5,5,1,1,5,5,0.499825269824852,0.500174730175148,1,1,0.444444444444444,0.555555555555556,-2.49213714211833,2.49213714211833,2607.11604049505,2612.22172974565,10,6,98,48
88323,2010-02-02 00:00:00,EventStart_Fallback,120,China Open Qualifiers,2009,2010-02-02 00:00:00,2010-02-05 00:00:00,2009-08-01 10:00:00,matches_2009_all.csv,32,Daniel Wells,Wales,7,Joe Jogia,England,7,Joe Jogia,England,7,Joe Jogia,England,3,5,3,5,8,FALSE,FALSE,13,42,157,469,2646.28611392323,2611.71266205569,2629.1957811392,2606.88305733108,5,5,1,1,5,5,0.54959161410999,0.45040838589001,1,1,0.375,0.625,-6.98366456439959,6.98366456439959,2639.30244935883,2618.69632662009,14,43,165,477
88324,2010-02-02 00:00:00,EventStart_Fallback,120,China Open Qualifiers,2009,2010-02-02 00:00:00,2010-02-05 00:00:00,2009-08-01 10:00:00,matches_2009_all.csv,56,Patrick Wallace,Northern Ireland,473,Brendan O'Donoghue,Ireland,56,Patrick Wallace,Northern Ireland,56,Patrick Wallace,Northern Ireland,5,2,5,2,7,FALSE,FALSE,69,6,750,56,2688.13725103592,2598.3339011329,2661.4666052822,2600,5,5,1,1,5,5,0.626434213219545,0.373565786780456,1,1,0.714285714285714,0.285714285714286,3.07480253731594,-3.07480253731594,2691.21205357324,2595.25909859559,70,7,757,63
88325,2010-02-02 00:00:00,EventStart_Fallback,120,China Open Qualifiers,2009,2010-02-02 00:00:00,2010-02-05 00:00:00,2009-08-01 10:00:00,matches_2009_all.csv,99,Lee Spick,England,475,Ian Preece,Wales,475,Ian Preece,Wales,475,Ian Preece,Wales,3,5,3,5,8,FALSE,FALSE,37,21,477,264,2673.86017479875,2596.82862510825,2648.63395658008,2611.63247026104,5,5,1,1,5,5,0.609075847147912,0.390924152852088,1,1,0.375,0.625,-9.36303388591647,9.36303388591647,2664.49714091284,2606.19165899417,38,22,485,272
88326,2010-02-02 00:00:00,EventStart_Fallback,120,China Open Qualifiers,2009,2010-02-02 00:00:00,2010-02-05 00:00:00,2009-08-01 10:00:00,matches_2009_all.csv,24,Xiao Guodong,China,58,Jordan Brown,Northern Ireland,24,Xiao Guodong,China,24,Xiao Guodong,China,5,3,5,3,8,FALSE,FALSE,19,6,173,60,2659.71682879075,2638.45218163909,2639.14832151539,2646.71721047331,5,5,1,1,5,5,0.530564132326989,0.469435867673011,1,1,0.625,0.375,3.77743470692044,-3.77743470692044,2663.49426349767,2634.67474693217,20,7,181,68
88327,2010-02-02 00:00:00,EventStart_Fallback,120,China Open Qualifiers,2009,2010-02-02 00:00:00,2010-02-05 00:00:00,2009-08-01 10:00:00,matches_2009_all.csv,119,Simon Bedford,England,193,James Wattana,Thailand,193,James Wattana,Thailand,193,James Wattana,Thailand,1,5,1,5,6,FALSE,FALSE,62,238,698,2262,2691.90507433182,2674.89511185872,2690.48946544146,2698.82987360658,5,5,1,1,5,5,0.524459763981478,0.475540236018522,1,1,0.166666666666667,0.833333333333333,-10.7337929194443,10.7337929194443,2681.17128141238,2685.62890477816,63,239,704,2268
88328,2010-02-02 00:00:00,EventStart_Fallback,120,China Open Qualifiers,2009,2010-02-02 00:00:00,2010-02-05 00:00:00,2009-08-01 10:00:00,matches_2009_all.csv,197,Lee Page,England,41,Tony Drago,Malta,41,Tony Drago,Malta,41,Tony Drago,Malta,2,5,2,5,7,FALSE,FALSE,7,191,63,1703,2588.99075283726,2702.70837449616,2605.11996469895,2646.0756082668,5,5,1,1,5,5,0.341951156071442,0.658048843928559,1,1,0.285714285714286,0.714285714285714,-1.96829046250045,1.96829046250045,2587.02246237476,2704.67666495866,8,192,70,1710
88329,2010-02-02 00:00:00,EventStart_Fallback,120,China Open Qualifiers,2009,2010-02-02 00:00:00,2010-02-05 00:00:00,2009-08-01 10:00:00,matches_2009_all.csv,410,Stephen Rowlings,England,93,Jimmy Robertson,England,93,Jimmy Robertson,England,93,Jimmy Robertson,England,4,5,4,5,9,FALSE,FALSE,6,16,55,160,2609.06636959654,2643.33733059523,2600,2627.98344251577,5,5,1,1,5,5,0.450839459986257,0.549160540013743,1,1,0.444444444444444,0.555555555555556,-0.287775699381583,0.287775699381578,2608.77859389716,2643.62510629461,7,17,64,169
88330,2010-02-02 00:00:00,EventStart_Fallback,120,China Open Qualifiers,2009,2010-02-02 00:00:00,2010-02-05 00:00:00,2009-08-01 10:00:00,matches_2009_all.csv,295,Li Hang,China,130,David Gray,England,130,David Gray,England,130,David Gray,England,0,5,0,5,5,FALSE,FALSE,16,108,151,1085,2645.97856991308,2660.59430331752,2627.4398700366,2659.49561198169,5,5,1,1,5,5,0.478978667658094,0.521021332341906,1,1,0,1,-11.9744666914524,11.9744666914524,2634.00410322163,2672.56877000897,17,109,156,1090
88331,2010-02-02 00:00:00,EventStart_Fallback,120,China Open Qualifiers,2009,2010-02-02 00:00:00,2010-02-05 00:00:00,2009-08-01 10:00:00,matches_2009_all.csv,64,Bjorn Haneveer,Belgium,217,Thepchaiya Un-Nooh,Thailand,64,Bjorn Haneveer,Belgium,64,Bjorn Haneveer,Belgium,5,4,5,4,9,FALSE,FALSE,58,15,604,142,2654.19417083509,2651.12518956057,2680.31898758155,2645.68876620426,5,5,1,1,5,5,0.504416504216437,0.495583495783563,1,1,0.555555555555556,0.444444444444444,2.30125731026035,-2.30125731026035,2656.49542814535,2648.82393225031,59,16,613,151
88332,2010-02-02 00:00:00,EventStart_Fallback,120,China Open Qualifiers,2009,2010-02-02 00:00:00,2010-02-05 00:00:00,2009-08-01 10:00:00,matches_2009_all.csv,29,Matthew Couch,England,477,David Hogan,Ireland,29,Matthew Couch,England,29,Matthew Couch,England,5,3,5,3,8,FALSE,FALSE,54,5,639,58,2624.71201685206,2591.75211591323,2633.41811665594,2579.460545201,5,5,1,1,5,5,0.547291327724115,0.452708672275885,1,1,0.625,0.375,3.10834689103539,-3.10834689103539,2627.8203637431,2588.6437690222,55,6,647,66
88333,2010-02-02 00:00:00,EventStart_Fallback,120,China Open Qualifiers,2009,2010-02-02 00:00:00,2010-02-05 00:00:00,2009-08-01 10:00:00,matches_2009_all.csv,131,Craig Steadman,England,76,Sam Baird,England,76,Sam Baird,England,76,Sam Baird,England,3,5,3,5,8,FALSE,FALSE,12,5,139,54,2645.29605212909,2624.76698287101,2613.44142902294,2628.96809627591,5,5,1,1,5,5,0.529509371279372,0.470490628720629,1,1,0.375,0.625,-6.18037485117486,6.18037485117486,2639.11567727792,2630.94735772218,13,6,147,62
88334,2010-02-02 00:00:00,EventStart_Fallback,120,China Open Qualifiers,2009,2010-02-02 00:00:00,2010-02-05 00:00:00,2009-08-01 10:00:00,matches_2009_all.csv,8,Tom Ford,England,171,Michael White,Wales,8,Tom Ford,England,8,Tom Ford,England,5,0,5,0,5,FALSE,FALSE,78,13,780,140,2701.01799948496,2664.73595585562,2674.83174745156,2652.5398561384,5,5,1,1,5,5,0.552025080170189,0.447974919829811,1,1,1,0,11.1993729957453,-11.1993729957453,2712.21737248071,2653.53658285987,79,14,785,145
88335,2010-02-02 00:00:00,EventStart_Fallback,120,China Open Qualifiers,2009,2010-02-02 00:00:00,2010-02-05 00:00:00,2009-08-01 10:00:00,matches_2009_all.csv,190,David Morris,Ireland,69,Chris Norbury,England,69,Chris Norbury,England,69,Chris Norbury,England,3,5,3,5,8,FALSE,FALSE,13,12,151,114,2654.89676676502,2570.63313103237,2631.22935466077,2579.10098511936,5,5,1,1,5,5,0.618942118995126,0.381057881004874,1,1,0.375,0.625,-9.75768475980504,9.75768475980504,2645.13908200521,2580.39081579218,14,13,159,122
88336,2010-02-02 00:00:00,EventStart_Fallback,120,China Open Qualifiers,2009,2010-02-02 00:00:00,2010-02-05 00:00:00,2009-08-01 10:00:00,matches_2009_all.csv,51,Andy Hicks,England,19,Ben Woollaston,England,51,Andy Hicks,England,51,Andy Hicks,England,5,1,5,1,6,FALSE,FALSE,135,28,1467,243,2677.98068260961,2617.04027119139,2680.11629308963,2581.46877982197,5,5,1,1,5,5,0.586811856090831,0.413188143909169,1,1,0.833333333333333,0.166666666666667,7.39564431727507,-7.39564431727507,2685.37632692689,2609.64462687412,136,29,1473,249
88337,2010-02-02 00:00:00,EventStart_Fallback,120,China Open Qualifiers,2009,2010-02-02 00:00:00,2010-02-05 00:00:00,2009-08-01 10:00:00,matches_2009_all.csv,177,Rod Lawler,England,47,Matthew Selt,England,177,Rod Lawler,England,177,Rod Lawler,England,5,4,5,4,9,FALSE,FALSE,109,30,1170,290,2639.2841848786,2689.36527468849,2667.58763048803,2633.16114797825,5,5,1,1,5,5,0.428422572677986,0.571577427322014,1,1,0.555555555555556,0.444444444444444,5.72098422949064,-5.72098422949063,2645.00516910809,2683.644290459,110,31,1179,299
88338,2010-02-02 00:00:00,EventStart_Fallback,120,China Open Qualifiers,2009,2010-02-02 00:00:00,2010-02-05 00:00:00,2009-08-01 10:00:00,matches_2009_all.csv,92,Robert Milkins,England,306,Mei Xiwen,China,92,Robert Milkins,England,92,Robert Milkins,England,5,1,5,1,6,FALSE,FALSE,94,6,954,48,2727.74559834305,2612.22172974565,2634.99768407562,2634.45561448144,5,5,1,1,5,5,0.660384656651516,0.339615343348484,1,1,0.833333333333333,0.166666666666667,5.18846030045451,-5.18846030045451,2732.9340586435,2607.0332694452,95,7,960,54
88339,2010-02-02 00:00:00,EventStart_Fallback,120,China Open Qualifiers,2009,2010-02-02 00:00:00,2010-02-05 00:00:00,2009-08-01 10:00:00,matches_2009_all.csv,37,Peter Lines,England,7,Joe Jogia,England,7,Joe Jogia,England,7,Joe Jogia,England,4,5,4,5,9,FALSE,FALSE,63,43,707,477,2691.22612474912,2618.69632662009,2623.24680930579,2606.88305733108,5,5,1,1,5,5,0.602888477677519,0.397111522322481,1,1,0.444444444444444,0.555555555555556,-7.12998149548835,7.12998149548835,2684.09614325364,2625.82630811558,64,44,716,486
88340,2010-02-02 00:00:00,EventStart_Fallback,120,China Open Qualifiers,2009,2010-02-02 00:00:00,2010-02-05 00:00:00,2009-08-01 10:00:00,matches_2009_all.csv,118,David Gilbert,England,56,Patrick Wallace,Northern Ireland,118,David Gilbert,England,118,David Gilbert,England,5,1,5,1,6,FALSE,FALSE,46,70,497,757,2683.71513297459,2691.21205357324,2640.13548987234,2661.4666052822,5,5,1,1,5,5,0.489212738138845,0.510787261861155,1,1,0.833333333333333,0.166666666666667,10.3236178558347,-10.3236178558347,2694.03875083042,2680.8884357174,47,71,503,763
88341,2010-02-02 00:00:00,EventStart_Fallback,120,China Open Qualifiers,2009,2010-02-02 00:00:00,2010-02-05 00:00:00,2009-08-01 10:00:00,matches_2009_all.csv,48,Mark Joyce,England,475,Ian Preece,Wales,48,Mark Joyce,England,48,Mark Joyce,England,5,4,5,4,9,FALSE,FALSE,20,22,207,272,2638.84652284974,2606.19165899417,2604.16209010068,2611.63247026104,5,5,1,1,5,5,0.546856235149662,0.453143764850338,1,1,0.555555555555556,0.444444444444444,0.391469418265227,-0.391469418265227,2639.23799226801,2605.8001895759,21,23,216,281
88342,2010-02-02 00:00:00,EventStart_Fallback,120,China Open Qualifiers,2009,2010-02-02 00:00:00,2010-02-05 00:00:00,2009-08-01 10:00:00,matches_2009_all.csv,20,Jimmy White,England,24,Xiao Guodong,China,24,Xiao Guodong,China,24,Xiao Guodong,China,4,5,4,5,9,FALSE,FALSE,384,20,4153,181,2694.65124449517,2663.49426349767,2664.00730147513,2639.14832151539,5,5,1,1,5,5,0.544718688845129,0.455281311154871,1,1,0.444444444444444,0.555555555555556,-4.51234099803079,4.51234099803079,2690.13890349714,2668.0066044957,385,21,4162,190
88343,2010-02-02 00:00:00,EventStart_Fallback,120,China Open Qualifiers,2009,2010-02-02 00:00:00,2010-02-05 00:00:00,2009-08-01 10:00:00,matches_2009_all.csv,194,Joe Delaney,Ireland,193,James Wattana,Thailand,193,James Wattana,Thailand,193,James Wattana,Thailand,0,5,0,5,5,FALSE,FALSE,54,239,646,2268,2618.51032645303,2685.62890477816,2635.47991107009,2698.82987360658,5,5,1,1,5,5,0.404592515069272,0.595407484930728,1,1,0,1,-10.1148128767318,10.1148128767318,2608.3955135763,2695.7437176549,55,240,651,2273
88344,2010-02-02 00:00:00,EventStart_Fallback,120,China Open Qualifiers,2009,2010-02-02 00:00:00,2010-02-05 00:00:00,2009-08-01 10:00:00,matches_2009_all.csv,408,John Parrott,England,41,Tony Drago,Malta,41,Tony Drago,Malta,41,Tony Drago,Malta,2,5,2,5,7,FALSE,FALSE,321,192,3323,1710,2655.00026123634,2704.67666495866,2675.90153149846,2646.0756082668,5,5,1,1,5,5,0.428993122548883,0.571006877451117,1,1,0.285714285714286,0.714285714285714,-5.0147592892109,5.0147592892109,2649.98550194713,2709.69142424787,322,193,3330,1717
88345,2010-02-02 00:00:00,EventStart_Fallback,120,China Open Qualifiers,2009,2010-02-02 00:00:00,2010-02-05 00:00:00,2009-08-01 10:00:00,matches_2009_all.csv,283,Jin Long,China,93,Jimmy Robertson,England,93,Jimmy Robertson,England,93,Jimmy Robertson,England,2,5,2,5,7,FALSE,FALSE,25,17,259,169,2623.78873343445,2643.62510629461,2596.4259600223,2627.98344251577,5,5,1,1,5,5,0.471484142248522,0.528515857751478,1,1,0.285714285714286,0.714285714285714,-6.50194497869827,6.50194497869827,2617.28678845575,2650.12705127331,26,18,266,176
88346,2010-02-02 00:00:00,EventStart_Fallback,120,China Open Qualifiers,2009,2010-02-02 00:00:00,2010-02-05 00:00:00,2009-08-01 10:00:00,matches_2009_all.csv,6,Barry Pinches,England,130,David Gray,England,6,Barry Pinches,England,6,Barry Pinches,England,5,1,5,1,6,FALSE,FALSE,105,109,1212,1090,2693.60581550194,2672.56877000897,2612.15840316556,2659.49561198169,5,5,1,1,5,5,0.530237798115542,0.469762201884458,1,1,0.833333333333333,0.166666666666667,9.09286605653375,-9.09286605653375,2702.69868155847,2663.47590395244,106,110,1218,1096
88347,2010-02-02 00:00:00,EventStart_Fallback,120,China Open Qualifiers,2009,2010-02-02 00:00:00,2010-02-05 00:00:00,2009-08-01 10:00:00,matches_2009_all.csv,409,David Roe,England,64,Bjorn Haneveer,Belgium,64,Bjorn Haneveer,Belgium,64,Bjorn Haneveer,Belgium,4,5,4,5,9,FALSE,FALSE,133,59,1319,613,2635.74778443822,2656.49542814535,2606.77267937865,2680.31898758155,5,5,1,1,5,5,0.470177182140414,0.529822817859586,1,1,0.444444444444444,0.555555555555556,-1.15797319631863,1.15797319631863,2634.58981124191,2657.65340134167,134,60,1328,622
88348,2010-02-02 00:00:00,EventStart_Fallback,120,China Open Qualifiers,2009,2010-02-02 00:00:00,2010-02-05 00:00:00,2009-08-01 10:00:00,matches_2009_all.csv,173,Paul Davies,Wales,29,Matthew Couch,England,29,Matthew Couch,England,29,Matthew Couch,England,2,5,2,5,7,FALSE,FALSE,98,55,1015,647,2629.30006156293,2627.8203637431,2636.94453942695,2633.41811665594,5,5,1,1,5,5,0.502129443463962,0.497870556536038,1,1,0.285714285714286,0.714285714285714,-7.57453052123868,7.57453052123868,2621.72553104169,2635.39489426434,99,56,1022,654
88349,2010-02-02 00:00:00,EventStart_Fallback,120,China Open Qualifiers,2009,2010-02-02 00:00:00,2010-02-05 00:00:00,2009-08-01 10:00:00,matches_2009_all.csv,46,Liu Song,China,76,Sam Baird,England,76,Sam Baird,England,76,Sam Baird,England,2,5,2,5,7,FALSE,FALSE,31,6,322,62,2661.96742481574,2630.94735772218,2644.26678493922,2628.96809627591,5,5,1,1,5,5,0.544523223111046,0.455476776888954,1,1,0.285714285714286,0.714285714285714,-9.0583128088866,9.0583128088866,2652.90911200686,2640.00567053107,32,7,329,69
88350,2010-02-02 00:00:00,EventStart_Fallback,120,China Open Qualifiers,2009,2010-02-02 00:00:00,2010-02-05 00:00:00,2009-08-01 10:00:00,matches_2009_all.csv,36,Jimmy Michie,England,8,Tom Ford,England,8,Tom Ford,England,8,Tom Ford,England,2,5,2,5,7,FALSE,FALSE,98,79,989,785,2643.66556054784,2712.21737248071,2643.16985781038,2674.83174745156,5,5,1,1,5,5,0.402606600167649,0.597393399832351,1,1,0.285714285714286,0.714285714285714,-4.0912310058677,4.0912310058677,2639.57432954197,2716.30860348658,99,80,996,792
88351,2010-02-02 00:00:00,EventStart_Fallback,120,China Open Qualifiers,2009,2010-02-02 00:00:00,2010-02-05 00:00:00,2009-08-01 10:00:00,matches_2009_all.csv,54,Mike Dunn,England,69,Chris Norbury,England,54,Mike Dunn,England,54,Mike Dunn,England,5,3,5,3,8,FALSE,FALSE,77,13,801,122,2687.76061626826,2580.39081579218,2619.6673945167,2579.10098511936,5,5,1,1,5,5,0.649779531081667,0.350220468918333,1,1,0.625,0.375,-0.991181243266661,0.991181243266661,2686.769435025,2581.38199703545,78,14,809,130
88352,2010-02-02 00:00:00,EventStart_Fallback,120,China Open Qualifiers,2009,2010-02-02 00:00:00,2010-02-05 00:00:00,2009-08-01 10:00:00,matches_2009_all.csv,204,Michael Judge,Ireland,51,Andy Hicks,England,204,Michael Judge,Ireland,204,Michael Judge,Ireland,5,1,5,1,6,FALSE,FALSE,120,136,1232,1473,2693.47440115155,2685.37632692689,2663.8676581939,2680.11629308963,5,5,1,1,5,5,0.51165195564752,0.48834804435248,1,1,0.833333333333333,0.166666666666667,9.65044133057439,-9.65044133057439,2703.12484248213,2675.72588559631,121,137,1238,1479
88353,2010-02-02 00:00:00,EventStart_Fallback,120,China Open Qualifiers,2009,2010-02-02 00:00:00,2010-02-05 00:00:00,2009-08-01 10:00:00,matches_2009_all.csv,33,Dominic Dale,Wales,177,Rod Lawler,England,177,Rod Lawler,England,177,Rod Lawler,England,3,5,3,5,8,FALSE,FALSE,151,110,1414,1179,2706.9243139367,2645.00516910809,2644.85583858459,2667.58763048803,5,5,1,1,5,5,0.588177235445775,0.411822764554225,1,1,0.375,0.625,-8.527089417831,8.527089417831,2698.39722451887,2653.53225852592,152,111,1422,1187
88354,2010-02-02 00:00:00,EventStart_Fallback,120,China Open Qualifiers,2009,2010-02-02 00:00:00,2010-02-05 00:00:00,2009-08-01 10:00:00,matches_2009_all.csv,11,Marcus Campbell,Scotland,92,Robert Milkins,England,92,Robert Milkins,England,92,Robert Milkins,England,0,5,0,5,5,FALSE,FALSE,94,95,959,960,2696.92707320607,2732.9340586435,2640.66687405255,2634.99768407562,5,5,1,1,5,5,0.448366507020161,0.551633492979839,1,1,0,1,-11.209162675504,11.209162675504,2685.71791053057,2744.14322131901,95,96,964,965
88355,2010-02-02 00:00:00,EventStart_Fallback,120,China Open Qualifiers,2009,2010-02-02 00:00:00,2010-02-05 00:00:00,2009-08-01 10:00:00,matches_2009_all.csv,25,Andrew Higginson,England,7,Joe Jogia,England,25,Andrew Higginson,England,25,Andrew Higginson,England,5,0,5,0,5,FALSE,FALSE,62,44,688,486,2721.87826734744,2625.82630811558,2645.58210388717,2606.88305733108,5,5,1,1,5,5,0.634812677187832,0.365187322812168,1,1,1,0,9.12968307030419,-9.12968307030419,2731.00795041774,2616.69662504527,63,45,693,491
88356,2010-02-02 00:00:00,EventStart_Fallback,120,China Open Qualifiers,2009,2010-02-02 00:00:00,2010-02-05 00:00:00,2009-08-01 10:00:00,matches_2009_all.csv,170,Ken Doherty,Ireland,118,David Gilbert,England,170,Ken Doherty,Ireland,170,Ken Doherty,Ireland,5,0,5,0,5,FALSE,FALSE,369,47,3428,503,2718.63110761444,2694.03875083042,2703.13268866811,2640.13548987234,5,5,1,1,5,5,0.535332259260001,0.464667740739999,1,1,1,0,11.6166935185,-11.6166935185,2730.24780113294,2682.42205731192,370,48,3433,508
88357,2010-02-02 00:00:00,EventStart_Fallback,120,China Open Qualifiers,2009,2010-02-02 00:00:00,2010-02-05 00:00:00,2009-08-01 10:00:00,matches_2009_all.csv,44,Alan McManus,Scotland,48,Mark Joyce,England,44,Alan McManus,Scotland,44,Alan McManus,Scotland,5,1,5,1,6,FALSE,FALSE,271,21,2673,216,2679.38248271876,2639.23799226801,2687.86905897808,2604.16209010068,5,5,1,1,5,5,0.557516830444361,0.442483169555639,1,1,0.833333333333333,0.166666666666667,8.27449508666917,-8.27449508666917,2687.65697780543,2630.96349718134,272,22,2679,222
88358,2010-02-02 00:00:00,EventStart_Fallback,120,China Open Qualifiers,2009,2010-02-02 00:00:00,2010-02-05 00:00:00,2009-08-01 10:00:00,matches_2009_all.csv,15,Mark Davis,England,24,Xiao Guodong,China,15,Mark Davis,England,15,Mark Davis,England,5,3,5,3,8,FALSE,FALSE,111,21,1181,190,2703.20167401331,2668.0066044957,2700.48212788131,2639.14832151539,5,5,1,1,5,5,0.55047723545615,0.44952276454385,1,1,0.625,0.375,2.98091058175402,-2.98091058175402,2706.18258459506,2665.02569391394,112,22,1189,198
88359,2010-02-02 00:00:00,EventStart_Fallback,120,China Open Qualifiers,2009,2010-02-02 00:00:00,2010-02-05 00:00:00,2009-08-01 10:00:00,matches_2009_all.csv,27,Martin Gould,England,193,James Wattana,Thailand,193,James Wattana,Thailand,193,James Wattana,Thailand,2,5,2,5,7,FALSE,FALSE,32,240,381,2273,2689.04206118707,2695.7437176549,2650.46999447596,2698.82987360658,5,5,1,1,5,5,0.490356737009631,0.50964326299037,1,1,0.285714285714286,0.714285714285714,-7.16248579533707,7.16248579533707,2681.87957539173,2702.90620345023,33,241,388,2280
88360,2010-02-02 00:00:00,EventStart_Fallback,120,China Open Qualifiers,2009,2010-02-02 00:00:00,2010-02-05 00:00:00,2009-08-01 10:00:00,matches_2009_all.csv,115,Anthony Hamilton,England,41,Tony Drago,Malta,41,Tony Drago,Malta,41,Tony Drago,Malta,4,5,4,5,9,FALSE,FALSE,217,193,2014,1717,2700.74087716748,2709.69142424787,2624.04111595839,2646.0756082668,5,5,1,1,5,5,0.487121976106795,0.512878023893205,1,1,0.444444444444444,0.555555555555556,-1.92048892480575,1.92048892480575,2698.82038824267,2711.61191317268,218,194,2023,1726
88361,2010-02-02 00:00:00,EventStart_Fallback,120,China Open Qualifiers,2009,2010-02-02 00:00:00,2010-02-05 00:00:00,2009-08-01 10:00:00,matches_2009_all.csv,50,Rory McLeod,Jamaica,93,Jimmy Robertson,England,50,Rory McLeod,Jamaica,50,Rory McLeod,Jamaica,5,1,5,1,6,FALSE,FALSE,69,18,753,176,2705.54432564894,2650.12705127331,2616.03689043853,2627.98344251577,5,5,1,1,5,5,0.579082347096688,0.420917652903312,1,1,0.833333333333333,0.166666666666667,7.62752958709936,-7.62752958709936,2713.17185523604,2642.49952168621,70,19,759,182
88362,2010-02-02 00:00:00,EventStart_Fallback,120,China Open Qualifiers,2009,2010-02-02 00:00:00,2010-02-05 00:00:00,2009-08-01 10:00:00,matches_2009_all.csv,55,Adrian Gunnell,England,6,Barry Pinches,England,55,Adrian Gunnell,England,55,Adrian Gunnell,England,5,4,5,4,9,FALSE,FALSE,80,106,779,1218,2641.93688801402,2702.69868155847,2613.08503849781,2612.15840316556,5,5,1,1,5,5,0.413437469049801,0.586562530950199,1,1,0.555555555555556,0.444444444444444,6.39531389275895,-6.39531389275895,2648.33220190678,2696.30336766572,81,107,788,1227
88363,2010-02-02 00:00:00,EventStart_Fallback,120,China Open Qualifiers,2009,2010-02-02 00:00:00,2010-02-05 00:00:00,2009-08-01 10:00:00,matches_2009_all.csv,179,Stuart Pettman,England,64,Bjorn Haneveer,Belgium,64,Bjorn Haneveer,Belgium,64,Bjorn Haneveer,Belgium,2,5,2,5,7,FALSE,FALSE,87,60,866,622,2700.92782600176,2657.65340134167,2605.0243192208,2680.31898758155,5,5,1,1,5,5,0.561956841813849,0.438043158186151,1,1,0.285714285714286,0.714285714285714,-9.66848946348471,9.66848946348471,2691.25933653827,2667.32189080515,88,61,873,629
88364,2010-02-02 00:00:00,EventStart_Fallback,120,China Open Qualifiers,2009,2010-02-02 00:00:00,2010-02-05 00:00:00,2009-08-01 10:00:00,matches_2009_all.csv,53,Jamie Burnett,Scotland,29,Matthew Couch,England,53,Jamie Burnett,Scotland,53,Jamie Burnett,Scotland,5,1,5,1,6,FALSE,FALSE,97,56,994,654,2687.1918611726,2635.39489426434,2672.6417365714,2633.41811665594,5,5,1,1,5,5,0.573994439420254,0.426005560579746,1,1,0.833333333333333,0.166666666666667,7.78016681739239,-7.78016681739239,2694.97202799,2627.61472744694,98,57,1000,660
88365,2010-02-02 00:00:00,EventStart_Fallback,120,China Open Qualifiers,2009,2010-02-02 00:00:00,2010-02-05 00:00:00,2009-08-01 10:00:00,matches_2009_all.csv,103,Ian McCulloch,England,76,Sam Baird,England,76,Sam Baird,England,76,Sam Baird,England,1,5,1,5,6,FALSE,FALSE,131,7,1391,69,2672.26282890055,2640.00567053107,2646.80283604278,2628.96809627591,5,5,1,1,5,5,0.546288856673875,0.453711143326125,1,1,0.166666666666667,0.833333333333333,-11.3886657002162,11.3886657002162,2660.87416320033,2651.39433623129,132,8,1397,75
88366,2010-02-02 00:00:00,EventStart_Fallback,120,China Open Qualifiers,2009,2010-02-02 00:00:00,2010-02-05 00:00:00,2009-08-01 10:00:00,matches_2009_all.csv,12,Judd Trump,England,8,Tom Ford,England,12,Judd Trump,England,12,Judd Trump,England,5,1,5,1,6,FALSE,FALSE,84,80,628,792,2775.95689865804,2716.30860348658,2671.03286202276,2674.83174745156,5,5,1,1,5,5,0.585007249536775,0.414992750463225,1,1,0.833333333333333,0.166666666666667,7.44978251389676,-7.44978251389676,2783.40668117194,2708.85882097268,85,81,634,798
88367,2010-02-02 00:00:00,EventStart_Fallback,120,China Open Qualifiers,2009,2010-02-02 00:00:00,2010-02-05 00:00:00,2009-08-01 10:00:00,matches_2009_all.csv,212,Steve Davis,England,54,Mike Dunn,England,54,Mike Dunn,England,54,Mike Dunn,England,3,5,3,5,8,FALSE,FALSE,453,78,4610,809,2686.92245572543,2686.769435025,2674.65788820987,2619.6673945167,5,5,1,1,5,5,0.500220214475597,0.499779785524403,1,1,0.375,0.625,-5.00880857902388,5.00880857902388,2681.91364714641,2691.77824360402,454,79,4618,817
88368,2010-02-02 00:00:00,EventStart_Fallback,120,China Open Qualifiers,2009,2010-02-02 00:00:00,2010-02-05 00:00:00,2009-08-01 10:00:00,matches_2009_all.csv,38,Gerard Greene,Northern Ireland,204,Michael Judge,Ireland,38,Gerard Greene,Northern Ireland,38,Gerard Greene,Northern Ireland,5,2,5,2,7,FALSE,FALSE,115,121,1053,1238,2718.46339514203,2703.12484248213,2650.07103492475,2663.8676581939,5,5,1,1,5,5,0.522059621875282,0.477940378124718,1,1,0.714285714285714,0.285714285714286,6.72791323436514,-6.72791323436514,2725.1913083764,2696.39692924776,116,122,1060,1245
88369,2010-02-02 00:00:00,EventStart_Fallback,120,China Open Qualifiers,2009,2010-02-02 00:00:00,2010-02-05 00:00:00,2009-08-01 10:00:00,matches_2009_all.csv,62,Ricky Walden,England,177,Rod Lawler,England,177,Rod Lawler,England,177,Rod Lawler,England,2,5,2,5,7,FALSE,FALSE,119,111,1119,1187,2764.24398313739,2653.53225852592,2670.11557323151,2667.58763048803,5,5,1,1,5,5,0.654144658249797,0.345855341750203,1,1,0.285714285714286,0.714285714285714,-12.8950630387429,12.8950630387429,2751.34892009864,2666.42732156466,120,112,1126,1194
88370,2010-02-02 00:00:00,EventStart_Fallback,120,China Open Qualifiers,2009,2010-02-02 00:00:00,2010-02-05 00:00:00,2009-08-01 10:00:00,matches_2009_all.csv,125,Michael Holt,England,92,Robert Milkins,England,92,Robert Milkins,England,92,Robert Milkins,England,3,5,3,5,8,FALSE,FALSE,125,96,1180,965,2679.21256835931,2744.14322131901,2628.20216001758,2634.99768407562,5,5,1,1,5,5,0.40763015827832,0.59236984172168,1,1,0.375,0.625,-1.3052063311328,1.30520633113281,2677.90736202818,2745.44842765014,126,97,1188,973
88371,2010-02-02 00:00:00,EventStart_Fallback,120,China Open Qualifiers,2009,2010-02-02 00:00:00,2010-02-05 00:00:00,2009-08-01 10:00:00,matches_2009_all.csv,200,Liang Wenbo,China,25,Andrew Higginson,England,25,Andrew Higginson,England,25,Andrew Higginson,England,2,5,2,5,7,FALSE,FALSE,63,63,537,693,2752.2121694082,2731.00795041774,2685.07686582305,2645.58210388717,5,5,1,1,5,5,0.530477493244252,0.469522506755748,1,1,0.285714285714286,0.714285714285714,-8.56671226354883,8.56671226354883,2743.64545714465,2739.57466268129,64,64,544,700
88372,2010-02-02 00:00:00,EventStart_Fallback,120,China Open Qualifiers,2009,2010-02-02 00:00:00,2010-02-05 00:00:00,2009-08-01 10:00:00,matches_2009_all.csv,52,Graeme Dott,Scotland,170,Ken Doherty,Ireland,52,Graeme Dott,Scotland,52,Graeme Dott,Scotland,5,2,5,2,7,FALSE,FALSE,191,370,1882,3433,2704.0779130964,2730.24780113294,2677.78458092588,2703.13268866811,5,5,1,1,5,5,0.462409567266735,0.537590432733266,1,1,0.714285714285714,0.285714285714286,8.81566514566429,-8.81566514566429,2712.89357824207,2721.43213598727,192,371,1889,3440
88373,2010-02-02 00:00:00,EventStart_Fallback,120,China Open Qualifiers,2009,2010-02-02 00:00:00,2010-02-05 00:00:00,2009-08-01 10:00:00,matches_2009_all.csv,16,Barry Hawkins,England,44,Alan McManus,Scotland,16,Barry Hawkins,England,16,Barry Hawkins,England,5,1,5,1,6,FALSE,FALSE,146,272,1276,2679,2718.73126945532,2687.65697780543,2665.51914316575,2687.86905897808,5,5,1,1,5,5,0.544600638680165,0.455399361319835,1,1,0.833333333333333,0.166666666666667,8.66198083959505,-8.66198083959505,2727.39325029492,2678.99499696583,147,273,1282,2685
88374,2010-02-02 00:00:00,EventStart_Fallback,120,China Open Qualifiers,2009,2010-02-02 00:00:00,2010-02-05 00:00:00,2009-08-01 10:00:00,matches_2009_all.csv,30,Stuart Bingham,England,15,Mark Davis,England,15,Mark Davis,England,15,Mark Davis,England,2,5,2,5,7,FALSE,FALSE,156,112,1465,1189,2739.30730928347,2706.18258459506,2664.72075429549,2700.48212788131,5,5,1,1,5,5,0.547526395635534,0.452473604364466,1,1,0.285714285714286,0.714285714285714,-9.16342384724368,9.16342384724368,2730.14388543622,2715.34600844231,157,113,1472,1196
88375,2010-02-02 00:00:00,EventStart_Fallback,120,China Open Qualifiers,2009,2010-02-02 00:00:00,2010-02-05 00:00:00,2009-08-01 10:00:00,matches_2009_all.csv,35,Joe Swail,Northern Ireland,193,James Wattana,Thailand,193,James Wattana,Thailand,193,James Wattana,Thailand,1,5,1,5,6,FALSE,FALSE,220,241,2039,2280,2697.48385636596,2702.90620345023,2661.36017761865,2698.82987360658,5,5,1,1,5,5,0.492197248770047,0.507802751229954,1,1,0.166666666666667,0.833333333333333,-9.7659174631014,9.7659174631014,2687.71793890286,2712.67212091333,221,242,2045,2286
88376,2010-02-02 00:00:00,EventStart_Fallback,120,China Open Qualifiers,2009,2010-02-02 00:00:00,2010-02-05 00:00:00,2009-08-01 10:00:00,matches_2009_all.csv,13,Stephen Lee,England,41,Tony Drago,Malta,41,Tony Drago,Malta,41,Tony Drago,Malta,2,5,2,5,7,FALSE,FALSE,246,194,2340,1726,2709.58801699914,2711.61191317268,2693.21413052306,2646.0756082668,5,5,1,1,5,5,0.497087412220284,0.502912587779716,1,1,0.285714285714286,0.714285714285714,-7.39805942770993,7.39805942770993,2702.18995757143,2719.00997260039,247,195,2347,1733
88377,2010-02-02 00:00:00,EventStart_Fallback,120,China Open Qualifiers,2009,2010-02-02 00:00:00,2010-02-05 00:00:00,2009-08-01 10:00:00,matches_2009_all.csv,31,Dave Harold,England,50,Rory McLeod,Jamaica,50,Rory McLeod,Jamaica,50,Rory McLeod,Jamaica,1,5,1,5,6,FALSE,FALSE,207,70,1883,759,2669.24996796516,2713.17185523604,2701.35835862953,2616.03689043853,5,5,1,1,5,5,0.437125904473653,0.562874095526347,1,1,0.166666666666667,0.833333333333333,-8.11377713420959,8.11377713420959,2661.13619083095,2721.28563237025,208,71,1889,765
88378,2010-02-02 00:00:00,EventStart_Fallback,120,China Open Qualifiers,2009,2010-02-02 00:00:00,2010-02-05 00:00:00,2009-08-01 10:00:00,matches_2009_all.csv,14,Nigel Bond,England,55,Adrian Gunnell,England,14,Nigel Bond,England,14,Nigel Bond,England,5,3,5,3,8,FALSE,FALSE,233,81,2215,788,2688.50625318423,2648.33220190678,2698.84872106548,2613.08503849781,5,5,1,1,5,5,0.557558808542649,0.442441191457351,1,1,0.625,0.375,2.69764765829403,-2.69764765829403,2691.20390084253,2645.63455424849,234,82,2223,796
88379,2010-02-02 00:00:00,EventStart_Fallback,120,China Open Qualifiers,2009,2010-02-02 00:00:00,2010-02-05 00:00:00,2009-08-01 10:00:00,matches_2009_all.csv,9,Matthew Stevens,Wales,64,Bjorn Haneveer,Belgium,64,Bjorn Haneveer,Belgium,64,Bjorn Haneveer,Belgium,2,5,2,5,7,FALSE,FALSE,218,61,2164,629,2723.06368382649,2667.32189080515,2721.75373792231,2680.31898758155,5,5,1,1,5,5,0.579537616576822,0.420462383423178,1,1,0.285714285714286,0.714285714285714,-10.2838165801888,10.2838165801888,2712.7798672463,2677.60570738534,219,62,2171,636
88380,2010-02-02 00:00:00,EventStart_Fallback,120,China Open Qualifiers,2009,2010-02-02 00:00:00,2010-02-05 00:00:00,2009-08-01 10:00:00,matches_2009_all.csv,3,Jamie Cope,England,53,Jamie Burnett,Scotland,3,Jamie Cope,England,3,Jamie Cope,England,5,3,5,3,8,FALSE,FALSE,110,98,854,1000,2755.7929754482,2694.97202799,2642.34302814736,2672.6417365714,5,5,1,1,5,5,0.586645106319834,0.413354893680166,1,1,0.625,0.375,1.53419574720664,-1.53419574720664,2757.3271711954,2693.43783224279,111,99,862,1008
88381,2010-02-02 00:00:00,EventStart_Fallback,120,China Open Qualifiers,2009,2010-02-02 00:00:00,2010-02-05 00:00:00,2009-08-01 10:00:00,matches_2009_all.csv,63,Fergal O'Brien,Ireland,76,Sam Baird,England,63,Fergal O'Brien,Ireland,63,Fergal O'Brien,Ireland,5,2,5,2,7,FALSE,FALSE,163,8,1545,75,2696.76605400068,2651.39433623129,2692.3706339272,2628.96809627591,5,5,1,1,5,5,0.564926487856427,0.435073512143573,1,1,0.714285714285714,0.285714285714286,5.22757292502507,-5.22757292502507,2701.99362692571,2646.16676330626,164,9,1552,82
8321529,2010-02-08 00:00:00,EventStart_Fallback,1694,Championship League - Group 5,2009,2010-02-08 00:00:00,2010-02-09 00:00:00,2023-11-28 12:22:13,matches_2009_all.csv,154,Neil Robertson,Australia,1,Mark J Williams,Wales,154,Neil Robertson,Australia,154,Neil Robertson,Australia,3,1,3,1,4,FALSE,FALSE,189,328,1624,3054,2781.41148815761,2782.91321288191,2631.4761148925,2646.42906931203,5,5,1,1,5,5,0.497838857855944,0.502161142144057,1,1,0.75,0.25,5.04322284288113,-5.04322284288113,2786.4547110005,2777.86999003903,190,329,1628,3058
8321530,2010-02-08 00:00:00,EventStart_Fallback,1694,Championship League - Group 5,2009,2010-02-08 00:00:00,2010-02-09 00:00:00,2023-11-28 12:22:13,matches_2009_all.csv,42,Peter Ebdon,England,62,Ricky Walden,England,42,Peter Ebdon,England,42,Peter Ebdon,England,3,0,3,0,3,FALSE,FALSE,304,120,3038,1126,2722.803653855,2751.34892009864,2730.0833810011,2670.11557323151,5,5,1,1,5,5,0.459012244005285,0.540987755994715,1,1,1,0,8.11481633992072,-8.11481633992072,2730.91847019492,2743.23410375872,305,121,3041,1129
8321531,2010-02-08 00:00:00,EventStart_Fallback,1694,Championship League - Group 5,2009,2010-02-08 00:00:00,2010-02-09 00:00:00,2023-11-28 12:22:13,matches_2009_all.csv,16,Barry Hawkins,England,3,Jamie Cope,England,3,Jamie Cope,England,3,Jamie Cope,England,2,3,2,3,5,FALSE,FALSE,147,111,1282,862,2727.39325029492,2757.3271711954,2665.51914316575,2642.34302814736,5,5,1,1,5,5,0.457027899488472,0.542972100511528,1,1,0.4,0.6,-1.42569748721181,1.42569748721181,2725.96755280771,2758.75286868261,148,112,1287,867
8321532,2010-02-08 00:00:00,EventStart_Fallback,1694,Championship League - Group 5,2009,2010-02-08 00:00:00,2010-02-09 00:00:00,2023-11-28 12:22:13,matches_2009_all.csv,31,Dave Harold,England,154,Neil Robertson,Australia,154,Neil Robertson,Australia,154,Neil Robertson,Australia,1,3,1,3,4,FALSE,FALSE,208,190,1889,1628,2661.13619083095,2786.4547110005,2701.35835862953,2631.4761148925,5,5,1,1,5,5,0.327086662754299,0.672913337245701,1,1,0.25,0.75,-1.54173325508599,1.54173325508599,2659.59445757587,2787.99644425558,209,191,1893,1632
8321533,2010-02-08 00:00:00,EventStart_Fallback,1694,Championship League - Group 5,2009,2010-02-08 00:00:00,2010-02-09 00:00:00,2023-11-28 12:22:13,matches_2009_all.csv,1,Mark J Williams,Wales,42,Peter Ebdon,England,42,Peter Ebdon,England,42,Peter Ebdon,England,2,3,2,3,5,FALSE,FALSE,329,305,3058,3041,2777.86999003903,2730.91847019492,2646.42906931203,2730.0833810011,5,5,1,1,5,5,0.56716033584198,0.43283966415802,1,1,0.4,0.6,-4.17900839604951,4.17900839604951,2773.69098164298,2735.09747859097,330,306,3063,3046
8321534,2010-02-08 00:00:00,EventStart_Fallback,1694,Championship League - Group 5,2009,2010-02-08 00:00:00,2010-02-09 00:00:00,2023-11-28 12:22:13,matches_2009_all.csv,62,Ricky Walden,England,16,Barry Hawkins,England,62,Ricky Walden,England,62,Ricky Walden,England,3,2,3,2,5,FALSE,FALSE,121,148,1129,1287,2743.23410375872,2725.96755280771,2670.11557323151,2665.51914316575,5,5,1,1,5,5,0.52482812742414,0.47517187257586,1,1,0.6,0.4,1.8792968143965,-1.8792968143965,2745.11340057312,2724.08825599331,122,149,1134,1292
8321535,2010-02-08 00:00:00,EventStart_Fallback,1694,Championship League - Group 5,2009,2010-02-08 00:00:00,2010-02-09 00:00:00,2023-11-28 12:22:13,matches_2009_all.csv,3,Jamie Cope,England,31,Dave Harold,England,3,Jamie Cope,England,3,Jamie Cope,England,3,1,3,1,4,FALSE,FALSE,112,209,867,1893,2758.75286868261,2659.59445757587,2642.34302814736,2701.35835862953,5,5,1,1,5,5,0.638948142225923,0.361051857774078,1,1,0.75,0.25,2.22103715548155,-2.22103715548155,2760.9739058381,2657.37342042038,113,210,871,1897
8321536,2010-02-08 00:00:00,EventStart_Fallback,1694,Championship League - Group 5,2009,2010-02-08 00:00:00,2010-02-09 00:00:00,2023-11-28 12:22:13,matches_2009_all.csv,154,Neil Robertson,Australia,42,Peter Ebdon,England,42,Peter Ebdon,England,42,Peter Ebdon,England,2,3,2,3,5,FALSE,FALSE,191,306,1632,3046,2787.99644425558,2735.09747859097,2631.4761148925,2730.0833810011,5,5,1,1,5,5,0.575544877736177,0.424455122263823,1,1,0.4,0.6,-4.38862194340442,4.38862194340442,2783.60782231218,2739.48610053437,192,307,1637,3051
8321537,2010-02-08 00:00:00,EventStart_Fallback,1694,Championship League - Group 5,2009,2010-02-08 00:00:00,2010-02-09 00:00:00,2023-11-28 12:22:13,matches_2009_all.csv,1,Mark J Williams,Wales,62,Ricky Walden,England,1,Mark J Williams,Wales,1,Mark J Williams,Wales,3,2,3,2,5,FALSE,FALSE,330,122,3063,1134,2773.69098164298,2745.11340057312,2646.42906931203,2670.11557323151,5,5,1,1,5,5,0.541033947904235,0.458966052095765,1,1,0.6,0.4,1.47415130239412,-1.47415130239412,2775.16513294537,2743.63924927073,331,123,3068,1139
8321538,2010-02-08 00:00:00,EventStart_Fallback,1694,Championship League - Group 5,2009,2010-02-08 00:00:00,2010-02-09 00:00:00,2023-11-28 12:22:13,matches_2009_all.csv,16,Barry Hawkins,England,31,Dave Harold,England,16,Barry Hawkins,England,16,Barry Hawkins,England,3,1,3,1,4,FALSE,FALSE,149,210,1292,1897,2724.08825599331,2657.37342042038,2665.51914316575,2701.35835862953,5,5,1,1,5,5,0.594847484081136,0.405152515918864,1,1,0.75,0.25,3.10305031837729,-3.10305031837729,2727.19130631169,2654.27037010201,150,211,1296,1901
8321539,2010-02-08 00:00:00,EventStart_Fallback,1694,Championship League - Group 5,2009,2010-02-08 00:00:00,2010-02-09 00:00:00,2023-11-28 12:22:13,matches_2009_all.csv,42,Peter Ebdon,England,31,Dave Harold,England,31,Dave Harold,England,31,Dave Harold,England,1,3,1,3,4,FALSE,FALSE,307,211,3051,1901,2739.48610053437,2654.27037010201,2730.0833810011,2701.35835862953,5,5,1,1,5,5,0.620233911397082,0.379766088602918,1,1,0.25,0.75,-7.40467822794164,7.40467822794164,2732.08142230643,2661.67504832995,308,212,3055,1905
8321540,2010-02-08 00:00:00,EventStart_Fallback,1694,Championship League - Group 5,2009,2010-02-08 00:00:00,2010-02-09 00:00:00,2023-11-28 12:22:13,matches_2009_all.csv,3,Jamie Cope,England,62,Ricky Walden,England,3,Jamie Cope,England,3,Jamie Cope,England,3,0,3,0,3,FALSE,FALSE,113,123,871,1139,2760.9739058381,2743.63924927073,2642.34302814736,2670.11557323151,5,5,1,1,5,5,0.524925896659701,0.475074103340299,1,1,1,0,7.12611155010449,-7.12611155010449,2768.1000173882,2736.51313772062,114,124,874,1142
8321541,2010-02-08 00:00:00,EventStart_Fallback,1694,Championship League - Group 5,2009,2010-02-08 00:00:00,2010-02-09 00:00:00,2023-11-28 12:22:13,matches_2009_all.csv,154,Neil Robertson,Australia,3,Jamie Cope,England,154,Neil Robertson,Australia,154,Neil Robertson,Australia,3,2,3,2,5,FALSE,FALSE,192,114,1637,874,2783.60782231218,2768.1000173882,2631.4761148925,2642.34302814736,5,5,1,1,5,5,0.522302716101107,0.477697283898893,1,1,0.6,0.4,1.94243209747233,-1.94243209747233,2785.55025440965,2766.15758529073,193,115,1642,879
8321542,2010-02-08 00:00:00,EventStart_Fallback,1694,Championship League - Group 5,2009,2010-02-08 00:00:00,2010-02-09 00:00:00,2023-11-28 12:22:13,matches_2009_all.csv,1,Mark J Williams,Wales,16,Barry Hawkins,England,1,Mark J Williams,Wales,1,Mark J Williams,Wales,3,0,3,0,3,FALSE,FALSE,331,150,3068,1296,2775.16513294537,2727.19130631169,2646.42906931203,2665.51914316575,5,5,1,1,5,5,0.568604434883679,0.431395565116321,1,1,1,0,6.47093347674482,-6.47093347674482,2781.63606642212,2720.72037283494,332,151,3071,1299
8321543,2010-02-08 00:00:00,EventStart_Fallback,1694,Championship League - Group 5,2009,2010-02-08 00:00:00,2010-02-09 00:00:00,2023-11-28 12:22:13,matches_2009_all.csv,62,Ricky Walden,England,31,Dave Harold,England,62,Ricky Walden,England,62,Ricky Walden,England,3,0,3,0,3,FALSE,FALSE,124,212,1142,1905,2736.51313772062,2661.67504832995,2670.11557323151,2701.35835862953,5,5,1,1,5,5,0.606065322927113,0.393934677072887,1,1,1,0,5.90902015609331,-5.90902015609331,2742.42215787671,2655.76602817385,125,213,1145,1908
8321544,2010-02-08 00:00:00,EventStart_Fallback,1694,Championship League - Group 5,2009,2010-02-08 00:00:00,2010-02-09 00:00:00,2023-11-28 12:22:13,matches_2009_all.csv,42,Peter Ebdon,England,3,Jamie Cope,England,3,Jamie Cope,England,3,Jamie Cope,England,2,3,2,3,5,FALSE,FALSE,308,115,3055,879,2732.08142230643,2766.15758529073,2730.0833810011,2642.34302814736,5,5,1,1,5,5,0.451117102113693,0.548882897886307,1,1,0.4,0.6,-1.27792755284232,1.27792755284232,2730.80349475359,2767.43551284357,309,116,3060,884
8321545,2010-02-08 00:00:00,EventStart_Fallback,1694,Championship League - Group 5,2009,2010-02-08 00:00:00,2010-02-09 00:00:00,2023-11-28 12:22:13,matches_2009_all.csv,1,Mark J Williams,Wales,31,Dave Harold,England,1,Mark J Williams,Wales,1,Mark J Williams,Wales,3,1,3,1,4,FALSE,FALSE,332,213,3071,1908,2781.63606642212,2655.76602817385,2646.42906931203,2701.35835862953,5,5,1,1,5,5,0.6736117283697,0.3263882716303,1,1,0.75,0.25,1.527765432606,-1.527765432606,2783.16383185472,2654.23826274125,333,214,3075,1912
8321546,2010-02-08 00:00:00,EventStart_Fallback,1694,Championship League - Group 5,2009,2010-02-08 00:00:00,2010-02-09 00:00:00,2023-11-28 12:22:13,matches_2009_all.csv,154,Neil Robertson,Australia,16,Barry Hawkins,England,16,Barry Hawkins,England,16,Barry Hawkins,England,2,3,2,3,5,FALSE,FALSE,193,151,1642,1299,2785.55025440965,2720.72037283494,2631.4761148925,2665.51914316575,5,5,1,1,5,5,0.592229761948012,0.407770238051988,1,1,0.4,0.6,-4.80574404870029,4.80574404870029,2780.74451036095,2725.52611688364,194,152,1647,1304
8321547,2010-02-08 00:00:00,EventStart_Fallback,1694,Championship League - Group 5,2009,2010-02-08 00:00:00,2010-02-09 00:00:00,2023-11-28 12:22:13,matches_2009_all.csv,42,Peter Ebdon,England,16,Barry Hawkins,England,16,Barry Hawkins,England,16,Barry Hawkins,England,2,3,2,3,5,FALSE,FALSE,309,152,3060,1304,2730.80349475359,2725.52611688364,2730.0833810011,2665.51914316575,5,5,1,1,5,5,0.507594173221416,0.492405826778584,1,1,0.4,0.6,-2.6898543305354,2.6898543305354,2728.11364042306,2728.21597121418,310,153,3065,1309
8321548,2010-02-08 00:00:00,EventStart_Fallback,1694,Championship League - Group 5,2009,2010-02-08 00:00:00,2010-02-09 00:00:00,2023-11-28 12:22:13,matches_2009_all.csv,1,Mark J Williams,Wales,3,Jamie Cope,England,1,Mark J Williams,Wales,1,Mark J Williams,Wales,3,2,3,2,5,FALSE,FALSE,333,116,3075,884,2783.16383185472,2767.43551284357,2646.42906931203,2642.34302814736,5,5,1,1,5,5,0.522619420969344,0.477380579030656,1,1,0.6,0.4,1.9345144757664,-1.9345144757664,2785.09834633049,2765.5009983678,334,117,3080,889
8321549,2010-02-08 00:00:00,EventStart_Fallback,1694,Championship League - Group 5,2009,2010-02-08 00:00:00,2010-02-09 00:00:00,2023-11-28 12:22:13,matches_2009_all.csv,154,Neil Robertson,Australia,62,Ricky Walden,England,154,Neil Robertson,Australia,154,Neil Robertson,Australia,3,2,3,2,5,FALSE,FALSE,194,125,1647,1145,2780.74451036095,2742.42215787671,2631.4761148925,2670.11557323151,5,5,1,1,5,5,0.554927724645346,0.445072275354654,1,1,0.6,0.4,1.12680688386635,-1.12680688386635,2781.87131724481,2741.29535099285,195,126,1652,1150
8321557,2010-02-08 00:00:00,EventStart_Fallback,1694,Championship League - Group 5,2009,2010-02-08 00:00:00,2010-02-09 00:00:00,2023-11-28 12:24:28,matches_2009_all.csv,3,Jamie Cope,England,154,Neil Robertson,Australia,154,Neil Robertson,Australia,154,Neil Robertson,Australia,0,3,0,3,3,FALSE,FALSE,117,195,889,1652,2765.5009983678,2781.87131724481,2642.34302814736,2631.4761148925,5,5,1,1,5,5,0.476458635907693,0.523541364092307,1,1,0,1,-7.1468795386154,7.1468795386154,2758.35411882919,2789.01819678343,118,196,892,1655
8321558,2010-02-08 00:00:00,EventStart_Fallback,1694,Championship League - Group 5,2009,2010-02-08 00:00:00,2010-02-09 00:00:00,2023-11-28 12:23:30,matches_2009_all.csv,3,Jamie Cope,England,42,Peter Ebdon,England,3,Jamie Cope,England,3,Jamie Cope,England,3,0,3,0,3,FALSE,FALSE,118,310,892,3065,2758.35411882919,2728.11364042306,2642.34302814736,2730.0833810011,5,5,1,1,5,5,0.543409980233363,0.456590019766637,1,1,1,0,6.84885029649955,-6.84885029649955,2765.20296912569,2721.26479012656,119,311,895,3068
8321559,2010-02-08 00:00:00,EventStart_Fallback,1694,Championship League - Group 5,2009,2010-02-08 00:00:00,2010-02-09 00:00:00,2023-11-28 12:23:30,matches_2009_all.csv,154,Neil Robertson,Australia,1,Mark J Williams,Wales,154,Neil Robertson,Australia,154,Neil Robertson,Australia,3,0,3,0,3,FALSE,FALSE,196,334,1655,3080,2789.01819678343,2785.09834633049,2631.4761148925,2646.42906931203,5,5,1,1,5,5,0.505640878923999,0.494359121076001,1,1,1,0,7.41538681614001,-7.41538681614001,2796.43358359957,2777.68295951435,197,335,1658,3083
8321480,2010-02-10 00:00:00,EventStart_Fallback,1691,Championship League - Group 6,2009,2010-02-10 00:00:00,2010-03-11 00:00:00,2023-11-28 12:14:34,matches_2009_all.csv,3,Jamie Cope,England,1,Mark J Williams,Wales,1,Mark J Williams,Wales,1,Mark J Williams,Wales,0,3,0,3,3,FALSE,FALSE,119,335,895,3083,2765.20296912569,2777.68295951435,2642.34302814736,2646.42906931203,5,5,1,1,5,5,0.482047570590421,0.517952429409579,1,1,0,1,-7.23071355885631,7.23071355885632,2757.97225556683,2784.9136730732,120,336,898,3086
8321481,2010-02-10 00:00:00,EventStart_Fallback,1691,Championship League - Group 6,2009,2010-02-10 00:00:00,2010-03-11 00:00:00,2023-11-28 12:14:34,matches_2009_all.csv,42,Peter Ebdon,England,16,Barry Hawkins,England,42,Peter Ebdon,England,42,Peter Ebdon,England,3,0,3,0,3,FALSE,FALSE,311,153,3068,1309,2721.26479012656,2728.21597121418,2730.0833810011,2665.51914316575,5,5,1,1,5,5,0.489997780822237,0.510002219177763,1,1,1,0,7.65003328766645,-7.65003328766645,2728.91482341422,2720.56593792651,312,154,3071,1312
8321482,2010-02-10 00:00:00,EventStart_Fallback,1691,Championship League - Group 6,2009,2010-02-10 00:00:00,2010-03-11 00:00:00,2023-11-28 12:14:34,matches_2009_all.csv,202,Mark Allen,Northern Ireland,30,Stuart Bingham,England,202,Mark Allen,Northern Ireland,202,Mark Allen,Northern Ireland,3,2,3,2,5,FALSE,FALSE,131,157,996,1472,2759.88136387075,2730.14388543622,2685.54443253342,2664.72075429549,5,5,1,1,5,5,0.542691471633363,0.457308528366637,1,1,0.6,0.4,1.43271320916592,-1.43271320916592,2761.31407707991,2728.71117222706,132,158,1001,1477
8321483,2010-02-10 00:00:00,EventStart_Fallback,1691,Championship League - Group 6,2009,2010-02-10 00:00:00,2010-03-11 00:00:00,2023-11-28 12:14:34,matches_2009_all.csv,35,Joe Swail,Northern Ireland,3,Jamie Cope,England,3,Jamie Cope,England,3,Jamie Cope,England,1,3,1,3,4,FALSE,FALSE,221,120,2045,898,2687.71793890286,2757.97225556683,2661.36017761865,2642.34302814736,5,5,1,1,5,5,0.40025172696145,0.59974827303855,1,1,0.25,0.75,-3.005034539229,3.005034539229,2684.71290436363,2760.97729010606,222,121,2049,902
8321484,2010-02-10 00:00:00,EventStart_Fallback,1691,Championship League - Group 6,2009,2010-02-10 00:00:00,2010-03-11 00:00:00,2023-11-28 12:14:34,matches_2009_all.csv,1,Mark J Williams,Wales,42,Peter Ebdon,England,42,Peter Ebdon,England,42,Peter Ebdon,England,1,3,1,3,4,FALSE,FALSE,336,312,3086,3071,2784.9136730732,2728.91482341422,2646.42906931203,2730.0833810011,5,5,1,1,5,5,0.57989814715722,0.42010185284278,1,1,0.25,0.75,-6.5979629431444,6.5979629431444,2778.31571013006,2735.51278635737,337,313,3090,3075
8321485,2010-02-10 00:00:00,EventStart_Fallback,1691,Championship League - Group 6,2009,2010-02-10 00:00:00,2010-03-11 00:00:00,2023-11-28 12:14:34,matches_2009_all.csv,16,Barry Hawkins,England,202,Mark Allen,Northern Ireland,202,Mark Allen,Northern Ireland,202,Mark Allen,Northern Ireland,1,3,1,3,4,FALSE,FALSE,154,132,1312,1001,2720.56593792651,2761.31407707991,2665.51914316575,2685.54443253342,5,5,1,1,5,5,0.441626116949828,0.558373883050172,1,1,0.25,0.75,-3.83252233899655,3.83252233899655,2716.73341558751,2765.14659941891,155,133,1316,1005
8321486,2010-02-10 00:00:00,EventStart_Fallback,1691,Championship League - Group 6,2009,2010-02-10 00:00:00,2010-03-11 00:00:00,2023-11-28 12:14:34,matches_2009_all.csv,30,Stuart Bingham,England,35,Joe Swail,Northern Ireland,35,Joe Swail,Northern Ireland,35,Joe Swail,Northern Ireland,1,3,1,3,4,FALSE,FALSE,158,222,1477,2049,2728.71117222706,2684.71290436363,2664.72075429549,2661.36017761865,5,5,1,1,5,5,0.562982274912778,0.437017725087222,1,1,0.25,0.75,-6.25964549825556,6.25964549825556,2722.4515267288,2690.97254986189,159,223,1481,2053
8321487,2010-02-10 00:00:00,EventStart_Fallback,1691,Championship League - Group 6,2009,2010-02-10 00:00:00,2010-03-11 00:00:00,2023-11-28 12:14:34,matches_2009_all.csv,3,Jamie Cope,England,42,Peter Ebdon,England,3,Jamie Cope,England,3,Jamie Cope,England,3,2,3,2,5,FALSE,FALSE,121,313,902,3075,2760.97729010606,2735.51278635737,2642.34302814736,2730.0833810011,5,5,1,1,5,5,0.536580888113043,0.463419111886957,1,1,0.6,0.4,1.58547779717393,-1.58547779717393,2762.56276790324,2733.92730856019,122,314,907,3080
8321488,2010-02-10 00:00:00,EventStart_Fallback,1691,Championship League - Group 6,2009,2010-02-10 00:00:00,2010-03-11 00:00:00,2023-11-28 12:14:34,matches_2009_all.csv,1,Mark J Williams,Wales,16,Barry Hawkins,England,1,Mark J Williams,Wales,1,Mark J Williams,Wales,3,0,3,0,3,FALSE,FALSE,337,155,3090,1316,2778.31571013006,2716.73341558751,2646.42906931203,2665.51914316575,5,5,1,1,5,5,0.587707465416522,0.412292534583479,1,1,1,0,6.18438801875218,-6.18438801875218,2784.50009814881,2710.54902756876,338,156,3093,1319
8321489,2010-02-10 00:00:00,EventStart_Fallback,1691,Championship League - Group 6,2009,2010-02-10 00:00:00,2010-03-11 00:00:00,2023-11-28 12:14:34,matches_2009_all.csv,202,Mark Allen,Northern Ireland,35,Joe Swail,Northern Ireland,35,Joe Swail,Northern Ireland,35,Joe Swail,Northern Ireland,2,3,2,3,5,FALSE,FALSE,133,223,1005,2053,2765.14659941891,2690.97254986189,2685.54443253342,2661.36017761865,5,5,1,1,5,5,0.605152326530876,0.394847673469124,1,1,0.4,0.6,-5.1288081632719,5.1288081632719,2760.01779125564,2696.10135802516,134,224,1010,2058
8321490,2010-02-10 00:00:00,EventStart_Fallback,1691,Championship League - Group 6,2009,2010-02-10 00:00:00,2010-03-11 00:00:00,2023-11-28 12:14:34,matches_2009_all.csv,42,Peter Ebdon,England,35,Joe Swail,Northern Ireland,42,Peter Ebdon,England,42,Peter Ebdon,England,3,1,3,1,4,FALSE,FALSE,314,224,3080,2058,2733.92730856019,2696.10135802516,2730.0833810011,2661.36017761865,5,5,1,1,5,5,0.554221855797112,0.445778144202888,1,1,0.75,0.25,3.91556288405776,-3.91556288405776,2737.84287144425,2692.1857951411,315,225,3084,2062
8321491,2010-02-10 00:00:00,EventStart_Fallback,1691,Championship League - Group 6,2009,2010-02-10 00:00:00,2010-03-11 00:00:00,2023-11-28 12:14:34,matches_2009_all.csv,30,Stuart Bingham,England,16,Barry Hawkins,England,30,Stuart Bingham,England,30,Stuart Bingham,England,3,2,3,2,5,FALSE,FALSE,159,156,1481,1319,2722.4515267288,2710.54902756876,2664.72075429549,2665.51914316575,5,5,1,1,5,5,0.517122375342801,0.482877624657199,1,1,0.6,0.4,2.07194061642998,-2.07194061642998,2724.52346734523,2708.47708695233,160,157,1486,1324
8321492,2010-02-10 00:00:00,EventStart_Fallback,1691,Championship League - Group 6,2009,2010-02-10 00:00:00,2010-03-11 00:00:00,2023-11-28 12:14:34,matches_2009_all.csv,3,Jamie Cope,England,30,Stuart Bingham,England,30,Stuart Bingham,England,30,Stuart Bingham,England,0,3,0,3,3,FALSE,FALSE,122,160,907,1486,2762.56276790324,2724.52346734523,2642.34302814736,2664.72075429549,5,5,1,1,5,5,0.554525260170964,0.445474739829036,1,1,0,1,-8.31787890256446,8.31787890256446,2754.24488900067,2732.8413462478,123,161,910,1489
8321493,2010-02-10 00:00:00,EventStart_Fallback,1691,Championship League - Group 6,2009,2010-02-10 00:00:00,2010-03-11 00:00:00,2023-11-28 12:14:34,matches_2009_all.csv,1,Mark J Williams,Wales,202,Mark Allen,Northern Ireland,202,Mark Allen,Northern Ireland,202,Mark Allen,Northern Ireland,0,3,0,3,3,FALSE,FALSE,338,134,3093,1010,2784.50009814881,2760.01779125564,2646.42906931203,2685.54443253342,5,5,1,1,5,5,0.535174672053269,0.464825327946732,1,1,0,1,-8.02762008079903,8.02762008079903,2776.47247806801,2768.04541133644,339,135,3096,1013
8321494,2010-02-10 00:00:00,EventStart_Fallback,1691,Championship League - Group 6,2009,2010-02-10 00:00:00,2010-03-11 00:00:00,2023-11-28 12:14:34,matches_2009_all.csv,16,Barry Hawkins,England,35,Joe Swail,Northern Ireland,35,Joe Swail,Northern Ireland,35,Joe Swail,Northern Ireland,0,3,0,3,3,FALSE,FALSE,157,225,1324,2062,2708.47708695233,2692.1857951411,2665.51914316575,2661.36017761865,5,5,1,1,5,5,0.523427885901974,0.476572114098026,1,1,0,1,-7.85141828852961,7.85141828852961,2700.6256686638,2700.03721342963,158,226,1327,2065
8321495,2010-02-10 00:00:00,EventStart_Fallback,1691,Championship League - Group 6,2009,2010-02-10 00:00:00,2010-03-11 00:00:00,2023-11-28 12:14:34,matches_2009_all.csv,42,Peter Ebdon,England,30,Stuart Bingham,England,42,Peter Ebdon,England,42,Peter Ebdon,England,3,2,3,2,5,FALSE,FALSE,315,161,3084,1489,2737.84287144425,2732.8413462478,2730.0833810011,2664.72075429549,5,5,1,1,5,5,0.507197276188527,0.492802723811473,1,1,0.6,0.4,2.32006809528682,-2.32006809528682,2740.16293953954,2730.52127815251,316,162,3089,1494
8321496,2010-02-10 00:00:00,EventStart_Fallback,1691,Championship League - Group 6,2009,2010-02-10 00:00:00,2010-03-11 00:00:00,2023-11-28 12:14:34,matches_2009_all.csv,1,Mark J Williams,Wales,35,Joe Swail,Northern Ireland,35,Joe Swail,Northern Ireland,35,Joe Swail,Northern Ireland,1,3,1,3,4,FALSE,FALSE,339,226,3096,2065,2776.47247806801,2700.03721342963,2646.42906931203,2661.36017761865,5,5,1,1,5,5,0.60825825689351,0.39174174310649,1,1,0.25,0.75,-7.16516513787021,7.16516513787021,2769.30731293014,2707.2023785675,340,227,3100,2069
8321497,2010-02-10 00:00:00,EventStart_Fallback,1691,Championship League - Group 6,2009,2010-02-10 00:00:00,2010-03-11 00:00:00,2023-11-28 12:14:34,matches_2009_all.csv,3,Jamie Cope,England,202,Mark Allen,Northern Ireland,3,Jamie Cope,England,3,Jamie Cope,England,3,2,3,2,5,FALSE,FALSE,123,135,910,1013,2754.24488900067,2768.04541133644,2642.34302814736,2685.54443253342,5,5,1,1,5,5,0.480149890379377,0.519850109620623,1,1,0.6,0.4,2.99625274051558,-2.99625274051558,2757.24114174119,2765.04915859592,124,136,915,1018
8321498,2010-02-10 00:00:00,EventStart_Fallback,1691,Championship League - Group 6,2009,2010-02-10 00:00:00,2010-03-11 00:00:00,2023-11-28 12:14:34,matches_2009_all.csv,42,Peter Ebdon,England,202,Mark Allen,Northern Ireland,202,Mark Allen,Northern Ireland,202,Mark Allen,Northern Ireland,2,3,2,3,5,FALSE,FALSE,316,136,3089,1018,2740.16293953954,2765.04915859592,2730.0833810011,2685.54443253342,5,5,1,1,5,5,0.464246975933129,0.535753024066871,1,1,0.4,0.6,-1.60617439832822,1.60617439832822,2738.55676514121,2766.65533299425,317,137,3094,1023
8321499,2010-02-10 00:00:00,EventStart_Fallback,1691,Championship League - Group 6,2009,2010-02-10 00:00:00,2010-03-11 00:00:00,2023-11-28 12:14:34,matches_2009_all.csv,1,Mark J Williams,Wales,30,Stuart Bingham,England,1,Mark J Williams,Wales,1,Mark J Williams,Wales,3,0,3,0,3,FALSE,FALSE,340,162,3100,1494,2769.30731293014,2730.52127815251,2646.42906931203,2664.72075429549,5,5,1,1,5,5,0.555586867044574,0.444413132955426,1,1,1,0,6.66619699433139,-6.66619699433139,2775.97350992447,2723.85508115818,341,163,3103,1497
8321500,2010-02-10 00:00:00,EventStart_Fallback,1691,Championship League - Group 6,2009,2010-02-10 00:00:00,2010-03-11 00:00:00,2023-11-28 12:14:34,matches_2009_all.csv,3,Jamie Cope,England,16,Barry Hawkins,England,16,Barry Hawkins,England,16,Barry Hawkins,England,2,3,2,3,5,FALSE,FALSE,124,158,915,1327,2757.24114174119,2700.6256686638,2642.34302814736,2665.51914316575,5,5,1,1,5,5,0.580762634071886,0.419237365928114,1,1,0.4,0.6,-4.51906585179715,4.51906585179715,2752.72207588939,2705.1447345156,125,159,920,1332
8321505,2010-02-10 00:00:00,EventStart_Fallback,1691,Championship League - Group 6,2009,2010-02-10 00:00:00,2010-03-11 00:00:00,2023-11-28 12:17:06,matches_2009_all.csv,42,Peter Ebdon,England,202,Mark Allen,Northern Ireland,202,Mark Allen,Northern Ireland,202,Mark Allen,Northern Ireland,0,3,0,3,3,FALSE,FALSE,317,137,3094,1023,2738.55676514121,2766.65533299425,2730.0833810011,2685.54443253342,5,5,1,1,5,5,0.459650841672095,0.540349158327905,1,1,0,1,-6.89476262508143,6.89476262508143,2731.66200251613,2773.55009561933,318,138,3097,1026
8321507,2010-02-10 00:00:00,EventStart_Fallback,1691,Championship League - Group 6,2009,2010-02-10 00:00:00,2010-03-11 00:00:00,2023-11-28 12:16:00,matches_2009_all.csv,202,Mark Allen,Northern Ireland,35,Joe Swail,Northern Ireland,202,Mark Allen,Northern Ireland,202,Mark Allen,Northern Ireland,3,0,3,0,3,FALSE,FALSE,138,227,1026,2069,2773.55009561933,2707.2023785675,2685.54443253342,2661.36017761865,5,5,1,1,5,5,0.594338067520344,0.405661932479656,1,1,1,0,6.08492898719485,-6.08492898719485,2779.63502460653,2701.11744958031,139,228,1029,2072
1187442,2010-02-24 00:00:00,EventStart_Fallback,60,World Championship Qualifiers,2009,2010-02-24 00:00:00,2010-03-09 00:00:00,2009-08-01 10:00:00,matches_2009_all.csv,193,James Wattana,Thailand,500,Paul Wykes,England,193,James Wattana,Thailand,193,James Wattana,Thailand,10,6,10,6,16,FALSE,FALSE,242,51,2286,589,2712.67212091333,2631.69526982318,2698.82987360658,2621.20785038523,5,5,1,1,5,5,0.614469793626613,0.385530206373388,1,1,0.625,0.375,0.842416509871002,-0.842416509871002,2713.5145374232,2630.85285331331,243,52,2302,605
1187443,2010-02-24 00:00:00,EventStart_Fallback,60,World Championship Qualifiers,2009,2010-02-24 00:00:00,2010-03-09 00:00:00,2009-08-01 10:00:00,matches_2009_all.csv,171,Michael White,Wales,385,David Singh,India,171,Michael White,Wales,171,Michael White,Wales,10,4,10,4,14,FALSE,FALSE,14,5,145,31,2653.53658285987,2598.65851967083,2652.5398561384,2607.04213284983,5,5,1,1,5,5,0.578325586821395,0.421674413178605,1,1,0.714285714285714,0.285714285714286,9.51720892250234,-9.51720892250234,2663.05379178238,2589.14131074833,15,6,159,45
1187444,2010-02-24 00:00:00,EventStart_Fallback,60,World Championship Qualifiers,2009,2010-02-24 00:00:00,2010-03-09 00:00:00,2009-08-01 10:00:00,matches_2009_all.csv,58,Jordan Brown,Northern Ireland,447,Del Smith,England,58,Jordan Brown,Northern Ireland,58,Jordan Brown,Northern Ireland,10,7,10,7,17,FALSE,FALSE,7,8,68,83,2634.67474693217,2587.8286461016,2646.71721047331,2600,5,5,1,1,5,5,0.56701135678027,0.43298864321973,1,1,0.588235294117647,0.411764705882353,1.80403467367708,-1.80403467367709,2636.47878160585,2586.02461142793,8,9,85,100
1187445,2010-02-24 00:00:00,EventStart_Fallback,60,World Championship Qualifiers,2009,2010-02-24 00:00:00,2010-03-09 00:00:00,2009-08-01 10:00:00,matches_2009_all.csv,473,Brendan O'Donoghue,Ireland,501,Nic Barrow,England,473,Brendan O'Donoghue,Ireland,473,Brendan O'Donoghue,Ireland,10,8,10,8,18,FALSE,FALSE,7,2,63,27,2595.25909859559,2601.50428048085,2600,2600,5,5,1,1,5,5,0.491013428648171,0.508986571351829,1,1,0.555555555555556,0.444444444444444,5.80879142166465,-5.80879142166464,2601.06789001725,2595.69548905919,8,3,81,45
1187446,2010-02-24 00:00:00,EventStart_Fallback,60,World Championship Qualifiers,2009,2010-02-24 00:00:00,2010-03-09 00:00:00,2009-08-01 10:00:00,matches_2009_all.csv,449,Les Dodd,England,500,Paul Wykes,England,500,Paul Wykes,England,500,Paul Wykes,England,2,5,2,5,7,FALSE,FALSE,49,52,536,605,2580.80037619946,2630.85285331331,2609.49789098764,2621.20785038523,5,5,1,1,5,5,0.428462906280308,0.571537093719692,1,1,0.285714285714286,0.714285714285714,-4.99620171981078,4.99620171981078,2575.80417447965,2635.84905503312,50,53,543,612
1187447,2010-02-24 00:00:00,EventStart_Fallback,60,World Championship Qualifiers,2009,2010-02-24 00:00:00,2010-03-09 00:00:00,2009-08-01 10:00:00,matches_2009_all.csv,385,David Singh,India,483,Neil Selman,England,385,David Singh,India,385,David Singh,India,5,3,5,3,8,FALSE,FALSE,6,12,45,94,2589.14131074833,2589.96031891009,2607.04213284983,2600,5,5,1,1,5,5,0.498821354692992,0.501178645307008,1,1,0.625,0.375,5.04714581228031,-5.04714581228031,2594.18845656061,2584.91317309781,7,13,53,102
1187448,2010-02-24 00:00:00,EventStart_Fallback,60,World Championship Qualifiers,2009,2010-02-24 00:00:00,2010-03-09 00:00:00,2009-08-01 10:00:00,matches_2009_all.csv,502,Barry West,England,447,Del Smith,England,447,Del Smith,England,447,Del Smith,England,1,5,1,5,6,FALSE,FALSE,42,9,362,100,2562.75827133976,2586.02461142793,2568.01874008676,2600,5,5,1,1,5,5,0.466567006163545,0.533432993836455,1,1,0.166666666666667,0.833333333333333,-8.99701018490634,8.99701018490634,2553.76126115485,2595.02162161283,43,10,368,106
1187449,2010-02-24 00:00:00,EventStart_Fallback,60,World Championship Qualifiers,2009,2010-02-24 00:00:00,2010-03-09 00:00:00,2009-08-01 10:00:00,matches_2009_all.csv,501,Nic Barrow,England,110,Stephen Ormerod,England,501,Nic Barrow,England,501,Nic Barrow,England,5,0,5,0,5,FALSE,FALSE,3,8,45,59,2595.69548905919,2525.44362888897,2600,2511.48256116424,5,5,1,1,5,5,0.599744878551198,0.400255121448802,1,1,1,0,10.00637803622,-10.00637803622,2605.70186709541,2515.43725085275,4,9,50,64
1187490,2010-02-24 00:00:00,EventStart_Fallback,60,World Championship Qualifiers,2009,2010-02-24 00:00:00,2010-03-09 00:00:00,2009-08-01 10:00:00,matches_2009_all.csv,11,Marcus Campbell,Scotland,193,James Wattana,Thailand,11,Marcus Campbell,Scotland,11,Marcus Campbell,Scotland,10,5,10,5,15,FALSE,FALSE,95,243,964,2302,2685.71791053057,2713.5145374232,2640.66687405255,2698.82987360658,5,5,1,1,5,5,0.46008257007159,0.539917429928411,1,1,0.666666666666667,0.333333333333333,15.4938072446308,-15.4938072446308,2701.2117177752,2698.02073017857,96,244,979,2317
1187491,2010-02-24 00:00:00,EventStart_Fallback,60,World Championship Qualifiers,2009,2010-02-24 00:00:00,2010-03-09 00:00:00,2009-08-01 10:00:00,matches_2009_all.csv,15,Mark Davis,England,6,Barry Pinches,England,15,Mark Davis,England,15,Mark Davis,England,10,7,10,7,17,FALSE,FALSE,113,107,1196,1227,2715.34600844231,2696.30336766572,2700.48212788131,2612.15840316556,5,5,1,1,5,5,0.527377154453248,0.472622845546753,1,1,0.588235294117647,0.411764705882353,5.17294187147396,-5.17294187147396,2720.51895031378,2691.13042579424,114,108,1213,1244
1187492,2010-02-24 00:00:00,EventStart_Fallback,60,World Championship Qualifiers,2009,2010-02-24 00:00:00,2010-03-09 00:00:00,2009-08-01 10:00:00,matches_2009_all.csv,55,Adrian Gunnell,England,194,Joe Delaney,Ireland,55,Adrian Gunnell,England,55,Adrian Gunnell,England,10,7,10,7,17,FALSE,FALSE,82,55,796,651,2645.63455424849,2608.3955135763,2613.08503849781,2635.47991107009,5,5,1,1,5,5,0.553387005362237,0.446612994637763,1,1,0.588235294117647,0.411764705882353,2.9621045442099,-2.9621045442099,2648.5966587927,2605.43340903209,83,56,813,668
1187493,2010-02-24 00:00:00,EventStart_Fallback,60,World Championship Qualifiers,2009,2010-02-24 00:00:00,2010-03-09 00:00:00,2009-08-01 10:00:00,matches_2009_all.csv,44,Alan McManus,Scotland,173,Paul Davies,Wales,44,Alan McManus,Scotland,44,Alan McManus,Scotland,10,9,10,9,19,FALSE,FALSE,273,99,2685,1022,2678.99499696583,2621.72553104169,2687.86905897808,2636.94453942695,5,5,1,1,5,5,0.581678970194946,0.418321029805054,1,1,0.526315789473684,0.473684210526316,-5.25950216851984,5.25950216851985,2673.73549479731,2626.98503321021,274,100,2704,1041
1187494,2010-02-24 00:00:00,EventStart_Fallback,60,World Championship Qualifiers,2009,2010-02-24 00:00:00,2010-03-09 00:00:00,2009-08-01 10:00:00,matches_2009_all.csv,33,Dominic Dale,Wales,177,Rod Lawler,England,177,Rod Lawler,England,177,Rod Lawler,England,5,10,5,10,15,FALSE,FALSE,152,112,1422,1194,2698.39722451887,2666.42732156466,2644.85583858459,2667.58763048803,5,5,1,1,5,5,0.545878974667174,0.454121025332827,1,1,0.333333333333333,0.666666666666667,-15.940923100038,15.940923100038,2682.45630141883,2682.3682446647,153,113,1437,1209
1187495,2010-02-24 00:00:00,EventStart_Fallback,60,World Championship Qualifiers,2009,2010-02-24 00:00:00,2010-03-09 00:00:00,2009-08-01 10:00:00,matches_2009_all.csv,27,Martin Gould,England,64,Bjorn Haneveer,Belgium,27,Martin Gould,England,27,Martin Gould,England,10,8,10,8,18,FALSE,FALSE,33,62,388,636,2681.87957539173,2677.60570738534,2650.46999447596,2680.31898758155,5,5,1,1,5,5,0.506150280260524,0.493849719739477,1,1,0.555555555555556,0.444444444444444,4.44647477655289,-4.44647477655289,2686.32605016828,2673.15923260879,34,63,406,654
1187496,2010-02-24 00:00:00,EventStart_Fallback,60,World Championship Qualifiers,2009,2010-02-24 00:00:00,2010-03-09 00:00:00,2009-08-01 10:00:00,matches_2009_all.csv,170,Ken Doherty,Ireland,20,Jimmy White,England,170,Ken Doherty,Ireland,170,Ken Doherty,Ireland,10,3,10,3,13,FALSE,FALSE,371,385,3440,4162,2721.43213598727,2690.13890349714,2703.13268866811,2664.00730147513,5,5,1,1,5,5,0.54491319520699,0.45508680479301,1,1,0.769230769230769,0.230769230769231,14.5806423115456,-14.5806423115456,2736.01277829882,2675.5582611856,372,386,3453,4175
1187497,2010-02-24 00:00:00,EventStart_Fallback,60,World Championship Qualifiers,2009,2010-02-24 00:00:00,2010-03-09 00:00:00,2009-08-01 10:00:00,matches_2009_all.csv,115,Anthony Hamilton,England,8,Tom Ford,England,8,Tom Ford,England,8,Tom Ford,England,6,10,6,10,16,FALSE,FALSE,218,81,2023,798,2698.82038824267,2708.85882097268,2624.04111595839,2674.83174745156,5,5,1,1,5,5,0.485557552659629,0.514442447340371,1,1,0.375,0.625,-8.84460421277033,8.84460421277033,2689.9757840299,2717.70342518545,219,82,2039,814
1187498,2010-02-24 00:00:00,EventStart_Fallback,60,World Championship Qualifiers,2009,2010-02-24 00:00:00,2010-03-09 00:00:00,2009-08-01 10:00:00,matches_2009_all.csv,103,Ian McCulloch,England,41,Tony Drago,Malta,103,Ian McCulloch,England,103,Ian McCulloch,England,10,6,10,6,16,FALSE,FALSE,132,195,1397,1733,2660.87416320033,2719.00997260039,2646.80283604278,2646.0756082668,5,5,1,1,5,5,0.417108028973747,0.582891971026253,1,1,0.625,0.375,16.6313576821003,-16.6313576821003,2677.50552088243,2702.37861491829,133,196,1413,1749
1187499,2010-02-24 00:00:00,EventStart_Fallback,60,World Championship Qualifiers,2009,2010-02-24 00:00:00,2010-03-09 00:00:00,2009-08-01 10:00:00,matches_2009_all.csv,53,Jamie Burnett,Scotland,190,David Morris,Ireland,190,David Morris,Ireland,190,David Morris,Ireland,6,10,6,10,16,FALSE,FALSE,99,14,1008,159,2693.43783224279,2645.13908200521,2672.6417365714,2631.22935466077,5,5,1,1,5,5,0.569063175323586,0.430936824676414,1,1,0.375,0.625,-15.5250540258869,15.5250540258869,2677.9127782169,2660.6641360311,100,15,1024,175
1187500,2010-02-24 00:00:00,EventStart_Fallback,60,World Championship Qualifiers,2009,2010-02-24 00:00:00,2010-03-09 00:00:00,2009-08-01 10:00:00,matches_2009_all.csv,25,Andrew Higginson,England,81,Zhang Anda,China,81,Zhang Anda,China,81,Zhang Anda,China,8,10,8,10,18,FALSE,FALSE,64,12,700,90,2739.57466268129,2609.66497205665,2645.58210388717,2636.30090425438,5,5,1,1,5,5,0.67870356648185,0.321296433518151,1,1,0.444444444444444,0.555555555555556,-21.0833209833665,21.0833209833665,2718.49134169792,2630.74829304002,65,13,718,108
1187501,2010-02-24 00:00:00,EventStart_Fallback,60,World Championship Qualifiers,2009,2010-02-24 00:00:00,2010-03-09 00:00:00,2009-08-01 10:00:00,matches_2009_all.csv,50,Rory McLeod,Jamaica,283,Jin Long,China,50,Rory McLeod,Jamaica,50,Rory McLeod,Jamaica,10,3,10,3,13,FALSE,FALSE,71,26,765,266,2721.28563237025,2617.28678845575,2616.03689043853,2596.4259600223,5,5,1,1,5,5,0.645350927298775,0.354649072701225,1,1,0.769230769230769,0.230769230769231,8.0521897255796,-8.0521897255796,2729.33782209583,2609.23459873017,72,27,778,279
1187502,2010-02-24 00:00:00,EventStart_Fallback,60,World Championship Qualifiers,2009,2010-02-24 00:00:00,2010-03-09 00:00:00,2009-08-01 10:00:00,matches_2009_all.csv,179,Stuart Pettman,England,409,David Roe,England,179,Stuart Pettman,England,179,Stuart Pettman,England,10,6,10,6,16,FALSE,FALSE,88,134,873,1328,2691.25933653827,2634.58981124191,2605.0243192208,2606.77267937865,5,5,1,1,5,5,0.580838390058399,0.419161609941601,1,1,0.625,0.375,3.53292879532809,-3.53292879532809,2694.7922653336,2631.05688244658,89,135,889,1344
1187503,2010-02-24 00:00:00,EventStart_Fallback,60,World Championship Qualifiers,2009,2010-02-24 00:00:00,2010-03-09 00:00:00,2009-08-01 10:00:00,matches_2009_all.csv,204,Michael Judge,Ireland,48,Mark Joyce,England,48,Mark Joyce,England,48,Mark Joyce,England,8,10,8,10,18,FALSE,FALSE,122,22,1245,222,2696.39692924776,2630.96349718134,2663.8676581939,2604.16209010068,5,5,1,1,5,5,0.593068517641361,0.406931482358639,1,1,0.444444444444444,0.555555555555556,-13.3761665877225,13.3761665877225,2683.02076266004,2644.33966376906,123,23,1263,240
1187504,2010-02-24 00:00:00,EventStart_Fallback,60,World Championship Qualifiers,2009,2010-02-24 00:00:00,2010-03-09 00:00:00,2009-08-01 10:00:00,matches_2009_all.csv,54,Mike Dunn,England,92,Robert Milkins,England,54,Mike Dunn,England,54,Mike Dunn,England,10,8,10,8,18,FALSE,FALSE,79,97,817,973,2691.77824360402,2745.44842765014,2619.6673945167,2634.99768407562,5,5,1,1,5,5,0.42337095148198,0.576629048518021,1,1,0.555555555555556,0.444444444444444,11.8966143666218,-11.8966143666218,2703.67485797064,2733.55181328352,80,98,835,991
1187505,2010-02-24 00:00:00,EventStart_Fallback,60,World Championship Qualifiers,2009,2010-02-24 00:00:00,2010-03-09 00:00:00,2009-08-01 10:00:00,matches_2009_all.csv,36,Jimmy Michie,England,130,David Gray,England,36,Jimmy Michie,England,36,Jimmy Michie,England,10,2,10,2,12,FALSE,FALSE,99,110,996,1096,2639.57432954197,2663.47590395244,2643.16985781038,2659.49561198169,5,5,1,1,5,5,0.465657030085113,0.534342969914887,1,1,0.833333333333333,0.166666666666667,22.0605781948932,-22.0605781948932,2661.63490773687,2641.41532575754,100,111,1008,1108
1187522,2010-02-24 00:00:00,EventStart_Fallback,60,World Championship Qualifiers,2009,2010-02-24 00:00:00,2010-03-09 00:00:00,2009-08-01 10:00:00,matches_2009_all.csv,197,Lee Page,England,193,James Wattana,Thailand,193,James Wattana,Thailand,193,James Wattana,Thailand,6,10,6,10,16,FALSE,FALSE,8,244,70,2317,2587.02246237476,2698.02073017857,2605.11996469895,2698.82987360658,5,5,1,1,5,5,0.345482260372129,0.654517739627871,1,1,0.375,0.625,2.36141917022969,-2.3614191702297,2589.38388154499,2695.65931100834,9,245,86,2333
1187523,2010-02-24 00:00:00,EventStart_Fallback,60,World Championship Qualifiers,2009,2010-02-24 00:00:00,2010-03-09 00:00:00,2009-08-01 10:00:00,matches_2009_all.csv,47,Matthew Selt,England,217,Thepchaiya Un-Nooh,Thailand,47,Matthew Selt,England,47,Matthew Selt,England,10,8,10,8,18,FALSE,FALSE,31,16,299,151,2683.644290459,2648.82393225031,2633.16114797825,2645.68876620426,5,5,1,1,5,5,0.549943420580784,0.450056579419216,1,1,0.555555555555556,0.444444444444444,0.505092147729425,-0.505092147729425,2684.14938260673,2648.31884010258,32,17,317,169
1187524,2010-02-24 00:00:00,EventStart_Fallback,60,World Championship Qualifiers,2009,2010-02-24 00:00:00,2010-03-09 00:00:00,2009-08-01 10:00:00,matches_2009_all.csv,410,Stephen Rowlings,England,76,Sam Baird,England,76,Sam Baird,England,76,Sam Baird,England,6,10,6,10,16,FALSE,FALSE,7,9,64,82,2608.77859389716,2646.16676330626,2600,2628.96809627591,5,5,1,1,5,5,0.446400837611803,0.553599162388197,1,1,0.375,0.625,-5.71206700894422,5.71206700894422,2603.06652688821,2651.87883031521,8,10,80,98
1187525,2010-02-24 00:00:00,EventStart_Fallback,60,World Championship Qualifiers,2009,2010-02-24 00:00:00,2010-03-09 00:00:00,2009-08-01 10:00:00,matches_2009_all.csv,99,Lee Spick,England,7,Joe Jogia,England,7,Joe Jogia,England,7,Joe Jogia,England,8,10,8,10,18,FALSE,FALSE,38,45,485,491,2664.49714091284,2616.69662504527,2648.63395658008,2606.88305733108,5,5,1,1,5,5,0.568359699452641,0.431640300547359,1,1,0.444444444444444,0.555555555555556,-11.1523729507377,11.1523729507377,2653.3447679621,2627.84899799601,39,46,503,509
1187526,2010-02-24 00:00:00,EventStart_Fallback,60,World Championship Qualifiers,2009,2010-02-24 00:00:00,2010-03-09 00:00:00,2009-08-01 10:00:00,matches_2009_all.csv,478,Noppadol Sangnil,Thailand,171,Michael White,Wales,478,Noppadol Sangnil,Thailand,478,Noppadol Sangnil,Thailand,10,9,10,9,19,FALSE,FALSE,10,15,98,159,2607.11604049505,2663.05379178238,2600,2652.5398561384,5,5,1,1,5,5,0.420187537655384,0.579812462344616,1,1,0.526315789473684,0.473684210526316,10.0821839227386,-10.0821839227386,2617.19822441779,2652.97160785964,11,16,117,178
1187527,2010-02-24 00:00:00,EventStart_Fallback,60,World Championship Qualifiers,2009,2010-02-24 00:00:00,2010-03-09 00:00:00,2009-08-01 10:00:00,matches_2009_all.csv,64,Bjorn Haneveer,Belgium,58,Jordan Brown,Northern Ireland,64,Bjorn Haneveer,Belgium,64,Bjorn Haneveer,Belgium,10,9,10,9,19,FALSE,FALSE,63,8,654,85,2673.15923260879,2636.47878160585,2680.31898758155,2646.71721047331,5,5,1,1,5,5,0.552592159176533,0.447407840823467,1,1,0.526315789473684,0.473684210526316,-2.49625512177067,2.49625512177067,2670.66297748702,2638.97503672762,64,9,673,104
1187528,2010-02-24 00:00:00,EventStart_Fallback,60,World Championship Qualifiers,2009,2010-02-24 00:00:00,2010-03-09 00:00:00,2009-08-01 10:00:00,matches_2009_all.csv,56,Patrick Wallace,Northern Ireland,476,Mark Boyle,Scotland,476,Mark Boyle,Scotland,476,Mark Boyle,Scotland,7,10,7,10,17,FALSE,FALSE,71,6,763,55,2680.8884357174,2576.23705941668,2661.4666052822,2600,5,5,1,1,5,5,0.646210168264555,0.353789831735445,1,1,0.411764705882353,0.588235294117647,-19.9278643024872,19.9278643024872,2660.96057141492,2596.16492371916,72,7,780,72
1187529,2010-02-24 00:00:00,EventStart_Fallback,60,World Championship Qualifiers,2009,2010-02-24 00:00:00,2010-03-09 00:00:00,2009-08-01 10:00:00,matches_2009_all.csv,295,Li Hang,China,477,David Hogan,Ireland,477,David Hogan,Ireland,477,David Hogan,Ireland,9,10,9,10,19,FALSE,FALSE,17,6,156,66,2634.00410322163,2588.6437690222,2627.4398700366,2579.460545201,5,5,1,1,5,5,0.564910381748396,0.435089618251604,1,1,0.473684210526316,0.526315789473684,-8.6664862660976,8.6664862660976,2625.33761695553,2597.31025528829,18,7,175,85
1187530,2010-02-24 00:00:00,EventStart_Fallback,60,World Championship Qualifiers,2009,2010-02-24 00:00:00,2010-03-09 00:00:00,2009-08-01 10:00:00,matches_2009_all.csv,24,Xiao Guodong,China,41,Tony Drago,Malta,41,Tony Drago,Malta,41,Tony Drago,Malta,9,10,9,10,19,FALSE,FALSE,22,196,198,1749,2665.02569391394,2702.37861491829,2639.14832151539,2646.0756082668,5,5,1,1,5,5,0.446450981766105,0.553549018233895,1,1,0.473684210526316,0.526315789473684,2.58715673222001,-2.58715673222001,2667.61285064616,2699.79145818607,23,197,217,1768
1187531,2010-02-24 00:00:00,EventStart_Fallback,60,World Championship Qualifiers,2009,2010-02-24 00:00:00,2010-03-09 00:00:00,2009-08-01 10:00:00,matches_2009_all.csv,69,Chris Norbury,England,306,Mei Xiwen,China,306,Mei Xiwen,China,306,Mei Xiwen,China,4,10,4,10,14,FALSE,FALSE,14,7,130,54,2581.38199703545,2607.0332694452,2579.10098511936,2634.45561448144,5,5,1,1,5,5,0.463151779410613,0.536848220589387,1,1,0.285714285714286,0.714285714285714,-12.4206245587429,12.4206245587429,2568.9613724767,2619.45389400394,15,8,144,68
1187532,2010-02-24 00:00:00,EventStart_Fallback,60,World Championship Qualifiers,2009,2010-02-24 00:00:00,2010-03-09 00:00:00,2009-08-01 10:00:00,matches_2009_all.csv,131,Craig Steadman,England,81,Zhang Anda,China,81,Zhang Anda,China,81,Zhang Anda,China,4,10,4,10,14,FALSE,FALSE,13,13,147,108,2639.11567727792,2630.74829304002,2613.44142902294,2636.30090425438,5,5,1,1,5,5,0.512039306359037,0.487960693640964,1,1,0.285714285714286,0.714285714285714,-15.8427514451326,15.8427514451326,2623.27292583278,2646.59104448515,14,14,161,122
1187533,2010-02-24 00:00:00,EventStart_Fallback,60,World Championship Qualifiers,2009,2010-02-24 00:00:00,2010-03-09 00:00:00,2009-08-01 10:00:00,matches_2009_all.csv,29,Matthew Couch,England,473,Brendan O'Donoghue,Ireland,473,Brendan O'Donoghue,Ireland,473,Brendan O'Donoghue,Ireland,8,10,8,10,18,FALSE,FALSE,57,8,660,81,2627.61472744694,2601.06789001725,2633.41811665594,2600,5,5,1,1,5,5,0.538129796160658,0.461870203839342,1,1,0.444444444444444,0.555555555555556,-8.4316816544592,8.4316816544592,2619.18304579249,2609.49957167171,58,9,678,99
1187534,2010-02-24 00:00:00,EventStart_Fallback,60,World Championship Qualifiers,2009,2010-02-24 00:00:00,2010-03-09 00:00:00,2009-08-01 10:00:00,matches_2009_all.csv,19,Ben Woollaston,England,60,Andrew Norman,England,19,Ben Woollaston,England,19,Ben Woollaston,England,10,5,10,5,15,FALSE,FALSE,29,61,249,568,2609.64462687412,2585.9136006641,2581.46877982197,2652.53313967996,5,5,1,1,5,5,0.534098681027932,0.465901318972068,1,1,0.666666666666667,0.333333333333333,9.94259892290513,-9.94259892290513,2619.58722579702,2575.9710017412,30,62,264,583
1187535,2010-02-24 00:00:00,EventStart_Fallback,60,World Championship Qualifiers,2009,2010-02-24 00:00:00,2010-03-09 00:00:00,2009-08-01 10:00:00,matches_2009_all.csv,474,Atthasit Mahitthi,Thailand,93,Jimmy Robertson,England,93,Jimmy Robertson,England,93,Jimmy Robertson,England,4,10,4,10,14,FALSE,FALSE,30,19,283,182,2628.97051386257,2642.49952168621,2617.91989712206,2627.98344251577,5,5,1,1,5,5,0.480540027347086,0.519459972652914,1,1,0.285714285714286,0.714285714285714,-13.637801914296,13.637801914296,2615.33271194827,2656.13732360051,31,20,297,196
1187536,2010-02-24 00:00:00,EventStart_Fallback,60,World Championship Qualifiers,2009,2010-02-24 00:00:00,2010-03-09 00:00:00,2009-08-01 10:00:00,matches_2009_all.csv,119,Simon Bedford,England,475,Ian Preece,Wales,119,Simon Bedford,England,119,Simon Bedford,England,10,4,10,4,14,FALSE,FALSE,63,23,704,281,2681.17128141238,2605.8001895759,2690.48946544146,2611.63247026104,5,5,1,1,5,5,0.606797619323723,0.393202380676277,1,1,0.714285714285714,0.285714285714286,7.52416664733939,-7.52416664733939,2688.69544805972,2598.27602292856,64,24,718,295
1187537,2010-02-24 00:00:00,EventStart_Fallback,60,World Championship Qualifiers,2009,2010-02-24 00:00:00,2010-03-09 00:00:00,2009-08-01 10:00:00,matches_2009_all.csv,32,Daniel Wells,Wales,130,David Gray,England,130,David Gray,England,130,David Gray,England,7,10,7,10,17,FALSE,FALSE,14,111,165,1108,2639.30244935883,2641.41532575754,2629.1957811392,2659.49561198169,5,5,1,1,5,5,0.496959363921747,0.503040636078253,1,1,0.411764705882353,0.588235294117647,-7.24154593334848,7.24154593334848,2632.06090342548,2648.65687169089,15,112,182,1125
1188357,2010-02-24 00:00:00,EventStart_Fallback,60,World Championship Qualifiers,2009,2010-02-24 00:00:00,2010-03-09 00:00:00,2009-08-01 10:00:00,matches_2009_all.csv,449,Les Dodd,England,488,Philip Minchin,England,449,Les Dodd,England,449,Les Dodd,England,5,0,5,0,5,FALSE,FALSE,50,1,543,7,2575.80417447965,2591.59229729226,2609.49789098764,2600,5,5,1,1,5,5,0.477294691247445,0.522705308752556,1,1,1,0,13.0676327188139,-13.0676327188139,2588.87180719847,2578.52466457345,51,2,548,12
1188358,2010-02-24 00:00:00,EventStart_Fallback,60,World Championship Qualifiers,2009,2010-02-24 00:00:00,2010-03-09 00:00:00,2009-08-01 10:00:00,matches_2009_all.csv,500,Paul Wykes,England,452,David Taylor,England,500,Paul Wykes,England,500,Paul Wykes,England,5,1,5,1,6,FALSE,FALSE,53,71,612,753,2635.84905503312,2557.28086669528,2621.20785038523,2598.5543835776,5,5,1,1,5,5,0.611179963145589,0.388820036854411,1,1,0.833333333333333,0.166666666666667,6.66460110563233,-6.66460110563233,2642.51365613875,2550.61626558965,54,72,618,759
1188359,2010-02-24 00:00:00,EventStart_Fallback,60,World Championship Qualifiers,2009,2010-02-24 00:00:00,2010-03-09 00:00:00,2009-08-01 10:00:00,matches_2009_all.csv,385,David Singh,India,490,Colin Mitchell,England,385,David Singh,India,385,David Singh,India,5,2,5,2,7,FALSE,FALSE,7,5,53,45,2594.18845656061,2581.43844800827,2607.04213284983,2600,5,5,1,1,5,5,0.518340504925661,0.481659495074339,1,1,0.714285714285714,0.285714285714286,6.85808232760188,-6.85808232760188,2601.04653888821,2574.58036568067,8,6,60,52
1188360,2010-02-24 00:00:00,EventStart_Fallback,60,World Championship Qualifiers,2009,2010-02-24 00:00:00,2010-03-09 00:00:00,2009-08-01 10:00:00,matches_2009_all.csv,486,Ali Bassiri,England,483,Neil Selman,England,483,Neil Selman,England,483,Neil Selman,England,1,5,1,5,6,FALSE,FALSE,4,13,22,102,2560.85122930878,2584.91317309781,2600,2600,5,5,1,1,5,5,0.46542733610774,0.53457266389226,1,1,0.166666666666667,0.833333333333333,-8.96282008323219,8.96282008323219,2551.88840922555,2593.87599318104,5,14,28,108
1188362,2010-02-24 00:00:00,EventStart_Fallback,60,World Championship Qualifiers,2009,2010-02-24 00:00:00,2010-03-09 00:00:00,2009-08-01 10:00:00,matches_2009_all.csv,447,Del Smith,England,487,Phil Seaton,England,447,Del Smith,England,447,Del Smith,England,5,2,5,2,7,FALSE,FALSE,10,11,106,88,2595.02162161283,2590.37047426948,2600,2600,5,5,1,1,5,5,0.506693139256658,0.493306860743342,1,1,0.714285714285714,0.285714285714286,7.26574012601698,-7.26574012601698,2602.28736173885,2583.10473414346,11,12,113,95
1188363,2010-02-24 00:00:00,EventStart_Fallback,60,World Championship Qualifiers,2009,2010-02-24 00:00:00,2010-03-09 00:00:00,2009-08-01 10:00:00,matches_2009_all.csv,504,Bill Oliver,England,501,Nic Barrow,England,501,Nic Barrow,England,501,Nic Barrow,England,1,5,1,5,6,FALSE,FALSE,19,4,164,50,2551.28552996051,2605.70186709541,2600,2600,5,5,1,1,5,5,0.422322718970209,0.577677281029791,1,1,0.166666666666667,0.833333333333333,-7.66968156910626,7.66968156910626,2543.6158483914,2613.37154866451,20,5,170,56
1188364,2010-02-24 00:00:00,EventStart_Fallback,60,World Championship Qualifiers,2009,2010-02-24 00:00:00,2010-03-09 00:00:00,2009-08-01 10:00:00,matches_2009_all.csv,110,Stephen Ormerod,England,484,Paul Cavney,England,110,Stephen Ormerod,England,110,Stephen Ormerod,England,5,4,5,4,9,FALSE,FALSE,9,10,64,154,2515.43725085275,2592.16386073879,2511.48256116424,2600,5,5,1,1,5,5,0.391342191800731,0.608657808199269,1,1,0.555555555555556,0.444444444444444,7.38960136896709,-7.38960136896709,2522.82685222172,2584.77425936982,10,11,73,163
1188365,2010-02-24 00:00:00,EventStart_Fallback,60,World Championship Qualifiers,2009,2010-02-24 00:00:00,2010-03-09 00:00:00,2009-08-01 10:00:00,matches_2009_all.csv,37,Peter Lines,England,193,James Wattana,Thailand,193,James Wattana,Thailand,193,James Wattana,Thailand,8,10,8,10,18,FALSE,FALSE,64,245,716,2333,2684.09614325364,2695.65931100834,2623.24680930579,2698.82987360658,5,5,1,1,5,5,0.483365405289174,0.516634594710826,1,1,0.444444444444444,0.555555555555556,-3.50288647602569,3.50288647602568,2680.59325677761,2699.16219748437,65,246,734,2351
1188366,2010-02-24 00:00:00,EventStart_Fallback,60,World Championship Qualifiers,2009,2010-02-24 00:00:00,2010-03-09 00:00:00,2009-08-01 10:00:00,matches_2009_all.csv,6,Barry Pinches,England,47,Matthew Selt,England,6,Barry Pinches,England,6,Barry Pinches,England,10,8,10,8,18,FALSE,FALSE,108,32,1244,317,2691.13042579424,2684.14938260673,2612.15840316556,2633.16114797825,5,5,1,1,5,5,0.510045176922449,0.489954823077552,1,1,0.555555555555556,0.444444444444444,4.09593407697964,-4.09593407697964,2695.22635987122,2680.05344852975,109,33,1262,335
1188367,2010-02-24 00:00:00,EventStart_Fallback,60,World Championship Qualifiers,2009,2010-02-24 00:00:00,2010-03-09 00:00:00,2009-08-01 10:00:00,matches_2009_all.csv,194,Joe Delaney,Ireland,76,Sam Baird,England,194,Joe Delaney,Ireland,194,Joe Delaney,Ireland,10,0,10,0,10,FALSE,FALSE,56,10,668,98,2605.43340903209,2651.87883031521,2635.47991107009,2628.96809627591,5,5,1,1,5,5,0.433554997350985,0.566445002649015,1,1,1,0,28.3222501324507,-28.3222501324507,2633.75565916454,2623.55658018276,57,11,678,108
1188368,2010-02-24 00:00:00,EventStart_Fallback,60,World Championship Qualifiers,2009,2010-02-24 00:00:00,2010-03-09 00:00:00,2009-08-01 10:00:00,matches_2009_all.csv,173,Paul Davies,Wales,7,Joe Jogia,England,173,Paul Davies,Wales,173,Paul Davies,Wales,10,7,10,7,17,FALSE,FALSE,100,46,1041,509,2626.98503321021,2627.84899799601,2636.94453942695,2606.88305733108,5,5,1,1,5,5,0.498756657289884,0.501243342710116,1,1,0.588235294117647,0.411764705882353,7.60568413035985,-7.60568413035985,2634.59071734057,2620.24331386565,101,47,1058,526
1188369,2010-02-24 00:00:00,EventStart_Fallback,60,World Championship Qualifiers,2009,2010-02-24 00:00:00,2010-03-09 00:00:00,2009-08-01 10:00:00,matches_2009_all.csv,177,Rod Lawler,England,478,Noppadol Sangnil,Thailand,177,Rod Lawler,England,177,Rod Lawler,England,10,7,10,7,17,FALSE,FALSE,113,11,1209,117,2682.3682446647,2617.19822441779,2667.58763048803,2600,5,5,1,1,5,5,0.5927025199667,0.4072974800333,1,1,0.588235294117647,0.411764705882353,-0.379714197169463,0.379714197169463,2681.98853046753,2617.57793861496,114,12,1226,134
1188370,2010-02-24 00:00:00,EventStart_Fallback,60,World Championship Qualifiers,2009,2010-02-24 00:00:00,2010-03-09 00:00:00,2009-08-01 10:00:00,matches_2009_all.csv,118,David Gilbert,England,64,Bjorn Haneveer,Belgium,64,Bjorn Haneveer,Belgium,64,Bjorn Haneveer,Belgium,6,10,6,10,16,FALSE,FALSE,48,64,508,673,2682.42205731192,2670.66297748702,2640.13548987234,2680.31898758155,5,5,1,1,5,5,0.516916217468191,0.48308378253181,1,1,0.375,0.625,-11.3532973974552,11.3532973974552,2671.06875991447,2682.01627488447,49,65,524,689
1188371,2010-02-24 00:00:00,EventStart_Fallback,60,World Championship Qualifiers,2009,2010-02-24 00:00:00,2010-03-09 00:00:00,2009-08-01 10:00:00,matches_2009_all.csv,20,Jimmy White,England,476,Mark Boyle,Scotland,20,Jimmy White,England,20,Jimmy White,England,10,8,10,8,18,FALSE,FALSE,386,7,4175,72,2675.5582611856,2596.16492371916,2664.00730147513,2600,5,5,1,1,5,5,0.61230813635422,0.387691863645781,1,1,0.555555555555556,0.444444444444444,-5.10773227187975,5.10773227187975,2670.45052891372,2601.27265599104,387,8,4193,90
1188372,2010-02-24 00:00:00,EventStart_Fallback,60,World Championship Qualifiers,2009,2010-02-24 00:00:00,2010-03-09 00:00:00,2009-08-01 10:00:00,matches_2009_all.csv,8,Tom Ford,England,477,David Hogan,Ireland,8,Tom Ford,England,8,Tom Ford,England,10,3,10,3,13,FALSE,FALSE,82,7,814,85,2717.70342518545,2597.31025528829,2674.83174745156,2579.460545201,5,5,1,1,5,5,0.666642580720215,0.333357419279785,1,1,0.769230769230769,0.230769230769231,6.66823225318604,-6.66823225318603,2724.37165743863,2590.64202303511,83,8,827,98
1188373,2010-02-24 00:00:00,EventStart_Fallback,60,World Championship Qualifiers,2009,2010-02-24 00:00:00,2010-03-09 00:00:00,2009-08-01 10:00:00,matches_2009_all.csv,46,Liu Song,China,41,Tony Drago,Malta,41,Tony Drago,Malta,41,Tony Drago,Malta,7,10,7,10,17,FALSE,FALSE,32,197,329,1768,2652.90911200686,2699.79145818607,2644.26678493922,2646.0756082668,5,5,1,1,5,5,0.432937419611381,0.567062580388619,1,1,0.411764705882353,0.588235294117647,-1.79968066696738,1.79968066696738,2651.10943133989,2701.59113885303,33,198,346,1785
1188374,2010-02-24 00:00:00,EventStart_Fallback,60,World Championship Qualifiers,2009,2010-02-24 00:00:00,2010-03-09 00:00:00,2009-08-01 10:00:00,matches_2009_all.csv,190,David Morris,Ireland,306,Mei Xiwen,China,190,David Morris,Ireland,190,David Morris,Ireland,10,8,10,8,18,FALSE,FALSE,15,8,175,68,2660.6641360311,2619.45389400394,2631.22935466077,2634.45561448144,5,5,1,1,5,5,0.559029736073133,0.440970263926867,1,1,0.555555555555556,0.444444444444444,-0.31267624658196,0.31267624658196,2660.35145978452,2619.76657025052,16,9,193,86
1188375,2010-02-24 00:00:00,EventStart_Fallback,60,World Championship Qualifiers,2009,2010-02-24 00:00:00,2010-03-09 00:00:00,2009-08-01 10:00:00,matches_2009_all.csv,408,John Parrott,England,81,Zhang Anda,China,81,Zhang Anda,China,81,Zhang Anda,China,6,10,6,10,16,FALSE,FALSE,322,14,3330,122,2649.98550194713,2646.59104448515,2675.90153149846,2636.30090425438,5,5,1,1,5,5,0.504884861544397,0.495115138455603,1,1,0.375,0.625,-10.3907889235517,10.3907889235517,2639.59471302358,2656.9818334087,323,15,3346,138
1188376,2010-02-24 00:00:00,EventStart_Fallback,60,World Championship Qualifiers,2009,2010-02-24 00:00:00,2010-03-09 00:00:00,2009-08-01 10:00:00,matches_2009_all.csv,283,Jin Long,China,473,Brendan O'Donoghue,Ireland,283,Jin Long,China,283,Jin Long,China,10,6,10,6,16,FALSE,FALSE,27,9,279,99,2609.23459873017,2609.49957167171,2596.4259600223,2600,5,5,1,1,5,5,0.499618673358154,0.500381326641846,1,1,0.625,0.375,10.0305061313477,-10.0305061313477,2619.26510486152,2599.46906554036,28,10,295,115
1188377,2010-02-24 00:00:00,EventStart_Fallback,60,World Championship Qualifiers,2009,2010-02-24 00:00:00,2010-03-09 00:00:00,2009-08-01 10:00:00,matches_2009_all.csv,409,David Roe,England,19,Ben Woollaston,England,409,David Roe,England,409,David Roe,England,10,9,10,9,19,FALSE,FALSE,135,30,1344,264,2631.05688244658,2619.58722579702,2606.77267937865,2581.46877982197,5,5,1,1,5,5,0.516500169163383,0.483499830836617,1,1,0.526315789473684,0.473684210526316,0.932483929478609,-0.932483929478609,2631.98936637606,2618.65474186754,136,31,1363,283
1188378,2010-02-24 00:00:00,EventStart_Fallback,60,World Championship Qualifiers,2009,2010-02-24 00:00:00,2010-03-09 00:00:00,2009-08-01 10:00:00,matches_2009_all.csv,48,Mark Joyce,England,93,Jimmy Robertson,England,48,Mark Joyce,England,48,Mark Joyce,England,10,9,10,9,19,FALSE,FALSE,23,20,240,196,2644.33966376906,2656.13732360051,2604.16209010068,2627.98344251577,5,5,1,1,5,5,0.48302832519923,0.51697167480077,1,1,0.526315789473684,0.473684210526316,4.11230910607317,-4.11230910607317,2648.45197287514,2652.02501449443,24,21,259,215
1188379,2010-02-24 00:00:00,EventStart_Fallback,60,World Championship Qualifiers,2009,2010-02-24 00:00:00,2010-03-09 00:00:00,2009-08-01 10:00:00,matches_2009_all.csv,92,Robert Milkins,England,119,Simon Bedford,England,92,Robert Milkins,England,92,Robert Milkins,England,10,6,10,6,16,FALSE,FALSE,98,64,991,718,2733.55181328352,2688.69544805972,2634.99768407562,2690.48946544146,5,5,1,1,5,5,0.564197201574752,0.435802798425248,1,1,0.625,0.375,4.86422387401984,-4.86422387401984,2738.41603715754,2683.8312241857,99,65,1007,734
1188380,2010-02-24 00:00:00,EventStart_Fallback,60,World Championship Qualifiers,2009,2010-02-24 00:00:00,2010-03-09 00:00:00,2009-08-01 10:00:00,matches_2009_all.csv,51,Andy Hicks,England,130,David Gray,England,130,David Gray,England,130,David Gray,England,7,10,7,10,17,FALSE,FALSE,137,112,1479,1125,2675.72588559631,2648.65687169089,2680.11629308963,2659.49561198169,5,5,1,1,5,5,0.538876812128735,0.461123187871265,1,1,0.411764705882353,0.588235294117647,-10.8045290309425,10.8045290309425,2664.92135656537,2659.46140072183,138,113,1496,1142
1188381,2010-02-24 00:00:00,EventStart_Fallback,60,World Championship Qualifiers,2009,2010-02-24 00:00:00,2010-03-09 00:00:00,2009-08-01 10:00:00,matches_2009_all.csv,9,Matthew Stevens,Wales,11,Marcus Campbell,Scotland,11,Marcus Campbell,Scotland,11,Marcus Campbell,Scotland,9,10,9,10,19,FALSE,FALSE,219,96,2171,979,2712.7798672463,2701.2117177752,2721.75373792231,2640.66687405255,5,5,1,1,5,5,0.516641756038375,0.483358243961625,1,1,0.473684210526316,0.526315789473684,-4.08096682364566,4.08096682364566,2708.69890042266,2705.29268459885,220,97,2190,998
1188382,2010-02-24 00:00:00,EventStart_Fallback,60,World Championship Qualifiers,2009,2010-02-24 00:00:00,2010-03-09 00:00:00,2009-08-01 10:00:00,matches_2009_all.csv,31,Dave Harold,England,15,Mark Davis,England,15,Mark Davis,England,15,Mark Davis,England,7,10,7,10,17,FALSE,FALSE,214,114,1912,1213,2654.23826274125,2720.51895031378,2701.35835862953,2700.48212788131,5,5,1,1,5,5,0.40575496507776,0.59424503492224,1,1,0.411764705882353,0.588235294117647,0.510827968390388,-0.510827968390393,2654.74909070964,2720.00812234539,215,115,1929,1230
1188383,2010-02-24 00:00:00,EventStart_Fallback,60,World Championship Qualifiers,2009,2010-02-24 00:00:00,2010-03-09 00:00:00,2009-08-01 10:00:00,matches_2009_all.csv,212,Steve Davis,England,55,Adrian Gunnell,England,212,Steve Davis,England,212,Steve Davis,England,10,4,10,4,14,FALSE,FALSE,454,83,4618,813,2681.91364714641,2648.5966587927,2674.65788820987,2613.08503849781,5,5,1,1,5,5,0.547800570941678,0.452199429058322,1,1,0.714285714285714,0.285714285714286,11.6539600340825,-11.6539600340825,2693.56760718049,2636.94269875862,455,84,4632,827
1188384,2010-02-24 00:00:00,EventStart_Fallback,60,World Championship Qualifiers,2009,2010-02-24 00:00:00,2010-03-09 00:00:00,2009-08-01 10:00:00,matches_2009_all.csv,63,Fergal O'Brien,Ireland,44,Alan McManus,Scotland,63,Fergal O'Brien,Ireland,63,Fergal O'Brien,Ireland,10,4,10,4,14,FALSE,FALSE,164,274,1552,2704,2701.99362692571,2673.73549479731,2692.3706339272,2687.86905897808,5,5,1,1,5,5,0.54057728589805,0.45942271410195,1,1,0.714285714285714,0.285714285714286,12.1595899871365,-12.1595899871365,2714.15321691285,2661.57590481017,165,275,1566,2718
1188385,2010-02-24 00:00:00,EventStart_Fallback,60,World Championship Qualifiers,2009,2010-02-24 00:00:00,2010-03-09 00:00:00,2009-08-01 10:00:00,matches_2009_all.csv,200,Liang Wenbo,China,177,Rod Lawler,England,200,Liang Wenbo,China,200,Liang Wenbo,China,10,2,10,2,12,FALSE,FALSE,64,114,544,1226,2743.64545714465,2681.98853046753,2685.07686582305,2667.58763048803,5,5,1,1,5,5,0.587811560895565,0.412188439104435,1,1,0.833333333333333,0.166666666666667,14.7313063462661,-14.7313063462661,2758.37676349091,2667.25722412127,65,115,556,1238
1188386,2010-02-24 00:00:00,EventStart_Fallback,60,World Championship Qualifiers,2009,2010-02-24 00:00:00,2010-03-09 00:00:00,2009-08-01 10:00:00,matches_2009_all.csv,14,Nigel Bond,England,27,Martin Gould,England,27,Martin Gould,England,27,Martin Gould,England,4,10,4,10,14,FALSE,FALSE,234,34,2223,406,2691.20390084253,2686.32605016828,2698.84872106548,2650.46999447596,5,5,1,1,5,5,0.507019330218163,0.492980669781837,1,1,0.285714285714286,0.714285714285714,-15.4913531152714,15.4913531152714,2675.71254772726,2701.81740328356,235,35,2237,420
1188387,2010-02-24 00:00:00,EventStart_Fallback,60,World Championship Qualifiers,2009,2010-02-24 00:00:00,2010-03-09 00:00:00,2009-08-01 10:00:00,matches_2009_all.csv,35,Joe Swail,Northern Ireland,170,Ken Doherty,Ireland,170,Ken Doherty,Ireland,170,Ken Doherty,Ireland,1,10,1,10,11,FALSE,FALSE,228,372,2072,3453,2701.11744958031,2736.01277829882,2661.36017761865,2703.13268866811,5,5,1,1,5,5,0.449949766958613,0.550050233041387,1,1,0.0909090909090909,0.909090909090909,-19.7472371827237,19.7472371827237,2681.37021239758,2755.76001548154,229,373,2083,3464
1188388,2010-02-24 00:00:00,EventStart_Fallback,60,World Championship Qualifiers,2009,2010-02-24 00:00:00,2010-03-09 00:00:00,2009-08-01 10:00:00,matches_2009_all.csv,12,Judd Trump,England,8,Tom Ford,England,8,Tom Ford,England,8,Tom Ford,England,3,10,3,10,13,FALSE,FALSE,85,83,634,827,2783.40668117194,2724.37165743863,2671.03286202276,2674.83174745156,5,5,1,1,5,5,0.584149935185305,0.415850064814696,1,1,0.230769230769231,0.769230769230769,-22.9697457870448,22.9697457870448,2760.43693538489,2747.34140322568,86,84,647,840
1188389,2010-02-24 00:00:00,EventStart_Fallback,60,World Championship Qualifiers,2009,2010-02-24 00:00:00,2010-03-09 00:00:00,2009-08-01 10:00:00,matches_2009_all.csv,16,Barry Hawkins,England,103,Ian McCulloch,England,16,Barry Hawkins,England,16,Barry Hawkins,England,10,7,10,7,17,FALSE,FALSE,159,133,1332,1413,2705.1447345156,2677.50552088243,2665.51914316575,2646.80283604278,5,5,1,1,5,5,0.539692329761549,0.460307670238451,1,1,0.588235294117647,0.411764705882353,4.1261519702683,-4.12615197026831,2709.27088648587,2673.37936891217,160,134,1349,1430
1188390,2010-02-24 00:00:00,EventStart_Fallback,60,World Championship Qualifiers,2009,2010-02-24 00:00:00,2010-03-09 00:00:00,2009-08-01 10:00:00,matches_2009_all.csv,125,Michael Holt,England,190,David Morris,Ireland,125,Michael Holt,England,125,Michael Holt,England,10,6,10,6,16,FALSE,FALSE,126,16,1188,193,2677.90736202818,2660.35145978452,2628.20216001758,2631.22935466077,5,5,1,1,5,5,0.525243493373676,0.474756506626324,1,1,0.625,0.375,7.98052053010593,-7.98052053010593,2685.88788255829,2652.37093925441,127,17,1204,209
1188391,2010-02-24 00:00:00,EventStart_Fallback,60,World Championship Qualifiers,2009,2010-02-24 00:00:00,2010-03-09 00:00:00,2009-08-01 10:00:00,matches_2009_all.csv,62,Ricky Walden,England,81,Zhang Anda,China,81,Zhang Anda,China,81,Zhang Anda,China,8,10,8,10,18,FALSE,FALSE,126,15,1150,138,2741.29535099285,2656.9818334087,2670.11557323151,2636.30090425438,5,5,1,1,5,5,0.619009840158889,0.380990159841111,1,1,0.444444444444444,0.555555555555556,-15.7108856143,15.7108856143,2725.58446537855,2672.692719023,127,16,1168,156
1188392,2010-02-24 00:00:00,EventStart_Fallback,60,World Championship Qualifiers,2009,2010-02-24 00:00:00,2010-03-09 00:00:00,2009-08-01 10:00:00,matches_2009_all.csv,38,Gerard Greene,Northern Ireland,50,Rory McLeod,Jamaica,38,Gerard Greene,Northern Ireland,38,Gerard Greene,Northern Ireland,10,9,10,9,19,FALSE,FALSE,116,72,1060,778,2725.1913083764,2729.33782209583,2650.07103492475,2616.03689043853,5,5,1,1,5,5,0.494032970378602,0.505967029621398,1,1,0.526315789473684,0.473684210526316,3.06686781403284,-3.06686781403283,2728.25817619043,2726.2709542818,117,73,1079,797
1188393,2010-02-24 00:00:00,EventStart_Fallback,60,World Championship Qualifiers,2009,2010-02-24 00:00:00,2010-03-09 00:00:00,2009-08-01 10:00:00,matches_2009_all.csv,30,Stuart Bingham,England,179,Stuart Pettman,England,179,Stuart Pettman,England,179,Stuart Pettman,England,2,10,2,10,12,FALSE,FALSE,163,89,1497,889,2723.85508115818,2694.7922653336,2664.72075429549,2605.0243192208,5,5,1,1,5,5,0.541727473700467,0.458272526299533,1,1,0.166666666666667,0.833333333333333,-22.503648422028,22.503648422028,2701.35143273615,2717.29591375563,164,90,1509,901
1188394,2010-02-24 00:00:00,EventStart_Fallback,60,World Championship Qualifiers,2009,2010-02-24 00:00:00,2010-03-09 00:00:00,2009-08-01 10:00:00,matches_2009_all.csv,3,Jamie Cope,England,48,Mark Joyce,England,3,Jamie Cope,England,3,Jamie Cope,England,10,5,10,5,15,FALSE,FALSE,125,24,920,259,2752.72207588939,2648.45197287514,2642.34302814736,2604.16209010068,5,5,1,1,5,5,0.645708229863906,0.354291770136094,1,1,0.666666666666667,0.333333333333333,1.57188276020708,-1.57188276020708,2754.2939586496,2646.88009011493,126,25,935,274
1188395,2010-02-24 00:00:00,EventStart_Fallback,60,World Championship Qualifiers,2009,2010-02-24 00:00:00,2010-03-09 00:00:00,2009-08-01 10:00:00,matches_2009_all.csv,13,Stephen Lee,England,54,Mike Dunn,England,13,Stephen Lee,England,13,Stephen Lee,England,10,2,10,2,12,FALSE,FALSE,247,80,2347,835,2702.18995757143,2703.67485797064,2693.21413052306,2619.6673945167,5,5,1,1,5,5,0.497863069558741,0.50213693044126,1,1,0.833333333333333,0.166666666666667,20.1282158264756,-20.1282158264756,2722.31817339791,2683.54664214417,248,81,2359,847
1188396,2010-02-24 00:00:00,EventStart_Fallback,60,World Championship Qualifiers,2009,2010-02-24 00:00:00,2010-03-09 00:00:00,2009-08-01 10:00:00,matches_2009_all.csv,52,Graeme Dott,Scotland,36,Jimmy Michie,England,52,Graeme Dott,Scotland,52,Graeme Dott,Scotland,10,5,10,5,15,FALSE,FALSE,192,100,1889,1008,2712.89357824207,2661.63490773687,2677.78458092588,2643.16985781038,5,5,1,1,5,5,0.573236561299615,0.426763438700385,1,1,0.666666666666667,0.333333333333333,7.00725790252888,-7.00725790252888,2719.90083614459,2654.62764983434,193,101,1904,1023
8321430,2010-03-22 00:00:00,EventStart_Fallback,1690,Championship League - Group 7,2009,2010-03-22 00:00:00,2010-03-23 00:00:00,2023-11-28 12:04:59,matches_2009_all.csv,42,Peter Ebdon,England,35,Joe Swail,Northern Ireland,42,Peter Ebdon,England,42,Peter Ebdon,England,3,1,3,1,4,FALSE,FALSE,318,229,3097,2083,2731.66200251613,2681.37021239758,2730.0833810011,2661.36017761865,5,5,1,1,5,5,0.571874409595979,0.428125590404021,1,1,0.75,0.25,3.56251180808042,-3.56251180808042,2735.22451432421,2677.8077005895,319,230,3101,2087
8321431,2010-03-22 00:00:00,EventStart_Fallback,1690,Championship League - Group 7,2009,2010-03-22 00:00:00,2010-03-23 00:00:00,2023-11-28 12:04:59,matches_2009_all.csv,1,Mark J Williams,Wales,3,Jamie Cope,England,1,Mark J Williams,Wales,1,Mark J Williams,Wales,3,0,3,0,3,FALSE,FALSE,341,126,3103,935,2775.97350992447,2754.2939586496,2646.42906931203,2642.34302814736,5,5,1,1,5,5,0.531158952509869,0.468841047490131,1,1,1,0,7.03261571235196,-7.03261571235196,2783.00612563683,2747.26134293725,342,127,3106,938
8321432,2010-03-22 00:00:00,EventStart_Fallback,1690,Championship League - Group 7,2009,2010-03-22 00:00:00,2010-03-23 00:00:00,2023-11-28 12:04:59,matches_2009_all.csv,224,Ding Junhui,China,212,Steve Davis,England,224,Ding Junhui,China,224,Ding Junhui,China,3,0,3,0,3,FALSE,FALSE,147,455,1295,4632,2785.29642295328,2693.56760718049,2679.65325646999,2674.65788820987,5,5,1,1,5,5,0.629024342609382,0.370975657390618,1,1,1,0,5.56463486085927,-5.56463486085927,2790.86105781414,2688.00297231963,148,456,1298,4635
8321433,2010-03-22 00:00:00,EventStart_Fallback,1690,Championship League - Group 7,2009,2010-03-22 00:00:00,2010-03-23 00:00:00,2023-11-28 12:04:59,matches_2009_all.csv,125,Michael Holt,England,42,Peter Ebdon,England,42,Peter Ebdon,England,42,Peter Ebdon,England,1,3,1,3,4,FALSE,FALSE,127,319,1204,3101,2685.88788255829,2735.22451432421,2628.20216001758,2730.0833810011,5,5,1,1,5,5,0.42947229857134,0.57052770142866,1,1,0.25,0.75,-3.5894459714268,3.5894459714268,2682.29843658686,2738.81396029563,128,320,1208,3105
8321434,2010-03-22 00:00:00,EventStart_Fallback,1690,Championship League - Group 7,2009,2010-03-22 00:00:00,2010-03-23 00:00:00,2023-11-28 12:04:59,matches_2009_all.csv,35,Joe Swail,Northern Ireland,1,Mark J Williams,Wales,1,Mark J Williams,Wales,1,Mark J Williams,Wales,0,3,0,3,3,FALSE,FALSE,230,342,2087,3106,2677.8077005895,2783.00612563683,2661.36017761865,2646.42906931203,5,5,1,1,5,5,0.353070216108275,0.646929783891725,1,1,0,1,-5.29605324162412,5.29605324162412,2672.51164734788,2788.30217887845,231,343,2090,3109
8321435,2010-03-22 00:00:00,EventStart_Fallback,1690,Championship League - Group 7,2009,2010-03-22 00:00:00,2010-03-23 00:00:00,2023-11-28 12:04:59,matches_2009_all.csv,3,Jamie Cope,England,224,Ding Junhui,China,224,Ding Junhui,China,224,Ding Junhui,China,0,3,0,3,3,FALSE,FALSE,127,148,938,1298,2747.26134293725,2790.86105781414,2642.34302814736,2679.65325646999,5,5,1,1,5,5,0.437582269491721,0.562417730508279,1,1,0,1,-6.56373404237582,6.56373404237582,2740.69760889487,2797.42479185651,128,149,941,1301
8321436,2010-03-22 00:00:00,EventStart_Fallback,1690,Championship League - Group 7,2009,2010-03-22 00:00:00,2010-03-23 00:00:00,2023-11-28 12:04:59,matches_2009_all.csv,212,Steve Davis,England,125,Michael Holt,England,125,Michael Holt,England,125,Michael Holt,England,1,3,1,3,4,FALSE,FALSE,456,128,4635,1208,2688.00297231963,2682.29843658686,2674.65788820987,2628.20216001758,5,5,1,1,5,5,0.508208749205627,0.491791250794373,1,1,0.25,0.75,-5.16417498411255,5.16417498411255,2682.83879733552,2687.46261157097,457,129,4639,1212
8321437,2010-03-22 00:00:00,EventStart_Fallback,1690,Championship League - Group 7,2009,2010-03-22 00:00:00,2010-03-23 00:00:00,2023-11-28 12:04:59,matches_2009_all.csv,42,Peter Ebdon,England,1,Mark J Williams,Wales,42,Peter Ebdon,England,42,Peter Ebdon,England,3,2,3,2,5,FALSE,FALSE,320,343,3105,3109,2738.81396029563,2788.30217887845,2730.0833810011,2646.42906931203,5,5,1,1,5,5,0.429258501245352,0.570741498754648,1,1,0.6,0.4,4.2685374688662,-4.2685374688662,2743.0824977645,2784.03364140958,321,344,3110,3114
8321438,2010-03-22 00:00:00,EventStart_Fallback,1690,Championship League - Group 7,2009,2010-03-22 00:00:00,2010-03-23 00:00:00,2023-11-28 12:04:59,matches_2009_all.csv,35,Joe Swail,Northern Ireland,3,Jamie Cope,England,3,Jamie Cope,England,3,Jamie Cope,England,0,3,0,3,3,FALSE,FALSE,231,128,2090,941,2672.51164734788,2740.69760889487,2661.36017761865,2642.34302814736,5,5,1,1,5,5,0.403113228475433,0.596886771524567,1,1,0,1,-6.0466984271315,6.0466984271315,2666.46494892075,2746.744307322,232,129,2093,944
8321439,2010-03-22 00:00:00,EventStart_Fallback,1690,Championship League - Group 7,2009,2010-03-22 00:00:00,2010-03-23 00:00:00,2023-11-28 12:04:59,matches_2009_all.csv,224,Ding Junhui,China,125,Michael Holt,England,125,Michael Holt,England,125,Michael Holt,England,1,3,1,3,4,FALSE,FALSE,149,129,1301,1212,2797.42479185651,2687.46261157097,2679.65325646999,2628.20216001758,5,5,1,1,5,5,0.653167849428771,0.346832150571229,1,1,0.25,0.75,-8.06335698857541,8.06335698857541,2789.36143486794,2695.52596855955,150,130,1305,1216
8321440,2010-03-22 00:00:00,EventStart_Fallback,1690,Championship League - Group 7,2009,2010-03-22 00:00:00,2010-03-23 00:00:00,2023-11-28 12:04:59,matches_2009_all.csv,1,Mark J Williams,Wales,125,Michael Holt,England,1,Mark J Williams,Wales,1,Mark J Williams,Wales,3,0,3,0,3,FALSE,FALSE,344,130,3114,1216,2784.03364140958,2695.52596855955,2646.42906931203,2628.20216001758,5,5,1,1,5,5,0.624687173613148,0.375312826386852,1,1,1,0,5.62969239580277,-5.62969239580277,2789.66333380539,2689.89627616374,345,131,3117,1219
8321441,2010-03-22 00:00:00,EventStart_Fallback,1690,Championship League - Group 7,2009,2010-03-22 00:00:00,2010-03-23 00:00:00,2023-11-28 12:04:59,matches_2009_all.csv,212,Steve Davis,England,3,Jamie Cope,England,3,Jamie Cope,England,3,Jamie Cope,England,0,3,0,3,3,FALSE,FALSE,457,129,4639,944,2682.83879733552,2746.744307322,2674.65788820987,2642.34302814736,5,5,1,1,5,5,0.409055880498811,0.590944119501189,1,1,0,1,-6.13583820748217,6.13583820748217,2676.70295912803,2752.88014552948,458,130,4642,947
8321442,2010-03-22 00:00:00,EventStart_Fallback,1690,Championship League - Group 7,2009,2010-03-22 00:00:00,2010-03-23 00:00:00,2023-11-28 12:04:59,matches_2009_all.csv,42,Peter Ebdon,England,212,Steve Davis,England,42,Peter Ebdon,England,42,Peter Ebdon,England,3,2,3,2,5,FALSE,FALSE,321,458,3110,4642,2743.0824977645,2676.70295912803,2730.0833810011,2674.65788820987,5,5,1,1,5,5,0.594382231458896,0.405617768541104,1,1,0.6,0.4,0.140444213527597,-0.140444213527597,2743.22294197803,2676.56251491451,322,459,3115,4647
8321443,2010-03-22 00:00:00,EventStart_Fallback,1690,Championship League - Group 7,2009,2010-03-22 00:00:00,2010-03-23 00:00:00,2023-11-28 12:04:59,matches_2009_all.csv,35,Joe Swail,Northern Ireland,224,Ding Junhui,China,224,Ding Junhui,China,224,Ding Junhui,China,1,3,1,3,4,FALSE,FALSE,232,150,2093,1305,2666.46494892075,2789.36143486794,2661.36017761865,2679.65325646999,5,5,1,1,5,5,0.330162753630669,0.669837246369331,1,1,0.25,0.75,-1.60325507261337,1.60325507261337,2664.86169384814,2790.96468994055,233,151,2097,1309
8321444,2010-03-22 00:00:00,EventStart_Fallback,1690,Championship League - Group 7,2009,2010-03-22 00:00:00,2010-03-23 00:00:00,2023-11-28 12:04:59,matches_2009_all.csv,3,Jamie Cope,England,125,Michael Holt,England,3,Jamie Cope,England,3,Jamie Cope,England,3,2,3,2,5,FALSE,FALSE,130,131,947,1219,2752.88014552948,2689.89627616374,2642.34302814736,2628.20216001758,5,5,1,1,5,5,0.589661035952205,0.410338964047795,1,1,0.6,0.4,0.258474101194883,-0.258474101194883,2753.13861963068,2689.63780206255,131,132,952,1224
8321445,2010-03-22 00:00:00,EventStart_Fallback,1690,Championship League - Group 7,2009,2010-03-22 00:00:00,2010-03-23 00:00:00,2023-11-28 12:04:59,matches_2009_all.csv,1,Mark J Williams,Wales,212,Steve Davis,England,1,Mark J Williams,Wales,1,Mark J Williams,Wales,3,0,3,0,3,FALSE,FALSE,345,459,3117,4647,2789.66333380539,2676.56251491451,2646.42906931203,2674.65788820987,5,5,1,1,5,5,0.657249437672769,0.342750562327231,1,1,1,0,5.14125843490846,-5.14125843490846,2794.8045922403,2671.4212564796,346,460,3120,4650
8321446,2010-03-22 00:00:00,EventStart_Fallback,1690,Championship League - Group 7,2009,2010-03-22 00:00:00,2010-03-23 00:00:00,2023-11-28 12:04:59,matches_2009_all.csv,35,Joe Swail,Northern Ireland,125,Michael Holt,England,35,Joe Swail,Northern Ireland,35,Joe Swail,Northern Ireland,3,0,3,0,3,FALSE,FALSE,233,132,2097,1224,2664.86169384814,2689.63780206255,2661.36017761865,2628.20216001758,5,5,1,1,5,5,0.464404631504565,0.535595368495435,1,1,1,0,8.03393052743153,-8.03393052743153,2672.89562437557,2681.60387153512,234,133,2100,1227
8321447,2010-03-22 00:00:00,EventStart_Fallback,1690,Championship League - Group 7,2009,2010-03-22 00:00:00,2010-03-23 00:00:00,2023-11-28 12:04:59,matches_2009_all.csv,42,Peter Ebdon,England,224,Ding Junhui,China,42,Peter Ebdon,England,42,Peter Ebdon,England,3,1,3,1,4,FALSE,FALSE,322,151,3115,1309,2743.22294197803,2790.96468994055,2730.0833810011,2679.65325646999,5,5,1,1,5,5,0.431723295409558,0.568276704590442,1,1,0.75,0.25,6.36553409180885,-6.36553409180884,2749.58847606984,2784.59915584874,323,152,3119,1313
8321448,2010-03-22 00:00:00,EventStart_Fallback,1690,Championship League - Group 7,2009,2010-03-22 00:00:00,2010-03-23 00:00:00,2023-11-28 12:04:59,matches_2009_all.csv,1,Mark J Williams,Wales,224,Ding Junhui,China,1,Mark J Williams,Wales,1,Mark J Williams,Wales,3,2,3,2,5,FALSE,FALSE,346,152,3120,1313,2794.8045922403,2784.59915584874,2646.42906931203,2679.65325646999,5,5,1,1,5,5,0.514682581053696,0.485317418946304,1,1,0.6,0.4,2.13293547365759,-2.13293547365759,2796.93752771395,2782.46622037509,347,153,3125,1318
8321449,2010-03-22 00:00:00,EventStart_Fallback,1690,Championship League - Group 7,2009,2010-03-22 00:00:00,2010-03-23 00:00:00,2023-11-28 12:04:59,matches_2009_all.csv,35,Joe Swail,Northern Ireland,212,Steve Davis,England,212,Steve Davis,England,212,Steve Davis,England,1,3,1,3,4,FALSE,FALSE,234,460,2100,4650,2672.89562437557,2671.4212564796,2661.36017761865,2674.65788820987,5,5,1,1,5,5,0.502121773225567,0.497878226774433,1,1,0.25,0.75,-5.04243546451134,5.04243546451134,2667.85318891106,2676.46369194411,235,461,2104,4654
8321450,2010-03-22 00:00:00,EventStart_Fallback,1690,Championship League - Group 7,2009,2010-03-22 00:00:00,2010-03-23 00:00:00,2023-11-28 12:04:59,matches_2009_all.csv,42,Peter Ebdon,England,3,Jamie Cope,England,3,Jamie Cope,England,3,Jamie Cope,England,1,3,1,3,4,FALSE,FALSE,323,131,3119,952,2749.58847606984,2753.13861963068,2730.0833810011,2642.34302814736,5,5,1,1,5,5,0.494891110529875,0.505108889470126,1,1,0.25,0.75,-4.89782221059749,4.89782221059749,2744.69065385924,2758.03644184128,324,132,3123,956
8321455,2010-03-22 00:00:00,EventStart_Fallback,1690,Championship League - Group 7,2009,2010-03-22 00:00:00,2010-03-23 00:00:00,2023-11-28 12:05:54,matches_2009_all.csv,1,Mark J Williams,Wales,224,Ding Junhui,China,224,Ding Junhui,China,224,Ding Junhui,China,0,3,0,3,3,FALSE,FALSE,347,153,3125,1318,2796.93752771395,2782.46622037509,2646.42906931203,2679.65325646999,5,5,1,1,5,5,0.520813850297012,0.479186149702988,1,1,0,1,-7.81220775445519,7.81220775445519,2789.1253199595,2790.27842812954,348,154,3128,1321
8321456,2010-03-22 00:00:00,EventStart_Fallback,1690,Championship League - Group 7,2009,2010-03-22 00:00:00,2010-03-23 00:00:00,2023-11-28 12:05:54,matches_2009_all.csv,42,Peter Ebdon,England,3,Jamie Cope,England,3,Jamie Cope,England,3,Jamie Cope,England,2,3,2,3,5,FALSE,FALSE,324,132,3123,956,2744.69065385924,2758.03644184128,2730.0833810011,2642.34302814736,5,5,1,1,5,5,0.48080330786965,0.51919669213035,1,1,0.4,0.6,-2.02008269674124,2.02008269674124,2742.6705711625,2760.05652453802,325,133,3128,961
8321458,2010-03-22 00:00:00,EventStart_Fallback,1690,Championship League - Group 7,2009,2010-03-22 00:00:00,2010-03-23 00:00:00,2023-11-28 12:09:19,matches_2009_all.csv,224,Ding Junhui,China,3,Jamie Cope,England,3,Jamie Cope,England,3,Jamie Cope,England,1,3,1,3,4,FALSE,FALSE,154,133,1321,961,2790.27842812954,2760.05652453802,2679.65325646999,2642.34302814736,5,5,1,1,5,5,0.543383450295952,0.456616549704048,1,1,0.25,0.75,-5.86766900591905,5.86766900591905,2784.41075912362,2765.92419354394,155,134,1325,965
8321404,2010-03-24 00:00:00,EventStart_Fallback,1687,Championship League - Winners Group,2009,2010-03-24 00:00:00,2010-03-25 00:00:00,2023-11-28 11:35:07,matches_2009_all.csv,2,Stephen Maguire,Scotland,4,Fu Marco,Hong Kong,4,Fu Marco,Hong Kong,4,Fu Marco,Hong Kong,0,3,0,3,3,FALSE,FALSE,168,175,1665,1591,2794.39678425329,2757.1643765947,2658.75609493258,2720.95775518301,5,5,1,1,5,5,0.553377568496377,0.446622431503623,1,1,0,1,-8.30066352744566,8.30066352744566,2786.09612072585,2765.46504012214,169,176,1668,1594
8321405,2010-03-24 00:00:00,EventStart_Fallback,1687,Championship League - Winners Group,2009,2010-03-24 00:00:00,2010-03-25 00:00:00,2023-11-28 11:35:07,matches_2009_all.csv,202,Mark Allen,Northern Ireland,154,Neil Robertson,Australia,202,Mark Allen,Northern Ireland,202,Mark Allen,Northern Ireland,3,2,3,2,5,FALSE,FALSE,139,197,1029,1658,2779.63502460653,2796.43358359957,2685.54443253342,2631.4761148925,5,5,1,1,5,5,0.475843751010415,0.524156248989585,1,1,0.6,0.4,3.10390622473962,-3.10390622473961,2782.73893083127,2793.32967737483,140,198,1034,1663
8321408,2010-03-24 00:00:00,EventStart_Fallback,1687,Championship League - Winners Group,2009,2010-03-24 00:00:00,2010-03-25 00:00:00,2023-11-28 11:35:29,matches_2009_all.csv,4,Fu Marco,Hong Kong,202,Mark Allen,Northern Ireland,4,Fu Marco,Hong Kong,4,Fu Marco,Hong Kong,3,2,3,2,5,FALSE,FALSE,176,140,1594,1034,2765.46504012214,2782.73893083127,2720.95775518301,2685.54443253342,5,5,1,1,5,5,0.475161335870976,0.524838664129024,1,1,0.6,0.4,3.12096660322561,-3.1209666032256,2768.58600672537,2779.61796422804,177,141,1599,1039
8321872,2010-03-24 00:00:00,EventStart_Fallback,1687,Championship League - Winners Group,2009,2010-03-24 00:00:00,2010-03-25 00:00:00,2023-11-28 11:29:49,matches_2009_all.csv,2,Stephen Maguire,Scotland,237,John Higgins,Scotland,237,John Higgins,Scotland,237,John Higgins,Scotland,2,3,2,3,5,FALSE,FALSE,169,406,1668,3844,2786.09612072585,2843.98697379159,2658.75609493258,2718.4454421435,5,5,1,1,5,5,0.417450900711023,0.582549099288977,1,1,0.4,0.6,-0.436272517775578,0.43627251777558,2785.65984820807,2844.42324630936,170,407,1673,3849
8321873,2010-03-24 00:00:00,EventStart_Fallback,1687,Championship League - Winners Group,2009,2010-03-24 00:00:00,2010-03-25 00:00:00,2023-11-28 11:29:49,matches_2009_all.csv,12,Judd Trump,England,4,Fu Marco,Hong Kong,4,Fu Marco,Hong Kong,4,Fu Marco,Hong Kong,2,3,2,3,5,FALSE,FALSE,86,177,647,1599,2760.43693538489,2768.58600672537,2671.03286202276,2720.95775518301,5,5,1,1,5,5,0.488274693711236,0.511725306288765,1,1,0.4,0.6,-2.20686734278089,2.20686734278089,2758.23006804211,2770.79287406815,87,178,652,1604
8321875,2010-03-24 00:00:00,EventStart_Fallback,1687,Championship League - Winners Group,2009,2010-03-24 00:00:00,2010-03-25 00:00:00,2023-11-28 11:29:49,matches_2009_all.csv,3,Jamie Cope,England,2,Stephen Maguire,Scotland,2,Stephen Maguire,Scotland,2,Stephen Maguire,Scotland,1,3,1,3,4,FALSE,FALSE,134,170,965,1673,2765.92419354394,2785.65984820807,2642.34302814736,2658.75609493258,5,5,1,1,5,5,0.471628618317622,0.528371381682378,1,1,0.25,0.75,-4.43257236635244,4.43257236635244,2761.49162117758,2790.09242057442,135,171,969,1677
8321876,2010-03-24 00:00:00,EventStart_Fallback,1687,Championship League - Winners Group,2009,2010-03-24 00:00:00,2010-03-25 00:00:00,2023-11-28 11:29:49,matches_2009_all.csv,237,John Higgins,Scotland,12,Judd Trump,England,12,Judd Trump,England,12,Judd Trump,England,2,3,2,3,5,FALSE,FALSE,407,87,3849,652,2844.42324630936,2758.23006804211,2718.4454421435,2671.03286202276,5,5,1,1,5,5,0.621558332597407,0.378441667402593,1,1,0.4,0.6,-5.53895831493518,5.53895831493518,2838.88428799443,2763.76902635705,408,88,3854,657
8321877,2010-03-24 00:00:00,EventStart_Fallback,1687,Championship League - Winners Group,2009,2010-03-24 00:00:00,2010-03-25 00:00:00,2023-11-28 11:29:49,matches_2009_all.csv,4,Fu Marco,Hong Kong,154,Neil Robertson,Australia,154,Neil Robertson,Australia,154,Neil Robertson,Australia,0,3,0,3,3,FALSE,FALSE,178,198,1604,1663,2770.79287406815,2793.32967737483,2720.95775518301,2631.4761148925,5,5,1,1,5,5,0.467612345108422,0.532387654891578,1,1,0,1,-7.01418517662633,7.01418517662633,2763.77868889152,2800.34386255146,179,199,1607,1666
8321878,2010-03-24 00:00:00,EventStart_Fallback,1687,Championship League - Winners Group,2009,2010-03-24 00:00:00,2010-03-25 00:00:00,2023-11-28 11:29:49,matches_2009_all.csv,202,Mark Allen,Northern Ireland,3,Jamie Cope,England,202,Mark Allen,Northern Ireland,202,Mark Allen,Northern Ireland,3,2,3,2,5,FALSE,FALSE,141,135,1039,969,2779.61796422804,2761.49162117758,2685.54443253342,2642.34302814736,5,5,1,1,5,5,0.526062262580715,0.473937737419285,1,1,0.6,0.4,1.84844343548213,-1.84844343548213,2781.46640766352,2759.6431777421,142,136,1044,974
8321879,2010-03-24 00:00:00,EventStart_Fallback,1687,Championship League - Winners Group,2009,2010-03-24 00:00:00,2010-03-25 00:00:00,2023-11-28 11:29:49,matches_2009_all.csv,2,Stephen Maguire,Scotland,12,Judd Trump,England,2,Stephen Maguire,Scotland,2,Stephen Maguire,Scotland,3,0,3,0,3,FALSE,FALSE,171,88,1677,657,2790.09242057442,2763.76902635705,2658.75609493258,2671.03286202276,5,5,1,1,5,5,0.537810089937902,0.462189910062098,1,1,1,0,6.93284865093147,-6.93284865093147,2797.02526922536,2756.83617770612,172,89,1680,660
8321880,2010-03-24 00:00:00,EventStart_Fallback,1687,Championship League - Winners Group,2009,2010-03-24 00:00:00,2010-03-25 00:00:00,2023-11-28 11:29:49,matches_2009_all.csv,237,John Higgins,Scotland,4,Fu Marco,Hong Kong,4,Fu Marco,Hong Kong,4,Fu Marco,Hong Kong,1,3,1,3,4,FALSE,FALSE,408,179,3854,1607,2838.88428799443,2763.77868889152,2718.4454421435,2720.95775518301,5,5,1,1,5,5,0.606432916480086,0.393567083519914,1,1,0.25,0.75,-7.12865832960172,7.12865832960172,2831.75562966483,2770.90734722113,409,180,3858,1611
8321881,2010-03-24 00:00:00,EventStart_Fallback,1687,Championship League - Winners Group,2009,2010-03-24 00:00:00,2010-03-25 00:00:00,2023-11-28 11:29:49,matches_2009_all.csv,154,Neil Robertson,Australia,3,Jamie Cope,England,154,Neil Robertson,Australia,154,Neil Robertson,Australia,3,2,3,2,5,FALSE,FALSE,199,136,1666,974,2800.34386255146,2759.6431777421,2631.4761148925,2642.34302814736,5,5,1,1,5,5,0.558306520512396,0.441693479487604,1,1,0.6,0.4,1.0423369871901,-1.0423369871901,2801.38619953865,2758.60084075491,200,137,1671,979
8321882,2010-03-24 00:00:00,EventStart_Fallback,1687,Championship League - Winners Group,2009,2010-03-24 00:00:00,2010-03-25 00:00:00,2023-11-28 11:29:49,matches_2009_all.csv,12,Judd Trump,England,3,Jamie Cope,England,12,Judd Trump,England,12,Judd Trump,England,3,0,3,0,3,FALSE,FALSE,89,137,660,979,2756.83617770612,2758.60084075491,2671.03286202276,2642.34302814736,5,5,1,1,5,5,0.49746046756875,0.50253953243125,1,1,1,0,7.53809298646875,-7.53809298646875,2764.37427069259,2751.06274776844,90,138,663,982
8321883,2010-03-24 00:00:00,EventStart_Fallback,1687,Championship League - Winners Group,2009,2010-03-24 00:00:00,2010-03-25 00:00:00,2023-11-28 11:29:49,matches_2009_all.csv,202,Mark Allen,Northern Ireland,4,Fu Marco,Hong Kong,202,Mark Allen,Northern Ireland,202,Mark Allen,Northern Ireland,3,0,3,0,3,FALSE,FALSE,142,180,1044,1611,2781.46640766352,2770.90734722113,2685.54443253342,2720.95775518301,5,5,1,1,5,5,0.515191032762852,0.484808967237148,1,1,1,0,7.27213450855723,-7.27213450855723,2788.73854217208,2763.63521271257,143,181,1047,1614
8321884,2010-03-24 00:00:00,EventStart_Fallback,1687,Championship League - Winners Group,2009,2010-03-24 00:00:00,2010-03-25 00:00:00,2023-11-28 11:29:49,matches_2009_all.csv,2,Stephen Maguire,Scotland,202,Mark Allen,Northern Ireland,2,Stephen Maguire,Scotland,2,Stephen Maguire,Scotland,3,2,3,2,5,FALSE,FALSE,172,143,1680,1047,2797.02526922536,2788.73854217208,2658.75609493258,2685.54443253342,5,5,1,1,5,5,0.511923297991227,0.488076702008773,1,1,0.6,0.4,2.20191755021932,-2.20191755021932,2799.22718677558,2786.53662462186,173,144,1685,1052
8321885,2010-03-24 00:00:00,EventStart_Fallback,1687,Championship League - Winners Group,2009,2010-03-24 00:00:00,2010-03-25 00:00:00,2023-11-28 11:29:49,matches_2009_all.csv,237,John Higgins,Scotland,154,Neil Robertson,Australia,154,Neil Robertson,Australia,154,Neil Robertson,Australia,1,3,1,3,4,FALSE,FALSE,409,200,3858,1671,2831.75562966483,2801.38619953865,2718.4454421435,2631.4761148925,5,5,1,1,5,5,0.543594151912356,0.456405848087644,1,1,0.25,0.75,-5.87188303824712,5.87188303824712,2825.88374662658,2807.25808257689,410,201,3862,1675
8321886,2010-03-24 00:00:00,EventStart_Fallback,1687,Championship League - Winners Group,2009,2010-03-24 00:00:00,2010-03-25 00:00:00,2023-11-28 11:29:49,matches_2009_all.csv,4,Fu Marco,Hong Kong,3,Jamie Cope,England,4,Fu Marco,Hong Kong,4,Fu Marco,Hong Kong,3,0,3,0,3,FALSE,FALSE,181,138,1614,982,2763.63521271257,2751.06274776844,2720.95775518301,2642.34302814736,5,5,1,1,5,5,0.518085338156048,0.481914661843952,1,1,1,0,7.22871992765928,-7.22871992765928,2770.86393264023,2743.83402784078,182,139,1617,985
8321887,2010-03-24 00:00:00,EventStart_Fallback,1687,Championship League - Winners Group,2009,2010-03-24 00:00:00,2010-03-25 00:00:00,2023-11-28 11:29:49,matches_2009_all.csv,12,Judd Trump,England,202,Mark Allen,Northern Ireland,202,Mark Allen,Northern Ireland,202,Mark Allen,Northern Ireland,0,3,0,3,3,FALSE,FALSE,90,144,663,1052,2764.37427069259,2786.53662462186,2671.03286202276,2685.54443253342,5,5,1,1,5,5,0.468148997299044,0.531851002700956,1,1,0,1,-7.02223495948566,7.02223495948566,2757.3520357331,2793.55885958135,91,145,666,1055
8321888,2010-03-24 00:00:00,EventStart_Fallback,1687,Championship League - Winners Group,2009,2010-03-24 00:00:00,2010-03-25 00:00:00,2023-11-28 11:29:49,matches_2009_all.csv,237,John Higgins,Scotland,3,Jamie Cope,England,3,Jamie Cope,England,3,Jamie Cope,England,0,3,0,3,3,FALSE,FALSE,410,139,3862,985,2825.88374662658,2743.83402784078,2718.4454421435,2642.34302814736,5,5,1,1,5,5,0.615931810945015,0.384068189054985,1,1,0,1,-9.23897716417522,9.23897716417522,2816.6447694624,2753.07300500496,411,140,3865,988
8321889,2010-03-24 00:00:00,EventStart_Fallback,1687,Championship League - Winners Group,2009,2010-03-24 00:00:00,2010-03-25 00:00:00,2023-11-28 11:29:49,matches_2009_all.csv,2,Stephen Maguire,Scotland,154,Neil Robertson,Australia,2,Stephen Maguire,Scotland,2,Stephen Maguire,Scotland,3,2,3,2,5,FALSE,FALSE,173,201,1685,1675,2799.22718677558,2807.25808257689,2658.75609493258,2631.4761148925,5,5,1,1,5,5,0.488444669806385,0.511555330193615,1,1,0.6,0.4,2.78888325484037,-2.78888325484037,2802.01607003042,2804.46919932205,174,202,1690,1680
8321890,2010-03-24 00:00:00,EventStart_Fallback,1687,Championship League - Winners Group,2009,2010-03-24 00:00:00,2010-03-25 00:00:00,2023-11-28 11:29:49,matches_2009_all.csv,12,Judd Trump,England,154,Neil Robertson,Australia,154,Neil Robertson,Australia,154,Neil Robertson,Australia,2,3,2,3,5,FALSE,FALSE,91,202,666,1680,2757.3520357331,2804.46919932205,2671.03286202276,2631.4761148925,5,5,1,1,5,5,0.432605599525358,0.567394400474643,1,1,0.4,0.6,-0.815139988133937,0.815139988133937,2756.53689574497,2805.28433931019,92,203,671,1685
8321891,2010-03-24 00:00:00,EventStart_Fallback,1687,Championship League - Winners Group,2009,2010-03-24 00:00:00,2010-03-25 00:00:00,2023-11-28 11:29:49,matches_2009_all.csv,237,John Higgins,Scotland,202,Mark Allen,Northern Ireland,237,John Higgins,Scotland,237,John Higgins,Scotland,3,2,3,2,5,FALSE,FALSE,411,145,3865,1055,2816.6447694624,2793.55885958135,2718.4454421435,2685.54443253342,5,5,1,1,5,5,0.53317448589754,0.46682551410246,1,1,0.6,0.4,1.67063785256151,-1.67063785256151,2818.31540731496,2791.88822172879,412,146,3870,1060
8321892,2010-03-24 00:00:00,EventStart_Fallback,1687,Championship League - Winners Group,2009,2010-03-24 00:00:00,2010-03-25 00:00:00,2023-11-28 11:29:49,matches_2009_all.csv,2,Stephen Maguire,Scotland,4,Fu Marco,Hong Kong,2,Stephen Maguire,Scotland,2,Stephen Maguire,Scotland,3,0,3,0,3,FALSE,FALSE,174,182,1690,1617,2802.01607003042,2770.86393264023,2658.75609493258,2720.95775518301,5,5,1,1,5,5,0.544711774082686,0.455288225917314,1,1,1,0,6.82932338875971,-6.82932338875971,2808.84539341918,2764.03460925147,175,183,1693,1620
88394,2010-03-29 00:00:00,EventStart_Fallback,119,China Open,2009,2010-03-29 00:00:00,2010-04-04 00:00:00,2009-08-01 10:00:00,matches_2009_all.csv,177,Rod Lawler,England,495,Supoj Saenla,Thailand,177,Rod Lawler,England,177,Rod Lawler,England,5,3,5,3,8,FALSE,FALSE,115,12,1238,145,2667.25722412127,2635.46937897531,2667.58763048803,2600,5,5,1,1,5,5,0.545619165885342,0.454380834114658,1,1,0.625,0.375,3.17523336458631,-3.17523336458631,2670.43245748585,2632.29414561073,116,13,1246,153
88395,2010-03-29 00:00:00,EventStart_Fallback,119,China Open,2009,2010-03-29 00:00:00,2010-04-04 00:00:00,2009-08-01 10:00:00,matches_2009_all.csv,92,Robert Milkins,England,510,Lyu Chenwei,China,92,Robert Milkins,England,92,Robert Milkins,England,5,2,5,2,7,FALSE,TRUE,99,0,1007,0,2738.41603715754,2634.05708182124,2634.99768407562,2634.05708182124,5,5,1,1,5,5,0.645825230841589,0.354174769158411,1,1,0.714285714285714,0.285714285714286,2.39611692054439,-2.39611692054439,2740.81215407808,2631.66096490069,100,1,1014,7
88396,2010-03-29 00:00:00,EventStart_Fallback,119,China Open,2009,2010-03-29 00:00:00,2010-04-04 00:00:00,2009-08-01 10:00:00,matches_2009_all.csv,25,Andrew Higginson,England,296,Li Yan,China,25,Andrew Higginson,England,25,Andrew Higginson,England,5,0,5,0,5,FALSE,FALSE,65,7,718,48,2718.49134169792,2690.6353330985,2645.58210388717,2694.58833045724,5,5,1,1,5,5,0.540002341244424,0.459997658755576,1,1,1,0,11.4999414688894,-11.4999414688894,2729.99128316681,2679.13539162961,66,8,723,53
88397,2010-03-29 00:00:00,EventStart_Fallback,119,China Open,2009,2010-03-29 00:00:00,2010-04-04 00:00:00,2009-08-01 10:00:00,matches_2009_all.csv,15,Mark Davis,England,218,Tian Pengfei,China,218,Tian Pengfei,China,218,Tian Pengfei,China,4,5,4,5,9,FALSE,FALSE,115,22,1230,172,2720.00812234539,2703.44793934382,2700.48212788131,2681.76718434239,5,5,1,1,5,5,0.523813987784061,0.476186012215939,1,1,0.444444444444444,0.555555555555556,-3.57162945028276,3.57162945028276,2716.43649289511,2707.0195687941,116,23,1239,181
88398,2010-03-29 00:00:00,EventStart_Fallback,119,China Open,2009,2010-03-29 00:00:00,2010-04-04 00:00:00,2009-08-01 10:00:00,matches_2009_all.csv,193,James Wattana,Thailand,511,Au Chi Wai,Hong Kong,193,James Wattana,Thailand,193,James Wattana,Thailand,5,0,5,0,5,FALSE,TRUE,246,0,2351,0,2699.16219748437,2600,2698.82987360658,2600,5,5,1,1,5,5,0.638953170437022,0.361046829562978,1,1,1,0,9.02617073907444,-9.02617073907444,2708.18836822345,2590.97382926093,247,1,2356,5
88399,2010-03-29 00:00:00,EventStart_Fallback,119,China Open,2009,2010-03-29 00:00:00,2010-04-04 00:00:00,2009-08-01 10:00:00,matches_2009_all.csv,41,Tony Drago,Malta,512,Shi Shuangyang,China,41,Tony Drago,Malta,41,Tony Drago,Malta,5,3,5,3,8,FALSE,TRUE,198,0,1785,0,2701.59113885303,2600,2646.0756082668,2600,5,5,1,1,5,5,0.642172424692357,0.357827575307643,1,1,0.625,0.375,-0.686896987694268,0.686896987694268,2700.90424186534,2600.68689698769,199,1,1793,8
88400,2010-03-29 00:00:00,EventStart_Fallback,119,China Open,2009,2010-03-29 00:00:00,2010-04-04 00:00:00,2009-08-01 10:00:00,matches_2009_all.csv,50,Rory McLeod,Jamaica,43,Liu Chuang,China,43,Liu Chuang,China,43,Liu Chuang,China,0,5,0,5,5,FALSE,FALSE,73,11,797,139,2726.2709542818,2675.27832872275,2616.03689043853,2660.4210083339,5,5,1,1,5,5,0.572861864117434,0.427138135882566,1,1,0,1,-14.3215466029359,14.3215466029359,2711.94940767886,2689.59987532568,74,12,802,144
88401,2010-03-29 00:00:00,EventStart_Fallback,119,China Open,2009,2010-03-29 00:00:00,2010-04-04 00:00:00,2009-08-01 10:00:00,matches_2009_all.csv,64,Bjorn Haneveer,Belgium,184,Yu Delu,China,64,Bjorn Haneveer,Belgium,64,Bjorn Haneveer,Belgium,5,4,5,4,9,FALSE,FALSE,65,11,689,83,2682.01627488447,2686.06736482905,2680.31898758155,2685.82913491345,5,5,1,1,5,5,0.494170277117948,0.505829722882052,1,1,0.555555555555556,0.444444444444444,2.76233752969234,-2.76233752969234,2684.77861241416,2683.30502729936,66,12,698,92
88402,2010-03-29 00:00:00,EventStart_Fallback,119,China Open,2009,2010-03-29 00:00:00,2010-04-04 00:00:00,2009-08-01 10:00:00,matches_2009_all.csv,42,Peter Ebdon,England,12,Judd Trump,England,42,Peter Ebdon,England,42,Peter Ebdon,England,5,4,5,4,9,FALSE,FALSE,325,92,3128,671,2742.6705711625,2756.53689574497,2730.0833810011,2671.03286202276,5,5,1,1,5,5,0.480055343298908,0.519944656701092,1,1,0.555555555555556,0.444444444444444,3.39750955154914,-3.39750955154914,2746.06808071405,2753.13938619342,326,93,3137,680
88403,2010-03-29 00:00:00,EventStart_Fallback,119,China Open,2009,2010-03-29 00:00:00,2010-04-04 00:00:00,2009-08-01 10:00:00,matches_2009_all.csv,154,Neil Robertson,Australia,54,Mike Dunn,England,154,Neil Robertson,Australia,154,Neil Robertson,Australia,5,2,5,2,7,FALSE,FALSE,203,81,1685,847,2805.28433931019,2683.54664214417,2631.4761148925,2619.6673945167,5,5,1,1,5,5,0.668360356774947,0.331639643225053,1,1,0.714285714285714,0.285714285714286,1.60738751287686,-1.60738751287686,2806.89172682306,2681.93925463129,204,82,1692,854
88404,2010-03-29 00:00:00,EventStart_Fallback,119,China Open,2009,2010-03-29 00:00:00,2010-04-04 00:00:00,2009-08-01 10:00:00,matches_2009_all.csv,224,Ding Junhui,China,38,Gerard Greene,Northern Ireland,224,Ding Junhui,China,224,Ding Junhui,China,5,3,5,3,8,FALSE,FALSE,155,117,1325,1079,2784.41075912362,2728.25817619043,2679.65325646999,2650.07103492475,5,5,1,1,5,5,0.580113722535869,0.419886277464131,1,1,0.625,0.375,1.79545109856526,-1.79545109856526,2786.20621022219,2726.46272509187,156,118,1333,1087
88405,2010-03-29 00:00:00,EventStart_Fallback,119,China Open,2009,2010-03-29 00:00:00,2010-04-04 00:00:00,2009-08-01 10:00:00,matches_2009_all.csv,17,Mark Selby,England,177,Rod Lawler,England,17,Mark Selby,England,17,Mark Selby,England,5,2,5,2,7,FALSE,FALSE,194,116,1688,1246,2803.39478004491,2670.43245748585,2694.53166694155,2667.58763048803,5,5,1,1,5,5,0.682523390743109,0.317476609256891,1,1,0.714285714285714,0.285714285714286,1.11168132399118,-1.11168132399118,2804.50646136891,2669.32077616186,195,117,1695,1253
88406,2010-03-29 00:00:00,EventStart_Fallback,119,China Open,2009,2010-03-29 00:00:00,2010-04-04 00:00:00,2009-08-01 10:00:00,matches_2009_all.csv,68,Ryan Day,Wales,92,Robert Milkins,England,68,Ryan Day,Wales,68,Ryan Day,Wales,5,1,5,1,6,FALSE,FALSE,173,100,1568,1014,2736.67082037499,2740.81215407808,2657.71749328838,2634.99768407562,5,5,1,1,5,5,0.49404042396098,0.50595957603902,1,1,0.833333333333333,0.166666666666667,10.1787872811706,-10.1787872811706,2746.84960765616,2730.63336679691,174,101,1574,1020
88407,2010-03-29 00:00:00,EventStart_Fallback,119,China Open,2009,2010-03-29 00:00:00,2010-04-04 00:00:00,2009-08-01 10:00:00,matches_2009_all.csv,153,Stephen Hendry,Scotland,25,Andrew Higginson,England,153,Stephen Hendry,Scotland,153,Stephen Hendry,Scotland,5,2,5,2,7,FALSE,FALSE,502,66,5157,723,2729.1382987328,2729.99128316681,2727.71851092324,2645.58210388717,5,5,1,1,5,5,0.49877245918987,0.50122754081013,1,1,0.714285714285714,0.285714285714286,7.54296392835456,-7.54296392835456,2736.68126266116,2722.44831923846,503,67,5164,730
88408,2010-03-29 00:00:00,EventStart_Fallback,119,China Open,2009,2010-03-29 00:00:00,2010-04-04 00:00:00,2009-08-01 10:00:00,matches_2009_all.csv,202,Mark Allen,Northern Ireland,52,Graeme Dott,Scotland,202,Mark Allen,Northern Ireland,202,Mark Allen,Northern Ireland,5,1,5,1,6,FALSE,FALSE,146,193,1060,1904,2791.88822172879,2719.90083614459,2685.54443253342,2677.78458092588,5,5,1,1,5,5,0.602140697266127,0.397859302733873,1,1,0.833333333333333,0.166666666666667,6.93577908201619,-6.93577908201619,2798.8240008108,2712.96505706258,147,194,1066,1910
88409,2010-03-29 00:00:00,EventStart_Fallback,119,China Open,2009,2010-03-29 00:00:00,2010-04-04 00:00:00,2009-08-01 10:00:00,matches_2009_all.csv,2,Stephen Maguire,Scotland,16,Barry Hawkins,England,2,Stephen Maguire,Scotland,2,Stephen Maguire,Scotland,5,3,5,3,8,FALSE,FALSE,175,160,1693,1349,2808.84539341918,2709.27088648587,2658.75609493258,2665.51914316575,5,5,1,1,5,5,0.639500524241063,0.360499475758937,1,1,0.625,0.375,-0.580020969642527,0.580020969642527,2808.26537244953,2709.85090745551,176,161,1701,1357
88410,2010-03-29 00:00:00,EventStart_Fallback,119,China Open,2009,2010-03-29 00:00:00,2010-04-04 00:00:00,2009-08-01 10:00:00,matches_2009_all.csv,5,Ronnie O'Sullivan,England,218,Tian Pengfei,China,218,Tian Pengfei,China,218,Tian Pengfei,China,3,5,3,5,8,FALSE,FALSE,362,23,3742,181,2832.09489905745,2707.0195687941,2727.41414214416,2681.76718434239,5,5,1,1,5,5,0.672605140333513,0.327394859666488,1,1,0.375,0.625,-11.9042056133405,11.9042056133405,2820.19069344411,2718.92377440744,363,24,3750,189
88411,2010-03-29 00:00:00,EventStart_Fallback,119,China Open,2009,2010-03-29 00:00:00,2010-04-04 00:00:00,2009-08-01 10:00:00,matches_2009_all.csv,28,Mark King,England,193,James Wattana,Thailand,28,Mark King,England,28,Mark King,England,5,4,5,4,9,FALSE,FALSE,237,247,1990,2356,2727.19034476034,2708.18836822345,2650.41419841964,2698.82987360658,5,5,1,1,5,5,0.527318808981117,0.472681191018883,1,1,0.555555555555556,0.444444444444444,1.27065359584975,-1.27065359584975,2728.46099835618,2706.9177146276,238,248,1999,2365
88412,2010-03-29 00:00:00,EventStart_Fallback,119,China Open,2009,2010-03-29 00:00:00,2010-04-04 00:00:00,2009-08-01 10:00:00,matches_2009_all.csv,168,Joe Perry,England,41,Tony Drago,Malta,168,Joe Perry,England,168,Joe Perry,England,5,1,5,1,6,FALSE,FALSE,223,199,1824,1793,2706.30502117381,2700.90424186534,2701.4596224945,2646.0756082668,5,5,1,1,5,5,0.507771720234395,0.492228279765605,1,1,0.833333333333333,0.166666666666667,9.76684839296815,-9.76684839296815,2716.07186956678,2691.13739347237,224,200,1830,1799
88413,2010-03-29 00:00:00,EventStart_Fallback,119,China Open,2009,2010-03-29 00:00:00,2010-04-04 00:00:00,2009-08-01 10:00:00,matches_2009_all.csv,158,Ali Carter,England,43,Liu Chuang,China,158,Ali Carter,England,158,Ali Carter,England,5,1,5,1,6,FALSE,FALSE,253,12,1960,144,2766.32986809643,2689.59987532568,2654.01094991334,2660.4210083339,5,5,1,1,5,5,0.60866244663823,0.39133755336177,1,1,0.833333333333333,0.166666666666667,6.74012660085311,-6.74012660085311,2773.06999469728,2682.85974872483,254,13,1966,150
88414,2010-03-29 00:00:00,EventStart_Fallback,119,China Open,2009,2010-03-29 00:00:00,2010-04-04 00:00:00,2009-08-01 10:00:00,matches_2009_all.csv,97,Shaun Murphy,England,14,Nigel Bond,England,14,Nigel Bond,England,14,Nigel Bond,England,2,5,2,5,7,FALSE,FALSE,197,235,1905,2237,2756.28843035394,2675.71254772726,2709.44047993629,2698.84872106548,5,5,1,1,5,5,0.613922853946599,0.386077146053401,1,1,0.285714285714286,0.714285714285714,-11.487299888131,11.487299888131,2744.80113046581,2687.19984761539,198,236,1912,2244
88415,2010-03-29 00:00:00,EventStart_Fallback,119,China Open,2009,2010-03-29 00:00:00,2010-04-04 00:00:00,2009-08-01 10:00:00,matches_2009_all.csv,4,Fu Marco,Hong Kong,64,Bjorn Haneveer,Belgium,4,Fu Marco,Hong Kong,4,Fu Marco,Hong Kong,5,2,5,2,7,FALSE,FALSE,183,66,1620,698,2764.03460925147,2684.77861241416,2720.95775518301,2680.31898758155,5,5,1,1,5,5,0.612120442528206,0.387879557471794,1,1,0.714285714285714,0.285714285714286,3.57578451151279,-3.57578451151279,2767.61039376298,2681.20282790265,184,67,1627,705
88416,2010-03-29 00:00:00,EventStart_Fallback,119,China Open,2009,2010-03-29 00:00:00,2010-04-04 00:00:00,2009-08-01 10:00:00,matches_2009_all.csv,1,Mark J Williams,Wales,3,Jamie Cope,England,1,Mark J Williams,Wales,1,Mark J Williams,Wales,5,3,5,3,8,FALSE,FALSE,348,140,3128,988,2789.1253199595,2753.07300500496,2646.42906931203,2642.34302814736,5,5,1,1,5,5,0.551698030864493,0.448301969135507,1,1,0.625,0.375,2.93207876542027,-2.93207876542027,2792.05739872492,2750.14092623954,349,141,3136,996
88417,2010-03-29 00:00:00,EventStart_Fallback,119,China Open,2009,2010-03-29 00:00:00,2010-04-04 00:00:00,2009-08-01 10:00:00,matches_2009_all.csv,237,John Higgins,Scotland,63,Fergal O'Brien,Ireland,237,John Higgins,Scotland,237,John Higgins,Scotland,5,3,5,3,8,FALSE,FALSE,412,165,3870,1566,2818.31540731496,2714.15321691285,2718.4454421435,2692.3706339272,5,5,1,1,5,5,0.645566106792073,0.354433893207927,1,1,0.625,0.375,-0.822644271682917,0.822644271682917,2817.49276304328,2714.97586118453,413,166,3878,1574
88426,2010-03-29 00:00:00,EventStart_Fallback,119,China Open,2009,2010-03-29 00:00:00,2010-04-04 00:00:00,2009-08-01 10:00:00,matches_2009_all.csv,42,Peter Ebdon,England,154,Neil Robertson,Australia,42,Peter Ebdon,England,42,Peter Ebdon,England,5,1,5,1,6,FALSE,FALSE,326,204,3137,1692,2746.06808071405,2806.89172682306,2730.0833810011,2631.4761148925,5,5,1,1,5,5,0.413351126639204,0.586648873360796,1,1,0.833333333333333,0.166666666666667,12.5994662008239,-12.5994662008239,2758.66754691487,2794.29226062224,327,205,3143,1698
88427,2010-03-29 00:00:00,EventStart_Fallback,119,China Open,2009,2010-03-29 00:00:00,2010-04-04 00:00:00,2009-08-01 10:00:00,matches_2009_all.csv,224,Ding Junhui,China,17,Mark Selby,England,224,Ding Junhui,China,224,Ding Junhui,China,5,3,5,3,8,FALSE,FALSE,156,195,1333,1695,2786.20621022219,2804.50646136891,2679.65325646999,2694.53166694155,5,5,1,1,5,5,0.47368815006894,0.52631184993106,1,1,0.625,0.375,6.05247399724238,-6.05247399724238,2792.25868421943,2798.45398737166,157,196,1341,1703
88428,2010-03-29 00:00:00,EventStart_Fallback,119,China Open,2009,2010-03-29 00:00:00,2010-04-04 00:00:00,2009-08-01 10:00:00,matches_2009_all.csv,68,Ryan Day,Wales,153,Stephen Hendry,Scotland,153,Stephen Hendry,Scotland,153,Stephen Hendry,Scotland,0,5,0,5,5,FALSE,FALSE,174,503,1574,5164,2746.84960765616,2736.68126266116,2657.71749328838,2727.71851092324,5,5,1,1,5,5,0.51462924810545,0.48537075189455,1,1,0,1,-12.8657312026363,12.8657312026363,2733.98387645352,2749.54699386379,175,504,1579,5169
88429,2010-03-29 00:00:00,EventStart_Fallback,119,China Open,2009,2010-03-29 00:00:00,2010-04-04 00:00:00,2009-08-01 10:00:00,matches_2009_all.csv,202,Mark Allen,Northern Ireland,2,Stephen Maguire,Scotland,202,Mark Allen,Northern Ireland,202,Mark Allen,Northern Ireland,5,3,5,3,8,FALSE,FALSE,147,176,1066,1701,2798.8240008108,2808.26537244953,2685.54443253342,2658.75609493258,5,5,1,1,5,5,0.48641611751641,0.51358388248359,1,1,0.625,0.375,5.54335529934359,-5.54335529934359,2804.36735611015,2802.72201715019,148,177,1074,1709
88430,2010-03-29 00:00:00,EventStart_Fallback,119,China Open,2009,2010-03-29 00:00:00,2010-04-04 00:00:00,2009-08-01 10:00:00,matches_2009_all.csv,218,Tian Pengfei,China,28,Mark King,England,28,Mark King,England,28,Mark King,England,3,5,3,5,8,FALSE,FALSE,24,238,189,1999,2718.92377440744,2728.46099835618,2681.76718434239,2650.41419841964,5,5,1,1,5,5,0.486278277804109,0.513721722195891,1,1,0.375,0.625,-4.45113111216435,4.45113111216435,2714.47264329527,2732.91212946835,25,239,197,2007
88431,2010-03-29 00:00:00,EventStart_Fallback,119,China Open,2009,2010-03-29 00:00:00,2010-04-04 00:00:00,2009-08-01 10:00:00,matches_2009_all.csv,168,Joe Perry,England,158,Ali Carter,England,158,Ali Carter,England,158,Ali Carter,England,3,5,3,5,8,FALSE,FALSE,224,254,1830,1966,2716.07186956678,2773.06999469728,2701.4596224945,2654.01094991334,5,5,1,1,5,5,0.418701148449045,0.581298851550955,1,1,0.375,0.625,-1.74804593796181,1.74804593796181,2714.32382362882,2774.81804063524,225,255,1838,1974
88432,2010-03-29 00:00:00,EventStart_Fallback,119,China Open,2009,2010-03-29 00:00:00,2010-04-04 00:00:00,2009-08-01 10:00:00,matches_2009_all.csv,14,Nigel Bond,England,4,Fu Marco,Hong Kong,4,Fu Marco,Hong Kong,4,Fu Marco,Hong Kong,3,5,3,5,8,FALSE,FALSE,236,184,2244,1627,2687.19984761539,2767.61039376298,2698.84872106548,2720.95775518301,5,5,1,1,5,5,0.386302756567956,0.613697243432044,1,1,0.375,0.625,-0.452110262718233,0.452110262718231,2686.74773735267,2768.0625040257,237,185,2252,1635
88433,2010-03-29 00:00:00,EventStart_Fallback,119,China Open,2009,2010-03-29 00:00:00,2010-04-04 00:00:00,2009-08-01 10:00:00,matches_2009_all.csv,1,Mark J Williams,Wales,237,John Higgins,Scotland,1,Mark J Williams,Wales,1,Mark J Williams,Wales,5,2,5,2,7,FALSE,FALSE,349,413,3136,3878,2792.05739872492,2817.49276304328,2646.42906931203,2718.4454421435,5,5,1,1,5,5,0.463460822690739,0.536539177309261,1,1,0.714285714285714,0.285714285714286,8.77887120582414,-8.77887120582414,2800.83626993074,2808.71389183746,350,414,3143,3885
88438,2010-03-29 00:00:00,EventStart_Fallback,119,China Open,2009,2010-03-29 00:00:00,2010-04-04 00:00:00,2009-08-01 10:00:00,matches_2009_all.csv,42,Peter Ebdon,England,224,Ding Junhui,China,224,Ding Junhui,China,224,Ding Junhui,China,2,5,2,5,7,FALSE,FALSE,327,157,3143,1341,2758.66754691487,2792.25868421943,2730.0833810011,2679.65325646999,5,5,1,1,5,5,0.451808532428842,0.548191467571158,1,1,0.285714285714286,0.714285714285714,-5.81329863500948,5.81329863500948,2752.85424827986,2798.07198285444,328,158,3150,1348
88439,2010-03-29 00:00:00,EventStart_Fallback,119,China Open,2009,2010-03-29 00:00:00,2010-04-04 00:00:00,2009-08-01 10:00:00,matches_2009_all.csv,153,Stephen Hendry,Scotland,202,Mark Allen,Northern Ireland,202,Mark Allen,Northern Ireland,202,Mark Allen,Northern Ireland,4,5,4,5,9,FALSE,FALSE,504,148,5169,1074,2749.54699386379,2804.36735611015,2727.71851092324,2685.54443253342,5,5,1,1,5,5,0.421755415890162,0.578244584109838,1,1,0.444444444444444,0.555555555555556,1.02100628494272,-1.02100628494272,2750.56800014874,2803.3463498252,505,149,5178,1083
88440,2010-03-29 00:00:00,EventStart_Fallback,119,China Open,2009,2010-03-29 00:00:00,2010-04-04 00:00:00,2009-08-01 10:00:00,matches_2009_all.csv,28,Mark King,England,158,Ali Carter,England,158,Ali Carter,England,158,Ali Carter,England,1,5,1,5,6,FALSE,FALSE,239,255,2007,1974,2732.91212946835,2774.81804063524,2650.41419841964,2654.01094991334,5,5,1,1,5,5,0.439983304229053,0.560016695770947,1,1,0.166666666666667,0.833333333333333,-8.19949912687159,8.19949912687159,2724.71263034148,2783.01753976211,240,256,2013,1980
88441,2010-03-29 00:00:00,EventStart_Fallback,119,China Open,2009,2010-03-29 00:00:00,2010-04-04 00:00:00,2009-08-01 10:00:00,matches_2009_all.csv,4,Fu Marco,Hong Kong,1,Mark J Williams,Wales,1,Mark J Williams,Wales,1,Mark J Williams,Wales,1,5,1,5,6,FALSE,FALSE,185,350,1635,3143,2768.0625040257,2800.83626993074,2720.95775518301,2646.42906931203,5,5,1,1,5,5,0.452974159218301,0.547025840781699,1,1,0.166666666666667,0.833333333333333,-8.58922477654903,8.58922477654903,2759.47327924915,2809.42549470729,186,351,1641,3149
88444,2010-03-29 00:00:00,EventStart_Fallback,119,China Open,2009,2010-03-29 00:00:00,2010-04-04 00:00:00,2009-08-01 10:00:00,matches_2009_all.csv,224,Ding Junhui,China,202,Mark Allen,Northern Ireland,224,Ding Junhui,China,224,Ding Junhui,China,6,2,6,2,8,FALSE,FALSE,158,149,1348,1083,2798.07198285444,2803.3463498252,2679.65325646999,2685.54443253342,5,5,1,1,5,5,0.492410158811822,0.507589841188178,1,1,0.75,0.25,10.3035936475271,-10.3035936475271,2808.37557650197,2793.04275617768,159,150,1356,1091
88445,2010-03-29 00:00:00,EventStart_Fallback,119,China Open,2009,2010-03-29 00:00:00,2010-04-04 00:00:00,2009-08-01 10:00:00,matches_2009_all.csv,158,Ali Carter,England,1,Mark J Williams,Wales,1,Mark J Williams,Wales,1,Mark J Williams,Wales,4,6,4,6,10,FALSE,FALSE,256,351,1980,3149,2783.01753976211,2809.42549470729,2654.01094991334,2646.42906931203,5,5,1,1,5,5,0.46206891551059,0.53793108448941,1,1,0.4,0.6,-3.10344577552948,3.10344577552948,2779.91409398658,2812.52894048282,257,352,1990,3159
88447,2010-03-29 00:00:00,EventStart_Fallback,119,China Open,2009,2010-03-29 00:00:00,2010-04-04 00:00:00,2009-08-01 10:00:00,matches_2009_all.csv,224,Ding Junhui,China,1,Mark J Williams,Wales,1,Mark J Williams,Wales,1,Mark J Williams,Wales,6,10,6,10,16,FALSE,FALSE,159,352,1356,3159,2808.37557650197,2812.52894048282,2679.65325646999,2646.42906931203,5,5,1,1,5,5,0.494023113466317,0.505976886533683,1,1,0.375,0.625,-9.52184907730534,9.52184907730533,2798.85372742466,2822.05078956013,160,353,1372,3175
1187343,2010-04-17 00:00:00,EventStart_Fallback,59,World Championship,2009,2010-04-17 00:00:00,2010-05-03 00:00:00,2009-08-01 10:00:00,matches_2009_all.csv,154,Neil Robertson,Australia,52,Graeme Dott,Scotland,154,Neil Robertson,Australia,154,Neil Robertson,Australia,18,13,18,13,31,FALSE,FALSE,205,194,1698,1910,2794.29226062224,2712.96505706258,2631.4761148925,2677.78458092588,5,5,1,1,5,5,0.614947454240166,0.385052545759834,1,1,0.580645161290323,0.419354838709677,-5.31685540722574,5.31685540722574,2788.97540521501,2718.2819124698,206,195,1729,1941
1187344,2010-04-17 00:00:00,EventStart_Fallback,59,World Championship,2009,2010-04-17 00:00:00,2010-05-03 00:00:00,2009-08-01 10:00:00,matches_2009_all.csv,154,Neil Robertson,Australia,158,Ali Carter,England,154,Neil Robertson,Australia,154,Neil Robertson,Australia,17,12,17,12,29,FALSE,FALSE,206,257,1729,1990,2788.97540521501,2779.91409398658,2631.4761148925,2654.01094991334,5,5,1,1,5,5,0.513037319258959,0.486962680741041,1,1,0.586206896551724,0.413793103448276,10.609588707451,-10.609588707451,2799.58499392247,2769.30450527913,207,258,1758,2019
1187345,2010-04-17 00:00:00,EventStart_Fallback,59,World Championship,2009,2010-04-17 00:00:00,2010-05-03 00:00:00,2009-08-01 10:00:00,matches_2009_all.csv,52,Graeme Dott,Scotland,17,Mark Selby,England,52,Graeme Dott,Scotland,52,Graeme Dott,Scotland,17,14,17,14,31,FALSE,FALSE,195,196,1941,1703,2718.2819124698,2798.45398737166,2677.78458092588,2694.53166694155,5,5,1,1,5,5,0.386628249392014,0.613371750607986,1,1,0.548387096774194,0.451612903225806,25.0726213442378,-25.0726213442378,2743.35453381404,2773.38136602742,196,197,1972,1734
1187346,2010-04-17 00:00:00,EventStart_Fallback,59,World Championship,2009,2010-04-17 00:00:00,2010-05-03 00:00:00,2009-08-01 10:00:00,matches_2009_all.csv,212,Steve Davis,England,154,Neil Robertson,Australia,154,Neil Robertson,Australia,154,Neil Robertson,Australia,5,13,5,13,18,FALSE,FALSE,461,207,4654,1758,2676.46369194411,2799.58499392247,2674.65788820987,2631.4761148925,5,5,1,1,5,5,0.329876609501809,0.670123390498191,1,1,0.277777777777778,0.722222222222222,-4.68889485516281,4.6888948551628,2671.77479708895,2804.27388877763,462,208,4672,1776
1187347,2010-04-17 00:00:00,EventStart_Fallback,59,World Championship,2009,2010-04-17 00:00:00,2010-05-03 00:00:00,2009-08-01 10:00:00,matches_2009_all.csv,158,Ali Carter,England,97,Shaun Murphy,England,158,Ali Carter,England,158,Ali Carter,England,13,12,13,12,25,FALSE,FALSE,258,198,2019,1912,2769.30450527913,2744.80113046581,2654.01094991334,2709.44047993629,5,5,1,1,5,5,0.535204841048319,0.464795158951681,1,1,0.52,0.48,-1.90060513103986,1.90060513103986,2767.40390014809,2746.70173559685,259,199,2044,1937
1187348,2010-04-17 00:00:00,EventStart_Fallback,59,World Championship,2009,2010-04-17 00:00:00,2010-05-03 00:00:00,2009-08-01 10:00:00,matches_2009_all.csv,52,Graeme Dott,Scotland,202,Mark Allen,Northern Ireland,52,Graeme Dott,Scotland,52,Graeme Dott,Scotland,13,12,13,12,25,FALSE,FALSE,196,150,1972,1091,2743.35453381404,2793.04275617768,2677.78458092588,2685.54443253342,5,5,1,1,5,5,0.428976457260993,0.571023542739007,1,1,0.52,0.48,11.3779428423758,-11.3779428423758,2754.73247665642,2781.6648133353,197,151,1997,1116
1187349,2010-04-17 00:00:00,EventStart_Fallback,59,World Championship,2009,2010-04-17 00:00:00,2010-05-03 00:00:00,2009-08-01 10:00:00,matches_2009_all.csv,17,Mark Selby,England,5,Ronnie O'Sullivan,England,17,Mark Selby,England,17,Mark Selby,England,13,11,13,11,24,FALSE,FALSE,197,363,1734,3750,2773.38136602742,2820.19069344411,2694.53166694155,2727.41414214416,5,5,1,1,5,5,0.433040614578233,0.566959385421767,1,1,0.541666666666667,0.458333333333333,13.035126250612,-13.035126250612,2786.41649227804,2807.1555671935,198,364,1758,3774
8324543,2010-04-17 00:00:00,EventStart_Fallback,59,World Championship,2009,2010-04-17 00:00:00,2010-05-03 00:00:00,2009-08-01 10:00:00,matches_2009_all.csv,237,John Higgins,Scotland,212,Steve Davis,England,212,Steve Davis,England,212,Steve Davis,England,11,13,11,13,24,FALSE,FALSE,414,462,3885,4672,2808.71389183746,2671.77479708895,2718.4454421435,2674.65788820987,5,5,1,1,5,5,0.687462924326522,0.312537075673478,1,1,0.458333333333333,0.541666666666667,-27.4955509191827,27.4955509191827,2781.21834091827,2699.27034800813,415,463,3909,4696
8324544,2010-04-17 00:00:00,EventStart_Fallback,59,World Championship,2009,2010-04-17 00:00:00,2010-05-03 00:00:00,2009-08-01 10:00:00,matches_2009_all.csv,154,Neil Robertson,Australia,27,Martin Gould,England,154,Neil Robertson,Australia,154,Neil Robertson,Australia,13,12,13,12,25,FALSE,FALSE,208,35,1776,420,2804.27388877763,2701.81740328356,2631.4761148925,2650.46999447596,5,5,1,1,5,5,0.643316258446669,0.356683741553331,1,1,0.52,0.48,-15.4145323058336,15.4145323058336,2788.85935647179,2717.23193558939,209,36,1801,445
8324545,2010-04-17 00:00:00,EventStart_Fallback,59,World Championship,2009,2010-04-17 00:00:00,2010-05-03 00:00:00,2009-08-01 10:00:00,matches_2009_all.csv,158,Ali Carter,England,168,Joe Perry,England,158,Ali Carter,England,158,Ali Carter,England,13,11,13,11,24,FALSE,FALSE,259,225,2044,1838,2767.40390014809,2714.32382362882,2654.01094991334,2701.4596224945,5,5,1,1,5,5,0.575799547219079,0.424200452780921,1,1,0.541666666666667,0.458333333333333,-4.09594566628943,4.09594566628943,2763.3079544818,2718.41976929511,260,226,2068,1862
8324546,2010-04-17 00:00:00,EventStart_Fallback,59,World Championship,2009,2010-04-17 00:00:00,2010-05-03 00:00:00,2009-08-01 10:00:00,matches_2009_all.csv,224,Ding Junhui,China,97,Shaun Murphy,England,97,Shaun Murphy,England,97,Shaun Murphy,England,10,13,10,13,23,FALSE,FALSE,160,199,1372,1937,2798.85372742466,2746.70173559685,2679.65325646999,2709.44047993629,5,5,1,1,5,5,0.57449409606499,0.42550590393501,1,1,0.434782608695652,0.565217391304348,-16.0668210474738,16.0668210474738,2782.78690637719,2762.76855664433,161,200,1395,1960
8324547,2010-04-17 00:00:00,EventStart_Fallback,59,World Championship,2009,2010-04-17 00:00:00,2010-05-03 00:00:00,2009-08-01 10:00:00,matches_2009_all.csv,2,Stephen Maguire,Scotland,52,Graeme Dott,Scotland,52,Graeme Dott,Scotland,52,Graeme Dott,Scotland,6,13,6,13,19,FALSE,FALSE,177,197,1709,1997,2802.72201715019,2754.73247665642,2658.75609493258,2677.78458092588,5,5,1,1,5,5,0.568626623069927,0.431373376930073,1,1,0.315789473684211,0.68421052631579,-24.0195291916431,24.0195291916431,2778.70248795855,2778.75200584806,178,198,1728,2016
8324548,2010-04-17 00:00:00,EventStart_Fallback,59,World Championship,2009,2010-04-17 00:00:00,2010-05-03 00:00:00,2009-08-01 10:00:00,matches_2009_all.csv,202,Mark Allen,Northern Ireland,15,Mark Davis,England,202,Mark Allen,Northern Ireland,202,Mark Allen,Northern Ireland,13,5,13,5,18,FALSE,FALSE,151,116,1116,1239,2781.6648133353,2716.43649289511,2685.54443253342,2700.48212788131,5,5,1,1,5,5,0.592783534078219,0.407216465921781,1,1,0.722222222222222,0.277777777777778,11.6494819329603,-11.6494819329603,2793.31429526826,2704.78701096215,152,117,1134,1257
8324549,2010-04-17 00:00:00,EventStart_Fallback,59,World Championship,2009,2010-04-17 00:00:00,2010-05-03 00:00:00,2009-08-01 10:00:00,matches_2009_all.csv,17,Mark Selby,England,153,Stephen Hendry,Scotland,17,Mark Selby,England,17,Mark Selby,England,13,5,13,5,18,FALSE,FALSE,198,505,1758,5178,2786.41649227804,2750.56800014874,2694.53166694155,2727.71851092324,5,5,1,1,5,5,0.551407824529228,0.448592175470772,1,1,0.722222222222222,0.277777777777778,15.3732957923695,-15.3732957923695,2801.78978807041,2735.19470435637,199,506,1776,5196
8324550,2010-04-17 00:00:00,EventStart_Fallback,59,World Championship,2009,2010-04-17 00:00:00,2010-05-03 00:00:00,2009-08-01 10:00:00,matches_2009_all.csv,1,Mark J Williams,Wales,5,Ronnie O'Sullivan,England,5,Ronnie O'Sullivan,England,5,Ronnie O'Sullivan,England,10,13,10,13,23,FALSE,FALSE,353,364,3175,3774,2822.05078956013,2807.1555671935,2646.42906931203,2727.41414214416,5,5,1,1,5,5,0.521422824672459,0.478577175327542,1,1,0.434782608695652,0.565217391304348,-9.96362483733273,9.96362483733273,2812.08716472279,2817.11919203083,354,365,3198,3797
8324602,2010-04-17 00:00:00,EventStart_Fallback,59,World Championship,2009,2010-04-17 00:00:00,2010-05-03 00:00:00,2009-08-01 10:00:00,matches_2009_all.csv,237,John Higgins,Scotland,16,Barry Hawkins,England,237,John Higgins,Scotland,237,John Higgins,Scotland,10,6,10,6,16,FALSE,FALSE,415,161,3909,1357,2781.21834091827,2709.85090745551,2718.4454421435,2665.51914316575,5,5,1,1,5,5,0.601285435180713,0.398714564819287,1,1,0.625,0.375,1.89716518554296,-1.89716518554296,2783.11550610382,2707.95374226997,416,162,3925,1373
8324603,2010-04-17 00:00:00,EventStart_Fallback,59,World Championship,2009,2010-04-17 00:00:00,2010-05-03 00:00:00,2009-08-01 10:00:00,matches_2009_all.csv,28,Mark King,England,212,Steve Davis,England,212,Steve Davis,England,212,Steve Davis,England,9,10,9,10,19,FALSE,FALSE,240,463,2013,4696,2724.71263034148,2699.27034800813,2650.41419841964,2674.65788820987,5,5,1,1,5,5,0.536549079950172,0.463450920049828,1,1,0.473684210526316,0.526315789473684,-5.97216259526637,5.97216259526637,2718.74046774621,2705.2425106034,241,464,2032,4715
8324604,2010-04-17 00:00:00,EventStart_Fallback,59,World Championship,2009,2010-04-17 00:00:00,2010-05-03 00:00:00,2009-08-01 10:00:00,matches_2009_all.csv,154,Neil Robertson,Australia,63,Fergal O'Brien,Ireland,154,Neil Robertson,Australia,154,Neil Robertson,Australia,10,5,10,5,15,FALSE,FALSE,209,166,1801,1574,2788.85935647179,2714.97586118453,2631.4761148925,2692.3706339272,5,5,1,1,5,5,0.604752608686618,0.395247391313382,1,1,0.666666666666667,0.333333333333333,4.64355434850364,-4.64355434850364,2793.5029108203,2710.33230683603,210,167,1816,1589
8324605,2010-04-17 00:00:00,EventStart_Fallback,59,World Championship,2009,2010-04-17 00:00:00,2010-05-03 00:00:00,2009-08-01 10:00:00,matches_2009_all.csv,4,Fu Marco,Hong Kong,27,Martin Gould,England,27,Martin Gould,England,27,Martin Gould,England,9,10,9,10,19,FALSE,FALSE,186,36,1641,445,2759.47327924915,2717.23193558939,2720.95775518301,2650.46999447596,5,5,1,1,5,5,0.560492411529402,0.439507588470598,1,1,0.473684210526316,0.526315789473684,-8.24677909529319,8.24677909529319,2751.22650015386,2725.47871468468,187,37,1660,464
8324606,2010-04-17 00:00:00,EventStart_Fallback,59,World Championship,2009,2010-04-17 00:00:00,2010-05-03 00:00:00,2009-08-01 10:00:00,matches_2009_all.csv,158,Ali Carter,England,3,Jamie Cope,England,158,Ali Carter,England,158,Ali Carter,England,10,4,10,4,14,FALSE,FALSE,260,141,2068,996,2763.3079544818,2750.14092623954,2654.01094991334,2642.34302814736,5,5,1,1,5,5,0.518939810342229,0.481060189657771,1,1,0.714285714285714,0.285714285714286,13.674213276044,-13.674213276044,2776.98216775785,2736.46671296349,261,142,2082,1010
8324607,2010-04-17 00:00:00,EventStart_Fallback,59,World Championship,2009,2010-04-17 00:00:00,2010-05-03 00:00:00,2009-08-01 10:00:00,matches_2009_all.csv,168,Joe Perry,England,125,Michael Holt,England,168,Joe Perry,England,168,Joe Perry,England,10,4,10,4,14,FALSE,FALSE,226,133,1862,1227,2718.41976929511,2681.60387153512,2701.4596224945,2628.20216001758,5,5,1,1,5,5,0.552784918231165,0.447215081768835,1,1,0.714285714285714,0.285714285714286,11.3050557238185,-11.3050557238185,2729.72482501892,2670.2988158113,227,134,1876,1241
8324608,2010-04-17 00:00:00,EventStart_Fallback,59,World Championship,2009,2010-04-17 00:00:00,2010-05-03 00:00:00,2009-08-01 10:00:00,matches_2009_all.csv,224,Ding Junhui,China,179,Stuart Pettman,England,224,Ding Junhui,China,224,Ding Junhui,China,10,1,10,1,11,FALSE,FALSE,161,90,1395,901,2782.78690637719,2717.29591375563,2679.65325646999,2605.0243192208,5,5,1,1,5,5,0.593148481443481,0.406851518556519,1,1,0.909090909090909,0.0909090909090909,17.3768335206086,-17.3768335206086,2800.1637398978,2699.91908023502,162,91,1406,912
8324609,2010-04-17 00:00:00,EventStart_Fallback,59,World Championship,2009,2010-04-17 00:00:00,2010-05-03 00:00:00,2009-08-01 10:00:00,matches_2009_all.csv,97,Shaun Murphy,England,38,Gerard Greene,Northern Ireland,97,Shaun Murphy,England,97,Shaun Murphy,England,10,7,10,7,17,FALSE,FALSE,200,118,1960,1087,2762.76855664433,2726.46272509187,2709.44047993629,2650.07103492475,5,5,1,1,5,5,0.552058942874541,0.447941057125459,1,1,0.588235294117647,0.411764705882353,3.07498985566399,-3.07498985566399,2765.84354649999,2723.3877352362,201,119,1977,1104
8324610,2010-04-17 00:00:00,EventStart_Fallback,59,World Championship,2009,2010-04-17 00:00:00,2010-05-03 00:00:00,2009-08-01 10:00:00,matches_2009_all.csv,2,Stephen Maguire,Scotland,13,Stephen Lee,England,2,Stephen Maguire,Scotland,2,Stephen Maguire,Scotland,10,4,10,4,14,FALSE,FALSE,178,248,1728,2359,2778.70248795855,2722.31817339791,2658.75609493258,2693.21413052306,5,5,1,1,5,5,0.580438614788409,0.419561385211591,1,1,0.714285714285714,0.285714285714286,9.36929696481134,-9.36929696481134,2788.07178492336,2712.94887643309,179,249,1742,2373
8324611,2010-04-17 00:00:00,EventStart_Fallback,59,World Championship,2009,2010-04-17 00:00:00,2010-05-03 00:00:00,2009-08-01 10:00:00,matches_2009_all.csv,42,Peter Ebdon,England,52,Graeme Dott,Scotland,52,Graeme Dott,Scotland,52,Graeme Dott,Scotland,5,10,5,10,15,FALSE,FALSE,328,198,3150,2016,2752.85424827986,2778.75200584806,2730.0833810011,2677.78458092588,5,5,1,1,5,5,0.462799003803472,0.537200996196528,1,1,0.333333333333333,0.666666666666667,-9.70992528526039,9.7099252852604,2743.1443229946,2788.46193113332,329,199,3165,2031
8324612,2010-04-17 00:00:00,EventStart_Fallback,59,World Championship,2009,2010-04-17 00:00:00,2010-05-03 00:00:00,2009-08-01 10:00:00,matches_2009_all.csv,202,Mark Allen,Northern Ireland,8,Tom Ford,England,202,Mark Allen,Northern Ireland,202,Mark Allen,Northern Ireland,10,4,10,4,14,FALSE,FALSE,152,84,1134,840,2793.31429526826,2747.34140322568,2685.54443253342,2674.83174745156,5,5,1,1,5,5,0.565776867123948,0.434223132876052,1,1,0.714285714285714,0.285714285714286,10.3956193013236,-10.3956193013236,2803.70991456958,2736.94578392436,153,85,1148,854
8324613,2010-04-17 00:00:00,EventStart_Fallback,59,World Championship,2009,2010-04-17 00:00:00,2010-05-03 00:00:00,2009-08-01 10:00:00,matches_2009_all.csv,68,Ryan Day,Wales,15,Mark Davis,England,15,Mark Davis,England,15,Mark Davis,England,8,10,8,10,18,FALSE,FALSE,175,117,1579,1257,2733.98387645352,2704.78701096215,2657.71749328838,2700.48212788131,5,5,1,1,5,5,0.541919036914147,0.458080963085853,1,1,0.444444444444444,0.555555555555556,-8.77271332227325,8.77271332227325,2725.21116313125,2713.55972428442,176,118,1597,1275
8324614,2010-04-17 00:00:00,EventStart_Fallback,59,World Championship,2009,2010-04-17 00:00:00,2010-05-03 00:00:00,2009-08-01 10:00:00,matches_2009_all.csv,17,Mark Selby,England,170,Ken Doherty,Ireland,17,Mark Selby,England,17,Mark Selby,England,10,4,10,4,14,FALSE,FALSE,199,373,1776,3464,2801.78978807041,2755.76001548154,2694.53166694155,2703.13268866811,5,5,1,1,5,5,0.565857306416364,0.434142693583636,1,1,0.714285714285714,0.285714285714286,10.3899885508545,-10.3899885508545,2812.17977662126,2745.37002693069,200,374,1790,3478
8324615,2010-04-17 00:00:00,EventStart_Fallback,59,World Championship,2009,2010-04-17 00:00:00,2010-05-03 00:00:00,2009-08-01 10:00:00,matches_2009_all.csv,153,Stephen Hendry,Scotland,81,Zhang Anda,China,153,Stephen Hendry,Scotland,153,Stephen Hendry,Scotland,10,9,10,9,19,FALSE,FALSE,506,16,5196,156,2735.19470435637,2672.692719023,2727.71851092324,2636.30090425438,5,5,1,1,5,5,0.58898968258354,0.41101031741646,1,1,0.526315789473684,0.473684210526316,-5.95401984543626,5.95401984543626,2729.24068451093,2678.64673886844,507,17,5215,175
8324616,2010-04-17 00:00:00,EventStart_Fallback,59,World Championship,2009,2010-04-17 00:00:00,2010-05-03 00:00:00,2009-08-01 10:00:00,matches_2009_all.csv,1,Mark J Williams,Wales,11,Marcus Campbell,Scotland,1,Mark J Williams,Wales,1,Mark J Williams,Wales,10,5,10,5,15,FALSE,FALSE,354,97,3198,998,2812.08716472279,2705.29268459885,2646.42906931203,2640.66687405255,5,5,1,1,5,5,0.649025502044032,0.350974497955968,1,1,0.666666666666667,0.333333333333333,1.3230873466976,-1.32308734669759,2813.41025206949,2703.96959725215,355,98,3213,1013
8324617,2010-04-17 00:00:00,EventStart_Fallback,59,World Championship,2009,2010-04-17 00:00:00,2010-05-03 00:00:00,2009-08-01 10:00:00,matches_2009_all.csv,5,Ronnie O'Sullivan,England,200,Liang Wenbo,China,5,Ronnie O'Sullivan,England,5,Ronnie O'Sullivan,England,10,7,10,7,17,FALSE,FALSE,365,65,3797,556,2817.11919203083,2758.37676349091,2727.41414214416,2685.07686582305,5,5,1,1,5,5,0.583740725930271,0.416259274069729,1,1,0.588235294117647,0.411764705882353,0.382038295926987,-0.382038295926987,2817.50123032676,2757.99472519499,366,66,3814,573
