name,rating,games,first_date,entry_rating,is_seed,Pass,EntryMode,StartR,KNormal,KNew,KNewGames,RetroGamesN
Shin Jinseo,3681,1028,2012-09-11,3081.8,TRUE,Pass2_RetroStart,RetroFromPass1FirstN,3000,20,20,100,25
Ding Hao,3563,521,2013-12-10,3203.4,TRUE,Pass2_RetroStart,RetroFromPass1FirstN,3000,20,20,100,25
Wang Xinghao,3539,362,2016-12-16,3097.6,TRUE,Pass2_RetroStart,RetroFromPass1FirstN,3000,20,20,100,25
Ichiriki Ryo,3510,963,2010-10-04,3149.2,TRUE,Pass2_RetroStart,RetroFromPass1FirstN,3000,20,20,100,25
Xu Jiayang,3499,538,2012-06-18,3157.9,TRUE,Pass2_RetroStart,RetroFromPass1FirstN,3000,20,20,100,25
Dang Yifei,3484,724,2008-03-25,3105.6,TRUE,Pass2_RetroStart,RetroFromPass1FirstN,3000,20,20,100,25
Li Qincheng,3484,637,2009-12-19,3120.3,TRUE,Pass2_RetroStart,RetroFromPass1FirstN,3000,20,20,100,25
Shibano Toramaru,3471,715,2014-06-11,3165.5,TRUE,Pass2_RetroStart,RetroFromPass1FirstN,3000,20,20,100,25
Li Weiqing,3470,431,2013-05-21,3061.8,TRUE,Pass2_RetroStart,RetroFromPass1FirstN,3000,20,20,100,25
Ke Jie,3467,926,2008-12-16,3078.5,TRUE,Pass2_RetroStart,RetroFromPass1FirstN,3000,20,20,100,25
Yang Dingxin,3466,795,2008-12-16,3212.5,TRUE,Pass2_RetroStart,RetroFromPass1FirstN,3000,20,20,100,25
Park Junghwan,3461,1432,2007-05-02,3173.7,TRUE,Pass2_RetroStart,RetroFromPass1FirstN,3000,20,20,100,25
Iyama Yuta,3459,1230,2002-12-05,3224.3,TRUE,Pass2_RetroStart,RetroFromPass1FirstN,3000,20,20,100,25
Hsu Chiayuan,3451,620,2013-08-29,3321.7,TRUE,Pass2_RetroStart,RetroFromPass1FirstN,3000,20,20,100,25
Yang Kaiwen,3427,414,2011-12-28,3172.5,TRUE,Pass2_RetroStart,RetroFromPass1FirstN,3000,20,20,100,25
Fan Tingyu,3426,853,2008-09-16,3220.4,TRUE,Pass2_RetroStart,RetroFromPass1FirstN,3000,20,20,100,25
Liao Yuanhe,3426,486,2013-08-18,3077.8,TRUE,Pass2_RetroStart,RetroFromPass1FirstN,3000,20,20,100,25
Jin Yucheng,3421,172,2018-10-22,3198.5,TRUE,Pass2_RetroStart,RetroFromPass1FirstN,3000,20,20,100,25
Shin Minjun,3419,815,2012-09-11,3137.3,TRUE,Pass2_RetroStart,RetroFromPass1FirstN,3000,20,20,100,25
Yu Zhengqi,3416,659,2006-01-21,2954.6,TRUE,Pass2_RetroStart,RetroFromPass1FirstN,3000,20,20,100,25
Xie Ke,3410,491,2013-08-14,3095.8,TRUE,Pass2_RetroStart,RetroFromPass1FirstN,3000,20,20,100,25
Fan Yunruo,3408,441,2008-01-24,3181.2,TRUE,Pass2_RetroStart,RetroFromPass1FirstN,3000,20,20,100,25
Li Xuanhao,3406,685,2008-09-18,3092.6,TRUE,Pass2_RetroStart,RetroFromPass1FirstN,3000,20,20,100,25
Xu Haohong,3404,712,2013-03-07,3039,TRUE,Pass2_RetroStart,RetroFromPass1FirstN,3000,20,20,100,25
Tu Xiaoyu,3398,342,2016-12-01,3273.4,TRUE,Pass2_RetroStart,RetroFromPass1FirstN,3000,20,20,100,25
Zhao Chenyu,3395,546,2012-05-26,3148.9,TRUE,Pass2_RetroStart,RetroFromPass1FirstN,3000,20,20,100,25
Tan Xiao,3392,856,2005-04-16,3017.9,TRUE,Pass2_RetroStart,RetroFromPass1FirstN,3000,20,20,100,25
Gu Zihao,3387,633,2011-06-18,3104.9,TRUE,Pass2_RetroStart,RetroFromPass1FirstN,3000,20,20,100,25
Fan Yin,3386,386,2011-12-28,3086.7,TRUE,Pass2_RetroStart,RetroFromPass1FirstN,3000,20,20,100,25
Kim Myounghoon,3382,515,2013-04-19,3213.2,TRUE,Pass2_RetroStart,RetroFromPass1FirstN,3000,20,20,100,25
Lai Junfu,3380,653,2015-06-08,3052,TRUE,Pass2_RetroStart,RetroFromPass1FirstN,3000,20,20,100,25
Liu Yuhang,3373,182,2015-01-11,3038.6,TRUE,Pass2_RetroStart,RetroFromPass1FirstN,3000,20,20,100,25
Lee Donghoon,3370,554,2010-08-03,3091.5,TRUE,Pass2_RetroStart,RetroFromPass1FirstN,3000,20,20,100,25
Chen Zijian,3368,311,2013-06-29,3054.8,TRUE,Pass2_RetroStart,RetroFromPass1FirstN,3000,20,20,100,25
Kim Eunji,3366,404,2020-04-14,3049.6,TRUE,Pass2_RetroStart,RetroFromPass1FirstN,3000,20,20,100,25
Motoki Katsuya,3357,409,2011-11-10,3099,TRUE,Pass2_RetroStart,RetroFromPass1FirstN,3000,20,20,100,25
Mi Yuting,3356,903,2008-12-16,3219.6,TRUE,Pass2_RetroStart,RetroFromPass1FirstN,3000,20,20,100,25
Byun Sangil,3355,812,2011-08-01,3111.9,TRUE,Pass2_RetroStart,RetroFromPass1FirstN,3000,20,20,100,25
Shi Yue,3351,1014,2003-01-19,3132.7,TRUE,Pass2_RetroStart,RetroFromPass1FirstN,3000,20,20,100,25
Park Minkyu,3350,284,2012-04-16,3031,TRUE,Pass2_RetroStart,RetroFromPass1FirstN,3000,20,20,100,25
Kang Dongyun,3345,1111,2002-07-31,3074.1,TRUE,Pass2_RetroStart,RetroFromPass1FirstN,3000,20,20,100,25
An Sungjoon,3342,499,2009-05-04,3129,TRUE,Pass2_RetroStart,RetroFromPass1FirstN,3000,20,20,100,25
Xu Jingen,3336,496,2018-11-12,3005,TRUE,Pass2_RetroStart,RetroFromPass1FirstN,3000,20,20,100,25
Lin Junyan,3330,727,2010-09-02,3125.7,TRUE,Pass2_RetroStart,RetroFromPass1FirstN,3000,20,20,100,25
Xie Erhao,3328,582,2011-12-28,3216.1,TRUE,Pass2_RetroStart,RetroFromPass1FirstN,3000,20,20,100,25
Tuo Jiaxi,3326,984,2006-01-17,3209.1,TRUE,Pass2_RetroStart,RetroFromPass1FirstN,3000,20,20,100,25
Lee Jihyun,3325,522,1994-01-08,2891.2,TRUE,Pass2_RetroStart,RetroFromPass1FirstN,3000,20,20,100,25
Song Jihoon,3325,260,2015-03-03,3077.8,TRUE,Pass2_RetroStart,RetroFromPass1FirstN,3000,20,20,100,25
Fukuoka Kotaro,3324,255,2019-11-07,2966,TRUE,Pass2_RetroStart,RetroFromPass1FirstN,3000,20,20,100,25
Kim Jiseok,3323,1053,2004-07-07,3060.5,TRUE,Pass2_RetroStart,RetroFromPass1FirstN,3000,20,20,100,25
Wang Yuanjun,3321,849,2009-08-03,3095.2,TRUE,Pass2_RetroStart,RetroFromPass1FirstN,3000,20,20,100,25
Jiang Weijie,3320,826,2006-01-07,3207.1,TRUE,Pass2_RetroStart,RetroFromPass1FirstN,3000,20,20,100,25
Lian Xiao,3314,799,2007-01-26,3081.5,TRUE,Pass2_RetroStart,RetroFromPass1FirstN,3000,20,20,100,25
Seol Hyunjun,3313,375,2014-04-12,2943,TRUE,Pass2_RetroStart,RetroFromPass1FirstN,3000,20,20,100,25
Chen Yaoye,3312,1066,2002-08-07,3096.3,TRUE,Pass2_RetroStart,RetroFromPass1FirstN,3000,20,20,100,25
Kim Junghyun,3311,354,2009-02-28,3075.2,TRUE,Pass2_RetroStart,RetroFromPass1FirstN,3000,20,20,100,25
Wang Xi,3311,678,1999-04-16,3119.2,TRUE,Pass2_RetroStart,RetroFromPass1FirstN,3000,20,20,100,25
Han Woojin,3307,158,2019-01-25,3136.6,TRUE,Pass2_RetroStart,RetroFromPass1FirstN,3000,20,20,100,25
Huang Yunsong,3306,548,2010-12-07,3112.7,TRUE,Pass2_RetroStart,RetroFromPass1FirstN,3000,20,20,100,25
Kang Yootaek,3303,342,2007-12-05,3261.5,TRUE,Pass2_RetroStart,RetroFromPass1FirstN,3000,20,20,100,25
Tao Xinran,3302,577,2007-07-11,3129,TRUE,Pass2_RetroStart,RetroFromPass1FirstN,3000,20,20,100,25
Peng Liyao,3301,717,2005-07-13,3133.7,TRUE,Pass2_RetroStart,RetroFromPass1FirstN,3000,20,20,100,25
Choi Jeong,3298,897,2010-08-14,3148.4,TRUE,Pass2_RetroStart,RetroFromPass1FirstN,3000,20,20,100,25
Chen Xian,3294,366,2012-03-14,3070.2,TRUE,Pass2_RetroStart,RetroFromPass1FirstN,3000,20,20,100,25
Xiao Zhenghao,3292,758,2003-09-28,3241.5,TRUE,Pass2_RetroStart,RetroFromPass1FirstN,3000,20,20,100,25
Zhang Tao,3292,439,2007-07-11,3031.3,TRUE,Pass2_RetroStart,RetroFromPass1FirstN,3000,20,20,100,25
Kono Rin,3291,994,1997-06-05,3129.5,TRUE,Pass2_RetroStart,RetroFromPass1FirstN,3000,20,20,100,25
Xue Guanhua,3291,85,2015-02-05,3029.9,TRUE,Pass2_RetroStart,RetroFromPass1FirstN,3000,20,20,100,25
Koike Yoshihiro,3284,219,2015-10-05,3051.6,TRUE,Pass2_RetroStart,RetroFromPass1FirstN,3000,20,20,100,25
Park Sangjin,3284,244,2016-01-22,3080.4,TRUE,Pass2_RetroStart,RetroFromPass1FirstN,3000,20,20,100,25
Hirose Yuichi,3281,250,2016-01-08,3103.5,TRUE,Pass2_RetroStart,RetroFromPass1FirstN,3000,20,20,100,25
Otake Yu,3280,217,2016-02-03,2927.4,TRUE,Pass2_RetroStart,RetroFromPass1FirstN,3000,20,20,100,25
Sakai Yuki,3280,193,2018-10-25,3108.6,TRUE,Pass2_RetroStart,RetroFromPass1FirstN,3000,20,20,100,25
Ida Atsushi,3278,553,2009-09-03,3053.7,TRUE,Pass2_RetroStart,RetroFromPass1FirstN,3000,20,20,100,25
Chen Qirui,3277,755,2014-01-16,3040.7,TRUE,Pass2_RetroStart,RetroFromPass1FirstN,3000,20,20,100,25
Kim Jinhwi,3276,190,2011-01-26,3184,TRUE,Pass2_RetroStart,RetroFromPass1FirstN,3000,20,20,100,25
Hirata Tomoya,3275,263,2009-10-29,3034.9,TRUE,Pass2_RetroStart,RetroFromPass1FirstN,3000,20,20,100,25
Onishi Ryuhei,3274,281,2015-02-17,3167.3,TRUE,Pass2_RetroStart,RetroFromPass1FirstN,3000,20,20,100,25
Murakawa Daisuke,3271,684,2005-02-03,3036.3,TRUE,Pass2_RetroStart,RetroFromPass1FirstN,3000,20,20,100,25
Hong Seongji,3262,521,2002-08-01,2930,TRUE,Pass2_RetroStart,RetroFromPass1FirstN,3000,20,20,100,25
Meng Tailing,3259,564,2004-04-03,3014.2,TRUE,Pass2_RetroStart,RetroFromPass1FirstN,3000,20,20,100,25
Tong Mengcheng,3259,582,2009-03-03,3034.9,TRUE,Pass2_RetroStart,RetroFromPass1FirstN,3000,20,20,100,25
Xia Chenkun,3259,323,2012-08-10,3272.8,TRUE,Pass2_RetroStart,RetroFromPass1FirstN,3000,20,20,100,25
Yamashita Keigo,3256,1370,1994-02-09,3139.5,TRUE,Pass2_RetroStart,RetroFromPass1FirstN,3000,20,20,100,25
Choi Jaeyoung,3252,212,2015-04-26,3112.8,TRUE,Pass2_RetroStart,RetroFromPass1FirstN,3000,20,20,100,25
Cho U,3248,1267,1996-03-20,3158.6,TRUE,Pass2_RetroStart,RetroFromPass1FirstN,3000,20,20,100,25
Han Seungjoo,3247,307,2013-06-24,3104.4,TRUE,Pass2_RetroStart,RetroFromPass1FirstN,3000,20,20,100,25
Chen Yunong,3246,149,2013-12-10,2965.9,TRUE,Pass2_RetroStart,RetroFromPass1FirstN,3000,20,20,100,25
Na Hyun,3246,525,2010-01-12,3221.4,TRUE,Pass2_RetroStart,RetroFromPass1FirstN,3000,20,20,100,25
Suzuki Shinji,3245,311,2008-10-02,3103.9,TRUE,Pass2_RetroStart,RetroFromPass1FirstN,3000,20,20,100,25
Wang Shiyi,3245,172,2015-02-05,3032.9,TRUE,Pass2_RetroStart,RetroFromPass1FirstN,3000,20,20,100,25
Yokotsuka Riki,3241,139,2015-02-04,2958.3,TRUE,Pass2_RetroStart,RetroFromPass1FirstN,3000,20,20,100,25
Kang Seungmin,3240,317,2011-07-11,2921.5,TRUE,Pass2_RetroStart,RetroFromPass1FirstN,3000,20,20,100,25
Lee Changseok,3239,397,2013-07-09,2994.6,TRUE,Pass2_RetroStart,RetroFromPass1FirstN,3000,20,20,100,25
Cho Hanseung,3238,946,1996-03-05,3154.9,TRUE,Pass2_RetroStart,RetroFromPass1FirstN,3000,20,20,100,25
Weon Seongjin,3238,929,2000-01-26,2967.8,TRUE,Pass2_RetroStart,RetroFromPass1FirstN,3000,20,20,100,25
Yoo Changhyuk,3238,1153,1984-04-13,3354.2,TRUE,Pass2_RetroStart,RetroFromPass1FirstN,3000,20,20,100,25
Miura Taro,3237,126,2020-03-12,3122.5,TRUE,Pass2_RetroStart,RetroFromPass1FirstN,3000,20,20,100,25
Shida Tatsuya,3237,430,2006-10-12,3166.5,TRUE,Pass2_RetroStart,RetroFromPass1FirstN,3000,20,20,100,25
Kim Beomseo,3234,29,2021-08-06,3276.7,TRUE,Pass2_RetroStart,RetroFromPass1FirstN,3000,20,20,100,25
Qiu Jun,3234,713,1996-02-29,3181.7,TRUE,Pass2_RetroStart,RetroFromPass1FirstN,3000,20,20,100,25
Chen Shiyuan,3233,813,2001-12-20,2963.1,TRUE,Pass2_RetroStart,RetroFromPass1FirstN,3000,20,20,100,25
Lee Yeonggu,3233,670,2002-03-28,3134.2,TRUE,Pass2_RetroStart,RetroFromPass1FirstN,3000,20,20,100,25
Seto Taiki,3233,496,2001-10-17,3112,TRUE,Pass2_RetroStart,RetroFromPass1FirstN,3000,20,20,100,25
Lee Wonyoung,3232,327,2009-08-08,3109.6,TRUE,Pass2_RetroStart,RetroFromPass1FirstN,3000,20,20,100,25
Jian Jingting,3231,549,2015-02-12,3084.7,TRUE,Pass2_RetroStart,RetroFromPass1FirstN,3000,20,20,100,25
Wang Chunhui,3231,126,2019-08-30,3017.2,TRUE,Pass2_RetroStart,RetroFromPass1FirstN,3000,20,20,100,25
Ueno Asami,3227,482,2016-08-09,2991.8,TRUE,Pass2_RetroStart,RetroFromPass1FirstN,3000,20,20,100,25
Jiang Qirun,3226,278,2013-08-13,3103.5,TRUE,Pass2_RetroStart,RetroFromPass1FirstN,3000,20,20,100,25
Xiao Yuyang,3226,60,2022-10-27,3217,TRUE,Pass2_RetroStart,RetroFromPass1FirstN,3000,20,20,100,25
Lin Lixiang,3225,680,2008-11-17,3061.1,TRUE,Pass2_RetroStart,RetroFromPass1FirstN,3000,20,20,100,25
Park Geunho,3224,290,2015-04-29,2877.2,TRUE,Pass2_RetroStart,RetroFromPass1FirstN,3000,20,20,100,25
Zhou Hongyu,3224,415,2015-08-29,2968.9,TRUE,Pass2_RetroStart,RetroFromPass1FirstN,3000,20,20,100,25
An Jungki,3223,187,2015-05-22,3087.9,TRUE,Pass2_RetroStart,RetroFromPass1FirstN,3000,20,20,100,25
Han Yizhou,3220,337,2010-12-21,3074.5,TRUE,Pass2_RetroStart,RetroFromPass1FirstN,3000,20,20,100,25
Tang Weixing,3220,791,2005-01-11,3115.9,TRUE,Pass2_RetroStart,RetroFromPass1FirstN,3000,20,20,100,25
Oh Yujin,3219,646,2012-09-11,3075.4,TRUE,Pass2_RetroStart,RetroFromPass1FirstN,3000,20,20,100,25
Fu Jianheng,3218,93,2020-05-11,3158.9,TRUE,Pass2_RetroStart,RetroFromPass1FirstN,3000,20,20,100,25
Wu Guangya,3218,446,2005-05-21,3063.6,TRUE,Pass2_RetroStart,RetroFromPass1FirstN,3000,20,20,100,25
Moon Minjong,3217,203,2018-01-10,3095.3,TRUE,Pass2_RetroStart,RetroFromPass1FirstN,3000,20,20,100,25
Rong Yi,3217,250,2008-12-16,2911,TRUE,Pass2_RetroStart,RetroFromPass1FirstN,3000,20,20,100,25
Gu Li,3216,1240,1997-02-19,3062.3,TRUE,Pass2_RetroStart,RetroFromPass1FirstN,3000,20,20,100,25
Sun Tengyu,3216,309,2007-01-10,3155.6,TRUE,Pass2_RetroStart,RetroFromPass1FirstN,3000,20,20,100,25
Park Hamin,3215,261,2015-04-25,3053.3,TRUE,Pass2_RetroStart,RetroFromPass1FirstN,3000,20,20,100,25
Gu Lingyi,3211,647,2001-01-07,3093.2,TRUE,Pass2_RetroStart,RetroFromPass1FirstN,3000,20,20,100,25
Park Jonghoon,3211,155,2014-12-17,3088.2,TRUE,Pass2_RetroStart,RetroFromPass1FirstN,3000,20,20,100,25
Mutsuura Yuta,3210,300,2014-01-28,3098.9,TRUE,Pass2_RetroStart,RetroFromPass1FirstN,3000,20,20,100,25
Sada Atsushi,3210,362,2013-01-24,2973.9,TRUE,Pass2_RetroStart,RetroFromPass1FirstN,3000,20,20,100,25
Lee Changho,3207,2112,1988-01-25,3250.7,TRUE,Pass2_RetroStart,RetroFromPass1FirstN,3000,20,20,100,25
Lee Sedol,3207,1371,1997-06-27,3319.6,TRUE,Pass2_RetroStart,RetroFromPass1FirstN,3000,20,20,100,25
Yi Lingtao,3207,289,2014-01-10,3016,TRUE,Pass2_RetroStart,RetroFromPass1FirstN,3000,20,20,100,25
Huang Mingyu,3206,159,2017-06-16,3050.4,TRUE,Pass2_RetroStart,RetroFromPass1FirstN,3000,20,20,100,25
Koyama Kuya,3206,180,2013-10-04,2953.8,TRUE,Pass2_RetroStart,RetroFromPass1FirstN,3000,20,20,100,25
Seki Kotaro,3205,234,2017-02-21,3106.3,TRUE,Pass2_RetroStart,RetroFromPass1FirstN,3000,20,20,100,25
Wang Zejin,3205,265,2013-03-29,3033.4,TRUE,Pass2_RetroStart,RetroFromPass1FirstN,3000,20,20,100,25
Han Taehee,3204,229,2010-01-16,3018.2,TRUE,Pass2_RetroStart,RetroFromPass1FirstN,3000,20,20,100,25
Tao Xin,3204,146,2002-12-21,3031,TRUE,Pass2_RetroStart,RetroFromPass1FirstN,3000,20,20,100,25
An Dongxu,3201,177,2008-12-18,3203.1,TRUE,Pass2_RetroStart,RetroFromPass1FirstN,3000,20,20,100,25
Choi Myeonghun,3198,373,1992-05-04,3099.8,TRUE,Pass2_RetroStart,RetroFromPass1FirstN,3000,20,20,100,25
Zhou Ruiyang,3198,956,2003-01-15,3059.1,TRUE,Pass2_RetroStart,RetroFromPass1FirstN,3000,20,20,100,25
Duan Boyao,3197,33,2022-09-07,3135.9,TRUE,Pass2_RetroStart,RetroFromPass1FirstN,3000,20,20,100,25
Takao Shinji,3197,1089,1992-02-12,3183,TRUE,Pass2_RetroStart,RetroFromPass1FirstN,3000,20,20,100,25
Anzai Nobuaki,3196,339,2004-08-09,3099.8,TRUE,Pass2_RetroStart,RetroFromPass1FirstN,3000,20,20,100,25
Fujita Akihiko,3196,329,2006-11-27,3041.5,TRUE,Pass2_RetroStart,RetroFromPass1FirstN,3000,20,20,100,25
Yang Dong,3196,88,2006-08-08,3049.1,TRUE,Pass2_RetroStart,RetroFromPass1FirstN,3000,20,20,100,25
Shen Peiran,3195,177,2015-02-05,3027.8,TRUE,Pass2_RetroStart,RetroFromPass1FirstN,3000,20,20,100,25
Choi Cheolhan,3194,1200,1998-07-16,2993.2,TRUE,Pass2_RetroStart,RetroFromPass1FirstN,3000,20,20,100,25
Ryu Minhyung,3194,198,2010-01-16,3033.9,TRUE,Pass2_RetroStart,RetroFromPass1FirstN,3000,20,20,100,25
Park Yeonghun,3193,1115,2000-06-30,3198.4,TRUE,Pass2_RetroStart,RetroFromPass1FirstN,3000,20,20,100,25
Akiyama Jiro,3192,354,1993-02-10,3137.6,TRUE,Pass2_RetroStart,RetroFromPass1FirstN,3000,20,20,100,25
Lin Shixun,3192,531,2012-05-29,3024.3,TRUE,Pass2_RetroStart,RetroFromPass1FirstN,3000,20,20,100,25
Kong Jie,3190,879,1993-09-12,3037.4,TRUE,Pass2_RetroStart,RetroFromPass1FirstN,3000,20,20,100,25
Tang Jiawen,3189,246,2017-09-02,2962.4,TRUE,Pass2_RetroStart,RetroFromPass1FirstN,3000,20,20,100,25
Adachi Toshimasa,3188,254,2009-11-12,2959.3,TRUE,Pass2_RetroStart,RetroFromPass1FirstN,3000,20,20,100,25
Kim Chaeyoung,3188,532,2011-06-22,2987.2,TRUE,Pass2_RetroStart,RetroFromPass1FirstN,3000,20,20,100,25
Mok Jinseok,3188,718,1995-05-01,3051.2,TRUE,Pass2_RetroStart,RetroFromPass1FirstN,3000,20,20,100,25
Baek Hyeonwoo,3187,79,2018-01-15,3195.6,TRUE,Pass2_RetroStart,RetroFromPass1FirstN,3000,20,20,100,25
Ahn Kukhyun,3186,329,2010-04-16,3122.7,TRUE,Pass2_RetroStart,RetroFromPass1FirstN,3000,20,20,100,25
Hu Yaoyu,3186,798,1993-09-12,2996.4,TRUE,Pass2_RetroStart,RetroFromPass1FirstN,3000,20,20,100,25
Kato Masao,3186,1230,1970-02-04,3037.5,TRUE,Pass2_RetroStart,RetroFromPass1FirstN,3000,20,20,100,25
Wu Yiming,3186,276,2018-08-27,2780.8,TRUE,Pass2_RetroStart,RetroFromPass1FirstN,3000,20,20,100,25
Mizokami Tomochika,3185,449,1995-03-29,3136.1,TRUE,Pass2_RetroStart,RetroFromPass1FirstN,3000,20,20,100,25
Fujisawa Rina,3184,721,2010-06-10,2976.3,TRUE,Pass2_RetroStart,RetroFromPass1FirstN,3000,20,20,100,25
Heo Yongho,3183,485,2002-02-01,3005,TRUE,Pass2_RetroStart,RetroFromPass1FirstN,3000,20,20,100,25
Lu Yiquan,3183,472,2016-01-29,2916.9,TRUE,Pass2_RetroStart,RetroFromPass1FirstN,3000,20,20,100,25
Cao Xiaoyang,3182,140,2007-07-11,2979,TRUE,Pass2_RetroStart,RetroFromPass1FirstN,3000,20,20,100,25
Wang Haoyang,3181,379,2003-04-03,2976.7,TRUE,Pass2_RetroStart,RetroFromPass1FirstN,3000,20,20,100,25
Qiu Yuran,3180,52,2021-08-30,3054.9,TRUE,Pass2_RetroStart,RetroFromPass1FirstN,3000,20,20,100,25
Sun Zhe,3179,308,2011-06-02,3148.5,TRUE,Pass2_RetroStart,RetroFromPass1FirstN,3000,20,20,100,25
Kuwabara Itsuki,3176,55,2023-04-24,3106,TRUE,Pass2_RetroStart,RetroFromPass1FirstN,3000,20,20,100,25
Rin Kanketsu,3176,329,2001-08-20,3062.8,TRUE,Pass2_RetroStart,RetroFromPass1FirstN,3000,20,20,100,25
Yang Bowei,3176,392,2011-09-29,3007.3,TRUE,Pass2_RetroStart,RetroFromPass1FirstN,3000,20,20,100,25
Song Gyusang,3175,131,2016-04-27,3136.1,TRUE,Pass2_RetroStart,RetroFromPass1FirstN,3000,20,20,100,25
Hu Yuefeng,3174,175,2007-01-10,3014.9,TRUE,Pass2_RetroStart,RetroFromPass1FirstN,3000,20,20,100,25
Han Moyang,3173,26,2022-09-07,3169,TRUE,Pass2_RetroStart,RetroFromPass1FirstN,3000,20,20,100,25
Luo Xihe,3172,667,1991-05-23,3035.3,TRUE,Pass2_RetroStart,RetroFromPass1FirstN,3000,20,20,100,25
Chen Zhengxun,3171,196,2012-05-14,3071.5,TRUE,Pass2_RetroStart,RetroFromPass1FirstN,3000,20,20,100,25
O Rissei,3170,1278,1976-02-04,3131.3,TRUE,Pass2_RetroStart,RetroFromPass1FirstN,3000,20,20,100,25
Lin Shuyang,3169,556,2003-09-14,3061.7,TRUE,Pass2_RetroStart,RetroFromPass1FirstN,3000,20,20,100,25
Mao Ruilong,3169,335,2005-06-11,3069.8,TRUE,Pass2_RetroStart,RetroFromPass1FirstN,3000,20,20,100,25
Hong Kipyo,3168,224,2006-01-05,2980.6,TRUE,Pass2_RetroStart,RetroFromPass1FirstN,3000,20,20,100,25
Cai Jing,3167,290,2008-12-18,3047.9,TRUE,Pass2_RetroStart,RetroFromPass1FirstN,3000,20,20,100,25
Li Xiangyu,3167,187,2011-12-28,3078,TRUE,Pass2_RetroStart,RetroFromPass1FirstN,3000,20,20,100,25
Chang Hao,3165,1112,1988-06-12,3055.3,TRUE,Pass2_RetroStart,RetroFromPass1FirstN,3000,20,20,100,25
Han Sangcho,3165,94,2017-10-23,3087.3,TRUE,Pass2_RetroStart,RetroFromPass1FirstN,3000,20,20,100,25
Park Jinsol,3165,354,2002-07-29,3042.8,TRUE,Pass2_RetroStart,RetroFromPass1FirstN,3000,20,20,100,25
Heo Youngrak,3163,49,2021-08-19,3146.8,TRUE,Pass2_RetroStart,RetroFromPass1FirstN,3000,20,20,100,25
Ko Iso,3163,447,2004-09-14,3146.3,TRUE,Pass2_RetroStart,RetroFromPass1FirstN,3000,20,20,100,25
Lee Jaesung,3163,25,2019-11-25,3158.5,TRUE,Pass2_RetroStart,RetroFromPass1FirstN,3000,20,20,100,25
Shu Yixiao,3163,42,2013-03-27,3066.8,TRUE,Pass2_RetroStart,RetroFromPass1FirstN,3000,20,20,100,25
Wang Chuxuan,3163,89,2021-04-12,3123.7,TRUE,Pass2_RetroStart,RetroFromPass1FirstN,3000,20,20,100,25
Yi Liao,3163,66,2017-10-26,3092,TRUE,Pass2_RetroStart,RetroFromPass1FirstN,3000,20,20,100,25
Kim Changhoon,3162,83,2015-06-08,3173.3,TRUE,Pass2_RetroStart,RetroFromPass1FirstN,3000,20,20,100,25
Han Sanghoon,3160,351,2007-04-05,3191.7,TRUE,Pass2_RetroStart,RetroFromPass1FirstN,3000,20,20,100,25
Tono Hiroaki,3160,161,1971-01-17,3042.3,TRUE,Pass2_RetroStart,RetroFromPass1FirstN,3000,20,20,100,25
Yun Junsang,3160,547,2002-04-30,3186.5,TRUE,Pass2_RetroStart,RetroFromPass1FirstN,3000,20,20,100,25
Liu Xing,3159,627,1998-07-10,3064.7,TRUE,Pass2_RetroStart,RetroFromPass1FirstN,3000,20,20,100,25
He Yuhan,3157,165,2013-01-11,3062.4,TRUE,Pass2_RetroStart,RetroFromPass1FirstN,3000,20,20,100,25
Ryu Shikun,3157,894,1989-07-29,3094.5,TRUE,Pass2_RetroStart,RetroFromPass1FirstN,3000,20,20,100,25
Wang Shuo (s),3157,55,2019-09-20,3145.4,TRUE,Pass2_RetroStart,RetroFromPass1FirstN,3000,20,20,100,25
Lee Yeon,3156,66,2019-02-08,3043.8,TRUE,Pass2_RetroStart,RetroFromPass1FirstN,3000,20,20,100,25
Niu Shite,3156,354,2018-01-09,2876.1,TRUE,Pass2_RetroStart,RetroFromPass1FirstN,3000,20,20,100,25
Yu Bin,3156,864,1984-04-02,3086.9,TRUE,Pass2_RetroStart,RetroFromPass1FirstN,3000,20,20,100,25
Ohashi Hirofumi,3154,241,2002-09-02,2950.7,TRUE,Pass2_RetroStart,RetroFromPass1FirstN,3000,20,20,100,25
Chen Haoxin,3152,138,2016-01-11,2940.8,TRUE,Pass2_RetroStart,RetroFromPass1FirstN,3000,20,20,100,25
Hu Yuhan,3152,124,2012-07-09,3048.8,TRUE,Pass2_RetroStart,RetroFromPass1FirstN,3000,20,20,100,25
Wu Baiyi,3152,239,2014-05-03,3145.3,TRUE,Pass2_RetroStart,RetroFromPass1FirstN,3000,20,20,100,25
Geum Jiwoo,3151,89,2020-04-21,3219.6,TRUE,Pass2_RetroStart,RetroFromPass1FirstN,3000,20,20,100,25
Liu Jun,3150,28,1991-05-30,3154.8,TRUE,Pass2_RetroStart,RetroFromPass1FirstN,3000,20,20,100,25
Lee Wondo,3149,181,2008-02-18,3177.7,TRUE,Pass2_RetroStart,RetroFromPass1FirstN,3000,20,20,100,25
Guo Yuzheng,3147,144,2008-01-25,3083.2,TRUE,Pass2_RetroStart,RetroFromPass1FirstN,3000,20,20,100,25
Han Chongjin,3147,91,1997-08-14,3021.5,TRUE,Pass2_RetroStart,RetroFromPass1FirstN,3000,20,20,100,25
Lu Minquan,3147,362,2015-02-05,2935.8,TRUE,Pass2_RetroStart,RetroFromPass1FirstN,3000,20,20,100,25
Zhou Ziyi,3147,59,2022-08-20,3238.9,TRUE,Pass2_RetroStart,RetroFromPass1FirstN,3000,20,20,100,25
Lee Taehyun,3145,217,2008-02-18,3101.7,TRUE,Pass2_RetroStart,RetroFromPass1FirstN,3000,20,20,100,25
Paek Hongseok,3145,480,2002-05-30,3042.7,TRUE,Pass2_RetroStart,RetroFromPass1FirstN,3000,20,20,100,25
Tanaka Koyu,3145,166,2018-02-12,3027.5,TRUE,Pass2_RetroStart,RetroFromPass1FirstN,3000,20,20,100,25
Li Wei,3144,457,2013-03-07,3123.9,TRUE,Pass2_RetroStart,RetroFromPass1FirstN,3000,20,20,100,25
Ryu Suhang,3144,127,2012-04-19,3179.8,TRUE,Pass2_RetroStart,RetroFromPass1FirstN,3000,20,20,100,25
Yan Huan,3144,196,2005-12-15,2977.4,TRUE,Pass2_RetroStart,RetroFromPass1FirstN,3000,20,20,100,25
Hong Mujin,3142,95,2011-01-29,2972.6,TRUE,Pass2_RetroStart,RetroFromPass1FirstN,3000,20,20,100,25
Jin Siyoung,3142,232,2005-04-08,3139.6,TRUE,Pass2_RetroStart,RetroFromPass1FirstN,3000,20,20,100,25
Tong Yulin,3142,121,2007-01-13,3096.1,TRUE,Pass2_RetroStart,RetroFromPass1FirstN,3000,20,20,100,25
Xu Yidi,3142,96,2021-04-05,2988.5,TRUE,Pass2_RetroStart,RetroFromPass1FirstN,3000,20,20,100,25
Ohira Shuzo,3141,232,1970-03-22,2884.9,TRUE,Pass2_RetroStart,RetroFromPass1FirstN,3000,20,20,100,25
Sakai Hideyuki,3141,474,2000-06-20,3001.8,TRUE,Pass2_RetroStart,RetroFromPass1FirstN,3000,20,20,100,25
Matsumoto Takehisa,3140,249,1997-08-18,3139.7,TRUE,Pass2_RetroStart,RetroFromPass1FirstN,3000,20,20,100,25
Yu Zhiying,3140,718,2010-02-21,3092.3,TRUE,Pass2_RetroStart,RetroFromPass1FirstN,3000,20,20,100,25
Li Chengsen,3139,72,2015-02-05,3149.6,TRUE,Pass2_RetroStart,RetroFromPass1FirstN,3000,20,20,100,25
Park Cheongsang,3138,416,2001-01-19,3072.9,TRUE,Pass2_RetroStart,RetroFromPass1FirstN,3000,20,20,100,25
Chen Shoulian,3137,244,2017-11-27,3075.1,TRUE,Pass2_RetroStart,RetroFromPass1FirstN,3000,20,20,100,25
Cho Chikun,3137,2148,1971-02-21,3165.1,TRUE,Pass2_RetroStart,RetroFromPass1FirstN,3000,20,20,100,25
Han Wonggyu,3136,198,2009-02-28,3213.8,TRUE,Pass2_RetroStart,RetroFromPass1FirstN,3000,20,20,100,25
Kim Seungjin,3136,66,2022-06-09,3004.8,TRUE,Pass2_RetroStart,RetroFromPass1FirstN,3000,20,20,100,25
Hikosaka Naoto,3135,693,1982-01-28,3137.4,TRUE,Pass2_RetroStart,RetroFromPass1FirstN,3000,20,20,100,25
Chen Xiaonan,3134,151,2006-04-15,3089.8,TRUE,Pass2_RetroStart,RetroFromPass1FirstN,3000,20,20,100,25
Li Kang,3134,348,2000-12-04,3063.1,TRUE,Pass2_RetroStart,RetroFromPass1FirstN,3000,20,20,100,25
Peng Quan,3134,545,1996-05-25,3149.1,TRUE,Pass2_RetroStart,RetroFromPass1FirstN,3000,20,20,100,25
Sim Jaeik,3134,155,2016-04-02,2916.6,TRUE,Pass2_RetroStart,RetroFromPass1FirstN,3000,20,20,100,25
Terayama Rei,3134,205,2007-11-01,3153.9,TRUE,Pass2_RetroStart,RetroFromPass1FirstN,3000,20,20,100,25
Li Zerui,3133,83,2017-11-02,2982.6,TRUE,Pass2_RetroStart,RetroFromPass1FirstN,3000,20,20,100,25
Zhong Wenjing,3133,442,2002-04-25,3106.1,TRUE,Pass2_RetroStart,RetroFromPass1FirstN,3000,20,20,100,25
Liao Xingwen,3132,377,2006-08-08,3020.4,TRUE,Pass2_RetroStart,RetroFromPass1FirstN,3000,20,20,100,25
Yuki Satoshi,3132,1088,1987-03-04,3024.8,TRUE,Pass2_RetroStart,RetroFromPass1FirstN,3000,20,20,100,25
Hong Seokui,3131,174,2009-03-01,3137.8,TRUE,Pass2_RetroStart,RetroFromPass1FirstN,3000,20,20,100,25
Liu Xi (2),3131,195,2001-04-09,3079.3,TRUE,Pass2_RetroStart,RetroFromPass1FirstN,3000,20,20,100,25
Omote Yuto,3131,76,2021-07-30,3026.5,TRUE,Pass2_RetroStart,RetroFromPass1FirstN,3000,20,20,100,25
Xu Yuqi,3131,277,2014-01-17,3012.9,TRUE,Pass2_RetroStart,RetroFromPass1FirstN,3000,20,20,100,25
Chen Hao,3130,167,2008-01-24,3033.3,TRUE,Pass2_RetroStart,RetroFromPass1FirstN,3000,20,20,100,25
Kim Seonryong,3130,137,1993-08-02,3078.2,TRUE,Pass2_RetroStart,RetroFromPass1FirstN,3000,20,20,100,25
Ding Shixiong,3129,191,2013-02-14,3008.3,TRUE,Pass2_RetroStart,RetroFromPass1FirstN,3000,20,20,100,25
Lee Hoseong,3129,87,2004-07-29,3044.5,TRUE,Pass2_RetroStart,RetroFromPass1FirstN,3000,20,20,100,25
Onishi Kenya,3129,126,2012-08-09,3084.4,TRUE,Pass2_RetroStart,RetroFromPass1FirstN,3000,20,20,100,25
Tu Jikang,3128,25,2023-03-24,3118.6,TRUE,Pass2_RetroStart,RetroFromPass1FirstN,3000,20,20,100,25
Xie He,3128,750,1998-04-15,3271.1,TRUE,Pass2_RetroStart,RetroFromPass1FirstN,3000,20,20,100,25
Yoda Norimoto,3128,1412,1980-09-18,3009.2,TRUE,Pass2_RetroStart,RetroFromPass1FirstN,3000,20,20,100,25
Chang Rueijie,3127,158,2014-01-15,3061.5,TRUE,Pass2_RetroStart,RetroFromPass1FirstN,3000,20,20,100,25
Tsuruyama Atsushi,3127,291,2001-04-14,3026,TRUE,Pass2_RetroStart,RetroFromPass1FirstN,3000,20,20,100,25
Yin Hang,3127,90,2005-02-19,3031.3,TRUE,Pass2_RetroStart,RetroFromPass1FirstN,3000,20,20,100,25
Kim Hyeongwoo,3126,243,2006-04-22,3053.8,TRUE,Pass2_RetroStart,RetroFromPass1FirstN,3000,20,20,100,25
Niu Yutian,3126,448,1998-07-15,3090.2,TRUE,Pass2_RetroStart,RetroFromPass1FirstN,3000,20,20,100,25
Park Jaekeun,3126,124,2015-04-29,2950.6,TRUE,Pass2_RetroStart,RetroFromPass1FirstN,3000,20,20,100,25
Piao Wenyao,3126,544,2002-12-21,3212.5,TRUE,Pass2_RetroStart,RetroFromPass1FirstN,3000,20,20,100,25
Yun Chanhee,3126,274,2007-04-04,3075.1,TRUE,Pass2_RetroStart,RetroFromPass1FirstN,3000,20,20,100,25
Cheng Jiaye,3125,45,2018-09-17,3111.4,TRUE,Pass2_RetroStart,RetroFromPass1FirstN,3000,20,20,100,25
Hu Zihao,3125,104,2018-12-22,3212.1,TRUE,Pass2_RetroStart,RetroFromPass1FirstN,3000,20,20,100,25
Li Haotong,3125,81,2018-09-15,3130.5,TRUE,Pass2_RetroStart,RetroFromPass1FirstN,3000,20,20,100,25
Ogaki Yusaku,3125,201,1992-01-09,3034.6,TRUE,Pass2_RetroStart,RetroFromPass1FirstN,3000,20,20,100,25
Chen Hanqi,3124,54,2015-05-03,3121.7,TRUE,Pass2_RetroStart,RetroFromPass1FirstN,3000,20,20,100,25
Wang Chenxing,3124,492,2006-10-10,2989.3,TRUE,Pass2_RetroStart,RetroFromPass1FirstN,3000,20,20,100,25
Ma Yichao,3123,119,2012-06-17,3021.3,TRUE,Pass2_RetroStart,RetroFromPass1FirstN,3000,20,20,100,25
Shuto Shun,3122,196,2000-07-25,3160.7,TRUE,Pass2_RetroStart,RetroFromPass1FirstN,3000,20,20,100,25
Hane Naoki,3120,1113,1992-06-22,3127.8,TRUE,Pass2_RetroStart,RetroFromPass1FirstN,3000,20,20,100,25
Kim Juho,3120,223,2000-08-30,3157.5,TRUE,Pass2_RetroStart,RetroFromPass1FirstN,3000,20,20,100,25
Lee Ishu,3120,194,2005-04-26,3124.1,TRUE,Pass2_RetroStart,RetroFromPass1FirstN,3000,20,20,100,25
Li Zhe,3119,532,2002-05-09,3166.1,TRUE,Pass2_RetroStart,RetroFromPass1FirstN,3000,20,20,100,25
Fu Chong,3118,158,2001-04-04,2986.9,TRUE,Pass2_RetroStart,RetroFromPass1FirstN,3000,20,20,100,25
Li He,3117,568,2005-11-07,3026.5,TRUE,Pass2_RetroStart,RetroFromPass1FirstN,3000,20,20,100,25
Mochizuki Kenichi,3117,171,2000-07-31,3117.1,TRUE,Pass2_RetroStart,RetroFromPass1FirstN,3000,20,20,100,25
Guo Wenchao,3116,136,2009-02-17,3117.6,TRUE,Pass2_RetroStart,RetroFromPass1FirstN,3000,20,20,100,25
Nakamura Sumire,3116,363,2019-04-22,3046.1,TRUE,Pass2_RetroStart,RetroFromPass1FirstN,3000,20,20,100,25
Kim Sedong,3114,207,2010-10-11,3148.3,TRUE,Pass2_RetroStart,RetroFromPass1FirstN,3000,20,20,100,25
Ueno Risa,3114,227,2019-07-08,2915.9,TRUE,Pass2_RetroStart,RetroFromPass1FirstN,3000,20,20,100,25
Qin Yuexin,3113,142,2006-08-08,2937.4,TRUE,Pass2_RetroStart,RetroFromPass1FirstN,3000,20,20,100,25
Fang Ruoxi,3111,235,2015-08-26,2997.2,TRUE,Pass2_RetroStart,RetroFromPass1FirstN,3000,20,20,100,25
Zhang Wei,3110,201,2003-07-10,3039.8,TRUE,Pass2_RetroStart,RetroFromPass1FirstN,3000,20,20,100,25
Ma Xiaochun,3109,818,1982-06-12,3096.4,TRUE,Pass2_RetroStart,RetroFromPass1FirstN,3000,20,20,100,25
Moon Yubin,3108,46,2018-06-11,3122.1,TRUE,Pass2_RetroStart,RetroFromPass1FirstN,3000,20,20,100,25
Ye Changxin,3108,115,2021-04-12,3142,TRUE,Pass2_RetroStart,RetroFromPass1FirstN,3000,20,20,100,25
Zhu Yuanhao,3108,274,2005-01-15,2998.8,TRUE,Pass2_RetroStart,RetroFromPass1FirstN,3000,20,20,100,25
Ma Tianfang,3107,36,2009-04-03,3061.2,TRUE,Pass2_RetroStart,RetroFromPass1FirstN,3000,20,20,100,25
Yoo Ohseong,3107,50,2021-07-13,3085.1,TRUE,Pass2_RetroStart,RetroFromPass1FirstN,3000,20,20,100,25
Min Sangyoun,3105,145,2010-08-06,3165.8,TRUE,Pass2_RetroStart,RetroFromPass1FirstN,3000,20,20,100,25
Zhou Junxun,3105,445,1995-04-01,3027.9,TRUE,Pass2_RetroStart,RetroFromPass1FirstN,3000,20,20,100,25
Ding Wei,3104,496,1994-04-09,3061.3,TRUE,Pass2_RetroStart,RetroFromPass1FirstN,3000,20,20,100,25
Qiao Zhijian,3104,74,2012-01-11,3122.5,TRUE,Pass2_RetroStart,RetroFromPass1FirstN,3000,20,20,100,25
So Yokoku,3104,479,1995-10-09,3131,TRUE,Pass2_RetroStart,RetroFromPass1FirstN,3000,20,20,100,25
Sun Li,3104,201,2002-01-18,3053.1,TRUE,Pass2_RetroStart,RetroFromPass1FirstN,3000,20,20,100,25
Zhou Heyang,3104,743,1989-05-11,3081.9,TRUE,Pass2_RetroStart,RetroFromPass1FirstN,3000,20,20,100,25
Kanazawa Hideo,3103,75,2001-08-28,3004.1,TRUE,Pass2_RetroStart,RetroFromPass1FirstN,3000,20,20,100,25
Zhou Hexi,3103,318,2008-01-06,3227.8,TRUE,Pass2_RetroStart,RetroFromPass1FirstN,3000,20,20,100,25
An Dalhun,3102,94,2000-06-14,3094,TRUE,Pass2_RetroStart,RetroFromPass1FirstN,3000,20,20,100,25
Gan Siyang,3102,109,2005-06-11,3198.1,TRUE,Pass2_RetroStart,RetroFromPass1FirstN,3000,20,20,100,25
Lin Yancheng,3102,317,2017-01-19,2903.1,TRUE,Pass2_RetroStart,RetroFromPass1FirstN,3000,20,20,100,25
Kim Sangcheon,3101,81,2018-05-04,3121.3,TRUE,Pass2_RetroStart,RetroFromPass1FirstN,3000,20,20,100,25
Ko Keuntae,3101,215,2001-06-14,3111.1,TRUE,Pass2_RetroStart,RetroFromPass1FirstN,3000,20,20,100,25
Lin Zhihan,3101,330,2002-03-22,3155.4,TRUE,Pass2_RetroStart,RetroFromPass1FirstN,3000,20,20,100,25
Luo Chuyue,3101,161,2015-10-23,2916,TRUE,Pass2_RetroStart,RetroFromPass1FirstN,3000,20,20,100,25
Mukai Kaori,3101,30,2005-11-28,3088.7,TRUE,Pass2_RetroStart,RetroFromPass1FirstN,3000,20,20,100,25
Park Jihyun,3101,55,2020-12-15,3016.4,TRUE,Pass2_RetroStart,RetroFromPass1FirstN,3000,20,20,100,25
Kim Sonjin,3100,128,2011-02-14,3186.5,TRUE,Pass2_RetroStart,RetroFromPass1FirstN,3000,20,20,100,25
Muramatsu Hiroki,3100,125,2009-10-22,3002.7,TRUE,Pass2_RetroStart,RetroFromPass1FirstN,3000,20,20,100,25
Han Han,3099,91,2007-05-10,3028.7,TRUE,Pass2_RetroStart,RetroFromPass1FirstN,3000,20,20,100,25
Yoo Kyeongmin,3099,66,2004-05-13,3117.8,TRUE,Pass2_RetroStart,RetroFromPass1FirstN,3000,20,20,100,25
He Yang,3098,45,2016-12-16,3065.9,TRUE,Pass2_RetroStart,RetroFromPass1FirstN,3000,20,20,100,25
Park Seunghwa,3098,259,2006-09-05,3162,TRUE,Pass2_RetroStart,RetroFromPass1FirstN,3000,20,20,100,25
Cho Sonjin,3096,740,1986-09-06,3124,TRUE,Pass2_RetroStart,RetroFromPass1FirstN,3000,20,20,100,25
Huang Jingyuan,3096,96,2013-06-29,3036.6,TRUE,Pass2_RetroStart,RetroFromPass1FirstN,3000,20,20,100,25
Wang Chen,3095,48,2009-03-03,2959.2,TRUE,Pass2_RetroStart,RetroFromPass1FirstN,3000,20,20,100,25
Mimura Tomoyasu,3094,479,1987-02-09,3035,TRUE,Pass2_RetroStart,RetroFromPass1FirstN,3000,20,20,100,25
Qian Yuping,3094,196,1982-07-13,3076.8,TRUE,Pass2_RetroStart,RetroFromPass1FirstN,3000,20,20,100,25
Song Taekon,3094,320,2000-07-14,3248.8,TRUE,Pass2_RetroStart,RetroFromPass1FirstN,3000,20,20,100,25
Taniguchi Toru,3094,133,2011-10-12,2911,TRUE,Pass2_RetroStart,RetroFromPass1FirstN,3000,20,20,100,25
Baek Chanhee,3093,53,2013-06-23,2924,TRUE,Pass2_RetroStart,RetroFromPass1FirstN,3000,20,20,100,25
Bai Baoxiang,3093,30,2009-01-10,3080,TRUE,Pass2_RetroStart,RetroFromPass1FirstN,3000,20,20,100,25
Fujii Shuya,3093,125,2003-03-06,2963.9,TRUE,Pass2_RetroStart,RetroFromPass1FirstN,3000,20,20,100,25
Kim Sujun,3092,385,1997-03-05,3097.6,TRUE,Pass2_RetroStart,RetroFromPass1FirstN,3000,20,20,100,25
Sotoyanagi Sebun,3092,80,2014-02-03,3013.8,TRUE,Pass2_RetroStart,RetroFromPass1FirstN,3000,20,20,100,25
Kim Myeongwan,3091,53,1995-10-05,3080.6,TRUE,Pass2_RetroStart,RetroFromPass1FirstN,3000,20,20,100,25
Wang Yuhui,3091,326,1996-02-29,3116.2,TRUE,Pass2_RetroStart,RetroFromPass1FirstN,3000,20,20,100,25
An Joyeong,3090,562,1995-10-31,2955.8,TRUE,Pass2_RetroStart,RetroFromPass1FirstN,3000,20,20,100,25
Chen Jiarui,3090,28,2021-08-25,3080,TRUE,Pass2_RetroStart,RetroFromPass1FirstN,3000,20,20,100,25
Li Ming,3090,124,2008-12-16,3052.3,TRUE,Pass2_RetroStart,RetroFromPass1FirstN,3000,20,20,100,25
On Sojin,3090,195,2005-04-28,3115.3,TRUE,Pass2_RetroStart,RetroFromPass1FirstN,3000,20,20,100,25
Yang Yi (b),3090,216,1999-05-14,3016.6,TRUE,Pass2_RetroStart,RetroFromPass1FirstN,3000,20,20,100,25
Zhang Ziliang,3090,56,2015-02-05,3051,TRUE,Pass2_RetroStart,RetroFromPass1FirstN,3000,20,20,100,25
An Younggil,3089,84,2000-06-27,3159.6,TRUE,Pass2_RetroStart,RetroFromPass1FirstN,3000,20,20,100,25
Wang Tao,3089,144,2007-04-02,3071.9,TRUE,Pass2_RetroStart,RetroFromPass1FirstN,3000,20,20,100,25
Cho Hunhyun,3088,1565,1971-05-06,3101.6,TRUE,Pass2_RetroStart,RetroFromPass1FirstN,3000,20,20,100,25
Kang Jihoon,3088,45,2011-05-03,3093.3,TRUE,Pass2_RetroStart,RetroFromPass1FirstN,3000,20,20,100,25
Kim Seongjae,3088,383,2007-07-13,3012,TRUE,Pass2_RetroStart,RetroFromPass1FirstN,3000,20,20,100,25
Lee Sanghun (s),3088,112,1990-12-28,3131.4,TRUE,Pass2_RetroStart,RetroFromPass1FirstN,3000,20,20,100,25
Rin Shien,3088,201,1998-03-25,2969.5,TRUE,Pass2_RetroStart,RetroFromPass1FirstN,3000,20,20,100,25
Zhang Baiqing,3088,32,2021-08-25,3082.4,TRUE,Pass2_RetroStart,RetroFromPass1FirstN,3000,20,20,100,25
Cao Dayuan,3087,472,1982-03-23,3029,TRUE,Pass2_RetroStart,RetroFromPass1FirstN,3000,20,20,100,25
Hu Yuqing,3087,63,2002-01-18,3060,TRUE,Pass2_RetroStart,RetroFromPass1FirstN,3000,20,20,100,25
Wang Lei (b),3087,588,1991-05-26,3022.1,TRUE,Pass2_RetroStart,RetroFromPass1FirstN,3000,20,20,100,25
Chen Yichun,3086,90,2017-01-12,3027.9,TRUE,Pass2_RetroStart,RetroFromPass1FirstN,3000,20,20,100,25
Cho Riyu,3086,315,1998-04-11,3016.4,TRUE,Pass2_RetroStart,RetroFromPass1FirstN,3000,20,20,100,25
Ha Youngil,3086,119,2006-02-16,2997.7,TRUE,Pass2_RetroStart,RetroFromPass1FirstN,3000,20,20,100,25
Zhang Li,3086,344,2003-04-09,3032.3,TRUE,Pass2_RetroStart,RetroFromPass1FirstN,3000,20,20,100,25
Kim Yoonyoung,3085,136,2008-04-30,3052.6,TRUE,Pass2_RetroStart,RetroFromPass1FirstN,3000,20,20,100,25
Liu Shizhen,3085,232,1992-09-03,3158.9,TRUE,Pass2_RetroStart,RetroFromPass1FirstN,3000,20,20,100,25
Watanabe Kandai,3085,80,2019-01-07,3115.4,TRUE,Pass2_RetroStart,RetroFromPass1FirstN,3000,20,20,100,25
Ha Sungbong,3084,11,2006-04-27,3000,FALSE,Pass2_RetroStart,RetroFromPass1FirstN,3000,20,20,100,25
Kang Hun (s),3084,26,2011-07-04,3063.1,TRUE,Pass2_RetroStart,RetroFromPass1FirstN,3000,20,20,100,25
Li Haojie,3084,57,2007-07-11,3138.9,TRUE,Pass2_RetroStart,RetroFromPass1FirstN,3000,20,20,100,25
Kim Kiyoung,3083,218,2005-05-16,2995.6,TRUE,Pass2_RetroStart,RetroFromPass1FirstN,3000,20,20,100,25
Zhou Zhenyu,3083,51,2000-01-07,3049.4,TRUE,Pass2_RetroStart,RetroFromPass1FirstN,3000,20,20,100,25
Lee Huiseong,3082,184,1999-08-06,2932.3,TRUE,Pass2_RetroStart,RetroFromPass1FirstN,3000,20,20,100,25
Lyu Liyan,3082,53,2018-01-12,3057.2,TRUE,Pass2_RetroStart,RetroFromPass1FirstN,3000,20,20,100,25
Park Changmyeong,3082,67,2009-08-04,3171.5,TRUE,Pass2_RetroStart,RetroFromPass1FirstN,3000,20,20,100,25
Seo Bongsoo,3082,1125,1975-06-28,3064.6,TRUE,Pass2_RetroStart,RetroFromPass1FirstN,3000,20,20,100,25
Hong Minpyo,3081,214,2002-10-29,3020.1,TRUE,Pass2_RetroStart,RetroFromPass1FirstN,3000,20,20,100,25
Zhan Yidian,3081,109,2014-07-06,3168.7,TRUE,Pass2_RetroStart,RetroFromPass1FirstN,3000,20,20,100,25
Kanazawa Makoto,3080,122,2007-10-11,3059,TRUE,Pass2_RetroStart,RetroFromPass1FirstN,3000,20,20,100,25
Zheng Zaixiang,3080,76,2019-09-19,3019.5,TRUE,Pass2_RetroStart,RetroFromPass1FirstN,3000,20,20,100,25
Komatsu Hideki,3079,448,1983-11-16,3183.1,TRUE,Pass2_RetroStart,RetroFromPass1FirstN,3000,20,20,100,25
Zou Junjie,3079,202,1996-02-29,3188.5,TRUE,Pass2_RetroStart,RetroFromPass1FirstN,3000,20,20,100,25
Awaji Shuzo,3078,517,1974-05-19,3250.5,TRUE,Pass2_RetroStart,RetroFromPass1FirstN,3000,20,20,100,25
Lee Hobum,3078,139,2010-08-04,3151.4,TRUE,Pass2_RetroStart,RetroFromPass1FirstN,3000,20,20,100,25
Ryu Chaehyeong,3078,100,1996-09-22,3114.8,TRUE,Pass2_RetroStart,RetroFromPass1FirstN,3000,20,20,100,25
Nishi Takenobu,3077,181,2015-01-17,3116.8,TRUE,Pass2_RetroStart,RetroFromPass1FirstN,3000,20,20,100,25
Zhang Qiang,3077,158,2006-08-10,3051.1,TRUE,Pass2_RetroStart,RetroFromPass1FirstN,3000,20,20,100,25
Kang Jiseong,3076,59,1999-09-07,3051.9,TRUE,Pass2_RetroStart,RetroFromPass1FirstN,3000,20,20,100,25
Li Daichun,3076,17,2001-01-11,3000,FALSE,Pass2_RetroStart,RetroFromPass1FirstN,3000,20,20,100,25
Lin Xinwei,3076,176,2014-02-13,2997.2,TRUE,Pass2_RetroStart,RetroFromPass1FirstN,3000,20,20,100,25
Takei Taishin,3076,30,2018-10-18,3124,TRUE,Pass2_RetroStart,RetroFromPass1FirstN,3000,20,20,100,25
Lee Hyunho,3075,70,2008-04-18,2911.1,TRUE,Pass2_RetroStart,RetroFromPass1FirstN,3000,20,20,100,25
Choi Kyeongho,3074,103,2016-07-15,3026.2,TRUE,Pass2_RetroStart,RetroFromPass1FirstN,3000,20,20,100,25
Zhao Yifei,3074,176,2015-02-05,2956.9,TRUE,Pass2_RetroStart,RetroFromPass1FirstN,3000,20,20,100,25
Kwak Wonkeun,3073,25,2020-04-16,3062.7,TRUE,Pass2_RetroStart,RetroFromPass1FirstN,3000,20,20,100,25
Wang Lei (s),3073,393,1999-04-30,2956.1,TRUE,Pass2_RetroStart,RetroFromPass1FirstN,3000,20,20,100,25
Ogata Masaki,3072,329,1983-12-08,3016.2,TRUE,Pass2_RetroStart,RetroFromPass1FirstN,3000,20,20,100,25
Park Hyunsoo,3072,116,2016-04-14,2857.8,TRUE,Pass2_RetroStart,RetroFromPass1FirstN,3000,20,20,100,25
Wang Wei,3072,26,2007-07-11,3060.4,TRUE,Pass2_RetroStart,RetroFromPass1FirstN,3000,20,20,100,25
Cho Insun,3071,59,2011-05-02,3020.4,TRUE,Pass2_RetroStart,RetroFromPass1FirstN,3000,20,20,100,25
Huang Yizhong,3071,389,1996-02-29,3046.3,TRUE,Pass2_RetroStart,RetroFromPass1FirstN,3000,20,20,100,25
Nakaonoda Tomomi,3071,220,1986-03-05,3095.3,TRUE,Pass2_RetroStart,RetroFromPass1FirstN,3000,20,20,100,25
Ozeki Minoru Ama.,3071,23,2016-02-15,3000,TRUE,Pass2_RetroStart,RetroFromPass1FirstN,3000,20,20,100,25
An Hyungjoon,3070,126,2009-03-01,3129,TRUE,Pass2_RetroStart,RetroFromPass1FirstN,3000,20,20,100,25
Kobayashi Satoru,3069,1087,1976-11-18,3049.9,TRUE,Pass2_RetroStart,RetroFromPass1FirstN,3000,20,20,100,25
Shao Weigang,3069,460,1988-05-10,3124.4,TRUE,Pass2_RetroStart,RetroFromPass1FirstN,3000,20,20,100,25
Tanaka Yuki,3069,52,2021-04-19,3028.6,TRUE,Pass2_RetroStart,RetroFromPass1FirstN,3000,20,20,100,25
Tsuruta Kazushi,3069,157,2010-11-04,2946.3,TRUE,Pass2_RetroStart,RetroFromPass1FirstN,3000,20,20,100,25
Mito Shuhei,3068,48,2021-07-28,3034.8,TRUE,Pass2_RetroStart,RetroFromPass1FirstN,3000,20,20,100,25
Ohba Junya,3068,144,2003-12-22,2777.7,TRUE,Pass2_RetroStart,RetroFromPass1FirstN,3000,20,20,100,25
Wang Ruoyu,3068,37,2022-11-15,3074.3,TRUE,Pass2_RetroStart,RetroFromPass1FirstN,3000,20,20,100,25
Han Zenki,3067,220,1997-03-05,3062.9,TRUE,Pass2_RetroStart,RetroFromPass1FirstN,3000,20,20,100,25
Hoshiai Shiho,3067,164,2013-11-18,2861.3,TRUE,Pass2_RetroStart,RetroFromPass1FirstN,3000,20,20,100,25
Cho Hyeyeon,3066,512,1997-11-11,3104.4,TRUE,Pass2_RetroStart,RetroFromPass1FirstN,3000,20,20,100,25
Gao Xing,3066,283,2011-09-08,2952.7,TRUE,Pass2_RetroStart,RetroFromPass1FirstN,3000,20,20,100,25
Lin Chaohua,3066,57,1998-07-09,2963.4,TRUE,Pass2_RetroStart,RetroFromPass1FirstN,3000,20,20,100,25
Wang Shunbo,3066,18,2023-08-03,3000,FALSE,Pass2_RetroStart,RetroFromPass1FirstN,3000,20,20,100,25
Yan Zaiming,3066,77,2012-05-28,3013,TRUE,Pass2_RetroStart,RetroFromPass1FirstN,3000,20,20,100,25
Kim Dabin,3065,12,2024-04-19,3000,FALSE,Pass2_RetroStart,RetroFromPass1FirstN,3000,20,20,100,25
Kim Yeonghwan,3065,134,1990-02-13,2998.9,TRUE,Pass2_RetroStart,RetroFromPass1FirstN,3000,20,20,100,25
Lee Sula,3065,126,2008-01-08,2918.9,TRUE,Pass2_RetroStart,RetroFromPass1FirstN,3000,20,20,100,25
Kato Atsushi,3064,254,1991-06-24,3128.6,TRUE,Pass2_RetroStart,RetroFromPass1FirstN,3000,20,20,100,25
Kim Kyeongeun,3064,174,2017-11-22,2872.6,TRUE,Pass2_RetroStart,RetroFromPass1FirstN,3000,20,20,100,25
Yun Yeongseon,3064,68,1993-12-20,3108.2,TRUE,Pass2_RetroStart,RetroFromPass1FirstN,3000,20,20,100,25
Han Enyi,3063,15,2018-09-15,3000,FALSE,Pass2_RetroStart,RetroFromPass1FirstN,3000,20,20,100,25
Liu Jing,3063,300,1989-05-10,3006,TRUE,Pass2_RetroStart,RetroFromPass1FirstN,3000,20,20,100,25
Mitani Tetsuya,3063,190,2003-08-26,3146.2,TRUE,Pass2_RetroStart,RetroFromPass1FirstN,3000,20,20,100,25
Yamada Kimio,3063,873,1990-04-20,3103.9,TRUE,Pass2_RetroStart,RetroFromPass1FirstN,3000,20,20,100,25
Nie Weiping,3062,700,1982-06-10,3144,TRUE,Pass2_RetroStart,RetroFromPass1FirstN,3000,20,20,100,25
Takano Hideki,3062,41,1999-08-02,3164.5,TRUE,Pass2_RetroStart,RetroFromPass1FirstN,3000,20,20,100,25
Wang Yao,3062,421,1996-09-10,3026.8,TRUE,Pass2_RetroStart,RetroFromPass1FirstN,3000,20,20,100,25
Konishi Yoshiakira,3061,46,2022-04-05,3124.7,TRUE,Pass2_RetroStart,RetroFromPass1FirstN,3000,20,20,100,25
Lee Jaeung,3061,67,2001-03-16,3060.6,TRUE,Pass2_RetroStart,RetroFromPass1FirstN,3000,20,20,100,25
Lin Feng,3061,106,1995-05-21,2999.7,TRUE,Pass2_RetroStart,RetroFromPass1FirstN,3000,20,20,100,25
Ma Shuai,3061,13,2021-08-27,3000,FALSE,Pass2_RetroStart,RetroFromPass1FirstN,3000,20,20,100,25
Muramoto Wataru,3061,56,2018-11-12,2954.3,TRUE,Pass2_RetroStart,RetroFromPass1FirstN,3000,20,20,100,25
Yu Ping,3061,123,1989-05-11,3136.6,TRUE,Pass2_RetroStart,RetroFromPass1FirstN,3000,20,20,100,25
Cui Can,3060,92,2003-04-01,2915.2,TRUE,Pass2_RetroStart,RetroFromPass1FirstN,3000,20,20,100,25
Park Junsuck,3060,106,2011-01-29,3102.4,TRUE,Pass2_RetroStart,RetroFromPass1FirstN,3000,20,20,100,25
Xie Yimin,3060,641,2005-02-21,3184.2,TRUE,Pass2_RetroStart,RetroFromPass1FirstN,3000,20,20,100,25
Lee Jungwoo,3059,107,2000-10-16,3033.6,TRUE,Pass2_RetroStart,RetroFromPass1FirstN,3000,20,20,100,25
Moriyama Naoki,3059,77,1983-05-16,3138.7,TRUE,Pass2_RetroStart,RetroFromPass1FirstN,3000,20,20,100,25
Xu Ying,3059,70,1990-03-22,3014.8,TRUE,Pass2_RetroStart,RetroFromPass1FirstN,3000,20,20,100,25
Cho Wankyu,3058,41,2019-12-16,2998.1,TRUE,Pass2_RetroStart,RetroFromPass1FirstN,3000,20,20,100,25
Hashimoto Shoji,3058,357,1970-01-16,2986.6,TRUE,Pass2_RetroStart,RetroFromPass1FirstN,3000,20,20,100,25
Chen Xi,3057,194,2009-08-27,3021.7,TRUE,Pass2_RetroStart,RetroFromPass1FirstN,3000,20,20,100,25
Fujii Koki,3057,64,2019-10-24,2899,TRUE,Pass2_RetroStart,RetroFromPass1FirstN,3000,20,20,100,25
Kataoka Satoshi,3057,825,1976-09-02,3108,TRUE,Pass2_RetroStart,RetroFromPass1FirstN,3000,20,20,100,25
Tanaka Nobuyuki,3057,49,2013-10-17,2973.7,TRUE,Pass2_RetroStart,RetroFromPass1FirstN,3000,20,20,100,25
Gao Tianliang,3056,12,2012-08-09,3000,FALSE,Pass2_RetroStart,RetroFromPass1FirstN,3000,20,20,100,25
Kato Chie,3056,125,2018-10-04,2883.4,TRUE,Pass2_RetroStart,RetroFromPass1FirstN,3000,20,20,100,25
Yang Zixuan,3056,411,2016-09-23,2951,TRUE,Pass2_RetroStart,RetroFromPass1FirstN,3000,20,20,100,25
Chen Yizhe,3055,13,2021-08-25,3000,FALSE,Pass2_RetroStart,RetroFromPass1FirstN,3000,20,20,100,25
Hara Masakazu,3055,79,2014-04-11,2935.8,TRUE,Pass2_RetroStart,RetroFromPass1FirstN,3000,20,20,100,25
Huang Xin,3055,136,2012-06-27,3004.2,TRUE,Pass2_RetroStart,RetroFromPass1FirstN,3000,20,20,100,25
Yao Zhiteng,3054,152,2012-11-15,3233.7,TRUE,Pass2_RetroStart,RetroFromPass1FirstN,3000,20,20,100,25
Kamimura Kunio,3053,77,1970-12-03,2885.2,TRUE,Pass2_RetroStart,RetroFromPass1FirstN,3000,20,20,100,25
Li Yuang,3053,40,2017-11-01,3063.1,TRUE,Pass2_RetroStart,RetroFromPass1FirstN,3000,20,20,100,25
Nakane Naoyuki,3053,122,1990-04-22,2858.7,TRUE,Pass2_RetroStart,RetroFromPass1FirstN,3000,20,20,100,25
Shin Jaewon,3052,48,2020-04-14,3037.4,TRUE,Pass2_RetroStart,RetroFromPass1FirstN,3000,20,20,100,25
Yang Shihai,3052,114,1989-01-05,2986.7,TRUE,Pass2_RetroStart,RetroFromPass1FirstN,3000,20,20,100,25
Cai Chengwei,3051,348,2014-02-13,3115.1,TRUE,Pass2_RetroStart,RetroFromPass1FirstN,3000,20,20,100,25
Kim Seungjun,3051,319,1989-12-01,3140.6,TRUE,Pass2_RetroStart,RetroFromPass1FirstN,3000,20,20,100,25
Nakano Hironari,3051,352,1986-01-23,3058.1,TRUE,Pass2_RetroStart,RetroFromPass1FirstN,3000,20,20,100,25
Huang Chen,3050,164,2004-12-14,3021.3,TRUE,Pass2_RetroStart,RetroFromPass1FirstN,3000,20,20,100,25
Kurahashi Masayuki,3050,200,1990-04-19,3120.6,TRUE,Pass2_RetroStart,RetroFromPass1FirstN,3000,20,20,100,25
Yang Rundong,3050,22,2016-04-28,3000,TRUE,Pass2_RetroStart,RetroFromPass1FirstN,3000,20,20,100,25
Yang Zhiwen,3050,17,2021-08-27,3000,FALSE,Pass2_RetroStart,RetroFromPass1FirstN,3000,20,20,100,25
Yo Kagen,3050,200,1987-02-12,3007.6,TRUE,Pass2_RetroStart,RetroFromPass1FirstN,3000,20,20,100,25
Zheng Xu,3050,32,2012-12-26,3019.9,TRUE,Pass2_RetroStart,RetroFromPass1FirstN,3000,20,20,100,25
Bai Baoxiang Ama.,3049,15,2021-06-24,3000,FALSE,Pass2_RetroStart,RetroFromPass1FirstN,3000,20,20,100,25
Chen Weiting,3049,286,2017-06-12,2969.4,TRUE,Pass2_RetroStart,RetroFromPass1FirstN,3000,20,20,100,25
Cho Sangyeon,3049,24,2024-04-01,3000,TRUE,Pass2_RetroStart,RetroFromPass1FirstN,3000,20,20,100,25
Tsuji Shigehito,3049,112,2017-09-20,2966.9,TRUE,Pass2_RetroStart,RetroFromPass1FirstN,3000,20,20,100,25
Wang Jianhong,3049,150,1984-10-16,2870.1,TRUE,Pass2_RetroStart,RetroFromPass1FirstN,3000,20,20,100,25
Ishida Akira,3048,280,1971-02-21,3051.3,TRUE,Pass2_RetroStart,RetroFromPass1FirstN,3000,20,20,100,25
Jeong Seojun,3048,58,2017-12-17,3080.4,TRUE,Pass2_RetroStart,RetroFromPass1FirstN,3000,20,20,100,25
Lee Sanghun,3048,68,2012-03-14,2920.6,TRUE,Pass2_RetroStart,RetroFromPass1FirstN,3000,20,20,100,25
Oomote Takuto,3048,63,2016-11-26,3087,TRUE,Pass2_RetroStart,RetroFromPass1FirstN,3000,20,20,100,25
Seo Musang,3048,36,1995-08-24,3024,TRUE,Pass2_RetroStart,RetroFromPass1FirstN,3000,20,20,100,25
Yun Seonghyeon,3048,185,1990-12-01,3128.4,TRUE,Pass2_RetroStart,RetroFromPass1FirstN,3000,20,20,100,25
Zeng Yuanhai,3048,25,2017-11-01,3033,TRUE,Pass2_RetroStart,RetroFromPass1FirstN,3000,20,20,100,25
Zhu Yanzhen,3048,13,2021-08-27,3000,FALSE,Pass2_RetroStart,RetroFromPass1FirstN,3000,20,20,100,25
Kono Mitsuki,3047,92,1993-02-10,3012.3,TRUE,Pass2_RetroStart,RetroFromPass1FirstN,3000,20,20,100,25
Cai Wenchi,3046,19,2013-08-13,3000,FALSE,Pass2_RetroStart,RetroFromPass1FirstN,3000,20,20,100,25
Guo Xinyi,3046,49,2009-12-19,3010.5,TRUE,Pass2_RetroStart,RetroFromPass1FirstN,3000,20,20,100,25
Kondo Toshiki,3046,36,2020-08-11,3032.2,TRUE,Pass2_RetroStart,RetroFromPass1FirstN,3000,20,20,100,25
Wan Enze,3046,14,2021-08-25,3000,FALSE,Pass2_RetroStart,RetroFromPass1FirstN,3000,20,20,100,25
Yang Yoojun,3046,18,2020-03-27,3000,FALSE,Pass2_RetroStart,RetroFromPass1FirstN,3000,20,20,100,25
Zhang Yabo,3046,67,2007-07-11,2968.5,TRUE,Pass2_RetroStart,RetroFromPass1FirstN,3000,20,20,100,25
Kim Seunggu,3045,24,2023-01-30,3000,TRUE,Pass2_RetroStart,RetroFromPass1FirstN,3000,20,20,100,25
Suzuki Takeo,3045,8,1972-02-03,3000,FALSE,Pass2_RetroStart,RetroFromPass1FirstN,3000,20,20,100,25
Wang Ziang,3045,8,2016-12-16,3000,FALSE,Pass2_RetroStart,RetroFromPass1FirstN,3000,20,20,100,25
Zheng Miaoxin,3045,54,2007-01-10,3001.2,TRUE,Pass2_RetroStart,RetroFromPass1FirstN,3000,20,20,100,25
Choi Wongyong,3044,105,2001-09-12,3085.9,TRUE,Pass2_RetroStart,RetroFromPass1FirstN,3000,20,20,100,25
Michael Redmond,3044,230,1985-09-07,2963.4,TRUE,Pass2_RetroStart,RetroFromPass1FirstN,3000,20,20,100,25
Wi Taewoong,3044,92,2014-07-06,3038.9,TRUE,Pass2_RetroStart,RetroFromPass1FirstN,3000,20,20,100,25
Hong Seokui Ama.,3042,6,2013-02-25,3000,FALSE,Pass2_RetroStart,RetroFromPass1FirstN,3000,20,20,100,25
Park Kyuongkeun,3042,53,2010-08-02,2973.5,TRUE,Pass2_RetroStart,RetroFromPass1FirstN,3000,20,20,100,25
Takeshita Ryoya,3042,50,2021-04-26,3028.5,TRUE,Pass2_RetroStart,RetroFromPass1FirstN,3000,20,20,100,25
Zhou Bo,3042,40,1997-02-19,3075.7,TRUE,Pass2_RetroStart,RetroFromPass1FirstN,3000,20,20,100,25
Lai Youcheng Ama.,3041,13,2021-02-22,3000,FALSE,Pass2_RetroStart,RetroFromPass1FirstN,3000,20,20,100,25
Ma Xiaobing,3041,140,2002-04-19,3048.2,TRUE,Pass2_RetroStart,RetroFromPass1FirstN,3000,20,20,100,25
O Meien,3041,1064,1979-09-01,3151.3,TRUE,Pass2_RetroStart,RetroFromPass1FirstN,3000,20,20,100,25
Qiao Ran,3041,12,2015-05-25,3000,FALSE,Pass2_RetroStart,RetroFromPass1FirstN,3000,20,20,100,25
Suzuki Ayumi,3041,417,2002-06-19,2988,TRUE,Pass2_RetroStart,RetroFromPass1FirstN,3000,20,20,100,25
Wang Yubo,3041,229,2011-09-06,2885,TRUE,Pass2_RetroStart,RetroFromPass1FirstN,3000,20,20,100,25
Yamikumo Tsubasa Ama.,3041,8,2019-02-18,3000,FALSE,Pass2_RetroStart,RetroFromPass1FirstN,3000,20,20,100,25
Yun Yeseong,3041,8,2018-01-11,3000,FALSE,Pass2_RetroStart,RetroFromPass1FirstN,3000,20,20,100,25
Jeong Junwoo,3040,11,2023-07-28,3000,FALSE,Pass2_RetroStart,RetroFromPass1FirstN,3000,20,20,100,25
Lee Hyungjin,3040,85,2010-08-05,3034.7,TRUE,Pass2_RetroStart,RetroFromPass1FirstN,3000,20,20,100,25
Lee Minseok,3040,12,2024-04-04,3000,FALSE,Pass2_RetroStart,RetroFromPass1FirstN,3000,20,20,100,25
Lee Seongjae,3040,129,1993-10-20,3063.8,TRUE,Pass2_RetroStart,RetroFromPass1FirstN,3000,20,20,100,25
Cheng Honghao,3039,19,2013-01-12,3000,FALSE,Pass2_RetroStart,RetroFromPass1FirstN,3000,20,20,100,25
Haruyama Isamu,3039,78,1971-02-04,3054.9,TRUE,Pass2_RetroStart,RetroFromPass1FirstN,3000,20,20,100,25
Hisajima Kunio,3039,74,1972-12-10,3007.2,TRUE,Pass2_RetroStart,RetroFromPass1FirstN,3000,20,20,100,25
Hu Shuai,3039,6,2007-07-11,3000,FALSE,Pass2_RetroStart,RetroFromPass1FirstN,3000,20,20,100,25
Kurita Yoshiki Ama.,3039,20,2017-02-20,3000,TRUE,Pass2_RetroStart,RetroFromPass1FirstN,3000,20,20,100,25
Nakane Daiki,3039,6,2025-01-23,3000,FALSE,Pass2_RetroStart,RetroFromPass1FirstN,3000,20,20,100,25
Park Yeonglong,3039,89,2010-01-16,2950.2,TRUE,Pass2_RetroStart,RetroFromPass1FirstN,3000,20,20,100,25
Takeuchi Kosuke,3039,56,2010-09-30,3055.4,TRUE,Pass2_RetroStart,RetroFromPass1FirstN,3000,20,20,100,25
Uchida Shuhei,3039,185,2005-07-19,3066.8,TRUE,Pass2_RetroStart,RetroFromPass1FirstN,3000,20,20,100,25
Wu Junyi,3038,23,2021-08-25,3000,TRUE,Pass2_RetroStart,RetroFromPass1FirstN,3000,20,20,100,25
Kim Sooyong,3037,42,2006-08-14,3101.3,TRUE,Pass2_RetroStart,RetroFromPass1FirstN,3000,20,20,100,25
Lee Hyeonjun,3037,60,2012-05-14,3086.5,TRUE,Pass2_RetroStart,RetroFromPass1FirstN,3000,20,20,100,25
Mukai Chiaki,3037,381,2005-10-06,3072.4,TRUE,Pass2_RetroStart,RetroFromPass1FirstN,3000,20,20,100,25
Wang Jianan,3037,12,2007-07-11,3000,FALSE,Pass2_RetroStart,RetroFromPass1FirstN,3000,20,20,100,25
Zhang Xuebin,3037,145,2001-03-21,3145.3,TRUE,Pass2_RetroStart,RetroFromPass1FirstN,3000,20,20,100,25
Hu Xiao,3036,14,2018-10-23,3000,FALSE,Pass2_RetroStart,RetroFromPass1FirstN,3000,20,20,100,25
Li Cong,3036,12,2007-07-11,3000,FALSE,Pass2_RetroStart,RetroFromPass1FirstN,3000,20,20,100,25
Liu Zhaozhe,3036,71,2012-12-26,3012.5,TRUE,Pass2_RetroStart,RetroFromPass1FirstN,3000,20,20,100,25
Tang Yi,3036,367,2004-03-30,3052.2,TRUE,Pass2_RetroStart,RetroFromPass1FirstN,3000,20,20,100,25
Wang Xiru,3036,18,2013-02-13,3000,FALSE,Pass2_RetroStart,RetroFromPass1FirstN,3000,20,20,100,25
Wang Yichen,3036,12,2009-12-19,3000,FALSE,Pass2_RetroStart,RetroFromPass1FirstN,3000,20,20,100,25
Iguchi Toyohide,3035,76,1990-05-21,2906.1,TRUE,Pass2_RetroStart,RetroFromPass1FirstN,3000,20,20,100,25
Iwata Tatsuaki,3035,187,1970-01-28,3039.1,TRUE,Pass2_RetroStart,RetroFromPass1FirstN,3000,20,20,100,25
Jen Youngkyu,3035,49,2006-03-18,3027,TRUE,Pass2_RetroStart,RetroFromPass1FirstN,3000,20,20,100,25
Li Xiaoxi (s),3035,153,2019-08-30,2969.2,TRUE,Pass2_RetroStart,RetroFromPass1FirstN,3000,20,20,100,25
Nakano Yasuhiro,3035,207,1994-04-28,2990.9,TRUE,Pass2_RetroStart,RetroFromPass1FirstN,3000,20,20,100,25
Tozawa Akinobu,3035,44,1970-05-06,3052.7,TRUE,Pass2_RetroStart,RetroFromPass1FirstN,3000,20,20,100,25
Yang Jaeho,3035,417,1987-04-04,3101,TRUE,Pass2_RetroStart,RetroFromPass1FirstN,3000,20,20,100,25
Choi Kyubyeong,3034,383,1989-01-16,3059.6,TRUE,Pass2_RetroStart,RetroFromPass1FirstN,3000,20,20,100,25
Jong Hyeonsan,3034,65,1986-04-23,3111.8,TRUE,Pass2_RetroStart,RetroFromPass1FirstN,3000,20,20,100,25
Takashima Yugo,3034,81,2014-07-14,2977,TRUE,Pass2_RetroStart,RetroFromPass1FirstN,3000,20,20,100,25
Yun Seongsik,3034,14,2018-09-04,3000,FALSE,Pass2_RetroStart,RetroFromPass1FirstN,3000,20,20,100,25
Zhang Wendong,3034,384,1985-05-04,3101.5,TRUE,Pass2_RetroStart,RetroFromPass1FirstN,3000,20,20,100,25
Dong Yan,3033,236,1993-01-03,3038.7,TRUE,Pass2_RetroStart,RetroFromPass1FirstN,3000,20,20,100,25
Eom Donggun,3033,7,2023-08-29,3000,FALSE,Pass2_RetroStart,RetroFromPass1FirstN,3000,20,20,100,25
Huang Siyuan,3033,6,2024-03-29,3000,FALSE,Pass2_RetroStart,RetroFromPass1FirstN,3000,20,20,100,25
Li Xinchen,3033,54,2020-05-12,2984.4,TRUE,Pass2_RetroStart,RetroFromPass1FirstN,3000,20,20,100,25
Sakata Eio,3033,560,1970-01-16,3074.9,TRUE,Pass2_RetroStart,RetroFromPass1FirstN,3000,20,20,100,25
Wei Xiaolin,3033,7,2023-11-12,3000,FALSE,Pass2_RetroStart,RetroFromPass1FirstN,3000,20,20,100,25
Xiao Zebin,3033,13,2021-04-12,3000,FALSE,Pass2_RetroStart,RetroFromPass1FirstN,3000,20,20,100,25
Chen Siyuan,3032,6,2013-09-27,3000,FALSE,Pass2_RetroStart,RetroFromPass1FirstN,3000,20,20,100,25
Choi Hyunjae,3032,75,2010-01-16,2974.1,TRUE,Pass2_RetroStart,RetroFromPass1FirstN,3000,20,20,100,25
Lee Minjin,3032,280,2000-06-05,3005.5,TRUE,Pass2_RetroStart,RetroFromPass1FirstN,3000,20,20,100,25
Morita Michihiro,3032,203,1985-02-13,3030.5,TRUE,Pass2_RetroStart,RetroFromPass1FirstN,3000,20,20,100,25
Nishida Terumi,3032,57,1989-05-10,3003.5,TRUE,Pass2_RetroStart,RetroFromPass1FirstN,3000,20,20,100,25
Gui Wenbo,3031,42,2005-07-23,3014.2,TRUE,Pass2_RetroStart,RetroFromPass1FirstN,3000,20,20,100,25
Ma Jingyuan,3031,59,2021-08-27,3045.2,TRUE,Pass2_RetroStart,RetroFromPass1FirstN,3000,20,20,100,25
Wei Mingrui,3031,6,2007-07-11,3000,FALSE,Pass2_RetroStart,RetroFromPass1FirstN,3000,20,20,100,25
Choi Wonjin,3030,15,2022-12-23,3000,FALSE,Pass2_RetroStart,RetroFromPass1FirstN,3000,20,20,100,25
Imabun Taro,3030,79,2018-07-04,2985.7,TRUE,Pass2_RetroStart,RetroFromPass1FirstN,3000,20,20,100,25
Yanai Kazuma,3030,9,2025-01-23,3000,FALSE,Pass2_RetroStart,RetroFromPass1FirstN,3000,20,20,100,25
Chen Boshao,3029,11,2024-04-15,3000,FALSE,Pass2_RetroStart,RetroFromPass1FirstN,3000,20,20,100,25
Ding Lie,3029,87,2005-06-19,3020.1,TRUE,Pass2_RetroStart,RetroFromPass1FirstN,3000,20,20,100,25
Go Seigen,3029,37,1970-02-19,3015.5,TRUE,Pass2_RetroStart,RetroFromPass1FirstN,3000,20,20,100,25
Lu Junren,3029,12,2016-08-06,3000,FALSE,Pass2_RetroStart,RetroFromPass1FirstN,3000,20,20,100,25
Fujimura Yosuke,3028,65,2013-08-22,3084.9,TRUE,Pass2_RetroStart,RetroFromPass1FirstN,3000,20,20,100,25
Kiyonari Tetsuya,3028,358,1980-06-04,2984.9,TRUE,Pass2_RetroStart,RetroFromPass1FirstN,3000,20,20,100,25
Liao Guiyong,3028,124,1984-12-04,2978.8,TRUE,Pass2_RetroStart,RetroFromPass1FirstN,3000,20,20,100,25
Qiao Shiyao,3028,6,2007-07-11,3000,FALSE,Pass2_RetroStart,RetroFromPass1FirstN,3000,20,20,100,25
Tang Jingxuan,3028,18,2012-02-04,3000,FALSE,Pass2_RetroStart,RetroFromPass1FirstN,3000,20,20,100,25
Zhang Hongjie,3028,13,2007-07-11,3000,FALSE,Pass2_RetroStart,RetroFromPass1FirstN,3000,20,20,100,25
Zhang Qin,3028,12,2024-03-30,3000,FALSE,Pass2_RetroStart,RetroFromPass1FirstN,3000,20,20,100,25
Zhou Zhenyu Ama.,3028,11,2019-10-10,3000,FALSE,Pass2_RetroStart,RetroFromPass1FirstN,3000,20,20,100,25
Okawa Takuya,3027,67,2018-01-29,3039.3,TRUE,Pass2_RetroStart,RetroFromPass1FirstN,3000,20,20,100,25
Otani Naoki,3027,56,2014-02-11,2940.1,TRUE,Pass2_RetroStart,RetroFromPass1FirstN,3000,20,20,100,25
Tokimoto Hajime,3027,67,1976-02-11,3049.7,TRUE,Pass2_RetroStart,RetroFromPass1FirstN,3000,20,20,100,25
Wang Lu,3027,12,2004-03-31,3000,FALSE,Pass2_RetroStart,RetroFromPass1FirstN,3000,20,20,100,25
Yamabe Toshiro,3027,127,1970-01-14,2959.8,TRUE,Pass2_RetroStart,RetroFromPass1FirstN,3000,20,20,100,25
Zhang Chi,3027,13,2004-03-13,3000,FALSE,Pass2_RetroStart,RetroFromPass1FirstN,3000,20,20,100,25
Zhao Yikang Ama.,3027,4,2021-06-25,3000,FALSE,Pass2_RetroStart,RetroFromPass1FirstN,3000,20,20,100,25
Bao Yun,3026,2,2002-01-18,3000,FALSE,Pass2_RetroStart,RetroFromPass1FirstN,3000,20,20,100,25
Chen Bisen,3026,14,2016-09-24,3000,FALSE,Pass2_RetroStart,RetroFromPass1FirstN,3000,20,20,100,25
Liu Yunlong,3026,15,2007-07-11,3000,FALSE,Pass2_RetroStart,RetroFromPass1FirstN,3000,20,20,100,25
Ma Rulong,3026,22,2007-07-12,3000,TRUE,Pass2_RetroStart,RetroFromPass1FirstN,3000,20,20,100,25
Miyagawa Fumihiko,3026,17,1990-04-22,3000,FALSE,Pass2_RetroStart,RetroFromPass1FirstN,3000,20,20,100,25
Ruan Yunsheng,3026,98,1985-04-27,2959.1,TRUE,Pass2_RetroStart,RetroFromPass1FirstN,3000,20,20,100,25
Su Guangyue,3026,9,2008-01-25,3000,FALSE,Pass2_RetroStart,RetroFromPass1FirstN,3000,20,20,100,25
Sun Zhe Insei,3026,2,2010-08-02,3000,FALSE,Pass2_RetroStart,RetroFromPass1FirstN,3000,20,20,100,25
Andy Liu,3025,8,2011-08-10,3000,FALSE,Pass2_RetroStart,RetroFromPass1FirstN,3000,20,20,100,25
Hwang Jaeyeon,3025,107,2011-08-23,3065.8,TRUE,Pass2_RetroStart,RetroFromPass1FirstN,3000,20,20,100,25
Li Sixuan,3025,130,2019-08-30,2797.9,TRUE,Pass2_RetroStart,RetroFromPass1FirstN,3000,20,20,100,25
Li Zehao,3025,3,2021-08-24,3000,FALSE,Pass2_RetroStart,RetroFromPass1FirstN,3000,20,20,100,25
Lin Zijie,3025,28,2021-04-05,2998.1,TRUE,Pass2_RetroStart,RetroFromPass1FirstN,3000,20,20,100,25
Obuchi Kotaro,3025,104,2008-10-16,3071.2,TRUE,Pass2_RetroStart,RetroFromPass1FirstN,3000,20,20,100,25
Tsuneishi Takashi,3025,84,2012-02-16,3112.2,TRUE,Pass2_RetroStart,RetroFromPass1FirstN,3000,20,20,100,25
Chen Dongru,3024,9,2009-03-03,3000,FALSE,Pass2_RetroStart,RetroFromPass1FirstN,3000,20,20,100,25
Inori Yoko,3024,96,1997-06-04,3042.3,TRUE,Pass2_RetroStart,RetroFromPass1FirstN,3000,20,20,100,25
Jiang Chenzhong,3024,9,2007-07-11,3000,FALSE,Pass2_RetroStart,RetroFromPass1FirstN,3000,20,20,100,25
Ki Minchan,3024,5,2023-12-25,3000,FALSE,Pass2_RetroStart,RetroFromPass1FirstN,3000,20,20,100,25
Kim Hyunbin,3024,6,2022-05-27,3000,FALSE,Pass2_RetroStart,RetroFromPass1FirstN,3000,20,20,100,25
Song Hyeryung,3024,117,2015-01-17,3021.4,TRUE,Pass2_RetroStart,RetroFromPass1FirstN,3000,20,20,100,25
Kageyama Toshiro,3023,23,1970-11-26,3000,TRUE,Pass2_RetroStart,RetroFromPass1FirstN,3000,20,20,100,25
Kim Minseok,3023,39,2018-06-17,2967.2,TRUE,Pass2_RetroStart,RetroFromPass1FirstN,3000,20,20,100,25
Kono Takashi,3023,91,1992-02-12,2840.1,TRUE,Pass2_RetroStart,RetroFromPass1FirstN,3000,20,20,100,25
Li Yi,3023,20,2002-12-21,3000,TRUE,Pass2_RetroStart,RetroFromPass1FirstN,3000,20,20,100,25
Li Zhu,3023,5,2007-07-11,3000,FALSE,Pass2_RetroStart,RetroFromPass1FirstN,3000,20,20,100,25
Park Siyeol,3023,61,2009-03-01,3052.2,TRUE,Pass2_RetroStart,RetroFromPass1FirstN,3000,20,20,100,25
Wang Ruoran,3023,7,2014-01-10,3000,FALSE,Pass2_RetroStart,RetroFromPass1FirstN,3000,20,20,100,25
Wang Zheming,3023,16,2008-12-16,3000,FALSE,Pass2_RetroStart,RetroFromPass1FirstN,3000,20,20,100,25
Yoda Ozora,3023,18,2022-02-28,3000,FALSE,Pass2_RetroStart,RetroFromPass1FirstN,3000,20,20,100,25
Chen Tuli,3022,4,2021-04-05,3000,FALSE,Pass2_RetroStart,RetroFromPass1FirstN,3000,20,20,100,25
Lee Jaesung Ama.,3022,5,2017-10-30,3000,FALSE,Pass2_RetroStart,RetroFromPass1FirstN,3000,20,20,100,25
Cao Cong,3021,2,2017-06-12,3000,FALSE,Pass2_RetroStart,RetroFromPass1FirstN,3000,20,20,100,25
Choi Jeonggwan,3021,8,2023-01-23,3000,FALSE,Pass2_RetroStart,RetroFromPass1FirstN,3000,20,20,100,25
Ding Kewen,3021,75,2021-08-26,2930.4,TRUE,Pass2_RetroStart,RetroFromPass1FirstN,3000,20,20,100,25
Kim Hyenchan,3021,128,2012-03-14,3189.3,TRUE,Pass2_RetroStart,RetroFromPass1FirstN,3000,20,20,100,25
Kim Kibum,3021,18,2019-10-02,3000,FALSE,Pass2_RetroStart,RetroFromPass1FirstN,3000,20,20,100,25
Kim Yeongsam,3021,127,1994-04-22,2959,TRUE,Pass2_RetroStart,RetroFromPass1FirstN,3000,20,20,100,25
Yu Xuan,3021,2,2001-09-16,3000,FALSE,Pass2_RetroStart,RetroFromPass1FirstN,3000,20,20,100,25
Bae Junhee,3020,41,2006-08-17,2956,TRUE,Pass2_RetroStart,RetroFromPass1FirstN,3000,20,20,100,25
Handa Dogen,3020,19,1970-05-14,3000,FALSE,Pass2_RetroStart,RetroFromPass1FirstN,3000,20,20,100,25
Hashimoto Utaro,3020,232,1970-01-12,3211.3,TRUE,Pass2_RetroStart,RetroFromPass1FirstN,3000,20,20,100,25
Imamura Toshiya,3020,583,1982-05-24,3057.3,TRUE,Pass2_RetroStart,RetroFromPass1FirstN,3000,20,20,100,25
Lee Chungyu,3020,125,2008-08-21,3081.8,TRUE,Pass2_RetroStart,RetroFromPass1FirstN,3000,20,20,100,25
Tang Chongzhe Ama.,3020,2,2021-06-21,3000,FALSE,Pass2_RetroStart,RetroFromPass1FirstN,3000,20,20,100,25
Uchida Shuhei Insei,3020,3,2005-04-26,3000,FALSE,Pass2_RetroStart,RetroFromPass1FirstN,3000,20,20,100,25
Xi Yanyan,3020,2,2004-03-13,3000,FALSE,Pass2_RetroStart,RetroFromPass1FirstN,3000,20,20,100,25
Ying Yitao,3020,24,2012-08-10,3000,TRUE,Pass2_RetroStart,RetroFromPass1FirstN,3000,20,20,100,25
Yu Fulin,3020,6,2018-06-12,3000,FALSE,Pass2_RetroStart,RetroFromPass1FirstN,3000,20,20,100,25
Alexander Dinerchtein,3019,61,2001-06-12,3179.4,TRUE,Pass2_RetroStart,RetroFromPass1FirstN,3000,20,20,100,25
Asahi Yutoshi,3019,6,2025-04-07,3000,FALSE,Pass2_RetroStart,RetroFromPass1FirstN,3000,20,20,100,25
Chen Runtao,3019,7,2008-12-16,3000,FALSE,Pass2_RetroStart,RetroFromPass1FirstN,3000,20,20,100,25
Gu Ruize,3019,5,2018-12-20,3000,FALSE,Pass2_RetroStart,RetroFromPass1FirstN,3000,20,20,100,25
Hou Jingzhe,3019,10,2015-01-11,3000,FALSE,Pass2_RetroStart,RetroFromPass1FirstN,3000,20,20,100,25
Im Sanggyu,3019,15,2022-05-19,3000,FALSE,Pass2_RetroStart,RetroFromPass1FirstN,3000,20,20,100,25
Ju Hyeongwuk,3019,62,2001-07-16,2976.4,TRUE,Pass2_RetroStart,RetroFromPass1FirstN,3000,20,20,100,25
Kamimura Haruo,3019,140,1976-03-03,3076.5,TRUE,Pass2_RetroStart,RetroFromPass1FirstN,3000,20,20,100,25
Lou Xi,3019,20,2007-07-11,3000,TRUE,Pass2_RetroStart,RetroFromPass1FirstN,3000,20,20,100,25
Zhao Zhongxuan,3019,20,2016-08-09,3000,TRUE,Pass2_RetroStart,RetroFromPass1FirstN,3000,20,20,100,25
Fan Hui,3018,24,2013-12-12,3000,TRUE,Pass2_RetroStart,RetroFromPass1FirstN,3000,20,20,100,25
Furuya Yutaka,3018,125,1998-03-25,3084.8,TRUE,Pass2_RetroStart,RetroFromPass1FirstN,3000,20,20,100,25
Kim Donghee (s),3018,14,2019-12-14,3000,FALSE,Pass2_RetroStart,RetroFromPass1FirstN,3000,20,20,100,25
Li Jie,3018,160,2000-04-25,3133.6,TRUE,Pass2_RetroStart,RetroFromPass1FirstN,3000,20,20,100,25
Li Kui,3018,3,2002-04-17,3000,FALSE,Pass2_RetroStart,RetroFromPass1FirstN,3000,20,20,100,25
Sonoda Yuichi,3018,369,1976-03-04,2926.5,TRUE,Pass2_RetroStart,RetroFromPass1FirstN,3000,20,20,100,25
Tamai Shin,3018,54,2005-04-26,2983.6,TRUE,Pass2_RetroStart,RetroFromPass1FirstN,3000,20,20,100,25
Yang Yi (s),3018,24,2009-12-19,3000,TRUE,Pass2_RetroStart,RetroFromPass1FirstN,3000,20,20,100,25
Yang Yilun,3018,2,1984-03-03,3000,FALSE,Pass2_RetroStart,RetroFromPass1FirstN,3000,20,20,100,25
Yu Haoran,3018,5,2017-03-26,3000,FALSE,Pass2_RetroStart,RetroFromPass1FirstN,3000,20,20,100,25
Cui Ning,3017,18,2002-04-25,3000,FALSE,Pass2_RetroStart,RetroFromPass1FirstN,3000,20,20,100,25
He Tianyu,3017,7,2021-08-30,3000,FALSE,Pass2_RetroStart,RetroFromPass1FirstN,3000,20,20,100,25
Ikawa Ryougo,3017,7,2023-06-15,3000,FALSE,Pass2_RetroStart,RetroFromPass1FirstN,3000,20,20,100,25
Kanno Kiyonori,3017,39,1971-02-04,3068.9,TRUE,Pass2_RetroStart,RetroFromPass1FirstN,3000,20,20,100,25
Kawahara Yu,3017,21,2022-04-01,3000,TRUE,Pass2_RetroStart,RetroFromPass1FirstN,3000,20,20,100,25
Kim Hyemin,3017,456,2001-11-15,2872.6,TRUE,Pass2_RetroStart,RetroFromPass1FirstN,3000,20,20,100,25
Kobayashi Izumi,3017,310,1996-02-28,3182.7,TRUE,Pass2_RetroStart,RetroFromPass1FirstN,3000,20,20,100,25
Luo Yan,3017,22,2014-01-11,3000,TRUE,Pass2_RetroStart,RetroFromPass1FirstN,3000,20,20,100,25
Miyatani Fuga,3017,3,2025-01-23,3000,FALSE,Pass2_RetroStart,RetroFromPass1FirstN,3000,20,20,100,25
Shimada Yoshikuni,3017,6,1986-02-12,3000,FALSE,Pass2_RetroStart,RetroFromPass1FirstN,3000,20,20,100,25
He Xin Ama.,3016,6,2021-06-26,3000,FALSE,Pass2_RetroStart,RetroFromPass1FirstN,3000,20,20,100,25
Hong Seyoung,3016,10,2024-03-25,3000,FALSE,Pass2_RetroStart,RetroFromPass1FirstN,3000,20,20,100,25
Hua Chang,3016,10,2019-01-12,3000,FALSE,Pass2_RetroStart,RetroFromPass1FirstN,3000,20,20,100,25
Hyun Yoobin,3016,98,2016-08-06,3044,TRUE,Pass2_RetroStart,RetroFromPass1FirstN,3000,20,20,100,25
Jin Donggyu,3016,89,2005-02-03,3070.1,TRUE,Pass2_RetroStart,RetroFromPass1FirstN,3000,20,20,100,25
Kang Woohyuk,3016,65,2015-09-30,2996.6,TRUE,Pass2_RetroStart,RetroFromPass1FirstN,3000,20,20,100,25
Kim Kieon,3016,3,2023-08-16,3000,FALSE,Pass2_RetroStart,RetroFromPass1FirstN,3000,20,20,100,25
Kobayashi Reiko,3016,68,1971-02-11,3041.2,TRUE,Pass2_RetroStart,RetroFromPass1FirstN,3000,20,20,100,25
Lou Luoning,3016,24,2011-06-25,3000,TRUE,Pass2_RetroStart,RetroFromPass1FirstN,3000,20,20,100,25
Shibano Ryunosuke,3016,25,2017-02-22,3022.4,TRUE,Pass2_RetroStart,RetroFromPass1FirstN,3000,20,20,100,25
Shibano Toramaru Insei,3016,1,2014-06-20,3000,FALSE,Pass2_RetroStart,RetroFromPass1FirstN,3000,20,20,100,25
Wu Zhenyu (s),3016,20,2013-12-10,3000,TRUE,Pass2_RetroStart,RetroFromPass1FirstN,3000,20,20,100,25
Yang Chukun Ama.,3016,5,2023-03-31,3000,FALSE,Pass2_RetroStart,RetroFromPass1FirstN,3000,20,20,100,25
Yin Songtao,3016,11,2017-08-17,3000,FALSE,Pass2_RetroStart,RetroFromPass1FirstN,3000,20,20,100,25
Zhang Qi,3016,3,2017-11-01,3000,FALSE,Pass2_RetroStart,RetroFromPass1FirstN,3000,20,20,100,25
Ni Linqiang,3015,20,1985-05-01,3000,TRUE,Pass2_RetroStart,RetroFromPass1FirstN,3000,20,20,100,25
Dong Ming,3014,16,2007-01-24,3000,FALSE,Pass2_RetroStart,RetroFromPass1FirstN,3000,20,20,100,25
Kang Jaewoo,3014,7,2024-04-01,3000,FALSE,Pass2_RetroStart,RetroFromPass1FirstN,3000,20,20,100,25
Kim Junghyun (s),3014,3,2023-08-16,3000,FALSE,Pass2_RetroStart,RetroFromPass1FirstN,3000,20,20,100,25
Yan An,3014,14,1985-05-08,3000,FALSE,Pass2_RetroStart,RetroFromPass1FirstN,3000,20,20,100,25
Zhang Haowei,3014,1,2019-02-27,3000,FALSE,Pass2_RetroStart,RetroFromPass1FirstN,3000,20,20,100,25
Zhang Xuanming,3014,15,2024-03-29,3000,FALSE,Pass2_RetroStart,RetroFromPass1FirstN,3000,20,20,100,25
Zhu Renkun,3014,7,2007-07-11,3000,FALSE,Pass2_RetroStart,RetroFromPass1FirstN,3000,20,20,100,25
Choi Kihoon,3013,67,2007-07-18,3103.3,TRUE,Pass2_RetroStart,RetroFromPass1FirstN,3000,20,20,100,25
Fujisawa Hideyuki,3013,551,1970-01-07,3055.8,TRUE,Pass2_RetroStart,RetroFromPass1FirstN,3000,20,20,100,25
Han Jinrui,3013,3,2021-10-22,3000,FALSE,Pass2_RetroStart,RetroFromPass1FirstN,3000,20,20,100,25
Hong Maleunsaem Ama.,3013,6,2008-02-18,3000,FALSE,Pass2_RetroStart,RetroFromPass1FirstN,3000,20,20,100,25
Hong Taesun,3013,112,1986-08-06,2967.5,TRUE,Pass2_RetroStart,RetroFromPass1FirstN,3000,20,20,100,25
Kim Dayoung,3013,260,2016-02-18,3040,TRUE,Pass2_RetroStart,RetroFromPass1FirstN,3000,20,20,100,25
Kim Donghee,3013,22,2004-07-14,3000,TRUE,Pass2_RetroStart,RetroFromPass1FirstN,3000,20,20,100,25
Lee Danbee Ama.,3013,3,2018-10-08,3000,FALSE,Pass2_RetroStart,RetroFromPass1FirstN,3000,20,20,100,25
Lim Jiho,3013,3,2025-07-19,3000,FALSE,Pass2_RetroStart,RetroFromPass1FirstN,3000,20,20,100,25
Tanaka Kentaro,3013,17,2025-03-12,3000,FALSE,Pass2_RetroStart,RetroFromPass1FirstN,3000,20,20,100,25
Xie Xuebin,3013,2,2024-06-02,3000,FALSE,Pass2_RetroStart,RetroFromPass1FirstN,3000,20,20,100,25
Zhang Ce,3013,49,2006-01-07,2946.2,TRUE,Pass2_RetroStart,RetroFromPass1FirstN,3000,20,20,100,25
Zhao Baolong,3013,16,2008-12-16,3000,FALSE,Pass2_RetroStart,RetroFromPass1FirstN,3000,20,20,100,25
Ao Liting,3012,1,1986-10-20,3000,FALSE,Pass2_RetroStart,RetroFromPass1FirstN,3000,20,20,100,25
Heo Seohyun,3012,264,2018-02-24,2850.1,TRUE,Pass2_RetroStart,RetroFromPass1FirstN,3000,20,20,100,25
Jia Deyi,3012,5,2023-11-12,3000,FALSE,Pass2_RetroStart,RetroFromPass1FirstN,3000,20,20,100,25
Kim Jeongsun Ama.,3012,3,2024-05-21,3000,FALSE,Pass2_RetroStart,RetroFromPass1FirstN,3000,20,20,100,25
Li Liang,3012,41,1989-05-13,3097.7,TRUE,Pass2_RetroStart,RetroFromPass1FirstN,3000,20,20,100,25
Qi Lihe,3012,17,2008-01-06,3000,FALSE,Pass2_RetroStart,RetroFromPass1FirstN,3000,20,20,100,25
Wang Yixin Ama.,3012,3,2023-03-23,3000,FALSE,Pass2_RetroStart,RetroFromPass1FirstN,3000,20,20,100,25
Xu Jin,3012,1,2016-06-16,3000,FALSE,Pass2_RetroStart,RetroFromPass1FirstN,3000,20,20,100,25
Yanagihara Saki,3012,65,2023-02-27,2975.3,TRUE,Pass2_RetroStart,RetroFromPass1FirstN,3000,20,20,100,25
Yang Zixuan Ama.,3012,10,2015-08-17,3000,FALSE,Pass2_RetroStart,RetroFromPass1FirstN,3000,20,20,100,25
Zhang Xinyu,3012,32,2021-08-25,2998.1,TRUE,Pass2_RetroStart,RetroFromPass1FirstN,3000,20,20,100,25
Cai Jianpeng,3011,1,2002-01-14,3000,FALSE,Pass2_RetroStart,RetroFromPass1FirstN,3000,20,20,100,25
Hiraoka Satoshi,3011,11,2005-03-07,3000,FALSE,Pass2_RetroStart,RetroFromPass1FirstN,3000,20,20,100,25
Ikezaki Tokinori,3011,5,1980-01-17,3000,FALSE,Pass2_RetroStart,RetroFromPass1FirstN,3000,20,20,100,25
Imamura Yoshiaki,3011,189,1983-12-22,2965.4,TRUE,Pass2_RetroStart,RetroFromPass1FirstN,3000,20,20,100,25
Kwon Hyungjin,3011,7,2007-08-06,3000,FALSE,Pass2_RetroStart,RetroFromPass1FirstN,3000,20,20,100,25
Liu Yuanbo,3011,1,2013-05-23,3000,FALSE,Pass2_RetroStart,RetroFromPass1FirstN,3000,20,20,100,25
Oh Jeonga,3011,318,2011-06-22,3040.7,TRUE,Pass2_RetroStart,RetroFromPass1FirstN,3000,20,20,100,25
Ok Teukjin,3011,22,2000-09-27,3000,TRUE,Pass2_RetroStart,RetroFromPass1FirstN,3000,20,20,100,25
Shi Zhou,3011,2,1992-09-03,3000,FALSE,Pass2_RetroStart,RetroFromPass1FirstN,3000,20,20,100,25
Sun Mengsha,3011,32,2001-01-11,3017.7,TRUE,Pass2_RetroStart,RetroFromPass1FirstN,3000,20,20,100,25
Sun Pengyu,3011,1,2017-06-12,3000,FALSE,Pass2_RetroStart,RetroFromPass1FirstN,3000,20,20,100,25
Wan Leqi,3011,9,2015-05-03,3000,FALSE,Pass2_RetroStart,RetroFromPass1FirstN,3000,20,20,100,25
Yang Qian,3011,16,2002-12-22,3000,FALSE,Pass2_RetroStart,RetroFromPass1FirstN,3000,20,20,100,25
Yin Chengzhi,3011,40,2022-08-18,2984.8,TRUE,Pass2_RetroStart,RetroFromPass1FirstN,3000,20,20,100,25
Arai Kanta Insei,3010,3,2023-04-05,3000,FALSE,Pass2_RetroStart,RetroFromPass1FirstN,3000,20,20,100,25
Baek Hyeonwoo Ama.,3010,8,2017-10-30,3000,FALSE,Pass2_RetroStart,RetroFromPass1FirstN,3000,20,20,100,25
Dusan Mitic,3010,12,2015-06-09,3000,FALSE,Pass2_RetroStart,RetroFromPass1FirstN,3000,20,20,100,25
Gong Yanyu,3010,33,2012-08-09,2976.1,TRUE,Pass2_RetroStart,RetroFromPass1FirstN,3000,20,20,100,25
Hirano Masaaki,3010,1,1984-02-08,3000,FALSE,Pass2_RetroStart,RetroFromPass1FirstN,3000,20,20,100,25
Hong Jansik,3010,20,2000-11-10,3000,TRUE,Pass2_RetroStart,RetroFromPass1FirstN,3000,20,20,100,25
Huang Guanwen,3010,1,2024-11-11,3000,FALSE,Pass2_RetroStart,RetroFromPass1FirstN,3000,20,20,100,25
Ji Rongqiang,3010,1,1985-05-08,3000,FALSE,Pass2_RetroStart,RetroFromPass1FirstN,3000,20,20,100,25
Jiang Feng,3010,1,1985-05-04,3000,FALSE,Pass2_RetroStart,RetroFromPass1FirstN,3000,20,20,100,25
Kim Kiwon,3010,54,2009-09-30,3112,TRUE,Pass2_RetroStart,RetroFromPass1FirstN,3000,20,20,100,25
Lei Zhenti,3010,3,1987-06-19,3000,FALSE,Pass2_RetroStart,RetroFromPass1FirstN,3000,20,20,100,25
Lu Jian,3010,1,1985-05-01,3000,FALSE,Pass2_RetroStart,RetroFromPass1FirstN,3000,20,20,100,25
Nakazono Seizo,3010,5,2004-06-08,3000,FALSE,Pass2_RetroStart,RetroFromPass1FirstN,3000,20,20,100,25
Ronald Schlemper,3010,5,1984-04-13,3000,FALSE,Pass2_RetroStart,RetroFromPass1FirstN,3000,20,20,100,25
Son Geungi,3010,23,2004-10-29,3000,TRUE,Pass2_RetroStart,RetroFromPass1FirstN,3000,20,20,100,25
Tong Yihang,3010,1,2024-11-11,3000,FALSE,Pass2_RetroStart,RetroFromPass1FirstN,3000,20,20,100,25
Wang Yi,3010,1,1989-06-08,3000,FALSE,Pass2_RetroStart,RetroFromPass1FirstN,3000,20,20,100,25
Yamada Takuji,3010,148,1996-02-28,2962.9,TRUE,Pass2_RetroStart,RetroFromPass1FirstN,3000,20,20,100,25
Yanai Kazuma Insei,3010,3,2023-04-04,3000,FALSE,Pass2_RetroStart,RetroFromPass1FirstN,3000,20,20,100,25
Zhang Yandi,3010,1,2025-06-09,3000,FALSE,Pass2_RetroStart,RetroFromPass1FirstN,3000,20,20,100,25
Zhou Yixiao Ama.,3010,1,2024-04-08,3000,FALSE,Pass2_RetroStart,RetroFromPass1FirstN,3000,20,20,100,25
Chen Yanru,3009,8,2020-02-06,3000,FALSE,Pass2_RetroStart,RetroFromPass1FirstN,3000,20,20,100,25
Chen Yanru Ama.,3009,9,2021-02-22,3000,FALSE,Pass2_RetroStart,RetroFromPass1FirstN,3000,20,20,100,25
Han Jooyoung,3009,9,2024-04-08,3000,FALSE,Pass2_RetroStart,RetroFromPass1FirstN,3000,20,20,100,25
Ishibashi Chinami,3009,3,1979-02-02,3000,FALSE,Pass2_RetroStart,RetroFromPass1FirstN,3000,20,20,100,25
Liu Tao,3009,5,1992-05-21,3000,FALSE,Pass2_RetroStart,RetroFromPass1FirstN,3000,20,20,100,25
Liu Xiaoguang,3009,537,1982-07-10,3098.8,TRUE,Pass2_RetroStart,RetroFromPass1FirstN,3000,20,20,100,25
Lyu Zhengyi,3009,1,2026-02-03,3000,FALSE,Pass2_RetroStart,RetroFromPass1FirstN,3000,20,20,100,25
Ma Qingqing,3009,1,2009-08-31,3000,FALSE,Pass2_RetroStart,RetroFromPass1FirstN,3000,20,20,100,25
Mikawa Shinji,3009,1,1985-11-13,3000,FALSE,Pass2_RetroStart,RetroFromPass1FirstN,3000,20,20,100,25
Nyu Eiko,3009,313,2015-10-08,2991.5,TRUE,Pass2_RetroStart,RetroFromPass1FirstN,3000,20,20,100,25
Otake Yu Insei,3009,2,2016-01-08,3000,FALSE,Pass2_RetroStart,RetroFromPass1FirstN,3000,20,20,100,25
Park Dongjoo,3009,8,2020-03-21,3000,FALSE,Pass2_RetroStart,RetroFromPass1FirstN,3000,20,20,100,25
Park Jinyoung,3009,70,2014-12-19,2949.4,TRUE,Pass2_RetroStart,RetroFromPass1FirstN,3000,20,20,100,25
Qiu Yumin,3009,1,1988-06-15,3000,FALSE,Pass2_RetroStart,RetroFromPass1FirstN,3000,20,20,100,25
Shiga Tsukasa Insei,3009,3,2023-04-04,3000,FALSE,Pass2_RetroStart,RetroFromPass1FirstN,3000,20,20,100,25
Sui Qinghan,3009,3,2024-03-29,3000,FALSE,Pass2_RetroStart,RetroFromPass1FirstN,3000,20,20,100,25
Tian Ye,3009,1,2005-07-17,3000,FALSE,Pass2_RetroStart,RetroFromPass1FirstN,3000,20,20,100,25
Yu Meiling,3009,10,2001-08-12,3000,FALSE,Pass2_RetroStart,RetroFromPass1FirstN,3000,20,20,100,25
Zhang Hanchen,3009,1,2012-08-09,3000,FALSE,Pass2_RetroStart,RetroFromPass1FirstN,3000,20,20,100,25
Zhang Yingting,3009,30,2002-09-22,3015.6,TRUE,Pass2_RetroStart,RetroFromPass1FirstN,3000,20,20,100,25
Bai Yulin,3008,1,2013-06-04,3000,FALSE,Pass2_RetroStart,RetroFromPass1FirstN,3000,20,20,100,25
Han Sangsoo,3008,1,1994-04-01,3000,FALSE,Pass2_RetroStart,RetroFromPass1FirstN,3000,20,20,100,25
Jiao Shiwei,3008,29,2012-08-09,2984,TRUE,Pass2_RetroStart,RetroFromPass1FirstN,3000,20,20,100,25
Li Zhangyuan,3008,14,2008-12-16,3000,FALSE,Pass2_RetroStart,RetroFromPass1FirstN,3000,20,20,100,25
Minami Yoshimi,3008,9,1987-03-12,3000,FALSE,Pass2_RetroStart,RetroFromPass1FirstN,3000,20,20,100,25
Moon Youngjik,3008,19,1987-12-04,3000,FALSE,Pass2_RetroStart,RetroFromPass1FirstN,3000,20,20,100,25
Shao Guang,3008,8,2004-03-13,3000,FALSE,Pass2_RetroStart,RetroFromPass1FirstN,3000,20,20,100,25
Shibano Ryunosuke Ama.,3008,1,2016-02-15,3000,FALSE,Pass2_RetroStart,RetroFromPass1FirstN,3000,20,20,100,25
Wu Qi,3008,4,2001-01-07,3000,FALSE,Pass2_RetroStart,RetroFromPass1FirstN,3000,20,20,100,25
Xu Jianying,3008,9,2013-04-12,3000,FALSE,Pass2_RetroStart,RetroFromPass1FirstN,3000,20,20,100,25
Zhang Jiao,3008,5,2001-04-19,3000,FALSE,Pass2_RetroStart,RetroFromPass1FirstN,3000,20,20,100,25
Zhao Yikang,3008,1,2025-05-10,3000,FALSE,Pass2_RetroStart,RetroFromPass1FirstN,3000,20,20,100,25
Chen Delong,3007,5,2007-07-11,3000,FALSE,Pass2_RetroStart,RetroFromPass1FirstN,3000,20,20,100,25
Cho Namchul,3007,19,1974-10-01,3000,FALSE,Pass2_RetroStart,RetroFromPass1FirstN,3000,20,20,100,25
Hasegawa Hiro,3007,4,1997-11-26,3000,FALSE,Pass2_RetroStart,RetroFromPass1FirstN,3000,20,20,100,25
Jian Lichen,3007,18,2009-08-20,3000,FALSE,Pass2_RetroStart,RetroFromPass1FirstN,3000,20,20,100,25
Kim Hyoyoung,3007,27,2021-07-05,3026.6,TRUE,Pass2_RetroStart,RetroFromPass1FirstN,3000,20,20,100,25
Li Xu,3007,7,2007-01-24,3000,FALSE,Pass2_RetroStart,RetroFromPass1FirstN,3000,20,20,100,25
Tsuji Shigehito Insei,3007,2,2015-12-25,3000,FALSE,Pass2_RetroStart,RetroFromPass1FirstN,3000,20,20,100,25
Xiao Yuyang Insei,3007,3,2022-04-05,3000,FALSE,Pass2_RetroStart,RetroFromPass1FirstN,3000,20,20,100,25
Xing Hongcheng,3007,17,2024-09-10,3000,FALSE,Pass2_RetroStart,RetroFromPass1FirstN,3000,20,20,100,25
Xu Wenli Ama.,3007,1,2025-06-10,3000,FALSE,Pass2_RetroStart,RetroFromPass1FirstN,3000,20,20,100,25
Yamashiro Hiroshi,3007,833,1976-11-14,3057.6,TRUE,Pass2_RetroStart,RetroFromPass1FirstN,3000,20,20,100,25
Zhao Fei,3007,15,2018-01-13,3000,FALSE,Pass2_RetroStart,RetroFromPass1FirstN,3000,20,20,100,25
Chen Yang Ama.,3006,9,2021-06-24,3000,FALSE,Pass2_RetroStart,RetroFromPass1FirstN,3000,20,20,100,25
Hiraoka Satoshi Ama.,3006,18,2002-03-11,3000,FALSE,Pass2_RetroStart,RetroFromPass1FirstN,3000,20,20,100,25
Kanashima Tadashi,3006,47,1974-05-12,3026.8,TRUE,Pass2_RetroStart,RetroFromPass1FirstN,3000,20,20,100,25
Park Seunghyeon,3006,84,2001-05-08,2990.4,TRUE,Pass2_RetroStart,RetroFromPass1FirstN,3000,20,20,100,25
Won Jehun,3006,24,2022-05-02,3000,TRUE,Pass2_RetroStart,RetroFromPass1FirstN,3000,20,20,100,25
You Byungyong,3006,93,2009-04-20,2896.6,TRUE,Pass2_RetroStart,RetroFromPass1FirstN,3000,20,20,100,25
Bai Guangyuan,3005,15,2003-01-19,3000,FALSE,Pass2_RetroStart,RetroFromPass1FirstN,3000,20,20,100,25
Cho Shoen,3005,2,1984-05-09,3000,FALSE,Pass2_RetroStart,RetroFromPass1FirstN,3000,20,20,100,25
Choi Hwanyoung Ama.,3005,2,2023-08-03,3000,FALSE,Pass2_RetroStart,RetroFromPass1FirstN,3000,20,20,100,25
Du Tianrui,3005,6,2024-11-11,3000,FALSE,Pass2_RetroStart,RetroFromPass1FirstN,3000,20,20,100,25
Hane Yasumasa,3005,373,1970-01-22,2993.2,TRUE,Pass2_RetroStart,RetroFromPass1FirstN,3000,20,20,100,25
He Xin,3005,17,2009-02-06,3000,FALSE,Pass2_RetroStart,RetroFromPass1FirstN,3000,20,20,100,25
Ida Atsushi Insei,3005,2,2009-01-19,3000,FALSE,Pass2_RetroStart,RetroFromPass1FirstN,3000,20,20,100,25
Kang Byeongkwon,3005,23,2012-04-21,3000,TRUE,Pass2_RetroStart,RetroFromPass1FirstN,3000,20,20,100,25
Lai Youcheng,3005,10,2017-06-07,3000,FALSE,Pass2_RetroStart,RetroFromPass1FirstN,3000,20,20,100,25
Lee Kangwook,3005,2,2004-06-10,3000,FALSE,Pass2_RetroStart,RetroFromPass1FirstN,3000,20,20,100,25
Liu Ruohao,3005,2,2022-03-15,3000,FALSE,Pass2_RetroStart,RetroFromPass1FirstN,3000,20,20,100,25
Ma Jiate Ama.,3005,1,2024-06-07,3000,FALSE,Pass2_RetroStart,RetroFromPass1FirstN,3000,20,20,100,25
Park Sinyoung,3005,7,2022-03-10,3000,FALSE,Pass2_RetroStart,RetroFromPass1FirstN,3000,20,20,100,25
Qu Ming,3005,9,2019-01-12,3000,FALSE,Pass2_RetroStart,RetroFromPass1FirstN,3000,20,20,100,25
Shi Zhien Ama.,3005,1,2020-11-20,3000,FALSE,Pass2_RetroStart,RetroFromPass1FirstN,3000,20,20,100,25
Shiga Tsukasa,3005,8,2024-03-28,3000,FALSE,Pass2_RetroStart,RetroFromPass1FirstN,3000,20,20,100,25
Zhang Qin Ama.,3005,2,2023-03-29,3000,FALSE,Pass2_RetroStart,RetroFromPass1FirstN,3000,20,20,100,25
Zhong Chenguang,3005,6,1989-05-13,3000,FALSE,Pass2_RetroStart,RetroFromPass1FirstN,3000,20,20,100,25
Zhuang Yuan,3005,10,2007-07-11,3000,FALSE,Pass2_RetroStart,RetroFromPass1FirstN,3000,20,20,100,25
Aoki Hirotaka,3004,42,2018-10-11,2973.8,TRUE,Pass2_RetroStart,RetroFromPass1FirstN,3000,20,20,100,25
Chen Rui,3004,7,1996-03-16,3000,FALSE,Pass2_RetroStart,RetroFromPass1FirstN,3000,20,20,100,25
Chen Siyuan (s),3004,2,2024-03-29,3000,FALSE,Pass2_RetroStart,RetroFromPass1FirstN,3000,20,20,100,25
Chen Yifu,3004,8,2017-09-19,3000,FALSE,Pass2_RetroStart,RetroFromPass1FirstN,3000,20,20,100,25
Chen Yingjia,3004,40,2025-01-02,3118.6,TRUE,Pass2_RetroStart,RetroFromPass1FirstN,3000,20,20,100,25
Fu Li,3004,21,1990-11-09,3000,TRUE,Pass2_RetroStart,RetroFromPass1FirstN,3000,20,20,100,25
Hirata Hironori,3004,2,1984-04-12,3000,FALSE,Pass2_RetroStart,RetroFromPass1FirstN,3000,20,20,100,25
John Lee,3004,4,2001-01-15,3000,FALSE,Pass2_RetroStart,RetroFromPass1FirstN,3000,20,20,100,25
Kan Minu,3004,49,2014-04-11,2966,TRUE,Pass2_RetroStart,RetroFromPass1FirstN,3000,20,20,100,25
Kanazawa Moriei Ama.,3004,4,2005-03-07,3000,FALSE,Pass2_RetroStart,RetroFromPass1FirstN,3000,20,20,100,25
Lyu Shuo,3004,1,2022-11-16,3000,FALSE,Pass2_RetroStart,RetroFromPass1FirstN,3000,20,20,100,25
Paek Daehyun,3004,79,1994-12-08,2974.1,TRUE,Pass2_RetroStart,RetroFromPass1FirstN,3000,20,20,100,25
Tian Mumu,3004,26,2022-11-16,2994,TRUE,Pass2_RetroStart,RetroFromPass1FirstN,3000,20,20,100,25
Yang Haozhe,3004,3,2023-03-23,3000,FALSE,Pass2_RetroStart,RetroFromPass1FirstN,3000,20,20,100,25
Yokota Shigeaki,3004,196,1988-01-21,3048.6,TRUE,Pass2_RetroStart,RetroFromPass1FirstN,3000,20,20,100,25
Yue Song,3004,4,2003-07-17,3000,FALSE,Pass2_RetroStart,RetroFromPass1FirstN,3000,20,20,100,25
Ando Takeo,3003,6,1970-12-10,3000,FALSE,Pass2_RetroStart,RetroFromPass1FirstN,3000,20,20,100,25
Chen Xiaotian,3003,8,2008-12-16,3000,FALSE,Pass2_RetroStart,RetroFromPass1FirstN,3000,20,20,100,25
Fu Hongmei,3003,2,2001-10-09,3000,FALSE,Pass2_RetroStart,RetroFromPass1FirstN,3000,20,20,100,25
He Chengwei,3003,10,2012-10-18,3000,FALSE,Pass2_RetroStart,RetroFromPass1FirstN,3000,20,20,100,25
Jeong Chanho,3003,2,2008-07-28,3000,FALSE,Pass2_RetroStart,RetroFromPass1FirstN,3000,20,20,100,25
Jeong Woojin,3003,7,2020-04-17,3000,FALSE,Pass2_RetroStart,RetroFromPass1FirstN,3000,20,20,100,25
Ko Miso Ama.,3003,3,2022-01-13,3000,FALSE,Pass2_RetroStart,RetroFromPass1FirstN,3000,20,20,100,25
Kondo Sachiko,3003,11,1979-04-16,3000,FALSE,Pass2_RetroStart,RetroFromPass1FirstN,3000,20,20,100,25
Liu Qinglin,3003,2,1996-02-29,3000,FALSE,Pass2_RetroStart,RetroFromPass1FirstN,3000,20,20,100,25
Mao Yuheng,3003,6,2006-07-27,3000,FALSE,Pass2_RetroStart,RetroFromPass1FirstN,3000,20,20,100,25
Ryu Shinhwan,3003,4,2009-05-29,3000,FALSE,Pass2_RetroStart,RetroFromPass1FirstN,3000,20,20,100,25
Sun Yiguo,3003,14,2000-01-07,3000,FALSE,Pass2_RetroStart,RetroFromPass1FirstN,3000,20,20,100,25
Yang Zonglin Ama.,3003,2,2007-04-24,3000,FALSE,Pass2_RetroStart,RetroFromPass1FirstN,3000,20,20,100,25
Zhang Yimiao,3003,4,2024-09-10,3000,FALSE,Pass2_RetroStart,RetroFromPass1FirstN,3000,20,20,100,25
Bian Zhiwen,3002,2,2006-08-21,3000,FALSE,Pass2_RetroStart,RetroFromPass1FirstN,3000,20,20,100,25
Guo Mingxin,3002,8,2003-12-08,3000,FALSE,Pass2_RetroStart,RetroFromPass1FirstN,3000,20,20,100,25
Iguchi Hideichiro,3002,20,1990-03-07,3000,TRUE,Pass2_RetroStart,RetroFromPass1FirstN,3000,20,20,100,25
Im Kyungchan,3002,9,2022-05-26,3000,FALSE,Pass2_RetroStart,RetroFromPass1FirstN,3000,20,20,100,25
Jian Yihong,3002,2,2016-03-03,3000,FALSE,Pass2_RetroStart,RetroFromPass1FirstN,3000,20,20,100,25
Kong Byeongjoo,3002,2,2002-09-24,3000,FALSE,Pass2_RetroStart,RetroFromPass1FirstN,3000,20,20,100,25
Li Mengshi,3002,5,2009-01-10,3000,FALSE,Pass2_RetroStart,RetroFromPass1FirstN,3000,20,20,100,25
Li Yuanqi,3002,4,2019-08-31,3000,FALSE,Pass2_RetroStart,RetroFromPass1FirstN,3000,20,20,100,25
Liu Bo,3002,4,1989-05-11,3000,FALSE,Pass2_RetroStart,RetroFromPass1FirstN,3000,20,20,100,25
Matsuura Yoshihiro,3002,2,1974-08-01,3000,FALSE,Pass2_RetroStart,RetroFromPass1FirstN,3000,20,20,100,25
Nishimura Jin,3002,41,2021-11-17,3008.4,TRUE,Pass2_RetroStart,RetroFromPass1FirstN,3000,20,20,100,25
Park Daeyoung,3002,24,2013-05-11,3000,TRUE,Pass2_RetroStart,RetroFromPass1FirstN,3000,20,20,100,25
Peng Xiaofeng,3002,4,1992-09-07,3000,FALSE,Pass2_RetroStart,RetroFromPass1FirstN,3000,20,20,100,25
Sato Kaoru,3002,17,1970-12-03,3000,FALSE,Pass2_RetroStart,RetroFromPass1FirstN,3000,20,20,100,25
Ushinohama Satsuo,3002,99,1974-08-15,3047.8,TRUE,Pass2_RetroStart,RetroFromPass1FirstN,3000,20,20,100,25
Wang Meicheng,3002,5,2019-08-29,3000,FALSE,Pass2_RetroStart,RetroFromPass1FirstN,3000,20,20,100,25
Yukawa Mitsuhisa,3002,199,1986-11-06,2946.3,TRUE,Pass2_RetroStart,RetroFromPass1FirstN,3000,20,20,100,25
Chen Shi Ama.,3001,2,2006-05-14,3000,FALSE,Pass2_RetroStart,RetroFromPass1FirstN,3000,20,20,100,25
Cui Xu,3001,2,2024-09-10,3000,FALSE,Pass2_RetroStart,RetroFromPass1FirstN,3000,20,20,100,25
Huang Liping,3001,6,1985-04-25,3000,FALSE,Pass2_RetroStart,RetroFromPass1FirstN,3000,20,20,100,25
Kim Kyeonghwan,3001,11,2018-01-03,3000,FALSE,Pass2_RetroStart,RetroFromPass1FirstN,3000,20,20,100,25
Liu Jinming,3001,2,2013-09-27,3000,FALSE,Pass2_RetroStart,RetroFromPass1FirstN,3000,20,20,100,25
Lyu Xunfeng,3001,2,2020-05-12,3000,FALSE,Pass2_RetroStart,RetroFromPass1FirstN,3000,20,20,100,25
Nishioka Masao,3001,39,2017-02-22,3046.8,TRUE,Pass2_RetroStart,RetroFromPass1FirstN,3000,20,20,100,25
Ohashi Naruya,3001,107,2005-10-31,2923.9,TRUE,Pass2_RetroStart,RetroFromPass1FirstN,3000,20,20,100,25
Suzuki Tsuna,3001,12,1980-03-03,3000,FALSE,Pass2_RetroStart,RetroFromPass1FirstN,3000,20,20,100,25
Terada Shuta,3001,21,2020-11-12,3000,TRUE,Pass2_RetroStart,RetroFromPass1FirstN,3000,20,20,100,25
Wang Bendong Ama.,3001,4,2021-06-26,3000,FALSE,Pass2_RetroStart,RetroFromPass1FirstN,3000,20,20,100,25
Yao Xiaotong,3001,28,2016-12-15,2994.1,TRUE,Pass2_RetroStart,RetroFromPass1FirstN,3000,20,20,100,25
Zhan Yidian Ama.,3001,4,2021-02-22,3000,FALSE,Pass2_RetroStart,RetroFromPass1FirstN,3000,20,20,100,25
Zhao Jiannan,3001,15,2012-08-09,3000,FALSE,Pass2_RetroStart,RetroFromPass1FirstN,3000,20,20,100,25
Zheng Ce,3001,14,2001-04-09,3000,FALSE,Pass2_RetroStart,RetroFromPass1FirstN,3000,20,20,100,25
Dong Yipei,3000,4,2007-07-11,3000,FALSE,Pass2_RetroStart,RetroFromPass1FirstN,3000,20,20,100,25
Feng Hao,3000,2,2013-09-27,3000,FALSE,Pass2_RetroStart,RetroFromPass1FirstN,3000,20,20,100,25
Imamura Fumiaki,3000,2,1991-05-23,3000,FALSE,Pass2_RetroStart,RetroFromPass1FirstN,3000,20,20,100,25
Ito Masashi,3000,80,2008-05-12,2942.2,TRUE,Pass2_RetroStart,RetroFromPass1FirstN,3000,20,20,100,25
Izumo Tetsuya,3000,3,2022-08-24,3000,FALSE,Pass2_RetroStart,RetroFromPass1FirstN,3000,20,20,100,25
Kim Dongho,3000,135,2010-12-27,3038,TRUE,Pass2_RetroStart,RetroFromPass1FirstN,3000,20,20,100,25
Li Xingtong,3000,4,2023-11-11,3000,FALSE,Pass2_RetroStart,RetroFromPass1FirstN,3000,20,20,100,25
Nakamura Shinya,3000,177,1991-07-08,2997.3,TRUE,Pass2_RetroStart,RetroFromPass1FirstN,3000,20,20,100,25
Shan Ziteng,3000,24,2007-01-26,3000,TRUE,Pass2_RetroStart,RetroFromPass1FirstN,3000,20,20,100,25
She Jiahao,3000,2,2024-03-29,3000,FALSE,Pass2_RetroStart,RetroFromPass1FirstN,3000,20,20,100,25
Umeda Haruhiko,3000,3,1995-06-01,3000,FALSE,Pass2_RetroStart,RetroFromPass1FirstN,3000,20,20,100,25
Umezawa Yukari,3000,136,1998-01-09,3002,TRUE,Pass2_RetroStart,RetroFromPass1FirstN,3000,20,20,100,25
Wu Qiyou,3000,9,2024-11-11,3000,FALSE,Pass2_RetroStart,RetroFromPass1FirstN,3000,20,20,100,25
Wu Yulin,3000,8,1988-06-12,3000,FALSE,Pass2_RetroStart,RetroFromPass1FirstN,3000,20,20,100,25
Yu Jiabu,3000,5,2023-04-06,3000,FALSE,Pass2_RetroStart,RetroFromPass1FirstN,3000,20,20,100,25
Yu Qingquan,3000,7,2016-01-11,3000,FALSE,Pass2_RetroStart,RetroFromPass1FirstN,3000,20,20,100,25
Yu Suhao,3000,4,2021-08-25,3000,FALSE,Pass2_RetroStart,RetroFromPass1FirstN,3000,20,20,100,25
Yuan Ze,3000,6,2007-07-11,3000,FALSE,Pass2_RetroStart,RetroFromPass1FirstN,3000,20,20,100,25
Zhao Yan Ama.,3000,4,2019-10-10,3000,FALSE,Pass2_RetroStart,RetroFromPass1FirstN,3000,20,20,100,25
An Byeongmo Ama.,2999,2,2018-01-15,3000,FALSE,Pass2_RetroStart,RetroFromPass1FirstN,3000,20,20,100,25
Antti Tormanen,2999,9,2016-07-05,3000,FALSE,Pass2_RetroStart,RetroFromPass1FirstN,3000,20,20,100,25
Chen Jia,2999,2,1999-10-10,3000,FALSE,Pass2_RetroStart,RetroFromPass1FirstN,3000,20,20,100,25
Cui Chao,2999,7,2012-05-28,3000,FALSE,Pass2_RetroStart,RetroFromPass1FirstN,3000,20,20,100,25
Cui Qianjin,2999,2,2001-01-06,3000,FALSE,Pass2_RetroStart,RetroFromPass1FirstN,3000,20,20,100,25
Hotta Seiji,2999,2,1989-12-21,3000,FALSE,Pass2_RetroStart,RetroFromPass1FirstN,3000,20,20,100,25
Hu Ziyang,2999,1,2017-10-14,3000,FALSE,Pass2_RetroStart,RetroFromPass1FirstN,3000,20,20,100,25
James Kerwin,2999,2,1979-01-17,3000,FALSE,Pass2_RetroStart,RetroFromPass1FirstN,3000,20,20,100,25
Kuwabara Shun Insei,2999,3,2014-06-24,3000,FALSE,Pass2_RetroStart,RetroFromPass1FirstN,3000,20,20,100,25
Lan Tian,2999,84,2003-01-15,2991.4,TRUE,Pass2_RetroStart,RetroFromPass1FirstN,3000,20,20,100,25
Lee Joohyung,2999,8,2010-01-16,3000,FALSE,Pass2_RetroStart,RetroFromPass1FirstN,3000,20,20,100,25
Park Jinyeol,2999,8,1993-08-16,3000,FALSE,Pass2_RetroStart,RetroFromPass1FirstN,3000,20,20,100,25
Park Jiyeon,2999,292,2007-11-20,2959.4,TRUE,Pass2_RetroStart,RetroFromPass1FirstN,3000,20,20,100,25
Pyo Hyeonwoo,2999,1,2026-01-06,3000,FALSE,Pass2_RetroStart,RetroFromPass1FirstN,3000,20,20,100,25
Saga Shuntaro,2999,8,2025-02-13,3000,FALSE,Pass2_RetroStart,RetroFromPass1FirstN,3000,20,20,100,25
Sakai Masanori,2999,1,1974-05-26,3000,FALSE,Pass2_RetroStart,RetroFromPass1FirstN,3000,20,20,100,25
Yoshida Toma,2999,4,2025-11-13,3000,FALSE,Pass2_RetroStart,RetroFromPass1FirstN,3000,20,20,100,25
Yu Xiaodan,2999,2,2006-10-10,3000,FALSE,Pass2_RetroStart,RetroFromPass1FirstN,3000,20,20,100,25
Zhang Zhehao,2999,241,2007-03-13,3039,TRUE,Pass2_RetroStart,RetroFromPass1FirstN,3000,20,20,100,25
Benjamin Drean-Guenaizia Ama.,2998,1,2023-08-03,3000,FALSE,Pass2_RetroStart,RetroFromPass1FirstN,3000,20,20,100,25
Chen Naishen,2998,9,2006-05-30,3000,FALSE,Pass2_RetroStart,RetroFromPass1FirstN,3000,20,20,100,25
Chen Yihan Ama.,2998,1,2024-11-02,3000,FALSE,Pass2_RetroStart,RetroFromPass1FirstN,3000,20,20,100,25
Chen Zhigang,2998,2,1985-05-04,3000,FALSE,Pass2_RetroStart,RetroFromPass1FirstN,3000,20,20,100,25
Emura Kikou,2998,10,2006-02-20,3000,FALSE,Pass2_RetroStart,RetroFromPass1FirstN,3000,20,20,100,25
Gao Jiyang,2998,1,2020-08-01,3000,FALSE,Pass2_RetroStart,RetroFromPass1FirstN,3000,20,20,100,25
Guo Beiya,2998,4,2004-04-01,3000,FALSE,Pass2_RetroStart,RetroFromPass1FirstN,3000,20,20,100,25
Hirano Kaito Insei,2998,6,2022-04-01,3000,FALSE,Pass2_RetroStart,RetroFromPass1FirstN,3000,20,20,100,25
Kevin Yang Ama.,2998,4,2022-06-04,3000,FALSE,Pass2_RetroStart,RetroFromPass1FirstN,3000,20,20,100,25
Kim Kangmin,2998,2,2020-04-14,3000,FALSE,Pass2_RetroStart,RetroFromPass1FirstN,3000,20,20,100,25
Kim Sawoo,2998,1,2026-02-21,3000,FALSE,Pass2_RetroStart,RetroFromPass1FirstN,3000,20,20,100,25
Kim Yuntae,2998,1,1994-11-21,3000,FALSE,Pass2_RetroStart,RetroFromPass1FirstN,3000,20,20,100,25
Kirimoto Kazuo,2998,2,2010-03-01,3000,FALSE,Pass2_RetroStart,RetroFromPass1FirstN,3000,20,20,100,25
Kurosawa Tadanao,2998,29,1971-05-23,2993.5,TRUE,Pass2_RetroStart,RetroFromPass1FirstN,3000,20,20,100,25
Lei Zhenkun,2998,15,2009-12-19,3000,FALSE,Pass2_RetroStart,RetroFromPass1FirstN,3000,20,20,100,25
Li Jiaxin Ama.,2998,5,2022-08-21,3000,FALSE,Pass2_RetroStart,RetroFromPass1FirstN,3000,20,20,100,25
Liu Yiyi,2998,11,1990-11-13,3000,FALSE,Pass2_RetroStart,RetroFromPass1FirstN,3000,20,20,100,25
Park Sangjun Ama.,2998,1,2017-06-19,3000,FALSE,Pass2_RetroStart,RetroFromPass1FirstN,3000,20,20,100,25
Park Seunghyeon (a) Ama.,2998,1,2023-08-03,3000,FALSE,Pass2_RetroStart,RetroFromPass1FirstN,3000,20,20,100,25
Tang Yinxiao,2998,3,2015-08-30,3000,FALSE,Pass2_RetroStart,RetroFromPass1FirstN,3000,20,20,100,25
Wang Junxiao,2998,1,2020-03-17,3000,FALSE,Pass2_RetroStart,RetroFromPass1FirstN,3000,20,20,100,25
Wang Wencong,2998,3,2021-10-22,3000,FALSE,Pass2_RetroStart,RetroFromPass1FirstN,3000,20,20,100,25
Won Gangha,2998,1,2025-06-18,3000,FALSE,Pass2_RetroStart,RetroFromPass1FirstN,3000,20,20,100,25
Xu Zexin,2998,14,2013-12-09,3000,FALSE,Pass2_RetroStart,RetroFromPass1FirstN,3000,20,20,100,25
Yang Jing,2998,1,2012-03-28,3000,FALSE,Pass2_RetroStart,RetroFromPass1FirstN,3000,20,20,100,25
Zhang Xin,2998,23,1991-05-24,3000,TRUE,Pass2_RetroStart,RetroFromPass1FirstN,3000,20,20,100,25
Bae Deukhan Ama.,2997,1,2011-01-24,3000,FALSE,Pass2_RetroStart,RetroFromPass1FirstN,3000,20,20,100,25
Cha Joohye Ama.,2997,1,2018-07-20,3000,FALSE,Pass2_RetroStart,RetroFromPass1FirstN,3000,20,20,100,25
Chen Yiming,2997,294,2009-09-02,3022.8,TRUE,Pass2_RetroStart,RetroFromPass1FirstN,3000,20,20,100,25
Chen Zhixuan Ama.,2997,3,2023-09-24,3000,FALSE,Pass2_RetroStart,RetroFromPass1FirstN,3000,20,20,100,25
Cheng Zhengyu,2997,2,1985-04-26,3000,FALSE,Pass2_RetroStart,RetroFromPass1FirstN,3000,20,20,100,25
Cho Namkyun Ama.,2997,1,2017-06-19,3000,FALSE,Pass2_RetroStart,RetroFromPass1FirstN,3000,20,20,100,25
David Lee,2997,1,1990-04-07,3000,FALSE,Pass2_RetroStart,RetroFromPass1FirstN,3000,20,20,100,25
Deng Wei,2997,1,2017-01-12,3000,FALSE,Pass2_RetroStart,RetroFromPass1FirstN,3000,20,20,100,25
Du Yang,2997,4,2009-03-03,3000,FALSE,Pass2_RetroStart,RetroFromPass1FirstN,3000,20,20,100,25
He Tianning Ama.,2997,1,2025-06-26,3000,FALSE,Pass2_RetroStart,RetroFromPass1FirstN,3000,20,20,100,25
Hirose Yuichi Insei,2997,1,2014-04-09,3000,FALSE,Pass2_RetroStart,RetroFromPass1FirstN,3000,20,20,100,25
Jan Simara,2997,1,2024-03-19,3000,FALSE,Pass2_RetroStart,RetroFromPass1FirstN,3000,20,20,100,25
Jeong Seunghyun,2997,1,2013-07-09,3000,FALSE,Pass2_RetroStart,RetroFromPass1FirstN,3000,20,20,100,25
Jiang Wei,2997,36,2007-07-11,3037.2,TRUE,Pass2_RetroStart,RetroFromPass1FirstN,3000,20,20,100,25
Jin Shengyu,2997,5,1997-02-19,3000,FALSE,Pass2_RetroStart,RetroFromPass1FirstN,3000,20,20,100,25
Kwa Jiehui Ama.,2997,3,2023-09-24,3000,FALSE,Pass2_RetroStart,RetroFromPass1FirstN,3000,20,20,100,25
Lee Wooram,2997,1,2020-04-14,3000,FALSE,Pass2_RetroStart,RetroFromPass1FirstN,3000,20,20,100,25
Liu Tanghao,2997,3,2015-05-03,3000,FALSE,Pass2_RetroStart,RetroFromPass1FirstN,3000,20,20,100,25
Lu Ning,2997,2,2009-03-03,3000,FALSE,Pass2_RetroStart,RetroFromPass1FirstN,3000,20,20,100,25
Moon Byungkwon,2997,1,2012-03-03,3000,FALSE,Pass2_RetroStart,RetroFromPass1FirstN,3000,20,20,100,25
Shiung Feng,2997,37,2007-08-14,3017.8,TRUE,Pass2_RetroStart,RetroFromPass1FirstN,3000,20,20,100,25
Yue Liang,2997,93,1999-04-23,2933.4,TRUE,Pass2_RetroStart,RetroFromPass1FirstN,3000,20,20,100,25
Chen Yifu Ama.,2996,1,2024-10-12,3000,FALSE,Pass2_RetroStart,RetroFromPass1FirstN,3000,20,20,100,25
Hirano Kaito Ama.,2996,2,2025-01-20,3000,FALSE,Pass2_RetroStart,RetroFromPass1FirstN,3000,20,20,100,25
Huang Jinxian,2996,2,2019-11-19,3000,FALSE,Pass2_RetroStart,RetroFromPass1FirstN,3000,20,20,100,25
Jiang Jidou,2996,6,2015-08-13,3000,FALSE,Pass2_RetroStart,RetroFromPass1FirstN,3000,20,20,100,25
Kong Xiangming,2996,47,1982-09-23,3061.7,TRUE,Pass2_RetroStart,RetroFromPass1FirstN,3000,20,20,100,25
Lee Taeseop,2996,1,2023-11-09,3000,FALSE,Pass2_RetroStart,RetroFromPass1FirstN,3000,20,20,100,25
Luo Delong,2996,21,2007-06-23,3000,TRUE,Pass2_RetroStart,RetroFromPass1FirstN,3000,20,20,100,25
Matthew Macfadyen,2996,3,1984-04-12,3000,FALSE,Pass2_RetroStart,RetroFromPass1FirstN,3000,20,20,100,25
Park Sangjoon,2996,1,2015-09-30,3000,FALSE,Pass2_RetroStart,RetroFromPass1FirstN,3000,20,20,100,25
Ryu Changjoo,2996,10,2020-03-20,3000,FALSE,Pass2_RetroStart,RetroFromPass1FirstN,3000,20,20,100,25
Shimojima Yohei,2996,80,1998-08-25,3027.8,TRUE,Pass2_RetroStart,RetroFromPass1FirstN,3000,20,20,100,25
Suzuki Goro,2996,12,1971-02-18,3000,FALSE,Pass2_RetroStart,RetroFromPass1FirstN,3000,20,20,100,25
Tang Chongzhe,2996,7,2009-03-03,3000,FALSE,Pass2_RetroStart,RetroFromPass1FirstN,3000,20,20,100,25
Thomas Hsiang,2996,3,2001-01-15,3000,FALSE,Pass2_RetroStart,RetroFromPass1FirstN,3000,20,20,100,25
Wang Jiabao,2996,5,2016-04-24,3000,FALSE,Pass2_RetroStart,RetroFromPass1FirstN,3000,20,20,100,25
Wu Tian,2996,18,2007-01-10,3000,FALSE,Pass2_RetroStart,RetroFromPass1FirstN,3000,20,20,100,25
Yan Ning,2996,7,2005-07-17,3000,FALSE,Pass2_RetroStart,RetroFromPass1FirstN,3000,20,20,100,25
Yun Hyunbin,2996,1,2018-04-07,3000,FALSE,Pass2_RetroStart,RetroFromPass1FirstN,3000,20,20,100,25
Zhou Xianheng,2996,1,1989-12-01,3000,FALSE,Pass2_RetroStart,RetroFromPass1FirstN,3000,20,20,100,25
Cho Yeonwoo,2995,3,2016-07-11,3000,FALSE,Pass2_RetroStart,RetroFromPass1FirstN,3000,20,20,100,25
Evan Lin,2995,1,2020-08-01,3000,FALSE,Pass2_RetroStart,RetroFromPass1FirstN,3000,20,20,100,25
Fan Xiyu,2995,3,2009-12-19,3000,FALSE,Pass2_RetroStart,RetroFromPass1FirstN,3000,20,20,100,25
Fuga Miyatani,2995,1,2025-03-27,3000,FALSE,Pass2_RetroStart,RetroFromPass1FirstN,3000,20,20,100,25
Guo Chunlin,2995,3,1987-06-18,3000,FALSE,Pass2_RetroStart,RetroFromPass1FirstN,3000,20,20,100,25
Ha Quynh Anh Ama.,2995,2,2025-11-09,3000,FALSE,Pass2_RetroStart,RetroFromPass1FirstN,3000,20,20,100,25
Hans Pietsch,2995,4,1997-06-27,3000,FALSE,Pass2_RetroStart,RetroFromPass1FirstN,3000,20,20,100,25
Hong Junseon,2995,1,2023-12-28,3000,FALSE,Pass2_RetroStart,RetroFromPass1FirstN,3000,20,20,100,25
Hong Seokmin,2995,2,2021-04-02,3000,FALSE,Pass2_RetroStart,RetroFromPass1FirstN,3000,20,20,100,25
Hu Zhenpeng,2995,2,2019-08-30,3000,FALSE,Pass2_RetroStart,RetroFromPass1FirstN,3000,20,20,100,25
Kanazawa Makoto Ama.,2995,1,2005-02-21,3000,FALSE,Pass2_RetroStart,RetroFromPass1FirstN,3000,20,20,100,25
Kim Jeongsun,2995,1,2012-03-12,3000,FALSE,Pass2_RetroStart,RetroFromPass1FirstN,3000,20,20,100,25
Kim Minho Ama.,2995,1,2011-01-24,3000,FALSE,Pass2_RetroStart,RetroFromPass1FirstN,3000,20,20,100,25
Kim Yeongkwang,2995,7,2020-04-14,3000,FALSE,Pass2_RetroStart,RetroFromPass1FirstN,3000,20,20,100,25
Kobayashi Koichi,2995,1659,1970-11-26,3571,TRUE,Pass2_RetroStart,RetroFromPass1FirstN,3000,20,20,100,25
Kosugi Kiyoshi,2995,27,1970-12-10,3015.4,TRUE,Pass2_RetroStart,RetroFromPass1FirstN,3000,20,20,100,25
Li Dongfang,2995,5,2013-02-12,3000,FALSE,Pass2_RetroStart,RetroFromPass1FirstN,3000,20,20,100,25
Lin Xuefen,2995,1,2019-05-14,3000,FALSE,Pass2_RetroStart,RetroFromPass1FirstN,3000,20,20,100,25
Moro Arisa Insei,2995,1,2016-01-08,3000,FALSE,Pass2_RetroStart,RetroFromPass1FirstN,3000,20,20,100,25
Nabeshima Ichiro,2995,1,1971-11-18,3000,FALSE,Pass2_RetroStart,RetroFromPass1FirstN,3000,20,20,100,25
Park Hamin Ama.,2995,1,2014-03-26,3000,FALSE,Pass2_RetroStart,RetroFromPass1FirstN,3000,20,20,100,25
Park Soochang,2995,2,2022-12-09,3000,FALSE,Pass2_RetroStart,RetroFromPass1FirstN,3000,20,20,100,25
Seo Hisashi,2995,6,1971-02-04,3000,FALSE,Pass2_RetroStart,RetroFromPass1FirstN,3000,20,20,100,25
Shibano Toramaru Ama.,2995,1,2014-07-14,3000,FALSE,Pass2_RetroStart,RetroFromPass1FirstN,3000,20,20,100,25
Tsujii Ryotaro,2995,1,1977-12-01,3000,FALSE,Pass2_RetroStart,RetroFromPass1FirstN,3000,20,20,100,25
Ukita Masayuki,2995,1,1990-12-20,3000,FALSE,Pass2_RetroStart,RetroFromPass1FirstN,3000,20,20,100,25
Wang Chao,2995,1,2016-12-16,3000,FALSE,Pass2_RetroStart,RetroFromPass1FirstN,3000,20,20,100,25
Wang Chuanhai,2995,1,2010-03-30,3000,FALSE,Pass2_RetroStart,RetroFromPass1FirstN,3000,20,20,100,25
Wang Yang,2995,185,1995-05-12,3065.5,TRUE,Pass2_RetroStart,RetroFromPass1FirstN,3000,20,20,100,25
Yamada Hirohei Ama.,2995,4,2024-10-24,3000,FALSE,Pass2_RetroStart,RetroFromPass1FirstN,3000,20,20,100,25
Yang Qiqi,2995,2,2017-09-19,3000,FALSE,Pass2_RetroStart,RetroFromPass1FirstN,3000,20,20,100,25
Yuan Yitian,2995,1,2013-05-21,3000,FALSE,Pass2_RetroStart,RetroFromPass1FirstN,3000,20,20,100,25
Zhang Bo,2995,3,2008-01-25,3000,FALSE,Pass2_RetroStart,RetroFromPass1FirstN,3000,20,20,100,25
Cha Booil,2994,1,2020-04-14,3000,FALSE,Pass2_RetroStart,RetroFromPass1FirstN,3000,20,20,100,25
Chang Geonhyun,2994,4,2010-11-04,3000,FALSE,Pass2_RetroStart,RetroFromPass1FirstN,3000,20,20,100,25
Chen Meifan Ama.,2994,4,2017-08-16,3000,FALSE,Pass2_RetroStart,RetroFromPass1FirstN,3000,20,20,100,25
Chen Yusen,2994,64,2012-05-27,2969.9,TRUE,Pass2_RetroStart,RetroFromPass1FirstN,3000,20,20,100,25
Cheon Yujin,2994,2,2025-08-01,3000,FALSE,Pass2_RetroStart,RetroFromPass1FirstN,3000,20,20,100,25
Denis Dobranis,2994,2,2023-06-03,3000,FALSE,Pass2_RetroStart,RetroFromPass1FirstN,3000,20,20,100,25
Ding Yichen,2994,2,2021-04-12,3000,FALSE,Pass2_RetroStart,RetroFromPass1FirstN,3000,20,20,100,25
Fang Hao,2994,20,2006-07-17,3000,TRUE,Pass2_RetroStart,RetroFromPass1FirstN,3000,20,20,100,25
Gaku Yuzuru,2994,1,2004-07-27,3000,FALSE,Pass2_RetroStart,RetroFromPass1FirstN,3000,20,20,100,25
Han Zhuoran,2994,21,2019-06-15,3000,TRUE,Pass2_RetroStart,RetroFromPass1FirstN,3000,20,20,100,25
Jiang Tianqi,2994,5,2007-07-11,3000,FALSE,Pass2_RetroStart,RetroFromPass1FirstN,3000,20,20,100,25
Jin Jing,2994,5,2007-07-11,3000,FALSE,Pass2_RetroStart,RetroFromPass1FirstN,3000,20,20,100,25
Kim Hyeongwan,2994,41,2002-12-07,2967.9,TRUE,Pass2_RetroStart,RetroFromPass1FirstN,3000,20,20,100,25
Kim Minho,2994,87,2012-03-14,3046.7,TRUE,Pass2_RetroStart,RetroFromPass1FirstN,3000,20,20,100,25
Li Zixu,2994,1,2024-09-10,3000,FALSE,Pass2_RetroStart,RetroFromPass1FirstN,3000,20,20,100,25
Lin Jiaxuan,2994,15,2021-05-25,3000,FALSE,Pass2_RetroStart,RetroFromPass1FirstN,3000,20,20,100,25
Maetani Shingo,2994,1,1992-08-31,3000,FALSE,Pass2_RetroStart,RetroFromPass1FirstN,3000,20,20,100,25
Melissa Cao Ama.,2994,2,2018-04-20,3000,FALSE,Pass2_RetroStart,RetroFromPass1FirstN,3000,20,20,100,25
Nam Chihyeong,2994,3,1994-11-23,3000,FALSE,Pass2_RetroStart,RetroFromPass1FirstN,3000,20,20,100,25
Natalia Kovaleva Ama.,2994,3,2019-04-26,3000,FALSE,Pass2_RetroStart,RetroFromPass1FirstN,3000,20,20,100,25
Park Jongwook Ama.,2994,2,2017-06-19,3000,FALSE,Pass2_RetroStart,RetroFromPass1FirstN,3000,20,20,100,25
Park Seungcheol,2994,85,2000-08-30,3142.9,TRUE,Pass2_RetroStart,RetroFromPass1FirstN,3000,20,20,100,25
Sai Kimen,2994,1,2020-01-15,3000,FALSE,Pass2_RetroStart,RetroFromPass1FirstN,3000,20,20,100,25
Sakamaki Kosuke,2994,1,1981-04-08,3000,FALSE,Pass2_RetroStart,RetroFromPass1FirstN,3000,20,20,100,25
Sasaki Tadashi,2994,20,1991-08-26,3000,TRUE,Pass2_RetroStart,RetroFromPass1FirstN,3000,20,20,100,25
Wei Yibo,2994,27,2013-09-27,2967.6,TRUE,Pass2_RetroStart,RetroFromPass1FirstN,3000,20,20,100,25
Yang Minseok,2994,1,2020-04-20,3000,FALSE,Pass2_RetroStart,RetroFromPass1FirstN,3000,20,20,100,25
Yin Kuo,2994,1,2010-01-19,3000,FALSE,Pass2_RetroStart,RetroFromPass1FirstN,3000,20,20,100,25
Zhou Hengyi,2994,1,2021-10-21,3000,FALSE,Pass2_RetroStart,RetroFromPass1FirstN,3000,20,20,100,25
Brandon Zhou,2993,2,2019-04-19,3000,FALSE,Pass2_RetroStart,RetroFromPass1FirstN,3000,20,20,100,25
Cao Cheng,2993,9,2003-04-06,3000,FALSE,Pass2_RetroStart,RetroFromPass1FirstN,3000,20,20,100,25
Chen Qingqin,2993,1,2000-09-28,3000,FALSE,Pass2_RetroStart,RetroFromPass1FirstN,3000,20,20,100,25
Chen Xudong,2993,12,2015-08-21,3000,FALSE,Pass2_RetroStart,RetroFromPass1FirstN,3000,20,20,100,25
Cho Seungah,2993,331,2017-02-19,3064.6,TRUE,Pass2_RetroStart,RetroFromPass1FirstN,3000,20,20,100,25
Choi Munyong,2993,5,2001-05-25,3000,FALSE,Pass2_RetroStart,RetroFromPass1FirstN,3000,20,20,100,25
Ding Ming,2993,1,2005-09-02,3000,FALSE,Pass2_RetroStart,RetroFromPass1FirstN,3000,20,20,100,25
Han Ye,2993,4,2001-04-04,3000,FALSE,Pass2_RetroStart,RetroFromPass1FirstN,3000,20,20,100,25
Hayashi Yutaro,2993,1,1971-05-06,3000,FALSE,Pass2_RetroStart,RetroFromPass1FirstN,3000,20,20,100,25
Hu Tian,2993,1,2012-10-17,3000,FALSE,Pass2_RetroStart,RetroFromPass1FirstN,3000,20,20,100,25
Ieda Ryuji,2993,1,1983-03-31,3000,FALSE,Pass2_RetroStart,RetroFromPass1FirstN,3000,20,20,100,25
Im Seongkeun,2993,146,1987-04-27,2882.7,TRUE,Pass2_RetroStart,RetroFromPass1FirstN,3000,20,20,100,25
Iwai Shinichi Ama.,2993,1,2007-02-19,3000,FALSE,Pass2_RetroStart,RetroFromPass1FirstN,3000,20,20,100,25
Justin Ching,2993,2,2016-04-22,3000,FALSE,Pass2_RetroStart,RetroFromPass1FirstN,3000,20,20,100,25
Kim Wonbin,2993,2,2012-06-12,3000,FALSE,Pass2_RetroStart,RetroFromPass1FirstN,3000,20,20,100,25
Lee Namgyeong,2993,1,2025-11-04,3000,FALSE,Pass2_RetroStart,RetroFromPass1FirstN,3000,20,20,100,25
Lee Sanghun (b),2993,162,1990-12-05,3020.7,TRUE,Pass2_RetroStart,RetroFromPass1FirstN,3000,20,20,100,25
Li Yuankun,2993,4,2015-08-28,3000,FALSE,Pass2_RetroStart,RetroFromPass1FirstN,3000,20,20,100,25
Lin Maolin Ama.,2993,3,2026-01-15,3000,FALSE,Pass2_RetroStart,RetroFromPass1FirstN,3000,20,20,100,25
Liu Li,2993,1,1982-07-30,3000,FALSE,Pass2_RetroStart,RetroFromPass1FirstN,3000,20,20,100,25
Otani Kensuke,2993,8,2023-10-26,3000,FALSE,Pass2_RetroStart,RetroFromPass1FirstN,3000,20,20,100,25
Pan Xinwei,2993,8,2013-08-18,3000,FALSE,Pass2_RetroStart,RetroFromPass1FirstN,3000,20,20,100,25
Park Seunsoo,2993,1,2002-08-09,3000,FALSE,Pass2_RetroStart,RetroFromPass1FirstN,3000,20,20,100,25
Shin Donghyun,2993,1,2024-08-26,3000,FALSE,Pass2_RetroStart,RetroFromPass1FirstN,3000,20,20,100,25
Tanaka Hideharu,2993,2,1993-04-15,3000,FALSE,Pass2_RetroStart,RetroFromPass1FirstN,3000,20,20,100,25
Tu Qing,2993,11,2007-07-11,3000,FALSE,Pass2_RetroStart,RetroFromPass1FirstN,3000,20,20,100,25
Wang Yanhao,2993,38,2011-12-28,2958,TRUE,Pass2_RetroStart,RetroFromPass1FirstN,3000,20,20,100,25
Xia Xin,2993,1,2025-03-09,3000,FALSE,Pass2_RetroStart,RetroFromPass1FirstN,3000,20,20,100,25
Xu Feiran,2993,9,2007-07-11,3000,FALSE,Pass2_RetroStart,RetroFromPass1FirstN,3000,20,20,100,25
Xue Lei,2993,6,2001-04-26,3000,FALSE,Pass2_RetroStart,RetroFromPass1FirstN,3000,20,20,100,25
Zeng Bingquan,2993,1,1985-05-02,3000,FALSE,Pass2_RetroStart,RetroFromPass1FirstN,3000,20,20,100,25
Zhang Wei (2),2993,1,2008-02-26,3000,FALSE,Pass2_RetroStart,RetroFromPass1FirstN,3000,20,20,100,25
Zhao Fuxuan,2993,1,2024-02-25,3000,FALSE,Pass2_RetroStart,RetroFromPass1FirstN,3000,20,20,100,25
Zhou Runmin,2993,3,2019-09-18,3000,FALSE,Pass2_RetroStart,RetroFromPass1FirstN,3000,20,20,100,25
An Kwanwuk,2992,186,1993-02-07,3015.7,TRUE,Pass2_RetroStart,RetroFromPass1FirstN,3000,20,20,100,25
He Tianning,2992,2,2014-04-01,3000,FALSE,Pass2_RetroStart,RetroFromPass1FirstN,3000,20,20,100,25
Heo Jaewon,2992,16,2022-06-09,3000,FALSE,Pass2_RetroStart,RetroFromPass1FirstN,3000,20,20,100,25
Hu Aohua,2992,22,2015-01-11,3000,TRUE,Pass2_RetroStart,RetroFromPass1FirstN,3000,20,20,100,25
Huangfu Wei,2992,1,2001-01-10,3000,FALSE,Pass2_RetroStart,RetroFromPass1FirstN,3000,20,20,100,25
Jeong Dooho,2992,7,2012-05-26,3000,FALSE,Pass2_RetroStart,RetroFromPass1FirstN,3000,20,20,100,25
Jia Xiaoyu,2992,7,2003-04-01,3000,FALSE,Pass2_RetroStart,RetroFromPass1FirstN,3000,20,20,100,25
Kamiya Tetsuo,2992,1,2010-12-01,3000,FALSE,Pass2_RetroStart,RetroFromPass1FirstN,3000,20,20,100,25
Kevin Yang,2992,4,2023-06-03,3000,FALSE,Pass2_RetroStart,RetroFromPass1FirstN,3000,20,20,100,25
Kim Haksu (s),2992,1,1990-07-10,3000,FALSE,Pass2_RetroStart,RetroFromPass1FirstN,3000,20,20,100,25
Kim Jooah,2992,84,2023-01-25,3004.5,TRUE,Pass2_RetroStart,RetroFromPass1FirstN,3000,20,20,100,25
Kim Sehyun,2992,17,2020-04-14,3000,FALSE,Pass2_RetroStart,RetroFromPass1FirstN,3000,20,20,100,25
Ma Changhao,2992,5,2022-09-04,3000,FALSE,Pass2_RetroStart,RetroFromPass1FirstN,3000,20,20,100,25
Matsuoka Teruo,2992,1,1998-10-20,3000,FALSE,Pass2_RetroStart,RetroFromPass1FirstN,3000,20,20,100,25
Oh Jangwuk,2992,62,2013-07-09,2915.5,TRUE,Pass2_RetroStart,RetroFromPass1FirstN,3000,20,20,100,25
Tajiri Yuto,2992,80,2007-10-04,2945.9,TRUE,Pass2_RetroStart,RetroFromPass1FirstN,3000,20,20,100,25
Wang Chenfan,2992,8,2008-12-16,3000,FALSE,Pass2_RetroStart,RetroFromPass1FirstN,3000,20,20,100,25
Wang Cheng,2992,1,2000-04-13,3000,FALSE,Pass2_RetroStart,RetroFromPass1FirstN,3000,20,20,100,25
Yun Jongseob,2992,1,2002-07-31,3000,FALSE,Pass2_RetroStart,RetroFromPass1FirstN,3000,20,20,100,25
Zhao Ziji,2992,5,2005-07-16,3000,FALSE,Pass2_RetroStart,RetroFromPass1FirstN,3000,20,20,100,25
Amy Song Ama.,2991,1,2024-03-08,3000,FALSE,Pass2_RetroStart,RetroFromPass1FirstN,3000,20,20,100,25
Arved Pittner Ama.,2991,2,2022-06-04,3000,FALSE,Pass2_RetroStart,RetroFromPass1FirstN,3000,20,20,100,25
Brandy Tuan Ama.,2991,2,2021-06-05,3000,FALSE,Pass2_RetroStart,RetroFromPass1FirstN,3000,20,20,100,25
Chang Fukang Ama.,2991,2,2018-04-20,3000,FALSE,Pass2_RetroStart,RetroFromPass1FirstN,3000,20,20,100,25
Chen Changqing,2991,2,1989-04-01,3000,FALSE,Pass2_RetroStart,RetroFromPass1FirstN,3000,20,20,100,25
Fan Bingxu,2991,1,2017-11-01,3000,FALSE,Pass2_RetroStart,RetroFromPass1FirstN,3000,20,20,100,25
Imamura Fumiaki Ama.,2991,1,1982-06-15,3000,FALSE,Pass2_RetroStart,RetroFromPass1FirstN,3000,20,20,100,25
Inoue Machiko,2991,3,1977-06-01,3000,FALSE,Pass2_RetroStart,RetroFromPass1FirstN,3000,20,20,100,25
Jen Joonhak,2991,2,2009-02-28,3000,FALSE,Pass2_RetroStart,RetroFromPass1FirstN,3000,20,20,100,25
Ji Xiang,2991,20,2017-09-23,3000,TRUE,Pass2_RetroStart,RetroFromPass1FirstN,3000,20,20,100,25
Jian Ying Ama.,2991,2,2023-10-02,3000,FALSE,Pass2_RetroStart,RetroFromPass1FirstN,3000,20,20,100,25
Kawabe Ken Insei,2991,3,2024-07-31,3000,FALSE,Pass2_RetroStart,RetroFromPass1FirstN,3000,20,20,100,25
Kim Kibum Ama.,2991,1,2016-04-15,3000,FALSE,Pass2_RetroStart,RetroFromPass1FirstN,3000,20,20,100,25
Koike Yoshihiro Insei,2991,2,2014-04-09,3000,FALSE,Pass2_RetroStart,RetroFromPass1FirstN,3000,20,20,100,25
Lee Seoyoung Ama.,2991,1,2024-09-10,3000,FALSE,Pass2_RetroStart,RetroFromPass1FirstN,3000,20,20,100,25
Li Dongyang,2991,8,2005-07-13,3000,FALSE,Pass2_RetroStart,RetroFromPass1FirstN,3000,20,20,100,25
Li Jianyu,2991,10,2012-08-09,3000,FALSE,Pass2_RetroStart,RetroFromPass1FirstN,3000,20,20,100,25
Lionel Zhang,2991,2,2015-05-08,3000,FALSE,Pass2_RetroStart,RetroFromPass1FirstN,3000,20,20,100,25
Liu Yu,2991,19,2008-01-07,3000,FALSE,Pass2_RetroStart,RetroFromPass1FirstN,3000,20,20,100,25
Matsumoto Tokuji,2991,12,1971-03-04,3000,FALSE,Pass2_RetroStart,RetroFromPass1FirstN,3000,20,20,100,25
Matsuura Hideo,2991,1,2002-02-06,3000,FALSE,Pass2_RetroStart,RetroFromPass1FirstN,3000,20,20,100,25
Moon Yubin Ama.,2991,1,2017-06-19,3000,FALSE,Pass2_RetroStart,RetroFromPass1FirstN,3000,20,20,100,25
Namiki Hibiki,2991,2,2023-01-12,3000,FALSE,Pass2_RetroStart,RetroFromPass1FirstN,3000,20,20,100,25
Nishikawa Takatosh Ama.,2991,1,2026-01-22,3000,FALSE,Pass2_RetroStart,RetroFromPass1FirstN,3000,20,20,100,25
Paek HeungSoo,2991,1,2022-05-10,3000,FALSE,Pass2_RetroStart,RetroFromPass1FirstN,3000,20,20,100,25
Pan Wenjun Ama.,2991,3,2021-06-25,3000,FALSE,Pass2_RetroStart,RetroFromPass1FirstN,3000,20,20,100,25
Pang Yan,2991,1,1989-05-13,3000,FALSE,Pass2_RetroStart,RetroFromPass1FirstN,3000,20,20,100,25
Rob van Zeijst Ama.,2991,2,2023-06-22,3000,FALSE,Pass2_RetroStart,RetroFromPass1FirstN,3000,20,20,100,25
Sakai Takashi Insei,2991,1,2016-01-08,3000,FALSE,Pass2_RetroStart,RetroFromPass1FirstN,3000,20,20,100,25
Seo Jisan,2991,6,2024-05-05,3000,FALSE,Pass2_RetroStart,RetroFromPass1FirstN,3000,20,20,100,25
Shin Yoonho,2991,45,2013-03-11,2986.5,TRUE,Pass2_RetroStart,RetroFromPass1FirstN,3000,20,20,100,25
Sim Junseop,2991,3,2019-02-01,3000,FALSE,Pass2_RetroStart,RetroFromPass1FirstN,3000,20,20,100,25
Sugita Syuntaro Ama.,2991,1,2022-12-19,3000,FALSE,Pass2_RetroStart,RetroFromPass1FirstN,3000,20,20,100,25
Sun Yige,2991,4,2025-07-22,3000,FALSE,Pass2_RetroStart,RetroFromPass1FirstN,3000,20,20,100,25
Tang Yi (2),2991,1,1987-04-11,3000,FALSE,Pass2_RetroStart,RetroFromPass1FirstN,3000,20,20,100,25
Ueno Asami Insei,2991,1,2016-01-08,3000,FALSE,Pass2_RetroStart,RetroFromPass1FirstN,3000,20,20,100,25
Virzhinia Shalneva Ama.,2991,1,2022-07-30,3000,FALSE,Pass2_RetroStart,RetroFromPass1FirstN,3000,20,20,100,25
Wang Chen Ama.,2991,6,2021-06-25,3000,FALSE,Pass2_RetroStart,RetroFromPass1FirstN,3000,20,20,100,25
Wang Mian,2991,1,2019-10-22,3000,FALSE,Pass2_RetroStart,RetroFromPass1FirstN,3000,20,20,100,25
Wang Wenqi Ama.,2991,1,2023-03-27,3000,FALSE,Pass2_RetroStart,RetroFromPass1FirstN,3000,20,20,100,25
Yao Jiahui,2991,1,2019-08-30,3000,FALSE,Pass2_RetroStart,RetroFromPass1FirstN,3000,20,20,100,25
Yuan Xi,2991,1,2005-06-06,3000,FALSE,Pass2_RetroStart,RetroFromPass1FirstN,3000,20,20,100,25
Zhang Zihao,2991,1,2022-03-14,3000,FALSE,Pass2_RetroStart,RetroFromPass1FirstN,3000,20,20,100,25
Zhao Pei,2991,1,2007-10-29,3000,FALSE,Pass2_RetroStart,RetroFromPass1FirstN,3000,20,20,100,25
Zhu Lili,2991,4,1992-09-06,3000,FALSE,Pass2_RetroStart,RetroFromPass1FirstN,3000,20,20,100,25
Andrii Kravets Ama.,2990,1,2024-06-02,3000,FALSE,Pass2_RetroStart,RetroFromPass1FirstN,3000,20,20,100,25
Arai Kanta,2990,7,2025-07-22,3000,FALSE,Pass2_RetroStart,RetroFromPass1FirstN,3000,20,20,100,25
Chen Jiaming,2990,1,2024-10-11,3000,FALSE,Pass2_RetroStart,RetroFromPass1FirstN,3000,20,20,100,25
Chen Xinyu Ama.,2990,1,1993-12-20,3000,FALSE,Pass2_RetroStart,RetroFromPass1FirstN,3000,20,20,100,25
Den Isei,2990,1,1988-12-01,3000,FALSE,Pass2_RetroStart,RetroFromPass1FirstN,3000,20,20,100,25
Dong Kun,2990,2,2019-09-18,3000,FALSE,Pass2_RetroStart,RetroFromPass1FirstN,3000,20,20,100,25
Eduardo Lopez,2990,3,2005-04-09,3000,FALSE,Pass2_RetroStart,RetroFromPass1FirstN,3000,20,20,100,25
Fredrik Blomback,2990,1,2015-04-03,3000,FALSE,Pass2_RetroStart,RetroFromPass1FirstN,3000,20,20,100,25
Fujiwara Akiko,2990,1,2015-02-16,3000,FALSE,Pass2_RetroStart,RetroFromPass1FirstN,3000,20,20,100,25
Geert Groenen,2990,1,1993-11-16,3000,FALSE,Pass2_RetroStart,RetroFromPass1FirstN,3000,20,20,100,25
Guan Yixin,2990,1,1989-06-09,3000,FALSE,Pass2_RetroStart,RetroFromPass1FirstN,3000,20,20,100,25
Han Xun,2990,1,2003-09-24,3000,FALSE,Pass2_RetroStart,RetroFromPass1FirstN,3000,20,20,100,25
Hei Jiajia,2990,306,2008-10-07,3027.9,TRUE,Pass2_RetroStart,RetroFromPass1FirstN,3000,20,20,100,25
Hoshino Masaki,2990,58,1986-02-12,3031.7,TRUE,Pass2_RetroStart,RetroFromPass1FirstN,3000,20,20,100,25
Hotta Yozo,2990,6,1977-02-23,3000,FALSE,Pass2_RetroStart,RetroFromPass1FirstN,3000,20,20,100,25
Hu Shiqi,2990,1,2021-10-20,3000,FALSE,Pass2_RetroStart,RetroFromPass1FirstN,3000,20,20,100,25
Jiang Zhujiu,2990,210,1982-06-24,3197.3,TRUE,Pass2_RetroStart,RetroFromPass1FirstN,3000,20,20,100,25
Kang Xuanhao Ama.,2990,1,2007-04-21,3000,FALSE,Pass2_RetroStart,RetroFromPass1FirstN,3000,20,20,100,25
Kim Minkyu,2990,1,2016-01-15,3000,FALSE,Pass2_RetroStart,RetroFromPass1FirstN,3000,20,20,100,25
Kobayashi Kenji,2990,21,1980-01-23,3000,TRUE,Pass2_RetroStart,RetroFromPass1FirstN,3000,20,20,100,25
Komatsu Daiki Ama.,2990,1,2010-03-01,3000,FALSE,Pass2_RetroStart,RetroFromPass1FirstN,3000,20,20,100,25
Konishi Taizo,2990,1,1977-11-30,3000,FALSE,Pass2_RetroStart,RetroFromPass1FirstN,3000,20,20,100,25
Kuwabara Itsuki Insei,2990,3,2022-04-05,3000,FALSE,Pass2_RetroStart,RetroFromPass1FirstN,3000,20,20,100,25
Lee Hyoungro,2990,2,1988-03-18,3000,FALSE,Pass2_RetroStart,RetroFromPass1FirstN,3000,20,20,100,25
Li Jiaqing,2990,3,1990-07-15,3000,FALSE,Pass2_RetroStart,RetroFromPass1FirstN,3000,20,20,100,25
Li Xiuquan,2990,1,2014-06-23,3000,FALSE,Pass2_RetroStart,RetroFromPass1FirstN,3000,20,20,100,25
Li Xuemeng,2990,1,2019-09-18,3000,FALSE,Pass2_RetroStart,RetroFromPass1FirstN,3000,20,20,100,25
Li Xunzheng,2990,1,2012-08-09,3000,FALSE,Pass2_RetroStart,RetroFromPass1FirstN,3000,20,20,100,25
Liang Jingxin,2990,1,2024-11-11,3000,FALSE,Pass2_RetroStart,RetroFromPass1FirstN,3000,20,20,100,25
Lim Jungho,2990,1,1988-04-02,3000,FALSE,Pass2_RetroStart,RetroFromPass1FirstN,3000,20,20,100,25
Lin Yiting Ama.,2990,1,2022-08-15,3000,FALSE,Pass2_RetroStart,RetroFromPass1FirstN,3000,20,20,100,25
Long Lin,2990,1,2005-01-10,3000,FALSE,Pass2_RetroStart,RetroFromPass1FirstN,3000,20,20,100,25
Nabeshima Akira,2990,1,1997-11-17,3000,FALSE,Pass2_RetroStart,RetroFromPass1FirstN,3000,20,20,100,25
Nakamura Yutaro,2990,1,1974-06-06,3000,FALSE,Pass2_RetroStart,RetroFromPass1FirstN,3000,20,20,100,25
Oh Seungmin,2990,3,2021-04-02,3000,FALSE,Pass2_RetroStart,RetroFromPass1FirstN,3000,20,20,100,25
Sano Kuniko,2990,1,1980-01-23,3000,FALSE,Pass2_RetroStart,RetroFromPass1FirstN,3000,20,20,100,25
Seki Kotaro Insei,2990,1,2015-12-25,3000,FALSE,Pass2_RetroStart,RetroFromPass1FirstN,3000,20,20,100,25
Shen Guosun,2990,1,1993-01-03,3000,FALSE,Pass2_RetroStart,RetroFromPass1FirstN,3000,20,20,100,25
Shi Min,2990,7,1990-06-22,3000,FALSE,Pass2_RetroStart,RetroFromPass1FirstN,3000,20,20,100,25
Shigekawa Keigo Insei,2990,3,2022-04-01,3000,FALSE,Pass2_RetroStart,RetroFromPass1FirstN,3000,20,20,100,25
Shimizu Takuya Insei,2990,3,2022-03-29,3000,FALSE,Pass2_RetroStart,RetroFromPass1FirstN,3000,20,20,100,25
Sim Haesol Ama.,2990,1,2018-04-05,3000,FALSE,Pass2_RetroStart,RetroFromPass1FirstN,3000,20,20,100,25
Sun Yige Ama.,2990,1,2024-04-09,3000,FALSE,Pass2_RetroStart,RetroFromPass1FirstN,3000,20,20,100,25
Takahashi Isao,2990,1,2017-04-19,3000,FALSE,Pass2_RetroStart,RetroFromPass1FirstN,3000,20,20,100,25
Tsuchida Masamitsu,2990,59,1974-10-03,2983.9,TRUE,Pass2_RetroStart,RetroFromPass1FirstN,3000,20,20,100,25
Viacheslav Kaymin,2990,2,2017-04-21,3000,FALSE,Pass2_RetroStart,RetroFromPass1FirstN,3000,20,20,100,25
Wang Junqi,2990,1,2007-08-13,3000,FALSE,Pass2_RetroStart,RetroFromPass1FirstN,3000,20,20,100,25
Wang Wenqi,2990,1,2019-08-29,3000,FALSE,Pass2_RetroStart,RetroFromPass1FirstN,3000,20,20,100,25
Wang Yinli Ama.,2990,1,2025-12-02,3000,FALSE,Pass2_RetroStart,RetroFromPass1FirstN,3000,20,20,100,25
Wen Zhaojing,2990,7,2021-09-14,3000,FALSE,Pass2_RetroStart,RetroFromPass1FirstN,3000,20,20,100,25
Willis Huang,2990,2,2017-04-21,3000,FALSE,Pass2_RetroStart,RetroFromPass1FirstN,3000,20,20,100,25
Xia Xianyu Ama.,2990,1,1991-05-23,3000,FALSE,Pass2_RetroStart,RetroFromPass1FirstN,3000,20,20,100,25
Yang Rong,2990,1,2006-10-10,3000,FALSE,Pass2_RetroStart,RetroFromPass1FirstN,3000,20,20,100,25
Yokoyama Kunitada,2990,1,1990-10-11,3000,FALSE,Pass2_RetroStart,RetroFromPass1FirstN,3000,20,20,100,25
Yuan Weihong,2990,7,2003-04-03,3000,FALSE,Pass2_RetroStart,RetroFromPass1FirstN,3000,20,20,100,25
Yun Heewoo,2990,1,2021-04-02,3000,FALSE,Pass2_RetroStart,RetroFromPass1FirstN,3000,20,20,100,25
Yun Seowon,2990,2,2025-03-08,3000,FALSE,Pass2_RetroStart,RetroFromPass1FirstN,3000,20,20,100,25
Zeng Zerun,2990,1,2024-11-12,3000,FALSE,Pass2_RetroStart,RetroFromPass1FirstN,3000,20,20,100,25
Zhang Chenghua,2990,1,1989-04-15,3000,FALSE,Pass2_RetroStart,RetroFromPass1FirstN,3000,20,20,100,25
Zhang Hou Ama.,2990,1,1987-04-13,3000,FALSE,Pass2_RetroStart,RetroFromPass1FirstN,3000,20,20,100,25
Zhang Mengshi,2990,1,2021-10-20,3000,FALSE,Pass2_RetroStart,RetroFromPass1FirstN,3000,20,20,100,25
Zhangluo Zixin,2990,9,2021-04-06,3000,FALSE,Pass2_RetroStart,RetroFromPass1FirstN,3000,20,20,100,25
Zhao Yan,2990,3,2016-03-14,3000,FALSE,Pass2_RetroStart,RetroFromPass1FirstN,3000,20,20,100,25
Ando Toshiyuki,2989,1,1979-01-17,3000,FALSE,Pass2_RetroStart,RetroFromPass1FirstN,3000,20,20,100,25
Chen Wanyu,2989,2,2013-09-08,3000,FALSE,Pass2_RetroStart,RetroFromPass1FirstN,3000,20,20,100,25
Chen Zhaofeng,2989,2,2000-11-19,3000,FALSE,Pass2_RetroStart,RetroFromPass1FirstN,3000,20,20,100,25
Deng Yilun,2989,1,2023-07-14,3000,FALSE,Pass2_RetroStart,RetroFromPass1FirstN,3000,20,20,100,25
Dusan Mitic Ama.,2989,1,2024-05-20,3000,FALSE,Pass2_RetroStart,RetroFromPass1FirstN,3000,20,20,100,25
Fu Binfang,2989,1,1992-09-06,3000,FALSE,Pass2_RetroStart,RetroFromPass1FirstN,3000,20,20,100,25
Grigorij Fionin,2989,2,2016-04-22,3000,FALSE,Pass2_RetroStart,RetroFromPass1FirstN,3000,20,20,100,25
Hirano Norikazu,2989,3,1984-05-07,3000,FALSE,Pass2_RetroStart,RetroFromPass1FirstN,3000,20,20,100,25
Honda Mitsuhiko,2989,1,2021-06-16,3000,FALSE,Pass2_RetroStart,RetroFromPass1FirstN,3000,20,20,100,25
Honda Sachiko,2989,92,1977-11-02,3028.3,TRUE,Pass2_RetroStart,RetroFromPass1FirstN,3000,20,20,100,25
Huang Ben,2989,5,2007-07-11,3000,FALSE,Pass2_RetroStart,RetroFromPass1FirstN,3000,20,20,100,25
Huang Liangyu,2989,1,1996-03-24,3000,FALSE,Pass2_RetroStart,RetroFromPass1FirstN,3000,20,20,100,25
Huang Siyue,2989,1,2024-11-11,3000,FALSE,Pass2_RetroStart,RetroFromPass1FirstN,3000,20,20,100,25
Iida Junya,2989,10,2014-07-14,3000,FALSE,Pass2_RetroStart,RetroFromPass1FirstN,3000,20,20,100,25
Jeong Dongsik,2989,1,2006-03-28,3000,FALSE,Pass2_RetroStart,RetroFromPass1FirstN,3000,20,20,100,25
Ju Hyunwoo,2989,8,2023-02-15,3000,FALSE,Pass2_RetroStart,RetroFromPass1FirstN,3000,20,20,100,25
Kim Jongbeom,2989,1,1990-08-06,3000,FALSE,Pass2_RetroStart,RetroFromPass1FirstN,3000,20,20,100,25
Kim Minseo,2989,112,2021-08-05,2954.6,TRUE,Pass2_RetroStart,RetroFromPass1FirstN,3000,20,20,100,25
Kim Namhun,2989,5,2005-08-30,3000,FALSE,Pass2_RetroStart,RetroFromPass1FirstN,3000,20,20,100,25
Kim Seokheung,2989,1,2004-07-29,3000,FALSE,Pass2_RetroStart,RetroFromPass1FirstN,3000,20,20,100,25
Kim Sunho,2989,2,2002-12-14,3000,FALSE,Pass2_RetroStart,RetroFromPass1FirstN,3000,20,20,100,25
Kim Taehyang,2989,1,2000-07-14,3000,FALSE,Pass2_RetroStart,RetroFromPass1FirstN,3000,20,20,100,25
Kunimatsu Satoshi Insei,2989,3,2023-04-05,3000,FALSE,Pass2_RetroStart,RetroFromPass1FirstN,3000,20,20,100,25
Lang Jie,2989,4,2014-07-17,3000,FALSE,Pass2_RetroStart,RetroFromPass1FirstN,3000,20,20,100,25
Laura Avram,2989,1,2018-04-26,3000,FALSE,Pass2_RetroStart,RetroFromPass1FirstN,3000,20,20,100,25
Li Ang,2989,8,2001-04-07,3000,FALSE,Pass2_RetroStart,RetroFromPass1FirstN,3000,20,20,100,25
Linghu Jiajun,2989,2,2019-06-19,3000,FALSE,Pass2_RetroStart,RetroFromPass1FirstN,3000,20,20,100,25
Mao Jiajun,2989,1,2005-11-08,3000,FALSE,Pass2_RetroStart,RetroFromPass1FirstN,3000,20,20,100,25
Miyatani Fuga Insei,2989,3,2022-04-05,3000,FALSE,Pass2_RetroStart,RetroFromPass1FirstN,3000,20,20,100,25
Moon Jongho,2989,8,2018-12-08,3000,FALSE,Pass2_RetroStart,RetroFromPass1FirstN,3000,20,20,100,25
Nakagawa Takumi,2989,1,2026-02-04,3000,FALSE,Pass2_RetroStart,RetroFromPass1FirstN,3000,20,20,100,25
No Joonhwan,2989,1,2002-07-27,3000,FALSE,Pass2_RetroStart,RetroFromPass1FirstN,3000,20,20,100,25
Ono Yutaka,2989,4,1977-11-24,3000,FALSE,Pass2_RetroStart,RetroFromPass1FirstN,3000,20,20,100,25
Oyama Kunio,2989,69,1973-06-14,2950.3,TRUE,Pass2_RetroStart,RetroFromPass1FirstN,3000,20,20,100,25
Shen Ao,2989,1,2025-12-10,3000,FALSE,Pass2_RetroStart,RetroFromPass1FirstN,3000,20,20,100,25
Song Sanghun,2989,79,2014-04-27,2949,TRUE,Pass2_RetroStart,RetroFromPass1FirstN,3000,20,20,100,25
Takeda Masako,2989,1,1982-05-10,3000,FALSE,Pass2_RetroStart,RetroFromPass1FirstN,3000,20,20,100,25
Takiguchi Masaki,2989,4,1989-01-18,3000,FALSE,Pass2_RetroStart,RetroFromPass1FirstN,3000,20,20,100,25
Tokunaga Hirohisa,2989,1,2002-03-06,3000,FALSE,Pass2_RetroStart,RetroFromPass1FirstN,3000,20,20,100,25
Wu Qi Sr.,2989,2,1993-09-22,3000,FALSE,Pass2_RetroStart,RetroFromPass1FirstN,3000,20,20,100,25
Xiao Qi,2989,4,2016-12-28,3000,FALSE,Pass2_RetroStart,RetroFromPass1FirstN,3000,20,20,100,25
Xu Hanwen,2989,22,2016-02-23,3000,TRUE,Pass2_RetroStart,RetroFromPass1FirstN,3000,20,20,100,25
Xu Liming,2989,1,2024-06-03,3000,FALSE,Pass2_RetroStart,RetroFromPass1FirstN,3000,20,20,100,25
Xu Xiaofan Ama.,2989,1,2025-06-10,3000,FALSE,Pass2_RetroStart,RetroFromPass1FirstN,3000,20,20,100,25
Yanagiuchi Emiko,2989,12,1981-06-03,3000,FALSE,Pass2_RetroStart,RetroFromPass1FirstN,3000,20,20,100,25
Yang Chukun,2989,1,2024-11-12,3000,FALSE,Pass2_RetroStart,RetroFromPass1FirstN,3000,20,20,100,25
Yu Jin Ama.,2989,1,2024-11-24,3000,FALSE,Pass2_RetroStart,RetroFromPass1FirstN,3000,20,20,100,25
Yun Chunho Ama.,2989,1,2008-02-18,3000,FALSE,Pass2_RetroStart,RetroFromPass1FirstN,3000,20,20,100,25
Zheng Hong,2989,169,1988-05-11,3022.7,TRUE,Pass2_RetroStart,RetroFromPass1FirstN,3000,20,20,100,25
Zhou Xuan,2989,3,2015-10-23,3000,FALSE,Pass2_RetroStart,RetroFromPass1FirstN,3000,20,20,100,25
Zhu Baoxun,2989,1,2000-11-18,3000,FALSE,Pass2_RetroStart,RetroFromPass1FirstN,3000,20,20,100,25
Abe Yoshiki,2988,112,2013-09-14,2828.2,TRUE,Pass2_RetroStart,RetroFromPass1FirstN,3000,20,20,100,25
Cao Ruxu Ama.,2988,1,2025-05-11,3000,FALSE,Pass2_RetroStart,RetroFromPass1FirstN,3000,20,20,100,25
Chen Haodong,2988,2,2019-09-18,3000,FALSE,Pass2_RetroStart,RetroFromPass1FirstN,3000,20,20,100,25
Chen Qianyu,2988,4,2023-07-24,3000,FALSE,Pass2_RetroStart,RetroFromPass1FirstN,3000,20,20,100,25
Cho Eunjin Ama.,2988,1,2021-06-30,3000,FALSE,Pass2_RetroStart,RetroFromPass1FirstN,3000,20,20,100,25
Choi Byounghwan,2988,9,2007-08-29,3000,FALSE,Pass2_RetroStart,RetroFromPass1FirstN,3000,20,20,100,25
Dong Xinyi,2988,1,2024-10-20,3000,FALSE,Pass2_RetroStart,RetroFromPass1FirstN,3000,20,20,100,25
Han Gang,2988,1,2009-03-03,3000,FALSE,Pass2_RetroStart,RetroFromPass1FirstN,3000,20,20,100,25
Honda Goro,2988,3,2000-03-01,3000,FALSE,Pass2_RetroStart,RetroFromPass1FirstN,3000,20,20,100,25
Hu Siyu,2988,3,2024-11-11,3000,FALSE,Pass2_RetroStart,RetroFromPass1FirstN,3000,20,20,100,25
Huang Hao Ama.,2988,1,2024-04-08,3000,FALSE,Pass2_RetroStart,RetroFromPass1FirstN,3000,20,20,100,25
Im Wihyeon,2988,8,2023-12-25,3000,FALSE,Pass2_RetroStart,RetroFromPass1FirstN,3000,20,20,100,25
Kikuchi Yasuro Ama.,2988,1,2005-02-21,3000,FALSE,Pass2_RetroStart,RetroFromPass1FirstN,3000,20,20,100,25
Kim Ilhwan,2988,270,1986-04-23,3025.8,TRUE,Pass2_RetroStart,RetroFromPass1FirstN,3000,20,20,100,25
Kim Mansoo,2988,54,1995-05-01,3039.9,TRUE,Pass2_RetroStart,RetroFromPass1FirstN,3000,20,20,100,25
Kim Sangyun,2988,3,2020-04-13,3000,FALSE,Pass2_RetroStart,RetroFromPass1FirstN,3000,20,20,100,25
Lin Xiuping,2988,143,2009-09-10,3084.6,TRUE,Pass2_RetroStart,RetroFromPass1FirstN,3000,20,20,100,25
Ma Nate,2988,1,2025-11-02,3000,FALSE,Pass2_RetroStart,RetroFromPass1FirstN,3000,20,20,100,25
Mori Hironobu Ama.,2988,1,2002-03-11,3000,FALSE,Pass2_RetroStart,RetroFromPass1FirstN,3000,20,20,100,25
Mukai Toshinari Insei,2988,3,2020-08-11,3000,FALSE,Pass2_RetroStart,RetroFromPass1FirstN,3000,20,20,100,25
Oscar Vazquez,2988,1,2019-04-25,3000,FALSE,Pass2_RetroStart,RetroFromPass1FirstN,3000,20,20,100,25
Quynh Anh Ha Ama.,2988,2,2023-03-03,3000,FALSE,Pass2_RetroStart,RetroFromPass1FirstN,3000,20,20,100,25
Ren Jianming,2988,1,2022-03-03,3000,FALSE,Pass2_RetroStart,RetroFromPass1FirstN,3000,20,20,100,25
Ryan Li,2988,19,2016-02-26,3000,FALSE,Pass2_RetroStart,RetroFromPass1FirstN,3000,20,20,100,25
Shi Jinhao,2988,4,2012-08-09,3000,FALSE,Pass2_RetroStart,RetroFromPass1FirstN,3000,20,20,100,25
Stanislaw Frejlak Ama.,2988,4,2021-06-08,3000,FALSE,Pass2_RetroStart,RetroFromPass1FirstN,3000,20,20,100,25
Su Geping,2988,1,2018-04-26,3000,FALSE,Pass2_RetroStart,RetroFromPass1FirstN,3000,20,20,100,25
Wei Qiang,2988,3,2009-12-19,3000,FALSE,Pass2_RetroStart,RetroFromPass1FirstN,3000,20,20,100,25
Weng Ziyu,2988,3,1985-05-01,3000,FALSE,Pass2_RetroStart,RetroFromPass1FirstN,3000,20,20,100,25
Wu Daoming,2988,1,2010-01-19,3000,FALSE,Pass2_RetroStart,RetroFromPass1FirstN,3000,20,20,100,25
Wu Jun,2988,7,2007-07-11,3000,FALSE,Pass2_RetroStart,RetroFromPass1FirstN,3000,20,20,100,25
Wu Zhenyu,2988,2,2005-07-20,3000,FALSE,Pass2_RetroStart,RetroFromPass1FirstN,3000,20,20,100,25
Yokochi Susumu,2988,1,1983-05-09,3000,FALSE,Pass2_RetroStart,RetroFromPass1FirstN,3000,20,20,100,25
Zhang Chao,2988,2,2008-12-16,3000,FALSE,Pass2_RetroStart,RetroFromPass1FirstN,3000,20,20,100,25
Zhong Haolin,2988,1,2026-01-12,3000,FALSE,Pass2_RetroStart,RetroFromPass1FirstN,3000,20,20,100,25
Andrey Kulkov,2987,3,2004-08-21,3000,FALSE,Pass2_RetroStart,RetroFromPass1FirstN,3000,20,20,100,25
Baek Hyeonwoo Insei,2987,2,2016-08-07,3000,FALSE,Pass2_RetroStart,RetroFromPass1FirstN,3000,20,20,100,25
Cai Wenxin,2987,10,2016-12-26,3000,FALSE,Pass2_RetroStart,RetroFromPass1FirstN,3000,20,20,100,25
Chen Xi Ama.,2987,1,2007-05-10,3000,FALSE,Pass2_RetroStart,RetroFromPass1FirstN,3000,20,20,100,25
Chen Zhixuan,2987,9,2012-05-14,3000,FALSE,Pass2_RetroStart,RetroFromPass1FirstN,3000,20,20,100,25
Cho Seokbin Ama.,2987,1,2022-12-15,3000,FALSE,Pass2_RetroStart,RetroFromPass1FirstN,3000,20,20,100,25
Gao Yongmei,2987,3,2016-09-20,3000,FALSE,Pass2_RetroStart,RetroFromPass1FirstN,3000,20,20,100,25
Hamakado Hibiki,2987,16,2023-09-18,3000,FALSE,Pass2_RetroStart,RetroFromPass1FirstN,3000,20,20,100,25
Honda Kunihisa,2987,430,1970-04-01,2890.5,TRUE,Pass2_RetroStart,RetroFromPass1FirstN,3000,20,20,100,25
Ikeda Ayako,2987,4,2007-03-01,3000,FALSE,Pass2_RetroStart,RetroFromPass1FirstN,3000,20,20,100,25
Kumamoto Shusei,2987,40,2008-05-12,3002.8,TRUE,Pass2_RetroStart,RetroFromPass1FirstN,3000,20,20,100,25
Kwon Kyeongun,2987,2,1991-11-25,3000,FALSE,Pass2_RetroStart,RetroFromPass1FirstN,3000,20,20,100,25
Li Hai,2987,2,1992-09-01,3000,FALSE,Pass2_RetroStart,RetroFromPass1FirstN,3000,20,20,100,25
Liu Xi,2987,38,1996-05-22,3002.5,TRUE,Pass2_RetroStart,RetroFromPass1FirstN,3000,20,20,100,25
Manuela Marz Ama.,2987,1,2021-07-18,3000,FALSE,Pass2_RetroStart,RetroFromPass1FirstN,3000,20,20,100,25
Ryu Dongwan,2987,17,2008-08-13,3000,FALSE,Pass2_RetroStart,RetroFromPass1FirstN,3000,20,20,100,25
Sato Akira,2987,1,2024-02-14,3000,FALSE,Pass2_RetroStart,RetroFromPass1FirstN,3000,20,20,100,25
Shao Zhenzhong,2987,96,1982-06-29,3032.8,TRUE,Pass2_RetroStart,RetroFromPass1FirstN,3000,20,20,100,25
Shimamura Michihiro,2987,1,1978-01-12,3000,FALSE,Pass2_RetroStart,RetroFromPass1FirstN,3000,20,20,100,25
Song Ruilai,2987,1,2024-09-20,3000,FALSE,Pass2_RetroStart,RetroFromPass1FirstN,3000,20,20,100,25
Sun Siying,2987,1,2023-08-03,3000,FALSE,Pass2_RetroStart,RetroFromPass1FirstN,3000,20,20,100,25
Tono Masaharu,2987,7,1975-05-29,3000,FALSE,Pass2_RetroStart,RetroFromPass1FirstN,3000,20,20,100,25
Toriki Hiroshi,2987,2,1987-02-19,3000,FALSE,Pass2_RetroStart,RetroFromPass1FirstN,3000,20,20,100,25
Viktor Bogdanov,2987,2,1991-04-06,3000,FALSE,Pass2_RetroStart,RetroFromPass1FirstN,3000,20,20,100,25
Watanabe Reiji,2987,2,1993-09-02,3000,FALSE,Pass2_RetroStart,RetroFromPass1FirstN,3000,20,20,100,25
Yoo Haewon,2987,1,2006-09-25,3000,FALSE,Pass2_RetroStart,RetroFromPass1FirstN,3000,20,20,100,25
Zhang Yiming,2987,15,2009-12-19,3000,FALSE,Pass2_RetroStart,RetroFromPass1FirstN,3000,20,20,100,25
Zhao Yucai,2987,13,2016-08-09,3000,FALSE,Pass2_RetroStart,RetroFromPass1FirstN,3000,20,20,100,25
Ando Akio,2986,1,1991-02-13,3000,FALSE,Pass2_RetroStart,RetroFromPass1FirstN,3000,20,20,100,25
Asahi Yutoshi Insei,2986,3,2023-04-04,3000,FALSE,Pass2_RetroStart,RetroFromPass1FirstN,3000,20,20,100,25
Du Yang Ama.,2986,2,2021-09-10,3000,FALSE,Pass2_RetroStart,RetroFromPass1FirstN,3000,20,20,100,25
Hashiyama Shozo,2986,1,2016-10-31,3000,FALSE,Pass2_RetroStart,RetroFromPass1FirstN,3000,20,20,100,25
Huang Dexun,2986,5,1985-04-30,3000,FALSE,Pass2_RetroStart,RetroFromPass1FirstN,3000,20,20,100,25
Kim Yeongdo,2986,6,2014-12-07,3000,FALSE,Pass2_RetroStart,RetroFromPass1FirstN,3000,20,20,100,25
Lee Hajin,2986,44,2005-03-19,2995.9,TRUE,Pass2_RetroStart,RetroFromPass1FirstN,3000,20,20,100,25
Morikawa Masao,2986,2,1978-11-22,3000,FALSE,Pass2_RetroStart,RetroFromPass1FirstN,3000,20,20,100,25
Nakayama Noriyuki,2986,4,1990-09-18,3000,FALSE,Pass2_RetroStart,RetroFromPass1FirstN,3000,20,20,100,25
Ogoshi Ichiro,2986,9,1984-06-28,3000,FALSE,Pass2_RetroStart,RetroFromPass1FirstN,3000,20,20,100,25
Oscar Vazquez Ama.,2986,2,2021-06-05,3000,FALSE,Pass2_RetroStart,RetroFromPass1FirstN,3000,20,20,100,25
Shinoda Yuya Insei,2986,1,2022-03-29,3000,FALSE,Pass2_RetroStart,RetroFromPass1FirstN,3000,20,20,100,25
Takachi Yuki Insei,2986,6,2023-04-04,3000,FALSE,Pass2_RetroStart,RetroFromPass1FirstN,3000,20,20,100,25
Wang Junliang,2986,4,2024-03-29,3000,FALSE,Pass2_RetroStart,RetroFromPass1FirstN,3000,20,20,100,25
Zhang Chenglong,2986,2,2017-06-13,3000,FALSE,Pass2_RetroStart,RetroFromPass1FirstN,3000,20,20,100,25
Abe Yumiko,2985,2,1990-06-11,3000,FALSE,Pass2_RetroStart,RetroFromPass1FirstN,3000,20,20,100,25
Che Zewu,2985,80,1985-05-02,3020.9,TRUE,Pass2_RetroStart,RetroFromPass1FirstN,3000,20,20,100,25
Choi Hongyun,2985,34,2011-09-16,3009,TRUE,Pass2_RetroStart,RetroFromPass1FirstN,3000,20,20,100,25
Choi Jinwon,2985,2,2020-04-14,3000,FALSE,Pass2_RetroStart,RetroFromPass1FirstN,3000,20,20,100,25
Dai Zhitian,2985,3,2013-08-13,3000,FALSE,Pass2_RetroStart,RetroFromPass1FirstN,3000,20,20,100,25
Hasegawa Kayoko,2985,1,1986-02-12,3000,FALSE,Pass2_RetroStart,RetroFromPass1FirstN,3000,20,20,100,25
Hatanaka Kimio,2985,1,1990-02-14,3000,FALSE,Pass2_RetroStart,RetroFromPass1FirstN,3000,20,20,100,25
Huang Boren,2985,9,2026-01-02,3000,FALSE,Pass2_RetroStart,RetroFromPass1FirstN,3000,20,20,100,25
Huang Qiuxuan,2985,13,2023-09-24,3000,FALSE,Pass2_RetroStart,RetroFromPass1FirstN,3000,20,20,100,25
Inoue Kaname,2985,2,1978-02-01,3000,FALSE,Pass2_RetroStart,RetroFromPass1FirstN,3000,20,20,100,25
Kawamura Masamichi,2985,3,1973-06-03,3000,FALSE,Pass2_RetroStart,RetroFromPass1FirstN,3000,20,20,100,25
Kim Daehee,2985,48,2006-07-18,2895.2,TRUE,Pass2_RetroStart,RetroFromPass1FirstN,3000,20,20,100,25
Lee Seungmin,2985,2,2024-05-06,3000,FALSE,Pass2_RetroStart,RetroFromPass1FirstN,3000,20,20,100,25
Li Ying (b),2985,9,1994-09-12,3000,FALSE,Pass2_RetroStart,RetroFromPass1FirstN,3000,20,20,100,25
Matsuoka Hideki,2985,86,1987-12-03,3104.8,TRUE,Pass2_RetroStart,RetroFromPass1FirstN,3000,20,20,100,25
Min Na,2985,4,2009-09-03,3000,FALSE,Pass2_RetroStart,RetroFromPass1FirstN,3000,20,20,100,25
Morino Setsuo,2985,8,1999-03-11,3000,FALSE,Pass2_RetroStart,RetroFromPass1FirstN,3000,20,20,100,25
Qin Chiyuan,2985,5,2008-12-16,3000,FALSE,Pass2_RetroStart,RetroFromPass1FirstN,3000,20,20,100,25
Ri Yo,2985,10,1984-02-29,3000,FALSE,Pass2_RetroStart,RetroFromPass1FirstN,3000,20,20,100,25
Seki Ryosuke,2985,9,2023-11-02,3000,FALSE,Pass2_RetroStart,RetroFromPass1FirstN,3000,20,20,100,25
Shimosaka Miori Ama.,2985,1,2005-02-21,3000,FALSE,Pass2_RetroStart,RetroFromPass1FirstN,3000,20,20,100,25
Su Geping Ama.,2985,2,2019-04-26,3000,FALSE,Pass2_RetroStart,RetroFromPass1FirstN,3000,20,20,100,25
Tominaga Takeshi,2985,1,2018-11-08,3000,FALSE,Pass2_RetroStart,RetroFromPass1FirstN,3000,20,20,100,25
Wang Shuyao,2985,5,2024-03-29,3000,FALSE,Pass2_RetroStart,RetroFromPass1FirstN,3000,20,20,100,25
Watanabe Kouki,2985,93,2013-10-12,2881.4,TRUE,Pass2_RetroStart,RetroFromPass1FirstN,3000,20,20,100,25
Yang Keon,2985,108,1992-11-02,2902.3,TRUE,Pass2_RetroStart,RetroFromPass1FirstN,3000,20,20,100,25
Yao Zheng,2985,2,1985-10-12,3000,FALSE,Pass2_RetroStart,RetroFromPass1FirstN,3000,20,20,100,25
Zhang Xuezhong,2985,2,1988-05-10,3000,FALSE,Pass2_RetroStart,RetroFromPass1FirstN,3000,20,20,100,25
Alexander Qi,2984,6,2023-05-05,3000,FALSE,Pass2_RetroStart,RetroFromPass1FirstN,3000,20,20,100,25
Cao Zhenyu,2984,4,2021-04-12,3000,FALSE,Pass2_RetroStart,RetroFromPass1FirstN,3000,20,20,100,25
Chen Pinhua Ama.,2984,1,2022-08-15,3000,FALSE,Pass2_RetroStart,RetroFromPass1FirstN,3000,20,20,100,25
Chen Xuan,2984,5,2016-12-15,3000,FALSE,Pass2_RetroStart,RetroFromPass1FirstN,3000,20,20,100,25
Chen Zude,2984,90,1990-02-03,2999,TRUE,Pass2_RetroStart,RetroFromPass1FirstN,3000,20,20,100,25
Cho Kyungho,2984,8,2008-02-26,3000,FALSE,Pass2_RetroStart,RetroFromPass1FirstN,3000,20,20,100,25
Cho Rosho,2984,2,2005-01-12,3000,FALSE,Pass2_RetroStart,RetroFromPass1FirstN,3000,20,20,100,25
Feng Yun,2984,105,1983-11-25,3030.1,TRUE,Pass2_RetroStart,RetroFromPass1FirstN,3000,20,20,100,25
Frank Janssen,2984,3,2004-02-08,3000,FALSE,Pass2_RetroStart,RetroFromPass1FirstN,3000,20,20,100,25
Kanazawa Moriei,2984,2,2001-06-13,3000,FALSE,Pass2_RetroStart,RetroFromPass1FirstN,3000,20,20,100,25
Kim Hyunsub,2984,14,2009-09-04,3000,FALSE,Pass2_RetroStart,RetroFromPass1FirstN,3000,20,20,100,25
Kim Yuntae (s),2984,21,2022-08-16,3000,TRUE,Pass2_RetroStart,RetroFromPass1FirstN,3000,20,20,100,25
Li Tianyuan,2984,4,2022-11-15,3000,FALSE,Pass2_RetroStart,RetroFromPass1FirstN,3000,20,20,100,25
Li Ziqi,2984,9,2013-01-07,3000,FALSE,Pass2_RetroStart,RetroFromPass1FirstN,3000,20,20,100,25
Liang Bochao,2984,5,2004-06-03,3000,FALSE,Pass2_RetroStart,RetroFromPass1FirstN,3000,20,20,100,25
Luo Shengjie Ama.,2984,3,2025-02-13,3000,FALSE,Pass2_RetroStart,RetroFromPass1FirstN,3000,20,20,100,25
Park Byeongkyu,2984,58,2000-04-21,3020.8,TRUE,Pass2_RetroStart,RetroFromPass1FirstN,3000,20,20,100,25
Shen Jing,2984,4,1990-03-28,3000,FALSE,Pass2_RetroStart,RetroFromPass1FirstN,3000,20,20,100,25
Shen Yuxin Ama.,2984,1,2020-11-14,3000,FALSE,Pass2_RetroStart,RetroFromPass1FirstN,3000,20,20,100,25
Shin Yumin,2984,6,2024-05-03,3000,FALSE,Pass2_RetroStart,RetroFromPass1FirstN,3000,20,20,100,25
Yin Jiayue,2984,1,2022-11-20,3000,FALSE,Pass2_RetroStart,RetroFromPass1FirstN,3000,20,20,100,25
Chen Boya,2983,7,2007-07-11,3000,FALSE,Pass2_RetroStart,RetroFromPass1FirstN,3000,20,20,100,25
Choi Seungcheol,2983,14,2023-02-14,3000,FALSE,Pass2_RetroStart,RetroFromPass1FirstN,3000,20,20,100,25
Fujita Keiichiro Insei,2983,2,2022-03-29,3000,FALSE,Pass2_RetroStart,RetroFromPass1FirstN,3000,20,20,100,25
Hirata Shu,2983,4,2025-02-26,3000,FALSE,Pass2_RetroStart,RetroFromPass1FirstN,3000,20,20,100,25
Hu Xiaoling,2983,2,1990-11-11,3000,FALSE,Pass2_RetroStart,RetroFromPass1FirstN,3000,20,20,100,25
Hwang Jinhyung,2983,7,2010-08-03,3000,FALSE,Pass2_RetroStart,RetroFromPass1FirstN,3000,20,20,100,25
Ji Lili,2983,3,2015-07-26,3000,FALSE,Pass2_RetroStart,RetroFromPass1FirstN,3000,20,20,100,25
Kang Jibum,2983,7,2020-08-29,3000,FALSE,Pass2_RetroStart,RetroFromPass1FirstN,3000,20,20,100,25
Kikuchi Yasuro,2983,7,1990-07-15,3000,FALSE,Pass2_RetroStart,RetroFromPass1FirstN,3000,20,20,100,25
Kim Chanwu,2983,64,2000-10-27,3027.8,TRUE,Pass2_RetroStart,RetroFromPass1FirstN,3000,20,20,100,25
Kim Hayoon,2983,12,2024-05-05,3000,FALSE,Pass2_RetroStart,RetroFromPass1FirstN,3000,20,20,100,25
Kim Hwansoo,2983,42,2004-05-21,3009.4,TRUE,Pass2_RetroStart,RetroFromPass1FirstN,3000,20,20,100,25
Koyama Shizuo,2983,20,1972-01-27,3000,TRUE,Pass2_RetroStart,RetroFromPass1FirstN,3000,20,20,100,25
Kuroda Yukio,2983,16,1971-04-29,3000,FALSE,Pass2_RetroStart,RetroFromPass1FirstN,3000,20,20,100,25
Liang Weitang,2983,148,1984-04-05,2955.4,TRUE,Pass2_RetroStart,RetroFromPass1FirstN,3000,20,20,100,25
Liang Yadi,2983,22,1991-05-24,3000,TRUE,Pass2_RetroStart,RetroFromPass1FirstN,3000,20,20,100,25
Lin Lvan,2983,1,2025-02-06,3000,FALSE,Pass2_RetroStart,RetroFromPass1FirstN,3000,20,20,100,25
Liu Fan,2983,5,2000-11-09,3000,FALSE,Pass2_RetroStart,RetroFromPass1FirstN,3000,20,20,100,25
Liu Qifeng,2983,53,2016-02-24,2886.1,TRUE,Pass2_RetroStart,RetroFromPass1FirstN,3000,20,20,100,25
Meng Lei,2983,20,2000-01-10,3000,TRUE,Pass2_RetroStart,RetroFromPass1FirstN,3000,20,20,100,25
Mizuta Yoshihiro,2983,5,1975-06-26,3000,FALSE,Pass2_RetroStart,RetroFromPass1FirstN,3000,20,20,100,25
Ninomiya Hideko,2983,6,1981-06-08,3000,FALSE,Pass2_RetroStart,RetroFromPass1FirstN,3000,20,20,100,25
Otake Hideo,2983,1226,1970-01-28,3075.8,TRUE,Pass2_RetroStart,RetroFromPass1FirstN,3000,20,20,100,25
Pan Fei,2983,77,2007-07-07,2951.5,TRUE,Pass2_RetroStart,RetroFromPass1FirstN,3000,20,20,100,25
Sumino Takeshi,2983,2,1971-07-15,3000,FALSE,Pass2_RetroStart,RetroFromPass1FirstN,3000,20,20,100,25
Suzuki Yoshimichi,2983,84,1995-03-08,3030.5,TRUE,Pass2_RetroStart,RetroFromPass1FirstN,3000,20,20,100,25
Utani Syunta,2983,11,2015-10-15,3000,FALSE,Pass2_RetroStart,RetroFromPass1FirstN,3000,20,20,100,25
Wang Yiru,2983,4,2023-07-14,3000,FALSE,Pass2_RetroStart,RetroFromPass1FirstN,3000,20,20,100,25
Watanabe Hideo,2983,4,1971-01-07,3000,FALSE,Pass2_RetroStart,RetroFromPass1FirstN,3000,20,20,100,25
Wu Shuhao,2983,42,2004-03-13,2949.9,TRUE,Pass2_RetroStart,RetroFromPass1FirstN,3000,20,20,100,25
Xiao Wei,2983,6,2009-12-19,3000,FALSE,Pass2_RetroStart,RetroFromPass1FirstN,3000,20,20,100,25
Yang Jongchan,2983,4,2024-03-26,3000,FALSE,Pass2_RetroStart,RetroFromPass1FirstN,3000,20,20,100,25
Zhang Xiyuan,2983,3,2022-03-03,3000,FALSE,Pass2_RetroStart,RetroFromPass1FirstN,3000,20,20,100,25
Zhang Xuan,2983,251,1984-04-11,2979.3,TRUE,Pass2_RetroStart,RetroFromPass1FirstN,3000,20,20,100,25
Zheng Yuhao,2983,85,2022-12-16,2837.6,TRUE,Pass2_RetroStart,RetroFromPass1FirstN,3000,20,20,100,25
Zhou Yuanjun,2983,22,2013-02-03,3000,TRUE,Pass2_RetroStart,RetroFromPass1FirstN,3000,20,20,100,25
Zhou Yushan,2983,5,2018-08-27,3000,FALSE,Pass2_RetroStart,RetroFromPass1FirstN,3000,20,20,100,25
Im Chaerin,2982,2,2023-05-17,3000,FALSE,Pass2_RetroStart,RetroFromPass1FirstN,3000,20,20,100,25
Ishii Kunio,2982,227,1970-05-13,2981.6,TRUE,Pass2_RetroStart,RetroFromPass1FirstN,3000,20,20,100,25
Kim Sangyoung,2982,2,2025-07-26,3000,FALSE,Pass2_RetroStart,RetroFromPass1FirstN,3000,20,20,100,25
Kitani Reiko,2982,10,1971-01-28,3000,FALSE,Pass2_RetroStart,RetroFromPass1FirstN,3000,20,20,100,25
Ko Iun,2982,5,2005-03-10,3000,FALSE,Pass2_RetroStart,RetroFromPass1FirstN,3000,20,20,100,25
Kunisawa Hiroto,2982,52,2012-02-22,2887.5,TRUE,Pass2_RetroStart,RetroFromPass1FirstN,3000,20,20,100,25
Li Biqi,2982,12,2013-12-09,3000,FALSE,Pass2_RetroStart,RetroFromPass1FirstN,3000,20,20,100,25
Li Chenshuo,2982,2,2010-09-11,3000,FALSE,Pass2_RetroStart,RetroFromPass1FirstN,3000,20,20,100,25
Li Linpu,2982,2,2024-03-30,3000,FALSE,Pass2_RetroStart,RetroFromPass1FirstN,3000,20,20,100,25
Li Wanpeng,2982,4,2013-09-27,3000,FALSE,Pass2_RetroStart,RetroFromPass1FirstN,3000,20,20,100,25
Lin Xiaotong,2982,2,2020-02-06,3000,FALSE,Pass2_RetroStart,RetroFromPass1FirstN,3000,20,20,100,25
Park Jeonggeun,2982,33,2005-02-24,2969.1,TRUE,Pass2_RetroStart,RetroFromPass1FirstN,3000,20,20,100,25
Shen Yien,2982,95,2023-01-03,3020.2,TRUE,Pass2_RetroStart,RetroFromPass1FirstN,3000,20,20,100,25
Shigekawa Akishi,2982,19,2023-04-05,3000,FALSE,Pass2_RetroStart,RetroFromPass1FirstN,3000,20,20,100,25
Song Pengwang,2982,2,2005-01-10,3000,FALSE,Pass2_RetroStart,RetroFromPass1FirstN,3000,20,20,100,25
Takahashi Toshimitsu,2982,4,1971-03-11,3000,FALSE,Pass2_RetroStart,RetroFromPass1FirstN,3000,20,20,100,25
Wang Hongwei,2982,2,2005-07-15,3000,FALSE,Pass2_RetroStart,RetroFromPass1FirstN,3000,20,20,100,25
Wang Qianyu,2982,2,2019-08-08,3000,FALSE,Pass2_RetroStart,RetroFromPass1FirstN,3000,20,20,100,25
Wang Yinli,2982,2,2015-10-17,3000,FALSE,Pass2_RetroStart,RetroFromPass1FirstN,3000,20,20,100,25
Wu Yanchen Ama.,2982,2,2021-02-22,3000,FALSE,Pass2_RetroStart,RetroFromPass1FirstN,3000,20,20,100,25
Xu Dun,2982,2,2003-08-07,3000,FALSE,Pass2_RetroStart,RetroFromPass1FirstN,3000,20,20,100,25
Xu Ge,2982,2,2017-04-16,3000,FALSE,Pass2_RetroStart,RetroFromPass1FirstN,3000,20,20,100,25
Yun Dawoo,2982,2,2023-02-15,3000,FALSE,Pass2_RetroStart,RetroFromPass1FirstN,3000,20,20,100,25
Zhang Jiahao,2982,13,2009-12-19,3000,FALSE,Pass2_RetroStart,RetroFromPass1FirstN,3000,20,20,100,25
Fujita Reo Insei,2981,2,2022-03-29,3000,FALSE,Pass2_RetroStart,RetroFromPass1FirstN,3000,20,20,100,25
Guo Tianrui,2981,6,2005-06-15,3000,FALSE,Pass2_RetroStart,RetroFromPass1FirstN,3000,20,20,100,25
Han Haewon,2981,4,1999-09-30,3000,FALSE,Pass2_RetroStart,RetroFromPass1FirstN,3000,20,20,100,25
Hong Maleunsaem,2981,37,2000-06-21,3027,TRUE,Pass2_RetroStart,RetroFromPass1FirstN,3000,20,20,100,25
Huang Chunqi,2981,24,2018-10-22,3000,TRUE,Pass2_RetroStart,RetroFromPass1FirstN,3000,20,20,100,25
Inaba Takahiro,2981,47,2009-10-31,3013.5,TRUE,Pass2_RetroStart,RetroFromPass1FirstN,3000,20,20,100,25
Jen Yongsoo,2981,21,2018-01-15,3000,TRUE,Pass2_RetroStart,RetroFromPass1FirstN,3000,20,20,100,25
Jin Qianqian,2981,6,1985-09-28,3000,FALSE,Pass2_RetroStart,RetroFromPass1FirstN,3000,20,20,100,25
Jin Shan,2981,2,2019-06-23,3000,FALSE,Pass2_RetroStart,RetroFromPass1FirstN,3000,20,20,100,25
Jong Hunhyun,2981,17,2019-09-29,3000,FALSE,Pass2_RetroStart,RetroFromPass1FirstN,3000,20,20,100,25
Kang Taehun,2981,2,2013-02-21,3000,FALSE,Pass2_RetroStart,RetroFromPass1FirstN,3000,20,20,100,25
Kim Minji,2981,4,2023-09-26,3000,FALSE,Pass2_RetroStart,RetroFromPass1FirstN,3000,20,20,100,25
Kogawa Konyu,2981,2,2014-12-18,3000,FALSE,Pass2_RetroStart,RetroFromPass1FirstN,3000,20,20,100,25
Liu Yaowen,2981,189,2006-01-07,3031.1,TRUE,Pass2_RetroStart,RetroFromPass1FirstN,3000,20,20,100,25
Ma Jiate,2981,14,2024-10-20,3000,FALSE,Pass2_RetroStart,RetroFromPass1FirstN,3000,20,20,100,25
Maruyama Toyoji,2981,2,1976-01-28,3000,FALSE,Pass2_RetroStart,RetroFromPass1FirstN,3000,20,20,100,25
Mizuno Ichiro,2981,2,1983-12-08,3000,FALSE,Pass2_RetroStart,RetroFromPass1FirstN,3000,20,20,100,25
Numadate Sakiya,2981,138,2010-08-23,3082.2,TRUE,Pass2_RetroStart,RetroFromPass1FirstN,3000,20,20,100,25
Tang Li,2981,4,2006-07-27,3000,FALSE,Pass2_RetroStart,RetroFromPass1FirstN,3000,20,20,100,25
Tei Meiki,2981,4,1982-05-10,3000,FALSE,Pass2_RetroStart,RetroFromPass1FirstN,3000,20,20,100,25
Wu Zhaoyi,2981,148,1987-06-10,3002.4,TRUE,Pass2_RetroStart,RetroFromPass1FirstN,3000,20,20,100,25
Xie Ke Ama.,2981,2,2013-06-29,3000,FALSE,Pass2_RetroStart,RetroFromPass1FirstN,3000,20,20,100,25
Yamamori Tadanao,2981,45,2000-08-08,2978,TRUE,Pass2_RetroStart,RetroFromPass1FirstN,3000,20,20,100,25
Yang Fude Ama.,2981,2,2024-01-15,3000,FALSE,Pass2_RetroStart,RetroFromPass1FirstN,3000,20,20,100,25
Yang Wenkai,2981,4,2017-11-02,3000,FALSE,Pass2_RetroStart,RetroFromPass1FirstN,3000,20,20,100,25
Yoshida Yoichi (k),2981,8,1971-12-09,3000,FALSE,Pass2_RetroStart,RetroFromPass1FirstN,3000,20,20,100,25
Zhan Pinjia Ama.,2981,2,2017-08-16,3000,FALSE,Pass2_RetroStart,RetroFromPass1FirstN,3000,20,20,100,25
Zhao Dong,2981,7,1991-05-26,3000,FALSE,Pass2_RetroStart,RetroFromPass1FirstN,3000,20,20,100,25
Gansheng Shi,2980,10,2014-05-09,3000,FALSE,Pass2_RetroStart,RetroFromPass1FirstN,3000,20,20,100,25
Gong Shiyun,2980,2,1996-02-29,3000,FALSE,Pass2_RetroStart,RetroFromPass1FirstN,3000,20,20,100,25
Heo Jin,2980,10,2010-08-02,3000,FALSE,Pass2_RetroStart,RetroFromPass1FirstN,3000,20,20,100,25
Inoue Kunio,2980,22,1975-11-12,3000,TRUE,Pass2_RetroStart,RetroFromPass1FirstN,3000,20,20,100,25
Iwai Ryuichi Ama.,2980,2,2005-01-23,3000,FALSE,Pass2_RetroStart,RetroFromPass1FirstN,3000,20,20,100,25
Jonas Welticke,2980,5,2015-12-16,3000,FALSE,Pass2_RetroStart,RetroFromPass1FirstN,3000,20,20,100,25
Ju Chihong,2980,4,2020-04-21,3000,FALSE,Pass2_RetroStart,RetroFromPass1FirstN,3000,20,20,100,25
Kim Jwaki,2980,34,1984-07-10,2988.6,TRUE,Pass2_RetroStart,RetroFromPass1FirstN,3000,20,20,100,25
Kusaka Kaneo,2980,2,1983-04-07,3000,FALSE,Pass2_RetroStart,RetroFromPass1FirstN,3000,20,20,100,25
Kwa Jiehui,2980,6,2017-04-21,3000,FALSE,Pass2_RetroStart,RetroFromPass1FirstN,3000,20,20,100,25
Kwon Kapyong,2980,14,1986-08-08,3000,FALSE,Pass2_RetroStart,RetroFromPass1FirstN,3000,20,20,100,25
Li Chongde,2980,4,2024-03-29,3000,FALSE,Pass2_RetroStart,RetroFromPass1FirstN,3000,20,20,100,25
Li Qinghai,2980,6,1988-06-19,3000,FALSE,Pass2_RetroStart,RetroFromPass1FirstN,3000,20,20,100,25
Lin Ming Ama.,2980,3,2017-08-16,3000,FALSE,Pass2_RetroStart,RetroFromPass1FirstN,3000,20,20,100,25
Ma Guangzi,2980,15,2015-08-25,3000,FALSE,Pass2_RetroStart,RetroFromPass1FirstN,3000,20,20,100,25
Maeda Nobuaki,2980,3,1972-08-10,3000,FALSE,Pass2_RetroStart,RetroFromPass1FirstN,3000,20,20,100,25
Mashiko Fumihiko,2980,3,1995-11-16,3000,FALSE,Pass2_RetroStart,RetroFromPass1FirstN,3000,20,20,100,25
Miyazaki Hiroshi,2980,4,1973-01-17,3000,FALSE,Pass2_RetroStart,RetroFromPass1FirstN,3000,20,20,100,25
Mizutani Morie,2980,2,1981-06-08,3000,FALSE,Pass2_RetroStart,RetroFromPass1FirstN,3000,20,20,100,25
Nagasaki Yuji,2980,2,2021-08-18,3000,FALSE,Pass2_RetroStart,RetroFromPass1FirstN,3000,20,20,100,25
Rui Naiwei,2980,970,1982-06-22,3022.4,TRUE,Pass2_RetroStart,RetroFromPass1FirstN,3000,20,20,100,25
Shi Jinbo,2980,5,2000-04-13,3000,FALSE,Pass2_RetroStart,RetroFromPass1FirstN,3000,20,20,100,25
Shi Yulai,2980,43,2014-01-11,2917.1,TRUE,Pass2_RetroStart,RetroFromPass1FirstN,3000,20,20,100,25
Su Su,2980,6,2003-04-03,3000,FALSE,Pass2_RetroStart,RetroFromPass1FirstN,3000,20,20,100,25
Takagi Junpei Insei,2980,2,2009-01-26,3000,FALSE,Pass2_RetroStart,RetroFromPass1FirstN,3000,20,20,100,25
Takeda Misawo,2980,8,1983-03-09,3000,FALSE,Pass2_RetroStart,RetroFromPass1FirstN,3000,20,20,100,25
Tan Yanwu,2980,48,1984-03-01,2997.5,TRUE,Pass2_RetroStart,RetroFromPass1FirstN,3000,20,20,100,25
Yoshida Shoji,2980,3,2017-02-08,3000,FALSE,Pass2_RetroStart,RetroFromPass1FirstN,3000,20,20,100,25
Zhou Yutang Ama.,2980,2,2024-08-02,3000,FALSE,Pass2_RetroStart,RetroFromPass1FirstN,3000,20,20,100,25
Cai Lichen,2979,2,2019-08-29,3000,FALSE,Pass2_RetroStart,RetroFromPass1FirstN,3000,20,20,100,25
Elvina Kalsberg,2979,4,2016-02-26,3000,FALSE,Pass2_RetroStart,RetroFromPass1FirstN,3000,20,20,100,25
Gao Yidian,2979,3,2018-06-11,3000,FALSE,Pass2_RetroStart,RetroFromPass1FirstN,3000,20,20,100,25
Gao Yu,2979,9,2009-12-19,3000,FALSE,Pass2_RetroStart,RetroFromPass1FirstN,3000,20,20,100,25
Goto Ichi Insei,2979,2,2022-03-29,3000,FALSE,Pass2_RetroStart,RetroFromPass1FirstN,3000,20,20,100,25
Ishida Yoshio,2979,998,1970-02-05,3223,TRUE,Pass2_RetroStart,RetroFromPass1FirstN,3000,20,20,100,25
Ishii Mamoru,2979,34,1971-01-07,3024.2,TRUE,Pass2_RetroStart,RetroFromPass1FirstN,3000,20,20,100,25
Iwai Shinichi,2979,2,2010-11-24,3000,FALSE,Pass2_RetroStart,RetroFromPass1FirstN,3000,20,20,100,25
Kano Yoshinori,2979,21,1970-01-07,3000,TRUE,Pass2_RetroStart,RetroFromPass1FirstN,3000,20,20,100,25
Liu Tong,2979,8,2007-07-11,3000,FALSE,Pass2_RetroStart,RetroFromPass1FirstN,3000,20,20,100,25
Qin Jialin,2979,3,2019-09-23,3000,FALSE,Pass2_RetroStart,RetroFromPass1FirstN,3000,20,20,100,25
Rita Pocsai Ama.,2979,2,2019-04-26,3000,FALSE,Pass2_RetroStart,RetroFromPass1FirstN,3000,20,20,100,25
Yamanouchi Masaki,2979,2,2007-11-28,3000,FALSE,Pass2_RetroStart,RetroFromPass1FirstN,3000,20,20,100,25
Ye Zimeng,2979,9,2023-08-03,3000,FALSE,Pass2_RetroStart,RetroFromPass1FirstN,3000,20,20,100,25
Yuan Jie,2979,11,2017-09-17,3000,FALSE,Pass2_RetroStart,RetroFromPass1FirstN,3000,20,20,100,25
Zhang Nianqi,2979,4,2009-03-03,3000,FALSE,Pass2_RetroStart,RetroFromPass1FirstN,3000,20,20,100,25
Cai Mingrui,2978,5,2026-01-02,3000,FALSE,Pass2_RetroStart,RetroFromPass1FirstN,3000,20,20,100,25
Ge Yongfei,2978,8,2013-12-12,3000,FALSE,Pass2_RetroStart,RetroFromPass1FirstN,3000,20,20,100,25
Im Jinwook,2978,14,2023-01-09,3000,FALSE,Pass2_RetroStart,RetroFromPass1FirstN,3000,20,20,100,25
Kang Changbae,2978,44,2007-08-01,2909.3,TRUE,Pass2_RetroStart,RetroFromPass1FirstN,3000,20,20,100,25
Kim Dongwoo,2978,9,2017-01-25,3000,FALSE,Pass2_RetroStart,RetroFromPass1FirstN,3000,20,20,100,25
Ko Reibun,2978,71,1998-09-08,2943.1,TRUE,Pass2_RetroStart,RetroFromPass1FirstN,3000,20,20,100,25
Kurahashi Shozo,2978,8,1976-03-25,3000,FALSE,Pass2_RetroStart,RetroFromPass1FirstN,3000,20,20,100,25
Li Le,2978,22,2007-07-11,3000,TRUE,Pass2_RetroStart,RetroFromPass1FirstN,3000,20,20,100,25
Liu Zixia,2978,3,2024-03-29,3000,FALSE,Pass2_RetroStart,RetroFromPass1FirstN,3000,20,20,100,25
Lu Tiansheng,2978,4,2012-08-10,3000,FALSE,Pass2_RetroStart,RetroFromPass1FirstN,3000,20,20,100,25
Meng Yongmei,2978,2,2021-09-13,3000,FALSE,Pass2_RetroStart,RetroFromPass1FirstN,3000,20,20,100,25
Nakazono Seizo Ama.,2978,8,2002-02-25,3000,FALSE,Pass2_RetroStart,RetroFromPass1FirstN,3000,20,20,100,25
Okumura Noboru,2978,2,1978-03-02,3000,FALSE,Pass2_RetroStart,RetroFromPass1FirstN,3000,20,20,100,25
Pan Tingyu,2978,17,2015-08-13,3000,FALSE,Pass2_RetroStart,RetroFromPass1FirstN,3000,20,20,100,25
Rafif Shidqi Fitrah,2978,16,2021-04-19,3000,FALSE,Pass2_RetroStart,RetroFromPass1FirstN,3000,20,20,100,25
Seki Kazuya,2978,7,1981-03-25,3000,FALSE,Pass2_RetroStart,RetroFromPass1FirstN,3000,20,20,100,25
Sun Liyan,2978,50,2024-01-05,2983.8,TRUE,Pass2_RetroStart,RetroFromPass1FirstN,3000,20,20,100,25
Tanimura Yoshiyuki,2978,5,1985-11-14,3000,FALSE,Pass2_RetroStart,RetroFromPass1FirstN,3000,20,20,100,25
Wang Bogang,2978,8,1991-05-26,3000,FALSE,Pass2_RetroStart,RetroFromPass1FirstN,3000,20,20,100,25
Wang Haotian,2978,3,2019-09-18,3000,FALSE,Pass2_RetroStart,RetroFromPass1FirstN,3000,20,20,100,25
Yamada Shinji,2978,58,2003-08-04,3008.4,TRUE,Pass2_RetroStart,RetroFromPass1FirstN,3000,20,20,100,25
Zhang Jiayao,2978,3,2017-06-11,3000,FALSE,Pass2_RetroStart,RetroFromPass1FirstN,3000,20,20,100,25
Zheng Zijian,2978,2,2019-09-22,3000,FALSE,Pass2_RetroStart,RetroFromPass1FirstN,3000,20,20,100,25
Zhu Junhuan,2978,6,2013-06-04,3000,FALSE,Pass2_RetroStart,RetroFromPass1FirstN,3000,20,20,100,25
Cornel Burzo Ama.,2977,3,2024-05-19,3000,FALSE,Pass2_RetroStart,RetroFromPass1FirstN,3000,20,20,100,25
Geng Wenbin,2977,5,2007-07-11,3000,FALSE,Pass2_RetroStart,RetroFromPass1FirstN,3000,20,20,100,25
Hu Yuqing Ama.,2977,3,2021-06-22,3000,FALSE,Pass2_RetroStart,RetroFromPass1FirstN,3000,20,20,100,25
Huang Mingfen Ama.,2977,3,2025-08-06,3000,FALSE,Pass2_RetroStart,RetroFromPass1FirstN,3000,20,20,100,25
Inoue Naomi,2977,2,1988-09-14,3000,FALSE,Pass2_RetroStart,RetroFromPass1FirstN,3000,20,20,100,25
Kishimoto Kazuo,2977,8,1979-03-01,3000,FALSE,Pass2_RetroStart,RetroFromPass1FirstN,3000,20,20,100,25
Kwon Omin,2977,15,2001-04-03,3000,FALSE,Pass2_RetroStart,RetroFromPass1FirstN,3000,20,20,100,25
Lin Hongbing Ama.,2977,7,2015-08-17,3000,FALSE,Pass2_RetroStart,RetroFromPass1FirstN,3000,20,20,100,25
Ma Yuanyuan,2977,2,2014-09-04,3000,FALSE,Pass2_RetroStart,RetroFromPass1FirstN,3000,20,20,100,25
Okuda Aya,2977,285,2005-04-26,2950,TRUE,Pass2_RetroStart,RetroFromPass1FirstN,3000,20,20,100,25
Shinohara Masami,2977,2,1976-02-26,3000,FALSE,Pass2_RetroStart,RetroFromPass1FirstN,3000,20,20,100,25
Takamure Tetsuro,2977,2,1980-01-23,3000,FALSE,Pass2_RetroStart,RetroFromPass1FirstN,3000,20,20,100,25
Tang Tianyuan,2977,2,2021-10-21,3000,FALSE,Pass2_RetroStart,RetroFromPass1FirstN,3000,20,20,100,25
Tao Hanwen,2977,8,2012-05-26,3000,FALSE,Pass2_RetroStart,RetroFromPass1FirstN,3000,20,20,100,25
Torii Yuta,2977,26,2016-11-26,2975.1,TRUE,Pass2_RetroStart,RetroFromPass1FirstN,3000,20,20,100,25
Wang Shuang,2977,236,2012-03-09,3059.2,TRUE,Pass2_RetroStart,RetroFromPass1FirstN,3000,20,20,100,25
Wang Youxia,2977,52,2005-12-14,3062.1,TRUE,Pass2_RetroStart,RetroFromPass1FirstN,3000,20,20,100,25
Zhu Shaowei,2977,2,2018-01-25,3000,FALSE,Pass2_RetroStart,RetroFromPass1FirstN,3000,20,20,100,25
Benjamin Lockhart,2976,5,2015-09-08,3000,FALSE,Pass2_RetroStart,RetroFromPass1FirstN,3000,20,20,100,25
Cao Ruxu,2976,3,2017-01-05,3000,FALSE,Pass2_RetroStart,RetroFromPass1FirstN,3000,20,20,100,25
Chen Ying,2976,4,2006-10-09,3000,FALSE,Pass2_RetroStart,RetroFromPass1FirstN,3000,20,20,100,25
Fujisawa Rihide Insei,2976,6,2022-04-01,3000,FALSE,Pass2_RetroStart,RetroFromPass1FirstN,3000,20,20,100,25
Fujiwara Katsuya,2976,6,2015-01-22,3000,FALSE,Pass2_RetroStart,RetroFromPass1FirstN,3000,20,20,100,25
Hata Hidefumi,2976,3,1980-01-23,3000,FALSE,Pass2_RetroStart,RetroFromPass1FirstN,3000,20,20,100,25
He Xiaoren,2976,14,1985-04-30,3000,FALSE,Pass2_RetroStart,RetroFromPass1FirstN,3000,20,20,100,25
Honda Mariko,2976,7,2020-12-03,3000,FALSE,Pass2_RetroStart,RetroFromPass1FirstN,3000,20,20,100,25
Jing Shi,2976,11,2003-04-23,3000,FALSE,Pass2_RetroStart,RetroFromPass1FirstN,3000,20,20,100,25
Kawai Tetsuyuki,2976,10,1976-11-17,3000,FALSE,Pass2_RetroStart,RetroFromPass1FirstN,3000,20,20,100,25
Li Yachun,2976,16,1983-11-25,3000,FALSE,Pass2_RetroStart,RetroFromPass1FirstN,3000,20,20,100,25
Nishigami Yoshihiko,2976,3,1978-07-06,3000,FALSE,Pass2_RetroStart,RetroFromPass1FirstN,3000,20,20,100,25
Sakai Michiharu,2976,12,1972-09-21,3000,FALSE,Pass2_RetroStart,RetroFromPass1FirstN,3000,20,20,100,25
Tang Jing,2976,5,2007-07-11,3000,FALSE,Pass2_RetroStart,RetroFromPass1FirstN,3000,20,20,100,25
Xu Jiawei,2976,5,2015-08-22,3000,FALSE,Pass2_RetroStart,RetroFromPass1FirstN,3000,20,20,100,25
Yamazaki Masuo,2976,7,1970-12-10,3000,FALSE,Pass2_RetroStart,RetroFromPass1FirstN,3000,20,20,100,25
Zeng Yuchen Ama.,2976,2,2015-08-17,3000,FALSE,Pass2_RetroStart,RetroFromPass1FirstN,3000,20,20,100,25
Zhang Xinyue,2976,10,2020-11-17,3000,FALSE,Pass2_RetroStart,RetroFromPass1FirstN,3000,20,20,100,25
Zhao Yifang,2976,21,2015-05-02,3000,TRUE,Pass2_RetroStart,RetroFromPass1FirstN,3000,20,20,100,25
Zheng Yuhang,2976,13,2012-10-21,3000,FALSE,Pass2_RetroStart,RetroFromPass1FirstN,3000,20,20,100,25
Chen Naishen Ama.,2975,9,2021-06-08,3000,FALSE,Pass2_RetroStart,RetroFromPass1FirstN,3000,20,20,100,25
Chu Fei,2975,18,2000-04-13,3000,FALSE,Pass2_RetroStart,RetroFromPass1FirstN,3000,20,20,100,25
Gao Kan,2975,5,2024-11-11,3000,FALSE,Pass2_RetroStart,RetroFromPass1FirstN,3000,20,20,100,25
Hane Shigeko,2975,4,2000-06-07,3000,FALSE,Pass2_RetroStart,RetroFromPass1FirstN,3000,20,20,100,25
Kajiwara Takeo,2975,117,1970-01-15,2994.4,TRUE,Pass2_RetroStart,RetroFromPass1FirstN,3000,20,20,100,25
Kitano Ryo,2975,51,1998-09-07,3089.4,TRUE,Pass2_RetroStart,RetroFromPass1FirstN,3000,20,20,100,25
Komatsu Daiki,2975,35,2012-02-06,2988.7,TRUE,Pass2_RetroStart,RetroFromPass1FirstN,3000,20,20,100,25
Lee Beomjin,2975,4,2012-04-02,3000,FALSE,Pass2_RetroStart,RetroFromPass1FirstN,3000,20,20,100,25
Li Gang,2975,9,1990-11-13,3000,FALSE,Pass2_RetroStart,RetroFromPass1FirstN,3000,20,20,100,25
Liu Yuncheng,2975,7,2017-01-12,3000,FALSE,Pass2_RetroStart,RetroFromPass1FirstN,3000,20,20,100,25
Miyamoto Yoshihisa,2975,65,1974-10-16,2955.9,TRUE,Pass2_RetroStart,RetroFromPass1FirstN,3000,20,20,100,25
Shigekawa Akishi Insei,2975,2,2022-03-29,3000,FALSE,Pass2_RetroStart,RetroFromPass1FirstN,3000,20,20,100,25
Takemiya Masaki,2975,1298,1970-07-30,3122.4,TRUE,Pass2_RetroStart,RetroFromPass1FirstN,3000,20,20,100,25
Wang Yucheng,2975,8,2020-11-14,3000,FALSE,Pass2_RetroStart,RetroFromPass1FirstN,3000,20,20,100,25
Xie Zimeng,2975,10,2023-07-14,3000,FALSE,Pass2_RetroStart,RetroFromPass1FirstN,3000,20,20,100,25
Ye Zihan,2975,7,2023-04-06,3000,FALSE,Pass2_RetroStart,RetroFromPass1FirstN,3000,20,20,100,25
Zhang Mingkang,2975,5,2019-09-18,3000,FALSE,Pass2_RetroStart,RetroFromPass1FirstN,3000,20,20,100,25
Zhao Wei,2975,3,2015-01-11,3000,FALSE,Pass2_RetroStart,RetroFromPass1FirstN,3000,20,20,100,25
Zhao Yuhong,2975,5,1995-04-05,3000,FALSE,Pass2_RetroStart,RetroFromPass1FirstN,3000,20,20,100,25
Ariane Ougier Ama.,2974,6,2019-04-26,3000,FALSE,Pass2_RetroStart,RetroFromPass1FirstN,3000,20,20,100,25
Cheng Guan,2974,4,2013-07-02,3000,FALSE,Pass2_RetroStart,RetroFromPass1FirstN,3000,20,20,100,25
Du Yufeng,2974,3,1993-12-20,3000,FALSE,Pass2_RetroStart,RetroFromPass1FirstN,3000,20,20,100,25
Im Soontaek,2974,5,1986-04-11,3000,FALSE,Pass2_RetroStart,RetroFromPass1FirstN,3000,20,20,100,25
Liao Guanhong,2974,18,2006-01-03,3000,FALSE,Pass2_RetroStart,RetroFromPass1FirstN,3000,20,20,100,25
Liu Sijia,2974,2,2015-08-26,3000,FALSE,Pass2_RetroStart,RetroFromPass1FirstN,3000,20,20,100,25
Noh Woojin,2974,2,2025-07-19,3000,FALSE,Pass2_RetroStart,RetroFromPass1FirstN,3000,20,20,100,25
Oya Koichi,2974,187,1984-09-01,3022.7,TRUE,Pass2_RetroStart,RetroFromPass1FirstN,3000,20,20,100,25
Pan Kunyu,2974,3,2007-02-08,3000,FALSE,Pass2_RetroStart,RetroFromPass1FirstN,3000,20,20,100,25
Pan Wenjun,2974,12,2005-06-19,3000,FALSE,Pass2_RetroStart,RetroFromPass1FirstN,3000,20,20,100,25
Qiu Zilin,2974,7,2021-08-25,3000,FALSE,Pass2_RetroStart,RetroFromPass1FirstN,3000,20,20,100,25
Sekine Naohisa,2974,5,1977-12-07,3000,FALSE,Pass2_RetroStart,RetroFromPass1FirstN,3000,20,20,100,25
Viktor Lin,2974,2,2015-04-03,3000,FALSE,Pass2_RetroStart,RetroFromPass1FirstN,3000,20,20,100,25
Yoshioka Kaoru,2974,4,1988-12-15,3000,FALSE,Pass2_RetroStart,RetroFromPass1FirstN,3000,20,20,100,25
Zhang Junzhe,2974,5,2016-12-15,3000,FALSE,Pass2_RetroStart,RetroFromPass1FirstN,3000,20,20,100,25
Zheng Hongyi,2974,3,2013-08-13,3000,FALSE,Pass2_RetroStart,RetroFromPass1FirstN,3000,20,20,100,25
Chen Mingjin,2973,5,2009-08-20,3000,FALSE,Pass2_RetroStart,RetroFromPass1FirstN,3000,20,20,100,25
Chen Yafeng,2973,8,2015-02-05,3000,FALSE,Pass2_RetroStart,RetroFromPass1FirstN,3000,20,20,100,25
Cho Mikyung,2973,5,2006-08-31,3000,FALSE,Pass2_RetroStart,RetroFromPass1FirstN,3000,20,20,100,25
Diana Koszegi,2973,5,2000-08-18,3000,FALSE,Pass2_RetroStart,RetroFromPass1FirstN,3000,20,20,100,25
Kang Cheolmin,2973,21,1974-12-04,3000,TRUE,Pass2_RetroStart,RetroFromPass1FirstN,3000,20,20,100,25
Kiyonari Mao,2973,3,2021-11-03,3000,FALSE,Pass2_RetroStart,RetroFromPass1FirstN,3000,20,20,100,25
Krit Jamkachornkiat,2973,4,2015-05-08,3000,FALSE,Pass2_RetroStart,RetroFromPass1FirstN,3000,20,20,100,25
Qiu Jinbo,2973,33,2009-12-19,2936.1,TRUE,Pass2_RetroStart,RetroFromPass1FirstN,3000,20,20,100,25
Sakai Takeshi,2973,162,1970-12-03,2999.8,TRUE,Pass2_RetroStart,RetroFromPass1FirstN,3000,20,20,100,25
Takei Takashi,2973,83,2000-01-27,2885.1,TRUE,Pass2_RetroStart,RetroFromPass1FirstN,3000,20,20,100,25
Wu Chenjue,2973,3,2016-01-11,3000,FALSE,Pass2_RetroStart,RetroFromPass1FirstN,3000,20,20,100,25
Xie Yixun Ama.,2973,2,2018-08-09,3000,FALSE,Pass2_RetroStart,RetroFromPass1FirstN,3000,20,20,100,25
Zeng Pinjie,2973,167,2020-01-14,2975,TRUE,Pass2_RetroStart,RetroFromPass1FirstN,3000,20,20,100,25
Aaron Ye,2972,4,2014-12-20,3000,FALSE,Pass2_RetroStart,RetroFromPass1FirstN,3000,20,20,100,25
Alexej Lazarev,2972,4,1992-04-04,3000,FALSE,Pass2_RetroStart,RetroFromPass1FirstN,3000,20,20,100,25
Ando Kazushige,2972,76,2005-08-08,2993.2,TRUE,Pass2_RetroStart,RetroFromPass1FirstN,3000,20,20,100,25
Anton Chernykh,2972,5,2018-04-20,3000,FALSE,Pass2_RetroStart,RetroFromPass1FirstN,3000,20,20,100,25
Chen Zhaonian,2972,5,2013-12-22,3000,FALSE,Pass2_RetroStart,RetroFromPass1FirstN,3000,20,20,100,25
Hiroe Katsuhiko,2972,12,1978-02-02,3000,FALSE,Pass2_RetroStart,RetroFromPass1FirstN,3000,20,20,100,25
Hoshikawa Nobuaki,2972,5,1978-03-15,3000,FALSE,Pass2_RetroStart,RetroFromPass1FirstN,3000,20,20,100,25
Kim Seongrae,2972,7,2002-01-02,3000,FALSE,Pass2_RetroStart,RetroFromPass1FirstN,3000,20,20,100,25
Kim Sooyoung,2972,9,1988-04-15,3000,FALSE,Pass2_RetroStart,RetroFromPass1FirstN,3000,20,20,100,25
Kosugi Masaru,2972,9,1975-11-19,3000,FALSE,Pass2_RetroStart,RetroFromPass1FirstN,3000,20,20,100,25
Kuwabara Shun,2972,42,2016-12-15,2997.5,TRUE,Pass2_RetroStart,RetroFromPass1FirstN,3000,20,20,100,25
Li Ying (s),2972,15,2005-07-16,3000,FALSE,Pass2_RetroStart,RetroFromPass1FirstN,3000,20,20,100,25
Lin Xiaotong Ama.,2972,23,2015-08-17,3000,TRUE,Pass2_RetroStart,RetroFromPass1FirstN,3000,20,20,100,25
Nakamura Kuniko,2972,3,1979-01-17,3000,FALSE,Pass2_RetroStart,RetroFromPass1FirstN,3000,20,20,100,25
Pan Feng,2972,14,2000-04-13,3000,FALSE,Pass2_RetroStart,RetroFromPass1FirstN,3000,20,20,100,25
Seo Junwoo,2972,7,2023-12-26,3000,FALSE,Pass2_RetroStart,RetroFromPass1FirstN,3000,20,20,100,25
Seo Nungwuk,2972,473,1983-11-11,3030.5,TRUE,Pass2_RetroStart,RetroFromPass1FirstN,3000,20,20,100,25
Song Xuelin,2972,109,1982-07-10,2999,TRUE,Pass2_RetroStart,RetroFromPass1FirstN,3000,20,20,100,25
Tainaka Shin,2972,6,1972-11-30,3000,FALSE,Pass2_RetroStart,RetroFromPass1FirstN,3000,20,20,100,25
Takeda Hakuai,2972,3,1971-01-21,3000,FALSE,Pass2_RetroStart,RetroFromPass1FirstN,3000,20,20,100,25
Yoshida Harumi,2972,3,1989-02-15,3000,FALSE,Pass2_RetroStart,RetroFromPass1FirstN,3000,20,20,100,25
Yu Ruilin,2972,4,2025-03-31,3000,FALSE,Pass2_RetroStart,RetroFromPass1FirstN,3000,20,20,100,25
Zhang Yuqiao Ama.,2972,2,2024-08-02,3000,FALSE,Pass2_RetroStart,RetroFromPass1FirstN,3000,20,20,100,25
Dina Burdakova Ama.,2971,3,2019-04-26,3000,FALSE,Pass2_RetroStart,RetroFromPass1FirstN,3000,20,20,100,25
Inagaki Yo,2971,4,1994-02-09,3000,FALSE,Pass2_RetroStart,RetroFromPass1FirstN,3000,20,20,100,25
Kim Heejung,2971,50,1983-08-22,3026.2,TRUE,Pass2_RetroStart,RetroFromPass1FirstN,3000,20,20,100,25
Kim Jinhun,2971,8,2011-07-28,3000,FALSE,Pass2_RetroStart,RetroFromPass1FirstN,3000,20,20,100,25
Kim Nuri,2971,20,2012-04-20,3000,TRUE,Pass2_RetroStart,RetroFromPass1FirstN,3000,20,20,100,25
Kim Seongi,2971,43,2017-01-18,2861.2,TRUE,Pass2_RetroStart,RetroFromPass1FirstN,3000,20,20,100,25
Kim Yoochan,2971,3,2020-03-13,3000,FALSE,Pass2_RetroStart,RetroFromPass1FirstN,3000,20,20,100,25
Kitazawa Masaaki,2971,5,2020-12-21,3000,FALSE,Pass2_RetroStart,RetroFromPass1FirstN,3000,20,20,100,25
Ko Kwangmyeong,2971,5,1991-02-08,3000,FALSE,Pass2_RetroStart,RetroFromPass1FirstN,3000,20,20,100,25
Lee Eodukdong,2971,25,2016-05-21,2955.3,TRUE,Pass2_RetroStart,RetroFromPass1FirstN,3000,20,20,100,25
Li Zhenxiong,2971,12,2010-09-02,3000,FALSE,Pass2_RetroStart,RetroFromPass1FirstN,3000,20,20,100,25
Niu Lili,2971,6,1985-04-25,3000,FALSE,Pass2_RetroStart,RetroFromPass1FirstN,3000,20,20,100,25
Song Ronghui,2971,304,2006-10-10,3024,TRUE,Pass2_RetroStart,RetroFromPass1FirstN,3000,20,20,100,25
Tamaki Shinobu,2971,9,1990-06-25,3000,FALSE,Pass2_RetroStart,RetroFromPass1FirstN,3000,20,20,100,25
Wang Yuzi,2971,12,2009-03-03,3000,FALSE,Pass2_RetroStart,RetroFromPass1FirstN,3000,20,20,100,25
Wang Zexuan,2971,4,2024-03-30,3000,FALSE,Pass2_RetroStart,RetroFromPass1FirstN,3000,20,20,100,25
Yokoyama Koichi,2971,11,1971-01-28,3000,FALSE,Pass2_RetroStart,RetroFromPass1FirstN,3000,20,20,100,25
Zhao Shouxun,2971,137,2001-04-26,2928.4,TRUE,Pass2_RetroStart,RetroFromPass1FirstN,3000,20,20,100,25
Akedo Kazumi,2970,8,1978-02-22,3000,FALSE,Pass2_RetroStart,RetroFromPass1FirstN,3000,20,20,100,25
Chen Feng,2970,121,2004-02-01,2869.3,TRUE,Pass2_RetroStart,RetroFromPass1FirstN,3000,20,20,100,25
Chen Mingchuan,2970,7,1985-05-07,3000,FALSE,Pass2_RetroStart,RetroFromPass1FirstN,3000,20,20,100,25
Kim Eunji Ama.,2970,3,2018-01-15,3000,FALSE,Pass2_RetroStart,RetroFromPass1FirstN,3000,20,20,100,25
Kurotaki Masaki,2970,41,1997-08-25,2995.8,TRUE,Pass2_RetroStart,RetroFromPass1FirstN,3000,20,20,100,25
Nakagawa Shinji,2970,12,1971-02-11,3000,FALSE,Pass2_RetroStart,RetroFromPass1FirstN,3000,20,20,100,25
Seon Seungmin,2970,7,2018-01-11,3000,FALSE,Pass2_RetroStart,RetroFromPass1FirstN,3000,20,20,100,25
Shirae Haruhiko,2970,19,1971-02-18,3000,FALSE,Pass2_RetroStart,RetroFromPass1FirstN,3000,20,20,100,25
Sugiuchi Masao,2970,157,1970-03-26,2935.8,TRUE,Pass2_RetroStart,RetroFromPass1FirstN,3000,20,20,100,25
Teng Cheng,2970,5,2003-12-23,3000,FALSE,Pass2_RetroStart,RetroFromPass1FirstN,3000,20,20,100,25
Chen Chen,2969,5,2021-08-26,3000,FALSE,Pass2_RetroStart,RetroFromPass1FirstN,3000,20,20,100,25
Chen Qingqin Ama.,2969,2,2016-08-17,3000,FALSE,Pass2_RetroStart,RetroFromPass1FirstN,3000,20,20,100,25
Chen Si,2969,6,2014-06-16,3000,FALSE,Pass2_RetroStart,RetroFromPass1FirstN,3000,20,20,100,25
Chotoku Tetsushi,2969,18,2019-01-07,3000,FALSE,Pass2_RetroStart,RetroFromPass1FirstN,3000,20,20,100,25
Enda Hideki,2969,47,1985-03-27,3034.7,TRUE,Pass2_RetroStart,RetroFromPass1FirstN,3000,20,20,100,25
Goto Ichi,2969,18,2023-03-30,3000,FALSE,Pass2_RetroStart,RetroFromPass1FirstN,3000,20,20,100,25
Kikuchi Masatoshi,2969,11,2012-02-20,3000,FALSE,Pass2_RetroStart,RetroFromPass1FirstN,3000,20,20,100,25
Kim Won,2969,9,1989-02-28,3000,FALSE,Pass2_RetroStart,RetroFromPass1FirstN,3000,20,20,100,25
Lee Kyehun,2969,4,1987-04-19,3000,FALSE,Pass2_RetroStart,RetroFromPass1FirstN,3000,20,20,100,25
Li Jie (2),2969,7,2004-01-18,3000,FALSE,Pass2_RetroStart,RetroFromPass1FirstN,3000,20,20,100,25
Liu Zimeng,2969,4,2024-03-30,3000,FALSE,Pass2_RetroStart,RetroFromPass1FirstN,3000,20,20,100,25
Magari Reiki,2969,69,1971-12-01,2927.2,TRUE,Pass2_RetroStart,RetroFromPass1FirstN,3000,20,20,100,25
Mizuno Hiroshi,2969,3,1986-01-30,3000,FALSE,Pass2_RetroStart,RetroFromPass1FirstN,3000,20,20,100,25
Muraoka Shigeyuki,2969,6,1985-05-05,3000,FALSE,Pass2_RetroStart,RetroFromPass1FirstN,3000,20,20,100,25
Naito Rikuto Insei,2969,3,2023-04-04,3000,FALSE,Pass2_RetroStart,RetroFromPass1FirstN,3000,20,20,100,25
Shi Zhien,2969,11,2021-08-26,3000,FALSE,Pass2_RetroStart,RetroFromPass1FirstN,3000,20,20,100,25
Thomas Debarre,2969,5,2013-09-02,3000,FALSE,Pass2_RetroStart,RetroFromPass1FirstN,3000,20,20,100,25
Ueda Takashi,2969,13,2011-02-14,3000,FALSE,Pass2_RetroStart,RetroFromPass1FirstN,3000,20,20,100,25
Wang Jun,2969,4,2003-04-02,3000,FALSE,Pass2_RetroStart,RetroFromPass1FirstN,3000,20,20,100,25
Yu Jin,2969,12,2012-10-30,3000,FALSE,Pass2_RetroStart,RetroFromPass1FirstN,3000,20,20,100,25
Chen Linxin,2968,210,1983-06-23,2886.4,TRUE,Pass2_RetroStart,RetroFromPass1FirstN,3000,20,20,100,25
Cui Bodong,2968,11,2008-12-16,3000,FALSE,Pass2_RetroStart,RetroFromPass1FirstN,3000,20,20,100,25
Kanai Tenpei,2968,4,1991-09-02,3000,FALSE,Pass2_RetroStart,RetroFromPass1FirstN,3000,20,20,100,25
Katsuma Shiro,2968,11,1994-02-09,3000,FALSE,Pass2_RetroStart,RetroFromPass1FirstN,3000,20,20,100,25
Nakane Daiki Insei,2968,3,2024-07-31,3000,FALSE,Pass2_RetroStart,RetroFromPass1FirstN,3000,20,20,100,25
Oeda Yusuke,2968,12,1970-07-02,3000,FALSE,Pass2_RetroStart,RetroFromPass1FirstN,3000,20,20,100,25
Qian Liuru,2968,12,2013-01-09,3000,FALSE,Pass2_RetroStart,RetroFromPass1FirstN,3000,20,20,100,25
Seo Joonghui,2968,31,2011-01-29,2901.5,TRUE,Pass2_RetroStart,RetroFromPass1FirstN,3000,20,20,100,25
Stanislaw Frejlak,2968,11,2018-04-26,3000,FALSE,Pass2_RetroStart,RetroFromPass1FirstN,3000,20,20,100,25
Yamada Shiho,2968,7,1990-04-20,3000,FALSE,Pass2_RetroStart,RetroFromPass1FirstN,3000,20,20,100,25
Ye Hongyuan,2968,37,2011-04-19,3045.2,TRUE,Pass2_RetroStart,RetroFromPass1FirstN,3000,20,20,100,25
Ye Jinjin,2968,14,1994-09-12,3000,FALSE,Pass2_RetroStart,RetroFromPass1FirstN,3000,20,20,100,25
Yun Minjung,2968,18,2016-01-14,3000,FALSE,Pass2_RetroStart,RetroFromPass1FirstN,3000,20,20,100,25
Go Yoonseo,2967,5,2022-08-29,3000,FALSE,Pass2_RetroStart,RetroFromPass1FirstN,3000,20,20,100,25
Ishige Kakuo,2967,3,1971-03-04,3000,FALSE,Pass2_RetroStart,RetroFromPass1FirstN,3000,20,20,100,25
Ito Tomoe,2967,21,1971-01-07,3000,TRUE,Pass2_RetroStart,RetroFromPass1FirstN,3000,20,20,100,25
Kim Heesoo,2967,49,2018-03-14,2990.9,TRUE,Pass2_RetroStart,RetroFromPass1FirstN,3000,20,20,100,25
Kim Jinwoo,2967,18,2005-04-25,3000,FALSE,Pass2_RetroStart,RetroFromPass1FirstN,3000,20,20,100,25
Morishima Kaoru,2967,14,1978-04-06,3000,FALSE,Pass2_RetroStart,RetroFromPass1FirstN,3000,20,20,100,25
Nakahama Konosuke,2967,11,2021-09-09,3000,FALSE,Pass2_RetroStart,RetroFromPass1FirstN,3000,20,20,100,25
Nakano Shoya,2967,19,2020-09-10,3000,FALSE,Pass2_RetroStart,RetroFromPass1FirstN,3000,20,20,100,25
Shu Jingwen Ama.,2967,5,2016-08-17,3000,FALSE,Pass2_RetroStart,RetroFromPass1FirstN,3000,20,20,100,25
Sun Mingjie,2967,4,2003-10-09,3000,FALSE,Pass2_RetroStart,RetroFromPass1FirstN,3000,20,20,100,25
Wang Yinlingshui,2967,6,2016-06-17,3000,FALSE,Pass2_RetroStart,RetroFromPass1FirstN,3000,20,20,100,25
Xu Zhenyu,2967,8,2007-07-11,3000,FALSE,Pass2_RetroStart,RetroFromPass1FirstN,3000,20,20,100,25
Yoshida Yoichi,2967,4,1992-08-03,3000,FALSE,Pass2_RetroStart,RetroFromPass1FirstN,3000,20,20,100,25
Chen Wenzheng,2966,13,2013-07-01,3000,FALSE,Pass2_RetroStart,RetroFromPass1FirstN,3000,20,20,100,25
Do Eungyo,2966,8,2018-07-10,3000,FALSE,Pass2_RetroStart,RetroFromPass1FirstN,3000,20,20,100,25
Franz-Josef Dickhut,2966,4,2004-05-18,3000,FALSE,Pass2_RetroStart,RetroFromPass1FirstN,3000,20,20,100,25
Ilya Shikshin,2966,73,2006-03-18,2984.8,TRUE,Pass2_RetroStart,RetroFromPass1FirstN,3000,20,20,100,25
Jang Eunbin,2966,4,2021-10-26,3000,FALSE,Pass2_RetroStart,RetroFromPass1FirstN,3000,20,20,100,25
Kuwahara Munehisa,2966,9,1971-02-25,3000,FALSE,Pass2_RetroStart,RetroFromPass1FirstN,3000,20,20,100,25
Li Tianzhu,2966,3,2004-10-27,3000,FALSE,Pass2_RetroStart,RetroFromPass1FirstN,3000,20,20,100,25
Nikola Mitic,2966,3,2017-04-28,3000,FALSE,Pass2_RetroStart,RetroFromPass1FirstN,3000,20,20,100,25
Takagawa Kaku,2966,168,1970-01-07,3045.3,TRUE,Pass2_RetroStart,RetroFromPass1FirstN,3000,20,20,100,25
Tang Jialong,2966,7,2007-07-11,3000,FALSE,Pass2_RetroStart,RetroFromPass1FirstN,3000,20,20,100,25
Umeki Suguru,2966,14,1978-11-01,3000,FALSE,Pass2_RetroStart,RetroFromPass1FirstN,3000,20,20,100,25
Wang Yehui,2966,3,1988-06-24,3000,FALSE,Pass2_RetroStart,RetroFromPass1FirstN,3000,20,20,100,25
Zhang Tao (2),2966,4,2008-12-16,3000,FALSE,Pass2_RetroStart,RetroFromPass1FirstN,3000,20,20,100,25
Fang Tianfeng,2965,88,1985-05-05,3107.4,TRUE,Pass2_RetroStart,RetroFromPass1FirstN,3000,20,20,100,25
Francis Meyer,2965,10,2014-04-03,3000,FALSE,Pass2_RetroStart,RetroFromPass1FirstN,3000,20,20,100,25
Hashimoto Yujiro,2965,99,1976-02-11,3014,TRUE,Pass2_RetroStart,RetroFromPass1FirstN,3000,20,20,100,25
Huang Yiming,2965,5,2017-06-13,3000,FALSE,Pass2_RetroStart,RetroFromPass1FirstN,3000,20,20,100,25
Jia Yifan,2965,21,2009-03-03,3000,TRUE,Pass2_RetroStart,RetroFromPass1FirstN,3000,20,20,100,25
Kim Sesil,2965,18,2003-06-26,3000,FALSE,Pass2_RetroStart,RetroFromPass1FirstN,3000,20,20,100,25
Kimoto Yuka,2965,3,2017-12-21,3000,FALSE,Pass2_RetroStart,RetroFromPass1FirstN,3000,20,20,100,25
Lee Seungseok,2965,4,2025-04-26,3000,FALSE,Pass2_RetroStart,RetroFromPass1FirstN,3000,20,20,100,25
Park Joomin,2965,24,2017-05-20,3000,TRUE,Pass2_RetroStart,RetroFromPass1FirstN,3000,20,20,100,25
Yamazaki Yoshihiro,2965,9,2000-02-09,3000,FALSE,Pass2_RetroStart,RetroFromPass1FirstN,3000,20,20,100,25
Yun Jaewung,2965,7,2003-08-11,3000,FALSE,Pass2_RetroStart,RetroFromPass1FirstN,3000,20,20,100,25
Cheng Xiaoliu,2964,13,1983-06-23,3000,FALSE,Pass2_RetroStart,RetroFromPass1FirstN,3000,20,20,100,25
Kawabata Atsushi,2964,7,2023-10-26,3000,FALSE,Pass2_RetroStart,RetroFromPass1FirstN,3000,20,20,100,25
Kubo Katsuaki,2964,107,1979-06-14,2857.1,TRUE,Pass2_RetroStart,RetroFromPass1FirstN,3000,20,20,100,25
Li Jiayi,2964,3,2023-11-12,3000,FALSE,Pass2_RetroStart,RetroFromPass1FirstN,3000,20,20,100,25
Matsumoto Nayoko,2964,6,1982-03-03,3000,FALSE,Pass2_RetroStart,RetroFromPass1FirstN,3000,20,20,100,25
Minematsu Masaki,2964,6,1993-08-23,3000,FALSE,Pass2_RetroStart,RetroFromPass1FirstN,3000,20,20,100,25
Moon Jihwan,2964,12,2019-01-30,3000,FALSE,Pass2_RetroStart,RetroFromPass1FirstN,3000,20,20,100,25
Park Jiyoung,2964,6,2018-07-19,3000,FALSE,Pass2_RetroStart,RetroFromPass1FirstN,3000,20,20,100,25
Park Soyul,2964,100,2020-04-13,2831.2,TRUE,Pass2_RetroStart,RetroFromPass1FirstN,3000,20,20,100,25
Qin Siyue,2964,13,2021-04-12,3000,FALSE,Pass2_RetroStart,RetroFromPass1FirstN,3000,20,20,100,25
Rong Jianxing,2964,3,1993-01-03,3000,FALSE,Pass2_RetroStart,RetroFromPass1FirstN,3000,20,20,100,25
Shimamura Toshihiro,2964,121,1970-12-17,3065,TRUE,Pass2_RetroStart,RetroFromPass1FirstN,3000,20,20,100,25
Shiraishi Yutaka,2964,142,1973-10-04,2849.4,TRUE,Pass2_RetroStart,RetroFromPass1FirstN,3000,20,20,100,25
Takabayashi Takuji,2964,13,1991-03-06,3000,FALSE,Pass2_RetroStart,RetroFromPass1FirstN,3000,20,20,100,25
Takagi Shoichi,2964,263,1970-08-02,3042.8,TRUE,Pass2_RetroStart,RetroFromPass1FirstN,3000,20,20,100,25
Yang Xiaotian,2964,31,2007-07-11,2918.5,TRUE,Pass2_RetroStart,RetroFromPass1FirstN,3000,20,20,100,25
Cao Hengting,2963,47,2002-04-18,2924.5,TRUE,Pass2_RetroStart,RetroFromPass1FirstN,3000,20,20,100,25
Dina Burdakova,2963,4,2013-12-12,3000,FALSE,Pass2_RetroStart,RetroFromPass1FirstN,3000,20,20,100,25
Kamiji Hiroki,2963,4,2006-10-05,3000,FALSE,Pass2_RetroStart,RetroFromPass1FirstN,3000,20,20,100,25
Kim Hyojung,2963,4,2002-07-05,3000,FALSE,Pass2_RetroStart,RetroFromPass1FirstN,3000,20,20,100,25
Kurotaki Masanori,2963,56,1990-04-19,2998.1,TRUE,Pass2_RetroStart,RetroFromPass1FirstN,3000,20,20,100,25
Lee Donghui,2963,7,2015-04-13,3000,FALSE,Pass2_RetroStart,RetroFromPass1FirstN,3000,20,20,100,25
Li Chengze,2963,6,2021-08-27,3000,FALSE,Pass2_RetroStart,RetroFromPass1FirstN,3000,20,20,100,25
Miyazaki Shimako,2963,85,1988-02-08,3083.7,TRUE,Pass2_RetroStart,RetroFromPass1FirstN,3000,20,20,100,25
Murakami Fukashi Ama.,2963,3,2021-02-18,3000,FALSE,Pass2_RetroStart,RetroFromPass1FirstN,3000,20,20,100,25
Obata Minori,2963,7,2025-05-29,3000,FALSE,Pass2_RetroStart,RetroFromPass1FirstN,3000,20,20,100,25
Park Jihun (s),2963,15,2002-01-04,3000,FALSE,Pass2_RetroStart,RetroFromPass1FirstN,3000,20,20,100,25
Pongsakarn Sornarra Ama.,2963,8,2021-06-05,3000,FALSE,Pass2_RetroStart,RetroFromPass1FirstN,3000,20,20,100,25
Tanimura Kuniko,2963,10,1981-06-01,3000,FALSE,Pass2_RetroStart,RetroFromPass1FirstN,3000,20,20,100,25
Wang Boxun,2963,3,2026-01-02,3000,FALSE,Pass2_RetroStart,RetroFromPass1FirstN,3000,20,20,100,25
Wu Juncheng,2963,6,2026-01-08,3000,FALSE,Pass2_RetroStart,RetroFromPass1FirstN,3000,20,20,100,25
Yanagawa Hiromasa,2963,9,1989-06-15,3000,FALSE,Pass2_RetroStart,RetroFromPass1FirstN,3000,20,20,100,25
Doi Makoto,2962,24,1978-01-18,3000,TRUE,Pass2_RetroStart,RetroFromPass1FirstN,3000,20,20,100,25
Emura Kikou Ama.,2962,5,2005-02-21,3000,FALSE,Pass2_RetroStart,RetroFromPass1FirstN,3000,20,20,100,25
Jin Lei,2962,9,2007-07-11,3000,FALSE,Pass2_RetroStart,RetroFromPass1FirstN,3000,20,20,100,25
Kasai Koji,2962,19,1976-01-28,3000,FALSE,Pass2_RetroStart,RetroFromPass1FirstN,3000,20,20,100,25
Kim Joonseok,2962,5,2015-05-23,3000,FALSE,Pass2_RetroStart,RetroFromPass1FirstN,3000,20,20,100,25
Kim Kwangsik,2962,18,1996-02-28,3000,FALSE,Pass2_RetroStart,RetroFromPass1FirstN,3000,20,20,100,25
Li Ting,2962,4,2010-07-14,3000,FALSE,Pass2_RetroStart,RetroFromPass1FirstN,3000,20,20,100,25
Liu Yuxin,2962,5,2004-10-27,3000,FALSE,Pass2_RetroStart,RetroFromPass1FirstN,3000,20,20,100,25
Lukas Podpera Ama.,2962,6,2021-06-07,3000,FALSE,Pass2_RetroStart,RetroFromPass1FirstN,3000,20,20,100,25
Ma Tianfang Ama.,2962,16,2021-06-07,3000,FALSE,Pass2_RetroStart,RetroFromPass1FirstN,3000,20,20,100,25
Okumura Hideo,2962,18,1978-01-12,3000,FALSE,Pass2_RetroStart,RetroFromPass1FirstN,3000,20,20,100,25
Pan Yang,2962,221,2011-09-07,2911.5,TRUE,Pass2_RetroStart,RetroFromPass1FirstN,3000,20,20,100,25
Sato Fumitoshi,2962,4,2005-11-14,3000,FALSE,Pass2_RetroStart,RetroFromPass1FirstN,3000,20,20,100,25
Wang Rui,2962,9,2000-09-28,3000,FALSE,Pass2_RetroStart,RetroFromPass1FirstN,3000,20,20,100,25
Wu Zitian,2962,8,2009-03-03,3000,FALSE,Pass2_RetroStart,RetroFromPass1FirstN,3000,20,20,100,25
Zhu Yanming,2962,13,1994-06-10,3000,FALSE,Pass2_RetroStart,RetroFromPass1FirstN,3000,20,20,100,25
Chen Huifang,2961,8,1985-05-04,3000,FALSE,Pass2_RetroStart,RetroFromPass1FirstN,3000,20,20,100,25
Iwata Saeka,2961,46,2018-12-13,2932,TRUE,Pass2_RetroStart,RetroFromPass1FirstN,3000,20,20,100,25
Li Hanlin,2961,8,2021-01-05,3000,FALSE,Pass2_RetroStart,RetroFromPass1FirstN,3000,20,20,100,25
Li Xiang,2961,27,2009-12-19,2974.4,TRUE,Pass2_RetroStart,RetroFromPass1FirstN,3000,20,20,100,25
Oda Hiromitsu,2961,15,1985-02-13,3000,FALSE,Pass2_RetroStart,RetroFromPass1FirstN,3000,20,20,100,25
Wang Jiankun,2961,51,1985-04-30,3012.8,TRUE,Pass2_RetroStart,RetroFromPass1FirstN,3000,20,20,100,25
Wang Yixin,2961,16,2007-07-11,3000,FALSE,Pass2_RetroStart,RetroFromPass1FirstN,3000,20,20,100,25
Wang Zeyu,2961,29,2018-03-12,2954.4,TRUE,Pass2_RetroStart,RetroFromPass1FirstN,3000,20,20,100,25
Wu Kai,2961,8,2001-04-05,3000,FALSE,Pass2_RetroStart,RetroFromPass1FirstN,3000,20,20,100,25
Zhao Guanru,2961,52,2011-09-06,3036.1,TRUE,Pass2_RetroStart,RetroFromPass1FirstN,3000,20,20,100,25
Chen Lei,2960,7,2017-11-01,3000,FALSE,Pass2_RetroStart,RetroFromPass1FirstN,3000,20,20,100,25
Fan Meilin,2960,4,2023-11-11,3000,FALSE,Pass2_RetroStart,RetroFromPass1FirstN,3000,20,20,100,25
Fujisawa Hosai,2960,146,1970-01-07,2939.9,TRUE,Pass2_RetroStart,RetroFromPass1FirstN,3000,20,20,100,25
Guo Yiming,2960,6,2002-06-03,3000,FALSE,Pass2_RetroStart,RetroFromPass1FirstN,3000,20,20,100,25
Hong Kochnoeul,2960,10,1997-10-14,3000,FALSE,Pass2_RetroStart,RetroFromPass1FirstN,3000,20,20,100,25
Kageyama Toshiyuki,2960,4,2014-11-19,3000,FALSE,Pass2_RetroStart,RetroFromPass1FirstN,3000,20,20,100,25
Kawamoto Noboru,2960,21,1970-11-26,3000,TRUE,Pass2_RetroStart,RetroFromPass1FirstN,3000,20,20,100,25
Kim Jaegu,2960,5,1988-03-25,3000,FALSE,Pass2_RetroStart,RetroFromPass1FirstN,3000,20,20,100,25
Kono Yukio,2960,11,1978-02-01,3000,FALSE,Pass2_RetroStart,RetroFromPass1FirstN,3000,20,20,100,25
Kudo Norio,2960,534,1970-06-18,2984.7,TRUE,Pass2_RetroStart,RetroFromPass1FirstN,3000,20,20,100,25
Kuo Chyoching,2960,6,1979-12-19,3000,FALSE,Pass2_RetroStart,RetroFromPass1FirstN,3000,20,20,100,25
Lee Hyeonwuk,2960,38,1997-06-27,2957.9,TRUE,Pass2_RetroStart,RetroFromPass1FirstN,3000,20,20,100,25
Luan Qiucheng,2960,7,2007-07-11,3000,FALSE,Pass2_RetroStart,RetroFromPass1FirstN,3000,20,20,100,25
Nakaoka Jiro,2960,17,1970-12-10,3000,FALSE,Pass2_RetroStart,RetroFromPass1FirstN,3000,20,20,100,25
Pongsakarn Sornarra,2960,8,2019-04-19,3000,FALSE,Pass2_RetroStart,RetroFromPass1FirstN,3000,20,20,100,25
Shen Ying,2960,4,2006-10-10,3000,FALSE,Pass2_RetroStart,RetroFromPass1FirstN,3000,20,20,100,25
Shimoji Gensho,2960,23,1990-08-07,3000,TRUE,Pass2_RetroStart,RetroFromPass1FirstN,3000,20,20,100,25
Shiraishi Yuichi,2960,91,2006-04-20,3044.3,TRUE,Pass2_RetroStart,RetroFromPass1FirstN,3000,20,20,100,25
Tian Ruiqi,2960,17,2011-12-28,3000,FALSE,Pass2_RetroStart,RetroFromPass1FirstN,3000,20,20,100,25
Wen Zhaoyi,2960,3,2017-08-30,3000,FALSE,Pass2_RetroStart,RetroFromPass1FirstN,3000,20,20,100,25
Xie Donglin,2960,7,2015-03-02,3000,FALSE,Pass2_RetroStart,RetroFromPass1FirstN,3000,20,20,100,25
Xin Tianyue,2960,5,2023-04-06,3000,FALSE,Pass2_RetroStart,RetroFromPass1FirstN,3000,20,20,100,25
Xu Jinyang,2960,4,2007-07-11,3000,FALSE,Pass2_RetroStart,RetroFromPass1FirstN,3000,20,20,100,25
Xu Rongxin,2960,16,1987-06-21,3000,FALSE,Pass2_RetroStart,RetroFromPass1FirstN,3000,20,20,100,25
Yanagisawa Satoshi,2960,76,2005-12-19,2938.1,TRUE,Pass2_RetroStart,RetroFromPass1FirstN,3000,20,20,100,25
Yata Naoki,2960,96,1989-12-13,2939,TRUE,Pass2_RetroStart,RetroFromPass1FirstN,3000,20,20,100,25
Yun Chunho,2960,28,2012-07-05,2939.9,TRUE,Pass2_RetroStart,RetroFromPass1FirstN,3000,20,20,100,25
Bai Xinhui Ama.,2959,6,2016-08-17,3000,FALSE,Pass2_RetroStart,RetroFromPass1FirstN,3000,20,20,100,25
Chujo Chihiro,2959,4,2018-03-12,3000,FALSE,Pass2_RetroStart,RetroFromPass1FirstN,3000,20,20,100,25
Furuya Masao,2959,9,2007-09-13,3000,FALSE,Pass2_RetroStart,RetroFromPass1FirstN,3000,20,20,100,25
Hayase Hiroshi,2959,11,1971-07-15,3000,FALSE,Pass2_RetroStart,RetroFromPass1FirstN,3000,20,20,100,25
Ko Daehyuk,2959,11,2013-12-12,3000,FALSE,Pass2_RetroStart,RetroFromPass1FirstN,3000,20,20,100,25
Kubota Masaru,2959,7,2002-10-23,3000,FALSE,Pass2_RetroStart,RetroFromPass1FirstN,3000,20,20,100,25
Kubouchi Shuchi,2959,57,1970-03-11,3016.9,TRUE,Pass2_RetroStart,RetroFromPass1FirstN,3000,20,20,100,25
Lee Kwanchul,2959,4,1993-09-21,3000,FALSE,Pass2_RetroStart,RetroFromPass1FirstN,3000,20,20,100,25
Li Yirong,2959,21,2013-04-12,3000,TRUE,Pass2_RetroStart,RetroFromPass1FirstN,3000,20,20,100,25
Li Zhen Ama.,2959,5,2015-08-17,3000,FALSE,Pass2_RetroStart,RetroFromPass1FirstN,3000,20,20,100,25
Maeda Ryo,2959,4,2020-11-04,3000,FALSE,Pass2_RetroStart,RetroFromPass1FirstN,3000,20,20,100,25
Miwa Yoshiro,2959,13,1971-02-18,3000,FALSE,Pass2_RetroStart,RetroFromPass1FirstN,3000,20,20,100,25
Park Taehee,2959,178,2013-10-29,3143.4,TRUE,Pass2_RetroStart,RetroFromPass1FirstN,3000,20,20,100,25
Sakaguchi Ryuzo,2959,49,1974-04-28,2980.2,TRUE,Pass2_RetroStart,RetroFromPass1FirstN,3000,20,20,100,25
Sakai Isao,2959,9,1979-12-20,3000,FALSE,Pass2_RetroStart,RetroFromPass1FirstN,3000,20,20,100,25
Tanimiya Teiji,2959,23,1971-01-07,3000,TRUE,Pass2_RetroStart,RetroFromPass1FirstN,3000,20,20,100,25
Yoo Jaeseong,2959,18,2001-04-24,3000,FALSE,Pass2_RetroStart,RetroFromPass1FirstN,3000,20,20,100,25
Koyama Mitsuru,2958,24,1999-06-02,3000,TRUE,Pass2_RetroStart,RetroFromPass1FirstN,3000,20,20,100,25
Li Fan,2958,5,2000-04-25,3000,FALSE,Pass2_RetroStart,RetroFromPass1FirstN,3000,20,20,100,25
Manuela Marz,2958,4,2013-05-21,3000,FALSE,Pass2_RetroStart,RetroFromPass1FirstN,3000,20,20,100,25
Shi Jingyao,2958,148,2019-01-08,2982.7,TRUE,Pass2_RetroStart,RetroFromPass1FirstN,3000,20,20,100,25
Takahashi Suketasu,2958,8,2024-10-23,3000,FALSE,Pass2_RetroStart,RetroFromPass1FirstN,3000,20,20,100,25
Yang Jinhua,2958,18,1982-06-12,3000,FALSE,Pass2_RetroStart,RetroFromPass1FirstN,3000,20,20,100,25
Zhou Xufeng,2958,4,2016-03-07,3000,FALSE,Pass2_RetroStart,RetroFromPass1FirstN,3000,20,20,100,25
Huang Jia,2957,17,2000-09-18,3000,FALSE,Pass2_RetroStart,RetroFromPass1FirstN,3000,20,20,100,25
Kim Byeongjun,2957,21,2006-04-03,3000,TRUE,Pass2_RetroStart,RetroFromPass1FirstN,3000,20,20,100,25
Liang Henian,2957,11,1987-09-20,3000,FALSE,Pass2_RetroStart,RetroFromPass1FirstN,3000,20,20,100,25
Luo Jianwen,2957,22,1985-04-25,3000,TRUE,Pass2_RetroStart,RetroFromPass1FirstN,3000,20,20,100,25
Nagahara Yoshiaki,2957,18,1975-11-19,3000,FALSE,Pass2_RetroStart,RetroFromPass1FirstN,3000,20,20,100,25
Nobuta Shigehito,2957,12,1991-10-21,3000,FALSE,Pass2_RetroStart,RetroFromPass1FirstN,3000,20,20,100,25
Sano Takatsugu,2957,9,1995-10-09,3000,FALSE,Pass2_RetroStart,RetroFromPass1FirstN,3000,20,20,100,25
Sato Sunao,2957,31,1970-08-06,2977.7,TRUE,Pass2_RetroStart,RetroFromPass1FirstN,3000,20,20,100,25
Sha Sha,2957,4,2012-12-12,3000,FALSE,Pass2_RetroStart,RetroFromPass1FirstN,3000,20,20,100,25
Tanaka Minaichi,2957,9,1970-12-17,3000,FALSE,Pass2_RetroStart,RetroFromPass1FirstN,3000,20,20,100,25
Wang Jiaqi,2957,6,2015-10-23,3000,FALSE,Pass2_RetroStart,RetroFromPass1FirstN,3000,20,20,100,25
Yamada Noriyoshi,2957,60,1995-06-14,2950.3,TRUE,Pass2_RetroStart,RetroFromPass1FirstN,3000,20,20,100,25
Choi Eungyu,2956,8,2020-03-26,3000,FALSE,Pass2_RetroStart,RetroFromPass1FirstN,3000,20,20,100,25
Cornel Burzo,2956,10,2012-05-14,3000,FALSE,Pass2_RetroStart,RetroFromPass1FirstN,3000,20,20,100,25
Hoshino Toshi,2956,16,1970-12-02,3000,FALSE,Pass2_RetroStart,RetroFromPass1FirstN,3000,20,20,100,25
Kawamura Kazunori,2956,8,1984-11-08,3000,FALSE,Pass2_RetroStart,RetroFromPass1FirstN,3000,20,20,100,25
Li Yonggang,2956,13,2001-04-19,3000,FALSE,Pass2_RetroStart,RetroFromPass1FirstN,3000,20,20,100,25
Sakakibara Masateru,2956,12,1994-12-07,3000,FALSE,Pass2_RetroStart,RetroFromPass1FirstN,3000,20,20,100,25
Shiratori Sumiko,2956,9,1979-05-14,3000,FALSE,Pass2_RetroStart,RetroFromPass1FirstN,3000,20,20,100,25
Timur Sankin,2956,5,2015-12-16,3000,FALSE,Pass2_RetroStart,RetroFromPass1FirstN,3000,20,20,100,25
Wu Xinyu,2956,56,1992-09-05,2860.4,TRUE,Pass2_RetroStart,RetroFromPass1FirstN,3000,20,20,100,25
Dai Xuchen,2955,3,2025-09-23,3000,FALSE,Pass2_RetroStart,RetroFromPass1FirstN,3000,20,20,100,25
Hiramoto Yasei,2955,6,2010-06-17,3000,FALSE,Pass2_RetroStart,RetroFromPass1FirstN,3000,20,20,100,25
Hoda Shota,2955,23,2022-04-05,3000,TRUE,Pass2_RetroStart,RetroFromPass1FirstN,3000,20,20,100,25
Hu Lei,2955,7,2005-07-11,3000,FALSE,Pass2_RetroStart,RetroFromPass1FirstN,3000,20,20,100,25
Hua Weirong,2955,16,1985-04-25,3000,FALSE,Pass2_RetroStart,RetroFromPass1FirstN,3000,20,20,100,25
Inoue Ayako,2955,6,1985-05-13,3000,FALSE,Pass2_RetroStart,RetroFromPass1FirstN,3000,20,20,100,25
Kim In,2955,69,1974-10-01,2950.9,TRUE,Pass2_RetroStart,RetroFromPass1FirstN,3000,20,20,100,25
Li Jian,2955,7,2005-07-21,3000,FALSE,Pass2_RetroStart,RetroFromPass1FirstN,3000,20,20,100,25
Ono Takuma Ama.,2955,6,2022-01-13,3000,FALSE,Pass2_RetroStart,RetroFromPass1FirstN,3000,20,20,100,25
Svetlana Shikshina,2955,15,2000-08-18,3000,FALSE,Pass2_RetroStart,RetroFromPass1FirstN,3000,20,20,100,25
Wang Xiangru,2955,6,2009-03-03,3000,FALSE,Pass2_RetroStart,RetroFromPass1FirstN,3000,20,20,100,25
Zhao Qianyue,2955,7,2023-08-03,3000,FALSE,Pass2_RetroStart,RetroFromPass1FirstN,3000,20,20,100,25
Chen Yang,2954,13,2008-12-16,3000,FALSE,Pass2_RetroStart,RetroFromPass1FirstN,3000,20,20,100,25
Enda Yoichi,2954,6,1986-03-05,3000,FALSE,Pass2_RetroStart,RetroFromPass1FirstN,3000,20,20,100,25
Horimoto Mitsunari,2954,80,2006-11-23,2826.2,TRUE,Pass2_RetroStart,RetroFromPass1FirstN,3000,20,20,100,25
Kim Hyokon,2954,9,2002-01-30,3000,FALSE,Pass2_RetroStart,RetroFromPass1FirstN,3000,20,20,100,25
Lin Ziyuan,2954,31,2011-09-29,3012.4,TRUE,Pass2_RetroStart,RetroFromPass1FirstN,3000,20,20,100,25
Mateusz Surma,2954,47,2015-04-04,2962,TRUE,Pass2_RetroStart,RetroFromPass1FirstN,3000,20,20,100,25
Moro Arisa,2954,74,2017-10-12,2916.8,TRUE,Pass2_RetroStart,RetroFromPass1FirstN,3000,20,20,100,25
Narusawa Yasuichi,2954,26,1985-03-27,2956.8,TRUE,Pass2_RetroStart,RetroFromPass1FirstN,3000,20,20,100,25
Noguchi Hitoshi,2954,12,1974-11-20,3000,FALSE,Pass2_RetroStart,RetroFromPass1FirstN,3000,20,20,100,25
Yang Huiren,2954,18,2002-01-13,3000,FALSE,Pass2_RetroStart,RetroFromPass1FirstN,3000,20,20,100,25
Yang Shuang,2954,11,1991-05-30,3000,FALSE,Pass2_RetroStart,RetroFromPass1FirstN,3000,20,20,100,25
Yangu Yunqi,2954,6,2023-11-11,3000,FALSE,Pass2_RetroStart,RetroFromPass1FirstN,3000,20,20,100,25
Zhang Dongyue,2954,108,2000-11-12,2921.7,TRUE,Pass2_RetroStart,RetroFromPass1FirstN,3000,20,20,100,25
Furuta Naoyoshi,2953,5,1999-03-24,3000,FALSE,Pass2_RetroStart,RetroFromPass1FirstN,3000,20,20,100,25
Goto Shungo,2953,175,1982-03-25,2791.1,TRUE,Pass2_RetroStart,RetroFromPass1FirstN,3000,20,20,100,25
Huang Yan,2953,30,1989-04-11,2970.6,TRUE,Pass2_RetroStart,RetroFromPass1FirstN,3000,20,20,100,25
Ishigure Ikuro,2953,87,1970-12-03,2902.6,TRUE,Pass2_RetroStart,RetroFromPass1FirstN,3000,20,20,100,25
Kim Jena,2953,12,2019-05-16,3000,FALSE,Pass2_RetroStart,RetroFromPass1FirstN,3000,20,20,100,25
Koyama Hideo,2953,9,1976-12-22,3000,FALSE,Pass2_RetroStart,RetroFromPass1FirstN,3000,20,20,100,25
Li Jingbin,2953,4,2009-08-20,3000,FALSE,Pass2_RetroStart,RetroFromPass1FirstN,3000,20,20,100,25
Li Xiaoxi (b),2953,176,2008-12-16,3058.4,TRUE,Pass2_RetroStart,RetroFromPass1FirstN,3000,20,20,100,25
Lu Jun,2953,22,1985-05-01,3000,TRUE,Pass2_RetroStart,RetroFromPass1FirstN,3000,20,20,100,25
Lu Yuhua,2953,251,2019-01-08,2937.3,TRUE,Pass2_RetroStart,RetroFromPass1FirstN,3000,20,20,100,25
Mu Xiaohong,2953,5,1985-05-05,3000,FALSE,Pass2_RetroStart,RetroFromPass1FirstN,3000,20,20,100,25
Vanessa Wong,2953,8,2011-12-09,3000,FALSE,Pass2_RetroStart,RetroFromPass1FirstN,3000,20,20,100,25
Bian Wenkai,2952,31,2013-09-05,2949.2,TRUE,Pass2_RetroStart,RetroFromPass1FirstN,3000,20,20,100,25
Ezura Yuichi,2952,22,1975-02-13,3000,TRUE,Pass2_RetroStart,RetroFromPass1FirstN,3000,20,20,100,25
Feng Wei,2952,77,2001-04-02,2967.4,TRUE,Pass2_RetroStart,RetroFromPass1FirstN,3000,20,20,100,25
Han Sangyeol,2952,6,2002-08-09,3000,FALSE,Pass2_RetroStart,RetroFromPass1FirstN,3000,20,20,100,25
Jeong Yujin,2952,167,2020-05-29,2963.5,TRUE,Pass2_RetroStart,RetroFromPass1FirstN,3000,20,20,100,25
Kodama Kunio,2952,8,1972-02-03,3000,FALSE,Pass2_RetroStart,RetroFromPass1FirstN,3000,20,20,100,25
Rob van Zeijst,2952,7,1990-12-01,3000,FALSE,Pass2_RetroStart,RetroFromPass1FirstN,3000,20,20,100,25
Wei Zixiang,2952,7,2007-07-11,3000,FALSE,Pass2_RetroStart,RetroFromPass1FirstN,3000,20,20,100,25
Yang Zongyu,2952,6,2018-06-27,3000,FALSE,Pass2_RetroStart,RetroFromPass1FirstN,3000,20,20,100,25
Zhang Jiahuan,2952,132,2018-11-12,2926.4,TRUE,Pass2_RetroStart,RetroFromPass1FirstN,3000,20,20,100,25
Chen Qianyu Ama.,2951,14,2015-08-17,3000,FALSE,Pass2_RetroStart,RetroFromPass1FirstN,3000,20,20,100,25
Cristian Pop,2951,11,2008-03-15,3000,FALSE,Pass2_RetroStart,RetroFromPass1FirstN,3000,20,20,100,25
Fan Weijing,2951,107,2003-04-02,3006,TRUE,Pass2_RetroStart,RetroFromPass1FirstN,3000,20,20,100,25
Fernando Aguilar,2951,22,1989-04-01,3000,TRUE,Pass2_RetroStart,RetroFromPass1FirstN,3000,20,20,100,25
Jo Bunen,2951,76,2021-07-28,2972,TRUE,Pass2_RetroStart,RetroFromPass1FirstN,3000,20,20,100,25
Ko Jaehee,2951,12,1988-04-15,3000,FALSE,Pass2_RetroStart,RetroFromPass1FirstN,3000,20,20,100,25
Oto Shozo,2951,8,1985-02-07,3000,FALSE,Pass2_RetroStart,RetroFromPass1FirstN,3000,20,20,100,25
Qiu Jihong,2951,14,1990-06-21,3000,FALSE,Pass2_RetroStart,RetroFromPass1FirstN,3000,20,20,100,25
Sasaka Shiro,2951,22,1989-02-15,3000,TRUE,Pass2_RetroStart,RetroFromPass1FirstN,3000,20,20,100,25
Xu Jingqi,2951,38,2019-09-18,2933.1,TRUE,Pass2_RetroStart,RetroFromPass1FirstN,3000,20,20,100,25
Yoshihara Yukari,2951,99,2011-05-26,2978.9,TRUE,Pass2_RetroStart,RetroFromPass1FirstN,3000,20,20,100,25
Deng Youjia,2950,6,2023-11-11,3000,FALSE,Pass2_RetroStart,RetroFromPass1FirstN,3000,20,20,100,25
Fengsheng Jingyue,2950,7,2021-10-21,3000,FALSE,Pass2_RetroStart,RetroFromPass1FirstN,3000,20,20,100,25
Hagiya Kazuhiro,2950,23,1990-07-30,3000,TRUE,Pass2_RetroStart,RetroFromPass1FirstN,3000,20,20,100,25
Jian Ying,2950,6,1989-09-18,3000,FALSE,Pass2_RetroStart,RetroFromPass1FirstN,3000,20,20,100,25
Kou Zhengyan,2950,30,2013-12-09,2896.1,TRUE,Pass2_RetroStart,RetroFromPass1FirstN,3000,20,20,100,25
Lu Yuhua Ama.,2950,5,2016-08-17,3000,FALSE,Pass2_RetroStart,RetroFromPass1FirstN,3000,20,20,100,25
Ma Shi,2950,49,1985-10-06,3003.5,TRUE,Pass2_RetroStart,RetroFromPass1FirstN,3000,20,20,100,25
Muraoka Mika,2950,4,2013-12-12,3000,FALSE,Pass2_RetroStart,RetroFromPass1FirstN,3000,20,20,100,25
Sato Machiko,2950,5,1981-06-08,3000,FALSE,Pass2_RetroStart,RetroFromPass1FirstN,3000,20,20,100,25
Sumi Shinsuke,2950,5,1984-02-08,3000,FALSE,Pass2_RetroStart,RetroFromPass1FirstN,3000,20,20,100,25
Suzuki Keiji,2950,7,2004-01-15,3000,FALSE,Pass2_RetroStart,RetroFromPass1FirstN,3000,20,20,100,25
Zhang Rui,2950,8,2003-04-05,3000,FALSE,Pass2_RetroStart,RetroFromPass1FirstN,3000,20,20,100,25
Zhu Songli,2950,94,1995-09-15,2971.1,TRUE,Pass2_RetroStart,RetroFromPass1FirstN,3000,20,20,100,25
Eric Lui,2949,17,2013-09-03,3000,FALSE,Pass2_RetroStart,RetroFromPass1FirstN,3000,20,20,100,25
Lee Sangchul,2949,9,1975-10-16,3000,FALSE,Pass2_RetroStart,RetroFromPass1FirstN,3000,20,20,100,25
Liu Huafeng,2949,8,2024-11-11,3000,FALSE,Pass2_RetroStart,RetroFromPass1FirstN,3000,20,20,100,25
Okubo Ichigen,2949,12,1973-09-20,3000,FALSE,Pass2_RetroStart,RetroFromPass1FirstN,3000,20,20,100,25
Shimohira Akio,2949,11,1978-01-26,3000,FALSE,Pass2_RetroStart,RetroFromPass1FirstN,3000,20,20,100,25
Sun Yuan,2949,18,1999-04-30,3000,FALSE,Pass2_RetroStart,RetroFromPass1FirstN,3000,20,20,100,25
Wang Yimin,2949,32,1988-06-23,2963.4,TRUE,Pass2_RetroStart,RetroFromPass1FirstN,3000,20,20,100,25
Wu Yanchen,2949,92,2023-01-03,2923.8,TRUE,Pass2_RetroStart,RetroFromPass1FirstN,3000,20,20,100,25
Yin Mingming,2949,18,2007-09-22,3000,FALSE,Pass2_RetroStart,RetroFromPass1FirstN,3000,20,20,100,25
Zeng Zhihao,2949,19,2013-06-29,3000,FALSE,Pass2_RetroStart,RetroFromPass1FirstN,3000,20,20,100,25
Kim Nahyun,2948,36,2010-07-14,2997.4,TRUE,Pass2_RetroStart,RetroFromPass1FirstN,3000,20,20,100,25
Kim Sunmi,2948,8,2002-07-05,3000,FALSE,Pass2_RetroStart,RetroFromPass1FirstN,3000,20,20,100,25
Lukas Podpera,2948,11,2012-05-14,3000,FALSE,Pass2_RetroStart,RetroFromPass1FirstN,3000,20,20,100,25
Miyamoto Chiharu,2948,22,2012-09-20,3000,TRUE,Pass2_RetroStart,RetroFromPass1FirstN,3000,20,20,100,25
Naganuma Makoto,2948,12,1971-01-21,3000,FALSE,Pass2_RetroStart,RetroFromPass1FirstN,3000,20,20,100,25
Nishimura Keiji,2948,55,1987-03-04,2935.6,TRUE,Pass2_RetroStart,RetroFromPass1FirstN,3000,20,20,100,25
Okuma Yuto,2948,10,2020-07-30,3000,FALSE,Pass2_RetroStart,RetroFromPass1FirstN,3000,20,20,100,25
Sasaki Tsuyoshi,2948,20,2010-09-13,3000,TRUE,Pass2_RetroStart,RetroFromPass1FirstN,3000,20,20,100,25
Son Hideyo,2948,14,2006-01-26,3000,FALSE,Pass2_RetroStart,RetroFromPass1FirstN,3000,20,20,100,25
Chen Yongqi,2947,6,2009-08-27,3000,FALSE,Pass2_RetroStart,RetroFromPass1FirstN,3000,20,20,100,25
Furusho Katsuko,2947,8,1986-03-05,3000,FALSE,Pass2_RetroStart,RetroFromPass1FirstN,3000,20,20,100,25
Hino Shota,2947,18,2022-04-01,3000,FALSE,Pass2_RetroStart,RetroFromPass1FirstN,3000,20,20,100,25
Hoshikawa Takumi,2947,23,2001-10-10,3000,TRUE,Pass2_RetroStart,RetroFromPass1FirstN,3000,20,20,100,25
Sato Yohei,2947,8,2018-04-04,3000,FALSE,Pass2_RetroStart,RetroFromPass1FirstN,3000,20,20,100,25
Sato Yuta,2947,53,2014-04-16,2985.7,TRUE,Pass2_RetroStart,RetroFromPass1FirstN,3000,20,20,100,25
Yang Hui,2947,146,1982-09-23,3051.6,TRUE,Pass2_RetroStart,RetroFromPass1FirstN,3000,20,20,100,25
Choi Dongeun,2946,5,2003-05-20,3000,FALSE,Pass2_RetroStart,RetroFromPass1FirstN,3000,20,20,100,25
Hang Tianpeng,2946,59,1990-11-06,2992.9,TRUE,Pass2_RetroStart,RetroFromPass1FirstN,3000,20,20,100,25
Hoshikawa Manabu,2946,7,2006-03-13,3000,FALSE,Pass2_RetroStart,RetroFromPass1FirstN,3000,20,20,100,25
Kubo Hideo,2946,69,1998-08-24,2954.7,TRUE,Pass2_RetroStart,RetroFromPass1FirstN,3000,20,20,100,25
Liu Yifang Ama.,2946,4,2015-08-17,3000,FALSE,Pass2_RetroStart,RetroFromPass1FirstN,3000,20,20,100,25
Oka Nobumitsu,2946,6,1972-01-20,3000,FALSE,Pass2_RetroStart,RetroFromPass1FirstN,3000,20,20,100,25
Sekiyama Honoka,2946,5,2025-06-16,3000,FALSE,Pass2_RetroStart,RetroFromPass1FirstN,3000,20,20,100,25
Takeda Yoshinori,2946,9,2007-12-03,3000,FALSE,Pass2_RetroStart,RetroFromPass1FirstN,3000,20,20,100,25
Takiguchi Isoko,2946,23,1982-03-11,3000,TRUE,Pass2_RetroStart,RetroFromPass1FirstN,3000,20,20,100,25
Ando Hinata,2945,10,2022-12-12,3000,FALSE,Pass2_RetroStart,RetroFromPass1FirstN,3000,20,20,100,25
Cai Bihan,2945,158,2006-07-28,2957.7,TRUE,Pass2_RetroStart,RetroFromPass1FirstN,3000,20,20,100,25
Huang Xiwen,2945,7,1985-04-25,3000,FALSE,Pass2_RetroStart,RetroFromPass1FirstN,3000,20,20,100,25
Kang Seunghee,2945,7,1994-02-14,3000,FALSE,Pass2_RetroStart,RetroFromPass1FirstN,3000,20,20,100,25
Kim Kangkeun,2945,20,2001-06-19,3000,TRUE,Pass2_RetroStart,RetroFromPass1FirstN,3000,20,20,100,25
Komatsu Fujio,2945,37,1979-01-17,2960.9,TRUE,Pass2_RetroStart,RetroFromPass1FirstN,3000,20,20,100,25
Lee Euihyun,2945,20,2021-11-21,3000,TRUE,Pass2_RetroStart,RetroFromPass1FirstN,3000,20,20,100,25
Lee Jeongeun,2945,12,2024-05-17,3000,FALSE,Pass2_RetroStart,RetroFromPass1FirstN,3000,20,20,100,25
Lin Hanzhang,2945,125,2021-01-04,2885.5,TRUE,Pass2_RetroStart,RetroFromPass1FirstN,3000,20,20,100,25
Maeda Ryoji,2945,19,1990-09-24,3000,FALSE,Pass2_RetroStart,RetroFromPass1FirstN,3000,20,20,100,25
Ota Ryou,2945,24,2013-04-17,3000,TRUE,Pass2_RetroStart,RetroFromPass1FirstN,3000,20,20,100,25
Wang Xiangyun,2945,176,2005-11-01,3002.8,TRUE,Pass2_RetroStart,RetroFromPass1FirstN,3000,20,20,100,25
Yun Raeun,2945,11,2023-03-21,3000,FALSE,Pass2_RetroStart,RetroFromPass1FirstN,3000,20,20,100,25
Zhu Jianshun,2945,25,2003-04-08,2930.9,TRUE,Pass2_RetroStart,RetroFromPass1FirstN,3000,20,20,100,25
Jia Qian,2944,12,2001-09-18,3000,FALSE,Pass2_RetroStart,RetroFromPass1FirstN,3000,20,20,100,25
Jimmy Cha,2944,135,1989-01-16,2993.5,TRUE,Pass2_RetroStart,RetroFromPass1FirstN,3000,20,20,100,25
Kaji Kazutame,2944,21,1970-12-17,3000,TRUE,Pass2_RetroStart,RetroFromPass1FirstN,3000,20,20,100,25
Kang Hun,2944,316,1985-05-16,3016.5,TRUE,Pass2_RetroStart,RetroFromPass1FirstN,3000,20,20,100,25
Kawai Shoji,2944,19,1999-03-24,3000,FALSE,Pass2_RetroStart,RetroFromPass1FirstN,3000,20,20,100,25
Kim Eunseon,2944,223,2003-06-19,2820.9,TRUE,Pass2_RetroStart,RetroFromPass1FirstN,3000,20,20,100,25
Lee Dongkyu,2944,33,1986-08-08,2969.7,TRUE,Pass2_RetroStart,RetroFromPass1FirstN,3000,20,20,100,25
Moon Dowon,2944,72,2009-09-30,3049,TRUE,Pass2_RetroStart,RetroFromPass1FirstN,3000,20,20,100,25
Ono Koji,2944,6,2008-01-17,3000,FALSE,Pass2_RetroStart,RetroFromPass1FirstN,3000,20,20,100,25
Zhang Zihan,2944,208,2011-02-21,2997.9,TRUE,Pass2_RetroStart,RetroFromPass1FirstN,3000,20,20,100,25
Arai Miyu,2943,13,2013-12-19,3000,FALSE,Pass2_RetroStart,RetroFromPass1FirstN,3000,20,20,100,25
Hyun Mijin,2943,48,1995-11-18,2998,TRUE,Pass2_RetroStart,RetroFromPass1FirstN,3000,20,20,100,25
Kitamura Hiroshi,2943,19,1971-02-04,3000,FALSE,Pass2_RetroStart,RetroFromPass1FirstN,3000,20,20,100,25
Lin Yiwei,2943,13,2025-01-02,3000,FALSE,Pass2_RetroStart,RetroFromPass1FirstN,3000,20,20,100,25
Su Murong,2943,7,2024-01-04,3000,FALSE,Pass2_RetroStart,RetroFromPass1FirstN,3000,20,20,100,25
Tian Zhou,2943,10,2002-09-05,3000,FALSE,Pass2_RetroStart,RetroFromPass1FirstN,3000,20,20,100,25
Wang Senfeng,2943,8,1991-04-06,3000,FALSE,Pass2_RetroStart,RetroFromPass1FirstN,3000,20,20,100,25
Yun Hyunseok,2943,154,1992-03-06,3082.3,TRUE,Pass2_RetroStart,RetroFromPass1FirstN,3000,20,20,100,25
Chen Xin Ama.,2942,8,2017-08-16,3000,FALSE,Pass2_RetroStart,RetroFromPass1FirstN,3000,20,20,100,25
Matsubara Taisei,2942,14,1992-06-29,3000,FALSE,Pass2_RetroStart,RetroFromPass1FirstN,3000,20,20,100,25
Nakamura Hidehito,2942,124,1972-12-20,3093.1,TRUE,Pass2_RetroStart,RetroFromPass1FirstN,3000,20,20,100,25
Takahashi Masumi,2942,17,2011-10-27,3000,FALSE,Pass2_RetroStart,RetroFromPass1FirstN,3000,20,20,100,25
Zhang Sen,2942,8,2003-04-02,3000,FALSE,Pass2_RetroStart,RetroFromPass1FirstN,3000,20,20,100,25
Koyama Terumi,2941,176,1993-05-26,3092,TRUE,Pass2_RetroStart,RetroFromPass1FirstN,3000,20,20,100,25
Mukai Kozue,2941,21,2005-04-26,3000,TRUE,Pass2_RetroStart,RetroFromPass1FirstN,3000,20,20,100,25
Okumura Yasushi,2941,8,1987-02-09,3000,FALSE,Pass2_RetroStart,RetroFromPass1FirstN,3000,20,20,100,25
Park Jungsoo,2941,21,2017-01-18,3000,TRUE,Pass2_RetroStart,RetroFromPass1FirstN,3000,20,20,100,25
Takao Mari,2941,63,2019-11-11,3005.2,TRUE,Pass2_RetroStart,RetroFromPass1FirstN,3000,20,20,100,25
Tanguy Le Calve,2941,11,2017-04-28,3000,FALSE,Pass2_RetroStart,RetroFromPass1FirstN,3000,20,20,100,25
Kaneko Maki,2940,45,2014-06-11,3004.7,TRUE,Pass2_RetroStart,RetroFromPass1FirstN,3000,20,20,100,25
Qiu Danyun,2940,15,2001-09-15,3000,FALSE,Pass2_RetroStart,RetroFromPass1FirstN,3000,20,20,100,25
Sakuramoto Ayako,2940,8,2022-04-25,3000,FALSE,Pass2_RetroStart,RetroFromPass1FirstN,3000,20,20,100,25
Shinoda Hideyuki,2940,16,1984-12-13,3000,FALSE,Pass2_RetroStart,RetroFromPass1FirstN,3000,20,20,100,25
Shintani Yousuke,2940,23,2015-10-30,3000,TRUE,Pass2_RetroStart,RetroFromPass1FirstN,3000,20,20,100,25
Gui Shiyun,2939,13,2022-11-20,3000,FALSE,Pass2_RetroStart,RetroFromPass1FirstN,3000,20,20,100,25
Katsura Atsushi,2939,21,1997-08-22,3000,TRUE,Pass2_RetroStart,RetroFromPass1FirstN,3000,20,20,100,25
Kim Minhui,2939,12,1994-01-06,3000,FALSE,Pass2_RetroStart,RetroFromPass1FirstN,3000,20,20,100,25
Lee Bongkeun,2939,7,1975-02-28,3000,FALSE,Pass2_RetroStart,RetroFromPass1FirstN,3000,20,20,100,25
Wang Yuan,2939,66,1983-06-29,2914.7,TRUE,Pass2_RetroStart,RetroFromPass1FirstN,3000,20,20,100,25
Zhang Peipei,2939,74,2011-09-08,2966.9,TRUE,Pass2_RetroStart,RetroFromPass1FirstN,3000,20,20,100,25
Arimura Hiroshi,2938,85,1989-11-09,3192.2,TRUE,Pass2_RetroStart,RetroFromPass1FirstN,3000,20,20,100,25
Bae Yunjin,2938,6,2002-08-16,3000,FALSE,Pass2_RetroStart,RetroFromPass1FirstN,3000,20,20,100,25
Chun Poongjo,2938,11,1988-04-15,3000,FALSE,Pass2_RetroStart,RetroFromPass1FirstN,3000,20,20,100,25
Ding Bo,2938,10,1992-09-02,3000,FALSE,Pass2_RetroStart,RetroFromPass1FirstN,3000,20,20,100,25
Konno Tameto,2938,9,2005-03-10,3000,FALSE,Pass2_RetroStart,RetroFromPass1FirstN,3000,20,20,100,25
Kuwamoto Shinpei,2938,38,1993-02-10,2995.9,TRUE,Pass2_RetroStart,RetroFromPass1FirstN,3000,20,20,100,25
Meng Zhaoyu,2938,59,2001-07-11,3056.4,TRUE,Pass2_RetroStart,RetroFromPass1FirstN,3000,20,20,100,25
Suzuki Masaharu,2938,12,1971-01-21,3000,FALSE,Pass2_RetroStart,RetroFromPass1FirstN,3000,20,20,100,25
Takatsu Masaaki,2938,22,2019-07-04,3000,TRUE,Pass2_RetroStart,RetroFromPass1FirstN,3000,20,20,100,25
Wang Niqiao,2938,16,2005-11-09,3000,FALSE,Pass2_RetroStart,RetroFromPass1FirstN,3000,20,20,100,25
Yun Youngmin,2938,12,1998-11-12,3000,FALSE,Pass2_RetroStart,RetroFromPass1FirstN,3000,20,20,100,25
Araki Issei,2937,22,1996-09-25,3000,TRUE,Pass2_RetroStart,RetroFromPass1FirstN,3000,20,20,100,25
Chang Myunghan,2937,10,2009-05-22,3000,FALSE,Pass2_RetroStart,RetroFromPass1FirstN,3000,20,20,100,25
Hatanaka Hoshinobu,2937,54,2007-02-01,2895.2,TRUE,Pass2_RetroStart,RetroFromPass1FirstN,3000,20,20,100,25
Hisai Keishi,2937,18,1970-01-21,3000,FALSE,Pass2_RetroStart,RetroFromPass1FirstN,3000,20,20,100,25
Imai Kazuhiro,2937,14,1997-11-12,3000,FALSE,Pass2_RetroStart,RetroFromPass1FirstN,3000,20,20,100,25
Katayama Yasuo,2937,18,1988-03-02,3000,FALSE,Pass2_RetroStart,RetroFromPass1FirstN,3000,20,20,100,25
Kazama Jun,2937,47,2012-02-06,2923.5,TRUE,Pass2_RetroStart,RetroFromPass1FirstN,3000,20,20,100,25
Kim Jimyeong,2937,15,2015-10-26,3000,FALSE,Pass2_RetroStart,RetroFromPass1FirstN,3000,20,20,100,25
Kusunoki Teruko,2937,124,1975-05-21,3074.7,TRUE,Pass2_RetroStart,RetroFromPass1FirstN,3000,20,20,100,25
Ono Nobuyuki,2937,20,1988-06-25,3000,TRUE,Pass2_RetroStart,RetroFromPass1FirstN,3000,20,20,100,25
Wang Dongliang,2937,83,1991-09-13,3049.1,TRUE,Pass2_RetroStart,RetroFromPass1FirstN,3000,20,20,100,25
Baek Yeojeong,2936,11,2024-07-26,3000,FALSE,Pass2_RetroStart,RetroFromPass1FirstN,3000,20,20,100,25
Izumitani Masanori,2936,10,1975-11-12,3000,FALSE,Pass2_RetroStart,RetroFromPass1FirstN,3000,20,20,100,25
Kim Chuljung,2936,64,1992-05-11,3037.8,TRUE,Pass2_RetroStart,RetroFromPass1FirstN,3000,20,20,100,25
Lee Yungsoo,2936,24,2000-04-21,3000,TRUE,Pass2_RetroStart,RetroFromPass1FirstN,3000,20,20,100,25
Mao Yanxin,2936,20,2019-08-29,3000,TRUE,Pass2_RetroStart,RetroFromPass1FirstN,3000,20,20,100,25
Yun Hyuk,2936,60,2000-06-14,2952.1,TRUE,Pass2_RetroStart,RetroFromPass1FirstN,3000,20,20,100,25
Hoshikawa Koyo,2935,26,2011-01-06,2937.9,TRUE,Pass2_RetroStart,RetroFromPass1FirstN,3000,20,20,100,25
Kim Deokkyu,2935,14,1988-04-15,3000,FALSE,Pass2_RetroStart,RetroFromPass1FirstN,3000,20,20,100,25
Lee Danbee,2935,10,2019-05-14,3000,FALSE,Pass2_RetroStart,RetroFromPass1FirstN,3000,20,20,100,25
Murakami Akihide,2935,24,2005-10-31,3000,TRUE,Pass2_RetroStart,RetroFromPass1FirstN,3000,20,20,100,25
Sun Guanqun,2935,10,2020-11-15,3000,FALSE,Pass2_RetroStart,RetroFromPass1FirstN,3000,20,20,100,25
Yo Kaei,2935,64,1989-03-08,3025.1,TRUE,Pass2_RetroStart,RetroFromPass1FirstN,3000,20,20,100,25
Yoo Jaeho,2935,48,2004-07-29,2966.1,TRUE,Pass2_RetroStart,RetroFromPass1FirstN,3000,20,20,100,25
Hiroe Hiroyuki,2934,33,1987-08-08,2936.9,TRUE,Pass2_RetroStart,RetroFromPass1FirstN,3000,20,20,100,25
Hua Xueming,2934,128,1985-04-28,2911.8,TRUE,Pass2_RetroStart,RetroFromPass1FirstN,3000,20,20,100,25
Huang Shiyuan,2934,315,2015-02-12,2944.8,TRUE,Pass2_RetroStart,RetroFromPass1FirstN,3000,20,20,100,25
Ito Yoji,2934,53,1976-01-28,3009.8,TRUE,Pass2_RetroStart,RetroFromPass1FirstN,3000,20,20,100,25
Kim Seonbin,2934,9,2022-04-14,3000,FALSE,Pass2_RetroStart,RetroFromPass1FirstN,3000,20,20,100,25
Rita Pocsai,2934,9,2010-09-11,3000,FALSE,Pass2_RetroStart,RetroFromPass1FirstN,3000,20,20,100,25
Wang Xuechuan,2934,10,2004-02-10,3000,FALSE,Pass2_RetroStart,RetroFromPass1FirstN,3000,20,20,100,25
Cao Youyin,2933,276,2006-07-28,3007.5,TRUE,Pass2_RetroStart,RetroFromPass1FirstN,3000,20,20,100,25
Chen Guanwei,2933,17,2009-08-27,3000,FALSE,Pass2_RetroStart,RetroFromPass1FirstN,3000,20,20,100,25
Dai Qigao,2933,42,2021-08-25,2924.5,TRUE,Pass2_RetroStart,RetroFromPass1FirstN,3000,20,20,100,25
Hidaka Toshiyuki,2933,22,1982-05-10,3000,TRUE,Pass2_RetroStart,RetroFromPass1FirstN,3000,20,20,100,25
Takamizawa Tadao,2933,14,1971-01-21,3000,FALSE,Pass2_RetroStart,RetroFromPass1FirstN,3000,20,20,100,25
Xu Haizhe,2933,96,2021-04-05,2900,TRUE,Pass2_RetroStart,RetroFromPass1FirstN,3000,20,20,100,25
Xu Mingjun,2933,15,2024-01-02,3000,FALSE,Pass2_RetroStart,RetroFromPass1FirstN,3000,20,20,100,25
Ali Jabarin,2932,52,2014-10-23,2931.9,TRUE,Pass2_RetroStart,RetroFromPass1FirstN,3000,20,20,100,25
Goto Mana,2932,10,2019-10-17,3000,FALSE,Pass2_RetroStart,RetroFromPass1FirstN,3000,20,20,100,25
Huang Chengyi,2932,21,2006-01-01,3000,TRUE,Pass2_RetroStart,RetroFromPass1FirstN,3000,20,20,100,25
Miyazawa Goro,2932,265,1975-11-20,2973.9,TRUE,Pass2_RetroStart,RetroFromPass1FirstN,3000,20,20,100,25
Park Jongyoel,2932,17,1985-05-30,3000,FALSE,Pass2_RetroStart,RetroFromPass1FirstN,3000,20,20,100,25
Shibusawa Machiko,2932,8,2006-10-19,3000,FALSE,Pass2_RetroStart,RetroFromPass1FirstN,3000,20,20,100,25
Takahara Shuji,2932,29,1981-12-16,2928.8,TRUE,Pass2_RetroStart,RetroFromPass1FirstN,3000,20,20,100,25
Csaba Mero,2931,9,2010-03-27,3000,FALSE,Pass2_RetroStart,RetroFromPass1FirstN,3000,20,20,100,25
Honma Akio,2931,20,1970-12-03,3000,TRUE,Pass2_RetroStart,RetroFromPass1FirstN,3000,20,20,100,25
Ito Kayoko,2931,14,1983-02-16,3000,FALSE,Pass2_RetroStart,RetroFromPass1FirstN,3000,20,20,100,25
Oh Byeongwoo,2931,66,2019-01-31,2915.4,TRUE,Pass2_RetroStart,RetroFromPass1FirstN,3000,20,20,100,25
Oh Kyuchul,2931,192,1987-07-28,3030.9,TRUE,Pass2_RetroStart,RetroFromPass1FirstN,3000,20,20,100,25
Paek Seongho,2931,235,1988-01-04,3016.4,TRUE,Pass2_RetroStart,RetroFromPass1FirstN,3000,20,20,100,25
Zhang Yueran,2931,21,2009-09-01,3000,TRUE,Pass2_RetroStart,RetroFromPass1FirstN,3000,20,20,100,25
Zhao Chongheng,2931,12,2023-11-11,3000,FALSE,Pass2_RetroStart,RetroFromPass1FirstN,3000,20,20,100,25
Chin Kaei,2930,126,1987-11-19,3122.5,TRUE,Pass2_RetroStart,RetroFromPass1FirstN,3000,20,20,100,25
Onoda Takuya,2930,18,2011-12-21,3000,FALSE,Pass2_RetroStart,RetroFromPass1FirstN,3000,20,20,100,25
Pavol Lisy,2930,33,2012-05-14,2925.5,TRUE,Pass2_RetroStart,RetroFromPass1FirstN,3000,20,20,100,25
Sonoda Yasutaka,2930,50,1979-09-01,2911.3,TRUE,Pass2_RetroStart,RetroFromPass1FirstN,3000,20,20,100,25
Yu Binghuang,2930,44,2016-01-28,2976,TRUE,Pass2_RetroStart,RetroFromPass1FirstN,3000,20,20,100,25
Hamanaka Takamitsu,2929,7,1986-03-05,3000,FALSE,Pass2_RetroStart,RetroFromPass1FirstN,3000,20,20,100,25
Hashimoto Kan,2929,22,2012-07-11,3000,TRUE,Pass2_RetroStart,RetroFromPass1FirstN,3000,20,20,100,25
Jeong Suhyeon,2929,161,1985-05-16,2994.6,TRUE,Pass2_RetroStart,RetroFromPass1FirstN,3000,20,20,100,25
Kim Sinyoung,2929,91,2013-08-05,2923.3,TRUE,Pass2_RetroStart,RetroFromPass1FirstN,3000,20,20,100,25
Li Chunhua,2929,85,1990-03-23,2956.9,TRUE,Pass2_RetroStart,RetroFromPass1FirstN,3000,20,20,100,25
Li Junkai,2929,49,1996-03-16,2940.8,TRUE,Pass2_RetroStart,RetroFromPass1FirstN,3000,20,20,100,25
Park Shiun,2929,395,1998-09-21,3134.4,TRUE,Pass2_RetroStart,RetroFromPass1FirstN,3000,20,20,100,25
Wang Yunzhong,2929,11,2005-06-19,3000,FALSE,Pass2_RetroStart,RetroFromPass1FirstN,3000,20,20,100,25
Yanaka Katsunori,2929,39,1993-08-26,2941.5,TRUE,Pass2_RetroStart,RetroFromPass1FirstN,3000,20,20,100,25
Chang Fukang,2928,42,2015-06-10,2895,TRUE,Pass2_RetroStart,RetroFromPass1FirstN,3000,20,20,100,25
Ha Hojung,2928,19,1994-11-23,3000,FALSE,Pass2_RetroStart,RetroFromPass1FirstN,3000,20,20,100,25
Kim Chongsu,2928,182,1990-12-05,2895,TRUE,Pass2_RetroStart,RetroFromPass1FirstN,3000,20,20,100,25
Lin Jiehan,2928,168,2012-10-18,2928,TRUE,Pass2_RetroStart,RetroFromPass1FirstN,3000,20,20,100,25
Nishiyama Shizuka,2928,44,2015-10-01,3007.1,TRUE,Pass2_RetroStart,RetroFromPass1FirstN,3000,20,20,100,25
O Yuinin,2928,20,1997-08-29,3000,TRUE,Pass2_RetroStart,RetroFromPass1FirstN,3000,20,20,100,25
Takanashi Seiken,2928,91,1990-06-18,3103.2,TRUE,Pass2_RetroStart,RetroFromPass1FirstN,3000,20,20,100,25
Inoue Hatsue,2927,9,1978-01-18,3000,FALSE,Pass2_RetroStart,RetroFromPass1FirstN,3000,20,20,100,25
Iwamoto Kaoru,2927,23,1971-06-03,3000,TRUE,Pass2_RetroStart,RetroFromPass1FirstN,3000,20,20,100,25
Janice Kim,2927,8,1994-01-08,3000,FALSE,Pass2_RetroStart,RetroFromPass1FirstN,3000,20,20,100,25
Kim Soojang,2927,384,1987-07-02,2949.7,TRUE,Pass2_RetroStart,RetroFromPass1FirstN,3000,20,20,100,25
Takekiyo Isamu,2927,16,2005-12-19,3000,FALSE,Pass2_RetroStart,RetroFromPass1FirstN,3000,20,20,100,25
Zhou Yinnan,2927,245,2003-09-21,2914.2,TRUE,Pass2_RetroStart,RetroFromPass1FirstN,3000,20,20,100,25
Hagiwara Mutsumi,2926,9,1997-10-21,3000,FALSE,Pass2_RetroStart,RetroFromPass1FirstN,3000,20,20,100,25
Ikemoto Ryota,2926,28,2021-02-25,2901.3,TRUE,Pass2_RetroStart,RetroFromPass1FirstN,3000,20,20,100,25
Kato Yuuki,2926,56,2002-03-11,2937.3,TRUE,Pass2_RetroStart,RetroFromPass1FirstN,3000,20,20,100,25
Paek Jihee,2926,8,2005-02-07,3000,FALSE,Pass2_RetroStart,RetroFromPass1FirstN,3000,20,20,100,25
Cha Sookwon,2925,11,1987-11-05,3000,FALSE,Pass2_RetroStart,RetroFromPass1FirstN,3000,20,20,100,25
Huang Jiayi,2925,20,2018-08-27,3000,TRUE,Pass2_RetroStart,RetroFromPass1FirstN,3000,20,20,100,25
Kanagawa Masaaki,2925,15,1976-01-28,3000,FALSE,Pass2_RetroStart,RetroFromPass1FirstN,3000,20,20,100,25
Li Xinyi,2925,79,2017-08-30,2898.2,TRUE,Pass2_RetroStart,RetroFromPass1FirstN,3000,20,20,100,25
Zhao Zhelun,2925,110,2000-01-10,2843.2,TRUE,Pass2_RetroStart,RetroFromPass1FirstN,3000,20,20,100,25
Ito Kenryo,2924,20,2015-08-18,3000,TRUE,Pass2_RetroStart,RetroFromPass1FirstN,3000,20,20,100,25
Kang Zhanbin,2924,20,1985-05-02,3000,TRUE,Pass2_RetroStart,RetroFromPass1FirstN,3000,20,20,100,25
Takabayashi Masahiro,2924,18,1990-03-01,3000,FALSE,Pass2_RetroStart,RetroFromPass1FirstN,3000,20,20,100,25
Taniguchi Toshinori,2924,16,1977-11-02,3000,FALSE,Pass2_RetroStart,RetroFromPass1FirstN,3000,20,20,100,25
Wang Zixin,2924,21,2017-09-22,3000,TRUE,Pass2_RetroStart,RetroFromPass1FirstN,3000,20,20,100,25
Dong Tianyi,2923,12,2018-09-17,3000,FALSE,Pass2_RetroStart,RetroFromPass1FirstN,3000,20,20,100,25
Endo Takahiro,2923,18,1980-06-19,3000,FALSE,Pass2_RetroStart,RetroFromPass1FirstN,3000,20,20,100,25
Guo Juan,2923,19,1984-02-29,3000,FALSE,Pass2_RetroStart,RetroFromPass1FirstN,3000,20,20,100,25
Ito Makoto,2923,14,1977-12-17,3000,FALSE,Pass2_RetroStart,RetroFromPass1FirstN,3000,20,20,100,25
Jia Ganglu,2923,55,2012-08-09,3018.5,TRUE,Pass2_RetroStart,RetroFromPass1FirstN,3000,20,20,100,25
Jia Xinyi,2923,11,2021-08-25,3000,FALSE,Pass2_RetroStart,RetroFromPass1FirstN,3000,20,20,100,25
Lee Youngjoo,2923,168,2012-03-27,2899.9,TRUE,Pass2_RetroStart,RetroFromPass1FirstN,3000,20,20,100,25
Liu Huiling,2923,88,2015-08-23,2887.4,TRUE,Pass2_RetroStart,RetroFromPass1FirstN,3000,20,20,100,25
Moon Myunggun,2923,11,1989-04-19,3000,FALSE,Pass2_RetroStart,RetroFromPass1FirstN,3000,20,20,100,25
Park Jihun (b),2923,15,2000-12-15,3000,FALSE,Pass2_RetroStart,RetroFromPass1FirstN,3000,20,20,100,25
Zhu Yi,2923,63,2000-04-13,2907.4,TRUE,Pass2_RetroStart,RetroFromPass1FirstN,3000,20,20,100,25
Artem Kachanovskyi,2922,41,2011-08-10,2887.5,TRUE,Pass2_RetroStart,RetroFromPass1FirstN,3000,20,20,100,25
Cheon Yeongseon,2922,18,1988-04-15,3000,FALSE,Pass2_RetroStart,RetroFromPass1FirstN,3000,20,20,100,25
Mine Yasuhiro,2922,28,2009-02-12,2957.8,TRUE,Pass2_RetroStart,RetroFromPass1FirstN,3000,20,20,100,25
Park Seungmun,2922,143,1990-06-13,3073,TRUE,Pass2_RetroStart,RetroFromPass1FirstN,3000,20,20,100,25
Takashima Takeshi,2922,21,2007-05-28,3000,TRUE,Pass2_RetroStart,RetroFromPass1FirstN,3000,20,20,100,25
Park Sangdon,2921,18,1987-10-19,3000,FALSE,Pass2_RetroStart,RetroFromPass1FirstN,3000,20,20,100,25
Su Kaiseki,2921,12,1978-02-16,3000,FALSE,Pass2_RetroStart,RetroFromPass1FirstN,3000,20,20,100,25
Suzuki Isao,2921,16,1993-08-23,3000,FALSE,Pass2_RetroStart,RetroFromPass1FirstN,3000,20,20,100,25
Tang Ying,2921,17,2002-09-20,3000,FALSE,Pass2_RetroStart,RetroFromPass1FirstN,3000,20,20,100,25
Asano Yasuko,2920,16,1989-06-12,3000,FALSE,Pass2_RetroStart,RetroFromPass1FirstN,3000,20,20,100,25
Ishii Shinzo,2920,51,1970-05-14,2936.5,TRUE,Pass2_RetroStart,RetroFromPass1FirstN,3000,20,20,100,25
Mannami Kana,2920,124,2001-10-06,2990.9,TRUE,Pass2_RetroStart,RetroFromPass1FirstN,3000,20,20,100,25
Yang Wooseok,2920,25,2011-09-21,2907.5,TRUE,Pass2_RetroStart,RetroFromPass1FirstN,3000,20,20,100,25
Araki Masako,2919,9,1989-05-03,3000,FALSE,Pass2_RetroStart,RetroFromPass1FirstN,3000,20,20,100,25
Jeong Yeonwoo,2919,16,2018-10-23,3000,FALSE,Pass2_RetroStart,RetroFromPass1FirstN,3000,20,20,100,25
Kwon Hyojin,2919,269,1996-11-10,3015.3,TRUE,Pass2_RetroStart,RetroFromPass1FirstN,3000,20,20,100,25
Wang Qun,2919,141,1983-06-25,3080.7,TRUE,Pass2_RetroStart,RetroFromPass1FirstN,3000,20,20,100,25
Fukui Susumu,2918,36,1972-01-06,2967.4,TRUE,Pass2_RetroStart,RetroFromPass1FirstN,3000,20,20,100,25
Hashimoto Yoshimi,2918,31,1972-02-24,2943.6,TRUE,Pass2_RetroStart,RetroFromPass1FirstN,3000,20,20,100,25
Im Changsik,2918,19,1988-03-24,3000,FALSE,Pass2_RetroStart,RetroFromPass1FirstN,3000,20,20,100,25
Kato Tomoko,2918,215,1992-05-20,3115.5,TRUE,Pass2_RetroStart,RetroFromPass1FirstN,3000,20,20,100,25
Wang Hui,2918,33,1990-03-23,2972.3,TRUE,Pass2_RetroStart,RetroFromPass1FirstN,3000,20,20,100,25
Yamamoto Kentaro,2918,40,1998-03-04,2924.1,TRUE,Pass2_RetroStart,RetroFromPass1FirstN,3000,20,20,100,25
Chen Bosong,2917,21,2023-01-05,3000,TRUE,Pass2_RetroStart,RetroFromPass1FirstN,3000,20,20,100,25
Duan Rong,2917,107,1988-05-11,2956.4,TRUE,Pass2_RetroStart,RetroFromPass1FirstN,3000,20,20,100,25
Kim Hyerim,2917,75,2009-10-06,2878.1,TRUE,Pass2_RetroStart,RetroFromPass1FirstN,3000,20,20,100,25
Miyashita Shuyo,2917,28,1970-06-11,2875,TRUE,Pass2_RetroStart,RetroFromPass1FirstN,3000,20,20,100,25
Sekiyama Toshio,2917,41,1970-12-24,2843.9,TRUE,Pass2_RetroStart,RetroFromPass1FirstN,3000,20,20,100,25
Takayama Nonoka,2917,17,2024-06-03,3000,FALSE,Pass2_RetroStart,RetroFromPass1FirstN,3000,20,20,100,25
Zhuang Chengjun,2917,120,2015-02-12,2916.6,TRUE,Pass2_RetroStart,RetroFromPass1FirstN,3000,20,20,100,25
Lee Seoyoung,2916,11,2023-09-03,3000,FALSE,Pass2_RetroStart,RetroFromPass1FirstN,3000,20,20,100,25
Yamamoto Masato,2916,24,1990-09-03,3000,TRUE,Pass2_RetroStart,RetroFromPass1FirstN,3000,20,20,100,25
Cha Joohye,2915,17,2019-05-07,3000,FALSE,Pass2_RetroStart,RetroFromPass1FirstN,3000,20,20,100,25
Xu Shuxiang,2915,43,1995-09-20,2923.7,TRUE,Pass2_RetroStart,RetroFromPass1FirstN,3000,20,20,100,25
Ha Chanseok,2914,90,1975-05-14,2973.3,TRUE,Pass2_RetroStart,RetroFromPass1FirstN,3000,20,20,100,25
Inagaki Koichi,2914,28,1977-07-28,2909.3,TRUE,Pass2_RetroStart,RetroFromPass1FirstN,3000,20,20,100,25
Iwata Hajime,2914,21,1978-01-30,3000,TRUE,Pass2_RetroStart,RetroFromPass1FirstN,3000,20,20,100,25
Ko Joyeon,2914,14,2006-10-10,3000,FALSE,Pass2_RetroStart,RetroFromPass1FirstN,3000,20,20,100,25
Saito Tadashi,2914,11,2009-05-13,3000,FALSE,Pass2_RetroStart,RetroFromPass1FirstN,3000,20,20,100,25
Takayama Befumi,2914,15,2021-11-01,3000,FALSE,Pass2_RetroStart,RetroFromPass1FirstN,3000,20,20,100,25
Izumitani Hideo,2913,61,1987-02-09,2932.6,TRUE,Pass2_RetroStart,RetroFromPass1FirstN,3000,20,20,100,25
Kumaki Teruya,2913,34,2022-04-05,2929.3,TRUE,Pass2_RetroStart,RetroFromPass1FirstN,3000,20,20,100,25
Liu Yanchang,2913,22,2021-08-26,3000,TRUE,Pass2_RetroStart,RetroFromPass1FirstN,3000,20,20,100,25
Okuma Chikuko,2913,11,1985-03-06,3000,FALSE,Pass2_RetroStart,RetroFromPass1FirstN,3000,20,20,100,25
Watanabe Yuu,2913,59,2015-03-17,2886.4,TRUE,Pass2_RetroStart,RetroFromPass1FirstN,3000,20,20,100,25
Fang Jie,2912,141,1990-04-19,3012.6,TRUE,Pass2_RetroStart,RetroFromPass1FirstN,3000,20,20,100,25
Kanda Ei,2912,121,1979-02-02,2944.5,TRUE,Pass2_RetroStart,RetroFromPass1FirstN,3000,20,20,100,25
Qin Shi,2912,18,2003-10-10,3000,FALSE,Pass2_RetroStart,RetroFromPass1FirstN,3000,20,20,100,25
Sakakibara Shoji,2912,37,1970-09-03,2890.7,TRUE,Pass2_RetroStart,RetroFromPass1FirstN,3000,20,20,100,25
Yoo Geonjae,2912,16,1986-08-08,3000,FALSE,Pass2_RetroStart,RetroFromPass1FirstN,3000,20,20,100,25
Baba Shigeru,2911,42,1975-07-03,2982.1,TRUE,Pass2_RetroStart,RetroFromPass1FirstN,3000,20,20,100,25
Gao Ruohuan,2911,19,2020-11-16,3000,FALSE,Pass2_RetroStart,RetroFromPass1FirstN,3000,20,20,100,25
Inoue Naoki,2911,21,2010-02-04,3000,TRUE,Pass2_RetroStart,RetroFromPass1FirstN,3000,20,20,100,25
Kim Joonyeong,2911,16,1994-02-15,3000,FALSE,Pass2_RetroStart,RetroFromPass1FirstN,3000,20,20,100,25
Yun Kihyeon,2911,82,1975-02-12,2960.5,TRUE,Pass2_RetroStart,RetroFromPass1FirstN,3000,20,20,100,25
Zeng Chudian,2911,48,2021-08-26,3004.1,TRUE,Pass2_RetroStart,RetroFromPass1FirstN,3000,20,20,100,25
Lee Jungwon,2910,10,1996-08-23,3000,FALSE,Pass2_RetroStart,RetroFromPass1FirstN,3000,20,20,100,25
Mannami Nao,2910,150,2006-04-18,3036.6,TRUE,Pass2_RetroStart,RetroFromPass1FirstN,3000,20,20,100,25
Wu Wenting Ama.,2910,9,2015-08-17,3000,FALSE,Pass2_RetroStart,RetroFromPass1FirstN,3000,20,20,100,25
Yan Ximo,2910,87,2020-11-17,2929.4,TRUE,Pass2_RetroStart,RetroFromPass1FirstN,3000,20,20,100,25
Chang Doojin,2909,22,1987-11-27,3000,TRUE,Pass2_RetroStart,RetroFromPass1FirstN,3000,20,20,100,25
Jiang Mingjiu,2909,46,1982-06-12,2985.6,TRUE,Pass2_RetroStart,RetroFromPass1FirstN,3000,20,20,100,25
Kim Pyonmin,2909,26,1997-03-12,2906.6,TRUE,Pass2_RetroStart,RetroFromPass1FirstN,3000,20,20,100,25
Lu Jia,2909,283,2005-05-13,3035.1,TRUE,Pass2_RetroStart,RetroFromPass1FirstN,3000,20,20,100,25
Yun Jihee,2909,12,2006-05-23,3000,FALSE,Pass2_RetroStart,RetroFromPass1FirstN,3000,20,20,100,25
Chen Huimin,2908,12,2004-02-01,3000,FALSE,Pass2_RetroStart,RetroFromPass1FirstN,3000,20,20,100,25
Ishida Atsushi,2908,115,1986-02-12,2904.3,TRUE,Pass2_RetroStart,RetroFromPass1FirstN,3000,20,20,100,25
Hara Sachiko,2907,53,1989-04-19,3035.5,TRUE,Pass2_RetroStart,RetroFromPass1FirstN,3000,20,20,100,25
Shoji Kazuko,2907,10,1979-06-11,3000,FALSE,Pass2_RetroStart,RetroFromPass1FirstN,3000,20,20,100,25
Wang Siyin,2906,16,2015-10-23,3000,FALSE,Pass2_RetroStart,RetroFromPass1FirstN,3000,20,20,100,25
Fujita Reo,2905,41,2022-10-25,2927.2,TRUE,Pass2_RetroStart,RetroFromPass1FirstN,3000,20,20,100,25
Kim Daeyoung,2904,69,2003-06-18,2997.5,TRUE,Pass2_RetroStart,RetroFromPass1FirstN,3000,20,20,100,25
Oda Teppei,2904,23,2007-10-25,3000,TRUE,Pass2_RetroStart,RetroFromPass1FirstN,3000,20,20,100,25
Shinkai Hiroko,2904,70,1980-01-23,2994.5,TRUE,Pass2_RetroStart,RetroFromPass1FirstN,3000,20,20,100,25
Zhang Weijin,2904,36,1999-05-07,2865.2,TRUE,Pass2_RetroStart,RetroFromPass1FirstN,3000,20,20,100,25
Zhou Yuxuan,2904,17,2020-11-20,3000,FALSE,Pass2_RetroStart,RetroFromPass1FirstN,3000,20,20,100,25
Kojima Takaho,2903,110,1971-01-28,3045.2,TRUE,Pass2_RetroStart,RetroFromPass1FirstN,3000,20,20,100,25
Feng Yunjia,2902,61,2021-08-25,2899.3,TRUE,Pass2_RetroStart,RetroFromPass1FirstN,3000,20,20,100,25
Sakai Takashi,2902,19,2017-02-22,3000,FALSE,Pass2_RetroStart,RetroFromPass1FirstN,3000,20,20,100,25
So Kofuku,2902,48,1991-08-05,2929.4,TRUE,Pass2_RetroStart,RetroFromPass1FirstN,3000,20,20,100,25
Yashiro Kumiko,2902,220,1997-03-05,2939.2,TRUE,Pass2_RetroStart,RetroFromPass1FirstN,3000,20,20,100,25
Hasegawa Sunao,2901,99,1979-11-29,2948.2,TRUE,Pass2_RetroStart,RetroFromPass1FirstN,3000,20,20,100,25
Kiwada Kazuomi,2901,18,2008-06-19,3000,FALSE,Pass2_RetroStart,RetroFromPass1FirstN,3000,20,20,100,25
Miyamoto Naoki,2901,28,1974-04-25,2907.1,TRUE,Pass2_RetroStart,RetroFromPass1FirstN,3000,20,20,100,25
Muramatsu Ryuichi,2901,55,1984-02-29,2968.9,TRUE,Pass2_RetroStart,RetroFromPass1FirstN,3000,20,20,100,25
Sakamoto Yasuo,2901,18,2007-11-19,3000,FALSE,Pass2_RetroStart,RetroFromPass1FirstN,3000,20,20,100,25
Aragaki Takeshi,2900,70,1977-01-19,2907.1,TRUE,Pass2_RetroStart,RetroFromPass1FirstN,3000,20,20,100,25
Koyama Yasuo,2900,22,1971-10-21,3000,TRUE,Pass2_RetroStart,RetroFromPass1FirstN,3000,20,20,100,25
Lin Shimin,2900,194,2013-03-07,2895.5,TRUE,Pass2_RetroStart,RetroFromPass1FirstN,3000,20,20,100,25
Park Yeongchan,2900,115,1986-03-27,2947.6,TRUE,Pass2_RetroStart,RetroFromPass1FirstN,3000,20,20,100,25
Endo Yoshifumi,2899,41,1994-03-23,2929,TRUE,Pass2_RetroStart,RetroFromPass1FirstN,3000,20,20,100,25
Hua Yigang,2899,65,1983-07-01,3094.7,TRUE,Pass2_RetroStart,RetroFromPass1FirstN,3000,20,20,100,25
Huang Daolong,2899,21,2014-01-17,3000,TRUE,Pass2_RetroStart,RetroFromPass1FirstN,3000,20,20,100,25
Kanno Masashi,2899,22,1992-03-04,3000,TRUE,Pass2_RetroStart,RetroFromPass1FirstN,3000,20,20,100,25
Kitani Toshimi,2899,18,1980-03-17,3000,FALSE,Pass2_RetroStart,RetroFromPass1FirstN,3000,20,20,100,25
Ushikubo Yoshitaka,2899,22,1972-07-12,3000,TRUE,Pass2_RetroStart,RetroFromPass1FirstN,3000,20,20,100,25
Yahata Naoki,2899,36,2015-11-11,2886.4,TRUE,Pass2_RetroStart,RetroFromPass1FirstN,3000,20,20,100,25
Ashida Isoko,2898,49,1983-08-08,2967.9,TRUE,Pass2_RetroStart,RetroFromPass1FirstN,3000,20,20,100,25
Natalia Kovaleva,2898,21,2011-10-09,3000,TRUE,Pass2_RetroStart,RetroFromPass1FirstN,3000,20,20,100,25
Ota Seido,2898,29,1976-04-01,2903.5,TRUE,Pass2_RetroStart,RetroFromPass1FirstN,3000,20,20,100,25
Yin Qu,2898,114,2016-08-28,3039.1,TRUE,Pass2_RetroStart,RetroFromPass1FirstN,3000,20,20,100,25
Abe Yoshiteru,2897,36,1971-03-21,2926.1,TRUE,Pass2_RetroStart,RetroFromPass1FirstN,3000,20,20,100,25
Kawada Kohei,2897,28,2005-02-03,2880.3,TRUE,Pass2_RetroStart,RetroFromPass1FirstN,3000,20,20,100,25
Ke Peichen,2897,15,2024-01-02,3000,FALSE,Pass2_RetroStart,RetroFromPass1FirstN,3000,20,20,100,25
Kikkawa Hajime,2897,36,2012-02-20,2876.4,TRUE,Pass2_RetroStart,RetroFromPass1FirstN,3000,20,20,100,25
Nakazawa Ayako,2897,143,1990-04-04,3092.9,TRUE,Pass2_RetroStart,RetroFromPass1FirstN,3000,20,20,100,25
Ono Ayako,2897,18,2016-11-16,3000,FALSE,Pass2_RetroStart,RetroFromPass1FirstN,3000,20,20,100,25
Cho Koharu,2896,20,2022-04-01,3000,TRUE,Pass2_RetroStart,RetroFromPass1FirstN,3000,20,20,100,25
Kim Miri,2896,200,2009-04-29,3085.4,TRUE,Pass2_RetroStart,RetroFromPass1FirstN,3000,20,20,100,25
Omori Yasushi,2895,64,1987-02-09,2876.7,TRUE,Pass2_RetroStart,RetroFromPass1FirstN,3000,20,20,100,25
Wang Hongjun,2895,39,1985-04-30,2884.9,TRUE,Pass2_RetroStart,RetroFromPass1FirstN,3000,20,20,100,25
Yang Sangkuk,2895,23,1975-11-10,3000,TRUE,Pass2_RetroStart,RetroFromPass1FirstN,3000,20,20,100,25
Ishii Akane,2894,97,2008-02-21,3083,TRUE,Pass2_RetroStart,RetroFromPass1FirstN,3000,20,20,100,25
Ko Mosei,2894,65,1978-01-18,2879.4,TRUE,Pass2_RetroStart,RetroFromPass1FirstN,3000,20,20,100,25
Utsumi Koki,2894,55,2014-04-11,2830.1,TRUE,Pass2_RetroStart,RetroFromPass1FirstN,3000,20,20,100,25
Yamada Wakio,2893,25,1985-02-13,2908.5,TRUE,Pass2_RetroStart,RetroFromPass1FirstN,3000,20,20,100,25
Fujisawa Kazunari,2892,50,1984-02-08,2872.3,TRUE,Pass2_RetroStart,RetroFromPass1FirstN,3000,20,20,100,25
Kim Minjeong,2892,23,2017-01-19,3000,TRUE,Pass2_RetroStart,RetroFromPass1FirstN,3000,20,20,100,25
Hashiguchi Mika,2891,11,1986-03-12,3000,FALSE,Pass2_RetroStart,RetroFromPass1FirstN,3000,20,20,100,25
Li Xing,2891,23,1985-05-04,3000,TRUE,Pass2_RetroStart,RetroFromPass1FirstN,3000,20,20,100,25
Bai Xinhui,2890,278,2018-01-02,2848.8,TRUE,Pass2_RetroStart,RetroFromPass1FirstN,3000,20,20,100,25
Fukui Masaaki,2890,78,1970-12-03,3067.8,TRUE,Pass2_RetroStart,RetroFromPass1FirstN,3000,20,20,100,25
Ishikura Noboru,2890,70,1981-03-25,3038.9,TRUE,Pass2_RetroStart,RetroFromPass1FirstN,3000,20,20,100,25
Jin Weibin,2890,36,1984-03-03,2935.6,TRUE,Pass2_RetroStart,RetroFromPass1FirstN,3000,20,20,100,25
Lin Yiting,2890,75,2021-08-16,2934.1,TRUE,Pass2_RetroStart,RetroFromPass1FirstN,3000,20,20,100,25
Shiraishi Kyoko,2890,18,1992-04-29,3000,FALSE,Pass2_RetroStart,RetroFromPass1FirstN,3000,20,20,100,25
Choi Seobi,2889,35,2024-05-29,2894.6,TRUE,Pass2_RetroStart,RetroFromPass1FirstN,3000,20,20,100,25
Lee Jooyong,2889,33,1988-03-24,2912.4,TRUE,Pass2_RetroStart,RetroFromPass1FirstN,3000,20,20,100,25
Mori Chisaki,2889,51,2019-10-10,2903.7,TRUE,Pass2_RetroStart,RetroFromPass1FirstN,3000,20,20,100,25
Takahashi Hideo,2889,20,1992-02-12,3000,TRUE,Pass2_RetroStart,RetroFromPass1FirstN,3000,20,20,100,25
Gu Wanshan,2888,30,2017-09-01,2870.5,TRUE,Pass2_RetroStart,RetroFromPass1FirstN,3000,20,20,100,25
Onda Yasuhiko,2888,39,1983-05-09,2915.6,TRUE,Pass2_RetroStart,RetroFromPass1FirstN,3000,20,20,100,25
Osawa Narumi,2888,143,1998-11-13,2828.7,TRUE,Pass2_RetroStart,RetroFromPass1FirstN,3000,20,20,100,25
Aoki Kikuyo,2887,408,1988-02-08,3015.7,TRUE,Pass2_RetroStart,RetroFromPass1FirstN,3000,20,20,100,25
Chinen Kaori,2887,318,1993-12-20,3107.7,TRUE,Pass2_RetroStart,RetroFromPass1FirstN,3000,20,20,100,25
Chu Keer,2887,70,2018-08-27,2891.1,TRUE,Pass2_RetroStart,RetroFromPass1FirstN,3000,20,20,100,25
Mimura Kaori,2887,53,2009-09-24,2898.9,TRUE,Pass2_RetroStart,RetroFromPass1FirstN,3000,20,20,100,25
Shigeno Yuki,2887,14,1991-06-10,3000,FALSE,Pass2_RetroStart,RetroFromPass1FirstN,3000,20,20,100,25
Cho Chien,2886,58,2007-10-11,3043.5,TRUE,Pass2_RetroStart,RetroFromPass1FirstN,3000,20,20,100,25
Gao Yun,2886,127,2012-10-18,2999.4,TRUE,Pass2_RetroStart,RetroFromPass1FirstN,3000,20,20,100,25
Lin Shengyi,2886,49,2019-09-02,2936.5,TRUE,Pass2_RetroStart,RetroFromPass1FirstN,3000,20,20,100,25
Zhang Tiange,2886,21,2015-05-01,3000,TRUE,Pass2_RetroStart,RetroFromPass1FirstN,3000,20,20,100,25
Tobita Saki,2885,20,2011-12-01,3000,TRUE,Pass2_RetroStart,RetroFromPass1FirstN,3000,20,20,100,25
Wei Xintong,2885,24,2019-09-19,3000,TRUE,Pass2_RetroStart,RetroFromPass1FirstN,3000,20,20,100,25
Wang Shuo (b),2884,45,2007-07-11,2778.4,TRUE,Pass2_RetroStart,RetroFromPass1FirstN,3000,20,20,100,25
Aoki Shinichi,2883,101,1986-04-10,2981.5,TRUE,Pass2_RetroStart,RetroFromPass1FirstN,3000,20,20,100,25
Kuwabara Yoko,2883,88,2007-04-20,3003.8,TRUE,Pass2_RetroStart,RetroFromPass1FirstN,3000,20,20,100,25
Mitsunaga Junzo,2883,52,2006-03-02,2864,TRUE,Pass2_RetroStart,RetroFromPass1FirstN,3000,20,20,100,25
Seki Tatsuya,2883,22,2007-10-29,3000,TRUE,Pass2_RetroStart,RetroFromPass1FirstN,3000,20,20,100,25
Tatsumi Akane,2883,27,2019-12-11,2869,TRUE,Pass2_RetroStart,RetroFromPass1FirstN,3000,20,20,100,25
Jeong Daesang,2881,173,1985-05-30,2767.4,TRUE,Pass2_RetroStart,RetroFromPass1FirstN,3000,20,20,100,25
Lee Suljoo,2881,78,2021-08-09,2797.4,TRUE,Pass2_RetroStart,RetroFromPass1FirstN,3000,20,20,100,25
Rao Ruiyong,2881,26,2003-10-12,2931.3,TRUE,Pass2_RetroStart,RetroFromPass1FirstN,3000,20,20,100,25
Xie Jiayan,2881,17,2023-11-21,3000,FALSE,Pass2_RetroStart,RetroFromPass1FirstN,3000,20,20,100,25
Kada Katsuji,2880,63,1971-05-13,2821.4,TRUE,Pass2_RetroStart,RetroFromPass1FirstN,3000,20,20,100,25
Lin Yuxiang,2880,212,2002-03-19,3028.3,TRUE,Pass2_RetroStart,RetroFromPass1FirstN,3000,20,20,100,25
You Haoyu,2880,114,2022-01-03,2633.5,TRUE,Pass2_RetroStart,RetroFromPass1FirstN,3000,20,20,100,25
Mizuma Toshifumi,2879,32,1991-02-13,2869,TRUE,Pass2_RetroStart,RetroFromPass1FirstN,3000,20,20,100,25
Tanimiya Ayako,2879,15,1981-06-01,3000,FALSE,Pass2_RetroStart,RetroFromPass1FirstN,3000,20,20,100,25
Xiao Ruishan,2879,20,2022-01-04,3000,TRUE,Pass2_RetroStart,RetroFromPass1FirstN,3000,20,20,100,25
Kim Dongmyeon,2878,136,1986-03-27,2793.4,TRUE,Pass2_RetroStart,RetroFromPass1FirstN,3000,20,20,100,25
Li Jiaxin,2878,116,2021-08-16,2942.7,TRUE,Pass2_RetroStart,RetroFromPass1FirstN,3000,20,20,100,25
Tsurumaru Keiichi,2878,20,1990-02-14,3000,TRUE,Pass2_RetroStart,RetroFromPass1FirstN,3000,20,20,100,25
Yeom Jeonghun,2878,37,2001-09-14,2859.1,TRUE,Pass2_RetroStart,RetroFromPass1FirstN,3000,20,20,100,25
Huang Ziping,2877,81,2016-08-28,2776.9,TRUE,Pass2_RetroStart,RetroFromPass1FirstN,3000,20,20,100,25
Lee Dohyun,2877,69,2018-08-23,2894.4,TRUE,Pass2_RetroStart,RetroFromPass1FirstN,3000,20,20,100,25
Tei Meiko,2877,83,1981-03-25,2937.7,TRUE,Pass2_RetroStart,RetroFromPass1FirstN,3000,20,20,100,25
Toyoda Hirohito,2877,26,2019-10-17,2856,TRUE,Pass2_RetroStart,RetroFromPass1FirstN,3000,20,20,100,25
Iwamaru Taira,2876,51,2003-08-23,2843.5,TRUE,Pass2_RetroStart,RetroFromPass1FirstN,3000,20,20,100,25
Kenmochi Joe,2876,62,1990-06-18,2953.5,TRUE,Pass2_RetroStart,RetroFromPass1FirstN,3000,20,20,100,25
Park Sohyun,2876,36,2006-11-25,2884.9,TRUE,Pass2_RetroStart,RetroFromPass1FirstN,3000,20,20,100,25
Xu Changzheng,2876,23,2005-02-27,3000,TRUE,Pass2_RetroStart,RetroFromPass1FirstN,3000,20,20,100,25
Sakai Maki,2875,87,1990-03-07,2893.6,TRUE,Pass2_RetroStart,RetroFromPass1FirstN,3000,20,20,100,25
Suzukawa Natsumi,2875,15,2021-04-26,3000,FALSE,Pass2_RetroStart,RetroFromPass1FirstN,3000,20,20,100,25
Yang Mengyun,2875,110,2004-02-01,2903.1,TRUE,Pass2_RetroStart,RetroFromPass1FirstN,3000,20,20,100,25
Lee Kisup,2874,24,2017-07-18,3000,TRUE,Pass2_RetroStart,RetroFromPass1FirstN,3000,20,20,100,25
Ogawa Tomoko,2874,172,1977-02-08,3011.2,TRUE,Pass2_RetroStart,RetroFromPass1FirstN,3000,20,20,100,25
Seo Gunwoo,2874,46,2004-02-06,2795.2,TRUE,Pass2_RetroStart,RetroFromPass1FirstN,3000,20,20,100,25
Tahara Yasufumi,2874,30,1994-02-09,2870,TRUE,Pass2_RetroStart,RetroFromPass1FirstN,3000,20,20,100,25
Huang Xiangren,2872,140,1996-05-22,2962.2,TRUE,Pass2_RetroStart,RetroFromPass1FirstN,3000,20,20,100,25
Kanno Naomi,2872,44,1986-03-12,2970.2,TRUE,Pass2_RetroStart,RetroFromPass1FirstN,3000,20,20,100,25
Lee Nahyeon,2872,42,2024-05-21,2810.7,TRUE,Pass2_RetroStart,RetroFromPass1FirstN,3000,20,20,100,25
Lee Tahye,2872,63,2002-07-22,2994.7,TRUE,Pass2_RetroStart,RetroFromPass1FirstN,3000,20,20,100,25
Wang Guanjun,2872,75,1985-04-30,2969.7,TRUE,Pass2_RetroStart,RetroFromPass1FirstN,3000,20,20,100,25
Kim Dongyeop,2871,189,1987-04-27,2903.1,TRUE,Pass2_RetroStart,RetroFromPass1FirstN,3000,20,20,100,25
Yoo Byungho,2871,19,1974-12-17,3000,FALSE,Pass2_RetroStart,RetroFromPass1FirstN,3000,20,20,100,25
Chen Xinyang,2870,31,2023-07-15,2907.7,TRUE,Pass2_RetroStart,RetroFromPass1FirstN,3000,20,20,100,25
Hu Ranmin,2870,45,2008-12-16,2825.7,TRUE,Pass2_RetroStart,RetroFromPass1FirstN,3000,20,20,100,25
Tao Ran,2870,90,2013-06-24,2772.1,TRUE,Pass2_RetroStart,RetroFromPass1FirstN,3000,20,20,100,25
Huang Yancheng,2869,169,2011-09-29,2963.1,TRUE,Pass2_RetroStart,RetroFromPass1FirstN,3000,20,20,100,25
Kim Kihun,2869,133,1994-04-22,2893.7,TRUE,Pass2_RetroStart,RetroFromPass1FirstN,3000,20,20,100,25
Obuchi Morito,2869,49,1989-01-12,2829,TRUE,Pass2_RetroStart,RetroFromPass1FirstN,3000,20,20,100,25
Chen Qingyu,2868,22,2005-09-18,3000,TRUE,Pass2_RetroStart,RetroFromPass1FirstN,3000,20,20,100,25
Koyama Ryugo,2868,33,1989-02-15,2866.1,TRUE,Pass2_RetroStart,RetroFromPass1FirstN,3000,20,20,100,25
Ye Gui,2868,110,1989-06-09,3013.6,TRUE,Pass2_RetroStart,RetroFromPass1FirstN,3000,20,20,100,25
Lee Yujin,2867,99,2015-01-16,3008.4,TRUE,Pass2_RetroStart,RetroFromPass1FirstN,3000,20,20,100,25
Li Huasong,2866,63,1999-11-19,2818.1,TRUE,Pass2_RetroStart,RetroFromPass1FirstN,3000,20,20,100,25
Sato Masaharu,2866,114,1972-12-20,3067.3,TRUE,Pass2_RetroStart,RetroFromPass1FirstN,3000,20,20,100,25
Tsukuda Akiko,2866,120,1994-04-20,3036.3,TRUE,Pass2_RetroStart,RetroFromPass1FirstN,3000,20,20,100,25
Li Yuchuan,2865,32,1991-03-04,2850.9,TRUE,Pass2_RetroStart,RetroFromPass1FirstN,3000,20,20,100,25
Wang Jingyi,2865,128,2008-09-18,2845.7,TRUE,Pass2_RetroStart,RetroFromPass1FirstN,3000,20,20,100,25
Dong Youtang,2864,24,2009-08-27,3000,TRUE,Pass2_RetroStart,RetroFromPass1FirstN,3000,20,20,100,25
Kato Yuki,2864,17,2023-06-19,3000,FALSE,Pass2_RetroStart,RetroFromPass1FirstN,3000,20,20,100,25
Lee Hongyeol,2864,32,1986-03-27,2901.8,TRUE,Pass2_RetroStart,RetroFromPass1FirstN,3000,20,20,100,25
Tsukada Chiharu,2864,24,2020-11-19,3000,TRUE,Pass2_RetroStart,RetroFromPass1FirstN,3000,20,20,100,25
Kang Dajeong,2863,154,2014-04-15,2945.4,TRUE,Pass2_RetroStart,RetroFromPass1FirstN,3000,20,20,100,25
Okada Shinichiro,2863,64,1986-02-12,2818.5,TRUE,Pass2_RetroStart,RetroFromPass1FirstN,3000,20,20,100,25
Xie Chenghan,2863,18,2023-01-05,3000,FALSE,Pass2_RetroStart,RetroFromPass1FirstN,3000,20,20,100,25
Tafu Kae,2862,15,1996-05-08,3000,FALSE,Pass2_RetroStart,RetroFromPass1FirstN,3000,20,20,100,25
Hwang Weonjun,2861,86,1986-08-08,2990.9,TRUE,Pass2_RetroStart,RetroFromPass1FirstN,3000,20,20,100,25
Kato Keiko,2861,216,1999-10-18,3088.7,TRUE,Pass2_RetroStart,RetroFromPass1FirstN,3000,20,20,100,25
Sugimoto Akira,2861,41,1996-04-04,2890,TRUE,Pass2_RetroStart,RetroFromPass1FirstN,3000,20,20,100,25
Wu Songsheng,2861,36,1988-08-21,2816.2,TRUE,Pass2_RetroStart,RetroFromPass1FirstN,3000,20,20,100,25
Zheng Yan,2861,145,2001-01-04,3052.2,TRUE,Pass2_RetroStart,RetroFromPass1FirstN,3000,20,20,100,25
Lin Tingyi,2858,29,2011-09-29,2878.9,TRUE,Pass2_RetroStart,RetroFromPass1FirstN,3000,20,20,100,25
Takeshita Nana,2858,18,2024-03-18,3000,FALSE,Pass2_RetroStart,RetroFromPass1FirstN,3000,20,20,100,25
Wang Pan,2858,22,2006-08-01,3000,TRUE,Pass2_RetroStart,RetroFromPass1FirstN,3000,20,20,100,25
Wang Zihan,2858,17,2023-07-24,3000,FALSE,Pass2_RetroStart,RetroFromPass1FirstN,3000,20,20,100,25
Yasuda Akika,2858,16,2022-02-17,3000,FALSE,Pass2_RetroStart,RetroFromPass1FirstN,3000,20,20,100,25
Yasuda Yasutoshi,2858,35,1983-09-03,2848.3,TRUE,Pass2_RetroStart,RetroFromPass1FirstN,3000,20,20,100,25
Andrii Kravets,2857,32,2015-04-03,2906.6,TRUE,Pass2_RetroStart,RetroFromPass1FirstN,3000,20,20,100,25
Choi Youngchan,2857,33,2014-04-15,2856.7,TRUE,Pass2_RetroStart,RetroFromPass1FirstN,3000,20,20,100,25
Kang Jisoo,2857,70,2017-10-09,2969.6,TRUE,Pass2_RetroStart,RetroFromPass1FirstN,3000,20,20,100,25
Takagi Junpei,2857,25,2010-10-14,2868.4,TRUE,Pass2_RetroStart,RetroFromPass1FirstN,3000,20,20,100,25
Zhou Pingqiang,2856,239,2000-06-22,2998.5,TRUE,Pass2_RetroStart,RetroFromPass1FirstN,3000,20,20,100,25
Chang Suyeong,2855,368,1983-02-10,2951,TRUE,Pass2_RetroStart,RetroFromPass1FirstN,3000,20,20,100,25
Kobayashi Chizu,2855,131,1976-12-05,3042.5,TRUE,Pass2_RetroStart,RetroFromPass1FirstN,3000,20,20,100,25
Ding Mingjun,2853,43,2018-08-27,2840.2,TRUE,Pass2_RetroStart,RetroFromPass1FirstN,3000,20,20,100,25
Yoshida Mika,2853,310,1989-03-08,3043.8,TRUE,Pass2_RetroStart,RetroFromPass1FirstN,3000,20,20,100,25
Chen Shaoquan,2852,192,2018-01-09,2995.5,TRUE,Pass2_RetroStart,RetroFromPass1FirstN,3000,20,20,100,25
Tajima Shingo,2852,58,2005-11-10,2811.2,TRUE,Pass2_RetroStart,RetroFromPass1FirstN,3000,20,20,100,25
Zhao Xinghua,2852,55,1999-04-16,2797.2,TRUE,Pass2_RetroStart,RetroFromPass1FirstN,3000,20,20,100,25
Konishi Kazuko,2851,159,1990-04-18,2921.3,TRUE,Pass2_RetroStart,RetroFromPass1FirstN,3000,20,20,100,25
Zhou Kui,2850,44,2002-04-25,2782.7,TRUE,Pass2_RetroStart,RetroFromPass1FirstN,3000,20,20,100,25
Aoba Kaori,2849,61,1999-06-09,2908,TRUE,Pass2_RetroStart,RetroFromPass1FirstN,3000,20,20,100,25
Sun Weixun,2849,121,2021-01-04,2971.7,TRUE,Pass2_RetroStart,RetroFromPass1FirstN,3000,20,20,100,25
Kuwata Yasuaki,2848,35,1974-05-05,2863.8,TRUE,Pass2_RetroStart,RetroFromPass1FirstN,3000,20,20,100,25
Lee Seungjun,2848,34,2017-05-20,2834.8,TRUE,Pass2_RetroStart,RetroFromPass1FirstN,3000,20,20,100,25
Zhang Yuanrong,2848,37,2009-08-20,2888.5,TRUE,Pass2_RetroStart,RetroFromPass1FirstN,3000,20,20,100,25
Hong Jonghyun,2844,34,1976-01-09,2850.2,TRUE,Pass2_RetroStart,RetroFromPass1FirstN,3000,20,20,100,25
Makihata Taeko,2843,61,2002-06-19,2904.9,TRUE,Pass2_RetroStart,RetroFromPass1FirstN,3000,20,20,100,25
Tanemura Sayuri,2842,64,2003-04-06,2815.5,TRUE,Pass2_RetroStart,RetroFromPass1FirstN,3000,20,20,100,25
Zhang Hao,2842,25,2007-07-11,2835.3,TRUE,Pass2_RetroStart,RetroFromPass1FirstN,3000,20,20,100,25
Lin Boyu,2841,45,2018-01-02,2851.5,TRUE,Pass2_RetroStart,RetroFromPass1FirstN,3000,20,20,100,25
Catalin Taranu,2840,28,1998-04-11,2832.1,TRUE,Pass2_RetroStart,RetroFromPass1FirstN,3000,20,20,100,25
Sakakibara Fumiko,2839,101,1990-04-19,2846.3,TRUE,Pass2_RetroStart,RetroFromPass1FirstN,3000,20,20,100,25
Sakai Kentaro,2838,31,2019-08-29,2829.3,TRUE,Pass2_RetroStart,RetroFromPass1FirstN,3000,20,20,100,25
Sekiyama Toshimichi,2838,37,1990-04-19,2844,TRUE,Pass2_RetroStart,RetroFromPass1FirstN,3000,20,20,100,25
Wang Haijun,2838,29,1984-03-01,2829,TRUE,Pass2_RetroStart,RetroFromPass1FirstN,3000,20,20,100,25
Kim Soojin,2836,114,2003-10-08,2857.2,TRUE,Pass2_RetroStart,RetroFromPass1FirstN,3000,20,20,100,25
Saijo Masataka,2836,31,1972-01-20,2873.6,TRUE,Pass2_RetroStart,RetroFromPass1FirstN,3000,20,20,100,25
Xia Daming,2834,113,2003-10-12,3000.8,TRUE,Pass2_RetroStart,RetroFromPass1FirstN,3000,20,20,100,25
Yu Lijun,2834,297,2014-01-15,2838.6,TRUE,Pass2_RetroStart,RetroFromPass1FirstN,3000,20,20,100,25
Choi Minseo,2833,41,2020-12-15,2835.7,TRUE,Pass2_RetroStart,RetroFromPass1FirstN,3000,20,20,100,25
Huang Wei,2833,150,2018-11-12,2962.2,TRUE,Pass2_RetroStart,RetroFromPass1FirstN,3000,20,20,100,25
Takemiya Youkou,2833,42,1998-09-08,2804.8,TRUE,Pass2_RetroStart,RetroFromPass1FirstN,3000,20,20,100,25
Aragaki Shun,2832,59,1993-05-26,2868.4,TRUE,Pass2_RetroStart,RetroFromPass1FirstN,3000,20,20,100,25
Mizuno Hiromi,2832,28,1988-09-14,2864.5,TRUE,Pass2_RetroStart,RetroFromPass1FirstN,3000,20,20,100,25
Chino Tadahiko,2829,105,1970-10-22,2923.5,TRUE,Pass2_RetroStart,RetroFromPass1FirstN,3000,20,20,100,25
Nakao Jungo,2827,35,1993-03-03,2862.1,TRUE,Pass2_RetroStart,RetroFromPass1FirstN,3000,20,20,100,25
Wang Runan,2827,41,1983-06-16,2745.6,TRUE,Pass2_RetroStart,RetroFromPass1FirstN,3000,20,20,100,25
Lin Shengxian,2826,100,1988-12-20,2930.3,TRUE,Pass2_RetroStart,RetroFromPass1FirstN,3000,20,20,100,25
No Yeongha,2826,81,1974-11-06,3082.6,TRUE,Pass2_RetroStart,RetroFromPass1FirstN,3000,20,20,100,25
Asano Hideaki,2824,26,1972-12-07,2821.6,TRUE,Pass2_RetroStart,RetroFromPass1FirstN,3000,20,20,100,25
Yang Zi,2824,58,2004-10-27,2880.1,TRUE,Pass2_RetroStart,RetroFromPass1FirstN,3000,20,20,100,25
Komatsu Hideko,2822,53,1985-04-10,2915.8,TRUE,Pass2_RetroStart,RetroFromPass1FirstN,3000,20,20,100,25
Wang Xiangjie,2820,31,2007-04-05,2841.9,TRUE,Pass2_RetroStart,RetroFromPass1FirstN,3000,20,20,100,25
Zhu Feihong,2820,52,2021-08-26,2918.8,TRUE,Pass2_RetroStart,RetroFromPass1FirstN,3000,20,20,100,25
Chen Yixiang,2817,111,2005-03-03,2912.1,TRUE,Pass2_RetroStart,RetroFromPass1FirstN,3000,20,20,100,25
Heo Janghoi,2817,68,1983-11-08,2858.8,TRUE,Pass2_RetroStart,RetroFromPass1FirstN,3000,20,20,100,25
Huang Xiupu,2816,163,2019-12-20,2757.5,TRUE,Pass2_RetroStart,RetroFromPass1FirstN,3000,20,20,100,25
Huang Youteng,2816,72,2019-12-20,2926.6,TRUE,Pass2_RetroStart,RetroFromPass1FirstN,3000,20,20,100,25
Kibe Natsuki,2816,77,2012-11-29,2974.1,TRUE,Pass2_RetroStart,RetroFromPass1FirstN,3000,20,20,100,25
Kim Jongjoon,2816,95,1990-06-13,2835.7,TRUE,Pass2_RetroStart,RetroFromPass1FirstN,3000,20,20,100,25
Mito Yukari,2815,60,1987-03-18,2879.5,TRUE,Pass2_RetroStart,RetroFromPass1FirstN,3000,20,20,100,25
Ueki Yoshio,2815,42,1989-12-23,2755,TRUE,Pass2_RetroStart,RetroFromPass1FirstN,3000,20,20,100,25
Yu Chengrui,2815,80,2007-11-17,3047.6,TRUE,Pass2_RetroStart,RetroFromPass1FirstN,3000,20,20,100,25
Tsuji Hana,2814,55,2019-07-03,2725.6,TRUE,Pass2_RetroStart,RetroFromPass1FirstN,3000,20,20,100,25
Liu Chuanting,2813,37,2020-01-07,2838.7,TRUE,Pass2_RetroStart,RetroFromPass1FirstN,3000,20,20,100,25
Cho Daehyeon,2812,140,1989-02-08,2805,TRUE,Pass2_RetroStart,RetroFromPass1FirstN,3000,20,20,100,25
Cho Kosumi,2812,31,2020-11-05,2830.7,TRUE,Pass2_RetroStart,RetroFromPass1FirstN,3000,20,20,100,25
Peng Zunde,2812,110,2010-09-02,2792.8,TRUE,Pass2_RetroStart,RetroFromPass1FirstN,3000,20,20,100,25
Ryu Joohyun,2811,50,2020-05-31,2905.3,TRUE,Pass2_RetroStart,RetroFromPass1FirstN,3000,20,20,100,25
Peng Jinghua,2809,170,1988-12-10,3005.3,TRUE,Pass2_RetroStart,RetroFromPass1FirstN,3000,20,20,100,25
Inaba Karin,2808,26,2015-10-30,2846.2,TRUE,Pass2_RetroStart,RetroFromPass1FirstN,3000,20,20,100,25
Izawa Akino,2808,150,2000-03-29,2910.1,TRUE,Pass2_RetroStart,RetroFromPass1FirstN,3000,20,20,100,25
Tamura Chiaki,2808,52,2004-05-02,2925.7,TRUE,Pass2_RetroStart,RetroFromPass1FirstN,3000,20,20,100,25
Kori Toshio,2807,43,1976-02-04,2842,TRUE,Pass2_RetroStart,RetroFromPass1FirstN,3000,20,20,100,25
Hang Xiaotong,2806,30,2018-09-20,2854.2,TRUE,Pass2_RetroStart,RetroFromPass1FirstN,3000,20,20,100,25
Nakayama Kaoru,2806,31,1984-07-09,2833.4,TRUE,Pass2_RetroStart,RetroFromPass1FirstN,3000,20,20,100,25
Osuka Seira,2806,40,2019-10-24,2865.5,TRUE,Pass2_RetroStart,RetroFromPass1FirstN,3000,20,20,100,25
Zhang Mengyao,2805,39,2019-09-18,2870.9,TRUE,Pass2_RetroStart,RetroFromPass1FirstN,3000,20,20,100,25
Sanno Hirotaka,2803,35,1970-12-10,2820.7,TRUE,Pass2_RetroStart,RetroFromPass1FirstN,3000,20,20,100,25
Miyazaki Ryutaro,2800,42,1990-02-14,2786.4,TRUE,Pass2_RetroStart,RetroFromPass1FirstN,3000,20,20,100,25
Wang Dunkai,2800,29,2024-01-04,2839,TRUE,Pass2_RetroStart,RetroFromPass1FirstN,3000,20,20,100,25
Kwon Juri,2799,93,2016-02-21,2686.2,TRUE,Pass2_RetroStart,RetroFromPass1FirstN,3000,20,20,100,25
Lee Nakyeong,2799,32,2022-10-17,2830.4,TRUE,Pass2_RetroStart,RetroFromPass1FirstN,3000,20,20,100,25
Chen Yida,2797,147,2003-09-21,3086.8,TRUE,Pass2_RetroStart,RetroFromPass1FirstN,3000,20,20,100,25
Lee Yongshin,2797,73,1993-12-20,2812.3,TRUE,Pass2_RetroStart,RetroFromPass1FirstN,3000,20,20,100,25
Oki Keiji,2794,29,1988-02-08,2811.3,TRUE,Pass2_RetroStart,RetroFromPass1FirstN,3000,20,20,100,25
Na Jonghoon,2791,67,1988-02-03,2844.9,TRUE,Pass2_RetroStart,RetroFromPass1FirstN,3000,20,20,100,25
Zhan Ying,2791,65,2013-06-25,2890.3,TRUE,Pass2_RetroStart,RetroFromPass1FirstN,3000,20,20,100,25
Zhang Tingwei,2788,60,2021-01-05,2854.7,TRUE,Pass2_RetroStart,RetroFromPass1FirstN,3000,20,20,100,25
Hane Ayaka,2787,42,2019-09-23,2836,TRUE,Pass2_RetroStart,RetroFromPass1FirstN,3000,20,20,100,25
Kin En,2787,39,1994-04-27,2854.7,TRUE,Pass2_RetroStart,RetroFromPass1FirstN,3000,20,20,100,25
Shu Jingwen,2785,24,2019-12-13,3000,TRUE,Pass2_RetroStart,RetroFromPass1FirstN,3000,20,20,100,25
Yokota Hinano,2783,36,2020-01-20,2811.9,TRUE,Pass2_RetroStart,RetroFromPass1FirstN,3000,20,20,100,25
Zhao Peizhe,2783,36,2007-09-23,2835,TRUE,Pass2_RetroStart,RetroFromPass1FirstN,3000,20,20,100,25
Wei Haoting,2781,30,2004-01-31,2784.6,TRUE,Pass2_RetroStart,RetroFromPass1FirstN,3000,20,20,100,25
Lee Yongchan,2779,36,2001-09-13,2770.9,TRUE,Pass2_RetroStart,RetroFromPass1FirstN,3000,20,20,100,25
Huang Jiayin,2778,30,2022-01-03,2804.5,TRUE,Pass2_RetroStart,RetroFromPass1FirstN,3000,20,20,100,25
Okada Yumiko,2778,150,1990-06-27,2858.9,TRUE,Pass2_RetroStart,RetroFromPass1FirstN,3000,20,20,100,25
Nakajima Mieko,2775,41,2003-10-31,2795.4,TRUE,Pass2_RetroStart,RetroFromPass1FirstN,3000,20,20,100,25
Yue Jiayan,2774,55,2021-04-12,2760.6,TRUE,Pass2_RetroStart,RetroFromPass1FirstN,3000,20,20,100,25
Kim Nokyeong,2773,28,2019-11-05,2808.6,TRUE,Pass2_RetroStart,RetroFromPass1FirstN,3000,20,20,100,25
Zhou Keping,2772,179,1997-02-19,2972.3,TRUE,Pass2_RetroStart,RetroFromPass1FirstN,3000,20,20,100,25
Mishima Hibiki,2771,38,2021-07-21,2834.5,TRUE,Pass2_RetroStart,RetroFromPass1FirstN,3000,20,20,100,25
Zhang Zhengping,2769,90,1999-09-30,2803.3,TRUE,Pass2_RetroStart,RetroFromPass1FirstN,3000,20,20,100,25
Ko Miso,2768,63,2022-05-18,2789.5,TRUE,Pass2_RetroStart,RetroFromPass1FirstN,3000,20,20,100,25
Zhang Huaiyi,2768,48,2004-02-01,2895.2,TRUE,Pass2_RetroStart,RetroFromPass1FirstN,3000,20,20,100,25
Nagashima Kozue,2766,36,2009-10-15,2811.3,TRUE,Pass2_RetroStart,RetroFromPass1FirstN,3000,20,20,100,25
Chen Pinhua,2761,83,2023-01-03,2768.4,TRUE,Pass2_RetroStart,RetroFromPass1FirstN,3000,20,20,100,25
Yuan Tingyu,2758,53,2013-11-09,2720.9,TRUE,Pass2_RetroStart,RetroFromPass1FirstN,3000,20,20,100,25
Kim Sangin,2756,77,2019-05-09,2812.1,TRUE,Pass2_RetroStart,RetroFromPass1FirstN,3000,20,20,100,25
Konagai Masaru,2752,25,1990-07-23,2751.3,TRUE,Pass2_RetroStart,RetroFromPass1FirstN,3000,20,20,100,25
Lin Yuting,2751,148,2019-12-13,2613,TRUE,Pass2_RetroStart,RetroFromPass1FirstN,3000,20,20,100,25
Chen Manqi,2747,40,2019-08-29,2743.4,TRUE,Pass2_RetroStart,RetroFromPass1FirstN,3000,20,20,100,25
Su Shengfang,2742,197,2011-04-07,2820.4,TRUE,Pass2_RetroStart,RetroFromPass1FirstN,3000,20,20,100,25
Yang Zhide,2742,78,2003-09-21,2977.2,TRUE,Pass2_RetroStart,RetroFromPass1FirstN,3000,20,20,100,25
Chen Yongan,2737,58,1994-10-16,2754.4,TRUE,Pass2_RetroStart,RetroFromPass1FirstN,3000,20,20,100,25
Zhang Kaixin,2737,244,2003-09-28,2900.1,TRUE,Pass2_RetroStart,RetroFromPass1FirstN,3000,20,20,100,25
Shimosaka Miori,2735,49,2009-11-12,2783,TRUE,Pass2_RetroStart,RetroFromPass1FirstN,3000,20,20,100,25
Chang Hyeryeong,2731,50,2017-02-26,2678.7,TRUE,Pass2_RetroStart,RetroFromPass1FirstN,3000,20,20,100,25
Xie Shaobo,2731,26,2006-09-18,2715.9,TRUE,Pass2_RetroStart,RetroFromPass1FirstN,3000,20,20,100,25
Hosaka Mayu,2730,39,1991-04-24,2719.5,TRUE,Pass2_RetroStart,RetroFromPass1FirstN,3000,20,20,100,25
Kim Hyunjong,2728,39,1999-03-03,2765.1,TRUE,Pass2_RetroStart,RetroFromPass1FirstN,3000,20,20,100,25
Dai Jiashen,2726,122,2003-10-12,3076.8,TRUE,Pass2_RetroStart,RetroFromPass1FirstN,3000,20,20,100,25
Sugiuchi Kazuko,2726,225,1971-01-21,2931,TRUE,Pass2_RetroStart,RetroFromPass1FirstN,3000,20,20,100,25
Wang Zhihong,2726,102,2017-01-19,2700,TRUE,Pass2_RetroStart,RetroFromPass1FirstN,3000,20,20,100,25
Osawa Kenro,2720,39,2007-10-18,2688.5,TRUE,Pass2_RetroStart,RetroFromPass1FirstN,3000,20,20,100,25
Taguchi Misei,2716,32,2013-02-07,2679.2,TRUE,Pass2_RetroStart,RetroFromPass1FirstN,3000,20,20,100,25
Rin Kaiho,2714,1534,1970-01-12,3097,TRUE,Pass2_RetroStart,RetroFromPass1FirstN,3000,20,20,100,25
Ding Shaojie,2701,145,2009-12-31,2899.3,TRUE,Pass2_RetroStart,RetroFromPass1FirstN,3000,20,20,100,25
Kang Manwoo,2700,63,1988-05-02,2608.8,TRUE,Pass2_RetroStart,RetroFromPass1FirstN,3000,20,20,100,25
Liu Jianchang,2697,107,2004-02-01,2775.4,TRUE,Pass2_RetroStart,RetroFromPass1FirstN,3000,20,20,100,25
Tanaka Chieko,2690,25,1981-06-01,2697.7,TRUE,Pass2_RetroStart,RetroFromPass1FirstN,3000,20,20,100,25
Xiao Ailin,2682,57,2006-01-07,2707.5,TRUE,Pass2_RetroStart,RetroFromPass1FirstN,3000,20,20,100,25
Dang Xiyun,2679,89,2004-01-31,2650.5,TRUE,Pass2_RetroStart,RetroFromPass1FirstN,3000,20,20,100,25
Fan Yangbo,2677,59,2003-10-10,2856.6,TRUE,Pass2_RetroStart,RetroFromPass1FirstN,3000,20,20,100,25
Chen Qiulong,2672,31,2003-10-21,2695.1,TRUE,Pass2_RetroStart,RetroFromPass1FirstN,3000,20,20,100,25
Omori Ran,2665,46,2019-04-22,2653,TRUE,Pass2_RetroStart,RetroFromPass1FirstN,3000,20,20,100,25
Gou Yubang,2659,29,2004-02-24,2699.5,TRUE,Pass2_RetroStart,RetroFromPass1FirstN,3000,20,20,100,25
Deguchi Mariko,2616,26,2012-02-16,2609.1,TRUE,Pass2_RetroStart,RetroFromPass1FirstN,3000,20,20,100,25
Li Kuihan,2610,96,2003-10-05,2775.3,TRUE,Pass2_RetroStart,RetroFromPass1FirstN,3000,20,20,100,25
Cai Wenhe,2598,65,2004-02-01,2743,TRUE,Pass2_RetroStart,RetroFromPass1FirstN,3000,20,20,100,25
Liu Yifang,2593,115,2019-12-13,2669.3,TRUE,Pass2_RetroStart,RetroFromPass1FirstN,3000,20,20,100,25
Koda Akiko,2557,26,2000-03-02,2561,TRUE,Pass2_RetroStart,RetroFromPass1FirstN,3000,20,20,100,25
Chen Guoxing,2551,78,1994-04-02,2715.9,TRUE,Pass2_RetroStart,RetroFromPass1FirstN,3000,20,20,100,25
Han Cheolkyun,2485,32,1988-03-18,2496.5,TRUE,Pass2_RetroStart,RetroFromPass1FirstN,3000,20,20,100,25
