PlayerID,Rating,MatchesPlayed,FramesPlayed,FirstMatchDate,LastMatchDate,EntryRating
5,2846.96807,484,4705,1992-06-20 00:00:00,2013-05-05 13:07:15,2600
154,2794.169773,456,3382,1999-01-03 00:00:00,2013-04-24 13:31:16,2600
16,2787.150537,384,2838,1997-01-03 00:00:00,2013-05-05 13:07:15,2600
158,2785.692335,466,3391,1997-01-03 00:00:00,2013-04-27 13:26:45,2600
17,2780.180819,508,3741,1999-09-08 00:00:00,2013-04-26 08:59:55,2600
202,2780.048166,371,2501,2005-07-20 00:00:00,2013-04-22 08:58:14,2600
12,2766.981381,364,2517,2005-10-31 00:00:00,2013-05-02 11:58:57,2600
2,2765.006829,414,3239,1999-01-03 00:00:00,2013-04-22 13:27:52,2600
224,2764.477084,374,2812,2002-02-24 00:00:00,2013-04-30 08:59:03,2600
13,2750.270805,440,3515,1993-02-22 00:00:00,2012-10-06 16:08:03,2600
97,2747.597664,479,3811,2001-02-04 00:00:00,2013-04-30 08:59:03,2600
62,2746.984862,352,2609,2001-02-20 00:00:00,2013-05-02 18:00:28,2600
237,2745.769672,612,5255,1992-10-12 00:00:00,2013-04-21 13:28:19,2600
4,2743.009042,396,2999,1998-01-02 00:00:00,2013-04-26 13:37:45,2600
30,2741.995979,367,2880,1997-01-03 00:00:00,2013-04-30 13:51:38,2600
153,2740.39989,599,5808,1986-04-19 00:00:00,2012-05-01 08:56:50,2600
15,2731.52403,350,2703,1992-01-01 00:00:00,2013-04-28 08:57:14,2600
27,2727.660187,262,1791,2002-02-11 00:00:00,2013-04-20 13:31:13,2600
52,2726.005131,384,3261,1996-01-01 00:00:00,2013-04-25 12:00:14,2600
92,2724.420902,260,2091,1996-01-01 00:00:00,2013-04-28 08:57:14,2600
200,2719.816514,226,1577,2005-03-26 00:00:00,2013-04-13 13:29:50,2600
171,2713.714545,158,1175,2008-01-03 00:00:00,2013-04-30 13:51:38,2600
28,2713.448274,413,3087,1992-06-20 00:00:00,2013-04-27 17:58:59,2600
9,2707.390922,457,3604,1995-10-16 00:00:00,2013-04-23 09:00:49,2600
44,2704.546008,406,3590,1990-10-08 00:00:00,2013-04-23 09:00:49,2600
85,2702.988475,151,991,2010-08-01 10:00:00,2013-04-20 13:31:13,2600
19,2701.381232,188,1307,2004-10-02 00:00:00,2013-04-22 18:05:25,2600
33,2696.252427,332,2580,1992-06-20 00:00:00,2013-04-23 13:43:52,2600
48,2695.028059,156,1209,2005-02-23 00:00:00,2013-04-13 09:10:08,2600
61,2694.541594,138,967,2002-02-11 00:00:00,2013-04-14 09:04:45,2600
582,2693.936608,87,640,2011-06-20 15:41:31,2013-04-25 18:06:14,2600
22,2692.112494,139,866,2010-08-01 10:00:00,2013-04-10 13:32:25,2600
56,2691.854569,122,1134,1997-01-03 00:00:00,2013-04-05 15:02:11,2600
1,2691.392657,568,4606,1993-02-22 00:00:00,2013-04-20 17:57:26,2600
170,2688.801598,524,4483,1991-01-01 00:00:00,2013-04-13 13:29:50,2600
177,2687.973316,249,2144,1990-10-08 00:00:00,2013-04-13 13:29:50,2600
25,2687.943862,252,1861,1998-01-02 00:00:00,2013-04-13 09:10:08,2600
125,2686.424597,280,2210,1997-01-03 00:00:00,2013-04-20 09:00:58,2600
118,2683.888145,172,1451,2002-10-04 00:00:00,2013-04-13 09:10:08,2600
168,2682.67251,406,2999,1997-01-03 00:00:00,2013-04-14 09:04:45,2600
115,2681.857683,349,2908,1992-01-01 00:00:00,2013-04-11 08:58:54,2600
50,2679.212934,203,1676,1999-01-03 00:00:00,2013-04-11 08:58:54,2600
11,2678.946712,272,2109,1993-10-18 00:00:00,2013-04-20 09:00:58,2600
8,2676.179712,257,1936,2001-02-20 00:00:00,2013-04-13 13:29:50,2600
68,2675.940976,344,2654,1999-01-03 00:00:00,2013-04-13 09:10:08,2600
585,2675.842792,47,337,2012-06-05 08:58:49,2013-04-07 08:59:22,2600
946,2674.399268,15,96,2012-06-18 09:11:07,2013-03-26 11:32:25,2600
184,2671.446046,114,796,2006-03-20 00:00:00,2013-04-14 09:04:45,2600
87,2670.342056,109,670,2010-08-01 10:00:00,2013-04-09 09:57:31,2600
218,2669.903366,130,888,2006-03-20 00:00:00,2013-04-08 09:04:55,2600
546,2667.796315,85,522,2004-10-02 00:00:00,2012-12-16 10:00:05,2600
216,2667.717109,98,686,2010-08-01 10:00:00,2013-04-10 09:00:19,2600
1348,2667.470027,31,365,1999-01-03 00:00:00,2003-11-08 00:00:00,2600
14,2667.156198,374,3105,1989-10-09 00:00:00,2013-04-10 13:32:25,2600
76,2664.5199,109,813,2009-08-01 10:00:00,2013-04-24 18:01:07,2600
498,2664.192953,21,218,2004-02-10 00:00:00,2012-07-05 05:19:05,2600
35,2663.965,342,2786,1992-01-14 00:00:00,2013-04-11 08:58:54,2600
39,2663.316013,112,679,2010-08-01 10:00:00,2013-01-05 10:33:15,2600
108,2661.372545,100,734,2008-07-08 00:00:00,2013-04-08 13:28:58,2600
24,2659.992666,165,1161,2005-03-26 00:00:00,2013-04-10 09:00:19,2600
549,2659.591766,72,729,1993-10-18 00:00:00,2013-04-04 09:02:42,2600
42,2658.689017,514,4316,1991-10-14 00:00:00,2013-04-21 09:20:35,2600
212,2658.625301,592,5515,1979-04-16 00:00:00,2013-04-10 09:00:19,2600
47,2658.13455,148,1155,2002-10-04 00:00:00,2013-04-23 17:58:34,2600
3242,2657.444738,76,700,1986-10-18 00:00:00,2000-01-03 00:00:00,2600
217,2656.212777,83,620,2008-07-08 00:00:00,2013-04-10 09:00:19,2600
1191,2653.318123,129,1308,1996-01-01 00:00:00,2006-04-15 00:00:00,2600
31,2652.746807,344,2792,1991-10-14 00:00:00,2013-04-11 08:58:54,2600
20,2651.661925,527,5125,1981-04-07 00:00:00,2013-04-14 09:04:45,2600
192,2651.660341,45,364,2006-10-21 00:00:00,2012-07-06 05:10:20,2600
43,2650.97932,135,1043,2006-03-20 00:00:00,2013-04-09 09:57:31,2600
978,2650.617755,8,69,2012-07-02 07:13:26,2012-07-06 05:10:20,2600
190,2650.588033,102,779,2007-02-24 00:00:00,2013-05-22 13:53:40,2600
507,2650.482862,93,687,2009-03-30 00:00:00,2013-04-08 09:04:55,2600
2880,2649.624092,95,1005,1992-03-21 00:00:00,2005-04-16 00:00:00,2600
2745,2649.616312,75,706,1995-10-16 00:00:00,2005-04-16 00:00:00,2600
3389,2649.067373,10,142,1992-03-21 00:00:00,1997-01-03 00:00:00,2600
223,2648.959691,177,1674,1988-10-10 00:00:00,2012-10-28 19:01:36,2600
103,2647.79003,200,1848,1995-01-04 00:00:00,2012-04-07 13:36:40,2600
666,2647.42869,11,73,2011-09-05 06:37:39,2012-09-25 04:49:07,2600
3256,2646.517973,22,292,1992-03-21 00:00:00,2001-02-20 00:00:00,2600
3220,2645.704722,50,561,1992-06-20 00:00:00,2002-11-09 00:00:00,2600
101,2645.469621,99,690,2010-08-01 10:00:00,2013-04-06 13:47:26,2600
3244,2645.238615,8,105,1997-01-03 00:00:00,2001-02-20 00:00:00,2600
3210,2645.196311,15,166,2002-02-11 00:00:00,2004-02-10 00:00:00,2600
93,2644.943073,152,1094,2002-10-04 00:00:00,2013-04-10 13:32:25,2600
63,2643.638213,298,2447,1993-03-13 00:00:00,2013-04-13 09:10:08,2600
21,2643.635119,191,1565,1997-01-03 00:00:00,2013-04-14 09:04:45,2600
3,2643.33569,311,2046,2002-10-04 00:00:00,2013-04-13 09:10:08,2600
1659,2642.813835,20,259,1994-01-08 00:00:00,2004-02-10 00:00:00,2600
112,2642.604114,47,266,2009-01-21 00:00:00,2011-12-17 19:51:08,2600
193,2641.809172,353,3154,1989-08-17 00:00:00,2013-04-10 09:00:19,2600
45,2641.728671,115,823,2010-08-01 10:00:00,2013-04-14 09:04:45,2600
179,2640.318501,108,1044,1993-10-18 00:00:00,2011-03-03 00:00:00,2600
133,2640.301342,108,635,2010-08-01 10:00:00,2013-04-07 08:59:22,2600
520,2639.482612,74,777,1997-01-03 00:00:00,2012-07-05 05:19:05,2600
3482,2639.433483,7,76,1992-06-20 00:00:00,1993-03-13 00:00:00,2600
34,2638.240325,105,647,2010-08-01 10:00:00,2013-04-08 09:04:55,2600
10,2636.977729,151,1078,2006-10-21 00:00:00,2013-04-11 08:58:54,2600
81,2636.815251,126,881,2008-03-23 00:00:00,2013-04-10 09:00:19,2600
283,2636.417886,50,431,2002-10-04 00:00:00,2012-11-07 11:29:13,2600
41,2636.196308,305,2514,1985-10-19 00:00:00,2013-04-10 13:32:25,2600
3270,2635.379573,9,122,1996-01-01 00:00:00,1999-01-03 00:00:00,2600
3286,2635.070102,9,141,1995-01-04 00:00:00,1998-01-02 00:00:00,2600
53,2633.856193,210,1817,1994-10-10 00:00:00,2013-04-11 08:58:54,2600
26,2633.779245,86,464,2010-08-01 10:00:00,2012-12-15 22:49:03,2600
587,2633.768988,10,87,2008-07-08 00:00:00,2013-02-26 07:24:43,2600
78,2633.270181,52,420,2005-10-31 00:00:00,2011-05-26 15:15:49,2600
1369,2633.251885,7,79,2002-10-04 00:00:00,2008-07-08 00:00:00,2600
2045,2632.990931,3,30,1985-01-04 00:00:00,1985-01-04 00:00:00,2600
6,2632.415349,218,1977,1991-03-22 00:00:00,2013-04-09 09:57:31,2600
23,2632.060035,146,1084,1997-01-03 00:00:00,2013-04-09 09:57:31,2600
1166,2631.741329,95,1051,1992-02-17 00:00:00,2008-02-11 00:00:00,2600
37,2631.557406,179,1514,1992-01-14 00:00:00,2013-04-09 09:57:31,2600
534,2631.474621,52,355,2008-01-03 00:00:00,2013-05-22 13:53:40,2600
131,2631.161169,108,748,2005-02-23 00:00:00,2013-04-08 09:04:55,2600
109,2629.239997,45,287,2010-08-01 10:00:00,2012-11-27 10:10:11,2600
2872,2628.732524,15,199,1992-03-21 00:00:00,2001-02-20 00:00:00,2600
418,2628.58599,10,79,1997-01-03 00:00:00,2010-07-19 00:00:00,2600
128,2628.579249,77,446,2010-08-01 10:00:00,2013-04-28 16:37:19,2600
3221,2628.548585,31,381,1994-01-08 00:00:00,2003-01-21 00:00:00,2600
422,2628.435479,62,681,1997-01-03 00:00:00,2011-08-18 16:24:11,2600
716,2627.112856,28,327,1992-01-01 00:00:00,2011-04-11 00:00:00,2600
239,2627.0953,13,59,2010-08-01 10:00:00,2013-05-18 13:54:14,2600
905,2626.920014,17,125,2012-02-27 06:28:25,2013-03-27 08:10:32,2600
3478,2626.206485,5,85,1992-03-21 00:00:00,1992-06-20 00:00:00,2600
1044,2625.558719,13,72,2012-09-06 12:42:07,2013-05-22 13:11:54,2600
1517,2624.69712,2,14,2005-03-26 00:00:00,2005-03-26 00:00:00,2600
514,2624.307592,12,73,2005-03-26 00:00:00,2012-11-08 08:19:57,2600
898,2624.017771,16,88,2011-12-10 12:40:54,2013-05-18 13:54:14,2600
448,2623.272942,63,356,2010-10-28 00:00:00,2013-05-22 13:53:40,2600
3209,2623.003434,49,527,1992-02-17 00:00:00,2004-02-10 00:00:00,2600
714,2622.823486,78,799,1992-06-20 00:00:00,2011-04-11 00:00:00,2600
439,2622.607201,8,108,2003-10-04 00:00:00,2010-10-14 00:00:00,2600
96,2622.603528,92,554,2010-08-01 10:00:00,2013-04-06 13:38:04,2600
83,2622.54718,69,693,1993-03-13 00:00:00,2010-08-01 10:00:00,2600
145,2621.465048,6,29,2010-08-01 10:00:00,2013-05-18 13:27:59,2600
7,2621.215878,131,1061,1995-01-04 00:00:00,2012-04-14 13:31:34,2600
500,2620.986633,63,671,1997-01-03 00:00:00,2013-05-18 13:54:14,2600
3274,2619.622041,5,44,1999-01-03 00:00:00,2008-07-08 00:00:00,2600
51,2618.856098,238,2147,1992-03-21 00:00:00,2013-04-08 13:28:58,2600
941,2618.617487,8,49,2012-06-18 09:11:07,2013-02-25 08:45:19,2600
119,2618.377233,152,1307,1997-01-03 00:00:00,2013-04-07 08:59:22,2600
922,2618.115088,66,755,1990-01-02 00:00:00,2012-05-26 13:03:24,2600
505,2616.984514,68,585,2001-02-20 00:00:00,2011-12-17 11:21:29,2600
1298,2616.874681,76,668,1984-10-20 00:00:00,1995-04-14 00:00:00,2600
295,2616.662493,54,399,2006-03-20 00:00:00,2013-03-12 12:03:07,2600
711,2616.584098,4,33,1996-01-01 00:00:00,2011-04-11 00:00:00,2600
130,2616.260899,163,1432,1996-12-09 00:00:00,2013-05-19 18:03:59,2600
2877,2615.87078,194,2064,1979-04-16 00:00:00,1997-04-19 00:00:00,2600
470,2615.849059,172,2005,1975-01-13 00:00:00,2012-10-27 15:09:51,2600
3261,2615.813665,109,946,1987-10-17 00:00:00,2000-03-28 00:00:00,2600
3460,2615.601135,39,368,1983-10-10 00:00:00,1994-01-08 00:00:00,2600
713,2615.544102,18,210,1997-01-03 00:00:00,2011-04-11 00:00:00,2600
46,2615.243523,111,878,2003-11-08 00:00:00,2012-04-09 13:30:50,2600
581,2615.179819,9,54,2009-07-07 00:00:00,2012-11-08 04:38:36,2600
3222,2615.111308,38,431,1992-01-14 00:00:00,2003-01-21 00:00:00,2600
38,2614.933077,230,1841,1993-10-18 00:00:00,2013-04-08 09:04:55,2600
3714,2614.5151,2,7,2009-07-22 00:00:00,2009-07-22 00:00:00,2600
968,2614.327843,5,29,2012-06-19 06:20:40,2012-11-07 02:00:54,2600
593,2614.233643,8,47,2011-06-18 19:20:08,2013-05-14 13:57:40,2600
959,2614.16623,7,37,2012-06-19 06:20:40,2012-11-08 07:31:37,2600
3269,2614.153369,50,485,1988-10-10 00:00:00,1999-01-03 00:00:00,2600
99,2613.927123,66,661,2000-01-03 00:00:00,2013-05-22 13:53:40,2600
65,2613.609376,90,617,2009-01-21 00:00:00,2012-12-15 11:10:02,2600
207,2613.235099,31,360,1996-10-16 00:00:00,2002-11-09 00:00:00,2600
804,2613.053248,154,1450,1987-10-17 00:00:00,2012-09-30 14:51:25,2600
120,2612.835606,86,520,2010-08-01 10:00:00,2013-04-06 09:08:17,2600
659,2612.623811,113,1141,1982-04-30 00:00:00,2012-09-30 09:00:41,2600
3298,2612.608164,5,52,1997-01-03 00:00:00,1997-01-03 00:00:00,2600
306,2612.601463,24,176,2007-03-25 00:00:00,2012-11-08 03:02:33,2600
3723,2612.425622,4,18,2001-08-22 00:00:00,2001-08-22 00:00:00,2600
86,2611.978783,105,643,2010-08-01 10:00:00,2013-05-22 13:11:54,2600
124,2611.831986,75,435,2003-10-04 00:00:00,2013-01-09 10:00:09,2600
3439,2610.778184,6,80,1996-01-01 00:00:00,1997-01-03 00:00:00,2600
2874,2610.662718,111,1160,1980-05-22 00:00:00,1997-01-03 00:00:00,2600
839,2610.397594,5,27,1997-01-03 00:00:00,2011-11-10 22:15:24,2600
3313,2610.291866,3,33,1997-01-03 00:00:00,1997-01-03 00:00:00,2600
908,2610.140641,17,123,2012-02-27 11:42:20,2013-03-25 11:38:39,2600
1167,2609.85868,44,534,1994-01-08 00:00:00,2007-02-24 00:00:00,2600
74,2609.852294,93,605,2010-08-01 10:00:00,2013-04-09 09:57:31,2600
420,2609.462481,20,112,2010-10-07 00:00:00,2012-07-19 14:26:44,2600
894,2609.408468,42,269,2011-12-10 09:57:06,2013-04-06 09:08:17,2600
2878,2609.400868,141,1608,1975-01-13 00:00:00,1997-01-03 00:00:00,2600
1102,2609.262579,8,44,2012-09-24 05:40:11,2013-03-25 11:38:39,2600
36,2608.795008,125,1168,1993-02-22 00:00:00,2010-12-14 00:00:00,2600
3260,2608.64642,21,257,1993-10-18 00:00:00,2000-01-03 00:00:00,2600
79,2608.427604,86,558,2008-01-03 00:00:00,2013-04-06 09:08:17,2600
204,2608.255189,145,1406,1994-01-08 00:00:00,2011-08-19 17:14:31,2600
102,2608.254129,31,230,2009-01-21 00:00:00,2012-05-15 12:09:08,2600
1197,2608.133847,28,336,1992-03-21 00:00:00,2006-01-08 00:00:00,2600
3470,2608.105329,5,79,1992-06-20 00:00:00,1993-04-17 00:00:00,2600
564,2608.084542,7,36,2011-07-11 14:16:55,2011-07-17 14:37:09,2600
2090,2608.036026,7,92,1997-01-03 00:00:00,2003-01-21 00:00:00,2600
785,2607.739309,3,18,2011-10-20 15:04:10,2011-10-22 11:32:54,2600
802,2607.262105,69,627,1984-10-20 00:00:00,2013-04-05 09:00:52,2600
3319,2607.186494,4,33,1997-01-03 00:00:00,1997-01-03 00:00:00,2600
3337,2607.180348,3,20,1995-10-16 00:00:00,1997-01-03 00:00:00,2600
4902,2606.974173,1,8,1999-03-01 00:00:00,1999-03-01 00:00:00,2600
3713,2606.8747,2,9,2009-07-22 00:00:00,2009-07-22 00:00:00,2600
1093,2606.726288,6,30,2012-09-23 11:30:33,2012-11-08 07:31:37,2600
1385,2606.682368,2,13,2009-07-13 00:00:00,2009-07-13 00:00:00,2600
815,2606.634485,5,23,2011-11-10 20:47:58,2012-10-19 07:53:21,2600
409,2606.589895,140,1371,1986-10-18 00:00:00,2012-09-30 13:36:28,2600
3294,2606.20262,5,57,1997-01-03 00:00:00,1998-01-02 00:00:00,2600
756,2606.164958,3,16,2011-10-20 08:18:44,2011-10-21 08:25:57,2600
1165,2606.107237,25,330,1997-01-03 00:00:00,2008-01-03 00:00:00,2600
328,2605.733345,2,12,2010-08-01 10:00:00,2010-08-01 10:00:00,2600
408,2605.474287,329,3366,1983-10-10 00:00:00,2012-04-05 10:01:11,2600
199,2605.082271,3,18,2011-08-06 19:07:06,2011-08-18 15:27:23,2600
18,2604.059983,40,294,2010-08-01 10:00:00,2012-04-11 13:30:28,2600
67,2604.016833,98,656,2009-01-21 00:00:00,2013-04-06 09:08:17,2600
936,2603.92585,8,44,2012-06-18 08:18:35,2012-11-08 03:02:33,2600
526,2603.919361,38,215,2011-05-14 12:33:54,2012-12-14 19:46:42,2600
952,2603.910755,5,28,2012-06-18 11:58:40,2012-11-08 04:38:36,2600
495,2603.811722,14,162,2003-10-04 00:00:00,2010-07-19 00:00:00,2600
947,2603.626893,6,33,2012-06-18 09:11:07,2012-11-08 07:31:37,2600
3472,2603.486248,12,151,1988-10-10 00:00:00,1992-06-20 00:00:00,2600
562,2603.434247,5,27,2011-07-12 08:37:05,2011-07-16 10:11:40,2600
3255,2603.375282,25,295,1992-01-14 00:00:00,2001-02-20 00:00:00,2600
770,2603.220909,3,16,2011-10-20 13:54:16,2011-10-21 12:18:11,2600
3441,2603.109428,7,109,1992-03-21 00:00:00,1996-01-01 00:00:00,2600
3239,2603.080398,10,119,1997-01-03 00:00:00,2001-02-20 00:00:00,2600
560,2603.061766,6,31,2011-07-12 12:12:36,2011-07-17 06:33:51,2600
3267,2603.016796,4,38,1997-01-03 00:00:00,1999-01-03 00:00:00,2600
3335,2602.85081,3,18,1997-01-03 00:00:00,1997-01-03 00:00:00,2600
617,2602.752163,39,219,2008-01-03 00:00:00,2012-05-28 17:58:02,2600
566,2602.629132,7,40,2011-07-11 12:29:41,2011-07-17 14:37:09,2600
3526,2602.553346,1,7,1997-09-17 00:00:00,1997-09-17 00:00:00,2600
57,2602.55298,110,757,2002-10-04 00:00:00,2013-05-19 15:00:03,2600
563,2602.464111,5,27,2011-07-12 12:13:10,2011-07-16 08:53:50,2600
3299,2602.435019,6,97,1992-06-20 00:00:00,1997-01-03 00:00:00,2600
709,2602.408315,2,12,2011-04-11 00:00:00,2011-04-11 00:00:00,2600
579,2602.010639,4,20,2011-07-11 14:16:55,2011-07-14 06:05:17,2600
867,2602.007758,3,18,2011-11-10 20:45:09,2012-10-17 19:00:15,2600
798,2602.006316,9,36,1997-01-03 00:00:00,2012-10-27 19:22:54,2600
4312,2602.0023,1,9,1983-10-10 00:00:00,1983-10-10 00:00:00,2600
565,2601.944262,5,26,2011-07-11 12:31:01,2011-07-16 06:25:12,2600
3339,2601.943724,2,14,1997-01-03 00:00:00,1997-01-03 00:00:00,2600
3296,2601.743622,16,185,1992-01-14 00:00:00,1998-01-02 00:00:00,2600
746,2601.49525,3,17,2011-10-20 08:18:44,2011-10-21 08:25:57,2600
373,2601.479853,2,11,2010-09-30 00:00:00,2010-09-30 00:00:00,2600
650,2601.411292,2,11,2011-08-25 13:16:36,2011-08-26 05:40:05,2600
1189,2601.406166,1,8,2013-03-25 07:25:24,2013-03-25 07:25:24,2600
1931,2601.313301,24,300,1994-01-08 00:00:00,2010-07-19 00:00:00,2600
3246,2601.247477,3,50,2001-02-20 00:00:00,2001-02-20 00:00:00,2600
242,2601.207718,4,16,2010-08-01 10:00:00,2011-08-25 21:08:05,2600
517,2601.027159,8,42,2011-05-14 23:32:15,2011-05-27 18:24:33,2600
1079,2601.010484,2,10,2012-10-17 17:22:55,2012-10-17 19:00:15,2600
3417,2601.002105,3,22,1993-02-22 00:00:00,1997-01-03 00:00:00,2600
3127,2600.985119,2,14,1997-01-03 00:00:00,1997-01-03 00:00:00,2600
3357,2600.969553,2,15,1997-01-03 00:00:00,1997-01-03 00:00:00,2600
1117,2600.910175,2,13,2012-09-24 11:29:16,2012-09-25 11:28:31,2600
3350,2600.894768,3,22,1997-01-03 00:00:00,1997-01-03 00:00:00,2600
567,2600.891284,6,34,2011-07-11 08:33:47,2011-07-17 08:39:39,2600
1153,2600.8518,2,12,2012-11-05 11:33:05,2012-11-07 02:00:54,2600
849,2600.798207,3,15,2011-11-10 14:13:12,2011-11-10 23:38:46,2600
3334,2600.670467,2,11,1997-01-03 00:00:00,1997-01-03 00:00:00,2600
313,2600.508635,2,9,2010-08-01 10:00:00,2010-08-01 10:00:00,2600
356,2600.508635,2,9,2010-08-01 10:00:00,2010-08-01 10:00:00,2600
1084,2600.504218,2,11,2012-10-17 17:26:14,2012-10-17 19:58:01,2600
753,2600.494963,2,13,2011-10-20 08:18:44,2011-10-20 16:39:20,2600
3377,2600.491512,2,13,1997-01-03 00:00:00,1997-01-03 00:00:00,2600
519,2600.490849,15,128,2002-02-11 00:00:00,2011-05-27 18:24:33,2600
1066,2600.481293,2,11,2012-10-17 17:22:55,2012-10-17 19:00:15,2600
3373,2600.48072,2,17,1997-01-03 00:00:00,1997-01-03 00:00:00,2600
3371,2600.424545,2,13,1997-01-03 00:00:00,1997-01-03 00:00:00,2600
369,2600.420264,3,18,2010-09-30 00:00:00,2010-09-30 00:00:00,2600
3243,2600.261566,11,124,1997-01-03 00:00:00,2001-02-20 00:00:00,2600
3453,2600.228335,2,34,1994-01-08 00:00:00,1994-01-08 00:00:00,2600
469,2600.210112,144,1465,1982-10-11 00:00:00,2012-10-27 12:08:07,2600
622,2600.191947,2,13,2011-08-25 12:56:13,2011-08-25 19:07:05,2600
907,2600.118138,14,93,2012-02-27 11:42:20,2013-03-26 07:30:34,2600
1934,2600.056869,4,17,2009-07-22 00:00:00,2009-07-22 00:00:00,2600
3712,2600.039367,2,7,2009-07-22 00:00:00,2009-07-22 00:00:00,2600
570,2600.017679,4,20,2011-07-11 06:10:40,2011-07-15 08:14:09,2600
293,2600.010793,2,10,2010-08-01 10:00:00,2010-08-01 10:00:00,2600
365,2600.010793,2,10,2010-08-01 10:00:00,2010-08-01 10:00:00,2600
330,2600.005037,2,14,2010-08-01 10:00:00,2010-08-01 10:00:00,2600
3720,2600,2,6,2001-08-22 00:00:00,2001-08-22 00:00:00,2600
574,2599.992702,4,20,2011-07-11 06:08:31,2011-07-15 08:57:22,2600
3355,2599.992449,2,10,1997-01-03 00:00:00,1997-01-03 00:00:00,2600
1107,2599.98701,3,16,2012-09-24 07:04:02,2012-11-06 04:53:12,2600
3330,2599.935934,3,21,1997-01-03 00:00:00,1997-01-03 00:00:00,2600
3329,2599.923601,2,15,1997-01-03 00:00:00,1997-01-03 00:00:00,2600
1158,2599.859545,2,11,2012-11-06 06:45:52,2012-11-07 07:02:48,2600
3352,2599.853407,2,16,1997-01-03 00:00:00,1997-01-03 00:00:00,2600
3386,2599.846105,1,9,1997-01-03 00:00:00,1997-01-03 00:00:00,2600
3206,2599.842015,26,300,1995-01-04 00:00:00,2004-02-10 00:00:00,2600
3340,2599.676916,1,9,1997-01-03 00:00:00,1997-01-03 00:00:00,2600
3415,2599.672872,1,9,1997-01-03 00:00:00,1997-01-03 00:00:00,2600
3213,2599.653564,73,787,1990-10-08 00:00:00,2004-02-10 00:00:00,2600
966,2599.647464,3,18,2012-06-19 12:26:13,2012-11-07 02:00:54,2600
2331,2599.638193,2,16,1997-01-03 00:00:00,1997-01-03 00:00:00,2600
3363,2599.58149,2,12,1997-01-03 00:00:00,1997-01-03 00:00:00,2600
3430,2599.510158,1,9,1997-01-03 00:00:00,1997-01-03 00:00:00,2600
568,2599.507219,5,25,2011-07-11 06:08:31,2011-07-16 06:24:48,2600
3413,2599.505409,1,9,1997-01-03 00:00:00,1997-01-03 00:00:00,2600
1146,2599.5,1,7,2012-11-05 06:15:40,2012-11-05 06:15:40,2600
1358,2599.5,1,19,1992-06-20 00:00:00,1992-06-20 00:00:00,2600
270,2599.5,1,7,2010-08-01 10:00:00,2010-08-01 10:00:00,2600
3452,2599.5,1,19,1994-01-08 00:00:00,1994-01-08 00:00:00,2600
752,2599.5,1,7,2011-10-20 11:49:30,2011-10-20 11:49:30,2600
778,2599.5,2,11,2011-10-20 14:13:22,2011-10-20 19:38:06,2600
254,2599.494963,1,7,2010-08-01 10:00:00,2010-08-01 10:00:00,2600
3356,2599.489906,1,9,1997-01-03 00:00:00,1997-01-03 00:00:00,2600
4911,2599.485983,1,9,1991-08-22 00:00:00,1991-08-22 00:00:00,2600
3403,2599.485571,1,9,1997-01-03 00:00:00,1997-01-03 00:00:00,2600
3409,2599.485544,1,9,1997-01-03 00:00:00,1997-01-03 00:00:00,2600
352,2599.484889,1,7,2010-08-01 10:00:00,2010-08-01 10:00:00,2600
3400,2599.480885,1,9,1997-01-03 00:00:00,1997-01-03 00:00:00,2600
272,2599.479853,1,7,2010-08-01 10:00:00,2010-08-01 10:00:00,2600
3369,2599.479747,1,9,1997-01-03 00:00:00,1997-01-03 00:00:00,2600
3392,2599.478753,1,9,1997-01-03 00:00:00,1997-01-03 00:00:00,2600
3438,2599.478446,1,9,1997-01-03 00:00:00,1997-01-03 00:00:00,2600
3428,2599.474348,1,9,1997-01-03 00:00:00,1997-01-03 00:00:00,2600
58,2599.467804,44,301,2009-08-01 10:00:00,2013-02-07 14:06:49,2600
945,2599.466569,3,17,2012-06-18 09:11:07,2012-11-07 02:00:54,2600
662,2599.462169,1,7,2011-08-18 08:31:59,2011-08-18 08:31:59,2600
1118,2599.439621,1,7,2012-09-24 11:29:16,2012-09-24 11:29:16,2600
4913,2599.431792,2,17,1991-08-22 00:00:00,1991-08-22 00:00:00,2600
3362,2599.425852,2,15,1997-01-03 00:00:00,1997-01-03 00:00:00,2600
3368,2599.400381,2,17,1997-01-03 00:00:00,1997-01-03 00:00:00,2600
3381,2599.39115,2,13,1997-01-03 00:00:00,1997-01-03 00:00:00,2600
3375,2599.387798,2,15,1997-01-03 00:00:00,1997-01-03 00:00:00,2600
3358,2599.384631,1,9,1997-01-03 00:00:00,1997-01-03 00:00:00,2600
3354,2599.379987,2,17,1997-01-03 00:00:00,1997-01-03 00:00:00,2600
3342,2599.374757,2,15,1997-01-03 00:00:00,1997-01-03 00:00:00,2600
3359,2599.372827,1,8,1997-01-03 00:00:00,1997-01-03 00:00:00,2600
1151,2599.360453,1,7,2012-11-05 06:57:46,2012-11-05 06:57:46,2600
267,2599.354761,1,7,2010-08-01 10:00:00,2010-08-01 10:00:00,2600
257,2599.346043,1,7,2010-08-01 10:00:00,2010-08-01 10:00:00,2600
3348,2599.321419,2,11,1997-01-03 00:00:00,1997-01-03 00:00:00,2600
380,2599.255344,1,7,2010-09-30 00:00:00,2010-09-30 00:00:00,2600
1154,2599.236846,2,10,2012-11-05 11:33:05,2012-11-07 05:03:31,2600
1363,2599.172129,14,184,1997-01-03 00:00:00,2004-02-10 00:00:00,2600
3397,2599.131977,1,8,1997-01-03 00:00:00,1997-01-03 00:00:00,2600
3429,2599.127259,1,9,1997-01-03 00:00:00,1997-01-03 00:00:00,2600
340,2599.060047,8,64,2007-02-24 00:00:00,2012-10-18 09:19:31,2600
3361,2599.043306,2,17,1997-01-03 00:00:00,1997-01-03 00:00:00,2600
571,2599.035693,4,20,2011-07-11 14:56:12,2011-07-15 08:15:35,2600
576,2599.028704,4,20,2011-07-11 06:10:40,2011-07-14 08:15:42,2600
575,2599.028524,4,20,2011-07-11 12:29:41,2011-07-15 06:15:41,2600
747,2599.019056,1,6,2011-10-20 16:39:20,2011-10-20 16:39:20,2600
281,2599.017269,2,10,2010-08-01 10:00:00,2010-08-01 10:00:00,2600
282,2599.015111,2,12,2010-08-01 10:00:00,2010-08-01 10:00:00,2600
1074,2599,1,6,2012-10-17 17:22:55,2012-10-17 17:22:55,2600
1105,2599,1,6,2012-09-24 05:42:09,2012-09-24 05:42:09,2600
155,2599,1,6,2010-08-01 10:00:00,2010-08-01 10:00:00,2600
3717,2599,1,4,2005-07-20 00:00:00,2005-07-20 00:00:00,2600
678,2599,1,6,2011-09-29 11:15:56,2011-09-29 11:15:56,2600
699,2599,1,6,2011-09-29 16:14:31,2011-09-29 16:14:31,2600
745,2599,1,6,2011-10-20 08:18:44,2011-10-20 08:18:44,2600
754,2599,1,6,2011-10-20 08:18:44,2011-10-20 08:18:44,2600
779,2599,1,6,2011-10-20 14:13:22,2011-10-20 14:13:22,2600
781,2599,1,6,2011-10-20 14:13:22,2011-10-20 14:13:22,2600
788,2599,1,6,2011-10-20 15:04:10,2011-10-20 15:04:10,2600
848,2599,1,6,2011-11-10 14:13:12,2011-11-10 14:13:12,2600
850,2599,1,6,2011-11-10 18:55:30,2011-11-10 18:55:30,2600
3420,2598.998774,1,8,1997-01-03 00:00:00,1997-01-03 00:00:00,2600
1756,2598.993952,1,8,1997-01-03 00:00:00,1997-01-03 00:00:00,2600
623,2598.987222,1,6,2011-08-25 12:57:52,2011-08-25 12:57:52,2600
309,2598.987048,1,6,2010-08-01 10:00:00,2010-08-01 10:00:00,2600
3391,2598.986646,1,8,1997-01-03 00:00:00,1997-01-03 00:00:00,2600
291,2598.985092,2,14,2010-08-01 10:00:00,2012-08-23 10:35:01,2600
3436,2598.984139,1,8,1997-01-03 00:00:00,1997-01-03 00:00:00,2600
290,2598.982731,1,6,2010-08-01 10:00:00,2010-08-01 10:00:00,2600
1095,2598.982294,1,6,2012-09-23 11:30:33,2012-09-23 11:30:33,2600
280,2598.982058,1,6,2010-08-01 10:00:00,2010-08-01 10:00:00,2600
3372,2598.98138,1,8,1997-01-03 00:00:00,1997-01-03 00:00:00,2600
1013,2598.981207,1,6,2012-08-23 10:06:25,2012-08-23 10:06:25,2600
1651,2598.971795,1,8,1997-01-03 00:00:00,1997-01-03 00:00:00,2600
3406,2598.971066,1,8,1997-01-03 00:00:00,1997-01-03 00:00:00,2600
3434,2598.970038,1,8,1997-01-03 00:00:00,1997-01-03 00:00:00,2600
3333,2598.963388,2,15,1997-01-03 00:00:00,1997-01-03 00:00:00,2600
3338,2598.956543,2,16,1997-01-03 00:00:00,1997-01-03 00:00:00,2600
3424,2598.946975,1,8,1997-01-03 00:00:00,1997-01-03 00:00:00,2600
1113,2598.935953,1,6,2012-09-25 11:28:31,2012-09-25 11:28:31,2600
286,2598.914296,1,6,2010-08-01 10:00:00,2010-08-01 10:00:00,2600
425,2598.896623,1,6,2010-10-07 00:00:00,2010-10-07 00:00:00,2600
3412,2598.895997,1,8,1997-01-03 00:00:00,1997-01-03 00:00:00,2600
3382,2598.88883,1,8,1997-01-03 00:00:00,1997-01-03 00:00:00,2600
3353,2598.880792,2,17,1997-01-03 00:00:00,1997-01-03 00:00:00,2600
303,2598.877776,1,6,2010-08-01 10:00:00,2010-08-01 10:00:00,2600
245,2598.873743,1,6,2010-08-01 10:00:00,2010-08-01 10:00:00,2600
398,2598.87034,1,6,2010-09-30 00:00:00,2010-09-30 00:00:00,2600
1160,2598.853752,1,6,2012-11-05 11:33:05,2012-11-05 11:33:05,2600
1086,2598.832523,1,6,2012-10-18 19:02:38,2012-10-18 19:02:38,2600
805,2598.81865,1,2,2011-10-10 13:36:21,2011-10-10 13:36:21,2600
3326,2598.81438,1,7,1997-01-03 00:00:00,1997-01-03 00:00:00,2600
3351,2598.755434,1,8,1997-01-03 00:00:00,1997-01-03 00:00:00,2600
3285,2598.750165,3,36,1997-01-03 00:00:00,1998-01-02 00:00:00,2600
733,2598.728379,1,6,2011-10-05 14:13:13,2011-10-05 14:13:13,2600
740,2598.720105,1,6,2011-10-05 20:11:01,2011-10-05 20:11:01,2600
3200,2598.664567,28,317,2001-02-20 00:00:00,2005-01-25 00:00:00,2600
3379,2598.602759,1,8,1997-01-03 00:00:00,1997-01-03 00:00:00,2600
3376,2598.57432,1,9,1997-01-03 00:00:00,1997-01-03 00:00:00,2600
722,2598.573692,2,13,2011-09-21 15:35:34,2011-11-27 16:33:21,2600
1569,2598.569754,2,18,1997-01-03 00:00:00,1997-01-03 00:00:00,2600
3344,2598.54512,3,23,1997-01-03 00:00:00,1997-01-03 00:00:00,2600
953,2598.534275,1,5,2012-06-18 11:58:40,2012-06-18 11:58:40,2600
3419,2598.531852,1,7,1997-01-03 00:00:00,1997-01-03 00:00:00,2600
3343,2598.530975,2,17,1997-01-03 00:00:00,1997-01-03 00:00:00,2600
277,2598.520147,2,11,2010-08-01 10:00:00,2010-08-01 10:00:00,2600
353,2598.520147,2,11,2010-08-01 10:00:00,2010-08-01 10:00:00,2600
868,2598.517203,2,11,2011-11-10 20:45:09,2011-11-10 22:15:24,2600
362,2598.507528,3,13,2010-08-01 10:00:00,2011-08-25 13:04:00,2600
852,2598.507196,1,5,2011-11-10 18:59:26,2011-11-10 18:59:26,2600
1033,2598.5,1,5,2012-08-23 15:43:01,2012-08-23 15:43:01,2600
1080,2598.5,1,5,2012-10-17 17:26:14,2012-10-17 17:26:14,2600
1085,2598.5,1,5,2012-10-17 17:26:14,2012-10-17 17:26:14,2600
1088,2598.5,1,5,2012-10-18 19:09:26,2012-10-18 19:09:26,2600
1128,2598.5,1,5,2012-11-15 17:51:09,2012-11-15 17:51:09,2600
1131,2598.5,1,5,2012-11-15 19:33:43,2012-11-15 19:33:43,2600
1137,2598.5,1,5,2012-11-15 21:20:07,2012-11-15 21:20:07,2600
1152,2598.5,1,5,2012-11-05 11:33:05,2012-11-05 11:33:05,2600
1157,2598.5,1,5,2012-11-06 06:45:52,2012-11-06 06:45:52,2600
253,2598.5,1,5,2010-08-01 10:00:00,2010-08-01 10:00:00,2600
3268,2598.5,1,17,1999-01-03 00:00:00,1999-01-03 00:00:00,2600
3719,2598.5,1,3,2005-07-20 00:00:00,2005-07-20 00:00:00,2600
3721,2598.5,1,3,2001-08-22 00:00:00,2001-08-22 00:00:00,2600
3722,2598.5,1,3,2001-08-22 00:00:00,2001-08-22 00:00:00,2600
392,2598.5,1,5,2010-09-30 00:00:00,2010-09-30 00:00:00,2600
396,2598.5,1,5,2010-09-30 00:00:00,2010-09-30 00:00:00,2600
413,2598.5,1,5,2010-10-07 00:00:00,2010-10-07 00:00:00,2600
638,2598.5,1,5,2011-08-25 16:42:30,2011-08-25 16:42:30,2600
671,2598.5,1,5,2011-09-29 11:15:56,2011-09-29 11:15:56,2600
674,2598.5,1,5,2011-09-29 11:15:56,2011-09-29 11:15:56,2600
680,2598.5,1,5,2011-09-29 11:15:56,2011-09-29 11:15:56,2600
689,2598.5,1,5,2011-09-29 14:26:20,2011-09-29 14:26:20,2600
693,2598.5,1,5,2011-09-29 14:39:54,2011-09-29 14:39:54,2600
824,2598.5,1,5,2011-11-10 13:54:06,2011-11-10 13:54:06,2600
832,2598.5,1,5,2011-11-10 13:54:06,2011-11-10 13:54:06,2600
885,2598.5,1,5,2011-11-27 14:56:50,2011-11-27 14:56:50,2600
899,2598.5,1,5,2011-12-10 12:40:54,2011-12-10 12:40:54,2600
937,2598.5,1,5,2012-06-18 08:18:35,2012-06-18 08:18:35,2600
970,2598.5,1,5,2012-06-18 09:11:07,2012-06-18 09:11:07,2600
1060,2598.496402,1,5,2012-10-17 17:22:55,2012-10-17 17:22:55,2600
1115,2598.493635,1,6,2012-09-24 11:29:16,2012-09-24 11:29:16,2600
644,2598.492373,1,5,2011-08-25 21:08:05,2011-08-25 21:08:05,2600
837,2598.489926,2,13,2011-11-10 14:13:12,2012-10-17 17:22:55,2600
335,2598.489207,1,5,2010-08-01 10:00:00,2010-08-01 10:00:00,2600
3411,2598.48456,1,7,1997-01-03 00:00:00,1997-01-03 00:00:00,2600
3427,2598.47854,1,7,1997-01-03 00:00:00,1997-01-03 00:00:00,2600
1026,2598.478269,1,5,2012-08-23 14:05:14,2012-08-23 14:05:14,2600
256,2598.469427,1,5,2010-08-01 10:00:00,2010-08-01 10:00:00,2600
3380,2598.464582,1,7,1997-01-03 00:00:00,1997-01-03 00:00:00,2600
3364,2598.463549,1,7,1997-01-03 00:00:00,1997-01-03 00:00:00,2600
786,2598.457331,1,5,2011-10-20 15:04:10,2011-10-20 15:04:10,2600
220,2598.455866,1,3,2010-08-01 10:00:00,2010-08-01 10:00:00,2600
338,2598.455033,1,5,2012-08-23 15:43:01,2012-08-23 15:43:01,2600
2347,2598.427442,2,14,1997-01-03 00:00:00,1997-01-03 00:00:00,2600
647,2598.424907,1,5,2011-08-25 16:48:53,2011-08-25 16:48:53,2600
1155,2598.424331,1,5,2012-11-06 04:53:12,2012-11-06 04:53:12,2600
1075,2598.42315,2,10,2012-10-17 17:22:55,2012-10-17 19:00:15,2600
1103,2598.404525,1,5,2012-09-23 11:30:33,2012-09-23 11:30:33,2600
1063,2598.386315,1,5,2012-10-17 18:58:32,2012-10-17 18:58:32,2600
1059,2598.371899,1,5,2012-10-17 17:26:14,2012-10-17 17:26:14,2600
3387,2598.345382,1,7,1997-01-03 00:00:00,1997-01-03 00:00:00,2600
1056,2598.342189,1,5,2012-10-18 07:29:21,2012-10-18 07:29:21,2600
4314,2598.323927,1,9,1982-10-11 00:00:00,1982-10-11 00:00:00,2600
3336,2598.283876,2,14,1997-01-03 00:00:00,1997-01-03 00:00:00,2600
840,2598.281292,1,6,2011-11-10 14:13:12,2011-11-10 14:13:12,2600
940,2598.269925,10,69,2005-03-26 00:00:00,2012-11-06 01:56:48,2600
3388,2598.267082,1,7,1997-01-03 00:00:00,1997-01-03 00:00:00,2600
3383,2598.238897,2,13,1997-01-03 00:00:00,1997-01-03 00:00:00,2600
1629,2598.205884,2,27,1997-01-03 00:00:00,1999-01-03 00:00:00,2600
935,2598.18943,2,13,2012-06-18 09:06:58,2012-09-24 05:40:11,2600
203,2598.18412,1,5,2010-08-01 10:00:00,2010-08-01 10:00:00,2600
3367,2598.165013,1,7,1997-01-03 00:00:00,1997-01-03 00:00:00,2600
496,2598.132795,2,25,2009-01-21 00:00:00,2009-02-05 00:00:00,2600
933,2598.06824,2,12,2012-06-18 08:18:35,2012-06-20 07:40:20,2600
3307,2598.058463,5,46,1992-10-12 00:00:00,1997-01-03 00:00:00,2600
765,2598.054933,1,4,2011-10-20 18:24:51,2011-10-20 18:24:51,2600
573,2598.043041,4,20,2011-07-11 09:02:04,2011-07-14 06:05:03,2600
1054,2598.038915,1,4,2012-10-17 17:26:14,2012-10-17 17:26:14,2600
183,2598.030596,1,4,2010-08-01 10:00:00,2010-08-01 10:00:00,2600
569,2598.017936,4,20,2011-07-11 12:31:01,2011-07-15 14:52:36,2600
278,2598.011513,1,4,2010-08-01 10:00:00,2010-08-01 10:00:00,2600
354,2598.011513,1,4,2010-08-01 10:00:00,2010-08-01 10:00:00,2600
327,2598.008635,1,4,2010-08-01 10:00:00,2010-08-01 10:00:00,2600
792,2598.008125,1,4,2011-10-20 20:29:31,2011-10-20 20:29:31,2600
3407,2598.00741,1,6,1997-01-03 00:00:00,1997-01-03 00:00:00,2600
873,2598.005756,1,4,2011-11-10 22:15:24,2011-11-10 22:15:24,2600
1035,2598,1,4,2012-08-24 07:05:04,2012-08-24 07:05:04,2600
1078,2598,1,4,2012-10-17 17:22:55,2012-10-17 17:22:55,2600
1129,2598,1,4,2012-11-15 17:51:09,2012-11-15 17:51:09,2600
1133,2598,1,4,2012-11-15 19:44:03,2012-11-15 19:44:03,2600
1178,2598,1,4,2012-12-13 09:03:29,2012-12-13 09:03:29,2600
301,2598,1,4,2010-08-01 10:00:00,2010-08-01 10:00:00,2600
3454,2598,1,16,1994-01-08 00:00:00,1994-01-08 00:00:00,2600
684,2598,1,4,2011-09-29 13:22:57,2011-09-29 13:22:57,2600
691,2598,1,4,2011-09-29 14:26:20,2011-09-29 14:26:20,2600
704,2598,1,4,2011-09-29 16:56:02,2011-09-29 16:56:02,2600
706,2598,1,4,2011-09-29 17:35:44,2011-09-29 17:35:44,2600
749,2598,1,4,2011-10-20 08:18:44,2011-10-20 08:18:44,2600
755,2598,1,4,2011-10-20 08:18:44,2011-10-20 08:18:44,2600
775,2598,1,4,2011-10-20 13:53:45,2011-10-20 13:53:45,2600
808,2598,1,4,2011-11-10 13:54:06,2011-11-10 13:54:06,2600
827,2598,1,4,2011-11-10 13:54:06,2011-11-10 13:54:06,2600
846,2598,1,4,2011-11-10 14:36:51,2011-11-10 14:36:51,2600
630,2597.997311,1,4,2011-08-25 16:59:24,2011-08-25 16:59:24,2600
817,2597.997122,1,4,2011-11-10 13:54:06,2011-11-10 13:54:06,2600
3435,2597.99483,1,6,1997-01-03 00:00:00,1997-01-03 00:00:00,2600
266,2597.991365,1,4,2010-08-01 10:00:00,2010-08-01 10:00:00,2600
297,2597.991365,1,4,2010-08-01 10:00:00,2010-08-01 10:00:00,2600
3414,2597.991161,1,6,1997-01-03 00:00:00,1997-01-03 00:00:00,2600
3395,2597.991025,1,6,1997-01-03 00:00:00,1997-01-03 00:00:00,2600
331,2597.988487,1,4,2010-08-01 10:00:00,2010-08-01 10:00:00,2600
826,2597.98801,1,4,2011-11-10 13:54:06,2011-11-10 13:54:06,2600
3401,2597.98691,1,6,1997-01-03 00:00:00,1997-01-03 00:00:00,2600
3402,2597.982022,1,6,1997-01-03 00:00:00,1997-01-03 00:00:00,2600
3423,2597.97667,1,6,1997-01-03 00:00:00,1997-01-03 00:00:00,2600
264,2597.973245,1,4,2010-08-01 10:00:00,2010-08-01 10:00:00,2600
3468,2597.970483,28,270,1988-10-10 00:00:00,1995-04-01 00:00:00,2600
3264,2597.968718,3,30,1997-01-03 00:00:00,1999-01-03 00:00:00,2600
847,2597.963866,1,4,2011-11-10 14:13:12,2011-11-10 14:13:12,2600
1061,2597.954208,1,4,2012-10-17 18:58:32,2012-10-17 18:58:32,2600
3390,2597.947311,1,6,1997-01-03 00:00:00,1997-01-03 00:00:00,2600
276,2597.936376,1,4,2010-08-01 10:00:00,2010-08-01 10:00:00,2600
3404,2597.932372,1,6,1997-01-03 00:00:00,1997-01-03 00:00:00,2600
3396,2597.928398,1,6,1997-01-03 00:00:00,1997-01-03 00:00:00,2600
1116,2597.927253,1,4,2012-09-24 11:29:16,2012-09-24 11:29:16,2600
2184,2597.918817,159,1637,1977-04-18 00:00:00,2001-02-20 00:00:00,2600
342,2597.911429,1,4,2010-08-01 10:00:00,2010-08-01 10:00:00,2600
3399,2597.911288,1,8,1997-01-03 00:00:00,1997-01-03 00:00:00,2600
243,2597.904513,1,4,2010-08-01 10:00:00,2010-08-01 10:00:00,2600
1017,2597.901396,1,4,2012-08-23 10:35:01,2012-08-23 10:35:01,2600
261,2597.888809,1,4,2010-08-01 10:00:00,2010-08-01 10:00:00,2600
1036,2597.87808,1,4,2012-08-25 21:54:46,2012-08-25 21:54:46,2600
3715,2597.874598,2,8,2005-07-20 00:00:00,2005-07-20 00:00:00,2600
655,2597.868659,1,4,2011-08-06 13:16:00,2011-08-06 13:16:00,2600
1112,2597.853577,1,6,2012-09-24 07:44:29,2012-09-24 07:44:29,2600
1073,2597.829,1,4,2012-10-17 17:22:55,2012-10-17 17:22:55,2600
491,2597.813213,1,7,1997-01-03 00:00:00,1997-01-03 00:00:00,2600
1009,2597.808985,1,4,2012-08-23 07:59:26,2012-08-23 07:59:26,2600
870,2597.772297,1,4,2011-11-10 14:30:48,2011-11-10 14:30:48,2600
185,2597.676648,1,4,2010-08-01 10:00:00,2010-08-01 10:00:00,2600
3408,2597.653685,1,7,1997-01-03 00:00:00,1997-01-03 00:00:00,2600
3208,2597.64426,23,271,1997-01-03 00:00:00,2004-02-10 00:00:00,2600
3416,2597.548479,1,5,1997-01-03 00:00:00,1997-01-03 00:00:00,2600
512,2597.537258,1,8,2010-03-29 00:00:00,2010-03-29 00:00:00,2600
646,2597.52675,2,9,2011-08-25 13:16:36,2011-08-25 21:08:05,2600
813,2597.507196,2,11,2011-11-10 13:54:06,2012-10-18 10:58:12,2600
3374,2597.495968,1,5,1997-01-03 00:00:00,1997-01-03 00:00:00,2600
3366,2597.488101,1,5,1997-01-03 00:00:00,1997-01-03 00:00:00,2600
3378,2597.487565,1,5,1997-01-03 00:00:00,1997-01-03 00:00:00,2600
3418,2597.485355,1,5,1997-01-03 00:00:00,1997-01-03 00:00:00,2600
3393,2597.481826,1,5,1997-01-03 00:00:00,1997-01-03 00:00:00,2600
763,2597.45842,3,15,2011-10-20 11:06:22,2011-10-21 11:46:09,2600
3174,2597.409558,1,5,1991-08-22 00:00:00,1991-08-22 00:00:00,2600
989,2597.399832,1,5,2012-07-19 12:44:01,2012-07-19 12:44:01,2600
265,2597.390747,2,9,2010-08-01 10:00:00,2010-08-01 10:00:00,2600
811,2597.379367,2,11,2011-11-10 14:03:47,2012-10-17 17:26:14,2600
934,2597.364009,2,11,2012-06-18 08:18:35,2012-09-24 07:04:02,2600
939,2597.337423,1,6,2012-06-18 09:11:07,2012-06-18 09:11:07,2600
3405,2597.337219,1,5,1997-01-03 00:00:00,1997-01-03 00:00:00,2600
1097,2597.320413,1,6,2012-09-24 05:42:09,2012-09-24 05:42:09,2600
861,2597.315928,1,4,2011-11-10 18:59:26,2011-11-10 18:59:26,2600
1187,2597.298423,1,5,2012-12-13 16:09:25,2012-12-13 16:09:25,2600
54,2597.297146,172,1426,1994-01-08 00:00:00,2013-04-08 09:04:55,2600
403,2597.275872,5,30,2010-09-30 00:00:00,2012-10-18 07:29:21,2600
641,2597.274734,1,4,2011-08-25 18:47:38,2011-08-25 18:47:38,2600
1936,2597.273959,1,6,1997-01-03 00:00:00,1997-01-03 00:00:00,2600
3471,2597.2061,1,14,1992-06-20 00:00:00,1992-06-20 00:00:00,2600
64,2597.205086,109,966,1997-01-03 00:00:00,2011-11-12 13:26:42,2600
993,2597.125461,1,5,2012-07-19 17:14:39,2012-07-19 17:14:39,2600
1048,2597.12411,1,3,2012-09-30 09:00:41,2012-09-30 09:00:41,2600
244,2597.088102,2,11,2010-08-01 10:00:00,2011-08-25 16:48:53,2600
730,2597.068444,2,11,2011-09-21 19:06:43,2011-09-22 15:01:14,2600
799,2597.053473,16,140,1988-10-10 00:00:00,2012-09-30 14:52:04,2600
333,2597.009527,1,4,2010-08-01 10:00:00,2010-08-01 10:00:00,2600
3477,2597,1,14,1992-06-20 00:00:00,1992-06-20 00:00:00,2600
578,2596.978801,4,20,2011-07-11 08:33:47,2011-07-15 08:14:09,2600
818,2596.967922,2,10,2011-11-10 13:54:06,2012-10-17 17:22:55,2600
3360,2596.960697,1,6,1997-01-03 00:00:00,1997-01-03 00:00:00,2600
400,2596.96069,7,33,2010-09-30 00:00:00,2012-10-19 07:53:21,2600
427,2596.941552,3,18,2010-07-24 00:00:00,2010-10-07 00:00:00,2600
1505,2596.874161,25,319,1992-02-17 00:00:00,2003-01-21 00:00:00,2600
4307,2596.810896,2,16,1987-02-15 00:00:00,1988-10-10 00:00:00,2600
345,2596.778017,3,17,2010-08-01 10:00:00,2012-08-23 14:05:14,2600
957,2596.677581,1,4,2012-06-19 06:20:40,2012-06-19 06:20:40,2600
3346,2596.664354,1,7,1997-01-03 00:00:00,1997-01-03 00:00:00,2600
1090,2596.649002,2,10,2012-09-23 11:30:33,2012-11-05 06:15:40,2600
909,2596.604883,1,8,2012-03-26 05:34:51,2012-03-26 05:34:51,2600
3466,2596.564759,2,33,1992-06-20 00:00:00,1994-01-08 00:00:00,2600
3421,2596.54755,1,5,1997-01-03 00:00:00,1997-01-03 00:00:00,2600
841,2596.493171,3,15,2011-11-10 13:54:06,2012-10-17 19:00:15,2600
1006,2596.492913,2,9,2012-08-23 07:59:26,2012-10-17 17:22:55,2600
1159,2596.473311,1,4,2012-11-06 11:27:35,2012-11-06 11:27:35,2600
395,2596.470002,8,42,2010-09-30 00:00:00,2012-10-18 15:01:54,2600
3347,2596.447083,3,21,1997-01-03 00:00:00,1997-01-03 00:00:00,2600
3290,2596.439688,1,14,1998-01-02 00:00:00,1998-01-02 00:00:00,2600
3293,2596.399859,4,51,1997-01-03 00:00:00,1998-01-02 00:00:00,2600
381,2596.393027,4,23,2010-09-30 00:00:00,2012-10-18 10:58:12,2600
830,2596.378042,2,11,2011-11-10 13:54:06,2012-10-18 19:02:38,2600
3370,2596.268055,1,6,1997-01-03 00:00:00,1997-01-03 00:00:00,2600
150,2596.218915,1,4,2010-08-01 10:00:00,2010-08-01 10:00:00,2600
2096,2596.216684,2,17,2003-11-08 00:00:00,2003-11-08 00:00:00,2600
136,2596.19503,2,12,1997-01-03 00:00:00,2010-08-01 10:00:00,2600
3425,2596.168486,1,5,1997-01-03 00:00:00,1997-01-03 00:00:00,2600
1175,2596.141586,1,5,2012-12-13 09:03:29,2012-12-13 09:03:29,2600
681,2596.141169,2,11,2011-09-29 11:15:56,2011-09-30 09:31:06,2600
1031,2596.104536,1,4,2012-08-23 15:43:01,2012-08-23 15:43:01,2600
230,2596.058912,6,33,2010-08-01 10:00:00,2013-05-12 14:58:14,2600
561,2596.028859,4,20,2011-07-11 14:56:12,2011-07-15 08:57:22,2600
394,2596.017892,1,4,2010-09-30 00:00:00,2010-09-30 00:00:00,2600
169,2596.015106,66,396,2010-08-01 10:00:00,2013-04-07 08:59:22,2600
572,2596.014519,4,20,2011-07-11 09:02:04,2011-07-15 06:15:41,2600
843,2596.011513,2,8,2011-11-10 13:54:06,2012-10-17 17:26:14,2600
3238,2596,1,12,2001-02-20 00:00:00,2001-02-20 00:00:00,2600
322,2595.990802,2,8,2010-08-01 10:00:00,2011-08-25 13:02:05,2600
2773,2595.984183,4,35,1997-01-03 00:00:00,1998-01-02 00:00:00,2600
405,2595.965871,1,4,2010-09-30 00:00:00,2010-09-30 00:00:00,2600
696,2595.947174,2,8,2011-09-29 15:29:13,2012-11-15 19:24:32,2600
965,2595.945512,4,23,2012-06-19 09:08:55,2012-11-05 06:57:46,2600
820,2595.940493,3,21,1997-01-03 00:00:00,2011-11-10 13:54:06,2600
656,2595.894859,2,8,2011-08-06 18:57:36,2011-08-17 18:59:14,2600
863,2595.851692,1,4,2011-11-10 18:59:26,2011-11-10 18:59:26,2600
1653,2595.773646,21,285,1993-10-18 00:00:00,2004-02-10 00:00:00,2600
977,2595.768013,3,17,2012-11-11 11:16:51,2012-11-13 12:43:52,2600
116,2595.717678,4,21,2010-08-01 10:00:00,2011-10-21 11:11:30,2600
3458,2595.716171,3,31,1994-01-08 00:00:00,1996-10-16 00:00:00,2600
544,2595.710687,11,61,2011-05-13 09:06:15,2012-12-13 13:48:14,2600
476,2595.706009,14,125,2007-02-24 00:00:00,2012-12-14 12:49:07,2600
1110,2595.65854,1,5,2012-09-24 07:04:02,2012-09-24 07:04:02,2600
1101,2595.637392,6,33,2012-09-24 05:40:11,2012-11-06 11:27:35,2600
3292,2595.617847,2,22,1997-01-03 00:00:00,1998-01-02 00:00:00,2600
3726,2595.544887,1,3,2001-08-22 00:00:00,2001-08-22 00:00:00,2600
625,2595.543407,3,14,2011-08-25 10:32:18,2012-08-24 07:05:04,2600
3232,2595.5,1,11,2002-02-11 00:00:00,2002-02-11 00:00:00,2600
3457,2595.495097,1,12,1994-01-08 00:00:00,1994-01-08 00:00:00,2600
643,2595.456489,1,4,2011-08-25 16:42:30,2011-08-25 16:42:30,2600
518,2595.442988,8,43,2011-05-11 09:11:48,2011-09-23 12:06:24,2600
705,2595.383707,1,4,2011-09-29 17:20:41,2011-09-29 17:20:41,2600
3263,2595.303349,4,57,1997-01-03 00:00:00,1999-01-03 00:00:00,2600
728,2595.203172,2,10,2011-09-21 19:06:43,2011-10-05 20:11:01,2600
3251,2595.178341,1,14,2001-02-20 00:00:00,2001-02-20 00:00:00,2600
69,2595.129986,103,604,2005-10-08 00:00:00,2012-12-14 11:41:05,2600
3479,2595.1298,1,16,1992-06-20 00:00:00,1992-06-20 00:00:00,2600
75,2595.106215,36,204,1998-01-02 00:00:00,2011-12-16 09:32:50,2600
973,2595.091264,5,39,2012-07-02 09:30:28,2012-07-04 10:36:25,2600
637,2595.087688,2,9,2011-08-25 16:42:30,2011-08-26 22:56:34,2600
527,2595.068551,13,75,2011-05-12 15:02:42,2011-08-20 17:18:14,2600
686,2595.068114,1,5,2011-09-29 13:43:24,2011-09-29 13:43:24,2600
3283,2595.049554,4,49,1997-01-03 00:00:00,1998-01-02 00:00:00,2600
1149,2595.001771,2,12,2012-11-05 06:15:40,2012-11-07 02:00:54,2600
3465,2594.959888,1,16,1994-01-08 00:00:00,1994-01-08 00:00:00,2600
288,2594.921081,3,14,2010-08-01 10:00:00,2011-08-25 14:48:38,2600
499,2594.899582,4,50,2009-01-21 00:00:00,2009-02-05 00:00:00,2600
657,2594.885346,100,984,1990-01-02 00:00:00,2011-10-08 14:03:26,2600
90,2594.853786,69,414,2010-08-01 10:00:00,2013-04-28 15:12:07,2600
1156,2594.839063,1,4,2012-11-06 06:45:52,2012-11-06 06:45:52,2600
367,2594.834882,3,15,2010-08-01 10:00:00,2011-08-25 16:12:54,2600
736,2594.818586,1,4,2011-10-05 18:27:38,2011-10-05 18:27:38,2600
3440,2594.809951,1,13,1996-01-01 00:00:00,1996-01-01 00:00:00,2600
676,2594.776179,1,4,2011-09-29 13:46:51,2011-09-29 13:46:51,2600
279,2594.745558,3,14,2010-08-01 10:00:00,2012-08-23 12:45:15,2600
2317,2594.709986,1,7,2005-03-26 00:00:00,2005-03-26 00:00:00,2600
302,2594.691626,1,6,2010-08-01 10:00:00,2010-08-01 10:00:00,2600
750,2594.659457,4,25,2011-10-20 11:49:30,2011-10-21 15:24:43,2600
1138,2594.652287,2,10,2012-11-15 21:20:07,2012-11-17 11:43:22,2600
3450,2594.628726,1,12,1994-01-08 00:00:00,1994-01-08 00:00:00,2600
1076,2594.621731,1,4,2012-10-18 10:58:12,2012-10-18 10:58:12,2600
758,2594.497679,1,4,2011-10-20 16:39:20,2011-10-20 16:39:20,2600
361,2594.457839,1,4,2010-08-01 10:00:00,2010-08-01 10:00:00,2600
988,2594.422326,1,4,2012-07-19 09:57:33,2012-07-19 09:57:33,2600
3445,2594.411898,41,465,1980-05-22 00:00:00,1995-04-01 00:00:00,2600
822,2594.39436,1,4,2011-11-10 14:13:12,2011-11-10 14:13:12,2600
1161,2594.379604,1,7,2008-01-03 00:00:00,2008-01-03 00:00:00,2600
1045,2594.299955,3,18,2012-09-06 14:49:44,2012-11-11 17:09:51,2600
3295,2594.277934,2,20,1997-01-03 00:00:00,1998-01-02 00:00:00,2600
926,2594.270768,3,17,2012-05-14 15:05:38,2012-05-28 09:56:21,2600
640,2594.229055,2,11,2011-08-25 18:47:38,2012-08-24 07:05:04,2600
783,2594.173547,1,5,2011-10-20 14:13:22,2011-10-20 14:13:22,2600
708,2594.163865,1,5,2011-09-29 17:47:53,2011-09-29 17:47:53,2600
182,2594.084225,2,9,2010-08-01 10:00:00,2012-12-13 09:03:29,2600
577,2594.057506,4,20,2011-07-12 13:57:38,2011-07-15 06:15:19,2600
801,2594.050689,2,6,2011-10-10 10:43:03,2012-09-30 10:28:56,2600
3508,2593.991623,1,17,1992-03-21 00:00:00,1992-03-21 00:00:00,2600
3725,2593.888975,1,4,2001-08-22 00:00:00,2001-08-22 00:00:00,2600
797,2593.878729,1,3,2011-10-10 09:01:19,2011-10-10 09:01:19,2600
346,2593.876487,1,4,2010-08-01 10:00:00,2010-08-01 10:00:00,2600
1360,2593.777622,3,21,1997-01-03 00:00:00,1997-01-03 00:00:00,2600
851,2593.743768,3,17,2011-11-10 18:55:30,2011-11-10 23:38:46,2600
384,2593.706973,1,5,2010-09-30 00:00:00,2010-09-30 00:00:00,2600
98,2593.687901,10,58,2008-11-08 00:00:00,2013-05-18 13:53:42,2600
407,2593.636266,3,15,2010-09-30 00:00:00,2010-09-30 00:00:00,2600
3511,2593.59442,8,98,1990-10-08 00:00:00,1992-03-21 00:00:00,2600
3727,2593.55878,1,8,1999-03-08 00:00:00,1999-03-08 00:00:00,2600
1185,2593.549469,1,7,2012-12-13 14:51:46,2012-12-13 14:51:46,2600
2875,2593.439802,98,1188,1975-01-13 00:00:00,1991-03-22 00:00:00,2600
55,2593.428106,164,1329,1997-01-03 00:00:00,2012-11-29 14:27:03,2600
298,2593.419699,2,8,2010-08-01 10:00:00,2011-08-25 13:21:00,2600
806,2593.411468,152,1575,1977-02-07 00:00:00,2011-11-05 21:39:51,2600
938,2593.369191,2,8,2012-06-18 08:18:35,2012-09-24 05:42:09,2600
3463,2593.314264,36,346,1983-10-10 00:00:00,1994-01-08 00:00:00,2600
3432,2593.169402,1,5,1997-01-03 00:00:00,1997-01-03 00:00:00,2600
903,2593.037718,1,7,2011-12-10 15:59:35,2011-12-10 15:59:35,2600
3490,2593.024968,2,33,1992-03-21 00:00:00,1992-03-21 00:00:00,2600
971,2592.987452,21,218,1997-01-03 00:00:00,2012-07-09 04:09:20,2600
386,2592.922865,1,4,2010-09-30 00:00:00,2010-09-30 00:00:00,2600
967,2592.885244,5,27,2012-06-19 06:20:40,2012-11-08 04:38:36,2600
4302,2592.803338,2,15,1985-10-19 00:00:00,1995-03-10 00:00:00,2600
880,2592.641698,1,7,2011-11-10 20:45:09,2011-11-10 20:45:09,2600
1195,2592.623354,23,277,1997-01-03 00:00:00,2006-01-08 00:00:00,2600
859,2592.550331,2,11,2011-11-10 18:59:26,2012-10-18 13:17:18,2600
969,2592.412649,5,29,2012-06-19 09:08:55,2012-11-07 11:29:13,2600
2881,2592.385323,58,545,1984-10-20 00:00:00,2003-01-21 00:00:00,2600
1148,2592.360288,2,10,2012-09-11 00:00:00,2012-11-05 06:57:46,2600
3226,2592.332676,20,241,1995-01-04 00:00:00,2004-11-30 00:00:00,2600
762,2592.300329,16,87,2011-10-20 11:06:22,2013-05-22 09:06:00,2600
231,2592.292006,14,165,1995-01-04 00:00:00,2010-08-01 10:00:00,2600
685,2592.273025,1,4,2011-09-29 13:43:24,2011-09-29 13:43:24,2600
690,2592.263437,2,10,2011-09-29 14:26:20,2011-09-30 13:23:55,2600
363,2592.259066,2,11,2010-08-01 10:00:00,2010-08-01 10:00:00,2600
857,2592.229335,1,4,2011-11-10 20:47:58,2011-11-10 20:47:58,2600
774,2592.219378,2,10,2011-10-20 13:53:45,2011-10-20 19:38:06,2600
82,2592.19515,61,335,2010-08-01 10:00:00,2013-04-28 09:09:57,2600
1753,2592.166575,15,215,1994-01-08 00:00:00,2003-01-21 00:00:00,2600
1163,2592.129284,2,12,1997-01-03 00:00:00,2008-01-03 00:00:00,2600
2291,2592.037741,3,25,2009-07-07 00:00:00,2010-08-01 10:00:00,2600
2209,2591.94964,1,13,1998-01-02 00:00:00,1998-01-02 00:00:00,2600
4313,2591.934279,1,5,1982-10-11 00:00:00,1982-10-11 00:00:00,2600
127,2591.927621,4,19,2010-08-01 10:00:00,2010-08-01 10:00:00,2600
1055,2591.913222,1,6,2012-10-18 07:29:21,2012-10-18 07:29:21,2600
1050,2591.861344,1,2,2012-09-30 09:00:41,2012-09-30 09:00:41,2600
355,2591.814623,3,12,2010-08-01 10:00:00,2011-08-25 16:12:54,2600
3341,2591.791911,5,58,1994-01-08 00:00:00,1997-01-03 00:00:00,2600
471,2591.758914,1,7,2011-02-02 00:00:00,2011-02-02 00:00:00,2600
438,2591.535893,1,4,2010-10-14 00:00:00,2010-10-14 00:00:00,2600
241,2591.482334,4,19,2010-08-01 10:00:00,2012-08-24 07:05:04,2600
3279,2591.417266,13,183,1992-06-20 00:00:00,1999-01-03 00:00:00,2600
3729,2591.41367,12,159,1975-01-13 00:00:00,1980-05-22 00:00:00,2600
2408,2591.375417,6,55,1994-03-04 00:00:00,2005-03-26 00:00:00,2600
2879,2591.370713,99,972,1982-04-30 00:00:00,1997-01-03 00:00:00,2600
1426,2591.334086,69,733,1992-10-12 00:00:00,2005-02-23 00:00:00,2600
1162,2591.212502,62,727,1992-01-14 00:00:00,2008-01-03 00:00:00,2600
1070,2591.188128,2,8,2012-10-18 09:19:31,2012-10-18 19:20:49,2600
1150,2591.173256,1,5,2012-11-06 01:56:48,2012-11-06 01:56:48,2600
258,2591.157433,3,17,2010-08-01 10:00:00,2010-08-01 10:00:00,2600
784,2591.134613,1,6,2011-10-20 14:13:22,2011-10-20 14:13:22,2600
3749,2590.933716,3,28,1982-10-11 00:00:00,1991-03-22 00:00:00,2600
809,2590.893602,2,10,2011-11-10 13:54:06,2012-10-18 19:51:55,2600
173,2590.849896,110,1128,1991-10-14 00:00:00,2010-11-23 00:00:00,2600
3448,2590.846713,1,7,1991-09-18 00:00:00,1991-09-18 00:00:00,2600
825,2590.83043,2,11,2011-11-10 13:54:06,2011-11-10 18:59:26,2600
760,2590.815353,1,5,2011-10-20 16:39:20,2011-10-20 16:39:20,2600
3218,2590.812072,23,283,1992-06-20 00:00:00,2003-01-21 00:00:00,2600
307,2590.78647,1,4,2010-08-01 10:00:00,2010-08-01 10:00:00,2600
3446,2590.705453,5,73,1991-09-18 00:00:00,1995-01-04 00:00:00,2600
494,2590.690348,4,57,2002-02-11 00:00:00,2009-02-05 00:00:00,2600
616,2590.499537,9,44,2011-06-19 17:16:36,2012-07-20 11:51:16,2600
694,2590.460101,2,10,2011-09-29 14:39:54,2011-10-01 07:28:29,2600
1005,2590.439032,1,4,2012-08-23 07:59:26,2012-08-23 07:59:26,2600
1170,2590.414676,1,5,2012-11-26 15:40:22,2012-11-26 15:40:22,2600
3716,2590.345878,1,3,2005-07-20 00:00:00,2005-07-20 00:00:00,2600
3303,2590.345216,4,39,1997-01-03 00:00:00,1997-01-03 00:00:00,2600
3247,2590.326868,10,154,1996-01-01 00:00:00,2001-02-20 00:00:00,2600
961,2590.31504,4,20,2012-06-19 09:08:55,2012-11-07 05:03:31,2600
1022,2590.314558,3,16,2012-08-23 10:35:01,2012-08-24 13:21:26,2600
501,2590.309734,5,56,1998-01-02 00:00:00,2010-02-24 00:00:00,2600
263,2590.297086,2,12,2010-08-01 10:00:00,2012-08-25 21:54:46,2600
435,2590.293492,1,5,2011-08-25 15:11:06,2011-08-25 15:11:06,2600
1208,2590.260712,8,48,2013-05-11 17:30:09,2013-05-22 09:06:00,2600
4890,2590.257891,2,16,1985-02-17 00:00:00,1986-02-16 00:00:00,2600
942,2590.252958,3,15,2012-06-18 09:11:07,2012-11-06 04:53:12,2600
3211,2590.242356,6,77,2003-01-21 00:00:00,2004-02-10 00:00:00,2600
1132,2590.204289,2,9,2012-11-15 19:33:43,2012-11-17 09:23:17,2600
214,2590.203968,3,19,1991-08-22 00:00:00,1995-04-01 00:00:00,2600
1652,2590.158885,3,44,1992-10-12 00:00:00,1995-01-04 00:00:00,2600
364,2590.098337,3,13,2010-08-01 10:00:00,2010-08-01 10:00:00,2600
100,2590.083976,2,12,2010-08-01 10:00:00,2010-09-30 00:00:00,2600
944,2590.07438,5,26,2005-03-26 00:00:00,2012-11-06 11:29:54,2600
670,2590.041529,2,9,2011-09-29 11:15:56,2011-09-30 13:22:45,2600
614,2589.994899,3,19,2011-06-19 19:48:59,2011-08-17 17:23:16,2600
3312,2589.965614,2,19,1997-01-03 00:00:00,1997-01-03 00:00:00,2600
194,2589.889444,108,994,1997-01-03 00:00:00,2012-05-29 16:04:28,2600
872,2589.873004,3,15,2011-11-10 18:59:26,2011-11-12 08:37:44,2600
172,2589.835387,1,5,2010-08-01 10:00:00,2010-08-01 10:00:00,2600
437,2589.82221,1,4,2010-10-22 00:00:00,2010-10-22 00:00:00,2600
492,2589.814247,44,584,1994-01-08 00:00:00,2012-09-30 10:28:56,2600
3231,2589.801114,1,19,2002-02-11 00:00:00,2002-02-11 00:00:00,2600
3449,2589.791209,114,1250,1975-01-13 00:00:00,1993-03-13 00:00:00,2600
2870,2589.767529,89,1015,1979-04-16 00:00:00,1999-01-03 00:00:00,2600
268,2589.744257,5,27,2010-08-01 10:00:00,2011-11-10 20:45:09,2600
3248,2589.725629,35,440,1988-10-10 00:00:00,2000-01-03 00:00:00,2600
864,2589.694293,1,5,2011-11-10 18:59:26,2011-11-10 18:59:26,2600
2230,2589.651159,1,6,2005-01-31 00:00:00,2005-01-31 00:00:00,2600
3287,2589.471061,6,79,1995-01-04 00:00:00,1998-01-02 00:00:00,2600
692,2589.449202,2,8,2011-09-29 14:26:20,2011-10-01 07:28:29,2600
359,2589.448545,3,12,2010-08-01 10:00:00,2010-08-01 10:00:00,2600
441,2589.444518,1,4,2010-11-12 00:00:00,2010-11-12 00:00:00,2600
3325,2589.429538,2,13,1997-01-03 00:00:00,1997-01-03 00:00:00,2600
3320,2589.427192,2,22,1997-01-03 00:00:00,1997-01-03 00:00:00,2600
882,2589.374696,1,4,2011-11-10 19:59:42,2011-11-10 19:59:42,2600
88,2589.369,4,20,2010-08-01 10:00:00,2011-09-29 11:15:56,2600
430,2589.36427,1,5,2010-10-22 00:00:00,2010-10-22 00:00:00,2600
3207,2589.3495,15,170,1993-02-22 00:00:00,2004-02-10 00:00:00,2600
163,2589.33298,12,68,2010-08-01 10:00:00,2011-08-18 15:27:23,2600
1174,2589.330251,1,6,2012-12-13 09:03:29,2012-12-13 09:03:29,2600
3323,2589.321064,5,80,1992-06-20 00:00:00,1997-01-03 00:00:00,2600
766,2589.217194,1,5,2011-10-20 18:24:51,2011-10-20 18:24:51,2600
667,2589.202841,100,924,1984-10-20 00:00:00,2012-10-28 20:16:05,2600
787,2589.156904,1,6,2011-10-20 15:04:10,2011-10-20 15:04:10,2600
1176,2589.127045,4,20,2012-12-13 09:03:29,2013-05-19 12:00:18,2600
651,2589.122066,1,5,2011-09-16 23:00:36,2011-09-16 23:00:36,2600
793,2589.104025,1,2,2011-10-10 08:58:35,2011-10-10 08:58:35,2600
743,2589.074725,1,4,2011-10-20 08:18:44,2011-10-20 08:18:44,2600
744,2589.014281,2,11,2011-10-20 08:18:44,2011-10-20 16:39:20,2600
854,2588.956558,2,11,2011-11-10 18:59:26,2011-11-10 21:15:26,2600
701,2588.869281,2,9,2011-09-29 16:49:39,2011-10-05 14:13:13,2600
540,2588.847412,4,21,2011-05-12 18:14:10,2011-08-17 13:45:13,2600
998,2588.840329,1,6,2012-08-08 14:45:23,2012-08-08 14:45:23,2600
761,2588.794295,1,6,2011-10-20 11:06:22,2011-10-20 11:06:22,2600
3328,2588.771311,2,19,1996-01-01 00:00:00,1997-01-03 00:00:00,2600
1173,2588.748312,1,4,2012-12-13 09:03:29,2012-12-13 09:03:29,2600
3502,2588.725627,1,15,1992-03-21 00:00:00,1992-03-21 00:00:00,2600
703,2588.686467,2,8,2011-09-29 16:56:02,2011-09-30 11:52:39,2600
866,2588.682203,2,8,2011-11-10 18:59:26,2012-10-18 07:29:21,2600
845,2588.667231,3,16,2011-11-10 14:36:51,2012-10-18 13:17:18,2600
451,2588.649615,1,4,2010-10-28 00:00:00,2010-10-28 00:00:00,2600
3291,2588.625914,5,52,1997-01-03 00:00:00,1998-01-02 00:00:00,2600
1109,2588.602549,2,12,2012-09-24 07:04:02,2012-11-05 06:15:40,2600
949,2588.592297,4,23,2012-06-18 11:58:40,2012-09-25 11:28:31,2600
1145,2588.549813,1,4,2012-11-17 10:18:49,2012-11-17 10:18:49,2600
4301,2588.52872,1,7,1992-10-12 00:00:00,1992-10-12 00:00:00,2600
444,2588.443049,1,5,2010-11-12 00:00:00,2010-11-12 00:00:00,2600
702,2588.318518,2,9,2011-09-29 16:49:39,2011-09-30 12:07:28,2600
296,2588.283502,96,636,2008-07-29 00:00:00,2013-04-08 13:28:58,2600
1003,2588.248942,3,16,2012-08-09 15:11:23,2012-09-06 09:56:59,2600
232,2588.235675,1,4,2010-08-01 10:00:00,2010-08-01 10:00:00,2600
735,2588.17891,1,5,2011-10-05 16:43:56,2011-10-05 16:43:56,2600
1139,2588.16069,1,4,2012-11-16 07:29:09,2012-11-16 07:29:09,2600
639,2588.138027,1,4,2011-08-25 12:47:57,2011-08-25 12:47:57,2600
673,2588.025763,2,10,2011-09-29 11:15:56,2011-09-30 07:52:29,2600
698,2588.021457,1,4,2011-09-29 16:02:04,2011-09-29 16:02:04,2600
1207,2587.963872,5,30,2013-05-11 17:30:09,2013-05-20 11:59:07,2600
994,2587.953632,5,28,2012-08-08 10:34:29,2012-11-26 09:19:58,2600
3301,2587.895728,6,94,1995-01-04 00:00:00,1997-01-03 00:00:00,2600
3240,2587.889733,5,63,1997-01-03 00:00:00,2001-02-20 00:00:00,2600
206,2587.8539,6,31,1997-01-03 00:00:00,2012-11-26 11:07:13,2600
3259,2587.849881,4,69,1999-01-03 00:00:00,2000-01-03 00:00:00,2600
1142,2587.731935,1,5,2012-11-16 12:17:59,2012-11-16 12:17:59,2600
724,2587.730865,21,117,2011-09-21 17:32:53,2013-05-22 13:53:40,2600
292,2587.685487,2,12,2010-08-01 10:00:00,2011-08-25 15:27:58,2600
271,2587.676848,3,13,2010-08-01 10:00:00,2011-08-25 18:52:05,2600
3718,2587.671025,1,3,2005-07-20 00:00:00,2005-07-20 00:00:00,2600
720,2587.648134,8,45,2011-09-21 14:01:21,2012-09-06 09:56:59,2600
682,2587.633922,1,5,2011-09-29 12:40:58,2011-09-29 12:40:58,2600
742,2587.629698,1,4,2011-09-16 17:04:50,2011-09-16 17:04:50,2600
1184,2587.570671,1,5,2012-12-13 12:49:20,2012-12-13 12:49:20,2600
1051,2587.536823,1,2,2012-09-30 10:28:56,2012-09-30 10:28:56,2600
1121,2587.531764,2,9,2012-11-11 11:16:51,2012-11-11 18:59:58,2600
221,2587.529291,1,3,2010-08-01 10:00:00,2010-08-01 10:00:00,2600
4901,2587.51935,1,9,1985-02-17 00:00:00,1985-02-17 00:00:00,2600
1180,2587.492735,2,12,2012-12-13 12:49:20,2012-12-14 09:41:10,2600
3262,2587.437771,2,22,1997-01-03 00:00:00,1999-01-03 00:00:00,2600
462,2587.387873,1,4,2010-11-19 00:00:00,2010-11-19 00:00:00,2600
1108,2587.354528,1,4,2012-09-24 07:23:55,2012-09-24 07:23:55,2600
1089,2587.31922,1,4,2012-10-18 19:02:38,2012-10-18 19:02:38,2600
1201,2587.30984,5,33,2013-05-11 12:14:28,2013-05-19 09:04:47,2600
632,2587.198089,2,9,2011-08-25 13:14:52,2012-08-23 07:59:26,2600
3315,2587.160696,3,28,1996-04-01 00:00:00,1997-01-03 00:00:00,2600
1134,2587.117523,2,8,2012-11-15 19:44:03,2012-11-17 07:56:56,2600
688,2587.06878,1,4,2011-09-29 14:05:05,2011-09-29 14:05:05,2600
467,2587.058255,1,4,2010-11-19 00:00:00,2010-11-19 00:00:00,2600
442,2587.05665,1,5,2010-11-12 00:00:00,2010-11-12 00:00:00,2600
3345,2587.029329,2,14,1997-01-03 00:00:00,1997-01-03 00:00:00,2600
431,2586.977365,2,8,2011-08-25 21:03:49,2011-08-26 11:12:54,2600
1077,2586.957882,3,15,2012-10-17 17:22:55,2012-10-20 07:33:01,2600
450,2586.918047,1,4,2010-10-28 00:00:00,2010-10-28 00:00:00,2600
234,2586.844361,1,3,2010-08-01 10:00:00,2010-08-01 10:00:00,2600
618,2586.838807,2,11,2011-06-19 22:09:31,2011-08-17 18:59:14,2600
1104,2586.814735,1,4,2012-09-24 05:42:09,2012-09-24 05:42:09,2600
1071,2586.716706,2,10,2012-10-18 10:58:12,2012-10-18 19:51:55,2600
3724,2586.707775,1,3,2001-08-22 00:00:00,2001-08-22 00:00:00,2600
669,2586.69526,121,1136,1988-10-10 00:00:00,2012-10-28 15:24:36,2600
460,2586.665259,1,4,2010-11-19 00:00:00,2010-11-19 00:00:00,2600
636,2586.639863,1,5,2011-08-25 12:47:57,2011-08-25 12:47:57,2600
1092,2586.544823,1,4,2012-09-24 05:42:09,2012-09-24 05:42:09,2600
474,2586.536744,31,297,2002-02-11 00:00:00,2010-02-24 00:00:00,2600
1087,2586.510228,3,16,2012-10-18 19:09:26,2012-10-20 11:21:38,2600
324,2586.495587,3,15,2010-08-01 10:00:00,2010-08-01 10:00:00,2600
219,2586.471491,1,3,2010-08-01 10:00:00,2010-08-01 10:00:00,2600
521,2586.467487,13,71,2011-05-11 18:07:13,2012-05-27 12:00:17,2600
697,2586.445405,2,8,2011-09-29 15:29:13,2011-10-01 07:28:29,2600
508,2586.444858,10,55,2009-08-01 10:00:00,2012-11-08 07:31:37,2600
461,2586.408255,1,4,2010-11-19 00:00:00,2010-11-19 00:00:00,2600
992,2586.403655,2,11,2012-07-19 17:14:39,2012-08-09 17:07:12,2600
772,2586.337699,1,5,2011-10-20 19:38:06,2011-10-20 19:38:06,2600
497,2586.332087,8,57,2009-01-21 00:00:00,2013-05-20 18:05:47,2600
1122,2586.255269,1,4,2012-11-11 14:58:15,2012-11-11 14:58:15,2600
1082,2586.217148,1,4,2012-10-18 14:54:22,2012-10-18 14:54:22,2600
812,2586.163275,2,12,2011-11-10 14:03:47,2011-11-10 18:59:26,2600
1083,2586.13841,3,14,2012-10-17 17:26:14,2012-10-20 11:03:45,2600
428,2586.112726,4,23,2010-10-22 00:00:00,2012-02-01 15:57:16,2600
3271,2586.069465,3,45,1997-01-03 00:00:00,1999-01-03 00:00:00,2600
984,2586.062117,9,45,2012-07-18 18:00:25,2012-12-15 15:20:49,2600
1000,2586.056737,1,5,2012-08-08 14:45:23,2012-08-08 14:45:23,2600
874,2586.036934,1,5,2011-11-10 18:59:26,2011-11-10 18:59:26,2600
814,2585.994321,2,11,2011-11-10 13:54:06,2011-11-10 18:59:26,2600
60,2585.986142,145,1100,2002-02-11 00:00:00,2013-04-05 09:00:52,2600
1127,2585.933337,2,9,2012-11-15 17:51:09,2012-11-16 10:46:59,2600
1141,2585.912093,1,4,2012-11-16 07:29:09,2012-11-16 07:29:09,2600
890,2585.893956,1,4,2011-11-27 18:52:30,2011-11-27 18:52:30,2600
1130,2585.888797,2,8,2012-11-15 17:51:09,2012-11-16 12:36:15,2600
1172,2585.835354,1,4,2012-11-27 14:54:28,2012-11-27 14:54:28,2600
3483,2585.801975,15,157,1989-08-17 00:00:00,1993-03-13 00:00:00,2600
536,2585.788229,3,12,2011-05-12 18:14:10,2011-05-24 18:17:09,2600
653,2585.751489,3,20,2012-05-16 11:27:34,2012-05-26 19:16:35,2600
459,2585.713403,1,4,2010-11-19 00:00:00,2010-11-19 00:00:00,2600
159,2585.667715,24,130,2010-08-01 10:00:00,2012-11-13 15:08:22,2600
472,2585.570434,2,11,2011-02-02 00:00:00,2011-08-25 12:59:10,2600
443,2585.536434,1,4,2010-11-12 00:00:00,2010-11-12 00:00:00,2600
228,2585.398363,1,4,2010-08-01 10:00:00,2010-08-01 10:00:00,2600
911,2585.349742,9,49,2012-05-13 09:28:46,2012-05-28 09:56:21,2600
707,2585.340923,2,8,2011-09-29 17:35:44,2011-10-01 16:15:22,2600
635,2585.329708,1,4,2011-08-25 12:04:15,2011-08-25 12:04:15,2600
717,2585.30361,2,8,2011-09-21 11:25:12,2011-10-05 18:27:38,2600
1008,2585.294837,1,5,2012-08-23 07:59:26,2012-08-23 07:59:26,2600
3605,2585.285726,3,24,1986-02-16 00:00:00,1988-10-10 00:00:00,2600
3422,2585.278978,1,5,1997-01-03 00:00:00,1997-01-03 00:00:00,2600
929,2585.235049,13,72,2012-05-15 09:01:52,2013-05-19 15:00:03,2600
4910,2585.225611,1,6,1991-08-22 00:00:00,1991-08-22 00:00:00,2600
2009,2585.195283,12,125,1997-01-03 00:00:00,2004-02-10 00:00:00,2600
466,2585.095682,1,4,2010-11-19 00:00:00,2010-11-19 00:00:00,2600
648,2585.077774,1,5,2011-08-25 16:11:11,2011-08-25 16:11:11,2600
918,2584.970799,3,19,2012-05-15 13:36:14,2012-05-25 12:07:59,2600
3230,2584.931816,2,21,1997-01-03 00:00:00,2002-02-11 00:00:00,2600
738,2584.920654,1,5,2011-10-06 13:50:41,2011-10-06 13:50:41,2600
3276,2584.918349,2,19,1997-01-03 00:00:00,1999-01-03 00:00:00,2600
378,2584.909495,4,17,2010-09-30 00:00:00,2011-11-10 23:26:03,2600
1052,2584.895711,43,505,1987-02-15 00:00:00,2012-09-30 13:36:28,2600
906,2584.893812,14,84,2012-02-27 11:42:20,2013-03-25 07:25:24,2600
3214,2584.8318,3,35,2003-10-04 00:00:00,2004-02-10 00:00:00,2600
350,2584.786517,1,4,2011-08-25 21:08:05,2011-08-25 21:08:05,2600
4306,2584.77288,3,25,1985-10-19 00:00:00,1988-10-10 00:00:00,2600
1737,2584.722182,4,39,2002-10-04 00:00:00,2003-01-21 00:00:00,2600
1164,2584.696085,3,50,2008-01-03 00:00:00,2008-01-03 00:00:00,2600
1194,2584.689538,6,61,1997-01-03 00:00:00,2006-01-08 00:00:00,2600
956,2584.679702,3,15,2012-06-18 11:58:40,2012-11-06 01:56:48,2600
782,2584.657872,1,5,2011-10-20 14:13:22,2011-10-20 14:13:22,2600
3711,2584.619506,4,25,1988-10-10 00:00:00,2009-07-22 00:00:00,2600
2740,2584.617762,1,6,2008-11-08 00:00:00,2008-11-08 00:00:00,2600
603,2584.606731,1,4,2011-06-18 20:17:30,2011-06-18 20:17:30,2600
1126,2584.600902,1,5,2012-11-15 17:51:09,2012-11-15 17:51:09,2600
875,2584.574724,2,10,2011-11-10 23:42:02,2012-10-18 19:02:38,2600
3709,2584.556197,2,21,1988-10-10 00:00:00,1991-03-22 00:00:00,2600
198,2584.536749,2,9,2010-08-01 10:00:00,2010-08-01 10:00:00,2600
341,2584.536211,2,8,2010-08-01 10:00:00,2011-08-25 14:48:38,2600
312,2584.510758,3,12,2010-08-01 10:00:00,2011-08-25 16:11:11,2600
32,2584.484268,115,800,2008-07-08 00:00:00,2013-04-06 13:38:04,2600
411,2584.395322,4,20,2010-10-07 00:00:00,2011-10-06 13:50:41,2600
1032,2584.366908,2,10,2012-08-23 15:43:01,2012-08-25 21:54:46,2600
3327,2584.357962,3,27,1993-02-22 00:00:00,1997-01-03 00:00:00,2600
633,2584.239316,5,24,2011-08-25 13:14:52,2012-08-25 21:54:46,2600
789,2584.235925,2,10,2011-10-20 15:04:10,2011-10-20 20:54:23,2600
3485,2584.180753,11,110,1990-10-29 00:00:00,1993-02-22 00:00:00,2600
860,2584.163762,2,8,2011-11-10 18:59:26,2011-11-10 20:47:58,2600
457,2584.099005,1,4,2010-11-19 00:00:00,2010-11-19 00:00:00,2600
1143,2583.941693,1,4,2012-11-17 07:56:56,2012-11-17 07:56:56,2600
718,2583.928438,1,4,2011-09-21 14:01:21,2011-09-21 14:01:21,2600
3277,2583.889421,3,37,1992-06-20 00:00:00,1999-01-03 00:00:00,2600
767,2583.862834,2,11,2011-10-20 18:24:51,2011-10-21 11:46:09,2600
876,2583.860703,4,19,2011-11-10 20:45:09,2012-10-18 19:19:42,2600
284,2583.776926,5,23,2010-08-01 10:00:00,2012-08-23 14:05:14,2600
382,2583.773973,4,19,2010-09-30 00:00:00,2012-10-19 10:11:05,2600
974,2583.74451,5,34,2012-07-02 07:08:56,2012-07-04 08:07:21,2600
455,2583.723525,1,4,2010-11-19 00:00:00,2010-11-19 00:00:00,2600
374,2583.685735,3,12,2010-09-30 00:00:00,2012-10-18 14:54:22,2600
700,2583.626391,2,10,2011-09-29 16:14:31,2011-10-01 07:28:29,2600
780,2583.620806,3,15,2011-10-20 14:13:22,2011-10-22 08:23:29,2600
1037,2583.494537,1,4,2012-08-17 13:45:51,2012-08-17 13:45:51,2600
556,2583.488061,9,50,2011-05-17 09:50:10,2012-05-26 15:07:44,2600
3506,2583.457221,1,18,1992-03-21 00:00:00,1992-03-21 00:00:00,2600
522,2583.422779,36,196,2011-05-11 18:07:13,2013-05-21 18:00:49,2600
3451,2583.287667,14,168,1988-10-10 00:00:00,1994-01-08 00:00:00,2600
458,2583.276868,1,4,2010-11-19 00:00:00,2010-11-19 00:00:00,2600
4309,2583.272968,1,5,1985-10-19 00:00:00,1985-10-19 00:00:00,2600
247,2583.233748,2,8,2010-08-01 10:00:00,2011-08-25 15:27:58,2600
3688,2583.224262,1,7,1999-03-08 00:00:00,1999-03-08 00:00:00,2600
105,2583.176516,2,10,2010-08-01 10:00:00,2010-08-01 10:00:00,2600
436,2583.169597,1,4,2010-10-22 00:00:00,2010-10-22 00:00:00,2600
1136,2583.128003,1,5,2012-11-15 19:24:32,2012-11-15 19:24:32,2600
1169,2583.122629,1,4,2012-11-26 12:46:37,2012-11-26 12:46:37,2600
456,2583.121824,1,4,2010-11-19 00:00:00,2010-11-19 00:00:00,2600
3273,2583.075255,9,128,1992-06-20 00:00:00,1999-01-03 00:00:00,2600
932,2583.007297,4,28,2005-03-26 00:00:00,2012-06-18 08:18:35,2600
687,2583.000869,1,4,2011-09-29 14:05:05,2011-09-29 14:05:05,2600
429,2582.968935,2,8,2010-10-22 00:00:00,2011-08-25 13:16:36,2600
904,2582.965846,2,9,2011-12-15 14:28:14,2012-08-23 12:44:34,2600
390,2582.963414,4,17,2010-09-30 00:00:00,2012-10-19 10:42:27,2600
1081,2582.935218,3,15,2012-10-17 17:26:14,2012-10-20 07:33:01,2600
1034,2582.916033,2,11,2012-08-24 07:05:04,2012-08-24 09:53:12,2600
289,2582.904357,5,25,2010-08-01 10:00:00,2012-08-24 10:45:19,2600
751,2582.894767,2,8,2011-10-20 08:18:44,2011-10-20 16:39:20,2600
842,2582.870785,2,8,2011-11-10 13:54:06,2011-11-10 18:59:26,2600
3513,2582.800178,1,18,1992-03-21 00:00:00,1992-03-21 00:00:00,2600
360,2582.775332,3,15,2010-08-01 10:00:00,2010-08-01 10:00:00,2600
807,2582.732144,2,8,2011-11-10 13:54:06,2011-11-10 15:17:35,2600
606,2582.667151,3,13,2011-06-19 20:35:30,2011-08-17 13:49:17,2600
683,2582.614055,2,8,2011-09-29 13:22:57,2011-09-30 10:01:50,2600
446,2582.541888,1,4,2010-11-12 00:00:00,2010-11-12 00:00:00,2600
589,2582.531593,1,7,2009-07-07 00:00:00,2009-07-07 00:00:00,2600
642,2582.486564,1,4,2011-08-25 12:04:15,2011-08-25 12:04:15,2600
757,2582.404069,1,5,2011-10-20 08:18:44,2011-10-20 08:18:44,2600
660,2582.386045,2,11,2011-08-17 17:23:16,2011-09-21 09:23:37,2600
1144,2582.376322,1,4,2012-11-17 09:31:23,2012-11-17 09:31:23,2600
3257,2582.345505,6,80,1997-01-03 00:00:00,2001-02-20 00:00:00,2600
996,2582.315426,1,4,2012-08-08 10:34:29,2012-08-08 10:34:29,2600
887,2582.222671,2,11,2011-11-27 14:56:50,2011-11-28 14:58:13,2600
167,2582.212694,4,23,2010-08-01 10:00:00,2011-10-05 12:28:06,2600
166,2582.190823,1,4,2010-08-01 10:00:00,2010-08-01 10:00:00,2600
445,2582.175843,1,4,2010-11-12 00:00:00,2010-11-12 00:00:00,2600
225,2582.140652,13,119,1997-01-03 00:00:00,2010-10-28 00:00:00,2600
1001,2582.13466,2,9,2012-08-08 16:07:02,2012-09-05 14:16:08,2600
4909,2582.072252,1,6,1992-01-14 00:00:00,1992-01-14 00:00:00,2600
319,2582.065034,6,32,2010-08-01 10:00:00,2012-08-23 10:35:01,2600
1068,2582.044984,1,5,2012-10-18 09:19:31,2012-10-18 09:19:31,2600
1106,2582.041547,2,10,2012-09-24 05:42:09,2012-09-25 07:09:30,2600
917,2582.029169,22,114,2012-05-13 18:19:13,2013-05-22 09:06:00,2600
349,2582.018171,3,16,2010-08-01 10:00:00,2012-08-24 07:05:04,2600
649,2582.017196,1,4,2011-08-25 16:11:11,2011-08-25 16:11:11,2600
1135,2581.975443,1,5,2012-11-15 19:27:27,2012-11-15 19:27:27,2600
2002,2581.974815,6,90,1994-01-08 00:00:00,1998-01-02 00:00:00,2600
831,2581.950583,2,9,2011-11-10 13:54:06,2011-11-10 18:59:26,2600
1002,2581.91327,1,4,2012-08-09 10:00:02,2012-08-09 10:00:02,2600
465,2581.908389,1,4,2010-11-19 00:00:00,2010-11-19 00:00:00,2600
523,2581.843337,37,209,2011-05-12 12:05:20,2013-05-22 09:06:00,2600
1027,2581.838979,2,9,2012-08-23 14:05:14,2012-08-25 21:54:46,2600
844,2581.815778,3,15,2011-11-10 13:54:06,2012-10-18 19:02:38,2600
871,2581.810904,2,10,2011-11-10 18:59:26,2012-10-19 18:11:42,2600
453,2581.776675,1,4,2010-11-19 00:00:00,2010-11-19 00:00:00,2600
417,2581.772207,6,35,2010-10-07 00:00:00,2011-10-06 13:50:41,2600
597,2581.721834,4,20,2011-06-18 19:20:08,2011-10-20 18:06:09,2600
3309,2581.665022,3,34,1996-01-01 00:00:00,1997-01-03 00:00:00,2600
144,2581.618708,37,222,2008-01-03 00:00:00,2013-05-14 13:57:40,2600
3491,2581.610792,24,252,1980-05-22 00:00:00,1992-03-21 00:00:00,2600
372,2581.594793,1,4,2010-09-30 00:00:00,2010-09-30 00:00:00,2600
960,2581.590449,1,4,2012-06-19 09:08:55,2012-06-19 09:08:55,2600
410,2581.568774,21,181,2009-08-01 10:00:00,2013-04-05 09:00:52,2600
3225,2581.542718,12,104,1997-09-17 00:00:00,2005-03-26 00:00:00,2600
987,2581.521649,1,4,2012-07-19 09:57:33,2012-07-19 09:57:33,2600
464,2581.507794,1,4,2010-11-19 00:00:00,2010-11-19 00:00:00,2600
679,2581.459311,2,10,2011-09-29 11:15:56,2011-09-30 07:52:29,2600
895,2581.450141,4,23,2011-12-10 12:40:54,2012-10-19 18:11:42,2600
958,2581.413588,8,46,2008-03-23 00:00:00,2012-11-06 04:55:45,2600
542,2581.406813,3,15,2011-05-13 09:06:15,2011-05-23 12:08:23,2600
393,2581.385892,4,22,2010-09-30 00:00:00,2012-10-18 09:19:31,2600
3252,2581.374972,3,42,2001-02-20 00:00:00,2001-02-20 00:00:00,2600
463,2581.283585,1,4,2010-11-19 00:00:00,2010-11-19 00:00:00,2600
388,2581.271683,3,16,2010-09-30 00:00:00,2012-10-18 10:58:12,2600
4903,2581.24902,2,14,1991-08-22 00:00:00,1994-03-04 00:00:00,2600
1946,2581.207834,8,114,1992-01-14 00:00:00,1999-01-03 00:00:00,2600
695,2581.153413,1,4,2011-09-29 14:49:12,2011-09-29 14:49:12,2600
629,2581.115656,1,4,2011-08-25 14:48:38,2011-08-25 14:48:38,2600
406,2581.081173,3,14,2010-09-30 00:00:00,2012-10-18 19:19:42,2600
3245,2581.074166,4,57,1997-01-03 00:00:00,2000-01-03 00:00:00,2600
951,2581.072992,7,38,1997-09-17 00:00:00,2012-11-08 04:38:36,2600
320,2580.915919,5,21,2010-08-01 10:00:00,2012-08-25 21:54:46,2600
49,2580.887294,73,401,2010-08-01 10:00:00,2013-05-19 09:04:47,2600
1120,2580.88551,1,4,2012-11-11 09:04:12,2012-11-11 09:04:12,2600
3266,2580.879786,12,171,1994-03-04 00:00:00,1999-01-03 00:00:00,2600
665,2580.803144,9,56,2000-12-09 00:00:00,2012-11-08 04:38:36,2600
727,2580.800007,4,22,2011-09-21 17:32:53,2011-10-08 14:03:26,2600
1212,2580.761103,3,18,2013-05-12 11:58:49,2013-05-19 15:00:03,2600
654,2580.739631,2,12,2011-08-07 12:18:46,2011-10-05 11:04:53,2600
1025,2580.58482,2,9,2012-08-23 12:44:34,2012-08-24 07:05:04,2600
715,2580.559311,2,9,2011-04-11 00:00:00,2012-09-30 12:13:11,2600
233,2580.546522,3,14,2010-08-01 10:00:00,2011-10-06 11:10:36,2600
800,2580.503998,69,689,1984-10-20 00:00:00,2012-09-30 10:28:56,2600
869,2580.410611,1,4,2011-11-10 18:59:26,2011-11-10 18:59:26,2600
2742,2580.332033,1,6,2008-11-08 00:00:00,2008-11-08 00:00:00,2600
1214,2580.290752,1,4,2012-11-11 18:59:58,2012-11-11 18:59:58,2600
3455,2580.245367,2,23,1993-03-13 00:00:00,1994-01-08 00:00:00,2600
803,2580.228538,3,7,2011-10-10 10:46:20,2012-09-30 13:36:28,2600
628,2580.222406,1,4,2011-08-25 10:28:34,2011-08-25 10:28:34,2600
624,2580.187983,2,11,2011-08-25 09:12:47,2012-08-23 10:35:01,2600
964,2580.102269,4,21,2012-06-19 09:08:55,2012-11-07 02:00:54,2600
334,2580.080795,4,17,2010-08-01 10:00:00,2011-11-10 20:45:09,2600
1179,2580.073925,1,5,2012-12-13 12:49:20,2012-12-13 12:49:20,2600
3332,2580.008381,3,21,1997-01-03 00:00:00,1997-01-03 00:00:00,2600
663,2579.974148,6,32,2011-08-18 14:23:10,2012-11-11 13:25:16,2600
1124,2579.961278,1,4,2012-11-11 17:09:51,2012-11-11 17:09:51,2600
3322,2579.853667,4,33,1997-01-03 00:00:00,1997-01-03 00:00:00,2600
262,2579.832841,2,10,2010-08-01 10:00:00,2011-08-25 09:12:47,2600
294,2579.821667,4,16,2010-08-01 10:00:00,2012-08-23 10:06:25,2600
881,2579.819036,3,14,2011-11-10 18:59:26,2012-10-17 19:58:01,2600
1196,2579.754485,13,148,2004-02-10 00:00:00,2006-01-08 00:00:00,2600
3331,2579.73299,3,23,1994-01-08 00:00:00,1997-01-03 00:00:00,2600
1140,2579.67229,1,4,2012-11-16 07:29:09,2012-11-16 07:29:09,2600
677,2579.652864,1,4,2011-09-29 11:15:56,2011-09-29 11:15:56,2600
40,2579.645396,78,416,2010-08-01 10:00:00,2013-05-21 18:00:49,2600
725,2579.564068,8,58,1997-01-03 00:00:00,2012-05-28 14:56:10,2600
1183,2579.529507,1,4,2012-12-13 12:49:20,2012-12-13 12:49:20,2600
1042,2579.458926,1,4,2012-09-06 09:56:59,2012-09-06 09:56:59,2600
3289,2579.458581,26,308,1989-08-17 00:00:00,1998-01-02 00:00:00,2600
3747,2579.405076,2,27,1991-03-22 00:00:00,1991-03-22 00:00:00,2600
2741,2579.387734,1,5,2008-11-08 00:00:00,2008-11-08 00:00:00,2600
1028,2579.301112,1,4,2012-08-23 14:05:14,2012-08-23 14:05:14,2600
981,2579.256587,3,13,2012-07-18 15:24:02,2012-09-24 11:29:16,2600
2505,2579.187165,59,634,1991-10-14 00:00:00,2004-10-14 00:00:00,2600
1062,2579.175563,1,4,2012-10-18 07:29:21,2012-10-18 07:29:21,2600
3501,2579.16791,22,184,1986-02-16 00:00:00,1992-03-21 00:00:00,2600
823,2579.129931,2,10,2011-11-10 13:54:06,2012-10-18 10:58:12,2600
368,2579.067206,4,18,2010-09-30 00:00:00,2012-10-18 14:54:22,2600
1015,2579.051953,1,4,2012-08-23 14:49:17,2012-08-23 14:49:17,2600
533,2579.043305,5,20,2011-05-12 18:14:10,2012-08-08 14:45:23,2600
777,2579.007957,1,6,2010-07-24 00:00:00,2010-07-24 00:00:00,2600
3755,2579.000514,2,14,1982-10-11 00:00:00,1988-10-10 00:00:00,2600
739,2578.975814,2,10,2011-10-05 20:11:01,2012-09-05 11:57:20,2600
404,2578.948345,6,26,2010-09-30 00:00:00,2012-10-19 18:11:42,2600
721,2578.926979,2,8,2011-09-21 15:35:34,2011-10-05 09:44:43,2600
479,2578.87474,3,13,2008-01-03 00:00:00,2011-10-10 10:18:29,2600
3487,2578.855206,49,468,1983-04-16 00:00:00,1993-03-13 00:00:00,2600
415,2578.751054,4,22,2008-11-08 00:00:00,2010-10-14 00:00:00,2600
626,2578.688288,2,9,2011-08-25 12:59:10,2011-08-25 16:59:24,2600
557,2578.665199,3,18,2011-05-13 15:15:32,2011-05-23 09:51:57,2600
3300,2578.659193,4,46,1997-01-03 00:00:00,1997-01-03 00:00:00,2600
4311,2578.612155,3,25,1982-10-11 00:00:00,1985-02-17 00:00:00,2600
3698,2578.611127,2,17,1983-10-10 00:00:00,1991-03-22 00:00:00,2600
912,2578.447453,4,23,2012-05-15 09:02:06,2012-05-28 12:23:05,2600
304,2578.399591,2,8,2010-08-01 10:00:00,2011-08-25 15:11:06,2600
1186,2578.393316,1,4,2012-12-13 14:51:46,2012-12-13 14:51:46,2600
1200,2578.378522,5,32,2013-05-11 09:28:22,2013-05-21 14:57:46,2600
157,2578.296208,1,4,2010-08-01 10:00:00,2010-08-01 10:00:00,2600
1030,2578.129138,3,14,2012-08-23 15:43:01,2012-10-18 19:51:55,2600
963,2578.087398,6,43,1997-09-17 00:00:00,2012-11-07 11:29:13,2600
421,2577.924664,1,4,2010-10-07 00:00:00,2010-10-07 00:00:00,2600
3254,2577.81282,22,310,1992-06-20 00:00:00,2001-02-20 00:00:00,2600
3215,2577.806101,2,14,2002-10-04 00:00:00,2002-11-09 00:00:00,2600
1067,2577.789701,1,4,2012-10-18 09:19:31,2012-10-18 09:19:31,2600
511,2577.770304,3,15,2010-03-29 00:00:00,2012-09-23 11:30:33,2600
878,2577.6455,2,11,2011-11-10 20:45:09,2011-11-10 21:46:42,2600
3204,2577.628931,51,610,1994-01-08 00:00:00,2005-02-23 00:00:00,2600
3258,2577.602022,59,608,1988-10-10 00:00:00,2001-02-20 00:00:00,2600
828,2577.573753,7,33,2011-11-10 13:54:06,2012-10-19 12:45:00,2600
795,2577.554146,69,586,1984-10-20 00:00:00,2011-10-10 08:58:35,2600
910,2577.548129,8,52,2012-03-26 12:03:59,2012-11-07 07:07:57,2600
326,2577.531686,4,16,2010-08-01 10:00:00,2012-08-23 10:06:25,2600
1039,2577.505433,2,10,2012-09-05 14:16:08,2012-11-11 18:59:58,2600
506,2577.456456,6,34,1997-01-03 00:00:00,2012-09-30 11:34:45,2600
553,2577.428406,3,13,2011-05-13 12:24:29,2011-05-25 09:03:35,2600
627,2577.372268,12,63,2011-08-06 17:17:26,2011-10-20 18:24:51,2600
4308,2577.258475,1,5,1985-10-19 00:00:00,1985-10-19 00:00:00,2600
493,2577.190255,6,58,2005-07-20 00:00:00,2009-02-05 00:00:00,2600
719,2577.176451,1,4,2011-09-21 14:01:21,2011-09-21 14:01:21,2600
838,2577.137819,2,8,2011-11-10 14:13:12,2012-10-19 18:11:42,2600
886,2577.133153,5,24,2011-11-27 14:56:50,2012-09-05 14:16:08,2600
208,2577.103724,29,190,2010-07-19 00:00:00,2013-02-25 08:45:19,2600
829,2577.058686,3,12,2011-11-10 13:54:06,2012-10-18 07:29:21,2600
3735,2576.962114,1,17,1982-04-30 00:00:00,1982-04-30 00:00:00,2600
930,2576.875215,9,51,2012-05-15 09:01:52,2012-11-11 11:16:51,2600
921,2576.794286,3,18,2006-03-20 00:00:00,2012-05-26 19:16:35,2600
734,2576.782743,9,46,2011-10-06 15:53:23,2012-05-25 12:07:59,2600
634,2576.776908,3,16,2011-08-26 22:56:34,2012-08-24 07:05:04,2600
4275,2576.685038,4,31,1985-10-19 00:00:00,1988-10-10 00:00:00,2600
3216,2576.662094,4,42,2002-10-04 00:00:00,2003-01-21 00:00:00,2600
1018,2576.649054,4,16,2012-08-24 07:05:04,2012-11-17 12:50:29,2600
2004,2576.634118,37,410,1994-10-10 00:00:00,2004-02-10 00:00:00,2600
3308,2576.63386,3,31,1997-01-03 00:00:00,1997-01-03 00:00:00,2600
833,2576.617391,3,16,2011-11-10 13:54:06,2012-10-18 10:58:12,2600
836,2576.507934,3,14,2011-11-10 14:13:12,2012-10-18 09:19:31,2600
379,2576.494541,2,10,2010-09-30 00:00:00,2011-11-10 14:02:34,2600
538,2576.407376,3,12,2011-05-12 18:14:10,2011-05-24 15:27:09,2600
186,2576.279787,27,158,2010-08-01 10:00:00,2013-05-22 09:06:00,2600
3702,2576.240015,5,43,1988-01-01 00:00:00,1991-03-22 00:00:00,2600
835,2576.226858,3,14,2011-11-10 13:54:06,2012-10-18 19:51:55,2600
900,2576.20898,2,10,2011-12-10 12:40:54,2011-12-16 12:45:28,2600
541,2576.202292,4,17,2011-09-21 17:32:53,2012-05-25 09:25:11,2600
535,2576.159573,2,8,2011-05-12 18:14:10,2011-05-18 18:14:16,2600
310,2576.118956,3,13,2010-08-01 10:00:00,2010-11-19 00:00:00,2600
332,2576.024426,4,18,2010-08-01 10:00:00,2011-08-25 21:08:05,2600
3282,2576.001979,3,27,1997-01-03 00:00:00,1998-01-02 00:00:00,2600
195,2575.964225,22,159,1997-01-03 00:00:00,2012-11-27 13:43:26,2600
741,2575.894844,3,15,2011-10-06 15:53:23,2011-11-27 14:47:42,2600
3280,2575.716278,16,226,1992-01-14 00:00:00,1999-01-03 00:00:00,2600
1192,2575.669094,11,132,1995-01-04 00:00:00,2006-01-06 00:00:00,2600
598,2575.644416,5,25,2011-06-18 20:33:48,2011-08-25 21:19:31,2600
1064,2575.461357,1,4,2012-10-18 19:06:27,2012-10-18 19:06:27,2600
1204,2575.407818,3,16,2013-05-11 15:19:24,2013-05-21 09:11:14,2600
240,2575.367841,6,27,2010-08-01 10:00:00,2012-08-23 12:44:34,2600
879,2575.257769,4,19,2011-11-10 20:45:09,2012-10-18 19:51:55,2600
552,2575.241815,58,344,2011-05-14 18:32:35,2013-04-06 09:08:17,2600
509,2575.189245,7,43,2009-03-30 00:00:00,2012-11-07 02:00:54,2600
399,2575.186876,6,30,2010-09-30 00:00:00,2012-10-20 13:48:07,2600
3000,2575.168709,1,7,2008-07-08 00:00:00,2008-07-08 00:00:00,2600
3314,2575.095463,4,41,1994-01-08 00:00:00,1997-01-03 00:00:00,2600
658,2575.0386,6,56,1997-01-03 00:00:00,2011-08-07 18:10:57,2600
513,2574.999418,8,43,2005-03-26 00:00:00,2012-06-21 07:59:33,2600
980,2574.942672,1,4,2012-07-18 15:24:02,2012-07-18 15:24:02,2600
248,2574.898573,4,19,2010-08-01 10:00:00,2012-08-25 21:54:46,2600
3707,2574.893849,4,37,1983-10-10 00:00:00,1991-03-22 00:00:00,2600
3750,2574.841016,2,15,1988-10-10 00:00:00,1991-03-22 00:00:00,2600
273,2574.833763,13,87,2006-01-06 00:00:00,2012-10-20 07:33:01,2600
510,2574.827399,5,28,2010-03-29 00:00:00,2012-11-07 11:29:13,2600
489,2574.822381,1,5,2008-01-03 00:00:00,2008-01-03 00:00:00,2600
925,2574.815687,2,8,2012-05-14 15:05:38,2012-05-25 12:07:59,2600
478,2574.768122,14,145,2002-02-11 00:00:00,2011-07-04 00:00:00,2600
3509,2574.693566,50,597,1975-01-13 00:00:00,1991-03-22 00:00:00,2600
943,2574.687683,6,37,2007-08-06 00:00:00,2012-09-24 05:40:11,2600
1094,2574.642306,1,4,2012-09-23 11:30:33,2012-09-23 11:30:33,2600
323,2574.419133,69,501,2007-02-24 00:00:00,2013-04-06 09:08:17,2600
371,2574.396886,6,25,2010-09-30 00:00:00,2012-10-18 19:19:42,2600
3237,2574.341387,3,52,2000-01-03 00:00:00,2002-02-11 00:00:00,2600
3297,2574.263595,7,80,1994-01-08 00:00:00,1997-01-03 00:00:00,2600
1171,2574.233428,6,33,2012-11-26 17:08:13,2013-05-21 14:57:46,2600
3305,2574.125381,3,33,1997-01-03 00:00:00,1997-01-03 00:00:00,2600
137,2574.115529,9,55,1997-01-03 00:00:00,2011-12-17 10:56:56,2600
1205,2574.104598,3,16,2013-05-11 15:19:24,2013-05-19 18:03:59,2600
3493,2574.068551,6,98,1991-03-22 00:00:00,1992-03-21 00:00:00,2600
308,2574.059052,4,16,2010-08-01 10:00:00,2011-08-26 22:56:34,2600
2622,2573.939651,3,23,1999-03-08 00:00:00,2005-03-26 00:00:00,2600
607,2573.935579,6,31,2011-06-19 12:30:08,2012-12-13 16:09:25,2600
321,2573.863475,4,19,2010-08-01 10:00:00,2012-08-25 21:54:46,2600
377,2573.664819,4,20,2010-09-30 00:00:00,2012-10-18 19:18:03,2600
174,2573.649248,8,42,2010-08-01 10:00:00,2013-05-19 15:00:03,2600
1114,2573.430895,3,14,2012-09-24 11:29:16,2012-11-07 07:02:48,2600
896,2573.322989,2,9,2011-12-10 12:40:54,2011-12-15 13:36:37,2600
113,2573.299913,5,29,2010-08-01 10:00:00,2010-08-01 10:00:00,2600
3467,2573.263815,75,645,1980-05-22 00:00:00,1994-01-08 00:00:00,2600
3234,2573.222724,13,198,1995-01-04 00:00:00,2002-02-11 00:00:00,2600
3318,2572.921554,5,83,1992-06-20 00:00:00,1997-01-03 00:00:00,2600
985,2572.913525,4,24,2012-07-18 18:00:25,2012-12-13 14:48:42,2600
990,2572.894464,10,57,2012-07-19 12:44:01,2013-05-19 09:04:47,2600
3753,2572.833992,3,33,1982-10-11 00:00:00,1991-03-22 00:00:00,2600
485,2572.811027,2,11,2009-02-05 00:00:00,2013-04-04 09:02:42,2600
1587,2572.785591,2,31,2001-02-20 00:00:00,2001-02-20 00:00:00,2600
29,2572.759056,123,1082,1994-01-08 00:00:00,2012-11-27 11:37:39,2600
819,2572.651669,3,14,2011-11-10 13:54:06,2012-10-18 13:17:18,2600
1111,2572.625762,3,14,2012-09-23 11:30:33,2012-11-06 11:29:54,2600
891,2572.616783,3,12,2011-11-27 18:54:08,2012-11-11 11:16:51,2600
3499,2572.546997,4,50,1990-10-29 00:00:00,1992-03-21 00:00:00,2600
554,2572.480414,5,23,1997-01-03 00:00:00,2011-05-25 15:07:11,2600
77,2572.46334,29,158,2010-08-01 10:00:00,2013-05-22 13:53:40,2600
337,2572.432945,3,14,2010-08-01 10:00:00,2012-08-23 07:59:26,2600
1211,2572.429069,3,17,2013-05-13 11:59:41,2013-05-20 08:56:08,2600
3241,2572.408981,3,37,1997-01-03 00:00:00,2001-02-20 00:00:00,2600
1283,2572.381879,3,41,1994-03-30 00:00:00,1999-01-03 00:00:00,2600
236,2572.341798,2,8,2010-08-01 10:00:00,2011-11-10 14:19:38,2600
3302,2572.315555,16,167,1992-06-20 00:00:00,1997-03-10 00:00:00,2600
545,2572.30897,15,81,2011-05-13 09:06:15,2012-05-22 16:13:02,2600
1038,2571.931645,8,44,2012-09-05 14:16:08,2013-05-21 09:11:14,2600
580,2571.930664,7,65,2003-10-04 00:00:00,2011-07-19 03:57:41,2600
997,2571.878149,11,62,2012-08-08 10:34:29,2013-05-20 14:57:32,2600
915,2571.763439,3,16,2012-05-13 16:04:15,2012-05-26 15:03:37,2600
366,2571.751149,5,21,2010-08-01 10:00:00,2011-08-25 21:08:05,2600
3321,2571.720482,53,497,1984-10-20 00:00:00,1997-01-03 00:00:00,2600
3205,2571.600954,10,94,2001-08-22 00:00:00,2004-02-10 00:00:00,2600
3444,2571.491182,33,299,1984-10-20 00:00:00,1995-01-04 00:00:00,2600
80,2571.275744,16,82,2010-08-01 10:00:00,2013-05-20 14:57:32,2600
152,2571.257748,7,38,2010-08-01 10:00:00,2011-11-27 15:31:09,2600
608,2571.047815,28,150,2011-06-19 13:58:53,2013-05-14 13:57:40,2600
3758,2570.978025,9,70,1982-10-11 00:00:00,1991-03-22 00:00:00,2600
3730,2570.944799,1,12,1984-04-21 00:00:00,1984-04-21 00:00:00,2600
923,2570.812036,4,20,2012-05-14 12:22:40,2012-05-27 15:04:06,2600
3731,2570.768701,1,14,1984-04-21 00:00:00,1984-04-21 00:00:00,2600
4305,2570.720047,4,28,1982-10-11 00:00:00,1985-02-17 00:00:00,2600
3288,2570.621697,22,198,1985-10-19 00:00:00,1998-01-02 00:00:00,2600
731,2570.49258,3,14,2011-10-05 09:44:43,2012-11-11 14:58:15,2600
530,2570.347373,3,14,2011-05-12 15:02:42,2011-05-24 09:13:34,2600
1190,2570.253825,20,293,1992-06-20 00:00:00,2013-04-04 13:34:21,2600
3324,2570.090276,62,552,1982-10-11 00:00:00,1997-01-03 00:00:00,2600
3510,2569.928948,8,78,1988-01-01 00:00:00,1992-03-21 00:00:00,2600
652,2569.613794,2,11,2011-07-18 03:24:58,2012-07-09 04:09:20,2600
1203,2569.574303,3,12,2013-05-11 15:19:24,2013-05-20 08:56:08,2600
122,2569.546151,34,354,1997-01-03 00:00:00,2010-08-01 10:00:00,2600
2743,2569.44464,3,20,2005-01-31 00:00:00,2007-01-28 00:00:00,2600
1004,2569.430714,3,15,2012-08-09 17:07:12,2012-11-13 10:34:09,2600
121,2569.426951,6,31,2010-08-01 10:00:00,2011-09-29 13:43:24,2600
620,2569.337252,23,119,2011-06-19 22:58:31,2012-12-15 13:19:58,2600
1206,2569.270262,4,18,2013-05-11 15:19:24,2013-05-20 14:57:32,2600
2876,2569.205892,75,740,1975-01-13 00:00:00,1992-03-21 00:00:00,2600
810,2568.935468,4,20,2011-11-10 13:54:06,2012-10-18 07:29:21,2600
91,2568.738224,31,180,2005-07-20 00:00:00,2013-04-28 15:12:07,2600
729,2568.70651,3,13,2011-09-21 19:06:43,2012-08-09 14:46:19,2600
255,2568.638239,5,24,2010-08-01 10:00:00,2012-08-23 15:43:01,2600
161,2568.53514,9,51,2010-08-01 10:00:00,2011-05-26 12:06:57,2600
287,2568.529687,5,24,2010-08-01 10:00:00,2010-11-19 00:00:00,2600
180,2568.475847,5,25,2010-08-01 10:00:00,2012-10-18 09:19:31,2600
888,2568.308426,6,33,2011-11-27 16:33:21,2013-05-20 18:05:47,2600
672,2568.22343,65,689,1990-10-29 00:00:00,2011-11-10 23:38:46,2600
516,2568.15747,3,15,2011-05-14 14:36:42,2011-09-21 14:01:21,2600
1041,2568.148275,9,50,2012-09-05 16:22:19,2013-05-19 15:00:03,2600
771,2568.139547,3,18,1993-02-22 00:00:00,2011-10-20 13:53:45,2600
311,2568.123953,4,17,2010-08-01 10:00:00,2012-08-23 14:05:14,2600
3492,2568.105078,3,32,1988-02-21 00:00:00,1992-03-21 00:00:00,2600
4260,2568.097356,2,15,1982-10-11 00:00:00,1986-10-18 00:00:00,2600
919,2567.645776,4,22,2012-05-15 15:18:01,2012-05-25 12:07:59,2600
383,2567.588027,4,22,2010-09-30 00:00:00,2012-10-18 13:17:18,2600
3443,2567.483188,7,91,1991-10-14 00:00:00,1995-01-04 00:00:00,2600
339,2567.107191,11,65,2010-08-01 10:00:00,2012-11-05 11:33:18,2600
134,2567.077974,37,196,2010-08-01 10:00:00,2011-10-21 11:11:30,2600
712,2566.795025,43,381,1982-10-11 00:00:00,2011-04-11 00:00:00,2600
205,2566.621686,161,1506,1982-04-30 00:00:00,2012-10-27 21:39:43,2600
468,2566.448963,188,1947,1976-01-26 00:00:00,2012-10-27 13:06:59,2600
856,2566.377812,2,11,2011-11-10 18:59:26,2012-10-18 19:51:55,2600
928,2566.375181,6,32,2012-05-14 18:10:59,2012-05-28 09:56:21,2600
995,2566.363643,4,21,2012-08-08 10:34:29,2012-11-26 13:09:34,2600
477,2566.232774,26,206,2009-08-01 10:00:00,2011-12-18 11:41:09,2600
148,2566.217984,8,43,2010-08-01 10:00:00,2011-08-18 10:10:06,2600
227,2566.19598,4,17,2010-08-01 10:00:00,2011-05-18 18:14:16,2600
3223,2566.108817,11,163,1999-01-03 00:00:00,2003-01-21 00:00:00,2600
117,2566.036135,7,36,2010-08-01 10:00:00,2010-10-14 00:00:00,2600
3442,2566.012446,3,27,1993-03-13 00:00:00,1995-01-04 00:00:00,2600
892,2565.933467,13,73,2011-11-27 18:54:08,2013-05-22 09:06:00,2600
3304,2565.923161,3,27,1993-03-13 00:00:00,1997-01-03 00:00:00,2600
675,2565.8866,4,20,2011-09-21 19:06:43,2011-10-05 16:43:56,2600
454,2565.872566,4,18,2010-11-19 00:00:00,2011-05-23 12:09:45,2600
954,2565.852329,8,51,2012-06-20 07:40:20,2013-03-25 07:25:24,2600
387,2565.85175,3,15,2010-09-30 00:00:00,2012-10-18 19:19:42,2600
897,2565.732181,4,18,2011-12-10 12:40:54,2012-09-05 11:57:20,2600
473,2565.59832,10,115,2009-07-07 00:00:00,2010-02-24 00:00:00,2600
318,2565.562336,4,16,2010-08-01 10:00:00,2012-08-24 07:05:04,2600
3284,2565.478163,8,132,1992-06-20 00:00:00,1998-01-02 00:00:00,2600
229,2565.363507,4,21,2010-08-01 10:00:00,2012-05-28 09:56:21,2600
3759,2565.255157,4,30,1984-10-20 00:00:00,1990-01-02 00:00:00,2600
317,2565.029562,4,16,2010-08-01 10:00:00,2011-08-25 10:28:34,2600
3235,2564.810869,2,32,1992-06-20 00:00:00,1994-01-08 00:00:00,2600
515,2564.702816,23,207,1992-06-20 00:00:00,2011-05-27 09:17:41,2600
924,2564.610701,4,16,2012-05-14 15:05:38,2012-05-25 18:02:16,2600
414,2564.333078,28,291,1997-01-03 00:00:00,2011-10-20 16:39:20,2600
160,2564.31879,10,51,2010-08-01 10:00:00,2012-12-13 16:09:25,2600
3265,2564.219375,26,310,1987-02-15 00:00:00,1999-01-03 00:00:00,2600
3700,2564.200854,4,33,1982-10-11 00:00:00,1991-03-22 00:00:00,2600
385,2564.128279,46,281,1997-01-03 00:00:00,2013-05-16 12:02:55,2600
4310,2564.026821,3,21,1982-10-11 00:00:00,1984-10-20 00:00:00,2600
1375,2563.816049,3,31,1997-09-17 00:00:00,2001-02-20 00:00:00,2600
3752,2563.751219,2,30,1991-03-22 00:00:00,1991-03-22 00:00:00,2600
343,2563.662413,8,39,2010-08-01 10:00:00,2012-08-24 13:23:30,2600
189,2563.562019,5,24,2010-08-01 10:00:00,2010-10-14 00:00:00,2600
604,2563.504316,5,28,2011-06-19 12:30:08,2011-09-21 17:32:53,2600
1213,2563.388843,3,17,2013-05-12 11:58:49,2013-05-20 14:57:32,2600
1353,2563.337817,11,146,1992-10-12 00:00:00,2000-01-03 00:00:00,2600
490,2563.290208,7,58,2008-01-03 00:00:00,2011-03-03 00:00:00,2600
358,2563.263184,18,99,2010-08-01 10:00:00,2012-11-17 11:22:33,2600
391,2563.029502,8,50,2008-01-03 00:00:00,2012-10-18 19:02:38,2600
1932,2562.71371,15,152,1995-03-10 00:00:00,2009-07-07 00:00:00,2600
916,2562.67921,5,25,2012-05-13 16:04:15,2012-09-11 00:00:00,2600
111,2562.595459,7,45,1997-01-03 00:00:00,2010-08-01 10:00:00,2600
1209,2562.549561,3,13,2013-05-12 09:35:15,2013-05-20 18:05:47,2600
3317,2562.309,23,266,1988-10-10 00:00:00,1997-01-03 00:00:00,2600
3476,2562.295573,1,12,1992-06-20 00:00:00,1992-06-20 00:00:00,2600
484,2562.196505,12,170,1994-01-08 00:00:00,2011-03-03 00:00:00,2600
351,2562.193997,4,19,2010-08-01 10:00:00,2011-08-25 09:12:47,2600
3514,2561.973286,16,156,1988-10-10 00:00:00,1992-03-21 00:00:00,2600
975,2561.728458,5,35,2012-07-02 07:23:33,2012-07-04 13:55:30,2600
877,2561.699248,2,10,2011-11-10 18:59:26,2012-10-18 13:17:18,2600
612,2561.513907,15,74,2011-06-19 14:06:21,2013-05-21 12:04:47,2600
3503,2561.160617,5,59,1991-02-17 00:00:00,1992-03-21 00:00:00,2600
2871,2561.136066,51,616,1991-01-01 00:00:00,2004-02-10 00:00:00,2600
893,2561.017195,7,37,2011-11-27 19:17:33,2012-08-18 09:51:35,2600
3498,2560.978387,18,176,1982-10-11 00:00:00,1992-03-21 00:00:00,2600
1488,2560.97263,2,8,2011-11-10 18:59:26,2012-10-18 15:01:54,2600
2040,2560.95221,6,56,2002-02-11 00:00:00,2004-02-10 00:00:00,2600
1198,2560.923906,2,12,2005-10-31 00:00:00,2005-11-15 00:00:00,2600
595,2560.888077,7,37,1997-01-03 00:00:00,2011-08-26 07:38:12,2600
865,2560.886748,3,14,2011-11-10 13:58:34,2012-10-18 19:51:55,2600
3484,2560.728769,96,958,1977-04-18 00:00:00,1992-06-20 00:00:00,2600
235,2560.588989,52,284,2010-08-01 10:00:00,2013-05-21 14:57:46,2600
401,2560.572898,4,20,2010-09-30 00:00:00,2012-10-17 17:26:14,2600
982,2560.377006,4,20,2012-07-18 18:00:25,2012-09-07 14:09:42,2600
834,2560.292843,16,79,2011-11-10 14:13:12,2012-12-15 18:11:53,2600
1049,2560.15766,123,1222,1987-02-15 00:00:00,2012-09-30 12:13:11,2600
104,2560.121781,6,29,2010-08-01 10:00:00,2011-09-29 17:49:45,2600
1123,2559.893277,10,57,2012-11-11 17:09:51,2013-05-21 18:00:49,2600
1355,2559.673337,82,839,1983-10-10 00:00:00,2004-02-10 00:00:00,2600
4304,2559.664371,2,11,1984-10-20 00:00:00,1985-02-17 00:00:00,2600
547,2559.448742,3,16,2011-05-13 09:06:15,2011-05-25 12:09:59,2600
794,2559.319407,41,397,1990-01-02 00:00:00,2013-05-19 18:03:59,2600
3505,2558.767765,2,23,1992-01-14 00:00:00,1992-03-21 00:00:00,2600
2098,2558.588893,7,71,1997-01-03 00:00:00,2001-02-20 00:00:00,2600
543,2558.571386,5,25,2011-05-13 09:06:15,2012-11-11 09:04:12,2600
483,2558.27083,15,116,1997-01-03 00:00:00,2011-03-03 00:00:00,2600
1649,2558.212599,5,61,1993-10-18 00:00:00,1998-01-02 00:00:00,2600
165,2558.018607,20,116,2010-08-01 10:00:00,2012-12-13 14:51:46,2600
3495,2557.777456,12,105,1983-10-10 00:00:00,1992-03-21 00:00:00,2600
59,2557.665058,66,367,2010-08-01 10:00:00,2013-05-21 14:57:46,2600
525,2557.641345,32,371,1992-10-12 00:00:00,2011-05-27 18:23:36,2600
2502,2557.177954,1,10,2002-02-11 00:00:00,2002-02-11 00:00:00,2600
259,2556.864858,5,23,2010-08-01 10:00:00,2011-08-25 10:27:18,2600
605,2556.729127,10,53,2011-06-19 10:29:34,2013-05-19 09:04:47,2600
902,2556.572679,5,26,2011-12-10 15:59:35,2012-11-11 18:59:58,2600
3486,2556.272715,32,257,1982-10-11 00:00:00,1993-02-22 00:00:00,2600
114,2556.116104,7,34,2010-08-01 10:00:00,2010-10-14 00:00:00,2600
3219,2556.017469,23,265,1992-02-17 00:00:00,2003-01-21 00:00:00,2600
732,2556.014375,5,29,2011-10-05 12:28:06,2012-11-11 11:16:51,2600
889,2555.764218,3,12,2011-11-27 18:54:08,2012-11-11 14:58:15,2600
855,2555.709935,5,23,2011-11-10 18:59:26,2012-10-18 13:17:18,2600
611,2555.382658,4,17,2011-06-19 14:24:16,2011-10-05 18:27:38,2600
3748,2555.149612,5,31,1982-10-11 00:00:00,1988-10-10 00:00:00,2600
768,2555.114094,4,20,2011-10-20 11:06:22,2012-05-28 09:56:21,2600
983,2554.94644,4,20,2012-07-18 18:00:25,2012-11-11 13:22:29,2600
106,2554.892811,33,174,2010-08-01 10:00:00,2013-05-19 12:00:18,2600
72,2554.813627,7,40,2010-08-01 10:00:00,2011-11-28 11:25:50,2600
3306,2554.675734,18,173,1987-02-15 00:00:00,1997-01-03 00:00:00,2600
3253,2554.335558,10,130,1992-01-14 00:00:00,2001-02-20 00:00:00,2600
3316,2554.185435,21,205,1987-10-17 00:00:00,1997-01-03 00:00:00,2600
668,2554.099822,164,1644,1984-04-21 00:00:00,2011-11-05 14:04:03,2600
325,2554.028973,20,110,2010-08-01 10:00:00,2013-05-20 08:56:08,2600
1181,2554.006139,5,27,2012-12-13 12:49:20,2013-05-21 09:11:14,2600
3701,2553.881385,25,195,1982-10-11 00:00:00,1988-10-10 00:00:00,2600
151,2553.808533,39,211,2010-08-01 10:00:00,2012-12-14 15:36:44,2600
602,2553.737076,10,50,2011-06-18 19:44:41,2013-05-20 08:56:08,2600
3212,2553.68369,3,30,2003-10-04 00:00:00,2004-02-10 00:00:00,2600
3710,2553.402673,5,39,1984-10-20 00:00:00,1988-10-10 00:00:00,2600
3497,2553.362276,3,41,1992-03-21 00:00:00,1994-03-30 00:00:00,2600
2780,2553.288414,3,24,2002-10-04 00:00:00,2003-01-21 00:00:00,2600
348,2553.198831,7,32,2010-08-01 10:00:00,2012-08-23 12:44:34,2600
269,2553.168114,70,386,2010-08-01 10:00:00,2013-05-21 14:57:46,2600
132,2553.039597,51,282,2010-08-01 10:00:00,2013-05-21 12:04:47,2600
3489,2552.91844,19,159,1982-10-11 00:00:00,1992-03-21 00:00:00,2600
914,2552.857454,4,23,2012-05-15 12:09:08,2012-08-08 14:45:23,2600
213,2552.812041,37,335,1994-01-08 00:00:00,2011-08-27 11:23:16,2600
529,2552.535618,9,36,2011-05-12 15:02:42,2013-05-19 09:04:47,2600
645,2552.435715,6,27,2011-08-06 18:40:18,2011-11-12 12:08:48,2600
1202,2552.207515,4,21,1997-01-03 00:00:00,2013-05-20 11:58:46,2600
66,2552.085469,5,25,2010-08-01 10:00:00,2011-10-05 10:43:55,2600
1007,2552.071327,6,30,2012-08-16 15:29:10,2012-11-15 17:51:09,2600
592,2551.964279,38,207,2011-06-18 19:20:08,2013-05-21 14:57:46,2600
3272,2551.890968,8,88,1991-10-14 00:00:00,1999-01-03 00:00:00,2600
449,2551.855705,75,661,1983-04-16 00:00:00,2013-04-05 15:02:11,2600
139,2551.723856,6,30,2010-08-01 10:00:00,2011-08-18 12:27:13,2600
370,2551.72315,8,40,2010-09-30 00:00:00,2012-11-16 11:06:13,2600
209,2551.693814,7,34,2010-08-01 10:00:00,2011-08-17 15:56:05,2600
3584,2551.67948,7,54,1987-02-15 00:00:00,2010-07-19 00:00:00,2600
3488,2551.671512,7,76,1985-02-17 00:00:00,1992-03-21 00:00:00,2600
3224,2551.320239,24,262,1994-10-10 00:00:00,2003-01-21 00:00:00,2600
601,2551.286168,5,25,2011-06-18 19:44:41,2012-08-17 14:16:39,2600
1309,2551.147497,23,234,1988-10-10 00:00:00,1994-01-08 00:00:00,2600
796,2551.142773,21,231,1977-04-18 00:00:00,2012-09-30 16:02:40,2600
1193,2551.019876,7,87,1996-01-01 00:00:00,2006-01-06 00:00:00,2600
3704,2551.012935,4,33,1982-10-11 00:00:00,1991-03-22 00:00:00,2600
475,2550.377088,24,295,2003-01-21 00:00:00,2010-02-24 00:00:00,2600
3751,2550.186916,6,45,1982-10-11 00:00:00,1991-03-22 00:00:00,2600
419,2550.005424,8,38,2010-10-07 00:00:00,2011-11-27 14:47:42,2600
991,2549.928437,4,21,2012-07-19 14:59:42,2012-11-11 13:25:16,2600
143,2549.831078,64,538,1994-01-08 00:00:00,2013-05-20 11:58:46,2600
226,2549.773933,12,81,2005-03-26 00:00:00,2012-05-28 17:58:02,2600
609,2549.326117,18,89,1995-10-16 00:00:00,2012-09-30 12:13:11,2600
3703,2549.239298,13,121,1982-10-11 00:00:00,1991-03-22 00:00:00,2600
146,2549.237149,65,332,2010-08-01 10:00:00,2013-05-20 18:00:58,2600
249,2548.985744,13,58,2010-08-01 10:00:00,2011-11-10 21:23:43,2600
1210,2548.680828,3,13,2013-05-12 09:35:15,2013-05-21 12:04:39,2600
1182,2548.664111,12,105,1983-10-10 00:00:00,2012-12-13 12:48:55,2600
3249,2548.616624,9,100,1997-01-03 00:00:00,2001-02-20 00:00:00,2600
197,2548.448901,58,340,2007-02-24 00:00:00,2013-05-14 13:57:40,2600
336,2548.429446,8,37,2010-08-01 10:00:00,2011-11-10 20:45:09,2600
615,2548.256674,34,187,2011-06-19 14:57:02,2013-05-19 15:00:03,2600
135,2548.112475,24,132,2010-08-01 10:00:00,2013-05-21 09:11:14,2600
3737,2547.839305,9,85,1978-04-17 00:00:00,1991-03-22 00:00:00,2600
1177,2547.807118,5,22,2012-12-13 09:03:29,2013-05-20 11:58:46,2600
3456,2547.555287,14,146,1985-10-19 00:00:00,1994-01-08 00:00:00,2600
149,2547.204589,27,141,2010-08-01 10:00:00,2012-12-13 12:49:20,2600
3500,2546.925138,20,184,1985-02-17 00:00:00,1992-03-21 00:00:00,2600
423,2546.740098,49,256,2010-10-07 00:00:00,2013-05-19 12:00:18,2600
84,2546.487436,10,60,2010-08-01 10:00:00,2012-07-04 10:41:42,2600
3201,2546.427004,8,62,2004-10-02 00:00:00,2005-02-23 00:00:00,2600
2744,2546.422778,22,261,1990-10-29 00:00:00,2007-01-28 00:00:00,2600
726,2545.663799,13,76,2011-09-21 17:32:53,2012-09-06 14:49:44,2600
3475,2545.635953,19,173,1986-10-18 00:00:00,1992-03-21 00:00:00,2600
3250,2545.382872,10,129,1995-01-04 00:00:00,2001-02-20 00:00:00,2600
3236,2545.113984,5,68,1997-01-03 00:00:00,2002-02-11 00:00:00,2600
196,2544.74027,27,139,2001-02-20 00:00:00,2011-08-25 19:43:28,2600
260,2544.69968,7,32,2010-08-01 10:00:00,2012-08-23 10:06:25,2600
389,2544.567507,12,64,2010-09-30 00:00:00,2011-10-06 13:50:41,2600
631,2544.475877,29,157,2011-08-07 10:12:01,2012-12-13 16:09:25,2600
487,2544.050751,12,95,1997-01-03 00:00:00,2010-02-24 00:00:00,2600
539,2543.994031,43,228,2011-05-12 18:14:10,2012-11-26 14:40:28,2600
176,2543.981173,19,103,2010-08-01 10:00:00,2013-05-21 09:11:14,2600
3275,2543.935146,6,70,1994-01-08 00:00:00,1999-01-03 00:00:00,2600
3464,2543.915633,11,113,1987-10-17 00:00:00,1994-01-08 00:00:00,2600
1040,2543.820076,14,70,2012-08-23 15:43:01,2013-05-20 18:05:47,2600
3203,2543.806221,4,42,2004-02-10 00:00:00,2004-11-30 00:00:00,2600
3512,2543.649487,18,164,1982-10-11 00:00:00,1992-03-21 00:00:00,2600
344,2543.619965,9,43,2010-08-01 10:00:00,2012-08-25 21:54:46,2600
397,2543.46147,6,29,2010-09-30 00:00:00,2011-05-12 12:37:34,2600
416,2543.004563,36,198,2010-10-07 00:00:00,2013-05-21 18:00:49,2600
3706,2541.945463,8,62,1982-10-11 00:00:00,1991-03-22 00:00:00,2600
3233,2541.676903,6,66,1996-01-01 00:00:00,2002-02-11 00:00:00,2600
3732,2541.556206,9,86,1983-04-16 00:00:00,1991-03-22 00:00:00,2600
3481,2541.475961,14,140,1988-10-10 00:00:00,1992-06-20 00:00:00,2600
305,2541.347994,13,64,2010-08-01 10:00:00,2012-10-17 17:22:55,2600
89,2540.766377,40,217,2010-08-01 10:00:00,2013-05-21 18:00:49,2600
123,2540.641297,23,140,2009-01-21 00:00:00,2012-07-04 10:36:25,2600
3757,2540.223307,6,53,1986-10-18 00:00:00,1991-03-22 00:00:00,2600
920,2539.799058,19,100,2012-05-14 09:17:05,2013-05-20 18:05:47,2600
71,2539.527936,14,72,2010-08-01 10:00:00,2011-10-05 20:11:01,2600
73,2539.016767,7,32,2010-08-01 10:00:00,2010-11-12 00:00:00,2600
3474,2538.991318,29,274,1985-01-04 00:00:00,1992-06-20 00:00:00,2600
1168,2538.802167,7,99,2002-02-11 00:00:00,2007-02-24 00:00:00,2600
3504,2538.585579,32,268,1981-04-07 00:00:00,1992-03-21 00:00:00,2600
3349,2538.546242,21,196,1985-02-17 00:00:00,1997-01-03 00:00:00,2600
3202,2538.412218,8,106,2002-02-11 00:00:00,2005-02-23 00:00:00,2600
986,2537.773661,14,76,2012-07-18 18:00:25,2013-05-20 14:57:32,2600
447,2536.723458,19,168,1997-01-03 00:00:00,2013-04-04 09:02:42,2600
3278,2536.152084,29,306,1989-10-09 00:00:00,1999-01-03 00:00:00,2600
412,2533.824589,38,199,2010-10-07 00:00:00,2013-05-19 09:04:47,2600
504,2532.831553,22,174,1984-10-20 00:00:00,2012-09-30 12:13:11,2600
3756,2532.348396,5,42,1985-10-19 00:00:00,1991-03-22 00:00:00,2600
424,2532.049626,27,136,1997-01-03 00:00:00,2012-12-14 11:15:18,2600
3699,2531.099777,17,125,1986-10-18 00:00:00,1991-03-22 00:00:00,2600
600,2530.588042,15,191,1995-01-04 00:00:00,2011-06-18 19:20:08,2600
599,2530.233167,23,128,2011-06-18 20:33:48,2013-05-22 09:06:00,2600
4303,2530.134683,5,33,1982-10-11 00:00:00,1988-10-10 00:00:00,2600
1014,2530.044914,5,22,2012-08-23 10:06:25,2012-12-13 14:51:46,2600
621,2529.965403,20,104,2011-06-21 08:16:14,2013-05-21 14:57:46,2600
488,2529.5222,5,31,2009-02-05 00:00:00,2013-04-04 13:34:21,2600
142,2529.400644,11,56,2010-08-01 10:00:00,2011-08-18 10:10:06,2600
619,2529.359976,7,36,2011-06-19 21:49:21,2012-07-18 18:00:25,2600
140,2529.228784,64,320,2010-08-01 10:00:00,2013-05-20 11:59:07,2600
3705,2528.540066,6,51,1982-10-11 00:00:00,1991-03-22 00:00:00,2600
1020,2528.316865,10,53,2012-08-16 15:29:10,2013-04-28 15:12:07,2600
452,2527.645391,75,765,1977-04-18 00:00:00,2011-10-10 13:20:04,2600
591,2527.247414,15,115,2003-10-04 00:00:00,2011-11-28 09:01:30,2600
147,2526.998283,20,106,2010-08-01 10:00:00,2013-05-21 12:04:39,2600
162,2526.051618,25,182,1992-10-12 00:00:00,2011-03-03 00:00:00,2600
480,2525.74056,28,170,2006-01-06 00:00:00,2013-04-04 13:52:11,2600
583,2525.407626,14,77,2008-07-08 00:00:00,2012-11-11 18:59:58,2600
596,2524.969933,14,72,2011-06-18 19:20:08,2012-07-19 12:44:01,2600
3496,2524.908589,13,111,1984-10-20 00:00:00,1992-03-21 00:00:00,2600
528,2522.893202,33,203,2011-05-12 15:02:42,2013-04-07 08:59:22,2600
3385,2522.891755,12,101,1981-04-07 00:00:00,1997-01-03 00:00:00,2600
3736,2521.961717,10,82,1982-04-30 00:00:00,1991-03-22 00:00:00,2600
3728,2521.708477,25,339,1977-02-07 00:00:00,1986-04-19 00:00:00,2600
502,2521.170641,47,376,1985-10-19 00:00:00,2012-10-27 14:02:59,2600
178,2520.90456,9,39,2010-08-01 10:00:00,2011-12-10 09:57:06,2600
3515,2520.887414,66,567,1975-01-13 00:00:00,1992-03-21 00:00:00,2600
329,2520.248563,5,20,2010-08-01 10:00:00,2011-08-25 16:12:54,2600
723,2520.16729,12,62,2011-09-21 15:35:34,2013-05-20 18:00:58,2600
913,2519.946765,11,59,2012-05-13 19:23:59,2013-05-21 09:11:14,2600
211,2519.685257,16,86,2010-08-01 10:00:00,2012-05-26 15:03:37,2600
94,2519.638611,22,117,2010-08-01 10:00:00,2013-05-20 14:57:32,2600
532,2519.470027,13,72,2011-05-12 15:02:42,2011-10-20 20:45:57,2600
931,2519.089001,9,66,2012-07-02 03:50:20,2013-04-06 13:50:47,2600
433,2518.756956,8,40,2010-10-22 00:00:00,2012-10-19 18:11:42,2600
551,2518.096381,11,58,2011-05-13 12:24:29,2013-05-19 18:03:59,2600
3398,2518.039385,9,81,1982-04-30 00:00:00,1997-01-03 00:00:00,2600
110,2517.981066,27,174,1997-01-03 00:00:00,2013-04-04 18:37:36,2600
531,2517.613027,13,64,2011-05-12 15:02:42,2013-05-20 08:56:08,2600
175,2517.468144,76,415,2010-08-01 10:00:00,2013-05-21 18:00:49,2600
710,2517.437165,21,193,1984-10-20 00:00:00,2012-09-30 09:00:41,2600
181,2517.203149,194,1846,1981-04-07 00:00:00,2013-04-04 18:59:21,2600
222,2515.965647,20,218,1991-10-14 00:00:00,2011-04-11 00:00:00,2600
138,2515.519566,24,133,2010-08-01 10:00:00,2013-05-20 14:57:32,2600
537,2515.039226,29,167,2011-05-12 18:14:10,2012-11-28 18:59:42,2600
156,2512.600644,54,281,2010-08-01 10:00:00,2013-05-21 14:57:46,2600
3733,2510.063198,9,79,1980-01-07 00:00:00,1987-10-17 00:00:00,2600
70,2509.886099,27,138,2010-08-01 10:00:00,2012-08-08 10:34:29,2600
999,2508.733425,11,112,1997-01-03 00:00:00,2012-08-08 14:45:23,2600
3473,2508.343291,15,139,1983-10-10 00:00:00,1992-06-20 00:00:00,2600
610,2506.806769,13,64,2011-06-19 12:30:08,2013-05-19 15:00:03,2600
3697,2506.380287,12,95,1982-10-11 00:00:00,1991-03-22 00:00:00,2600
201,2505.92392,40,228,2010-08-01 10:00:00,2013-05-19 09:04:47,2600
141,2505.291376,17,82,2010-08-01 10:00:00,2013-05-20 11:58:46,2600
250,2503.239034,10,75,2002-02-11 00:00:00,2011-08-25 16:59:24,2600
300,2503.180073,18,125,1997-01-03 00:00:00,2012-10-17 17:26:14,2600
548,2503.026606,27,144,2011-05-13 12:24:29,2013-05-20 11:59:07,2600
901,2502.037282,10,46,2011-12-10 13:56:03,2012-12-13 13:48:14,2600
790,2501.033452,7,29,2011-10-20 15:04:10,2013-05-21 09:11:14,2600
3507,2498.441036,16,125,1984-10-20 00:00:00,1992-03-21 00:00:00,2600
550,2498.313157,41,209,2011-05-13 15:15:32,2013-05-22 09:06:00,2600
3696,2496.31195,45,451,1975-01-13 00:00:00,1991-03-22 00:00:00,2600
95,2493.957823,16,73,2010-08-01 10:00:00,2012-09-06 15:51:37,2600
927,2487.610831,22,155,1988-10-10 00:00:00,2013-05-21 12:04:39,2600
883,2480.908133,14,68,2011-11-27 14:47:42,2013-05-20 08:56:08,2600
613,2476.053732,15,67,2011-06-19 13:48:57,2013-05-20 14:57:32,2600
107,2475.361426,20,97,2010-08-01 10:00:00,2012-11-26 15:47:46,2600
191,2474.535891,45,235,2010-08-01 10:00:00,2013-05-19 15:00:03,2600
594,2469.33506,23,124,1982-10-11 00:00:00,2013-05-21 09:11:14,2600
486,2462.193677,12,59,2006-01-06 00:00:00,2013-04-04 09:02:42,2600
2834,2459.459765,29,345,1975-01-13 00:00:00,1991-09-18 00:00:00,2600
555,2449.493818,19,85,2011-05-13 12:24:29,2013-05-19 18:03:59,2600
588,2437.450303,26,138,2011-06-20 12:54:01,2012-12-14 13:12:31,2600
