PlayerID,Rating,MatchesPlayed,FramesPlayed,FirstMatchDate,LastMatchDate,EntryRating
946,2949.08407,415,2750,2012-06-18 09:11:07,2025-05-04 12:01:02,2746.832399
17,2916.069981,1453,10529,1999-09-08 00:00:00,2025-04-23 18:09:25,2694.531667
237,2911.272195,1500,11577,1992-10-12 00:00:00,2025-05-17 15:14:34,2718.445442
12,2906.168948,1418,9884,2005-10-31 00:00:00,2025-05-17 11:57:40,2671.032862
16,2901.426597,1155,8069,1997-01-03 00:00:00,2025-04-19 18:00:03,2665.519143
5,2898.452484,1058,9404,1992-06-20 00:00:00,2025-05-01 12:01:18,2727.414142
24,2893.288637,741,4930,2005-03-26 00:00:00,2025-04-24 17:50:24,2639.148322
1038,2892.361559,349,2198,2012-09-05 14:16:08,2025-04-21 09:00:57,2623.684075
1,2888.130178,1397,10214,1993-02-22 00:00:00,2025-05-18 09:01:03,2646.429069
39,2884.336104,1025,6660,2010-08-01 10:00:00,2025-05-17 17:59:58,2602.993529
1260,2881.676462,343,2466,2013-06-12 13:01:51,2022-12-01 15:03:57,2721.01635
97,2881.400702,1216,9067,2001-02-04 00:00:00,2025-05-17 09:01:25,2709.44048
101,2880.654873,652,4540,2010-08-01 10:00:00,2025-04-29 13:28:56,2637.430316
154,2876.921959,1212,8942,1999-01-03 00:00:00,2025-04-19 13:31:41,2631.476115
202,2871.737651,1006,7367,2005-07-20 00:00:00,2025-05-18 15:59:12,2685.544433
224,2863.765654,943,7344,2002-02-24 00:00:00,2025-04-26 18:14:15,2679.653256
158,2857.47164,1165,7990,1997-01-03 00:00:00,2025-05-18 12:10:47,2654.01095
2469,2853.192516,154,1123,2019-04-01 01:30:31,2025-04-19 13:31:41,2698.737922
666,2853.056496,352,2509,2011-09-05 06:37:39,2025-04-25 09:12:57,2684.060947
1044,2851.21014,451,3044,2012-09-06 12:42:07,2025-04-29 09:11:02,2686.264567
2411,2850.022436,76,254,2018-09-15 09:00:02,2025-05-24 02:12:40,2821.969163
1982,2849.422183,241,1626,2015-10-20 12:58:33,2025-04-29 13:28:56,2763.119266
89,2847.781737,294,1736,2010-08-01 10:00:00,2025-04-21 13:32:07,2597.532096
608,2847.24768,395,2541,2011-06-19 13:58:53,2025-04-15 10:02:12,2649.254356
906,2845.902073,509,3343,2012-02-27 11:42:20,2025-04-22 18:26:11,2680.877611
19,2843.862829,712,4729,2004-10-02 00:00:00,2025-04-26 18:14:15,2581.46878
2498,2839.971597,157,1030,2019-05-19 18:46:38,2025-04-25 13:21:52,2677.581571
85,2839.892163,755,5093,2010-08-01 10:00:00,2025-04-12 09:03:29,2701.434675
200,2836.823169,678,4729,2005-03-26 00:00:00,2022-10-10 12:02:11,2685.076866
90,2836.298305,420,2736,2010-08-01 10:00:00,2025-04-20 09:02:17,2562.807707
2166,2835.872427,251,1569,2017-02-13 12:41:23,2025-04-16 09:58:56,2672.625641
1417,2834.84085,199,1338,2013-10-21 04:37:20,2025-04-20 13:32:10,2590.141653
1108,2833.607533,287,1885,2012-09-24 07:23:55,2025-04-15 10:02:12,2644.650589
1257,2833.389674,222,1425,2013-06-13 05:00:49,2025-04-26 13:15:29,2703.302994
47,2830.294807,764,4985,2002-10-04 00:00:00,2025-04-19 08:59:07,2633.161148
2470,2826.262353,152,933,2019-04-10 14:04:18,2025-04-15 10:02:12,2685.012331
68,2826.169585,1122,7469,1999-01-03 00:00:00,2025-04-23 13:33:35,2657.717493
1485,2826.060237,305,1372,2014-03-05 04:42:13,2025-05-25 06:59:44,2720.960903
81,2825.390128,489,3528,2008-03-23 00:00:00,2025-05-18 15:59:12,2636.300904
507,2824.650723,345,2410,2009-03-30 00:00:00,2024-02-12 14:58:49,2632.134248
2793,2824.325863,87,278,2021-08-10 15:00:52,2023-11-19 18:55:24,2810.263415
118,2821.896718,838,5785,2002-10-04 00:00:00,2025-04-21 17:53:17,2640.13549
125,2820.446007,807,5707,1997-01-03 00:00:00,2025-04-16 09:58:56,2628.20216
30,2819.604556,1208,8330,1997-01-03 00:00:00,2025-04-13 13:32:40,2664.720754
45,2815.9615,457,3183,2010-08-01 10:00:00,2025-04-11 13:23:43,2674.691894
13,2815.526324,440,3515,1993-02-22 00:00:00,2012-10-06 16:08:03,2693.214131
295,2814.38016,376,2676,2006-03-20 00:00:00,2022-11-26 19:01:07,2627.43987
4,2813.668468,834,6155,1998-01-02 00:00:00,2025-04-13 09:03:29,2720.957755
109,2811.362818,319,1934,2010-08-01 10:00:00,2024-02-29 13:50:43,2665.949684
1383,2810.784166,83,536,2013-09-24 07:12:06,2025-04-16 09:58:56,2722.342461
9,2810.284055,860,6434,1995-10-16 00:00:00,2025-04-16 09:58:56,2721.753738
2,2809.029628,1025,7493,1999-01-03 00:00:00,2025-04-14 09:01:35,2658.756095
546,2808.688784,634,4211,2004-10-02 00:00:00,2025-04-15 10:02:12,2639.109169
217,2807.395679,546,3922,2008-07-08 00:00:00,2025-04-14 09:01:35,2645.688766
1323,2807.010236,319,1824,2013-08-14 15:39:09,2025-05-31 17:02:45,2640.840641
236,2806.088685,75,307,2010-08-01 10:00:00,2025-02-09 09:01:55,2738.056428
22,2805.714905,683,4731,2010-08-01 10:00:00,2025-04-12 09:03:29,2731.342463
2758,2804.44348,96,623,2020-08-04 08:00:46,2025-04-13 13:32:40,2642.695693
208,2803.883658,473,3298,2010-07-19 00:00:00,2025-04-13 09:05:04,2594.535633
2607,2801.589315,95,564,2019-10-24 17:08:11,2025-04-16 09:58:56,2696.303966
605,2799.409664,325,1781,2011-06-19 10:29:34,2025-04-11 09:10:02,2621.396947
1981,2799.319494,100,603,2015-10-19 05:49:29,2025-04-03 04:18:55,2730.769826
93,2798.898129,669,4536,2002-10-04 00:00:00,2025-04-16 09:58:56,2627.983443
62,2798.612396,1044,7007,2001-02-20 00:00:00,2025-04-15 10:02:12,2670.115573
2611,2797.652125,65,408,2019-10-24 17:04:02,2025-04-09 13:30:22,2819.534312
905,2796.741736,342,2304,2012-02-27 06:28:25,2025-04-13 09:03:29,2666.552533
2066,2795.184769,71,446,2016-07-06 03:56:36,2025-04-12 09:03:29,2746.918174
15,2794.551414,958,6530,1992-01-01 00:00:00,2025-04-13 09:05:04,2700.482128
448,2792.540086,356,2187,2010-10-28 00:00:00,2025-04-14 09:01:35,2694.038927
87,2792.478354,444,2928,2010-08-01 10:00:00,2025-06-01 09:01:36,2677.128174
521,2792.099706,114,702,2011-05-11 18:07:13,2025-04-02 22:01:09,2622.113816
32,2791.6008,486,3264,2008-07-08 00:00:00,2025-04-22 08:57:24,2629.195781
239,2791.532603,302,1905,2010-08-01 10:00:00,2025-05-26 09:00:00,2652.436388
52,2791.273683,972,7081,1996-01-01 00:00:00,2025-02-24 05:49:49,2677.784581
2117,2790.980234,68,239,2016-09-28 11:13:03,2025-05-24 06:15:15,2767.862691
1407,2790.304055,225,1540,2013-10-20 10:39:17,2025-04-13 13:32:40,2654.588764
585,2789.758392,115,791,2012-06-05 08:58:49,2025-05-23 13:08:17,2712.883951
67,2788.984284,452,2959,2009-01-21 00:00:00,2025-06-01 09:01:36,2635.570369
592,2788.888781,386,2483,2011-06-18 19:20:08,2025-04-11 09:03:41,2617.032999
1829,2788.193875,274,1214,2015-07-18 09:35:47,2025-05-27 03:49:17,2739.565256
2119,2788.058492,121,444,2016-09-28 10:52:31,2023-05-14 12:38:04,2759.980179
998,2787.174382,272,1617,2012-08-08 14:45:23,2025-04-14 09:01:35,2730.132186
1763,2785.894746,221,1621,2015-09-07 05:08:46,2025-04-15 10:02:12,2765.018921
894,2785.745926,501,3254,2011-12-10 09:57:06,2025-04-14 09:01:35,2670.711377
306,2784.57924,153,1063,2007-03-25 00:00:00,2020-03-13 14:29:26,2634.455614
954,2784.47923,130,852,2012-06-20 07:40:20,2025-04-16 09:58:56,2649.954564
2616,2784.357315,82,411,2019-10-24 17:04:02,2025-05-27 03:49:17,2761.735921
96,2783.736176,466,3145,2010-08-01 10:00:00,2025-04-13 13:32:40,2651.323367
1889,2783.669232,219,1212,2015-07-18 10:06:05,2025-04-13 13:32:40,2580.804143
908,2782.240737,261,1612,2012-02-27 11:42:20,2022-11-23 19:06:13,2655.155893
128,2781.518566,440,2881,2010-08-01 10:00:00,2025-05-31 13:52:10,2693.346165
1835,2781.492226,172,894,2015-07-18 07:18:14,2025-04-09 09:01:31,2657.309236
2118,2781.068163,116,402,2016-09-28 10:52:31,2023-05-14 12:52:07,2711.501011
3088,2780.040837,48,159,2023-02-28 04:34:07,2025-05-24 09:02:23,2769.346072
8,2779.784112,823,5684,2001-02-20 00:00:00,2025-04-13 09:03:29,2674.831747
61,2779.320276,460,3253,2002-02-11 00:00:00,2022-06-01 17:52:26,2555.577495
171,2777.22804,644,4309,2008-01-03 00:00:00,2024-07-02 18:34:28,2652.539856
184,2777.025806,277,1957,2006-03-20 00:00:00,2018-04-16 08:57:05,2685.829135
1893,2776.173959,118,594,2015-07-18 16:04:12,2025-04-07 13:28:34,2724.731424
2640,2775.12681,49,334,2019-10-24 17:08:11,2025-04-14 09:01:35,2719.588742
2320,2774.825545,199,1134,2018-03-08 13:19:57,2025-04-09 13:30:22,2607.379658
27,2774.68175,725,4833,2002-02-11 00:00:00,2023-12-19 18:53:39,2650.469994
44,2773.590109,686,5652,1990-10-08 00:00:00,2021-04-09 13:23:55,2687.869059
10,2773.499908,545,3755,2006-10-21 00:00:00,2025-04-16 09:58:56,2647.153499
1261,2773.030986,87,553,2013-06-12 13:52:51,2025-04-10 09:01:48,2664.140424
2824,2772.615964,88,270,2022-01-15 09:59:58,2025-05-24 05:20:06,2754.71425
1045,2772.541758,221,1309,2012-09-06 14:49:44,2025-04-11 09:03:41,2624.710559
92,2769.312477,858,5917,1996-01-01 00:00:00,2025-04-14 09:01:35,2634.997684
2557,2767.704291,82,437,2019-06-14 00:00:00,2022-11-23 14:34:31,2743.470511
2788,2766.607703,85,241,2021-08-10 14:57:29,2024-09-07 20:44:57,2747.400347
3085,2765.641672,46,151,2023-02-28 09:42:13,2025-05-25 02:56:09,2742.287051
42,2765.407333,800,6281,1991-10-14 00:00:00,2019-12-20 10:05:28,2730.083381
48,2764.815027,528,3803,2005-02-23 00:00:00,2025-05-30 15:05:21,2604.16209
3461,2764.755005,9,73,2023-10-09 11:32:25,2024-11-03 06:42:59,2778.705499
1509,2763.154753,204,1309,2014-09-01 10:32:20,2025-05-23 13:08:17,2617.694601
680,2763.00799,126,654,2011-09-29 11:15:56,2025-05-26 09:00:00,2665.364054
2634,2761.081807,58,385,2019-10-24 17:04:02,2025-04-12 09:03:29,2723.433619
898,2759.592289,353,2196,2011-12-10 12:40:54,2025-04-15 10:02:12,2655.763937
4139,2759.30585,32,98,2024-10-05 01:09:48,2025-05-24 09:02:23,2750.316609
131,2755.306308,469,3059,2005-02-23 00:00:00,2025-05-29 12:04:28,2613.441429
526,2754.915794,314,2012,2011-05-14 12:33:54,2025-05-31 17:43:30,2658.090186
549,2754.11418,246,1963,1993-10-18 00:00:00,2025-03-20 16:27:25,2613.177381
58,2752.970875,325,2090,2009-08-01 10:00:00,2025-04-13 09:05:04,2646.71721
168,2752.575844,1105,7575,1997-01-03 00:00:00,2025-05-09 11:01:02,2701.459622
33,2752.411416,798,5547,1992-06-20 00:00:00,2025-05-10 14:19:21,2644.855839
28,2751.154537,836,5856,1992-06-20 00:00:00,2023-02-13 10:00:51,2650.414198
1923,2749.999401,143,832,2015-08-27 07:31:09,2025-04-10 09:01:48,2641.330132
53,2749.616595,292,2463,1994-10-10 00:00:00,2016-07-05 04:52:55,2672.641737
3534,2749.268178,46,253,2023-10-21 10:26:38,2025-04-07 09:03:01,2730.995377
193,2749.083878,511,4286,1989-08-17 00:00:00,2023-03-09 04:00:51,2698.829874
106,2748.879259,345,2208,2010-08-01 10:00:00,2025-04-11 09:03:41,2592.488532
1082,2748.596421,254,1489,2012-10-18 14:54:22,2024-01-29 18:57:19,2647.970079
733,2748.494433,190,923,2011-10-05 14:13:13,2025-05-30 09:03:55,2667.036371
582,2748.125437,280,2004,2011-06-20 15:41:31,2023-04-07 08:48:15,2648.833994
21,2748.051314,520,3813,1997-01-03 00:00:00,2025-05-31 12:58:14,2721.532892
593,2747.610753,302,1997,2011-06-18 19:20:08,2025-05-31 08:40:59,2618.401811
2169,2747.112765,138,419,2017-02-18 09:30:40,2024-01-31 11:33:02,2672.47781
724,2746.928953,322,1911,2011-09-21 17:32:53,2025-05-31 17:04:39,2638.800751
49,2745.896422,358,2211,2010-08-01 10:00:00,2025-04-12 09:03:29,2617.812071
2608,2745.594603,61,374,2019-10-24 17:04:02,2025-05-23 05:28:53,2696.379897
18,2744.484722,149,1001,2010-08-01 10:00:00,2025-05-07 18:13:47,2609.562602
25,2743.598753,643,4482,1998-01-02 00:00:00,2025-05-31 08:40:59,2645.582104
2125,2742.553519,94,323,2016-09-28 10:24:59,2025-05-24 02:12:40,2699.111814
621,2741.552162,314,1904,2011-06-21 08:16:14,2025-04-13 09:05:04,2593.418392
2121,2740.97506,264,1036,2016-09-28 11:29:50,2025-05-25 02:56:09,2755.671246
115,2740.741325,744,5502,1992-01-01 00:00:00,2025-05-30 12:26:03,2624.041116
1465,2740.575363,87,476,2014-02-06 11:29:04,2025-04-11 18:28:35,2641.89682
2895,2740.062793,43,207,2022-05-16 10:25:45,2025-05-20 02:50:44,2725.261165
2171,2739.850911,82,275,2017-03-13 07:54:56,2025-05-24 09:35:59,2677.673997
2655,2739.415505,67,357,2019-11-16 14:00:04,2025-04-08 09:17:36,2707.989714
37,2738.373771,536,3770,1992-01-14 00:00:00,2025-05-30 09:03:55,2623.246809
616,2737.216674,198,1112,2011-06-19 17:16:36,2025-05-30 12:12:26,2677.981434
1577,2736.968564,44,326,2014-09-01 05:53:11,2023-03-08 06:29:02,2733.3022
2533,2736.719838,14,58,2019-06-20 03:50:12,2025-05-24 09:02:23,2725.283879
2754,2736.438454,92,573,2020-08-03 18:55:41,2025-04-11 09:03:41,2697.640991
6,2736.213294,553,3919,1991-03-22 00:00:00,2025-05-31 17:02:45,2612.158403
497,2735.155581,288,1821,2009-01-21 00:00:00,2023-04-07 08:48:15,2677.591567
175,2733.365394,406,2031,2010-08-01 10:00:00,2025-05-24 09:02:23,2526.332268
3151,2733.352116,15,75,2023-06-02 03:00:35,2025-05-18 13:10:53,2719.76337
2803,2733.349235,100,511,2021-11-19 12:19:10,2025-05-30 09:09:42,2646.269964
2182,2732.166932,32,132,2017-03-13 07:50:57,2023-03-02 07:19:29,2600
1812,2732.158022,190,864,2015-07-30 09:55:34,2025-05-31 13:58:46,2617.181743
218,2731.580107,504,3419,2006-03-20 00:00:00,2025-05-22 02:53:31,2681.767184
982,2730.83202,193,1017,2012-07-18 18:00:25,2025-05-29 15:19:27,2640.885315
2438,2730.675679,137,725,2019-08-31 07:08:59,2025-04-10 09:01:48,2654.764792
151,2730.465758,354,2187,2010-08-01 10:00:00,2025-05-31 08:40:59,2582.404104
3528,2728.966063,39,165,2023-10-20 10:39:11,2025-03-20 16:27:25,2730.285643
2378,2728.860995,157,777,2018-07-10 13:16:56,2025-05-31 13:02:19,2626.846652
2172,2728.388264,42,143,2017-03-13 07:53:19,2025-05-25 06:59:44,2600
2797,2727.108988,73,381,2021-11-01 16:13:28,2025-05-31 12:54:24,2706.795879
4148,2726.666166,1,6,2024-01-22 00:00:00,2024-01-22 00:00:00,2734.246644
26,2726.620927,385,2355,2010-08-01 10:00:00,2025-04-13 13:32:40,2665.54728
2127,2726.323543,89,307,2016-09-28 11:18:32,2022-04-03 09:13:15,2682.98967
216,2725.903417,172,1197,2010-08-01 10:00:00,2025-05-23 13:08:17,2632.978839
2630,2725.301857,53,337,2019-10-24 17:04:02,2025-05-20 06:10:07,2706.739449
108,2724.695666,257,1779,2008-07-08 00:00:00,2019-06-02 10:45:07,2655.916915
418,2724.131644,43,309,1997-01-03 00:00:00,2025-04-08 09:17:36,2665.431729
475,2723.237382,102,783,2003-01-21 00:00:00,2020-07-26 17:51:13,2611.63247
51,2722.767312,428,3344,1992-03-21 00:00:00,2024-01-26 19:06:20,2680.116293
741,2722.499614,146,815,2011-10-06 15:53:23,2025-04-09 09:01:31,2620.434783
520,2721.320225,301,2259,1997-01-03 00:00:00,2023-05-03 18:06:21,2706.552465
1307,2721.28087,88,470,2013-08-14 11:04:44,2025-04-09 09:01:31,2660.453993
1189,2720.496677,29,185,2013-03-25 07:25:24,2025-03-12 15:05:12,2701.044932
1114,2720.393269,107,658,2012-09-24 11:29:16,2020-08-09 20:07:08,2685.883694
120,2720.277312,468,3058,2010-08-01 10:00:00,2025-04-15 10:02:12,2641.311089
146,2719.48856,319,1685,2010-08-01 10:00:00,2025-05-26 09:00:00,2501.609225
2722,2718.962013,91,424,2020-01-10 00:00:00,2025-05-31 08:40:59,2664.902984
534,2718.749356,249,1600,2008-01-03 00:00:00,2023-06-04 17:58:29,2647.680953
192,2718.726647,51,416,2006-10-21 00:00:00,2013-09-05 05:59:59,2654.490165
63,2717.852254,670,4830,1993-03-13 00:00:00,2024-01-27 19:01:33,2692.370634
1595,2717.390929,65,395,2014-10-20 04:39:18,2022-11-22 10:01:16,2687.758005
2778,2717.121071,81,465,2021-05-27 19:40:36,2025-05-26 09:00:00,2659.906316
2115,2715.708486,74,252,2016-09-28 10:34:04,2025-05-24 05:20:06,2694.939938
190,2715.592481,188,1392,2007-02-24 00:00:00,2016-04-10 09:00:24,2631.229355
14,2715.419206,624,4727,1989-10-09 00:00:00,2022-05-07 20:34:38,2698.848721
1348,2714.848279,60,554,1999-01-03 00:00:00,2020-03-13 10:47:36,2665.085993
2499,2714.675873,147,826,2019-05-19 19:22:55,2025-06-01 09:01:36,2668.984921
2746,2714.167872,87,432,2020-01-10 00:00:00,2025-06-01 09:01:36,2625.879639
2249,2713.867369,112,568,2017-08-22 13:18:18,2025-05-31 17:04:39,2645.214923
552,2713.049191,346,2084,2011-05-14 18:32:35,2025-05-30 15:36:34,2626.366527
1350,2711.883914,72,417,2013-09-02 07:14:53,2025-04-07 09:03:01,2686.949063
523,2711.851171,259,1412,2011-05-12 12:05:20,2024-01-27 13:04:42,2633.221695
1567,2711.488895,124,720,2014-08-21 09:27:05,2025-03-21 06:58:04,2639.003246
65,2711.434112,308,1905,2009-01-21 00:00:00,2025-06-01 09:01:36,2625.725392
177,2711.150752,543,4033,1990-10-08 00:00:00,2024-01-25 19:00:39,2667.58763
163,2710.853011,182,978,2010-08-01 10:00:00,2025-04-10 09:01:48,2636.980725
3192,2710.538676,39,179,2023-09-15 10:51:41,2025-04-08 09:17:36,2685.747738
35,2710.402614,533,4154,1992-01-14 00:00:00,2019-04-10 09:02:48,2661.360178
102,2709.55408,204,1057,2009-01-21 00:00:00,2025-05-22 18:29:32,2616.470865
2807,2709.424903,70,348,2021-11-19 17:37:33,2025-05-31 08:40:59,2636.917221
2982,2709.238219,67,298,2022-09-02 14:36:26,2025-06-01 09:01:36,2650.329006
1186,2708.90363,131,746,2012-12-13 14:51:46,2025-04-07 09:03:01,2603.983095
74,2708.71556,385,2402,2010-08-01 10:00:00,2024-08-16 17:10:53,2696.52836
2132,2707.972461,72,246,2018-10-25 02:03:40,2025-05-24 09:02:23,2723.51923
1102,2707.003505,48,273,2012-09-24 05:40:11,2018-05-29 14:57:41,2700.137248
2167,2705.863254,59,171,2021-11-27 10:09:55,2025-03-29 17:08:06,2600
3,2705.71791,455,3032,2002-10-04 00:00:00,2019-05-19 19:06:06,2642.343028
2010,2704.85934,202,1003,2016-02-23 15:32:42,2025-05-30 09:03:55,2613.29331
2103,2703.713176,8,46,2016-09-20 11:34:26,2025-05-24 05:14:42,2702.959255
2317,2702.683364,118,579,2005-03-26 00:00:00,2025-06-01 09:01:36,2608.961649
1122,2702.630735,202,956,2012-11-11 14:58:15,2025-05-30 12:16:35,2587.056621
1934,2702.306657,151,884,2009-07-22 00:00:00,2025-05-23 03:00:23,2656.464256
2335,2702.190099,121,575,2018-05-16 15:07:41,2023-05-07 12:33:22,2673.656353
170,2702.099786,871,6838,1991-01-01 00:00:00,2025-05-08 12:53:08,2703.132689
1544,2702.003697,104,534,2014-08-07 10:59:03,2025-06-01 09:01:36,2555.758935
223,2701.727055,224,1928,1988-10-10 00:00:00,2023-05-05 18:00:19,2622.123382
2061,2701.307853,135,732,2016-05-13 14:22:13,2025-04-09 09:01:31,2611.766107
50,2701.301136,605,4074,1999-01-03 00:00:00,2025-05-30 09:03:55,2616.03689
2134,2700.694954,72,436,2016-10-23 01:31:51,2022-11-21 09:58:04,2630.252038
54,2700.680632,407,3057,1994-01-08 00:00:00,2020-07-25 12:29:14,2619.667395
212,2700.171592,643,5847,1979-04-16 00:00:00,2018-01-07 21:19:21,2674.657888
1930,2699.046549,28,154,2015-09-07 06:32:25,2025-05-10 11:12:21,2700.768865
1231,2698.377699,15,82,2013-06-11 05:31:14,2025-05-24 13:50:32,2683.020528
2293,2697.814072,46,165,2017-04-07 00:00:00,2024-09-07 18:35:18,2680.465635
103,2697.536172,200,1848,1995-01-04 00:00:00,2012-04-07 13:36:40,2646.802836
1552,2697.18255,105,605,2014-08-07 07:22:03,2025-05-28 16:42:24,2639.132769
1018,2697.134105,83,402,2012-08-24 07:05:04,2025-05-30 09:03:55,2630.656569
38,2696.346784,519,3666,1993-10-18 00:00:00,2025-05-30 18:14:18,2650.071035
11,2696.254341,342,2554,1993-10-18 00:00:00,2015-05-24 08:41:26,2640.666874
997,2696.112588,81,434,2012-08-08 10:34:29,2020-03-13 08:42:28,2669.184671
2145,2696.099812,110,332,2016-10-08 11:59:32,2024-01-20 12:24:26,2645.388042
1237,2695.982344,132,797,2013-06-11 06:28:59,2025-05-19 11:46:48,2694.500034
2046,2694.545545,31,153,2016-05-12 10:31:19,2025-04-01 06:04:12,2692.667911
947,2694.218942,129,827,2012-06-18 09:11:07,2019-10-25 07:18:18,2630.635268
2439,2693.483719,82,501,2019-10-19 07:39:58,2025-04-10 09:01:48,2638.591274
119,2693.210679,287,1982,1997-01-03 00:00:00,2025-05-28 12:42:39,2690.489465
1111,2693.187725,53,298,2012-09-23 11:30:33,2019-10-24 17:08:11,2650.505229
169,2692.739941,190,1164,2010-08-01 10:00:00,2019-01-26 13:56:36,2627.865992
20,2692.727163,868,7308,1981-04-07 00:00:00,2025-05-08 11:03:00,2664.007301
112,2692.18284,59,323,2009-01-21 00:00:00,2020-08-09 08:00:07,2682.4803
2620,2691.503534,53,311,2019-10-24 17:04:02,2025-05-23 03:00:23,2642.651224
2595,2691.269334,74,356,2019-10-14 12:01:25,2025-05-31 12:58:14,2633.027976
967,2691.099332,38,200,2012-06-19 06:20:40,2019-06-03 19:53:27,2675.188365
2749,2690.475403,69,345,2020-08-04 09:02:08,2025-05-31 17:16:41,2661.243406
3982,2690.263916,22,107,2024-01-29 08:40:25,2025-05-27 11:15:14,2689.052223
983,2690.163568,193,1047,2012-07-18 18:00:25,2022-05-31 09:03:14,2627.018146
2887,2689.939703,17,89,2022-05-17 13:49:10,2025-05-18 05:58:48,2659.500135
580,2689.43968,33,186,2003-10-04 00:00:00,2025-04-01 06:04:12,2663.942002
581,2688.345633,38,197,2009-07-07 00:00:00,2025-05-19 08:03:36,2680.923112
933,2688.187978,170,984,2012-06-18 08:18:35,2022-12-13 19:00:23,2642.95584
2745,2688.160125,75,706,1995-10-16 00:00:00,2005-04-16 00:00:00,2703.313084
34,2688.012541,195,1314,2010-08-01 10:00:00,2016-04-07 09:00:05,2638.020055
1191,2687.307762,129,1308,1996-01-01 00:00:00,2006-04-15 00:00:00,2671.058194
617,2687.282257,39,219,2008-01-03 00:00:00,2012-05-28 17:58:02,2667.310526
1155,2686.742393,34,201,2012-11-06 04:53:12,2019-10-24 17:19:09,2665.976426
3062,2686.429262,42,207,2023-05-27 14:45:08,2025-05-28 15:24:53,2654.095347
132,2686.314952,123,693,2010-08-01 10:00:00,2024-02-09 13:24:33,2608.995927
1093,2686.249327,32,179,2012-09-23 11:30:33,2019-10-24 17:19:09,2600
422,2685.708952,228,1533,1997-01-03 00:00:00,2023-01-07 18:54:35,2656.852894
1201,2685.565944,94,523,2013-05-11 12:14:28,2025-05-29 14:50:58,2643.108056
56,2685.344457,163,1330,1997-01-03 00:00:00,2022-05-05 10:28:11,2661.466605
959,2684.9595,24,129,2012-06-19 06:20:40,2025-05-22 07:18:58,2707.818726
124,2684.567479,147,882,2003-10-04 00:00:00,2019-10-06 09:00:47,2641.257922
2880,2683.297895,95,1005,1992-03-21 00:00:00,2005-04-16 00:00:00,2645.983745
1003,2682.939981,41,210,2012-08-09 15:11:23,2020-08-06 15:56:42,2689.999992
165,2682.89978,206,1005,2010-08-01 10:00:00,2024-11-08 18:44:40,2621.275338
3196,2682.769952,34,140,2023-09-15 12:25:08,2025-03-20 13:09:36,2695.54451
1301,2682.399271,185,876,2013-08-14 08:05:12,2025-05-27 16:21:51,2557.474072
2888,2682.299763,33,156,2022-05-18 09:32:56,2025-04-08 09:17:36,2661.085929
2049,2682.25997,111,597,2016-05-12 17:25:44,2025-05-31 17:10:30,2659.248544
588,2681.824398,140,797,2011-06-20 12:54:01,2021-04-12 13:20:44,2536.153094
4191,2681.649791,26,142,2024-07-15 01:28:26,2025-05-20 02:50:44,2600
138,2681.326939,131,658,2010-08-01 10:00:00,2020-08-08 16:58:41,2570.100554
1819,2680.114058,27,102,2015-07-18 11:09:59,2023-09-24 08:32:31,2600
144,2679.996524,123,776,2008-01-03 00:00:00,2021-12-10 15:24:26,2623.251783
2369,2679.873275,64,223,2018-03-14 00:00:00,2025-05-24 02:12:40,2650.206416
86,2679.750618,118,718,2010-08-01 10:00:00,2014-05-17 18:01:23,2626.419926
498,2679.586773,38,309,2004-02-10 00:00:00,2023-01-08 10:48:20,2615.268877
990,2679.488894,75,376,2012-07-19 12:44:01,2025-03-20 16:27:25,2608.232447
2977,2679.310491,62,277,2022-09-02 12:03:44,2025-05-30 14:59:18,2644.591535
2483,2678.990017,76,364,2019-05-18 13:36:35,2025-05-31 17:02:45,2606.731553
2298,2678.697452,49,233,2017-09-12 04:05:20,2025-05-21 02:59:39,2673.595867
133,2677.920338,213,1326,2010-08-01 10:00:00,2019-05-30 09:57:28,2666.306605
2178,2677.823835,12,58,2017-03-13 07:47:55,2023-03-02 07:22:42,2600
2157,2677.690933,88,465,2017-03-02 11:11:19,2025-05-29 14:38:17,2679.228363
620,2677.092547,253,1564,2011-06-19 22:58:31,2023-06-05 09:04:09,2684.634374
1935,2677.025166,27,196,2015-09-07 06:34:54,2023-07-25 09:01:52,2600
958,2676.978007,65,395,2008-03-23 00:00:00,2019-02-28 13:33:31,2664.21965
76,2676.450696,350,2497,2009-08-01 10:00:00,2021-06-12 08:52:59,2628.968096
391,2676.156399,56,270,2008-01-03 00:00:00,2019-03-16 14:18:07,2632.657035
941,2676.133213,45,267,2012-06-18 09:11:07,2019-06-01 17:06:50,2642.301162
31,2675.407213,392,3079,1991-10-14 00:00:00,2015-02-28 08:16:23,2701.358359
1578,2675.291746,57,402,2014-09-01 06:40:43,2017-12-20 10:02:29,2760.342707
283,2674.788344,67,521,2002-10-04 00:00:00,2019-10-24 17:16:13,2596.42596
1433,2674.608538,108,545,2013-11-07 19:01:04,2024-08-15 14:44:18,2611.27829
41,2674.543265,395,3059,1985-10-19 00:00:00,2025-05-09 12:42:45,2646.075608
2345,2674.270533,98,457,2018-05-14 10:38:37,2025-05-28 17:21:45,2636.731158
3645,2673.374736,25,117,2023-10-13 15:41:59,2025-04-01 22:03:17,2600
3242,2673.363157,76,700,1986-10-18 00:00:00,2000-01-03 00:00:00,2601.587345
886,2673.318187,69,366,2011-11-27 14:56:50,2025-05-29 12:04:28,2600.767329
179,2673.00999,108,1044,1993-10-18 00:00:00,2011-03-03 00:00:00,2605.024319
43,2672.827478,176,1310,2006-03-20 00:00:00,2014-10-20 08:06:20,2660.421008
78,2672.541518,52,420,2005-10-31 00:00:00,2011-05-26 15:15:49,2664.281712
1322,2672.473987,63,320,2013-08-14 15:39:09,2018-05-28 12:51:16,2650.364091
1101,2672.124085,70,451,2012-09-24 05:40:11,2019-04-12 13:32:11,2640.11119
2352,2671.976346,55,333,2018-05-14 15:06:05,2023-06-04 08:04:49,2668.132453
135,2671.908143,100,531,2010-08-01 10:00:00,2018-10-13 16:27:37,2595.046064
2669,2671.899313,37,97,2019-11-23 10:03:31,2023-09-23 17:57:11,2600
1211,2671.704188,47,257,2013-05-13 11:59:41,2016-05-19 10:57:59,2640.694678
2074,2671.568884,106,512,2016-08-25 08:12:04,2025-05-28 12:47:13,2589.299331
1262,2671.376878,28,123,2013-07-08 00:03:36,2025-04-01 22:03:17,2600
613,2671.279093,122,597,2011-06-19 13:48:57,2025-05-30 15:36:34,2507.027605
225,2671.208966,65,380,1997-01-03 00:00:00,2025-05-31 13:02:19,2605.310752
1479,2671.027502,48,240,2014-03-04 05:00:52,2025-05-21 08:25:30,2651.927719
3220,2670.949261,50,561,1992-06-20 00:00:00,2002-11-09 00:00:00,2677.2037
234,2670.109841,48,256,2010-08-01 10:00:00,2018-03-08 16:16:37,2683.70395
1188,2669.842413,55,364,2013-09-02 07:29:24,2023-12-19 09:53:21,2689.863771
7,2669.610692,131,1061,1995-01-04 00:00:00,2012-04-14 13:31:34,2606.883057
4031,2669.566414,15,70,2024-07-19 10:08:04,2025-05-22 02:53:31,2600
186,2669.557138,59,356,2010-08-01 10:00:00,2025-02-08 10:08:20,2620.876284
3199,2669.302872,35,156,2023-09-15 13:53:03,2025-05-27 18:28:58,2665.23842
1828,2669.009312,117,509,2015-07-18 13:02:25,2025-05-26 04:26:45,2790.894622
2055,2668.966086,140,732,2016-05-13 08:03:00,2025-05-30 19:53:59,2610.927145
2340,2668.730448,153,662,2018-05-14 08:40:30,2025-05-29 17:42:06,2619.567407
23,2668.580185,395,2575,1997-01-03 00:00:00,2021-06-11 14:33:54,2563.479423
3638,2668.504159,24,108,2023-10-13 15:41:59,2025-04-01 22:03:17,2600
130,2668.161671,163,1432,1996-12-09 00:00:00,2013-05-19 18:03:59,2659.495612
46,2667.847104,111,878,2003-11-08 00:00:00,2012-04-09 13:30:50,2644.266785
615,2667.745898,85,493,2011-06-19 14:57:02,2019-06-12 12:03:10,2610.62583
910,2667.737037,78,474,2012-03-26 12:03:59,2021-06-09 08:00:39,2652.478129
55,2667.61593,164,1329,1997-01-03 00:00:00,2012-11-29 14:27:03,2613.085038
2931,2667.486938,24,174,2022-06-01 11:06:44,2025-04-09 13:30:22,2650.815513
323,2667.244793,86,623,2007-02-24 00:00:00,2019-09-05 07:09:27,2692.439394
519,2666.942056,146,792,2002-02-11 00:00:00,2025-05-28 14:53:21,2646.803259
3641,2666.745022,17,73,2023-10-13 15:41:59,2025-04-02 02:23:49,2600
2081,2666.488188,130,563,2016-08-24 13:54:25,2025-05-28 18:05:19,2600.853845
1090,2666.080553,46,235,2012-09-23 11:30:33,2025-05-20 04:45:30,2626.864099
940,2666.006623,29,168,2005-03-26 00:00:00,2019-06-10 09:00:02,2600
79,2665.612661,265,1627,2008-01-03 00:00:00,2025-05-29 09:05:07,2609.172584
104,2665.434167,96,597,2010-08-01 10:00:00,2020-07-21 18:03:30,2648.384166
3678,2665.211086,15,74,2023-10-16 17:24:32,2024-09-27 23:09:53,2600
2601,2665.124573,42,136,2019-10-16 23:01:34,2025-01-25 07:52:29,2600
3683,2665.049581,14,66,2023-10-16 17:24:32,2024-09-28 23:45:42,2600
80,2665.021772,60,323,2010-08-01 10:00:00,2018-05-26 17:47:16,2649.246803
123,2664.771129,127,778,2009-01-21 00:00:00,2024-01-26 10:30:53,2569.805304
3663,2663.055332,14,64,2023-10-16 17:24:32,2024-09-27 23:09:53,2600
2392,2662.982524,59,276,2018-08-22 08:16:10,2025-05-28 07:59:30,2624.352075
204,2662.890087,220,1874,1994-01-08 00:00:00,2023-04-03 13:18:38,2663.867658
2963,2662.766959,51,232,2022-08-23 00:00:00,2025-05-27 17:52:30,2626.845259
804,2662.668784,162,1470,1987-10-17 00:00:00,2015-12-22 12:12:24,2665.004305
2291,2662.593022,13,101,2009-07-07 00:00:00,2017-09-06 11:36:07,2600
339,2662.430721,34,200,2010-08-01 10:00:00,2019-10-24 17:04:02,2637.659063
764,2662.418876,30,152,2014-05-10 18:23:38,2017-05-20 08:03:33,2600
1166,2662.337893,95,1051,1992-02-17 00:00:00,2008-02-11 00:00:00,2706.004906
1470,2662.118557,39,184,2014-02-06 13:05:19,2025-05-28 14:53:21,2646.944111
269,2662.092752,164,956,2010-08-01 10:00:00,2017-05-19 17:20:12,2640.079144
4429,2661.779758,8,41,2024-09-26 00:13:15,2024-09-28 23:45:42,2600
723,2661.746561,61,337,2011-09-21 15:35:34,2016-05-17 10:18:05,2629.829691
194,2661.552231,114,1029,1997-01-03 00:00:00,2019-05-24 18:32:39,2635.479911
2274,2661.420776,134,617,2017-08-23 08:04:45,2025-05-29 15:20:34,2630.717639
149,2661.359873,98,516,2010-08-01 10:00:00,2018-05-27 17:40:27,2610.095939
1160,2660.853596,18,96,2012-11-05 11:33:05,2021-06-12 12:16:06,2682.879751
3389,2660.849916,10,142,1992-03-21 00:00:00,1997-01-03 00:00:00,2600
91,2660.81345,59,339,2005-07-20 00:00:00,2018-08-24 09:25:19,2586.341723
2767,2660.518753,80,451,2021-05-28 15:39:42,2025-05-31 08:40:59,2576.557952
77,2660.37277,67,362,2010-08-01 10:00:00,2024-01-06 08:01:58,2630.748726
2784,2659.965475,17,82,2021-05-28 13:27:37,2025-05-28 07:59:30,2679.953003
1394,2659.521587,40,178,2013-10-03 13:21:52,2025-03-20 11:46:31,2656.185415
296,2659.41461,137,920,2008-07-29 00:00:00,2019-10-24 17:08:11,2694.58833
3885,2659.200615,12,49,2024-01-29 08:40:25,2024-02-09 19:08:06,2600
4143,2659.15416,12,50,2024-03-12 08:26:40,2025-05-26 08:59:52,2600
550,2658.865534,162,809,2011-05-13 15:15:32,2025-05-30 11:51:21,2550.073754
1991,2658.637042,88,499,2015-12-10 13:03:48,2025-05-22 04:45:50,2559.954972
1653,2658.60499,37,348,1993-10-18 00:00:00,2016-05-21 17:49:08,2625.579922
2747,2658.595789,70,338,2020-07-21 12:33:48,2025-05-30 15:36:34,2639.838977
966,2658.305502,28,150,2012-06-19 12:26:13,2019-10-24 17:19:09,2600
3256,2658.205356,22,292,1992-03-21 00:00:00,2001-02-20 00:00:00,2630.711695
75,2657.967801,40,226,1998-01-02 00:00:00,2023-11-09 16:00:53,2652.201474
3537,2656.565031,15,62,2023-10-16 17:12:47,2025-01-26 06:50:56,2600
226,2656.29409,41,218,2005-03-26 00:00:00,2025-03-11 11:04:13,2628.845365
2882,2656.063428,21,99,2022-04-05 13:43:44,2025-05-30 17:58:28,2665.328958
505,2655.181923,68,585,2001-02-20 00:00:00,2011-12-17 11:21:29,2618.638222
2877,2655.088215,194,2064,1979-04-16 00:00:00,1997-04-19 00:00:00,2667.023553
768,2654.749822,29,153,2011-10-20 11:06:22,2017-11-20 16:26:32,2600
82,2654.654345,128,749,2010-08-01 10:00:00,2017-04-12 11:00:22,2637.154751
1682,2654.522322,19,88,2015-02-25 18:08:38,2025-03-20 11:46:31,2600
2507,2654.315288,131,679,2019-05-21 08:00:18,2025-04-10 09:01:48,2636.742525
1860,2654.062068,13,66,2015-07-18 16:04:12,2025-03-21 06:58:04,2600
511,2653.919923,31,167,2010-03-29 00:00:00,2019-08-16 09:08:24,2600
1177,2653.643192,154,765,2012-12-13 09:03:29,2025-03-20 13:09:36,2636.970991
2755,2653.539741,74,325,2020-08-03 19:03:50,2025-05-28 10:35:33,2592.356432
3023,2653.486219,10,49,2023-05-04 19:31:15,2025-03-11 14:42:01,2600
2112,2653.465768,18,63,2016-09-28 11:13:03,2020-02-01 16:59:07,2600
2096,2653.352669,11,71,2003-11-08 00:00:00,2018-10-25 14:52:01,2600
2030,2653.171895,95,506,2016-02-24 19:18:19,2025-05-29 12:34:30,2595.468588
762,2653.140223,101,608,2011-10-20 11:06:22,2019-05-30 13:10:25,2631.825064
518,2653.101241,24,127,2011-05-11 09:11:48,2020-08-09 14:15:10,2600
633,2652.749505,110,557,2011-08-25 13:14:52,2020-03-01 14:55:33,2625.24145
57,2652.710048,112,769,2002-10-04 00:00:00,2014-05-17 09:07:44,2577.740747
500,2652.505383,63,671,1997-01-03 00:00:00,2013-05-18 13:54:14,2621.20785
2751,2652.493454,70,361,2020-08-03 14:28:20,2025-05-27 10:17:17,2635.914592
911,2652.236674,34,186,2012-05-13 09:28:46,2025-04-01 22:03:17,2643.355208
1167,2652.021669,57,602,1994-01-08 00:00:00,2022-12-10 21:14:04,2667.154296
716,2651.609928,35,344,1992-01-01 00:00:00,2015-12-21 20:06:05,2616.308304
416,2651.309821,200,1105,2010-10-07 00:00:00,2020-08-05 23:49:46,2594.809611
2497,2650.96215,47,256,2019-05-19 17:02:56,2025-04-07 13:28:34,2644.721086
2937,2650.613861,25,130,2022-06-02 09:28:54,2025-05-24 13:50:32,2600
2510,2650.565301,8,41,2019-06-24 03:56:26,2019-06-30 11:21:03,2600
1931,2650.215496,29,337,1994-01-08 00:00:00,2015-09-09 05:22:45,2654.650352
1283,2649.955079,26,161,1994-03-30 00:00:00,2017-04-05 08:42:19,2600
88,2649.409709,36,158,2010-08-01 10:00:00,2025-03-20 11:22:43,2600
917,2649.324992,133,844,2012-05-13 18:19:13,2023-06-03 18:13:15,2651.123032
40,2649.306911,102,550,2010-08-01 10:00:00,2016-05-18 08:01:19,2675.19366
713,2649.169835,18,210,1997-01-03 00:00:00,2011-04-11 00:00:00,2642.542276
1540,2649.06578,25,107,2014-08-07 10:59:03,2017-06-23 08:52:56,2600
802,2648.976517,78,649,1984-10-20 00:00:00,2015-12-22 12:12:24,2629.308486
3640,2648.927383,20,86,2023-10-13 15:41:59,2025-04-01 22:03:17,2600
1538,2648.876175,17,89,2015-07-18 10:06:05,2025-05-23 13:08:17,2600
3244,2648.681145,8,105,1997-01-03 00:00:00,2001-02-20 00:00:00,2600
2170,2648.456627,57,184,2017-03-13 07:54:14,2025-05-23 04:21:36,2615.80792
3286,2648.115528,9,141,1995-01-04 00:00:00,1998-01-02 00:00:00,2600
2943,2647.833713,11,60,2022-06-02 12:09:49,2023-06-09 06:00:13,2600
412,2647.464211,167,947,2010-10-07 00:00:00,2021-06-12 08:52:59,2576.709822
1165,2647.386263,25,330,1997-01-03 00:00:00,2008-01-03 00:00:00,2623.385276
510,2647.29883,67,410,2010-03-29 00:00:00,2017-05-15 07:58:22,2634.057082
64,2646.665418,109,966,1997-01-03 00:00:00,2011-11-12 13:26:42,2680.318988
3210,2646.46892,15,166,2002-02-11 00:00:00,2004-02-10 00:00:00,2600
3261,2646.157475,109,946,1987-10-17 00:00:00,2000-03-28 00:00:00,2669.567459
3653,2646.038759,14,59,2023-10-16 17:24:32,2024-09-28 02:18:06,2600
840,2645.557412,52,247,2011-11-10 14:13:12,2025-05-29 09:05:07,2632.778823
2766,2645.515709,53,242,2021-05-28 08:13:07,2025-05-30 15:01:10,2611.067152
1762,2645.066075,77,505,2015-10-02 08:23:37,2025-05-21 02:59:39,2629.72886
1263,2644.9655,48,312,2013-07-18 11:32:25,2015-07-24 09:16:08,2618.933278
509,2644.940706,27,145,2009-03-30 00:00:00,2019-10-24 17:04:02,2600
1498,2644.881538,30,161,2014-05-12 08:58:33,2025-05-27 08:00:56,2600
978,2644.851812,8,69,2012-07-02 07:13:26,2012-07-06 05:10:20,2600
153,2644.847615,647,6049,1986-04-19 00:00:00,2024-01-25 13:00:51,2727.718511
3270,2644.802008,9,122,1996-01-01 00:00:00,1999-01-03 00:00:00,2600
1897,2644.063913,12,55,2015-07-18 13:10:29,2022-07-17 17:32:39,2600
1426,2644.00741,76,775,1992-10-12 00:00:00,2014-12-20 15:30:45,2663.21659
1779,2643.995916,8,43,2015-06-15 05:59:40,2015-06-21 11:35:02,2600
3209,2643.862354,49,527,1992-02-17 00:00:00,2004-02-10 00:00:00,2652.013668
1097,2643.849635,12,63,2012-09-24 05:42:09,2025-05-22 02:53:31,2600
1627,2643.512976,23,129,2015-05-14 13:05:37,2018-07-11 11:00:39,2600
207,2643.220652,32,363,1996-10-16 00:00:00,2013-10-03 12:39:43,2636.937238
1886,2643.173573,31,163,2015-07-18 12:18:50,2025-05-31 08:40:59,2600
1721,2643.163942,19,89,2015-04-10 08:35:40,2025-05-19 02:57:47,2600
2801,2642.977933,26,118,2021-11-19 10:04:55,2023-06-03 10:18:11,2600
2327,2642.95351,19,112,2018-03-21 20:58:20,2025-05-11 10:59:09,2600
2218,2642.946142,8,46,2017-07-03 13:28:36,2017-07-09 10:58:11,2600
3260,2642.656995,21,257,1993-10-18 00:00:00,2000-01-03 00:00:00,2620.362539
2083,2642.59865,28,143,2016-08-24 16:21:02,2025-05-27 18:57:25,2646.744881
2094,2642.252654,14,93,2016-09-05 06:44:39,2025-05-24 05:14:42,2600
159,2642.149571,47,254,2010-08-01 10:00:00,2019-10-05 10:28:09,2623.717686
1932,2641.990402,26,224,1995-03-10 00:00:00,2016-09-07 04:08:10,2611.463997
2091,2641.930743,11,54,2016-08-25 11:55:39,2018-04-18 13:18:59,2600
2628,2641.875819,17,80,2019-10-24 17:04:02,2024-02-09 16:38:44,2600
1655,2641.731174,21,87,2014-12-20 17:01:29,2019-04-10 09:02:48,2600
1240,2641.43928,20,107,2013-06-13 07:08:46,2019-10-24 17:19:09,2600
1298,2641.122866,83,712,1984-10-20 00:00:00,2017-07-27 07:59:45,2649.595252
36,2641.033569,125,1168,1993-02-22 00:00:00,2010-12-14 00:00:00,2643.169858
420,2640.899674,43,232,2010-10-07 00:00:00,2025-03-20 06:53:27,2654.906492
1149,2640.783591,43,263,2012-11-05 06:15:40,2025-04-09 13:30:22,2610.838815
473,2640.620261,20,177,2009-07-07 00:00:00,2016-04-06 13:29:06,2600
206,2640.53352,59,279,1997-01-03 00:00:00,2025-05-28 10:35:33,2588.339597
587,2640.289543,10,87,2008-07-08 00:00:00,2013-02-26 07:24:43,2600
3766,2640.152586,10,40,2024-01-04 12:35:56,2024-01-22 11:47:51,2600
1885,2640.089922,17,95,2015-07-18 16:03:54,2018-03-08 15:02:22,2600
2204,2640.073976,46,240,2017-05-10 16:22:45,2024-02-07 11:07:02,2627.841115
557,2639.954917,69,322,2011-05-13 15:15:32,2025-05-28 17:44:13,2605.362157
1818,2639.713372,8,31,2015-07-19 17:42:54,2015-07-25 15:05:08,2600
3472,2639.639096,12,151,1988-10-10 00:00:00,1992-06-20 00:00:00,2600
3222,2639.235652,38,431,1992-01-14 00:00:00,2003-01-21 00:00:00,2664.271912
2673,2638.433238,35,91,2019-11-23 10:05:02,2022-04-03 09:13:15,2600
977,2638.382719,14,100,2012-11-11 11:16:51,2017-09-06 04:02:44,2600
665,2638.365917,29,167,2000-12-09 00:00:00,2019-10-24 17:04:02,2600
1787,2638.363404,7,37,2015-06-15 04:14:56,2015-06-21 08:41:01,2600
3482,2638.347134,7,76,1992-06-20 00:00:00,1993-03-13 00:00:00,2600
156,2638.296245,214,1080,2010-08-01 10:00:00,2024-08-15 14:39:21,2592.909946
2140,2638.248962,51,158,2016-10-08 11:57:18,2022-10-22 18:57:00,2600
3667,2638.074556,13,60,2023-10-16 17:24:32,2024-09-27 21:33:12,2600
714,2637.90931,78,799,1992-06-20 00:00:00,2011-04-11 00:00:00,2654.168139
1643,2637.876219,36,177,2014-12-11 18:45:52,2025-02-07 11:44:59,2600
2916,2637.854145,14,78,2022-06-01 03:00:16,2025-05-22 07:17:24,2600
1363,2637.806119,26,222,1997-01-03 00:00:00,2023-05-05 19:51:09,2619.14369
2975,2637.779616,36,142,2022-09-02 10:19:51,2025-03-15 14:55:09,2649.006242
3646,2637.616863,9,46,2023-10-16 17:24:32,2023-10-19 18:26:18,2600
2009,2637.338974,19,163,1997-01-03 00:00:00,2016-05-19 08:09:44,2600
1737,2637.327753,43,284,2002-10-04 00:00:00,2018-04-12 09:01:55,2643.160314
160,2637.282152,96,457,2010-08-01 10:00:00,2022-01-28 15:40:40,2580.316533
2509,2637.249446,6,32,2019-06-24 06:07:16,2019-06-29 04:39:57,2600
2505,2637.123468,94,796,1991-10-14 00:00:00,2022-01-29 11:16:29,2631.06164
2217,2636.899008,8,43,2017-07-03 11:35:12,2017-07-09 10:58:11,2600
1168,2636.886837,56,408,2002-02-11 00:00:00,2016-05-20 09:15:50,2606.313037
3248,2636.86149,35,440,1988-10-10 00:00:00,2000-01-03 00:00:00,2603.953854
99,2636.808714,68,673,2000-01-03 00:00:00,2013-10-01 08:45:06,2648.633957
922,2636.78142,66,755,1990-01-02 00:00:00,2012-05-26 13:03:24,2603.255684
3187,2636.740957,44,197,2023-09-15 09:12:40,2025-05-27 16:15:28,2624.695494
652,2636.626002,14,76,2011-07-18 03:24:58,2024-10-12 23:50:18,2600
528,2636.183969,108,710,2011-05-12 15:02:42,2016-04-08 09:01:46,2553.896565
499,2636.147159,9,81,2009-01-21 00:00:00,2017-05-16 17:26:44,2600
273,2636.07058,13,87,2006-01-06 00:00:00,2012-10-20 07:33:01,2600
3639,2636.032234,9,40,2023-10-13 15:41:59,2024-10-12 04:12:52,2600
1195,2636.016317,23,277,1997-01-03 00:00:00,2006-01-08 00:00:00,2641.424161
3963,2635.541307,8,31,2024-01-26 05:07:39,2025-01-26 03:02:43,2600
3221,2635.525356,31,381,1994-01-08 00:00:00,2003-01-21 00:00:00,2637.941125
2044,2635.448919,81,379,2016-05-12 10:13:47,2025-05-30 15:36:34,2613.166606
2865,2635.287791,27,121,2022-03-18 15:11:29,2025-05-28 16:48:32,2644.817634
965,2635.266401,19,109,2012-06-19 09:08:55,2019-10-24 17:16:13,2600
1794,2635.032932,13,64,2023-06-03 08:58:30,2024-08-30 20:04:16,2600
235,2634.927475,131,694,2010-08-01 10:00:00,2018-05-26 15:01:03,2606.681928
2379,2634.880416,15,83,2018-08-06 01:31:39,2025-05-23 03:00:23,2600
2782,2634.85798,47,214,2021-05-27 20:21:22,2023-11-11 16:22:13,2630.829786
395,2634.822947,10,53,2010-09-30 00:00:00,2013-11-14 17:23:57,2600
657,2634.682465,100,984,1990-01-02 00:00:00,2011-10-08 14:03:26,2652.313999
1854,2634.615078,10,52,2015-07-18 07:18:14,2016-08-26 11:51:05,2600
3470,2634.568329,5,79,1992-06-20 00:00:00,1993-04-17 00:00:00,2600
2932,2634.408794,14,80,2022-06-01 11:06:44,2025-05-21 02:59:39,2600
1770,2634.07289,7,37,2015-06-15 11:28:31,2015-06-21 04:56:34,2600
2078,2634.058088,20,112,2016-08-24 13:54:25,2022-05-29 10:22:52,2600
1659,2634.042545,57,447,1994-01-08 00:00:00,2025-02-07 19:49:34,2617.773066
439,2633.99384,14,132,2003-10-04 00:00:00,2020-08-08 14:02:51,2600
3266,2633.885117,12,171,1994-03-04 00:00:00,1999-01-03 00:00:00,2600
952,2633.753368,29,162,2012-06-18 11:58:40,2018-05-29 17:47:19,2600
564,2633.718664,7,36,2011-07-11 14:16:55,2011-07-17 14:37:09,2600
2188,2633.622645,25,136,2017-05-09 12:22:18,2020-01-10 00:00:00,2600
3063,2633.602466,28,116,2023-01-06 13:17:14,2025-05-27 16:47:35,2650.487738
907,2633.229082,23,144,2012-02-27 11:42:20,2013-10-22 02:14:44,2600
522,2633.197253,186,941,2011-05-11 18:07:13,2025-05-30 15:36:34,2630.804211
726,2632.9984,30,151,2011-09-21 17:32:53,2025-02-08 12:46:37,2600
4710,2632.965988,9,52,2025-05-14 02:58:58,2025-05-23 05:28:53,2600
2275,2632.797557,67,314,2017-08-23 10:05:02,2025-05-30 17:58:28,2583.090691
3028,2632.748654,21,83,2022-11-25 11:02:15,2025-03-20 16:27:25,2600
3243,2632.53694,11,124,1997-01-03 00:00:00,2001-02-20 00:00:00,2600
1844,2632.46042,37,249,2015-07-18 16:04:30,2025-04-09 09:01:31,2606.709463
3445,2632.40261,41,465,1980-05-22 00:00:00,1995-04-01 00:00:00,2584.064754
920,2632.321556,101,515,2012-05-14 09:17:05,2020-08-06 12:01:08,2624.338229
3105,2632.274229,5,29,2023-02-25 03:14:21,2023-02-27 03:58:12,2600
1303,2632.213225,35,189,2013-08-14 13:21:05,2018-05-26 18:00:23,2600
69,2632.169298,153,922,2005-10-08 00:00:00,2016-02-27 14:10:29,2579.100985
3208,2632.053594,23,271,1997-01-03 00:00:00,2004-02-10 00:00:00,2654.83176
2870,2632.050294,89,1015,1979-04-16 00:00:00,1999-01-03 00:00:00,2605.684844
3269,2632.033121,50,485,1988-10-10 00:00:00,1999-01-03 00:00:00,2626.37766
3449,2631.969512,114,1250,1975-01-13 00:00:00,1993-03-13 00:00:00,2613.812456
83,2631.954338,72,709,1993-03-13 00:00:00,2014-05-18 10:33:44,2598.428502
2508,2631.817215,7,34,2019-06-24 11:31:38,2019-06-30 04:38:03,2600
4205,2631.525105,15,65,2024-05-21 10:05:20,2025-05-19 04:27:40,2600
1052,2631.483641,46,513,1987-02-15 00:00:00,2014-12-20 12:52:42,2588.849171
3511,2631.386898,8,98,1990-10-08 00:00:00,1992-03-21 00:00:00,2600
476,2631.255966,14,125,2007-02-24 00:00:00,2012-12-14 12:49:07,2600
4230,2631.243912,10,48,2024-05-21 12:51:49,2025-01-19 07:56:48,2600
143,2631.225215,159,1030,1994-01-08 00:00:00,2025-05-28 12:47:13,2586.496102
3838,2630.848699,5,24,2024-02-24 02:01:03,2024-12-15 20:29:54,2600
2872,2630.730699,15,199,1992-03-21 00:00:00,2001-02-20 00:00:00,2600
3989,2630.690339,19,78,2024-01-29 15:13:10,2025-05-29 09:05:07,2600
1701,2630.487454,23,101,2015-01-21 02:08:25,2025-04-02 02:23:49,2600
1765,2630.243366,6,30,2015-06-15 11:28:31,2015-06-20 05:08:49,2600
1431,2630.16657,4,17,2013-11-07 19:01:04,2013-11-09 14:46:35,2600
3207,2630.045237,15,170,1993-02-22 00:00:00,2004-02-10 00:00:00,2600
427,2630.034221,15,90,2010-07-24 00:00:00,2015-04-11 08:41:14,2600
3296,2629.970693,16,185,1992-01-14 00:00:00,1998-01-02 00:00:00,2600
539,2629.635538,43,228,2011-05-12 18:14:10,2012-11-26 14:40:28,2626.788022
2474,2629.550281,6,21,2019-04-13 08:53:35,2019-04-14 13:46:47,2600
3975,2629.544973,8,36,2024-01-29 08:33:23,2024-02-01 17:02:42,2600
1939,2629.409415,44,206,2015-10-07 11:34:32,2022-03-19 12:54:39,2612.789479
2479,2629.284121,49,266,2019-05-18 09:51:04,2023-06-03 10:40:11,2610.301939
2129,2629.257329,8,33,2017-02-18 12:01:12,2017-04-10 00:00:00,2600
4233,2629.188336,5,33,2024-06-29 07:11:08,2024-06-30 16:21:52,2600
4718,2629.172348,6,32,2025-05-13 06:40:43,2025-05-22 02:53:31,2600
3788,2629.168169,10,43,2024-01-04 05:29:25,2024-07-20 08:40:39,2600
197,2629.137547,112,683,2007-02-24 00:00:00,2021-12-11 10:00:25,2605.119965
2768,2629.013404,38,179,2021-05-27 10:34:35,2024-11-08 21:40:37,2603.881069
1504,2628.973716,13,74,2014-05-12 12:18:43,2014-09-22 18:31:53,2600
423,2628.947446,144,753,2010-10-07 00:00:00,2023-12-16 14:09:39,2628.031022
2560,2628.45085,6,29,2019-06-30 22:59:11,2019-07-01 00:16:20,2600
651,2628.273964,9,32,2011-09-16 23:00:36,2024-03-07 00:00:00,2600
2156,2628.203777,70,348,2017-03-02 11:11:19,2025-05-30 17:40:50,2577.075739
2830,2628.092355,17,57,2022-02-11 10:21:48,2025-02-08 14:54:39,2600
2226,2628.063565,7,36,2017-07-03 04:43:11,2017-07-09 05:06:12,2600
1190,2628.048317,27,326,1992-06-20 00:00:00,2019-05-30 16:14:19,2620.235544
1753,2627.956228,26,269,1994-01-08 00:00:00,2016-05-20 09:15:50,2566.832216
3664,2627.834252,8,38,2023-10-16 17:24:32,2023-10-19 17:54:44,2600
3880,2627.780878,6,30,2024-02-03 10:59:23,2024-02-09 16:37:57,2600
134,2627.703648,37,196,2010-08-01 10:00:00,2011-10-21 11:11:30,2600
936,2627.456656,20,112,2012-06-18 08:18:35,2020-01-10 00:00:00,2600
2973,2627.424077,8,40,2022-09-02 10:19:51,2023-06-03 16:28:35,2600
973,2627.371315,49,285,2012-07-02 09:30:28,2024-02-08 16:56:52,2649.551337
2567,2627.263011,6,30,2019-06-30 22:56:34,2019-07-01 00:17:15,2600
2514,2627.187731,8,42,2019-06-24 06:09:38,2019-06-30 11:21:03,2600
4132,2627.115114,8,31,2024-03-12 06:10:43,2025-05-23 01:33:32,2600
1680,2626.994602,7,39,2015-02-25 16:13:43,2016-02-26 11:45:24,2600
2780,2626.816476,16,90,2002-10-04 00:00:00,2024-11-09 20:50:19,2600
1858,2626.762601,7,40,2015-07-18 16:04:30,2015-07-24 09:16:08,2600
4147,2626.66026,14,39,2024-03-12 09:54:09,2025-03-30 09:03:42,2600
2559,2626.617628,3,14,2019-07-01 00:14:55,2019-07-01 00:17:15,2600
1046,2626.472895,7,36,2024-09-26 00:09:05,2024-09-28 05:41:11,2600
1427,2626.293743,13,62,2013-11-07 16:31:02,2022-09-16 19:27:42,2600
1159,2626.212094,26,146,2012-11-06 11:27:35,2019-10-24 17:19:09,2600
1399,2626.183343,14,76,2014-08-07 10:59:03,2015-10-09 13:37:26,2600
409,2626.183291,141,1373,1986-10-18 00:00:00,2014-12-20 12:52:42,2606.772679
1351,2626.17971,28,156,2013-09-02 06:20:49,2025-05-21 02:59:39,2600
3439,2626.104784,6,80,1996-01-01 00:00:00,1997-01-03 00:00:00,2600
474,2626.077687,34,317,2002-02-11 00:00:00,2017-09-06 06:30:38,2617.919897
963,2625.987965,17,110,1997-09-17 00:00:00,2014-10-23 04:49:31,2600
2926,2625.916574,8,46,2022-06-01 12:10:49,2023-03-07 04:00:42,2600
495,2625.812839,14,162,2003-10-04 00:00:00,2010-07-19 00:00:00,2600
173,2625.795919,121,1190,1991-10-14 00:00:00,2021-06-10 07:58:31,2636.944539
2923,2625.786203,17,83,2022-06-01 11:03:57,2025-05-19 11:57:42,2600
2351,2625.711639,12,51,2018-05-14 13:43:51,2018-09-18 14:33:51,2600
3583,2625.707998,15,64,2023-10-13 15:39:11,2025-04-02 02:23:49,2600
2513,2625.686692,6,31,2019-06-24 04:08:15,2019-06-29 04:39:57,2600
1369,2625.547402,9,89,2002-10-04 00:00:00,2016-07-05 03:59:14,2600
3637,2625.499716,19,78,2023-10-13 15:41:59,2025-04-01 22:03:17,2600
653,2625.459469,11,45,2012-05-16 11:27:34,2025-05-07 10:57:17,2600
2909,2625.177961,14,74,2022-06-01 03:00:16,2025-05-21 08:21:19,2600
3254,2625.174451,22,310,1992-06-20 00:00:00,2001-02-20 00:00:00,2644.260124
2912,2625.160233,10,57,2022-06-01 06:24:37,2023-06-10 09:02:16,2600
3206,2625.033925,26,300,1995-01-04 00:00:00,2004-02-10 00:00:00,2595.629793
3200,2624.825635,28,317,2001-02-20 00:00:00,2005-01-25 00:00:00,2618.207606
1559,2624.803694,23,123,2014-08-07 09:27:52,2018-09-19 09:00:01,2600
2064,2624.735955,47,294,2016-05-30 12:02:43,2024-10-12 07:54:16,2542.313422
3917,2624.674346,8,34,2024-02-03 09:00:24,2025-03-20 13:09:36,2600
2004,2624.413555,59,520,1994-10-10 00:00:00,2025-01-29 19:20:45,2610.856486
3842,2624.258042,8,47,2024-02-24 02:01:03,2024-12-15 18:04:20,2600
3096,2624.175385,6,33,2023-02-25 03:14:36,2023-02-27 09:12:31,2600
3572,2624.165416,14,64,2023-10-13 15:39:11,2025-01-26 03:02:43,2600
3460,2624.099679,39,368,1983-10-10 00:00:00,1994-01-08 00:00:00,2641.349935
517,2623.981959,9,47,2011-05-14 23:32:15,2015-03-10 07:13:36,2600
3451,2623.91036,14,168,1988-10-10 00:00:00,1994-01-08 00:00:00,2600
3020,2623.732276,10,30,2022-10-22 08:59:46,2023-05-14 08:22:46,2600
3559,2623.68093,8,37,2023-10-13 15:39:11,2025-01-26 02:34:22,2600
3636,2623.629256,7,35,2023-10-13 15:41:59,2024-10-12 04:12:52,2600
4041,2623.51515,9,39,2025-01-18 08:09:20,2025-01-29 16:06:05,2600
3654,2623.506719,6,20,2023-10-16 17:24:32,2023-10-19 17:47:32,2600
2874,2623.190949,111,1160,1980-05-22 00:00:00,1997-01-03 00:00:00,2646.393548
4130,2623.117969,6,22,2025-05-20 01:25:27,2025-05-24 09:02:23,2600
60,2622.937263,182,1352,2002-02-11 00:00:00,2025-05-07 20:28:53,2652.53314
1862,2622.752843,7,37,2015-07-18 16:03:15,2015-07-23 14:53:01,2600
734,2622.736497,9,46,2011-10-06 15:53:23,2012-05-25 12:07:59,2600
2360,2622.726869,19,94,2018-05-15 07:47:22,2025-05-28 15:55:44,2600
815,2622.677589,43,223,2011-11-10 20:47:58,2018-08-25 07:32:48,2624.757264
4722,2622.579304,6,33,2025-05-14 02:58:58,2025-05-23 05:57:00,2600
410,2622.507051,22,184,2009-08-01 10:00:00,2015-12-21 12:03:29,2600
3106,2622.468161,4,22,2023-02-25 03:14:09,2023-02-26 08:54:03,2600
231,2622.402825,14,165,1995-01-04 00:00:00,2010-08-01 10:00:00,2600
2775,2622.321985,33,153,2021-05-28 10:59:03,2025-05-28 15:22:19,2616.407811
3541,2622.313745,11,49,2023-10-16 17:14:26,2024-09-27 06:59:43,2600
358,2622.255714,55,304,2010-08-01 10:00:00,2019-05-31 12:57:02,2626.939386
3059,2622.03903,20,82,2022-12-09 13:59:02,2025-02-07 20:36:24,2600
3171,2621.919623,5,26,2023-06-03 12:22:26,2023-06-11 03:00:32,2600
3723,2621.904556,4,18,2001-08-22 00:00:00,2001-08-22 00:00:00,2600
2911,2621.871265,7,37,2022-06-03 03:01:15,2024-08-02 09:11:32,2600
4691,2621.805229,6,21,2025-03-30 22:44:17,2025-04-02 02:23:49,2600
2224,2621.742492,6,30,2017-07-03 05:27:54,2017-07-08 11:33:11,2600
2944,2621.669675,6,34,2022-06-02 03:00:47,2022-06-10 12:04:37,2600
29,2621.657005,144,1186,1994-01-08 00:00:00,2020-08-06 11:01:45,2633.418117
2878,2621.566919,141,1608,1975-01-13 00:00:00,1997-01-03 00:00:00,2638.149402
1213,2621.400723,38,236,2013-05-12 11:58:49,2021-06-10 16:06:25,2612.86772
3173,2621.353756,12,53,2023-06-03 12:03:09,2025-05-21 05:36:49,2600
2938,2621.323243,12,67,2022-06-02 10:28:59,2025-05-20 04:45:30,2600
777,2621.026362,8,58,2010-07-24 00:00:00,2013-09-05 13:00:40,2600
4623,2620.938534,5,13,2025-02-07 10:56:19,2025-02-09 09:01:55,2600
514,2620.87098,51,330,2005-03-26 00:00:00,2015-02-17 10:31:51,2622.178068
508,2620.839856,13,72,2009-08-01 10:00:00,2013-09-25 11:03:31,2600
2148,2620.833973,17,66,2017-01-14 13:03:51,2025-05-24 05:20:06,2600
2512,2620.803795,7,39,2019-06-24 11:32:52,2019-06-30 07:19:25,2600
3127,2620.779972,8,45,1997-01-03 00:00:00,2025-05-28 16:33:10,2600
2718,2620.711445,15,66,2022-01-28 13:43:15,2024-02-09 18:37:21,2600
1842,2620.659876,15,67,2015-07-18 13:05:43,2025-03-20 06:53:27,2600
3478,2620.594097,5,85,1992-03-21 00:00:00,1992-06-20 00:00:00,2600
1903,2620.59159,16,74,2015-08-26 07:12:13,2025-03-20 16:27:25,2600
1041,2620.449004,72,381,2012-09-05 16:22:19,2020-08-08 08:11:08,2582.280389
3825,2620.421531,7,39,2024-01-20 18:42:16,2025-01-19 14:59:25,2600
3919,2620.417655,10,46,2024-02-04 15:04:34,2025-03-20 16:27:25,2600
1781,2620.390597,8,42,2015-06-15 13:43:35,2015-06-21 11:35:02,2600
3071,2620.354332,11,54,2023-03-06 06:31:00,2025-01-18 06:51:10,2600
2357,2620.353977,8,43,2018-05-14 17:51:46,2018-05-29 11:41:27,2600
4156,2620.306492,27,115,2024-08-16 11:43:38,2025-05-29 14:50:58,2634.513702
3289,2620.204791,26,308,1989-08-17 00:00:00,1998-01-02 00:00:00,2610.304342
3527,2620.082337,14,60,2023-10-20 10:39:11,2024-11-08 10:01:32,2600
3011,2620.041092,36,147,2022-10-14 13:06:44,2025-05-27 08:00:56,2605.734862
1006,2619.948685,40,174,2012-08-23 07:59:26,2025-03-20 08:43:07,2605.032815
949,2619.901591,11,67,2012-06-18 11:58:40,2019-09-10 11:32:40,2600
537,2619.755547,53,305,2011-05-12 18:14:10,2024-10-12 04:12:52,2542.225441
4162,2619.557392,9,26,2024-09-06 15:22:24,2024-11-23 18:54:42,2600
1106,2619.5398,12,71,2012-09-24 05:42:09,2015-01-21 10:48:54,2600
4661,2619.460561,6,34,2025-03-17 07:01:35,2025-03-21 13:01:35,2600
1305,2619.39842,10,52,2013-08-14 11:04:44,2016-02-24 10:21:25,2600
2770,2619.317286,32,140,2021-05-27 15:23:51,2025-05-28 07:59:30,2600
4706,2619.206997,4,28,2025-05-14 02:58:58,2025-05-19 02:57:47,2600
195,2619.172982,33,229,1997-01-03 00:00:00,2018-07-10 08:32:21,2611.969337
3922,2619.001387,10,43,2024-01-29 11:13:48,2024-02-07 15:39:31,2600
1500,2618.99479,14,80,2014-05-12 08:58:33,2016-05-20 14:52:07,2600
2553,2618.854344,5,18,2019-06-20 07:09:26,2019-06-22 03:49:52,2600
3247,2618.824437,10,154,1996-01-01 00:00:00,2001-02-20 00:00:00,2600
3994,2618.687036,13,55,2024-01-29 10:36:07,2025-03-16 07:01:58,2600
3313,2618.613122,3,33,1997-01-03 00:00:00,1997-01-03 00:00:00,2600
3161,2618.593022,6,30,2023-06-01 10:40:10,2023-06-10 09:02:16,2600
4355,2618.577687,4,16,2024-08-02 00:56:03,2024-08-03 22:40:25,2600
3949,2618.478194,7,36,2024-01-26 05:14:24,2024-10-12 04:12:52,2600
3453,2618.354796,2,34,1994-01-08 00:00:00,1994-01-08 00:00:00,2600
984,2618.187306,9,45,2012-07-18 18:00:25,2012-12-15 15:20:49,2600
3089,2618.184469,5,20,2023-02-28 09:04:20,2023-03-02 07:15:47,2600
2461,2618.142735,4,20,2019-03-14 15:00:49,2020-01-10 00:00:00,2600
1590,2618.081681,56,280,2014-10-02 07:22:03,2025-05-30 12:00:59,2625.847734
3239,2618.02194,10,119,1997-01-03 00:00:00,2001-02-20 00:00:00,2600
1729,2618.021339,7,38,2015-05-14 17:12:02,2016-02-10 18:56:30,2600
3463,2617.958459,36,346,1983-10-10 00:00:00,1994-01-08 00:00:00,2611.263907
770,2617.947826,8,38,2011-10-20 13:54:16,2020-08-08 18:28:58,2600
527,2617.883618,13,75,2011-05-12 15:02:42,2011-08-20 17:18:14,2600
785,2617.847181,3,18,2011-10-20 15:04:10,2011-10-22 11:32:54,2600
249,2617.677421,13,58,2010-08-01 10:00:00,2011-11-10 21:23:43,2600
4238,2617.618968,6,16,2024-03-07 00:00:00,2024-03-07 00:00:00,2600
1197,2617.600346,28,336,1992-03-21 00:00:00,2006-01-08 00:00:00,2566.947744
2811,2617.516254,27,73,2021-11-27 10:10:52,2025-02-08 13:06:24,2600
4120,2617.449662,12,52,2024-10-04 13:23:00,2025-03-15 18:42:47,2600
1208,2617.437285,30,169,2013-05-11 17:30:09,2017-05-18 19:13:56,2600
513,2617.407467,18,99,2005-03-26 00:00:00,2018-03-24 14:18:34,2600
213,2617.388332,37,335,1994-01-08 00:00:00,2011-08-27 11:23:16,2592.940974
2227,2617.286333,6,32,2017-07-03 11:35:12,2017-07-08 11:33:11,2600
3627,2617.284166,2,9,2023-10-12 00:00:00,2023-10-13 15:39:11,2600
2585,2617.266244,5,35,2019-09-10 01:28:19,2024-12-20 00:00:00,2600
2683,2617.26245,4,14,2020-03-11 13:58:39,2020-03-12 16:16:54,2600
3618,2617.201044,3,14,2023-10-12 00:00:00,2023-10-14 04:49:55,2600
4199,2617.165877,5,26,2025-05-13 11:56:05,2025-05-22 08:41:11,2600
3255,2617.08778,25,295,1992-01-14 00:00:00,2001-02-20 00:00:00,2605.863186
3298,2617.02705,5,52,1997-01-03 00:00:00,1997-01-03 00:00:00,2600
1791,2616.955963,5,25,2015-06-15 06:42:58,2015-06-19 13:30:35,2600
2596,2616.919212,21,58,2019-10-16 22:25:55,2024-10-07 03:48:05,2600
1848,2616.904552,48,242,2015-07-18 07:18:14,2023-06-05 17:59:32,2604.625724
157,2616.861279,15,65,2010-08-01 10:00:00,2025-01-18 14:29:05,2600
4540,2616.793623,10,46,2025-01-18 11:21:11,2025-01-27 17:17:02,2600
4108,2616.78427,6,26,2024-12-13 11:48:24,2025-03-15 17:05:46,2600
3518,2616.76417,18,54,2023-10-06 23:06:02,2025-05-24 02:12:40,2600
3052,2616.674866,10,29,2022-11-26 10:13:03,2023-01-21 18:37:59,2600
263,2616.665088,13,73,2010-08-01 10:00:00,2015-07-24 09:25:43,2600
2915,2616.647622,5,26,2022-06-03 03:01:15,2022-06-10 03:00:33,2600
1756,2616.640895,12,59,1997-01-03 00:00:00,2015-12-21 20:06:05,2600
1338,2616.628753,10,54,2013-08-22 11:24:51,2017-08-26 13:26:15,2600
4186,2616.595991,5,28,2025-05-13 03:00:11,2025-05-22 06:05:02,2600
1020,2616.567175,36,191,2012-08-16 15:29:10,2023-06-04 08:04:49,2600
2363,2616.497625,46,268,2018-05-15 12:28:01,2025-05-30 12:18:10,2565.901323
1771,2616.416169,5,25,2015-06-15 11:28:31,2015-06-19 07:27:11,2600
3514,2616.270168,16,156,1988-10-10 00:00:00,1992-03-21 00:00:00,2600
968,2616.244646,8,50,2012-06-19 06:20:40,2013-10-21 11:03:32,2600
1162,2616.214884,62,727,1992-01-14 00:00:00,2008-01-03 00:00:00,2586.148218
1295,2616.188543,7,32,2013-08-22 11:24:51,2019-03-16 08:35:47,2600
3525,2616.138692,9,42,2023-10-20 09:11:49,2025-05-29 09:05:07,2600
560,2615.964684,6,31,2011-07-12 12:12:36,2011-07-17 06:33:51,2600
2159,2615.907424,6,34,2017-03-02 11:11:19,2019-03-16 18:23:51,2600
562,2615.901018,5,27,2011-07-12 08:37:05,2011-07-16 10:11:40,2600
2879,2615.842476,99,972,1982-04-30 00:00:00,1997-01-03 00:00:00,2645.566045
3150,2615.836889,7,36,2023-06-01 10:40:10,2023-06-09 06:00:40,2600
2318,2615.653629,8,44,2018-03-08 10:14:54,2020-03-13 13:29:10,2600
3267,2615.486252,4,38,1997-01-03 00:00:00,1999-01-03 00:00:00,2600
756,2615.440023,3,16,2011-10-20 08:18:44,2011-10-21 08:25:57,2600
400,2615.417156,7,33,2010-09-30 00:00:00,2012-10-19 07:53:21,2600
2223,2615.342338,6,32,2017-07-03 04:41:41,2017-07-08 05:06:41,2600
1652,2615.139926,14,93,1992-10-12 00:00:00,2015-12-22 10:03:29,2600
4548,2614.979439,4,13,2025-01-23 23:01:40,2025-01-25 06:58:17,2600
3657,2614.836006,5,18,2023-10-16 17:24:32,2023-10-19 15:28:12,2600
122,2614.812434,34,354,1997-01-03 00:00:00,2010-08-01 10:00:00,2581.069535
1294,2614.811046,7,38,2013-07-27 03:55:55,2024-12-15 20:29:54,2600
4248,2614.605004,5,12,2024-03-07 00:00:00,2024-03-07 00:00:00,2600
3816,2614.571488,3,14,2024-01-19 17:29:25,2024-01-20 18:47:17,2600
1310,2614.565507,41,194,2013-08-14 11:04:44,2020-08-09 13:07:06,2600
586,2614.514923,6,47,2013-09-02 07:16:34,2013-09-05 05:59:59,2600
4023,2614.502638,3,14,2024-02-23 01:44:51,2024-02-25 03:25:24,2600
3487,2614.397085,49,468,1983-04-16 00:00:00,1993-03-13 00:00:00,2582.34599
3335,2614.314057,3,18,1997-01-03 00:00:00,1997-01-03 00:00:00,2600
4211,2614.278078,4,16,2024-05-21 04:48:24,2024-05-22 13:53:41,2600
2946,2614.2629,8,46,2022-06-02 04:41:09,2025-05-19 11:35:57,2600
1517,2614.107272,4,24,2005-03-26 00:00:00,2014-06-18 13:12:33,2600
340,2614.09665,8,64,2007-02-24 00:00:00,2012-10-18 09:19:31,2600
3983,2614.031581,16,66,2024-01-29 13:49:39,2025-03-16 07:01:58,2600
3032,2613.986015,3,11,2022-11-25 11:02:15,2022-11-26 16:10:59,2600
3762,2613.973186,12,52,2024-01-05 09:34:21,2025-03-20 09:31:47,2600
2341,2613.891575,50,275,2018-05-14 08:40:30,2024-01-26 13:01:27,2618.837355
566,2613.865083,7,40,2011-07-11 12:29:41,2011-07-17 14:37:09,2600
2534,2613.847955,6,23,2019-06-20 03:51:30,2019-06-22 03:49:52,2600
2449,2613.820077,3,12,2019-03-13 16:00:01,2019-03-15 16:38:43,2600
2133,2613.740203,14,41,2018-10-25 00:42:52,2022-10-03 00:20:24,2600
4475,2613.697853,3,18,2024-10-10 08:09:48,2024-10-12 02:22:29,2600
3246,2613.636574,3,50,2001-02-20 00:00:00,2001-02-20 00:00:00,2600
1785,2613.591897,6,30,2015-06-15 14:58:23,2015-06-20 05:08:49,2600
2225,2613.557923,7,39,2017-07-03 04:40:12,2017-07-09 07:32:27,2600
3468,2613.555139,28,270,1988-10-10 00:00:00,1995-04-01 00:00:00,2609.143208
414,2613.458853,28,291,1997-01-03 00:00:00,2011-10-20 16:39:20,2636.099572
2097,2613.42756,14,81,2016-09-05 03:58:49,2025-01-26 02:34:22,2600
3910,2613.404079,9,35,2024-02-03 11:10:14,2025-01-28 15:12:48,2600
501,2613.371549,5,56,1998-01-02 00:00:00,2010-02-24 00:00:00,2600
3719,2613.196482,11,46,2005-07-20 00:00:00,2025-01-30 12:23:57,2600
3012,2613.059603,10,37,2022-10-14 13:06:44,2025-03-20 08:26:39,2600
359,2613.058944,3,12,2010-08-01 10:00:00,2010-08-01 10:00:00,2600
1158,2612.96731,8,41,2012-11-06 06:45:52,2015-01-22 07:58:38,2600
3848,2612.895882,5,29,2024-02-24 22:20:11,2024-12-14 19:17:07,2600
763,2612.794891,3,15,2011-10-20 11:06:22,2011-10-21 11:46:09,2600
4137,2612.727247,4,15,2025-05-21 01:19:18,2025-05-24 05:20:06,2600
3973,2612.719001,17,72,2024-01-29 13:56:53,2025-03-20 18:06:57,2600
3785,2612.698404,10,42,2024-01-04 12:35:56,2024-05-22 07:17:51,2600
612,2612.681722,30,158,2011-06-19 14:06:21,2017-08-24 14:00:33,2600
3330,2612.672598,3,21,1997-01-03 00:00:00,1997-01-03 00:00:00,2600
4751,2612.522486,5,18,2025-05-20 06:44:39,2025-05-24 02:12:40,2600
3319,2612.342499,4,33,1997-01-03 00:00:00,1997-01-03 00:00:00,2600
3791,2612.336709,11,50,2024-01-11 09:54:41,2025-01-17 07:04:10,2600
4239,2612.329023,5,17,2024-03-07 00:00:00,2024-03-07 00:00:00,2600
403,2612.328534,8,47,2010-09-30 00:00:00,2013-11-14 22:23:08,2600
3339,2612.250593,2,14,1997-01-03 00:00:00,1997-01-03 00:00:00,2600
2804,2612.176325,4,17,2022-09-16 07:41:32,2022-09-17 10:28:03,2600
2408,2612.158154,7,62,1994-03-04 00:00:00,2018-09-10 11:32:41,2600
828,2612.144483,8,37,2011-11-10 13:54:06,2014-08-21 09:27:05,2600
1410,2612.101027,12,68,2013-10-21 04:37:20,2025-05-19 11:35:57,2600
3846,2612.006645,4,21,2024-02-23 18:01:07,2024-02-25 18:00:45,2600
2477,2611.96962,4,19,2019-04-13 11:19:05,2019-04-14 13:46:47,2600
4216,2611.944383,3,16,2024-05-21 12:51:49,2024-05-22 13:53:41,2600
2638,2611.920315,2,10,2019-10-24 17:08:11,2019-10-24 17:19:09,2600
4496,2611.902562,3,15,2024-12-14 17:02:23,2024-12-15 18:04:20,2600
839,2611.872079,5,27,1997-01-03 00:00:00,2011-11-10 22:15:24,2600
2137,2611.872059,18,64,2016-10-08 11:56:19,2018-03-14 00:00:00,2600
3323,2611.842422,5,80,1992-06-20 00:00:00,1997-01-03 00:00:00,2600
4106,2611.806006,5,17,2025-03-17 10:13:39,2025-03-20 11:29:28,2600
3302,2611.746045,16,167,1992-06-20 00:00:00,1997-03-10 00:00:00,2600
971,2611.70747,22,223,1997-01-03 00:00:00,2014-06-29 23:06:00,2607.515736
4651,2611.703728,5,20,2025-03-14 11:01:04,2025-03-15 17:57:48,2600
2229,2611.648185,5,25,2017-07-03 05:23:00,2017-07-07 07:17:15,2600
563,2611.612392,5,27,2011-07-12 12:13:10,2011-07-16 08:53:50,2600
746,2611.609117,3,17,2011-10-20 08:18:44,2011-10-21 08:25:57,2600
3274,2611.602278,5,44,1999-01-03 00:00:00,2008-07-08 00:00:00,2600
1115,2611.534589,3,22,2012-09-24 11:29:16,2018-09-10 01:37:02,2600
4675,2611.527393,5,22,2025-03-17 12:49:19,2025-03-20 13:02:25,2600
798,2611.469278,17,60,1997-01-03 00:00:00,2016-02-25 18:40:43,2600
2220,2611.453554,5,25,2017-07-03 11:35:12,2017-07-07 11:30:18,2600
1083,2611.435885,6,33,2012-10-17 17:26:14,2013-11-14 21:59:16,2600
364,2611.413215,3,13,2010-08-01 10:00:00,2010-08-01 10:00:00,2600
2278,2611.337494,5,29,2017-08-23 13:59:08,2018-03-10 16:45:09,2600
4103,2611.233994,5,18,2025-03-17 14:50:29,2025-03-20 11:23:07,2600
3280,2611.172297,16,226,1992-01-14 00:00:00,1999-01-03 00:00:00,2612.149901
111,2611.095292,15,87,1997-01-03 00:00:00,2018-07-10 11:28:41,2600
4737,2611.037492,5,19,2025-05-20 03:54:30,2025-05-24 02:12:40,2600
2515,2611.033341,6,32,2019-06-24 11:31:38,2019-06-29 11:06:26,2600
390,2610.950835,7,31,2010-09-30 00:00:00,2013-11-14 20:21:57,2600
3252,2610.894892,3,42,2001-02-20 00:00:00,2001-02-20 00:00:00,2600
2956,2610.83299,43,250,2022-07-14 19:01:43,2025-05-28 10:03:32,2584.444137
929,2610.832666,13,72,2012-05-15 09:01:52,2013-05-19 15:00:03,2600
3909,2610.826106,8,33,2024-02-03 17:59:56,2025-03-19 06:51:05,2600
732,2610.824473,35,195,2011-10-05 12:28:06,2016-08-25 15:57:47,2600
4616,2610.820274,3,12,2025-02-07 10:08:24,2025-02-07 18:49:02,2600
1105,2610.780901,4,21,2012-09-24 05:42:09,2015-10-22 04:02:50,2600
4434,2610.728249,5,20,2024-09-26 00:13:15,2024-09-27 07:03:58,2600
3501,2610.720361,22,184,1986-02-16 00:00:00,1992-03-21 00:00:00,2600
4738,2610.695047,5,23,2025-05-20 03:56:02,2025-05-24 09:02:23,2600
2266,2610.687488,7,32,2017-08-23 07:33:44,2019-03-14 15:00:49,2600
2206,2610.668388,72,339,2017-05-10 19:04:16,2025-05-30 19:18:46,2567.897754
3131,2610.650285,3,18,2023-05-27 18:14:55,2023-06-01 17:07:51,2600
328,2610.6184,2,12,2010-08-01 10:00:00,2010-08-01 10:00:00,2600
784,2610.611281,29,170,2011-10-20 14:13:22,2020-08-05 18:04:44,2600
116,2610.593374,4,21,2010-08-01 10:00:00,2011-10-21 11:11:30,2600
3273,2610.591705,9,128,1992-06-20 00:00:00,1999-01-03 00:00:00,2600
176,2610.587116,21,111,2010-08-01 10:00:00,2014-02-08 07:44:19,2600
4077,2610.579901,5,22,2025-03-17 11:06:41,2025-03-20 10:58:01,2600
2950,2610.47558,4,20,2022-06-02 06:06:33,2022-06-08 09:14:20,2600
174,2610.467511,34,173,2010-08-01 10:00:00,2025-03-20 09:45:08,2600
369,2610.464483,3,18,2010-09-30 00:00:00,2010-09-30 00:00:00,2600
1421,2610.436394,134,646,2013-11-07 12:37:53,2025-05-30 18:48:06,2578.781256
1507,2610.432876,27,142,2014-05-12 17:59:06,2017-05-15 15:30:23,2600
408,2610.375425,347,3422,1983-10-10 00:00:00,2022-05-06 19:09:35,2675.901531
4113,2610.363294,4,14,2025-03-14 12:50:43,2025-03-15 17:05:46,2600
3560,2610.358729,4,21,2023-10-13 15:39:11,2024-10-12 02:22:29,2600
3832,2610.282174,3,16,2024-01-20 18:42:16,2024-01-21 16:01:16,2600
470,2610.267559,185,2046,1975-01-13 00:00:00,2022-01-05 15:04:15,2622.204235
2233,2610.254492,6,30,2017-07-03 13:33:14,2017-07-08 09:39:42,2600
579,2610.250826,4,20,2011-07-11 14:16:55,2011-07-14 06:05:17,2600
867,2610.185651,3,18,2011-11-10 20:45:09,2012-10-17 19:00:15,2600
3655,2610.16422,6,26,2023-10-16 17:24:32,2023-10-19 15:23:09,2600
1534,2610.142204,5,29,2014-06-17 04:55:28,2015-10-21 07:04:57,2600
2045,2610.132018,5,40,1985-01-04 00:00:00,2016-05-19 08:09:44,2600
1212,2610.095928,8,58,2013-05-12 11:58:49,2014-09-03 10:32:53,2600
4729,2610.093441,4,15,2025-05-20 01:21:03,2025-05-22 01:19:53,2600
628,2610.081832,9,45,2011-08-25 10:28:34,2025-03-20 09:16:25,2600
3070,2610.081451,10,36,2023-01-06 16:56:23,2024-11-08 18:52:14,2600
3575,2610.081164,6,34,2023-10-13 15:39:11,2024-10-12 05:04:03,2600
3293,2610.062243,4,51,1997-01-03 00:00:00,1998-01-02 00:00:00,2600
2421,2610,1,6,2018-10-24 06:33:07,2018-10-24 06:33:07,2600
2735,2609.98756,8,31,2024-02-03 16:27:53,2025-01-29 15:21:15,2600
344,2609.981918,19,97,2010-08-01 10:00:00,2018-08-25 07:32:48,2600
3681,2609.9781,5,18,2023-10-16 17:24:32,2023-10-19 15:36:13,2600
3299,2609.959797,6,97,1992-06-20 00:00:00,1997-01-03 00:00:00,2600
3361,2609.954772,7,35,1997-01-03 00:00:00,2025-02-07 19:18:20,2600
4235,2609.905835,6,18,2024-03-07 00:00:00,2024-03-07 00:00:00,2600
599,2609.874871,24,136,2011-06-18 20:33:48,2013-05-31 09:03:49,2600
2610,2609.861565,8,46,2019-10-24 17:04:02,2025-05-19 02:57:47,2600
4643,2609.818872,6,29,2025-03-14 11:47:18,2025-05-27 18:57:25,2600
1400,2609.759767,2,10,2013-10-03 16:08:19,2013-10-03 18:55:26,2600
1905,2609.755007,6,36,2015-08-26 09:13:58,2017-03-02 15:42:55,2600
4281,2609.557392,3,13,2024-06-28 08:35:38,2024-06-29 09:01:38,2600
229,2609.538383,13,68,2010-08-01 10:00:00,2016-05-17 13:13:50,2600
4491,2609.495711,1,10,2024-11-03 01:31:37,2024-11-03 01:31:37,2600
4361,2609.48046,11,42,2024-08-02 00:56:03,2025-03-31 22:09:15,2600
1632,2609.467731,3,16,2014-12-11 11:44:22,2014-12-12 11:21:32,2600
4347,2609.460975,3,14,2024-07-19 10:09:05,2024-07-20 14:48:11,2600
596,2609.347352,35,181,2011-06-18 19:20:08,2015-02-12 18:46:01,2600
872,2609.314298,3,15,2011-11-10 18:59:26,2011-11-12 08:37:44,2600
3341,2609.289069,5,58,1994-01-08 00:00:00,1997-01-03 00:00:00,2600
2310,2609.275171,9,43,2018-02-26 10:02:55,2020-08-07 18:26:51,2600
3953,2609.203884,12,43,2024-01-26 05:14:24,2025-04-01 22:03:17,2600
214,2609.171173,3,19,1991-08-22 00:00:00,1995-04-01 00:00:00,2600
2183,2609.165124,2,9,2017-03-22 18:59:52,2017-03-23 19:10:21,2600
1816,2609.103329,6,22,2015-07-18 09:35:47,2015-07-24 10:03:20,2600
2967,2609.089858,4,18,2022-09-24 13:52:05,2022-09-25 17:51:45,2600
3014,2609.08584,4,16,2022-10-14 14:37:37,2025-01-11 11:03:09,2600
2546,2609.085519,4,16,2019-06-20 11:13:06,2019-06-21 14:07:53,2600
3101,2609.069076,6,36,2023-02-25 03:14:09,2023-02-27 09:12:31,2600
3204,2609.038862,51,610,1994-01-08 00:00:00,2005-02-23 00:00:00,2612.87401
1476,2608.996926,8,42,2014-03-04 04:20:37,2015-10-19 09:38:59,2600
2200,2608.857336,6,27,2017-05-10 10:41:07,2024-11-08 20:58:54,2600
3939,2608.850763,4,14,2024-01-26 05:07:39,2024-01-26 12:11:44,2600
4127,2608.845763,5,16,2025-05-20 01:15:44,2025-05-24 05:20:06,2600
2130,2608.840938,59,178,2016-10-08 11:56:19,2022-11-26 20:23:17,2600
399,2608.832151,6,30,2010-09-30 00:00:00,2012-10-20 13:48:07,2600
3041,2608.817808,2,8,2022-11-25 13:29:50,2022-11-26 14:30:50,2600
3491,2608.791146,24,252,1980-05-22 00:00:00,1992-03-21 00:00:00,2563.18666
1793,2608.754681,6,30,2015-06-15 06:42:58,2015-06-20 11:35:09,2600
1799,2608.7382,3,15,2015-07-29 14:14:35,2015-07-31 07:18:46,2600
3908,2608.736511,6,30,2024-02-03 08:58:52,2024-02-09 10:38:31,2600
4698,2608.726663,2,12,2025-05-08 12:53:08,2025-05-09 18:32:03,2600
407,2608.684429,3,15,2010-09-30 00:00:00,2010-09-30 00:00:00,2600
3854,2608.673805,5,20,2024-02-03 19:25:10,2024-02-09 11:17:17,2600
4412,2608.670557,2,13,2024-08-30 10:54:49,2024-08-31 11:10:21,2600
2930,2608.656735,5,26,2022-06-01 12:10:49,2022-06-08 03:00:15,2600
565,2608.647351,5,26,2011-07-11 12:31:01,2011-07-16 06:25:12,2600
4432,2608.6441,5,25,2024-09-26 01:50:29,2024-09-27 20:49:43,2600
4420,2608.641042,6,27,2024-09-26 00:29:39,2024-09-27 23:09:53,2600
2482,2608.608995,11,52,2019-05-18 13:36:35,2025-05-29 09:05:07,2600
2190,2608.596088,7,28,2017-05-09 11:12:05,2024-02-09 08:54:03,2600
4115,2608.553978,6,26,2025-03-17 12:54:30,2025-03-20 17:40:49,2600
4745,2608.550642,5,19,2025-05-20 06:42:05,2025-05-24 02:12:40,2600
1629,2608.530471,9,61,1997-01-03 00:00:00,2017-05-17 11:12:52,2600
2500,2608.528158,24,119,2019-05-19 19:54:05,2025-05-30 12:12:26,2600
2441,2608.518499,16,76,2019-02-28 08:07:31,2025-05-23 05:28:53,2600
1861,2608.513179,6,35,2015-07-18 16:03:54,2015-07-23 13:07:56,2600
4626,2608.509634,5,13,2025-02-07 12:11:21,2025-02-08 17:16:56,2600
1780,2608.497351,5,25,2015-06-15 13:54:49,2015-06-19 05:08:02,2600
4121,2608.431647,8,28,2025-03-14 10:01:14,2025-03-19 08:08:24,2600
4589,2608.427298,4,16,2025-01-24 12:06:38,2025-01-29 12:54:46,2600
1571,2608.394245,9,45,2014-08-21 12:12:25,2015-08-26 09:13:58,2600
3357,2608.376033,2,15,1997-01-03 00:00:00,1997-01-03 00:00:00,2600
4554,2608.346191,4,17,2025-01-23 23:02:01,2025-01-26 02:34:22,2600
3891,2608.291915,4,15,2024-02-03 15:11:04,2024-02-07 17:44:59,2600
4142,2608.273692,14,42,2024-03-11 06:00:13,2025-05-24 02:12:40,2600
2418,2608.260077,17,44,2018-10-05 08:06:01,2025-02-08 10:42:15,2600
1817,2608.216316,7,24,2015-07-18 12:23:00,2015-07-24 10:20:48,2600
3321,2608.2096,53,497,1984-10-20 00:00:00,1997-01-03 00:00:00,2582.275226
4683,2608.158188,5,16,2025-03-17 10:01:03,2025-03-20 11:45:01,2600
961,2608.156894,7,35,2012-06-19 09:08:55,2015-01-21 07:16:41,2600
1892,2608.145947,9,47,2015-07-18 13:06:26,2018-08-25 12:34:51,2600
233,2608.130301,26,141,2010-08-01 10:00:00,2023-06-03 10:22:04,2600
3218,2608.099496,23,283,1992-06-20 00:00:00,2003-01-21 00:00:00,2607.995626
2564,2608.085025,5,25,2019-06-30 22:59:11,2019-07-01 00:14:55,2600
3288,2608.008255,22,198,1985-10-19 00:00:00,1998-01-02 00:00:00,2600
774,2607.992507,2,10,2011-10-20 13:53:45,2011-10-20 19:38:06,2600
1194,2607.985595,6,61,1997-01-03 00:00:00,2006-01-08 00:00:00,2600
834,2607.973643,116,528,2011-11-10 14:13:12,2025-01-10 13:32:39,2572.519786
3992,2607.959129,4,17,2024-01-29 08:45:02,2024-01-31 15:42:17,2600
3112,2607.921259,11,47,2023-05-26 10:27:41,2025-01-27 16:13:41,2600
3258,2607.895479,59,608,1988-10-10 00:00:00,2001-02-20 00:00:00,2645.474704
2549,2607.852888,39,123,2019-06-20 07:10:12,2025-05-23 03:40:47,2600
1705,2607.832655,9,44,2015-01-21 02:08:25,2018-05-30 11:40:32,2600
711,2607.809442,4,33,1996-01-01 00:00:00,2011-04-11 00:00:00,2600
3643,2607.787714,5,23,2023-10-13 15:41:59,2024-06-30 04:28:25,2600
600,2607.721778,31,270,1995-01-04 00:00:00,2020-08-09 11:37:46,2589.904813
3493,2607.703813,6,98,1991-03-22 00:00:00,1992-03-21 00:00:00,2600
3144,2607.652842,4,23,2023-06-01 03:00:32,2023-06-11 06:06:18,2600
1792,2607.642349,5,25,2015-06-15 05:59:40,2015-06-19 13:30:35,2600
3523,2607.629747,14,56,2023-10-20 09:11:49,2025-01-30 12:23:57,2600
1356,2607.625754,8,19,2013-10-03 07:59:24,2015-12-21 20:06:05,2600
2636,2607.608346,2,9,2019-10-24 17:04:02,2019-10-24 17:16:13,2600
404,2607.597135,6,26,2010-09-30 00:00:00,2012-10-19 18:11:42,2600
969,2607.511544,18,99,2012-06-19 09:08:55,2015-10-20 04:18:46,2600
4274,2607.5,1,5,2024-06-28 10:33:03,2024-06-28 10:33:03,2600
4724,2607.48788,4,14,2025-05-20 01:16:17,2025-05-23 01:28:28,2600
2032,2607.380271,2,9,2016-02-24 19:18:19,2016-02-25 18:24:49,2600
4515,2607.269923,2,11,2024-12-14 13:04:07,2024-12-14 19:17:07,2600
3701,2607.223445,25,195,1982-10-11 00:00:00,1988-10-10 00:00:00,2600
3837,2607.218535,3,15,2024-02-23 22:44:39,2024-02-25 03:25:24,2600
4711,2607.200737,5,29,2025-05-13 11:55:46,2025-05-22 07:18:26,2600
4549,2607.194327,4,15,2025-01-23 23:01:40,2025-01-25 07:52:29,2600
4369,2607.177034,2,8,2024-08-02 01:02:18,2024-08-02 08:33:54,2600
3872,2607.173702,4,16,2024-02-04 09:12:32,2024-02-09 12:32:05,2600
449,2607.15851,85,688,1983-04-16 00:00:00,2017-10-25 14:30:44,2609.497891
3294,2607.153271,5,57,1997-01-03 00:00:00,1998-01-02 00:00:00,2600
3462,2607.148164,4,30,2023-10-09 11:32:25,2024-01-22 00:00:00,2600
59,2607.13804,84,463,2010-08-01 10:00:00,2020-03-12 11:48:57,2666.128369
3446,2607.114003,5,73,1991-09-18 00:00:00,1995-01-04 00:00:00,2600
4538,2607.104836,9,34,2025-01-18 14:03:38,2025-01-27 19:09:46,2600
2750,2607.092201,36,161,2020-08-03 14:28:20,2023-06-03 14:06:48,2600
1855,2607.084271,7,40,2015-07-18 10:06:05,2015-07-23 17:38:32,2600
3602,2607.066962,2,11,2023-10-13 15:39:11,2023-10-13 15:41:59,2600
4564,2607.060957,4,18,2025-01-24 23:31:44,2025-01-26 07:02:17,2600
2131,2607.060105,9,37,2017-03-13 07:52:41,2019-06-21 10:42:12,2600
373,2606.996449,2,11,2010-09-30 00:00:00,2010-09-30 00:00:00,2600
1416,2606.984142,2,10,2013-10-20 07:21:03,2013-10-22 02:14:44,2600
2918,2606.977329,3,15,2022-06-01 07:13:09,2022-06-08 12:14:16,2600
1974,2606.965107,15,78,2015-10-19 04:54:11,2025-05-20 02:50:44,2600
2221,2606.960873,5,25,2017-07-03 04:43:11,2017-07-07 05:04:44,2600
3843,2606.940464,5,28,2024-02-24 22:20:11,2024-12-15 00:06:52,2600
3140,2606.933778,4,11,2023-05-13 08:33:48,2023-05-13 19:57:55,2600
650,2606.905522,2,11,2011-08-25 13:16:36,2011-08-26 05:40:05,2600
2150,2606.84194,4,18,2017-03-01 16:59:19,2019-03-16 08:35:47,2600
1252,2606.827056,8,45,2013-06-13 05:00:49,2019-10-25 08:06:50,2600
3546,2606.812919,4,19,2023-10-13 15:39:11,2024-10-11 04:53:31,2600
3226,2606.78174,20,241,1995-01-04 00:00:00,2004-11-30 00:00:00,2576.627186
2448,2606.75648,4,20,2019-03-13 16:00:01,2020-03-12 14:56:41,2600
3715,2606.581999,2,8,2005-07-20 00:00:00,2005-07-20 00:00:00,2600
2120,2606.562482,7,22,2016-09-28 10:52:31,2017-08-25 16:16:54,2600
3081,2606.509463,31,99,2023-01-31 01:36:59,2025-01-21 11:37:48,2600
3153,2606.492811,5,29,2023-06-02 04:31:03,2023-06-08 10:30:58,2600
4612,2606.433164,7,33,2025-01-24 11:01:42,2025-05-22 02:53:31,2600
1276,2606.421116,8,31,2013-07-18 11:32:25,2020-08-06 11:01:45,2600
140,2606.361729,88,454,2010-08-01 10:00:00,2017-03-01 16:59:19,2622.608234
3568,2606.34296,8,41,2023-10-13 15:39:11,2024-10-12 02:22:29,2600
3143,2606.337341,19,77,2023-06-01 03:00:32,2025-01-28 09:07:34,2600
567,2606.33404,6,34,2011-07-11 08:33:47,2011-07-17 08:39:39,2600
627,2606.313484,14,74,2011-08-06 17:17:26,2013-08-14 15:14:08,2600
2047,2606.247786,32,153,2016-05-12 14:05:57,2019-03-06 09:00:06,2600
3649,2606.233486,6,23,2023-10-16 17:24:32,2023-10-19 15:23:09,2600
2905,2606.227334,6,38,2022-06-01 03:00:16,2023-06-09 10:30:57,2600
2662,2606.226283,9,36,2019-11-11 13:00:57,2025-03-20 11:29:28,2600
4561,2606.205377,3,10,2025-01-24 00:47:11,2025-01-25 07:52:29,2600
3008,2606.203353,8,18,2022-10-01 08:47:25,2022-10-03 00:20:24,2600
2576,2606.20271,5,20,2019-08-15 09:05:25,2019-10-24 17:19:09,2600
2881,2606.07733,59,549,1984-10-20 00:00:00,2022-05-04 19:18:37,2603.95927
3332,2606.031879,3,21,1997-01-03 00:00:00,1997-01-03 00:00:00,2600
4345,2605.9913,3,18,2024-07-19 19:02:34,2024-07-21 09:30:45,2600
1385,2605.991008,2,13,2009-07-13 00:00:00,2009-07-13 00:00:00,2600
3633,2605.961599,12,45,2023-10-13 15:39:11,2025-04-01 06:04:12,2600
2295,2605.949876,3,13,2017-08-24 14:04:01,2017-08-25 15:15:38,2600
4136,2605.945657,4,12,2025-05-20 01:24:17,2025-05-22 06:45:55,2600
2965,2605.910142,4,18,2022-09-24 13:52:05,2022-09-25 17:51:45,2600
3441,2605.886125,7,109,1992-03-21 00:00:00,1996-01-01 00:00:00,2600
515,2605.80924,170,1141,1992-06-20 00:00:00,2025-03-20 06:53:27,2563.181077
4155,2605.798048,5,24,2025-01-18 17:52:35,2025-01-21 08:53:23,2600
3300,2605.75387,4,46,1997-01-03 00:00:00,1997-01-03 00:00:00,2600
4732,2605.753238,4,18,2025-05-20 01:23:40,2025-05-22 03:46:40,2600
3363,2605.685687,2,12,1997-01-03 00:00:00,1997-01-03 00:00:00,2600
667,2605.653207,102,931,1984-10-20 00:00:00,2019-08-15 11:32:12,2635.372235
4555,2605.649707,3,12,2025-01-24 00:47:11,2025-01-25 01:53:22,2600
3175,2605.626694,8,22,2023-08-11 20:49:36,2024-08-10 20:04:52,2600
1976,2605.606221,2,9,2015-10-19 07:27:45,2015-10-20 04:18:46,2600
658,2605.577638,6,56,1997-01-03 00:00:00,2011-08-07 18:10:57,2600
324,2605.543225,3,15,2010-08-01 10:00:00,2010-08-01 10:00:00,2600
4144,2605.48376,8,27,2025-01-18 10:22:36,2025-05-24 05:20:06,2600
4255,2605.48339,4,11,2024-03-07 00:00:00,2024-03-07 00:00:00,2600
1447,2605.467847,11,50,2013-11-14 12:20:49,2025-01-27 17:06:49,2600
750,2605.458374,4,25,2011-10-20 11:49:30,2011-10-21 15:24:43,2600
4590,2605.45305,4,15,2025-01-24 14:45:02,2025-01-29 15:18:17,2600
4627,2605.40155,1,8,2024-12-20 00:00:00,2024-12-20 00:00:00,2600
2147,2605.389325,34,95,2017-01-14 13:02:40,2023-01-21 13:16:53,2600
3334,2605.37573,2,11,1997-01-03 00:00:00,1997-01-03 00:00:00,2600
3680,2605.291912,7,30,2023-10-16 17:24:32,2023-10-19 15:16:05,2600
1288,2605.1949,7,35,2013-07-18 16:32:45,2015-10-08 17:22:07,2600
4506,2605.187733,3,14,2024-12-14 13:04:07,2024-12-15 00:06:52,2600
2942,2605.18013,3,18,2022-06-02 12:09:49,2022-06-09 06:04:21,2600
3213,2605.152832,73,787,1990-10-08 00:00:00,2004-02-10 00:00:00,2673.175516
3048,2605.139163,2,9,2022-11-25 14:58:05,2022-11-26 13:25:48,2600
3819,2605.125601,5,30,2024-01-19 19:09:12,2025-01-18 18:33:53,2600
4902,2605.072154,1,8,1999-03-01 00:00:00,1999-03-01 00:00:00,2600
1077,2605.071002,3,15,2012-10-17 17:22:55,2012-10-20 07:33:01,2600
1831,2604.974143,7,40,2015-07-18 16:03:54,2015-07-24 09:52:55,2600
3307,2604.951831,5,46,1992-10-12 00:00:00,1997-01-03 00:00:00,2600
1270,2604.945295,5,26,2013-07-18 09:58:11,2015-10-08 13:55:25,2600
3122,2604.918932,4,20,2023-05-27 07:59:49,2023-06-03 08:30:37,2600
1079,2604.895708,2,10,2012-10-17 17:22:55,2012-10-17 19:00:15,2600
4272,2604.891593,3,14,2024-06-28 11:24:55,2024-06-29 09:01:38,2600
4098,2604.880116,4,14,2025-03-17 08:29:58,2025-03-20 06:53:27,2600
1358,2604.852325,4,26,1992-06-20 00:00:00,2013-10-03 14:28:52,2600
4262,2604.84779,5,14,2024-03-07 00:00:00,2024-03-07 00:00:00,2600
494,2604.811899,10,84,2002-02-11 00:00:00,2022-05-06 11:38:36,2600
3934,2604.807185,2,8,2024-01-26 05:14:24,2024-01-26 05:25:42,2600
2177,2604.796654,4,21,2017-03-13 09:52:44,2017-03-16 09:29:02,2600
1022,2604.772409,3,16,2012-08-23 10:35:01,2012-08-24 13:21:26,2600
3350,2604.768941,3,22,1997-01-03 00:00:00,1997-01-03 00:00:00,2600
3826,2604.725383,2,10,2024-01-19 17:32:39,2024-01-20 18:42:16,2600
692,2604.69209,2,8,2011-09-29 14:26:20,2011-10-01 07:28:29,2600
4154,2604.678444,2,10,2024-10-10 03:37:00,2024-10-11 04:53:31,2600
1321,2604.674202,3,17,2013-08-14 15:39:09,2013-08-14 22:11:24,2600
4271,2604.649675,2,10,2024-06-28 06:31:03,2024-06-29 09:33:42,2600
1803,2604.648323,56,253,2015-07-18 15:22:08,2022-03-18 19:24:41,2572.508514
4660,2604.636442,4,14,2025-03-17 06:59:47,2025-03-20 06:53:27,2600
4012,2604.622291,2,12,2024-02-23 01:44:51,2024-02-24 22:20:11,2600
3822,2604.568384,2,10,2024-01-19 18:42:56,2024-01-20 18:42:16,2600
3844,2604.546405,3,14,2024-02-23 22:08:48,2024-02-25 03:25:24,2600
3090,2604.532287,4,14,2023-02-28 07:36:59,2023-03-02 07:20:37,2600
4014,2604.515068,2,10,2024-02-23 21:52:31,2024-02-24 17:51:40,2600
4563,2604.48632,2,8,2025-01-24 07:31:56,2025-01-25 03:35:27,2600
3926,2604.461569,2,8,2024-01-26 05:07:39,2024-01-26 12:07:32,2600
3951,2604.460667,2,8,2024-01-26 05:14:24,2024-01-26 12:09:46,2600
1320,2604.448302,7,31,2013-08-14 15:39:09,2017-08-24 14:12:03,2600
4330,2604.411897,2,8,2024-07-19 15:15:40,2024-07-20 11:43:10,2600
3155,2604.406675,4,25,2023-06-03 03:00:08,2023-06-10 12:02:27,2600
1452,2604.399357,2,10,2013-11-14 13:22:38,2013-11-14 17:23:57,2600
897,2604.389648,42,210,2011-12-10 12:40:54,2025-05-09 20:49:45,2584.082489
703,2604.358456,2,8,2011-09-29 16:56:02,2011-09-30 11:52:39,2600
1446,2604.3565,2,12,2013-11-14 12:21:28,2013-11-14 15:18:33,2600
2300,2604.353659,1,6,2017-09-12 12:11:39,2017-09-12 12:11:39,2600
4451,2604.330874,1,7,2024-09-28 12:04:14,2024-09-28 12:04:14,2600
1664,2604.318681,4,18,2015-02-25 14:22:11,2016-02-25 10:12:28,2600
3211,2604.202222,6,77,2003-01-21 00:00:00,2004-02-10 00:00:00,2600
3107,2604.191291,4,22,2023-02-25 03:14:36,2023-02-26 03:00:21,2600
4010,2604.189729,2,7,2024-02-16 14:33:05,2024-02-16 18:20:11,2600
3383,2604.176484,2,13,1997-01-03 00:00:00,1997-01-03 00:00:00,2600
3257,2604.175049,6,80,1997-01-03 00:00:00,2001-02-20 00:00:00,2600
2184,2604.149962,163,1652,1977-04-18 00:00:00,2019-10-24 14:10:18,2637.315014
3345,2604.143234,2,14,1997-01-03 00:00:00,1997-01-03 00:00:00,2600
690,2604.142101,2,10,2011-09-29 14:26:20,2011-09-30 13:23:55,2600
4913,2604.141085,2,17,1991-08-22 00:00:00,1991-08-22 00:00:00,2600
3285,2604.067615,3,36,1997-01-03 00:00:00,1998-01-02 00:00:00,2600
3797,2604.062907,2,7,2020-01-10 00:00:00,2020-01-10 00:00:00,2600
780,2604.023994,3,15,2011-10-20 14:13:22,2011-10-22 08:23:29,2600
2095,2604.014162,5,33,2016-09-05 06:50:24,2016-09-07 08:33:45,2600
2543,2604.011203,6,26,2019-06-20 04:01:20,2023-03-01 10:01:54,2600
851,2603.87449,3,17,2011-11-10 18:55:30,2011-11-10 23:38:46,2600
4536,2603.870593,5,23,2025-01-18 14:03:38,2025-01-21 08:53:23,2600
84,2603.84942,14,83,2010-08-01 10:00:00,2015-02-26 13:57:50,2600
2795,2603.84778,9,18,2021-08-10 15:03:12,2021-09-04 14:00:56,2600
3225,2603.833483,12,104,1997-09-17 00:00:00,2005-03-26 00:00:00,2600
3035,2603.827865,5,20,2022-11-25 12:09:03,2025-03-20 09:23:21,2600
1946,2603.795651,22,179,1992-01-14 00:00:00,2019-10-05 11:39:53,2600
1786,2603.785895,6,31,2015-06-15 04:14:56,2015-06-20 11:35:09,2600
909,2603.785264,11,63,2012-03-26 05:34:51,2023-11-15 09:59:04,2600
3010,2603.762924,12,49,2022-10-14 13:49:17,2025-03-15 14:55:09,2600
1081,2603.725569,3,15,2012-10-17 17:26:14,2012-10-20 07:33:01,2600
360,2603.701958,3,15,2010-08-01 10:00:00,2010-08-01 10:00:00,2600
672,2603.693658,65,689,1990-10-29 00:00:00,2011-11-10 23:38:46,2610.879071
2563,2603.643432,2,11,2019-07-01 00:14:55,2019-07-01 00:16:20,2600
3569,2603.614766,4,17,2023-10-13 15:39:11,2024-08-02 09:20:49,2600
3485,2603.55626,11,110,1990-10-29 00:00:00,1993-02-22 00:00:00,2600
1673,2603.532675,3,15,2015-02-25 11:30:43,2015-02-27 20:19:57,2600
2136,2603.51491,52,150,2016-10-08 11:55:35,2022-04-03 09:13:15,2600
4164,2603.50354,14,63,2025-01-18 10:44:52,2025-05-22 04:33:06,2600
417,2603.501282,6,35,2010-10-07 00:00:00,2011-10-06 13:50:41,2600
2598,2603.483884,6,18,2019-10-17 00:27:25,2019-10-18 23:16:50,2600
2933,2603.452204,5,29,2022-06-02 03:00:47,2022-06-08 07:33:22,2600
1984,2603.451971,3,19,2015-10-19 13:45:06,2019-10-24 17:19:09,2600
3355,2603.450766,2,10,1997-01-03 00:00:00,1997-01-03 00:00:00,2600
2082,2603.440466,8,44,2016-08-24 13:54:25,2018-08-24 14:25:10,2600
1749,2603.434674,18,94,2015-05-15 14:50:53,2023-06-04 13:24:33,2600
2402,2603.433432,7,33,2018-08-22 12:14:15,2023-06-03 11:48:11,2600
3552,2603.400052,6,34,2023-10-13 15:39:11,2024-10-12 02:22:29,2600
880,2603.385485,12,50,2011-11-10 20:45:09,2025-03-19 06:49:26,2600
4358,2603.366639,2,10,2024-08-02 00:56:03,2024-08-02 05:26:42,2600
2935,2603.351777,4,28,2022-06-02 06:00:49,2022-06-08 06:02:23,2600
3555,2603.338796,4,16,2023-10-13 15:39:11,2024-10-11 01:59:07,2600
3125,2603.299845,17,73,2023-05-27 12:52:12,2025-05-30 09:03:55,2600
1415,2603.280259,1,7,2013-10-20 10:39:17,2013-10-20 10:39:17,2600
4655,2603.278654,3,12,2025-03-17 06:58:31,2025-03-18 17:29:20,2600
2186,2603.254445,3,19,2017-05-09 07:58:24,2017-05-18 07:57:52,2600
3630,2603.225228,4,25,2023-10-12 00:00:00,2024-10-10 02:07:02,2600
478,2603.216569,14,145,2002-02-11 00:00:00,2011-07-04 00:00:00,2600
2523,2603.177727,6,29,2019-06-24 11:32:52,2019-06-29 11:06:26,2600
1677,2603.177194,4,19,2015-02-25 16:09:27,2020-08-04 12:00:55,2600
3526,2603.172308,1,7,1997-09-17 00:00:00,1997-09-17 00:00:00,2600
4312,2603.156632,1,9,1983-10-10 00:00:00,1983-10-10 00:00:00,2600
540,2603.13708,32,164,2011-05-12 18:14:10,2025-05-31 08:40:59,2600
3714,2603.133351,2,7,2009-07-22 00:00:00,2009-07-22 00:00:00,2600
1908,2603.130685,3,15,2015-08-26 13:22:57,2015-08-27 17:43:04,2600
3712,2603.111682,2,7,2009-07-22 00:00:00,2009-07-22 00:00:00,2600
4714,2603.101889,3,17,2025-05-14 06:06:33,2025-05-21 08:21:19,2600
720,2603.092635,9,51,2011-09-21 14:01:21,2013-11-07 21:14:06,2600
1788,2603.066005,5,25,2015-06-15 04:14:56,2015-06-19 11:22:22,2600
1604,2603.022189,2,11,2014-10-20 08:22:34,2014-10-22 04:47:06,2600
1482,2603.010983,9,49,2014-03-05 04:42:13,2015-10-20 14:11:45,2600
4375,2602.984831,2,7,2024-08-02 01:02:18,2024-08-02 09:12:18,2600
3629,2602.920307,5,27,2023-10-12 00:00:00,2024-10-11 01:59:07,2600
4734,2602.914396,4,12,2025-05-20 01:25:27,2025-05-22 01:20:42,2600
4209,2602.913941,4,17,2024-05-21 00:00:00,2024-08-30 17:08:37,2600
2957,2602.900165,2,8,2022-07-13 16:31:09,2022-07-15 16:32:15,2600
2625,2602.880026,2,9,2019-10-24 17:04:02,2019-10-24 17:16:13,2600
3130,2602.852252,12,69,2023-05-27 17:01:22,2025-05-27 15:31:57,2600
1929,2602.832911,5,36,2015-09-07 06:32:25,2015-09-09 09:00:48,2600
1027,2602.812503,15,74,2012-08-23 14:05:14,2018-08-22 10:19:15,2600
2037,2602.79199,4,17,2016-05-11 14:50:20,2016-05-20 19:36:37,2600
2650,2602.784277,3,17,2019-10-24 17:08:11,2019-10-25 07:18:18,2600
2043,2602.775322,5,27,2016-05-12 08:21:30,2016-05-20 13:31:08,2600
2086,2602.7571,12,57,2016-08-25 10:31:42,2018-05-26 12:44:36,2600
1325,2602.724606,3,15,2013-08-22 09:22:33,2013-08-22 18:56:44,2600
356,2602.715834,2,9,2010-08-01 10:00:00,2010-08-01 10:00:00,2600
2516,2602.675069,5,25,2019-06-24 11:32:52,2019-06-28 14:23:16,2600
3083,2602.662874,4,12,2023-01-30 22:57:22,2023-02-01 07:57:16,2600
4723,2602.621378,5,28,2025-05-13 08:39:19,2025-05-21 08:40:24,2600
3584,2602.616419,12,81,1987-02-15 00:00:00,2024-10-11 22:37:29,2600
3580,2602.607932,2,11,2023-10-13 15:39:11,2023-10-13 15:41:59,2600
4024,2602.607932,2,11,2024-02-23 18:01:07,2024-02-24 18:34:28,2600
1084,2602.595509,2,11,2012-10-17 17:26:14,2012-10-17 19:58:01,2600
4244,2602.592673,4,9,2024-03-07 00:00:00,2024-03-07 00:00:00,2600
3812,2602.535299,5,26,2024-01-20 18:42:16,2025-01-18 17:45:26,2600
4617,2602.534848,2,6,2025-02-07 13:42:11,2025-02-07 18:12:36,2600
2384,2602.522043,2,8,2018-08-23 15:15:15,2018-08-25 07:32:48,2600
1454,2602.516176,3,17,2013-11-14 13:22:38,2015-02-25 18:08:38,2600
2240,2602.494666,5,25,2017-07-03 04:42:44,2017-07-07 05:04:44,2600
3377,2602.484651,2,13,1997-01-03 00:00:00,1997-01-03 00:00:00,2600
727,2602.448904,4,22,2011-09-21 17:32:53,2011-10-08 14:03:26,2600
4183,2602.437044,2,7,2024-07-19 10:08:04,2024-07-20 08:05:56,2600
3373,2602.418898,2,17,1997-01-03 00:00:00,1997-01-03 00:00:00,2600
4352,2602.417424,2,6,2024-08-02 00:56:03,2024-08-02 05:26:42,2600
2457,2602.415431,4,17,2019-03-14 12:34:39,2020-03-12 12:45:49,2600
544,2602.410724,11,61,2011-05-13 09:06:15,2012-12-13 13:48:14,2600
3371,2602.401381,2,13,1997-01-03 00:00:00,1997-01-03 00:00:00,2600
2128,2602.39424,11,38,2016-09-28 11:27:53,2017-02-18 09:30:40,2600
3864,2602.379438,4,17,2024-02-03 12:24:00,2024-02-06 15:32:04,2600
3037,2602.379206,2,9,2022-11-25 12:32:46,2022-11-25 16:26:54,2600
3827,2602.37408,2,13,2024-01-19 17:33:45,2024-01-20 18:42:16,2600
753,2602.37408,2,13,2011-10-20 08:18:44,2011-10-20 16:39:20,2600
2875,2602.373193,98,1188,1975-01-13 00:00:00,1991-03-22 00:00:00,2658.375138
385,2602.371869,58,344,1997-01-03 00:00:00,2017-05-11 16:46:12,2607.042133
2871,2602.34955,51,616,1991-01-01 00:00:00,2004-02-10 00:00:00,2594.663314
4448,2602.334313,2,7,2024-10-04 12:02:02,2024-10-04 16:32:20,2600
311,2602.304729,4,17,2010-08-01 10:00:00,2012-08-23 14:05:14,2600
800,2602.287464,73,697,1984-10-20 00:00:00,2013-10-03 18:06:39,2631.78364
3608,2602.284148,2,11,2023-10-13 15:39:11,2023-10-13 15:41:59,2600
4247,2602.269268,7,20,2024-03-07 00:00:00,2024-03-07 00:00:00,2600
807,2602.26054,2,8,2011-11-10 13:54:06,2011-11-10 15:17:35,2600
3883,2602.255155,4,18,2024-02-04 15:35:46,2024-02-07 16:48:26,2600
669,2602.238283,122,1139,1988-10-10 00:00:00,2013-10-19 18:46:54,2688.646826
1966,2602.223957,2,8,2015-11-04 15:05:12,2015-11-05 13:45:49,2600
1066,2602.211088,2,11,2012-10-17 17:22:55,2012-10-17 19:00:15,2600
4234,2602.199855,5,14,2024-03-07 00:00:00,2024-03-07 00:00:00,2600
1269,2602.18763,5,26,2013-07-18 09:58:11,2013-11-14 21:53:57,2600
3929,2602.181398,2,9,2024-01-26 05:14:24,2024-01-26 12:09:46,2600
1843,2602.16487,7,38,2015-07-18 13:08:26,2015-07-23 19:28:35,2600
378,2602.152595,6,26,2010-09-30 00:00:00,2017-03-04 10:19:53,2600
860,2602.140724,2,8,2011-11-10 18:59:26,2011-11-10 20:47:58,2600
3820,2602.14032,2,9,2024-01-19 17:37:06,2024-01-20 18:42:16,2600
4299,2602.14032,2,9,2024-06-28 11:00:59,2024-06-29 07:09:22,2600
3887,2602.126035,4,14,2024-02-04 09:03:35,2024-02-08 10:56:38,2600
4587,2602.117367,4,15,2025-01-24 13:24:39,2025-01-28 10:31:24,2600
842,2602.078705,2,8,2011-11-10 13:54:06,2011-11-10 18:59:26,2600
3713,2602.071435,2,9,2009-07-22 00:00:00,2009-07-22 00:00:00,2600
622,2602.068542,2,13,2011-08-25 12:56:13,2011-08-25 19:07:05,2600
825,2602.046303,2,11,2011-11-10 13:54:06,2011-11-10 18:59:26,2600
317,2602.040701,4,16,2010-08-01 10:00:00,2011-08-25 10:28:34,2600
4116,2602.034688,5,23,2025-03-14 07:10:42,2025-03-15 20:10:22,2600
4134,2602.026304,4,13,2025-05-20 06:41:37,2025-05-23 01:29:29,2600
308,2602.015345,4,16,2010-08-01 10:00:00,2011-08-26 22:56:34,2600
4220,2601.999509,4,15,2024-05-21 12:51:49,2024-08-30 10:54:49,2600
4568,2601.974588,3,13,2025-01-24 00:47:11,2025-01-25 06:58:17,2600
3666,2601.878925,5,23,2023-10-16 17:24:32,2023-10-19 17:54:44,2600
4138,2601.870314,4,14,2025-05-20 03:53:11,2025-05-23 08:18:54,2600
3231,2601.865607,1,19,2002-02-11 00:00:00,2002-02-11 00:00:00,2600
2432,2601.865305,34,104,2018-10-24 22:33:05,2024-10-06 22:27:28,2600
4403,2601.860657,1,7,2024-08-19 06:31:40,2024-08-19 06:31:40,2600
4662,2601.855009,4,14,2025-03-17 07:06:32,2025-03-20 06:53:27,2600
751,2601.838455,2,8,2011-10-20 08:18:44,2011-10-20 16:39:20,2600
964,2601.819991,13,74,2012-06-19 09:08:55,2014-10-20 07:42:07,2600
4089,2601.812866,3,11,2025-03-17 15:16:08,2025-03-19 13:42:18,2600
3605,2601.812013,8,54,1986-02-16 00:00:00,2024-10-11 22:38:05,2600
3259,2601.810738,4,69,1999-01-03 00:00:00,2000-01-03 00:00:00,2600
4133,2601.802341,4,14,2025-05-21 03:47:22,2025-05-24 05:20:06,2600
363,2601.796346,2,11,2010-08-01 10:00:00,2010-08-01 10:00:00,2600
332,2601.766186,4,18,2010-08-01 10:00:00,2011-08-25 21:08:05,2600
646,2601.73914,2,9,2011-08-25 13:16:36,2011-08-25 21:08:05,2600
1728,2601.730889,4,22,2015-05-14 13:17:20,2015-05-20 12:51:11,2600
3167,2601.729205,3,18,2023-06-03 04:49:53,2023-06-07 04:33:17,2600
4558,2601.722243,2,7,2025-01-24 00:47:11,2025-01-24 05:05:35,2600
4740,2601.702114,4,14,2025-05-20 03:51:54,2025-05-23 06:27:42,2600
1264,2601.684581,2,10,2013-07-18 07:48:32,2013-07-18 16:32:45,2600
1550,2601.675512,1,7,2014-08-07 07:22:03,2014-08-07 07:22:03,2600
1586,2601.633511,12,59,2014-10-01 16:04:18,2024-01-06 12:19:44,2600
2652,2601.62962,3,18,2019-10-24 17:08:11,2019-10-25 07:18:18,2600
371,2601.625066,6,25,2010-09-30 00:00:00,2012-10-18 19:19:42,2600
1600,2601.587727,1,6,2014-10-21 04:39:03,2014-10-21 04:39:03,2600
4689,2601.562674,6,18,2025-03-30 22:40:50,2025-04-01 22:03:17,2600
3928,2601.546596,4,17,2024-01-26 05:07:39,2025-01-24 03:05:11,2600
3344,2601.535054,6,34,1997-01-03 00:00:00,2024-02-16 13:12:16,2600
4223,2601.511976,7,28,2024-05-21 10:07:53,2025-01-29 19:32:53,2600
265,2601.5006,2,9,2010-08-01 10:00:00,2010-08-01 10:00:00,2600
3301,2601.500227,6,94,1995-01-04 00:00:00,1997-01-03 00:00:00,2600
1299,2601.495787,7,39,2013-09-25 11:03:31,2015-10-20 04:51:40,2600
2536,2601.489885,4,13,2019-06-20 03:51:30,2019-06-21 07:39:09,2600
1836,2601.455785,6,34,2015-07-18 07:15:58,2015-07-23 13:07:56,2600
4522,2601.443804,2,10,2025-01-17 14:34:41,2025-01-18 06:51:10,2600
731,2601.43974,7,25,2011-10-05 09:44:43,2015-12-22 10:03:29,2600
3168,2601.419146,8,36,2023-06-03 04:49:53,2025-01-30 12:23:57,2600
2614,2601.378035,2,10,2019-10-24 17:04:02,2019-10-24 17:16:13,2600
4743,2601.354769,4,15,2025-05-20 03:52:22,2025-05-22 09:16:28,2600
370,2601.337332,18,94,2010-09-30 00:00:00,2015-10-09 07:58:00,2600
1683,2601.334997,12,57,2015-02-25 18:08:38,2023-11-15 09:59:04,2600
2454,2601.264366,3,16,2019-03-14 10:09:41,2019-03-16 13:58:02,2600
2858,2601.252291,16,67,2022-03-18 10:53:59,2025-03-19 13:01:05,2600
3815,2601.244849,3,17,2024-01-19 17:34:32,2024-01-20 18:47:17,2600
1531,2601.23232,1,6,2014-06-19 07:51:03,2014-06-19 07:51:03,2600
3503,2601.207274,5,59,1991-02-17 00:00:00,1992-03-21 00:00:00,2600
3429,2601.190914,1,9,1997-01-03 00:00:00,1997-01-03 00:00:00,2600
3182,2601.163324,1,8,2023-09-11 11:34:20,2023-09-11 11:34:20,2600
4664,2601.133513,4,14,2025-03-17 07:10:04,2025-03-20 06:53:27,2600
845,2601.111613,3,16,2011-11-10 14:36:51,2012-10-18 13:17:18,2600
1238,2601.106125,11,65,2013-06-11 06:30:45,2015-10-19 09:11:36,2600
4343,2601.091483,2,6,2024-07-19 19:02:34,2024-07-20 10:53:19,2600
1790,2601.073691,5,25,2015-06-15 04:14:56,2015-06-19 11:22:22,2600
1127,2601.071307,2,9,2012-11-15 17:51:09,2012-11-16 10:46:59,2600
1839,2601.061279,6,29,2015-07-18 13:07:09,2015-07-23 17:16:03,2600
1980,2601.04111,2,8,2015-10-19 06:40:14,2015-10-20 07:08:59,2600
4580,2601.035522,5,20,2025-01-24 11:06:28,2025-01-29 17:13:23,2600
3263,2601.034912,4,57,1997-01-03 00:00:00,1999-01-03 00:00:00,2600
3337,2601.029809,3,20,1995-10-16 00:00:00,1997-01-03 00:00:00,2600
2114,2601.020328,3,13,2016-09-28 11:29:50,2016-09-28 14:20:47,2600
411,2600.997903,8,47,2010-10-07 00:00:00,2018-09-05 06:49:49,2600
1711,2600.99649,1,6,2015-01-21 10:48:54,2015-01-21 10:48:54,2600
4384,2600.974527,2,10,2024-08-02 04:26:58,2024-08-02 21:52:07,2600
3458,2600.963439,3,31,1994-01-08 00:00:00,1996-10-16 00:00:00,2600
230,2600.944,6,33,2010-08-01 10:00:00,2013-05-12 14:58:14,2600
4079,2600.859628,4,14,2025-03-17 15:58:47,2025-03-20 09:22:22,2600
4410,2600.853331,1,6,2024-08-30 13:12:30,2024-08-30 13:12:30,2600
3265,2600.828241,26,310,1987-02-15 00:00:00,1999-01-03 00:00:00,2557.202031
3342,2600.817515,2,15,1997-01-03 00:00:00,1997-01-03 00:00:00,2600
4497,2600.809079,2,9,2024-12-14 13:04:07,2024-12-14 17:02:23,2600
744,2600.805428,2,11,2011-10-20 08:18:44,2011-10-20 16:39:20,2600
4466,2600.78538,2,8,2024-10-10 23:10:29,2024-10-11 04:53:31,2600
1784,2600.785229,5,25,2015-06-15 14:58:23,2015-06-19 05:08:02,2600
3352,2600.7635,2,16,1997-01-03 00:00:00,1997-01-03 00:00:00,2600
512,2600.686897,1,8,2010-03-29 00:00:00,2010-03-29 00:00:00,2600
849,2600.67214,3,15,2011-11-10 14:13:12,2011-11-10 23:38:46,2600
1362,2600.656587,2,6,2013-10-03 12:39:43,2013-10-03 14:28:52,2600
3995,2600.600498,7,31,2024-01-29 11:12:32,2025-03-15 11:28:08,2600
2587,2600.599304,4,10,2019-09-14 08:57:40,2019-09-14 19:31:32,2600
2331,2600.59551,4,26,1997-01-03 00:00:00,2018-03-23 13:02:53,2600
3960,2600.594347,3,12,2024-01-26 12:09:46,2025-01-25 03:36:39,2600
3283,2600.593731,4,49,1997-01-03 00:00:00,1998-01-02 00:00:00,2600
2589,2600.592216,10,23,2019-09-14 08:59:03,2025-01-20 10:42:57,2600
4366,2600.582668,2,6,2024-08-02 00:56:03,2024-08-02 07:48:53,2600
3524,2600.580095,5,19,2023-10-20 09:20:29,2024-02-06 13:21:50,2600
3795,2600.560507,5,20,2024-01-11 10:00:56,2024-05-21 12:51:49,2600
2451,2600.549731,4,13,2019-03-13 16:00:01,2020-03-12 14:30:30,2600
2919,2600.532981,11,56,2022-06-01 07:13:09,2024-10-11 22:14:13,2600
3415,2600.531015,1,9,1997-01-03 00:00:00,1997-01-03 00:00:00,2600
4391,2600.519647,2,6,2024-08-02 04:26:58,2024-08-02 21:52:07,2600
1856,2600.492558,7,37,2015-07-18 12:17:11,2015-07-23 13:07:56,2600
1952,2600.465329,1,7,2015-09-15 06:01:55,2015-09-15 06:01:55,2600
1961,2600.464943,3,18,2015-11-04 11:01:54,2017-08-24 12:18:39,2600
4287,2600.450901,2,8,2024-06-28 07:02:45,2024-06-29 05:39:15,2600
4242,2600.425178,5,13,2024-03-07 00:00:00,2024-03-07 00:00:00,2600
3006,2600.423006,2,6,2022-09-16 13:01:14,2022-09-16 17:21:56,2600
2413,2600.411474,3,9,2018-09-15 11:49:33,2018-09-15 18:54:32,2600
570,2600.411058,4,20,2011-07-11 06:10:40,2011-07-15 08:14:09,2600
974,2600.389353,30,195,2012-07-02 07:08:56,2024-02-12 19:01:36,2600
4503,2600.373659,2,10,2024-12-14 17:02:23,2024-12-15 00:06:52,2600
1376,2600.370572,2,11,2013-09-24 11:06:10,2014-03-05 11:02:33,2600
2672,2600.366072,3,7,2019-11-23 10:05:02,2019-11-23 14:49:49,2600
4676,2600.299915,3,11,2025-03-17 12:49:19,2025-03-19 10:39:46,2600
3621,2600.287744,2,8,2023-10-12 00:00:00,2023-10-13 15:39:11,2600
4314,2600.282832,1,9,1982-10-11 00:00:00,1982-10-11 00:00:00,2600
293,2600.269792,2,10,2010-08-01 10:00:00,2010-08-01 10:00:00,2600
365,2600.269792,2,10,2010-08-01 10:00:00,2010-08-01 10:00:00,2600
4228,2600.263971,2,8,2024-05-21 10:07:53,2024-05-22 07:17:51,2600
1277,2600.257345,2,8,2013-07-18 11:32:25,2013-07-18 20:38:20,2600
3548,2600.25363,4,16,2023-10-13 15:39:11,2024-01-26 12:09:46,2600
3540,2600.20728,5,18,2023-10-16 17:14:26,2023-10-19 17:35:46,2600
4065,2600.202668,4,15,2025-03-17 12:09:16,2025-03-20 06:53:27,2600
4516,2600.19913,2,12,2024-12-14 17:02:23,2024-12-15 00:06:52,2600
3539,2600.195973,6,24,2023-10-16 17:14:26,2023-10-19 15:36:13,2600
4251,2600.166113,5,12,2024-03-07 00:00:00,2024-03-07 00:00:00,2600
3245,2600.155801,4,57,1997-01-03 00:00:00,2000-01-03 00:00:00,2600
4259,2600.148757,4,10,2024-03-07 00:00:00,2024-03-07 00:00:00,2600
2555,2600.135362,4,16,2019-06-20 08:52:34,2019-06-21 14:07:53,2600
330,2600.12592,2,14,2010-08-01 10:00:00,2010-08-01 10:00:00,2600
366,2600.08675,6,25,2010-08-01 10:00:00,2013-07-18 09:58:11,2600
3030,2600.07416,9,37,2022-11-25 11:02:15,2025-03-18 17:41:45,2600
2928,2600.067472,3,16,2022-06-01 13:07:22,2022-06-08 04:30:57,2600
428,2600.066696,4,23,2010-10-22 00:00:00,2012-02-01 15:57:16,2600
4250,2600.063122,4,10,2024-03-07 00:00:00,2024-03-07 00:00:00,2600
477,2600.0401,26,206,2009-08-01 10:00:00,2011-12-18 11:41:09,2579.460545
3720,2600,2,6,2001-08-22 00:00:00,2001-08-22 00:00:00,2600
3829,2600,2,8,2024-01-19 17:45:24,2024-01-20 18:42:16,2600
2542,2599.991444,4,16,2019-06-20 10:30:45,2019-06-21 14:07:53,2600
3577,2599.986402,2,6,2024-08-02 01:02:18,2024-08-02 08:23:47,2600
4293,2599.985169,2,8,2024-06-28 08:01:13,2024-06-29 05:38:05,2600
4266,2599.962796,4,10,2024-03-07 00:00:00,2024-03-07 00:00:00,2600
810,2599.951831,4,20,2011-11-10 13:54:06,2012-10-18 07:29:21,2600
4602,2599.934422,3,12,2025-01-24 16:47:52,2025-01-27 14:58:09,2600
4099,2599.927137,4,14,2025-03-17 17:04:04,2025-03-20 06:53:27,2600
4215,2599.915234,2,8,2024-05-21 10:07:53,2024-05-22 07:17:51,2600
4374,2599.912104,2,6,2024-08-02 01:02:18,2024-08-02 09:03:55,2600
3823,2599.897583,5,31,2024-01-19 19:09:12,2025-01-19 21:25:23,2600
2999,2599.891738,2,6,2022-09-16 12:52:15,2022-09-16 16:35:55,2600
4566,2599.883781,2,6,2025-01-24 07:31:56,2025-01-25 01:53:03,2600
3068,2599.873322,2,6,2023-01-06 14:19:37,2023-01-06 18:58:43,2600
425,2599.861958,7,48,2010-10-07 00:00:00,2024-07-20 11:43:10,2600
2692,2599.856098,2,8,2020-03-11 11:05:22,2020-03-12 08:13:53,2600
3956,2599.856098,2,8,2024-01-26 05:14:24,2024-01-26 05:25:42,2600
4204,2599.856098,2,8,2024-05-21 04:48:24,2024-05-21 12:51:49,2600
2883,2599.842091,8,35,2022-04-05 13:43:44,2025-03-19 06:55:52,2600
631,2599.839435,39,211,2011-08-07 10:12:01,2022-10-14 15:32:39,2584.77933
2820,2599.836079,7,16,2022-01-15 09:59:08,2022-04-02 14:17:29,2600
4356,2599.832712,2,10,2024-08-02 00:56:03,2024-08-02 05:26:42,2600
4298,2599.830875,2,9,2024-06-28 09:24:59,2024-06-29 05:40:55,2600
3066,2599.810286,2,8,2023-01-06 09:01:36,2023-01-06 12:58:09,2600
4364,2599.809525,2,6,2024-08-02 00:56:03,2024-08-02 07:27:53,2600
574,2599.807679,4,20,2011-07-11 06:08:31,2011-07-15 08:57:22,2600
2618,2599.801506,2,9,2019-10-24 17:04:02,2019-10-24 17:16:13,2600
1530,2599.795519,3,17,2014-06-17 13:55:19,2015-10-20 04:18:46,2600
3613,2599.78884,3,14,2023-10-13 15:39:11,2024-01-26 12:09:46,2600
1723,2599.773629,4,23,2015-05-14 08:32:20,2015-05-22 11:48:30,2600
689,2599.760524,9,44,2011-09-29 14:26:20,2025-03-20 17:21:37,2600
3343,2599.749954,2,17,1997-01-03 00:00:00,1997-01-03 00:00:00,2600
199,2599.738599,3,18,2011-08-06 19:07:06,2011-08-18 15:27:23,2600
2256,2599.732063,3,15,2017-08-22 14:52:42,2017-08-24 14:00:33,2600
892,2599.731881,74,480,2011-11-27 18:54:08,2023-06-02 12:54:32,2614.676571
2641,2599.712864,1,6,2019-10-24 17:08:11,2019-10-24 17:08:11,2600
3565,2599.712256,2,8,2023-10-13 15:39:11,2023-10-13 15:41:59,2600
2213,2599.708171,5,25,2017-05-11 20:03:18,2020-03-11 15:30:43,2600
1987,2599.661767,2,9,2015-12-10 10:16:43,2015-12-10 15:24:24,2600
1707,2599.658178,3,16,2015-01-21 07:14:11,2019-10-24 17:08:11,2600
3417,2599.656244,3,22,1993-02-22 00:00:00,1997-01-03 00:00:00,2600
2370,2599.65407,23,77,2018-03-14 00:00:00,2019-10-18 23:16:50,2600
2787,2599.645984,4,22,2021-05-27 15:33:19,2021-06-09 10:15:16,2600
2791,2599.618918,7,18,2021-08-10 15:00:52,2021-11-27 19:24:39,2600
201,2599.616513,97,507,2010-08-01 10:00:00,2023-06-04 16:50:23,2550.997311
2800,2599.606615,1,5,2021-10-10 15:39:22,2021-10-10 15:39:22,2600
3322,2599.594568,4,33,1997-01-03 00:00:00,1997-01-03 00:00:00,2600
268,2599.582864,6,33,2010-08-01 10:00:00,2013-07-18 16:32:45,2600
4326,2599.560687,2,6,2024-07-19 15:19:35,2024-07-20 11:43:10,2600
3828,2599.533161,2,8,2024-01-19 17:35:56,2024-01-20 18:42:16,2600
2989,2599.501047,4,9,2022-08-26 21:57:03,2022-08-27 22:16:25,2600
2251,2599.489932,2,12,2017-08-22 13:21:14,2017-08-23 10:05:02,2600
2642,2599.485838,1,5,2019-10-24 17:08:11,2019-10-24 17:08:11,2600
1331,2599.48392,2,10,2013-08-22 09:22:33,2013-08-22 14:44:56,2600
1441,2599.455933,1,7,2013-11-14 09:15:59,2013-11-14 09:15:59,2600
1667,2599.441489,2,12,2015-02-25 13:12:51,2015-02-27 20:19:57,2600
3223,2599.423653,11,163,1999-01-03 00:00:00,2003-01-21 00:00:00,2600
1154,2599.408847,2,10,2012-11-05 11:33:05,2012-11-07 05:03:31,2600
944,2599.403209,5,26,2005-03-26 00:00:00,2012-11-06 11:29:54,2600
3807,2599.382175,3,6,2024-01-19 09:03:07,2024-01-20 10:49:13,2600
2090,2599.369718,48,296,1997-01-03 00:00:00,2025-05-28 13:36:21,2586.902806
831,2599.366818,2,9,2011-11-10 13:54:06,2011-11-10 18:59:26,2600
4118,2599.328078,7,27,2025-03-14 07:15:52,2025-03-20 06:53:27,2600
2939,2599.3163,5,29,2022-06-02 10:28:59,2022-06-10 03:00:33,2600
1025,2599.276576,2,9,2012-08-23 12:44:34,2012-08-24 07:05:04,2600
1599,2599.271925,1,5,2014-10-21 04:39:03,2014-10-21 04:39:03,2600
1970,2599.268821,2,8,2015-11-04 17:33:51,2015-11-05 15:21:05,2600
450,2599.261224,3,12,2010-10-28 00:00:00,2015-08-01 12:35:02,2600
3475,2599.224384,19,173,1986-10-18 00:00:00,1992-03-21 00:00:00,2600
1272,2599.218902,1,7,2013-07-18 11:32:25,2013-07-18 11:32:25,2600
3747,2599.188351,2,27,1991-03-22 00:00:00,1991-03-22 00:00:00,2600
3950,2599.180093,3,14,2024-01-26 12:13:12,2025-01-26 03:02:43,2600
3271,2599.156831,3,45,1997-01-03 00:00:00,1999-01-03 00:00:00,2600
3948,2599.139535,2,7,2024-01-26 12:09:46,2024-01-26 12:13:12,2600
3075,2599.128085,11,28,2023-01-20 09:18:26,2025-02-08 14:54:39,2600
3925,2599.122685,4,15,2024-01-26 12:07:32,2025-01-25 03:35:27,2600
3802,2599.108311,1,5,2020-01-10 00:00:00,2020-01-10 00:00:00,2600
1164,2599.098895,3,50,2008-01-03 00:00:00,2008-01-03 00:00:00,2600
258,2599.06699,3,17,2010-08-01 10:00:00,2010-08-01 10:00:00,2600
2207,2599.059524,3,13,2017-05-11 11:37:55,2017-05-17 12:40:29,2600
3038,2599.050729,2,6,2022-11-25 12:09:03,2022-11-25 15:14:22,2600
4189,2599.022742,3,15,2025-05-13 03:00:11,2025-05-21 05:36:49,2600
1495,2599.015626,3,19,2014-05-11 10:21:16,2014-05-17 12:03:01,2600
4394,2599.001316,2,8,2024-08-15 16:37:53,2024-08-16 11:38:17,2600
4443,2598.963939,2,6,2024-10-04 08:07:04,2024-10-04 11:00:51,2600
3082,2598.949331,3,10,2023-01-31 04:01:33,2023-02-01 01:56:19,2600
2925,2598.929156,8,38,2022-06-01 12:10:49,2023-06-10 04:30:49,2600
3386,2598.924866,1,9,1997-01-03 00:00:00,1997-01-03 00:00:00,2600
1832,2598.921848,6,35,2015-07-18 13:06:46,2015-07-23 10:19:16,2600
4396,2598.905941,2,8,2024-08-15 19:33:06,2024-08-16 14:55:04,2600
2328,2598.867929,2,8,2018-03-22 21:55:27,2018-03-23 20:01:18,2600
3409,2598.858906,1,9,1997-01-03 00:00:00,1997-01-03 00:00:00,2600
1048,2598.850499,6,16,2012-09-30 09:00:41,2014-12-20 15:30:45,2600
1910,2598.844256,3,15,2015-08-26 13:22:57,2015-10-08 15:09:27,2600
953,2598.810766,15,83,2012-06-18 11:58:40,2019-10-24 17:16:13,2600
4249,2598.779782,4,12,2024-03-07 00:00:00,2024-03-07 00:00:00,2600
4621,2598.769417,2,7,2025-02-07 12:51:17,2025-02-07 18:09:25,2600
1990,2598.736997,4,20,2015-12-10 11:59:31,2017-03-02 19:58:09,2600
2012,2598.735703,2,10,2016-02-23 16:51:43,2016-02-24 17:15:43,2600
3142,2598.732883,7,35,2023-06-01 03:00:32,2025-05-20 07:21:57,2600
2731,2598.731217,4,19,2025-01-25 10:18:17,2025-01-29 09:02:17,2600
4389,2598.718445,1,4,2024-08-02 04:26:58,2024-08-02 04:26:58,2600
2639,2598.715434,1,5,2019-10-24 17:08:11,2019-10-24 17:08:11,2600
1983,2598.709089,1,6,2015-10-20 12:45:56,2015-10-20 12:45:56,2600
1536,2598.697233,2,9,2014-06-17 04:55:28,2014-06-18 07:15:05,2600
4527,2598.663598,2,11,2025-01-18 09:52:44,2025-01-18 14:29:05,2600
4739,2598.646566,3,10,2025-05-20 03:56:02,2025-05-22 08:11:40,2600
3368,2598.626959,2,17,1997-01-03 00:00:00,1997-01-03 00:00:00,2600
2434,2598.604524,5,15,2018-10-24 22:33:31,2018-10-26 06:00:34,2600
2985,2598.600623,8,20,2022-08-26 21:59:06,2023-08-12 23:11:30,2600
2029,2598.559187,2,9,2016-02-24 17:15:43,2016-02-25 15:05:39,2600
3866,2598.508469,3,9,2024-02-04 10:21:40,2024-02-07 11:08:25,2600
709,2598.496108,2,12,2011-04-11 00:00:00,2011-04-11 00:00:00,2600
3661,2598.494036,9,39,2023-10-19 17:54:44,2024-09-27 07:55:47,2600
3397,2598.489596,1,8,1997-01-03 00:00:00,1997-01-03 00:00:00,2600
3479,2598.487744,1,16,1992-06-20 00:00:00,1992-06-20 00:00:00,2600
1196,2598.461225,13,148,2004-02-10 00:00:00,2006-01-08 00:00:00,2600
681,2598.450953,6,30,2011-09-29 11:15:56,2016-02-23 15:32:42,2600
1473,2598.431114,6,26,2014-02-06 13:05:19,2016-02-23 16:51:43,2600
3529,2598.424502,1,5,2023-10-20 11:12:46,2023-10-20 11:12:46,2600
2033,2598.422727,13,51,2016-02-25 08:36:02,2024-11-07 17:39:24,2600
3606,2598.405763,3,17,2023-10-13 15:39:11,2023-10-14 04:49:02,2600
3359,2598.400239,1,8,1997-01-03 00:00:00,1997-01-03 00:00:00,2600
4479,2598.372039,1,4,2024-11-07 16:02:41,2024-11-07 16:02:41,2600
2633,2598.361672,1,6,2019-10-24 17:08:11,2019-10-24 17:08:11,2600
943,2598.354587,8,48,2007-08-06 00:00:00,2015-01-20 10:59:37,2600
1402,2598.351837,2,10,2013-10-21 07:13:06,2014-03-05 11:02:33,2600
2792,2598.323139,8,17,2021-08-10 15:00:52,2021-09-04 18:30:07,2600
100,2598.317559,7,35,2010-08-01 10:00:00,2013-08-22 18:26:00,2600
1605,2598.303081,2,13,2014-10-21 04:39:03,2015-10-19 04:54:11,2600
3967,2598.282765,4,15,2024-01-26 05:14:24,2025-01-24 05:05:35,2600
1180,2598.276648,2,12,2012-12-13 12:49:20,2012-12-14 09:41:10,2600
2348,2598.275072,33,151,2018-05-15 12:38:35,2024-08-16 10:07:25,2600
4378,2598.244217,6,18,2024-08-02 01:11:24,2025-04-01 02:58:02,2600
2556,2598.228848,3,12,2019-06-20 10:43:51,2019-06-21 10:13:53,2600
850,2598.223242,10,54,2011-11-10 18:55:30,2019-09-04 06:37:11,2600
1574,2598.196312,8,31,2014-08-21 17:35:16,2024-02-09 08:54:03,2600
3379,2598.178704,1,8,1997-01-03 00:00:00,1997-01-03 00:00:00,2600
3004,2598.147699,3,10,2022-09-16 14:46:41,2023-12-15 17:03:41,2600
3958,2598.145537,4,17,2024-01-26 05:25:42,2025-01-24 23:31:44,2600
3508,2598.100736,1,17,1992-03-21 00:00:00,1992-03-21 00:00:00,2600
1698,2598.094898,1,6,2015-01-20 08:13:53,2015-01-20 08:13:53,2600
626,2598.089593,2,9,2011-08-25 12:59:10,2011-08-25 16:59:24,2600
1462,2598.080238,4,20,2014-02-06 09:04:41,2015-02-25 11:25:50,2600
3333,2598.080227,2,15,1997-01-03 00:00:00,1997-01-03 00:00:00,2600
1541,2598.072912,1,7,2014-08-07 17:47:27,2014-08-07 17:47:27,2600
786,2598.058606,6,25,2011-10-20 15:04:10,2025-03-20 13:09:36,2600
3224,2598.020639,24,262,1994-10-10 00:00:00,2003-01-21 00:00:00,2586.177661
3813,2598.018971,2,11,2024-01-20 18:42:16,2024-01-20 18:47:17,2600
3841,2598.003551,1,7,2024-02-24 18:35:30,2024-02-24 18:35:30,2600
3725,2597.995991,1,4,2001-08-22 00:00:00,2001-08-22 00:00:00,2600
471,2597.972889,1,7,2011-02-02 00:00:00,2011-02-02 00:00:00,2600
2163,2597.96837,4,21,2017-03-02 17:27:39,2019-03-14 08:01:59,2600
3284,2597.958932,8,132,1992-06-20 00:00:00,1998-01-02 00:00:00,2600
2615,2597.932089,1,5,2019-10-24 17:04:02,2019-10-24 17:04:02,2600
4569,2597.931512,1,5,2025-01-25 03:35:27,2025-01-25 03:35:27,2600
903,2597.907401,1,7,2011-12-10 15:59:35,2011-12-10 15:59:35,2600
1999,2597.902624,2,5,2015-12-21 12:13:14,2015-12-21 20:06:05,2600
1453,2597.888093,1,7,2013-11-14 13:22:38,2013-11-14 13:22:38,2600
637,2597.861158,2,9,2011-08-25 16:42:30,2011-08-26 22:56:34,2600
3375,2597.837924,2,15,1997-01-03 00:00:00,1997-01-03 00:00:00,2600
1146,2597.837109,6,36,2012-11-05 06:15:40,2014-03-04 05:00:52,2600
3413,2597.83192,1,9,1997-01-03 00:00:00,1997-01-03 00:00:00,2600
797,2597.829568,1,3,2011-10-10 09:01:19,2011-10-10 09:01:19,2600
3348,2597.820411,2,11,1997-01-03 00:00:00,1997-01-03 00:00:00,2600
3517,2597.816085,11,31,2023-10-06 23:06:02,2024-10-06 22:27:28,2600
1894,2597.802108,7,33,2015-07-18 10:04:10,2015-07-23 16:45:12,2600
3430,2597.800188,1,9,1997-01-03 00:00:00,1997-01-03 00:00:00,2600
4648,2597.776485,4,13,2025-03-14 12:52:06,2025-03-15 14:55:09,2600
4524,2597.773296,2,7,2025-01-17 11:12:28,2025-01-18 09:52:44,2600
3941,2597.769792,1,5,2024-01-26 05:14:24,2024-01-26 05:14:24,2600
3381,2597.752612,2,13,1997-01-03 00:00:00,1997-01-03 00:00:00,2600
4703,2597.752291,3,16,2025-05-21 15:48:35,2025-05-27 13:03:50,2600
4560,2597.722468,2,7,2025-01-24 07:31:56,2025-01-25 03:35:27,2600
3993,2597.716822,10,34,2024-01-29 10:58:58,2025-04-02 02:23:49,2600
2739,2597.693758,1,5,2020-03-12 08:13:53,2020-03-12 08:13:53,2600
2414,2597.690811,10,29,2018-10-05 08:04:37,2020-02-01 12:53:14,2600
568,2597.681804,5,25,2011-07-11 06:08:31,2011-07-16 06:24:48,2600
2562,2597.679803,3,15,2019-06-30 22:56:34,2019-06-30 22:56:34,2600
2446,2597.669367,3,9,2019-02-01 09:02:32,2019-02-02 15:59:27,2600
3570,2597.647847,3,15,2023-10-13 15:39:11,2024-10-11 07:04:42,2600
4050,2597.639219,4,16,2025-03-17 16:58:05,2025-03-20 06:53:27,2600
4911,2597.613635,1,9,1991-08-22 00:00:00,1991-08-22 00:00:00,2600
2785,2597.613213,11,63,2021-05-28 13:10:44,2025-05-28 07:59:55,2600
4372,2597.612727,1,5,2024-08-02 01:02:18,2024-08-02 01:02:18,2600
267,2597.612425,1,7,2010-08-01 10:00:00,2010-08-01 10:00:00,2600
3538,2597.601877,7,29,2023-10-16 17:12:47,2023-10-19 18:26:18,2600
2993,2597.591885,6,13,2022-08-26 22:01:30,2022-08-28 18:04:32,2600
3954,2597.579002,1,5,2024-01-26 12:09:46,2024-01-26 12:09:46,2600
3990,2597.576453,4,14,2024-01-29 08:43:42,2024-01-30 19:14:11,2600
4013,2597.571955,2,9,2024-02-23 01:44:51,2024-02-24 22:20:11,2600
1481,2597.56831,4,18,2014-03-04 04:20:37,2015-10-20 07:08:59,2600
3094,2597.566825,3,10,2023-02-28 06:26:21,2023-03-01 08:56:15,2600
700,2597.564872,2,10,2011-09-29 16:14:31,2011-10-01 07:28:29,2600
4553,2597.56355,2,9,2025-01-23 23:02:01,2025-01-24 03:14:01,2600
4695,2597.559454,5,15,2025-03-31 00:08:00,2025-04-01 06:04:12,2600
3428,2597.541509,1,9,1997-01-03 00:00:00,1997-01-03 00:00:00,2600
812,2597.534014,2,12,2011-11-10 14:03:47,2011-11-10 18:59:26,2600
3447,2597.532336,1,5,2020-01-10 00:00:00,2020-01-10 00:00:00,2600
4257,2597.527341,4,9,2024-03-07 00:00:00,2024-03-07 00:00:00,2600
4269,2597.513605,2,9,2024-06-29 07:09:22,2024-06-29 11:28:42,2600
2219,2597.502894,5,25,2017-07-03 13:44:24,2017-07-07 14:23:28,2600
1511,2597.5,1,7,2014-06-17 04:55:28,2014-06-17 04:55:28,2600
1998,2597.5,1,3,2015-12-21 12:13:14,2015-12-21 12:13:14,2600
2246,2597.5,1,7,2017-08-22 08:12:47,2017-08-22 08:12:47,2600
2651,2597.5,1,7,2019-10-24 17:08:11,2019-10-24 17:08:11,2600
270,2597.5,1,7,2010-08-01 10:00:00,2010-08-01 10:00:00,2600
3034,2597.5,1,5,2022-11-25 12:09:03,2022-11-25 12:09:03,2600
3452,2597.5,1,19,1994-01-08 00:00:00,1994-01-08 00:00:00,2600
3550,2597.5,1,7,2023-10-13 15:39:11,2023-10-13 15:39:11,2600
3566,2597.5,1,7,2023-10-13 15:39:11,2023-10-13 15:39:11,2600
3607,2597.5,1,7,2023-10-13 15:39:11,2023-10-13 15:39:11,2600
3806,2597.5,1,5,2024-05-21 10:07:53,2024-05-21 10:07:53,2600
3836,2597.5,1,7,2024-02-23 18:01:07,2024-02-23 18:01:07,2600
3937,2597.5,1,5,2024-01-26 05:07:39,2024-01-26 05:07:39,2600
3965,2597.5,1,5,2024-01-26 05:07:39,2024-01-26 05:07:39,2600
4016,2597.5,1,7,2024-02-24 01:53:27,2024-02-24 01:53:27,2600
4022,2597.5,1,7,2024-02-24 01:53:27,2024-02-24 01:53:27,2600
4268,2597.5,1,7,2024-06-29 05:39:51,2024-06-29 05:39:51,2600
4296,2597.5,1,7,2024-06-29 05:10:22,2024-06-29 05:10:22,2600
4335,2597.5,1,5,2024-07-19 15:54:51,2024-07-19 15:54:51,2600
4357,2597.5,1,5,2024-08-02 00:56:03,2024-08-02 00:56:03,2600
4359,2597.5,1,5,2024-08-02 00:56:03,2024-08-02 00:56:03,2600
4392,2597.5,1,5,2024-08-02 04:26:58,2024-08-02 04:26:58,2600
4450,2597.5,1,5,2024-10-04 13:23:00,2024-10-04 13:23:00,2600
4552,2597.5,1,5,2025-01-23 23:02:01,2025-01-23 23:02:01,2600
4559,2597.5,1,5,2025-01-24 00:47:11,2025-01-24 00:47:11,2600
752,2597.5,1,7,2011-10-20 11:49:30,2011-10-20 11:49:30,2600
778,2597.5,2,11,2011-10-20 14:13:22,2011-10-20 19:38:06,2600
1513,2597.491149,1,7,2014-06-17 04:55:28,2014-06-17 04:55:28,2600
970,2597.489167,1,5,2012-06-18 09:11:07,2012-06-18 09:11:07,2600
814,2597.488737,2,11,2011-11-10 13:54:06,2011-11-10 18:59:26,2600
4470,2597.488142,1,7,2024-10-10 08:09:48,2024-10-10 08:09:48,2600
2540,2597.484782,19,54,2019-06-20 03:58:35,2024-10-06 22:27:28,2600
2517,2597.481914,5,25,2019-06-24 11:32:52,2019-06-28 14:45:14,2600
3356,2597.452753,1,9,1997-01-03 00:00:00,1997-01-03 00:00:00,2600
493,2597.45241,6,58,2005-07-20 00:00:00,2009-02-05 00:00:00,2600
3448,2597.44611,1,7,1991-09-18 00:00:00,1991-09-18 00:00:00,2600
2003,2597.445286,1,3,2015-12-21 15:59:18,2015-12-21 15:59:18,2600
2257,2597.443139,1,7,2017-08-22 14:52:42,2017-08-22 14:52:42,2600
1975,2597.427917,1,7,2015-10-19 04:54:11,2015-10-19 04:54:11,2600
4613,2597.42148,4,20,2024-12-20 00:00:00,2025-05-22 06:05:02,2600
3191,2597.4191,1,4,2023-09-15 10:51:41,2023-09-15 10:51:41,2600
3098,2597.415199,5,28,2023-02-25 03:14:36,2023-02-27 03:58:12,2600
3717,2597.41359,1,4,2005-07-20 00:00:00,2005-07-20 00:00:00,2600
232,2597.398727,7,35,2010-08-01 10:00:00,2025-05-29 09:05:07,2600
2913,2597.397307,3,19,2022-06-01 06:24:37,2022-06-07 09:05:21,2600
3952,2597.390894,3,13,2024-01-26 05:07:39,2024-01-26 12:09:46,2600
1251,2597.38817,1,5,2013-06-13 05:00:49,2013-06-13 05:00:49,2600
1304,2597.385148,11,35,2013-08-14 11:04:44,2023-11-19 10:06:37,2600
254,2597.37408,1,7,2010-08-01 10:00:00,2010-08-01 10:00:00,2600
3893,2597.370869,5,19,2024-02-03 14:03:35,2024-02-08 16:56:52,2600
837,2597.361054,5,27,2011-11-10 14:13:12,2013-11-14 20:20:59,2600
1271,2597.354837,2,10,2013-07-18 09:58:11,2013-07-18 18:25:42,2600
2080,2597.333808,10,42,2016-08-24 13:54:25,2025-03-20 09:04:01,2600
3336,2597.320906,2,14,1997-01-03 00:00:00,1997-01-03 00:00:00,2600
4277,2597.320123,2,11,2024-06-28 08:01:40,2024-06-29 07:11:08,2600
4654,2597.311853,3,10,2025-03-17 06:55:12,2025-03-18 07:20:49,2600
2021,2597.284166,2,9,2016-02-23 18:40:36,2016-02-24 19:18:19,2600
3329,2597.276928,2,15,1997-01-03 00:00:00,1997-01-03 00:00:00,2600
2670,2597.274808,6,15,2019-11-23 10:04:18,2025-01-19 15:22:35,2600
3616,2597.263942,2,10,2023-10-12 00:00:00,2023-10-13 15:39:11,2600
1334,2597.24986,1,7,2013-08-22 16:11:15,2013-08-22 16:11:15,2600
4459,2597.245085,2,10,2024-10-10 08:09:48,2024-10-11 07:04:42,2600
4371,2597.23991,1,5,2024-08-02 01:02:18,2024-08-02 01:02:18,2600
2684,2597.23888,8,38,2020-03-12 11:02:07,2025-05-30 11:51:21,2600
3403,2597.231827,1,9,1997-01-03 00:00:00,1997-01-03 00:00:00,2600
1535,2597.226331,1,6,2014-06-17 04:55:28,2014-06-17 04:55:28,2600
2723,2597.219836,2,7,2020-03-12 08:13:53,2020-03-12 13:30:29,2600
2260,2597.216915,2,9,2017-08-22 16:45:01,2017-08-23 14:07:13,2600
1174,2597.212126,1,6,2012-12-13 09:03:29,2012-12-13 09:03:29,2600
2665,2597.208143,3,6,2019-11-23 10:02:57,2019-11-23 14:46:42,2600
1360,2597.208098,5,26,1997-01-03 00:00:00,2014-12-20 15:30:45,2600
1619,2597.195415,3,16,2014-11-20 08:05:45,2015-10-08 17:22:07,2600
3340,2597.190167,1,9,1997-01-03 00:00:00,1997-01-03 00:00:00,2600
3353,2597.187809,2,17,1997-01-03 00:00:00,1997-01-03 00:00:00,2600
2646,2597.175775,1,5,2019-10-24 17:08:11,2019-10-24 17:08:11,2600
4656,2597.16415,3,10,2025-03-17 06:56:54,2025-03-18 17:22:18,2600
3438,2597.143545,1,9,1997-01-03 00:00:00,1997-01-03 00:00:00,2600
3400,2597.142134,1,9,1997-01-03 00:00:00,1997-01-03 00:00:00,2600
3392,2597.132195,1,9,1997-01-03 00:00:00,1997-01-03 00:00:00,2600
352,2597.122291,1,7,2010-08-01 10:00:00,2010-08-01 10:00:00,2600
844,2597.120039,3,15,2011-11-10 13:54:06,2012-10-18 19:02:38,2600
1328,2597.112785,1,6,2013-08-22 09:22:33,2013-08-22 09:22:33,2600
3369,2597.109169,1,9,1997-01-03 00:00:00,1997-01-03 00:00:00,2600
3354,2597.098608,2,17,1997-01-03 00:00:00,1997-01-03 00:00:00,2600
3376,2597.096298,1,9,1997-01-03 00:00:00,1997-01-03 00:00:00,2600
1359,2597.094766,3,7,2013-10-03 07:59:24,2015-12-22 10:03:29,2600
2195,2597.093908,8,41,2017-05-09 18:32:30,2018-05-28 17:38:19,2600
3884,2597.086419,23,95,2024-01-29 10:20:16,2025-05-27 13:26:07,2600
3727,2597.059087,1,8,1999-03-08 00:00:00,1999-03-08 00:00:00,2600
4467,2597.044783,1,7,2024-10-10 02:07:02,2024-10-10 02:07:02,2600
1859,2597.037745,7,34,2015-07-18 07:13:23,2015-07-23 18:12:05,2600
4241,2597.033187,4,10,2024-03-07 00:00:00,2024-03-07 00:00:00,2600
3651,2597.024176,6,22,2023-10-16 17:24:32,2023-10-19 15:28:12,2600
3347,2597.020645,3,21,1997-01-03 00:00:00,1997-01-03 00:00:00,2600
2373,2597.017195,3,10,2018-03-14 00:00:00,2018-03-14 00:00:00,2600
3166,2597.01424,11,55,2023-06-02 09:24:35,2023-11-11 11:46:02,2600
4351,2597.01093,1,7,2024-10-10 02:07:02,2024-10-10 02:07:02,2600
2017,2597.010481,1,7,2016-02-24 08:00:52,2016-02-24 08:00:52,2600
1568,2597.007881,1,7,2014-08-21 09:27:05,2014-08-21 09:27:05,2600
272,2596.996449,1,7,2010-08-01 10:00:00,2010-08-01 10:00:00,2600
4673,2596.988209,3,11,2025-03-17 12:53:53,2025-03-19 10:44:05,2600
1192,2596.983058,11,132,1995-01-04 00:00:00,2006-01-06 00:00:00,2600
4624,2596.96822,4,10,2025-02-07 09:25:17,2025-02-08 14:54:39,2600
1436,2596.946693,3,14,2013-11-07 23:01:23,2014-02-06 17:01:34,2600
4532,2596.93754,3,8,2025-01-18 17:10:04,2025-01-20 13:38:13,2600
4007,2596.927405,4,14,2024-02-16 13:20:07,2024-08-16 17:57:24,2600
1153,2596.925809,3,16,2012-11-05 11:33:05,2014-03-05 07:02:25,2600
1467,2596.912372,2,11,2014-02-06 11:29:04,2014-02-06 17:01:34,2600
2455,2596.898595,1,7,2019-03-14 10:09:41,2019-03-14 10:09:41,2600
3358,2596.887951,1,9,1997-01-03 00:00:00,1997-01-03 00:00:00,2600
3966,2596.883815,2,8,2024-01-26 12:09:46,2024-01-26 12:13:12,2600
1478,2596.878001,1,5,2014-03-05 04:42:13,2014-03-05 04:42:13,2600
1355,2596.873366,83,841,1983-10-10 00:00:00,2013-10-03 07:59:24,2623.552942
4385,2596.866125,3,14,2024-08-02 08:10:31,2024-10-11 22:37:29,2600
4300,2596.858741,2,9,2024-06-28 06:32:57,2024-06-29 08:38:52,2600
3338,2596.855181,2,16,1997-01-03 00:00:00,1997-01-03 00:00:00,2600
3888,2596.852242,8,32,2024-02-04 09:03:35,2025-01-28 10:28:00,2600
435,2596.835456,1,5,2011-08-25 15:11:06,2011-08-25 15:11:06,2600
722,2596.808453,2,13,2011-09-21 15:35:34,2011-11-27 16:33:21,2600
3861,2596.800367,4,15,2024-02-03 17:19:16,2024-02-06 14:56:32,2600
862,2596.798846,2,10,2014-03-04 07:34:18,2014-03-06 05:25:15,2600
4583,2596.79799,3,11,2025-01-24 11:22:47,2025-01-28 09:08:05,2600
2398,2596.777693,7,31,2018-08-22 12:14:15,2025-03-19 06:57:05,2600
4509,2596.756619,2,9,2024-12-13 13:57:06,2024-12-14 10:33:32,2600
4514,2596.746691,2,9,2024-12-13 12:54:29,2024-12-13 16:21:46,2600
3787,2596.744006,8,35,2024-01-04 14:10:45,2024-07-19 10:08:04,2600
4279,2596.733568,2,12,2024-06-29 05:10:22,2024-06-29 11:07:41,2600
3176,2596.728082,5,12,2024-08-09 18:01:18,2024-08-11 00:00:56,2600
3272,2596.709349,8,88,1991-10-14 00:00:00,1999-01-03 00:00:00,2600
1528,2596.693274,1,5,2014-06-17 11:29:49,2014-06-17 11:29:49,2600
1758,2596.686901,3,15,2015-05-16 18:07:18,2015-05-21 14:42:28,2600
1150,2596.66651,4,20,2012-11-06 01:56:48,2014-10-21 04:39:03,2600
1650,2596.66152,3,8,2014-12-20 15:30:45,2015-12-22 10:03:29,2600
4636,2596.651453,3,10,2025-03-14 07:10:42,2025-03-15 11:06:28,2600
3821,2596.645635,1,7,2024-01-19 17:30:57,2024-01-19 17:30:57,2600
1050,2596.637496,1,2,2012-09-30 09:00:41,2012-09-30 09:00:41,2600
4727,2596.632191,4,15,2025-05-20 01:17:20,2025-05-22 03:47:41,2600
2986,2596.628713,4,9,2022-08-26 21:59:06,2022-08-27 22:14:44,2600
2062,2596.62541,2,12,2016-05-13 15:59:21,2016-05-17 18:20:26,2600
3801,2596.606614,1,5,2020-01-10 00:00:00,2020-01-10 00:00:00,2600
3516,2596.584341,4,14,2023-10-06 23:06:02,2023-10-08 01:06:13,2600
3193,2596.576132,19,80,2023-09-15 10:57:15,2025-05-28 10:35:33,2600
3362,2596.501203,2,15,1997-01-03 00:00:00,1997-01-03 00:00:00,2600
1607,2596.439116,1,6,2014-10-21 04:39:03,2014-10-21 04:39:03,2600
4576,2596.438639,4,14,2025-01-24 08:41:47,2025-01-27 18:51:33,2600
4401,2596.430786,3,7,2024-08-09 20:04:07,2024-08-10 20:06:19,2600
766,2596.414049,1,5,2011-10-20 18:24:51,2011-10-20 18:24:51,2600
1837,2596.410124,7,31,2015-07-18 16:02:40,2015-07-23 13:07:56,2600
673,2596.410048,5,21,2011-09-29 11:15:56,2020-01-10 00:00:00,2600
1979,2596.40545,10,50,2015-10-19 06:40:14,2025-05-23 03:00:23,2600
2547,2596.402398,3,11,2019-06-20 05:46:58,2019-06-21 09:44:59,2600
3234,2596.398954,13,198,1995-01-04 00:00:00,2002-02-11 00:00:00,2591.005489
1644,2596.395388,1,3,2014-12-20 10:01:17,2014-12-20 10:01:17,2600
1601,2596.391137,1,5,2014-10-21 04:39:03,2014-10-21 04:39:03,2600
1398,2596.385522,1,5,2013-10-03 16:08:19,2013-10-03 16:08:19,2600
1656,2596.379096,3,8,2014-12-20 11:26:22,2015-12-21 10:04:37,2600
3308,2596.378394,3,31,1997-01-03 00:00:00,1997-01-03 00:00:00,2600
496,2596.351972,2,25,2009-01-21 00:00:00,2009-02-05 00:00:00,2600
2375,2596.338672,3,9,2018-03-14 00:00:00,2018-03-14 00:00:00,2600
2443,2596.32399,7,20,2019-02-02 08:59:10,2020-02-01 13:55:32,2600
4221,2596.320488,4,18,2024-05-21 12:51:49,2024-07-20 14:31:08,2600
3905,2596.289652,7,28,2024-02-03 16:38:59,2025-03-19 08:24:21,2600
3490,2596.281506,2,33,1992-03-21 00:00:00,1992-03-21 00:00:00,2600
4728,2596.241689,3,10,2025-05-20 12:57:04,2025-05-23 01:28:59,2600
2786,2596.238298,8,44,2021-05-28 13:10:44,2023-06-04 13:08:11,2600
1645,2596.236365,1,2,2014-12-20 10:01:17,2014-12-20 10:01:17,2600
3227,2596.162336,7,16,2023-09-23 08:37:29,2023-11-18 12:22:43,2600
2685,2596.159254,1,4,2025-02-07 11:46:45,2025-02-07 11:46:45,2600
833,2596.131207,4,22,2011-11-10 13:54:06,2013-11-14 13:22:38,2600
4542,2596.130478,4,16,2025-01-18 08:12:44,2025-01-20 08:54:41,2600
2489,2596.1206,20,105,2019-05-18 20:26:16,2025-05-29 12:04:28,2600
2609,2596.105517,1,4,2019-10-24 17:04:02,2019-10-24 17:04:02,2600
4488,2596.092622,1,5,2024-11-08 12:49:14,2024-11-08 12:49:14,2600
3771,2596.082449,11,48,2024-01-04 12:35:56,2025-01-18 06:51:10,2600
1636,2596.082145,1,6,2014-12-11 13:52:51,2014-12-11 13:52:51,2600
1849,2596.077582,14,66,2015-07-18 13:04:44,2025-05-19 03:53:32,2600
3624,2596.061566,3,18,2023-10-13 15:39:11,2024-10-11 02:50:20,2600
761,2596.053835,1,6,2011-10-20 11:06:22,2011-10-20 11:06:22,2600
4679,2596.035176,3,10,2025-03-17 13:16:03,2025-03-19 10:59:48,2600
2065,2596.027026,1,4,2016-07-06 13:49:22,2016-07-06 13:49:22,2600
4398,2596.025476,1,4,2024-08-16 09:14:14,2024-08-16 09:14:14,2600
3113,2596.015816,3,18,2023-05-26 13:08:02,2023-06-01 10:41:32,2600
1388,2596.002719,1,5,2013-10-03 07:33:41,2013-10-03 07:33:41,2600
1366,2595.993622,2,11,2013-10-14 07:08:29,2015-03-10 13:15:23,2600
2026,2595.991848,1,5,2016-02-24 13:25:53,2016-02-24 13:25:53,2600
2716,2595.991791,8,29,2020-03-11 16:59:51,2025-01-27 18:13:59,2600
3287,2595.970992,6,79,1995-01-04 00:00:00,1998-01-02 00:00:00,2600
2867,2595.964141,4,16,2022-03-18 18:36:59,2024-02-16 18:58:41,2600
1948,2595.963465,1,5,2015-10-08 19:19:32,2015-10-08 19:19:32,2600
2947,2595.944091,12,55,2022-06-02 07:50:47,2024-02-07 18:12:00,2600
302,2595.938073,5,24,2010-08-01 10:00:00,2018-08-25 12:22:18,2600
2864,2595.924623,3,14,2022-03-18 15:11:29,2023-01-06 19:48:04,2600
155,2595.917384,1,6,2010-08-01 10:00:00,2010-08-01 10:00:00,2600
430,2595.913458,1,5,2010-10-22 00:00:00,2010-10-22 00:00:00,2600
4520,2595.895595,1,3,2025-01-10 11:42:16,2025-01-10 11:42:16,2600
4521,2595.881553,1,4,2025-01-10 10:30:32,2025-01-10 10:30:32,2600
571,2595.86363,4,20,2011-07-11 14:56:12,2011-07-15 08:15:35,2600
1235,2595.813641,1,6,2013-06-11 06:30:45,2013-06-11 06:30:45,2600
3739,2595.805309,1,4,2023-12-15 10:02:37,2023-12-15 10:02:37,2600
2068,2595.804185,2,10,2016-08-24 10:26:19,2016-08-24 16:21:02,2600
3691,2595.794662,1,4,2023-11-09 14:50:23,2023-11-09 14:50:23,2600
793,2595.749349,18,76,2011-10-10 08:58:35,2024-11-08 11:29:06,2600
4302,2595.744473,2,15,1985-10-19 00:00:00,1995-03-10 00:00:00,2600
735,2595.716145,1,5,2011-10-05 16:43:56,2011-10-05 16:43:56,2600
576,2595.709514,4,20,2011-07-11 06:10:40,2011-07-14 08:15:42,2600
654,2595.707325,2,12,2011-08-07 12:18:46,2011-10-05 11:04:53,2600
575,2595.687376,4,20,2011-07-11 12:29:41,2011-07-15 06:15:41,2600
288,2595.686579,3,14,2010-08-01 10:00:00,2011-08-25 14:48:38,2600
2466,2595.675038,3,16,2019-03-14 18:24:32,2024-12-18 14:02:10,2600
876,2595.674397,4,19,2011-11-10 20:45:09,2012-10-18 19:19:42,2600
1704,2595.668026,1,6,2015-01-21 02:08:25,2015-01-21 02:08:25,2600
3716,2595.662061,1,3,2005-07-20 00:00:00,2005-07-20 00:00:00,2600
2643,2595.657734,6,32,2019-10-24 17:08:11,2023-06-07 03:02:44,2600
1820,2595.642566,7,23,2015-07-18 13:02:25,2015-07-24 10:03:20,2600
2104,2595.631929,8,20,2016-09-28 11:25:09,2020-02-01 16:59:07,2600
2488,2595.63175,5,28,2019-05-18 16:49:23,2020-01-18 13:30:57,2600
4245,2595.628288,4,10,2024-03-07 00:00:00,2024-03-07 00:00:00,2600
874,2595.627595,1,5,2011-11-10 18:59:26,2011-11-10 18:59:26,2600
2059,2595.606281,3,18,2016-05-13 13:19:15,2016-05-19 17:16:57,2600
1709,2595.593847,1,5,2015-01-20 10:59:37,2015-01-20 10:59:37,2600
4463,2595.56754,2,10,2024-10-10 23:10:29,2024-10-11 04:36:44,2600
855,2595.565326,22,116,2011-11-10 18:59:26,2017-08-22 13:19:54,2600
3303,2595.563337,4,39,1997-01-03 00:00:00,1997-01-03 00:00:00,2600
1519,2595.554637,1,6,2014-06-17 05:39:08,2014-06-17 05:39:08,2600
1606,2595.553426,1,5,2014-10-21 04:34:25,2014-10-21 04:34:25,2600
4278,2595.548463,2,10,2024-06-29 05:10:22,2024-06-29 09:02:56,2600
1070,2595.538422,6,29,2012-10-18 09:19:31,2013-11-14 15:18:33,2600
2168,2595.524706,1,3,2017-02-18 12:01:12,2017-02-18 12:01:12,2600
881,2595.521716,3,14,2011-11-10 18:59:26,2012-10-17 19:58:01,2600
3998,2595.502319,3,9,2024-01-29 13:50:01,2024-01-31 09:03:06,2600
4202,2595.484889,1,4,2024-05-21 04:48:24,2024-05-21 04:48:24,2600
556,2595.479282,11,62,2011-05-17 09:50:10,2023-06-07 03:02:44,2600
1807,2595.46539,2,12,2015-07-30 07:19:10,2015-07-30 15:49:26,2600
3930,2595.446898,3,12,2024-01-26 12:09:46,2025-01-25 01:53:03,2600
4011,2595.442675,1,4,2024-02-16 18:20:34,2024-02-16 18:20:34,2600
2624,2595.439876,1,4,2019-10-24 17:04:02,2019-10-24 17:04:02,2600
1553,2595.430008,1,5,2014-08-07 17:47:27,2014-08-07 17:47:27,2600
1448,2595.423658,1,5,2013-11-14 12:20:49,2013-11-14 12:20:49,2600
3587,2595.413648,4,18,2023-10-13 15:39:11,2024-10-11 04:36:44,2600
888,2595.405116,10,56,2011-11-27 16:33:21,2015-05-22 18:05:19,2600
4441,2595.403475,4,14,2024-09-26 00:13:15,2024-09-27 02:14:59,2600
1654,2595.36931,1,2,2014-12-20 11:26:22,2014-12-20 11:26:22,2600
854,2595.341135,2,11,2011-11-10 18:59:26,2011-11-10 21:15:26,2600
2472,2595.340517,1,12,2019-04-10 14:04:18,2019-04-10 14:04:18,2600
1000,2595.325157,1,5,2012-08-08 14:45:23,2012-08-08 14:45:23,2600
3001,2595.323826,8,30,2022-09-16 14:10:49,2025-02-07 10:08:24,2600
3562,2595.321651,4,20,2023-10-13 15:39:11,2024-01-26 05:14:24,2600
3045,2595.317329,1,4,2022-11-25 14:59:48,2022-11-25 14:59:48,2600
2273,2595.311493,4,18,2017-08-23 08:04:45,2018-08-23 15:15:15,2600
4166,2595.300214,3,15,2025-05-15 05:35:19,2025-05-20 02:50:44,2600
1289,2595.296999,1,6,2013-07-18 16:32:45,2013-07-18 16:32:45,2600
2964,2595.287744,3,12,2022-09-24 11:50:31,2022-09-25 13:44:04,2600
4606,2595.287462,4,15,2025-01-24 19:21:16,2025-01-27 15:20:25,2600
3775,2595.283121,7,27,2024-01-04 12:35:56,2024-07-20 11:43:10,2600
4112,2595.278595,3,13,2025-03-14 09:19:25,2025-03-15 09:05:47,2600
1747,2595.276776,3,14,2015-05-15 11:45:37,2015-05-21 14:57:04,2600
3868,2595.274674,16,61,2024-01-29 08:44:24,2025-01-27 18:50:34,2600
747,2595.269654,1,6,2011-10-20 16:39:20,2011-10-20 16:39:20,2600
3768,2595.267395,5,17,2024-01-04 12:35:56,2024-01-21 10:59:18,2600
4551,2595.266641,1,4,2025-01-24 05:05:35,2025-01-24 05:05:35,2600
3297,2595.256221,7,80,1994-01-08 00:00:00,1997-01-03 00:00:00,2600
776,2595.249629,1,3,2022-05-05 09:05:31,2022-05-05 09:05:31,2600
3399,2595.246751,1,8,1997-01-03 00:00:00,1997-01-03 00:00:00,2600
3326,2595.241949,1,7,1997-01-03 00:00:00,1997-01-03 00:00:00,2600
989,2595.229808,1,5,2012-07-19 12:44:01,2012-07-19 12:44:01,2600
3947,2595.200198,2,8,2024-01-26 12:07:32,2024-01-26 12:09:46,2600
4469,2595.19861,1,6,2024-10-10 04:16:28,2024-10-10 04:16:28,2600
3571,2595.192456,6,30,2023-10-13 15:39:11,2024-10-11 04:53:31,2600
2622,2595.19147,5,32,1999-03-08 00:00:00,2019-10-24 17:16:13,2600
4288,2595.186347,2,12,2024-06-29 05:39:51,2024-06-29 11:07:41,2600
1515,2595.181414,2,12,2014-06-17 04:55:28,2014-10-20 13:07:32,2600
4028,2595.179877,2,12,2024-02-24 01:53:27,2024-02-24 17:51:40,2600
3545,2595.172974,2,10,2023-10-13 15:39:11,2023-10-13 15:41:59,2600
4316,2595.166454,1,6,2024-07-15 01:28:26,2024-07-15 01:28:26,2600
3078,2595.149214,4,15,2023-01-31 08:31:45,2023-02-01 07:57:16,2600
3382,2595.136515,1,8,1997-01-03 00:00:00,1997-01-03 00:00:00,2600
4254,2595.1335,4,10,2024-03-07 00:00:00,2024-03-07 00:00:00,2600
3320,2595.127878,2,22,1997-01-03 00:00:00,1997-01-03 00:00:00,2600
2629,2595.108331,1,5,2019-10-24 17:04:02,2019-10-24 17:04:02,2600
3961,2595.094943,3,12,2024-01-26 05:14:24,2025-01-25 01:53:03,2600
805,2595.093125,3,6,2011-10-10 13:36:21,2013-10-03 10:02:17,2600
3315,2595.09222,3,28,1996-04-01 00:00:00,1997-01-03 00:00:00,2600
4285,2595.091732,2,11,2024-06-28 08:02:07,2024-06-29 07:09:22,2600
3847,2595.089943,2,12,2024-02-24 01:53:27,2024-02-24 22:52:05,2600
3189,2595.088767,6,20,2023-09-15 10:51:41,2025-03-19 12:26:34,2600
4261,2595.073012,3,6,2024-03-07 00:00:00,2024-03-07 00:00:00,2600
1315,2595.053842,1,3,2013-07-26 19:08:10,2013-07-26 19:08:10,2600
4903,2595.052058,2,14,1991-08-22 00:00:00,1994-03-04 00:00:00,2600
3987,2595.04899,8,34,2024-01-29 08:33:23,2025-01-20 13:36:03,2600
1440,2595.046583,2,9,2013-11-14 09:15:59,2013-11-14 17:18:48,2600
1247,2595.044327,1,6,2013-10-21 07:13:06,2013-10-21 07:13:06,2600
1113,2595.034395,1,6,2012-09-25 11:28:31,2012-09-25 11:28:31,2600
4253,2595.033238,3,6,2024-03-07 00:00:00,2024-03-07 00:00:00,2600
4301,2595.029568,1,7,1992-10-12 00:00:00,1992-10-12 00:00:00,2600
245,2595.024511,1,6,2010-08-01 10:00:00,2010-08-01 10:00:00,2600
303,2595.021696,1,6,2010-08-01 10:00:00,2010-08-01 10:00:00,2600
2940,2595.010142,3,18,2022-06-02 13:17:31,2022-06-08 07:33:22,2600
2988,2595.007197,13,32,2022-08-26 21:57:03,2024-08-10 20:24:41,2600
1672,2595,1,6,2015-02-25 11:30:43,2015-02-25 11:30:43,2600
1674,2595,1,6,2015-02-25 13:12:51,2015-02-25 13:12:51,2600
1909,2595,1,6,2015-08-26 13:22:57,2015-08-26 13:22:57,2600
1989,2595,1,6,2015-12-10 11:59:31,2015-12-10 11:59:31,2600
2397,2595,1,6,2018-08-22 12:14:15,2018-08-22 12:14:15,2600
2571,2595,1,6,2019-07-01 00:14:55,2019-07-01 00:14:55,2600
2612,2595,1,6,2019-10-24 17:04:02,2019-10-24 17:04:02,2600
2613,2595,1,6,2019-10-24 17:04:02,2019-10-24 17:04:02,2600
2649,2595,1,6,2019-10-24 17:08:11,2019-10-24 17:08:11,2600
2691,2595,1,4,2020-03-11 11:05:22,2020-03-11 11:05:22,2600
2695,2595,1,4,2020-03-11 11:05:22,2020-03-11 11:05:22,2600
3544,2595,1,6,2023-10-13 15:39:11,2023-10-13 15:39:11,2600
3589,2595,1,6,2023-10-13 15:39:11,2023-10-13 15:39:11,2600
3938,2595,1,4,2024-01-26 05:14:24,2024-01-26 05:14:24,2600
4006,2595,1,4,2024-02-16 12:32:10,2024-02-16 12:32:10,2600
4159,2595,1,4,2025-02-07 12:51:17,2025-02-07 12:51:17,2600
4206,2595,1,4,2024-05-21 10:05:20,2024-05-21 10:05:20,2600
4280,2595,1,6,2024-06-28 08:01:40,2024-06-28 08:01:40,2600
4291,2595,1,6,2024-06-29 05:10:22,2024-06-29 05:10:22,2600
4458,2595,1,6,2024-10-10 23:10:29,2024-10-10 23:10:29,2600
4465,2595,1,6,2024-10-10 08:09:48,2024-10-10 08:09:48,2600
4494,2595,1,6,2024-12-14 17:02:23,2024-12-14 17:02:23,2600
4502,2595,1,6,2024-12-14 13:04:07,2024-12-14 13:04:07,2600
4547,2595,1,4,2025-01-23 23:01:40,2025-01-23 23:01:40,2600
699,2595,1,6,2011-09-29 16:14:31,2011-09-29 16:14:31,2600
754,2595,1,6,2011-10-20 08:18:44,2011-10-20 08:18:44,2600
779,2595,1,6,2011-10-20 14:13:22,2011-10-20 14:13:22,2600
781,2595,1,6,2011-10-20 14:13:22,2011-10-20 14:13:22,2600
788,2595,1,6,2011-10-20 15:04:10,2011-10-20 15:04:10,2600
848,2595,1,6,2011-11-10 14:13:12,2011-11-10 14:13:12,2600
3740,2594.998502,1,3,2023-12-15 10:02:37,2023-12-15 10:02:37,2600
382,2594.992195,4,19,2010-09-30 00:00:00,2012-10-19 10:11:05,2600
2552,2594.988635,4,14,2019-06-20 04:02:40,2019-06-21 11:36:31,2600
4381,2594.985134,1,4,2024-08-02 04:26:58,2024-08-02 04:26:58,2600
3194,2594.982111,3,10,2023-09-15 10:57:15,2024-10-04 14:51:43,2600
1913,2594.976994,4,18,2015-08-26 13:22:57,2015-10-08 07:05:46,2600
3043,2594.955211,1,4,2022-11-25 13:56:10,2022-11-25 13:56:10,2600
1103,2594.946348,1,5,2012-09-23 11:30:33,2012-09-23 11:30:33,2600
3936,2594.946034,2,8,2024-01-26 05:07:39,2024-01-26 05:14:24,2600
2952,2594.945149,6,35,2022-06-02 09:34:31,2023-06-07 09:01:30,2600
1256,2594.944797,1,4,2013-06-12 05:06:54,2013-06-12 05:06:54,2600
1477,2594.941831,7,38,2014-03-04 04:20:37,2019-10-24 17:16:13,2600
4557,2594.93581,1,4,2025-01-24 07:31:56,2025-01-24 07:31:56,2600
1219,2594.931085,1,4,2013-06-07 06:51:19,2013-06-07 06:51:19,2600
1614,2594.925961,1,6,2014-11-19 17:28:24,2014-11-19 17:28:24,2600
2473,2594.923383,1,3,2019-04-13 08:53:35,2019-04-13 08:53:35,2600
4256,2594.911681,4,10,2024-03-07 00:00:00,2024-03-07 00:00:00,2600
4456,2594.908374,1,6,2024-10-10 02:07:02,2024-10-10 02:07:02,2600
3002,2594.903073,1,4,2022-09-16 14:30:21,2022-09-16 14:30:21,2600
2255,2594.898989,1,5,2017-08-22 14:52:42,2017-08-22 14:52:42,2600
1529,2594.897929,1,4,2014-06-18 11:09:12,2014-06-18 11:09:12,2600
4708,2594.891226,3,13,2025-05-15 02:59:43,2025-05-19 06:28:27,2600
2855,2594.888238,11,47,2022-03-18 09:40:41,2025-03-20 08:31:21,2600
1815,2594.886715,1,5,2015-07-30 11:39:38,2015-07-30 11:39:38,2600
3805,2594.871385,1,4,2020-01-10 00:00:00,2020-01-10 00:00:00,2600
5017,2594.860962,4,15,2025-01-18 08:09:20,2025-01-19 16:18:29,2600
3588,2594.856098,2,10,2023-10-13 15:39:11,2023-10-13 15:41:59,2600
939,2594.843501,4,24,2012-06-18 09:11:07,2015-10-20 07:23:22,2600
4487,2594.832365,1,4,2024-11-08 12:49:14,2024-11-08 12:49:14,2600
789,2594.829573,2,10,2011-10-20 15:04:10,2011-10-20 20:54:23,2600
3531,2594.81173,1,3,2023-10-20 12:26:10,2023-10-20 12:26:10,2600
4340,2594.796438,2,9,2024-07-20 11:43:10,2024-07-20 13:40:49,2600
648,2594.773975,1,5,2011-08-25 16:11:11,2011-08-25 16:11:11,2600
2277,2594.773397,8,38,2017-08-23 13:03:16,2020-03-11 09:53:44,2600
3133,2594.76824,3,12,2023-05-27 20:15:49,2023-06-03 15:15:42,2600
742,2594.761531,1,4,2011-09-16 17:04:50,2011-09-16 17:04:50,2600
305,2594.759084,13,64,2010-08-01 10:00:00,2012-10-17 17:22:55,2600
3391,2594.741247,1,8,1997-01-03 00:00:00,1997-01-03 00:00:00,2600
4321,2594.740762,1,4,2024-07-19 16:45:20,2024-07-19 16:45:20,2600
787,2594.732828,1,6,2011-10-20 15:04:10,2011-10-20 15:04:10,2600
286,2594.732323,1,6,2010-08-01 10:00:00,2010-08-01 10:00:00,2600
3642,2594.732069,1,6,2023-10-13 15:41:59,2023-10-13 15:41:59,2600
393,2594.722517,4,22,2010-09-30 00:00:00,2012-10-18 09:19:31,2600
697,2594.720095,3,13,2011-09-29 15:29:13,2014-02-06 13:05:19,2600
4495,2594.712256,2,10,2024-12-14 13:04:07,2024-12-14 19:17:07,2600
623,2594.69798,1,6,2011-08-25 12:57:52,2011-08-25 12:57:52,2600
469,2594.694668,165,1537,1982-10-11 00:00:00,2023-05-05 11:02:39,2647.324233
3556,2594.682653,6,31,2023-10-13 15:41:59,2024-10-12 02:22:29,2600
2580,2594.680791,3,18,2019-09-02 04:00:49,2019-09-04 09:03:00,2600
309,2594.676249,1,6,2010-08-01 10:00:00,2010-08-01 10:00:00,2600
3188,2594.67506,4,14,2023-09-15 10:05:38,2025-03-19 13:40:34,2600
887,2594.668046,2,11,2011-11-27 14:56:50,2011-11-28 14:58:13,2600
2719,2594.665582,1,3,2020-03-12 12:45:49,2020-03-12 12:45:49,2600
2645,2594.655801,1,4,2019-10-24 17:08:11,2019-10-24 17:08:11,2600
3617,2594.651003,1,6,2023-10-13 15:39:11,2023-10-13 15:39:11,2600
1700,2594.641412,1,5,2015-01-20 08:13:53,2015-01-20 08:13:53,2600
3436,2594.634807,1,8,1997-01-03 00:00:00,1997-01-03 00:00:00,2600
161,2594.632736,9,51,2010-08-01 10:00:00,2011-05-26 12:06:57,2600
2544,2594.626427,4,17,2019-06-20 04:01:20,2019-06-21 14:07:53,2600
4411,2594.601631,1,4,2024-08-30 13:41:40,2024-08-30 13:41:40,2600
3412,2594.601124,1,8,1997-01-03 00:00:00,1997-01-03 00:00:00,2600
1663,2594.599639,1,5,2015-02-25 09:18:19,2015-02-25 09:18:19,2600
3279,2594.591438,13,183,1992-06-20 00:00:00,1999-01-03 00:00:00,2600
2297,2594.582158,1,4,2017-09-12 05:41:12,2017-09-12 05:41:12,2600
1095,2594.576271,13,72,2012-09-23 11:30:33,2018-05-27 08:06:55,2600
4668,2594.574673,3,10,2025-03-17 17:04:04,2025-03-19 17:14:55,2600
290,2594.568384,1,6,2010-08-01 10:00:00,2010-08-01 10:00:00,2600
1013,2594.564799,1,6,2012-08-23 10:06:25,2012-08-23 10:06:25,2600
1172,2594.556937,1,4,2012-11-27 14:54:28,2012-11-27 14:54:28,2600
3495,2594.5554,12,105,1983-10-10 00:00:00,1992-03-21 00:00:00,2600
4484,2594.543577,1,3,2024-11-08 10:01:32,2024-11-08 10:01:32,2600
1995,2594.537961,1,5,2015-12-10 15:24:24,2015-12-10 15:24:24,2600
2769,2594.51914,18,79,2021-05-27 13:21:42,2024-02-16 15:12:09,2600
2693,2594.514086,8,40,2022-06-02 12:09:49,2023-06-09 12:00:42,2600
3424,2594.512718,1,8,1997-01-03 00:00:00,1997-01-03 00:00:00,2600
2653,2594.51109,1,3,2019-11-16 07:57:55,2019-11-16 07:57:55,2600
3372,2594.50749,1,8,1997-01-03 00:00:00,1997-01-03 00:00:00,2600
2631,2594.503691,1,5,2019-10-24 17:04:02,2019-10-24 17:04:02,2600
3718,2594.502465,1,3,2005-07-20 00:00:00,2005-07-20 00:00:00,2600
442,2594.496642,3,13,2010-11-12 00:00:00,2013-10-03 16:08:19,2600
467,2594.494453,1,4,2010-11-19 00:00:00,2010-11-19 00:00:00,2600
899,2594.489217,1,5,2011-12-10 12:40:54,2011-12-10 12:40:54,2600
4595,2594.48327,2,8,2025-01-24 16:01:45,2025-01-25 14:55:16,2600
1584,2594.469622,1,6,2014-10-01 14:53:37,2014-10-01 14:53:37,2600
4700,2594.469582,2,12,2025-05-21 10:28:21,2025-05-27 10:29:55,2600
1092,2594.466059,1,4,2012-09-24 05:42:09,2012-09-24 05:42:09,2600
3894,2594.456863,9,34,2024-02-03 10:18:02,2025-03-20 06:53:27,2600
3434,2594.446861,1,8,1997-01-03 00:00:00,1997-01-03 00:00:00,2600
1032,2594.444422,3,15,2012-08-23 15:43:01,2013-08-22 12:53:42,2600
1716,2594.440806,1,4,2015-03-10 06:52:13,2015-03-10 06:52:13,2600
3796,2594.427291,1,4,2020-01-10 00:00:00,2020-01-10 00:00:00,2600
1284,2594.41742,1,5,2013-07-18 20:38:20,2013-07-18 20:38:20,2600
3959,2594.412797,3,11,2024-01-26 12:11:44,2025-01-25 06:58:17,2600
2247,2594.408396,2,11,2017-08-22 08:12:47,2017-08-23 08:04:45,2600
4306,2594.402092,3,25,1985-10-19 00:00:00,1988-10-10 00:00:00,2600
4685,2594.402088,3,9,2025-03-17 11:23:06,2025-03-19 08:07:47,2600
4890,2594.342849,2,16,1985-02-17 00:00:00,1986-02-16 00:00:00,2600
4408,2594.331981,1,4,2024-08-30 17:14:00,2024-08-30 17:14:00,2600
3291,2594.330359,5,52,1997-01-03 00:00:00,1998-01-02 00:00:00,2600
1514,2594.327864,2,11,2014-06-17 04:55:28,2014-06-18 03:10:33,2600
1437,2594.324585,1,6,2013-11-14 09:15:59,2013-11-14 09:15:59,2600
2738,2594.321571,1,3,2020-03-11 15:30:43,2020-03-11 15:30:43,2600
2545,2594.317289,3,13,2019-06-20 10:11:03,2019-06-21 07:00:26,2600
2959,2594.316636,1,3,2022-07-14 16:33:04,2022-07-14 16:33:04,2600
461,2594.313234,1,4,2010-11-19 00:00:00,2010-11-19 00:00:00,2600
460,2594.306118,1,4,2010-11-19 00:00:00,2010-11-19 00:00:00,2600
3009,2594.284466,3,13,2022-10-14 20:57:09,2025-01-11 18:59:17,2600
918,2594.281626,3,19,2012-05-15 13:36:14,2012-05-25 12:07:59,2600
3596,2594.268501,3,14,2023-10-13 15:39:11,2024-10-10 03:37:00,2600
2794,2594.26717,14,35,2021-08-10 15:03:12,2022-02-12 15:27:28,2600
3406,2594.26547,1,8,1997-01-03 00:00:00,1997-01-03 00:00:00,2600
4297,2594.255783,2,14,2024-06-28 08:02:07,2024-10-10 23:11:43,2600
3053,2594.254099,1,3,2022-12-09 15:11:40,2022-12-09 15:11:40,2600
1625,2594.250178,1,5,2014-11-20 11:33:21,2014-11-20 11:33:21,2600
2740,2594.246081,1,6,2008-11-08 00:00:00,2008-11-08 00:00:00,2600
3351,2594.241952,1,8,1997-01-03 00:00:00,1997-01-03 00:00:00,2600
1523,2594.226674,1,4,2014-06-17 13:55:19,2014-06-17 13:55:19,2600
4508,2594.21699,1,3,2024-12-13 13:31:56,2024-12-13 13:31:56,2600
702,2594.214279,3,13,2011-09-29 16:49:39,2015-02-28 01:16:19,2600
4596,2594.202249,1,3,2025-01-24 15:01:34,2025-01-24 15:01:34,2600
1156,2594.18294,1,4,2012-11-06 06:45:52,2012-11-06 06:45:52,2600
4481,2594.179942,1,3,2024-11-07 17:39:24,2024-11-07 17:39:24,2600
1526,2594.175403,1,4,2014-06-17 11:29:49,2014-06-17 11:29:49,2600
3057,2594.157779,15,54,2022-12-09 12:42:06,2025-02-07 17:16:33,2600
2829,2594.080167,1,3,2022-01-28 10:57:31,2022-01-28 10:57:31,2600
2111,2594.073226,7,22,2016-09-28 11:13:03,2017-08-25 15:15:38,2600
2664,2594.066729,1,4,2019-11-16 13:05:14,2019-11-16 13:05:14,2600
1442,2594.058314,1,6,2013-11-14 09:15:59,2013-11-14 09:15:59,2600
2581,2594.055776,1,3,2019-08-31 11:28:57,2019-08-31 11:28:57,2600
3573,2594.050698,9,37,2023-10-13 15:39:11,2025-04-01 22:03:17,2600
4380,2594.047715,5,17,2024-08-02 05:26:42,2025-04-01 03:11:15,2600
3824,2594.033039,3,13,2024-01-19 17:29:25,2025-01-18 17:47:43,2600
1706,2594.017108,1,5,2015-01-21 07:14:11,2015-01-21 07:14:11,2600
2688,2594.006568,1,4,2020-03-11 12:43:55,2020-03-11 12:43:55,2600
4390,2594.00469,1,3,2024-08-03 01:03:40,2024-08-03 01:03:40,2600
4453,2593.997995,6,12,2024-10-05 01:26:53,2024-10-06 03:40:36,2600
3137,2593.993301,2,4,2023-05-13 09:54:38,2023-05-13 14:13:41,2600
2663,2593.982448,1,3,2019-11-16 10:16:22,2019-11-16 10:16:22,2600
1373,2593.977077,1,4,2013-09-23 07:10:14,2013-09-23 07:10:14,2600
457,2593.976389,1,4,2010-11-19 00:00:00,2010-11-19 00:00:00,2600
3304,2593.973131,3,27,1993-03-13 00:00:00,1997-01-03 00:00:00,2600
4409,2593.962134,1,4,2024-08-30 20:21:32,2024-08-30 20:21:32,2600
4039,2593.946728,3,9,2025-03-17 08:18:53,2025-03-19 06:49:55,2600
4346,2593.946005,2,9,2024-07-20 08:40:39,2024-07-20 13:40:49,2600
2748,2593.942019,30,132,2020-08-03 08:00:31,2025-05-29 17:42:06,2600
4066,2593.939304,3,13,2025-03-17 14:44:54,2025-03-19 13:50:16,2600
2230,2593.91166,3,16,2005-01-31 00:00:00,2018-08-24 13:24:47,2600
3626,2593.907989,5,24,2023-10-13 15:39:11,2024-10-11 02:40:52,2600
1551,2593.90256,1,5,2014-08-07 09:25:21,2014-08-07 09:25:21,2600
1223,2593.891083,1,4,2013-06-08 07:56:39,2013-06-08 07:56:39,2600
1940,2593.89078,1,4,2016-02-25 10:53:46,2016-02-25 10:53:46,2600
4044,2593.88942,3,12,2025-03-17 16:59:09,2025-03-19 14:52:18,2600
1249,2593.886618,1,4,2013-06-13 05:00:49,2013-06-13 05:00:49,2600
4009,2593.874131,1,3,2024-02-16 14:19:31,2024-02-16 14:19:31,2600
4444,2593.870494,1,3,2024-10-04 08:39:37,2024-10-04 08:39:37,2600
760,2593.869177,1,5,2011-10-20 16:39:20,2011-10-20 16:39:20,2600
3305,2593.862694,3,33,1997-01-03 00:00:00,1997-01-03 00:00:00,2600
3860,2593.862144,5,24,2024-02-03 12:24:00,2024-02-08 16:56:52,2600
384,2593.854676,1,5,2010-09-30 00:00:00,2010-09-30 00:00:00,2600
4289,2593.845,1,4,2024-06-29 05:10:22,2024-06-29 05:10:22,2600
2013,2593.83988,1,5,2016-02-23 16:51:43,2016-02-23 16:51:43,2600
2271,2593.838676,1,4,2017-08-23 07:30:07,2017-08-23 07:30:07,2600
3724,2593.816681,1,3,2001-08-22 00:00:00,2001-08-22 00:00:00,2600
4513,2593.812135,1,3,2024-12-13 12:28:50,2024-12-13 12:28:50,2600
459,2593.809794,1,4,2010-11-19 00:00:00,2010-11-19 00:00:00,2600
2675,2593.807362,6,12,2020-01-31 13:16:16,2023-01-21 10:34:43,2600
4490,2593.804167,1,3,2024-11-08 11:37:01,2024-11-08 11:37:01,2600
2535,2593.801873,4,14,2019-06-20 03:51:30,2019-06-21 07:39:09,2600
2464,2593.800184,1,4,2019-03-14 17:37:38,2019-03-14 17:37:38,2600
4438,2593.798829,2,12,2024-07-28 00:00:00,2024-11-03 06:42:59,2600
4003,2593.788677,1,3,2024-02-16 12:53:34,2024-02-16 12:53:34,2600
1537,2593.788495,1,4,2014-06-18 11:09:12,2014-06-18 11:09:12,2600
1414,2593.787789,1,5,2013-10-20 10:39:17,2013-10-20 10:39:17,2600
4519,2593.782729,1,3,2025-01-10 11:52:34,2025-01-10 11:52:34,2600
1668,2593.780816,2,10,2015-02-25 15:09:01,2015-02-28 01:16:19,2600
3118,2593.777683,21,85,2023-05-26 18:34:17,2025-02-07 15:03:18,2600
219,2593.77473,1,3,2010-08-01 10:00:00,2010-08-01 10:00:00,2600
1110,2593.765579,10,54,2012-09-24 07:04:02,2015-10-21 08:10:27,2600
3921,2593.74723,8,30,2024-02-04 14:17:06,2025-01-28 13:47:54,2600
4910,2593.741847,1,6,1991-08-22 00:00:00,1991-08-22 00:00:00,2600
2458,2593.740396,10,54,2019-03-14 12:34:39,2020-08-08 20:42:45,2600
2519,2593.725451,5,25,2019-06-24 11:31:38,2019-06-28 07:31:19,2600
2002,2593.724281,9,104,1994-01-08 00:00:00,2017-05-16 20:02:24,2600
2242,2593.692969,1,3,2017-07-26 15:33:52,2017-07-26 15:33:52,2600
3711,2593.661071,4,25,1988-10-10 00:00:00,2009-07-22 00:00:00,2600
738,2593.657339,1,5,2011-10-06 13:50:41,2011-10-06 13:50:41,2600
3688,2593.629198,1,7,1999-03-08 00:00:00,1999-03-08 00:00:00,2600
2245,2593.627894,2,11,2017-08-22 08:12:47,2017-08-23 08:04:45,2600
1486,2593.617332,1,4,2014-03-05 11:02:33,2014-03-05 11:02:33,2600
598,2593.617127,7,38,2011-06-18 20:33:48,2016-02-24 17:15:43,2600
3897,2593.612283,2,7,2024-02-05 20:22:07,2024-02-07 08:12:21,2600
4008,2593.601915,1,3,2024-02-16 13:51:51,2024-02-16 13:51:51,2600
3946,2593.596551,3,13,2024-01-26 12:09:46,2025-01-25 07:52:29,2600
3346,2593.59268,1,7,1997-01-03 00:00:00,1997-01-03 00:00:00,2600
325,2593.579441,33,179,2010-08-01 10:00:00,2014-08-21 12:37:05,2600
3855,2593.570929,4,13,2024-02-03 18:35:15,2024-02-07 18:50:02,2600
1841,2593.563181,6,30,2015-07-18 16:04:12,2015-07-23 16:49:44,2600
2661,2593.550069,1,3,2019-11-16 14:01:47,2019-11-16 14:01:47,2600
682,2593.54494,1,5,2011-09-29 12:40:58,2011-09-29 12:40:58,2600
3799,2593.530551,1,3,2020-01-10 00:00:00,2020-01-10 00:00:00,2600
228,2593.528241,1,4,2010-08-01 10:00:00,2010-08-01 10:00:00,2600
3769,2593.524356,5,21,2024-01-04 05:29:25,2024-01-21 10:59:18,2600
2654,2593.523711,1,3,2019-11-16 10:16:22,2019-11-16 10:16:22,2600
1596,2593.514905,1,4,2014-10-20 07:31:23,2014-10-20 07:31:23,2600
4478,2593.514499,1,3,2024-11-07 16:02:41,2024-11-07 16:02:41,2600
1068,2593.509949,1,5,2012-10-18 09:19:31,2012-10-18 09:19:31,2600
1524,2593.498505,1,4,2014-06-17 07:54:51,2014-06-17 07:54:51,2600
986,2593.493773,16,90,2012-07-18 18:00:25,2013-06-01 10:00:05,2600
466,2593.472987,1,4,2010-11-19 00:00:00,2010-11-19 00:00:00,2600
4499,2593.471636,1,5,2024-12-14 19:44:25,2024-12-14 19:44:25,2600
1694,2593.452537,1,4,2015-01-21 02:08:25,2015-01-21 02:08:25,2600
1561,2593.45161,1,4,2014-08-21 07:47:42,2014-08-21 07:47:42,2600
4399,2593.445522,1,3,2024-08-16 09:14:14,2024-08-16 09:14:14,2600
4523,2593.428961,1,3,2025-01-17 07:04:10,2025-01-17 07:04:10,2600
1720,2593.41702,1,4,2015-03-10 10:21:38,2015-03-10 10:21:38,2600
1560,2593.40453,1,5,2014-08-07 07:22:03,2014-08-07 07:22:03,2600
4534,2593.383644,3,7,2025-01-18 15:08:21,2025-01-20 15:48:49,2600
3594,2593.379164,14,55,2023-10-13 15:39:11,2025-04-01 06:03:14,2600
3419,2593.372003,1,7,1997-01-03 00:00:00,1997-01-03 00:00:00,2600
1074,2593.363068,2,12,2012-10-17 17:22:55,2013-11-14 12:21:28,2600
3195,2593.36097,3,10,2023-09-15 10:57:15,2024-10-04 13:40:06,2600
3783,2593.360387,4,19,2024-01-04 05:29:25,2024-01-15 12:00:46,2600
1687,2593.337202,37,178,2015-02-27 20:19:57,2024-02-17 08:59:54,2604.854788
2105,2593.324936,3,9,2016-09-28 10:24:59,2016-09-28 10:24:59,2600
1609,2593.321275,1,4,2014-10-21 10:35:43,2014-10-21 10:35:43,2600
2269,2593.306824,2,10,2017-08-23 07:36:16,2017-08-24 10:01:07,2600
4213,2593.303337,1,3,2024-05-21 07:14:48,2024-05-21 07:14:48,2600
3803,2593.297638,1,3,2020-01-10 00:00:00,2020-01-10 00:00:00,2600
3979,2593.28797,11,45,2024-01-29 08:43:05,2025-02-07 17:34:40,2600
3069,2593.28601,1,3,2023-01-06 16:20:53,2023-01-06 16:20:53,2600
1314,2593.281032,1,6,2013-08-14 15:14:08,2013-08-14 15:14:08,2600
2983,2593.256423,1,3,2022-09-02 14:50:22,2022-09-02 14:50:22,2600
2815,2593.251275,1,4,2021-12-10 13:36:40,2021-12-10 13:36:40,2600
782,2593.242978,1,5,2011-10-20 14:13:22,2011-10-20 14:13:22,2600
1086,2593.231663,11,56,2012-10-18 19:02:38,2018-08-23 10:38:58,2600
1313,2593.227159,3,17,2013-08-14 15:14:08,2013-11-07 23:01:23,2600
1703,2593.226429,1,4,2015-01-21 02:08:25,2015-01-21 02:08:25,2600
3968,2593.216099,3,13,2024-01-26 12:13:12,2024-08-02 21:52:07,2600
4207,2593.193027,1,3,2024-05-21 04:48:24,2024-05-21 04:48:24,2600
3867,2593.1755,3,9,2024-02-04 09:12:32,2024-02-07 08:20:50,2600
4416,2593.172677,8,22,2024-09-06 16:54:06,2025-03-29 17:07:41,2600
1942,2593.167031,1,4,2015-10-07 13:48:53,2015-10-07 13:48:53,2600
1187,2593.150558,1,5,2012-12-13 16:09:25,2012-12-13 16:09:25,2600
1641,2593.146279,1,4,2014-12-11 18:02:17,2014-12-11 18:02:17,2600
2076,2593.145182,1,5,2016-08-24 13:09:58,2016-08-24 13:09:58,2600
127,2593.139806,4,19,2010-08-01 10:00:00,2010-08-01 10:00:00,2600
172,2593.137406,1,5,2010-08-01 10:00:00,2010-08-01 10:00:00,2600
864,2593.118633,1,5,2011-11-10 18:59:26,2011-11-10 18:59:26,2600
2031,2593.111056,1,5,2016-02-24 19:18:19,2016-02-24 19:18:19,2600
1037,2593.108619,1,4,2012-08-17 13:45:51,2012-08-17 13:45:51,2600
1144,2593.094851,1,4,2012-11-17 09:31:23,2012-11-17 09:31:23,2600
3513,2593.079486,1,18,1992-03-21 00:00:00,1992-03-21 00:00:00,2600
2174,2593.074076,6,26,2017-03-13 07:54:14,2019-06-21 07:03:19,2600
1936,2593.071654,6,41,1997-01-03 00:00:00,2015-09-09 11:28:24,2600
900,2593.064245,2,10,2011-12-10 12:40:54,2011-12-16 12:45:28,2600
1085,2593.05878,3,14,2012-10-17 17:26:14,2013-11-14 17:23:57,2600
4325,2593.058161,1,3,2024-07-19 19:02:34,2024-07-19 19:02:34,2600
1471,2593.05478,4,20,2014-02-06 13:05:19,2016-02-25 10:02:01,2600
4002,2593.040101,1,3,2024-02-16 12:16:48,2024-02-16 12:16:48,2600
3102,2593.039333,3,15,2023-02-25 03:14:21,2023-02-25 11:17:58,2600
492,2593.036985,51,614,1994-01-08 00:00:00,2018-05-28 17:32:58,2650.996419
1801,2593.030982,1,5,2015-07-30 11:12:40,2015-07-30 11:12:40,2600
3988,2593.019526,4,15,2024-01-29 11:17:57,2024-01-30 15:49:47,2600
3003,2593.010111,1,3,2022-09-16 15:04:40,2022-09-16 15:04:40,2600
1259,2593.00888,9,48,2013-06-12 13:01:51,2015-10-20 11:09:00,2600
3735,2593.006539,1,17,1982-04-30 00:00:00,1982-04-30 00:00:00,2600
2315,2593.005447,2,11,2018-03-07 18:03:51,2018-03-08 16:16:37,2600
277,2593.003551,2,11,2010-08-01 10:00:00,2010-08-01 10:00:00,2600
353,2593.003551,2,11,2010-08-01 10:00:00,2010-08-01 10:00:00,2600
1451,2592.9912,1,4,2013-11-14 13:22:38,2013-11-14 13:22:38,2600
4901,2592.988385,1,9,1985-02-17 00:00:00,1985-02-17 00:00:00,2600
2862,2592.986267,1,3,2022-03-18 14:08:11,2022-03-18 14:08:11,2600
4474,2592.971409,2,11,2024-10-10 02:07:02,2024-10-11 01:59:07,2600
647,2592.967351,1,5,2011-08-25 16:48:53,2011-08-25 16:48:53,2600
1631,2592.962633,1,4,2014-12-11 11:44:22,2014-12-11 11:44:22,2600
320,2592.962113,5,21,2010-08-01 10:00:00,2012-08-25 21:54:46,2600
2087,2592.951045,3,15,2016-08-25 10:31:42,2018-08-23 11:08:07,2600
458,2592.945643,1,4,2010-11-19 00:00:00,2010-11-19 00:00:00,2600
4400,2592.934409,1,3,2024-08-16 09:14:14,2024-08-16 09:14:14,2600
1965,2592.929854,1,5,2015-11-04 13:58:13,2015-11-04 13:58:13,2600
686,2592.92771,1,5,2011-09-29 13:43:24,2011-09-29 13:43:24,2600
3549,2592.926953,5,23,2023-10-13 15:39:11,2024-10-11 07:04:42,2600
1916,2592.92601,3,12,2015-08-26 15:19:55,2017-08-24 16:00:23,2600
757,2592.923065,1,5,2011-10-20 08:18:44,2011-10-20 08:18:44,2600
1395,2592.907847,1,4,2013-10-03 14:33:42,2013-10-03 14:33:42,2600
3237,2592.899411,3,52,2000-01-03 00:00:00,2002-02-11 00:00:00,2600
2250,2592.894632,1,4,2017-08-22 13:19:54,2017-08-22 13:19:54,2600
4323,2592.890518,1,3,2024-07-19 15:19:35,2024-07-19 15:19:35,2600
1135,2592.889197,2,12,2012-11-15 19:27:27,2015-11-05 13:33:44,2600
1253,2592.88348,1,4,2013-06-13 05:19:01,2013-06-13 05:19:01,2600
3692,2592.882454,1,3,2023-11-10 11:22:26,2023-11-10 11:22:26,2600
4319,2592.882252,1,3,2024-07-19 15:19:35,2024-07-19 15:19:35,2600
3214,2592.879272,3,35,2003-10-04 00:00:00,2004-02-10 00:00:00,2600
1123,2592.877908,29,169,2012-11-11 17:09:51,2022-03-25 08:43:49,2600
1623,2592.875635,6,31,2014-11-20 10:06:56,2016-02-23 14:05:09,2600
3671,2592.868029,5,21,2023-10-16 17:14:26,2023-10-19 17:41:52,2600
4109,2592.864024,4,19,2025-03-14 08:16:07,2025-03-15 14:55:09,2600
1291,2592.85968,1,5,2013-07-18 18:25:42,2013-07-18 18:25:42,2600
4229,2592.847757,1,3,2024-05-21 10:07:53,2024-05-21 10:07:53,2600
446,2592.840736,1,4,2010-11-12 00:00:00,2010-11-12 00:00:00,2600
4309,2592.837042,1,5,1985-10-19 00:00:00,1985-10-19 00:00:00,2600
3387,2592.828152,1,7,1997-01-03 00:00:00,1997-01-03 00:00:00,2600
2657,2592.827347,1,3,2019-11-16 13:05:14,2019-11-16 13:05:14,2600
4258,2592.825771,4,9,2024-03-07 00:00:00,2024-03-07 00:00:00,2600
4597,2592.813514,2,9,2025-01-26 14:22:54,2025-01-28 13:37:22,2600
1640,2592.813176,1,4,2014-12-11 15:08:37,2014-12-11 15:08:37,2600
1579,2592.810492,1,4,2014-10-01 13:40:33,2014-10-01 13:40:33,2600
642,2592.804399,1,4,2011-08-25 12:04:15,2011-08-25 12:04:15,2600
183,2592.803871,1,4,2010-08-01 10:00:00,2010-08-01 10:00:00,2600
1671,2592.801871,1,5,2015-02-25 11:25:50,2015-02-25 11:25:50,2600
436,2592.801059,1,4,2010-10-22 00:00:00,2010-10-22 00:00:00,2600
1814,2592.800074,1,5,2015-07-30 10:29:15,2015-07-30 10:29:15,2600
1430,2592.786654,1,5,2013-11-07 19:01:04,2013-11-07 19:01:04,2600
3184,2592.775584,1,3,2023-09-15 08:04:36,2023-09-15 08:04:36,2600
4510,2592.76781,1,3,2024-12-13 15:19:00,2024-12-13 15:19:00,2600
1483,2592.764327,1,4,2014-03-04 10:56:19,2014-03-04 10:56:19,2600
3726,2592.761114,1,3,2001-08-22 00:00:00,2001-08-22 00:00:00,2600
2728,2592.758373,1,3,2020-03-12 09:52:22,2020-03-12 09:52:22,2600
3024,2592.756651,5,23,2022-11-05 19:33:54,2023-01-06 16:56:23,2600
1993,2592.74745,1,4,2015-12-10 14:17:13,2015-12-10 14:17:13,2600
4338,2592.745621,3,15,2024-07-19 15:54:51,2025-01-18 09:52:44,2600
483,2592.732132,15,116,1997-01-03 00:00:00,2011-03-03 00:00:00,2600
362,2592.719344,3,13,2010-08-01 10:00:00,2011-08-25 13:04:00,2600
3040,2592.698064,1,3,2022-11-25 13:29:26,2022-11-25 13:29:26,2600
3944,2592.693992,2,11,2024-01-26 05:14:24,2024-06-28 11:24:55,2600
220,2592.683046,1,3,2010-08-01 10:00:00,2010-08-01 10:00:00,2600
852,2592.679877,1,5,2011-11-10 18:59:26,2011-11-10 18:59:26,2600
2796,2592.667277,1,4,2021-10-09 17:43:37,2021-10-09 17:43:37,2600
2268,2592.664725,1,4,2017-08-23 07:33:44,2017-08-23 07:33:44,2600
3408,2592.65572,1,7,1997-01-03 00:00:00,1997-01-03 00:00:00,2600
1059,2592.652673,1,5,2012-10-17 17:26:14,2012-10-17 17:26:14,2600
4447,2592.651563,1,3,2024-10-04 13:06:02,2024-10-04 13:06:02,2600
4219,2592.643842,2,9,2024-05-21 10:07:53,2024-05-22 07:17:51,2600
465,2592.638978,1,4,2010-11-19 00:00:00,2010-11-19 00:00:00,2600
1236,2592.633173,3,18,2013-06-11 06:33:35,2015-10-19 06:10:14,2600
1676,2592.630933,5,27,2015-02-25 11:40:25,2015-06-01 17:48:49,2600
2656,2592.620027,1,3,2019-11-16 10:16:22,2019-11-16 10:16:22,2600
919,2592.61436,4,22,2012-05-15 15:18:01,2012-05-25 12:07:59,2600
445,2592.612439,1,4,2010-11-12 00:00:00,2010-11-12 00:00:00,2600
1458,2592.611735,1,5,2013-11-14 13:22:38,2013-11-14 13:22:38,2600
2018,2592.605937,1,5,2016-02-24 08:00:52,2016-02-24 08:00:52,2600
1958,2592.604613,1,4,2015-11-05 13:59:25,2015-11-05 13:59:25,2600
3109,2592.603218,2,10,2023-05-26 07:43:21,2023-06-01 13:52:41,2600
4311,2592.600871,3,25,1982-10-11 00:00:00,1985-02-17 00:00:00,2600
3465,2592.586611,1,16,1994-01-08 00:00:00,1994-01-08 00:00:00,2600
4331,2592.58472,2,9,2024-07-19 11:24:26,2025-01-17 14:34:41,2600
2897,2592.578585,4,22,2022-05-16 12:52:40,2022-05-30 09:05:57,2600
2732,2592.578243,1,3,2020-03-12 09:52:22,2020-03-12 09:52:22,2600
1183,2592.561026,1,4,2012-12-13 12:49:20,2012-12-13 12:49:20,2600
3512,2592.556763,18,164,1982-10-11 00:00:00,1992-03-21 00:00:00,2600
4377,2592.556296,1,3,2024-08-02 01:02:18,2024-08-02 01:02:18,2600
256,2592.545662,1,5,2010-08-01 10:00:00,2010-08-01 10:00:00,2600
1250,2592.543485,3,16,2013-06-12 11:34:21,2013-09-25 08:03:41,2600
4342,2592.53209,1,3,2024-07-19 16:45:20,2024-07-19 16:45:20,2600
885,2592.527607,1,5,2011-11-27 14:56:50,2011-11-27 14:56:50,2600
2821,2592.512138,31,85,2022-01-15 09:59:29,2025-03-29 14:23:52,2600
2520,2592.506788,5,25,2019-06-24 03:56:26,2019-06-28 04:41:35,2600
1033,2592.5,1,5,2012-08-23 15:43:01,2012-08-23 15:43:01,2600
1080,2592.5,1,5,2012-10-17 17:26:14,2012-10-17 17:26:14,2600
1472,2592.5,1,5,2014-02-06 13:05:19,2014-02-06 13:05:19,2600
1518,2592.5,1,5,2014-06-17 04:55:28,2014-06-17 04:55:28,2600
2015,2592.5,1,5,2016-02-23 18:20:12,2016-02-23 18:20:12,2600
2020,2592.5,1,5,2016-02-23 18:40:36,2016-02-23 18:40:36,2600
253,2592.5,1,5,2010-08-01 10:00:00,2010-08-01 10:00:00,2600
2575,2592.5,1,5,2019-07-01 00:14:55,2019-07-01 00:14:55,2600
2619,2592.5,1,5,2019-10-24 17:04:02,2019-10-24 17:04:02,2600
2626,2592.5,1,5,2019-10-24 17:04:02,2019-10-24 17:04:02,2600
3039,2592.5,1,3,2022-11-25 12:09:03,2022-11-25 12:09:03,2600
3056,2592.5,1,3,2022-12-09 12:42:06,2022-12-09 12:42:06,2600
3268,2592.5,1,17,1999-01-03 00:00:00,1999-01-03 00:00:00,2600
3553,2592.5,1,5,2023-10-13 15:39:11,2023-10-13 15:39:11,2600
3558,2592.5,1,5,2023-10-13 15:39:11,2023-10-13 15:39:11,2600
3574,2592.5,1,5,2023-10-13 15:39:11,2023-10-13 15:39:11,2600
3600,2592.5,1,5,2023-10-13 15:39:11,2023-10-13 15:39:11,2600
3644,2592.5,1,5,2023-10-12 00:00:00,2023-10-12 00:00:00,2600
3721,2592.5,1,3,2001-08-22 00:00:00,2001-08-22 00:00:00,2600
3722,2592.5,1,3,2001-08-22 00:00:00,2001-08-22 00:00:00,2600
3798,2592.5,1,3,2020-01-10 00:00:00,2020-01-10 00:00:00,2600
3845,2592.5,1,5,2024-02-23 01:44:51,2024-02-23 01:44:51,2600
392,2592.5,1,5,2010-09-30 00:00:00,2010-09-30 00:00:00,2600
3940,2592.5,1,3,2024-01-26 05:07:39,2024-01-26 05:07:39,2600
3942,2592.5,1,3,2024-01-26 05:14:24,2024-01-26 05:14:24,2600
3943,2592.5,1,3,2024-01-26 05:07:39,2024-01-26 05:07:39,2600
3945,2592.5,1,3,2024-01-26 05:14:24,2024-01-26 05:14:24,2600
3955,2592.5,1,3,2024-01-26 05:14:24,2024-01-26 05:14:24,2600
396,2592.5,1,5,2010-09-30 00:00:00,2010-09-30 00:00:00,2600
4015,2592.5,1,5,2024-02-23 22:44:39,2024-02-23 22:44:39,2600
4017,2592.5,1,5,2024-02-23 01:44:51,2024-02-23 01:44:51,2600
4026,2592.5,1,5,2024-02-23 18:01:07,2024-02-23 18:01:07,2600
4212,2592.5,1,3,2024-05-21 04:48:24,2024-05-21 04:48:24,2600
4214,2592.5,1,3,2024-05-21 10:07:53,2024-05-21 10:07:53,2600
4224,2592.5,1,3,2024-05-21 10:07:53,2024-05-21 10:07:53,2600
4225,2592.5,1,3,2024-05-21 00:00:00,2024-05-21 00:00:00,2600
4227,2592.5,1,3,2024-05-21 10:07:53,2024-05-21 10:07:53,2600
4276,2592.5,1,5,2024-06-28 06:32:57,2024-06-28 06:32:57,2600
4282,2592.5,1,5,2024-06-28 10:33:03,2024-06-28 10:33:03,2600
4292,2592.5,1,5,2024-06-28 08:35:38,2024-06-28 08:35:38,2600
4295,2592.5,1,5,2024-06-28 09:24:59,2024-06-28 09:24:59,2600
4336,2592.5,1,3,2024-07-19 15:19:35,2024-07-19 15:19:35,2600
4348,2592.5,1,3,2024-07-19 10:09:05,2024-07-19 10:09:05,2600
4353,2592.5,1,3,2024-08-02 00:56:03,2024-08-02 00:56:03,2600
4354,2592.5,1,3,2024-08-02 00:56:03,2024-08-02 00:56:03,2600
4363,2592.5,1,3,2024-08-02 00:56:03,2024-08-02 00:56:03,2600
4367,2592.5,1,3,2024-08-02 00:56:03,2024-08-02 00:56:03,2600
4368,2592.5,1,3,2024-08-02 00:56:03,2024-08-02 00:56:03,2600
4370,2592.5,1,3,2024-08-02 01:02:18,2024-08-02 01:02:18,2600
4376,2592.5,1,3,2024-08-02 01:02:18,2024-08-02 01:02:18,2600
4379,2592.5,1,3,2024-08-02 01:11:24,2024-08-02 01:11:24,2600
4504,2592.5,1,5,2024-12-14 13:04:07,2024-12-14 13:04:07,2600
4562,2592.5,1,3,2025-01-24 00:47:11,2025-01-24 00:47:11,2600
4567,2592.5,1,3,2025-01-24 07:31:56,2025-01-24 07:31:56,2600
4615,2592.5,1,3,2025-02-07 10:08:24,2025-02-07 10:08:24,2600
674,2592.5,1,5,2011-09-29 11:15:56,2011-09-29 11:15:56,2600
824,2592.5,1,5,2011-11-10 13:54:06,2011-11-10 13:54:06,2600
832,2592.5,1,5,2011-11-10 13:54:06,2011-11-10 13:54:06,2600
937,2592.5,1,5,2012-06-18 08:18:35,2012-06-18 08:18:35,2600
670,2592.499772,3,13,2011-09-29 11:15:56,2014-02-06 11:29:04,2600
629,2592.499281,1,4,2011-08-25 14:48:38,2011-08-25 14:48:38,2600
4449,2592.494129,1,3,2024-10-04 14:01:32,2024-10-04 14:01:32,2600
3761,2592.488387,1,3,2024-01-05 10:33:30,2024-01-05 10:33:30,2600
4386,2592.487779,1,3,2024-08-02 06:48:49,2024-08-02 06:48:49,2600
456,2592.487261,1,4,2010-11-19 00:00:00,2010-11-19 00:00:00,2600
3240,2592.479623,5,63,1997-01-03 00:00:00,2001-02-20 00:00:00,2600
932,2592.472341,4,28,2005-03-26 00:00:00,2012-06-18 08:18:35,2600
4218,2592.471763,1,3,2024-05-21 07:14:48,2024-05-21 07:14:48,2600
4486,2592.471231,2,8,2024-11-08 11:39:52,2024-12-13 09:01:36,2600
2637,2592.465599,5,16,2019-10-24 17:08:11,2025-01-28 13:47:16,2600
1243,2592.463053,1,4,2013-06-12 07:11:19,2013-06-12 07:11:19,2600
718,2592.459156,1,4,2011-09-21 14:01:21,2011-09-21 14:01:21,2600
4473,2592.457311,1,5,2024-10-10 08:09:48,2024-10-10 08:09:48,2600
4074,2592.451263,3,10,2025-03-17 14:34:59,2025-03-19 10:40:15,2600
4460,2592.449658,2,11,2024-10-10 23:10:29,2025-01-24 00:47:11,2600
2961,2592.433356,3,6,2022-07-30 09:04:53,2022-07-30 13:50:45,2600
2048,2592.430958,2,12,2016-05-12 14:05:57,2016-05-19 10:19:30,2600
1140,2592.429695,1,4,2012-11-16 07:29:09,2012-11-16 07:29:09,2600
3567,2592.428045,2,11,2023-10-13 15:39:11,2023-10-13 15:41:59,2600
4025,2592.428045,2,11,2024-02-23 18:01:07,2024-02-24 22:20:11,2600
4387,2592.427807,1,3,2024-08-02 07:21:14,2024-08-02 07:21:14,2600
3015,2592.420533,1,3,2022-10-14 15:03:07,2022-10-14 15:03:07,2600
2025,2592.417642,1,5,2016-02-24 13:25:53,2016-02-24 13:25:53,2600
644,2592.414926,1,5,2011-08-25 21:08:05,2011-08-25 21:08:05,2600
1230,2592.412875,1,5,2013-06-11 05:31:14,2013-06-11 05:31:14,2600
4201,2592.412077,1,3,2024-05-21 04:48:24,2024-05-21 04:48:24,2600
1060,2592.410057,1,5,2012-10-17 17:22:55,2012-10-17 17:22:55,2600
4528,2592.410057,1,5,2025-01-18 14:58:06,2025-01-18 14:58:06,2600
1630,2592.406215,1,4,2014-12-11 11:44:22,2014-12-11 11:44:22,2600
1968,2592.39956,1,4,2015-11-04 16:02:26,2015-11-04 16:02:26,2600
4446,2592.392074,1,3,2024-10-04 10:40:12,2024-10-04 10:40:12,2600
1449,2592.390183,1,4,2013-11-14 12:20:49,2013-11-14 12:20:49,2600
758,2592.383711,1,4,2011-10-20 16:39:20,2011-10-20 16:39:20,2600
3185,2592.377226,1,3,2023-09-15 08:04:36,2023-09-15 08:04:36,2600
2511,2592.362903,5,25,2019-06-24 11:32:52,2019-06-28 13:20:59,2600
4573,2592.358724,3,13,2025-01-26 19:03:44,2025-01-29 09:02:17,2600
203,2592.352337,1,5,2010-08-01 10:00:00,2010-08-01 10:00:00,2600
4652,2592.344458,3,13,2025-03-14 10:41:20,2025-03-15 08:51:08,2600
389,2592.341065,12,64,2010-09-30 00:00:00,2011-10-06 13:50:41,2600
4360,2592.338125,1,3,2024-08-02 00:56:03,2024-08-02 00:56:03,2600
3533,2592.332596,1,3,2023-10-20 08:08:49,2023-10-20 08:08:49,2600
491,2592.329572,1,7,1997-01-03 00:00:00,1997-01-03 00:00:00,2600
2590,2592.322901,22,59,2019-09-14 08:59:57,2024-01-31 11:03:09,2600
1583,2592.320678,1,5,2014-10-01 13:40:33,2014-10-01 13:40:33,2600
2538,2592.318158,4,13,2019-06-20 03:56:03,2019-06-21 06:07:23,2600
1973,2592.304868,1,5,2015-10-19 08:25:53,2015-10-19 08:25:53,2600
3325,2592.299022,2,13,1997-01-03 00:00:00,1997-01-03 00:00:00,2600
2632,2592.290608,1,5,2019-10-24 17:08:11,2019-10-24 17:08:11,2600
4365,2592.288848,1,3,2024-08-02 01:02:18,2024-08-02 01:02:18,2600
2903,2592.288766,3,15,2022-06-01 03:00:16,2022-06-08 09:21:41,2600
4669,2592.287481,3,11,2025-03-17 14:50:50,2025-03-19 12:45:52,2600
987,2592.286698,1,4,2012-07-19 09:57:33,2012-07-19 09:57:33,2600
1124,2592.283448,1,4,2012-11-11 17:09:51,2012-11-11 17:09:51,2600
1768,2592.276916,3,12,2023-06-02 10:57:25,2023-06-08 07:35:53,2600
3467,2592.270645,75,645,1980-05-22 00:00:00,1994-01-08 00:00:00,2579.387248
4620,2592.267559,1,3,2025-02-07 15:58:13,2025-02-07 15:58:13,2600
2660,2592.266627,1,3,2019-11-16 13:54:14,2019-11-16 13:54:14,2600
3367,2592.266194,1,7,1997-01-03 00:00:00,1997-01-03 00:00:00,2600
3454,2592.261877,1,16,1994-01-08 00:00:00,1994-01-08 00:00:00,2600
635,2592.261751,1,4,2011-08-25 12:04:15,2011-08-25 12:04:15,2600
1345,2592.252601,1,4,2013-08-22 12:53:42,2013-08-22 12:53:42,2600
4397,2592.25103,1,3,2024-08-16 09:14:14,2024-08-16 09:14:14,2600
3364,2592.250365,1,7,1997-01-03 00:00:00,1997-01-03 00:00:00,2600
1978,2592.249378,1,4,2015-10-20 04:51:40,2015-10-20 04:51:40,2600
4909,2592.246535,1,6,1992-01-14 00:00:00,1992-01-14 00:00:00,2600
783,2592.2418,1,5,2011-10-20 14:13:22,2011-10-20 14:13:22,2600
1244,2592.24155,1,4,2013-06-12 11:34:21,2013-06-12 11:34:21,2600
1316,2592.232804,4,10,2013-07-26 21:20:15,2024-03-07 00:00:00,2600
335,2592.230208,1,5,2010-08-01 10:00:00,2010-08-01 10:00:00,2600
1444,2592.225694,1,4,2013-11-14 12:20:49,2013-11-14 12:20:49,2600
1055,2592.22435,1,6,2012-10-18 07:29:21,2012-10-18 07:29:21,2600
4731,2592.215222,4,13,2025-05-20 01:21:45,2025-05-22 03:44:31,2600
4628,2592.204436,1,5,2025-03-11 11:04:13,2025-03-11 11:04:13,2600
4721,2592.201841,4,22,2025-05-14 06:06:33,2025-05-21 02:59:39,2600
1214,2592.19806,1,4,2012-11-11 18:59:58,2012-11-11 18:59:58,2600
3179,2592.196568,1,3,2023-08-25 12:03:46,2023-08-25 12:03:46,2600
4457,2592.194822,1,5,2024-10-10 08:09:48,2024-10-10 08:09:48,2600
868,2592.192833,2,11,2011-11-10 20:45:09,2011-11-10 22:15:24,2600
3103,2592.19167,4,22,2023-02-25 03:14:09,2023-02-26 03:00:21,2600
2980,2592.179608,1,3,2022-09-02 14:25:31,2022-09-02 14:25:31,2600
4525,2592.177067,1,3,2025-01-17 14:33:21,2025-01-17 14:33:21,2600
380,2592.171673,1,7,2010-09-30 00:00:00,2010-09-30 00:00:00,2600
4005,2592.168958,4,19,2024-02-16 12:32:10,2025-05-27 10:14:08,2600
4404,2592.167657,1,4,2024-08-30 17:14:00,2024-08-30 17:14:00,2600
2976,2592.166693,1,3,2022-09-16 10:54:59,2022-09-16 10:54:59,2600
2698,2592.1486,1,5,2020-03-12 12:45:49,2020-03-12 12:45:49,2600
3935,2592.148255,1,3,2024-01-26 05:07:39,2024-01-26 05:07:39,2600
2248,2592.137681,1,5,2017-08-22 13:12:42,2017-08-22 13:12:42,2600
3380,2592.136248,1,7,1997-01-03 00:00:00,1997-01-03 00:00:00,2600
350,2592.135717,1,4,2011-08-25 21:08:05,2011-08-25 21:08:05,2600
3510,2592.129545,8,78,1988-01-01 00:00:00,1992-03-21 00:00:00,2600
2659,2592.124849,1,3,2019-11-16 13:05:14,2019-11-16 13:05:14,2600
2460,2592.123743,8,32,2019-03-14 13:52:45,2024-08-16 10:31:58,2600
1702,2592.114768,1,4,2015-01-20 10:59:37,2015-01-20 10:59:37,2600
3690,2592.109115,1,3,2023-11-10 13:42:14,2023-11-10 13:42:14,2600
3411,2592.095119,1,7,1997-01-03 00:00:00,1997-01-03 00:00:00,2600
2313,2592.072566,1,4,2018-03-07 16:06:13,2018-03-07 16:06:13,2600
3742,2592.053243,1,3,2023-12-15 11:20:46,2023-12-15 11:20:46,2600
677,2592.049917,1,4,2011-09-29 11:15:56,2011-09-29 11:15:56,2600
3483,2592.046079,15,157,1989-08-17 00:00:00,1993-03-13 00:00:00,2600
453,2592.031093,1,4,2010-11-19 00:00:00,2010-11-19 00:00:00,2600
4605,2592.027742,5,20,2025-01-24 16:05:06,2025-01-29 09:02:17,2600
4485,2592.018987,1,3,2024-11-08 10:01:32,2024-11-08 10:01:32,2600
1487,2592.015931,1,5,2014-03-05 11:02:33,2014-03-05 11:02:33,2600
2724,2592.014826,1,3,2020-03-12 08:13:53,2020-03-12 08:13:53,2600
1813,2592.012432,1,4,2015-07-30 10:29:15,2015-07-30 10:29:15,2600
4388,2592.010862,1,3,2024-08-02 06:13:33,2024-08-02 06:13:33,2600
2686,2592.007405,1,3,2021-11-19 14:34:54,2021-11-19 14:34:54,2600
2073,2592.006076,1,5,2016-08-24 11:31:43,2016-08-24 11:31:43,2600
2522,2591.998677,5,25,2019-06-24 11:31:38,2019-06-28 07:31:19,2600
545,2591.990451,15,81,2011-05-13 09:06:15,2012-05-22 16:13:02,2600
3427,2591.98315,1,7,1997-01-03 00:00:00,1997-01-03 00:00:00,2600
4619,2591.981386,1,3,2025-02-07 15:14:22,2025-02-07 15:14:22,2600
2158,2591.978647,2,12,2017-03-02 11:11:19,2017-08-23 12:42:42,2600
1943,2591.973939,1,5,2015-10-07 13:48:53,2015-10-07 13:48:53,2600
1353,2591.972184,16,158,1992-10-12 00:00:00,2019-10-24 15:56:22,2600
2381,2591.958179,5,19,2018-08-23 10:38:58,2025-03-20 06:53:27,2600
4405,2591.938042,1,4,2024-08-30 16:52:09,2024-08-30 16:52:09,2600
1026,2591.937919,1,5,2012-08-23 14:05:14,2012-08-23 14:05:14,2600
1242,2591.9295,3,17,2013-06-11 07:19:56,2013-10-21 07:13:06,2600
4445,2591.926766,1,3,2024-10-04 09:37:42,2024-10-04 09:37:42,2600
1533,2591.921407,1,4,2014-06-18 11:09:12,2014-06-18 11:09:12,2600
2283,2591.914275,1,4,2017-08-24 08:02:24,2017-08-24 08:02:24,2600
1635,2591.910668,1,4,2014-12-11 13:52:51,2014-12-11 13:52:51,2600
1525,2591.894143,4,20,2014-06-17 07:54:51,2015-10-20 04:18:46,2600
740,2591.888166,5,26,2011-10-05 20:11:01,2020-03-11 13:59:39,2600
1617,2591.882948,1,5,2014-11-19 18:56:54,2014-11-19 18:56:54,2600
3585,2591.875562,1,5,2023-10-13 15:39:11,2023-10-13 15:39:11,2600
2817,2591.874225,1,3,2021-12-10 17:06:03,2021-12-10 17:06:03,2600
463,2591.865325,1,4,2010-11-19 00:00:00,2010-11-19 00:00:00,2600
1516,2591.86337,2,13,2014-06-17 04:55:28,2014-10-20 04:39:18,2600
1548,2591.860915,1,4,2014-08-07 16:00:20,2014-08-07 16:00:20,2600
2305,2591.860651,12,38,2017-04-07 00:00:00,2018-02-17 15:07:38,2600
2110,2591.858158,5,16,2016-09-28 11:25:09,2017-04-07 00:00:00,2600
2052,2591.852066,1,4,2016-05-12 19:41:02,2016-05-12 19:41:02,2600
1669,2591.846931,1,5,2015-02-25 15:09:01,2015-02-25 15:09:01,2600
1633,2591.834748,1,5,2014-12-11 11:44:22,2014-12-11 11:44:22,2600
1224,2591.833383,1,4,2013-06-08 06:34:20,2013-06-08 06:34:20,2600
1602,2591.808551,1,4,2014-10-22 04:47:06,2014-10-22 04:47:06,2600
2371,2591.803949,3,10,2018-03-14 00:00:00,2018-03-14 00:00:00,2600
1233,2591.800808,1,5,2013-06-11 05:31:14,2013-06-11 05:31:14,2600
1413,2591.800002,2,11,2013-10-21 07:13:06,2015-01-20 08:11:05,2600
386,2591.783836,1,4,2010-09-30 00:00:00,2010-09-30 00:00:00,2600
3388,2591.781209,1,7,1997-01-03 00:00:00,1997-01-03 00:00:00,2600
878,2591.774185,2,11,2011-11-10 20:45:09,2011-11-10 21:46:42,2600
3067,2591.77385,1,3,2023-01-06 11:03:12,2023-01-06 11:03:12,2600
1598,2591.764804,1,4,2014-10-21 07:02:57,2014-10-21 07:02:57,2600
451,2591.759467,1,4,2010-10-28 00:00:00,2010-10-28 00:00:00,2600
1658,2591.758806,2,5,2014-12-20 13:50:31,2024-11-07 17:04:34,2600
3810,2591.750669,6,13,2024-01-19 09:05:55,2025-02-08 10:37:50,2600
3360,2591.731761,1,6,1997-01-03 00:00:00,1997-01-03 00:00:00,2600
2456,2591.730625,2,9,2019-03-14 11:19:09,2020-03-11 15:30:43,2600
2072,2591.724174,1,4,2016-08-25 08:12:04,2016-08-25 08:12:04,2600
1871,2591.719689,6,32,2015-07-19 07:07:09,2015-07-22 17:32:30,2600
1397,2591.698452,1,4,2013-10-03 15:08:58,2013-10-03 15:08:58,2600
4123,2591.690151,8,32,2025-03-14 11:01:30,2025-03-20 08:57:40,2600
960,2591.685987,1,4,2012-06-19 09:08:55,2012-06-19 09:08:55,2600
2198,2591.683271,3,15,2017-05-10 08:00:27,2017-05-16 10:14:16,2600
2079,2591.680704,1,4,2016-08-24 13:54:25,2016-08-24 13:54:25,2600
1581,2591.668862,10,50,2014-10-01 13:40:33,2015-11-05 16:57:17,2600
413,2591.663321,1,5,2010-10-07 00:00:00,2010-10-07 00:00:00,2600
3532,2591.657624,3,11,2023-10-20 12:33:20,2024-01-05 11:03:42,2600
1564,2591.650616,3,13,2014-08-20 16:29:55,2015-08-27 08:49:53,2600
595,2591.623739,8,41,1997-01-03 00:00:00,2014-02-06 11:29:04,2600
2382,2591.615265,1,4,2018-08-23 10:48:08,2018-08-23 10:48:08,2600
4604,2591.614776,4,15,2025-01-24 16:24:24,2025-01-28 14:19:27,2600
1967,2591.6014,3,11,2015-11-04 15:05:12,2019-11-16 07:57:55,2600
3869,2591.595031,3,10,2024-02-04 10:14:43,2024-02-07 10:25:40,2600
2491,2591.580969,3,17,2019-05-19 10:28:50,2019-05-31 10:46:31,2600
2401,2591.580291,5,20,2018-08-22 10:19:15,2025-03-19 09:24:55,2600
2024,2591.577633,1,4,2016-02-24 13:24:44,2016-02-24 13:24:44,2600
2742,2591.576507,1,6,2008-11-08 00:00:00,2008-11-08 00:00:00,2600
1432,2591.567467,1,5,2013-11-07 19:01:04,2013-11-07 19:01:04,2600
3177,2591.555009,3,9,2023-08-11 18:04:50,2023-08-12 17:29:11,2600
3530,2591.553215,3,9,2023-10-20 11:49:57,2024-12-13 10:28:18,2600
2261,2591.545942,1,4,2017-08-22 16:45:01,2017-08-22 16:45:01,2600
2164,2591.542329,7,39,2017-03-02 17:27:39,2019-03-13 16:00:01,2600
2311,2591.537929,1,4,2018-03-07 14:02:50,2018-03-07 14:02:50,2600
4431,2591.535823,4,14,2024-09-26 03:42:05,2024-09-27 02:18:12,2600
1621,2591.520381,1,5,2014-11-20 08:05:45,2014-11-20 08:05:45,2600
1015,2591.516463,1,4,2012-08-23 14:49:17,2012-08-23 14:49:17,2600
743,2591.510191,1,4,2011-10-20 08:18:44,2011-10-20 08:18:44,2600
1161,2591.508749,1,7,2008-01-03 00:00:00,2008-01-03 00:00:00,2600
4407,2591.505082,1,4,2024-08-30 13:31:17,2024-08-30 13:31:17,2600
437,2591.504177,1,4,2010-10-22 00:00:00,2010-10-22 00:00:00,2600
1265,2591.503213,1,4,2013-07-18 07:48:32,2013-07-18 07:48:32,2600
4512,2591.495546,1,3,2024-12-13 11:53:06,2024-12-13 11:53:06,2600
1679,2591.461393,1,4,2015-02-25 16:10:50,2015-02-25 16:10:50,2600
2647,2591.451396,1,4,2019-10-24 17:08:11,2019-10-24 17:08:11,2600
4426,2591.450526,4,14,2024-09-26 01:51:48,2024-09-27 02:06:32,2600
857,2591.446389,3,12,2011-11-10 20:47:58,2013-08-22 16:22:08,2600
1639,2591.444297,1,4,2014-12-11 13:52:51,2014-12-11 13:52:51,2600
2108,2591.442058,3,9,2016-09-28 10:34:04,2016-09-28 10:34:04,2600
3046,2591.441419,1,3,2022-11-25 16:26:54,2022-11-25 16:26:54,2600
2644,2591.438854,2,12,2019-10-24 17:08:11,2024-07-28 00:00:00,2600
1028,2591.431965,1,4,2012-08-23 14:05:14,2012-08-23 14:05:14,2600
2806,2591.42398,2,8,2021-11-19 14:52:53,2022-10-14 13:06:44,2600
4693,2591.423753,5,16,2025-03-31 00:07:22,2025-04-01 06:03:14,2600
2007,2591.423187,1,5,2016-02-23 14:05:09,2016-02-23 14:05:09,2600
1365,2591.396927,1,4,2013-10-14 06:04:46,2013-10-14 06:04:46,2600
1151,2591.396477,2,11,2012-11-05 06:57:46,2013-09-24 07:58:05,2600
1062,2591.395962,1,4,2012-10-18 07:29:21,2012-10-18 07:29:21,2600
685,2591.391777,1,4,2011-09-29 13:43:24,2011-09-29 13:43:24,2600
1152,2591.383966,10,58,2012-11-05 11:33:05,2019-10-28 01:04:38,2600
1847,2591.381002,6,34,2015-07-18 13:14:58,2015-07-23 10:20:43,2600
405,2591.379218,1,4,2010-09-30 00:00:00,2010-09-30 00:00:00,2600
1344,2591.353685,1,4,2013-08-22 12:53:42,2013-08-22 12:53:42,2600
4402,2591.352484,3,7,2024-08-09 23:20:59,2024-08-10 22:17:01,2600
890,2591.310166,1,4,2011-11-27 18:52:30,2011-11-27 18:52:30,2600
2934,2591.306208,2,11,2022-06-02 03:00:47,2022-06-07 03:00:37,2600
928,2591.29879,6,32,2012-05-14 18:10:59,2012-05-28 09:56:21,2600
719,2591.290044,1,4,2011-09-21 14:01:21,2011-09-21 14:01:21,2600
1638,2591.258516,1,4,2014-12-11 13:52:51,2014-12-11 13:52:51,2600
1274,2591.240139,1,4,2013-07-18 11:32:25,2013-07-18 11:32:25,2600
2022,2591.223479,1,4,2016-02-24 10:21:25,2016-02-24 10:21:25,2600
3752,2591.213811,2,30,1991-03-22 00:00:00,1991-03-22 00:00:00,2600
443,2591.185717,1,4,2010-11-12 00:00:00,2010-11-12 00:00:00,2600
4482,2591.172605,1,3,2024-11-07 17:44:34,2024-11-07 17:44:34,2600
2201,2591.166324,4,22,2017-05-10 13:02:12,2017-05-19 11:13:59,2600
1297,2591.16013,5,21,2013-08-22 14:43:23,2014-10-01 14:53:37,2600
455,2591.151413,1,4,2010-11-19 00:00:00,2010-11-19 00:00:00,2600
4200,2591.14748,2,11,2025-05-14 06:06:33,2025-05-20 07:18:37,2600
2085,2591.146945,1,4,2016-08-25 09:36:58,2016-08-25 09:36:58,2600
2894,2591.142242,4,23,2025-05-15 02:59:43,2025-05-22 06:05:02,2600
3543,2591.129558,5,22,2023-10-16 17:24:32,2023-10-19 17:54:44,2600
1545,2591.121593,1,4,2014-08-07 07:22:03,2014-08-07 07:22:03,2600
1986,2591.118654,12,45,2015-12-09 17:32:55,2025-01-27 14:35:17,2600
2570,2591.107436,4,20,2019-06-30 22:56:34,2019-07-01 00:14:55,2600
3767,2591.092801,6,21,2024-01-04 14:09:47,2024-07-19 10:09:05,2600
372,2591.084661,1,4,2010-09-30 00:00:00,2010-09-30 00:00:00,2600
361,2591.082377,1,4,2010-08-01 10:00:00,2010-08-01 10:00:00,2600
1445,2591.082106,1,5,2013-11-14 09:15:59,2013-11-14 09:15:59,2600
1117,2591.079654,5,27,2012-09-24 11:29:16,2014-10-20 11:15:57,2600
1857,2591.078149,5,29,2015-07-18 16:04:30,2015-07-22 08:57:37,2600
2921,2591.06555,3,16,2022-06-01 07:13:09,2022-06-08 03:00:15,2600
2859,2591.063634,1,3,2022-03-18 10:53:59,2022-03-18 10:53:59,2600
573,2591.061487,4,20,2011-07-11 09:02:04,2011-07-14 06:05:03,2600
1422,2591.055681,1,4,2013-11-07 12:37:53,2013-11-07 12:37:53,2600
2040,2591.03626,9,73,2002-02-11 00:00:00,2016-05-20 15:26:18,2600
3977,2591.032063,8,29,2024-01-29 08:41:29,2025-01-20 11:43:21,2600
1317,2591.030829,7,39,2013-08-14 15:14:08,2017-05-15 10:51:30,2600
2023,2591.029409,1,4,2016-02-24 10:21:25,2016-02-24 10:21:25,2600
3084,2591.023797,7,24,2023-01-30 22:57:22,2023-10-08 02:57:57,2600
242,2591.005676,5,20,2010-08-01 10:00:00,2013-10-03 13:21:52,2600
4702,2591.000424,2,10,2025-05-21 08:19:01,2025-05-29 09:05:07,2600
895,2590.978486,4,23,2011-12-10 12:40:54,2012-10-19 18:11:42,2600
1290,2590.97586,1,4,2013-07-18 18:25:42,2013-07-18 18:25:42,2600
1963,2590.972208,1,4,2015-11-04 13:34:56,2015-11-04 13:34:56,2600
2084,2590.969692,1,4,2016-08-25 08:12:04,2016-08-25 08:12:04,2600
2394,2590.965348,1,4,2018-08-22 10:19:15,2018-08-22 10:19:15,2600
1343,2590.96451,1,4,2013-08-22 16:12:17,2013-08-22 16:12:17,2600
1215,2590.963329,1,4,2013-06-06 16:26:55,2013-06-06 16:26:55,2600
1380,2590.96073,1,4,2013-09-24 07:12:06,2013-09-24 07:12:06,2600
2386,2590.959231,1,4,2018-08-23 15:15:15,2018-08-23 15:15:15,2600
1324,2590.945418,1,4,2013-08-22 09:12:59,2013-08-22 09:12:59,2600
1997,2590.936363,1,4,2015-12-10 17:02:04,2015-12-10 17:02:04,2600
1346,2590.935082,3,12,2013-08-22 14:43:23,2015-08-26 11:46:54,2600
1054,2590.928137,1,4,2012-10-17 17:26:14,2012-10-17 17:26:14,2600
4427,2590.88509,5,21,2024-09-26 01:50:29,2024-09-27 06:59:05,2600
1637,2590.884943,1,4,2014-12-11 13:52:51,2014-12-11 13:52:51,2600
525,2590.862038,35,378,1992-10-12 00:00:00,2015-12-21 20:06:05,2588.997593
113,2590.841412,5,29,2010-08-01 10:00:00,2010-08-01 10:00:00,2600
2945,2590.832326,3,15,2022-06-02 04:41:09,2022-06-09 12:01:22,2600
1435,2590.831652,1,4,2013-11-07 23:01:23,2013-11-07 23:01:23,2600
1443,2590.820094,1,4,2013-11-14 12:20:49,2013-11-14 12:20:49,2600
882,2590.812987,1,4,2011-11-10 19:59:42,2011-11-10 19:59:42,2600
2006,2590.810328,1,4,2016-02-23 14:05:09,2016-02-23 14:05:09,2600
3092,2590.810004,3,12,2023-02-28 09:05:59,2023-03-01 11:27:48,2600
3132,2590.791659,6,30,2023-05-27 18:25:08,2025-05-28 10:18:20,2600
1957,2590.791618,1,4,2015-11-05 10:51:36,2015-11-05 10:51:36,2600
1597,2590.788844,2,10,2014-10-20 11:15:57,2019-10-24 17:16:13,2600
3262,2590.787252,2,22,1997-01-03 00:00:00,1999-01-03 00:00:00,2600
1589,2590.772915,1,4,2014-10-02 07:22:03,2014-10-02 07:22:03,2600
4081,2590.765155,4,15,2025-01-10 10:30:32,2025-01-27 16:16:43,2600
945,2590.748232,12,64,2012-06-18 09:11:07,2015-01-21 07:14:11,2600
2027,2590.732299,1,4,2016-02-24 17:05:55,2016-02-24 17:05:55,2600
1554,2590.722886,1,4,2014-08-07 09:27:52,2014-08-07 09:27:52,2600
1381,2590.720015,1,4,2013-09-24 07:58:05,2013-09-24 07:58:05,2600
2193,2590.711184,3,16,2017-05-09 14:34:46,2017-05-17 14:57:37,2600
185,2590.706197,1,4,2010-08-01 10:00:00,2010-08-01 10:00:00,2600
736,2590.694275,1,4,2011-10-05 18:27:38,2011-10-05 18:27:38,2600
1693,2590.68273,1,4,2015-01-20 08:08:54,2015-01-20 08:08:54,2600
1527,2590.677974,1,4,2014-06-17 11:29:49,2014-06-17 11:29:49,2600
2741,2590.673698,1,5,2008-11-08 00:00:00,2008-11-08 00:00:00,2600
896,2590.668759,2,9,2011-12-10 12:40:54,2011-12-15 13:36:37,2600
3215,2590.6607,2,14,2002-10-04 00:00:00,2002-11-09 00:00:00,2600
3610,2590.642881,1,4,2023-10-13 15:41:59,2023-10-13 15:41:59,2600
2532,2590.62819,11,41,2019-06-20 03:50:12,2023-03-01 11:45:00,2600
3370,2590.610541,1,6,1997-01-03 00:00:00,1997-01-03 00:00:00,2600
829,2590.609091,3,12,2011-11-10 13:54:06,2012-10-18 07:29:21,2600
1221,2590.593398,2,9,2013-06-07 08:00:20,2015-11-04 17:07:59,2600
1005,2590.592814,1,4,2012-08-23 07:59:26,2012-08-23 07:59:26,2600
333,2590.586864,1,4,2010-08-01 10:00:00,2010-08-01 10:00:00,2600
975,2590.584322,5,35,2012-07-02 07:23:33,2012-07-04 13:55:30,2600
3744,2590.574897,2,8,2023-12-15 11:42:45,2024-08-15 15:19:26,2600
4644,2590.551459,3,12,2025-03-14 11:47:18,2025-03-15 10:11:51,2600
1887,2590.522154,10,52,2015-07-18 07:15:58,2018-05-29 08:53:35,2600
4114,2590.513127,3,10,2025-03-14 07:12:11,2025-03-15 10:43:25,2600
1375,2590.505193,4,36,1997-09-17 00:00:00,2013-09-25 05:00:48,2600
2016,2590.498508,1,4,2016-02-23 18:40:36,2016-02-23 18:40:36,2600
2713,2590.498159,1,4,2020-03-11 16:59:51,2020-03-11 16:59:51,2600
438,2590.49697,1,4,2010-10-14 00:00:00,2010-10-14 00:00:00,2600
462,2590.494995,1,4,2010-11-19 00:00:00,2010-11-19 00:00:00,2600
1804,2590.473444,1,4,2015-07-29 17:27:06,2015-07-29 17:27:06,2600
3563,2590.461401,3,18,2023-10-13 15:39:11,2024-10-11 04:54:18,2600
4421,2590.458802,5,21,2024-09-26 00:20:05,2024-09-27 06:45:41,2600
4650,2590.450049,3,10,2025-03-14 11:01:30,2025-03-15 08:51:08,2600
2008,2590.442757,1,4,2016-02-23 15:32:42,2016-02-23 15:32:42,2600
569,2590.44268,4,20,2011-07-11 12:31:01,2011-07-15 14:52:36,2600
996,2590.434877,1,4,2012-08-08 10:34:29,2012-08-08 10:34:29,2600
2407,2590.422437,1,4,2018-08-22 15:17:26,2018-08-22 15:17:26,2600
3834,2590.404408,2,12,2024-01-19 17:33:45,2025-01-18 14:58:06,2600
1173,2590.399098,1,4,2012-12-13 09:03:29,2012-12-13 09:03:29,2600
1539,2590.39824,1,4,2014-08-07 12:37:31,2014-08-07 12:37:31,2600
2280,2590.395915,1,4,2017-08-23 16:47:03,2017-08-23 16:47:03,2600
3647,2590.377212,4,14,2023-10-19 15:16:05,2023-10-19 15:16:05,2600
2098,2590.374235,11,98,1997-01-03 00:00:00,2016-09-07 06:33:03,2600
624,2590.341535,2,11,2011-08-25 09:12:47,2012-08-23 10:35:01,2600
2602,2590.33907,9,30,2019-10-16 23:01:34,2023-01-31 09:50:14,2600
603,2590.322401,1,4,2011-06-18 20:17:30,2011-06-18 20:17:30,2600
4529,2590.303697,1,4,2025-01-18 14:58:06,2025-01-18 14:58:06,2600
278,2590.287744,1,4,2010-08-01 10:00:00,2010-08-01 10:00:00,2600
354,2590.287744,1,4,2010-08-01 10:00:00,2010-08-01 10:00:00,2600
2703,2590.277877,1,4,2020-03-11 09:53:44,2020-03-11 09:53:44,2600
1759,2590.27317,2,11,2015-05-16 18:05:26,2015-05-21 16:36:09,2600
1484,2590.273103,1,4,2014-03-04 07:34:18,2014-03-04 07:34:18,2600
914,2590.267399,22,97,2012-05-15 12:09:08,2025-05-27 13:26:07,2600
1319,2590.264966,1,4,2013-08-14 15:14:08,2013-08-14 15:14:08,2600
1474,2590.248435,1,4,2014-02-06 15:11:10,2014-02-06 15:11:10,2600
765,2590.239928,1,4,2011-10-20 18:24:51,2011-10-20 18:24:51,2600
3809,2590.236568,4,10,2025-02-07 09:25:10,2025-02-08 14:54:39,2600
645,2590.228507,6,27,2011-08-06 18:40:18,2011-11-12 12:08:48,2600
2442,2590.208724,3,9,2019-02-01 09:01:39,2019-02-02 13:12:04,2600
355,2590.201016,3,12,2010-08-01 10:00:00,2011-08-25 16:12:54,2600
3407,2590.194645,1,6,1997-01-03 00:00:00,1997-01-03 00:00:00,2600
3911,2590.192453,5,18,2024-02-03 17:19:16,2024-02-08 18:42:36,2600
121,2590.188432,7,38,2010-08-01 10:00:00,2015-02-25 11:25:50,2600
4226,2590.186216,2,8,2024-05-21 12:51:49,2024-07-19 10:08:04,2600
2056,2590.183027,6,26,2016-05-13 10:11:21,2022-09-16 13:25:15,2600
2294,2590.167878,3,9,2017-08-24 14:32:51,2017-08-25 12:27:29,2600
3593,2590.143902,2,10,2023-10-13 15:39:11,2024-01-26 05:14:24,2600
873,2590.143902,1,4,2011-11-10 22:15:24,2011-11-10 22:15:24,2600
2263,2590.141509,1,4,2017-08-23 07:21:37,2017-08-23 07:21:37,2600
4270,2590.140907,1,4,2024-06-29 05:10:22,2024-06-29 05:10:22,2600
847,2590.132427,1,4,2011-11-10 14:13:12,2011-11-10 14:13:12,2600
3632,2590.127935,3,10,2024-08-02 00:56:03,2024-10-10 08:09:48,2600
792,2590.121501,1,4,2011-10-20 20:29:31,2011-10-20 20:29:31,2600
3402,2590.120589,1,6,1997-01-03 00:00:00,1997-01-03 00:00:00,2600
2165,2590.119342,1,4,2017-03-02 19:58:09,2017-03-02 19:58:09,2600
1613,2590.09668,1,4,2014-11-20 14:02:23,2014-11-20 14:02:23,2600
4588,2590.095151,3,10,2025-01-24 12:06:38,2025-01-28 10:28:46,2600
4246,2590.083315,4,8,2024-03-07 00:00:00,2024-03-07 00:00:00,2600
1708,2590.077464,3,17,2015-01-20 10:59:37,2019-10-24 17:04:02,2600
820,2590.074091,3,21,1997-01-03 00:00:00,2011-11-10 13:54:06,2600
1944,2590.066594,1,4,2015-10-07 13:48:53,2015-10-07 13:48:53,2600
1450,2590.066335,1,4,2013-11-14 13:22:38,2013-11-14 13:22:38,2600
1378,2590.065732,1,4,2013-09-24 03:19:55,2013-09-24 03:19:55,2600
1642,2590.065628,1,4,2014-12-11 18:02:17,2014-12-11 18:02:17,2600
243,2590.048603,1,4,2010-08-01 10:00:00,2010-08-01 10:00:00,2600
1463,2590.046863,1,4,2014-02-06 16:58:42,2014-02-06 16:58:42,2600
357,2590.041302,1,4,2018-08-23 16:13:10,2018-08-23 16:13:10,2600
1279,2590.041224,1,4,2013-07-18 11:32:25,2013-07-18 11:32:25,2600
1428,2590.036688,9,50,2013-11-07 19:01:04,2015-05-21 14:42:28,2600
1126,2590.036374,9,51,2012-11-15 17:51:09,2024-01-06 15:42:31,2600
957,2590.019438,1,4,2012-06-19 06:20:40,2012-06-19 06:20:40,2600
2781,2590.017884,6,29,2021-05-27 20:15:17,2021-06-10 13:07:25,2600
1941,2590.015759,1,4,2015-10-07 11:34:32,2015-10-07 11:34:32,2600
2588,2590.013292,2,6,2019-09-14 08:58:25,2019-09-14 11:32:21,2600
1748,2590.013028,3,17,2015-05-15 14:50:53,2015-05-23 12:10:11,2600
1078,2590,1,4,2012-10-17 17:22:55,2012-10-17 17:22:55,2600
1133,2590,1,4,2012-11-15 19:44:03,2012-11-15 19:44:03,2600
1275,2590,1,4,2013-07-18 11:32:25,2013-07-18 11:32:25,2600
1278,2590,1,4,2013-07-18 11:32:25,2013-07-18 11:32:25,2600
1339,2590,1,4,2013-08-22 12:33:38,2013-08-22 12:33:38,2600
1662,2590,1,4,2015-02-25 09:18:19,2015-02-25 09:18:19,2600
1681,2590,1,4,2015-02-25 16:13:43,2015-02-25 16:13:43,2600
1971,2590,1,4,2015-11-04 17:33:51,2015-11-04 17:33:51,2600
2422,2590,1,6,2018-10-24 06:33:07,2018-10-24 06:33:07,2600
2635,2590,1,4,2019-10-24 17:04:02,2019-10-24 17:04:02,2600
2954,2590,1,4,2022-06-01 03:00:16,2022-06-01 03:00:16,2600
301,2590,1,4,2010-08-01 10:00:00,2010-08-01 10:00:00,2600
3547,2590,1,4,2023-10-13 15:39:11,2023-10-13 15:39:11,2600
3561,2590,1,4,2023-10-13 15:39:11,2023-10-13 15:39:11,2600
3582,2590,1,4,2023-10-13 15:39:11,2023-10-13 15:39:11,2600
3603,2590,1,4,2023-10-13 15:39:11,2023-10-13 15:39:11,2600
3612,2590,1,4,2023-10-13 15:39:11,2023-10-13 15:39:11,2600
3634,2590,1,4,2023-10-13 15:39:11,2023-10-13 15:39:11,2600
3814,2590,1,4,2024-01-19 17:45:24,2024-01-19 17:45:24,2600
3818,2590,1,4,2024-01-19 17:37:06,2024-01-19 17:37:06,2600
3831,2590,1,4,2024-01-19 17:35:56,2024-01-19 17:35:56,2600
3835,2590,1,4,2024-01-19 18:42:56,2024-01-19 18:42:56,2600
4018,2590,1,4,2024-02-23 21:52:31,2024-02-23 21:52:31,2600
4019,2590,1,4,2024-02-23 01:44:51,2024-02-23 01:44:51,2600
4020,2590,1,4,2024-02-23 18:01:07,2024-02-23 18:01:07,2600
4021,2590,1,4,2024-02-23 22:08:48,2024-02-23 22:08:48,2600
4273,2590,1,4,2024-06-28 06:31:03,2024-06-28 06:31:03,2600
4283,2590,1,4,2024-06-28 11:00:59,2024-06-28 11:00:59,2600
4284,2590,1,4,2024-06-28 08:01:13,2024-06-28 08:01:13,2600
4498,2590,1,4,2024-12-14 13:04:07,2024-12-14 13:04:07,2600
684,2590,1,4,2011-09-29 13:22:57,2011-09-29 13:22:57,2600
704,2590,1,4,2011-09-29 16:56:02,2011-09-29 16:56:02,2600
749,2590,1,4,2011-10-20 08:18:44,2011-10-20 08:18:44,2600
755,2590,1,4,2011-10-20 08:18:44,2011-10-20 08:18:44,2600
775,2590,1,4,2011-10-20 13:53:45,2011-10-20 13:53:45,2600
808,2590,1,4,2011-11-10 13:54:06,2011-11-10 13:54:06,2600
827,2590,1,4,2011-11-10 13:54:06,2011-11-10 13:54:06,2600
846,2590,1,4,2011-11-10 14:36:51,2011-11-10 14:36:51,2600
3628,2589.999338,3,13,2023-10-13 15:39:11,2024-10-11 09:55:10,2600
342,2589.9962,1,4,2010-08-01 10:00:00,2010-08-01 10:00:00,2600
921,2589.993663,3,18,2006-03-20 00:00:00,2012-05-26 19:16:35,2600
4462,2589.991718,1,4,2024-10-10 02:07:02,2024-10-10 02:07:02,2600
4517,2589.988519,1,4,2024-12-14 17:02:23,2024-12-14 17:02:23,2600
276,2589.987293,1,4,2010-08-01 10:00:00,2010-08-01 10:00:00,2600
2403,2589.986114,1,4,2018-08-22 12:14:15,2018-08-22 12:14:15,2600
1455,2589.979373,3,17,2013-11-14 13:22:38,2015-10-08 15:09:27,2600
1972,2589.979203,1,4,2015-10-19 08:25:53,2015-10-19 08:25:53,2600
1628,2589.96583,1,4,2014-11-20 17:31:59,2014-11-20 17:31:59,2600
1969,2589.951857,1,4,2015-11-05 09:34:46,2015-11-05 09:34:46,2600
4038,2589.942967,4,15,2024-12-13 10:39:52,2025-03-19 09:45:18,2600
4489,2589.939906,2,7,2024-11-08 16:53:58,2025-02-07 14:36:19,2600
4531,2589.933621,1,4,2025-01-18 14:58:06,2025-01-18 14:58:06,2600
4237,2589.929623,3,8,2024-03-07 00:00:00,2024-03-07 00:00:00,2600
817,2589.928045,1,4,2011-11-10 13:54:06,2011-11-10 13:54:06,2600
4294,2589.927169,1,4,2024-06-29 07:09:22,2024-06-29 07:09:22,2600
2092,2589.927107,1,4,2016-08-25 11:55:39,2016-08-25 11:55:39,2600
3395,2589.926725,1,6,1997-01-03 00:00:00,1997-01-03 00:00:00,2600
2070,2589.90896,1,4,2016-08-24 10:06:49,2016-08-24 10:06:49,2600
1130,2589.906698,6,28,2012-11-15 17:51:09,2015-11-05 13:56:55,2600
3873,2589.891931,2,6,2024-02-03 19:35:38,2024-02-05 20:32:19,2600
1282,2589.890452,1,4,2013-07-18 13:40:51,2013-07-18 13:40:51,2600
806,2589.881061,153,1577,1977-02-07 00:00:00,2013-10-19 18:04:04,2602.997034
3162,2589.87528,2,10,2023-06-01 09:08:12,2023-06-07 06:03:05,2600
3435,2589.867677,1,6,1997-01-03 00:00:00,1997-01-03 00:00:00,2600
1456,2589.856098,1,4,2013-11-14 14:32:52,2013-11-14 14:32:52,2600
2244,2589.853643,1,4,2017-08-22 08:12:47,2017-08-22 08:12:47,2600
312,2589.852955,3,12,2010-08-01 10:00:00,2011-08-25 16:11:11,2600
1688,2589.852363,3,15,2015-02-26 16:38:11,2016-02-24 17:05:55,2600
912,2589.851346,4,23,2012-05-15 09:02:06,2012-05-28 12:23:05,2600
2990,2589.85056,12,28,2022-08-26 21:57:03,2024-08-10 23:59:57,2600
2154,2589.831278,1,4,2017-03-02 09:01:48,2017-03-02 09:01:48,2600
1951,2589.830381,1,4,2017-08-24 08:02:24,2017-08-24 08:02:24,2600
1031,2589.825231,1,4,2012-08-23 15:43:01,2012-08-23 15:43:01,2600
261,2589.813378,1,4,2010-08-01 10:00:00,2010-08-01 10:00:00,2600
1811,2589.81085,1,4,2015-07-30 15:20:34,2015-07-30 15:20:34,2600
3804,2589.802053,4,13,2020-01-10 00:00:00,2024-02-08 10:56:22,2600
655,2589.785718,1,4,2011-08-06 13:16:00,2011-08-06 13:16:00,2600
297,2589.784166,1,4,2010-08-01 10:00:00,2010-08-01 10:00:00,2600
1945,2589.779051,1,4,2015-10-07 15:16:50,2015-10-07 15:16:50,2600
1439,2589.776921,1,4,2013-11-14 09:15:59,2013-11-14 09:15:59,2600
1603,2589.768567,1,4,2014-10-21 04:34:25,2014-10-21 04:34:25,2600
3414,2589.765907,1,6,1997-01-03 00:00:00,1997-01-03 00:00:00,2600
2760,2589.760531,9,45,2020-08-04 12:00:55,2021-06-09 18:24:45,2600
1061,2589.756182,1,4,2012-10-17 18:58:32,2012-10-17 18:58:32,2600
3148,2589.743454,3,12,2023-06-01 07:37:20,2023-06-09 04:51:43,2600
264,2589.742159,1,4,2010-08-01 10:00:00,2010-08-01 10:00:00,2600
1131,2589.741923,4,20,2012-11-15 19:33:43,2015-11-04 15:05:12,2600
3579,2589.72323,3,14,2023-10-13 15:39:11,2024-08-02 04:26:58,2600
826,2589.719857,1,4,2011-11-10 13:54:06,2011-11-10 13:54:06,2600
4579,2589.719225,4,14,2025-01-24 11:06:28,2025-01-27 18:50:34,2600
3780,2589.715179,5,20,2024-01-04 14:10:45,2024-01-19 12:04:50,2600
2966,2589.712256,3,12,2022-09-24 11:50:31,2022-09-25 11:57:28,2600
331,2589.712256,1,4,2010-08-01 10:00:00,2010-08-01 10:00:00,2600
3536,2589.711433,5,19,2023-10-20 08:08:49,2024-12-13 10:26:43,2600
1947,2589.710081,1,4,2015-10-07 17:23:08,2015-10-07 17:23:08,2600
643,2589.70136,1,4,2011-08-25 16:42:30,2011-08-25 16:42:30,2600
1725,2589.693915,2,11,2015-05-14 12:03:55,2015-05-20 07:47:56,2600
4308,2589.678416,1,5,1985-10-19 00:00:00,1985-10-19 00:00:00,2600
3506,2589.678035,1,18,1992-03-21 00:00:00,1992-03-21 00:00:00,2600
1959,2589.6754,1,4,2015-11-05 09:34:46,2015-11-05 09:34:46,2600
2387,2589.6735,1,4,2018-08-23 15:15:15,2018-08-23 15:15:15,2600
1088,2589.669113,2,11,2012-10-18 19:09:26,2013-11-14 14:32:52,2600
2823,2589.66118,3,6,2022-01-15 09:59:58,2022-01-15 14:10:58,2600
1585,2589.65739,3,16,2014-10-01 14:53:37,2014-11-20 14:02:23,2600
4275,2589.64952,4,31,1985-10-19 00:00:00,1988-10-10 00:00:00,2600
421,2589.647364,1,4,2010-10-07 00:00:00,2010-10-07 00:00:00,2600
861,2589.642427,1,4,2011-11-10 18:59:26,2011-11-10 18:59:26,2600
688,2589.636749,1,4,2011-09-29 14:05:05,2011-09-29 14:05:05,2600
2929,2589.613504,9,46,2022-06-01 12:10:49,2025-05-22 02:53:31,2600
3031,2589.594437,2,8,2022-11-25 11:02:15,2023-09-15 08:04:36,2600
3007,2589.593546,17,41,2022-10-01 08:47:25,2024-10-06 22:27:28,2600
3164,2589.587872,2,11,2023-06-02 09:24:35,2023-06-08 06:33:45,2600
2058,2589.586504,1,4,2016-05-13 14:22:50,2016-05-13 14:22:50,2600
3595,2589.584729,1,4,2023-10-13 15:39:11,2023-10-13 15:39:11,2600
2077,2589.583623,13,51,2016-08-24 13:36:23,2025-03-19 13:51:26,2600
1521,2589.568972,1,4,2014-06-17 05:14:45,2014-06-17 05:14:45,2600
3390,2589.555515,1,6,1997-01-03 00:00:00,1997-01-03 00:00:00,2600
1370,2589.554745,9,59,2013-10-14 06:04:46,2023-06-09 03:00:46,2600
3000,2589.550009,1,7,2008-07-08 00:00:00,2008-07-08 00:00:00,2600
641,2589.54632,1,4,2011-08-25 18:47:38,2011-08-25 18:47:38,2600
2252,2589.535,1,4,2017-08-22 13:21:14,2017-08-22 13:21:14,2600
1268,2589.532103,1,4,2013-07-18 09:58:11,2013-07-18 09:58:11,2600
2258,2589.528685,1,4,2017-08-22 16:45:01,2017-08-22 16:45:01,2600
3264,2589.517711,3,30,1997-01-03 00:00:00,1999-01-03 00:00:00,2600
1009,2589.51691,1,4,2012-08-23 07:59:26,2012-08-23 07:59:26,2600
1740,2589.509205,2,12,2015-05-15 08:40:27,2015-05-21 17:35:38,2600
4687,2589.506399,3,11,2025-03-17 08:43:33,2025-03-19 06:55:52,2600
4533,2589.496354,3,7,2025-01-18 17:10:04,2025-01-20 15:48:38,2600
1036,2589.495519,1,4,2012-08-25 21:54:46,2012-08-25 21:54:46,2600
1357,2589.489256,11,45,2013-10-03 07:59:24,2025-05-29 17:42:06,2600
1457,2589.486252,1,4,2013-11-14 13:22:38,2013-11-14 13:22:38,2600
4692,2589.464941,4,12,2025-03-31 00:06:58,2025-04-01 03:10:30,2600
2222,2589.451743,5,25,2017-07-03 11:35:12,2017-07-07 11:30:18,2600
3423,2589.450695,1,6,1997-01-03 00:00:00,1997-01-03 00:00:00,2600
3682,2589.442579,5,21,2023-10-16 17:24:32,2023-10-19 17:35:46,2600
2987,2589.440052,3,6,2022-08-26 21:59:06,2022-08-26 23:19:49,2600
2067,2589.431076,1,4,2016-08-24 07:51:32,2016-08-24 07:51:32,2600
3165,2589.430673,3,16,2023-06-02 09:24:35,2023-06-09 03:00:46,2600
1884,2589.416552,6,27,2015-07-18 07:16:29,2015-07-22 17:51:57,2600
863,2589.394715,1,4,2011-11-10 18:59:26,2011-11-10 18:59:26,2600
4642,2589.394227,3,13,2025-03-14 09:19:43,2025-03-15 08:51:37,2600
870,2589.393298,1,4,2011-11-10 14:30:48,2011-11-10 14:30:48,2600
4222,2589.384833,2,8,2024-05-21 10:07:53,2024-07-19 15:22:34,2600
2039,2589.352687,2,10,2016-05-11 15:36:58,2016-05-17 08:02:37,2600
2501,2589.349397,5,22,2019-05-20 08:00:19,2024-01-26 05:14:24,2600
794,2589.336924,57,461,1990-01-02 00:00:00,2022-05-28 15:22:38,2606.643726
3903,2589.305882,4,12,2024-02-03 17:06:46,2024-02-06 19:55:18,2600
676,2589.304893,1,4,2011-09-29 13:46:51,2011-09-29 13:46:51,2600
4435,2589.302188,5,25,2024-09-26 01:26:12,2024-09-27 06:40:48,2600
4157,2589.30142,1,4,2025-05-28 07:59:55,2025-05-28 07:59:55,2600
1217,2589.294949,1,4,2013-06-06 16:26:55,2013-06-06 16:26:55,2600
2011,2589.290838,1,4,2016-02-23 16:51:43,2016-02-23 16:51:43,2600
2674,2589.289723,7,17,2020-01-31 10:03:02,2023-01-21 11:18:12,2600
3443,2589.287794,7,91,1991-10-14 00:00:00,1995-01-04 00:00:00,2600
3219,2589.270115,23,265,1992-02-17 00:00:00,2003-01-21 00:00:00,2574.043119
4638,2589.262959,3,11,2025-03-14 07:12:20,2025-03-15 07:06:08,2600
3703,2589.257177,13,121,1982-10-11 00:00:00,1991-03-22 00:00:00,2600
166,2589.251287,1,4,2010-08-01 10:00:00,2010-08-01 10:00:00,2600
346,2589.248952,1,4,2010-08-01 10:00:00,2010-08-01 10:00:00,2600
4631,2589.205126,3,11,2025-03-14 12:52:44,2025-03-15 07:02:54,2600
1438,2589.19823,9,47,2013-11-14 09:15:59,2025-01-10 14:12:53,2600
3882,2589.197825,3,11,2024-02-03 16:06:45,2024-02-05 18:36:30,2600
3418,2589.197772,1,5,1997-01-03 00:00:00,1997-01-03 00:00:00,2600
1543,2589.177969,3,11,2014-08-07 16:00:20,2022-11-25 14:06:37,2600
2981,2589.174235,5,19,2022-09-02 15:41:15,2024-08-16 13:12:10,2600
2827,2589.161825,13,33,2022-01-15 11:52:26,2023-05-13 19:57:55,2600
4733,2589.160637,4,13,2025-05-20 07:47:40,2025-05-22 06:13:19,2600
2292,2589.14518,3,9,2017-08-24 10:03:35,2017-08-25 11:15:33,2600
4172,2589.130886,2,9,2025-05-14 04:44:29,2025-05-19 06:01:03,2600
1138,2589.122369,4,26,2012-11-15 21:20:07,2015-04-10 13:09:26,2600
1171,2589.112381,6,33,2012-11-26 17:08:13,2013-05-21 14:57:46,2600
679,2589.111781,3,13,2011-09-29 11:15:56,2024-12-13 09:01:36,2600
1757,2589.108283,2,11,2015-05-16 14:51:27,2015-05-21 17:35:38,2600
3964,2589.106713,2,7,2024-01-26 12:07:32,2025-01-24 01:50:19,2600
3686,2589.092102,3,13,2023-11-10 12:48:55,2024-11-07 14:43:05,2600
3061,2589.091119,2,8,2022-12-09 15:36:03,2023-01-06 09:01:36,2600
1306,2589.09035,13,68,2013-08-14 11:04:44,2018-05-26 08:02:58,2600
2102,2589.088053,5,36,2016-09-05 06:50:24,2016-09-07 08:33:45,2600
2316,2589.085462,2,9,2018-03-07 17:14:04,2020-03-12 09:52:22,2600
2529,2589.08138,5,25,2019-06-24 06:07:16,2019-06-28 11:08:39,2600
1308,2589.076803,5,20,2013-08-14 11:04:44,2025-03-18 17:25:10,2600
1775,2589.069411,5,25,2015-06-15 13:43:35,2015-06-19 05:08:02,2600
3985,2589.061709,4,17,2024-01-29 10:37:12,2024-01-31 09:05:05,2600
3033,2589.031775,7,29,2022-11-25 12:09:03,2025-03-19 14:53:10,2600
1494,2589.005778,40,210,2014-05-10 18:23:38,2025-05-31 13:13:35,2549.621462
1821,2589.004607,8,29,2015-07-18 11:37:42,2023-03-01 08:55:39,2600
4530,2588.988585,1,4,2025-01-18 14:58:06,2025-01-18 14:58:06,2600
1915,2588.934477,1,4,2015-08-26 07:12:13,2015-08-26 07:12:13,2600
1134,2588.933465,4,16,2012-11-15 19:44:03,2015-11-05 07:01:12,2600
2504,2588.927168,4,22,2019-05-20 17:45:31,2019-05-30 16:14:19,2600
2463,2588.907223,1,4,2019-03-14 17:10:08,2019-03-14 17:10:08,2600
1928,2588.892153,1,4,2015-08-27 13:16:29,2015-08-27 13:16:29,2600
1823,2588.878635,6,20,2015-07-18 12:23:00,2015-07-23 10:26:38,2600
2235,2588.873216,5,25,2017-07-03 11:35:12,2017-07-07 11:30:18,2600
992,2588.870332,2,11,2012-07-19 17:14:39,2012-08-09 17:07:12,2600
2679,2588.853792,4,9,2020-01-31 10:05:01,2020-02-01 12:53:14,2600
282,2588.848761,3,17,2010-08-01 10:00:00,2014-11-20 08:05:45,2600
2424,2588.843309,5,15,2018-10-25 00:42:52,2018-10-26 07:26:00,2600
3591,2588.818989,11,48,2023-10-13 15:41:59,2025-03-31 22:10:40,2600
3731,2588.818048,1,14,1984-04-21 00:00:00,1984-04-21 00:00:00,2600
1104,2588.796006,5,28,2012-09-24 05:42:09,2014-06-18 03:10:33,2600
1112,2588.785609,9,46,2012-09-24 07:44:29,2019-10-24 17:16:13,2600
4539,2588.78162,4,15,2025-01-18 15:48:24,2025-01-20 08:54:41,2600
3863,2588.763713,4,13,2024-02-03 15:11:04,2024-02-06 16:19:04,2600
2234,2588.746624,5,25,2017-07-03 05:23:00,2017-07-07 07:01:22,2600
3984,2588.745282,3,11,2024-01-29 16:42:55,2024-01-30 19:15:09,2600
4622,2588.737454,3,7,2025-02-07 09:24:55,2025-02-08 13:05:07,2600
1280,2588.718365,2,11,2013-07-18 11:32:25,2013-11-14 13:22:38,2600
307,2588.6978,1,4,2010-08-01 10:00:00,2010-08-01 10:00:00,2600
2179,2588.673928,3,15,2017-03-13 09:50:56,2017-03-15 10:01:07,2600
1245,2588.666373,9,53,2013-06-11 07:09:03,2015-01-20 10:59:37,2600
4582,2588.648178,3,10,2025-01-25 11:37:24,2025-01-28 09:04:11,2600
4436,2588.625779,4,15,2024-09-26 01:26:12,2024-09-27 02:08:46,2600
1964,2588.620749,1,4,2015-11-04 13:47:27,2015-11-04 13:47:27,2600
3154,2588.616507,5,25,2023-06-02 07:40:18,2025-05-20 02:50:44,2600
1393,2588.614978,1,4,2013-10-03 12:45:48,2013-10-03 12:45:48,2600
3120,2588.613055,2,10,2023-05-27 07:59:49,2023-06-02 15:06:53,2600
3420,2588.61126,2,11,1997-01-03 00:00:00,2024-11-08 10:01:32,2600
668,2588.60959,164,1644,1984-04-21 00:00:00,2011-11-05 14:04:03,2669.845857
1622,2588.607661,1,4,2014-11-20 10:06:56,2014-11-20 10:06:56,2600
1229,2588.585335,2,10,2013-06-11 05:31:14,2013-09-23 06:52:22,2600
1179,2588.572318,3,14,2012-12-13 12:49:20,2013-11-07 21:40:41,2600
3933,2588.558978,3,11,2024-01-26 05:25:42,2025-01-24 07:19:26,2600
4694,2588.556353,7,25,2025-03-31 00:07:22,2025-05-19 08:05:49,2600
683,2588.554304,4,18,2011-09-29 13:22:57,2016-02-24 08:00:52,2600
767,2588.550176,2,11,2011-10-20 18:24:51,2011-10-21 11:46:09,2600
2978,2588.536004,3,17,2023-05-27 15:24:07,2023-06-02 12:53:13,2600
3290,2588.531527,1,14,1998-01-02 00:00:00,1998-01-02 00:00:00,2600
4535,2588.528904,3,7,2025-01-18 15:08:21,2025-01-19 18:17:32,2600
3886,2588.492032,9,38,2024-02-03 09:02:30,2024-08-30 12:47:38,2600
3830,2588.487247,2,11,2024-01-19 17:28:20,2025-01-18 14:58:06,2600
3499,2588.484018,4,50,1990-10-29 00:00:00,1992-03-21 00:00:00,2600
3551,2588.483289,4,23,2023-10-13 15:39:11,2024-10-11 01:59:07,2600
147,2588.47288,71,374,2010-08-01 10:00:00,2025-05-29 15:20:34,2566.106617
2984,2588.467471,2,7,2022-09-02 08:55:48,2022-09-16 12:52:15,2600
3021,2588.458533,3,7,2022-10-22 09:00:42,2022-10-22 14:07:11,2600
4430,2588.443862,4,15,2024-09-26 00:23:13,2024-09-27 02:18:12,2600
2279,2588.433445,4,17,2017-08-23 14:41:59,2023-12-15 11:33:20,2600
1505,2588.430475,73,609,1992-02-17 00:00:00,2017-05-17 18:00:54,2627.503992
4601,2588.424527,3,13,2025-01-24 16:49:00,2025-01-26 14:50:40,2600
3123,2588.31315,2,11,2023-05-27 10:32:57,2023-06-02 15:22:08,2600
3927,2588.298763,4,13,2024-01-26 12:07:32,2025-01-24 05:05:35,2600
3957,2588.278472,2,7,2024-01-26 05:14:24,2025-01-24 07:31:56,2600
772,2588.214607,1,5,2011-10-20 19:38:06,2011-10-20 19:38:06,2600
2228,2588.205998,5,25,2017-07-03 04:42:44,2017-07-07 05:04:44,2600
3915,2588.201041,4,16,2024-02-04 09:03:35,2024-02-08 10:56:51,2600
1051,2588.184433,13,50,2012-09-30 10:28:56,2022-09-16 16:50:30,2600
2296,2588.184276,2,6,2017-08-25 12:29:25,2017-08-25 12:29:37,2600
4307,2588.182071,2,16,1987-02-15 00:00:00,1988-10-10 00:00:00,2600
3684,2588.159703,5,19,2023-10-16 17:24:32,2023-10-19 17:41:52,2600
2678,2588.153475,3,7,2020-02-01 10:08:33,2020-02-01 13:55:32,2600
105,2588.149045,2,10,2010-08-01 10:00:00,2010-08-01 10:00:00,2600
3890,2588.139136,13,50,2024-02-03 12:51:37,2025-03-19 06:52:41,2600
1610,2588.13773,2,8,2014-10-21 13:05:39,2019-10-24 17:04:02,2600
2759,2588.135292,4,18,2020-08-03 21:37:50,2020-08-09 08:00:07,2600
1569,2588.105582,5,32,1997-01-03 00:00:00,2014-12-20 11:26:22,2600
3670,2588.051769,4,13,2023-10-19 15:36:13,2023-10-19 15:36:13,2600
1904,2588.046941,2,11,2015-08-26 07:12:13,2017-08-23 07:21:37,2600
707,2588.041815,4,16,2011-09-29 17:35:44,2016-02-24 10:21:25,2600
2106,2588.040942,7,24,2016-09-28 11:27:53,2017-08-25 16:16:54,2600
281,2588.033792,3,15,2010-08-01 10:00:00,2015-10-07 07:07:33,2600
3665,2587.992326,4,17,2023-10-19 17:41:52,2023-10-19 17:41:52,2600
708,2587.970795,7,35,2011-09-29 17:47:53,2016-02-25 15:05:39,2600
1883,2587.967656,31,179,2015-07-18 13:04:44,2021-06-08 08:07:08,2600
1349,2587.923926,20,131,2013-09-02 06:19:37,2016-09-07 11:33:22,2600
2617,2587.896304,3,15,2019-10-24 17:04:02,2023-06-08 03:01:32,2600
1266,2587.867602,4,16,2013-07-18 09:58:11,2025-01-29 09:02:17,2600
2700,2587.860772,7,25,2024-02-04 10:17:01,2025-01-28 09:07:34,2600
2530,2587.859691,5,25,2019-06-24 11:31:38,2019-06-28 07:50:39,2600
2825,2587.857775,3,7,2022-01-15 10:00:38,2022-01-15 13:36:44,2600
4240,2587.845508,4,9,2024-03-07 00:00:00,2024-03-07 00:00:00,2600
1368,2587.834773,4,21,2013-10-15 16:03:44,2023-06-01 18:28:35,2600
694,2587.82931,4,18,2011-09-29 14:39:54,2015-02-25 09:18:19,2600
1056,2587.807211,2,11,2012-10-18 07:29:21,2013-11-14 15:18:33,2600
472,2587.798863,2,11,2011-02-02 00:00:00,2011-08-25 12:59:10,2600
4060,2587.798031,6,23,2025-03-14 10:47:08,2025-03-19 15:53:55,2600
3674,2587.780127,5,19,2023-10-16 17:24:32,2023-10-19 17:47:32,2600
3416,2587.761074,1,5,1997-01-03 00:00:00,1997-01-03 00:00:00,2600
3425,2587.760263,1,5,1997-01-03 00:00:00,1997-01-03 00:00:00,2600
1806,2587.74494,7,25,2015-07-30 07:19:10,2020-08-06 12:01:08,2600
728,2587.722927,5,30,2011-09-21 19:06:43,2017-05-19 10:47:59,2600
3216,2587.720457,4,42,2002-10-04 00:00:00,2003-01-21 00:00:00,2600
801,2587.718541,4,10,2011-10-10 10:43:03,2014-12-20 13:01:40,2600
3932,2587.715808,2,7,2024-01-26 05:07:39,2025-01-24 03:05:11,2600
856,2587.710639,2,11,2011-11-10 18:59:26,2012-10-18 19:51:55,2600
3404,2587.660123,1,6,1997-01-03 00:00:00,1997-01-03 00:00:00,2600
2075,2587.659803,6,33,2016-08-24 11:54:17,2017-05-15 12:57:36,2600
985,2587.623563,4,24,2012-07-18 18:00:25,2012-12-13 14:48:42,2600
3931,2587.607926,2,7,2024-01-26 05:14:24,2025-01-23 23:01:40,2600
4203,2587.607926,2,7,2024-05-21 04:48:24,2024-07-19 10:08:04,2600
2857,2587.596005,8,38,2022-03-18 10:53:59,2022-10-15 09:20:26,2600
1075,2587.594276,3,14,2012-10-17 17:22:55,2013-11-14 12:20:49,2600
3065,2587.567449,2,7,2023-01-06 09:01:36,2024-11-07 19:39:28,2600
1691,2587.537335,7,34,2015-02-26 18:33:51,2020-01-10 00:00:00,2600
3312,2587.536772,2,19,1997-01-03 00:00:00,1997-01-03 00:00:00,2600
1118,2587.535803,4,24,2012-09-24 11:29:16,2019-10-24 17:08:11,2600
4260,2587.535702,2,15,1982-10-11 00:00:00,1986-10-18 00:00:00,2600
3576,2587.502162,2,11,2023-10-13 15:41:59,2024-10-10 23:11:43,2600
1332,2587.501896,3,16,2013-08-22 12:33:38,2017-08-23 13:58:09,2600
3421,2587.494122,1,5,1997-01-03 00:00:00,1997-01-03 00:00:00,2600
3374,2587.490692,1,5,1997-01-03 00:00:00,1997-01-03 00:00:00,2600
923,2587.481855,4,20,2012-05-14 12:22:40,2012-05-27 15:04:06,2600
3317,2587.473726,23,266,1988-10-10 00:00:00,1997-01-03 00:00:00,2586.117616
3878,2587.469533,3,11,2024-02-05 08:57:12,2024-02-07 08:13:23,2600
1039,2587.465891,2,10,2012-09-05 14:16:08,2012-11-11 18:59:58,2600
377,2587.442218,5,25,2010-09-30 00:00:00,2013-11-14 12:21:28,2600
618,2587.440749,2,11,2011-06-19 22:09:31,2011-08-17 18:59:14,2600
2211,2587.431452,2,11,2017-05-11 18:38:19,2017-05-17 07:50:57,2600
2462,2587.417786,2,9,2019-03-14 15:15:54,2020-03-11 11:05:22,2600
2920,2587.410057,2,11,2022-06-01 07:13:09,2022-06-07 07:34:29,2600
1312,2587.407973,2,11,2013-08-14 13:21:05,2015-10-07 17:23:08,2600
3622,2587.399781,9,35,2023-10-13 15:39:11,2025-01-25 07:52:29,2600
244,2587.384801,2,11,2010-08-01 10:00:00,2011-08-25 16:48:53,2600
4064,2587.38277,3,12,2025-03-17 14:44:54,2025-03-19 12:45:08,2600
3432,2587.38017,1,5,1997-01-03 00:00:00,1997-01-03 00:00:00,2600
4625,2587.376581,3,6,2025-02-07 09:24:50,2025-02-08 13:17:35,2600
3471,2587.3625,1,14,1992-06-20 00:00:00,1992-06-20 00:00:00,2600
4699,2587.359727,2,9,2025-05-21 13:27:08,2025-05-27 15:25:31,2600
3174,2587.316276,1,5,1991-08-22 00:00:00,1991-08-22 00:00:00,2600
3730,2587.306551,1,12,1984-04-21 00:00:00,1984-04-21 00:00:00,2600
2415,2587.304284,3,9,2018-10-05 10:00:39,2018-10-06 08:02:51,2600
4670,2587.296148,3,11,2025-03-17 14:50:50,2025-03-19 12:45:52,2600
823,2587.263333,2,10,2011-11-10 13:54:06,2012-10-18 10:58:12,2600
3072,2587.259566,3,6,2023-01-20 09:17:53,2023-01-21 10:46:12,2600
3405,2587.258637,1,5,1997-01-03 00:00:00,1997-01-03 00:00:00,2600
4701,2587.254751,2,11,2025-05-21 10:56:48,2025-05-27 08:00:56,2600
4286,2587.248639,4,13,2024-06-29 05:10:22,2025-04-01 02:13:25,2600
4735,2587.243609,4,13,2025-05-20 06:01:08,2025-05-22 01:28:13,2600
3378,2587.206554,1,5,1997-01-03 00:00:00,1997-01-03 00:00:00,2600
3366,2587.201819,1,5,1997-01-03 00:00:00,1997-01-03 00:00:00,2600
1329,2587.169655,1,4,2013-08-22 09:22:33,2013-08-22 09:22:33,2600
1555,2587.168056,17,88,2014-08-07 07:22:03,2021-06-11 09:05:21,2600
3393,2587.162362,1,5,1997-01-03 00:00:00,1997-01-03 00:00:00,2600
3080,2587.118759,3,11,2023-01-31 04:01:33,2023-01-31 22:54:01,2600
660,2587.108754,2,11,2011-08-17 17:23:16,2011-09-21 09:23:37,2600
313,2587.087847,8,36,2010-08-01 10:00:00,2015-10-08 09:36:56,2600
3464,2587.080717,11,113,1987-10-17 00:00:00,1994-01-08 00:00:00,2600
1588,2587.080034,2,9,2014-10-02 07:22:03,2015-11-05 16:57:17,2600
663,2587.061708,34,164,2011-08-18 14:23:10,2025-05-28 10:35:33,2600
2205,2587.035775,5,23,2017-05-10 18:19:26,2023-06-01 10:41:32,2600
2374,2587.024411,3,10,2018-03-14 00:00:00,2018-03-14 00:00:00,2600
2774,2587.018913,3,19,2021-05-27 16:33:19,2021-06-08 08:07:08,2600
2743,2587.016852,3,20,2005-01-31 00:00:00,2007-01-28 00:00:00,2600
343,2587.015945,10,47,2010-08-01 10:00:00,2014-08-21 07:47:42,2600
634,2587.012297,3,16,2011-08-26 22:56:34,2012-08-24 07:05:04,2600
2953,2586.996707,2,11,2022-06-02 06:00:49,2022-06-07 09:33:51,2600
3093,2586.992096,4,15,2023-02-28 09:06:54,2023-03-02 03:10:03,2600
4546,2586.989971,4,13,2025-01-18 14:05:52,2025-01-20 16:13:07,2600
3619,2586.987175,3,15,2023-10-13 15:39:11,2024-10-11 01:59:07,2600
3396,2586.930768,4,15,1997-01-03 00:00:00,2024-02-07 15:07:41,2600
1464,2586.922001,2,8,2014-02-06 09:04:41,2024-12-13 14:54:42,2600
1207,2586.897865,5,30,2013-05-11 17:30:09,2013-05-20 11:59:07,2600
730,2586.887294,10,56,2011-09-21 19:06:43,2013-11-14 20:21:57,2600
1917,2586.866479,5,28,2015-08-26 15:22:10,2018-08-22 14:41:23,2600
4483,2586.85168,2,6,2024-11-07 19:39:28,2025-02-07 17:05:50,2600
3794,2586.833422,4,17,2024-01-11 11:40:57,2024-07-19 10:08:04,2600
1798,2586.786932,8,29,2015-07-29 14:14:35,2025-03-19 06:55:05,2600
589,2586.786367,8,43,2009-07-07 00:00:00,2022-05-06 18:05:26,2600
3186,2586.770641,2,6,2023-09-15 09:16:23,2024-10-04 09:37:42,2600
2808,2586.755075,17,44,2021-11-27 10:08:41,2025-01-20 10:42:57,2600
671,2586.752728,2,10,2011-09-29 11:15:56,2015-02-26 08:33:38,2600
2951,2586.747707,4,26,2022-06-02 09:34:31,2023-06-07 10:30:56,2600
3044,2586.736836,2,6,2022-11-25 14:35:42,2024-10-04 14:39:05,2600
951,2586.729922,14,71,1997-09-17 00:00:00,2014-06-18 03:10:33,2600
4493,2586.651945,3,6,2024-11-22 11:58:12,2024-11-23 10:03:54,2600
3316,2586.626738,21,205,1987-10-17 00:00:00,1997-01-03 00:00:00,2586.772927
3760,2586.598999,4,17,2021-11-19 13:33:36,2023-12-15 14:20:28,2600
2907,2586.560222,5,26,2022-06-01 03:00:16,2023-06-09 09:02:25,2600
3635,2586.547921,2,10,2023-10-13 15:41:59,2024-10-10 02:07:02,2600
2410,2586.523745,3,9,2018-09-15 11:50:12,2018-09-15 16:29:58,2600
601,2586.523436,11,57,2011-06-18 19:44:41,2016-02-25 13:03:56,2600
1248,2586.522484,5,28,2013-06-13 05:00:49,2015-01-22 07:27:53,2600
4632,2586.510531,3,12,2025-03-14 07:04:55,2025-03-15 07:02:54,2600
988,2586.506719,3,16,2012-07-19 09:57:33,2015-05-22 19:03:17,2600
1239,2586.496086,2,8,2013-06-12 07:11:19,2015-01-21 10:48:54,2600
2264,2586.462047,3,13,2017-08-22 17:47:03,2020-03-11 09:53:44,2600
3019,2586.457355,3,6,2022-10-22 08:57:53,2022-10-22 12:29:27,2600
3139,2586.416766,3,7,2023-05-13 08:31:27,2023-05-13 14:12:00,2600
3197,2586.403384,4,14,2023-09-15 11:34:55,2025-03-19 11:04:14,2600
2303,2586.39419,3,9,2017-09-30 09:47:03,2017-09-30 15:40:07,2600
3689,2586.378222,2,6,2023-11-10 10:05:06,2024-08-15 16:24:17,2600
3238,2586.363396,1,12,2001-02-20 00:00:00,2001-02-20 00:00:00,2600
3800,2586.359357,4,16,2020-01-10 00:00:00,2025-03-19 06:53:48,2600
859,2586.356022,2,11,2011-11-10 18:59:26,2012-10-18 13:17:18,2600
1175,2586.330955,2,11,2012-12-13 09:03:29,2013-08-14 15:14:08,2600
4313,2586.324468,1,5,1982-10-11 00:00:00,1982-10-11 00:00:00,2600
2151,2586.321221,6,22,2017-03-01 18:50:34,2020-03-12 15:36:53,2600
830,2586.22902,2,11,2011-11-10 13:54:06,2012-10-18 19:02:38,2600
4141,2586.202849,4,13,2024-03-12 03:57:53,2024-03-14 01:59:12,2600
2433,2586.200253,21,61,2018-10-25 00:41:57,2024-10-06 05:45:44,2600
3677,2586.192648,5,18,2023-10-16 17:24:32,2023-10-19 17:35:46,2600
255,2586.179496,6,29,2010-08-01 10:00:00,2017-08-22 14:52:42,2600
3901,2586.169905,3,10,2024-02-03 17:50:17,2024-02-05 19:16:11,2600
2922,2586.166615,2,9,2022-06-01 09:01:25,2022-06-08 12:14:16,2600
3309,2586.144898,3,34,1996-01-01 00:00:00,1997-01-03 00:00:00,2600
3401,2586.120571,1,6,1997-01-03 00:00:00,1997-01-03 00:00:00,2600
4593,2586.082467,4,15,2025-01-24 13:59:25,2025-01-28 10:34:38,2600
809,2586.079054,2,10,2011-11-10 13:54:06,2012-10-18 19:51:55,2600
3695,2586.065999,3,6,2023-11-18 10:04:44,2023-11-18 13:56:51,2600
3114,2586.061528,2,9,2023-05-26 14:06:26,2023-06-02 12:42:44,2600
3097,2586.058028,4,20,2023-02-25 03:14:21,2023-02-26 08:53:40,2600
3060,2586.035647,3,16,2022-12-09 17:36:49,2023-06-01 13:03:50,2600
4715,2586.020976,2,10,2025-05-13 10:11:48,2025-05-20 02:50:44,2600
2149,2585.992618,5,21,2017-01-14 14:33:10,2017-03-15 10:01:15,2600
152,2585.990059,30,158,2010-08-01 10:00:00,2021-06-10 13:43:52,2600
280,2585.977467,2,10,2010-08-01 10:00:00,2013-07-18 13:40:51,2600
841,2585.971471,5,25,2011-11-10 13:54:06,2013-11-14 17:20:45,2600
4647,2585.966814,3,12,2025-03-14 08:36:43,2025-03-15 10:09:40,2600
3755,2585.945159,2,14,1982-10-11 00:00:00,1988-10-10 00:00:00,2600
1372,2585.910145,9,44,2013-09-23 06:55:01,2015-10-19 14:23:09,2600
956,2585.879521,11,58,2012-06-18 11:58:40,2019-10-24 17:04:02,2600
3743,2585.87866,5,20,2023-12-15 17:59:22,2025-05-29 09:05:07,2600
3504,2585.875529,32,268,1981-04-07 00:00:00,1992-03-21 00:00:00,2584.492032
836,2585.859409,3,14,2011-11-10 14:13:12,2012-10-18 09:19:31,2600
1736,2585.84895,2,11,2015-05-14 18:41:14,2015-05-20 09:26:22,2600
3673,2585.805765,10,41,2023-10-16 17:24:32,2024-09-27 08:10:38,2600
3652,2585.805453,4,18,2023-10-19 17:35:46,2023-10-19 17:35:46,2600
3648,2585.79044,5,18,2023-10-16 17:24:32,2023-10-19 17:54:44,2600
3758,2585.779583,9,70,1982-10-11 00:00:00,1991-03-22 00:00:00,2600
4383,2585.7716,6,21,2024-08-02 04:26:58,2025-04-01 03:11:54,2600
3679,2585.764851,9,38,2023-10-16 17:24:32,2024-09-27 02:04:10,2600
3763,2585.749069,2,6,2024-01-04 12:35:56,2024-01-11 10:00:56,2600
640,2585.725295,2,11,2011-08-25 18:47:38,2012-08-24 07:05:04,2600
1657,2585.723141,3,8,2014-12-20 12:52:42,2016-02-24 13:24:44,2600
3086,2585.706723,3,9,2023-02-28 06:06:07,2023-03-01 08:55:53,2600
292,2585.677291,2,12,2010-08-01 10:00:00,2011-08-25 15:27:58,2600
1008,2585.654246,2,9,2012-08-23 07:59:26,2013-08-22 09:22:33,2600
4001,2585.637659,3,11,2024-02-16 12:15:00,2024-11-07 14:43:05,2600
2484,2585.630447,4,20,2019-05-18 10:43:11,2019-10-19 07:39:58,2600
625,2585.598253,3,14,2011-08-25 10:32:18,2012-08-24 07:05:04,2600
2036,2585.575243,9,43,2016-05-11 12:38:47,2023-06-04 10:51:59,2600
2189,2585.568428,3,16,2017-05-09 11:12:05,2017-05-18 12:52:39,2600
419,2585.557877,8,38,2010-10-07 00:00:00,2011-11-27 14:47:42,2600
2908,2585.521512,2,10,2022-06-01 03:00:16,2022-06-07 03:00:37,2600
3022,2585.504384,6,12,2022-10-22 09:01:06,2023-01-21 12:39:57,2600
1241,2585.485721,4,22,2013-06-12 07:11:19,2014-03-04 07:34:18,2600
1411,2585.470151,2,9,2013-10-21 04:37:20,2014-10-20 13:07:32,2600
4645,2585.46973,3,12,2025-03-14 08:42:13,2025-03-15 10:11:51,2600
1712,2585.456659,2,9,2015-01-21 08:13:47,2015-10-19 09:11:36,2600
1503,2585.454441,2,10,2014-05-12 08:58:33,2014-05-16 14:59:43,2600
3578,2585.449564,3,16,2023-10-13 15:39:11,2024-10-11 02:40:52,2600
3135,2585.449001,3,6,2023-05-13 08:31:08,2023-05-13 13:23:53,2600
4748,2585.436932,4,13,2025-05-20 07:47:46,2025-05-22 09:33:08,2600
1330,2585.401713,2,9,2013-08-22 09:22:33,2015-08-26 09:13:58,2600
2805,2585.401617,37,140,2021-11-19 15:34:07,2025-03-15 07:08:23,2600
4725,2585.39216,4,13,2025-05-20 01:16:17,2025-05-23 03:41:44,2600
1361,2585.387104,6,19,2013-10-03 12:39:43,2014-12-20 12:52:42,2600
705,2585.385334,2,10,2011-09-29 17:20:41,2014-02-06 11:29:04,2600
2573,2585.367705,4,20,2019-06-30 22:59:11,2019-07-01 00:09:02,2600
1840,2585.361453,5,25,2015-07-18 13:05:43,2015-07-22 16:24:42,2600
4641,2585.358264,3,11,2025-03-14 09:09:42,2025-03-15 09:05:47,2600
3500,2585.309025,20,184,1985-02-17 00:00:00,1992-03-21 00:00:00,2600
4310,2585.307615,3,21,1982-10-11 00:00:00,1984-10-20 00:00:00,2600
2453,2585.274622,2,8,2019-03-13 18:35:14,2020-03-11 12:43:55,2600
1741,2585.271699,9,44,2015-05-15 08:40:27,2017-05-15 18:55:09,2600
4696,2585.258483,4,12,2025-03-31 00:08:27,2025-04-01 06:03:14,2600
3509,2585.249551,50,597,1975-01-13 00:00:00,1991-03-22 00:00:00,2597.27187
2459,2585.235155,7,34,2019-03-14 13:52:45,2024-08-30 18:53:05,2600
3858,2585.217733,4,12,2024-02-03 16:53:35,2024-02-08 08:57:20,2600
2666,2585.21618,61,160,2019-11-23 10:03:06,2025-03-29 19:28:03,2600
2979,2585.212623,2,6,2022-09-02 11:42:57,2023-08-25 11:59:56,2600
2569,2585.195698,4,20,2019-06-30 22:59:11,2019-07-01 00:09:02,2600
4720,2585.185799,2,9,2025-05-15 02:59:43,2025-05-20 08:39:30,2600
3676,2585.171676,10,39,2023-10-16 17:24:32,2024-09-27 02:12:25,2600
3190,2585.161875,2,6,2023-09-15 10:51:41,2024-10-04 08:07:04,2600
3609,2585.146059,2,10,2023-10-13 15:39:11,2024-10-10 03:46:36,2600
869,2585.139051,8,29,2011-11-10 18:59:26,2025-03-19 09:13:17,2600
4217,2585.138913,2,6,2024-05-21 12:51:49,2025-01-17 07:04:10,2600
1738,2585.138187,2,8,2015-05-14 11:22:41,2015-05-22 08:47:31,2600
4149,2585.137724,6,26,2025-03-14 12:50:43,2025-05-27 08:00:56,2600
879,2585.122669,5,24,2011-11-10 20:45:09,2013-11-14 14:32:52,2600
2941,2585.090135,2,10,2022-06-02 13:17:31,2022-06-07 05:13:04,2600
2465,2585.062146,2,8,2019-03-14 18:04:24,2020-03-11 16:59:51,2600
4243,2585.033258,3,6,2024-03-07 00:00:00,2024-03-07 00:00:00,2600
3422,2585.018388,1,5,1997-01-03 00:00:00,1997-01-03 00:00:00,2600
3477,2585,1,14,1992-06-20 00:00:00,1992-06-20 00:00:00,2600
2187,2584.997967,2,10,2017-05-09 07:58:24,2017-05-15 15:30:23,2600
4452,2584.984129,5,11,2024-10-05 04:01:36,2024-10-06 05:48:30,2600
2057,2584.982622,2,8,2016-05-13 13:13:38,2016-05-18 13:11:09,2600
604,2584.942369,5,28,2011-06-19 12:30:08,2011-09-21 17:32:53,2600
818,2584.924011,2,10,2011-11-10 13:54:06,2012-10-17 17:22:55,2600
3918,2584.903973,3,11,2024-02-03 11:25:23,2024-02-07 15:06:10,2600
3906,2584.897504,4,17,2024-02-04 12:21:55,2024-02-07 15:53:29,2600
3455,2584.858673,2,23,1993-03-13 00:00:00,1994-01-08 00:00:00,2600
2579,2584.853827,11,46,2019-08-15 13:51:30,2025-01-17 11:12:28,2600
3586,2584.835947,5,17,2023-10-13 15:39:11,2025-04-01 02:03:32,2600
2405,2584.824063,2,8,2018-08-22 15:09:09,2019-03-14 13:52:45,2600
1128,2584.806463,2,9,2012-11-15 17:51:09,2013-06-07 06:51:19,2600
4461,2584.802365,2,8,2024-10-10 03:59:44,2025-01-24 07:31:56,2600
1287,2584.798712,2,10,2013-07-18 14:14:08,2013-11-14 09:15:59,2600
3856,2584.792845,2,6,2024-02-04 09:03:55,2024-02-06 10:43:46,2600
1374,2584.787585,2,8,2013-09-23 07:10:14,2013-10-20 10:39:17,2600
2900,2584.77696,15,67,2022-05-16 18:55:30,2025-05-29 17:42:06,2600
3235,2584.751105,2,32,1992-06-20 00:00:00,1994-01-08 00:00:00,2600
4185,2584.747209,2,10,2025-05-15 05:48:26,2025-05-19 06:01:03,2600
3862,2584.726942,2,6,2024-02-05 08:57:24,2024-02-07 08:20:50,2600
1501,2584.707351,3,16,2014-05-12 08:58:33,2017-12-11 10:02:51,2600
1522,2584.68873,3,16,2014-06-17 05:39:08,2015-10-19 06:41:58,2600
2153,2584.668759,7,33,2017-03-02 09:01:48,2022-09-16 16:05:35,2600
310,2584.660115,9,39,2010-08-01 10:00:00,2018-08-22 08:16:10,2600
72,2584.656632,7,40,2010-08-01 10:00:00,2011-11-28 11:25:50,2600
1686,2584.62585,4,14,2015-02-27 20:19:57,2025-01-10 10:30:32,2600
1556,2584.624181,5,22,2014-08-07 17:47:27,2022-11-26 10:20:14,2600
3205,2584.617805,10,94,2001-08-22 00:00:00,2004-02-10 00:00:00,2600
1649,2584.615914,6,64,1993-10-18 00:00:00,2014-12-20 10:01:17,2600
4575,2584.614762,3,11,2025-01-24 08:41:35,2025-01-27 17:09:10,2600
3450,2584.601518,1,12,1994-01-08 00:00:00,1994-01-08 00:00:00,2600
3916,2584.58856,3,11,2024-02-03 18:47:23,2024-02-08 08:59:19,2600
2810,2584.585198,3,6,2021-11-27 10:10:17,2021-11-27 13:40:30,2600
406,2584.576018,9,39,2010-09-30 00:00:00,2025-01-10 10:30:32,2600
614,2584.575061,3,19,2011-06-19 19:48:59,2011-08-17 17:23:16,2600
1660,2584.563641,2,9,2015-02-25 09:18:19,2016-02-24 08:00:52,2600
1220,2584.563518,3,15,2013-06-07 08:00:20,2015-11-05 16:19:53,2600
4690,2584.562807,4,12,2025-03-30 22:44:17,2025-04-01 03:09:52,2600
3817,2584.541148,2,10,2024-01-19 17:32:39,2025-01-18 14:58:06,2600
3251,2584.540163,1,14,2001-02-20 00:00:00,2001-02-20 00:00:00,2600
3076,2584.535604,3,6,2023-01-20 09:18:13,2023-01-21 10:45:45,2600
1387,2584.513505,2,9,2013-10-03 07:33:41,2013-11-14 13:22:38,2600
578,2584.508557,4,20,2011-07-11 08:33:47,2011-07-15 08:14:09,2600
4600,2584.486629,4,15,2025-01-24 16:49:00,2025-01-28 12:03:08,2600
4232,2584.473877,3,6,2025-02-07 09:25:06,2025-02-08 10:37:14,2600
4163,2584.463167,2,9,2025-05-14 08:48:10,2025-05-21 02:59:39,2600
3497,2584.440093,3,41,1992-03-21 00:00:00,1994-03-30 00:00:00,2600
4433,2584.421601,4,15,2024-09-26 00:24:27,2024-09-27 02:08:46,2600
4674,2584.400477,3,10,2025-03-17 12:49:52,2025-03-19 10:44:05,2600
1336,2584.399422,2,8,2013-08-22 16:11:15,2014-08-21 17:35:16,2600
3042,2584.397648,15,54,2022-11-25 13:35:03,2025-03-19 09:13:17,2600
4635,2584.37303,3,12,2025-03-14 07:10:29,2025-03-15 11:31:17,2600
2548,2584.370995,3,10,2019-06-20 06:35:47,2019-06-21 10:42:12,2600
367,2584.368266,4,19,2010-08-01 10:00:00,2013-07-18 07:48:32,2600
715,2584.342366,3,11,2011-04-11 00:00:00,2015-12-21 15:59:18,2600
1255,2584.327172,6,32,2013-06-12 13:22:45,2015-01-20 08:11:05,2600
3710,2584.323166,5,39,1984-10-20 00:00:00,1988-10-10 00:00:00,2600
394,2584.294974,2,9,2010-09-30 00:00:00,2013-07-18 07:48:32,2600
1087,2584.286831,11,58,2012-10-18 19:09:26,2014-11-20 14:02:23,2600
3055,2584.282361,2,6,2022-12-09 12:42:06,2023-01-06 12:16:58,2600
3502,2584.272821,1,15,1992-03-21 00:00:00,1992-03-21 00:00:00,2600
1488,2584.266536,2,8,2011-11-10 18:59:26,2012-10-18 15:01:54,2600
2668,2584.240127,3,6,2019-11-23 10:03:31,2019-11-23 14:48:10,2600
3440,2584.212896,1,13,1996-01-01 00:00:00,1996-01-01 00:00:00,2600
1170,2584.209379,12,61,2012-11-26 15:40:22,2025-03-19 08:38:42,2600
3476,2584.202333,1,12,1992-06-20 00:00:00,1992-06-20 00:00:00,2600
431,2584.18597,6,29,2011-08-25 21:03:49,2018-08-24 12:00:46,2600
4095,2584.17062,3,11,2025-03-17 14:46:39,2025-03-19 13:51:26,2600
3853,2584.169324,4,15,2024-02-04 13:32:15,2024-02-07 13:09:08,2600
4608,2584.154563,3,9,2025-01-24 19:28:20,2025-01-27 14:31:59,2600
3466,2584.118307,2,33,1992-06-20 00:00:00,1994-01-08 00:00:00,2600
2521,2584.094267,5,25,2019-06-24 03:56:26,2019-06-28 04:41:35,2600
1379,2584.086641,8,44,2013-09-24 04:48:25,2025-05-21 02:59:39,2600
799,2584.082639,19,148,1988-10-10 00:00:00,2015-12-21 17:57:13,2600
1960,2584.06714,2,9,2015-11-04 11:01:54,2016-08-24 20:27:45,2600
2176,2584.051802,3,15,2017-03-13 07:51:48,2017-03-15 01:42:13,2600
2238,2584.047445,5,25,2017-07-03 13:28:36,2017-07-07 14:42:55,2600
649,2584.034051,2,8,2011-08-25 16:11:11,2017-08-23 10:05:02,2600
1142,2584.030278,3,15,2012-11-16 12:17:59,2015-11-05 07:01:12,2600
4119,2584.015171,8,32,2025-03-14 07:04:29,2025-03-20 06:53:27,2600
3126,2583.998921,4,20,2023-05-27 14:56:02,2024-02-16 10:10:50,2600
4096,2583.98802,7,29,2025-03-14 07:10:29,2025-03-18 16:37:41,2600
1689,2583.987255,2,8,2015-02-28 01:16:19,2016-02-24 10:21:25,2600
2212,2583.975681,2,9,2017-05-12 14:01:42,2017-05-17 13:45:48,2600
3498,2583.959678,18,176,1982-10-11 00:00:00,1992-03-21 00:00:00,2600
2798,2583.93002,42,195,2021-09-24 00:00:00,2025-04-07 09:03:01,2566.80239
2606,2583.91825,22,67,2019-10-17 00:39:18,2025-05-23 06:36:03,2600
4681,2583.917282,3,10,2025-03-17 13:17:18,2025-03-19 10:42:03,2600
926,2583.916748,3,17,2012-05-14 15:05:38,2012-05-28 09:56:21,2600
2756,2583.909087,11,47,2020-08-04 09:02:08,2024-02-08 19:26:31,2600
902,2583.878226,5,26,2011-12-10 15:59:35,2012-11-11 18:59:58,2600
4263,2583.871733,3,6,2024-03-07 00:00:00,2024-03-07 00:00:00,2600
3005,2583.86252,5,17,2022-09-16 12:27:42,2024-11-08 19:07:50,2600
2253,2583.860314,10,44,2017-08-22 14:52:42,2019-12-14 09:16:11,2600
1222,2583.834827,3,13,2013-06-08 06:34:20,2015-11-04 17:15:59,2600
1285,2583.823182,2,8,2013-07-18 13:40:51,2015-10-07 10:33:08,2600
2936,2583.794508,2,9,2022-06-02 09:28:54,2022-06-09 10:39:38,2600
4585,2583.762573,4,14,2025-01-24 13:36:31,2025-01-28 09:00:07,2600
1573,2583.727583,2,9,2014-08-21 12:37:05,2016-08-24 19:19:18,2600
2444,2583.690048,8,23,2019-02-01 13:02:00,2019-11-23 14:47:27,2600
2281,2583.688943,2,9,2017-08-23 16:47:03,2018-08-22 12:14:15,2600
3110,2583.639496,2,9,2023-05-26 07:43:21,2023-06-01 10:26:24,2600
464,2583.632676,2,8,2010-11-19 00:00:00,2014-10-01 19:09:27,2600
2321,2583.629776,2,8,2018-03-08 15:02:22,2019-03-13 18:15:01,2600
4707,2583.617538,2,9,2025-05-15 02:59:43,2025-05-19 02:57:47,2600
2285,2583.591653,2,8,2017-08-24 10:01:07,2018-03-08 11:45:34,2600
4198,2583.5567,2,9,2025-05-14 02:58:58,2025-05-21 05:36:49,2600
1143,2583.547796,3,13,2012-11-17 07:56:56,2015-11-05 15:59:29,2600
1594,2583.515625,18,80,2014-10-02 09:31:53,2025-03-20 16:27:25,2600
2035,2583.507158,2,8,2016-05-11 07:47:29,2016-05-17 10:08:11,2600
2891,2583.485191,4,16,2022-05-16 08:05:25,2022-05-29 16:26:42,2600
429,2583.482901,2,8,2010-10-22 00:00:00,2011-08-25 13:16:36,2600
2113,2583.474881,3,9,2016-09-28 10:52:31,2016-09-28 10:52:31,2600
2199,2583.471989,3,15,2017-05-10 08:00:27,2017-05-18 16:14:47,2600
701,2583.439449,2,9,2011-09-29 16:49:39,2011-10-05 14:13:13,2600
444,2583.435444,4,18,2010-11-12 00:00:00,2015-10-08 14:12:31,2600
3601,2583.421673,10,37,2023-10-13 15:39:11,2025-04-01 02:49:50,2600
1139,2583.419024,3,15,2012-11-16 07:29:09,2014-10-01 16:04:18,2600
3675,2583.414476,4,13,2023-10-19 15:28:12,2023-10-19 15:28:12,2600
3904,2583.395575,3,11,2024-02-03 19:28:35,2024-02-07 08:18:16,2600
4603,2583.370884,4,15,2025-01-24 16:47:52,2025-01-28 12:52:40,2600
3779,2583.368808,10,37,2024-01-05 12:06:42,2025-01-18 09:52:44,2600
1697,2583.364351,5,19,2015-01-20 08:13:53,2024-02-07 16:09:05,2600
2359,2583.350437,2,8,2018-05-14 19:41:14,2018-05-20 08:27:16,2600
334,2583.349428,4,17,2010-08-01 10:00:00,2011-11-10 20:45:09,2600
3669,2583.339155,9,35,2023-10-16 17:24:32,2024-09-27 02:14:59,2600
3156,2583.312173,3,15,2023-06-03 03:00:08,2023-06-10 02:57:38,2600
4572,2583.311284,3,10,2025-01-25 09:02:29,2025-01-27 17:07:53,2600
942,2583.307955,4,20,2012-06-18 09:11:07,2014-03-05 07:12:48,2600
1827,2583.290381,5,16,2015-07-18 11:37:42,2015-07-23 10:25:36,2600
2551,2583.262603,4,15,2019-06-20 04:02:40,2019-06-21 06:06:56,2600
397,2583.253559,13,64,2010-09-30 00:00:00,2015-05-20 15:57:33,2600
2531,2583.24353,5,25,2019-06-24 04:08:15,2019-06-28 04:41:35,2600
2554,2583.242979,3,10,2019-06-20 05:45:08,2019-06-21 10:13:53,2600
1204,2583.238302,3,16,2013-05-11 15:19:24,2013-05-21 09:11:14,2600
262,2583.223391,2,10,2010-08-01 10:00:00,2011-08-25 09:12:47,2600
2860,2583.220889,8,31,2022-03-18 16:20:26,2024-08-16 09:14:14,2600
2924,2583.211169,2,9,2022-06-01 11:03:57,2022-06-07 03:00:37,2600
2524,2583.199335,5,25,2019-06-24 11:31:38,2019-06-28 07:50:39,2600
1296,2583.176052,2,9,2015-02-25 11:25:50,2019-03-13 16:00:01,2600
2450,2583.169243,2,7,2019-03-13 18:15:01,2020-03-11 15:30:11,2600
1872,2583.155924,6,34,2015-07-18 07:18:14,2015-07-21 15:46:03,2600
247,2583.129323,2,8,2010-08-01 10:00:00,2011-08-25 15:27:58,2600
196,2583.12257,27,139,2001-02-20 00:00:00,2011-08-25 19:43:28,2600
487,2583.104734,12,95,1997-01-03 00:00:00,2010-02-24 00:00:00,2600
3492,2583.101069,3,32,1988-02-21 00:00:00,1992-03-21 00:00:00,2600
3907,2583.100374,3,11,2024-02-04 12:59:46,2024-02-07 14:34:16,2600
4704,2583.092283,2,8,2025-05-13 03:00:11,2025-05-19 10:13:43,2600
4545,2583.060716,5,21,2025-01-18 10:44:52,2025-05-27 10:41:15,2600
139,2583.054466,20,107,2010-08-01 10:00:00,2021-06-10 18:46:56,2600
2181,2583.046687,10,41,2017-03-13 07:50:57,2025-05-23 03:58:19,2600
3172,2583.042664,2,8,2023-06-03 11:55:44,2023-06-08 09:01:58,2600
2528,2583.00225,5,25,2019-06-24 06:08:09,2019-06-28 11:08:39,2600
3202,2582.999358,8,106,2002-02-11 00:00:00,2005-02-23 00:00:00,2600
3249,2582.99156,9,100,1997-01-03 00:00:00,2001-02-20 00:00:00,2600
2389,2582.949108,3,11,2018-08-22 08:16:10,2024-12-13 09:01:36,2600
3753,2582.931363,3,33,1982-10-11 00:00:00,1991-03-22 00:00:00,2600
1109,2582.926255,10,62,2012-09-24 07:04:02,2015-01-20 08:13:53,2600
3484,2582.90646,96,958,1977-04-18 00:00:00,1992-06-20 00:00:00,2604.775931
1692,2582.895176,4,19,2015-02-28 01:16:19,2019-03-15 13:43:48,2600
3100,2582.859084,3,15,2023-02-25 03:14:09,2023-02-25 11:17:00,2600
4682,2582.796108,3,10,2025-03-17 11:08:57,2025-03-19 08:35:02,2600
4236,2582.788268,4,9,2024-03-07 00:00:00,2024-03-07 00:00:00,2600
3581,2582.787744,2,9,2023-10-13 15:39:11,2024-10-10 08:09:48,2600
597,2582.753065,4,20,2011-06-18 19:20:08,2011-10-20 18:06:09,2600
3623,2582.752472,2,9,2023-10-13 15:39:11,2024-10-10 04:16:28,2600
1666,2582.730576,7,37,2015-02-25 18:08:38,2015-07-23 14:53:01,2600
4362,2582.718421,2,7,2024-08-02 00:56:03,2024-10-10 08:09:48,2600
4265,2582.691276,4,9,2024-03-07 00:00:00,2024-03-07 00:00:00,2600
1696,2582.685646,2,9,2015-01-20 08:11:05,2015-10-19 08:25:53,2600
1563,2582.684885,15,83,2014-08-21 07:47:42,2017-05-16 12:50:30,2600
1624,2582.684657,3,14,2014-11-20 10:06:56,2020-03-11 16:59:51,2600
3212,2582.679637,3,30,2003-10-04 00:00:00,2004-02-10 00:00:00,2600
3786,2582.660462,3,10,2024-01-04 14:10:45,2024-01-20 11:58:49,2600
4000,2582.649208,4,17,2024-01-29 10:20:16,2024-01-30 19:07:54,2600
2202,2582.636161,2,9,2017-05-10 13:13:04,2017-05-15 12:51:03,2600
3604,2582.63432,2,9,2023-10-13 15:39:11,2024-10-10 02:07:02,2600
3489,2582.620297,19,159,1982-10-11 00:00:00,1992-03-21 00:00:00,2600
3505,2582.61132,2,23,1992-01-14 00:00:00,1992-03-21 00:00:00,2600
3134,2582.609613,5,27,2023-05-27 20:22:22,2025-05-27 10:29:55,2600
1390,2582.607897,2,8,2013-10-03 10:28:27,2015-10-07 11:34:32,2600
1921,2582.594644,2,9,2015-08-26 17:02:00,2015-10-07 17:23:08,2600
2771,2582.590791,3,16,2021-05-27 15:41:37,2021-06-10 10:10:14,2600
387,2582.57307,3,15,2010-09-30 00:00:00,2012-10-18 19:19:42,2600
2312,2582.570662,4,18,2018-03-07 14:02:50,2020-03-11 08:22:13,2600
3625,2582.540754,13,61,2023-10-12 00:00:00,2025-04-01 02:49:50,2600
822,2582.532703,2,9,2011-11-10 14:13:12,2013-11-14 09:16:16,2600
3157,2582.513729,2,9,2023-06-03 03:00:08,2023-06-08 03:01:32,2600
257,2582.50241,2,11,2010-08-01 10:00:00,2013-08-22 14:44:56,2600
1205,2582.494314,14,80,2013-05-11 15:19:24,2014-05-18 14:56:46,2600
341,2582.494271,2,8,2010-08-01 10:00:00,2011-08-25 14:48:38,2600
266,2582.4817,2,9,2010-08-01 10:00:00,2017-08-23 07:30:07,2600
1949,2582.452074,2,8,2015-10-08 14:14:37,2016-02-23 16:51:43,2600
1185,2582.43995,9,45,2012-12-13 14:51:46,2021-06-08 10:25:33,2600
1141,2582.425147,4,18,2012-11-16 07:29:09,2014-10-02 11:32:53,2600
3859,2582.422282,3,11,2024-02-03 19:14:07,2024-02-06 19:44:01,2600
2917,2582.392799,8,40,2022-06-01 09:03:58,2023-06-08 09:14:47,2600
2697,2582.387436,3,11,2020-03-11 09:53:44,2023-08-25 09:45:36,2600
3792,2582.385708,2,7,2024-01-11 09:54:41,2024-01-21 14:46:45,2600
543,2582.377749,5,25,2011-05-13 09:06:15,2012-11-11 09:04:12,2600
1587,2582.364126,3,35,2001-02-20 00:00:00,2014-10-01 16:04:18,2600
3833,2582.358162,3,15,2024-01-19 17:28:20,2025-01-18 14:58:06,2600
1396,2582.357262,2,8,2013-10-03 14:20:14,2015-10-07 09:06:17,2600
4264,2582.32994,4,8,2024-03-07 00:00:00,2024-03-07 00:00:00,2600
2265,2582.292981,2,8,2017-08-22 17:47:03,2018-08-22 10:19:15,2600
1352,2582.29292,5,34,2013-09-02 07:16:19,2013-09-04 13:03:19,2600
893,2582.290753,15,78,2011-11-27 19:17:33,2013-11-14 17:23:57,2600
3899,2582.245547,3,11,2024-02-03 20:44:28,2024-02-06 08:20:49,2600
1575,2582.239021,5,32,2014-09-01 05:42:25,2014-09-03 08:10:07,2600
3598,2582.225579,3,15,2023-10-13 15:39:11,2024-10-11 02:15:56,2600
1049,2582.221911,123,1222,1987-02-15 00:00:00,2012-09-30 12:13:11,2661.363021
1040,2582.190032,63,322,2012-08-23 15:43:01,2017-05-15 13:45:09,2578.792261
2485,2582.18902,3,19,2019-05-18 14:31:54,2019-05-30 13:22:15,2600
3442,2582.183613,3,27,1993-03-13 00:00:00,1995-01-04 00:00:00,2600
4646,2582.17648,7,27,2025-03-14 09:22:12,2025-03-19 13:40:34,2600
4415,2582.086325,3,6,2024-09-06 12:36:52,2024-09-07 14:12:31,2600
4730,2582.071627,4,14,2025-05-20 04:58:14,2025-05-23 03:40:47,2600
4511,2582.044688,5,16,2024-12-13 09:01:36,2025-01-28 12:03:43,2600
4639,2582.019114,3,10,2025-03-14 07:15:52,2025-03-15 07:06:46,2600
1067,2581.993917,2,8,2012-10-18 09:19:31,2013-11-14 10:44:50,2600
2107,2581.984576,5,15,2016-09-28 11:13:03,2016-10-08 15:04:02,2600
2416,2581.971521,8,22,2018-10-05 10:00:52,2025-02-08 13:05:53,2600
3230,2581.929974,2,21,1997-01-03 00:00:00,2002-02-11 00:00:00,2600
2486,2581.913503,3,14,2019-05-18 15:06:19,2019-05-30 18:54:57,2600
4677,2581.912668,3,10,2025-03-17 13:22:33,2025-03-19 10:39:46,2600
4305,2581.895717,4,28,1982-10-11 00:00:00,1985-02-17 00:00:00,2600
3971,2581.886291,4,14,2024-01-29 08:42:19,2024-01-30 19:21:41,2600
489,2581.860116,2,8,2008-01-03 00:00:00,2022-01-28 12:23:06,2600
1071,2581.792366,7,34,2012-10-18 10:58:12,2015-10-07 11:34:32,2600
1073,2581.790433,2,8,2012-10-17 17:22:55,2013-11-14 17:03:17,2600
1412,2581.759574,5,24,2013-10-21 07:52:24,2019-10-24 17:08:11,2600
1733,2581.755296,2,8,2015-05-14 18:28:20,2015-05-20 15:14:26,2600
4614,2581.744781,3,12,2025-02-07 10:08:24,2025-05-27 15:25:31,2600
4672,2581.741833,3,9,2025-03-17 14:44:12,2025-03-19 13:42:18,2600
2050,2581.716416,2,8,2016-05-12 15:35:28,2016-05-17 16:47:02,2600
687,2581.710847,2,9,2011-09-29 14:05:05,2016-02-23 20:07:45,2600
4667,2581.6732,3,10,2025-03-17 17:08:09,2025-03-19 15:56:38,2600
2478,2581.666173,4,19,2019-05-18 07:44:06,2019-06-02 14:11:00,2600
2914,2581.656173,2,8,2022-06-01 06:24:37,2022-06-07 12:03:51,2600
1193,2581.651152,7,87,1996-01-01 00:00:00,2006-01-06 00:00:00,2600
1469,2581.58506,2,8,2014-02-06 13:05:19,2016-02-23 18:20:12,2600
2757,2581.582092,3,10,2020-08-03 21:37:50,2020-08-06 18:50:12,2600
3111,2581.581455,2,9,2023-05-26 07:43:21,2023-06-02 19:24:51,2600
1459,2581.557539,2,9,2014-02-06 09:04:03,2015-02-25 11:30:43,2600
304,2581.54261,2,8,2010-08-01 10:00:00,2011-08-25 15:11:06,2600
3923,2581.531802,3,9,2024-02-04 09:03:12,2024-02-07 10:28:49,2600
4705,2581.489134,2,8,2025-05-13 12:01:50,2025-05-20 06:10:07,2600
2400,2581.470589,21,85,2018-08-22 12:14:15,2021-11-20 10:00:43,2600
2765,2581.414948,4,17,2021-05-27 10:34:35,2021-06-09 11:13:09,2600
1670,2581.402641,2,8,2015-02-28 01:16:19,2016-02-23 15:32:42,2600
4152,2581.400592,3,10,2025-03-17 18:45:56,2025-03-19 14:53:40,2600
795,2581.398423,69,586,1984-10-20 00:00:00,2011-10-10 08:58:35,2662.088763
3877,2581.380339,3,9,2024-02-03 14:05:00,2024-02-07 15:07:41,2600
1826,2581.360053,6,23,2015-07-18 11:09:59,2015-07-24 10:03:20,2600
2833,2581.359696,21,56,2022-02-11 15:38:01,2024-11-23 10:05:15,2600
2889,2581.351519,6,33,2023-06-01 10:40:10,2025-01-18 18:47:00,2600
1460,2581.336153,2,8,2014-02-06 09:04:41,2016-02-24 13:24:44,2600
1286,2581.327239,2,9,2013-07-18 13:40:51,2013-11-14 09:15:59,2600
2372,2581.319111,3,9,2018-03-14 00:00:00,2018-03-14 00:00:00,2600
4671,2581.313505,3,10,2025-03-17 14:50:29,2025-03-19 14:31:49,2600
2041,2581.306522,2,8,2016-05-11 20:35:03,2016-05-18 08:01:19,2600
819,2581.263062,5,23,2011-11-10 13:54:06,2019-08-16 14:59:14,2600
4537,2581.25496,4,16,2025-01-18 19:08:37,2025-01-20 13:35:29,2600
924,2581.229868,4,16,2012-05-14 15:05:38,2012-05-25 18:02:16,2600
1234,2581.217038,8,46,2013-06-11 06:28:59,2019-10-24 17:08:11,2600
4736,2581.216966,3,9,2025-05-20 12:17:55,2025-05-23 01:37:32,2600
4175,2581.212797,2,8,2025-05-15 09:02:44,2025-05-21 05:36:49,2600
3047,2581.207284,3,10,2022-11-25 14:58:05,2024-10-04 12:39:10,2600
2712,2581.147995,4,15,2024-02-03 12:44:04,2024-02-07 15:25:24,2600
656,2581.135215,2,8,2011-08-06 18:57:36,2011-08-17 18:59:14,2600
2818,2581.124011,45,117,2022-01-15 09:59:08,2025-03-29 12:55:06,2600
1612,2581.113963,2,8,2014-11-19 17:28:24,2017-08-22 20:09:43,2600
2267,2581.103602,2,8,2017-08-23 07:30:07,2018-08-23 15:15:15,2600
1873,2581.092273,6,28,2015-07-18 10:06:05,2015-07-23 04:06:43,2600
1833,2581.08975,6,31,2015-07-18 12:17:11,2015-07-23 10:20:25,2600
1200,2581.065103,10,61,2013-05-11 09:28:22,2017-05-15 16:02:10,2600
2574,2581.049856,4,20,2019-06-30 22:59:11,2019-07-01 00:09:02,2600
3900,2581.047577,3,10,2024-02-03 12:06:28,2024-02-05 15:26:08,2600
289,2581.00902,5,25,2010-08-01 10:00:00,2012-08-24 10:45:19,2600
935,2580.999431,6,31,2012-06-18 09:06:58,2015-10-19 14:23:09,2600
4640,2580.987092,3,10,2025-03-14 08:40:59,2025-03-15 07:08:01,2600
345,2580.920518,7,39,2010-08-01 10:00:00,2017-08-22 17:47:03,2600
4075,2580.892003,3,10,2025-03-17 12:46:28,2025-03-19 12:54:42,2600
2503,2580.84433,3,13,2019-05-20 08:00:19,2019-06-02 08:04:36,2600
3709,2580.838381,2,21,1988-10-10 00:00:00,1991-03-22 00:00:00,2600
3857,2580.82883,3,9,2024-02-03 20:03:18,2024-02-07 08:14:08,2600
4634,2580.820476,3,10,2025-03-14 07:08:13,2025-03-15 11:31:29,2600
3049,2580.80065,23,59,2022-11-26 12:04:32,2025-03-29 13:20:45,2600
4659,2580.779511,3,9,2025-03-17 06:59:47,2025-03-18 16:41:08,2600
1490,2580.764918,2,9,2014-05-10 18:23:38,2014-05-17 12:03:01,2600
3241,2580.746032,3,37,1997-01-03 00:00:00,2001-02-20 00:00:00,2600
3292,2580.742302,2,22,1997-01-03 00:00:00,1998-01-02 00:00:00,2600
561,2580.728523,4,20,2011-07-11 14:56:12,2011-07-15 08:57:22,2600
2773,2580.699246,11,71,1997-01-03 00:00:00,2025-05-27 19:44:57,2600
3253,2580.670644,10,130,1992-01-14 00:00:00,2001-02-20 00:00:00,2600
4678,2580.640972,3,10,2025-03-17 14:41:56,2025-03-19 11:04:14,2600
1480,2580.63849,3,14,2014-03-04 04:20:37,2023-10-13 15:39:11,2600
3554,2580.637436,2,8,2023-10-13 15:39:11,2024-10-11 04:53:31,2600
2322,2580.600504,3,14,2018-03-08 15:02:22,2020-03-14 08:46:25,2600
3250,2580.566823,10,129,1995-01-04 00:00:00,2001-02-20 00:00:00,2600
1302,2580.548039,3,17,2013-08-14 08:05:12,2015-05-20 13:04:05,2600
1924,2580.543751,2,8,2015-08-27 08:49:53,2016-08-24 16:21:02,2600
1107,2580.520504,12,66,2012-09-24 07:04:02,2015-10-19 13:01:29,2600
3520,2580.506637,9,22,2023-10-06 23:06:31,2024-10-06 06:17:55,2600
535,2580.503105,2,8,2011-05-12 18:14:10,2011-05-18 18:14:16,2600
3658,2580.493435,4,14,2023-10-19 15:23:09,2023-10-19 15:23:09,2600
3728,2580.488022,25,339,1977-02-07 00:00:00,1986-04-19 00:00:00,2602.318792
189,2580.454464,5,24,2010-08-01 10:00:00,2010-10-14 00:00:00,2600
2927,2580.424764,2,8,2022-06-01 13:07:22,2022-06-07 12:04:03,2600
712,2580.422042,43,381,1982-10-11 00:00:00,2011-04-11 00:00:00,2579.338612
1132,2580.401378,7,30,2012-11-15 19:33:43,2025-03-19 06:53:48,2600
4709,2580.39994,2,8,2025-05-14 06:58:04,2025-05-19 06:28:27,2600
4658,2580.383589,3,9,2025-03-17 06:58:31,2025-03-18 17:29:20,2600
572,2580.374931,4,20,2011-07-11 09:02:04,2011-07-15 06:15:41,2600
4252,2580.327802,4,8,2024-03-07 00:00:00,2024-03-07 00:00:00,2600
630,2580.31846,2,8,2011-08-25 16:59:24,2013-10-03 07:33:41,2600
1582,2580.287744,2,8,2014-10-01 13:40:33,2015-11-04 15:05:12,2600
843,2580.287744,2,8,2011-11-10 13:54:06,2012-10-17 17:26:14,2600
693,2580.241396,2,9,2011-09-29 14:39:54,2014-02-06 09:04:41,2600
1063,2580.224903,2,9,2012-10-17 18:58:32,2013-11-14 13:22:38,2600
4455,2580.222716,5,11,2024-10-05 01:27:40,2024-10-06 04:19:03,2600
4657,2580.201402,3,9,2025-03-17 06:56:54,2025-03-18 17:22:18,2600
915,2580.184938,3,16,2012-05-13 16:04:15,2012-05-26 15:03:37,2600
3631,2580.175285,8,36,2023-10-12 00:00:00,2025-04-01 06:03:14,2600
3522,2580.165893,3,9,2023-10-07 02:06:08,2023-10-08 01:07:54,2600
2763,2580.13356,2,8,2021-05-27 07:59:48,2021-06-03 10:43:56,2600
2435,2580.106464,4,10,2018-11-24 10:00:57,2019-09-14 11:36:46,2600
3620,2580.008275,2,8,2023-10-13 15:39:11,2024-10-10 08:09:48,2600
695,2579.993618,3,14,2011-09-29 14:49:12,2016-02-25 11:00:06,2600
3852,2579.991636,7,29,2024-02-03 18:47:23,2025-03-15 14:55:09,2600
3163,2579.987468,2,8,2023-06-02 04:31:03,2023-06-07 07:34:36,2600
1466,2579.956996,2,8,2014-02-06 11:29:04,2015-02-28 01:20:47,2600
675,2579.952932,4,20,2011-09-21 19:06:43,2011-10-05 16:43:56,2600
2502,2579.945212,8,48,2002-02-11 00:00:00,2025-01-19 14:59:25,2600
2116,2579.943563,36,112,2016-09-28 11:18:32,2023-05-13 16:40:50,2600
327,2579.930663,2,8,2010-08-01 10:00:00,2013-08-22 12:53:42,2600
368,2579.924801,5,22,2010-09-30 00:00:00,2013-11-14 09:15:59,2600
3119,2579.921985,3,13,2023-05-26 19:07:20,2024-11-08 14:59:00,2600
4382,2579.859253,5,17,2024-08-02 04:26:58,2025-04-01 02:10:38,2600
2468,2579.852348,5,26,2019-03-13 18:47:05,2019-05-31 10:46:31,2600
2160,2579.852069,8,36,2017-03-02 13:26:44,2020-08-05 23:49:46,2600
1017,2579.849875,2,8,2012-08-23 10:35:01,2013-08-22 09:12:59,2600
298,2579.844265,2,8,2010-08-01 10:00:00,2011-08-25 13:21:00,2600
2365,2579.841458,2,8,2018-05-15 07:47:22,2018-05-20 17:44:08,2600
4663,2579.828845,3,9,2025-03-17 07:07:42,2025-03-18 17:41:45,2600
4611,2579.811566,3,10,2025-01-24 17:47:40,2025-01-27 16:12:49,2600
4649,2579.788099,3,10,2025-03-14 12:18:33,2025-03-15 11:04:45,2600
4746,2579.784784,4,13,2025-05-20 01:24:17,2025-05-23 06:38:46,2600
2054,2579.780262,2,8,2016-05-13 08:03:00,2016-05-17 08:02:37,2600
1838,2579.772424,9,47,2015-07-18 11:43:26,2017-08-24 12:28:59,2600
2541,2579.751079,6,21,2019-06-20 03:59:36,2023-03-01 12:13:20,2600
379,2579.669449,3,16,2010-09-30 00:00:00,2013-11-14 12:21:28,2600
3614,2579.625794,8,32,2023-10-13 15:39:11,2025-04-01 03:10:30,2600
73,2579.623269,7,32,2010-08-01 10:00:00,2010-11-12 00:00:00,2600
2814,2579.617728,9,42,2021-12-10 13:02:18,2022-09-16 09:15:55,2600
1611,2579.609226,2,8,2014-11-19 17:28:24,2015-10-07 13:48:53,2600
1532,2579.605299,6,34,2014-06-18 13:12:33,2023-06-08 06:33:45,2600
1769,2579.571578,5,25,2015-06-15 11:28:31,2015-06-19 07:27:11,2600
2241,2579.562493,5,25,2017-07-03 04:40:12,2017-07-07 06:51:08,2600
2518,2579.538197,5,25,2019-06-24 03:56:26,2019-06-28 04:41:35,2600
1992,2579.511704,7,39,2015-12-10 13:03:48,2022-03-25 13:27:41,2600
4062,2579.48031,3,9,2025-03-17 13:11:57,2025-03-19 06:49:55,2600
1389,2579.470469,4,17,2013-10-03 07:33:41,2025-03-19 15:55:13,2600
2236,2579.458228,5,25,2017-07-03 13:33:14,2017-07-07 14:42:55,2600
4584,2579.443884,3,9,2025-01-26 10:52:54,2025-01-28 09:05:37,2600
2995,2579.420881,16,66,2022-09-16 07:41:32,2025-02-08 11:55:15,2600
4686,2579.405175,3,9,2025-03-17 10:02:09,2025-03-19 08:07:47,2600
2417,2579.370239,3,9,2018-10-05 08:05:32,2018-10-06 10:11:51,2600
4598,2579.362669,4,16,2025-01-24 13:24:39,2025-01-28 12:15:31,2600
3117,2579.361631,2,8,2023-05-26 18:19:19,2023-06-01 18:28:35,2600
2790,2579.359748,8,16,2021-08-10 14:59:05,2021-09-04 15:22:57,2600
3986,2579.344621,7,25,2024-01-29 10:36:07,2025-03-15 11:28:22,2600
2744,2579.332183,22,261,1990-10-29 00:00:00,2007-01-28 00:00:00,2582.125945
3764,2579.304377,3,9,2024-01-04 14:09:47,2024-01-18 14:59:49,2600
542,2579.30134,13,69,2011-05-13 09:06:15,2019-06-02 10:50:39,2600
1163,2579.255108,2,12,1997-01-03 00:00:00,2008-01-03 00:00:00,2600
4135,2579.247344,8,28,2024-03-12 01:52:44,2025-05-23 06:40:43,2600
1064,2579.208812,5,20,2012-10-18 19:06:27,2018-08-24 11:02:48,2600
1776,2579.203449,5,25,2015-06-15 04:14:56,2015-06-19 11:22:22,2600
1429,2579.159722,4,23,2013-11-07 19:01:04,2014-06-17 04:55:28,2600
3732,2579.143724,9,86,1983-04-16 00:00:00,1991-03-22 00:00:00,2600
2143,2579.11504,12,36,2016-10-08 11:59:08,2019-11-23 18:15:53,2600
3811,2579.101588,6,12,2024-01-19 09:06:17,2025-02-08 11:19:34,2600
3662,2579.09668,9,31,2023-10-16 17:24:32,2024-09-27 02:18:12,2600
2525,2579.09565,5,25,2019-06-24 06:09:38,2019-06-28 11:08:39,2600
3457,2579.080321,1,12,1994-01-08 00:00:00,1994-01-08 00:00:00,2600
4196,2579.078238,6,23,2025-01-24 12:05:28,2025-05-20 08:36:05,2600
813,2579.064649,3,15,2011-11-10 13:54:06,2013-11-14 11:08:57,2600
2272,2579.019998,2,8,2017-08-23 08:04:45,2019-03-14 08:01:59,2600
3896,2579.000417,4,15,2024-02-03 09:30:31,2024-02-07 12:46:53,2600
1863,2578.956949,5,29,2015-07-18 07:15:58,2015-07-22 17:31:33,2600
3875,2578.904459,4,15,2024-02-03 11:10:14,2024-02-07 13:09:08,2600
2216,2578.896942,5,25,2017-07-03 05:27:54,2017-07-07 06:51:08,2600
1678,2578.895192,2,8,2015-02-25 16:09:27,2016-02-24 17:05:55,2600
2429,2578.834645,5,15,2018-10-24 22:33:05,2018-10-26 04:40:27,2600
3201,2578.802629,8,62,2004-10-02 00:00:00,2005-02-23 00:00:00,2600
2014,2578.798868,4,18,2016-02-23 18:20:12,2018-08-23 08:36:20,2600
4393,2578.7935,3,11,2024-08-15 13:27:35,2025-02-07 13:42:11,2600
1988,2578.732002,8,36,2013-06-06 16:26:55,2020-03-12 08:13:53,2600
889,2578.709148,25,127,2011-11-27 18:54:08,2017-08-22 17:47:03,2600
877,2578.629913,5,23,2011-11-10 18:59:26,2013-11-14 13:22:38,2600
4680,2578.613033,3,9,2025-03-17 12:47:16,2025-03-19 10:59:48,2600
2962,2578.583082,19,50,2022-07-30 09:05:01,2025-03-29 17:07:41,2600
1496,2578.561899,2,8,2014-05-11 12:12:01,2014-05-16 18:20:22,2600
3087,2578.559446,3,9,2023-02-28 08:02:15,2023-03-01 08:56:05,2600
2802,2578.556324,3,10,2021-11-19 10:04:55,2022-10-14 15:57:45,2600
2506,2578.524045,3,14,2019-05-21 08:00:18,2019-05-31 16:00:13,2600
3759,2578.518192,4,30,1984-10-20 00:00:00,1990-01-02 00:00:00,2600
1042,2578.489069,5,26,2012-09-06 09:56:59,2022-05-28 11:16:45,2600
3282,2578.484339,3,27,1997-01-03 00:00:00,1998-01-02 00:00:00,2600
2822,2578.461054,20,48,2022-01-15 09:59:29,2023-11-18 13:31:10,2600
3770,2578.458688,4,14,2024-01-04 05:29:25,2024-07-19 19:02:34,2600
4581,2578.442803,3,9,2025-01-24 11:06:05,2025-01-27 08:47:39,2600
167,2578.428727,4,23,2010-08-01 10:00:00,2011-10-05 12:28:06,2600
691,2578.398499,2,8,2011-09-29 14:26:20,2014-02-06 11:28:20,2600
291,2578.388701,8,45,2010-08-01 10:00:00,2018-08-25 07:32:48,2600
2527,2578.355558,5,25,2019-06-24 06:08:09,2019-06-28 11:08:39,2600
3349,2578.35189,23,202,1985-02-17 00:00:00,2024-08-03 01:03:40,2558.127437
3898,2578.329065,4,15,2024-02-04 14:17:25,2024-02-07 16:47:26,2600
2496,2578.327399,7,35,2019-05-19 16:46:27,2023-06-02 18:31:28,2600
260,2578.313432,8,36,2010-08-01 10:00:00,2015-12-10 14:17:13,2600
2494,2578.305928,3,14,2019-05-19 14:01:01,2019-05-31 10:32:12,2600
4417,2578.288737,9,19,2024-09-06 12:35:25,2025-03-29 12:11:09,2600
4439,2578.287194,4,15,2024-09-26 00:13:15,2024-09-27 02:14:59,2600
3481,2578.286195,14,140,1988-10-10 00:00:00,1992-06-20 00:00:00,2600
4688,2578.243866,3,9,2025-03-17 09:59:55,2025-03-19 06:55:05,2600
2772,2578.239739,25,127,2021-05-27 15:55:34,2023-06-02 14:50:47,2600
3095,2578.21921,3,15,2023-02-25 03:14:36,2023-02-25 11:18:20,2600
4665,2578.19433,3,9,2025-03-17 08:18:56,2025-03-19 06:51:05,2600
916,2578.176526,5,25,2012-05-13 16:04:15,2012-09-11 00:00:00,2600
1311,2578.171652,15,61,2013-08-14 13:21:05,2025-05-27 16:27:36,2600
4684,2578.143001,3,9,2025-03-17 11:08:22,2025-03-19 08:08:24,2600
1868,2578.111718,20,87,2015-07-18 16:03:54,2025-03-19 11:15:29,2600
1918,2578.08952,3,16,2015-08-27 13:16:29,2017-08-22 08:12:47,2600
2604,2578.08214,5,15,2019-10-17 04:58:12,2019-10-18 05:27:08,2600
980,2578.074043,3,15,2012-07-18 15:24:02,2023-06-02 15:09:00,2600
1922,2578.063888,4,19,2015-08-26 17:02:00,2015-12-10 10:16:43,2600
1181,2578.040428,9,49,2012-12-13 12:49:20,2019-06-01 15:16:30,2600
3777,2578.039726,7,29,2024-01-04 09:52:09,2025-01-17 14:34:41,2600
2572,2578.039557,3,15,2019-06-30 22:56:34,2019-06-30 22:56:34,2600
3104,2578.039333,3,15,2023-02-25 03:14:21,2023-02-25 11:17:58,2600
3328,2578.032037,2,19,1996-01-01 00:00:00,1997-01-03 00:00:00,2600
3672,2578.030789,4,15,2023-10-19 15:16:05,2023-10-19 15:16:05,2600
2955,2577.99835,8,41,2022-06-02 03:00:47,2025-05-22 02:53:31,2600
3277,2577.936464,3,37,1992-06-20 00:00:00,1999-01-03 00:00:00,2600
934,2577.922898,5,27,2012-06-18 08:18:35,2014-06-18 07:15:05,2600
678,2577.909869,6,29,2011-09-29 11:15:56,2017-08-24 08:02:24,2600
1724,2577.901235,11,54,2015-05-14 11:23:26,2019-06-03 08:00:02,2600
1547,2577.825288,14,61,2014-08-07 09:27:52,2025-03-19 09:45:18,2600
383,2577.809186,5,28,2010-09-30 00:00:00,2013-11-14 13:22:38,2600
4749,2577.804212,4,13,2025-05-20 06:43:08,2025-05-23 06:27:10,2600
4607,2577.759125,4,14,2025-01-25 17:10:39,2025-01-28 14:18:02,2600
981,2577.753709,3,13,2012-07-18 15:24:02,2012-09-24 11:29:16,2600
2705,2577.743179,5,17,2020-03-11 11:05:22,2025-01-28 10:28:46,2600
1137,2577.732205,3,14,2012-11-15 21:20:07,2015-11-04 17:17:22,2600
3073,2577.724982,9,20,2023-01-20 09:17:35,2025-02-08 11:18:49,2600
1327,2577.636334,3,14,2013-08-22 09:22:33,2015-10-07 08:53:54,2600
4586,2577.620843,4,13,2025-01-24 13:26:56,2025-01-28 10:31:24,2600
2231,2577.563001,5,25,2017-07-03 13:44:24,2017-07-07 13:42:57,2600
4610,2577.55412,3,9,2025-01-24 18:05:30,2025-01-26 16:16:52,2600
4591,2577.532426,3,9,2025-01-24 14:45:02,2025-01-28 09:24:16,2600
3782,2577.524566,5,17,2024-01-04 09:07:07,2024-07-19 15:15:40,2600
4666,2577.503901,3,9,2025-03-17 08:29:48,2025-03-19 06:52:41,2600
3232,2577.5,1,11,2002-02-11 00:00:00,2002-02-11 00:00:00,2600
240,2577.493285,10,48,2010-08-01 10:00:00,2017-08-22 17:47:03,2600
3889,2577.492547,4,12,2024-02-03 11:27:06,2024-02-06 13:23:04,2600
2391,2577.435477,3,13,2018-08-22 16:46:35,2021-11-19 10:04:55,2600
706,2577.422222,32,186,2011-09-29 17:35:44,2017-05-17 19:37:02,2600
279,2577.414766,3,14,2010-08-01 10:00:00,2012-08-23 12:45:15,2600
811,2577.414633,3,15,2011-11-10 14:03:47,2013-11-14 12:20:49,2600
4630,2577.404451,4,15,2025-03-14 07:04:29,2025-03-15 07:02:17,2600
401,2577.395374,6,31,2010-09-30 00:00:00,2013-11-14 15:18:33,2600
1232,2577.369893,4,19,2013-06-13 02:18:52,2015-01-20 10:59:37,2600
2994,2577.342964,7,18,2022-08-26 22:01:30,2023-08-12 17:27:25,2600
771,2577.300915,3,18,1993-02-22 00:00:00,2011-10-20 13:53:45,2600
1557,2577.298965,3,14,2014-08-07 10:59:03,2014-11-20 17:31:59,2600
2779,2577.230107,3,16,2021-05-28 08:13:07,2021-06-08 11:02:11,2600
137,2577.224826,12,70,1997-01-03 00:00:00,2017-05-17 11:32:01,2600
1502,2577.177094,5,22,2014-05-12 08:58:33,2024-08-16 10:50:58,2600
4578,2577.156762,4,15,2025-01-25 09:07:07,2025-01-27 18:09:22,2600
388,2577.15601,4,21,2010-09-30 00:00:00,2013-11-14 14:32:52,2600
1392,2577.110781,3,13,2013-10-03 10:28:27,2015-10-07 15:16:50,2600
1002,2577.097928,4,19,2012-08-09 10:00:02,2014-05-17 15:02:28,2600
4570,2577.096703,4,12,2025-01-24 18:59:51,2025-01-27 16:13:41,2600
3972,2577.096627,10,35,2024-01-29 11:13:48,2025-03-19 10:42:03,2600
1808,2577.089678,2,9,2015-07-30 08:23:42,2015-10-07 07:07:33,2600
1347,2577.080941,10,65,2013-09-02 06:19:04,2014-09-03 08:13:56,2600
381,2577.078714,5,27,2010-09-30 00:00:00,2013-11-14 13:22:38,2600
1888,2577.072978,5,25,2015-07-18 13:07:09,2015-07-22 17:26:09,2600
1911,2577.06983,19,91,2015-08-26 13:22:57,2023-06-03 12:56:15,2600
227,2577.064711,6,29,2010-08-01 10:00:00,2017-05-18 13:15:30,2600
1094,2577.063274,3,12,2012-09-23 11:30:33,2013-09-24 03:19:55,2600
3295,2577.034534,2,20,1997-01-03 00:00:00,1998-01-02 00:00:00,2600
3091,2577.017828,4,12,2023-02-28 07:59:25,2023-03-02 03:09:08,2600
2101,2577.000894,24,159,2016-09-05 04:12:31,2019-04-11 09:00:07,2600
1822,2576.999925,6,19,2015-07-18 13:25:12,2015-07-23 10:26:38,2600
1558,2576.956374,53,239,2014-08-07 17:47:27,2022-05-30 09:05:57,2547.447916
1120,2576.875171,3,12,2012-11-11 09:04:12,2014-05-17 15:02:28,2600
2539,2576.79814,7,22,2019-06-20 03:56:03,2023-03-01 12:15:54,2600
117,2576.782176,7,36,2010-08-01 10:00:00,2010-10-14 00:00:00,2600
2910,2576.776493,4,17,2022-06-01 04:24:34,2022-09-16 13:01:14,2600
2342,2576.671289,4,21,2018-05-14 08:40:30,2018-05-26 08:02:58,2600
3160,2576.636159,5,26,2023-06-01 10:40:10,2025-05-20 02:50:44,2600
991,2576.598228,5,25,2012-07-19 14:59:42,2020-02-10 12:51:57,2600
2730,2576.587756,4,12,2025-01-24 08:41:47,2025-01-27 18:14:51,2600
2594,2576.586329,15,34,2019-09-14 09:01:03,2022-07-30 19:35:27,2600
2776,2576.56721,3,14,2021-05-28 11:56:11,2021-06-09 15:26:22,2600
591,2576.531447,15,115,2003-10-04 00:00:00,2011-11-28 09:01:30,2600
662,2576.512957,4,22,2011-08-18 08:31:59,2018-05-27 08:06:55,2600
3474,2576.47876,29,274,1985-01-04 00:00:00,1992-06-20 00:00:00,2577.008691
3236,2576.440161,5,68,1997-01-03 00:00:00,2002-02-11 00:00:00,2600
4543,2576.376667,4,14,2025-01-18 08:12:44,2025-01-19 16:21:55,2600
1938,2576.354178,3,13,2015-10-07 11:34:32,2018-08-22 08:16:10,2600
338,2576.334117,3,13,2012-08-23 15:43:01,2015-08-26 15:22:10,2600
287,2576.273271,12,62,2010-08-01 10:00:00,2018-08-25 08:58:56,2600
3108,2576.239122,6,16,2023-02-28 09:07:22,2024-01-30 16:58:04,2600
447,2576.22845,19,168,1997-01-03 00:00:00,2013-04-04 09:02:42,2600
4304,2576.173016,2,11,1984-10-20 00:00:00,1985-02-17 00:00:00,2600
2783,2576.1706,3,12,2021-05-28 12:44:09,2021-06-08 18:03:31,2600
3018,2576.141791,16,39,2022-10-22 11:36:51,2024-11-23 13:43:34,2600
322,2576.132796,3,14,2010-08-01 10:00:00,2013-08-22 10:24:58,2600
3694,2576.114552,6,12,2023-11-17 16:39:05,2024-01-20 12:53:17,2600
530,2576.042425,3,14,2011-05-12 15:02:42,2011-05-24 09:13:34,2600
3707,2576.00871,4,37,1983-10-10 00:00:00,1991-03-22 00:00:00,2600
3129,2576.007253,4,20,2023-05-27 16:46:22,2025-05-27 13:03:50,2600
3765,2575.991641,5,19,2024-01-04 05:29:25,2025-01-17 11:12:28,2600
3913,2575.946263,4,12,2024-02-04 19:14:58,2024-02-07 19:47:43,2600
4747,2575.930534,4,13,2025-05-20 07:47:46,2025-05-22 08:15:51,2600
3912,2575.926925,4,15,2024-02-03 11:12:14,2024-02-07 13:33:18,2600
3656,2575.861603,4,14,2023-10-19 15:36:13,2023-10-19 15:36:13,2600
1731,2575.802181,5,25,2015-05-14 16:54:59,2019-05-30 07:43:23,2600
1576,2575.797111,5,32,2014-09-01 05:45:02,2014-09-03 08:10:49,2600
4618,2575.786331,4,13,2025-02-07 15:03:18,2025-03-15 07:08:23,2600
2896,2575.768271,3,14,2023-06-02 10:57:25,2024-12-14 17:02:23,2600
4742,2575.766635,4,13,2025-05-20 06:39:17,2025-05-22 07:52:39,2600
3737,2575.747163,9,85,1978-04-17 00:00:00,1991-03-22 00:00:00,2600
4744,2575.662855,4,12,2025-05-20 01:21:45,2025-05-22 06:45:33,2600
2447,2575.631861,13,32,2019-02-01 15:04:32,2024-01-20 10:49:28,2600
484,2575.624514,12,170,1994-01-08 00:00:00,2011-03-03 00:00:00,2600
1145,2575.606092,3,12,2012-11-17 10:18:49,2014-10-02 09:31:53,2600
1116,2575.601978,4,19,2012-09-24 11:29:16,2015-01-21 02:08:25,2600
3976,2575.404772,13,48,2024-01-29 11:13:48,2025-01-28 09:03:10,2600
3327,2575.403514,3,27,1993-02-22 00:00:00,1997-01-03 00:00:00,2600
3456,2575.326871,14,146,1985-10-19 00:00:00,1994-01-08 00:00:00,2600
4750,2575.313887,4,13,2025-05-20 03:53:11,2025-05-22 01:22:47,2600
1001,2575.305174,5,26,2012-08-08 16:07:02,2015-12-10 15:24:24,2600
1766,2575.242948,5,25,2015-06-15 11:28:31,2015-06-19 07:27:11,2600
222,2575.236308,32,272,1991-10-14 00:00:00,2018-12-10 10:01:11,2550.678383
398,2575.234133,4,21,2010-09-30 00:00:00,2017-08-23 07:21:37,2600
1089,2575.193428,3,14,2012-10-18 19:02:38,2015-10-08 07:05:46,2600
1834,2575.172447,6,27,2015-07-18 07:16:29,2015-07-22 14:07:27,2600
2890,2575.141785,3,12,2022-05-16 08:05:25,2022-05-30 15:12:32,2600
4741,2575.138784,4,13,2025-05-20 03:51:54,2025-05-23 03:43:48,2600
1300,2575.100969,5,27,2013-08-14 08:05:12,2021-06-11 14:56:01,2600
606,2575.091694,3,13,2011-06-19 20:35:30,2011-08-17 13:49:17,2600
2886,2575.090289,5,27,2022-05-17 10:36:50,2023-06-01 10:04:25,2600
3895,2575.073222,4,14,2024-02-03 12:18:30,2024-02-07 16:49:26,2600
2395,2575.069931,7,30,2018-08-22 10:19:15,2023-06-01 18:18:52,2600
1926,2575.039321,3,13,2015-08-27 11:01:34,2017-08-22 14:52:42,2600
4577,2574.973693,4,12,2025-01-24 08:41:57,2025-01-27 18:14:32,2600
2828,2574.973663,8,31,2022-01-28 09:33:55,2024-08-15 13:27:35,2600
4726,2574.922323,4,12,2025-05-20 01:17:20,2025-05-22 07:51:25,2600
1178,2574.897217,5,26,2012-12-13 09:03:29,2021-06-08 13:21:24,2600
4544,2574.886411,4,12,2025-01-18 14:03:00,2025-01-20 16:12:21,2600
2053,2574.764393,11,52,2016-05-13 08:03:00,2021-06-10 15:36:18,2600
538,2574.665756,3,12,2011-05-12 18:14:10,2011-05-24 15:27:09,2600
506,2574.660703,8,39,1997-01-03 00:00:00,2013-10-03 14:28:52,2600
1580,2574.655095,8,45,2014-10-01 13:40:33,2015-11-04 16:35:28,2600
1121,2574.58917,13,59,2012-11-11 11:16:51,2024-02-08 18:42:36,2600
114,2574.563829,7,34,2010-08-01 10:00:00,2010-10-14 00:00:00,2600
3980,2574.523205,6,24,2024-01-29 11:47:54,2025-03-15 11:42:50,2600
271,2574.511598,5,22,2010-08-01 10:00:00,2014-08-21 15:44:44,2600
3879,2574.501867,4,12,2024-02-03 16:27:53,2024-02-06 18:10:51,2600
3519,2574.490844,8,23,2023-10-06 23:05:47,2024-10-06 05:48:30,2600
4752,2574.437622,4,12,2025-05-20 06:46:04,2025-05-23 01:38:17,2600
1789,2574.416969,5,25,2015-06-15 04:14:56,2015-06-19 11:22:22,2600
938,2574.406892,7,37,2012-06-18 08:18:35,2015-10-19 07:27:45,2600
1810,2574.336391,3,12,2015-07-30 13:56:03,2017-05-15 15:30:23,2600
1735,2574.321479,5,25,2015-05-14 19:21:04,2016-05-18 18:28:09,2600
3772,2574.295802,5,19,2024-01-06 12:06:39,2024-07-20 14:22:49,2600
198,2574.267362,67,323,2010-08-01 10:00:00,2025-05-28 18:05:19,2570.434903
2526,2574.258092,5,25,2019-06-24 11:32:52,2019-06-28 14:45:14,2600
3749,2574.190093,3,28,1982-10-11 00:00:00,1991-03-22 00:00:00,2600
1797,2574.076262,5,25,2015-06-15 06:50:53,2015-06-19 14:11:46,2600
2586,2574.062561,7,14,2019-09-14 08:57:40,2021-08-10 15:03:12,2600
3729,2574.051573,12,159,1975-01-13 00:00:00,1980-05-22 00:00:00,2600
3702,2574.021855,5,43,1988-01-01 00:00:00,1991-03-22 00:00:00,2600
1184,2574.009143,3,13,2012-12-13 12:49:20,2013-11-07 15:39:20,2600
3198,2574.003739,13,51,2023-09-15 12:25:08,2024-12-13 14:40:06,2600
3789,2573.89161,4,15,2024-01-04 09:52:09,2025-01-17 11:12:28,2600
1805,2573.872895,3,13,2015-07-29 16:47:53,2015-12-10 10:16:43,2600
3306,2573.864118,18,173,1987-02-15 00:00:00,1997-01-03 00:00:00,2600
66,2573.851209,5,25,2010-08-01 10:00:00,2011-10-05 10:43:55,2600
4097,2573.841751,6,20,2025-03-14 11:01:04,2025-03-19 14:31:49,2600
3660,2573.841011,4,13,2023-10-19 15:28:12,2023-10-19 15:28:12,2600
2426,2573.819964,11,37,2018-10-25 02:08:55,2024-06-28 07:02:45,2600
1342,2573.768816,3,13,2013-08-22 12:53:42,2015-08-26 15:22:10,2600
1510,2573.764918,13,81,2014-06-29 23:06:00,2018-04-12 09:01:55,2600
2809,2573.698786,27,73,2021-11-27 10:08:41,2023-09-23 14:49:29,2600
547,2573.646052,3,16,2011-05-13 09:06:15,2011-05-25 12:09:59,2600
2051,2573.597217,26,129,2016-05-12 17:47:37,2022-05-28 18:38:30,2600
2906,2573.493675,11,59,2022-06-01 03:00:16,2025-05-19 10:13:43,2600
1281,2573.422086,3,12,2013-07-18 13:40:51,2013-11-14 14:32:52,2600
2089,2573.395613,3,12,2016-08-25 11:55:39,2018-08-22 08:16:10,2600
3324,2573.334507,62,552,1982-10-11 00:00:00,1997-01-03 00:00:00,2613.372872
1489,2573.277874,7,36,2014-05-10 14:59:23,2018-05-26 15:12:56,2600
1148,2573.234809,8,41,2012-09-11 00:00:00,2023-06-09 09:02:25,2600
2173,2573.220339,3,15,2017-03-13 07:54:36,2017-03-15 10:01:15,2600
2998,2573.098832,11,44,2022-09-16 12:11:59,2025-05-27 08:00:56,2600
3778,2573.072506,5,18,2024-01-04 14:10:45,2025-01-18 09:52:44,2600
1136,2573.072327,4,19,2012-11-15 19:24:32,2015-11-05 09:34:46,2600
3773,2573.069614,4,12,2024-01-04 09:07:07,2024-07-20 11:43:10,2600
3698,2573.007101,2,17,1983-10-10 00:00:00,1991-03-22 00:00:00,2600
3757,2572.87382,6,53,1986-10-18 00:00:00,1991-03-22 00:00:00,2600
838,2572.838811,3,12,2011-11-10 14:13:12,2013-11-14 13:22:38,2600
3079,2572.798074,5,16,2023-01-31 01:19:02,2025-01-24 00:47:11,2600
1225,2572.686212,6,28,2013-06-08 10:30:56,2014-05-16 14:59:43,2600
2445,2572.613935,6,15,2019-02-01 09:02:12,2020-02-01 14:59:18,2600
1218,2572.481788,3,12,2013-06-07 06:51:19,2015-11-05 10:51:36,2600
1333,2572.481724,3,12,2013-08-22 09:22:33,2015-08-26 09:57:34,2600
554,2572.477046,5,23,1997-01-03 00:00:00,2011-05-25 15:07:11,2600
3444,2572.416172,33,299,1984-10-20 00:00:00,1995-01-04 00:00:00,2592.611164
638,2572.356086,7,38,2011-08-25 16:42:30,2015-07-22 15:19:26,2600
2948,2572.351747,4,21,2022-06-02 07:56:14,2023-06-09 07:34:18,2600
3149,2572.345761,8,30,2023-06-03 04:49:53,2025-05-19 02:57:47,2600
2904,2572.332329,4,19,2022-06-01 03:00:16,2023-06-07 10:30:56,2600
71,2572.256293,14,72,2010-08-01 10:00:00,2011-10-05 20:11:01,2600
4697,2572.222675,4,12,2025-03-31 00:09:06,2025-04-01 03:13:22,2600
2356,2572.190522,3,12,2018-05-14 17:51:46,2018-05-28 13:05:13,2600
3745,2572.182553,5,16,2023-12-15 12:33:29,2025-02-07 16:48:12,2600
2005,2572.176977,3,13,2016-02-23 14:05:09,2016-05-19 18:29:20,2600
4440,2572.16387,4,12,2024-09-26 00:14:23,2024-09-27 02:06:32,2600
1809,2572.134972,3,12,2015-07-30 08:29:35,2015-11-04 11:01:54,2600
1925,2571.97725,4,20,2015-08-27 11:01:34,2018-08-22 14:41:23,2600
1546,2571.955635,4,13,2014-08-07 17:47:27,2025-03-19 12:26:34,2600
2972,2571.874406,8,39,2022-09-02 10:33:06,2025-05-29 12:14:55,2600
995,2571.84342,7,36,2012-08-08 10:34:29,2016-05-20 09:15:50,2600
1853,2571.81501,6,32,2015-07-18 07:18:14,2015-07-22 11:53:58,2600
3228,2571.787756,12,27,2023-09-23 08:34:33,2025-03-29 13:20:45,2600
3535,2571.730893,4,12,2023-10-20 08:08:49,2025-02-07 11:44:30,2600
4609,2571.669063,4,12,2025-01-24 19:28:57,2025-01-28 14:21:09,2600
875,2571.66891,3,14,2011-11-10 23:42:02,2013-11-14 15:17:10,2600
454,2571.659993,4,18,2010-11-19 00:00:00,2011-05-23 12:09:45,2600
3276,2571.646693,2,19,1997-01-03 00:00:00,1999-01-03 00:00:00,2600
2423,2571.590826,11,33,2018-10-25 02:03:40,2019-10-18 03:20:16,2600
4594,2571.58519,4,12,2025-01-24 15:17:14,2025-01-27 12:07:11,2600
3486,2571.544903,32,257,1982-10-11 00:00:00,1993-02-22 00:00:00,2569.892024
3314,2571.529587,4,41,1994-01-08 00:00:00,1997-01-03 00:00:00,2600
2262,2571.514581,3,12,2017-08-23 07:21:37,2018-08-23 11:08:07,2600
3116,2571.472545,4,20,2023-05-26 17:53:47,2025-05-27 14:06:23,2600
3136,2571.4661,6,12,2023-05-13 08:32:00,2024-11-23 12:01:10,2600
3659,2571.458766,4,12,2023-10-19 18:26:18,2023-10-19 18:26:18,2600
3892,2571.448982,8,28,2024-02-03 13:36:18,2025-01-28 13:47:54,2600
1176,2571.4307,4,20,2012-12-13 09:03:29,2013-05-19 12:00:18,2600
577,2571.428706,4,20,2011-07-12 13:57:38,2011-07-15 06:15:19,2600
4592,2571.315544,7,27,2025-01-24 13:59:25,2025-03-19 09:24:45,2600
636,2571.28225,4,20,2011-08-25 12:47:57,2018-08-23 12:03:18,2600
3748,2571.272193,5,31,1982-10-11 00:00:00,1988-10-10 00:00:00,2600
2475,2571.233767,10,30,2019-04-13 08:53:35,2020-02-01 12:53:52,2600
4423,2571.17807,4,12,2024-09-26 00:21:59,2024-09-27 02:12:25,2600
415,2571.149406,13,67,2008-11-08 00:00:00,2024-12-18 16:00:54,2600
2192,2571.064108,24,119,2017-05-09 13:22:02,2025-05-29 17:42:06,2600
1309,2570.998981,25,244,1988-10-10 00:00:00,2015-12-21 15:59:18,2590.254012
2180,2570.997462,3,15,2017-03-13 09:54:15,2017-03-15 10:01:23,2600
2412,2570.778803,5,15,2018-09-15 09:00:20,2018-10-05 14:01:00,2600
1434,2570.769816,6,24,2013-11-07 20:03:51,2015-02-25 09:18:19,2600
2863,2570.736307,12,46,2022-03-18 15:11:29,2023-11-10 12:33:02,2600
1409,2570.716573,5,24,2013-10-21 04:37:20,2015-01-21 07:16:41,2600
2996,2570.69681,6,27,2022-09-16 07:41:32,2024-02-07 14:35:10,2600
4107,2570.669896,14,55,2024-12-13 10:54:26,2025-03-19 15:57:04,2600
2254,2570.485391,17,72,2017-08-22 14:52:42,2024-11-08 13:06:22,2600
2141,2570.454113,58,167,2016-10-08 11:57:18,2022-11-26 17:14:17,2600
2789,2570.434974,9,23,2021-08-10 14:57:29,2022-02-11 17:53:22,2600
3650,2570.415365,4,12,2023-10-19 17:47:32,2023-10-19 17:47:32,2600
3592,2570.395302,10,41,2023-10-13 15:39:11,2025-04-01 02:16:46,2600
639,2570.379137,3,12,2011-08-25 12:47:57,2014-08-20 16:29:55,2600
3970,2570.33168,4,12,2024-01-29 13:51:17,2024-01-30 16:58:53,2600
1007,2570.290832,9,44,2012-08-16 15:29:10,2018-05-26 18:00:23,2600
2997,2570.260602,4,12,2022-09-16 10:22:15,2023-01-06 10:06:28,2600
1254,2570.204539,5,22,2013-06-12 05:06:54,2014-10-21 10:35:43,2600
485,2570.171305,3,13,2009-02-05 00:00:00,2013-10-03 07:59:24,2600
3991,2570.145459,7,22,2024-01-29 08:45:02,2025-01-20 10:59:12,2600
4637,2570.127207,6,22,2025-03-14 07:12:11,2025-03-19 06:57:05,2600
2734,2570.07441,5,22,2020-03-12 11:02:07,2022-12-09 11:19:18,2600
3978,2570.000764,7,27,2024-01-29 13:56:53,2025-03-15 07:06:08,2600
2126,2569.961501,6,18,2016-09-28 11:18:32,2017-08-25 11:15:33,2600
3969,2569.875942,4,12,2024-01-29 08:33:23,2024-01-30 18:26:44,2600
2209,2569.860363,3,22,1998-01-02 00:00:00,2017-05-16 08:00:31,2600
3999,2569.816485,10,40,2024-01-29 11:17:57,2025-03-15 11:42:50,2600
4030,2569.789082,6,20,2025-03-14 09:59:43,2025-03-19 08:24:21,2600
1751,2569.773101,7,33,2015-05-15 19:02:02,2016-02-24 17:05:24,2600
729,2569.736827,4,19,2011-09-21 19:06:43,2013-11-07 09:36:31,2600
1169,2569.73301,5,26,2012-11-26 12:46:37,2018-03-07 18:03:51,2600
3121,2569.668719,7,28,2023-05-27 07:59:49,2024-10-04 14:21:36,2600
866,2569.661301,3,13,2011-11-10 18:59:26,2013-11-14 09:15:59,2600
4373,2569.636547,5,15,2024-08-02 01:02:18,2025-04-01 03:11:15,2600
865,2569.565436,5,22,2011-11-10 13:58:34,2013-11-14 09:15:59,2600
2425,2569.559956,5,15,2018-10-25 00:42:52,2018-10-26 06:26:42,2600
1129,2569.504322,4,17,2012-11-15 17:51:09,2015-11-04 13:34:56,2600
1157,2569.494772,5,23,2012-11-06 06:45:52,2015-01-21 08:13:47,2600
2902,2569.391795,17,78,2022-05-17 07:59:36,2025-05-28 13:54:59,2600
607,2569.329534,6,31,2011-06-19 12:30:08,2012-12-13 16:09:25,2600
1950,2569.267932,7,21,2015-10-08 13:47:55,2023-01-21 10:35:52,2600
479,2569.260452,3,13,2008-01-03 00:00:00,2011-10-10 10:18:29,2600
2239,2569.238627,5,25,2017-07-03 11:35:12,2017-07-07 11:30:18,2600
2362,2569.139073,5,20,2018-05-15 10:16:42,2019-03-06 09:00:06,2600
2069,2569.104765,26,118,2016-08-24 10:06:49,2025-05-28 12:47:13,2600
2367,2569.045463,13,59,2018-05-15 10:37:56,2024-08-30 10:54:49,2600
1907,2569.039511,4,17,2015-08-26 09:57:34,2018-08-23 08:36:20,2600
2578,2569.003842,10,39,2019-08-31 11:26:45,2025-02-07 11:28:38,2600
1206,2568.935792,10,48,2013-05-11 15:19:24,2015-05-21 11:46:04,2600
1651,2568.920032,7,32,1997-01-03 00:00:00,2016-05-17 18:17:54,2600
904,2568.80163,4,17,2011-12-15 14:28:14,2013-08-22 09:22:33,2600
609,2568.715603,20,94,1995-10-16 00:00:00,2013-10-03 12:39:43,2600
2197,2568.687344,10,54,2017-05-10 08:00:27,2021-06-10 15:14:58,2600
3687,2568.362031,5,16,2023-11-10 14:08:41,2025-02-07 16:34:46,2600
3181,2568.330669,18,69,2023-08-25 15:24:13,2025-05-29 17:42:06,2600
1549,2568.130234,10,46,2014-08-07 09:27:52,2016-02-24 19:18:19,2600
2376,2567.981587,20,55,2018-03-14 00:00:00,2025-01-20 10:23:57,2600
2599,2567.966145,14,47,2019-10-17 00:27:25,2023-10-19 15:23:09,2600
4100,2567.904719,5,16,2024-08-16 09:14:14,2025-03-19 09:24:55,2600
2600,2567.694819,25,70,2019-10-17 00:27:25,2024-10-06 22:27:28,2600
3496,2567.640264,13,111,1984-10-20 00:00:00,1992-03-21 00:00:00,2600
3074,2567.637668,9,19,2023-01-20 09:17:58,2025-02-08 10:38:39,2600
1927,2567.580924,4,17,2015-08-27 11:01:34,2020-03-11 13:59:39,2600
3750,2567.570671,2,15,1988-10-10 00:00:00,1991-03-22 00:00:00,2600
1869,2567.518528,5,24,2015-07-18 10:04:28,2015-07-22 10:45:18,2600
721,2567.445666,4,17,2011-09-21 15:35:34,2014-05-18 18:05:41,2600
433,2567.433859,18,91,2010-10-22 00:00:00,2018-08-22 12:14:15,2600
3203,2567.377257,4,42,2004-02-10 00:00:00,2004-11-30 00:00:00,2600
2901,2567.28834,14,62,2022-05-16 19:21:32,2025-02-07 14:53:26,2600
1210,2567.261151,4,17,2013-05-12 09:35:15,2018-08-22 10:19:15,2600
4599,2567.154964,6,20,2025-01-24 16:13:18,2025-03-18 16:37:41,2600
241,2567.136303,15,71,2010-08-01 10:00:00,2018-08-22 14:41:23,2600
1661,2567.020033,22,113,2015-02-25 09:18:19,2021-06-08 19:05:44,2600
3488,2567.019799,7,76,1985-02-17 00:00:00,1992-03-21 00:00:00,2600
1182,2566.848291,12,105,1983-10-10 00:00:00,2012-12-13 12:48:55,2600
351,2566.836224,5,23,2010-08-01 10:00:00,2018-08-23 08:36:20,2600
250,2566.821855,10,75,2002-02-11 00:00:00,2011-08-25 16:59:24,2600
2270,2566.734588,4,17,2017-08-23 07:30:07,2019-03-14 19:24:29,2600
930,2566.610322,11,61,2012-05-15 09:01:52,2014-05-17 18:01:23,2600
1292,2566.605904,6,37,2013-12-12 19:09:17,2024-01-12 12:11:53,2600
1570,2566.598828,4,17,2014-08-20 17:48:31,2018-08-22 12:14:15,2600
3318,2566.553179,5,83,1992-06-20 00:00:00,1997-01-03 00:00:00,2600
3996,2566.546055,13,53,2024-01-29 11:29:06,2025-03-15 11:53:06,2600
1745,2566.458706,7,30,2015-05-15 08:40:27,2022-12-09 12:18:37,2600
1337,2566.456906,5,22,2013-08-22 10:24:58,2018-08-23 16:13:10,2600
205,2566.424052,172,1552,1982-04-30 00:00:00,2020-08-05 18:04:44,2616.53703
4472,2566.375807,5,16,2024-10-10 23:10:29,2025-04-01 03:08:52,2600
871,2566.356043,7,35,2011-11-10 18:59:26,2014-11-20 10:06:56,2600
1866,2566.149523,5,25,2015-07-18 13:06:26,2015-07-22 09:04:24,2600
4153,2566.121921,9,54,2024-08-30 19:37:39,2025-04-07 09:03:01,2600
3128,2566.114986,5,21,2023-05-27 15:24:51,2025-05-27 14:05:46,2600
2876,2566.110733,75,740,1975-01-13 00:00:00,1992-03-21 00:00:00,2625.150966
142,2566.005501,35,175,2010-08-01 10:00:00,2024-11-08 10:01:32,2600
374,2565.880175,4,17,2010-09-30 00:00:00,2013-11-14 12:20:49,2600
4122,2565.826034,6,20,2025-03-14 07:10:42,2025-03-18 13:10:56,2600
3870,2565.821541,6,20,2024-02-05 13:37:21,2025-03-19 06:49:26,2600
803,2565.767126,13,45,2011-10-10 10:46:20,2023-06-02 16:25:55,2600
148,2565.76386,13,70,2010-08-01 10:00:00,2021-06-08 19:25:44,2600
3331,2565.757894,3,23,1994-01-08 00:00:00,1997-01-03 00:00:00,2600
1730,2565.615162,18,81,2015-05-14 17:12:02,2025-03-19 08:35:02,2600
611,2565.422373,4,17,2011-06-19 14:24:16,2011-10-05 18:27:38,2600
4454,2565.375414,9,23,2024-10-05 01:27:40,2025-05-23 01:33:32,2600
1985,2565.299352,14,69,2015-12-09 15:54:42,2025-01-27 15:13:09,2600
1752,2565.275103,33,164,2015-05-15 17:44:55,2025-03-20 06:53:27,2600
502,2565.1283,48,379,1985-10-19 00:00:00,2013-10-03 12:39:43,2568.01874
1876,2564.970825,9,38,2015-07-18 15:21:31,2023-09-15 13:53:03,2600
2276,2564.969547,6,23,2017-08-23 10:05:02,2024-02-07 08:14:52,2600
2992,2564.939571,11,28,2022-08-26 22:01:30,2024-08-10 20:04:52,2600
349,2564.925594,11,57,2010-08-01 10:00:00,2017-08-23 07:30:07,2600
4146,2564.843495,8,26,2024-03-11 06:00:13,2025-05-22 01:22:47,2600
541,2564.822566,4,17,2011-09-21 17:32:53,2012-05-25 09:25:11,2600
698,2564.792956,4,17,2011-09-29 16:02:04,2016-02-23 16:51:43,2600
1773,2564.784396,5,25,2015-06-15 13:54:49,2015-06-19 05:08:02,2600
2436,2564.715633,29,76,2018-11-24 10:01:17,2022-10-22 18:57:00,2600
1318,2564.701648,32,143,2013-08-14 15:13:20,2025-02-08 11:55:15,2600
3981,2564.594446,8,24,2024-01-29 08:44:24,2025-01-20 08:57:08,2600
1846,2564.521368,6,31,2015-07-18 13:10:59,2015-07-22 17:32:30,2600
1919,2564.509876,6,24,2015-08-26 17:02:00,2023-11-15 09:59:04,2600
211,2564.295129,23,114,2010-08-01 10:00:00,2022-03-18 12:37:15,2600
1870,2564.261082,6,26,2015-07-18 11:43:26,2015-07-23 10:19:16,2600
2866,2564.198037,10,39,2022-03-18 15:52:30,2025-02-07 11:18:02,2600
4424,2564.14264,10,35,2024-09-26 00:15:57,2025-04-01 03:13:22,2600
2856,2564.136959,26,106,2022-03-18 11:31:58,2025-05-28 12:00:58,2600
1994,2564.002166,6,26,2015-12-10 15:24:24,2022-03-25 08:43:49,2600
1825,2563.914312,6,19,2015-07-18 13:25:12,2015-07-23 10:26:38,2600
725,2563.845615,12,78,1997-01-03 00:00:00,2017-05-15 11:03:46,2600
4303,2563.78575,5,33,1982-10-11 00:00:00,1988-10-10 00:00:00,2600
3741,2563.7764,28,108,2023-12-15 10:02:37,2025-03-20 11:23:07,2559.011557
3077,2563.69295,9,24,2023-01-31 01:19:52,2024-10-06 05:45:44,2600
3152,2563.614224,4,16,2023-06-02 03:00:35,2025-05-19 02:57:47,2600
1562,2563.600838,4,16,2014-08-21 07:47:42,2017-08-23 08:04:45,2600
3704,2563.135116,4,33,1982-10-11 00:00:00,1991-03-22 00:00:00,2600
2336,2563.128458,12,57,2018-05-16 13:17:54,2020-08-06 18:50:12,2600
2304,2563.106184,12,35,2017-09-30 09:47:03,2019-09-14 13:45:01,2600
136,2563.024951,12,54,1997-01-03 00:00:00,2018-05-27 14:44:09,2600
2676,2563.023653,9,24,2020-01-31 10:03:02,2022-02-12 15:21:38,2600
3756,2562.84052,5,42,1985-10-19 00:00:00,1991-03-22 00:00:00,2600
1497,2562.761653,13,75,2014-05-11 18:03:24,2018-05-20 08:27:16,2600
1021,2562.505443,4,16,2013-08-22 12:02:14,2015-08-26 07:12:13,2600
1874,2562.470374,5,24,2015-07-18 07:15:58,2015-07-22 17:31:33,2600
2597,2562.263742,27,76,2019-10-16 22:25:55,2025-05-23 01:29:51,2600
2161,2561.992449,36,181,2017-03-02 15:42:55,2023-11-10 15:53:29,2600
901,2561.961289,10,46,2011-12-10 13:56:03,2012-12-13 13:48:14,2600
548,2561.712533,28,149,2011-05-13 12:24:29,2013-08-14 13:21:05,2600
3017,2561.665004,19,44,2022-10-22 11:36:28,2024-09-07 11:59:25,2600
835,2561.644389,25,129,2011-11-10 13:54:06,2015-11-05 15:59:29,2600
248,2561.633418,7,32,2010-08-01 10:00:00,2018-08-22 15:17:26,2600
3597,2561.565071,8,31,2023-10-13 15:39:11,2025-04-01 03:11:54,2600
2835,2561.412846,25,67,2022-02-11 10:22:00,2025-03-29 13:23:15,2600
3746,2561.195862,27,112,2023-12-15 15:34:22,2025-05-29 17:42:06,2600
145,2561.182211,33,198,2010-08-01 10:00:00,2014-10-03 09:57:20,2600
2393,2561.148063,6,26,2018-08-22 08:16:10,2021-12-10 13:40:27,2600
993,2561.100269,4,17,2012-07-19 17:14:39,2020-03-11 09:53:44,2600
1035,2561.092005,5,22,2012-08-24 07:05:04,2016-08-25 08:12:04,2600
2162,2561.080104,5,20,2017-03-02 17:27:39,2024-09-20 11:17:36,2600
1800,2561.06466,5,22,2015-07-29 14:14:35,2020-03-11 15:30:43,2600
1491,2560.999433,8,39,2014-05-10 18:23:38,2019-06-02 15:43:57,2600
3685,2560.82334,9,34,2023-11-10 11:34:39,2025-05-28 07:59:30,2600
441,2560.750249,5,20,2010-11-12 00:00:00,2016-08-24 12:33:08,2600
2354,2560.579888,9,44,2018-05-14 17:28:01,2020-08-06 15:56:42,2600
745,2560.512586,19,96,2011-10-20 08:18:44,2018-03-07 18:03:51,2600
796,2560.460578,29,250,1977-04-18 00:00:00,2021-05-06 18:07:40,2565.597759
221,2560.426902,5,21,2010-08-01 10:00:00,2015-07-29 14:14:35,2600
1882,2560.383112,5,23,2015-07-18 16:03:54,2015-07-22 09:34:00,2600
2175,2560.382977,6,24,2017-03-13 07:50:57,2018-10-06 10:29:08,2600
883,2560.209365,51,262,2011-11-27 14:47:42,2016-05-20 09:15:50,2534.163937
1772,2560.16769,5,25,2015-06-15 11:28:31,2015-06-19 07:27:11,2600
3564,2560.11659,5,17,2023-10-13 15:39:11,2025-03-31 07:11:21,2600
3876,2560.11199,8,28,2024-01-29 11:12:32,2024-02-07 12:13:12,2600
739,2559.82255,6,28,2011-10-05 20:11:01,2023-06-02 08:04:37,2600
2237,2559.803217,5,25,2017-07-03 04:41:41,2017-07-07 05:04:44,2600
927,2559.705338,39,227,1988-10-10 00:00:00,2024-10-04 16:07:08,2520.162834
2480,2559.671408,15,70,2019-05-18 10:55:22,2025-05-30 18:14:18,2600
94,2559.634977,41,211,2010-08-01 10:00:00,2025-05-28 10:49:29,2556.273017
2361,2559.579954,9,38,2018-05-15 10:17:32,2020-08-06 16:02:12,2600
337,2559.442079,5,23,2010-08-01 10:00:00,2017-08-22 14:52:42,2600
4541,2559.358499,6,18,2025-01-18 11:22:46,2025-01-26 10:26:55,2600
717,2559.282072,5,20,2011-09-21 11:25:12,2014-05-11 10:21:16,2600
1341,2559.231766,28,139,2013-08-22 12:33:38,2023-11-15 09:59:04,2600
931,2559.137991,25,162,2012-07-02 03:50:20,2019-09-04 04:01:13,2600
2243,2558.851968,20,83,2017-08-22 08:12:47,2024-11-08 19:35:17,2600
2259,2558.678828,7,31,2017-08-22 16:45:01,2021-06-08 10:20:23,2600
70,2558.244472,27,138,2010-08-01 10:00:00,2012-08-08 10:34:29,2600
1425,2558.150786,8,37,2013-11-07 16:31:02,2018-05-27 10:30:14,2600
1203,2558.147353,5,20,2013-05-11 15:19:24,2016-05-19 14:12:35,2600
2861,2558.072292,6,23,2022-03-18 13:36:11,2023-10-20 10:00:55,2600
1565,2557.96283,47,239,2014-08-21 07:47:42,2024-01-06 13:58:38,2581.679626
602,2557.931536,17,86,2011-06-18 19:44:41,2015-05-21 17:35:38,2600
348,2557.894854,12,57,2010-08-01 10:00:00,2018-08-23 11:25:34,2600
553,2557.828967,10,46,2011-05-13 12:24:29,2024-02-16 16:59:51,2600
1865,2557.817314,27,120,2015-07-18 16:04:30,2025-03-20 13:41:20,2600
1880,2557.782475,5,20,2015-07-18 16:04:12,2015-07-22 08:42:25,2600
3699,2557.762232,17,125,1986-10-18 00:00:00,1991-03-22 00:00:00,2600
1424,2557.724687,19,99,2013-11-07 15:39:20,2022-01-28 14:57:03,2600
180,2557.609114,10,53,2010-08-01 10:00:00,2014-05-18 12:01:11,2600
3751,2557.577592,6,45,1982-10-11 00:00:00,1991-03-22 00:00:00,2600
284,2557.379133,10,46,2010-08-01 10:00:00,2018-08-22 10:19:15,2600
182,2557.224373,10,45,2010-08-01 10:00:00,2019-05-31 08:04:12,2600
536,2556.901856,11,40,2011-05-12 18:14:10,2023-12-15 15:52:44,2600
4395,2556.825345,7,22,2024-08-15 18:35:07,2025-02-07 16:27:22,2600
3920,2556.822202,6,18,2024-02-03 18:49:54,2025-03-18 17:40:40,2600
1076,2556.647588,11,47,2012-10-18 10:58:12,2025-03-19 10:40:15,2600
319,2556.633708,12,60,2010-08-01 10:00:00,2018-08-22 10:19:15,2600
2390,2556.486357,19,81,2018-08-22 16:46:35,2025-01-29 15:38:43,2600
1734,2556.428369,5,20,2015-05-14 18:15:58,2021-06-09 08:00:39,2600
696,2556.012717,13,36,2011-09-29 15:29:13,2022-11-26 15:46:30,2600
1796,2555.831896,5,25,2015-06-15 06:50:53,2015-06-19 14:21:56,2600
1202,2555.683494,8,38,1997-01-03 00:00:00,2017-05-15 18:04:21,2600
488,2555.536459,5,31,2009-02-05 00:00:00,2013-04-04 13:34:21,2600
2332,2555.534779,12,61,2018-05-17 12:00:28,2023-06-01 16:28:22,2600
2366,2555.497147,7,30,2018-05-16 18:45:17,2020-03-11 08:22:13,2600
2677,2555.475079,17,43,2020-01-31 10:04:05,2022-02-12 16:58:40,2600
321,2555.455033,6,27,2010-08-01 10:00:00,2017-08-23 08:04:45,2600
516,2555.41098,7,32,2011-05-14 14:36:42,2024-02-16 10:10:50,2600
1879,2555.40144,5,21,2015-07-18 13:04:44,2015-07-22 09:07:16,2600
1732,2555.320945,12,60,2015-05-14 17:12:02,2017-08-22 13:21:14,2600
1878,2555.221053,6,27,2015-07-19 07:08:23,2015-07-23 10:20:43,2600
532,2554.871726,43,228,2011-05-12 15:02:42,2023-06-05 11:41:58,2538.344856
1198,2554.713233,9,52,2005-10-31 00:00:00,2022-06-08 06:02:23,2600
2144,2554.63111,16,49,2016-10-08 11:59:08,2018-09-15 17:17:54,2600
336,2554.461561,8,37,2010-08-01 10:00:00,2011-11-10 20:45:09,2600
1877,2553.968751,5,20,2015-07-18 13:05:43,2015-07-22 16:24:42,2600
2208,2553.740239,12,53,2017-05-11 11:43:17,2019-03-06 13:43:24,2600
2338,2553.637239,8,32,2018-05-16 08:03:32,2019-11-16 11:41:57,2600
3275,2552.952648,6,70,1994-01-08 00:00:00,1999-01-03 00:00:00,2600
3697,2552.945254,12,95,1982-10-11 00:00:00,1991-03-22 00:00:00,2600
1030,2552.872403,54,273,2012-08-23 15:43:01,2019-10-05 11:39:53,2577.115136
162,2552.65133,25,182,1992-10-12 00:00:00,2011-03-03 00:00:00,2600
1499,2552.595772,6,27,2014-05-12 08:58:33,2017-05-16 12:50:30,2600
1875,2552.444774,6,25,2015-07-18 07:16:29,2015-07-22 17:36:49,2600
209,2552.005647,7,34,2010-08-01 10:00:00,2011-08-17 15:56:05,2600
3997,2551.573898,10,37,2024-01-29 08:43:05,2025-03-15 11:54:23,2600
2476,2550.97931,31,79,2019-04-13 08:53:35,2023-09-23 13:36:57,2600
3700,2550.947623,4,33,1982-10-11 00:00:00,1991-03-22 00:00:00,2600
891,2550.812853,6,23,2011-11-27 18:54:08,2019-08-31 11:28:57,2600
259,2550.431695,133,413,2010-08-01 10:00:00,2025-05-23 01:37:32,2484.26317
1851,2550.236429,25,125,2015-07-18 13:06:26,2025-05-19 08:05:49,2600
2123,2550.220141,22,73,2016-09-28 11:27:53,2018-11-24 17:54:36,2600
3706,2550.049881,8,62,1982-10-11 00:00:00,1991-03-22 00:00:00,2600
2816,2550.033628,18,68,2021-12-10 13:33:42,2025-03-15 07:59:00,2600
2960,2549.982744,18,40,2022-07-30 13:15:46,2025-03-29 12:50:20,2600
1864,2549.509286,6,26,2015-07-18 10:04:55,2015-07-23 10:19:36,2600
318,2549.30789,6,24,2010-08-01 10:00:00,2014-08-20 17:48:31,2600
2991,2549.141795,11,25,2022-08-26 21:57:03,2024-08-10 18:27:18,2600
2337,2549.00186,23,96,2018-05-16 12:37:30,2022-03-18 18:21:44,2600
1727,2548.87088,24,120,2015-05-14 13:05:37,2025-02-07 14:11:57,2600
3881,2548.784794,9,28,2024-02-03 09:00:56,2025-01-28 15:13:49,2600
3180,2548.50663,21,71,2023-08-25 12:42:02,2025-03-15 11:18:44,2600
452,2548.471266,75,765,1977-04-18 00:00:00,2011-10-10 13:20:04,2598.554384
480,2548.28914,35,192,2006-01-06 00:00:00,2020-03-11 13:58:39,2600
1034,2548.284573,8,39,2012-08-24 07:05:04,2018-08-23 12:27:00,2600
1912,2548.138666,15,50,2015-08-26 13:22:57,2018-11-24 12:19:08,2600
98,2548.079352,41,238,2008-11-08 00:00:00,2022-07-15 01:06:47,2522.221668
300,2547.776553,18,125,1997-01-03 00:00:00,2012-10-17 17:26:14,2600
150,2547.752341,7,29,2010-08-01 10:00:00,2022-11-25 13:35:03,2600
2042,2547.621152,7,32,2016-05-12 08:21:30,2018-05-27 11:50:52,2600
294,2547.445926,7,29,2010-08-01 10:00:00,2016-08-25 17:40:18,2600
1726,2547.064763,9,45,2015-05-14 13:42:56,2022-05-28 18:22:49,2600
3733,2546.961024,9,79,1980-01-07 00:00:00,1987-10-17 00:00:00,2600
551,2546.789699,11,58,2011-05-13 12:24:29,2013-05-19 18:03:59,2600
2347,2546.606889,15,83,1997-01-03 00:00:00,2022-05-28 14:25:26,2600
2430,2546.559235,12,30,2018-10-24 22:33:05,2022-10-02 03:24:20,2600
790,2546.234708,7,29,2011-10-20 15:04:10,2013-05-21 09:11:14,2600
710,2546.197985,22,195,1984-10-20 00:00:00,2015-12-21 20:06:05,2600
1391,2545.796242,7,31,2013-10-03 10:28:27,2018-08-23 10:38:58,2600
3515,2545.671812,66,567,1975-01-13 00:00:00,1992-03-21 00:00:00,2595.854237
2819,2545.594258,35,83,2022-01-15 09:59:08,2025-03-29 12:11:09,2600
2582,2545.522896,19,86,2019-10-14 08:54:13,2025-01-26 12:10:03,2600
3233,2545.427177,6,66,1996-01-01 00:00:00,2002-02-11 00:00:00,2600
2155,2545.406352,12,62,2017-03-02 09:01:48,2023-06-01 10:58:32,2600
3705,2545.253617,6,51,1982-10-11 00:00:00,1991-03-22 00:00:00,2600
329,2545.180497,9,38,2010-08-01 10:00:00,2016-08-25 15:57:47,2600
3385,2545.077343,12,101,1981-04-07 00:00:00,1997-01-03 00:00:00,2600
2431,2544.959045,27,75,2018-10-24 22:33:05,2024-10-06 22:27:28,2600
1760,2544.717111,8,36,2015-05-16 15:16:23,2023-06-02 12:50:29,2600
2812,2544.463347,19,42,2021-11-27 10:11:23,2024-11-23 12:14:29,2600
3736,2544.136607,10,82,1982-04-30 00:00:00,1991-03-22 00:00:00,2600
490,2543.946451,11,71,2008-01-03 00:00:00,2024-02-06 10:10:08,2600
2537,2543.865911,22,54,2019-06-20 03:51:30,2025-03-29 12:55:06,2600
3398,2543.691692,9,81,1982-04-30 00:00:00,1997-01-03 00:00:00,2600
1896,2543.479068,6,24,2015-07-19 07:07:59,2015-07-22 19:42:49,2600
2487,2543.095482,10,49,2019-05-18 16:29:12,2024-12-14 13:04:07,2600
2826,2542.75114,25,65,2022-01-15 11:54:09,2025-05-22 01:13:41,2600
1267,2542.51428,15,66,2013-07-18 09:58:11,2018-03-08 13:18:28,2600
913,2542.450401,60,295,2012-05-13 19:23:59,2023-06-02 10:27:20,2548.725339
2592,2542.307495,32,74,2019-09-14 09:00:27,2023-09-23 12:56:40,2600
2339,2541.163501,8,32,2018-05-15 20:04:26,2019-05-30 16:17:10,2600
4418,2541.152332,13,44,2024-09-20 10:15:13,2025-03-15 12:34:29,2600
2060,2540.566871,9,44,2016-05-13 12:50:19,2021-06-08 16:00:09,2600
3974,2540.557154,17,60,2024-01-29 15:18:10,2025-03-19 13:01:05,2600
632,2540.285899,8,35,2011-08-25 13:14:52,2016-02-24 10:21:25,2600
2138,2540.179832,31,96,2016-10-08 11:56:50,2019-09-14 19:21:29,2600
504,2540.092449,23,176,1984-10-20 00:00:00,2013-10-03 12:39:43,2600
1648,2540.060707,14,62,2014-12-20 10:01:17,2018-09-18 14:33:51,2600
3507,2539.560403,16,125,1984-10-20 00:00:00,1992-03-21 00:00:00,2600
468,2539.474023,201,1990,1976-01-26 00:00:00,2021-05-07 11:59:56,2615.052327
3278,2539.464381,29,306,1989-10-09 00:00:00,1999-01-03 00:00:00,2578.557751
2799,2538.909975,65,170,2021-09-04 08:29:54,2025-03-29 12:53:23,2600
181,2538.701144,244,2060,1981-04-07 00:00:00,2025-05-29 15:46:44,2648.137668
2428,2537.573313,23,58,2018-10-25 02:08:55,2024-10-06 06:18:58,2600
2658,2537.433847,9,30,2019-11-16 11:41:57,2022-05-28 07:54:29,2600
3473,2536.395374,15,139,1983-10-10 00:00:00,1992-06-20 00:00:00,2600
994,2536.081682,14,72,2012-08-08 10:34:29,2019-03-14 11:19:09,2600
2001,2535.131632,27,126,2015-12-21 12:12:39,2023-06-01 10:27:27,2600
178,2535.065309,9,39,2010-08-01 10:00:00,2011-12-10 09:57:06,2600
3696,2535.011008,45,451,1975-01-13 00:00:00,1991-03-22 00:00:00,2578.409374
2346,2534.405583,36,189,2018-05-14 10:28:06,2025-04-07 13:28:34,2600
583,2533.807614,36,197,2008-07-08 00:00:00,2024-03-07 00:00:00,2528.320499
2409,2533.297256,15,37,2018-09-15 09:00:40,2022-07-30 19:37:08,2600
2493,2533.128948,19,79,2019-05-19 13:51:32,2023-11-10 10:05:06,2600
1867,2533.088819,23,112,2015-07-18 10:04:55,2024-02-07 16:40:28,2600
3914,2533.046426,10,35,2024-02-03 09:00:24,2025-05-27 08:00:56,2600
2680,2532.963542,58,140,2020-01-31 10:05:33,2025-03-29 19:52:46,2600
2350,2532.210269,11,53,2018-05-14 11:54:12,2021-06-09 08:00:39,2600
2667,2531.972094,27,62,2019-11-23 10:02:57,2025-03-29 12:51:07,2600
1615,2531.514285,9,34,2014-11-19 17:28:24,2023-10-20 11:49:57,2600
2135,2531.181606,13,40,2016-10-08 11:54:26,2017-09-30 14:03:26,2600
2038,2531.06146,20,92,2016-05-11 18:19:48,2025-05-28 07:59:55,2600
2437,2530.924634,81,215,2018-11-24 10:02:04,2025-03-29 13:23:15,2513.919829
2725,2530.199315,18,72,2020-03-12 08:13:53,2025-05-28 15:45:21,2600
1014,2530.164582,11,47,2012-08-23 10:06:25,2014-08-07 15:21:35,2600
107,2529.323775,20,97,2010-08-01 10:00:00,2012-11-26 15:47:46,2600
925,2528.97815,7,29,2012-05-14 15:05:38,2015-02-25 18:08:38,2600
659,2528.40669,129,1199,1982-04-30 00:00:00,2025-05-30 09:03:55,2592.125797
1423,2527.162958,10,43,2013-11-07 14:23:33,2018-05-26 15:24:42,2600
2671,2527.076824,46,115,2019-11-23 10:05:02,2024-11-23 13:03:01,2600
2307,2525.603354,34,94,2017-10-28 12:00:20,2021-09-04 19:45:32,2600
191,2525.524023,91,475,2010-08-01 10:00:00,2021-06-08 14:06:38,2497.494926
326,2523.900665,10,41,2010-08-01 10:00:00,2018-08-22 16:26:17,2600
424,2522.134659,94,456,1997-01-03 00:00:00,2025-02-07 13:02:11,2546.962417
1764,2520.431413,21,138,2015-10-02 18:36:09,2025-04-07 13:28:34,2518.276573
610,2519.508978,14,68,2011-06-19 12:30:08,2013-11-07 09:36:31,2600
619,2519.375042,51,257,2011-06-19 21:49:21,2025-05-27 18:28:58,2516.456277
2314,2519.194898,28,110,2018-03-08 09:28:32,2024-11-07 14:43:05,2600
1273,2517.074541,25,89,2013-07-18 11:32:25,2018-10-06 08:02:38,2600
1593,2516.917271,28,138,2014-10-02 08:03:28,2019-08-31 07:08:59,2600
2777,2515.137401,33,139,2021-05-27 19:40:36,2025-05-27 18:28:58,2526.613275
141,2514.983011,27,130,2010-08-01 10:00:00,2020-08-06 08:01:35,2600
2109,2512.553452,16,50,2016-09-28 10:34:04,2019-04-14 08:58:55,2600
110,2512.110106,34,212,1997-01-03 00:00:00,2017-05-17 16:19:06,2511.482561
2591,2511.52353,34,82,2019-09-14 08:59:29,2024-09-07 13:07:24,2600
2974,2510.926542,29,139,2022-09-02 10:19:51,2025-05-27 13:03:50,2527.257164
486,2510.084908,14,65,2006-01-06 00:00:00,2013-11-07 15:39:20,2600
999,2509.175666,18,144,1997-01-03 00:00:00,2025-05-27 15:38:12,2600
533,2507.110862,14,57,2011-05-12 18:14:10,2022-09-16 10:55:14,2600
2490,2506.761671,34,127,2019-05-18 20:26:16,2024-02-06 15:07:06,2600
2196,2501.972112,41,200,2017-05-09 20:04:01,2023-06-02 14:42:51,2489.747313
95,2501.479503,17,76,2010-08-01 10:00:00,2021-11-19 10:04:55,2600
1004,2501.419268,29,116,2012-08-09 17:07:12,2025-03-19 11:01:21,2600
2358,2496.035194,16,70,2018-05-14 19:23:19,2025-05-27 12:52:46,2600
2142,2493.013873,43,113,2016-10-08 11:58:26,2024-09-07 14:10:56,2600
2834,2491.122753,29,345,1975-01-13 00:00:00,1991-09-18 00:00:00,2557.695177
3016,2490.194896,37,90,2022-10-22 08:55:37,2024-01-31 11:34:11,2600
2146,2486.154451,25,65,2016-10-08 11:59:32,2024-09-07 12:58:58,2600
2427,2485.746689,30,80,2018-10-25 02:08:55,2024-10-06 05:45:44,2600
2325,2484.875794,87,231,2018-02-17 09:57:22,2025-03-29 12:53:23,2475.127417
1739,2478.588989,17,65,2015-05-15 08:40:27,2025-05-29 12:04:28,2600
529,2476.88309,16,64,2011-05-12 15:02:42,2023-06-02 10:36:53,2600
1209,2475.803324,33,148,2013-05-12 09:35:15,2025-05-27 18:57:51,2600
1572,2473.506916,22,73,2014-08-20 17:48:31,2025-02-07 16:34:46,2600
555,2471.693309,21,95,2011-05-13 12:24:29,2014-05-18 10:33:44,2600
2122,2464.663662,31,103,2016-09-28 11:25:09,2019-06-21 12:12:27,2600
531,2451.967135,46,225,2011-05-12 15:02:42,2025-05-29 12:34:30,2467.923434
594,2442.424861,55,259,1982-10-11 00:00:00,2021-11-19 15:20:55,2441.465025
