"ID","Name","StartDate","EndDate","Sponsor","Season","Type","Num","Venue","City","Country","Discipline","Main","Sex","AgeGroup","Url","Related","Stage","ValueType","ShortName","WorldSnookerId","RankingType","EventPredictionID","Team","Format","Twitter","HashTag","ConversionRate","AllRoundsAdded","PhotoURLs","NumCompetitors","NumUpcoming","NumActive","NumResults","Note","CommonNote","DefendingChampion","PreviousEdition","Tour"
2009,"Americas Q Tour 1","2024-03-07","2024-03-10","",2024,"Ranking",0,"H Niteroi Hotel","Rio de Janeiro","Brazil","snooker",2009,"Both","O","https://snookerscores.net/tournament-manager/202425-q-tour-americas-event-1-open-brasil-snooker-2024","qtour","F","","",0,"QTR",0,FALSE,3,"","QTour",1,TRUE,"",37,0,0,15,"","",0,0,"q"
2010,"Americas Q Tour 1 - Group A","2024-03-07","2024-03-10","",2024,"Ranking",1,"H Niteroi Hotel","Rio de Janeiro","Brazil","snooker",2009,"Both","O","https://snookerscores.net/tournament-manager/202425-q-tour-americas-event-1-open-brasil-snooker-2024/group/A","qtour"," Q","","",0,"QTR",0,FALSE,3,"","QTour",1,TRUE,"",0,0,0,6,"","",0,0,"q"
2011,"Americas Q Tour 1 - Group B","2024-03-07","2024-03-10","",2024,"Ranking",2,"H Niteroi Hotel","Rio de Janeiro","Brazil","snooker",2009,"Both","O","https://snookerscores.net/tournament-manager/202425-q-tour-americas-event-1-open-brasil-snooker-2024/group/B","qtour"," Q","","",0,"QTR",0,FALSE,3,"","QTour",1,FALSE,"",0,0,0,10,"","",0,0,"q"
2012,"Americas Q Tour 1 - Group C","2024-03-07","2024-03-10","",2024,"Ranking",3,"H Niteroi Hotel","Rio de Janeiro","Brazil","snooker",2009,"Both","O","https://snookerscores.net/tournament-manager/202425-q-tour-americas-event-1-open-brasil-snooker-2024/group/C","qtour"," Q","","",0,"QTR",0,FALSE,3,"","QTour",1,TRUE,"",0,0,0,10,"","",0,0,"q"
2013,"Americas Q Tour 1 - Group D","2024-03-07","2024-03-10","",2024,"Ranking",4,"H Niteroi Hotel","Rio de Janeiro","Brazil","snooker",2009,"Both","O","https://snookerscores.net/tournament-manager/202425-q-tour-americas-event-1-open-brasil-snooker-2024/group/D","qtour"," Q","","",0,"QTR",0,FALSE,3,"","QTour",1,TRUE,"",0,0,0,6,"","",0,0,"q"
2014,"Americas Q Tour 1 - Group E","2024-03-07","2024-03-10","",2024,"Ranking",5,"H Niteroi Hotel","Rio de Janeiro","Brazil","snooker",2009,"Both","O","https://snookerscores.net/tournament-manager/202425-q-tour-americas-event-1-open-brasil-snooker-2024/group/E","qtour"," Q","","",0,"QTR",0,FALSE,3,"","QTour",1,TRUE,"",0,0,0,6,"","",0,0,"q"
2015,"Americas Q Tour 1 - Group F","2024-03-07","2024-03-10","",2024,"Ranking",6,"H Niteroi Hotel","Rio de Janeiro","Brazil","snooker",2009,"Both","O","https://snookerscores.net/tournament-manager/202425-q-tour-americas-event-1-open-brasil-snooker-2024/group/F","qtour"," Q","","",0,"QTR",0,FALSE,3,"","QTour",1,TRUE,"",0,0,0,10,"","",0,0,"q"
2016,"Americas Q Tour 1 - Group G","2024-03-07","2024-03-10","",2024,"Ranking",7,"H Niteroi Hotel","Rio de Janeiro","Brazil","snooker",2009,"Both","O","https://snookerscores.net/tournament-manager/202425-q-tour-americas-event-1-open-brasil-snooker-2024/group/G","qtour"," Q","","",0,"QTR",0,FALSE,3,"","QTour",1,TRUE,"",0,0,0,10,"","",0,0,"q"
2017,"Americas Q Tour 1 - Group H","2024-03-07","2024-03-10","",2024,"Ranking",8,"H Niteroi Hotel","Rio de Janeiro","Brazil","snooker",2009,"Both","O","https://snookerscores.net/tournament-manager/202425-q-tour-americas-event-1-open-brasil-snooker-2024/group/H","qtour"," Q","","",0,"QTR",0,FALSE,3,"","QTour",1,TRUE,"",0,0,0,10,"","",0,0,"q"
1949,"Middle East Q Tour 1","2024-05-21","2024-05-23","",2024,"Ranking",0,"Bahrain Snooker Academy","Manama","Bahrain","snooker",1949,"Both","O","https://snookerscores.net/tournament-manager/20242025-q-tour-middle-east-event-1-bahrain","qtour","F","","",0,"QTR",0,FALSE,1,"","QTour",1,TRUE,"",40,0,0,39,"","",0,0,"q"
1960,"Championship League Stage One Group 11","2024-06-10","2024-06-10","",2024,"Ranking",22,"Mattioli Arena","Leicester","England","snooker",1941,"Both","O","https://championshipleaguesnooker.co.uk/ranking/","","Q","CLR","",0,"WR",0,FALSE,2,"","ChampionshipLeagueSnooker",1,TRUE,"",0,0,0,6,"","<a href=""https://viaplay.com<a href=""https://matchroom.live/sports/snooker"">Matchroom.live</a> / <a href=""https://www.youtube.com/watch?v=uC79cU2E9fs"">YouTube</a> and <a href=""https://championshipleaguesnooker.co.uk/watch/"">more</a>",0,0,"main"
1970,"Championship League Stage One Group 21","2024-06-10","2024-06-10","",2024,"Ranking",32,"Mattioli Arena","Leicester","England","snooker",1941,"Both","O","https://championshipleaguesnooker.co.uk/ranking/","","Q","CLR","",0,"WR",0,FALSE,2,"","ChampionshipLeagueSnooker",1,TRUE,"",0,0,0,6,"","<a href=""https://viaplay.com<a href=""https://matchroom.live/sports/snooker"">Matchroom.live</a> / <a href=""https://www.youtube.com/watch?v=uC79cU2E9fs"">YouTube</a> and <a href=""https://championshipleaguesnooker.co.uk/watch/"">more</a>",0,0,"main"
1941,"Championship League","2024-06-10","2024-07-03","BetVictor",2024,"Ranking",1,"Mattioli Arena","Leicester","England","snooker",1941,"Both","O","https://championshipleaguesnooker.co.uk/ranking/","","F","CLR","",0,"WR",0,FALSE,2,"CLSnooker","ChampionshipLeagueSnooker",1,TRUE,"",128,0,0,1,"","<a href=""https://matchroom.live/sports/snooker"">Matchroom.live</a> / <a href=""https://www.youtube.com/@MatchroomMultiSport/streams"">YouTube</a> and <a href=""https://championshipleaguesnooker.co.uk/watch/"">more</a>",97,1461,"main"
1953,"Championship League Stage One Group 4","2024-06-11","2024-06-11","",2024,"Ranking",15,"Mattioli Arena","Leicester","England","snooker",1941,"Both","O","https://championshipleaguesnooker.co.uk/ranking/","","Q","CLR","",0,"WR",0,FALSE,2,"","ChampionshipLeagueSnooker",1,TRUE,"",0,0,0,6,"","<a href=""https://matchroom.live/sports/snooker"">Matchroom.live</a> / <a href=""https://www.youtube.com/watch?v=uC79cU2E9fs"">YouTube</a> and <a href=""https://championshipleaguesnooker.co.uk/watch/"">more</a>",0,0,"main"
1966,"Championship League Stage One Group 17","2024-06-11","2024-06-11","",2024,"Ranking",28,"Mattioli Arena","Leicester","England","snooker",1941,"Both","O","https://championshipleaguesnooker.co.uk/ranking/","","Q","CLR","",0,"WR",0,FALSE,2,"","ChampionshipLeagueSnooker",1,TRUE,"",0,0,0,6,"","<a href=""https://matchroom.live/sports/snooker"">Matchroom.live</a> / <a href=""https://www.youtube.com/watch?v=uC79cU2E9fs"">YouTube</a> and <a href=""https://championshipleaguesnooker.co.uk/watch/"">more</a>",0,0,"main"
1974,"Championship League Stage One Group 25","2024-06-12","2024-06-12","",2024,"Ranking",36,"Mattioli Arena","Leicester","England","snooker",1941,"Both","O","https://championshipleaguesnooker.co.uk/ranking/","","Q","CLR","",0,"WR",0,FALSE,2,"","ChampionshipLeagueSnooker",1,TRUE,"",0,0,0,6,"","<a href=""https://matchroom.live/sports/snooker"">Matchroom.live</a> / <a href=""https://www.youtube.com/watch?v=uC79cU2E9fs"">YouTube</a> and <a href=""https://championshipleaguesnooker.co.uk/watch/"">more</a>",0,0,"main"
1980,"Championship League Stage One Group 31","2024-06-12","2024-06-12","",2024,"Ranking",42,"Mattioli Arena","Leicester","England","snooker",1941,"Both","O","https://championshipleaguesnooker.co.uk/ranking/","","Q","CLR","",0,"WR",0,FALSE,2,"","ChampionshipLeagueSnooker",1,TRUE,"",0,0,0,6,"","<a href=""https://matchroom.live/sports/snooker"">Matchroom.live</a> / <a href=""https://www.youtube.com/watch?v=uC79cU2E9fs"">YouTube</a> and <a href=""https://championshipleaguesnooker.co.uk/watch/"">more</a>",0,0,"main"
1971,"Championship League Stage One Group 22","2024-06-13","2024-06-13","",2024,"Ranking",33,"Mattioli Arena","Leicester","England","snooker",1941,"Both","O","https://championshipleaguesnooker.co.uk/ranking/","","Q","CLR","",0,"WR",0,FALSE,2,"","ChampionshipLeagueSnooker",1,TRUE,"",0,0,0,6,"","<a href=""https://matchroom.live/sports/snooker"">Matchroom.live</a> / <a href=""https://www.youtube.com/watch?v=uC79cU2E9fs"">YouTube</a> and <a href=""https://championshipleaguesnooker.co.uk/watch/"">more</a>",0,0,"main"
1972,"Championship League Stage One Group 23","2024-06-13","2024-06-13","",2024,"Ranking",34,"Mattioli Arena","Leicester","England","snooker",1941,"Both","O","https://championshipleaguesnooker.co.uk/ranking/","","Q","CLR","",0,"WR",0,FALSE,2,"","ChampionshipLeagueSnooker",1,TRUE,"",0,0,0,6,"","<a href=""https://matchroom.live/sports/snooker"">Matchroom.live</a> / <a href=""https://www.youtube.com/watch?v=uC79cU2E9fs"">YouTube</a> and <a href=""https://championshipleaguesnooker.co.uk/watch/"">more</a>",0,0,"main"
1959,"Championship League Stage One Group 10","2024-06-14","2024-06-14","",2024,"Ranking",21,"Mattioli Arena","Leicester","England","snooker",1941,"Both","O","https://championshipleaguesnooker.co.uk/ranking/","","Q","CLR","",0,"WR",0,FALSE,2,"","ChampionshipLeagueSnooker",1,TRUE,"",0,0,0,6,"","<a href=""https://matchroom.live/sports/snooker"">Matchroom.live</a> / <a href=""https://www.youtube.com/watch?v=uC79cU2E9fs"">YouTube</a> and <a href=""https://championshipleaguesnooker.co.uk/watch/"">more</a>",0,0,"main"
1981,"Championship League Stage One Group 32","2024-06-14","2024-06-14","",2024,"Ranking",43,"Mattioli Arena","Leicester","England","snooker",1941,"Both","O","https://championshipleaguesnooker.co.uk/ranking/","","Q","CLR","",0,"WR",0,FALSE,2,"","ChampionshipLeagueSnooker",1,TRUE,"",0,0,0,6,"","<a href=""https://matchroom.live/sports/snooker"">Matchroom.live</a> / <a href=""https://www.youtube.com/watch?v=uC79cU2E9fs"">YouTube</a> and <a href=""https://championshipleaguesnooker.co.uk/watch/"">more</a>",0,0,"main"
1978,"Championship League Stage One Group 29","2024-06-15","2024-06-15","",2024,"Ranking",40,"Mattioli Arena","Leicester","England","snooker",1941,"Both","O","https://championshipleaguesnooker.co.uk/ranking/","","Q","CLR","",0,"WR",0,FALSE,2,"","ChampionshipLeagueSnooker",1,TRUE,"",0,0,0,6,"","<a href=""https://matchroom.live/sports/snooker"">Matchroom.live</a> / <a href=""https://www.youtube.com/watch?v=uC79cU2E9fs"">YouTube</a> and <a href=""https://championshipleaguesnooker.co.uk/watch/"">more</a>",0,0,"main"
1979,"Championship League Stage One Group 30","2024-06-15","2024-06-15","",2024,"Ranking",41,"Mattioli Arena","Leicester","England","snooker",1941,"Both","O","https://championshipleaguesnooker.co.uk/ranking/","","Q","CLR","",0,"WR",0,FALSE,2,"","ChampionshipLeagueSnooker",1,TRUE,"",0,0,0,6,"","<a href=""https://matchroom.live/sports/snooker"">Matchroom.live</a> / <a href=""https://www.youtube.com/watch?v=uC79cU2E9fs"">YouTube</a> and <a href=""https://championshipleaguesnooker.co.uk/watch/"">more</a>",0,0,"main"
1956,"Championship League Stage One Group 7","2024-06-17","2024-06-17","",2024,"Ranking",18,"Mattioli Arena","Leicester","England","snooker",1941,"Both","O","https://championshipleaguesnooker.co.uk/ranking/","","Q","CLR","",0,"WR",0,FALSE,2,"","ChampionshipLeagueSnooker",1,TRUE,"",0,0,0,6,"","<a href=""https://matchroom.live/sports/snooker"">Matchroom.live</a> / <a href=""https://www.youtube.com/watch?v=uC79cU2E9fs"">YouTube</a> and <a href=""https://championshipleaguesnooker.co.uk/watch/"">more</a>",0,0,"main"
1957,"Championship League Stage One Group 8","2024-06-17","2024-06-17","",2024,"Ranking",19,"Mattioli Arena","Leicester","England","snooker",1941,"Both","O","https://championshipleaguesnooker.co.uk/ranking/","","Q","CLR","",0,"WR",0,FALSE,2,"","ChampionshipLeagueSnooker",1,TRUE,"",0,0,0,6,"","<a href=""https://matchroom.live/sports/snooker"">Matchroom.live</a> / <a href=""https://www.youtube.com/watch?v=uC79cU2E9fs"">YouTube</a> and <a href=""https://championshipleaguesnooker.co.uk/watch/"">more</a>",0,0,"main"
1973,"Championship League Stage One Group 24","2024-06-18","2024-06-18","",2024,"Ranking",35,"Mattioli Arena","Leicester","England","snooker",1941,"Both","O","https://championshipleaguesnooker.co.uk/ranking/","","Q","CLR","",0,"WR",0,FALSE,2,"","ChampionshipLeagueSnooker",1,TRUE,"",0,0,0,6,"","<a href=""https://matchroom.live/sports/snooker"">Matchroom.live</a> / <a href=""https://www.youtube.com/watch?v=uC79cU2E9fs"">YouTube</a> and <a href=""https://championshipleaguesnooker.co.uk/watch/"">more</a>",0,0,"main"
1977,"Championship League Stage One Group 28","2024-06-18","2024-06-18","",2024,"Ranking",39,"Mattioli Arena","Leicester","England","snooker",1941,"Both","O","https://championshipleaguesnooker.co.uk/ranking/","","Q","CLR","",0,"WR",0,FALSE,2,"","ChampionshipLeagueSnooker",1,TRUE,"",0,0,0,6,"","<a href=""https://matchroom.live/sports/snooker"">Matchroom.live</a> / <a href=""https://www.youtube.com/watch?v=uC79cU2E9fs"">YouTube</a> and <a href=""https://championshipleaguesnooker.co.uk/watch/"">more</a>",0,0,"main"
1975,"Championship League Stage One Group 26","2024-06-19","2024-06-19","",2024,"Ranking",37,"Mattioli Arena","Leicester","England","snooker",1941,"Both","O","https://championshipleaguesnooker.co.uk/ranking/","","Q","CLR","",0,"WR",0,FALSE,2,"","ChampionshipLeagueSnooker",1,TRUE,"",0,0,0,6,"","<a href=""https://matchroom.live/sports/snooker"">Matchroom.live</a> / <a href=""https://www.youtube.com/watch?v=uC79cU2E9fs"">YouTube</a> and <a href=""https://championshipleaguesnooker.co.uk/watch/"">more</a>",0,0,"main"
1976,"Championship League Stage One Group 27","2024-06-19","2024-06-19","",2024,"Ranking",38,"Mattioli Arena","Leicester","England","snooker",1941,"Both","O","https://championshipleaguesnooker.co.uk/ranking/","","Q","CLR","",0,"WR",0,FALSE,2,"","ChampionshipLeagueSnooker",1,TRUE,"",0,0,0,6,"","<a href=""https://matchroom.live/sports/snooker"">Matchroom.live</a> / <a href=""https://www.youtube.com/watch?v=uC79cU2E9fs"">YouTube</a> and <a href=""https://championshipleaguesnooker.co.uk/watch/"">more</a>",0,0,"main"
1950,"Championship League Stage One Group 1","2024-06-20","2024-06-20","",2024,"Ranking",12,"Mattioli Arena","Leicester","England","snooker",1941,"Both","O","https://championshipleaguesnooker.co.uk/ranking/","","Q","CLR","",0,"WR",0,FALSE,2,"","ChampionshipLeagueSnooker",1,TRUE,"",0,0,0,6,"","<a href=""https://matchroom.live/sports/snooker"">Matchroom.live</a> / <a href=""https://www.youtube.com/watch?v=uC79cU2E9fs"">YouTube</a> and <a href=""https://championshipleaguesnooker.co.uk/watch/"">more</a>",0,0,"main"
1963,"Championship League Stage One Group 14","2024-06-20","2024-06-20","",2024,"Ranking",25,"Mattioli Arena","Leicester","England","snooker",1941,"Both","O","https://championshipleaguesnooker.co.uk/ranking/","","Q","CLR","",0,"WR",0,FALSE,2,"","ChampionshipLeagueSnooker",1,TRUE,"",0,0,0,6,"","<a href=""https://matchroom.live/sports/snooker"">Matchroom.live</a> / <a href=""https://www.youtube.com/watch?v=uC79cU2E9fs"">YouTube</a> and <a href=""https://championshipleaguesnooker.co.uk/watch/"">more</a>",0,0,"main"
1962,"Championship League Stage One Group 13","2024-06-21","2024-06-21","",2024,"Ranking",24,"Mattioli Arena","Leicester","England","snooker",1941,"Both","O","https://championshipleaguesnooker.co.uk/ranking/","","Q","CLR","",0,"WR",0,FALSE,2,"","ChampionshipLeagueSnooker",1,TRUE,"",0,0,0,6,"","<a href=""https://matchroom.live/sports/snooker"">Matchroom.live</a> / <a href=""https://www.youtube.com/watch?v=uC79cU2E9fs"">YouTube</a> and <a href=""https://championshipleaguesnooker.co.uk/watch/"">more</a>",0,0,"main"
1967,"Championship League Stage One Group 18","2024-06-21","2024-06-21","",2024,"Ranking",29,"Mattioli Arena","Leicester","England","snooker",1941,"Both","O","https://championshipleaguesnooker.co.uk/ranking/","","Q","CLR","",0,"WR",0,FALSE,2,"","ChampionshipLeagueSnooker",1,TRUE,"",0,0,0,6,"","<a href=""https://matchroom.live/sports/snooker"">Matchroom.live</a> / <a href=""https://www.youtube.com/watch?v=uC79cU2E9fs"">YouTube</a> and <a href=""https://championshipleaguesnooker.co.uk/watch/"">more</a>",0,0,"main"
1968,"Championship League Stage One Group 19","2024-06-22","2024-06-22","",2024,"Ranking",30,"Mattioli Arena","Leicester","England","snooker",1941,"Both","O","https://championshipleaguesnooker.co.uk/ranking/","","Q","CLR","",0,"WR",0,FALSE,2,"","ChampionshipLeagueSnooker",1,TRUE,"",0,0,0,6,"","<a href=""https://matchroom.live/sports/snooker"">Matchroom.live</a> / <a href=""https://www.youtube.com/watch?v=uC79cU2E9fs"">YouTube</a> and <a href=""https://championshipleaguesnooker.co.uk/watch/"">more</a>",0,0,"main"
1969,"Championship League Stage One Group 20","2024-06-22","2024-06-22","",2024,"Ranking",31,"Mattioli Arena","Leicester","England","snooker",1941,"Both","O","https://championshipleaguesnooker.co.uk/ranking/","","Q","CLR","",0,"WR",0,FALSE,2,"","ChampionshipLeagueSnooker",1,TRUE,"",0,0,0,6,"","<a href=""https://matchroom.live/sports/snooker"">Matchroom.live</a> / <a href=""https://www.youtube.com/watch?v=uC79cU2E9fs"">YouTube</a> and <a href=""https://championshipleaguesnooker.co.uk/watch/"">more</a>",0,0,"main"
1955,"Championship League Stage One Group 6","2024-06-24","2024-06-24","",2024,"Ranking",17,"Mattioli Arena","Leicester","England","snooker",1941,"Both","O","https://championshipleaguesnooker.co.uk/ranking/","","Q","CLR","",0,"WR",0,FALSE,2,"","ChampionshipLeagueSnooker",1,TRUE,"",0,0,0,6,"","<a href=""https://matchroom.live/sports/snooker"">Matchroom.live</a> / <a href=""https://www.youtube.com/watch?v=uC79cU2E9fs"">YouTube</a> and <a href=""https://championshipleaguesnooker.co.uk/watch/"">more</a>",0,0,"main"
1958,"Championship League Stage One Group 9","2024-06-24","2024-06-24","",2024,"Ranking",20,"Mattioli Arena","Leicester","England","snooker",1941,"Both","O","https://championshipleaguesnooker.co.uk/ranking/","","Q","CLR","",0,"WR",0,FALSE,2,"","ChampionshipLeagueSnooker",1,TRUE,"",0,0,0,6,"","<a href=""https://matchroom.live/sports/snooker"">Matchroom.live</a> / <a href=""https://www.youtube.com/watch?v=uC79cU2E9fs"">YouTube</a> and <a href=""https://championshipleaguesnooker.co.uk/watch/"">more</a>",0,0,"main"
1951,"Championship League Stage One Group 2","2024-06-25","2024-06-25","",2024,"Ranking",13,"Mattioli Arena","Leicester","England","snooker",1941,"Both","O","https://championshipleaguesnooker.co.uk/ranking/","","Q","CLR","",0,"WR",0,FALSE,2,"","ChampionshipLeagueSnooker",1,TRUE,"",0,0,0,6,"","<a href=""https://matchroom.live/sports/snooker"">Matchroom.live</a> / <a href=""https://www.youtube.com/watch?v=uC79cU2E9fs"">YouTube</a> and <a href=""https://championshipleaguesnooker.co.uk/watch/"">more</a>",0,0,"main"
1961,"Championship League Stage One Group 12","2024-06-25","2024-06-25","",2024,"Ranking",23,"Mattioli Arena","Leicester","England","snooker",1941,"Both","O","https://championshipleaguesnooker.co.uk/ranking/","","Q","CLR","",0,"WR",0,FALSE,2,"","ChampionshipLeagueSnooker",1,TRUE,"",0,0,0,6,"","<a href=""https://matchroom.live/sports/snooker"">Matchroom.live</a> / <a href=""https://www.youtube.com/watch?v=uC79cU2E9fs"">YouTube</a> and <a href=""https://championshipleaguesnooker.co.uk/watch/"">more</a>",0,0,"main"
1954,"Championship League Stage One Group 5","2024-06-26","2024-06-26","",2024,"Ranking",16,"Mattioli Arena","Leicester","England","snooker",1941,"Both","O","https://championshipleaguesnooker.co.uk/ranking/","","Q","CLR","",0,"WR",0,FALSE,2,"","ChampionshipLeagueSnooker",1,TRUE,"",0,0,0,6,"","<a href=""https://matchroom.live/sports/snooker"">Matchroom.live</a> / <a href=""https://www.youtube.com/watch?v=uC79cU2E9fs"">YouTube</a> and <a href=""https://championshipleaguesnooker.co.uk/watch/"">more</a>",0,0,"main"
1965,"Championship League Stage One Group 16","2024-06-26","2024-06-26","",2024,"Ranking",27,"Mattioli Arena","Leicester","England","snooker",1941,"Both","O","https://championshipleaguesnooker.co.uk/ranking/","","Q","CLR","",0,"WR",0,FALSE,2,"","ChampionshipLeagueSnooker",1,TRUE,"",0,0,0,6,"","<a href=""https://matchroom.live/sports/snooker"">Matchroom.live</a> / <a href=""https://www.youtube.com/watch?v=uC79cU2E9fs"">YouTube</a> and <a href=""https://championshipleaguesnooker.co.uk/watch/"">more</a>",0,0,"main"
1952,"Championship League Stage One Group 3","2024-06-27","2024-06-27","",2024,"Ranking",14,"Mattioli Arena","Leicester","England","snooker",1941,"Both","O","https://championshipleaguesnooker.co.uk/ranking/","","Q","CLR","",0,"WR",0,FALSE,2,"","ChampionshipLeagueSnooker",1,TRUE,"",0,0,0,6,"","<a href=""https://matchroom.live/sports/snooker"">Matchroom.live</a> / <a href=""https://www.youtube.com/watch?v=uC79cU2E9fs"">YouTube</a> and <a href=""https://championshipleaguesnooker.co.uk/watch/"">more</a>",0,0,"main"
1964,"Championship League Stage One Group 15","2024-06-27","2024-06-27","",2024,"Ranking",26,"Mattioli Arena","Leicester","England","snooker",1941,"Both","O","https://championshipleaguesnooker.co.uk/ranking/","","Q","CLR","",0,"WR",0,FALSE,2,"","ChampionshipLeagueSnooker",1,TRUE,"",0,0,0,6,"","<a href=""https://matchroom.live/sports/snooker"">Matchroom.live</a> / <a href=""https://www.youtube.com/watch?v=uC79cU2E9fs"">YouTube</a> and <a href=""https://championshipleaguesnooker.co.uk/watch/"">more</a>",0,0,"main"
1983,"Championship League Stage Two Group B","2024-06-28","2024-06-28","",2024,"Ranking",5,"Mattioli Arena","Leicester","England","snooker",1941,"Both","O","https://championshipleaguesnooker.co.uk/ranking/","","Q","CLR","",0,"WR",0,FALSE,2,"","ChampionshipLeagueSnooker",1,TRUE,"",0,0,0,6,"","<a href=""https://matchroom.live/sports/snooker"">Matchroom.live</a> / <a href=""https://www.youtube.com/watch?v=uC79cU2E9fs"">YouTube</a> and <a href=""https://championshipleaguesnooker.co.uk/watch/"">more</a>",0,0,"main"
1984,"Championship League Stage Two Group C","2024-06-28","2024-06-28","",2024,"Ranking",6,"Mattioli Arena","Leicester","England","snooker",1941,"Both","O","https://championshipleaguesnooker.co.uk/ranking/","","Q","CLR","",0,"WR",0,FALSE,2,"","ChampionshipLeagueSnooker",1,TRUE,"",0,0,0,6,"","<a href=""https://matchroom.live/sports/snooker"">Matchroom.live</a> / <a href=""https://www.youtube.com/watch?v=uC79cU2E9fs"">YouTube</a> and <a href=""https://championshipleaguesnooker.co.uk/watch/"">more</a>",0,0,"main"
2004,"Asia Pacific Q Tour: West Coast International","2024-06-28","2024-06-30","",2024,"Ranking",0,"Pot Black North Perth","Perth","Australia","snooker",2004,"Both","O","https://snookerscores.net/tournament-manager/west-coast-international-2024","qtour","F","APQT","Asia Pacific Q Tour 1",0,"QTR",0,FALSE,1,"","QTour",1,TRUE,"https://absc.com.au/result-detail?2024/west-coast-international-2024",44,0,0,43,"","",4233,0,"q"
1982,"Championship League Stage Two Group A","2024-06-29","2024-06-29","",2024,"Ranking",4,"Mattioli Arena","Leicester","England","snooker",1941,"Both","O","https://championshipleaguesnooker.co.uk/ranking/","","Q","CLR","",0,"WR",0,FALSE,2,"","ChampionshipLeagueSnooker",1,TRUE,"",0,0,0,6,"","<a href=""https://matchroom.live/sports/snooker"">Matchroom.live</a> / <a href=""https://www.youtube.com/watch?v=uC79cU2E9fs"">YouTube</a> and <a href=""https://championshipleaguesnooker.co.uk/watch/"">more</a>",0,0,"main"
1986,"Championship League Stage Two Group E","2024-06-29","2024-06-29","",2024,"Ranking",8,"Mattioli Arena","Leicester","England","snooker",1941,"Both","O","https://championshipleaguesnooker.co.uk/ranking/","","Q","CLR","",0,"WR",0,FALSE,2,"","ChampionshipLeagueSnooker",1,TRUE,"",0,0,0,6,"","<a href=""https://matchroom.live/sports/snooker"">Matchroom.live</a> / <a href=""https://www.youtube.com/watch?v=uC79cU2E9fs"">YouTube</a> and <a href=""https://championshipleaguesnooker.co.uk/watch/"">more</a>",0,0,"main"
1985,"Championship League Stage Two Group D","2024-07-01","2024-07-01","",2024,"Ranking",7,"Mattioli Arena","Leicester","England","snooker",1941,"Both","O","https://championshipleaguesnooker.co.uk/ranking/","","Q","CLR","",0,"WR",0,FALSE,2,"","ChampionshipLeagueSnooker",1,TRUE,"",0,0,0,6,"","<a href=""https://matchroom.live/sports/snooker"">Matchroom.live</a> / <a href=""https://www.youtube.com/watch?v=uC79cU2E9fs"">YouTube</a> and <a href=""https://championshipleaguesnooker.co.uk/watch/"">more</a>",0,0,"main"
1989,"Championship League Stage Two Group H","2024-07-01","2024-07-01","",2024,"Ranking",11,"Mattioli Arena","Leicester","England","snooker",1941,"Both","O","https://championshipleaguesnooker.co.uk/ranking/","","Q","CLR","",0,"WR",0,FALSE,2,"","ChampionshipLeagueSnooker",1,TRUE,"",0,0,0,6,"","<a href=""https://matchroom.live/sports/snooker"">Matchroom.live</a> / <a href=""https://www.youtube.com/watch?v=uC79cU2E9fs"">YouTube</a> and <a href=""https://championshipleaguesnooker.co.uk/watch/"">more</a>",0,0,"main"
1987,"Championship League Stage Two Group F","2024-07-02","2024-07-02","",2024,"Ranking",9,"Mattioli Arena","Leicester","England","snooker",1941,"Both","O","https://championshipleaguesnooker.co.uk/ranking/","","Q","CLR","",0,"WR",0,FALSE,2,"","ChampionshipLeagueSnooker",1,TRUE,"",0,0,0,6,"","<a href=""https://matchroom.live/sports/snooker"">Matchroom.live</a> / <a href=""https://www.youtube.com/watch?v=uC79cU2E9fs"">YouTube</a> and <a href=""https://championshipleaguesnooker.co.uk/watch/"">more</a>",0,0,"main"
1988,"Championship League Stage Two Group G","2024-07-02","2024-07-02","",2024,"Ranking",10,"Mattioli Arena","Leicester","England","snooker",1941,"Both","O","https://championshipleaguesnooker.co.uk/ranking/","","Q","CLR","",0,"WR",0,FALSE,2,"","ChampionshipLeagueSnooker",1,TRUE,"",0,0,0,6,"","<a href=""https://matchroom.live/sports/snooker"">Matchroom.live</a> / <a href=""https://www.youtube.com/watch?v=uC79cU2E9fs"">YouTube</a> and <a href=""https://championshipleaguesnooker.co.uk/watch/"">more</a>",0,0,"main"
1990,"Championship League Stage Three Group A","2024-07-03","2024-07-03","",2024,"Ranking",2,"Mattioli Arena","Leicester","England","snooker",1941,"Both","O","https://championshipleaguesnooker.co.uk/ranking/","","Q","CLR","",0,"WR",0,FALSE,2,"","ChampionshipLeagueSnooker",1,TRUE,"",0,0,0,6,"","<a href=""https://matchroom.live/sports/snooker"">Matchroom.live</a> / <a href=""https://www.youtube.com/watch?v=uC79cU2E9fs"">YouTube</a> and <a href=""https://championshipleaguesnooker.co.uk/watch/"">more</a>",0,0,"main"
1991,"Championship League Stage Three Group B","2024-07-03","2024-07-03","",2024,"Ranking",3,"Mattioli Arena","Leicester","England","snooker",1941,"Both","O","https://championshipleaguesnooker.co.uk/ranking/","","Q","CLR","",0,"WR",0,FALSE,2,"","ChampionshipLeagueSnooker",1,TRUE,"",0,0,0,6,"","<a href=""https://matchroom.live/sports/snooker"">Matchroom.live</a> / <a href=""https://www.youtube.com/watch?v=uC79cU2E9fs"">YouTube</a> and <a href=""https://championshipleaguesnooker.co.uk/watch/"">more</a>",0,0,"main"
1847,"Shanghai Masters","2024-07-15","2024-07-21","",2024,"Invitational",0,"Shanghai Indoor Stadium","Shanghai","China","snooker",1847,"Both","O","","shanghai","F","SM","",0,"",0,FALSE,1,"","ShanghaiMasters",1,TRUE,"",24,0,0,23,"","<a href=""https://www.discoveryplus.com/"">Eurosport/Discovery+</a>, <a href=""https://matchroom.live/sports/snooker"">Matchroom.live</a>  and <a href=""https://www.wst.tv/news/2024/july/05/how-to-watch-the-shanghai-masters/"">more</a>",5,1466,"main"
1993,"Middle East Q Tour 2","2024-07-19","2024-07-21","",2024,"Ranking",0," Emirates Snooker Academy","Abu Dhabi","UAE","snooker",1993,"Both","O","https://snookerscores.net/tournament-manager/20242025-q-tour-middle-east-event-2-abu-dhabi-uae","qtour","F","","",0,"QTR",0,FALSE,1,"","QTour",1,TRUE,"",56,0,0,55,"","",0,0,"q"
1844,"Xi'an Grand Prix Qualifiers","2024-07-25","2024-07-27","",2024,"Qualifying",0,"Mattioli Arena","Leicester","England","snooker",1832,"Both","O","","xian","Q","","",0,"WR",0,FALSE,1,"","XianGrandPrix",1,TRUE,"",0,0,0,64,"","<a href=""https://matchroom.live/"">Matchroom</a>, <a href=""https://www.huya.com/880214"">Huya</a> & <a href=""https://www.wst.tv/news/2024/july/22/how-to-watch-the-qualifiers/"">more</a>",0,0,"main"
1841,"Wuhan Open Qualifiers","2024-07-28","2024-07-30","",2024,"Qualifying",0,"Mattioli Arena","Leicester","England","snooker",1840,"Both","O","","","Q","","",0,"WR",0,FALSE,1,"","WuhanOpen",1,TRUE,"",0,0,0,64,"","Eurosport/<a href=""https://www.discoveryplus.com/"">Discovery+</a>, <a href=""https://matchroom.live/sports/snooker"">Matchroom</a>, <a href=""https://www.huya.com/880214"">Huya</a> & <a href=""https://www.wst.tv/news/2024/september/29/how-to-watch-the-wuhan-open/"">more</a>",0,0,"main"
1938,"British Open Qualifiers","2024-07-31","2024-08-03","",2024,"Qualifying",0,"Mattioli Arena","Leicester","England","snooker",1834,"Both","O","","british","Q","BO","",0,"WR",0,FALSE,1,"","BritishOpen",1,TRUE,"",0,0,0,64,"","<a href=""https://www.itv.com/watch?channel=itv4"">ITV</a>, Eurosport/<a href=""https://www.discoveryplus.com/gb/sports"">Discovery+</a>, <a href=""https://www.huya.com/880214"">Huya</a> and <a href=""https://www.wst.tv/news/2024/september/18/how-to-watch-the-unibet-british-open/"">more</a>",0,0,"main"
2005,"Asia Pacific Q Tour Event 2: Fred Osbourne Classic","2024-08-02","2024-08-04","",2024,"Ranking",0,"Commercial Club Albury","Albury","Australia","snooker",2005,"Both","O","https://absc.com.au/calendar/2024/8/2/fred-osbourne-snooker-classic","qtour","F","APQT","Asia Pacific Q Tour 2",0,"QTR",0,FALSE,1,"","QTour",1,TRUE,"",81,0,0,80,"","",521,0,"q"
1937,"US Women's Open Group A","2024-08-09","2024-08-10","",2024,"Ranking",0,"OX Billiards","Seattle","USA","snooker",2018,"Women","O","","","Q","","",0,"WWR",0,FALSE,2,"","WomensSnooker",1,FALSE,"",0,0,0,6,"","",0,0,"women"
2076,"US Women's Open Group B","2024-08-09","2024-08-10","",2024,"Ranking",2,"OX Billiards","Seattle","USA","snooker",2018,"Women","O","","","Q","","",0,"WWR",0,FALSE,2,"","WomensSnooker",1,TRUE,"",0,0,0,10,"","",0,0,"women"
2077,"US Women's Open Group C","2024-08-09","2024-08-10","",2024,"Ranking",3,"OX Billiards","Seattle","USA","snooker",2018,"Women","O","","","Q","","",0,"WWR",0,FALSE,2,"","WomensSnooker",1,FALSE,"",0,0,0,10,"","",0,0,"women"
2018,"US Women's Open","2024-08-09","2024-08-11","WineCellars.com",2024,"Ranking",0,"OX Billiards","Seattle","USA","snooker",2018,"Women","O","https://snookerscores.net/tournament-manager/2024-us-womens-snooker-open","","F","UWO","",0,"WWR",0,FALSE,3,"","WomensSnooker",1,TRUE,"https://snookerscores.s3.eu-west-2.amazonaws.com/posters/3938/conversions/WWS-US-Open-2024-social-media-POST-small-poster-md.png",14,0,0,7,"","",1829,1462,"women"
2043,"Q Tour 1","2024-08-15","2024-08-18","",2024,"Ranking",1,"Northern Snooker Centre","Leeds","England","snooker",2043,"Both","O","","qtour","F","QT","",0,"QTR",0,FALSE,1,"","QTour",1,TRUE,"",154,0,0,153,"","",0,0,"q"
1832,"Xi'an Grand Prix","2024-08-19","2024-08-25","Du Xiaoman",2024,"Ranking",0,"Qujiang E-sports Centre","Xi'an","China","snooker",1832,"Both","O","https://www.wst.tv/matches/d45d9f0c-2639-48e1-a474-002ad8bc4e4f","xian","F","XGP","",0,"WR",6423,FALSE,1,"","XianGrandPrix",1,TRUE,"",128,0,0,63,"","<a href=""https://matchroom.live/"">Matchroom</a>, <a href=""https://www.huya.com/880214"">Huya</a> & <a href=""https://www.wst.tv/news/2024/august/12/xi-an-grand-prix-to-be-broadcast-free-on-matchroom-live/"">more</a>",0,0,"main"
1839,"Saudi Arabia Masters","2024-08-30","2024-09-07","",2024,"Ranking",0,"Green Halls","Riyadh","Saudi Arabia","snooker",1839,"Both","O","https://www.wst.tv/matches/3e229ccb-f149-46a8-bfb3-1029f12dd210","","F","SAM","",0,"WR",0,FALSE,1,"","SaudiMasters",1,TRUE,"",144,0,0,143,"","Eurosport/<a href=""https://www.discoveryplus.com/"">Discovery+</a>, <a href=""https://matchroom.live/sports/snooker"">Matchroom</a>, <a href=""https://www.huya.com/880214"">Huya</a> & <a href=""https://www.wst.tv/news/2024/august/27/how-to-watch-the-saudi-arabia-snooker-masters/"">more</a>",0,0,"main"
2078,"UK Women's Championships Group A","2024-09-06","2024-09-07","",2024,"Ranking",1,"Northern Snooker Centre","Leeds","England","snooker",2020,"Women","O","","","Q","UKL","",0,"WWR",0,FALSE,2,"","WomensSnooker",1,TRUE,"",0,0,0,6,"","",0,0,"women"
2079,"UK Women's Championships Group B","2024-09-06","2024-09-07","",2024,"Ranking",2,"Northern Snooker Centre","Leeds","England","snooker",2020,"Women","O","","","Q","UKL","",0,"WWR",0,FALSE,2,"","WomensSnooker",1,TRUE,"",0,0,0,6,"","",0,0,"women"
2080,"UK Women's Championships Group C","2024-09-06","2024-09-07","",2024,"Ranking",3,"Northern Snooker Centre","Leeds","England","snooker",2020,"Women","O","","","Q","UKL","",0,"WWR",0,FALSE,2,"","WomensSnooker",1,TRUE,"",0,0,0,6,"","",0,0,"women"
2081,"UK Women's Championships Group D","2024-09-06","2024-09-07","",2024,"Ranking",4,"Northern Snooker Centre","Leeds","England","snooker",2020,"Women","O","","","Q","UKL","",0,"WWR",0,FALSE,2,"","WomensSnooker",1,TRUE,"",0,0,0,6,"","",0,0,"women"
2082,"UK Women's Championships Group E","2024-09-06","2024-09-07","",2024,"Ranking",5,"Northern Snooker Centre","Leeds","England","snooker",2020,"Women","O","","","Q","UKL","",0,"WWR",0,FALSE,2,"","WomensSnooker",1,TRUE,"",0,0,0,6,"","",0,0,"women"
2083,"UK Women's Championships Group F","2024-09-06","2024-09-07","",2024,"Ranking",6,"Northern Snooker Centre","Leeds","England","snooker",2020,"Women","O","","","Q","UKL","",0,"WWR",0,FALSE,2,"","WomensSnooker",1,TRUE,"",0,0,0,6,"","",0,0,"women"
2084,"UK Women's Championships Group G","2024-09-06","2024-09-07","",2024,"Ranking",7,"Northern Snooker Centre","Leeds","England","snooker",2020,"Women","O","","","Q","UKL","",0,"WWR",0,FALSE,2,"","WomensSnooker",1,TRUE,"",0,0,0,6,"","",0,0,"women"
2085,"UK Women's Championships Group H","2024-09-06","2024-09-07","",2024,"Ranking",8,"Northern Snooker Centre","Leeds","England","snooker",2020,"Women","O","","","Q","UKL","",0,"WWR",0,FALSE,2,"","WomensSnooker",1,TRUE,"",0,0,0,6,"","",0,0,"women"
2020,"UK Women's Championship","2024-09-06","2024-09-08","Taom",2024,"Ranking",0,"Northern Snooker Centre","Leeds","England","snooker",2020,"Women","O","https://snookerscores.net/tournament-manager/2024-taom-uk-womens-snooker-championship","","F","UKL","",0,"WWR",0,FALSE,1,"","WomensSnooker",1,TRUE,"",37,0,0,20,"","",175,1463,"women"
1936,"English Open Qualifiers","2024-09-12","2024-09-14","",2024,"Qualifying",0,"Brentwood Leisure Centre","Brentwood","England","snooker",1833,"Both","O","","","Q","EO","",0,"WR",0,FALSE,1,"","EnglishOpen ",1,TRUE,"",0,0,0,64,"","Eurosport/<a href=""https://www.discoveryplus.com/"">Discovery+</a>, <a href=""https://matchroom.live/sports/snooker"">Matchroom</a>, <a href=""https://www.huya.com/880214"">Huya</a> & <a href=""https://www.wst.tv/news/2024/september/09/how-to-watch-the-2024-betvictor-english-open/"">more</a>",0,0,"main"
1833,"English Open","2024-09-16","2024-09-22","BetVictor",2024,"Ranking",0,"Brentwood Leisure Centre","Brentwood","England","snooker",1833,"Both","O","","Home Nations Series","F","EO","",0,"WR",6407,FALSE,1,"","EnglishOpen ",1,TRUE,"",128,0,0,63,"","Eurosport/<a href=""https://www.discoveryplus.com/"">Discovery+</a>, <a href=""https://matchroom.live/sports/snooker"">Matchroom</a>, <a href=""https://www.huya.com/880214"">Huya</a> & <a href=""https://www.wst.tv/news/2024/september/09/how-to-watch-the-2024-betvictor-english-open/"">more</a>",12,1449,"main"
2044,"Q Tour 2","2024-09-20","2024-09-22","",2024,"Ranking",2,"Bulgarian Snooker Academy","Sofia","Bulgaria","snooker",2044,"Both","O","https://snookerscores.net/tournament-manager/202425-q-tour-event-two","qtour","F","QT","",0,"QTR",0,FALSE,1,"","QTour",1,TRUE,"",108,0,0,107,"","",0,0,"q"
1834,"British Open","2024-09-23","2024-09-29","Unibet",2024,"Ranking",0,"The Centaur","Cheltenham","England","snooker",1834,"Both","O","https://www.wst.tv/matches/28c6c498-ed74-448e-abae-aeac36ad9c5d","british","F","BO","",0,"WR",0,FALSE,1,"","BritishOpen",1,TRUE,"",128,0,0,63,"","<a href=""https://www.itv.com/watch?channel=itv4"">ITV</a>, Eurosport/<a href=""https://www.discoveryplus.com/gb/sports"">Discovery+</a>, <a href=""https://www.huya.com/880214"">Huya</a> & <a href=""https://www.wst.tv/news/2024/september/18/how-to-watch-the-unibet-british-open/"">more</a>",1,1444,"main"
2006,"Asia Pacific Q Tour Event 3: New Zealand Open","2024-09-26","2024-09-29","",2024,"Ranking",0,"Papatoetoe Cosmopolitan Club","Auckland","New Zealand","snooker",2006,"Both","O","https://snookerscores.net/tournament-manager/2024-nz-open-snooker-championship","qtour","F","APQT","Asia Pacific Q Tour 3",0,"QTR",0,FALSE,1,"","QTour",1,TRUE,"",30,0,0,15,"","",3678,1606,"q"
2087,"Asia Pacific Q Tour Event 3: New Zealand Open - Group A","2024-09-26","2024-09-29","",2024,"Ranking",0,"Papatoetoe Cosmopolitan Club","Auckland","New Zealand","snooker",2006,"Both","O","https://snookerscores.net/tournament-manager/2024-nz-open-snooker-championship/group/A","qtour"," Q","APQT","Asia Pacific Q Tour 3 - Group A",0,"QTR",0,FALSE,2,"","QTour",1,TRUE,"",0,0,0,10,"","",3678,1606,"q"
2088,"Asia Pacific Q Tour Event 3: New Zealand Open - Group B","2024-09-26","2024-09-29","",2024,"Ranking",0,"Papatoetoe Cosmopolitan Club","Auckland","New Zealand","snooker",2006,"Both","O","https://snookerscores.net/tournament-manager/2024-nz-open-snooker-championship/group/B","qtour"," Q","APQT","Asia Pacific Q Tour 3 - Group B",0,"QTR",0,FALSE,2,"","QTour",1,TRUE,"",0,0,0,10,"","",3678,1606,"q"
2089,"Asia Pacific Q Tour Event 3: New Zealand Open - Group C","2024-09-26","2024-09-29","",2024,"Ranking",0,"Papatoetoe Cosmopolitan Club","Auckland","New Zealand","snooker",2006,"Both","O","https://snookerscores.net/tournament-manager/2024-nz-open-snooker-championship/group/C","qtour"," Q","APQT","Asia Pacific Q Tour 3 - Group C",0,"QTR",0,FALSE,2,"","QTour",1,TRUE,"",0,0,0,10,"","",3678,1606,"q"
2090,"Asia Pacific Q Tour Event 3: New Zealand Open - Group D","2024-09-26","2024-09-29","",2024,"Ranking",0,"Papatoetoe Cosmopolitan Club","Auckland","New Zealand","snooker",2006,"Both","O","https://snookerscores.net/tournament-manager/2024-nz-open-snooker-championship/group/D","qtour"," Q","APQT","Asia Pacific Q Tour 3 - Group D",0,"QTR",0,FALSE,2,"","QTour",1,TRUE,"",0,0,0,10,"","",3678,1606,"q"
2091,"Asia Pacific Q Tour Event 3: New Zealand Open - Group E","2024-09-26","2024-09-29","",2024,"Ranking",0,"Papatoetoe Cosmopolitan Club","Auckland","New Zealand","snooker",2006,"Both","O","https://snookerscores.net/tournament-manager/2024-nz-open-snooker-championship/group/E","qtour"," Q","APQT","Asia Pacific Q Tour 3 - Group E",0,"QTR",0,FALSE,2,"","QTour",1,TRUE,"",0,0,0,10,"","",3678,1606,"q"
2092,"Asia Pacific Q Tour Event 3: New Zealand Open - Group F","2024-09-26","2024-09-29","",2024,"Ranking",0,"Papatoetoe Cosmopolitan Club","Auckland","New Zealand","snooker",2006,"Both","O","https://snookerscores.net/tournament-manager/2024-nz-open-snooker-championship/group/F","qtour"," Q","APQT","Asia Pacific Q Tour 3 - Group F",0,"QTR",0,FALSE,2,"","QTour",1,TRUE,"",0,0,0,10,"","",3678,1606,"q"
1939,"Northern Ireland Open Qualifiers","2024-09-28","2024-09-29","",2024,"Qualifying",0,"Ponds Forge International Sports Centre","Sheffield","England","snooker",1835,"Both","O","","Home Nations Series","Q","NIO","",0,"WR",0,FALSE,1,"","NIOpen",1,TRUE,"",0,0,0,64,"","Eurosport/<a href=""https://www.discoveryplus.com/"">Discovery+</a>, <a href=""https://matchroom.live/sports/snooker"">Matchroom</a>, <a href=""https://www.huya.com/880214"">Huya</a> & <a href=""https://www.wst.tv/news/2024/october/12/how-to-watch-the-betvictor-northern-ireland-open/"">more</a>",0,0,"main"
1845,"International Championship Qualifiers","2024-09-30","2024-10-02","",2024,"Qualifying",0,"Ponds Forge International Sports Centre","Sheffield","England","snooker",1846,"Both","O","","international","Q","IC","",0,"WR",0,FALSE,1,"","InternationalChampionship",1,TRUE,"",0,0,0,64,"","Eurosport/<a href=""https://www.discoveryplus.com/"">Discovery+</a>, <a href=""https://matchroom.live/sports/snooker"">Matchroom</a>, <a href=""https://www.huya.com/880214"">Huya</a> & <a href=""https://www.wst.tv/news/2024/october/30/how-to-watch-the-international-championship/"">more</a>",0,0,"main"
2045,"Q Tour 3","2024-10-04","2024-10-06","",2024,"Ranking",3,"Snookerhallen","Stockholm","Sweden","snooker",2045,"Both","O","https://snookerscores.net/tournament-manager/202425-q-tour-event-three","qtour","F","QT","",0,"QTR",0,FALSE,1,"","QTour",1,TRUE,"",116,0,0,114,"","",0,0,"q"
2095,"Australian Women's Open Group A","2024-10-05","2024-10-06","",2024,"Ranking",1,"Mt Pritchard & District Community Club","Sydney","Australia","snooker",2019,"Women","O","","australian","Q","","",0,"WWR",0,FALSE,2,"","",1,TRUE,"",0,0,0,21,"","",0,0,"women"
2096,"Australian Women's Open Group B","2024-10-05","2024-10-06","",2024,"Ranking",2,"Mt Pritchard & District Community Club","Sydney","Australia","snooker",2019,"Women","O","","australian","Q","","",0,"WWR",0,FALSE,2,"","",1,TRUE,"",0,0,0,21,"","",0,0,"women"
2097,"Australian Women's Open Group C","2024-10-05","2024-10-06","",2024,"Ranking",3,"Mt Pritchard & District Community Club","Sydney","Australia","snooker",2019,"Women","O","","australian","Q","","",0,"WWR",0,FALSE,2,"","",1,TRUE,"",0,0,0,21,"","",0,0,"women"
2098,"Australian Women's Open Group D","2024-10-05","2024-10-06","",2024,"Ranking",4,"Mt Pritchard & District Community Club","Sydney","Australia","snooker",2019,"Women","O","","australian","Q","","",0,"WWR",0,FALSE,2,"","",1,TRUE,"",0,0,0,15,"","",0,0,"women"
2019,"Australian Women's Open","2024-10-05","2024-10-08","",2024,"Ranking",0,"Mt Pritchard & District Community Club","Sydney","Australia","snooker",2019,"Women","O","https://absc.com.au/calendar/2024/10/5/australian-open-womens-snooker-championship","australian","F","","",0,"WWR",0,FALSE,3,"","WomensSnooker",1,TRUE,"",27,0,0,15,"","",1485,1342,"women"
1840,"Wuhan Open","2024-10-06","2024-10-12","Optics Valley of China",2024,"Ranking",0,"China Optics Valley Convention & Exhibition Centre","Wuhan","China","snooker",1840,"Both","O","","","F","WUH","",0,"WR",6422,FALSE,1,"","WuhanOpen",1,TRUE,"",128,0,0,63,"","Eurosport/<a href=""https://www.discoveryplus.com/"">Discovery+</a>, <a href=""https://matchroom.live/sports/snooker"">Matchroom</a>, <a href=""https://www.huya.com/880214"">Huya</a> & <a href=""https://www.wst.tv/news/2024/september/29/how-to-watch-the-wuhan-open/"">more</a>",12,1467,"main"
2007,"Asia Pacific Q Tour Event 4: Bob Hawke AC Australian Open","2024-10-10","2024-10-13","",2024,"Ranking",0,"Mounties","Mount Pritchard","Australia","snooker",2007,"Both","O","https://absc.com.au/result-detail?2024/bob-hawke-ac-memorial-australian-open-snooker-championship-2024","qtour","F","APQT","Asia Pacific Q Tour 4",0,"QTR",0,FALSE,1,"","QTour",1,TRUE,"",91,0,0,90,"","",521,1568,"q"
1835,"Northern Ireland Open","2024-10-20","2024-10-27","BetVictor",2024,"Ranking",0,"Waterfront Hall","Belfast","Northern Ireland","snooker",1835,"Both","O","https://www.wst.tv/matches/a4cfd3cf-6880-45b4-bf88-457d7b4b72a6","Home Nations Series","F","NIO","",0,"WR",6409,FALSE,1,"","NorthernIrelandOpen",1,TRUE,"",128,0,0,63,"","Eurosport/<a href=""https://www.discoveryplus.com/"">Discovery+</a>, <a href=""https://matchroom.live/sports/snooker"">Matchroom</a>, <a href=""https://www.huya.com/880214"">Huya</a> & <a href=""https://www.wst.tv/news/2024/october/12/how-to-watch-the-betvictor-northern-ireland-open/"">more</a>",12,1450,"main"
1940,"Scottish Open Qualifiers","2024-10-28","2024-10-30","",2024,"Qualifying",0,"Ponds Forge International Sports Centre","Sheffield","England","snooker",1836,"Both","O","","Home Nations Series","Q","SO","",0,"WR",0,FALSE,1,"","ScottishOpen",1,TRUE,"",0,0,0,64,"","<a href=""https://www.discoveryplus.com/"">Discovery+</a>, <a href=""https://matchroom.live/sports/snooker"">Matchroom</a>, <a href=""https://www.huya.com/880214"">Huya</a> & <a href=""https://www.wst.tv/news/2024/october/25/how-to-watch-the-betvictor-scottish-open-qualifiers/"">more</a>",0,0,"main"
1846,"International Championship","2024-11-03","2024-11-10","",2024,"Ranking",0,"SNC National Fitness Center","Nanjing","China","snooker",1846,"Both","O","","international","F","IC","",0,"WR",6408,FALSE,1,"","InternationalChampionship",1,TRUE,"",128,0,0,63,"","Eurosport/<a href=""https://www.discoveryplus.com/"">Discovery+</a>, <a href=""https://matchroom.live/sports/snooker"">Matchroom</a>, <a href=""https://www.huya.com/880214"">Huya</a> & <a href=""https://www.wst.tv/news/2024/october/30/how-to-watch-the-international-championship/"">more</a>",81,1468,"main"
2046,"Q Tour 4","2024-11-07","2024-11-10","",2024,"Ranking",4,"Club 200","Manchester","England","snooker",2046,"Both","O","https://snookerscores.net/tournament-manager/202425-q-tour-event-four","qtour","F","QT","",0,"QTR",0,FALSE,1,"","QTour",1,TRUE,"",156,0,0,155,"","",0,0,"q"
1935,"Champion of Champions","2024-11-11","2024-11-17","Grosvenor Casinos",2024,"Invitational",0,"Toughsheet Community Stadium","Bolton","England","snooker",1935,"Both","O","https://championofchampionssnooker.co.uk/","cc","F","COC","",0,"",6420,FALSE,1,"ChampOfChamps","ChampionOfChampions",1,TRUE,"",16,0,0,15,"","<a href=""https://www.itv.com/watch?channel=itv4"">ITV</a>, <a href=""https://matchroom.live/"">Matchroom</a>, <a href=""https://www.huya.com/880214"">Huya</a> & <a href=""https://championofchampionssnooker.co.uk/watch/"">more</a>",202,1447,"main"
1934,"UK Championship Qualifiers","2024-11-16","2024-11-21","",2024,"Qualifying",0,"Mattioli Arena","Leicester","England","snooker",1837,"Both","O","","uk","Q","UK","",0,"WR",0,FALSE,1,"","UKChampionship",1,TRUE,"",0,0,0,112,"","Eurosport/<a href=""https://www.discoveryplus.com/"">Discovery+</a>, <a href=""https://matchroom.live/sports/snooker"">Matchroom</a>, <a href=""https://www.huya.com/880214"">Huya</a> & <a href=""https://www.wst.tv/news/2024/november/05/watch-uk-championship-qualifying-rounds-live-online/"">more</a>",0,0,"main"
2116,"Women's Masters Group B","2024-11-22","2024-11-23","",2024,"Ranking",2,"Frames Sports Bar","London","England","snooker",2099,"Women","O","https://snookerscores.net/tournament-manager/2024-womens-masters/group/B","","Q","WM","",0,"WWR",0,FALSE,3,"","WomensSnooker",1,TRUE,"",0,0,0,6,"","",0,0,"women"
2117,"Women's Masters Group A","2024-11-22","2024-11-23","",2024,"Ranking",1,"Frames Sports Bar","London","England","snooker",2099,"Women","O","https://snookerscores.net/tournament-manager/2024-womens-masters/group/A","","Q","WM","",0,"WWR",0,FALSE,3,"","WomensSnooker",1,TRUE,"",0,0,0,6,"","",0,1465,"women"
2118,"Women's Masters Group C","2024-11-22","2024-11-23","",2024,"Ranking",3,"Frames Sports Bar","London","England","snooker",2099,"Women","O","https://snookerscores.net/tournament-manager/2024-womens-masters/group/C","","Q","WM","",0,"WWR",0,FALSE,3,"","WomensSnooker",1,TRUE,"",0,0,0,6,"","",0,0,"women"
2119,"Women's Masters Group D","2024-11-22","2024-11-23","",2024,"Ranking",4,"Frames Sports Bar","London","England","snooker",2099,"Women","O","https://snookerscores.net/tournament-manager/2024-womens-masters/group/D","","Q","WM","",0,"WWR",0,FALSE,3,"","WomensSnooker",1,TRUE,"",0,0,0,6,"","",0,0,"women"
2120,"Women's Masters Group E","2024-11-22","2024-11-23","",2024,"Ranking",5,"Frames Sports Bar","London","England","snooker",2099,"Women","O","https://snookerscores.net/tournament-manager/2024-womens-masters/group/E","","Q","WM","",0,"WWR",0,FALSE,3,"","WomensSnooker",1,TRUE,"",0,0,0,6,"","",0,0,"women"
2121,"Women's Masters Group F","2024-11-22","2024-11-23","",2024,"Ranking",6,"Frames Sports Bar","London","England","snooker",2099,"Women","O","https://snookerscores.net/tournament-manager/2024-womens-masters/group/F","","Q","WM","",0,"WWR",0,FALSE,3,"","WomensSnooker",1,TRUE,"",0,0,0,6,"","",0,0,"women"
2122,"Women's Masters Group G","2024-11-22","2024-11-23","",2024,"Ranking",7,"Frames Sports Bar","London","England","snooker",2099,"Women","O","https://snookerscores.net/tournament-manager/2024-womens-masters/group/G","","Q","WM","",0,"WWR",0,FALSE,3,"","WomensSnooker",1,TRUE,"",0,0,0,6,"","",0,0,"women"
2123,"Women's Masters Group H","2024-11-22","2024-11-23","",2024,"Ranking",8,"Frames Sports Bar","London","England","snooker",2099,"Women","O","https://snookerscores.net/tournament-manager/2024-womens-masters/group/H","","Q","WM","",0,"WWR",0,FALSE,3,"","WomensSnooker",1,TRUE,"",0,0,0,6,"","",0,0,"women"
2124,"Women's Masters Group I","2024-11-22","2024-11-23","",2024,"Ranking",9,"Frames Sports Bar","London","England","snooker",2099,"Women","O","https://snookerscores.net/tournament-manager/2024-womens-masters/group/I","","Q","WM","",0,"WWR",0,FALSE,3,"","WomensSnooker",1,TRUE,"",0,0,0,6,"","",0,0,"women"
2099,"Women's Masters","2024-11-22","2024-11-24","",2024,"Ranking",0,"Frames Sports Bar","London","England","snooker",2099,"Women","O","","","F","WM","",0,"WWR",0,FALSE,1,"","WomensMasters",1,TRUE,"",39,0,0,20,"","",2788,1465,"women"
1837,"UK Championship","2024-11-23","2024-12-01","Victorian Plumbing",2024,"Ranking",0,"Barbican Centre","York","England","snooker",1837,"Both","O","","uk","F","UK","",0,"WR",6410,FALSE,1,"","UKChampionship",1,TRUE,"",144,0,0,31,"","<a href=""http://www.bbc.co.uk/iplayer"">BBC</a>, Eurosport/<a href=""https://www.discoveryplus.com/"">Discovery+</a>, <a href=""https://www.huya.com/880214"">Huya</a> & <a href=""https://www.wst.tv/news/2024/november/18/how-to-watch-the-victorian-plumbing-uk-championship-/"">more</a>",5,1451,"main"
1943,"Shoot Out","2024-12-04","2024-12-07","9Club",2024,"Ranking",0,"Mattioli Arena","Leicester","England","snooker",1943,"Both","O","https://www.wst.tv/matches/c1720624-3648-4900-8e3d-4021e355df0b","","F","ShootOut","",0,"WR",0,FALSE,1,"","SnookerShootOut",1,TRUE,"",128,0,0,127,"","Eurosport/<a href=""https://www.discoveryplus.com/"">Discovery+</a>, <a href=""https://matchroom.live/sports/snooker"">Matchroom</a>, <a href=""https://www.huya.com/880214"">Huya</a> & <a href=""https://www.wst.tv/news/2024/december/03/how-to-watch-the-9club-shoot-out/"">more</a>",202,1452,"main"
1836,"Scottish Open","2024-12-09","2024-12-15","BetVictor",2024,"Ranking",0,"Meadowbank Sports Centre","Edinburgh","Scotland","snooker",1836,"Both","O","","Home Nations Series","F","SO","",0,"WR",6411,FALSE,1,"","ScottishOpen",1,TRUE,"",128,0,0,63,"","Eurosport/<a href=""https://www.discoveryplus.com/"">Discovery+</a>, <a href=""https://matchroom.live/sports/snooker"">Matchroom</a>, <a href=""https://www.huya.com/880214"">Huya</a> & <a href=""https://www.wst.tv/news/2024/december/05/how-to-watch-the-betvictor-scottish-open/"">more</a>",546,1453,"main"
2047,"Q Tour 5","2024-12-13","2024-12-15","",2024,"Ranking",5,"National Training Academy","Vienna","Austria","snooker",2047,"Both","O","https://snookerscores.net/tournament-manager/202425-q-tour-event-five","qtour","F","QT","",0,"QTR",0,FALSE,1,"","QTour",1,TRUE,"",103,0,0,102,"","",0,0,"q"
2074,"Americas Q Tour 2","2024-12-13","2024-12-15","",2024,"Ranking",0,"Arizona Snooker Academy","Chandler","USA","snooker",2074,"Both","O","https://wpbsa.com/wpbsa-q-tour-americas-expansion-announced-for-2024-25/","qtour","F","","",0,"QTR",0,FALSE,3,"","QTour",1,TRUE,"",20,0,0,19,"","",0,0,"q"
1933,"German Masters Qualifiers","2024-12-16","2024-12-19","",2024,"Qualifying",0,"Ponds Forge International Sports Centre","Sheffield","England","snooker",1838,"Both","O","","german","Q","GM","",0,"WR",0,FALSE,1,"","GermanMasters",1,TRUE,"",0,0,0,64,"","<a href=""https://www.discoveryplus.com/"">Discovery+</a>, <a href=""https://matchroom.live/sports/snooker"">Matchroom</a>, <a href=""https://www.huya.com/880214"">Huya</a> & <a href=""https://www.wst.tv/news/2024/october/25/how-to-watch-the-betvictor-scottish-open-qualifiers/"">more</a>",0,0,"main"
2107,"Snooker Championship","2024-12-18","2024-12-20","Riyadh Season",2024,"Invitational",0,"Unknown","Boulevard City, Riyadh","Saudi Arabia","snooker",2107,"Both","O","","","F","SWM","",0,"",0,FALSE,1,"","",1,TRUE,"",12,0,0,11,"A 20-point golden ball is used and can only be potted after a 147 break.. <a href=""https://www.wst.tv/news/2024/february/19/wilson-turns-up-the-heat-in-saudi-race/"" title=""more"">News</a>","<a href=""https://www.dazn.com/en-GB/sport/Sport:8aw76xpiqobahbt3moex1tf76"">DAZN</a>, <a href=""https://www.huya.com/880214"">Huya</a> & <a href=""https://www.wst.tv/news/2024/december/17/dazn-to-broadcast-riyadh-season-snooker-championship-worldwide-and-for-free/"">more</a>",5,1761,"main"
1843,"World Open Qualifiers","2024-12-20","2024-12-22","",2024,"Qualifying",0,"Ponds Forge International Sports Centre","Sheffield","England","snooker",1842,"Both","O","","hwo","Q","","",0,"WR",0,FALSE,1,"","WorldOpen",1,TRUE,"",0,0,0,64,"","Eurosport/TNT Sports/<a href=""https://www.discoveryplus.com/"">Discovery+</a>, <a href=""https://www.wst.tv/videos"">WST Play</a>, <a href=""https://www.huya.com/880214"">Huya</a> & <a href=""https://www.wst.tv/news/2025/february/19/How-To-Watch-The-Weide-Cup-World-Open/"">more</a>",0,0,"main"
2109,"Championship League - Group 1","2025-01-03","2025-01-04","",2024,"Invitational",1,"Mattioli Arena","Leicester","England","snooker",2108,"Both","O","https://www.wst.tv/matches/392416f8-21e2-4121-a668-0e775fbaf371","","Q","CL","",0,"",0,FALSE,3,"CLSnooker","ChampionshipLeague",1,TRUE,"",0,0,0,24,"","YouTube (<a href=""https://youtube.com/@MatchroomPool1/streams"">table 1</a> / <a href=""https://youtube.com/@MatchroomMultiSport/streams"">table 2</a>) & <a href=""https://championshipleaguesnooker.co.uk/watch/"">more</a>",0,0,"main"
2110,"Championship League - Group 2","2025-01-06","2025-01-07","",2024,"Invitational",2,"Mattioli Arena","Leicester","England","snooker",2108,"Both","O","https://www.wst.tv/matches/876a2260-af33-4480-a21a-a71f1ed5e659","","Q","CL","",0,"",0,FALSE,3,"CLSnooker","ChampionshipLeague",1,TRUE,"",0,0,0,24,"","YouTube (<a href=""https://youtube.com/@MatchroomPool1/streams"">table 1</a> / <a href=""https://youtube.com/@MatchroomMultiSport/streams"">table 2</a>) & <a href=""https://championshipleaguesnooker.co.uk/watch/"">more</a>",0,0,"main"
2111,"Championship League - Group 3","2025-01-08","2025-01-09","",2024,"Invitational",3,"Mattioli Arena","Leicester","England","snooker",2108,"Both","O","https://www.wst.tv/matches/876a2260-af33-4480-a21a-a71f1ed5e659","","Q","CL","",0,"",0,FALSE,3,"CLSnooker","ChampionshipLeague",1,TRUE,"",0,0,0,24,"","YouTube (<a href=""https://youtube.com/@MatchroomPool1/streams"">table 1</a> / <a href=""https://youtube.com/@MatchroomMultiSport/streams"">table 2</a>) & <a href=""https://championshipleaguesnooker.co.uk/watch/"">more</a>",0,0,"main"
2112,"Championship League - Group 4","2025-01-10","2025-01-11","",2024,"Invitational",4,"Mattioli Arena","Leicester","England","snooker",2108,"Both","O","https://www.wst.tv/matches/876a2260-af33-4480-a21a-a71f1ed5e659","","Q","CL","",0,"",0,FALSE,3,"CLSnooker","ChampionshipLeague",1,TRUE,"",0,0,0,24,"","YouTube (<a href=""https://youtube.com/@MatchroomPool1/streams"">table 1</a> / <a href=""https://youtube.com/@MatchroomMultiSport/streams"">table 2</a>) & <a href=""https://championshipleaguesnooker.co.uk/watch/"">more</a>",0,0,"main"
2048,"Q Tour 6","2025-01-10","2025-01-12","",2024,"Ranking",6,"Delta Moon","Mons","Belgium","snooker",2048,"Both","O","https://snookerscores.net/tournament-manager/202425-q-tour-event-six","qtour","F","QT","",0,"QTR",0,FALSE,1,"","QTour",1,TRUE,"",87,0,0,86,"Formerly announced to be held in Zurich (CH)","",0,0,"q"
1760,"Masters","2025-01-12","2025-01-19","Johnstone's Paint",2024,"Invitational",0,"Alexandra Palace","London","England","snooker",1760,"Both","O","https://www.wst.tv/matches/63fc406c-916d-4792-aee9-ca02d3a9cc32?","masters","F","Masters","",0,"",6430,FALSE,1,"","MastersSnooker",1,TRUE,"",16,0,0,15,"","<a href=""http://www.bbc.co.uk/iplayer"">BBC</a>, Eurosport/<a href=""https://www.discoveryplus.com/en/sport/snooker"">Discovery+</a> and <a href=""https://www.wst.tv/news/2025/january/08/how-to-watch-the-johnstone-s-paint-masters/"">more</a>",5,1454,"main"
2125,"Middle East Q Tour 3","2025-01-17","2025-01-19","",2024,"Ranking",0,"Cue Sports Academy","Abu Dhabi","UAE","snooker",2125,"Both","O","https://snookerscores.net/tournament-manager/20242025-q-tour-middle-east-event-3-saudi-arabia","qtour","F","","",0,"QTR",0,FALSE,1,"","QTour",1,TRUE,"",25,0,0,24,"","",0,0,"q"
2075,"Americas Q Tour 3","2025-01-18","2025-01-19","",2024,"Ranking",0,"The Corner Bank","Toronto","Canada","snooker",2075,"Both","O","https://wpbsa.com/wpbsa-q-tour-americas-expansion-announced-for-2024-25/","qtour","F","","",0,"QTR",0,FALSE,1,"","QTour",1,TRUE,"",16,0,0,15,"","",0,0,"q"
2127,"WSF Junior Championship - Group A","2025-01-18","2025-01-20","",2024,"Amateur",1,"Radisson Blu Resort","Saidia","Morocco","snooker",2093,"Both","U19","https://snookerscores.net/tournament-manager/2025-wsf-junior-championship","wsf","Q","","WSF Junior - A",0,"",0,FALSE,2,"","WSF2025",1,TRUE,"",0,0,0,10,"","",0,0,"wsf"
2128,"WSF Junior Championship - Group B","2025-01-18","2025-01-20","",2024,"Amateur",2,"Radisson Blu Resort","Saidia","Morocco","snooker",2093,"Both","U19","https://snookerscores.net/tournament-manager/2025-wsf-junior-championship/group/B","wsf","Q","","WSF Junior - B",0,"",0,FALSE,2,"","WSF2025",1,TRUE,"",0,0,0,10,"","",0,0,"wsf"
2129,"WSF Junior Championship - Group C","2025-01-18","2025-01-20","",2024,"Amateur",3,"Radisson Blu Resort","Saidia","Morocco","snooker",2093,"Both","U19","https://snookerscores.net/tournament-manager/2025-wsf-junior-championship/group/C","wsf","Q","","WSF Junior - C",0,"",0,FALSE,2,"","WSF2025",1,TRUE,"",0,0,0,10,"","",0,0,"wsf"
2130,"WSF Junior Championship - Group D","2025-01-18","2025-01-20","",2024,"Amateur",4,"Radisson Blu Resort","Saidia","Morocco","snooker",2093,"Both","U19","https://snookerscores.net/tournament-manager/2025-wsf-junior-championship/group/D","wsf","Q","","WSF Junior - D",0,"",0,FALSE,2,"","WSF2025",1,TRUE,"",0,0,0,6,"","",0,0,"wsf"
2131,"WSF Junior Championship - Group E","2025-01-18","2025-01-20","",2024,"Amateur",5,"Radisson Blu Resort","Saidia","Morocco","snooker",2093,"Both","U19","https://snookerscores.net/tournament-manager/2025-wsf-junior-championship","wsf","Q","","WSF Junior - E",0,"",0,FALSE,2,"","WSF2025",1,TRUE,"",0,0,0,6,"","",0,0,"wsf"
2132,"WSF Junior Championship - Group F","2025-01-18","2025-01-20","",2024,"Amateur",6,"Radisson Blu Resort","Saidia","Morocco","snooker",2093,"Both","U19","https://snookerscores.net/tournament-manager/2025-wsf-junior-championship","wsf","Q","","WSF Junior - F",0,"",0,FALSE,2,"","WSF2025",1,TRUE,"",0,0,0,10,"","",0,0,"wsf"
2133,"WSF Junior Championship - Group G","2025-01-18","2025-01-20","",2024,"Amateur",7,"Radisson Blu Resort","Saidia","Morocco","snooker",2093,"Both","U19","https://snookerscores.net/tournament-manager/2025-wsf-junior-championship","wsf","Q","","WSF Junior - G",0,"",0,FALSE,2,"","WSF2025",1,TRUE,"",0,0,0,6,"","",0,0,"wsf"
2134,"WSF Junior Championship - Group H","2025-01-18","2025-01-20","",2024,"Amateur",8,"Radisson Blu Resort","Saidia","Morocco","snooker",2093,"Both","U19","https://snookerscores.net/tournament-manager/2025-wsf-junior-championship","wsf","Q","","WSF Junior - H",0,"",0,FALSE,2,"","WSF2025",1,TRUE,"",0,0,0,10,"","",0,0,"wsf"
2149,"WSF Junior Championship - Group I","2025-01-18","2025-01-20","",2024,"Amateur",9,"Radisson Blu Resort","Saidia","Morocco","snooker",2093,"Both","U19","https://snookerscores.net/tournament-manager/2025-wsf-junior-championship","wsf","Q","","WSF Junior - I",0,"",0,FALSE,2,"","WSF2025",1,TRUE,"",0,0,0,10,"","",0,0,"wsf"
2150,"WSF Junior Championship - Group J","2025-01-18","2025-01-20","",2024,"Amateur",10,"Radisson Blu Resort","Saidia","Morocco","snooker",2093,"Both","U19","https://snookerscores.net/tournament-manager/2025-wsf-junior-championship","wsf","Q","","WSF Junior - J",0,"",0,FALSE,2,"","WSF2025",1,TRUE,"",0,0,0,10,"","",0,0,"wsf"
2151,"WSF Junior Championship - Group K","2025-01-18","2025-01-20","",2024,"Amateur",11,"Radisson Blu Resort","Saidia","Morocco","snooker",2093,"Both","U19","https://snookerscores.net/tournament-manager/2025-wsf-junior-championship","wsf","Q","","WSF Junior - K",0,"",0,FALSE,2,"","WSF2025",1,TRUE,"",0,0,0,10,"","",0,0,"wsf"
2152,"WSF Junior Championship - Group L","2025-01-18","2025-01-20","",2024,"Amateur",12,"Radisson Blu Resort","Saidia","Morocco","snooker",2093,"Both","U19","https://snookerscores.net/tournament-manager/2025-wsf-junior-championship","wsf","Q","","WSF Junior - L",0,"",0,FALSE,2,"","WSF2025",1,TRUE,"",0,0,0,10,"","",0,0,"wsf"
2153,"WSF Women's Championship - Group A","2025-01-18","2025-01-20","",2024,"Ranking",1,"Radisson Blu Resort","Saidia","Morocco","snooker",2126,"Women","O","https://snookerscores.net/tournament-manager/2025-wsf-womens-championship/group/A","wsf","Q","WSFW","WSF Women's - A",0,"",0,FALSE,3,"","WSF2025",1,TRUE,"",0,0,0,6,"","<a href=""https://www.youtube.com/@WPBSA/streams"">YouTube</a>",0,1621,"women"
2154,"WSF Women's Championship - Group B","2025-01-18","2025-01-20","",2024,"Ranking",2,"Radisson Blu Resort","Saidia","Morocco","snooker",2126,"Women","O","https://snookerscores.net/tournament-manager/2025-wsf-womens-championship/group/B","wsf","Q","WSFW","WSF Women's - B",0,"",0,FALSE,3,"","WSF2025",1,TRUE,"",0,0,0,6,"","<a href=""https://www.youtube.com/@WPBSA/streams"">YouTube</a>",0,1621,"women"
2155,"WSF Women's Championship - Group C","2025-01-18","2025-01-20","",2024,"Ranking",3,"Radisson Blu Resort","Saidia","Morocco","snooker",2126,"Women","O","https://snookerscores.net/tournament-manager/2025-wsf-womens-championship/group/C","wsf","Q","WSFW","WSF Women's - C",0,"",0,FALSE,3,"","WSF2025",1,TRUE,"",0,0,0,6,"","<a href=""https://www.youtube.com/@WPBSA/streams"">YouTube</a>",0,1621,"women"
2156,"WSF Women's Championship - Group D","2025-01-18","2025-01-20","",2024,"Ranking",4,"Radisson Blu Resort","Saidia","Morocco","snooker",2126,"Women","O","https://snookerscores.net/tournament-manager/2025-wsf-womens-championship/group/D","wsf","Q","WSFW","WSF Women's - D",0,"",0,FALSE,3,"","WSF2025",1,TRUE,"",0,0,0,6,"","<a href=""https://www.youtube.com/@WPBSA/streams"">YouTube</a>",0,1621,"women"
2093,"WSF Junior Championship","2025-01-18","2025-01-23","",2024,"Amateur",0,"Radisson Blu Resort","Saidia","Morocco","snooker",2093,"Both","U19","https://snookerscores.net/tournament-manager/2025-wsf-championship","wsf","F","WSFJ","WSF Junior",0,"",0,FALSE,3,"","WSF2025",1,TRUE,"",57,0,0,23,"","<a href=""https://www.youtube.com/@WPBSA/streams"">YouTube</a>",2655,1814,"wsf"
2126,"WSF Women's Championship","2025-01-18","2025-01-23","",2024,"Ranking",0,"Radisson Blu Resort","Saidia","Morocco","snooker",2126,"Women","O","https://snookerscores.net/tournament-manager/2025-wsf-womens-championship","wsf","F","WSFW","WSF Women's",0,"",0,FALSE,3,"","WSF2025",1,TRUE,"",16,0,0,7,"","<a href=""https://www.youtube.com/@WPBSA/streams"">YouTube</a>",1485,1621,"women"
2113,"Championship League - Group 5","2025-01-20","2025-01-21","",2024,"Invitational",5,"Mattioli Arena","Leicester","England","snooker",2108,"Both","O","https://www.wst.tv/matches/14bf7b10-1973-4531-84dc-6e58e698cc30","","Q","CL","",0,"",0,FALSE,3,"CLSnooker","ChampionshipLeague",1,TRUE,"",0,0,0,24,"","YouTube (<a href=""https://youtube.com/@MatchroomPool1/streams"">table 1</a> / <a href=""https://youtube.com/@MatchroomMultiSport/streams"">table 2</a>) & <a href=""https://championshipleaguesnooker.co.uk/watch/"">more</a>",0,0,"main"
2114,"Championship League - Group 6","2025-01-22","2025-01-23","",2024,"Invitational",6,"Mattioli Arena","Leicester","England","snooker",2108,"Both","O","https://www.wst.tv/matches/14bf7b10-1973-4531-84dc-6e58e698cc30","","Q","CL","",0,"",0,FALSE,3,"CLSnooker","ChampionshipLeague",1,TRUE,"",0,0,0,24,"","YouTube (<a href=""https://youtube.com/@MatchroomPool1/streams"">table 1</a> / <a href=""https://youtube.com/@MatchroomMultiSport/streams"">table 2</a>) & <a href=""https://championshipleaguesnooker.co.uk/watch/"">more</a>",0,0,"main"
2115,"Championship League - Group 7","2025-01-24","2025-01-25","",2024,"Invitational",7,"Mattioli Arena","Leicester","England","snooker",2108,"Both","O","https://www.wst.tv/matches/14bf7b10-1973-4531-84dc-6e58e698cc30","","Q","CL","",0,"",0,FALSE,3,"CLSnooker","ChampionshipLeague",1,TRUE,"",0,0,0,24,"","YouTube (<a href=""https://youtube.com/@MatchroomPool1/streams"">table 1</a> / <a href=""https://youtube.com/@MatchroomMultiSport/streams"">table 2</a>) & <a href=""https://championshipleaguesnooker.co.uk/watch/"">more</a>",0,0,"main"
2008,"Asia Pacific Q Tour Event 5: Queensland Open","2025-01-24","2025-01-27","",2024,"Ranking",0,"Redcliffe Snooker Club","Redcliffe","Australia","snooker",2008,"Both","O","https://absc.com.au/result-detail?2025/dr-clem-jones-ao-qld-open-snooker-championship-2025","qtour","F","APQT","Asia Pacific Q Tour 5",0,"QTR",0,FALSE,1,"","QTour",1,TRUE,"",66,0,0,65,"a.k.a. Dr Clem Jones AO Queensland Australian Open Snooker Championship","",521,1769,"q"
2137,"WSF Championship - Group A","2025-01-24","2025-01-27","",2024,"Amateur",1,"Radisson Blu Resort","Saidia","Morocco","snooker",2086,"Both","O","https://snookerscores.net/tournament-manager/2025-wsf-championship","wsf","Q","","WSF Championship - A",0,"",0,FALSE,2,"","WSF2025",1,TRUE,"",0,0,0,10,"","<a href=""https://www.youtube.com/@WPBSA/streams"">YouTube</a>",0,0,"wsf"
2138,"WSF Championship - Group B","2025-01-24","2025-01-27","",2024,"Amateur",2,"Radisson Blu Resort","Saidia","Morocco","snooker",2086,"Both","O","https://snookerscores.net/tournament-manager/2025-wsf-championship","wsf","Q","","WSF Championship - B",0,"",0,FALSE,2,"","WSF2025",1,TRUE,"",0,0,0,10,"","<a href=""https://www.youtube.com/@WPBSA/streams"">YouTube</a>",0,0,"wsf"
2139,"WSF Championship - Group C","2025-01-24","2025-01-27","",2024,"Amateur",3,"Radisson Blu Resort","Saidia","Morocco","snooker",2086,"Both","O","https://snookerscores.net/tournament-manager/2025-wsf-championship","wsf","Q","","WSF Championship - C",0,"",0,FALSE,2,"","WSF2025",1,TRUE,"",0,0,0,10,"","<a href=""https://www.youtube.com/@WPBSA/streams"">YouTube</a>",0,0,"wsf"
2140,"WSF Championship - Group D","2025-01-24","2025-01-27","",2024,"Amateur",4,"Radisson Blu Resort","Saidia","Morocco","snooker",2086,"Both","O","https://snookerscores.net/tournament-manager/2025-wsf-championship","wsf","Q","","WSF Championship - D",0,"",0,FALSE,2,"","WSF2025",1,TRUE,"",0,0,0,6,"","<a href=""https://www.youtube.com/@WPBSA/streams"">YouTube</a>",0,0,"wsf"
2141,"WSF Championship - Group E","2025-01-24","2025-01-27","",2024,"Amateur",5,"Radisson Blu Resort","Saidia","Morocco","snooker",2086,"Both","O","https://snookerscores.net/tournament-manager/2025-wsf-championship","wsf","Q","","WSF Championship - E",0,"",0,FALSE,2,"","WSF2025",1,TRUE,"",0,0,0,10,"","<a href=""https://www.youtube.com/@WPBSA/streams"">YouTube</a>",0,0,"wsf"
2142,"WSF Championship - Group F","2025-01-24","2025-01-27","",2024,"Amateur",6,"Radisson Blu Resort","Saidia","Morocco","snooker",2086,"Both","O","https://snookerscores.net/tournament-manager/2025-wsf-championship","wsf","Q","","WSF Championship - F",0,"",0,FALSE,2,"","WSF2025",1,TRUE,"",0,0,0,10,"","<a href=""https://www.youtube.com/@WPBSA/streams"">YouTube</a>",0,0,"wsf"
2143,"WSF Championship - Group G","2025-01-24","2025-01-27","",2024,"Amateur",7,"Radisson Blu Resort","Saidia","Morocco","snooker",2086,"Both","O","https://snookerscores.net/tournament-manager/2025-wsf-championship","wsf","Q","","WSF Championship - G",0,"",0,FALSE,2,"","WSF2025",1,TRUE,"",0,0,0,10,"","<a href=""https://www.youtube.com/@WPBSA/streams"">YouTube</a>",0,0,"wsf"
2144,"WSF Championship - Group H","2025-01-24","2025-01-27","",2024,"Amateur",8,"Radisson Blu Resort","Saidia","Morocco","snooker",2086,"Both","O","https://snookerscores.net/tournament-manager/2025-wsf-championship","wsf","Q","","WSF Championship - H",0,"",0,FALSE,2,"","WSF2025",1,TRUE,"",0,0,0,10,"","<a href=""https://www.youtube.com/@WPBSA/streams"">YouTube</a>",0,0,"wsf"
2145,"WSF Championship - Group I","2025-01-24","2025-01-27","",2024,"Amateur",9,"Radisson Blu Resort","Saidia","Morocco","snooker",2086,"Both","O","https://snookerscores.net/tournament-manager/2025-wsf-championship","wsf","Q","","WSF Championship - I",0,"",0,FALSE,2,"","WSF2025",1,TRUE,"",0,0,0,10,"","<a href=""https://www.youtube.com/@WPBSA/streams"">YouTube</a>",0,0,"wsf"
2146,"WSF Championship - Group J","2025-01-24","2025-01-27","",2024,"Amateur",10,"Radisson Blu Resort","Saidia","Morocco","snooker",2086,"Both","O","https://snookerscores.net/tournament-manager/2025-wsf-championship","wsf","Q","","WSF Championship - J",0,"",0,FALSE,2,"","WSF2025",1,TRUE,"",0,0,0,10,"","<a href=""https://www.youtube.com/@WPBSA/streams"">YouTube</a>",0,0,"wsf"
2147,"WSF Championship - Group K","2025-01-24","2025-01-27","",2024,"Amateur",11,"Radisson Blu Resort","Saidia","Morocco","snooker",2086,"Both","O","https://snookerscores.net/tournament-manager/2025-wsf-championship","wsf","Q","","WSF Championship - K",0,"",0,FALSE,2,"","WSF2025",1,TRUE,"",0,0,0,10,"","<a href=""https://www.youtube.com/@WPBSA/streams"">YouTube</a>",0,0,"wsf"
2148,"WSF Championship - Group L","2025-01-24","2025-01-27","",2024,"Amateur",12,"Radisson Blu Resort","Saidia","Morocco","snooker",2086,"Both","O","https://snookerscores.net/tournament-manager/2025-wsf-championship","wsf","Q","","WSF Championship - L",0,"",0,FALSE,2,"","WSF2025",1,TRUE,"",0,0,0,6,"","<a href=""https://www.youtube.com/@WPBSA/streams"">YouTube</a>",0,0,"wsf"
2157,"WSF Championship - Group M","2025-01-24","2025-01-27","",2024,"Amateur",13,"Radisson Blu Resort","Saidia","Morocco","snooker",2086,"Both","O","https://snookerscores.net/tournament-manager/2025-wsf-championship/group/M","wsf","Q","","WSF Championship - M",0,"",0,FALSE,2,"","WSF2025",1,TRUE,"",0,0,0,6,"","<a href=""https://www.youtube.com/@WPBSA/streams"">YouTube</a>",0,0,"wsf"
2158,"WSF Championship - Group N","2025-01-24","2025-01-27","",2024,"Amateur",14,"Radisson Blu Resort","Saidia","Morocco","snooker",2086,"Both","O","https://snookerscores.net/tournament-manager/2025-wsf-championship/group/N","wsf","Q","","WSF Championship - N",0,"",0,FALSE,2,"","WSF2025",1,TRUE,"",0,0,0,10,"","<a href=""https://www.youtube.com/@WPBSA/streams"">YouTube</a>",0,0,"wsf"
2159,"WSF Championship - Group O","2025-01-24","2025-01-27","",2024,"Amateur",15,"Radisson Blu Resort","Saidia","Morocco","snooker",2086,"Both","O","https://snookerscores.net/tournament-manager/2025-wsf-championship/group/O","wsf","Q","","WSF Championship - O",0,"",0,FALSE,2,"","WSF2025",1,TRUE,"",0,0,0,10,"","<a href=""https://www.youtube.com/@WPBSA/streams"">YouTube</a>",0,0,"wsf"
2160,"WSF Championship - Group P","2025-01-24","2025-01-27","",2024,"Amateur",16,"Radisson Blu Resort","Saidia","Morocco","snooker",2086,"Both","O","https://snookerscores.net/tournament-manager/2025-wsf-championship/group/P","wsf","Q","","WSF Championship - P",0,"",0,FALSE,2,"","WSF2025",1,TRUE,"",0,0,0,10,"","<a href=""https://www.youtube.com/@WPBSA/streams"">YouTube</a>",0,0,"wsf"
2161,"WSF Championship - Group Q","2025-01-24","2025-01-27","",2024,"Amateur",17,"Radisson Blu Resort","Saidia","Morocco","snooker",2086,"Both","O","https://snookerscores.net/tournament-manager/2025-wsf-championship/group/Q","wsf","Q","","WSF Championship - Q",0,"",0,FALSE,2,"","WSF2025",1,TRUE,"",0,0,0,10,"","<a href=""https://www.youtube.com/@WPBSA/streams"">YouTube</a>",0,0,"wsf"
2162,"WSF Championship - Group R","2025-01-24","2025-01-27","",2024,"Amateur",18,"Radisson Blu Resort","Saidia","Morocco","snooker",2086,"Both","O","https://snookerscores.net/tournament-manager/2025-wsf-championship/group/R","wsf","Q","","WSF Championship - R",0,"",0,FALSE,2,"","WSF2025",1,TRUE,"",0,0,0,6,"","<a href=""https://www.youtube.com/@WPBSA/streams"">YouTube</a>",0,0,"wsf"
2163,"WSF Championship - Group S","2025-01-24","2025-01-27","",2024,"Amateur",19,"Radisson Blu Resort","Saidia","Morocco","snooker",2086,"Both","O","https://snookerscores.net/tournament-manager/2025-wsf-championship/group/S","wsf","Q","","WSF Championship - S",0,"",0,FALSE,2,"","WSF2025",1,TRUE,"",0,0,0,10,"","<a href=""https://www.youtube.com/@WPBSA/streams"">YouTube</a>",0,0,"wsf"
2164,"WSF Championship - Group T","2025-01-24","2025-01-27","",2024,"Amateur",20,"Radisson Blu Resort","Saidia","Morocco","snooker",2086,"Both","O","https://snookerscores.net/tournament-manager/2025-wsf-championship/group/T","wsf","Q","","WSF Championship - T",0,"",0,FALSE,2,"","WSF2025",1,TRUE,"",0,0,0,10,"","<a href=""https://www.youtube.com/@WPBSA/streams"">YouTube</a>",0,0,"wsf"
2165,"WSF Championship - Group U","2025-01-24","2025-01-27","",2024,"Amateur",21,"Radisson Blu Resort","Saidia","Morocco","snooker",2086,"Both","O","https://snookerscores.net/tournament-manager/2025-wsf-championship/group/U","wsf","Q","","WSF Championship - U",0,"",0,FALSE,2,"","WSF2025",1,TRUE,"",0,0,0,10,"","<a href=""https://www.youtube.com/@WPBSA/streams"">YouTube</a>",0,0,"wsf"
2166,"WSF Championship - Group V","2025-01-24","2025-01-27","",2024,"Amateur",22,"Radisson Blu Resort","Saidia","Morocco","snooker",2086,"Both","O","https://snookerscores.net/tournament-manager/2025-wsf-championship/group/V","wsf","Q","","WSF Championship - V",0,"",0,FALSE,2,"","WSF2025",1,TRUE,"",0,0,0,10,"","<a href=""https://www.youtube.com/@WPBSA/streams"">YouTube</a>",0,0,"wsf"
2167,"WSF Championship - Group W","2025-01-24","2025-01-27","",2024,"Amateur",23,"Radisson Blu Resort","Saidia","Morocco","snooker",2086,"Both","O","https://snookerscores.net/tournament-manager/2025-wsf-championship/group/W","wsf","Q","","WSF Championship - W",0,"",0,FALSE,2,"","WSF2025",1,TRUE,"",0,0,0,10,"","<a href=""https://www.youtube.com/@WPBSA/streams"">YouTube</a>",0,0,"wsf"
2168,"WSF Championship - Group X","2025-01-24","2025-01-27","",2024,"Amateur",24,"Radisson Blu Resort","Saidia","Morocco","snooker",2086,"Both","O","https://snookerscores.net/tournament-manager/2025-wsf-championship/group/X","wsf","Q","","WSF Championship - X",0,"",0,FALSE,2,"","WSF2025",1,TRUE,"",0,0,0,10,"","<a href=""https://www.youtube.com/@WPBSA/streams"">YouTube</a>",0,0,"wsf"
2169,"WSF Championship - Group Y","2025-01-24","2025-01-27","",2024,"Amateur",25,"Radisson Blu Resort","Saidia","Morocco","snooker",2086,"Both","O","https://snookerscores.net/tournament-manager/2025-wsf-championship/group/Y","wsf","Q","","WSF Championship - Y",0,"",0,FALSE,2,"","WSF2025",1,TRUE,"",0,0,0,10,"","<a href=""https://www.youtube.com/@WPBSA/streams"">YouTube</a>",0,0,"wsf"
2170,"WSF Championship - Group Z","2025-01-24","2025-01-27","",2024,"Amateur",26,"Radisson Blu Resort","Saidia","Morocco","snooker",2086,"Both","O","https://snookerscores.net/tournament-manager/2025-wsf-championship/group/Z","wsf","Q","","WSF Championship - Z",0,"",0,FALSE,2,"","WSF2025",1,TRUE,"",0,0,0,10,"","<a href=""https://www.youtube.com/@WPBSA/streams"">YouTube</a>",0,0,"wsf"
2171,"WSF Championship - Group AA","2025-01-24","2025-01-27","",2024,"Amateur",27,"Radisson Blu Resort","Saidia","Morocco","snooker",2086,"Both","O","https://snookerscores.net/tournament-manager/2025-wsf-championship/group/AA","wsf","Q","","WSF Championship - AA",0,"",0,FALSE,2,"","WSF2025",1,TRUE,"",0,0,0,6,"","<a href=""https://www.youtube.com/@WPBSA/streams"">YouTube</a>",0,0,"wsf"
2172,"WSF Championship - Group AB","2025-01-24","2025-01-27","",2024,"Amateur",28,"Radisson Blu Resort","Saidia","Morocco","snooker",2086,"Both","O","https://snookerscores.net/tournament-manager/2025-wsf-championship/group/AB","wsf","Q","","WSF Championship - AB",0,"",0,FALSE,2,"","WSF2025",1,TRUE,"",0,0,0,10,"","<a href=""https://www.youtube.com/@WPBSA/streams"">YouTube</a>",0,0,"wsf"
2173,"WSF Championship - Group AC","2025-01-24","2025-01-27","",2024,"Amateur",29,"Radisson Blu Resort","Saidia","Morocco","snooker",2086,"Both","O","https://snookerscores.net/tournament-manager/2025-wsf-championship/group/AC","wsf","Q","","WSF Championship - AC",0,"",0,FALSE,2,"","WSF2025",1,TRUE,"",0,0,0,10,"","<a href=""https://www.youtube.com/@WPBSA/streams"">YouTube</a>",0,0,"wsf"
2174,"WSF Championship - Group AD","2025-01-24","2025-01-27","",2024,"Amateur",30,"Radisson Blu Resort","Saidia","Morocco","snooker",2086,"Both","O","https://snookerscores.net/tournament-manager/2025-wsf-championship/group/AD","wsf","Q","","WSF Championship - AD",0,"",0,FALSE,2,"","WSF2025",1,TRUE,"",0,0,0,10,"","<a href=""https://www.youtube.com/@WPBSA/streams"">YouTube</a>",0,0,"wsf"
2175,"WSF Championship - Group AE","2025-01-24","2025-01-27","",2024,"Amateur",31,"Radisson Blu Resort","Saidia","Morocco","snooker",2086,"Both","O","https://snookerscores.net/tournament-manager/2025-wsf-championship/group/AE","wsf","Q","","WSF Championship - AE",0,"",0,FALSE,2,"","WSF2025",1,TRUE,"",0,0,0,10,"","<a href=""https://www.youtube.com/@WPBSA/streams"">YouTube</a>",0,0,"wsf"
2176,"WSF Championship - Group AF","2025-01-24","2025-01-27","",2024,"Amateur",32,"Radisson Blu Resort","Saidia","Morocco","snooker",2086,"Both","O","https://snookerscores.net/tournament-manager/2025-wsf-championship/group/AF","wsf","Q","","WSF Championship - AF",0,"",0,FALSE,2,"","WSF2025",1,TRUE,"",0,0,0,10,"","<a href=""https://www.youtube.com/@WPBSA/streams"">YouTube</a>",0,0,"wsf"
2177,"WSF Championship - Group AG","2025-01-24","2025-01-27","",2024,"Amateur",33,"Radisson Blu Resort","Saidia","Morocco","snooker",2086,"Both","O","https://snookerscores.net/tournament-manager/2025-wsf-championship/group/AG","wsf","Q","","WSF Championship - AG",0,"",0,FALSE,2,"","WSF2025",1,TRUE,"",0,0,0,10,"","<a href=""https://www.youtube.com/@WPBSA/streams"">YouTube</a>",0,0,"wsf"
2178,"WSF Championship - Group AH","2025-01-24","2025-01-27","",2024,"Amateur",34,"Radisson Blu Resort","Saidia","Morocco","snooker",2086,"Both","O","https://snookerscores.net/tournament-manager/2025-wsf-championship/group/AH","wsf","Q","","WSF Championship - AH",0,"",0,FALSE,2,"","WSF2025",1,TRUE,"",0,0,0,10,"","<a href=""https://www.youtube.com/@WPBSA/streams"">YouTube</a>",0,0,"wsf"
2179,"WSF Championship - Group AI","2025-01-24","2025-01-27","",2024,"Amateur",35,"Radisson Blu Resort","Saidia","Morocco","snooker",2086,"Both","O","https://snookerscores.net/tournament-manager/2025-wsf-championship/group/AI","wsf","Q","","WSF Championship - AI",0,"",0,FALSE,2,"","WSF2025",1,TRUE,"",0,0,0,10,"","<a href=""https://www.youtube.com/@WPBSA/streams"">YouTube</a>",0,0,"wsf"
2086,"WSF Championship","2025-01-24","2025-02-01","",2024,"Amateur",0,"Radisson Blu Resort","Saidia","Morocco","snooker",2086,"Both","O","https://snookerscores.net/tournament-manager/2025-wsf-championship","wsf","F","WSF","WSF Championship",0,"",0,FALSE,3,"","WSF2025",1,TRUE,"https://www.facebook.com/media/set/?set=a.1194124728785976&type=3",170,0,0,69,"","<a href=""https://www.youtube.com/@WPBSA/streams"">YouTube</a>",1893,1770,"wsf"
1838,"German Masters","2025-01-27","2025-02-02","Machineseeker",2024,"Ranking",0,"Tempodrom","Berlin","Germany","snooker",1838,"Both","O","https://www.wst.tv/matches/335ef210-3845-482e-a42d-2b695a929c77","german","F","GM","",0,"WR",6412,FALSE,1,"","GermanMasters",1,TRUE,"",128,0,0,63,"","Eurosport/<a href=""https://www.discoveryplus.com/"">Discovery+</a>, <a href=""https://www.wst.tv/videos"">WST Play</a>, <a href=""https://www.huya.com/880214"">Huya</a> & <a href=""https://www.wst.tv/news/2025/january/22/how-to-watch-the-machineseeker-german-masters/"">more</a>",12,1455,"main"
2108,"Championship League - Winners' Group","2025-02-04","2025-02-05","",2024,"Invitational",0,"Mattioli Arena","Leicester","England","snooker",2108,"Both","O","https://championshipleaguesnooker.co.uk/invitational/","","F","CL","",0,"",0,FALSE,3,"CLSnooker","ChampionshipLeague",1,TRUE,"",27,0,0,24,"","YouTube (<a href=""https://youtube.com/@MatchroomPool1/streams"">table 1</a> / <a href=""https://youtube.com/@MatchroomMultiSport/streams"">table 2</a>) & <a href=""https://championshipleaguesnooker.co.uk/watch/"">more</a>",17,1481,"main"
2041,"Welsh Open Qualifiers","2025-02-04","2025-02-06","",2024,"Qualifying",0,"Barnsley Metrodome","Barnsley","England","snooker",1992,"Both","O","","Home Nations Series","Q","WO","",0,"WR",0,FALSE,1,"","WelshOpen",1,TRUE,"",0,0,0,64,"","<a href=""https://www.discoveryplus.com/"">Discovery+</a>, <a href=""https://www.wst.tv/videos"">WST Play</a>, <a href=""https://www.huya.com/880214"">Huya</a> & <a href=""https://www.wst.tv/news/2024/september/09/how-to-watch-the-2024-betvictor-english-open/"">more</a>",0,0,"main"
2101,"Belgian Women's Open Group A","2025-02-07","2025-02-08","",2024,"Ranking",1,"The Trickshot","Bruges","Belgium","snooker",2100,"Women","O","https://snookerscores.net/tournament-manager/2025-belgian-womens-open/group/A","","Q","","Belgian Women's - A",0,"WWR",0,FALSE,2,"","WomensSnooker",1,TRUE,"",0,0,0,6,"","",0,0,"women"
2105,"Belgian Women's Open Group B","2025-02-07","2025-02-08","",2024,"Ranking",2,"The Trickshot","Bruges","Belgium","snooker",2100,"Women","O","https://snookerscores.net/tournament-manager/2025-belgian-womens-open/group/B","","Q","","Belgian Women's - B",0,"WWR",0,FALSE,2,"","WomensSnooker",1,TRUE,"",0,0,0,6,"","",0,0,"women"
2196,"Belgian Women's Open Group C","2025-02-07","2025-02-08","",2024,"Ranking",3,"The Trickshot","Bruges","Belgium","snooker",2100,"Women","O","https://snookerscores.net/tournament-manager/2025-belgian-womens-open/group/C","","Q","","Belgian Women's - C",0,"WWR",0,FALSE,2,"","WomensSnooker",1,TRUE,"",0,0,0,6,"","",0,0,"women"
2197,"Belgian Women's Open Group D","2025-02-07","2025-02-08","",2024,"Ranking",4,"The Trickshot","Bruges","Belgium","snooker",2100,"Women","O","https://snookerscores.net/tournament-manager/2025-belgian-womens-open/group/D","","Q","","Belgian Women's - D",0,"WWR",0,FALSE,2,"","WomensSnooker",1,TRUE,"",0,0,0,6,"","",0,0,"women"
2198,"Belgian Women's Open Group E","2025-02-07","2025-02-08","",2024,"Ranking",5,"The Trickshot","Bruges","Belgium","snooker",2100,"Women","O","https://snookerscores.net/tournament-manager/2025-belgian-womens-open/group/E","","Q","","Belgian Women's - E",0,"WWR",0,FALSE,2,"","WomensSnooker",1,TRUE,"",0,0,0,6,"","",0,0,"women"
2199,"Belgian Women's Open Group F","2025-02-07","2025-02-08","",2024,"Ranking",6,"The Trickshot","Bruges","Belgium","snooker",2100,"Women","O","https://snookerscores.net/tournament-manager/2025-belgian-womens-open/group/F","","Q","","Belgian Women's - F",0,"WWR",0,FALSE,2,"","WomensSnooker",1,TRUE,"",0,0,0,6,"","",0,0,"women"
2200,"Belgian Women's Open Group G","2025-02-07","2025-02-08","",2024,"Ranking",7,"The Trickshot","Bruges","Belgium","snooker",2100,"Women","O","https://snookerscores.net/tournament-manager/2025-belgian-womens-open/group/G","","Q","","Belgian Women's - G",0,"WWR",0,FALSE,2,"","WomensSnooker",1,TRUE,"",0,0,0,6,"","",0,0,"women"
2201,"Belgian Women's Open Group H","2025-02-07","2025-02-08","",2024,"Ranking",8,"The Trickshot","Bruges","Belgium","snooker",2100,"Women","O","https://snookerscores.net/tournament-manager/2025-belgian-womens-open/group/H","","Q","","Belgian Women's - H",0,"WWR",0,FALSE,2,"","WomensSnooker",1,TRUE,"",0,0,0,6,"","",0,0,"women"
2049,"Q Tour 7","2025-02-07","2025-02-09","",2024,"Ranking",7,"Landywood Snooker Club","Walsall","England","snooker",2049,"Both","O","https://snookerscores.net/tournament-manager/202425-q-tour-event-seven","qtour","F","QT","",0,"QTR",0,FALSE,1,"","QTour",1,TRUE,"",124,0,0,123,"The winner of the <a href=""/res/index.asp?template=53&season=2024"">Q Tour Rankings</a> will get a two-year card on the World Snooker Tour. Places 2-17 can play in the <a href=""/res/index.asp?event=2180"">Q Tour Global Play-Offs</a>. ","",0,0,"q"
2100,"Belgian Women's Open","2025-02-07","2025-02-09","",2024,"Ranking",0,"The Trickshot","Bruges","Belgium","snooker",2100,"Women","O","","","F","BWO","",0,"WWR",0,FALSE,3,"","WomensSnooker",1,TRUE,"",37,0,0,20,"","",1829,1748,"women"
1992,"Welsh Open","2025-02-10","2025-02-16","BetVictor",2024,"Ranking",0,"Venue Cymru","Llandudno","Wales","snooker",1992,"Both","O","","Home Nations Series","F","WO","",0,"WR",6414,FALSE,1,"","WelshOpen",1,TRUE,"",128,0,0,63,"","<a href=""https://www.bbc.co.uk/sport/snooker"">BBC Wales</a>, Eurosport/<a href=""https://www.discoveryplus.com/"">Discovery+</a>, <a href=""https://www.wst.tv/live"">WST Play</a> and <a href=""https://www.wst.tv/news/2025/february/06/how-to-watch-the-betvictor-welsh-open/"">more</a>",546,1456,"main"
1842,"World Open","2025-02-23","2025-03-01","Weide Cup",2024,"Ranking",0,"Yushan Sport Centre","Yushan","China","snooker",1842,"Both","O","","hwo","F","WOOP","",0,"WR",6402,FALSE,1,"","WorldOpen",1,TRUE,"",128,0,0,63,"","TNT<!-- Sport-->/Eurosport/<a href=""https://www.discoveryplus.com/"">Discovery+</a>, <a href=""https://www.wst.tv/videos"">WST Play</a>, <a href=""https://www.huya.com/880214"">Huya</a> & <a href=""https://www.wst.tv/news/2025/february/19/How-To-Watch-The-Weide-Cup-World-Open/"">more</a>",12,1560,"main"
2104,"World Grand Prix","2025-03-04","2025-03-09","",2024,"Ranking",0,"Kai Tak Arena","Hong Kong","Hong Kong","snooker",2104,"Both","O","","","F","WGP","",0,"WR",6413,FALSE,1,"","",1,TRUE,"",32,0,0,31,"See the <a href=""/res/index.asp?template=43"">WGP Rankings</a>","TNT<!-- Sport-->/Eurosport/<a href=""https://www.discoveryplus.com/"">Discovery+</a>, <a href=""https://www.wst.tv/videos"">WST Play</a>, <a href=""https://www.huya.com/880214"">Huya</a> & <a href=""https://www.wst.tv/news/2025/february/26/how-to-watch-the-world-grand-prix/"">more</a>",5,1445,"main"
2180,"Q Tour Global Play-Offs","2025-03-11","2025-03-13","",2024,"Play-off",0,"Pine Beach Belek Hotel","Antalya","Turkey","snooker",2180,"Both","O","https://snookerscores.net/events/202425-q-tour-global-playoff","qtour","F","QTPO","",0,"",0,FALSE,1,"","QTour",1,TRUE,"",24,0,0,21,"The event includes the top 16 from the <a href=""/res/index.asp?template=52"">Q Tour rankings</a> plus up to eight players from the other Q Tour series (<a href=""https://www.snooker.org/res/index.asp?event=2075"">America</a>, <a href=""https://www.snooker.org/res/index.asp?event=2008"">Asia/Pacific</a> and <a href=""https://www.snooker.org/res/index.asp?event=2125"">Middle East</a>).","<a href=""https://www.youtube.com/@WPBSA/streams"">WPBSA's YouTube channel</a>",0,1747,"q"
2216,"European Under 21 Championship - Group A","2025-03-14","2025-03-15","",2024,"Amateur",1,"Pine Beach Belek Hotel","Antalya","Turkey","snooker",2207,"Both","U21","http://esnooker.pl/turnieje/2025/me21/en/show_group_details.php?id_t=485&group=1","","Q","EUC","European U-21 - Grp A",0,"",0,FALSE,3,"","EuropeanSnooker",1,TRUE,"",0,0,0,10,"","<a href=""https://m.youtube.com/results?sp=mAEA&search_query=ebsa+snooker"">YouTube</a>",0,0,"ebsa"
2217,"European Under 21 Championship - Group B","2025-03-14","2025-03-15","",2024,"Amateur",2,"Pine Beach Belek Hotel","Antalya","Turkey","snooker",2207,"Both","U21","http://esnooker.pl/turnieje/2025/me21/en/show_group_details.php?id_t=485&group=2","","Q","EUC","European U-21 - Grp B",0,"",0,FALSE,3,"","EuropeanSnooker",1,TRUE,"",0,0,0,6,"","<a href=""https://m.youtube.com/results?sp=mAEA&search_query=ebsa+snooker"">YouTube</a>",0,0,"ebsa"
2218,"European Under 21 Championship - Group C","2025-03-14","2025-03-15","",2024,"Amateur",3,"Pine Beach Belek Hotel","Antalya","Turkey","snooker",2207,"Both","U21","http://esnooker.pl/turnieje/2025/me21/en/show_group_details.php?id_t=485&group=3","","Q","EUC","European U-21 - Grp C",0,"",0,FALSE,3,"","EuropeanSnooker",1,TRUE,"",0,0,0,6,"","<a href=""https://m.youtube.com/results?sp=mAEA&search_query=ebsa+snooker"">YouTube</a>",0,0,"ebsa"
2219,"European Under 21 Championship - Group D","2025-03-14","2025-03-15","",2024,"Amateur",4,"Pine Beach Belek Hotel","Antalya","Turkey","snooker",2207,"Both","U21","http://esnooker.pl/turnieje/2025/me21/en/show_group_details.php?id_t=485&group=4","","Q","EUC","European U-21 - Grp D",0,"",0,FALSE,3,"","EuropeanSnooker",1,TRUE,"",0,0,0,6,"","<a href=""https://m.youtube.com/results?sp=mAEA&search_query=ebsa+snooker"">YouTube</a>",0,0,"ebsa"
2220,"European Under 21 Championship - Group E","2025-03-14","2025-03-15","",2024,"Amateur",5,"Pine Beach Belek Hotel","Antalya","Turkey","snooker",2207,"Both","U21","http://esnooker.pl/turnieje/2025/me21/en/show_group_details.php?id_t=485&group=5","","Q","EUC","European U-21 - Grp E",0,"",0,FALSE,3,"","EuropeanSnooker",1,TRUE,"",0,0,0,6,"","<a href=""https://m.youtube.com/results?sp=mAEA&search_query=ebsa+snooker"">YouTube</a>",0,0,"ebsa"
2221,"European Under 21 Championship - Group F","2025-03-14","2025-03-15","",2024,"Amateur",6,"Pine Beach Belek Hotel","Antalya","Turkey","snooker",2207,"Both","U21","http://esnooker.pl/turnieje/2025/me21/en/show_group_details.php?id_t=485&group=6","","Q","EUC","European U-21 - Grp F",0,"",0,FALSE,3,"","EuropeanSnooker",1,TRUE,"",0,0,0,6,"","<a href=""https://m.youtube.com/results?sp=mAEA&search_query=ebsa+snooker"">YouTube</a>",0,0,"ebsa"
2222,"European Under 21 Championship - Group G","2025-03-14","2025-03-15","",2024,"Amateur",7,"Pine Beach Belek Hotel","Antalya","Turkey","snooker",2207,"Both","U21","http://esnooker.pl/turnieje/2025/me21/en/show_group_details.php?id_t=485&group=7","","Q","EUC","European U-21 - Grp G",0,"",0,FALSE,3,"","EuropeanSnooker",1,TRUE,"",0,0,0,6,"","<a href=""https://m.youtube.com/results?sp=mAEA&search_query=ebsa+snooker"">YouTube</a>",0,0,"ebsa"
2223,"European Under 21 Championship - Group H","2025-03-14","2025-03-15","",2024,"Amateur",8,"Pine Beach Belek Hotel","Antalya","Turkey","snooker",2207,"Both","U21","http://esnooker.pl/turnieje/2025/me21/en/show_group_details.php?id_t=485&group=8","","Q","EUC","European U-21 - Grp H",0,"",0,FALSE,3,"","EuropeanSnooker",1,TRUE,"",0,0,0,6,"","<a href=""https://m.youtube.com/results?sp=mAEA&search_query=ebsa+snooker"">YouTube</a>",0,0,"ebsa"
2224,"European Under 21 Championship - Group J","2025-03-14","2025-03-15","",2024,"Amateur",9,"Pine Beach Belek Hotel","Antalya","Turkey","snooker",2207,"Both","U21","http://esnooker.pl/turnieje/2025/me21/en/show_group_details.php?id_t=485&group=9","","Q","EUC","European U-21 - Grp J",0,"",0,FALSE,3,"","EuropeanSnooker",1,TRUE,"",0,0,0,6,"","<a href=""https://m.youtube.com/results?sp=mAEA&search_query=ebsa+snooker"">YouTube</a>",0,0,"ebsa"
2225,"European Under 21 Championship - Group K","2025-03-14","2025-03-15","",2024,"Amateur",10,"Pine Beach Belek Hotel","Antalya","Turkey","snooker",2207,"Both","U21","http://esnooker.pl/turnieje/2025/me21/en/show_group_details.php?id_t=485&group=10","","Q","EUC","European U-21 - Grp K",0,"",0,FALSE,3,"","EuropeanSnooker",1,TRUE,"",0,0,0,6,"","<a href=""https://m.youtube.com/results?sp=mAEA&search_query=ebsa+snooker"">YouTube</a>",0,0,"ebsa"
2226,"European Under 21 Championship - Group L","2025-03-14","2025-03-15","",2024,"Amateur",11,"Pine Beach Belek Hotel","Antalya","Turkey","snooker",2207,"Both","U21","http://esnooker.pl/turnieje/2025/me21/en/show_group_details.php?id_t=485&group=11","","Q","EUC","European U-21 - Grp L",0,"",0,FALSE,3,"","EuropeanSnooker",1,TRUE,"",0,0,0,6,"","<a href=""https://m.youtube.com/results?sp=mAEA&search_query=ebsa+snooker"">YouTube</a>",0,0,"ebsa"
2227,"European Under 21 Championship - Group M","2025-03-14","2025-03-15","",2024,"Amateur",12,"Pine Beach Belek Hotel","Antalya","Turkey","snooker",2207,"Both","U21","http://esnooker.pl/turnieje/2025/me21/en/show_group_details.php?id_t=485&group=12","","Q","EUC","European U-21 - Grp M",0,"",0,FALSE,3,"","EuropeanSnooker",1,TRUE,"",0,0,0,6,"","<a href=""https://m.youtube.com/results?sp=mAEA&search_query=ebsa+snooker"">YouTube</a>",0,0,"ebsa"
2228,"European Under 21 Championship - Group N","2025-03-14","2025-03-15","",2024,"Amateur",13,"Pine Beach Belek Hotel","Antalya","Turkey","snooker",2207,"Both","U21","http://esnooker.pl/turnieje/2025/me21/en/show_group_details.php?id_t=485&group=13","","Q","EUC","European U-21 - Grp N",0,"",0,FALSE,3,"","EuropeanSnooker",1,TRUE,"",0,0,0,6,"","<a href=""https://m.youtube.com/results?sp=mAEA&search_query=ebsa+snooker"">YouTube</a>",0,0,"ebsa"
2229,"European Under 21 Championship - Group P","2025-03-14","2025-03-15","",2024,"Amateur",14,"Pine Beach Belek Hotel","Antalya","Turkey","snooker",2207,"Both","U21","http://esnooker.pl/turnieje/2025/me21/en/show_group_details.php?id_t=485&group=14","","Q","EUC","European U-21 - Grp P",0,"",0,FALSE,3,"","EuropeanSnooker",1,TRUE,"",0,0,0,6,"","<a href=""https://m.youtube.com/results?sp=mAEA&search_query=ebsa+snooker"">YouTube</a>",0,0,"ebsa"
2230,"European Under 21 Championship - Group Q","2025-03-14","2025-03-15","",2024,"Amateur",15,"Pine Beach Belek Hotel","Antalya","Turkey","snooker",2207,"Both","U21","http://esnooker.pl/turnieje/2025/me21/en/show_group_details.php?id_t=485&group=15","","Q","EUC","European U-21 - Grp Q",0,"",0,FALSE,3,"","EuropeanSnooker",1,TRUE,"",0,0,0,6,"","<a href=""https://m.youtube.com/results?sp=mAEA&search_query=ebsa+snooker"">YouTube</a>",0,0,"ebsa"
2231,"European Under 21 Championship - Group R","2025-03-14","2025-03-15","",2024,"Amateur",16,"Pine Beach Belek Hotel","Antalya","Turkey","snooker",2207,"Both","U21","http://esnooker.pl/turnieje/2025/me21/en/show_group_details.php?id_t=485&group=16","","Q","EUC","European U-21 - Grp R",0,"",0,FALSE,3,"","EuropeanSnooker",1,TRUE,"",0,0,0,6,"","<a href=""https://m.youtube.com/results?sp=mAEA&search_query=ebsa+snooker"">YouTube</a>",0,0,"ebsa"
2232,"European Under 21 Championship - Group S","2025-03-14","2025-03-15","",2024,"Amateur",17,"Pine Beach Belek Hotel","Antalya","Turkey","snooker",2207,"Both","U21","http://esnooker.pl/turnieje/2025/me21/en/show_group_details.php?id_t=485&group=17","","Q","EUC","European U-21 - Grp S",0,"",0,FALSE,3,"","EuropeanSnooker",1,TRUE,"",0,0,0,6,"","<a href=""https://m.youtube.com/results?sp=mAEA&search_query=ebsa+snooker"">YouTube</a>",0,0,"ebsa"
2233,"European Under 21 Championship - Group T","2025-03-14","2025-03-15","",2024,"Amateur",18,"Pine Beach Belek Hotel","Antalya","Turkey","snooker",2207,"Both","U21","http://esnooker.pl/turnieje/2025/me21/en/show_group_details.php?id_t=485&group=18","","Q","EUC","European U-21 - Grp T",0,"",0,FALSE,3,"","EuropeanSnooker",1,TRUE,"",0,0,0,6,"","<a href=""https://m.youtube.com/results?sp=mAEA&search_query=ebsa+snooker"">YouTube</a>",0,0,"ebsa"
2234,"European Under 21 Championship - Group U","2025-03-14","2025-03-15","",2024,"Amateur",19,"Pine Beach Belek Hotel","Antalya","Turkey","snooker",2207,"Both","U21","http://esnooker.pl/turnieje/2025/me21/en/show_group_details.php?id_t=485&group=19","","Q","EUC","European U-21 - Grp U",0,"",0,FALSE,3,"","EuropeanSnooker",1,TRUE,"",0,0,0,6,"","<a href=""https://m.youtube.com/results?sp=mAEA&search_query=ebsa+snooker"">YouTube</a>",0,0,"ebsa"
2235,"European Under 21 Championship - Group V","2025-03-14","2025-03-15","",2024,"Amateur",20,"Pine Beach Belek Hotel","Antalya","Turkey","snooker",2207,"Both","U21","http://esnooker.pl/turnieje/2025/me21/en/show_group_details.php?id_t=485&group=20","","Q","EUC","European U-21 - Grp V",0,"",0,FALSE,3,"","EuropeanSnooker",1,TRUE,"",0,0,0,6,"","<a href=""https://m.youtube.com/results?sp=mAEA&search_query=ebsa+snooker"">YouTube</a>",0,0,"ebsa"
2236,"European Under 21 Championship - Group W","2025-03-14","2025-03-15","",2024,"Amateur",21,"Pine Beach Belek Hotel","Antalya","Turkey","snooker",2207,"Both","U21","http://esnooker.pl/turnieje/2025/me21/en/show_group_details.php?id_t=485&group=21","","Q","EUC","European U-21 - Grp W",0,"",0,FALSE,3,"","EuropeanSnooker",1,TRUE,"",0,0,0,6,"","<a href=""https://m.youtube.com/results?sp=mAEA&search_query=ebsa+snooker"">YouTube</a>",0,0,"ebsa"
2237,"European Under 21 Championship - Group X","2025-03-14","2025-03-15","",2024,"Amateur",22,"Pine Beach Belek Hotel","Antalya","Turkey","snooker",2207,"Both","U21","http://esnooker.pl/turnieje/2025/me21/en/show_group_details.php?id_t=485&group=22","","Q","EUC","European U-21 - Grp X",0,"",0,FALSE,3,"","EuropeanSnooker",1,TRUE,"",0,0,0,6,"","<a href=""https://m.youtube.com/results?sp=mAEA&search_query=ebsa+snooker"">YouTube</a>",0,0,"ebsa"
2207,"European Under 21 Championship","2025-03-14","2025-03-17","",2024,"Amateur",0,"Pine Beach Belek Hotel","Antalya","Turkey","snooker",2207,"Both","U21","http://esnooker.pl/turnieje/2025/me21/en/index.php","","F","EUC","European U-21 Championship",0,"",0,FALSE,3,"","EuropeanSnooker",1,TRUE,"",89,0,0,43,"","<a href=""https://www.youtube.com/@gogosport_live/streams"">YouTube</a>",2438,1850,"ebsa"
2206,"European Championship","2025-03-17","2025-03-22","",2024,"Amateur",0,"Pine Beach Belek Hotel","Antalya","Turkey","snooker",2206,"Both","O","http://esnooker.pl/turnieje/2025/me/en/index.php","","F","EC","",0,"",0,FALSE,3,"","EuropeanSnooker",1,TRUE,"",172,0,0,85,"","<a href=""https://www.youtube.com/@gogosport_live/streams"">YouTube</a>",2507,1849,"ebsa"
2238,"European Championship - Group A","2025-03-17","2025-03-22","",2024,"Amateur",1,"Pine Beach Belek Hotel","Antalya","Turkey","snooker",2206,"Both","O","http://esnooker.pl/turnieje/2025/me/en/index.php","","Q","EC","European Ch.ship - Grp A",0,"",0,FALSE,3,"","EuropeanSnooker",1,TRUE,"",0,0,0,6,"","<a href=""https://www.youtube.com/@gogosport_live/streams"">YouTube</a>",0,0,"ebsa"
2239,"European Championship - Group B","2025-03-17","2025-03-22","",2024,"Amateur",2,"Pine Beach Belek Hotel","Antalya","Turkey","snooker",2206,"Both","O","http://esnooker.pl/turnieje/2025/me/en/index.php","","Q","EC","European Ch.ship - Grp B",0,"",0,FALSE,3,"","EuropeanSnooker",1,TRUE,"",0,0,0,6,"","<a href=""https://www.youtube.com/@gogosport_live/streams"">YouTube</a>",0,0,"ebsa"
2240,"European Championship - Group C","2025-03-17","2025-03-22","",2024,"Amateur",3,"Pine Beach Belek Hotel","Antalya","Turkey","snooker",2206,"Both","O","http://esnooker.pl/turnieje/2025/me/en/index.php","","Q","EC","European Ch.ship - Grp C",0,"",0,FALSE,3,"","EuropeanSnooker",1,TRUE,"",0,0,0,6,"","<a href=""https://www.youtube.com/@gogosport_live/streams"">YouTube</a>",0,0,"ebsa"
2241,"European Championship - Group D","2025-03-17","2025-03-22","",2024,"Amateur",4,"Pine Beach Belek Hotel","Antalya","Turkey","snooker",2206,"Both","O","http://esnooker.pl/turnieje/2025/me/en/index.php","","Q","EC","European Ch.ship - Grp D",0,"",0,FALSE,3,"","EuropeanSnooker",1,TRUE,"",0,0,0,6,"","<a href=""https://www.youtube.com/@gogosport_live/streams"">YouTube</a>",0,0,"ebsa"
2242,"European Championship - Group E","2025-03-17","2025-03-22","",2024,"Amateur",5,"Pine Beach Belek Hotel","Antalya","Turkey","snooker",2206,"Both","O","http://esnooker.pl/turnieje/2025/me/en/index.php","","Q","EC","European Ch.ship - Grp E",0,"",0,FALSE,3,"","EuropeanSnooker",1,TRUE,"",0,0,0,6,"","<a href=""https://www.youtube.com/@gogosport_live/streams"">YouTube</a>",0,0,"ebsa"
2243,"European Championship - Group F","2025-03-17","2025-03-22","",2024,"Amateur",6,"Pine Beach Belek Hotel","Antalya","Turkey","snooker",2206,"Both","O","http://esnooker.pl/turnieje/2025/me/en/index.php","","Q","EC","European Ch.ship - Grp F",0,"",0,FALSE,3,"","EuropeanSnooker",1,TRUE,"",0,0,0,6,"","<a href=""https://www.youtube.com/@gogosport_live/streams"">YouTube</a>",0,0,"ebsa"
2244,"European Championship - Group G","2025-03-17","2025-03-22","",2024,"Amateur",7,"Pine Beach Belek Hotel","Antalya","Turkey","snooker",2206,"Both","O","http://esnooker.pl/turnieje/2025/me/en/index.php","","Q","EC","European Ch.ship - Grp G",0,"",0,FALSE,3,"","EuropeanSnooker",1,TRUE,"",0,0,0,6,"","<a href=""https://www.youtube.com/@gogosport_live/streams"">YouTube</a>",0,0,"ebsa"
2245,"European Championship - Group H","2025-03-17","2025-03-22","",2024,"Amateur",8,"Pine Beach Belek Hotel","Antalya","Turkey","snooker",2206,"Both","O","http://esnooker.pl/turnieje/2025/me/en/index.php","","Q","EC","European Ch.ship - Grp H",0,"",0,FALSE,3,"","EuropeanSnooker",1,TRUE,"",0,0,0,6,"","<a href=""https://www.youtube.com/@gogosport_live/streams"">YouTube</a>",0,0,"ebsa"
2246,"European Championship - Group I","2025-03-17","2025-03-22","",2024,"Amateur",9,"Pine Beach Belek Hotel","Antalya","Turkey","snooker",2206,"Both","O","http://esnooker.pl/turnieje/2025/me/en/index.php","","Q","EC","European Ch.ship - Grp I",0,"",0,FALSE,3,"","EuropeanSnooker",1,TRUE,"",0,0,0,6,"","<a href=""https://www.youtube.com/@gogosport_live/streams"">YouTube</a>",0,0,"ebsa"
2247,"European Championship - Group J","2025-03-17","2025-03-22","",2024,"Amateur",10,"Pine Beach Belek Hotel","Antalya","Turkey","snooker",2206,"Both","O","http://esnooker.pl/turnieje/2025/me/en/index.php","","Q","EC","European Ch.ship - Grp J",0,"",0,FALSE,3,"","EuropeanSnooker",1,TRUE,"",0,0,0,6,"","<a href=""https://www.youtube.com/@gogosport_live/streams"">YouTube</a>",0,0,"ebsa"
2248,"European Championship - Group K","2025-03-17","2025-03-22","",2024,"Amateur",11,"Pine Beach Belek Hotel","Antalya","Turkey","snooker",2206,"Both","O","http://esnooker.pl/turnieje/2025/me/en/index.php","","Q","EC","European Ch.ship - Grp K",0,"",0,FALSE,3,"","EuropeanSnooker",1,TRUE,"",0,0,0,6,"","<a href=""https://www.youtube.com/@gogosport_live/streams"">YouTube</a>",0,0,"ebsa"
2249,"European Championship - Group L","2025-03-17","2025-03-22","",2024,"Amateur",12,"Pine Beach Belek Hotel","Antalya","Turkey","snooker",2206,"Both","O","http://esnooker.pl/turnieje/2025/me/en/index.php","","Q","EC","European Ch.ship - Grp L",0,"",0,FALSE,3,"","EuropeanSnooker",1,TRUE,"",0,0,0,6,"","<a href=""https://www.youtube.com/@gogosport_live/streams"">YouTube</a>",0,0,"ebsa"
2250,"European Championship - Group M","2025-03-17","2025-03-22","",2024,"Amateur",13,"Pine Beach Belek Hotel","Antalya","Turkey","snooker",2206,"Both","O","http://esnooker.pl/turnieje/2025/me/en/index.php","","Q","EC","European Ch.ship - Grp M",0,"",0,FALSE,3,"","EuropeanSnooker",1,TRUE,"",0,0,0,6,"","<a href=""https://www.youtube.com/@gogosport_live/streams"">YouTube</a>",0,0,"ebsa"
2251,"European Championship - Group N","2025-03-17","2025-03-22","",2024,"Amateur",14,"Pine Beach Belek Hotel","Antalya","Turkey","snooker",2206,"Both","O","http://esnooker.pl/turnieje/2025/me/en/index.php","","Q","EC","European Ch.ship - Grp N",0,"",0,FALSE,3,"","EuropeanSnooker",1,TRUE,"",0,0,0,6,"","<a href=""https://www.youtube.com/@gogosport_live/streams"">YouTube</a>",0,0,"ebsa"
2252,"European Championship - Group O","2025-03-17","2025-03-22","",2024,"Amateur",15,"Pine Beach Belek Hotel","Antalya","Turkey","snooker",2206,"Both","O","http://esnooker.pl/turnieje/2025/me/en/index.php","","Q","EC","European Ch.ship - Grp O",0,"",0,FALSE,3,"","EuropeanSnooker",1,TRUE,"",0,0,0,6,"","<a href=""https://www.youtube.com/@gogosport_live/streams"">YouTube</a>",0,0,"ebsa"
2253,"European Championship - Group P","2025-03-17","2025-03-22","",2024,"Amateur",16,"Pine Beach Belek Hotel","Antalya","Turkey","snooker",2206,"Both","O","http://esnooker.pl/turnieje/2025/me/en/index.php","","Q","EC","European Ch.ship - Grp P",0,"",0,FALSE,3,"","EuropeanSnooker",1,TRUE,"",0,0,0,6,"","<a href=""https://www.youtube.com/@gogosport_live/streams"">YouTube</a>",0,0,"ebsa"
2254,"European Championship - Group Q","2025-03-17","2025-03-22","",2024,"Amateur",17,"Pine Beach Belek Hotel","Antalya","Turkey","snooker",2206,"Both","O","http://esnooker.pl/turnieje/2025/me/en/index.php","","Q","EC","European Ch.ship - Grp Q",0,"",0,FALSE,3,"","EuropeanSnooker",1,TRUE,"",0,0,0,6,"","<a href=""https://www.youtube.com/@gogosport_live/streams"">YouTube</a>",0,0,"ebsa"
2255,"European Championship - Group R","2025-03-17","2025-03-22","",2024,"Amateur",18,"Pine Beach Belek Hotel","Antalya","Turkey","snooker",2206,"Both","O","http://esnooker.pl/turnieje/2025/me/en/index.php","","Q","EC","European Ch.ship - Grp R",0,"",0,FALSE,3,"","EuropeanSnooker",1,TRUE,"",0,0,0,6,"","<a href=""https://www.youtube.com/@gogosport_live/streams"">YouTube</a>",0,0,"ebsa"
2256,"European Championship - Group S","2025-03-17","2025-03-22","",2024,"Amateur",19,"Pine Beach Belek Hotel","Antalya","Turkey","snooker",2206,"Both","O","http://esnooker.pl/turnieje/2025/me/en/index.php","","Q","EC","European Ch.ship - Grp S",0,"",0,FALSE,3,"","EuropeanSnooker",1,TRUE,"",0,0,0,6,"","<a href=""https://www.youtube.com/@gogosport_live/streams"">YouTube</a>",0,0,"ebsa"
2257,"European Championship - Group T","2025-03-17","2025-03-22","",2024,"Amateur",20,"Pine Beach Belek Hotel","Antalya","Turkey","snooker",2206,"Both","O","http://esnooker.pl/turnieje/2025/me/en/index.php","","Q","EC","European Ch.ship - Grp T",0,"",0,FALSE,3,"","EuropeanSnooker",1,TRUE,"",0,0,0,6,"","<a href=""https://www.youtube.com/@gogosport_live/streams"">YouTube</a>",0,0,"ebsa"
2258,"European Championship - Group U","2025-03-17","2025-03-22","",2024,"Amateur",21,"Pine Beach Belek Hotel","Antalya","Turkey","snooker",2206,"Both","O","http://esnooker.pl/turnieje/2025/me/en/index.php","","Q","EC","European Ch.ship - Grp U",0,"",0,FALSE,3,"","EuropeanSnooker",1,TRUE,"",0,0,0,6,"","<a href=""https://www.youtube.com/@gogosport_live/streams"">YouTube</a>",0,0,"ebsa"
2259,"European Championship - Group V","2025-03-17","2025-03-22","",2024,"Amateur",22,"Pine Beach Belek Hotel","Antalya","Turkey","snooker",2206,"Both","O","http://esnooker.pl/turnieje/2025/me/en/index.php","","Q","EC","European Ch.ship - Grp V",0,"",0,FALSE,3,"","EuropeanSnooker",1,TRUE,"",0,0,0,6,"","<a href=""https://www.youtube.com/@gogosport_live/streams"">YouTube</a>",0,0,"ebsa"
2260,"European Championship - Group W","2025-03-17","2025-03-22","",2024,"Amateur",23,"Pine Beach Belek Hotel","Antalya","Turkey","snooker",2206,"Both","O","http://esnooker.pl/turnieje/2025/me/en/index.php","","Q","EC","European Ch.ship - Grp W",0,"",0,FALSE,3,"","EuropeanSnooker",1,TRUE,"",0,0,0,6,"","<a href=""https://www.youtube.com/@gogosport_live/streams"">YouTube</a>",0,0,"ebsa"
2261,"European Championship - Group X","2025-03-17","2025-03-22","",2024,"Amateur",24,"Pine Beach Belek Hotel","Antalya","Turkey","snooker",2206,"Both","O","http://esnooker.pl/turnieje/2025/me/en/index.php","","Q","EC","European Ch.ship - Grp X",0,"",0,FALSE,3,"","EuropeanSnooker",1,TRUE,"",0,0,0,6,"","<a href=""https://www.youtube.com/@gogosport_live/streams"">YouTube</a>",0,0,"ebsa"
2262,"European Championship - Group Y","2025-03-17","2025-03-22","",2024,"Amateur",25,"Pine Beach Belek Hotel","Antalya","Turkey","snooker",2206,"Both","O","http://esnooker.pl/turnieje/2025/me/en/index.php","","Q","EC","European Ch.ship - Grp Y",0,"",0,FALSE,3,"","EuropeanSnooker",1,TRUE,"",0,0,0,6,"","<a href=""https://www.youtube.com/@gogosport_live/streams"">YouTube</a>",0,0,"ebsa"
2263,"European Championship - Group Z","2025-03-17","2025-03-22","",2024,"Amateur",26,"Pine Beach Belek Hotel","Antalya","Turkey","snooker",2206,"Both","O","http://esnooker.pl/turnieje/2025/me/en/index.php","","Q","EC","European Ch.ship - Grp Z",0,"",0,FALSE,3,"","EuropeanSnooker",1,TRUE,"",0,0,0,6,"","<a href=""https://www.youtube.com/@gogosport_live/streams"">YouTube</a>",0,0,"ebsa"
2264,"European Championship - Group AB","2025-03-17","2025-03-22","",2024,"Amateur",28,"Pine Beach Belek Hotel","Antalya","Turkey","snooker",2206,"Both","O","http://esnooker.pl/turnieje/2025/me/en/index.php","","Q","EC","European Ch.ship - Grp AB",0,"",0,FALSE,3,"","EuropeanSnooker",1,TRUE,"",0,0,0,6,"","<a href=""https://www.youtube.com/@gogosport_live/streams"">YouTube</a>",0,0,"ebsa"
2265,"European Championship - Group AA","2025-03-17","2025-03-22","",2024,"Amateur",27,"Pine Beach Belek Hotel","Antalya","Turkey","snooker",2206,"Both","O","http://esnooker.pl/turnieje/2025/me/en/index.php","","Q","EC","European Ch.ship - Grp AA",0,"",0,FALSE,3,"","EuropeanSnooker",1,TRUE,"",0,0,0,6,"","<a href=""https://www.youtube.com/@gogosport_live/streams"">YouTube</a>",0,0,"ebsa"
2266,"European Championship - Group AC","2025-03-17","2025-03-22","",2024,"Amateur",29,"Pine Beach Belek Hotel","Antalya","Turkey","snooker",2206,"Both","O","http://esnooker.pl/turnieje/2025/me/en/index.php","","Q","EC","European Ch.ship - Grp AC",0,"",0,FALSE,3,"","EuropeanSnooker",1,TRUE,"",0,0,0,6,"","<a href=""https://www.youtube.com/@gogosport_live/streams"">YouTube</a>",0,0,"ebsa"
2267,"European Championship - Group AD","2025-03-17","2025-03-22","",2024,"Amateur",30,"Pine Beach Belek Hotel","Antalya","Turkey","snooker",2206,"Both","O","http://esnooker.pl/turnieje/2025/me/en/index.php","","Q","EC","European Ch.ship - Grp AD",0,"",0,FALSE,3,"","EuropeanSnooker",1,TRUE,"",0,0,0,6,"","<a href=""https://www.youtube.com/@gogosport_live/streams"">YouTube</a>",0,0,"ebsa"
2268,"European Championship - Group AE","2025-03-17","2025-03-22","",2024,"Amateur",31,"Pine Beach Belek Hotel","Antalya","Turkey","snooker",2206,"Both","O","http://esnooker.pl/turnieje/2025/me/en/index.php","","Q","EC","European Ch.ship - Grp AE",0,"",0,FALSE,3,"","EuropeanSnooker",1,TRUE,"",0,0,0,6,"","<a href=""https://www.youtube.com/@gogosport_live/streams"">YouTube</a>",0,0,"ebsa"
2269,"European Championship - Group AF","2025-03-17","2025-03-22","",2024,"Amateur",32,"Pine Beach Belek Hotel","Antalya","Turkey","snooker",2206,"Both","O","http://esnooker.pl/turnieje/2025/me/en/index.php","","Q","EC","European Ch.ship - Grp AF",0,"",0,FALSE,3,"","EuropeanSnooker",1,TRUE,"",0,0,0,6,"","<a href=""https://www.youtube.com/@gogosport_live/streams"">YouTube</a>",0,0,"ebsa"
2270,"European Championship - Group AG","2025-03-17","2025-03-22","",2024,"Amateur",33,"Pine Beach Belek Hotel","Antalya","Turkey","snooker",2206,"Both","O","http://esnooker.pl/turnieje/2025/me/en/index.php","","Q","EC","European Ch.ship - Grp AG",0,"",0,FALSE,3,"","EuropeanSnooker",1,TRUE,"",0,0,0,6,"","<a href=""https://www.youtube.com/@gogosport_live/streams"">YouTube</a>",0,0,"ebsa"
2271,"European Championship - Group AH","2025-03-17","2025-03-22","",2024,"Amateur",34,"Pine Beach Belek Hotel","Antalya","Turkey","snooker",2206,"Both","O","http://esnooker.pl/turnieje/2025/me/en/index.php","","Q","EC","European Ch.ship - Grp AH",0,"",0,FALSE,3,"","EuropeanSnooker",1,TRUE,"",0,0,0,6,"","<a href=""https://www.youtube.com/@gogosport_live/streams"">YouTube</a>",0,0,"ebsa"
2272,"European Championship - Group AI","2025-03-17","2025-03-22","",2024,"Amateur",35,"Pine Beach Belek Hotel","Antalya","Turkey","snooker",2206,"Both","O","http://esnooker.pl/turnieje/2025/me/en/index.php","","Q","EC","European Ch.ship - Grp AI",0,"",0,FALSE,1,"","EuropeanSnooker",1,TRUE,"",0,0,0,6,"","<a href=""https://www.youtube.com/@gogosport_live/streams"">YouTube</a>",0,0,"ebsa"
2273,"European Championship - Group AJ","2025-03-17","2025-03-22","",2024,"Amateur",36,"Pine Beach Belek Hotel","Antalya","Turkey","snooker",2206,"Both","O","http://esnooker.pl/turnieje/2025/me/en/index.php","","Q","EC","European Ch.ship - Grp AJ",0,"",0,FALSE,1,"","EuropeanSnooker",1,TRUE,"",0,0,0,6,"","<a href=""https://www.youtube.com/@gogosport_live/streams"">YouTube</a>",0,0,"ebsa"
2274,"European Championship - Group AK","2025-03-17","2025-03-22","",2024,"Amateur",37,"Pine Beach Belek Hotel","Antalya","Turkey","snooker",2206,"Both","O","http://esnooker.pl/turnieje/2025/me/en/index.php","","Q","EC","European Ch.ship - Grp AK",0,"",0,FALSE,1,"","EuropeanSnooker",1,TRUE,"",0,0,0,6,"","<a href=""https://www.youtube.com/@gogosport_live/streams"">YouTube</a>",0,0,"ebsa"
2275,"European Championship - Group AL","2025-03-17","2025-03-22","",2024,"Amateur",38,"Pine Beach Belek Hotel","Antalya","Turkey","snooker",2206,"Both","O","http://esnooker.pl/turnieje/2025/me/en/index.php","","Q","EC","European Ch.ship - Grp AL",0,"",0,FALSE,1,"","EuropeanSnooker",1,TRUE,"",0,0,0,6,"","<a href=""https://www.youtube.com/@gogosport_live/streams"">YouTube</a>",0,0,"ebsa"
2276,"European Championship - Group AM","2025-03-17","2025-03-22","",2024,"Amateur",39,"Pine Beach Belek Hotel","Antalya","Turkey","snooker",2206,"Both","O","http://esnooker.pl/turnieje/2025/me/en/index.php","","Q","EC","European Ch.ship - Grp AM",0,"",0,FALSE,1,"","EuropeanSnooker",1,TRUE,"",0,0,0,6,"","<a href=""https://www.youtube.com/@gogosport_live/streams"">YouTube</a>",0,0,"ebsa"
2277,"European Championship - Group AN","2025-03-17","2025-03-22","",2024,"Amateur",40,"Pine Beach Belek Hotel","Antalya","Turkey","snooker",2206,"Both","O","http://esnooker.pl/turnieje/2025/me/en/index.php","","Q","EC","European Ch.ship - Grp AN",0,"",0,FALSE,1,"","EuropeanSnooker",1,TRUE,"",0,0,0,6,"","<a href=""https://www.youtube.com/@gogosport_live/streams"">YouTube</a>",0,0,"ebsa"
2278,"European Championship - Group AO","2025-03-17","2025-03-22","",2024,"Amateur",41,"Pine Beach Belek Hotel","Antalya","Turkey","snooker",2206,"Both","O","http://esnooker.pl/turnieje/2025/me/en/index.php","","Q","EC","European Ch.ship - Grp AO",0,"",0,FALSE,1,"","EuropeanSnooker",1,TRUE,"",0,0,0,6,"","<a href=""https://www.youtube.com/@gogosport_live/streams"">YouTube</a>",0,0,"ebsa"
2279,"European Championship - Group AP","2025-03-17","2025-03-22","",2024,"Amateur",42,"Pine Beach Belek Hotel","Antalya","Turkey","snooker",2206,"Both","O","http://esnooker.pl/turnieje/2025/me/en/index.php","","Q","EC","European Ch.ship - Grp AP",0,"",0,FALSE,1,"","EuropeanSnooker",1,TRUE,"",0,0,0,6,"","<a href=""https://www.youtube.com/@gogosport_live/streams"">YouTube</a>",0,0,"ebsa"
2280,"European Championship - Group AQ","2025-03-17","2025-03-22","",2024,"Amateur",43,"Pine Beach Belek Hotel","Antalya","Turkey","snooker",2206,"Both","O","http://esnooker.pl/turnieje/2025/me/en/index.php","","Q","EC","European Ch.ship - Grp AQ",0,"",0,FALSE,1,"","EuropeanSnooker",1,TRUE,"",0,0,0,6,"","<a href=""https://www.youtube.com/@gogosport_live/streams"">YouTube</a>",0,0,"ebsa"
1848,"Players Championship","2025-03-17","2025-03-23","Sportsbet.io",2024,"Ranking",0,"Telford International Centre","Telford","England","snooker",1848,"Both","O","","","F","PC","",0,"WR",6415,FALSE,1,"","PlayersChampionship",1,TRUE,"",16,0,0,15,"","<a href=""https://www.itv.com/watch?channel=itv4"">ITV</a>, Eurosport/<a href=""https://www.discoveryplus.com/"">Discovery+</a>, <a href=""https://www.wst.tv/videos"">WST Play</a>, <a href=""https://www.huya.com/880214"">Huya</a> & <a href=""https://www.wst.tv/news/2025/march/11/how-to-watch-the-sportsbet-io-players-championship/"">more</a>",202,1446,"main"
2281,"British Women's Open Group A","2025-03-28","2025-03-29","",2024,"Ranking",1,"Landywood Snooker Club","Walsall","England","snooker",2102,"Women","O","","","Q","","",0,"WWR",0,FALSE,2,"","WomensSnooker",1,TRUE,"",0,0,0,6,"","",0,0,"women"
2291,"British Women's Open Group B","2025-03-28","2025-03-29","",2024,"Ranking",2,"Landywood Snooker Club","Walsall","England","snooker",2102,"Women","O","","","Q","","",0,"WWR",0,FALSE,2,"","WomensSnooker",1,TRUE,"",0,0,0,6,"","",0,0,"women"
2292,"British Women's Open Group C","2025-03-28","2025-03-29","",2024,"Ranking",3,"Landywood Snooker Club","Walsall","England","snooker",2102,"Women","O","","","Q","","",0,"WWR",0,FALSE,2,"","WomensSnooker",1,TRUE,"",0,0,0,6,"","",0,0,"women"
2293,"British Women's Open Group D","2025-03-28","2025-03-29","",2024,"Ranking",4,"Landywood Snooker Club","Walsall","England","snooker",2102,"Women","O","","","Q","","",0,"WWR",0,FALSE,2,"","WomensSnooker",1,TRUE,"",0,0,0,6,"","",0,0,"women"
2294,"British Women's Open Group E","2025-03-28","2025-03-29","",2024,"Ranking",5,"Landywood Snooker Club","Walsall","England","snooker",2102,"Women","O","","","Q","","",0,"WWR",0,FALSE,2,"","WomensSnooker",1,TRUE,"",0,0,0,6,"","",0,0,"women"
2295,"British Women's Open Group F","2025-03-28","2025-03-29","",2024,"Ranking",6,"Landywood Snooker Club","Walsall","England","snooker",2102,"Women","O","","","Q","","",0,"WWR",0,FALSE,2,"","WomensSnooker",1,TRUE,"",0,0,0,6,"","",0,0,"women"
2296,"British Women's Open Group G","2025-03-28","2025-03-29","",2024,"Ranking",7,"Landywood Snooker Club","Walsall","England","snooker",2102,"Women","O","","","Q","","",0,"WWR",0,FALSE,2,"","WomensSnooker",1,TRUE,"",0,0,0,6,"","",0,0,"women"
2102,"British Women's Open","2025-03-28","2025-03-30","Landywood",2024,"Ranking",0,"Landywood Snooker Club","Walsall","England","snooker",2102,"Women","O","","","F","","",0,"WWR",0,FALSE,3,"","WomensSnooker",1,TRUE,"",32,0,0,17,"","",1485,1749,"women"
2298,"Asia Pacific Open Snooker Championship - Group A","2025-03-31","2025-04-01","",2024,"Amateur",1,"Commercial Club Albury","Albury","Australia","snooker",2297,"Both","O","https://apsbf.com/result-detail.aspx/2025/asia-pacific-open-snooker-championship-2025","","Q","","Asia Pacific Open - A",0,"",0,FALSE,2,"","APSBF",1,TRUE,"",0,0,0,10,"","",2498,0,"other"
2299,"Asia Pacific Open Snooker Championship - Group B","2025-03-31","2025-04-01","",2024,"Amateur",2,"Commercial Club Albury","Albury","Australia","snooker",2297,"Both","O","https://apsbf.com/result-detail.aspx/2025/asia-pacific-open-snooker-championship-2025","","Q","","Asia Pacific Open - B",0,"",0,FALSE,2,"","APSBF",1,TRUE,"",0,0,0,10,"","",0,0,"other"
2300,"Asia Pacific Open Snooker Championship - Group C","2025-03-31","2025-04-01","",2024,"Amateur",3,"Commercial Club Albury","Albury","Australia","snooker",2297,"Both","O","https://apsbf.com/result-detail.aspx/2025/asia-pacific-open-snooker-championship-2025","","Q","","Asia Pacific Open - C",0,"",0,FALSE,2,"","APSBF",1,TRUE,"",0,0,0,10,"","",0,0,"other"
2301,"Asia Pacific Open Snooker Championship - Group D","2025-03-31","2025-04-01","",2024,"Amateur",4,"Commercial Club Albury","Albury","Australia","snooker",2297,"Both","O","https://apsbf.com/result-detail.aspx/2025/asia-pacific-open-snooker-championship-2025","","Q","","Asia Pacific Open - D",0,"",0,FALSE,2,"","APSBF",1,TRUE,"",0,0,0,10,"","",0,0,"other"
2302,"Asia Pacific Open Snooker Championship - Group E","2025-03-31","2025-04-01","",2024,"Amateur",5,"Commercial Club Albury","Albury","Australia","snooker",2297,"Both","O","https://apsbf.com/result-detail.aspx/2025/asia-pacific-open-snooker-championship-2025","","Q","","Asia Pacific Open - E",0,"",0,FALSE,2,"","APSBF",1,TRUE,"",0,0,0,10,"","",0,0,"other"
2303,"Asia Pacific Open Snooker Championship - Group F","2025-03-31","2025-04-01","",2024,"Amateur",6,"Commercial Club Albury","Albury","Australia","snooker",2297,"Both","O","https://apsbf.com/result-detail.aspx/2025/asia-pacific-open-snooker-championship-2025","","Q","","Asia Pacific Open - F",0,"",0,FALSE,2,"","APSBF",1,TRUE,"",0,0,0,10,"","",0,0,"other"
2304,"Asia Pacific Open Snooker Championship - Group G","2025-03-31","2025-04-01","",2024,"Amateur",7,"Commercial Club Albury","Albury","Australia","snooker",2297,"Both","O","https://apsbf.com/result-detail.aspx/2025/asia-pacific-open-snooker-championship-2025","","Q","","Asia Pacific Open - G",0,"",0,FALSE,2,"","APSBF",1,TRUE,"",0,0,0,10,"","",0,0,"other"
2305,"Asia Pacific Open Snooker Championship - Group H","2025-03-31","2025-04-01","",2024,"Amateur",8,"Commercial Club Albury","Albury","Australia","snooker",2297,"Both","O","https://apsbf.com/result-detail.aspx/2025/asia-pacific-open-snooker-championship-2025","","Q","","Asia Pacific Open - H",0,"",0,FALSE,2,"","APSBF",1,TRUE,"",0,0,0,10,"","",0,0,"other"
2306,"Asia Pacific Open Snooker Championship - Group J","2025-03-31","2025-04-01","",2024,"Amateur",9,"Commercial Club Albury","Albury","Australia","snooker",2297,"Both","O","https://apsbf.com/result-detail.aspx/2025/asia-pacific-open-snooker-championship-2025","","Q","","Asia Pacific Open - J",0,"",0,FALSE,2,"","APSBF",1,TRUE,"",0,0,0,10,"","",0,0,"other"
2307,"Asia Pacific Open Snooker Championship - Group K","2025-03-31","2025-04-01","",2024,"Amateur",10,"Commercial Club Albury","Albury","Australia","snooker",2297,"Both","O","https://apsbf.com/result-detail.aspx/2025/asia-pacific-open-snooker-championship-2025","","Q","","Asia Pacific Open - K",0,"",0,FALSE,2,"","APSBF",1,TRUE,"",0,0,0,10,"","",0,0,"other"
2308,"Asia Pacific Open Snooker Championship - Group L","2025-03-31","2025-04-01","",2024,"Amateur",11,"Commercial Club Albury","Albury","Australia","snooker",2297,"Both","O","https://apsbf.com/result-detail.aspx/2025/asia-pacific-open-snooker-championship-2025","","Q","","Asia Pacific Open - L",0,"",0,FALSE,2,"","APSBF",1,TRUE,"",0,0,0,6,"","",0,0,"other"
2309,"Asia Pacific Open Snooker Championship - Group M","2025-03-31","2025-04-01","",2024,"Amateur",12,"Commercial Club Albury","Albury","Australia","snooker",2297,"Both","O","https://apsbf.com/result-detail.aspx/2025/asia-pacific-open-snooker-championship-2025","","Q","","Asia Pacific Open - M",0,"",0,FALSE,2,"","APSBF",1,TRUE,"",0,0,0,6,"","",0,0,"other"
2297,"Asia Pacific Open Snooker Championship","2025-03-31","2025-04-03","",2024,"Amateur",0,"Commercial Club Albury","Albury","Australia","snooker",2297,"Both","O","https://apsbf.com/result-detail.aspx/2025/asia-pacific-open-snooker-championship-2025","","F","","Asia Pacific Open",0,"",0,FALSE,3,"","APSBF",1,TRUE,"",58,0,0,35,"The winner will earn a two-year card on the World Snooker Tour","",2498,0,"other"
1946,"Tour Championship","2025-03-31","2025-04-06","Sportsbet.io",2024,"Ranking",0,"Manchester Central","Manchester","England","snooker",1946,"Both","O","https://www.wst.tv/tourchampionship","","F","TC","",0,"WR",6417,FALSE,1,"","TourChampionship",1,TRUE,"",12,0,0,11,"","<a href=""https://www.itv.com/watch?channel=itv4"">ITV</a>, Eurosport/<a href=""https://www.discoveryplus.com/"">Discovery+</a>, <a href=""https://www.wst.tv/videos"">WST Play</a>, <a href=""https://www.huya.com/880214"">Huya</a> & <a href=""https://www.wst.tv/news/2025/march/26/how-to-watch-the-sportsbet-io-tour-championship/"">more</a>",1,1459,"main"
2042,"World Championship Qualifiers","2025-04-07","2025-04-16","",2024,"Qualifying",0,"English Institute of Sport","Sheffield","England","snooker",1942,"Both","O","","world","Q","WC","",0,"WR",0,FALSE,1,"","WorldSnookerChampionship ",1,TRUE,"",0,0,0,112,"","<a href=""https://www.discoveryplus.com/"">Discovery+</a>, <a href=""https://www.wst.tv/videos"">WST Play</a>, <a href=""https://www.huya.com/880214"">Huya</a> & <a href=""https://www.wst.tv/news/2025/april/04/how-to-watch-the-halo-world-championship-qualifiers-and-judgement-day/"">more</a>",0,0,"main"
1942,"World Championship","2025-04-19","2025-05-05","Halo",2024,"Ranking",0,"Crucible Theatre","Sheffield","England","snooker",1942,"Both","O","","world","F","WC","",0,"WR",2025,FALSE,1,"","WorldSnookerChampionship ",1,TRUE,"",144,0,0,31,"","<a href=""http://www.bbc.co.uk/iplayer"">BBC</a>, TNT/Eurosport/<a href=""https://www.discoveryplus.com/en/sport/snooker"">Discovery+</a>, <a href=""https://www.wst.tv/videos"">WST Play</a> & <a href=""https://www.wst.tv/news/2025/april/09/how-to-watch-the-halo-world-championship/"">more</a>",39,1460,"main"
2288,"World Seniors Championship","2025-05-07","2025-05-11","JENNINGSbet",2024,"Ranking",0,"Crucible Theatre","Sheffield","England","snooker",2288,"Both","S","","seniors","F","SWC","",0,"",0,FALSE,1,"","SeniorsSnooker",1,TRUE,"",16,0,0,15,"","<a href=""https://www.channel5.com"">Channel 5</a>",18,1947,"seniors"
2282,"Qualifying School 1 - Asia & Oceania ","2025-05-13","2025-05-18","",2024,"Qualifying School",1,"","Bangkok","Thailand","snooker",2282,"Both","O","http://www.thailandsnooker.org/","school","QS","","Q School 1 Asia & Oceania",0,"",0,FALSE,1,"","QSchool",1,TRUE,"",86,0,0,84,"","<a href=""https://www.youtube.com/@bsatth/streams"">YouTube</a>",0,1921,"main"
2050,"Helsinki International Snooker Cup","2025-05-17","2025-05-18","Taom",2024,"Invitational",0,"Kulttuuritalo","Helsinki","Finland","snooker",2050,"Both","O","https://snookercup.fi/snookercup/","","F","HISC","",0,"",0,FALSE,1,"","taominternational",0.84,TRUE,"",8,0,0,7,"","",158,1620,"other"
2283,"Qualifying School 2 - Asia & Oceania ","2025-05-19","2025-05-24","",2024,"Qualifying School",0,"BSAT Academy","Bangkok","Thailand","snooker",2283,"Both","O","http://www.thailandsnooker.org/","school","QS","","Q School 2 Asia & Oceania",0,"",0,FALSE,1,"","QSchool",1,TRUE,"",86,0,0,84,"","<a href=""https://www.youtube.com/@bsatth/streams"">YouTube</a>",0,1948,"main"
2353,"Women's World Championship Group A","2025-05-20","2025-05-23","",2024,"Ranking",1,"Changping Gymnasium","Dongguan","China","snooker",2204,"Women","O","","","Q","WWC","",0,"WWR",0,FALSE,3,"","WomensSnooker",1,TRUE,"",0,0,0,10,"","<a href=""https://www.youtube.com/@WPBSA"">YouTube</a>, <a href=""https://www.facebook.com/WomensSnooker/live_videos"">Facebook</a> and <a href=""https://www.huya.com/20072620"">Huya</a>",0,0,"women"
2354,"Women's World Championship Group B","2025-05-20","2025-05-23","",2024,"Ranking",2,"Changping Gymnasium","Dongguan","China","snooker",2204,"Women","O","","","Q","WWC","",0,"WWR",0,FALSE,3,"","WomensSnooker",1,TRUE,"",0,0,0,10,"","<a href=""https://www.youtube.com/@WPBSA"">YouTube</a>, <a href=""https://www.facebook.com/WomensSnooker/live_videos"">Facebook</a> and <a href=""https://www.huya.com/20072620"">Huya</a>",0,0,"women"
2355,"Women's World Championship Group C","2025-05-20","2025-05-23","",2024,"Ranking",3,"Changping Gymnasium","Dongguan","China","snooker",2204,"Women","O","","","Q","WWC","",0,"WWR",0,FALSE,3,"","WomensSnooker",1,TRUE,"",0,0,0,10,"","<a href=""https://www.youtube.com/@WPBSA"">YouTube</a>, <a href=""https://www.facebook.com/WomensSnooker/live_videos"">Facebook</a> and <a href=""https://www.huya.com/20072620"">Huya</a>",0,0,"women"
2356,"Women's World Championship Group D","2025-05-20","2025-05-23","",2024,"Ranking",4,"Changping Gymnasium","Dongguan","China","snooker",2204,"Women","O","","","Q","WWC","",0,"WWR",0,FALSE,3,"","WomensSnooker",1,TRUE,"",0,0,0,6,"","<a href=""https://www.youtube.com/@WPBSA"">YouTube</a>, <a href=""https://www.facebook.com/WomensSnooker/live_videos"">Facebook</a> and <a href=""https://www.huya.com/20072620"">Huya</a>",0,0,"women"
2357,"Women's World Championship Group E","2025-05-20","2025-05-23","",2024,"Ranking",5,"Changping Gymnasium","Dongguan","China","snooker",2204,"Women","O","","","Q","WWC","",0,"WWR",0,FALSE,3,"","WomensSnooker",1,TRUE,"",0,0,0,10,"","<a href=""https://www.youtube.com/@WPBSA"">YouTube</a>, <a href=""https://www.facebook.com/WomensSnooker/live_videos"">Facebook</a> and <a href=""https://www.huya.com/20072620"">Huya</a>",0,0,"women"
2358,"Women's World Championship Group F","2025-05-20","2025-05-23","",2024,"Ranking",6,"Changping Gymnasium","Dongguan","China","snooker",2204,"Women","O","","","Q","WWC","",0,"WWR",0,FALSE,3,"","WomensSnooker",1,TRUE,"",0,0,0,6,"","<a href=""https://www.youtube.com/@WPBSA"">YouTube</a>, <a href=""https://www.facebook.com/WomensSnooker/live_videos"">Facebook</a> and <a href=""https://www.huya.com/20072620"">Huya</a>",0,0,"women"
2359,"Women's World Championship Group G","2025-05-20","2025-05-23","",2024,"Ranking",7,"Changping Gymnasium","Dongguan","China","snooker",2204,"Women","O","","","Q","WWC","",0,"WWR",0,FALSE,3,"","WomensSnooker",1,TRUE,"",0,0,0,10,"","<a href=""https://www.youtube.com/@WPBSA"">YouTube</a>, <a href=""https://www.facebook.com/WomensSnooker/live_videos"">Facebook</a> and <a href=""https://www.huya.com/20072620"">Huya</a>",0,0,"women"
2360,"Women's World Championship Group H","2025-05-20","2025-05-23","",2024,"Ranking",8,"Changping Gymnasium","Dongguan","China","snooker",2204,"Women","O","","","Q","WWC","",0,"WWR",0,FALSE,3,"","WomensSnooker",1,TRUE,"",0,0,0,10,"","<a href=""https://www.youtube.com/@WPBSA"">YouTube</a>, <a href=""https://www.facebook.com/WomensSnooker/live_videos"">Facebook</a> and <a href=""https://www.huya.com/20072620"">Huya</a>",0,0,"women"
2361,"Women's World Championship Group I","2025-05-20","2025-05-23","",2024,"Ranking",9,"Changping Gymnasium","Dongguan","China","snooker",2204,"Women","O","","","Q","WWC","",0,"WWR",0,FALSE,3,"","WomensSnooker",1,TRUE,"",0,0,0,10,"","<a href=""https://www.youtube.com/@WPBSA"">YouTube</a>, <a href=""https://www.facebook.com/WomensSnooker/live_videos"">Facebook</a> and <a href=""https://www.huya.com/20072620"">Huya</a>",0,0,"women"
2362,"Women's World Championship Group J","2025-05-20","2025-05-23","",2024,"Ranking",10,"Changping Gymnasium","Dongguan","China","snooker",2204,"Women","O","","","Q","WWC","",0,"WWR",0,FALSE,3,"","WomensSnooker",1,TRUE,"",0,0,0,10,"","<a href=""https://www.youtube.com/@WPBSA"">YouTube</a>, <a href=""https://www.facebook.com/WomensSnooker/live_videos"">Facebook</a> and <a href=""https://www.huya.com/20072620"">Huya</a>",0,0,"women"
2363,"Women's World Championship Group K","2025-05-20","2025-05-23","",2024,"Ranking",11,"Changping Gymnasium","Dongguan","China","snooker",2204,"Women","O","","","Q","WWC","",0,"WWR",0,FALSE,3,"","WomensSnooker",1,TRUE,"",0,0,0,10,"","<a href=""https://www.youtube.com/@WPBSA"">YouTube</a>, <a href=""https://www.facebook.com/WomensSnooker/live_videos"">Facebook</a> and <a href=""https://www.huya.com/20072620"">Huya</a>",0,0,"women"
2364,"Women's World Championship Group L","2025-05-20","2025-05-23","",2024,"Ranking",12,"Changping Gymnasium","Dongguan","China","snooker",2204,"Women","O","","","Q","WWC","",0,"WWR",0,FALSE,3,"","WomensSnooker",1,TRUE,"",0,0,0,6,"","<a href=""https://www.youtube.com/@WPBSA"">YouTube</a>, <a href=""https://www.facebook.com/WomensSnooker/live_videos"">Facebook</a> and <a href=""https://www.huya.com/20072620"">Huya</a>",0,0,"women"
2365,"Women's World Championship Group M","2025-05-20","2025-05-23","",2024,"Ranking",13,"Changping Gymnasium","Dongguan","China","snooker",2204,"Women","O","","","Q","WWC","",0,"WWR",0,FALSE,3,"","WomensSnooker",1,TRUE,"",0,0,0,10,"","<a href=""https://www.youtube.com/@WPBSA"">YouTube</a>, <a href=""https://www.facebook.com/WomensSnooker/live_videos"">Facebook</a> and <a href=""https://www.huya.com/20072620"">Huya</a>",0,0,"women"
2366,"Women's World Championship Group N","2025-05-20","2025-05-23","",2024,"Ranking",14,"Changping Gymnasium","Dongguan","China","snooker",2204,"Women","O","","","Q","WWC","",0,"WWR",0,FALSE,3,"","WomensSnooker",1,TRUE,"",0,0,0,10,"","<a href=""https://www.youtube.com/@WPBSA"">YouTube</a>, <a href=""https://www.facebook.com/WomensSnooker/live_videos"">Facebook</a> and <a href=""https://www.huya.com/20072620"">Huya</a>",0,0,"women"
2367,"Women's World Championship Group O","2025-05-20","2025-05-23","",2024,"Ranking",15,"Changping Gymnasium","Dongguan","China","snooker",2204,"Women","O","","","Q","WWC","",0,"WWR",0,FALSE,3,"","WomensSnooker",1,TRUE,"",0,0,0,10,"","<a href=""https://www.youtube.com/@WPBSA"">YouTube</a>, <a href=""https://www.facebook.com/WomensSnooker/live_videos"">Facebook</a> and <a href=""https://www.huya.com/20072620"">Huya</a>",0,0,"women"
2204,"Women's World Championship","2025-05-20","2025-05-27","Nanjiang",2024,"Ranking",0,"Changping Gymnasium","Dongguan","China","snooker",2204,"Women","O","","","F","WWC","",0,"WWR",0,FALSE,3,"","WomensSnooker",1,TRUE,"",72,0,0,31,"","<a href=""https://www.youtube.com/@WPBSA/streams"">YouTube</a>, <a href=""https://www.facebook.com/WomensSnooker/live_videos"">Facebook</a> and <a href=""https://www.huya.com/20072620"">Huya</a>",2616,1742,"women"
2284,"Q School 1","2025-05-21","2025-05-26","",2024,"Qualifying School",0,"Mattioli Arena","Leicester","England","snooker",2284,"Both","O","https://www.wst.tv/matches/4a5ac8cb-325e-4316-bdf9-367abee05abd","school","QS","","",0,"QS",0,FALSE,1,"","QSchool",1,TRUE,"",171,0,0,167,"","<a href=""https://www.wst.tv/live"">WST Play</a> (tbl 1 & 2) and <a href=""https://www.youtube.com/@worldsnookertour/streams"">YouTube</a> (tbl 1)<!-- and <a href=""https://www.facebook.com/WorldSnookerTour/live_videos"">Facebook</a>-->",0,1932,"main"
2285,"Q School 2","2025-05-27","2025-06-01","",2024,"Qualifying School",0,"Mattioli Arena","Leicester","England","snooker",2285,"Both","O","https://www.wst.tv/matches/4a5ac8cb-325e-4316-bdf9-367abee05abd","school","QS","","",0,"QS",0,FALSE,1,"","QSchool",1,TRUE,"",171,0,0,167,"","<a href=""https://www.wst.tv/live/"">WST Play</a>, <a href=""https://www.youtube.com/@worldsnookertour/streams"">YouTube</a> and <a href=""https://www.facebook.com/WorldSnookerTour/live_videos"">Facebook</a>",0,1945,"main"
