"ID","Name","StartDate","EndDate","Sponsor","Season","Type","Num","Venue","City","Country","Discipline","Main","Sex","AgeGroup","Url","Related","Stage","ValueType","ShortName","WorldSnookerId","RankingType","EventPredictionID","Team","Format","Twitter","HashTag","ConversionRate","AllRoundsAdded","PhotoURLs","NumCompetitors","NumUpcoming","NumActive","NumResults","Note","CommonNote","DefendingChampion","PreviousEdition","Tour"
1508,"Championship League Stage One Group 3","2023-06-26","2023-06-26","",2023,"Ranking",14,"Morningside Arena ","Leicester","England","snooker",1461,"Both","O","","","Q","CLR","",0,"WR",0,FALSE,2,"","",1,TRUE,"",0,0,0,6,"","<a href=""https://viaplay.com/gb-en/?gclid=CjwKCAjwvpCkBhB4EiwAujULMgVzhLz__pLY_8XGsgaxWKjb0TyoWjhtirCLsOSga9xGnMWeO5ai3RoCbO8QAvD_BwE&gclsrc=aw.ds"">Viaplay</a>, <a href=""https://matchroom.live/sports/snooker"">Matchroom.live</a> and <a href=""https://championshipleaguesnooker.co.uk/watch/"">more</a>",0,0,"main"
1535,"Championship League Stage One Group 30","2023-06-26","2023-06-26","",2023,"Ranking",41,"Morningside Arena ","Leicester","England","snooker",1461,"Both","O","","","Q","CLR","",0,"WR",0,FALSE,2,"","",1,TRUE,"",0,0,0,6,"","<a href=""https://viaplay.com/gb-en/?gclid=CjwKCAjwvpCkBhB4EiwAujULMgVzhLz__pLY_8XGsgaxWKjb0TyoWjhtirCLsOSga9xGnMWeO5ai3RoCbO8QAvD_BwE&gclsrc=aw.ds"">Viaplay</a>, <a href=""https://matchroom.live/sports/snooker"">Matchroom.live</a> and <a href=""https://championshipleaguesnooker.co.uk/watch/"">more</a>",0,0,"main"
1461,"Championship League","2023-06-26","2023-07-21","BetVictor",2023,"Ranking",0,"Morningside Arena ","Leicester","England","snooker",1461,"Both","O","https://championshipleaguesnooker.co.uk/ranking/","","F","CLR","",0,"WR",0,FALSE,1,"CLSnooker","ChampionshipLeagueSnooker",1,TRUE,"",128,0,0,1,"","<a href=""https://viaplay.com/gb-en/?gclid=CjwKCAjwvpCkBhB4EiwAujULMgVzhLz__pLY_8XGsgaxWKjb0TyoWjhtirCLsOSga9xGnMWeO5ai3RoCbO8QAvD_BwE&gclsrc=aw.ds"">Viaplay</a>, <a href=""https://matchroom.live/sports/snooker"">Matchroom.live</a> and <a href=""https://championshipleaguesnooker.co.uk/watch/"">more</a>",101,1285,"main"
1516,"Championship League Stage One Group 11","2023-06-27","2023-06-27","",2023,"Ranking",22,"Morningside Arena ","Leicester","England","snooker",1461,"Both","O","","","Q","CLR","",0,"WR",0,FALSE,2,"","",1,TRUE,"",0,0,0,6,"","<a href=""https://viaplay.com/gb-en/?gclid=CjwKCAjwvpCkBhB4EiwAujULMgVzhLz__pLY_8XGsgaxWKjb0TyoWjhtirCLsOSga9xGnMWeO5ai3RoCbO8QAvD_BwE&gclsrc=aw.ds"">Viaplay</a>, <a href=""https://matchroom.live/sports/snooker"">Matchroom.live</a> and <a href=""https://championshipleaguesnooker.co.uk/watch/"">more</a>",0,0,"main"
1526,"Championship League Stage One Group 21","2023-06-27","2023-06-27","",2023,"Ranking",32,"Morningside Arena ","Leicester","England","snooker",1461,"Both","O","","","Q","CLR","",0,"WR",0,FALSE,2,"","",1,TRUE,"",0,0,0,6,"","<a href=""https://viaplay.com/gb-en/?gclid=CjwKCAjwvpCkBhB4EiwAujULMgVzhLz__pLY_8XGsgaxWKjb0TyoWjhtirCLsOSga9xGnMWeO5ai3RoCbO8QAvD_BwE&gclsrc=aw.ds"">Viaplay</a>, <a href=""https://matchroom.live/sports/snooker"">Matchroom.live</a> and <a href=""https://championshipleaguesnooker.co.uk/watch/"">more</a>",0,0,"main"
1515,"Championship League Stage One Group 10","2023-06-28","2023-06-28","",2023,"Ranking",21,"Morningside Arena ","Leicester","England","snooker",1461,"Both","O","","","Q","CLR","",0,"WR",0,FALSE,2,"","",1,TRUE,"",0,0,0,6,"","<a href=""https://viaplay.com/gb-en/?gclid=CjwKCAjwvpCkBhB4EiwAujULMgVzhLz__pLY_8XGsgaxWKjb0TyoWjhtirCLsOSga9xGnMWeO5ai3RoCbO8QAvD_BwE&gclsrc=aw.ds"">Viaplay</a>, <a href=""https://matchroom.live/sports/snooker"">Matchroom.live</a> and <a href=""https://championshipleaguesnooker.co.uk/watch/"">more</a>",0,0,"main"
1527,"Championship League Stage One Group 22","2023-06-28","2023-06-28","",2023,"Ranking",33,"Morningside Arena ","Leicester","England","snooker",1461,"Both","O","","","Q","CLR","",0,"WR",0,FALSE,2,"","",1,TRUE,"",0,0,0,6,"","<a href=""https://viaplay.com/gb-en/?gclid=CjwKCAjwvpCkBhB4EiwAujULMgVzhLz__pLY_8XGsgaxWKjb0TyoWjhtirCLsOSga9xGnMWeO5ai3RoCbO8QAvD_BwE&gclsrc=aw.ds"">Viaplay</a>, <a href=""https://matchroom.live/sports/snooker"">Matchroom.live</a> and <a href=""https://championshipleaguesnooker.co.uk/watch/"">more</a>",0,0,"main"
1510,"Championship League Stage One Group 5","2023-06-29","2023-06-29","",2023,"Ranking",16,"Morningside Arena ","Leicester","England","snooker",1461,"Both","O","","","Q","CLR","",0,"WR",0,FALSE,2,"","",1,TRUE,"",0,0,0,6,"","<a href=""https://viaplay.com/gb-en/?gclid=CjwKCAjwvpCkBhB4EiwAujULMgVzhLz__pLY_8XGsgaxWKjb0TyoWjhtirCLsOSga9xGnMWeO5ai3RoCbO8QAvD_BwE&gclsrc=aw.ds"">Viaplay</a>, <a href=""https://matchroom.live/sports/snooker"">Matchroom.live</a> and <a href=""https://championshipleaguesnooker.co.uk/watch/"">more</a>",0,0,"main"
1534,"Championship League Stage One Group 29","2023-06-29","2023-06-29","",2023,"Ranking",40,"Morningside Arena ","Leicester","England","snooker",1461,"Both","O","","","Q","CLR","",0,"WR",0,FALSE,2,"","",1,TRUE,"",0,0,0,6,"","<a href=""https://viaplay.com/gb-en/?gclid=CjwKCAjwvpCkBhB4EiwAujULMgVzhLz__pLY_8XGsgaxWKjb0TyoWjhtirCLsOSga9xGnMWeO5ai3RoCbO8QAvD_BwE&gclsrc=aw.ds"">Viaplay</a>, <a href=""https://matchroom.live/sports/snooker"">Matchroom.live</a> and <a href=""https://championshipleaguesnooker.co.uk/watch/"">more</a>",0,0,"main"
1511,"Championship League Stage One Group 6","2023-06-30","2023-06-30","",2023,"Ranking",17,"Morningside Arena ","Leicester","England","snooker",1461,"Both","O","","","Q","CLR","",0,"WR",0,FALSE,2,"","",1,TRUE,"",0,0,0,6,"","<a href=""https://viaplay.com/gb-en/?gclid=CjwKCAjwvpCkBhB4EiwAujULMgVzhLz__pLY_8XGsgaxWKjb0TyoWjhtirCLsOSga9xGnMWeO5ai3RoCbO8QAvD_BwE&gclsrc=aw.ds"">Viaplay</a>, <a href=""https://matchroom.live/sports/snooker"">Matchroom.live</a> and <a href=""https://championshipleaguesnooker.co.uk/watch/"">more</a>",0,0,"main"
1532,"Championship League Stage One Group 27","2023-06-30","2023-06-30","",2023,"Ranking",38,"Morningside Arena ","Leicester","England","snooker",1461,"Both","O","","","Q","CLR","",0,"WR",0,FALSE,2,"","",1,TRUE,"",0,0,0,6,"","<a href=""https://viaplay.com/gb-en/?gclid=CjwKCAjwvpCkBhB4EiwAujULMgVzhLz__pLY_8XGsgaxWKjb0TyoWjhtirCLsOSga9xGnMWeO5ai3RoCbO8QAvD_BwE&gclsrc=aw.ds"">Viaplay</a>, <a href=""https://matchroom.live/sports/snooker"">Matchroom.live</a> and <a href=""https://championshipleaguesnooker.co.uk/watch/"">more</a>",0,0,"main"
1521,"Championship League Stage One Group 16","2023-07-03","2023-07-03","",2023,"Ranking",27,"Morningside Arena ","Leicester","England","snooker",1461,"Both","O","","","Q","CLR","",0,"WR",0,FALSE,2,"","",1,TRUE,"",0,0,0,6,"","<a href=""https://viaplay.com/gb-en/?gclid=CjwKCAjwvpCkBhB4EiwAujULMgVzhLz__pLY_8XGsgaxWKjb0TyoWjhtirCLsOSga9xGnMWeO5ai3RoCbO8QAvD_BwE&gclsrc=aw.ds"">Viaplay</a>, <a href=""https://matchroom.live/sports/snooker"">Matchroom.live</a> and <a href=""https://championshipleaguesnooker.co.uk/watch/"">more</a>",0,0,"main"
1537,"Championship League Stage One Group 32","2023-07-03","2023-07-03","",2023,"Ranking",43,"Morningside Arena ","Leicester","England","snooker",1461,"Both","O","","","Q","CLR","",0,"WR",0,FALSE,2,"","",1,TRUE,"",0,0,0,6,"","<a href=""https://viaplay.com/gb-en/?gclid=CjwKCAjwvpCkBhB4EiwAujULMgVzhLz__pLY_8XGsgaxWKjb0TyoWjhtirCLsOSga9xGnMWeO5ai3RoCbO8QAvD_BwE&gclsrc=aw.ds"">Viaplay</a>, <a href=""https://matchroom.live/sports/snooker"">Matchroom.live</a> and <a href=""https://championshipleaguesnooker.co.uk/watch/"">more</a>",0,0,"main"
1520,"Championship League Stage One Group 15","2023-07-04","2023-07-04","",2023,"Ranking",26,"Morningside Arena ","Leicester","England","snooker",1461,"Both","O","","","Q","CLR","",0,"WR",0,FALSE,2,"","",1,TRUE,"",0,0,0,6,"","<a href=""https://viaplay.com/gb-en/?gclid=CjwKCAjwvpCkBhB4EiwAujULMgVzhLz__pLY_8XGsgaxWKjb0TyoWjhtirCLsOSga9xGnMWeO5ai3RoCbO8QAvD_BwE&gclsrc=aw.ds"">Viaplay</a>, <a href=""https://matchroom.live/sports/snooker"">Matchroom.live</a> and <a href=""https://championshipleaguesnooker.co.uk/watch/"">more</a>",0,0,"main"
1533,"Championship League Stage One Group 28","2023-07-04","2023-07-04","",2023,"Ranking",39,"Morningside Arena ","Leicester","England","snooker",1461,"Both","O","","","Q","CLR","",0,"WR",0,FALSE,2,"","",1,TRUE,"",0,0,0,6,"","<a href=""https://viaplay.com/gb-en/?gclid=CjwKCAjwvpCkBhB4EiwAujULMgVzhLz__pLY_8XGsgaxWKjb0TyoWjhtirCLsOSga9xGnMWeO5ai3RoCbO8QAvD_BwE&gclsrc=aw.ds"">Viaplay</a>, <a href=""https://matchroom.live/sports/snooker"">Matchroom.live</a> and <a href=""https://championshipleaguesnooker.co.uk/watch/"">more</a>",0,0,"main"
1522,"Championship League Stage One Group 17","2023-07-05","2023-07-05","",2023,"Ranking",28,"Morningside Arena ","Leicester","England","snooker",1461,"Both","O","","","Q","CLR","",0,"WR",0,FALSE,2,"","",1,TRUE,"",0,0,0,6,"","<a href=""https://viaplay.com/gb-en/?gclid=CjwKCAjwvpCkBhB4EiwAujULMgVzhLz__pLY_8XGsgaxWKjb0TyoWjhtirCLsOSga9xGnMWeO5ai3RoCbO8QAvD_BwE&gclsrc=aw.ds"">Viaplay</a>, <a href=""https://matchroom.live/sports/snooker"">Matchroom.live</a> and <a href=""https://championshipleaguesnooker.co.uk/watch/"">more</a>",0,0,"main"
1531,"Championship League Stage One Group 26","2023-07-05","2023-07-05","",2023,"Ranking",37,"Morningside Arena ","Leicester","England","snooker",1461,"Both","O","","","Q","CLR","",0,"WR",0,FALSE,2,"","",1,TRUE,"",0,0,0,6,"","<a href=""https://viaplay.com/gb-en/?gclid=CjwKCAjwvpCkBhB4EiwAujULMgVzhLz__pLY_8XGsgaxWKjb0TyoWjhtirCLsOSga9xGnMWeO5ai3RoCbO8QAvD_BwE&gclsrc=aw.ds"">Viaplay</a>, <a href=""https://matchroom.live/sports/snooker"">Matchroom.live</a> and <a href=""https://championshipleaguesnooker.co.uk/watch/"">more</a>",0,0,"main"
1512,"Championship League Stage One Group 7","2023-07-06","2023-07-06","",2023,"Ranking",18,"Morningside Arena ","Leicester","England","snooker",1461,"Both","O","","","Q","CLR","",0,"WR",0,FALSE,2,"","",1,TRUE,"",0,0,0,6,"","",0,0,"main"
1529,"Championship League Stage One Group 24","2023-07-06","2023-07-06","",2023,"Ranking",35,"Morningside Arena ","Leicester","England","snooker",1461,"Both","O","","","Q","CLR","",0,"WR",0,FALSE,2,"","",1,TRUE,"",0,0,0,6,"","<a href=""https://viaplay.com/gb-en/?gclid=CjwKCAjwvpCkBhB4EiwAujULMgVzhLz__pLY_8XGsgaxWKjb0TyoWjhtirCLsOSga9xGnMWeO5ai3RoCbO8QAvD_BwE&gclsrc=aw.ds"">Viaplay</a>, <a href=""https://matchroom.live/sports/snooker"">Matchroom.live</a> and <a href=""https://championshipleaguesnooker.co.uk/watch/"">more</a>",0,0,"main"
1513,"Championship League Stage One Group 8","2023-07-07","2023-07-07","",2023,"Ranking",19,"Morningside Arena ","Leicester","England","snooker",1461,"Both","O","","","Q","CLR","",0,"WR",0,FALSE,2,"","",1,TRUE,"",0,0,0,6,"","<a href=""https://viaplay.com/gb-en/?gclid=CjwKCAjwvpCkBhB4EiwAujULMgVzhLz__pLY_8XGsgaxWKjb0TyoWjhtirCLsOSga9xGnMWeO5ai3RoCbO8QAvD_BwE&gclsrc=aw.ds"">Viaplay</a>, <a href=""https://matchroom.live/sports/snooker"">Matchroom.live</a> and <a href=""https://championshipleaguesnooker.co.uk/watch/"">more</a>",0,0,"main"
1528,"Championship League Stage One Group 23","2023-07-07","2023-07-07","",2023,"Ranking",34,"Morningside Arena ","Leicester","England","snooker",1461,"Both","O","","","Q","CLR","",0,"WR",0,FALSE,2,"","",1,TRUE,"",0,0,0,6,"","<a href=""https://viaplay.com/gb-en/?gclid=CjwKCAjwvpCkBhB4EiwAujULMgVzhLz__pLY_8XGsgaxWKjb0TyoWjhtirCLsOSga9xGnMWeO5ai3RoCbO8QAvD_BwE&gclsrc=aw.ds"">Viaplay</a>, <a href=""https://matchroom.live/sports/snooker"">Matchroom.live</a> and <a href=""https://championshipleaguesnooker.co.uk/watch/"">more</a>",0,0,"main"
1525,"Championship League Stage One Group 20","2023-07-08","2023-07-08","",2023,"Ranking",31,"Morningside Arena ","Leicester","England","snooker",1461,"Both","O","","","Q","CLR","",0,"WR",0,FALSE,2,"","",1,TRUE,"",0,0,0,6,"","<a href=""https://viaplay.com/gb-en/?gclid=CjwKCAjwvpCkBhB4EiwAujULMgVzhLz__pLY_8XGsgaxWKjb0TyoWjhtirCLsOSga9xGnMWeO5ai3RoCbO8QAvD_BwE&gclsrc=aw.ds"">Viaplay</a>, <a href=""https://matchroom.live/sports/snooker"">Matchroom.live</a> and <a href=""https://championshipleaguesnooker.co.uk/watch/"">more</a>",0,0,"main"
1530,"Championship League Stage One Group 25","2023-07-08","2023-07-08","",2023,"Ranking",36,"Morningside Arena ","Leicester","England","snooker",1461,"Both","O","","","Q","CLR","",0,"WR",0,FALSE,2,"","",1,TRUE,"",0,0,0,6,"","<a href=""https://viaplay.com/gb-en/?gclid=CjwKCAjwvpCkBhB4EiwAujULMgVzhLz__pLY_8XGsgaxWKjb0TyoWjhtirCLsOSga9xGnMWeO5ai3RoCbO8QAvD_BwE&gclsrc=aw.ds"">Viaplay</a>, <a href=""https://matchroom.live/sports/snooker"">Matchroom.live</a> and <a href=""https://championshipleaguesnooker.co.uk/watch/"">more</a>",0,0,"main"
1506,"Championship League Stage One Group 1","2023-07-10","2023-07-10","",2023,"Ranking",12,"Morningside Arena ","Leicester","England","snooker",1461,"Both","O","","","Q","CLR","",0,"WR",0,FALSE,2,"","",1,TRUE,"",0,0,0,6,"","<a href=""https://viaplay.com/gb-en/?gclid=CjwKCAjwvpCkBhB4EiwAujULMgVzhLz__pLY_8XGsgaxWKjb0TyoWjhtirCLsOSga9xGnMWeO5ai3RoCbO8QAvD_BwE&gclsrc=aw.ds"">Viaplay</a>, <a href=""https://matchroom.live/sports/snooker"">Matchroom.live</a> and <a href=""https://championshipleaguesnooker.co.uk/watch/"">more</a>",0,0,"main"
1524,"Championship League Stage One Group 19","2023-07-10","2023-07-10","",2023,"Ranking",30,"Morningside Arena ","Leicester","England","snooker",1461,"Both","O","","","Q","CLR","",0,"WR",0,FALSE,2,"","",1,TRUE,"",0,0,0,6,"","<a href=""https://viaplay.com/gb-en/?gclid=CjwKCAjwvpCkBhB4EiwAujULMgVzhLz__pLY_8XGsgaxWKjb0TyoWjhtirCLsOSga9xGnMWeO5ai3RoCbO8QAvD_BwE&gclsrc=aw.ds"">Viaplay</a>, <a href=""https://matchroom.live/sports/snooker"">Matchroom.live</a> and <a href=""https://championshipleaguesnooker.co.uk/watch/"">more</a>",0,0,"main"
1507,"Championship League Stage One Group 2","2023-07-11","2023-07-11","",2023,"Ranking",13,"Morningside Arena ","Leicester","England","snooker",1461,"Both","O","","","Q","CLR","",0,"WR",0,FALSE,2,"","",1,TRUE,"",0,0,0,6,"","<a href=""https://viaplay.com/gb-en/?gclid=CjwKCAjwvpCkBhB4EiwAujULMgVzhLz__pLY_8XGsgaxWKjb0TyoWjhtirCLsOSga9xGnMWeO5ai3RoCbO8QAvD_BwE&gclsrc=aw.ds"">Viaplay</a>, <a href=""https://matchroom.live/sports/snooker"">Matchroom.live</a> and <a href=""https://championshipleaguesnooker.co.uk/watch/"">more</a>",0,0,"main"
1523,"Championship League Stage One Group 18","2023-07-11","2023-07-11","",2023,"Ranking",29,"Morningside Arena ","Leicester","England","snooker",1461,"Both","O","","","Q","CLR","",0,"WR",0,FALSE,2,"","",1,TRUE,"",0,0,0,6,"","<a href=""https://viaplay.com/gb-en/?gclid=CjwKCAjwvpCkBhB4EiwAujULMgVzhLz__pLY_8XGsgaxWKjb0TyoWjhtirCLsOSga9xGnMWeO5ai3RoCbO8QAvD_BwE&gclsrc=aw.ds"">Viaplay</a>, <a href=""https://matchroom.live/sports/snooker"">Matchroom.live</a> and <a href=""https://championshipleaguesnooker.co.uk/watch/"">more</a>",0,0,"main"
1509,"Championship League Stage One Group 4","2023-07-12","2023-07-12","",2023,"Ranking",15,"Morningside Arena ","Leicester","England","snooker",1461,"Both","O","","","Q","CLR","",0,"WR",0,FALSE,2,"","",1,TRUE,"",0,0,0,6,"","<a href=""https://viaplay.com/gb-en/?gclid=CjwKCAjwvpCkBhB4EiwAujULMgVzhLz__pLY_8XGsgaxWKjb0TyoWjhtirCLsOSga9xGnMWeO5ai3RoCbO8QAvD_BwE&gclsrc=aw.ds"">Viaplay</a>, <a href=""https://matchroom.live/sports/snooker"">Matchroom.live</a> and <a href=""https://championshipleaguesnooker.co.uk/watch/"">more</a>",0,0,"main"
1517,"Championship League Stage One Group 12","2023-07-12","2023-07-12","",2023,"Ranking",23,"Morningside Arena ","Leicester","England","snooker",1461,"Both","O","","","Q","CLR","",0,"WR",0,FALSE,2,"","",1,TRUE,"",0,0,0,6,"","<a href=""https://viaplay.com/gb-en/?gclid=CjwKCAjwvpCkBhB4EiwAujULMgVzhLz__pLY_8XGsgaxWKjb0TyoWjhtirCLsOSga9xGnMWeO5ai3RoCbO8QAvD_BwE&gclsrc=aw.ds"">Viaplay</a>, <a href=""https://matchroom.live/sports/snooker"">Matchroom.live</a> and <a href=""https://championshipleaguesnooker.co.uk/watch/"">more</a>",0,0,"main"
1518,"Championship League Stage One Group 13","2023-07-13","2023-07-13","",2023,"Ranking",24,"Morningside Arena ","Leicester","England","snooker",1461,"Both","O","","","Q","CLR","",0,"WR",0,FALSE,2,"","",1,TRUE,"",0,0,0,6,"","<a href=""https://viaplay.com/gb-en/?gclid=CjwKCAjwvpCkBhB4EiwAujULMgVzhLz__pLY_8XGsgaxWKjb0TyoWjhtirCLsOSga9xGnMWeO5ai3RoCbO8QAvD_BwE&gclsrc=aw.ds"">Viaplay</a>, <a href=""https://matchroom.live/sports/snooker"">Matchroom.live</a> and <a href=""https://championshipleaguesnooker.co.uk/watch/"">more</a>",0,0,"main"
1536,"Championship League Stage One Group 31","2023-07-13","2023-07-13","",2023,"Ranking",42,"Morningside Arena ","Leicester","England","snooker",1461,"Both","O","","","Q","CLR","",0,"WR",0,FALSE,2,"","",1,TRUE,"",0,0,0,6,"","<a href=""https://viaplay.com/gb-en/?gclid=CjwKCAjwvpCkBhB4EiwAujULMgVzhLz__pLY_8XGsgaxWKjb0TyoWjhtirCLsOSga9xGnMWeO5ai3RoCbO8QAvD_BwE&gclsrc=aw.ds"">Viaplay</a>, <a href=""https://matchroom.live/sports/snooker"">Matchroom.live</a> and <a href=""https://championshipleaguesnooker.co.uk/watch/"">more</a>",0,0,"main"
1514,"Championship League Stage One Group 9","2023-07-14","2023-07-14","",2023,"Ranking",20,"Morningside Arena ","Leicester","England","snooker",1461,"Both","O","","","Q","CLR","",0,"WR",0,FALSE,2,"","",1,TRUE,"",0,0,0,6,"","<a href=""https://viaplay.com/gb-en/?gclid=CjwKCAjwvpCkBhB4EiwAujULMgVzhLz__pLY_8XGsgaxWKjb0TyoWjhtirCLsOSga9xGnMWeO5ai3RoCbO8QAvD_BwE&gclsrc=aw.ds"">Viaplay</a>, <a href=""https://matchroom.live/sports/snooker"">Matchroom.live</a> and <a href=""https://championshipleaguesnooker.co.uk/watch/"">more</a>",0,0,"main"
1519,"Championship League Stage One Group 14","2023-07-14","2023-07-14","",2023,"Ranking",25,"Morningside Arena ","Leicester","England","snooker",1461,"Both","O","","","Q","CLR","",0,"WR",0,FALSE,2,"","",1,TRUE,"",0,0,0,6,"","<a href=""https://viaplay.com/gb-en/?gclid=CjwKCAjwvpCkBhB4EiwAujULMgVzhLz__pLY_8XGsgaxWKjb0TyoWjhtirCLsOSga9xGnMWeO5ai3RoCbO8QAvD_BwE&gclsrc=aw.ds"">Viaplay</a>, <a href=""https://matchroom.live/sports/snooker"">Matchroom.live</a> and <a href=""https://championshipleaguesnooker.co.uk/watch/"">more</a>",0,0,"main"
1542,"Championship League Stage Two Group E","2023-07-17","2023-07-17","",2023,"Ranking",8,"Morningside Arena ","Leicester","England","snooker",1461,"Both","O","","","Q","CLR","",0,"WR",0,FALSE,2,"","",1,TRUE,"",0,0,0,6,"","<a href=""https://viaplay.com/gb-en/?gclid=CjwKCAjwvpCkBhB4EiwAujULMgVzhLz__pLY_8XGsgaxWKjb0TyoWjhtirCLsOSga9xGnMWeO5ai3RoCbO8QAvD_BwE&gclsrc=aw.ds"">Viaplay</a>, <a href=""https://matchroom.live/sports/snooker"">Matchroom.live</a> and <a href=""https://championshipleaguesnooker.co.uk/watch/"">more</a>",0,0,"main"
1543,"Championship League Stage Two Group F","2023-07-17","2023-07-17","",2023,"Ranking",9,"Morningside Arena ","Leicester","England","snooker",1461,"Both","O","","","Q","CLR","",0,"WR",0,FALSE,2,"","",1,TRUE,"",0,0,0,6,"","<a href=""https://viaplay.com/gb-en/?gclid=CjwKCAjwvpCkBhB4EiwAujULMgVzhLz__pLY_8XGsgaxWKjb0TyoWjhtirCLsOSga9xGnMWeO5ai3RoCbO8QAvD_BwE&gclsrc=aw.ds"">Viaplay</a>, <a href=""https://matchroom.live/sports/snooker"">Matchroom.live</a> and <a href=""https://championshipleaguesnooker.co.uk/watch/"">more</a>",0,0,"main"
1540,"Championship League Stage Two Group C","2023-07-18","2023-07-18","",2023,"Ranking",6,"Morningside Arena ","Leicester","England","snooker",1461,"Both","O","","","Q","CLR","",0,"WR",0,FALSE,2,"","",1,TRUE,"",0,0,0,6,"","<a href=""https://viaplay.com/gb-en/?gclid=CjwKCAjwvpCkBhB4EiwAujULMgVzhLz__pLY_8XGsgaxWKjb0TyoWjhtirCLsOSga9xGnMWeO5ai3RoCbO8QAvD_BwE&gclsrc=aw.ds"">Viaplay</a>, <a href=""https://matchroom.live/sports/snooker"">Matchroom.live</a> and <a href=""https://championshipleaguesnooker.co.uk/watch/"">more</a>",0,0,"main"
1545,"Championship League Stage Two Group H","2023-07-18","2023-07-18","",2023,"Ranking",11,"Morningside Arena ","Leicester","England","snooker",1461,"Both","O","","","Q","CLR","",0,"WR",0,FALSE,2,"","",1,TRUE,"",0,0,0,6,"","<a href=""https://viaplay.com/gb-en/?gclid=CjwKCAjwvpCkBhB4EiwAujULMgVzhLz__pLY_8XGsgaxWKjb0TyoWjhtirCLsOSga9xGnMWeO5ai3RoCbO8QAvD_BwE&gclsrc=aw.ds"">Viaplay</a>, <a href=""https://matchroom.live/sports/snooker"">Matchroom.live</a> and <a href=""https://championshipleaguesnooker.co.uk/watch/"">more</a>",0,0,"main"
1538,"Championship League Stage Two Group A","2023-07-19","2023-07-19","",2023,"Ranking",4,"Morningside Arena ","Leicester","England","snooker",1461,"Both","O","","","Q","CLR","",0,"WR",0,FALSE,2,"","",1,TRUE,"",0,0,0,6,"","<a href=""https://viaplay.com/gb-en/?gclid=CjwKCAjwvpCkBhB4EiwAujULMgVzhLz__pLY_8XGsgaxWKjb0TyoWjhtirCLsOSga9xGnMWeO5ai3RoCbO8QAvD_BwE&gclsrc=aw.ds"">Viaplay</a>, <a href=""https://matchroom.live/sports/snooker"">Matchroom.live</a> and <a href=""https://championshipleaguesnooker.co.uk/watch/"">more</a>",0,0,"main"
1541,"Championship League Stage Two Group D","2023-07-19","2023-07-19","",2023,"Ranking",7,"Morningside Arena ","Leicester","England","snooker",1461,"Both","O","","","Q","CLR","",0,"WR",0,FALSE,2,"","",1,TRUE,"",0,0,0,6,"","<a href=""https://viaplay.com/gb-en/?gclid=CjwKCAjwvpCkBhB4EiwAujULMgVzhLz__pLY_8XGsgaxWKjb0TyoWjhtirCLsOSga9xGnMWeO5ai3RoCbO8QAvD_BwE&gclsrc=aw.ds"">Viaplay</a>, <a href=""https://matchroom.live/sports/snooker"">Matchroom.live</a> and <a href=""https://championshipleaguesnooker.co.uk/watch/"">more</a>",0,0,"main"
1539,"Championship League Stage Two Group B","2023-07-20","2023-07-20","",2023,"Ranking",5,"Morningside Arena ","Leicester","England","snooker",1461,"Both","O","","","Q","CLR","",0,"WR",0,FALSE,2,"","",1,TRUE,"",0,0,0,6,"","<a href=""https://viaplay.com/gb-en/?gclid=CjwKCAjwvpCkBhB4EiwAujULMgVzhLz__pLY_8XGsgaxWKjb0TyoWjhtirCLsOSga9xGnMWeO5ai3RoCbO8QAvD_BwE&gclsrc=aw.ds"">Viaplay</a>, <a href=""https://matchroom.live/sports/snooker"">Matchroom.live</a> and <a href=""https://championshipleaguesnooker.co.uk/watch/"">more</a>",0,0,"main"
1544,"Championship League Stage Two Group G","2023-07-20","2023-07-20","",2023,"Ranking",10,"Morningside Arena ","Leicester","England","snooker",1461,"Both","O","","","Q","CLR","",0,"WR",0,FALSE,2,"","",1,TRUE,"",0,0,0,6,"","<a href=""https://viaplay.com/gb-en/?gclid=CjwKCAjwvpCkBhB4EiwAujULMgVzhLz__pLY_8XGsgaxWKjb0TyoWjhtirCLsOSga9xGnMWeO5ai3RoCbO8QAvD_BwE&gclsrc=aw.ds"">Viaplay</a>, <a href=""https://matchroom.live/sports/snooker"">Matchroom.live</a> and <a href=""https://championshipleaguesnooker.co.uk/watch/"">more</a>",0,0,"main"
1546,"Championship League Stage Three Group A","2023-07-21","2023-07-21","",2023,"Ranking",2,"Morningside Arena ","Leicester","England","snooker",1461,"Both","O","","","Q","CLR","",0,"WR",0,FALSE,2,"","",1,TRUE,"",0,0,0,6,"","<a href=""https://viaplay.com/gb-en/?gclid=CjwKCAjwvpCkBhB4EiwAujULMgVzhLz__pLY_8XGsgaxWKjb0TyoWjhtirCLsOSga9xGnMWeO5ai3RoCbO8QAvD_BwE&gclsrc=aw.ds"">Viaplay</a>, <a href=""https://matchroom.live/sports/snooker"">Matchroom.live</a> and <a href=""https://championshipleaguesnooker.co.uk/watch/"">more</a>",0,0,"main"
1547,"Championship League Stage Three Group B","2023-07-21","2023-07-21","",2023,"Ranking",3,"Morningside Arena ","Leicester","England","snooker",1461,"Both","O","","","Q","CLR","",0,"WR",0,FALSE,2,"","",1,TRUE,"",0,0,0,6,"","<a href=""https://viaplay.com/gb-en/?gclid=CjwKCAjwvpCkBhB4EiwAujULMgVzhLz__pLY_8XGsgaxWKjb0TyoWjhtirCLsOSga9xGnMWeO5ai3RoCbO8QAvD_BwE&gclsrc=aw.ds"">Viaplay</a>, <a href=""https://matchroom.live/sports/snooker"">Matchroom.live</a> and <a href=""https://championshipleaguesnooker.co.uk/watch/"">more</a>",0,0,"main"
1469,"European Masters Qualifiers","2023-07-25","2023-07-29","",2023,"Qualifying",0,"Morningside Arena ","Leicester","England","snooker",1448,"Both","O","","European","Q","EM","",0,"WR",0,FALSE,1,"","EuropeanMasters",1,TRUE,"",0,0,0,64,"","<a href=""https://www.discoveryplus.com/"">Eurosport/Discovery+</a>, <a href=""https://matchroom.live/sports/snooker"">Matchroom.live</a>  and <a href=""https://wst.tv/how-to-watch-the-betvictor-european-masters-3/"">more</a>",0,0,"main"
1556,"US Women's Open Group A","2023-08-11","2023-08-12","",2023,"Ranking",1,"OX Billiards","Seattle","USA","snooker",1462,"Women","O","","","Q","","",0,"WWR",0,FALSE,2,"","",1,TRUE,"",0,0,0,6,"","",0,0,"women"
1557,"US Women's Open Group B","2023-08-11","2023-08-12","",2023,"Ranking",2,"OX Billiards","Seattle","USA","snooker",1462,"Women","O","","","Q","","",0,"WWR",0,FALSE,2,"","",1,TRUE,"",0,0,0,6,"","",0,0,"women"
1558,"US Women's Open Group C","2023-08-11","2023-08-12","",2023,"Ranking",3,"OX Billiards","Seattle","USA","snooker",1462,"Women","O","","","Q","","",0,"WWR",0,FALSE,2,"","",1,TRUE,"",0,0,0,6,"","",0,0,"women"
1559,"US Women's Open Group D","2023-08-11","2023-08-12","",2023,"Ranking",4,"OX Billiards","Seattle","USA","snooker",1462,"Women","O","","","Q","","",0,"WWR",0,FALSE,2,"","",1,TRUE,"",0,0,0,6,"","",0,0,"women"
1462,"US Women's Open","2023-08-11","2023-08-13","WineCellars.com",2023,"Ranking",0,"OX Billiards","Seattle","USA","snooker",1462,"Women","O","","","F","","",0,"WWR",0,FALSE,1,"","",1,TRUE,"",16,0,0,7,"","",2793,1289,"women"
1470,"British Open Qualifiers","2023-08-14","2023-08-19","",2023,"Qualifying",0,"Morningside Arena ","Leicester","England","snooker",1444,"Both","O","","british","Q","BO","",0,"WR",0,FALSE,1,"","BritishOpen",1,TRUE,"",0,0,0,64,"","<a href=""http://www.itv.com/hub/itv4"">ITV</a>, <a href=""https://www.discoveryplus.com/gb/sports"">Eurosport/Discovery +</a> and <a href=""https://wst.tv/how-to-watch-the-cazoo-british-open-2/"">more</a>",0,0,"main"
1448,"European Masters","2023-08-22","2023-08-27","BetVictor",2023,"Ranking",0,"Kia Metropol Arena","Nuremberg","Germany","snooker",1448,"Both","O","","European","F","EM","",0,"WR",6306,FALSE,1,"","EuropeanMasters",1,TRUE,"",128,0,0,63,"","<a href=""https://www.discoveryplus.com/"">Eurosport/Discovery+</a>, <a href=""https://matchroom.live/sports/snooker"">Matchroom.live</a>  and <a href=""https://wst.tv/how-to-watch-the-betvictor-european-masters-3/"">more</a>",39,1267,"main"
1549,"Q Tour 1","2023-08-25","2023-08-27","",2023,"Ranking",1,"North East Snooker Centre","North Shields","England","snooker",1549,"Both","O","https://snookerscores.net/tournament-manager/202324-q-tour-event-one","qtour","F","QT","",0,"QTR",0,FALSE,1,"","QTour",1,TRUE,"",115,0,0,114,"","",0,0,"q"
1472,"Wuhan Open Qualifiers","2023-09-01","2023-09-05","",2023,"Qualifying",0,"Morningside Arena ","Leicester","England","snooker",1467,"Both","O","","","Q","","",0,"WR",0,FALSE,1,"","",1,TRUE,"",0,0,0,64,"","<a href=""https://www.discoveryplus.com/"">Eurosport/Discovery+</a>, <a href=""https://matchroom.live/sports/snooker"">Matchroom.live</a>  and <a href=""https://wst.tv/how-to-watch-the-wuhan-open/"">more</a>",0,0,"main"
1471,"English Open Qualifiers","2023-09-06","2023-09-08","",2023,"Qualifying",0,"Morningside Arena ","Leicester","England","snooker",1449,"Both","O","","","Q","EO","",0,"WR",0,FALSE,1,"","EnglishOpen ",1,TRUE,"",0,0,0,65,"","<a href=""https://www.discoveryplus.com/"">Eurosport/Discovery+</a>, <a href=""https://matchroom.live/sports/snooker"">Matchroom.live</a>  & <a href=""https://wst.tv/how-to-watch-the-betvictor-english-open-3/"">more</a>",0,0,"main"
1466,"Shanghai Masters","2023-09-11","2023-09-17","",2023,"Invitational",0,"Shanghai Grand Stage","Shanghai","China","snooker",1466,"Both","O","","shanghai","F","SM","",0,"",0,FALSE,1,"","ShanghaiMasters",1,TRUE,"",24,0,0,23,"","<a href=""https://www.discoveryplus.com/"">Eurosport/Discovery+</a>, <a href=""https://matchroom.live/sports/snooker"">Matchroom.live</a>  and <a href=""https://wst.tv/how-to-watch-the-shanghai-masters/"">more</a>",5,855,"main"
1550,"Q Tour 2","2023-09-15","2023-09-17","",2023,"Ranking",2,"Snookerhallen","Stockholm","Sweden","snooker",1550,"Both","O","https://snookerscores.net/tournament-manager/202324-q-tour-event-two","qtour","F","QT","",0,"QTR",0,FALSE,1,"","QTour",1,TRUE,"",105,0,0,104,"","",0,0,"q"
1473,"International Championship Qualifiers","2023-09-18","2023-09-23","",2023,"Qualifying",0,"Ponds Forge International Sports Centre","Sheffield","England","snooker",1468,"Both","O","","international","Q","IC","",0,"WR",0,FALSE,1,"","InternationalChampionship",1,TRUE,"",0,0,0,65,"","<a href=""https://www.discoveryplus.com/"">Eurosport/Discovery+</a>, <a href=""https://matchroom.live/sports/snooker"">Matchroom</a> & <a href=""https://wst.tv/how-to-watch-the-international-championship/"">more</a>",0,0,"main"
1572,"UK Women's Championship Group A","2023-09-22","2023-09-23","",2023,"Ranking",1,"Northern Snooker Centre","Leeds","England","snooker",1463,"Women","O","","","Q","UKL","",0,"WWR",0,FALSE,2,"","",1,TRUE,"",0,0,0,6,"","",0,0,"women"
1573,"UK Women's Championship Group B","2023-09-22","2023-09-23","",2023,"Ranking",2,"Northern Snooker Centre","Leeds","England","snooker",1463,"Women","O","","","Q","UKL","",0,"WWR",0,FALSE,2,"","",1,TRUE,"",0,0,0,6,"","",0,0,"women"
1574,"UK Women's Championship Group C","2023-09-22","2023-09-23","",2023,"Ranking",3,"Northern Snooker Centre","Leeds","England","snooker",1463,"Women","O","","","Q","UKL","",0,"WWR",0,FALSE,2,"","",1,TRUE,"",0,0,0,6,"","",0,0,"women"
1575,"UK Women's Championship Group D","2023-09-22","2023-09-23","",2023,"Ranking",4,"Northern Snooker Centre","Leeds","England","snooker",1463,"Women","O","","","Q","UKL","",0,"WWR",0,FALSE,2,"","",1,TRUE,"",0,0,0,6,"","",0,0,"women"
1576,"UK Women's Championship Group E","2023-09-22","2023-09-23","",2023,"Ranking",5,"Northern Snooker Centre","Leeds","England","snooker",1463,"Women","O","","","Q","UKL","",0,"WWR",0,FALSE,2,"","",1,TRUE,"",0,0,0,6,"","",0,0,"women"
1577,"UK Women's Championship Group F","2023-09-22","2023-09-23","",2023,"Ranking",6,"Northern Snooker Centre","Leeds","England","snooker",1463,"Women","O","","","Q","UKL","",0,"WWR",0,FALSE,2,"","",1,TRUE,"",0,0,0,6,"","",0,0,"women"
1578,"UK Women's Championship Group G","2023-09-22","2023-09-23","",2023,"Ranking",7,"Northern Snooker Centre","Leeds","England","snooker",1463,"Women","O","","","Q","UKL","",0,"WWR",0,FALSE,2,"","",1,TRUE,"",0,0,0,6,"","",0,0,"women"
1579,"UK Women's Championship Group H","2023-09-22","2023-09-23","",2023,"Ranking",8,"Northern Snooker Centre","Leeds","England","snooker",1463,"Women","O","","","Q","UKL","",0,"WWR",0,FALSE,2,"","",1,TRUE,"",0,0,0,6,"","",0,0,"women"
1581,"UK Women's Championship Group J","2023-09-22","2023-09-23","",2023,"Ranking",10,"Northern Snooker Centre","Leeds","England","snooker",1463,"Women","O","","","Q","UKL","",0,"WWR",0,FALSE,2,"","",1,TRUE,"",0,0,0,6,"","",0,0,"women"
1463,"UK Women's Championship","2023-09-22","2023-09-24","Taom",2023,"Ranking",0,"Northern Snooker Centre","Leeds","England","snooker",1463,"Women","O","","","F","UKL","",0,"WWR",0,FALSE,1,"","",1,TRUE,"",45,0,0,24,"","",175,1288,"women"
1580,"UK Women's Championship Group I","2023-09-23","2023-09-23","",2023,"Ranking",9,"Northern Snooker Centre","Leeds","England","snooker",1463,"Women","O","","","Q","UKL","",0,"WWR",0,FALSE,2,"","",1,TRUE,"",0,0,0,6,"","",0,0,"women"
1444,"British Open","2023-09-25","2023-10-01","Cazoo",2023,"Ranking",0,"The Centaur","Cheltenham ","England","snooker",1444,"Both","O","","british","F","BO","",0,"WR",0,FALSE,1,"","BritishOpen",1,TRUE,"",128,0,0,63,"","<a href=""http://www.itv.com/hub/itv4"">ITV</a>, <a href=""https://www.discoveryplus.com/gb/sports"">Eurosport/Discovery +</a> and <a href=""https://wst.tv/how-to-watch-the-cazoo-british-open-2/"">more</a>",68,1268,"main"
1611,"Asia Pacific Q Tour 1 Group A","2023-09-28","2023-09-29","",2023,"Ranking",1,"Cuthberts Green","Christchurch","New Zealand","snooker",1606,"Both","O","","qtour","Q","APQT","",0,"QTR",0,FALSE,2,"","QTour",1,TRUE,"",0,0,0,10,"","",0,0,"q"
1612,"Asia Pacific Q Tour 1 Group B","2023-09-28","2023-09-29","",2023,"Ranking",2,"Cuthberts Green","Christchurch","New Zealand","snooker",1606,"Both","O","","qtour","Q","APQT","",0,"QTR",0,FALSE,2,"","QTour",1,TRUE,"",0,0,0,10,"","",0,0,"q"
1613,"Asia Pacific Q Tour 1 Group C","2023-09-28","2023-09-29","",2023,"Ranking",3,"Cuthberts Green","Christchurch","New Zealand","snooker",1606,"Both","O","","qtour","Q","APQT","",0,"QTR",0,FALSE,2,"","QTour",1,TRUE,"",0,0,0,10,"","",0,0,"q"
1614,"Asia Pacific Q Tour 1 Group D","2023-09-28","2023-09-29","",2023,"Ranking",4,"Cuthberts Green","Christchurch","New Zealand","snooker",1606,"Both","O","","qtour","Q","APQT","",0,"QTR",0,FALSE,2,"","QTour",1,TRUE,"",0,0,0,10,"","",0,0,"q"
1615,"Asia Pacific Q Tour 1 Group E","2023-09-28","2023-09-29","",2023,"Ranking",5,"Cuthberts Green","Christchurch","New Zealand","snooker",1606,"Both","O","","qtour","Q","APQT","",0,"QTR",0,FALSE,2,"","QTour",1,TRUE,"",0,0,0,10,"","",0,0,"q"
1616,"Asia Pacific Q Tour 1 Group F","2023-09-28","2023-09-29","",2023,"Ranking",6,"Cuthberts Green","Christchurch","New Zealand","snooker",1606,"Both","O","","qtour","Q","APQT","",0,"QTR",0,FALSE,2,"","QTour",1,TRUE,"",0,0,0,10,"","",0,0,"q"
1617,"Asia Pacific Q Tour 1 Group G","2023-09-28","2023-09-29","",2023,"Ranking",7,"Cuthberts Green","Christchurch","New Zealand","snooker",1606,"Both","O","","qtour","Q","APQT","",0,"QTR",0,FALSE,2,"","QTour",1,TRUE,"",0,0,0,10,"","",0,0,"q"
1618,"Asia Pacific Q Tour 1 Group H","2023-09-28","2023-09-29","",2023,"Ranking",8,"Cuthberts Green","Christchurch","New Zealand","snooker",1606,"Both","O","","qtour","Q","APQT","",0,"QTR",0,FALSE,2,"","QTour",1,TRUE,"",0,0,0,10,"","",0,0,"q"
1619,"Asia Pacific Q Tour 1 Group I","2023-09-28","2023-09-29","",2023,"Ranking",9,"Cuthberts Green","Christchurch","New Zealand","snooker",1606,"Both","O","","qtour","Q","APQT","",0,"QTR",0,FALSE,2,"","QTour",1,TRUE,"",0,0,0,10,"","",0,0,"q"
1606,"Asia Pacific Q Tour 1","2023-09-28","2023-10-01","",2023,"Ranking",21,"Cuthberts Green","Christchurch","New Zealand","snooker",1606,"Both","O","https://snookerscores.net/tournament-manager/2023-nz-snooker-open-championship","qtour","F","APQT","Asia Pacific Q Tour 1",0,"QTR",0,FALSE,1,"","QTour",1,TRUE,"",45,0,0,31,"Also called New Zealand Open","",0,0,"q"
1449,"English Open","2023-10-02","2023-10-08","BetVictor",2023,"Ranking",0,"The Brentwood Centre","Brentwood","England","snooker",1449,"Both","O","","Home Nations Series","F","EO","",0,"WR",6307,FALSE,1,"","EnglishOpen ",1,TRUE,"",129,0,0,63,"","<a href=""https://www.discoveryplus.com/"">Eurosport/Discovery+</a>, <a href=""https://matchroom.live/sports/snooker"">Matchroom.live</a>  & <a href=""https://wst.tv/how-to-watch-the-betvictor-english-open-3/"">more</a>",17,1271,"main"
1607,"Australian Women's Open Group A","2023-10-07","2023-10-08","",2023,"Ranking",1,"Mt Pritchard & District Community Club","Sydney","Australia","snooker",1464,"Women","O","","australian","Q","","",0,"WWR",0,FALSE,1,"","",1,TRUE,"",0,0,0,6,"","",0,0,"women"
1608,"Australian Women's Open Group B","2023-10-07","2023-10-08","",2023,"Ranking",2,"Mt Pritchard & District Community Club","Sydney","Australia","snooker",1464,"Women","O","","australian","Q","","",0,"WWR",0,FALSE,1,"","",1,TRUE,"",0,0,0,10,"","",0,0,"women"
1609,"Australian Women's Open Group C","2023-10-07","2023-10-08","",2023,"Ranking",3,"Mt Pritchard & District Community Club","Sydney","Australia","snooker",1464,"Women","O","","australian","Q","","",0,"WWR",0,FALSE,1,"","",1,TRUE,"",0,0,0,6,"","",0,0,"women"
1610,"Australian Women's Open Group D","2023-10-07","2023-10-08","",2023,"Ranking",4,"Mt Pritchard & District Community Club","Sydney","Australia","snooker",1464,"Women","O","","australian","Q","","",0,"WWR",0,FALSE,1,"","",1,TRUE,"",0,0,0,10,"","",0,0,"women"
1464,"Australian Women's Open","2023-10-07","2023-10-10","",2023,"Ranking",0,"Mt Pritchard & District Community Club","Sydney","Australia","snooker",1464,"Women","O","","australian","F","","",0,"WWR",0,FALSE,1,"","",1,TRUE,"",18,0,0,7,"","",2793,1342,"women"
1467,"Wuhan Open","2023-10-09","2023-10-15","Panda Club",2023,"Ranking",0,"Wuhan Sports Gymnasium","Wuhan","China","snooker",1467,"Both","O","","","F","WUH","",0,"WR",6322,FALSE,1,"","",1,TRUE,"",128,0,0,63,"","<a href=""https://www.discoveryplus.com/"">Eurosport/Discovery+</a>, <a href=""https://matchroom.live/sports/snooker"">Matchroom.live</a> & <a href=""https://wst.tv/how-to-watch-the-wuhan-open/"">more</a>",0,0,"main"
1568,"Asia Pacific Q Tour 2","2023-10-12","2023-10-15","",2023,"Ranking",22,"Mt Pritchard & District Community Club","Sydney","Australia","snooker",1568,"Both","O","https://snookerscores.net/tournament-manager/2023-bob-hawke-ac-memorial-australian-open-snooker-championship-q-tour-event-2","qtour","F","APQT","Asia Pacific Q Tour 2",0,"QTR",0,FALSE,1,"","QTour",1,TRUE,"",111,0,0,110,"Also called Bob Hawke AC Memorial Australian Open Snooker Championship","",0,0,"q"
1474,"Northern Ireland Open Qualifiers","2023-10-17","2023-10-20","",2023,"Qualifying",0,"Ponds Forge International Sports Centre","Sheffield","England","snooker",1450,"Both","O","","Home Nations Series","Q","NIO","",0,"WR",0,FALSE,1,"","NIOpen",1,TRUE,"",0,0,0,64,"","<a href=""https://www.discoveryplus.com/en/sport/snooker"">Eurosport/Discovery+</a>, <a href=""https://matchroom.live/sports/snooker"">Matchroom.live</a>  & <a href=""https://wst.tv/how-to-watch-the-betvictor-northern-ireland-open-3/"">more</a>",0,0,"main"
1551,"Q Tour 3","2023-10-20","2023-10-22","",2023,"Ranking",3,"Billardzentrum am Pfühlpark ","Heilbronn","Germany","snooker",1551,"Both","O","https://snookerscores.net/tournament-manager/202324-q-tour-event-three","qtour","F","QT","",0,"QTR",0,FALSE,1,"","QTour",1,TRUE,"https://tsgheilbronn-billard.de/bilder/#iLightbox[gallery_image_1]/2",106,0,0,105,"","",0,0,"q"
1450,"Northern Ireland Open","2023-10-22","2023-10-29","BetVictor",2023,"Ranking",0,"Waterfront Hall","Belfast","Northern Ireland","snooker",1450,"Both","O","","Home Nations Series","F","NIO","",0,"WR",0,FALSE,1,"","NorthernIrelandOpen",1,TRUE,"",128,0,0,63,"","<a href=""https://www.discoveryplus.com/en/sport/snooker"">Eurosport/Discovery+</a>, <a href=""https://matchroom.live/sports/snooker"">Matchroom</a>  & <a href=""https://wst.tv/how-to-watch-the-betvictor-northern-ireland-open-3/"">more</a>",202,1269,"main"
1475,"Scottish Open Qualifiers","2023-10-30","2023-11-02","",2023,"Qualifying",0,"Morningside Arena ","Leicester","England","snooker",1453,"Both","O","","Home Nations Series","Q","SO","",0,"WR",0,FALSE,1,"","ScottishOpen",1,TRUE,"",0,0,0,64,"","<a href=""https://www.discoveryplus.com/"">Eurosport/Discovery+</a>, <a href=""https://matchroom.live/sports/snooker"">Matchroom.live</a>  & <a href=""https://wst.tv/how-to-watch-the-betvictor-scottish-open-3/"">more</a>",0,0,"main"
1468,"International Championship","2023-11-05","2023-11-12","Du Xiaoman",2023,"Ranking",0,"Tianjin People's Gymnasium","Tianjin","China","snooker",1468,"Both","O","","international","F","IC","",0,"WR",6308,FALSE,1,"","InternationalChampionship",1,TRUE,"",129,0,0,63,"","<a href=""https://www.discoveryplus.com/"">Eurosport/Discovery+</a>, <a href=""https://matchroom.live/sports/snooker"">Matchroom</a> & <a href=""https://wst.tv/how-to-watch-the-international-championship/"">more</a>",12,871,"main"
1552,"Q Tour 4","2023-11-09","2023-11-12","",2023,"Ranking",4,"Landywood Snooker Club","Great Wyrley","England","snooker",1552,"Both","O","https://snookerscores.net/tournament-manager/202324-q-tour-event-four","qtour","F","QT","",0,"QTR",0,FALSE,1,"","QTour",1,TRUE,"",139,0,0,137,"","",0,0,"q"
1447,"Champion of Champions","2023-11-13","2023-11-19","Cazoo",2023,"Invitational",0,"University of Bolton Stadium, ","Bolton","England","snooker",1447,"Both","O","https://championofchampionssnooker.co.uk/","cc","F","COC","",0,"",6320,FALSE,1,"ChampOfChamps","ChampionOfChampions",1,TRUE,"",16,0,0,15,"","<a href=""https://www.itv.com/watch?channel=itv4"">ITV</a>, <a href=""https://matchroom.live/"">Matchroom.live</a> and <a href=""https://wst.tv/how-to-watch-the-cazoo-champion-of-champions-2/"">more</a>",5,1273,"main"
1641,"Women's Masters Group A","2023-11-17","2023-11-18","",2023,"Ranking",1,"Frames Sports Bar","London","England","snooker",1465,"Women","O","https://snookerscores.net/tournament-manager/2023-eden-womens-masters/group/A","","Q","WM","",0,"WWR",0,FALSE,3,"","WomensSnooker",1,TRUE,"",0,0,0,6,"","",0,1344,"women"
1642,"Women's Masters Group E","2023-11-17","2023-11-18","",2023,"Ranking",5,"Frames Sports Bar","London","England","snooker",1465,"Women","O","https://snookerscores.net/tournament-manager/2023-eden-womens-masters/group/E","","Q","WM","",0,"WWR",0,FALSE,3,"","WomensSnooker",1,TRUE,"",0,0,0,6,"","",0,0,"women"
1643,"Women's Masters Group B","2023-11-17","2023-11-18","",2023,"Ranking",2,"Frames Sports Bar","London","England","snooker",1465,"Women","O","https://snookerscores.net/tournament-manager/2023-eden-womens-masters/group/B","","Q","WM","",0,"WWR",0,FALSE,3,"","WomensSnooker",1,TRUE,"",0,0,0,6,"","",0,0,"women"
1644,"Women's Masters Group C","2023-11-17","2023-11-18","",2023,"Ranking",3,"Frames Sports Bar","London","England","snooker",1465,"Women","O","https://snookerscores.net/tournament-manager/2023-eden-womens-masters/group/C","","Q","WM","",0,"WWR",0,FALSE,3,"","WomensSnooker",1,TRUE,"",0,0,0,6,"","<a href=""https://www.facebook.com/profile.php/?id=100050556025162&name=xhp_nt__fblite__profile__tab_bar&profile_tab_item_selected=videos"">Facebook</a> and <a href=""https://www.youtube.com/@WPBSA"">YouTube</a>",0,0,"women"
1645,"Women's Masters Group D","2023-11-17","2023-11-18","",2023,"Ranking",4,"Frames Sports Bar","London","England","snooker",1465,"Women","O","https://snookerscores.net/tournament-manager/2023-eden-womens-masters/group/D","","Q","WM","",0,"WWR",0,FALSE,3,"","WomensSnooker",1,TRUE,"",0,0,0,6,"","<a href=""https://www.facebook.com/profile.php/?id=100050556025162&name=xhp_nt__fblite__profile__tab_bar&profile_tab_item_selected=videos"">Facebook</a> and <a href=""https://www.youtube.com/@WPBSA"">YouTube</a>",0,0,"women"
1647,"Women's Masters Group F","2023-11-17","2023-11-18","",2023,"Ranking",6,"Frames Sports Bar","London","England","snooker",1465,"Women","O","https://snookerscores.net/tournament-manager/2023-eden-womens-masters/group/F","","Q","WM","",0,"WWR",0,FALSE,3,"","WomensSnooker",1,TRUE,"",0,0,0,6,"","",0,0,"women"
1648,"Women's Masters Group G","2023-11-17","2023-11-18","",2023,"Ranking",7,"Frames Sports Bar","London","England","snooker",1465,"Women","O","https://snookerscores.net/tournament-manager/2023-eden-womens-masters/group/G","","Q","WM","",0,"WWR",0,FALSE,3,"","WomensSnooker",1,TRUE,"",0,0,0,6,"","",0,0,"women"
1465,"Women's Masters","2023-11-17","2023-11-19","Eden",2023,"Ranking",0,"Frames Sports Bar","London","England","snooker",1465,"Women","O","https://snookerscores.net/tournament-manager/2023-eden-womens-masters","","F","WM","",0,"WWR",0,FALSE,1,"","WomensSnooker",1,TRUE,"",30,0,0,15,"","",1829,1344,"women"
1476,"UK Championship Qualifiers","2023-11-18","2023-11-23","",2023,"Qualifying",0,"Morningside Arena ","Leicester","England","snooker",1451,"Both","O","","uk","Q","UK","",0,"WR",0,FALSE,1,"","UKChampionship",1,TRUE,"",0,0,0,112,"","<a href=""https://www.discoveryplus.com/en/sport/snooker"">Discovery+</a>, <a href=""https://matchroom.live/sports/snooker"">Matchroom</a> and <a href=""https://wst.tv/how-to-watch-mrq-uk-championship-qualifiers/"">more</a>  <!--, <a href=""https://www.facebook.com/WorldSnookerTour"">Facebook</a> & <a href=""https://www.youtube.com/@worldsnookertour"">YouTube</a>-->",0,0,"main"
1451,"UK Championship","2023-11-25","2023-12-03","",2023,"Ranking",0,"Barbican Centre","York","England","snooker",1451,"Both","O","","uk","F","UK","",0,"WR",0,FALSE,1,"","UKChampionship",1,TRUE,"",144,0,0,31,"","",202,1272,"main"
1452,"Shoot Out","2023-12-06","2023-12-09","BetVictor",2023,"Ranking",0,"Swansea Arena","Swansea","Wales","snooker",1452,"Both","O","","","F","ShootOut","",0,"WR",0,FALSE,1,"","SnookerShootOut",1,TRUE,"",128,0,0,127,"","<a href=""https://www.discoveryplus.com/"">Eurosport/Discovery+</a>, <a href=""https://matchroom.live/sports/snooker"">Matchroom.live</a> and <a href=""https://wst.tv/how-to-watch-the-betvictor-shoot-out-4/"">more</a>",1044,1357,"main"
1453,"Scottish Open","2023-12-11","2023-12-17","MrQ",2023,"Ranking",0,"Meadowbank Sports Centre","Edinburgh","Scotland","snooker",1453,"Both","O","","Home Nations Series","F","SO","",0,"WR",0,FALSE,1,"","ScottishOpen",1,TRUE,"",128,0,0,63,"","",546,1270,"main"
1553,"Q Tour 5","2023-12-15","2023-12-17","",2023,"Ranking",5,"Castle Snooker Club","Brighton","England","snooker",1553,"Both","O","https://snookerscores.net/tournament-manager/202324-q-tour-event-five","qtour","F","QT","",0,"QTR",0,FALSE,1,"","QTour",1,TRUE,"",120,0,0,119,"","",0,0,"q"
1477,"German Masters Qualifiers","2023-12-18","2023-12-22","",2023,"Qualifying",0,"Ponds Forge International Sports Centre","Sheffield","England","snooker",1455,"Both","O","","german","Q","GM","",0,"WR",0,FALSE,1,"","GermanMasters",1,TRUE,"",0,0,0,64,"","<a href=""https://www.discoveryplus.com/"">Eurosport/Discovery+</a>, <a href=""https://matchroom.live/sports/snooker"">Matchroom.live</a>  and <a href=""https://www.wst.tv/news/2024/january/26/how-to-watch-the-betvictor-german-masters/"">more</a>",0,0,"main"
1649,"Macau Masters (Melco) Group A","2023-12-22","2023-12-22","",2023,"Invitational",1,"Studio City","Macau","China","snooker",1651,"Men","O","","macau","Q","MM","",0,"",0,FALSE,2,"","",1,TRUE,"",0,0,0,3,"","",0,0,"other"
1650,"Macau Masters (Melco) Group B","2023-12-22","2023-12-22","",2023,"Invitational",2,"Studio City","Macau","China","snooker",1651,"Men","O","","macau","Q","MM","",0,"",0,FALSE,2,"","",1,TRUE,"",0,0,0,3,"","",0,0,"other"
1651,"Macau Masters - Event 1","2023-12-22","2023-12-24","Melco Style presents",2023,"Invitational",0,"Studio City","Macau","China","snooker",1651,"Men","O","","macau","F","MM1","",0,"",0,FALSE,1,"","",1,TRUE,"",6,0,0,4,"","",0,0,"other"
1548,"Macau Masters - Event 2","2023-12-26","2023-12-29","Wynn presents",2023,"Invitational",0,"Wynn Palace Macau","Macau","China","snooker",1548,"Both","O","","macau","F","MM2","",0,"",0,FALSE,1,"","",1,TRUE,"",8,0,0,7,"","",0,0,"other"
1482,"Championship League - Group 1","2024-01-02","2024-01-03","",2023,"Invitational",1,"Morningside Arena ","Leicester","England","snooker",1481,"Both","O","https://championshipleaguesnooker.co.uk/invitational/2024-championship-league-snooker-invitational/group-1",""," Q","CL","",0,"",0,FALSE,3,"CLSnooker","ChampionshipLeague",1,TRUE,"",0,0,0,24,"","<a href=""https://matchroom.live/sports/snooker"">Matchroom.live</a> and <a href=""https://championshipleaguesnooker.co.uk/watch/"">more</a>",0,0,"main"
1483,"Championship League - Group 2","2024-01-04","2024-01-05","",2023,"Invitational",2,"Morningside Arena ","Leicester","England","snooker",1481,"Both","O","https://championshipleaguesnooker.co.uk/invitational/2024-championship-league-snooker-invitational/group-2",""," Q","CL","",0,"",0,FALSE,3,"CLSnooker","ChampionshipLeague",1,TRUE,"",0,0,0,24,"","<a href=""https://matchroom.live/sports/snooker"">Matchroom.live</a> and <a href=""https://championshipleaguesnooker.co.uk/watch/"">more</a>",0,0,"main"
1638,"Middle East Q Tour 1","2024-01-04","2024-01-09","",2023,"Ranking",31,"Cue Sports Academy","Abu Dhabi","UAE","snooker",1638,"Both","O","https://snookerscores.net/tournament-manager/202324-q-tour-middle-east-event-1","qtour","F","","",0,"QTR",0,FALSE,1,"","QTour",1,TRUE,"",32,0,0,30,"","",0,0,"q"
1554,"Q Tour 6","2024-01-05","2024-01-07","",2023,"Ranking",6,"National Sports Academy ","Sofia","Bulgaria","snooker",1554,"Both","O","https://snookerscores.net/tournament-manager/202324-q-tour-event-six","qtour","F","QT","",0,"QTR",0,FALSE,1,"","QTour",1,TRUE,"",77,0,0,76,"","",0,0,"q"
1454,"Masters","2024-01-07","2024-01-14","MrQ",2023,"Invitational",0,"Alexandra Palace","London","England","snooker",1454,"Both","O","","masters","F","Masters","",0,"",6330,FALSE,1,"","MastersSnooker",1,TRUE,"",16,0,0,15,"","<a href=""http://www.bbc.co.uk/iplayer"">BBC</a>, <a href=""https://www.discoveryplus.com/en/sport/snooker"">Eurosport/Discovery+</a> and <a href=""https://www.wst.tv/news/2023/december/30/how-to-watch-the-mrq-masters/"">more</a>",12,1286,"main"
1639,"Middle East Q Tour 2","2024-01-11","2024-01-17","",2023,"Ranking",32,"Cue Sports Academy","Abu Dhabi","UAE","snooker",1639,"Both","O","https://snookerscores.net/tournament-manager/202324-q-tour-middle-east-event-2","qtour","F","","",0,"QTR",0,FALSE,1,"","QTour",1,TRUE,"",36,0,0,35,"","",0,0,"q"
1445,"World Grand Prix","2024-01-15","2024-01-21","Spreadex",2023,"Ranking",0,"Morningside Arena ","Leicester","England","snooker",1445,"Both","O","","","F","WGP","",0,"WR",1445,FALSE,1,"","WorldGrandPrix",1,TRUE,"",32,0,0,31,"<a href=""https://wst.tv/leicester-to-host-2024-world-grand-prix/"">WST reference</a>","<a href=""https://www.itv.com/watch?channel=itv4"">ITV</a>, <a href=""https://www.discoveryplus.com/en/sport/snooker"">Eurosport/Discovery+</a> <a href=""https://matchroom.live/"">Matchroom.live</a> and <a href=""https://www.wst.tv/news/2024/january/09/how-to-watch-the-spreadex-world-grand-prix/"">more</a>",202,1355,"main"
1640,"Middle East Q Tour 3","2024-01-18","2024-01-24","",2023,"Ranking",33,"Cue Sports Academy","Abu Dhabi","UAE","snooker",1640,"Both","O","https://snookerscores.net/tournament-manager/202324-q-tour-middle-east-event-3","qtour","F","","",0,"QTR",0,FALSE,1,"","QTour",1,TRUE,"",36,0,0,35,"","",0,0,"q"
1457,"Belgian Women's Open Group B","2024-01-19","2024-01-20","",2023,"Ranking",2,"The Trickshot","Bruges","Belgium","snooker",1748,"Women","O","","","Q","","",0,"WWR",0,FALSE,2,"","WomensSnooker",1,TRUE,"",0,0,0,6,"","",0,0,"women"
1479,"Belgian Women's Open Group A","2024-01-19","2024-01-20","",2023,"Ranking",1,"The Trickshot","Bruges","Belgium","snooker",1748,"Women","O","","","Q","","",0,"WWR",0,FALSE,2,"","WomensSnooker",1,TRUE,"",0,0,0,6,"","",0,0,"women"
1751,"Belgian Women's Open Group C","2024-01-19","2024-01-20","",2023,"Ranking",3,"The Trickshot","Bruges","Belgium","snooker",1748,"Women","O","","","Q","","",0,"WWR",0,FALSE,2,"","WomensSnooker",1,TRUE,"",0,0,0,6,"","",0,0,"women"
1752,"Belgian Women's Open Group D","2024-01-19","2024-01-20","",2023,"Ranking",4,"The Trickshot","Bruges","Belgium","snooker",1748,"Women","O","","","Q","","",0,"WWR",0,FALSE,2,"","WomensSnooker",1,TRUE,"",0,0,0,6,"","",0,0,"women"
1753,"Belgian Women's Open Group E","2024-01-19","2024-01-20","",2023,"Ranking",5,"The Trickshot","Bruges","Belgium","snooker",1748,"Women","O","","","Q","","",0,"WWR",0,FALSE,2,"","WomensSnooker",1,TRUE,"",0,0,0,6,"","",0,0,"women"
1754,"Belgian Women's Open Group F","2024-01-19","2024-01-20","",2023,"Ranking",6,"The Trickshot","Bruges","Belgium","snooker",1748,"Women","O","","","Q","","",0,"WWR",0,FALSE,2,"","WomensSnooker",1,TRUE,"",0,0,0,6,"","",0,0,"women"
1755,"Belgian Women's Open Group G","2024-01-19","2024-01-20","",2023,"Ranking",7,"The Trickshot","Bruges","Belgium","snooker",1748,"Women","O","","","Q","","",0,"WWR",0,FALSE,2,"","WomensSnooker",1,TRUE,"",0,0,0,6,"","",0,0,"women"
1756,"Belgian Women's Open Group H","2024-01-19","2024-01-20","",2023,"Ranking",8,"The Trickshot","Bruges","Belgium","snooker",1748,"Women","O","","","Q","","",0,"WWR",0,FALSE,2,"","WomensSnooker",1,TRUE,"",0,0,0,6,"","",0,0,"women"
1748,"Belgian Women's Open","2024-01-19","2024-01-21","",2023,"Ranking",0,"The Trickshot","Bruges","Belgium","snooker",1748,"Women","O","","","F","","",0,"WWR",0,FALSE,3,"","WomensSnooker",1,TRUE,"",34,0,0,17,"","",1829,1376,"women"
1757,"Americas Q Tour 1","2024-01-19","2024-01-21","",2023,"Ranking",11,"The Corner Bank","Toronto","Canada","snooker",1757,"Both","O","https://cloudsnooker.com/","qtour","F","","",0,"QTR",0,FALSE,1,"","QTour",1,TRUE,"",27,0,0,26,"Each winner of PABSA Q Tour Event 1+2 will qualify to play in the <a href=""https://www.snooker.org/res/index.asp?event=1747"">Q Tour Global Play-Offs</a>","",0,0,"q"
1646,"World Open Qualifiers","2024-01-22","2024-01-24","",2023,"Qualifying",0,"Barnsley Metrodome","Barnsley","England","snooker",1560,"Both","O","","hwo","Q","WOOP","",0,"WR",0,FALSE,1,"","WorldOpen",1,TRUE,"",0,0,0,65,"","<a href=""https://www.discoveryplus.com/"">Eurosport/Discovery+</a>, <a href=""https://matchroom.live/sports/snooker"">Matchroom.live</a> & <a href=""https://www.wst.tv/news/2024/march/12/how-to-watch-the-world-open/"">more</a>",0,0,"main"
1478,"Welsh Open Qualifiers","2024-01-25","2024-01-27","",2023,"Qualifying",0,"Barnsley Metrodome","Barnsley","England","snooker",1456,"Both","O","","Home Nations Series","Q","WO","",0,"WR",0,FALSE,1,"","WelshOpen",1,TRUE,"",0,0,0,65,"","<a href=""https://www.bbc.co.uk/sport/snooker"">BBC Wales</a>, <a href=""https://www.discoveryplus.com/"">Eurosport/Discovery+</a>, <a href=""https://matchroom.live/sports/snooker"">Matchroom.live</a> and <a href=""https://www.wst.tv/news/2024/february/06/how-to-watch-the-betvictor-welsh-open/"">more</a>",0,0,"main"
1769,"Asia Pacific Q Tour: Dr Clem Jones AO Queensland Australian Open Snooker Championship 2023","2024-01-25","2024-01-28","",2023,"Ranking",23,"Matchroom Snooker Centre","Calamvale","Australia","snooker",1769,"Both","O","https://snookerscores.net/tournament-manager/2024-dr-clem-jones-ao-queensland-open-snooker-championship-q-tour-event-3","qtour","F","APQT","Asia Pacific Q Tour 3",0,"QTR",0,FALSE,1,"","QTour",1,TRUE,"",71,0,0,70,"","",0,0,"q"
1765,"Albanian Women's Open Group A","2024-01-29","2024-02-01","",2023,"Ranking",1,"Grand Blue Fafa Resort","Golem","Albania","snooker",1621,"Women","O","https://snookerscores.net/tournament-manager/2024-albanian-womens-open/group/A","","Q","","",0,"WWR",0,FALSE,2,"","WomensSnooker",1,TRUE,"",0,0,0,6,"","",0,0,"women"
1766,"Albanian Women's Open Group B","2024-01-29","2024-02-01","",2023,"Ranking",2,"Grand Blue Fafa Resort","Golem","Albania","snooker",1621,"Women","O","https://snookerscores.net/tournament-manager/2024-albanian-womens-open/group/B","","Q","","",0,"WWR",0,FALSE,2,"","WomensSnooker",1,TRUE,"",0,0,0,10,"","",0,0,"women"
1767,"Albanian Women's Open Group C","2024-01-29","2024-02-01","",2023,"Ranking",3,"Grand Blue Fafa Resort","Golem","Albania","snooker",1621,"Women","O","https://snookerscores.net/tournament-manager/2024-albanian-womens-open/group/C","","Q","","",0,"WWR",0,FALSE,2,"","WomensSnooker",1,TRUE,"",0,0,0,6,"","",0,0,"women"
1768,"Albanian Women's Open Group D","2024-01-29","2024-02-01","",2023,"Ranking",4,"Grand Blue Fafa Resort","Golem","Albania","snooker",1621,"Women","O","https://snookerscores.net/tournament-manager/2024-albanian-womens-open/group/D","","Q","","",0,"WWR",0,FALSE,2,"","WomensSnooker",1,TRUE,"",0,0,0,6,"","",0,0,"women"
1831,"Albanian Women's Open Group E","2024-01-29","2024-02-01","",2023,"Ranking",5,"Grand Blue Fafa Resort","Golem","Albania","snooker",1621,"Women","O","https://snookerscores.net/tournament-manager/2024-albanian-womens-open/group/E","","Q","","",0,"WWR",0,FALSE,2,"","WomensSnooker",1,TRUE,"",0,0,0,6,"","",0,0,"women"
1621,"Albanian Women's Open","2024-01-29","2024-02-02","",2023,"Ranking",0,"Grand Blue Fafa Resort","Golem","Albania","snooker",1621,"Women","O","https://snookerscores.net/tournament-manager/2024-albanian-womens-open","","F","","",0,"WWR",0,FALSE,3,"","WomensSnooker",1,TRUE,"",21,0,0,9,"","",0,0,"women"
1814,"WSF Junior Championship","2024-01-29","2024-02-02","",2023,"Amateur",0,"Grand Blue Fafa Resort","Golem","Albania","snooker",1814,"Both","U19","https://snookerscores.net/tournament-manager/2024-wsf-junior-championship","wsf","F","WSFJ","",0,"",0,FALSE,1,"","WSF2024",1,TRUE,"",77,0,0,31,"","<a href=""https://www.youtube.com/@WPBSA/streams"">YouTube</a>",2758,0,"wsf"
1815,"WSF Junior Championship - Group A","2024-01-29","2024-02-02","",2023,"Amateur",1,"Grand Blue Fafa Resort","Golem","Albania","snooker",1814,"Both","U21","https://snookerscores.net/tournament-manager/2024-wsf-junior-championship/group/A","wsf"," Q","","WSF Junior - A",0,"",0,FALSE,2,"","WSF2024",1,TRUE,"",0,0,0,10,"","<a href=""https://www.youtube.com/@WPBSA/streams"">YouTube</a>",0,0,"wsf"
1816,"WSF Junior Championship - Group B","2024-01-29","2024-02-02","",2023,"Amateur",2,"Grand Blue Fafa Resort","Golem","Albania","snooker",1814,"Both","U21","https://snookerscores.net/tournament-manager/2024-wsf-junior-championship/group/B","wsf"," Q","","WSF Junior - B",0,"",0,FALSE,2,"","WSF2024",1,TRUE,"",0,0,0,10,"","<a href=""https://www.youtube.com/@WPBSA/streams"">YouTube</a>",0,0,"wsf"
1817,"WSF Junior Championship - Group C","2024-01-29","2024-02-02","",2023,"Amateur",3,"Grand Blue Fafa Resort","Golem","Albania","snooker",1814,"Both","U21","https://snookerscores.net/tournament-manager/2024-wsf-junior-championship/group/C","wsf"," Q","","WSF Junior - C",0,"",0,FALSE,2,"","WSF2024",1,TRUE,"",0,0,0,10,"","<a href=""https://www.youtube.com/@WPBSA/streams"">YouTube</a>",0,0,"wsf"
1818,"WSF Junior Championship - Group D","2024-01-29","2024-02-02","",2023,"Amateur",4,"Grand Blue Fafa Resort","Golem","Albania","snooker",1814,"Both","U21","https://snookerscores.net/tournament-manager/2024-wsf-junior-championship/group/D","wsf"," Q","","WSF Junior - D",0,"",0,FALSE,2,"","WSF2024",1,TRUE,"",0,0,0,10,"","<a href=""https://www.youtube.com/@WPBSA/streams"">YouTube</a>",0,0,"wsf"
1819,"WSF Junior Championship - Group E","2024-01-29","2024-02-02","",2023,"Amateur",5,"Grand Blue Fafa Resort","Golem","Albania","snooker",1814,"Both","U21","https://snookerscores.net/tournament-manager/2024-wsf-junior-championship/group/E","wsf"," Q","","WSF Junior - E",0,"",0,FALSE,2,"","WSF2024",1,TRUE,"",0,0,0,6,"","<a href=""https://www.youtube.com/@WPBSA/streams"">YouTube</a>",0,0,"wsf"
1820,"WSF Junior Championship - Group F","2024-01-29","2024-02-02","",2023,"Amateur",6,"Grand Blue Fafa Resort","Golem","Albania","snooker",1814,"Both","U21","https://snookerscores.net/tournament-manager/2024-wsf-junior-championship/group/F","wsf"," Q","","WSF Junior - F",0,"",0,FALSE,2,"","WSF2024",1,TRUE,"",0,0,0,10,"","<a href=""https://www.youtube.com/@WPBSA/streams"">YouTube</a>",0,0,"wsf"
1821,"WSF Junior Championship - Group G","2024-01-29","2024-02-02","",2023,"Amateur",7,"Grand Blue Fafa Resort","Golem","Albania","snooker",1814,"Both","U21","https://snookerscores.net/tournament-manager/2024-wsf-junior-championship/group/G","wsf"," Q","","WSF Junior - G",0,"",0,FALSE,2,"","WSF2024",1,TRUE,"",0,0,0,6,"","<a href=""https://www.youtube.com/@WPBSA/streams"">YouTube</a>",0,0,"wsf"
1822,"WSF Junior Championship - Group H","2024-01-29","2024-02-02","",2023,"Amateur",8,"Grand Blue Fafa Resort","Golem","Albania","snooker",1814,"Both","U21","https://snookerscores.net/tournament-manager/2024-wsf-junior-championship/group/H","wsf"," Q","","WSF Junior - H",0,"",0,FALSE,2,"","WSF2024",1,TRUE,"",0,0,0,10,"","<a href=""https://www.youtube.com/@WPBSA/streams"">YouTube</a>",0,0,"wsf"
1823,"WSF Junior Championship - Group I","2024-01-29","2024-02-02","",2023,"Amateur",9,"Grand Blue Fafa Resort","Golem","Albania","snooker",1814,"Both","U21","https://snookerscores.net/tournament-manager/2024-wsf-junior-championship/group/I","wsf"," Q","","WSF Junior - I",0,"",0,FALSE,2,"","WSF2024",1,TRUE,"",0,0,0,10,"","<a href=""https://www.youtube.com/@WPBSA/streams"">YouTube</a>",0,0,"wsf"
1824,"WSF Junior Championship - Group J","2024-01-29","2024-02-02","",2023,"Amateur",10,"Grand Blue Fafa Resort","Golem","Albania","snooker",1814,"Both","U21","https://snookerscores.net/tournament-manager/2024-wsf-junior-championship/group/J","wsf"," Q","","WSF Junior - J",0,"",0,FALSE,2,"","WSF2024",1,TRUE,"",0,0,0,10,"","<a href=""https://www.youtube.com/@WPBSA/streams"">YouTube</a>",0,0,"wsf"
1825,"WSF Junior Championship - Group K","2024-01-29","2024-02-02","",2023,"Amateur",11,"Grand Blue Fafa Resort","Golem","Albania","snooker",1814,"Both","U21","https://snookerscores.net/tournament-manager/2024-wsf-junior-championship/group/K","wsf"," Q","","WSF Junior - K",0,"",0,FALSE,2,"","WSF2024",1,TRUE,"",0,0,0,10,"","<a href=""https://www.youtube.com/@WPBSA/streams"">YouTube</a>",0,0,"wsf"
1826,"WSF Junior Championship - Group L","2024-01-29","2024-02-02","",2023,"Amateur",12,"Grand Blue Fafa Resort","Golem","Albania","snooker",1814,"Both","U21","https://snookerscores.net/tournament-manager/2024-wsf-junior-championship/group/L","wsf"," Q","","WSF Junior - L",0,"",0,FALSE,2,"","WSF2024",1,TRUE,"",0,0,0,6,"","<a href=""https://www.youtube.com/@WPBSA/streams"">YouTube</a>",0,0,"wsf"
1827,"WSF Junior Championship - Group M","2024-01-29","2024-02-02","",2023,"Amateur",13,"Grand Blue Fafa Resort","Golem","Albania","snooker",1814,"Both","U21","https://snookerscores.net/tournament-manager/2024-wsf-junior-championship/group/M","wsf"," Q","","WSF Junior - M",0,"",0,FALSE,2,"","WSF2024",1,TRUE,"",0,0,0,10,"","<a href=""https://www.youtube.com/@WPBSA/streams"">YouTube</a>",0,0,"wsf"
1828,"WSF Junior Championship - Group N","2024-01-29","2024-02-02","",2023,"Amateur",14,"Grand Blue Fafa Resort","Golem","Albania","snooker",1814,"Both","U21","https://snookerscores.net/tournament-manager/2024-wsf-junior-championship/group/N","wsf"," Q","","WSF Junior - N",0,"",0,FALSE,2,"","WSF2024",1,TRUE,"",0,0,0,10,"","<a href=""https://www.youtube.com/@WPBSA/streams"">YouTube</a>",0,0,"wsf"
1829,"WSF Junior Championship - Group O","2024-01-29","2024-02-02","",2023,"Amateur",15,"Grand Blue Fafa Resort","Golem","Albania","snooker",1814,"Both","U21","https://snookerscores.net/tournament-manager/2024-wsf-junior-championship/group/O","wsf"," Q","","WSF Junior - O",0,"",0,FALSE,2,"","WSF2024",1,TRUE,"",0,0,0,10,"","<a href=""https://www.youtube.com/@WPBSA/streams"">YouTube</a>",0,0,"wsf"
1830,"WSF Junior Championship - Group P","2024-01-29","2024-02-02","",2023,"Amateur",19,"Grand Blue Fafa Resort","Golem","Albania","snooker",1814,"Both","U21","https://snookerscores.net/tournament-manager/2024-wsf-junior-championship/group/P","wsf"," Q","","WSF Junior - P",0,"",0,FALSE,2,"","WSF2024",1,TRUE,"",0,0,0,10,"","<a href=""https://www.youtube.com/@WPBSA/streams"">YouTube</a>",0,0,"wsf"
1455,"German Masters","2024-01-29","2024-02-04","BetVictor",2023,"Ranking",0,"Tempodrom","Berlin","Germany","snooker",1455,"Both","O","https://www.wst.tv/matches/0559acb8-aaea-462d-95ef-88c9a4af730f","german","F","GM","",0,"WR",6312,FALSE,1,"","GermanMasters",1,TRUE,"",128,0,0,63,"","<a href=""https://www.discoveryplus.com/"">Eurosport/Discovery+</a>, <a href=""https://matchroom.live/sports/snooker"">Matchroom</a> & <a href=""https://www.wst.tv/news/2024/january/26/how-to-watch-the-betvictor-german-masters/"">more</a>",158,1350,"main"
1770,"WSF Championship","2024-02-03","2024-02-11","",2023,"Amateur",0,"Grand Blue Fafa Resort","Golem","Albania","snooker",1770,"Both","O","https://snookerscores.net/tournament-manager/2024-wsf-championship","wsf","F","WSF","WSF Championship",0,"",0,FALSE,1,"","WSF2024",1,TRUE,"",211,0,0,85,"","<a href=""https://www.youtube.com/@WPBSA/streams"">YouTube</a>",2608,0,"wsf"
1771,"WSF Championship - Group A","2024-02-03","2024-02-11","",2023,"Amateur",1,"Grand Blue Fafa Resort","Golem","Albania","snooker",1770,"Both","O","https://snookerscores.net/tournament-manager/2024-wsf-championship/group/A","wsf"," Q","","WSF Championship - A",0,"",0,FALSE,2,"","WSF2024",1,TRUE,"",0,0,0,10,"","<a href=""https://www.youtube.com/@WPBSA/streams"">YouTube</a>",0,0,"wsf"
1772,"WSF Championship - Group B","2024-02-03","2024-02-11","",2023,"Amateur",2,"Grand Blue Fafa Resort","Golem","Albania","snooker",1770,"Both","O","https://snookerscores.net/tournament-manager/2024-wsf-championship/group/B","wsf"," Q","","WSF Championship - B",0,"",0,FALSE,2,"","WSF2024",1,TRUE,"",0,0,0,10,"","<a href=""https://www.youtube.com/@WPBSA/streams"">YouTube</a>",0,0,"wsf"
1773,"WSF Championship - Group C","2024-02-03","2024-02-11","",2023,"Amateur",3,"Grand Blue Fafa Resort","Golem","Albania","snooker",1770,"Both","O","https://snookerscores.net/tournament-manager/2024-wsf-championship/group/C","wsf"," Q","","WSF Championship - C",0,"",0,FALSE,2,"","WSF2024",1,TRUE,"",0,0,0,10,"","<a href=""https://www.youtube.com/@WPBSA/streams"">YouTube</a>",0,0,"wsf"
1774,"WSF Championship - Group D","2024-02-03","2024-02-11","",2023,"Amateur",4,"Grand Blue Fafa Resort","Golem","Albania","snooker",1770,"Both","O","https://snookerscores.net/tournament-manager/2024-wsf-championship/group/D","wsf"," Q","","WSF Championship - D",0,"",0,FALSE,2,"","WSF2024",1,TRUE,"",0,0,0,10,"","<a href=""https://www.youtube.com/@WPBSA/streams"">YouTube</a>",0,0,"wsf"
1775,"WSF Championship - Group E","2024-02-03","2024-02-11","",2023,"Amateur",5,"Grand Blue Fafa Resort","Golem","Albania","snooker",1770,"Both","O","https://snookerscores.net/tournament-manager/2024-wsf-championship/group/E","wsf"," Q","","WSF Championship - E",0,"",0,FALSE,2,"","WSF2024",1,TRUE,"",0,0,0,10,"","<a href=""https://www.youtube.com/@WPBSA/streams"">YouTube</a>",0,0,"wsf"
1776,"WSF Championship - Group F","2024-02-03","2024-02-11","",2023,"Amateur",6,"Grand Blue Fafa Resort","Golem","Albania","snooker",1770,"Both","O","https://snookerscores.net/tournament-manager/2024-wsf-championship/group/F","wsf"," Q","","WSF Championship - F",0,"",0,FALSE,2,"","WSF2024",1,TRUE,"",0,0,0,10,"","<a href=""https://www.youtube.com/@WPBSA/streams"">YouTube</a>",0,0,"wsf"
1777,"WSF Championship - Group G","2024-02-03","2024-02-11","",2023,"Amateur",7,"Grand Blue Fafa Resort","Golem","Albania","snooker",1770,"Both","O","https://snookerscores.net/tournament-manager/2024-wsf-championship/group/G","wsf"," Q","","WSF Championship - G",0,"",0,FALSE,2,"","WSF2024",1,TRUE,"",0,0,0,10,"","<a href=""https://www.youtube.com/@WPBSA/streams"">YouTube</a>",0,0,"wsf"
1778,"WSF Championship - Group H","2024-02-03","2024-02-11","",2023,"Amateur",8,"Grand Blue Fafa Resort","Golem","Albania","snooker",1770,"Both","O","https://snookerscores.net/tournament-manager/2024-wsf-championship/group/H","wsf"," Q","","WSF Championship - H",0,"",0,FALSE,2,"","WSF2024",1,TRUE,"",0,0,0,10,"","<a href=""https://www.youtube.com/@WPBSA/streams"">YouTube</a>",0,0,"wsf"
1779,"WSF Championship - Group I","2024-02-03","2024-02-11","",2023,"Amateur",9,"Grand Blue Fafa Resort","Golem","Albania","snooker",1770,"Both","O","https://snookerscores.net/tournament-manager/2024-wsf-championship/group/I","wsf"," Q","","WSF Championship - I",0,"",0,FALSE,2,"","WSF2024",1,TRUE,"",0,0,0,10,"","<a href=""https://www.youtube.com/@WPBSA/streams"">YouTube</a>",0,0,"wsf"
1780,"WSF Championship - Group J","2024-02-03","2024-02-11","",2023,"Amateur",10,"Grand Blue Fafa Resort","Golem","Albania","snooker",1770,"Both","O","https://snookerscores.net/tournament-manager/2024-wsf-championship/group/J","wsf"," Q","","WSF Championship - J",0,"",0,FALSE,2,"","WSF2024",1,TRUE,"",0,0,0,10,"","<a href=""https://www.youtube.com/@WPBSA/streams"">YouTube</a>",0,0,"wsf"
1781,"WSF Championship - Group K","2024-02-03","2024-02-11","",2023,"Amateur",11,"Grand Blue Fafa Resort","Golem","Albania","snooker",1770,"Both","O","https://snookerscores.net/tournament-manager/2024-wsf-championship/group/K","wsf"," Q","","WSF Championship - K",0,"",0,FALSE,2,"","WSF2024",1,TRUE,"",0,0,0,10,"","<a href=""https://www.youtube.com/@WPBSA/streams"">YouTube</a>",0,0,"wsf"
1782,"WSF Championship - Group L","2024-02-03","2024-02-11","",2023,"Amateur",12,"Grand Blue Fafa Resort","Golem","Albania","snooker",1770,"Both","O","https://snookerscores.net/tournament-manager/2024-wsf-championship/group/L","wsf"," Q","","WSF Championship - L",0,"",0,FALSE,2,"","WSF2024",1,TRUE,"",0,0,0,10,"","<a href=""https://www.youtube.com/@WPBSA/streams"">YouTube</a>",0,0,"wsf"
1783,"WSF Championship - Group M","2024-02-03","2024-02-11","",2023,"Amateur",13,"Grand Blue Fafa Resort","Golem","Albania","snooker",1770,"Both","O","https://snookerscores.net/tournament-manager/2024-wsf-championship/group/M","wsf"," Q","","WSF Championship - M",0,"",0,FALSE,2,"","WSF2024",1,TRUE,"",0,0,0,6,"","<a href=""https://www.youtube.com/@WPBSA/streams"">YouTube</a>",0,0,"wsf"
1784,"WSF Championship - Group N","2024-02-03","2024-02-11","",2023,"Amateur",14,"Grand Blue Fafa Resort","Golem","Albania","snooker",1770,"Both","O","https://snookerscores.net/tournament-manager/2024-wsf-championship/group/N","wsf"," Q","","WSF Championship - N",0,"",0,FALSE,2,"","WSF2024",1,TRUE,"",0,0,0,10,"","<a href=""https://www.youtube.com/@WPBSA/streams"">YouTube</a>",0,0,"wsf"
1785,"WSF Championship - Group O","2024-02-03","2024-02-11","",2023,"Amateur",15,"Grand Blue Fafa Resort","Golem","Albania","snooker",1770,"Both","O","https://snookerscores.net/tournament-manager/2024-wsf-championship/group/O","wsf"," Q","","WSF Championship - O",0,"",0,FALSE,2,"","WSF2024",1,TRUE,"",0,0,0,10,"","<a href=""https://www.youtube.com/@WPBSA/streams"">YouTube</a>",0,0,"wsf"
1786,"WSF Championship - Group P","2024-02-03","2024-02-11","",2023,"Amateur",16,"Grand Blue Fafa Resort","Golem","Albania","snooker",1770,"Both","O","https://snookerscores.net/tournament-manager/2024-wsf-championship/group/P","wsf"," Q","","WSF Championship - P",0,"",0,FALSE,2,"","WSF2024",1,TRUE,"",0,0,0,10,"","<a href=""https://www.youtube.com/@WPBSA/streams"">YouTube</a>",0,0,"wsf"
1787,"WSF Championship - Group Q","2024-02-03","2024-02-11","",2023,"Amateur",17,"Grand Blue Fafa Resort","Golem","Albania","snooker",1770,"Both","O","https://snookerscores.net/tournament-manager/2024-wsf-championship/group/Q","wsf"," Q","","WSF Championship - Q",0,"",0,FALSE,2,"","WSF2024",1,TRUE,"",0,0,0,10,"","<a href=""https://www.youtube.com/@WPBSA/streams"">YouTube</a>",0,0,"wsf"
1788,"WSF Championship - Group R","2024-02-03","2024-02-11","",2023,"Amateur",18,"Grand Blue Fafa Resort","Golem","Albania","snooker",1770,"Both","O","https://snookerscores.net/tournament-manager/2024-wsf-championship/group/R","wsf"," Q","","WSF Championship - R",0,"",0,FALSE,2,"","WSF2024",1,TRUE,"",0,0,0,6,"","<a href=""https://www.youtube.com/@WPBSA/streams"">YouTube</a>",0,0,"wsf"
1789,"WSF Championship - Group S","2024-02-03","2024-02-11","",2023,"Amateur",19,"Grand Blue Fafa Resort","Golem","Albania","snooker",1770,"Both","O","https://snookerscores.net/tournament-manager/2024-wsf-championship/group/S","wsf"," Q","","WSF Championship - S",0,"",0,FALSE,2,"","WSF2024",1,TRUE,"",0,0,0,10,"","<a href=""https://www.youtube.com/@WPBSA/streams"">YouTube</a>",0,0,"wsf"
1790,"WSF Championship - Group T","2024-02-03","2024-02-11","",2023,"Amateur",20,"Grand Blue Fafa Resort","Golem","Albania","snooker",1770,"Both","O","https://snookerscores.net/tournament-manager/2024-wsf-championship/group/T","wsf"," Q","","WSF Championship - T",0,"",0,FALSE,2,"","WSF2024",1,TRUE,"",0,0,0,10,"","<a href=""https://www.youtube.com/@WPBSA/streams"">YouTube</a>",0,0,"wsf"
1791,"WSF Championship - Group U","2024-02-03","2024-02-11","",2023,"Amateur",21,"Grand Blue Fafa Resort","Golem","Albania","snooker",1770,"Both","O","https://snookerscores.net/tournament-manager/2024-wsf-championship/group/U","wsf"," Q","","WSF Championship - U",0,"",0,FALSE,2,"","WSF2024",1,TRUE,"",0,0,0,10,"","<a href=""https://www.youtube.com/@WPBSA/streams"">YouTube</a>",0,0,"wsf"
1792,"WSF Championship - Group V","2024-02-03","2024-02-11","",2023,"Amateur",22,"Grand Blue Fafa Resort","Golem","Albania","snooker",1770,"Both","O","https://snookerscores.net/tournament-manager/2024-wsf-championship/group/V","wsf"," Q","","WSF Championship - V",0,"",0,FALSE,2,"","WSF2024",1,TRUE,"",0,0,0,10,"","<a href=""https://www.youtube.com/@WPBSA/streams"">YouTube</a>",0,0,"wsf"
1793,"WSF Championship - Group W","2024-02-03","2024-02-11","",2023,"Amateur",23,"Grand Blue Fafa Resort","Golem","Albania","snooker",1770,"Both","O","https://snookerscores.net/tournament-manager/2024-wsf-championship/group/W","wsf"," Q","","WSF Championship - W",0,"",0,FALSE,2,"","WSF2024",1,TRUE,"",0,0,0,10,"","<a href=""https://www.youtube.com/@WPBSA/streams"">YouTube</a>",0,0,"wsf"
1794,"WSF Championship - Group X","2024-02-03","2024-02-11","",2023,"Amateur",24,"Grand Blue Fafa Resort","Golem","Albania","snooker",1770,"Both","O","https://snookerscores.net/tournament-manager/2024-wsf-championship/group/X","wsf"," Q","","WSF Championship - X",0,"",0,FALSE,2,"","WSF2024",1,TRUE,"",0,0,0,10,"","<a href=""https://www.youtube.com/@WPBSA/streams"">YouTube</a>",0,0,"wsf"
1795,"WSF Championship - Group Y","2024-02-03","2024-02-11","",2023,"Amateur",25,"Grand Blue Fafa Resort","Golem","Albania","snooker",1770,"Both","O","https://snookerscores.net/tournament-manager/2024-wsf-championship/group/Y","wsf"," Q","","WSF Championship - Y",0,"",0,FALSE,2,"","WSF2024",1,TRUE,"",0,0,0,10,"","<a href=""https://www.youtube.com/@WPBSA/streams"">YouTube</a>",0,0,"wsf"
1796,"WSF Championship - Group Z","2024-02-03","2024-02-11","",2023,"Amateur",26,"Grand Blue Fafa Resort","Golem","Albania","snooker",1770,"Both","O","https://snookerscores.net/tournament-manager/2024-wsf-championship/group/Z","wsf"," Q","","WSF Championship - Z",0,"",0,FALSE,2,"","WSF2024",1,TRUE,"",0,0,0,10,"","<a href=""https://www.youtube.com/@WPBSA/streams"">YouTube</a>",0,0,"wsf"
1797,"WSF Championship - Group AA","2024-02-03","2024-02-11","",2023,"Amateur",27,"Grand Blue Fafa Resort","Golem","Albania","snooker",1770,"Both","O","https://snookerscores.net/tournament-manager/2024-wsf-championship/group/AA","wsf"," Q","","WSF Championship - AA",0,"",0,FALSE,2,"","WSF2024",1,TRUE,"",0,0,0,10,"","<a href=""https://www.youtube.com/@WPBSA/streams"">YouTube</a>",0,0,"wsf"
1798,"WSF Championship - Group AB","2024-02-03","2024-02-11","",2023,"Amateur",28,"Grand Blue Fafa Resort","Golem","Albania","snooker",1770,"Both","O","https://snookerscores.net/tournament-manager/2024-wsf-championship/group/AB","wsf"," Q","","WSF Championship - AB",0,"",0,FALSE,2,"","WSF2024",1,TRUE,"",0,0,0,10,"","<a href=""https://www.youtube.com/@WPBSA/streams"">YouTube</a>",0,0,"wsf"
1799,"WSF Championship - Group AC","2024-02-03","2024-02-11","",2023,"Amateur",29,"Grand Blue Fafa Resort","Golem","Albania","snooker",1770,"Both","O","https://snookerscores.net/tournament-manager/2024-wsf-championship/group/AC","wsf"," Q","","WSF Championship - AC",0,"",0,FALSE,2,"","WSF2024",1,TRUE,"",0,0,0,10,"Here is the stream of <a href=""https://youtu.be/c7F2AvGAQYk?t=914"">the Black Ball Playoff</a>.","<a href=""https://www.youtube.com/@WPBSA/streams"">YouTube</a>",0,0,"wsf"
1800,"WSF Championship - Group AD","2024-02-03","2024-02-11","",2023,"Amateur",30,"Grand Blue Fafa Resort","Golem","Albania","snooker",1770,"Both","O","https://snookerscores.net/tournament-manager/2024-wsf-championship/group/AD","wsf"," Q","","WSF Championship - AD",0,"",0,FALSE,2,"","WSF2024",1,TRUE,"",0,0,0,10,"","<a href=""https://www.youtube.com/@WPBSA/streams"">YouTube</a>",0,0,"wsf"
1801,"WSF Championship - Group AE","2024-02-03","2024-02-11","",2023,"Amateur",31,"Grand Blue Fafa Resort","Golem","Albania","snooker",1770,"Both","O","https://snookerscores.net/tournament-manager/2024-wsf-championship/group/AE","wsf"," Q","","WSF Championship - AE",0,"",0,FALSE,2,"","WSF2024",1,TRUE,"",0,0,0,10,"","<a href=""https://www.youtube.com/@WPBSA/streams"">YouTube</a>",0,0,"wsf"
1802,"WSF Championship - Group AF","2024-02-03","2024-02-11","",2023,"Amateur",32,"Grand Blue Fafa Resort","Golem","Albania","snooker",1770,"Both","O","https://snookerscores.net/tournament-manager/2024-wsf-championship/group/AF","wsf"," Q","","WSF Championship - AF",0,"",0,FALSE,2,"","WSF2024",1,TRUE,"",0,0,0,10,"","<a href=""https://www.youtube.com/@WPBSA/streams"">YouTube</a>",0,0,"wsf"
1803,"WSF Championship - Group AG","2024-02-03","2024-02-11","",2023,"Amateur",33,"Grand Blue Fafa Resort","Golem","Albania","snooker",1770,"Both","O","https://snookerscores.net/tournament-manager/2024-wsf-championship/group/AG","wsf"," Q","","WSF Championship - AG",0,"",0,FALSE,2,"","WSF2024",1,TRUE,"",0,0,0,10,"","<a href=""https://www.youtube.com/@WPBSA/streams"">YouTube</a>",0,0,"wsf"
1804,"WSF Championship - Group AH","2024-02-03","2024-02-11","",2023,"Amateur",34,"Grand Blue Fafa Resort","Golem","Albania","snooker",1770,"Both","O","https://snookerscores.net/tournament-manager/2024-wsf-championship/group/AH","wsf"," Q","","WSF Championship - AH",0,"",0,FALSE,2,"","WSF2024",1,TRUE,"",0,0,0,10,"","<a href=""https://www.youtube.com/@WPBSA/streams"">YouTube</a>",0,0,"wsf"
1805,"WSF Championship - Group AI","2024-02-03","2024-02-11","",2023,"Amateur",35,"Grand Blue Fafa Resort","Golem","Albania","snooker",1770,"Both","O","https://snookerscores.net/tournament-manager/2024-wsf-championship/group/AI","wsf"," Q","","WSF Championship - AI",0,"",0,FALSE,2,"","WSF2024",1,TRUE,"",0,0,0,10,"","<a href=""https://www.youtube.com/@WPBSA/streams"">YouTube</a>",0,0,"wsf"
1806,"WSF Championship - Group AJ","2024-02-03","2024-02-11","",2023,"Amateur",36,"Grand Blue Fafa Resort","Golem","Albania","snooker",1770,"Both","O","https://snookerscores.net/tournament-manager/2024-wsf-championship/group/AJ","wsf"," Q","","WSF Championship - AJ",0,"",0,FALSE,2,"","WSF2024",1,TRUE,"",0,0,0,10,"","<a href=""https://www.youtube.com/@WPBSA/streams"">YouTube</a>",0,0,"wsf"
1807,"WSF Championship - Group AK","2024-02-03","2024-02-11","",2023,"Amateur",37,"Grand Blue Fafa Resort","Golem","Albania","snooker",1770,"Both","O","https://snookerscores.net/tournament-manager/2024-wsf-championship/group/AK","wsf"," Q","","WSF Championship - AK",0,"",0,FALSE,2,"","WSF2024",1,TRUE,"",0,0,0,6,"","<a href=""https://www.youtube.com/@WPBSA/streams"">YouTube</a>",0,0,"wsf"
1808,"WSF Championship - Group AL","2024-02-03","2024-02-11","",2023,"Amateur",38,"Grand Blue Fafa Resort","Golem","Albania","snooker",1770,"Both","O","https://snookerscores.net/tournament-manager/2024-wsf-championship/group/AL","wsf"," Q","","WSF Championship - AL",0,"",0,FALSE,2,"","WSF2024",1,TRUE,"",0,0,0,10,"","<a href=""https://www.youtube.com/@WPBSA/streams"">YouTube</a>",0,0,"wsf"
1809,"WSF Championship - Group AM","2024-02-03","2024-02-11","",2023,"Amateur",39,"Grand Blue Fafa Resort","Golem","Albania","snooker",1770,"Both","O","https://snookerscores.net/tournament-manager/2024-wsf-championship/group/AM","wsf"," Q","","WSF Championship - AM",0,"",0,FALSE,2,"","WSF2024",1,TRUE,"",0,0,0,10,"","<a href=""https://www.youtube.com/@WPBSA/streams"">YouTube</a>",0,0,"wsf"
1810,"WSF Championship - Group AN","2024-02-03","2024-02-11","",2023,"Amateur",40,"Grand Blue Fafa Resort","Golem","Albania","snooker",1770,"Both","O","https://snookerscores.net/tournament-manager/2024-wsf-championship/group/AN","wsf"," Q","","WSF Championship - AN",0,"",0,FALSE,2,"","WSF2024",1,TRUE,"",0,0,0,10,"","<a href=""https://www.youtube.com/@WPBSA/streams"">YouTube</a>",0,0,"wsf"
1811,"WSF Championship - Group AO","2024-02-03","2024-02-11","",2023,"Amateur",41,"Grand Blue Fafa Resort","Golem","Albania","snooker",1770,"Both","O","https://snookerscores.net/tournament-manager/2024-wsf-championship/group/AO","wsf"," Q","","WSF Championship - AO",0,"",0,FALSE,2,"","WSF2024",1,TRUE,"",0,0,0,10,"","<a href=""https://www.youtube.com/@WPBSA/streams"">YouTube</a>",0,0,"wsf"
1812,"WSF Championship - Group AP","2024-02-03","2024-02-11","",2023,"Amateur",42,"Grand Blue Fafa Resort","Golem","Albania","snooker",1770,"Both","O","https://snookerscores.net/tournament-manager/2024-wsf-championship/group/AP","wsf"," Q","","WSF Championship - AP",0,"",0,FALSE,2,"","WSF2024",1,TRUE,"",0,0,0,10,"","<a href=""https://www.youtube.com/@WPBSA/streams"">YouTube</a>",0,0,"wsf"
1813,"WSF Championship - Group AQ","2024-02-03","2024-02-11","",2023,"Amateur",43,"Grand Blue Fafa Resort","Golem","Albania","snooker",1770,"Both","O","https://snookerscores.net/tournament-manager/2024-wsf-championship/group/AQ","wsf"," Q","","WSF Championship - AQ",0,"",0,FALSE,2,"","WSF2024",1,TRUE,"",0,0,0,6,"","<a href=""https://www.youtube.com/@WPBSA/streams"">YouTube</a>",0,0,"wsf"
1484,"Championship League - Group 3","2024-02-05","2024-02-06","",2023,"Invitational",3,"Morningside Arena ","Leicester","England","snooker",1481,"Both","O","https://championshipleaguesnooker.co.uk/invitational/2024-championship-league-snooker-invitational/group-3",""," Q","CL","",0,"",0,FALSE,3,"CLSnooker","ChampionshipLeague",1,TRUE,"",0,0,0,24,"","<a href=""https://matchroom.live/sports/snooker"">Matchroom.live</a> and <a href=""https://championshipleaguesnooker.co.uk/watch/"">more</a>",0,0,"main"
1485,"Championship League - Group 4","2024-02-07","2024-02-08","",2023,"Invitational",4,"Morningside Arena ","Leicester","England","snooker",1481,"Both","O","https://championshipleaguesnooker.co.uk/invitational/2024-championship-league-snooker-invitational/group-4",""," Q","CL","",0,"",0,FALSE,3,"CLSnooker","ChampionshipLeague",1,TRUE,"",0,0,0,24,"","<a href=""https://matchroom.live/sports/snooker"">Matchroom.live</a> and <a href=""https://championshipleaguesnooker.co.uk/watch/"">more</a>",0,0,"main"
1486,"Championship League - Group 5","2024-02-09","2024-02-10","",2023,"Invitational",5,"Morningside Arena ","Leicester","England","snooker",1481,"Both","O","https://championshipleaguesnooker.co.uk/invitational/2024-championship-league-snooker-invitational/group-5",""," Q","CL","",0,"",0,FALSE,3,"CLSnooker","ChampionshipLeague",1,TRUE,"",0,0,0,24,"","<a href=""https://matchroom.live/sports/snooker"">Matchroom.live</a> and <a href=""https://championshipleaguesnooker.co.uk/watch/"">more</a>",0,0,"main"
1456,"Welsh Open","2024-02-12","2024-02-18","BetVictor",2023,"Ranking",0,"Venue Cymru","Llandudno","Wales","snooker",1456,"Both","O","https://www.wst.tv/betvictorwelshopen","Home Nations Series","F","WO","",0,"WR",6314,FALSE,1,"","WelshOpen",1,TRUE,"",129,0,0,63,"","<a href=""https://www.bbc.co.uk/sport/snooker"">BBC Wales</a>, <a href=""https://www.discoveryplus.com/"">Eurosport/Discovery+</a>, <a href=""https://matchroom.live/sports/snooker"">Matchroom.live</a> and <a href=""https://wst.tv/how-to-watch-the-betvictor-welsh-open-3/"">more</a>",92,1345,"main"
1555,"Q Tour 7","2024-02-16","2024-02-18","",2023,"Ranking",7,"Northern Snooker Centre","Leeds","England","snooker",1555,"Both","O","https://snookerscores.net/tournament-manager/202324-q-tour-event-seven","qtour","F","QT","",0,"QTR",0,FALSE,1,"","QTour",1,TRUE,"https://www.facebook.com/media/set?vanity=WPBSAofficial&set=a.1041974860608839",117,0,0,116,"Places 2-19 of the <a href=""https://www.snooker.org/res/index.asp?template=53&season=2023"">Q Tour Ranking List</a> will be invited to the <a href=""https://www.snooker.org/res/index.asp?event=1747"">Q Tour Global Play-Offs</a>.","",0,0,"q"
1446,"Players Championship","2024-02-19","2024-02-25","Johnstone's Paint",2023,"Ranking",0,"Telford International Centre","Telford","England","snooker",1446,"Both","O","https://www.wst.tv/playerschampionship","","F","PC","",0,"WR",0,FALSE,1,"","PlayersChampionship",1,TRUE,"",16,0,0,15,"See our <a href=""https://www.snooker.org/res/index.asp?template=47&season=2023"">Provisional Players Championship Rankings</a>","<a href=""https://www.itv.com/watch?channel=itv4"">ITV</a>, <a href=""https://www.discoveryplus.com/en/sport/snooker"">Eurosport/Discovery+</a> <a href=""https://matchroom.live/"">Matchroom.live</a> and <a href=""https://www.wst.tv/news/2024/february/16/how-to-watch-the-johnstone-s-paint-players-championship/"">more</a>",97,1356,"main"
1758,"Americas Q Tour 2","2024-02-22","2024-02-25","",2023,"Ranking",12,"PABSA Academy","San Jose","USA","snooker",1758,"Both","O","https://cloudsnooker.com/","qtour","F","","",0,"QTR",0,FALSE,1,"","QTour",1,TRUE,"",28,0,0,27,"Each winner of PABSA Q Tour Event 1+2 will qualify to play in the <a href=""https://www.snooker.org/res/index.asp?event=1747"">Q Tour Global Play-Offs</a>","<a href=""https://www.youtube.com/@californiasnooker4934"">YouTube</a>",0,0,"q"
1487,"Championship League - Group 6","2024-02-26","2024-02-27","",2023,"Invitational",6,"Morningside Arena ","Leicester","England","snooker",1481,"Both","O","https://championshipleaguesnooker.co.uk/invitational/2024-championship-league-snooker-invitational/group-6",""," Q","CL","",0,"",0,FALSE,3,"CLSnooker","ChampionshipLeague",1,TRUE,"",0,0,0,24,"","<a href=""https://matchroom.live/sports/snooker"">Matchroom.live</a> and <a href=""https://championshipleaguesnooker.co.uk/watch/"">more</a>. Table two on <a href=""https://www.youtube.com/@MatchroomMultiSport/streams"">YouTube</a>.   ",0,0,"main"
1488,"Championship League - Group 7","2024-02-28","2024-02-29","",2023,"Invitational",7,"Morningside Arena ","Leicester","England","snooker",1481,"Both","O","https://championshipleaguesnooker.co.uk/invitational/2024-championship-league-snooker-invitational/group-7",""," Q","CL","",0,"",0,FALSE,3,"CLSnooker","ChampionshipLeague",1,TRUE,"",0,0,0,24,"","<a href=""https://matchroom.live/sports/snooker"">Matchroom.live</a> and <a href=""https://championshipleaguesnooker.co.uk/watch/"">more</a>. Table two on <a href=""https://www.youtube.com/@MatchroomMultiSport/streams"">YouTube</a>.   ",0,0,"main"
1761,"World Masters","2024-03-04","2024-03-06","Riyadh Season",2023,"Invitational",0,"Global Theater","Boulevard City, Riyadh","Saudi Arabia","snooker",1761,"Both","O","","","F","SWM","",0,"",0,FALSE,1,"","",1,TRUE,"",12,0,0,11,"A 20-point golden ball is introduced and can only be potted after a 147 break.. <a href=""https://www.wst.tv/news/2024/february/19/wilson-turns-up-the-heat-in-saudi-race/"" title=""more"">News</a>","<a href=""https://www.discoveryplus.com/en/sport/snooker"">Eurosport/Discovery+</a>, <a href=""https://www.dazn.com/en-GB/home/ccoml4z0lfd55pf79i36w4ry7"">DAZN</a> and <a href=""https://matchroom.live/sports/snooker"">Matchroom.live</a>",0,0,"main"
1922,"Women's World Championship Group A","2024-03-11","2024-03-14","",2023,"Ranking",1,"Changping Gymnasium","Dongguan","China","snooker",1742,"Women","O","https://snookerscores.net/tournament-manager/2024-world-womens-snooker-championship/group/A","","Q","WWC","",0,"WWR",0,FALSE,2,"","WomensSnooker",1,TRUE,"",0,0,0,10,"","<a href=""https://www.facebook.com/profile.php/?id=100050556025162&name=xhp_nt__fblite__profile__tab_bar&profile_tab_item_selected=videos"">Facebook</a> and <a href=""https://www.youtube.com/@WPBSA"">YouTube</a>",0,0,"women"
1923,"Women's World Championship Group B","2024-03-11","2024-03-14","",2023,"Ranking",2,"Changping Gymnasium","Dongguan","China","snooker",1742,"Women","O","https://snookerscores.net/tournament-manager/2024-world-womens-snooker-championship/group/B","","Q","WWC","",0,"WWR",0,FALSE,2,"","WomensSnooker",1,TRUE,"",0,0,0,10,"","<a href=""https://www.facebook.com/profile.php/?id=100050556025162&name=xhp_nt__fblite__profile__tab_bar&profile_tab_item_selected=videos"">Facebook</a> and <a href=""https://www.youtube.com/@WPBSA"">YouTube</a>",0,0,"women"
1924,"Women's World Championship Group C","2024-03-11","2024-03-14","",2023,"Ranking",3,"Changping Gymnasium","Dongguan","China","snooker",1742,"Women","O","https://snookerscores.net/tournament-manager/2024-world-womens-snooker-championship/group/C","","Q","WWC","",0,"WWR",0,FALSE,2,"","WomensSnooker",1,TRUE,"",0,0,0,10,"","<a href=""https://www.facebook.com/profile.php/?id=100050556025162&name=xhp_nt__fblite__profile__tab_bar&profile_tab_item_selected=videos"">Facebook</a>",0,0,"women"
1925,"Women's World Championship Group D","2024-03-11","2024-03-14","",2023,"Ranking",4,"Changping Gymnasium","Dongguan","China","snooker",1742,"Women","O","https://snookerscores.net/tournament-manager/2024-world-womens-snooker-championship/group/D","","Q","WWC","",0,"WWR",0,FALSE,2,"","WomensSnooker",1,TRUE,"",0,0,0,10,"","<a href=""https://www.facebook.com/profile.php/?id=100050556025162&name=xhp_nt__fblite__profile__tab_bar&profile_tab_item_selected=videos"">Facebook</a>",0,0,"women"
1926,"Women's World Championship Group E","2024-03-11","2024-03-14","",2023,"Ranking",5,"Changping Gymnasium","Dongguan","China","snooker",1742,"Women","O","https://snookerscores.net/tournament-manager/2024-world-womens-snooker-championship/group/E","","Q","WWC","",0,"WWR",0,FALSE,2,"","WomensSnooker",1,TRUE,"",0,0,0,10,"","<a href=""https://www.facebook.com/profile.php/?id=100050556025162&name=xhp_nt__fblite__profile__tab_bar&profile_tab_item_selected=videos"">Facebook</a> and <a href=""https://www.youtube.com/@WPBSA"">YouTube</a>",0,0,"women"
1927,"Women's World Championship Group F","2024-03-11","2024-03-14","",2023,"Ranking",6,"Changping Gymnasium","Dongguan","China","snooker",1742,"Women","O","https://snookerscores.net/tournament-manager/2024-world-womens-snooker-championship/group/F","","Q","WWC","",0,"WWR",0,FALSE,2,"","WomensSnooker",1,TRUE,"",0,0,0,10,"","<a href=""https://www.facebook.com/profile.php/?id=100050556025162&name=xhp_nt__fblite__profile__tab_bar&profile_tab_item_selected=videos"">Facebook</a> and <a href=""https://www.youtube.com/@WPBSA"">YouTube</a>",0,0,"women"
1928,"Women's World Championship Group G","2024-03-11","2024-03-14","",2023,"Ranking",7,"Changping Gymnasium","Dongguan","China","snooker",1742,"Women","O","https://snookerscores.net/tournament-manager/2024-world-womens-snooker-championship/group/G","","Q","WWC","",0,"WWR",0,FALSE,2,"","WomensSnooker",1,TRUE,"",0,0,0,10,"","<a href=""https://www.facebook.com/profile.php/?id=100050556025162&name=xhp_nt__fblite__profile__tab_bar&profile_tab_item_selected=videos"">Facebook</a> and <a href=""https://www.youtube.com/@WPBSA"">YouTube</a>",0,0,"women"
1929,"Women's World Championship Group H","2024-03-11","2024-03-14","",2023,"Ranking",8,"Changping Gymnasium","Dongguan","China","snooker",1742,"Women","O","https://snookerscores.net/tournament-manager/2024-world-womens-snooker-championship/group/H","","Q","WWC","",0,"WWR",0,FALSE,2,"","WomensSnooker",1,TRUE,"",0,0,0,10,"","<a href=""https://www.facebook.com/profile.php/?id=100050556025162&name=xhp_nt__fblite__profile__tab_bar&profile_tab_item_selected=videos"">Facebook</a> and <a href=""https://www.youtube.com/@WPBSA"">YouTube</a>",0,0,"women"
1930,"Women's World Championship Group I","2024-03-11","2024-03-14","",2023,"Ranking",9,"Changping Gymnasium","Dongguan","China","snooker",1742,"Women","O","https://snookerscores.net/tournament-manager/2024-world-womens-snooker-championship/group/I","","Q","WWC","",0,"WWR",0,FALSE,2,"","WomensSnooker",1,TRUE,"",0,0,0,10,"","<a href=""https://www.facebook.com/profile.php/?id=100050556025162&name=xhp_nt__fblite__profile__tab_bar&profile_tab_item_selected=videos"">Facebook</a> and <a href=""https://www.youtube.com/@WPBSA"">YouTube</a>",0,0,"women"
1742,"Women's World Championship","2024-03-11","2024-03-17","Xiao Iron",2023,"Ranking",0,"Changping Gymnasium","Dongguan","China","snooker",1742,"Women","O","https://snookerscores.net/tournament-manager/2024-world-womens-snooker-championship","","F","WWC","",0,"WWR",0,FALSE,3,"","WomensSnooker",1,TRUE,"",45,0,0,22,"","<a href=""https://www.facebook.com/profile.php/?id=100050556025162&name=xhp_nt__fblite__profile__tab_bar&profile_tab_item_selected=videos"">Facebook</a> and <a href=""https://www.youtube.com/@WPBSA"">YouTube</a>",1828,1420,"women"
1481,"Championship League - Winners' Group","2024-03-12","2024-03-13","BetVictor",2023,"Invitational",0,"Morningside Arena ","Leicester","England","snooker",1481,"Both","O","https://championshipleaguesnooker.co.uk/invitational/","","F","CL","",0,"",0,FALSE,3,"CLSnooker","ChampionshipLeague",1,TRUE,"",27,0,0,24,"","<a href=""https://matchroom.live/sports/snooker"">Matchroom.live</a> and <a href=""https://championshipleaguesnooker.co.uk/watch/"">more</a>. Table two on <a href=""https://www.youtube.com/@MatchroomMultiSport/streams"">YouTube</a>.   ",237,1292,"main"
1747,"Q Tour Global Play-Offs","2024-03-13","2024-03-15","",2023,"Play-off",0,"Hotel Hills","Sarajevo","Bosnia and Herzegovina","snooker",1747,"Both","O","https://wpbsa.com/wpbsa-q-tour-goes-global-for-2023-24/","qtour","F","QTPO","",0,"",0,FALSE,1,"","QTour",1,TRUE,"",24,0,0,21,"The event includes the top 18 from the <a href=""/res/index.asp?template=52"">Q Tour rankings</a> plus two (mainly the winners) from each of the other Q Tour series (America, Asia/Pacific and Middle East).<!--: America <a href=""https://www.snooker.org/res/index.asp?event=1757"">1</a>+<a href=""https://www.snooker.org/res/index.asp?event=1758"">2</a>, Asia Pacific <a href=""https://www.snooker.org/res/index.asp?event=1606"">1</a>+<a href=""https://www.snooker.org/res/index.asp?event=1568"">2</a>+<a href=""https://www.snooker.org/res/index.asp?event=1769"">3</a> and Middle East <a href=""https://www.snooker.org/res/index.asp?event=1638"">1</a>+<a href=""https://www.snooker.org/res/index.asp?event=1639"">2</a>+<a href=""https://www.snooker.org/res/index.asp?event=1640"">3</a>-->","<a href=""https://www.youtube.com/@WPBSA/streams"">WPBSA's YouTube channel</a>",724,1364,"q"
1850,"European Under 21 Championship","2024-03-15","2024-03-18","",2023,"Amateur",0,"Hotel Hills","Sarajevo","Bosnia and Herzegovina","snooker",1850,"Both","U21","http://esnooker.pl/turnieje/2024/me21/en/index.php","","F","EUC","European U-21 Championship",0,"",0,FALSE,3,"","EuropeanSnooker",1,TRUE,"",85,0,0,43,"","<a href=""https://m.youtube.com/results?sp=mAEA&search_query=ebsa+snooker"">YouTube</a>",2439,0,"ebsa"
1897,"European Under 21 Championship - Group A","2024-03-15","2024-03-18","",2023,"Amateur",1,"Hotel Hills","Sarajevo","Bosnia and Herzegovina","snooker",1850,"Both","U21","http://esnooker.pl/turnieje/2024/me21/en/show_group_details.php?id_t=433&group=1","","Q","","European U-21 - Grp A",0,"",0,FALSE,3,"","EuropeanSnooker",1,TRUE,"",0,0,0,6,"","",0,0,"ebsa"
1898,"European Under 21 Championship - Group B","2024-03-15","2024-03-18","",2023,"Amateur",2,"Hotel Hills","Sarajevo","Bosnia and Herzegovina","snooker",1850,"Both","U21","http://esnooker.pl/turnieje/2024/me21/en/show_group_details.php?id_t=433&group=2","","Q","","European U-21 - Grp B",0,"",0,FALSE,3,"","EuropeanSnooker",1,TRUE,"",0,0,0,6,"","",0,0,"ebsa"
1899,"European Under 21 Championship - Group C","2024-03-15","2024-03-18","",2023,"Amateur",3,"Hotel Hills","Sarajevo","Bosnia and Herzegovina","snooker",1850,"Both","U21","http://esnooker.pl/turnieje/2024/me21/en/show_group_details.php?id_t=433&group=3","","Q","","European U-21 - Grp C",0,"",0,FALSE,3,"","EuropeanSnooker",1,TRUE,"",0,0,0,6,"","",0,0,"ebsa"
1900,"European Under 21 Championship - Group D","2024-03-15","2024-03-18","",2023,"Amateur",4,"Hotel Hills","Sarajevo","Bosnia and Herzegovina","snooker",1850,"Both","U21","http://esnooker.pl/turnieje/2024/me21/en/show_group_details.php?id_t=433&group=4","","Q","","European U-21 - Grp D",0,"",0,FALSE,3,"","EuropeanSnooker",1,TRUE,"",0,0,0,6,"","",0,0,"ebsa"
1901,"European Under 21 Championship - Group E","2024-03-15","2024-03-18","",2023,"Amateur",5,"Hotel Hills","Sarajevo","Bosnia and Herzegovina","snooker",1850,"Both","U21","http://esnooker.pl/turnieje/2024/me21/en/show_group_details.php?id_t=433&group=5","","Q","","European U-21 - Grp E",0,"",0,FALSE,3,"","EuropeanSnooker",1,TRUE,"",0,0,0,6,"","",0,0,"ebsa"
1902,"European Under 21 Championship - Group F","2024-03-15","2024-03-18","",2023,"Amateur",6,"Hotel Hills","Sarajevo","Bosnia and Herzegovina","snooker",1850,"Both","U21","http://esnooker.pl/turnieje/2024/me21/en/show_group_details.php?id_t=433&group=6","","Q","","European U-21 - Grp F",0,"",0,FALSE,3,"","EuropeanSnooker",1,TRUE,"",0,0,0,6,"","",0,0,"ebsa"
1903,"European Under 21 Championship - Group G","2024-03-15","2024-03-18","",2023,"Amateur",7,"Hotel Hills","Sarajevo","Bosnia and Herzegovina","snooker",1850,"Both","U21","http://esnooker.pl/turnieje/2024/me21/en/show_group_details.php?id_t=433&group=7","","Q","","European U-21 - Grp G",0,"",0,FALSE,3,"","EuropeanSnooker",1,TRUE,"",0,0,0,6,"","",0,0,"ebsa"
1904,"European Under 21 Championship - Group H","2024-03-15","2024-03-18","",2023,"Amateur",8,"Hotel Hills","Sarajevo","Bosnia and Herzegovina","snooker",1850,"Both","U21","http://esnooker.pl/turnieje/2024/me21/en/show_group_details.php?id_t=433&group=8","","Q","","European U-21 - Grp H",0,"",0,FALSE,3,"","EuropeanSnooker",1,TRUE,"",0,0,0,6,"","",0,0,"ebsa"
1906,"European Under 21 Championship - Group J","2024-03-15","2024-03-18","",2023,"Amateur",10,"Hotel Hills","Sarajevo","Bosnia and Herzegovina","snooker",1850,"Both","U21","http://esnooker.pl/turnieje/2024/me21/en/show_group_details.php?id_t=433&group=9","","Q","","European U-21 - Grp J",0,"",0,FALSE,3,"","EuropeanSnooker",1,TRUE,"",0,0,0,6,"","",0,0,"ebsa"
1907,"European Under 21 Championship - Group K","2024-03-15","2024-03-18","",2023,"Amateur",11,"Hotel Hills","Sarajevo","Bosnia and Herzegovina","snooker",1850,"Both","U21","http://esnooker.pl/turnieje/2024/me21/en/show_group_details.php?id_t=433&group=10","","Q","","European U-21 - Grp K",0,"",0,FALSE,3,"","EuropeanSnooker",1,TRUE,"",0,0,0,6,"","",0,0,"ebsa"
1908,"European Under 21 Championship - Group L","2024-03-15","2024-03-18","",2023,"Amateur",12,"Hotel Hills","Sarajevo","Bosnia and Herzegovina","snooker",1850,"Both","U21","http://esnooker.pl/turnieje/2024/me21/en/show_group_details.php?id_t=433&group=11","","Q","","European U-21 - Grp L",0,"",0,FALSE,3,"","EuropeanSnooker",1,TRUE,"",0,0,0,6,"","",0,0,"ebsa"
1909,"European Under 21 Championship - Group M","2024-03-15","2024-03-18","",2023,"Amateur",13,"Hotel Hills","Sarajevo","Bosnia and Herzegovina","snooker",1850,"Both","U21","http://esnooker.pl/turnieje/2024/me21/en/show_group_details.php?id_t=433&group=12","","Q","","European U-21 - Grp M",0,"",0,FALSE,3,"","EuropeanSnooker",1,TRUE,"",0,0,0,6,"","",0,0,"ebsa"
1910,"European Under 21 Championship - Group N","2024-03-15","2024-03-18","",2023,"Amateur",14,"Hotel Hills","Sarajevo","Bosnia and Herzegovina","snooker",1850,"Both","U21","http://esnooker.pl/turnieje/2024/me21/en/show_group_details.php?id_t=433&group=13","","Q","","European U-21 - Grp N",0,"",0,FALSE,3,"","EuropeanSnooker",1,TRUE,"",0,0,0,6,"","",0,0,"ebsa"
1912,"European Under 21 Championship - Group P","2024-03-15","2024-03-18","",2023,"Amateur",16,"Hotel Hills","Sarajevo","Bosnia and Herzegovina","snooker",1850,"Both","U21","http://esnooker.pl/turnieje/2024/me21/en/show_group_details.php?id_t=433&group=14","","Q","","European U-21 - Grp P",0,"",0,FALSE,3,"","EuropeanSnooker",1,TRUE,"",0,0,0,6,"","",0,0,"ebsa"
1913,"European Under 21 Championship - Group Q","2024-03-15","2024-03-18","",2023,"Amateur",17,"Hotel Hills","Sarajevo","Bosnia and Herzegovina","snooker",1850,"Both","U21","http://esnooker.pl/turnieje/2024/me21/en/show_group_details.php?id_t=433&group=15","","Q","","European U-21 - Grp Q",0,"",0,FALSE,3,"","EuropeanSnooker",1,TRUE,"",0,0,0,6,"","",0,0,"ebsa"
1914,"European Under 21 Championship - Group R","2024-03-15","2024-03-18","",2023,"Amateur",18,"Hotel Hills","Sarajevo","Bosnia and Herzegovina","snooker",1850,"Both","U21","http://esnooker.pl/turnieje/2024/me21/en/show_group_details.php?id_t=433&group=16","","Q","","European U-21 - Grp R",0,"",0,FALSE,3,"","EuropeanSnooker",1,TRUE,"",0,0,0,6,"","",0,0,"ebsa"
1915,"European Under 21 Championship - Group S","2024-03-15","2024-03-18","",2023,"Amateur",19,"Hotel Hills","Sarajevo","Bosnia and Herzegovina","snooker",1850,"Both","U21","http://esnooker.pl/turnieje/2024/me21/en/show_group_details.php?id_t=433&group=17","","Q","","European U-21 - Grp S",0,"",0,FALSE,3,"","EuropeanSnooker",1,TRUE,"",0,0,0,6,"","",0,0,"ebsa"
1916,"European Under 21 Championship - Group T","2024-03-15","2024-03-18","",2023,"Amateur",20,"Hotel Hills","Sarajevo","Bosnia and Herzegovina","snooker",1850,"Both","U21","http://esnooker.pl/turnieje/2024/me21/en/show_group_details.php?id_t=433&group=18","","Q","","European U-21 - Grp T",0,"",0,FALSE,3,"","EuropeanSnooker",1,TRUE,"",0,0,0,6,"","",0,0,"ebsa"
1917,"European Under 21 Championship - Group U","2024-03-15","2024-03-18","",2023,"Amateur",21,"Hotel Hills","Sarajevo","Bosnia and Herzegovina","snooker",1850,"Both","U21","http://esnooker.pl/turnieje/2024/me21/en/show_group_details.php?id_t=433&group=19","","Q","","European U-21 - Grp U",0,"",0,FALSE,3,"","EuropeanSnooker",1,TRUE,"",0,0,0,6,"","",0,0,"ebsa"
1918,"European Under 21 Championship - Group V","2024-03-15","2024-03-18","",2023,"Amateur",22,"Hotel Hills","Sarajevo","Bosnia and Herzegovina","snooker",1850,"Both","U21","http://esnooker.pl/turnieje/2024/me21/en/show_group_details.php?id_t=433&group=20","","Q","","European U-21 - Grp V",0,"",0,FALSE,3,"","EuropeanSnooker",1,TRUE,"",0,0,0,3,"","",0,0,"ebsa"
1919,"European Under 21 Championship - Group W","2024-03-15","2024-03-18","",2023,"Amateur",23,"Hotel Hills","Sarajevo","Bosnia and Herzegovina","snooker",1850,"Both","U21","http://esnooker.pl/turnieje/2024/me21/en/show_group_details.php?id_t=433&group=21","","Q","","European U-21 - Grp W",0,"",0,FALSE,3,"","EuropeanSnooker",1,TRUE,"",0,0,0,3,"","",0,0,"ebsa"
1920,"European Under 21 Championship - Group X","2024-03-15","2024-03-18","",2023,"Amateur",24,"Hotel Hills","Sarajevo","Bosnia and Herzegovina","snooker",1850,"Both","U21","http://esnooker.pl/turnieje/2024/me21/en/show_group_details.php?id_t=433&group=22","","Q","","European U-21 - Grp X",0,"",0,FALSE,3,"","EuropeanSnooker",1,TRUE,"",0,0,0,3,"","",0,0,"ebsa"
1849,"European Championship","2024-03-18","2024-03-23","",2023,"Amateur",0,"Hotel Hills","Sarajevo","Bosnia and Herzegovina","snooker",1849,"Both","O","http://esnooker.pl/turnieje/2024/me/en/index.php","","F","EC","",0,"",0,FALSE,3,"","EuropeanSnooker",1,TRUE,"",184,0,0,91,"","<a href=""https://www.youtube.com/@gogosport_live/streams"">YouTube</a>",898,0,"ebsa"
1851,"European Championship - Group A","2024-03-18","2024-03-23","",2023,"Amateur",1,"Hotel Hills","Sarajevo","Bosnia and Herzegovina","snooker",1849,"Both","O","http://esnooker.pl/turnieje/2024/me/en/show_group_details.php?id_t=434&group=1","","Q","","European Ch.ship - Grp A",0,"",0,FALSE,2,"","EuropeanSnooker",1,TRUE,"",0,0,0,6,"","",0,0,"ebsa"
1852,"European Championship - Group B","2024-03-18","2024-03-23","",2023,"Amateur",2,"Hotel Hills","Sarajevo","Bosnia and Herzegovina","snooker",1849,"Both","O","http://esnooker.pl/turnieje/2024/me/en/show_group_details.php?id_t=434&group=2","","Q","","European Ch.ship - Grp B",0,"",0,FALSE,2,"","EuropeanSnooker",1,TRUE,"",0,0,0,6,"","",0,0,"ebsa"
1853,"European Championship - Group C","2024-03-18","2024-03-23","",2023,"Amateur",3,"Hotel Hills","Sarajevo","Bosnia and Herzegovina","snooker",1849,"Both","O","http://esnooker.pl/turnieje/2024/me/en/show_group_details.php?id_t=434&group=3","","Q","","European Ch.ship - Grp C",0,"",0,FALSE,2,"","EuropeanSnooker",1,TRUE,"",0,0,0,6,"","",0,0,"ebsa"
1854,"European Championship - Group D","2024-03-18","2024-03-23","",2023,"Amateur",4,"Hotel Hills","Sarajevo","Bosnia and Herzegovina","snooker",1849,"Both","O","http://esnooker.pl/turnieje/2024/me/en/show_group_details.php?id_t=434&group=4","","Q","","European Ch.ship - Grp D",0,"",0,FALSE,2,"","EuropeanSnooker",1,TRUE,"",0,0,0,6,"","",0,0,"ebsa"
1855,"European Championship - Group E","2024-03-18","2024-03-23","",2023,"Amateur",5,"Hotel Hills","Sarajevo","Bosnia and Herzegovina","snooker",1849,"Both","O","http://esnooker.pl/turnieje/2024/me/en/show_group_details.php?id_t=434&group=5","","Q","","European Ch.ship - Grp E",0,"",0,FALSE,2,"","EuropeanSnooker",1,TRUE,"",0,0,0,6,"","",0,0,"ebsa"
1856,"European Championship - Group F","2024-03-18","2024-03-23","",2023,"Amateur",6,"Hotel Hills","Sarajevo","Bosnia and Herzegovina","snooker",1849,"Both","O","http://esnooker.pl/turnieje/2024/me/en/show_group_details.php?id_t=434&group=6","","Q","","European Ch.ship - Grp F",0,"",0,FALSE,2,"","EuropeanSnooker",1,TRUE,"",0,0,0,6,"","",0,0,"ebsa"
1857,"European Championship - Group G","2024-03-18","2024-03-23","",2023,"Amateur",7,"Hotel Hills","Sarajevo","Bosnia and Herzegovina","snooker",1849,"Both","O","http://esnooker.pl/turnieje/2024/me/en/show_group_details.php?id_t=434&group=7","","Q","","European Ch.ship - Grp G",0,"",0,FALSE,2,"","EuropeanSnooker",1,TRUE,"",0,0,0,6,"","",0,0,"ebsa"
1858,"European Championship - Group H","2024-03-18","2024-03-23","",2023,"Amateur",8,"Hotel Hills","Sarajevo","Bosnia and Herzegovina","snooker",1849,"Both","O","http://esnooker.pl/turnieje/2024/me/en/show_group_details.php?id_t=434&group=8","","Q","","European Ch.ship - Grp H",0,"",0,FALSE,2,"","EuropeanSnooker",1,TRUE,"",0,0,0,6,"","",0,0,"ebsa"
1859,"European Championship - Group I","2024-03-18","2024-03-23","",2023,"Amateur",9,"Hotel Hills","Sarajevo","Bosnia and Herzegovina","snooker",1849,"Both","O","http://esnooker.pl/turnieje/2024/me/en/show_group_details.php?id_t=434&group=9","","Q","","European Ch.ship - Grp I",0,"",0,FALSE,2,"","EuropeanSnooker",1,TRUE,"",0,0,0,6,"","",0,0,"ebsa"
1860,"European Championship - Group J","2024-03-18","2024-03-23","",2023,"Amateur",10,"Hotel Hills","Sarajevo","Bosnia and Herzegovina","snooker",1849,"Both","O","http://esnooker.pl/turnieje/2024/me/en/show_group_details.php?id_t=434&group=10","","Q","","European Ch.ship - Grp J",0,"",0,FALSE,2,"","EuropeanSnooker",1,TRUE,"",0,0,0,6,"","",0,0,"ebsa"
1861,"European Championship - Group L","2024-03-18","2024-03-23","",2023,"Amateur",12,"Hotel Hills","Sarajevo","Bosnia and Herzegovina","snooker",1849,"Both","O","http://esnooker.pl/turnieje/2024/me/en/show_group_details.php?id_t=434&group=12","","Q","","European Ch.ship - Grp L",0,"",0,FALSE,2,"","EuropeanSnooker",1,TRUE,"",0,0,0,6,"","",0,0,"ebsa"
1862,"European Championship - Group M","2024-03-18","2024-03-23","",2023,"Amateur",13,"Hotel Hills","Sarajevo","Bosnia and Herzegovina","snooker",1849,"Both","O","http://esnooker.pl/turnieje/2024/me/en/show_group_details.php?id_t=434&group=13","","Q","","European Ch.ship - Grp M",0,"",0,FALSE,2,"","EuropeanSnooker",1,TRUE,"",0,0,0,6,"","",0,0,"ebsa"
1863,"European Championship - Group N","2024-03-18","2024-03-23","",2023,"Amateur",14,"Hotel Hills","Sarajevo","Bosnia and Herzegovina","snooker",1849,"Both","O","http://esnooker.pl/turnieje/2024/me/en/show_group_details.php?id_t=434&group=14","","Q","","European Ch.ship - Grp N",0,"",0,FALSE,2,"","EuropeanSnooker",1,TRUE,"",0,0,0,6,"","",0,0,"ebsa"
1864,"European Championship - Group K","2024-03-18","2024-03-23","",2023,"Amateur",11,"Hotel Hills","Sarajevo","Bosnia and Herzegovina","snooker",1849,"Both","O","http://esnooker.pl/turnieje/2024/me/en/show_group_details.php?id_t=434&group=11","","Q","","European Ch.ship - Grp K",0,"",0,FALSE,2,"","EuropeanSnooker",1,TRUE,"",0,0,0,6,"","",0,0,"ebsa"
1865,"European Championship - Group O","2024-03-18","2024-03-23","",2023,"Amateur",15,"Hotel Hills","Sarajevo","Bosnia and Herzegovina","snooker",1849,"Both","O","http://esnooker.pl/turnieje/2024/me/en/show_group_details.php?id_t=434&group=15","","Q","","European Ch.ship - Grp O",0,"",0,FALSE,2,"","EuropeanSnooker",1,TRUE,"",0,0,0,6,"","",0,0,"ebsa"
1866,"European Championship - Group P","2024-03-18","2024-03-23","",2023,"Amateur",16,"Hotel Hills","Sarajevo","Bosnia and Herzegovina","snooker",1849,"Both","O","http://esnooker.pl/turnieje/2024/me/en/show_group_details.php?id_t=434&group=16","","Q","","European Ch.ship - Grp P",0,"",0,FALSE,2,"","EuropeanSnooker",1,TRUE,"",0,0,0,6,"","",0,0,"ebsa"
1867,"European Championship - Group Q","2024-03-18","2024-03-23","",2023,"Amateur",17,"Hotel Hills","Sarajevo","Bosnia and Herzegovina","snooker",1849,"Both","O","http://esnooker.pl/turnieje/2024/me/en/show_group_details.php?id_t=434&group=17","","Q","","European Ch.ship - Grp Q",0,"",0,FALSE,2,"","EuropeanSnooker",1,TRUE,"",0,0,0,6,"","",0,0,"ebsa"
1868,"European Championship - Group R","2024-03-18","2024-03-23","",2023,"Amateur",18,"Hotel Hills","Sarajevo","Bosnia and Herzegovina","snooker",1849,"Both","O","http://esnooker.pl/turnieje/2024/me/en/show_group_details.php?id_t=434&group=18","","Q","","European Ch.ship - Grp R",0,"",0,FALSE,2,"","EuropeanSnooker",1,TRUE,"",0,0,0,6,"","",0,0,"ebsa"
1869,"European Championship - Group AS","2024-03-18","2024-03-23","",2023,"Amateur",45,"Hotel Hills","Sarajevo","Bosnia and Herzegovina","snooker",1849,"Both","O","http://esnooker.pl/turnieje/2024/me/en/show_group_details.php?id_t=434&group=19","","Q","","European Ch.ship - Grp AS",0,"",0,FALSE,2,"","EuropeanSnooker",1,TRUE,"",0,0,0,6,"","",0,0,"ebsa"
1870,"European Championship - Group AT","2024-03-18","2024-03-23","",2023,"Amateur",46,"Hotel Hills","Sarajevo","Bosnia and Herzegovina","snooker",1849,"Both","O","http://esnooker.pl/turnieje/2024/me/en/show_group_details.php?id_t=434&group=20","","Q","","European Ch.ship - Grp AT",0,"",0,FALSE,2,"","EuropeanSnooker",1,TRUE,"",0,0,0,6,"","",0,0,"ebsa"
1871,"European Championship - Group U","2024-03-18","2024-03-23","",2023,"Amateur",21,"Hotel Hills","Sarajevo","Bosnia and Herzegovina","snooker",1849,"Both","O","http://esnooker.pl/turnieje/2024/me/en/show_group_details.php?id_t=434&group=21","","Q","","European Ch.ship - Grp U",0,"",0,FALSE,2,"","EuropeanSnooker",1,TRUE,"",0,0,0,6,"","",0,0,"ebsa"
1872,"European Championship - Group V","2024-03-18","2024-03-23","",2023,"Amateur",22,"Hotel Hills","Sarajevo","Bosnia and Herzegovina","snooker",1849,"Both","O","http://esnooker.pl/turnieje/2024/me/en/show_group_details.php?id_t=434&group=22","","Q","","European Ch.ship - Grp V",0,"",0,FALSE,2,"","EuropeanSnooker",1,TRUE,"",0,0,0,6,"","",0,0,"ebsa"
1873,"European Championship - Group W","2024-03-18","2024-03-23","",2023,"Amateur",23,"Hotel Hills","Sarajevo","Bosnia and Herzegovina","snooker",1849,"Both","O","http://esnooker.pl/turnieje/2024/me/en/show_group_details.php?id_t=434&group=23","","Q","","European Ch.ship - Grp W",0,"",0,FALSE,2,"","EuropeanSnooker",1,TRUE,"",0,0,0,6,"","",0,0,"ebsa"
1874,"European Championship - Group X","2024-03-18","2024-03-23","",2023,"Amateur",24,"Hotel Hills","Sarajevo","Bosnia and Herzegovina","snooker",1849,"Both","O","http://esnooker.pl/turnieje/2024/me/en/show_group_details.php?id_t=434&group=24","","Q","","European Ch.ship - Grp X",0,"",0,FALSE,2,"","EuropeanSnooker",1,TRUE,"",0,0,0,6,"","",0,0,"ebsa"
1875,"European Championship - Group Y","2024-03-18","2024-03-23","",2023,"Amateur",25,"Hotel Hills","Sarajevo","Bosnia and Herzegovina","snooker",1849,"Both","O","http://esnooker.pl/turnieje/2024/me/en/show_group_details.php?id_t=434&group=25","","Q","","European Ch.ship - Grp Y",0,"",0,FALSE,2,"","EuropeanSnooker",1,TRUE,"",0,0,0,6,"","",0,0,"ebsa"
1876,"European Championship - Group Z","2024-03-18","2024-03-23","",2023,"Amateur",26,"Hotel Hills","Sarajevo","Bosnia and Herzegovina","snooker",1849,"Both","O","http://esnooker.pl/turnieje/2024/me/en/show_group_details.php?id_t=434&group=26","","Q","","European Ch.ship - Grp Z",0,"",0,FALSE,2,"","EuropeanSnooker",1,TRUE,"",0,0,0,6,"","",0,0,"ebsa"
1877,"European Championship - Group AA","2024-03-18","2024-03-23","",2023,"Amateur",27,"Hotel Hills","Sarajevo","Bosnia and Herzegovina","snooker",1849,"Both","O","http://esnooker.pl/turnieje/2024/me/en/show_group_details.php?id_t=434&group=27","","Q","","European Ch.ship - Grp AA",0,"",0,FALSE,2,"","EuropeanSnooker",1,TRUE,"",0,0,0,6,"","",0,0,"ebsa"
1878,"European Championship - Group AB","2024-03-18","2024-03-23","",2023,"Amateur",28,"Hotel Hills","Sarajevo","Bosnia and Herzegovina","snooker",1849,"Both","O","http://esnooker.pl/turnieje/2024/me/en/show_group_details.php?id_t=434&group=28","","Q","","European Ch.ship - Grp AB",0,"",0,FALSE,2,"","EuropeanSnooker",1,TRUE,"",0,0,0,6,"","",0,0,"ebsa"
1879,"European Championship - Group AC","2024-03-18","2024-03-23","",2023,"Amateur",29,"Hotel Hills","Sarajevo","Bosnia and Herzegovina","snooker",1849,"Both","O","http://esnooker.pl/turnieje/2024/me/en/show_group_details.php?id_t=434&group=29","","Q","","European Ch.ship - Grp AC",0,"",0,FALSE,2,"","EuropeanSnooker",1,TRUE,"",0,0,0,6,"","",0,0,"ebsa"
1880,"European Championship - Group AD","2024-03-18","2024-03-23","",2023,"Amateur",30,"Hotel Hills","Sarajevo","Bosnia and Herzegovina","snooker",1849,"Both","O","http://esnooker.pl/turnieje/2024/me/en/show_group_details.php?id_t=434&group=30","","Q","","European Ch.ship - Grp AD",0,"",0,FALSE,2,"","EuropeanSnooker",1,TRUE,"",0,0,0,6,"","",0,0,"ebsa"
1881,"European Championship - Group AE","2024-03-18","2024-03-23","",2023,"Amateur",31,"Hotel Hills","Sarajevo","Bosnia and Herzegovina","snooker",1849,"Both","O","http://esnooker.pl/turnieje/2024/me/en/show_group_details.php?id_t=434&group=31","","Q","","European Ch.ship - Grp AE",0,"",0,FALSE,2,"","EuropeanSnooker",1,TRUE,"",0,0,0,6,"","",0,0,"ebsa"
1882,"European Championship - Group AF","2024-03-18","2024-03-23","",2023,"Amateur",32,"Hotel Hills","Sarajevo","Bosnia and Herzegovina","snooker",1849,"Both","O","http://esnooker.pl/turnieje/2024/me/en/show_group_details.php?id_t=434&group=32","","Q","","European Ch.ship - Grp AF",0,"",0,FALSE,2,"","EuropeanSnooker",1,TRUE,"",0,0,0,6,"","",0,0,"ebsa"
1883,"European Championship - Group AG","2024-03-18","2024-03-23","",2023,"Amateur",33,"Hotel Hills","Sarajevo","Bosnia and Herzegovina","snooker",1849,"Both","O","http://esnooker.pl/turnieje/2024/me/en/show_group_details.php?id_t=434&group=33","","Q","","European Ch.ship - Grp AG",0,"",0,FALSE,2,"","EuropeanSnooker",1,TRUE,"",0,0,0,6,"","",0,0,"ebsa"
1884,"European Championship - Group AH","2024-03-18","2024-03-23","",2023,"Amateur",34,"Hotel Hills","Sarajevo","Bosnia and Herzegovina","snooker",1849,"Both","O","http://esnooker.pl/turnieje/2024/me/en/show_group_details.php?id_t=434&group=34","","Q","","European Ch.ship - Grp AH",0,"",0,FALSE,2,"","EuropeanSnooker",1,TRUE,"",0,0,0,6,"","",0,0,"ebsa"
1885,"European Championship - Group AI","2024-03-18","2024-03-23","",2023,"Amateur",35,"Hotel Hills","Sarajevo","Bosnia and Herzegovina","snooker",1849,"Both","O","http://esnooker.pl/turnieje/2024/me/en/show_group_details.php?id_t=434&group=35","","Q","","European Ch.ship - Grp AI",0,"",0,FALSE,2,"","EuropeanSnooker",1,TRUE,"",0,0,0,6,"","",0,0,"ebsa"
1886,"European Championship - Group AJ","2024-03-18","2024-03-23","",2023,"Amateur",36,"Hotel Hills","Sarajevo","Bosnia and Herzegovina","snooker",1849,"Both","O","http://esnooker.pl/turnieje/2024/me/en/show_group_details.php?id_t=434&group=36","","Q","","European Ch.ship - Grp AJ",0,"",0,FALSE,2,"","EuropeanSnooker",1,TRUE,"",0,0,0,6,"","",0,0,"ebsa"
1887,"European Championship - Group AK","2024-03-18","2024-03-23","",2023,"Amateur",37,"Hotel Hills","Sarajevo","Bosnia and Herzegovina","snooker",1849,"Both","O","http://esnooker.pl/turnieje/2024/me/en/show_group_details.php?id_t=434&group=37","","Q","","European Ch.ship - Grp AK",0,"",0,FALSE,2,"","EuropeanSnooker",1,TRUE,"",0,0,0,6,"","",0,0,"ebsa"
1888,"European Championship - Group AL","2024-03-18","2024-03-23","",2023,"Amateur",38,"Hotel Hills","Sarajevo","Bosnia and Herzegovina","snooker",1849,"Both","O","http://esnooker.pl/turnieje/2024/me/en/show_group_details.php?id_t=434&group=38","","Q","","European Ch.ship - Grp AL",0,"",0,FALSE,2,"","EuropeanSnooker",1,TRUE,"",0,0,0,6,"","",0,0,"ebsa"
1889,"European Championship - Group AM","2024-03-18","2024-03-23","",2023,"Amateur",39,"Hotel Hills","Sarajevo","Bosnia and Herzegovina","snooker",1849,"Both","O","http://esnooker.pl/turnieje/2024/me/en/show_group_details.php?id_t=434&group=39","","Q","","European Ch.ship - Grp AM",0,"",0,FALSE,2,"","EuropeanSnooker",1,TRUE,"",0,0,0,6,"","",0,0,"ebsa"
1890,"European Championship - Group AN","2024-03-18","2024-03-23","",2023,"Amateur",40,"Hotel Hills","Sarajevo","Bosnia and Herzegovina","snooker",1849,"Both","O","http://esnooker.pl/turnieje/2024/me/en/show_group_details.php?id_t=434&group=40","","Q","","European Ch.ship - Grp AN",0,"",0,FALSE,2,"","EuropeanSnooker",1,TRUE,"",0,0,0,6,"","",0,0,"ebsa"
1891,"European Championship - Group AO","2024-03-18","2024-03-23","",2023,"Amateur",41,"Hotel Hills","Sarajevo","Bosnia and Herzegovina","snooker",1849,"Both","O","http://esnooker.pl/turnieje/2024/me/en/show_group_details.php?id_t=434&group=41","","Q","","European Ch.ship - Grp AO",0,"",0,FALSE,2,"","EuropeanSnooker",1,TRUE,"",0,0,0,6,"","",0,0,"ebsa"
1892,"European Championship - Group AP","2024-03-18","2024-03-23","",2023,"Amateur",42,"Hotel Hills","Sarajevo","Bosnia and Herzegovina","snooker",1849,"Both","O","http://esnooker.pl/turnieje/2024/me/en/show_group_details.php?id_t=434&group=42","","Q","","European Ch.ship - Grp AP",0,"",0,FALSE,2,"","EuropeanSnooker",1,TRUE,"",0,0,0,6,"","",0,0,"ebsa"
1893,"European Championship - Group AQ","2024-03-18","2024-03-23","",2023,"Amateur",43,"Hotel Hills","Sarajevo","Bosnia and Herzegovina","snooker",1849,"Both","O","http://esnooker.pl/turnieje/2024/me/en/show_group_details.php?id_t=434&group=43","","Q","","European Ch.ship - Grp AQ",0,"",0,FALSE,2,"","EuropeanSnooker",1,TRUE,"",0,0,0,6,"","",0,0,"ebsa"
1894,"European Championship - Group AR","2024-03-18","2024-03-23","",2023,"Amateur",44,"Hotel Hills","Sarajevo","Bosnia and Herzegovina","snooker",1849,"Both","O","http://esnooker.pl/turnieje/2024/me/en/show_group_details.php?id_t=434&group=44","","Q","","European Ch.ship - Grp AR",0,"",0,FALSE,2,"","EuropeanSnooker",1,TRUE,"",0,0,0,6,"","",0,0,"ebsa"
1895,"European Championship - Group S","2024-03-18","2024-03-23","",2023,"Amateur",19,"Hotel Hills","Sarajevo","Bosnia and Herzegovina","snooker",1849,"Both","O","http://esnooker.pl/turnieje/2024/me/en/show_group_details.php?id_t=434&group=45","","Q","","European Ch.ship - Grp S",0,"",0,FALSE,2,"","EuropeanSnooker",1,TRUE,"",0,0,0,6,"","",0,0,"ebsa"
1896,"European Championship - Group T","2024-03-18","2024-03-23","",2023,"Amateur",20,"Hotel Hills","Sarajevo","Bosnia and Herzegovina","snooker",1849,"Both","O","http://esnooker.pl/turnieje/2024/me/en/show_group_details.php?id_t=434&group=46","","Q","","European Ch.ship - Grp T",0,"",0,FALSE,2,"","EuropeanSnooker",1,TRUE,"",0,0,0,6,"","",0,0,"ebsa"
1560,"World Open","2024-03-18","2024-03-24","Huading Nylon",2023,"Ranking",0,"Yushan Sport Centre","Yushan","China","snooker",1560,"Both","O","","hwo","F","WOOP","",0,"WR",6302,FALSE,1,"","WorldOpen",1,TRUE,"",129,0,0,63,"","<a href=""https://www.discoveryplus.com/"">Eurosport/Discovery+</a>, <a href=""https://matchroom.live/sports/snooker"">Matchroom.live</a> & <a href=""https://www.wst.tv/news/2024/march/12/how-to-watch-the-world-open/"">more</a>",12,874,"main"
1458,"World Mixed Doubles","2024-03-30","2024-03-31","",2023,"Invitational",0,"Manchester Central","Manchester","England","snooker",1458,"Both","O","","","F","WMD","World Mixed Doubles",0,"",0,TRUE,1,"","WorldMixedDoubles",1,TRUE,"",4,0,0,7,"","<a href=""https://www.itv.com/watch?channel=itv4"">ITV</a>, <a href=""https://matchroom.live/"">Matchroom.live</a> and <a href=""https://www.wst.tv/news/2024/march/27/how-to-watch-the-world-mixed-doubles-and-johnstone-s-paint-tour-championship/"">more</a>",2965,1347,"main"
1459,"Tour Championship","2024-04-01","2024-04-07","Johnstone's Paint",2023,"Ranking",0,"Manchester Central","Manchester","England","snooker",1459,"Both","O","https://www.wst.tv/tourchampionship","","F","TC","",0,"WR",6317,FALSE,1,"","TourChampionship",1,TRUE,"",12,0,0,11,"","<a href=""https://www.itv.com/watch?channel=itv4"">ITV</a>, <a href=""https://matchroom.live/"">Matchroom.live</a> and <a href=""https://www.wst.tv/news/2024/march/27/how-to-watch-the-world-mixed-doubles-and-johnstone-s-paint-tour-championship/"">more</a>",97,1348,"main"
1480,"World Championship Qualifiers","2024-04-08","2024-04-17","",2023,"Qualifying",0,"English Institute of Sport","Sheffield","England","snooker",1460,"Both","O","https://www.wst.tv/matches/ede4ad40-dc62-44e5-83a0-cd9c48c44979","world","Q","WC","",0,"WR",0,FALSE,1,"","WorldSnookerChampionship ",1,TRUE,"",0,0,0,112,"","<a href=""https://www.discoveryplus.com/"">Discovery+</a>, <a href=""https://matchroom.live/sports/snooker"">Matchroom.live</a> and <a href=""https://www.wst.tv/news/2024/april/05/how-to-watch-the-cazoo-world-championship-qualifiers/"">more</a>",0,0,"main"
1460,"World Championship","2024-04-20","2024-05-06","Cazoo",2023,"Ranking",0,"Crucible Theatre","Sheffield","England","snooker",1460,"Both","O","https://www.wst.tv/matches/826cc9bf-2c3d-4171-a3eb-1c6588816e58","world","F","WC","",0,"WR",2024,FALSE,1,"","WorldSnookerChampionship ",1,TRUE,"",144,0,0,31,"","<a href=""http://www.bbc.co.uk/iplayer"">BBC</a> and <a href=""https://www.eurosport.com/"">Eurosport</a>/<a href=""https://www.discoveryplus.com/gb/sports"">Discovery+</a>",101,1287,"main"
1947,"World Seniors Championship","2024-05-08","2024-05-12","Mr Vegas",2023,"Ranking",0,"Crucible Theatre","Sheffield","England","snooker",1947,"Both","S","https://snookerscores.net/tournament-manager/mr-vegas-world-seniors-championship","seniors","F","SWC","",0,"",0,FALSE,1,"","SeniorsSnooker",1,TRUE,"",16,0,0,15,"","<a href=""https://www.channel5.com"">Channel 5</a>",20,1375,"seniors"
1932,"Q School 1","2024-05-21","2024-05-26","",2023,"Qualifying School",0,"Mattioli Arena","Leicester","England","snooker",1932,"Both","O","https://www.wst.tv/matches/8d8f9a76-3262-434b-8e2f-44b4169ae331?","school","QS","","",0,"QS",0,FALSE,1,"","QSchool",1,TRUE,"",167,0,0,163,"","<a href=""https://www.youtube.com/@worldsnookertour/streams"">YouTube</a> and <a href=""https://www.facebook.com/WorldSnookerTour/live_videos"">Facebook</a>",0,1489,"main"
1921,"Qualifying School 1 - Asia & Oceania ","2024-05-22","2024-05-27","",2023,"Qualifying School",1,"","Bangkok","Thailand","snooker",1921,"Both","O","http://www.thailandsnooker.org/news_detail.php?id=1341","school","QS","","Q School 1 Asia & Oceania",0,"",0,FALSE,1,"","QSchool",1,TRUE,"",99,0,0,97,"","<a href=""https://www.facebook.com/BsatTH/videos"">Facebook</a> and <a href=""https://www.youtube.com/@bsatth"">YouTube</a>",0,1491,"main"
1994,"British Women's Open Group A ","2024-05-24","2024-05-25","",2023,"Ranking",1,"Landywood Snooker Club","Walsall","England","snooker",1749,"Women","O","https://snookerscores.net/tournament-manager/2024-landywood-british-womens-open","","Q","","",0,"WWR",0,FALSE,2,"","WomensSnooker",1,TRUE,"",0,0,0,6,"","",0,0,"women"
1995,"British Women's Open Group B","2024-05-24","2024-05-25","",2023,"Ranking",2,"Landywood Snooker Club","Walsall","England","snooker",1749,"Women","O","https://snookerscores.net/tournament-manager/2024-landywood-british-womens-open","","Q","","",0,"WWR",0,FALSE,2,"","WomensSnooker",1,TRUE,"",0,0,0,6,"","",0,0,"women"
1996,"British Women's Open Group C","2024-05-24","2024-05-25","",2023,"Ranking",3,"Landywood Snooker Club","Walsall","England","snooker",1749,"Women","O","https://snookerscores.net/tournament-manager/2024-landywood-british-womens-open","","Q","","",0,"WWR",0,FALSE,2,"","WomensSnooker",1,TRUE,"",0,0,0,6,"","",0,0,"women"
1997,"British Women's Open Group D","2024-05-24","2024-05-25","",2023,"Ranking",4,"Landywood Snooker Club","Walsall","England","snooker",1749,"Women","O","https://snookerscores.net/tournament-manager/2024-landywood-british-womens-open","","Q","","",0,"WWR",0,FALSE,2,"","WomensSnooker",1,TRUE,"",0,0,0,6,"","",0,0,"women"
1998,"British Women's Open Group E","2024-05-24","2024-05-25","",2023,"Ranking",5,"Landywood Snooker Club","Walsall","England","snooker",1749,"Women","O","https://snookerscores.net/tournament-manager/2024-landywood-british-womens-open","","Q","","",0,"WWR",0,FALSE,2,"","WomensSnooker",1,TRUE,"",0,0,0,6,"","",0,0,"women"
1999,"British Women's Open Group F","2024-05-24","2024-05-25","",2023,"Ranking",6,"Landywood Snooker Club","Walsall","England","snooker",1749,"Women","O","https://snookerscores.net/tournament-manager/2024-landywood-british-womens-open","","Q","","",0,"WWR",0,FALSE,2,"","WomensSnooker",1,TRUE,"",0,0,0,6,"","",0,0,"women"
2000,"British Women's Open Group G","2024-05-24","2024-05-25","",2023,"Ranking",7,"Landywood Snooker Club","Walsall","England","snooker",1749,"Women","O","https://snookerscores.net/tournament-manager/2024-landywood-british-womens-open","","Q","","",0,"WWR",0,FALSE,2,"","WomensSnooker",1,TRUE,"",0,0,0,6,"","",0,0,"women"
2001,"British Women's Open Group H","2024-05-24","2024-05-25","",2023,"Ranking",8,"Landywood Snooker Club","Walsall","England","snooker",1749,"Women","O","https://snookerscores.net/tournament-manager/2024-landywood-british-womens-open","","Q","","",0,"WWR",0,FALSE,2,"","WomensSnooker",1,TRUE,"",0,0,0,6,"","",0,0,"women"
2002,"British Women's Open Group I","2024-05-24","2024-05-25","",2023,"Ranking",9,"Landywood Snooker Club","Walsall","England","snooker",1749,"Women","O","https://snookerscores.net/tournament-manager/2024-landywood-british-womens-open","","Q","","",0,"WWR",0,FALSE,2,"","WomensSnooker",1,TRUE,"",0,0,0,6,"","",0,0,"women"
2003,"British Women's Open Group J","2024-05-24","2024-05-25","",2023,"Ranking",10,"Landywood Snooker Club","Walsall","England","snooker",1749,"Women","O","https://snookerscores.net/tournament-manager/2024-landywood-british-womens-open","","Q","","",0,"WWR",0,FALSE,2,"","WomensSnooker",1,TRUE,"",0,0,0,6,"","",0,0,"women"
1749,"British Women's Open","2024-05-24","2024-05-26","Landywood",2023,"Ranking",0,"Landywood Snooker Club","Walsall","England","snooker",1749,"Women","O","https://snookerscores.net/tournament-manager/2024-landywood-british-womens-open","","F","","",0,"WWR",0,FALSE,3,"","WomensSnooker",1,TRUE,"",44,0,0,23,"","<a href=""https://www.youtube.com/live/QB8OtamAQz0"">YouTube</a>",2616,1493,"women"
1620,"Helsinki International Snooker Cup","2024-05-25","2024-05-26","Taom",2023,"Invitational",0,"Kulttuuritalo","Helsinki","Finland","snooker",1620,"Both","O","https://snookercup.fi/en/","","F","","",0,"",0,FALSE,1,"","",1,TRUE,"",8,0,0,7,"","",0,0,"other"
1945,"Q School 2","2024-05-27","2024-06-01","",2023,"Qualifying School",0,"Mattioli Arena","Leicester","England","snooker",1945,"Both","O","https://www.wst.tv/matches/b1db2bad-d020-471d-b031-d36192a8ab36?","school","QS","","",0,"QS",0,FALSE,1,"","QSchool",1,TRUE,"",167,0,0,162,"","<a href=""https://www.youtube.com/@worldsnookertour/streams"">YouTube</a> and <a href=""https://www.facebook.com/WorldSnookerTour/live_videos"">Facebook</a>",0,1490,"main"
1948,"Qualifying School 2 - Asia & Oceania ","2024-05-28","2024-06-02","",2023,"Qualifying School",0,"BSAT Academy","Bangkok","Thailand","snooker",1948,"Both","O","http://www.thailandsnooker.org/news_detail.php?id=1342","school","QS","","Q School 2 Asia & Oceania",0,"",0,FALSE,1,"","QSchool",1,TRUE,"",99,0,0,97,"","<a href=""https://www.facebook.com/BsatTH/videos"">Facebook</a>",0,1492,"main"
