Date,Country,League,Tier,Season,Home,Away,Score,Result,CompetitionType,Source,SourcePage
2021-07-06,UEFA,UEFA 3rd Division,3,2021–22,Mons Calpe,FC Santa Coloma,1-1,D,Continental,Wikipedia rendered HTML,2021–22 UEFA Europa Conference League qualifying (first and second round matches)
2021-07-06,UEFA,UEFA 3rd Division,3,2021–22,Mosta,Spartak Trnava,3-2,H,Continental,Wikipedia rendered HTML,2021–22 UEFA Europa Conference League qualifying (first and second round matches)
2021-07-06,UEFA,UEFA 3rd Division,3,2021–22,Podgorica,Laçi,1-0,H,Continental,Wikipedia rendered HTML,2021–22 UEFA Europa Conference League qualifying (first and second round matches)
2021-07-08,UEFA,UEFA 3rd Division,3,2021–22,Bala Town,Larne,0-1,A,Continental,Wikipedia rendered HTML,2021–22 UEFA Europa Conference League qualifying (first and second round matches)
2021-07-08,UEFA,UEFA 3rd Division,3,2021–22,Birkirkara,La Fiorita,1-0,H,Continental,Wikipedia rendered HTML,2021–22 UEFA Europa Conference League qualifying (first and second round matches)
2021-07-08,UEFA,UEFA 3rd Division,3,2021–22,Domžale,Swift Hesperange,1-0,H,Continental,Wikipedia rendered HTML,2021–22 UEFA Europa Conference League qualifying (first and second round matches)
2021-07-08,UEFA,UEFA 3rd Division,3,2021–22,Drita,Dečić,2-1,H,Continental,Wikipedia rendered HTML,2021–22 UEFA Europa Conference League qualifying (first and second round matches)
2021-07-08,UEFA,UEFA 3rd Division,3,2021–22,Dundalk,Newtown,4-0,H,Continental,Wikipedia rendered HTML,2021–22 UEFA Europa Conference League qualifying (first and second round matches)
2021-07-08,UEFA,UEFA 3rd Division,3,2021–22,Europa,Kauno Žalgiris,0-0,D,Continental,Wikipedia rendered HTML,2021–22 UEFA Europa Conference League qualifying (first and second round matches)
2021-07-08,UEFA,UEFA 3rd Division,3,2021–22,FCI Levadia,St Joseph's,3-1,H,Continental,Wikipedia rendered HTML,2021–22 UEFA Europa Conference League qualifying (first and second round matches)
2021-07-08,UEFA,UEFA 3rd Division,3,2021–22,FH,Sligo Rovers,1-0,H,Continental,Wikipedia rendered HTML,2021–22 UEFA Europa Conference League qualifying (first and second round matches)
2021-07-08,UEFA,UEFA 3rd Division,3,2021–22,Glentoran,The New Saints,1-1,D,Continental,Wikipedia rendered HTML,2021–22 UEFA Europa Conference League qualifying (first and second round matches)
2021-07-08,UEFA,UEFA 3rd Division,3,2021–22,Honka,NSÍ,0-0,D,Continental,Wikipedia rendered HTML,2021–22 UEFA Europa Conference League qualifying (first and second round matches)
2021-07-08,UEFA,UEFA 3rd Division,3,2021–22,Inter Turku,Puskás Akadémia,1-1,D,Continental,Wikipedia rendered HTML,2021–22 UEFA Europa Conference League qualifying (first and second round matches)
2021-07-08,UEFA,UEFA 3rd Division,3,2021–22,Liepāja,Struga,1-1,D,Continental,Wikipedia rendered HTML,2021–22 UEFA Europa Conference League qualifying (first and second round matches)
2021-07-08,UEFA,UEFA 3rd Division,3,2021–22,MOL Fehérvár,Ararat Yerevan,1-1,D,Continental,Wikipedia rendered HTML,2021–22 UEFA Europa Conference League qualifying (first and second round matches)
2021-07-08,UEFA,UEFA 3rd Division,3,2021–22,Maribor,Urartu,1-0,H,Continental,Wikipedia rendered HTML,2021–22 UEFA Europa Conference League qualifying (first and second round matches)
2021-07-08,UEFA,UEFA 3rd Division,3,2021–22,Milsami Orhei,Sarajevo,0-0,D,Continental,Wikipedia rendered HTML,2021–22 UEFA Europa Conference League qualifying (first and second round matches)
2021-07-08,UEFA,UEFA 3rd Division,3,2021–22,Noah,KuPS,1-0,H,Continental,Wikipedia rendered HTML,2021–22 UEFA Europa Conference League qualifying (first and second round matches)
2021-07-08,UEFA,UEFA 3rd Division,3,2021–22,Paide Linnameeskond,Śląsk Wrocław,1-2,A,Continental,Wikipedia rendered HTML,2021–22 UEFA Europa Conference League qualifying (first and second round matches)
2021-07-08,UEFA,UEFA 3rd Division,3,2021–22,Partizani,Sfîntul Gheorghe,5-2,H,Continental,Wikipedia rendered HTML,2021–22 UEFA Europa Conference League qualifying (first and second round matches)
2021-07-08,UEFA,UEFA 3rd Division,3,2021–22,RFS,KÍ,2-3,A,Continental,Wikipedia rendered HTML,2021–22 UEFA Europa Conference League qualifying (first and second round matches)
2021-07-08,UEFA,UEFA 3rd Division,3,2021–22,Racing Union,Breiðablik,2-3,A,Continental,Wikipedia rendered HTML,2021–22 UEFA Europa Conference League qualifying (first and second round matches)
2021-07-08,UEFA,UEFA 3rd Division,3,2021–22,Sant Julià,Gżira United,0-0,D,Continental,Wikipedia rendered HTML,2021–22 UEFA Europa Conference League qualifying (first and second round matches)
2021-07-08,UEFA,UEFA 3rd Division,3,2021–22,Shkupi,Llapi,2-0,H,Continental,Wikipedia rendered HTML,2021–22 UEFA Europa Conference League qualifying (first and second round matches)
2021-07-08,UEFA,UEFA 3rd Division,3,2021–22,Sileks,Petrocub Hîncești,1-1,D,Continental,Wikipedia rendered HTML,2021–22 UEFA Europa Conference League qualifying (first and second round matches)
2021-07-08,UEFA,UEFA 3rd Division,3,2021–22,Stjarnan,Bohemians,1-1,D,Continental,Wikipedia rendered HTML,2021–22 UEFA Europa Conference League qualifying (first and second round matches)
2021-07-08,UEFA,UEFA 3rd Division,3,2021–22,Sutjeska,Gagra,1-0,H,Continental,Wikipedia rendered HTML,2021–22 UEFA Europa Conference League qualifying (first and second round matches)
2021-07-08,UEFA,UEFA 3rd Division,3,2021–22,Sūduva,Valmiera,2-1,H,Continental,Wikipedia rendered HTML,2021–22 UEFA Europa Conference League qualifying (first and second round matches)
2021-07-08,UEFA,UEFA 3rd Division,3,2021–22,Tre Penne,Dinamo Batumi,0-4,A,Continental,Wikipedia rendered HTML,2021–22 UEFA Europa Conference League qualifying (first and second round matches)
2021-07-08,UEFA,UEFA 3rd Division,3,2021–22,Velež Mostar,Coleraine,2-1,H,Continental,Wikipedia rendered HTML,2021–22 UEFA Europa Conference League qualifying (first and second round matches)
2021-07-08,UEFA,UEFA 3rd Division,3,2021–22,Široki Brijeg,Vllaznia,3-1,H,Continental,Wikipedia rendered HTML,2021–22 UEFA Europa Conference League qualifying (first and second round matches)
2021-07-08,UEFA,UEFA 3rd Division,3,2021–22,Žilina,Dila Gori,5-1,H,Continental,Wikipedia rendered HTML,2021–22 UEFA Europa Conference League qualifying (first and second round matches)
2021-07-13,UEFA,UEFA 3rd Division,3,2021–22,Newtown,Dundalk,0-1,A,Continental,Wikipedia rendered HTML,2021–22 UEFA Europa Conference League qualifying (first and second round matches)
2021-07-15,UEFA,UEFA 3rd Division,3,2021–22,Ararat Yerevan,MOL Fehérvár,2-0,H,Continental,Wikipedia rendered HTML,2021–22 UEFA Europa Conference League qualifying (first and second round matches)
2021-07-15,UEFA,UEFA 3rd Division,3,2021–22,Bohemians,Stjarnan,3-0,H,Continental,Wikipedia rendered HTML,2021–22 UEFA Europa Conference League qualifying (first and second round matches)
2021-07-15,UEFA,UEFA 3rd Division,3,2021–22,Breiðablik,Racing Union,2-0,H,Continental,Wikipedia rendered HTML,2021–22 UEFA Europa Conference League qualifying (first and second round matches)
2021-07-15,UEFA,UEFA 3rd Division,3,2021–22,Coleraine,Velež Mostar,1-2,A,Continental,Wikipedia rendered HTML,2021–22 UEFA Europa Conference League qualifying (first and second round matches)
2021-07-15,UEFA,UEFA 3rd Division,3,2021–22,Dečić,Drita,0-1,A,Continental,Wikipedia rendered HTML,2021–22 UEFA Europa Conference League qualifying (first and second round matches)
2021-07-15,UEFA,UEFA 3rd Division,3,2021–22,Dila Gori,Žilina,2-1,H,Continental,Wikipedia rendered HTML,2021–22 UEFA Europa Conference League qualifying (first and second round matches)
2021-07-15,UEFA,UEFA 3rd Division,3,2021–22,Dinamo Batumi,Tre Penne,3-0,H,Continental,Wikipedia rendered HTML,2021–22 UEFA Europa Conference League qualifying (first and second round matches)
2021-07-15,UEFA,UEFA 3rd Division,3,2021–22,FC Santa Coloma,Mons Calpe,4-0,H,Continental,Wikipedia rendered HTML,2021–22 UEFA Europa Conference League qualifying (first and second round matches)
2021-07-15,UEFA,UEFA 3rd Division,3,2021–22,Gagra,Sutjeska,1-1,D,Continental,Wikipedia rendered HTML,2021–22 UEFA Europa Conference League qualifying (first and second round matches)
2021-07-15,UEFA,UEFA 3rd Division,3,2021–22,Gżira United,Sant Julià,1-1,D,Continental,Wikipedia rendered HTML,2021–22 UEFA Europa Conference League qualifying (first and second round matches)
2021-07-15,UEFA,UEFA 3rd Division,3,2021–22,Kauno Žalgiris,Europa,2-0,H,Continental,Wikipedia rendered HTML,2021–22 UEFA Europa Conference League qualifying (first and second round matches)
2021-07-15,UEFA,UEFA 3rd Division,3,2021–22,KuPS,Noah,5-0,H,Continental,Wikipedia rendered HTML,2021–22 UEFA Europa Conference League qualifying (first and second round matches)
2021-07-15,UEFA,UEFA 3rd Division,3,2021–22,KÍ,RFS,2-4,A,Continental,Wikipedia rendered HTML,2021–22 UEFA Europa Conference League qualifying (first and second round matches)
2021-07-15,UEFA,UEFA 3rd Division,3,2021–22,La Fiorita,Birkirkara,1-1,D,Continental,Wikipedia rendered HTML,2021–22 UEFA Europa Conference League qualifying (first and second round matches)
2021-07-15,UEFA,UEFA 3rd Division,3,2021–22,Larne,Bala Town,1-0,H,Continental,Wikipedia rendered HTML,2021–22 UEFA Europa Conference League qualifying (first and second round matches)
2021-07-15,UEFA,UEFA 3rd Division,3,2021–22,Laçi,Podgorica,3-0,H,Continental,Wikipedia rendered HTML,2021–22 UEFA Europa Conference League qualifying (first and second round matches)
2021-07-15,UEFA,UEFA 3rd Division,3,2021–22,Llapi,Shkupi,1-1,D,Continental,Wikipedia rendered HTML,2021–22 UEFA Europa Conference League qualifying (first and second round matches)
2021-07-15,UEFA,UEFA 3rd Division,3,2021–22,NSÍ,Honka,1-3,A,Continental,Wikipedia rendered HTML,2021–22 UEFA Europa Conference League qualifying (first and second round matches)
2021-07-15,UEFA,UEFA 3rd Division,3,2021–22,Petrocub Hîncești,Sileks,1-0,H,Continental,Wikipedia rendered HTML,2021–22 UEFA Europa Conference League qualifying (first and second round matches)
2021-07-15,UEFA,UEFA 3rd Division,3,2021–22,Puskás Akadémia,Inter Turku,2-0,H,Continental,Wikipedia rendered HTML,2021–22 UEFA Europa Conference League qualifying (first and second round matches)
2021-07-15,UEFA,UEFA 3rd Division,3,2021–22,Sarajevo,Milsami Orhei,0-1,A,Continental,Wikipedia rendered HTML,2021–22 UEFA Europa Conference League qualifying (first and second round matches)
2021-07-15,UEFA,UEFA 3rd Division,3,2021–22,Sfîntul Gheorghe,Partizani,2-3,A,Continental,Wikipedia rendered HTML,2021–22 UEFA Europa Conference League qualifying (first and second round matches)
2021-07-15,UEFA,UEFA 3rd Division,3,2021–22,Sligo Rovers,FH,1-2,A,Continental,Wikipedia rendered HTML,2021–22 UEFA Europa Conference League qualifying (first and second round matches)
2021-07-15,UEFA,UEFA 3rd Division,3,2021–22,Spartak Trnava,Mosta,2-0,H,Continental,Wikipedia rendered HTML,2021–22 UEFA Europa Conference League qualifying (first and second round matches)
2021-07-15,UEFA,UEFA 3rd Division,3,2021–22,St Joseph's,FCI Levadia,1-1,D,Continental,Wikipedia rendered HTML,2021–22 UEFA Europa Conference League qualifying (first and second round matches)
2021-07-15,UEFA,UEFA 3rd Division,3,2021–22,Struga,Liepāja,1-4,A,Continental,Wikipedia rendered HTML,2021–22 UEFA Europa Conference League qualifying (first and second round matches)
2021-07-15,UEFA,UEFA 3rd Division,3,2021–22,Swift Hesperange,Domžale,1-1,D,Continental,Wikipedia rendered HTML,2021–22 UEFA Europa Conference League qualifying (first and second round matches)
2021-07-15,UEFA,UEFA 3rd Division,3,2021–22,The New Saints,Glentoran,2-0,H,Continental,Wikipedia rendered HTML,2021–22 UEFA Europa Conference League qualifying (first and second round matches)
2021-07-15,UEFA,UEFA 3rd Division,3,2021–22,Urartu,Maribor,0-1,A,Continental,Wikipedia rendered HTML,2021–22 UEFA Europa Conference League qualifying (first and second round matches)
2021-07-15,UEFA,UEFA 3rd Division,3,2021–22,Valmiera,Sūduva,0-0,D,Continental,Wikipedia rendered HTML,2021–22 UEFA Europa Conference League qualifying (first and second round matches)
2021-07-15,UEFA,UEFA 3rd Division,3,2021–22,Vllaznia,Široki Brijeg,3-0,H,Continental,Wikipedia rendered HTML,2021–22 UEFA Europa Conference League qualifying (first and second round matches)
2021-07-15,UEFA,UEFA 3rd Division,3,2021–22,Śląsk Wrocław,Paide Linnameeskond,2-0,H,Continental,Wikipedia rendered HTML,2021–22 UEFA Europa Conference League qualifying (first and second round matches)
2021-07-20,UEFA,UEFA 3rd Division,3,2021–22,Domžale,Honka,1-1,D,Continental,Wikipedia rendered HTML,2021–22 UEFA Europa Conference League qualifying (first and second round matches)
2021-07-20,UEFA,UEFA 3rd Division,3,2021–22,Folgore,Hibernians,1-3,A,Continental,Wikipedia rendered HTML,2021–22 UEFA Europa Conference League qualifying (first and second round matches)
2021-07-20,UEFA,UEFA 3rd Division,3,2021–22,Kauno Žalgiris,The New Saints,0-5,A,Continental,Wikipedia rendered HTML,2021–22 UEFA Europa Conference League qualifying (first and second round matches)
2021-07-20,UEFA,UEFA 3rd Division,3,2021–22,Prishtina,Connah's Quay Nomads,4-1,H,Continental,Wikipedia rendered HTML,2021–22 UEFA Europa Conference League qualifying (first and second round matches)
2021-07-21,UEFA,UEFA 3rd Division,3,2021–22,Čukarički,Sumgayit,0-0,D,Continental,Wikipedia rendered HTML,2021–22 UEFA Europa Conference League qualifying (first and second round matches)
2021-07-22,UEFA,UEFA 3rd Division,3,2021–22,AEL Limassol,Vllaznia,1-0,H,Continental,Wikipedia rendered HTML,2021–22 UEFA Europa Conference League qualifying (first and second round matches)
2021-07-22,UEFA,UEFA 3rd Division,3,2021–22,Aberdeen,BK Häcken,5-1,H,Continental,Wikipedia rendered HTML,2021–22 UEFA Europa Conference League qualifying (first and second round matches)
2021-07-22,UEFA,UEFA 3rd Division,3,2021–22,Apollon Limassol,Žilina,1-3,A,Continental,Wikipedia rendered HTML,2021–22 UEFA Europa Conference League qualifying (first and second round matches)
2021-07-22,UEFA,UEFA 3rd Division,3,2021–22,Ararat Yerevan,Śląsk Wrocław,2-4,A,Continental,Wikipedia rendered HTML,2021–22 UEFA Europa Conference League qualifying (first and second round matches)
2021-07-22,UEFA,UEFA 3rd Division,3,2021–22,Arda,Hapoel Be'er Sheva,0-2,A,Continental,Wikipedia rendered HTML,2021–22 UEFA Europa Conference League qualifying (first and second round matches)
2021-07-22,UEFA,UEFA 3rd Division,3,2021–22,Astana,Aris,2-0,H,Continental,Wikipedia rendered HTML,2021–22 UEFA Europa Conference League qualifying (first and second round matches)
2021-07-22,UEFA,UEFA 3rd Division,3,2021–22,Austria Wien,Breiðablik,1-1,D,Continental,Wikipedia rendered HTML,2021–22 UEFA Europa Conference League qualifying (first and second round matches)
2021-07-22,UEFA,UEFA 3rd Division,3,2021–22,Basel,Partizani,3-0,H,Continental,Wikipedia rendered HTML,2021–22 UEFA Europa Conference League qualifying (first and second round matches)
2021-07-22,UEFA,UEFA 3rd Division,3,2021–22,CSKA Sofia,Liepāja,0-0,D,Continental,Wikipedia rendered HTML,2021–22 UEFA Europa Conference League qualifying (first and second round matches)
2021-07-22,UEFA,UEFA 3rd Division,3,2021–22,Copenhagen,Torpedo-BelAZ Zhodino,4-1,H,Continental,Wikipedia rendered HTML,2021–22 UEFA Europa Conference League qualifying (first and second round matches)
2021-07-22,UEFA,UEFA 3rd Division,3,2021–22,Dinamo Batumi,BATE Borisov,0-1,A,Continental,Wikipedia rendered HTML,2021–22 UEFA Europa Conference League qualifying (first and second round matches)
2021-07-22,UEFA,UEFA 3rd Division,3,2021–22,Dinamo Tbilisi,Maccabi Haifa,1-2,A,Continental,Wikipedia rendered HTML,2021–22 UEFA Europa Conference League qualifying (first and second round matches)
2021-07-22,UEFA,UEFA 3rd Division,3,2021–22,Drita,Feyenoord,0-0,D,Continental,Wikipedia rendered HTML,2021–22 UEFA Europa Conference League qualifying (first and second round matches)
2021-07-22,UEFA,UEFA 3rd Division,3,2021–22,Dundalk,FCI Levadia,2-2,D,Continental,Wikipedia rendered HTML,2021–22 UEFA Europa Conference League qualifying (first and second round matches)
2021-07-22,UEFA,UEFA 3rd Division,3,2021–22,F91 Dudelange,Bohemians,0-1,A,Continental,Wikipedia rendered HTML,2021–22 UEFA Europa Conference League qualifying (first and second round matches)
2021-07-22,UEFA,UEFA 3rd Division,3,2021–22,FCSB,Shakhter Karagandy,1-0,H,Continental,Wikipedia rendered HTML,2021–22 UEFA Europa Conference League qualifying (first and second round matches)
2021-07-22,UEFA,UEFA 3rd Division,3,2021–22,FH,Rosenborg,0-2,A,Continental,Wikipedia rendered HTML,2021–22 UEFA Europa Conference League qualifying (first and second round matches)
2021-07-22,UEFA,UEFA 3rd Division,3,2021–22,Gent,Vålerenga,4-0,H,Continental,Wikipedia rendered HTML,2021–22 UEFA Europa Conference League qualifying (first and second round matches)
2021-07-22,UEFA,UEFA 3rd Division,3,2021–22,Gżira United,Rijeka,0-2,A,Continental,Wikipedia rendered HTML,2021–22 UEFA Europa Conference League qualifying (first and second round matches)
2021-07-22,UEFA,UEFA 3rd Division,3,2021–22,HB,Budućnost Podgorica,4-0,H,Continental,Wikipedia rendered HTML,2021–22 UEFA Europa Conference League qualifying (first and second round matches)
2021-07-22,UEFA,UEFA 3rd Division,3,2021–22,Hajduk Split,Tobol,2-0,H,Continental,Wikipedia rendered HTML,2021–22 UEFA Europa Conference League qualifying (first and second round matches)
2021-07-22,UEFA,UEFA 3rd Division,3,2021–22,Hammarby IF,Maribor,3-1,H,Continental,Wikipedia rendered HTML,2021–22 UEFA Europa Conference League qualifying (first and second round matches)
2021-07-22,UEFA,UEFA 3rd Division,3,2021–22,Hibernian,FC Santa Coloma,3-0,H,Continental,Wikipedia rendered HTML,2021–22 UEFA Europa Conference League qualifying (first and second round matches)
2021-07-22,UEFA,UEFA 3rd Division,3,2021–22,IF Elfsborg,Milsami Orhei,4-0,H,Continental,Wikipedia rendered HTML,2021–22 UEFA Europa Conference League qualifying (first and second round matches)
2021-07-22,UEFA,UEFA 3rd Division,3,2021–22,KuPS,Vorskla Poltava,2-2,D,Continental,Wikipedia rendered HTML,2021–22 UEFA Europa Conference League qualifying (first and second round matches)
2021-07-22,UEFA,UEFA 3rd Division,3,2021–22,Larne,AGF,2-1,H,Continental,Wikipedia rendered HTML,2021–22 UEFA Europa Conference League qualifying (first and second round matches)
2021-07-22,UEFA,UEFA 3rd Division,3,2021–22,Laçi,Universitatea Craiova,1-0,H,Continental,Wikipedia rendered HTML,2021–22 UEFA Europa Conference League qualifying (first and second round matches)
2021-07-22,UEFA,UEFA 3rd Division,3,2021–22,Linfield,Borac Banja Luka,4-0,H,Continental,Wikipedia rendered HTML,2021–22 UEFA Europa Conference League qualifying (first and second round matches)
2021-07-22,UEFA,UEFA 3rd Division,3,2021–22,Lokomotiv Plovdiv,Slovácko,1-0,H,Continental,Wikipedia rendered HTML,2021–22 UEFA Europa Conference League qualifying (first and second round matches)
2021-07-22,UEFA,UEFA 3rd Division,3,2021–22,Molde,Servette,3-0,H,Continental,Wikipedia rendered HTML,2021–22 UEFA Europa Conference League qualifying (first and second round matches)
2021-07-22,UEFA,UEFA 3rd Division,3,2021–22,Olimpija Ljubljana,Birkirkara,1-0,H,Continental,Wikipedia rendered HTML,2021–22 UEFA Europa Conference League qualifying (first and second round matches)
2021-07-22,UEFA,UEFA 3rd Division,3,2021–22,Panevėžys,Vojvodina,0-1,A,Continental,Wikipedia rendered HTML,2021–22 UEFA Europa Conference League qualifying (first and second round matches)
2021-07-22,UEFA,UEFA 3rd Division,3,2021–22,Partizan,DAC Dunajská Streda,1-0,H,Continental,Wikipedia rendered HTML,2021–22 UEFA Europa Conference League qualifying (first and second round matches)
2021-07-22,UEFA,UEFA 3rd Division,3,2021–22,Petrocub Hîncești,Sivasspor,0-1,A,Continental,Wikipedia rendered HTML,2021–22 UEFA Europa Conference League qualifying (first and second round matches)
2021-07-22,UEFA,UEFA 3rd Division,3,2021–22,Pogoń Szczecin,Osijek,0-0,D,Continental,Wikipedia rendered HTML,2021–22 UEFA Europa Conference League qualifying (first and second round matches)
2021-07-22,UEFA,UEFA 3rd Division,3,2021–22,Qarabağ,Ashdod,0-0,D,Continental,Wikipedia rendered HTML,2021–22 UEFA Europa Conference League qualifying (first and second round matches)
2021-07-22,UEFA,UEFA 3rd Division,3,2021–22,RFS,Puskás Akadémia,3-0,H,Continental,Wikipedia rendered HTML,2021–22 UEFA Europa Conference League qualifying (first and second round matches)
2021-07-22,UEFA,UEFA 3rd Division,3,2021–22,Riga,Shkëndija,2-0,H,Continental,Wikipedia rendered HTML,2021–22 UEFA Europa Conference League qualifying (first and second round matches)
2021-07-22,UEFA,UEFA 3rd Division,3,2021–22,Shakhtyor Soligorsk,Fola Esch,1-2,A,Continental,Wikipedia rendered HTML,2021–22 UEFA Europa Conference League qualifying (first and second round matches)
2021-07-22,UEFA,UEFA 3rd Division,3,2021–22,Shkupi,Santa Clara,0-3,A,Continental,Wikipedia rendered HTML,2021–22 UEFA Europa Conference League qualifying (first and second round matches)
2021-07-22,UEFA,UEFA 3rd Division,3,2021–22,Sochi,Keşla,3-0,H,Continental,Wikipedia rendered HTML,2021–22 UEFA Europa Conference League qualifying (first and second round matches)
2021-07-22,UEFA,UEFA 3rd Division,3,2021–22,Spartak Trnava,Sepsi OSK,0-0,D,Continental,Wikipedia rendered HTML,2021–22 UEFA Europa Conference League qualifying (first and second round matches)
2021-07-22,UEFA,UEFA 3rd Division,3,2021–22,Sutjeska,Maccabi Tel Aviv,0-0,D,Continental,Wikipedia rendered HTML,2021–22 UEFA Europa Conference League qualifying (first and second round matches)
2021-07-22,UEFA,UEFA 3rd Division,3,2021–22,Sūduva,Raków Częstochowa,0-0,D,Continental,Wikipedia rendered HTML,2021–22 UEFA Europa Conference League qualifying (first and second round matches)
2021-07-22,UEFA,UEFA 3rd Division,3,2021–22,Teuta,Inter Club d'Escaldes,0-2,A,Continental,Wikipedia rendered HTML,2021–22 UEFA Europa Conference League qualifying (first and second round matches)
2021-07-22,UEFA,UEFA 3rd Division,3,2021–22,Valur,Bodø/Glimt,0-3,A,Continental,Wikipedia rendered HTML,2021–22 UEFA Europa Conference League qualifying (first and second round matches)
2021-07-22,UEFA,UEFA 3rd Division,3,2021–22,Velež Mostar,AEK Athens,2-1,H,Continental,Wikipedia rendered HTML,2021–22 UEFA Europa Conference League qualifying (first and second round matches)
2021-07-22,UEFA,UEFA 3rd Division,3,2021–22,Viktoria Plzeň,Dynamo Brest,2-1,H,Continental,Wikipedia rendered HTML,2021–22 UEFA Europa Conference League qualifying (first and second round matches)
2021-07-22,UEFA,UEFA 3rd Division,3,2021–22,Újpest,Vaduz,2-1,H,Continental,Wikipedia rendered HTML,2021–22 UEFA Europa Conference League qualifying (first and second round matches)
2021-07-27,UEFA,UEFA 3rd Division,3,2021–22,Budućnost Podgorica,HB,0-2,A,Continental,Wikipedia rendered HTML,2021–22 UEFA Europa Conference League qualifying (first and second round matches)
2021-07-27,UEFA,UEFA 3rd Division,3,2021–22,Hibernians,Folgore,4-2,H,Continental,Wikipedia rendered HTML,2021–22 UEFA Europa Conference League qualifying (first and second round matches)
2021-07-27,UEFA,UEFA 3rd Division,3,2021–22,Inter Club d'Escaldes,Teuta,0-3,A,Continental,Wikipedia rendered HTML,2021–22 UEFA Europa Conference League qualifying (first and second round matches)
2021-07-29,UEFA,UEFA 3rd Division,3,2021–22,AEK Athens,Velež Mostar,1-0,H,Continental,Wikipedia rendered HTML,2021–22 UEFA Europa Conference League qualifying (first and second round matches)
2021-07-29,UEFA,UEFA 3rd Division,3,2021–22,AGF,Larne,1-1,D,Continental,Wikipedia rendered HTML,2021–22 UEFA Europa Conference League qualifying (first and second round matches)
2021-07-29,UEFA,UEFA 3rd Division,3,2021–22,Aris,Astana,2-1,H,Continental,Wikipedia rendered HTML,2021–22 UEFA Europa Conference League qualifying (first and second round matches)
2021-07-29,UEFA,UEFA 3rd Division,3,2021–22,Ashdod,Qarabağ,0-1,A,Continental,Wikipedia rendered HTML,2021–22 UEFA Europa Conference League qualifying (first and second round matches)
2021-07-29,UEFA,UEFA 3rd Division,3,2021–22,BATE Borisov,Dinamo Batumi,1-4,A,Continental,Wikipedia rendered HTML,2021–22 UEFA Europa Conference League qualifying (first and second round matches)
2021-07-29,UEFA,UEFA 3rd Division,3,2021–22,BK Häcken,Aberdeen,2-0,H,Continental,Wikipedia rendered HTML,2021–22 UEFA Europa Conference League qualifying (first and second round matches)
2021-07-29,UEFA,UEFA 3rd Division,3,2021–22,Birkirkara,Olimpija Ljubljana,1-0,H,Continental,Wikipedia rendered HTML,2021–22 UEFA Europa Conference League qualifying (first and second round matches)
2021-07-29,UEFA,UEFA 3rd Division,3,2021–22,Bodø/Glimt,Valur,3-0,H,Continental,Wikipedia rendered HTML,2021–22 UEFA Europa Conference League qualifying (first and second round matches)
2021-07-29,UEFA,UEFA 3rd Division,3,2021–22,Bohemians,F91 Dudelange,3-0,H,Continental,Wikipedia rendered HTML,2021–22 UEFA Europa Conference League qualifying (first and second round matches)
2021-07-29,UEFA,UEFA 3rd Division,3,2021–22,Borac Banja Luka,Linfield,0-0,D,Continental,Wikipedia rendered HTML,2021–22 UEFA Europa Conference League qualifying (first and second round matches)
2021-07-29,UEFA,UEFA 3rd Division,3,2021–22,Breiðablik,Austria Wien,2-1,H,Continental,Wikipedia rendered HTML,2021–22 UEFA Europa Conference League qualifying (first and second round matches)
2021-07-29,UEFA,UEFA 3rd Division,3,2021–22,Connah's Quay Nomads,Prishtina,4-2,H,Continental,Wikipedia rendered HTML,2021–22 UEFA Europa Conference League qualifying (first and second round matches)
2021-07-29,UEFA,UEFA 3rd Division,3,2021–22,DAC Dunajská Streda,Partizan,0-2,A,Continental,Wikipedia rendered HTML,2021–22 UEFA Europa Conference League qualifying (first and second round matches)
2021-07-29,UEFA,UEFA 3rd Division,3,2021–22,Dynamo Brest,Viktoria Plzeň,1-2,A,Continental,Wikipedia rendered HTML,2021–22 UEFA Europa Conference League qualifying (first and second round matches)
2021-07-29,UEFA,UEFA 3rd Division,3,2021–22,FC Santa Coloma,Hibernian,1-2,A,Continental,Wikipedia rendered HTML,2021–22 UEFA Europa Conference League qualifying (first and second round matches)
2021-07-29,UEFA,UEFA 3rd Division,3,2021–22,FCI Levadia,Dundalk,1-2,A,Continental,Wikipedia rendered HTML,2021–22 UEFA Europa Conference League qualifying (first and second round matches)
2021-07-29,UEFA,UEFA 3rd Division,3,2021–22,Feyenoord,Drita,3-2,H,Continental,Wikipedia rendered HTML,2021–22 UEFA Europa Conference League qualifying (first and second round matches)
2021-07-29,UEFA,UEFA 3rd Division,3,2021–22,Fola Esch,Shakhtyor Soligorsk,1-0,H,Continental,Wikipedia rendered HTML,2021–22 UEFA Europa Conference League qualifying (first and second round matches)
2021-07-29,UEFA,UEFA 3rd Division,3,2021–22,Hapoel Be'er Sheva,Arda,4-0,H,Continental,Wikipedia rendered HTML,2021–22 UEFA Europa Conference League qualifying (first and second round matches)
2021-07-29,UEFA,UEFA 3rd Division,3,2021–22,Honka,Domžale,0-1,A,Continental,Wikipedia rendered HTML,2021–22 UEFA Europa Conference League qualifying (first and second round matches)
2021-07-29,UEFA,UEFA 3rd Division,3,2021–22,Keşla,Sochi,2-4,A,Continental,Wikipedia rendered HTML,2021–22 UEFA Europa Conference League qualifying (first and second round matches)
2021-07-29,UEFA,UEFA 3rd Division,3,2021–22,Liepāja,CSKA Sofia,0-0,D,Continental,Wikipedia rendered HTML,2021–22 UEFA Europa Conference League qualifying (first and second round matches)
2021-07-29,UEFA,UEFA 3rd Division,3,2021–22,Maccabi Haifa,Dinamo Tbilisi,5-1,H,Continental,Wikipedia rendered HTML,2021–22 UEFA Europa Conference League qualifying (first and second round matches)
2021-07-29,UEFA,UEFA 3rd Division,3,2021–22,Maccabi Tel Aviv,Sutjeska,3-1,H,Continental,Wikipedia rendered HTML,2021–22 UEFA Europa Conference League qualifying (first and second round matches)
2021-07-29,UEFA,UEFA 3rd Division,3,2021–22,Maribor,Hammarby IF,0-1,A,Continental,Wikipedia rendered HTML,2021–22 UEFA Europa Conference League qualifying (first and second round matches)
2021-07-29,UEFA,UEFA 3rd Division,3,2021–22,Milsami Orhei,IF Elfsborg,0-5,A,Continental,Wikipedia rendered HTML,2021–22 UEFA Europa Conference League qualifying (first and second round matches)
2021-07-29,UEFA,UEFA 3rd Division,3,2021–22,Osijek,Pogoń Szczecin,1-0,H,Continental,Wikipedia rendered HTML,2021–22 UEFA Europa Conference League qualifying (first and second round matches)
2021-07-29,UEFA,UEFA 3rd Division,3,2021–22,Partizani,Basel,0-2,A,Continental,Wikipedia rendered HTML,2021–22 UEFA Europa Conference League qualifying (first and second round matches)
2021-07-29,UEFA,UEFA 3rd Division,3,2021–22,Puskás Akadémia,RFS,0-2,A,Continental,Wikipedia rendered HTML,2021–22 UEFA Europa Conference League qualifying (first and second round matches)
2021-07-29,UEFA,UEFA 3rd Division,3,2021–22,Raków Częstochowa,Sūduva,0-0,D,Continental,Wikipedia rendered HTML,2021–22 UEFA Europa Conference League qualifying (first and second round matches)
2021-07-29,UEFA,UEFA 3rd Division,3,2021–22,Rijeka,Gżira United,1-0,H,Continental,Wikipedia rendered HTML,2021–22 UEFA Europa Conference League qualifying (first and second round matches)
2021-07-29,UEFA,UEFA 3rd Division,3,2021–22,Rosenborg,FH,4-1,H,Continental,Wikipedia rendered HTML,2021–22 UEFA Europa Conference League qualifying (first and second round matches)
2021-07-29,UEFA,UEFA 3rd Division,3,2021–22,Santa Clara,Shkupi,2-0,H,Continental,Wikipedia rendered HTML,2021–22 UEFA Europa Conference League qualifying (first and second round matches)
2021-07-29,UEFA,UEFA 3rd Division,3,2021–22,Sepsi OSK,Spartak Trnava,1-1,D,Continental,Wikipedia rendered HTML,2021–22 UEFA Europa Conference League qualifying (first and second round matches)
2021-07-29,UEFA,UEFA 3rd Division,3,2021–22,Servette,Molde,2-0,H,Continental,Wikipedia rendered HTML,2021–22 UEFA Europa Conference League qualifying (first and second round matches)
2021-07-29,UEFA,UEFA 3rd Division,3,2021–22,Shakhter Karagandy,FCSB,2-1,H,Continental,Wikipedia rendered HTML,2021–22 UEFA Europa Conference League qualifying (first and second round matches)
2021-07-29,UEFA,UEFA 3rd Division,3,2021–22,Shkëndija,Riga,0-1,A,Continental,Wikipedia rendered HTML,2021–22 UEFA Europa Conference League qualifying (first and second round matches)
2021-07-29,UEFA,UEFA 3rd Division,3,2021–22,Sivasspor,Petrocub Hîncești,1-0,H,Continental,Wikipedia rendered HTML,2021–22 UEFA Europa Conference League qualifying (first and second round matches)
2021-07-29,UEFA,UEFA 3rd Division,3,2021–22,Slovácko,Lokomotiv Plovdiv,1-0,H,Continental,Wikipedia rendered HTML,2021–22 UEFA Europa Conference League qualifying (first and second round matches)
2021-07-29,UEFA,UEFA 3rd Division,3,2021–22,Sumgayit,Čukarički,0-2,A,Continental,Wikipedia rendered HTML,2021–22 UEFA Europa Conference League qualifying (first and second round matches)
2021-07-29,UEFA,UEFA 3rd Division,3,2021–22,The New Saints,Kauno Žalgiris,5-1,H,Continental,Wikipedia rendered HTML,2021–22 UEFA Europa Conference League qualifying (first and second round matches)
2021-07-29,UEFA,UEFA 3rd Division,3,2021–22,Tobol,Hajduk Split,4-1,H,Continental,Wikipedia rendered HTML,2021–22 UEFA Europa Conference League qualifying (first and second round matches)
2021-07-29,UEFA,UEFA 3rd Division,3,2021–22,Torpedo-BelAZ Zhodino,Copenhagen,0-5,A,Continental,Wikipedia rendered HTML,2021–22 UEFA Europa Conference League qualifying (first and second round matches)
2021-07-29,UEFA,UEFA 3rd Division,3,2021–22,Universitatea Craiova,Laçi,0-0,D,Continental,Wikipedia rendered HTML,2021–22 UEFA Europa Conference League qualifying (first and second round matches)
2021-07-29,UEFA,UEFA 3rd Division,3,2021–22,Vaduz,Újpest,1-3,A,Continental,Wikipedia rendered HTML,2021–22 UEFA Europa Conference League qualifying (first and second round matches)
2021-07-29,UEFA,UEFA 3rd Division,3,2021–22,Vllaznia,AEL Limassol,0-1,A,Continental,Wikipedia rendered HTML,2021–22 UEFA Europa Conference League qualifying (first and second round matches)
2021-07-29,UEFA,UEFA 3rd Division,3,2021–22,Vojvodina,Panevėžys,1-0,H,Continental,Wikipedia rendered HTML,2021–22 UEFA Europa Conference League qualifying (first and second round matches)
2021-07-29,UEFA,UEFA 3rd Division,3,2021–22,Vorskla Poltava,KuPS,2-3,A,Continental,Wikipedia rendered HTML,2021–22 UEFA Europa Conference League qualifying (first and second round matches)
2021-07-29,UEFA,UEFA 3rd Division,3,2021–22,Vålerenga,Gent,2-0,H,Continental,Wikipedia rendered HTML,2021–22 UEFA Europa Conference League qualifying (first and second round matches)
2021-07-29,UEFA,UEFA 3rd Division,3,2021–22,Śląsk Wrocław,Ararat Yerevan,3-3,D,Continental,Wikipedia rendered HTML,2021–22 UEFA Europa Conference League qualifying (first and second round matches)
2021-07-29,UEFA,UEFA 3rd Division,3,2021–22,Žilina,Apollon Limassol,2-2,D,Continental,Wikipedia rendered HTML,2021–22 UEFA Europa Conference League qualifying (first and second round matches)
2021-08-03,UEFA,UEFA 3rd Division,3,2021–22,Bohemians,PAOK,2-1,H,Continental,Wikipedia rendered HTML,2021–22 UEFA Europa Conference League qualifying (third and play-off round matches)
2021-08-03,UEFA,UEFA 3rd Division,3,2021–22,Linfield,Fola Esch,1-2,A,Continental,Wikipedia rendered HTML,2021–22 UEFA Europa Conference League qualifying (third and play-off round matches)
2021-08-05,UEFA,UEFA 3rd Division,3,2021–22,AEL Limassol,Qarabağ,1-1,D,Continental,Wikipedia rendered HTML,2021–22 UEFA Europa Conference League qualifying (third and play-off round matches)
2021-08-05,UEFA,UEFA 3rd Division,3,2021–22,Breiðablik,Aberdeen,2-3,A,Continental,Wikipedia rendered HTML,2021–22 UEFA Europa Conference League qualifying (third and play-off round matches)
2021-08-05,UEFA,UEFA 3rd Division,3,2021–22,CSKA Sofia,Osijek,4-2,H,Continental,Wikipedia rendered HTML,2021–22 UEFA Europa Conference League qualifying (third and play-off round matches)
2021-08-05,UEFA,UEFA 3rd Division,3,2021–22,Dinamo Batumi,Sivasspor,1-2,A,Continental,Wikipedia rendered HTML,2021–22 UEFA Europa Conference League qualifying (third and play-off round matches)
2021-08-05,UEFA,UEFA 3rd Division,3,2021–22,Gent,RFS,2-2,D,Continental,Wikipedia rendered HTML,2021–22 UEFA Europa Conference League qualifying (third and play-off round matches)
2021-08-05,UEFA,UEFA 3rd Division,3,2021–22,Hibernian,Rijeka,1-1,D,Continental,Wikipedia rendered HTML,2021–22 UEFA Europa Conference League qualifying (third and play-off round matches)
2021-08-05,UEFA,UEFA 3rd Division,3,2021–22,IF Elfsborg,Velež Mostar,1-1,D,Continental,Wikipedia rendered HTML,2021–22 UEFA Europa Conference League qualifying (third and play-off round matches)
2021-08-05,UEFA,UEFA 3rd Division,3,2021–22,Kolos Kovalivka,Shakhter Karagandy,0-0,D,Continental,Wikipedia rendered HTML,2021–22 UEFA Europa Conference League qualifying (third and play-off round matches)
2021-08-05,UEFA,UEFA 3rd Division,3,2021–22,KuPS,Astana,1-1,D,Continental,Wikipedia rendered HTML,2021–22 UEFA Europa Conference League qualifying (third and play-off round matches)
2021-08-05,UEFA,UEFA 3rd Division,3,2021–22,Laçi,Anderlecht,0-3,A,Continental,Wikipedia rendered HTML,2021–22 UEFA Europa Conference League qualifying (third and play-off round matches)
2021-08-05,UEFA,UEFA 3rd Division,3,2021–22,Lokomotiv Plovdiv,Copenhagen,1-1,D,Continental,Wikipedia rendered HTML,2021–22 UEFA Europa Conference League qualifying (third and play-off round matches)
2021-08-05,UEFA,UEFA 3rd Division,3,2021–22,Luzern,Feyenoord,0-3,A,Continental,Wikipedia rendered HTML,2021–22 UEFA Europa Conference League qualifying (third and play-off round matches)
2021-08-05,UEFA,UEFA 3rd Division,3,2021–22,Maccabi Haifa,HB,7-2,H,Continental,Wikipedia rendered HTML,2021–22 UEFA Europa Conference League qualifying (third and play-off round matches)
2021-08-05,UEFA,UEFA 3rd Division,3,2021–22,Paços de Ferreira,Larne,4-0,H,Continental,Wikipedia rendered HTML,2021–22 UEFA Europa Conference League qualifying (third and play-off round matches)
2021-08-05,UEFA,UEFA 3rd Division,3,2021–22,Prishtina,Bodø/Glimt,2-1,H,Continental,Wikipedia rendered HTML,2021–22 UEFA Europa Conference League qualifying (third and play-off round matches)
2021-08-05,UEFA,UEFA 3rd Division,3,2021–22,Raków Częstochowa,Rubin Kazan,0-0,D,Continental,Wikipedia rendered HTML,2021–22 UEFA Europa Conference League qualifying (third and play-off round matches)
2021-08-05,UEFA,UEFA 3rd Division,3,2021–22,Riga,Hibernians,0-1,A,Continental,Wikipedia rendered HTML,2021–22 UEFA Europa Conference League qualifying (third and play-off round matches)
2021-08-05,UEFA,UEFA 3rd Division,3,2021–22,Rosenborg,Domžale,6-1,H,Continental,Wikipedia rendered HTML,2021–22 UEFA Europa Conference League qualifying (third and play-off round matches)
2021-08-05,UEFA,UEFA 3rd Division,3,2021–22,Santa Clara,Olimpija Ljubljana,2-0,H,Continental,Wikipedia rendered HTML,2021–22 UEFA Europa Conference League qualifying (third and play-off round matches)
2021-08-05,UEFA,UEFA 3rd Division,3,2021–22,Shamrock Rovers,Teuta,1-0,H,Continental,Wikipedia rendered HTML,2021–22 UEFA Europa Conference League qualifying (third and play-off round matches)
2021-08-05,UEFA,UEFA 3rd Division,3,2021–22,Sochi,Partizan,1-1,D,Continental,Wikipedia rendered HTML,2021–22 UEFA Europa Conference League qualifying (third and play-off round matches)
2021-08-05,UEFA,UEFA 3rd Division,3,2021–22,Spartak Trnava,Maccabi Tel Aviv,0-0,D,Continental,Wikipedia rendered HTML,2021–22 UEFA Europa Conference League qualifying (third and play-off round matches)
2021-08-05,UEFA,UEFA 3rd Division,3,2021–22,The New Saints,Viktoria Plzeň,4-2,H,Continental,Wikipedia rendered HTML,2021–22 UEFA Europa Conference League qualifying (third and play-off round matches)
2021-08-05,UEFA,UEFA 3rd Division,3,2021–22,Tobol,Žilina,0-1,A,Continental,Wikipedia rendered HTML,2021–22 UEFA Europa Conference League qualifying (third and play-off round matches)
2021-08-05,UEFA,UEFA 3rd Division,3,2021–22,Trabzonspor,Molde,3-3,D,Continental,Wikipedia rendered HTML,2021–22 UEFA Europa Conference League qualifying (third and play-off round matches)
2021-08-05,UEFA,UEFA 3rd Division,3,2021–22,Vitesse,Dundalk,2-2,D,Continental,Wikipedia rendered HTML,2021–22 UEFA Europa Conference League qualifying (third and play-off round matches)
2021-08-05,UEFA,UEFA 3rd Division,3,2021–22,Vojvodina,LASK,0-1,A,Continental,Wikipedia rendered HTML,2021–22 UEFA Europa Conference League qualifying (third and play-off round matches)
2021-08-05,UEFA,UEFA 3rd Division,3,2021–22,Újpest,Basel,1-2,A,Continental,Wikipedia rendered HTML,2021–22 UEFA Europa Conference League qualifying (third and play-off round matches)
2021-08-05,UEFA,UEFA 3rd Division,3,2021–22,Čukarički,Hammarby IF,3-1,H,Continental,Wikipedia rendered HTML,2021–22 UEFA Europa Conference League qualifying (third and play-off round matches)
2021-08-05,UEFA,UEFA 3rd Division,3,2021–22,Śląsk Wrocław,Hapoel Be'er Sheva,2-1,H,Continental,Wikipedia rendered HTML,2021–22 UEFA Europa Conference League qualifying (third and play-off round matches)
2021-08-10,UEFA,UEFA 3rd Division,3,2021–22,Domžale,Rosenborg,1-2,A,Continental,Wikipedia rendered HTML,2021–22 UEFA Europa Conference League qualifying (third and play-off round matches)
2021-08-10,UEFA,UEFA 3rd Division,3,2021–22,Shakhter Karagandy,Kolos Kovalivka,0-0,D,Continental,Wikipedia rendered HTML,2021–22 UEFA Europa Conference League qualifying (third and play-off round matches)
2021-08-12,UEFA,UEFA 3rd Division,3,2021–22,Aberdeen,Breiðablik,2-1,H,Continental,Wikipedia rendered HTML,2021–22 UEFA Europa Conference League qualifying (third and play-off round matches)
2021-08-12,UEFA,UEFA 3rd Division,3,2021–22,Anderlecht,Laçi,2-1,H,Continental,Wikipedia rendered HTML,2021–22 UEFA Europa Conference League qualifying (third and play-off round matches)
2021-08-12,UEFA,UEFA 3rd Division,3,2021–22,Astana,KuPS,3-4,A,Continental,Wikipedia rendered HTML,2021–22 UEFA Europa Conference League qualifying (third and play-off round matches)
2021-08-12,UEFA,UEFA 3rd Division,3,2021–22,Basel,Újpest,4-0,H,Continental,Wikipedia rendered HTML,2021–22 UEFA Europa Conference League qualifying (third and play-off round matches)
2021-08-12,UEFA,UEFA 3rd Division,3,2021–22,Bodø/Glimt,Prishtina,2-0,H,Continental,Wikipedia rendered HTML,2021–22 UEFA Europa Conference League qualifying (third and play-off round matches)
2021-08-12,UEFA,UEFA 3rd Division,3,2021–22,Copenhagen,Lokomotiv Plovdiv,4-2,H,Continental,Wikipedia rendered HTML,2021–22 UEFA Europa Conference League qualifying (third and play-off round matches)
2021-08-12,UEFA,UEFA 3rd Division,3,2021–22,Dundalk,Vitesse,1-2,A,Continental,Wikipedia rendered HTML,2021–22 UEFA Europa Conference League qualifying (third and play-off round matches)
2021-08-12,UEFA,UEFA 3rd Division,3,2021–22,Feyenoord,Luzern,3-0,H,Continental,Wikipedia rendered HTML,2021–22 UEFA Europa Conference League qualifying (third and play-off round matches)
2021-08-12,UEFA,UEFA 3rd Division,3,2021–22,Fola Esch,Linfield,2-1,H,Continental,Wikipedia rendered HTML,2021–22 UEFA Europa Conference League qualifying (third and play-off round matches)
2021-08-12,UEFA,UEFA 3rd Division,3,2021–22,HB,Maccabi Haifa,1-0,H,Continental,Wikipedia rendered HTML,2021–22 UEFA Europa Conference League qualifying (third and play-off round matches)
2021-08-12,UEFA,UEFA 3rd Division,3,2021–22,Hammarby IF,Čukarički,5-1,H,Continental,Wikipedia rendered HTML,2021–22 UEFA Europa Conference League qualifying (third and play-off round matches)
2021-08-12,UEFA,UEFA 3rd Division,3,2021–22,Hapoel Be'er Sheva,Śląsk Wrocław,4-0,H,Continental,Wikipedia rendered HTML,2021–22 UEFA Europa Conference League qualifying (third and play-off round matches)
2021-08-12,UEFA,UEFA 3rd Division,3,2021–22,Hibernians,Riga,1-4,A,Continental,Wikipedia rendered HTML,2021–22 UEFA Europa Conference League qualifying (third and play-off round matches)
2021-08-12,UEFA,UEFA 3rd Division,3,2021–22,LASK,Vojvodina,6-1,H,Continental,Wikipedia rendered HTML,2021–22 UEFA Europa Conference League qualifying (third and play-off round matches)
2021-08-12,UEFA,UEFA 3rd Division,3,2021–22,Larne,Paços de Ferreira,1-0,H,Continental,Wikipedia rendered HTML,2021–22 UEFA Europa Conference League qualifying (third and play-off round matches)
2021-08-12,UEFA,UEFA 3rd Division,3,2021–22,Maccabi Tel Aviv,Spartak Trnava,1-0,H,Continental,Wikipedia rendered HTML,2021–22 UEFA Europa Conference League qualifying (third and play-off round matches)
2021-08-12,UEFA,UEFA 3rd Division,3,2021–22,Molde,Trabzonspor,1-1,D,Continental,Wikipedia rendered HTML,2021–22 UEFA Europa Conference League qualifying (third and play-off round matches)
2021-08-12,UEFA,UEFA 3rd Division,3,2021–22,Olimpija Ljubljana,Santa Clara,0-1,A,Continental,Wikipedia rendered HTML,2021–22 UEFA Europa Conference League qualifying (third and play-off round matches)
2021-08-12,UEFA,UEFA 3rd Division,3,2021–22,Osijek,CSKA Sofia,1-1,D,Continental,Wikipedia rendered HTML,2021–22 UEFA Europa Conference League qualifying (third and play-off round matches)
2021-08-12,UEFA,UEFA 3rd Division,3,2021–22,PAOK,Bohemians,2-0,H,Continental,Wikipedia rendered HTML,2021–22 UEFA Europa Conference League qualifying (third and play-off round matches)
2021-08-12,UEFA,UEFA 3rd Division,3,2021–22,Partizan,Sochi,2-2,D,Continental,Wikipedia rendered HTML,2021–22 UEFA Europa Conference League qualifying (third and play-off round matches)
2021-08-12,UEFA,UEFA 3rd Division,3,2021–22,Qarabağ,AEL Limassol,1-0,H,Continental,Wikipedia rendered HTML,2021–22 UEFA Europa Conference League qualifying (third and play-off round matches)
2021-08-12,UEFA,UEFA 3rd Division,3,2021–22,RFS,Gent,0-1,A,Continental,Wikipedia rendered HTML,2021–22 UEFA Europa Conference League qualifying (third and play-off round matches)
2021-08-12,UEFA,UEFA 3rd Division,3,2021–22,Rijeka,Hibernian,4-1,H,Continental,Wikipedia rendered HTML,2021–22 UEFA Europa Conference League qualifying (third and play-off round matches)
2021-08-12,UEFA,UEFA 3rd Division,3,2021–22,Rubin Kazan,Raków Częstochowa,0-1,A,Continental,Wikipedia rendered HTML,2021–22 UEFA Europa Conference League qualifying (third and play-off round matches)
2021-08-12,UEFA,UEFA 3rd Division,3,2021–22,Sivasspor,Dinamo Batumi,1-1,D,Continental,Wikipedia rendered HTML,2021–22 UEFA Europa Conference League qualifying (third and play-off round matches)
2021-08-12,UEFA,UEFA 3rd Division,3,2021–22,Teuta,Shamrock Rovers,0-2,A,Continental,Wikipedia rendered HTML,2021–22 UEFA Europa Conference League qualifying (third and play-off round matches)
2021-08-12,UEFA,UEFA 3rd Division,3,2021–22,Velež Mostar,IF Elfsborg,1-4,A,Continental,Wikipedia rendered HTML,2021–22 UEFA Europa Conference League qualifying (third and play-off round matches)
2021-08-12,UEFA,UEFA 3rd Division,3,2021–22,Viktoria Plzeň,The New Saints,3-1,H,Continental,Wikipedia rendered HTML,2021–22 UEFA Europa Conference League qualifying (third and play-off round matches)
2021-08-12,UEFA,UEFA 3rd Division,3,2021–22,Žilina,Tobol,5-0,H,Continental,Wikipedia rendered HTML,2021–22 UEFA Europa Conference League qualifying (third and play-off round matches)
2021-08-19,UEFA,UEFA 3rd Division,3,2021–22,Anderlecht,Vitesse,3-3,D,Continental,Wikipedia rendered HTML,2021–22 UEFA Europa Conference League qualifying (third and play-off round matches)
2021-08-19,UEFA,UEFA 3rd Division,3,2021–22,Basel,Hammarby IF,3-1,H,Continental,Wikipedia rendered HTML,2021–22 UEFA Europa Conference League qualifying (third and play-off round matches)
2021-08-19,UEFA,UEFA 3rd Division,3,2021–22,Feyenoord,IF Elfsborg,5-0,H,Continental,Wikipedia rendered HTML,2021–22 UEFA Europa Conference League qualifying (third and play-off round matches)
2021-08-19,UEFA,UEFA 3rd Division,3,2021–22,Flora,Shamrock Rovers,4-2,H,Continental,Wikipedia rendered HTML,2021–22 UEFA Europa Conference League qualifying (third and play-off round matches)
2021-08-19,UEFA,UEFA 3rd Division,3,2021–22,Fola Esch,Kairat,1-4,A,Continental,Wikipedia rendered HTML,2021–22 UEFA Europa Conference League qualifying (third and play-off round matches)
2021-08-19,UEFA,UEFA 3rd Division,3,2021–22,Hapoel Be'er Sheva,Anorthosis Famagusta,0-0,D,Continental,Wikipedia rendered HTML,2021–22 UEFA Europa Conference League qualifying (third and play-off round matches)
2021-08-19,UEFA,UEFA 3rd Division,3,2021–22,Jablonec,Žilina,5-1,H,Continental,Wikipedia rendered HTML,2021–22 UEFA Europa Conference League qualifying (third and play-off round matches)
2021-08-19,UEFA,UEFA 3rd Division,3,2021–22,KuPS,Union Berlin,0-4,A,Continental,Wikipedia rendered HTML,2021–22 UEFA Europa Conference League qualifying (third and play-off round matches)
2021-08-19,UEFA,UEFA 3rd Division,3,2021–22,LASK,St Johnstone,1-1,D,Continental,Wikipedia rendered HTML,2021–22 UEFA Europa Conference League qualifying (third and play-off round matches)
2021-08-19,UEFA,UEFA 3rd Division,3,2021–22,Neftçi,Maccabi Haifa,3-3,D,Continental,Wikipedia rendered HTML,2021–22 UEFA Europa Conference League qualifying (third and play-off round matches)
2021-08-19,UEFA,UEFA 3rd Division,3,2021–22,PAOK,Rijeka,1-1,D,Continental,Wikipedia rendered HTML,2021–22 UEFA Europa Conference League qualifying (third and play-off round matches)
2021-08-19,UEFA,UEFA 3rd Division,3,2021–22,Paços de Ferreira,Tottenham Hotspur,1-0,H,Continental,Wikipedia rendered HTML,2021–22 UEFA Europa Conference League qualifying (third and play-off round matches)
2021-08-19,UEFA,UEFA 3rd Division,3,2021–22,Qarabağ,Aberdeen,1-0,H,Continental,Wikipedia rendered HTML,2021–22 UEFA Europa Conference League qualifying (third and play-off round matches)
2021-08-19,UEFA,UEFA 3rd Division,3,2021–22,Raków Częstochowa,Gent,1-0,H,Continental,Wikipedia rendered HTML,2021–22 UEFA Europa Conference League qualifying (third and play-off round matches)
2021-08-19,UEFA,UEFA 3rd Division,3,2021–22,Rennes,Rosenborg,2-0,H,Continental,Wikipedia rendered HTML,2021–22 UEFA Europa Conference League qualifying (third and play-off round matches)
2021-08-19,UEFA,UEFA 3rd Division,3,2021–22,Riga,Lincoln Red Imps,1-1,D,Continental,Wikipedia rendered HTML,2021–22 UEFA Europa Conference League qualifying (third and play-off round matches)
2021-08-19,UEFA,UEFA 3rd Division,3,2021–22,Santa Clara,Partizan,2-1,H,Continental,Wikipedia rendered HTML,2021–22 UEFA Europa Conference League qualifying (third and play-off round matches)
2021-08-19,UEFA,UEFA 3rd Division,3,2021–22,Shakhter Karagandy,Maccabi Tel Aviv,1-2,A,Continental,Wikipedia rendered HTML,2021–22 UEFA Europa Conference League qualifying (third and play-off round matches)
2021-08-19,UEFA,UEFA 3rd Division,3,2021–22,Sivasspor,Copenhagen,1-2,A,Continental,Wikipedia rendered HTML,2021–22 UEFA Europa Conference League qualifying (third and play-off round matches)
2021-08-19,UEFA,UEFA 3rd Division,3,2021–22,Trabzonspor,Roma,1-2,A,Continental,Wikipedia rendered HTML,2021–22 UEFA Europa Conference League qualifying (third and play-off round matches)
2021-08-19,UEFA,UEFA 3rd Division,3,2021–22,Viktoria Plzeň,CSKA Sofia,2-0,H,Continental,Wikipedia rendered HTML,2021–22 UEFA Europa Conference League qualifying (third and play-off round matches)
2021-08-19,UEFA,UEFA 3rd Division,3,2021–22,Žalgiris,Bodø/Glimt,2-2,D,Continental,Wikipedia rendered HTML,2021–22 UEFA Europa Conference League qualifying (third and play-off round matches)
2021-08-26,UEFA,UEFA 3rd Division,3,2021–22,Aberdeen,Qarabağ,1-3,A,Continental,Wikipedia rendered HTML,2021–22 UEFA Europa Conference League qualifying (third and play-off round matches)
2021-08-26,UEFA,UEFA 3rd Division,3,2021–22,Anorthosis Famagusta,Hapoel Be'er Sheva,3-1,H,Continental,Wikipedia rendered HTML,2021–22 UEFA Europa Conference League qualifying (third and play-off round matches)
2021-08-26,UEFA,UEFA 3rd Division,3,2021–22,Bodø/Glimt,Žalgiris,1-0,H,Continental,Wikipedia rendered HTML,2021–22 UEFA Europa Conference League qualifying (third and play-off round matches)
2021-08-26,UEFA,UEFA 3rd Division,3,2021–22,CSKA Sofia,Viktoria Plzeň,3-0,H,Continental,Wikipedia rendered HTML,2021–22 UEFA Europa Conference League qualifying (third and play-off round matches)
2021-08-26,UEFA,UEFA 3rd Division,3,2021–22,Copenhagen,Sivasspor,5-0,H,Continental,Wikipedia rendered HTML,2021–22 UEFA Europa Conference League qualifying (third and play-off round matches)
2021-08-26,UEFA,UEFA 3rd Division,3,2021–22,Gent,Raków Częstochowa,3-0,H,Continental,Wikipedia rendered HTML,2021–22 UEFA Europa Conference League qualifying (third and play-off round matches)
2021-08-26,UEFA,UEFA 3rd Division,3,2021–22,Hammarby IF,Basel,3-1,H,Continental,Wikipedia rendered HTML,2021–22 UEFA Europa Conference League qualifying (third and play-off round matches)
2021-08-26,UEFA,UEFA 3rd Division,3,2021–22,IF Elfsborg,Feyenoord,3-1,H,Continental,Wikipedia rendered HTML,2021–22 UEFA Europa Conference League qualifying (third and play-off round matches)
2021-08-26,UEFA,UEFA 3rd Division,3,2021–22,Kairat,Fola Esch,3-1,H,Continental,Wikipedia rendered HTML,2021–22 UEFA Europa Conference League qualifying (third and play-off round matches)
2021-08-26,UEFA,UEFA 3rd Division,3,2021–22,Lincoln Red Imps,Riga,3-1,H,Continental,Wikipedia rendered HTML,2021–22 UEFA Europa Conference League qualifying (third and play-off round matches)
2021-08-26,UEFA,UEFA 3rd Division,3,2021–22,Maccabi Haifa,Neftçi,4-0,H,Continental,Wikipedia rendered HTML,2021–22 UEFA Europa Conference League qualifying (third and play-off round matches)
2021-08-26,UEFA,UEFA 3rd Division,3,2021–22,Maccabi Tel Aviv,Shakhter Karagandy,2-0,H,Continental,Wikipedia rendered HTML,2021–22 UEFA Europa Conference League qualifying (third and play-off round matches)
2021-08-26,UEFA,UEFA 3rd Division,3,2021–22,Partizan,Santa Clara,2-0,H,Continental,Wikipedia rendered HTML,2021–22 UEFA Europa Conference League qualifying (third and play-off round matches)
2021-08-26,UEFA,UEFA 3rd Division,3,2021–22,Rijeka,PAOK,0-2,A,Continental,Wikipedia rendered HTML,2021–22 UEFA Europa Conference League qualifying (third and play-off round matches)
2021-08-26,UEFA,UEFA 3rd Division,3,2021–22,Roma,Trabzonspor,3-0,H,Continental,Wikipedia rendered HTML,2021–22 UEFA Europa Conference League qualifying (third and play-off round matches)
2021-08-26,UEFA,UEFA 3rd Division,3,2021–22,Rosenborg,Rennes,1-3,A,Continental,Wikipedia rendered HTML,2021–22 UEFA Europa Conference League qualifying (third and play-off round matches)
2021-08-26,UEFA,UEFA 3rd Division,3,2021–22,Shamrock Rovers,Flora,0-1,A,Continental,Wikipedia rendered HTML,2021–22 UEFA Europa Conference League qualifying (third and play-off round matches)
2021-08-26,UEFA,UEFA 3rd Division,3,2021–22,St Johnstone,LASK,0-2,A,Continental,Wikipedia rendered HTML,2021–22 UEFA Europa Conference League qualifying (third and play-off round matches)
2021-08-26,UEFA,UEFA 3rd Division,3,2021–22,Tottenham Hotspur,Paços de Ferreira,3-0,H,Continental,Wikipedia rendered HTML,2021–22 UEFA Europa Conference League qualifying (third and play-off round matches)
2021-08-26,UEFA,UEFA 3rd Division,3,2021–22,Union Berlin,KuPS,0-0,D,Continental,Wikipedia rendered HTML,2021–22 UEFA Europa Conference League qualifying (third and play-off round matches)
2021-08-26,UEFA,UEFA 3rd Division,3,2021–22,Vitesse,Anderlecht,2-1,H,Continental,Wikipedia rendered HTML,2021–22 UEFA Europa Conference League qualifying (third and play-off round matches)
2021-08-26,UEFA,UEFA 3rd Division,3,2021–22,Žilina,Jablonec,0-3,A,Continental,Wikipedia rendered HTML,2021–22 UEFA Europa Conference League qualifying (third and play-off round matches)
2021-09-14,UEFA,UEFA 3rd Division,3,2021–22,Maccabi Haifa,Feyenoord,0-0,D,Continental,Wikipedia rendered HTML,2021–22 UEFA Europa Conference League group stage
2021-09-14,UEFA,UEFA 3rd Division,3,2021–22,Maccabi Tel Aviv,Alashkert,4-1,H,Continental,Wikipedia rendered HTML,2021–22 UEFA Europa Conference League group stage
2021-09-16,UEFA,UEFA 3rd Division,3,2021–22,Anorthosis Famagusta,Partizan,0-2,A,Continental,Wikipedia rendered HTML,2021–22 UEFA Europa Conference League group stage
2021-09-16,UEFA,UEFA 3rd Division,3,2021–22,Bodø/Glimt,Zorya Luhansk,3-1,H,Continental,Wikipedia rendered HTML,2021–22 UEFA Europa Conference League group stage
2021-09-16,UEFA,UEFA 3rd Division,3,2021–22,Flora,Gent,0-1,A,Continental,Wikipedia rendered HTML,2021–22 UEFA Europa Conference League group stage
2021-09-16,UEFA,UEFA 3rd Division,3,2021–22,HJK,LASK,0-2,A,Continental,Wikipedia rendered HTML,2021–22 UEFA Europa Conference League group stage
2021-09-16,UEFA,UEFA 3rd Division,3,2021–22,Jablonec,CFR Cluj,1-0,H,Continental,Wikipedia rendered HTML,2021–22 UEFA Europa Conference League group stage
2021-09-16,UEFA,UEFA 3rd Division,3,2021–22,Kairat,Omonia,0-0,D,Continental,Wikipedia rendered HTML,2021–22 UEFA Europa Conference League group stage
2021-09-16,UEFA,UEFA 3rd Division,3,2021–22,Lincoln Red Imps,PAOK,0-2,A,Continental,Wikipedia rendered HTML,2021–22 UEFA Europa Conference League group stage
2021-09-16,UEFA,UEFA 3rd Division,3,2021–22,Mura,Vitesse,0-2,A,Continental,Wikipedia rendered HTML,2021–22 UEFA Europa Conference League group stage
2021-09-16,UEFA,UEFA 3rd Division,3,2021–22,Qarabağ,Basel,0-0,D,Continental,Wikipedia rendered HTML,2021–22 UEFA Europa Conference League group stage
2021-09-16,UEFA,UEFA 3rd Division,3,2021–22,Randers,AZ,2-2,D,Continental,Wikipedia rendered HTML,2021–22 UEFA Europa Conference League group stage
2021-09-16,UEFA,UEFA 3rd Division,3,2021–22,Rennes,Tottenham Hotspur,2-2,D,Continental,Wikipedia rendered HTML,2021–22 UEFA Europa Conference League group stage
2021-09-16,UEFA,UEFA 3rd Division,3,2021–22,Roma,CSKA Sofia,5-1,H,Continental,Wikipedia rendered HTML,2021–22 UEFA Europa Conference League group stage
2021-09-16,UEFA,UEFA 3rd Division,3,2021–22,Slavia Prague,Union Berlin,3-1,H,Continental,Wikipedia rendered HTML,2021–22 UEFA Europa Conference League group stage
2021-09-16,UEFA,UEFA 3rd Division,3,2021–22,Slovan Bratislava,Copenhagen,1-3,A,Continental,Wikipedia rendered HTML,2021–22 UEFA Europa Conference League group stage
2021-09-30,UEFA,UEFA 3rd Division,3,2021–22,AZ,Jablonec,1-0,H,Continental,Wikipedia rendered HTML,2021–22 UEFA Europa Conference League group stage
2021-09-30,UEFA,UEFA 3rd Division,3,2021–22,Alashkert,HJK,2-4,A,Continental,Wikipedia rendered HTML,2021–22 UEFA Europa Conference League group stage
2021-09-30,UEFA,UEFA 3rd Division,3,2021–22,Basel,Kairat,4-2,H,Continental,Wikipedia rendered HTML,2021–22 UEFA Europa Conference League group stage
2021-09-30,UEFA,UEFA 3rd Division,3,2021–22,CFR Cluj,Randers,1-1,D,Continental,Wikipedia rendered HTML,2021–22 UEFA Europa Conference League group stage
2021-09-30,UEFA,UEFA 3rd Division,3,2021–22,CSKA Sofia,Bodø/Glimt,0-0,D,Continental,Wikipedia rendered HTML,2021–22 UEFA Europa Conference League group stage
2021-09-30,UEFA,UEFA 3rd Division,3,2021–22,Copenhagen,Lincoln Red Imps,3-1,H,Continental,Wikipedia rendered HTML,2021–22 UEFA Europa Conference League group stage
2021-09-30,UEFA,UEFA 3rd Division,3,2021–22,Feyenoord,Slavia Prague,2-1,H,Continental,Wikipedia rendered HTML,2021–22 UEFA Europa Conference League group stage
2021-09-30,UEFA,UEFA 3rd Division,3,2021–22,Gent,Anorthosis Famagusta,2-0,H,Continental,Wikipedia rendered HTML,2021–22 UEFA Europa Conference League group stage
2021-09-30,UEFA,UEFA 3rd Division,3,2021–22,LASK,Maccabi Tel Aviv,1-1,D,Continental,Wikipedia rendered HTML,2021–22 UEFA Europa Conference League group stage
2021-09-30,UEFA,UEFA 3rd Division,3,2021–22,Omonia,Qarabağ,1-4,A,Continental,Wikipedia rendered HTML,2021–22 UEFA Europa Conference League group stage
2021-09-30,UEFA,UEFA 3rd Division,3,2021–22,PAOK,Slovan Bratislava,1-1,D,Continental,Wikipedia rendered HTML,2021–22 UEFA Europa Conference League group stage
2021-09-30,UEFA,UEFA 3rd Division,3,2021–22,Partizan,Flora,2-0,H,Continental,Wikipedia rendered HTML,2021–22 UEFA Europa Conference League group stage
2021-09-30,UEFA,UEFA 3rd Division,3,2021–22,Tottenham Hotspur,Mura,5-1,H,Continental,Wikipedia rendered HTML,2021–22 UEFA Europa Conference League group stage
2021-09-30,UEFA,UEFA 3rd Division,3,2021–22,Union Berlin,Maccabi Haifa,3-0,H,Continental,Wikipedia rendered HTML,2021–22 UEFA Europa Conference League group stage
2021-09-30,UEFA,UEFA 3rd Division,3,2021–22,Vitesse,Rennes,1-2,A,Continental,Wikipedia rendered HTML,2021–22 UEFA Europa Conference League group stage
2021-09-30,UEFA,UEFA 3rd Division,3,2021–22,Zorya Luhansk,Roma,0-3,A,Continental,Wikipedia rendered HTML,2021–22 UEFA Europa Conference League group stage
2021-10-21,UEFA,UEFA 3rd Division,3,2021–22,Alashkert,LASK,0-3,A,Continental,Wikipedia rendered HTML,2021–22 UEFA Europa Conference League group stage
2021-10-21,UEFA,UEFA 3rd Division,3,2021–22,Anorthosis Famagusta,Flora,2-2,D,Continental,Wikipedia rendered HTML,2021–22 UEFA Europa Conference League group stage
2021-10-21,UEFA,UEFA 3rd Division,3,2021–22,Basel,Omonia,3-1,H,Continental,Wikipedia rendered HTML,2021–22 UEFA Europa Conference League group stage
2021-10-21,UEFA,UEFA 3rd Division,3,2021–22,Bodø/Glimt,Roma,6-1,H,Continental,Wikipedia rendered HTML,2021–22 UEFA Europa Conference League group stage
2021-10-21,UEFA,UEFA 3rd Division,3,2021–22,CFR Cluj,AZ,0-1,A,Continental,Wikipedia rendered HTML,2021–22 UEFA Europa Conference League group stage
2021-10-21,UEFA,UEFA 3rd Division,3,2021–22,CSKA Sofia,Zorya Luhansk,0-1,A,Continental,Wikipedia rendered HTML,2021–22 UEFA Europa Conference League group stage
2021-10-21,UEFA,UEFA 3rd Division,3,2021–22,Copenhagen,PAOK,1-2,A,Continental,Wikipedia rendered HTML,2021–22 UEFA Europa Conference League group stage
2021-10-21,UEFA,UEFA 3rd Division,3,2021–22,Feyenoord,Union Berlin,3-1,H,Continental,Wikipedia rendered HTML,2021–22 UEFA Europa Conference League group stage
2021-10-21,UEFA,UEFA 3rd Division,3,2021–22,HJK,Maccabi Tel Aviv,0-5,A,Continental,Wikipedia rendered HTML,2021–22 UEFA Europa Conference League group stage
2021-10-21,UEFA,UEFA 3rd Division,3,2021–22,Jablonec,Randers,2-2,D,Continental,Wikipedia rendered HTML,2021–22 UEFA Europa Conference League group stage
2021-10-21,UEFA,UEFA 3rd Division,3,2021–22,Maccabi Haifa,Slavia Prague,1-0,H,Continental,Wikipedia rendered HTML,2021–22 UEFA Europa Conference League group stage
2021-10-21,UEFA,UEFA 3rd Division,3,2021–22,Mura,Rennes,1-2,A,Continental,Wikipedia rendered HTML,2021–22 UEFA Europa Conference League group stage
2021-10-21,UEFA,UEFA 3rd Division,3,2021–22,Partizan,Gent,0-1,A,Continental,Wikipedia rendered HTML,2021–22 UEFA Europa Conference League group stage
2021-10-21,UEFA,UEFA 3rd Division,3,2021–22,Qarabağ,Kairat,2-1,H,Continental,Wikipedia rendered HTML,2021–22 UEFA Europa Conference League group stage
2021-10-21,UEFA,UEFA 3rd Division,3,2021–22,Slovan Bratislava,Lincoln Red Imps,2-0,H,Continental,Wikipedia rendered HTML,2021–22 UEFA Europa Conference League group stage
2021-10-21,UEFA,UEFA 3rd Division,3,2021–22,Vitesse,Tottenham Hotspur,1-0,H,Continental,Wikipedia rendered HTML,2021–22 UEFA Europa Conference League group stage
2021-11-04,UEFA,UEFA 3rd Division,3,2021–22,AZ,CFR Cluj,2-0,H,Continental,Wikipedia rendered HTML,2021–22 UEFA Europa Conference League group stage
2021-11-04,UEFA,UEFA 3rd Division,3,2021–22,Flora,Anorthosis Famagusta,2-2,D,Continental,Wikipedia rendered HTML,2021–22 UEFA Europa Conference League group stage
2021-11-04,UEFA,UEFA 3rd Division,3,2021–22,Gent,Partizan,1-1,D,Continental,Wikipedia rendered HTML,2021–22 UEFA Europa Conference League group stage
2021-11-04,UEFA,UEFA 3rd Division,3,2021–22,Kairat,Qarabağ,1-2,A,Continental,Wikipedia rendered HTML,2021–22 UEFA Europa Conference League group stage
2021-11-04,UEFA,UEFA 3rd Division,3,2021–22,LASK,Alashkert,2-0,H,Continental,Wikipedia rendered HTML,2021–22 UEFA Europa Conference League group stage
2021-11-04,UEFA,UEFA 3rd Division,3,2021–22,Lincoln Red Imps,Slovan Bratislava,1-4,A,Continental,Wikipedia rendered HTML,2021–22 UEFA Europa Conference League group stage
2021-11-04,UEFA,UEFA 3rd Division,3,2021–22,Maccabi Tel Aviv,HJK,3-0,H,Continental,Wikipedia rendered HTML,2021–22 UEFA Europa Conference League group stage
2021-11-04,UEFA,UEFA 3rd Division,3,2021–22,Omonia,Basel,1-1,D,Continental,Wikipedia rendered HTML,2021–22 UEFA Europa Conference League group stage
2021-11-04,UEFA,UEFA 3rd Division,3,2021–22,PAOK,Copenhagen,1-2,A,Continental,Wikipedia rendered HTML,2021–22 UEFA Europa Conference League group stage
2021-11-04,UEFA,UEFA 3rd Division,3,2021–22,Randers,Jablonec,2-2,D,Continental,Wikipedia rendered HTML,2021–22 UEFA Europa Conference League group stage
2021-11-04,UEFA,UEFA 3rd Division,3,2021–22,Rennes,Mura,1-0,H,Continental,Wikipedia rendered HTML,2021–22 UEFA Europa Conference League group stage
2021-11-04,UEFA,UEFA 3rd Division,3,2021–22,Roma,Bodø/Glimt,2-2,D,Continental,Wikipedia rendered HTML,2021–22 UEFA Europa Conference League group stage
2021-11-04,UEFA,UEFA 3rd Division,3,2021–22,Slavia Prague,Maccabi Haifa,1-0,H,Continental,Wikipedia rendered HTML,2021–22 UEFA Europa Conference League group stage
2021-11-04,UEFA,UEFA 3rd Division,3,2021–22,Tottenham Hotspur,Vitesse,3-2,H,Continental,Wikipedia rendered HTML,2021–22 UEFA Europa Conference League group stage
2021-11-04,UEFA,UEFA 3rd Division,3,2021–22,Union Berlin,Feyenoord,1-2,A,Continental,Wikipedia rendered HTML,2021–22 UEFA Europa Conference League group stage
2021-11-04,UEFA,UEFA 3rd Division,3,2021–22,Zorya Luhansk,CSKA Sofia,2-0,H,Continental,Wikipedia rendered HTML,2021–22 UEFA Europa Conference League group stage
2021-11-25,UEFA,UEFA 3rd Division,3,2021–22,Anorthosis Famagusta,Gent,1-0,H,Continental,Wikipedia rendered HTML,2021–22 UEFA Europa Conference League group stage
2021-11-25,UEFA,UEFA 3rd Division,3,2021–22,Bodø/Glimt,CSKA Sofia,2-0,H,Continental,Wikipedia rendered HTML,2021–22 UEFA Europa Conference League group stage
2021-11-25,UEFA,UEFA 3rd Division,3,2021–22,Flora,Partizan,1-0,H,Continental,Wikipedia rendered HTML,2021–22 UEFA Europa Conference League group stage
2021-11-25,UEFA,UEFA 3rd Division,3,2021–22,HJK,Alashkert,1-0,H,Continental,Wikipedia rendered HTML,2021–22 UEFA Europa Conference League group stage
2021-11-25,UEFA,UEFA 3rd Division,3,2021–22,Jablonec,AZ,1-1,D,Continental,Wikipedia rendered HTML,2021–22 UEFA Europa Conference League group stage
2021-11-25,UEFA,UEFA 3rd Division,3,2021–22,Kairat,Basel,2-3,A,Continental,Wikipedia rendered HTML,2021–22 UEFA Europa Conference League group stage
2021-11-25,UEFA,UEFA 3rd Division,3,2021–22,Lincoln Red Imps,Copenhagen,0-4,A,Continental,Wikipedia rendered HTML,2021–22 UEFA Europa Conference League group stage
2021-11-25,UEFA,UEFA 3rd Division,3,2021–22,Maccabi Haifa,Union Berlin,0-1,A,Continental,Wikipedia rendered HTML,2021–22 UEFA Europa Conference League group stage
2021-11-25,UEFA,UEFA 3rd Division,3,2021–22,Maccabi Tel Aviv,LASK,0-1,A,Continental,Wikipedia rendered HTML,2021–22 UEFA Europa Conference League group stage
2021-11-25,UEFA,UEFA 3rd Division,3,2021–22,Mura,Tottenham Hotspur,2-1,H,Continental,Wikipedia rendered HTML,2021–22 UEFA Europa Conference League group stage
2021-11-25,UEFA,UEFA 3rd Division,3,2021–22,Qarabağ,Omonia,2-2,D,Continental,Wikipedia rendered HTML,2021–22 UEFA Europa Conference League group stage
2021-11-25,UEFA,UEFA 3rd Division,3,2021–22,Randers,CFR Cluj,2-1,H,Continental,Wikipedia rendered HTML,2021–22 UEFA Europa Conference League group stage
2021-11-25,UEFA,UEFA 3rd Division,3,2021–22,Rennes,Vitesse,3-3,D,Continental,Wikipedia rendered HTML,2021–22 UEFA Europa Conference League group stage
2021-11-25,UEFA,UEFA 3rd Division,3,2021–22,Roma,Zorya Luhansk,4-0,H,Continental,Wikipedia rendered HTML,2021–22 UEFA Europa Conference League group stage
2021-11-25,UEFA,UEFA 3rd Division,3,2021–22,Slavia Prague,Feyenoord,2-2,D,Continental,Wikipedia rendered HTML,2021–22 UEFA Europa Conference League group stage
2021-11-25,UEFA,UEFA 3rd Division,3,2021–22,Slovan Bratislava,PAOK,0-0,D,Continental,Wikipedia rendered HTML,2021–22 UEFA Europa Conference League group stage
2021-12-09,UEFA,UEFA 3rd Division,3,2021–22,AZ,Randers,1-0,H,Continental,Wikipedia rendered HTML,2021–22 UEFA Europa Conference League group stage
2021-12-09,UEFA,UEFA 3rd Division,3,2021–22,Alashkert,Maccabi Tel Aviv,1-1,D,Continental,Wikipedia rendered HTML,2021–22 UEFA Europa Conference League group stage
2021-12-09,UEFA,UEFA 3rd Division,3,2021–22,Basel,Qarabağ,3-0,H,Continental,Wikipedia rendered HTML,2021–22 UEFA Europa Conference League group stage
2021-12-09,UEFA,UEFA 3rd Division,3,2021–22,CFR Cluj,Jablonec,2-0,H,Continental,Wikipedia rendered HTML,2021–22 UEFA Europa Conference League group stage
2021-12-09,UEFA,UEFA 3rd Division,3,2021–22,CSKA Sofia,Roma,2-3,A,Continental,Wikipedia rendered HTML,2021–22 UEFA Europa Conference League group stage
2021-12-09,UEFA,UEFA 3rd Division,3,2021–22,Copenhagen,Slovan Bratislava,2-0,H,Continental,Wikipedia rendered HTML,2021–22 UEFA Europa Conference League group stage
2021-12-09,UEFA,UEFA 3rd Division,3,2021–22,Feyenoord,Maccabi Haifa,2-1,H,Continental,Wikipedia rendered HTML,2021–22 UEFA Europa Conference League group stage
2021-12-09,UEFA,UEFA 3rd Division,3,2021–22,Gent,Flora,1-0,H,Continental,Wikipedia rendered HTML,2021–22 UEFA Europa Conference League group stage
2021-12-09,UEFA,UEFA 3rd Division,3,2021–22,LASK,HJK,3-0,H,Continental,Wikipedia rendered HTML,2021–22 UEFA Europa Conference League group stage
2021-12-09,UEFA,UEFA 3rd Division,3,2021–22,Omonia,Kairat,0-0,D,Continental,Wikipedia rendered HTML,2021–22 UEFA Europa Conference League group stage
2021-12-09,UEFA,UEFA 3rd Division,3,2021–22,PAOK,Lincoln Red Imps,2-0,H,Continental,Wikipedia rendered HTML,2021–22 UEFA Europa Conference League group stage
2021-12-09,UEFA,UEFA 3rd Division,3,2021–22,Partizan,Anorthosis Famagusta,1-1,D,Continental,Wikipedia rendered HTML,2021–22 UEFA Europa Conference League group stage
2021-12-09,UEFA,UEFA 3rd Division,3,2021–22,Tottenham Hotspur,Rennes,0-3,A,Continental,Wikipedia rendered HTML,2021–22 UEFA Europa Conference League group stage
2021-12-09,UEFA,UEFA 3rd Division,3,2021–22,Union Berlin,Slavia Prague,1-1,D,Continental,Wikipedia rendered HTML,2021–22 UEFA Europa Conference League group stage
2021-12-09,UEFA,UEFA 3rd Division,3,2021–22,Vitesse,Mura,3-1,H,Continental,Wikipedia rendered HTML,2021–22 UEFA Europa Conference League group stage
2021-12-09,UEFA,UEFA 3rd Division,3,2021–22,Zorya Luhansk,Bodø/Glimt,1-1,D,Continental,Wikipedia rendered HTML,2021–22 UEFA Europa Conference League group stage
2022-02-17,UEFA,UEFA 3rd Division,3,2021–22,Celtic,Bodø/Glimt,1-3,A,Continental,Wikipedia rendered HTML,2021–22 UEFA Europa Conference League knockout phase
2022-02-17,UEFA,UEFA 3rd Division,3,2021–22,Fenerbahçe,Slavia Prague,2-3,A,Continental,Wikipedia rendered HTML,2021–22 UEFA Europa Conference League knockout phase
2022-02-17,UEFA,UEFA 3rd Division,3,2021–22,Leicester City,Randers,4-1,H,Continental,Wikipedia rendered HTML,2021–22 UEFA Europa Conference League knockout phase
2022-02-17,UEFA,UEFA 3rd Division,3,2021–22,Marseille,Qarabağ,3-1,H,Continental,Wikipedia rendered HTML,2021–22 UEFA Europa Conference League knockout phase
2022-02-17,UEFA,UEFA 3rd Division,3,2021–22,Midtjylland,PAOK,1-0,H,Continental,Wikipedia rendered HTML,2021–22 UEFA Europa Conference League knockout phase
2022-02-17,UEFA,UEFA 3rd Division,3,2021–22,PSV Eindhoven,Maccabi Tel Aviv,1-0,H,Continental,Wikipedia rendered HTML,2021–22 UEFA Europa Conference League knockout phase
2022-02-17,UEFA,UEFA 3rd Division,3,2021–22,Rapid Wien,Vitesse,2-1,H,Continental,Wikipedia rendered HTML,2021–22 UEFA Europa Conference League knockout phase
2022-02-17,UEFA,UEFA 3rd Division,3,2021–22,Sparta Prague,Partizan,0-1,A,Continental,Wikipedia rendered HTML,2021–22 UEFA Europa Conference League knockout phase
2022-02-24,UEFA,UEFA 3rd Division,3,2021–22,Bodø/Glimt,Celtic,2-0,H,Continental,Wikipedia rendered HTML,2021–22 UEFA Europa Conference League knockout phase
2022-02-24,UEFA,UEFA 3rd Division,3,2021–22,Maccabi Tel Aviv,PSV Eindhoven,1-1,D,Continental,Wikipedia rendered HTML,2021–22 UEFA Europa Conference League knockout phase
2022-02-24,UEFA,UEFA 3rd Division,3,2021–22,PAOK,Midtjylland,2-1,H,Continental,Wikipedia rendered HTML,2021–22 UEFA Europa Conference League knockout phase
2022-02-24,UEFA,UEFA 3rd Division,3,2021–22,Partizan,Sparta Prague,2-1,H,Continental,Wikipedia rendered HTML,2021–22 UEFA Europa Conference League knockout phase
2022-02-24,UEFA,UEFA 3rd Division,3,2021–22,Qarabağ,Marseille,0-3,A,Continental,Wikipedia rendered HTML,2021–22 UEFA Europa Conference League knockout phase
2022-02-24,UEFA,UEFA 3rd Division,3,2021–22,Randers,Leicester City,1-3,A,Continental,Wikipedia rendered HTML,2021–22 UEFA Europa Conference League knockout phase
2022-02-24,UEFA,UEFA 3rd Division,3,2021–22,Slavia Prague,Fenerbahçe,3-2,H,Continental,Wikipedia rendered HTML,2021–22 UEFA Europa Conference League knockout phase
2022-02-24,UEFA,UEFA 3rd Division,3,2021–22,Vitesse,Rapid Wien,2-0,H,Continental,Wikipedia rendered HTML,2021–22 UEFA Europa Conference League knockout phase
2022-03-10,UEFA,UEFA 3rd Division,3,2021–22,Bodø/Glimt,AZ,2-1,H,Continental,Wikipedia rendered HTML,2021–22 UEFA Europa Conference League knockout phase
2022-03-10,UEFA,UEFA 3rd Division,3,2021–22,Leicester City,Rennes,2-0,H,Continental,Wikipedia rendered HTML,2021–22 UEFA Europa Conference League knockout phase
2022-03-10,UEFA,UEFA 3rd Division,3,2021–22,Marseille,Basel,2-1,H,Continental,Wikipedia rendered HTML,2021–22 UEFA Europa Conference League knockout phase
2022-03-10,UEFA,UEFA 3rd Division,3,2021–22,PAOK,Gent,1-0,H,Continental,Wikipedia rendered HTML,2021–22 UEFA Europa Conference League knockout phase
2022-03-10,UEFA,UEFA 3rd Division,3,2021–22,PSV Eindhoven,Copenhagen,4-4,D,Continental,Wikipedia rendered HTML,2021–22 UEFA Europa Conference League knockout phase
2022-03-10,UEFA,UEFA 3rd Division,3,2021–22,Partizan,Feyenoord,2-5,A,Continental,Wikipedia rendered HTML,2021–22 UEFA Europa Conference League knockout phase
2022-03-10,UEFA,UEFA 3rd Division,3,2021–22,Slavia Prague,LASK,4-1,H,Continental,Wikipedia rendered HTML,2021–22 UEFA Europa Conference League knockout phase
2022-03-10,UEFA,UEFA 3rd Division,3,2021–22,Vitesse,Roma,0-1,A,Continental,Wikipedia rendered HTML,2021–22 UEFA Europa Conference League knockout phase
2022-03-17,UEFA,UEFA 3rd Division,3,2021–22,AZ,Bodø/Glimt,2-2,D,Continental,Wikipedia rendered HTML,2021–22 UEFA Europa Conference League knockout phase
2022-03-17,UEFA,UEFA 3rd Division,3,2021–22,Basel,Marseille,1-2,A,Continental,Wikipedia rendered HTML,2021–22 UEFA Europa Conference League knockout phase
2022-03-17,UEFA,UEFA 3rd Division,3,2021–22,Copenhagen,PSV Eindhoven,0-4,A,Continental,Wikipedia rendered HTML,2021–22 UEFA Europa Conference League knockout phase
2022-03-17,UEFA,UEFA 3rd Division,3,2021–22,Feyenoord,Partizan,3-1,H,Continental,Wikipedia rendered HTML,2021–22 UEFA Europa Conference League knockout phase
2022-03-17,UEFA,UEFA 3rd Division,3,2021–22,Gent,PAOK,1-2,A,Continental,Wikipedia rendered HTML,2021–22 UEFA Europa Conference League knockout phase
2022-03-17,UEFA,UEFA 3rd Division,3,2021–22,LASK,Slavia Prague,4-3,H,Continental,Wikipedia rendered HTML,2021–22 UEFA Europa Conference League knockout phase
2022-03-17,UEFA,UEFA 3rd Division,3,2021–22,Rennes,Leicester City,2-1,H,Continental,Wikipedia rendered HTML,2021–22 UEFA Europa Conference League knockout phase
2022-03-17,UEFA,UEFA 3rd Division,3,2021–22,Roma,Vitesse,1-1,D,Continental,Wikipedia rendered HTML,2021–22 UEFA Europa Conference League knockout phase
2022-04-07,UEFA,UEFA 3rd Division,3,2021–22,Bodø/Glimt,Roma,2-1,H,Continental,Wikipedia rendered HTML,2021–22 UEFA Europa Conference League knockout phase
2022-04-07,UEFA,UEFA 3rd Division,3,2021–22,Feyenoord,Slavia Prague,3-3,D,Continental,Wikipedia rendered HTML,2021–22 UEFA Europa Conference League knockout phase
2022-04-07,UEFA,UEFA 3rd Division,3,2021–22,Leicester City,PSV Eindhoven,0-0,D,Continental,Wikipedia rendered HTML,2021–22 UEFA Europa Conference League knockout phase
2022-04-07,UEFA,UEFA 3rd Division,3,2021–22,Marseille,PAOK,2-1,H,Continental,Wikipedia rendered HTML,2021–22 UEFA Europa Conference League knockout phase
2022-04-14,UEFA,UEFA 3rd Division,3,2021–22,PAOK,Marseille,0-1,A,Continental,Wikipedia rendered HTML,2021–22 UEFA Europa Conference League knockout phase
2022-04-14,UEFA,UEFA 3rd Division,3,2021–22,PSV Eindhoven,Leicester City,1-2,A,Continental,Wikipedia rendered HTML,2021–22 UEFA Europa Conference League knockout phase
2022-04-14,UEFA,UEFA 3rd Division,3,2021–22,Roma,Bodø/Glimt,4-0,H,Continental,Wikipedia rendered HTML,2021–22 UEFA Europa Conference League knockout phase
2022-04-14,UEFA,UEFA 3rd Division,3,2021–22,Slavia Prague,Feyenoord,1-3,A,Continental,Wikipedia rendered HTML,2021–22 UEFA Europa Conference League knockout phase
2022-04-28,UEFA,UEFA 3rd Division,3,2021–22,Feyenoord,Marseille,3-2,H,Continental,Wikipedia rendered HTML,2021–22 UEFA Europa Conference League knockout phase
2022-04-28,UEFA,UEFA 3rd Division,3,2021–22,Leicester City,Roma,1-1,D,Continental,Wikipedia rendered HTML,2021–22 UEFA Europa Conference League knockout phase
2022-05-05,UEFA,UEFA 3rd Division,3,2021–22,Marseille,Feyenoord,0-0,D,Continental,Wikipedia rendered HTML,2021–22 UEFA Europa Conference League knockout phase
2022-05-05,UEFA,UEFA 3rd Division,3,2021–22,Roma,Leicester City,1-0,H,Continental,Wikipedia rendered HTML,2021–22 UEFA Europa Conference League knockout phase
2022-05-25,UEFA,UEFA 3rd Division,3,2021–22,Roma,Feyenoord,1-0,H,Continental,Wikipedia rendered HTML,2021–22 UEFA Europa Conference League knockout phase
2022-07-05,UEFA,UEFA 3rd Division,3,2022–23,Gżira United,Atlètic Club d'Escaldes,1-1,D,Continental,Wikipedia rendered HTML,2022–23 UEFA Europa Conference League qualifying (first and second round matches)
2022-07-05,UEFA,UEFA 3rd Division,3,2022–23,St Joseph's,Larne,0-0,D,Continental,Wikipedia rendered HTML,2022–23 UEFA Europa Conference League qualifying (first and second round matches)
2022-07-06,UEFA,UEFA 3rd Division,3,2022–23,Inter Turku,Drita,1-0,H,Continental,Wikipedia rendered HTML,2022–23 UEFA Europa Conference League qualifying (first and second round matches)
2022-07-06,UEFA,UEFA 3rd Division,3,2022–23,Víkingur Gøta,Europa,1-0,H,Continental,Wikipedia rendered HTML,2022–23 UEFA Europa Conference League qualifying (first and second round matches)
2022-07-07,UEFA,UEFA 3rd Division,3,2022–23,Alashkert,Hamrun Spartans,1-0,H,Continental,Wikipedia rendered HTML,2022–23 UEFA Europa Conference League qualifying (first and second round matches)
2022-07-07,UEFA,UEFA 3rd Division,3,2022–23,Bala Town,Sligo Rovers,1-2,A,Continental,Wikipedia rendered HTML,2022–23 UEFA Europa Conference League qualifying (first and second round matches)
2022-07-07,UEFA,UEFA 3rd Division,3,2022–23,Borac Banja Luka,B36,2-0,H,Continental,Wikipedia rendered HTML,2022–23 UEFA Europa Conference League qualifying (first and second round matches)
2022-07-07,UEFA,UEFA 3rd Division,3,2022–23,Budućnost Podgorica,Llapi,2-0,H,Continental,Wikipedia rendered HTML,2022–23 UEFA Europa Conference League qualifying (first and second round matches)
2022-07-07,UEFA,UEFA 3rd Division,3,2022–23,DAC Dunajská Streda,Cliftonville,2-1,H,Continental,Wikipedia rendered HTML,2022–23 UEFA Europa Conference League qualifying (first and second round matches)
2022-07-07,UEFA,UEFA 3rd Division,3,2022–23,Derry City,Riga,0-2,A,Continental,Wikipedia rendered HTML,2022–23 UEFA Europa Conference League qualifying (first and second round matches)
2022-07-07,UEFA,UEFA 3rd Division,3,2022–23,Dinamo Minsk,Dečić,1-1,D,Continental,Wikipedia rendered HTML,2022–23 UEFA Europa Conference League qualifying (first and second round matches)
2022-07-07,UEFA,UEFA 3rd Division,3,2022–23,Dinamo Tbilisi,Paide Linnameeskond,2-3,A,Continental,Wikipedia rendered HTML,2022–23 UEFA Europa Conference League qualifying (first and second round matches)
2022-07-07,UEFA,UEFA 3rd Division,3,2022–23,FCB Magpies,Crusaders,2-1,H,Continental,Wikipedia rendered HTML,2022–23 UEFA Europa Conference League qualifying (first and second round matches)
2022-07-07,UEFA,UEFA 3rd Division,3,2022–23,Flora,SJK,1-0,H,Continental,Wikipedia rendered HTML,2022–23 UEFA Europa Conference League qualifying (first and second round matches)
2022-07-07,UEFA,UEFA 3rd Division,3,2022–23,Floriana,Petrocub Hîncești,0-0,D,Continental,Wikipedia rendered HTML,2022–23 UEFA Europa Conference League qualifying (first and second round matches)
2022-07-07,UEFA,UEFA 3rd Division,3,2022–23,Fola Esch,Tre Fiori,0-1,A,Continental,Wikipedia rendered HTML,2022–23 UEFA Europa Conference League qualifying (first and second round matches)
2022-07-07,UEFA,UEFA 3rd Division,3,2022–23,Gjilani,Liepāja,1-0,H,Continental,Wikipedia rendered HTML,2022–23 UEFA Europa Conference League qualifying (first and second round matches)
2022-07-07,UEFA,UEFA 3rd Division,3,2022–23,HB,Newtown,1-0,H,Continental,Wikipedia rendered HTML,2022–23 UEFA Europa Conference League qualifying (first and second round matches)
2022-07-07,UEFA,UEFA 3rd Division,3,2022–23,KuPS,Dila Gori,2-0,H,Continental,Wikipedia rendered HTML,2022–23 UEFA Europa Conference League qualifying (first and second round matches)
2022-07-07,UEFA,UEFA 3rd Division,3,2022–23,Laçi,Iskra,0-0,D,Continental,Wikipedia rendered HTML,2022–23 UEFA Europa Conference League qualifying (first and second round matches)
2022-07-07,UEFA,UEFA 3rd Division,3,2022–23,Lechia Gdańsk,Akademija Pandev,4-1,H,Continental,Wikipedia rendered HTML,2022–23 UEFA Europa Conference League qualifying (first and second round matches)
2022-07-07,UEFA,UEFA 3rd Division,3,2022–23,Olimpija Ljubljana,Differdange 03,1-1,D,Continental,Wikipedia rendered HTML,2022–23 UEFA Europa Conference League qualifying (first and second round matches)
2022-07-07,UEFA,UEFA 3rd Division,3,2022–23,Panevėžys,Milsami Orhei,0-0,D,Continental,Wikipedia rendered HTML,2022–23 UEFA Europa Conference League qualifying (first and second round matches)
2022-07-07,UEFA,UEFA 3rd Division,3,2022–23,Pogoń Szczecin,KR,4-1,H,Continental,Wikipedia rendered HTML,2022–23 UEFA Europa Conference League qualifying (first and second round matches)
2022-07-07,UEFA,UEFA 3rd Division,3,2022–23,Ružomberok,Kauno Žalgiris,2-0,H,Continental,Wikipedia rendered HTML,2022–23 UEFA Europa Conference League qualifying (first and second round matches)
2022-07-07,UEFA,UEFA 3rd Division,3,2022–23,Saburtalo Tbilisi,Partizani,0-1,A,Continental,Wikipedia rendered HTML,2022–23 UEFA Europa Conference League qualifying (first and second round matches)
2022-07-07,UEFA,UEFA 3rd Division,3,2022–23,Sfîntul Gheorghe,Mura,1-2,A,Continental,Wikipedia rendered HTML,2022–23 UEFA Europa Conference League qualifying (first and second round matches)
2022-07-07,UEFA,UEFA 3rd Division,3,2022–23,Shkëndija,Ararat Yerevan,2-0,H,Continental,Wikipedia rendered HTML,2022–23 UEFA Europa Conference League qualifying (first and second round matches)
2022-07-07,UEFA,UEFA 3rd Division,3,2022–23,Tre Penne,Tuzla City,0-2,A,Continental,Wikipedia rendered HTML,2022–23 UEFA Europa Conference League qualifying (first and second round matches)
2022-07-07,UEFA,UEFA 3rd Division,3,2022–23,UE Santa Coloma,Breiðablik,0-1,A,Continental,Wikipedia rendered HTML,2022–23 UEFA Europa Conference League qualifying (first and second round matches)
2022-07-12,UEFA,UEFA 3rd Division,3,2022–23,Drita,Inter Turku,3-0,H,Continental,Wikipedia rendered HTML,2022–23 UEFA Europa Conference League qualifying (first and second round matches)
2022-07-14,UEFA,UEFA 3rd Division,3,2022–23,Akademija Pandev,Lechia Gdańsk,1-2,A,Continental,Wikipedia rendered HTML,2022–23 UEFA Europa Conference League qualifying (first and second round matches)
2022-07-14,UEFA,UEFA 3rd Division,3,2022–23,Ararat Yerevan,Shkëndija,2-2,D,Continental,Wikipedia rendered HTML,2022–23 UEFA Europa Conference League qualifying (first and second round matches)
2022-07-14,UEFA,UEFA 3rd Division,3,2022–23,Atlètic Club d'Escaldes,Gżira United,0-1,A,Continental,Wikipedia rendered HTML,2022–23 UEFA Europa Conference League qualifying (first and second round matches)
2022-07-14,UEFA,UEFA 3rd Division,3,2022–23,B36,Borac Banja Luka,3-1,H,Continental,Wikipedia rendered HTML,2022–23 UEFA Europa Conference League qualifying (first and second round matches)
2022-07-14,UEFA,UEFA 3rd Division,3,2022–23,Breiðablik,UE Santa Coloma,4-1,H,Continental,Wikipedia rendered HTML,2022–23 UEFA Europa Conference League qualifying (first and second round matches)
2022-07-14,UEFA,UEFA 3rd Division,3,2022–23,Cliftonville,DAC Dunajská Streda,0-3,A,Continental,Wikipedia rendered HTML,2022–23 UEFA Europa Conference League qualifying (first and second round matches)
2022-07-14,UEFA,UEFA 3rd Division,3,2022–23,Crusaders,FCB Magpies,3-1,H,Continental,Wikipedia rendered HTML,2022–23 UEFA Europa Conference League qualifying (first and second round matches)
2022-07-14,UEFA,UEFA 3rd Division,3,2022–23,Dečić,Dinamo Minsk,1-2,A,Continental,Wikipedia rendered HTML,2022–23 UEFA Europa Conference League qualifying (first and second round matches)
2022-07-14,UEFA,UEFA 3rd Division,3,2022–23,Differdange 03,Olimpija Ljubljana,1-2,A,Continental,Wikipedia rendered HTML,2022–23 UEFA Europa Conference League qualifying (first and second round matches)
2022-07-14,UEFA,UEFA 3rd Division,3,2022–23,Dila Gori,KuPS,0-0,D,Continental,Wikipedia rendered HTML,2022–23 UEFA Europa Conference League qualifying (first and second round matches)
2022-07-14,UEFA,UEFA 3rd Division,3,2022–23,Europa,Víkingur Gøta,1-2,A,Continental,Wikipedia rendered HTML,2022–23 UEFA Europa Conference League qualifying (first and second round matches)
2022-07-14,UEFA,UEFA 3rd Division,3,2022–23,Hamrun Spartans,Alashkert,4-1,H,Continental,Wikipedia rendered HTML,2022–23 UEFA Europa Conference League qualifying (first and second round matches)
2022-07-14,UEFA,UEFA 3rd Division,3,2022–23,Iskra,Laçi,0-1,A,Continental,Wikipedia rendered HTML,2022–23 UEFA Europa Conference League qualifying (first and second round matches)
2022-07-14,UEFA,UEFA 3rd Division,3,2022–23,KR,Pogoń Szczecin,1-0,H,Continental,Wikipedia rendered HTML,2022–23 UEFA Europa Conference League qualifying (first and second round matches)
2022-07-14,UEFA,UEFA 3rd Division,3,2022–23,Kauno Žalgiris,Ružomberok,0-0,D,Continental,Wikipedia rendered HTML,2022–23 UEFA Europa Conference League qualifying (first and second round matches)
2022-07-14,UEFA,UEFA 3rd Division,3,2022–23,Larne,St Joseph's,0-1,A,Continental,Wikipedia rendered HTML,2022–23 UEFA Europa Conference League qualifying (first and second round matches)
2022-07-14,UEFA,UEFA 3rd Division,3,2022–23,Liepāja,Gjilani,3-1,H,Continental,Wikipedia rendered HTML,2022–23 UEFA Europa Conference League qualifying (first and second round matches)
2022-07-14,UEFA,UEFA 3rd Division,3,2022–23,Llapi,Budućnost Podgorica,2-2,D,Continental,Wikipedia rendered HTML,2022–23 UEFA Europa Conference League qualifying (first and second round matches)
2022-07-14,UEFA,UEFA 3rd Division,3,2022–23,Milsami Orhei,Panevėžys,2-0,H,Continental,Wikipedia rendered HTML,2022–23 UEFA Europa Conference League qualifying (first and second round matches)
2022-07-14,UEFA,UEFA 3rd Division,3,2022–23,Mura,Sfîntul Gheorghe,2-1,H,Continental,Wikipedia rendered HTML,2022–23 UEFA Europa Conference League qualifying (first and second round matches)
2022-07-14,UEFA,UEFA 3rd Division,3,2022–23,Newtown,HB,2-1,H,Continental,Wikipedia rendered HTML,2022–23 UEFA Europa Conference League qualifying (first and second round matches)
2022-07-14,UEFA,UEFA 3rd Division,3,2022–23,Paide Linnameeskond,Dinamo Tbilisi,1-2,A,Continental,Wikipedia rendered HTML,2022–23 UEFA Europa Conference League qualifying (first and second round matches)
2022-07-14,UEFA,UEFA 3rd Division,3,2022–23,Partizani,Saburtalo Tbilisi,0-1,A,Continental,Wikipedia rendered HTML,2022–23 UEFA Europa Conference League qualifying (first and second round matches)
2022-07-14,UEFA,UEFA 3rd Division,3,2022–23,Petrocub Hîncești,Floriana,1-0,H,Continental,Wikipedia rendered HTML,2022–23 UEFA Europa Conference League qualifying (first and second round matches)
2022-07-14,UEFA,UEFA 3rd Division,3,2022–23,Riga,Derry City,2-0,H,Continental,Wikipedia rendered HTML,2022–23 UEFA Europa Conference League qualifying (first and second round matches)
2022-07-14,UEFA,UEFA 3rd Division,3,2022–23,SJK,Flora,4-2,H,Continental,Wikipedia rendered HTML,2022–23 UEFA Europa Conference League qualifying (first and second round matches)
2022-07-14,UEFA,UEFA 3rd Division,3,2022–23,Sligo Rovers,Bala Town,0-1,A,Continental,Wikipedia rendered HTML,2022–23 UEFA Europa Conference League qualifying (first and second round matches)
2022-07-14,UEFA,UEFA 3rd Division,3,2022–23,Tre Fiori,Fola Esch,3-1,H,Continental,Wikipedia rendered HTML,2022–23 UEFA Europa Conference League qualifying (first and second round matches)
2022-07-14,UEFA,UEFA 3rd Division,3,2022–23,Tuzla City,Tre Penne,6-0,H,Continental,Wikipedia rendered HTML,2022–23 UEFA Europa Conference League qualifying (first and second round matches)
2022-07-19,UEFA,UEFA 3rd Division,3,2022–23,Hibernians,FCI Levadia,3-2,H,Continental,Wikipedia rendered HTML,2022–23 UEFA Europa Conference League qualifying (first and second round matches)
2022-07-19,UEFA,UEFA 3rd Division,3,2022–23,La Fiorita,Ballkani,0-4,A,Continental,Wikipedia rendered HTML,2022–23 UEFA Europa Conference League qualifying (first and second round matches)
2022-07-19,UEFA,UEFA 3rd Division,3,2022–23,Tirana,Zrinjski Mostar,0-1,A,Continental,Wikipedia rendered HTML,2022–23 UEFA Europa Conference League qualifying (first and second round matches)
2022-07-20,UEFA,UEFA 3rd Division,3,2022–23,Botev Plovdiv,APOEL,0-0,D,Continental,Wikipedia rendered HTML,2022–23 UEFA Europa Conference League qualifying (first and second round matches)
2022-07-20,UEFA,UEFA 3rd Division,3,2022–23,Sutjeska,KÍ,0-0,D,Continental,Wikipedia rendered HTML,2022–23 UEFA Europa Conference League qualifying (first and second round matches)
2022-07-20,UEFA,UEFA 3rd Division,3,2022–23,Víkingur Gøta,DAC Dunajská Streda,0-2,A,Continental,Wikipedia rendered HTML,2022–23 UEFA Europa Conference League qualifying (first and second round matches)
2022-07-21,UEFA,UEFA 3rd Division,3,2022–23,AZ,Tuzla City,1-0,H,Continental,Wikipedia rendered HTML,2022–23 UEFA Europa Conference League qualifying (first and second round matches)
2022-07-21,UEFA,UEFA 3rd Division,3,2022–23,Antwerp,Drita,0-0,D,Continental,Wikipedia rendered HTML,2022–23 UEFA Europa Conference League qualifying (first and second round matches)
2022-07-21,UEFA,UEFA 3rd Division,3,2022–23,Ararat-Armenia,Paide Linnameeskond,0-0,D,Continental,Wikipedia rendered HTML,2022–23 UEFA Europa Conference League qualifying (first and second round matches)
2022-07-21,UEFA,UEFA 3rd Division,3,2022–23,Aris,Gomel,5-1,H,Continental,Wikipedia rendered HTML,2022–23 UEFA Europa Conference League qualifying (first and second round matches)
2022-07-21,UEFA,UEFA 3rd Division,3,2022–23,Aris Limassol,Neftçi,2-0,H,Continental,Wikipedia rendered HTML,2022–23 UEFA Europa Conference League qualifying (first and second round matches)
2022-07-21,UEFA,UEFA 3rd Division,3,2022–23,B36,Tre Fiori,1-0,H,Continental,Wikipedia rendered HTML,2022–23 UEFA Europa Conference League qualifying (first and second round matches)
2022-07-21,UEFA,UEFA 3rd Division,3,2022–23,BATE Borisov,Konyaspor,0-3,A,Continental,Wikipedia rendered HTML,2022–23 UEFA Europa Conference League qualifying (first and second round matches)
2022-07-21,UEFA,UEFA 3rd Division,3,2022–23,Basel,Crusaders,2-0,H,Continental,Wikipedia rendered HTML,2022–23 UEFA Europa Conference League qualifying (first and second round matches)
2022-07-21,UEFA,UEFA 3rd Division,3,2022–23,Breiðablik,Budućnost Podgorica,2-0,H,Continental,Wikipedia rendered HTML,2022–23 UEFA Europa Conference League qualifying (first and second round matches)
2022-07-21,UEFA,UEFA 3rd Division,3,2022–23,CFR Cluj,Inter Club d'Escaldes,3-0,H,Continental,Wikipedia rendered HTML,2022–23 UEFA Europa Conference League qualifying (first and second round matches)
2022-07-21,UEFA,UEFA 3rd Division,3,2022–23,Gżira United,Radnički Niš,2-2,D,Continental,Wikipedia rendered HTML,2022–23 UEFA Europa Conference League qualifying (first and second round matches)
2022-07-21,UEFA,UEFA 3rd Division,3,2022–23,Hapoel Be'er Sheva,Dinamo Minsk,2-1,H,Continental,Wikipedia rendered HTML,2022–23 UEFA Europa Conference League qualifying (first and second round matches)
2022-07-21,UEFA,UEFA 3rd Division,3,2022–23,Kairat,Kisvárda,0-1,A,Continental,Wikipedia rendered HTML,2022–23 UEFA Europa Conference League qualifying (first and second round matches)
2022-07-21,UEFA,UEFA 3rd Division,3,2022–23,Koper,Vaduz,0-1,A,Continental,Wikipedia rendered HTML,2022–23 UEFA Europa Conference League qualifying (first and second round matches)
2022-07-21,UEFA,UEFA 3rd Division,3,2022–23,KuPS,Milsami Orhei,2-2,D,Continental,Wikipedia rendered HTML,2022–23 UEFA Europa Conference League qualifying (first and second round matches)
2022-07-21,UEFA,UEFA 3rd Division,3,2022–23,Kyzylzhar,Osijek,1-2,A,Continental,Wikipedia rendered HTML,2022–23 UEFA Europa Conference League qualifying (first and second round matches)
2022-07-21,UEFA,UEFA 3rd Division,3,2022–23,Lech Poznań,Dinamo Batumi,5-0,H,Continental,Wikipedia rendered HTML,2022–23 UEFA Europa Conference League qualifying (first and second round matches)
2022-07-21,UEFA,UEFA 3rd Division,3,2022–23,Levski Sofia,PAOK,2-0,H,Continental,Wikipedia rendered HTML,2022–23 UEFA Europa Conference League qualifying (first and second round matches)
2022-07-21,UEFA,UEFA 3rd Division,3,2022–23,Liepāja,Young Boys,0-1,A,Continental,Wikipedia rendered HTML,2022–23 UEFA Europa Conference League qualifying (first and second round matches)
2022-07-21,UEFA,UEFA 3rd Division,3,2022–23,MOL Fehérvár,Gabala,4-1,H,Continental,Wikipedia rendered HTML,2022–23 UEFA Europa Conference League qualifying (first and second round matches)
2022-07-21,UEFA,UEFA 3rd Division,3,2022–23,Makedonija GP,CSKA Sofia,0-0,D,Continental,Wikipedia rendered HTML,2022–23 UEFA Europa Conference League qualifying (first and second round matches)
2022-07-21,UEFA,UEFA 3rd Division,3,2022–23,Molde,IF Elfsborg,4-1,H,Continental,Wikipedia rendered HTML,2022–23 UEFA Europa Conference League qualifying (first and second round matches)
2022-07-21,UEFA,UEFA 3rd Division,3,2022–23,Motherwell,Sligo Rovers,0-1,A,Continental,Wikipedia rendered HTML,2022–23 UEFA Europa Conference League qualifying (first and second round matches)
2022-07-21,UEFA,UEFA 3rd Division,3,2022–23,Petrocub Hîncești,Laçi,0-0,D,Continental,Wikipedia rendered HTML,2022–23 UEFA Europa Conference League qualifying (first and second round matches)
2022-07-21,UEFA,UEFA 3rd Division,3,2022–23,Pogoń Szczecin,Brøndby,1-1,D,Continental,Wikipedia rendered HTML,2022–23 UEFA Europa Conference League qualifying (first and second round matches)
2022-07-21,UEFA,UEFA 3rd Division,3,2022–23,Racing Union,Čukarički,1-4,A,Continental,Wikipedia rendered HTML,2022–23 UEFA Europa Conference League qualifying (first and second round matches)
2022-07-21,UEFA,UEFA 3rd Division,3,2022–23,Raków Częstochowa,Astana,5-0,H,Continental,Wikipedia rendered HTML,2022–23 UEFA Europa Conference League qualifying (first and second round matches)
2022-07-21,UEFA,UEFA 3rd Division,3,2022–23,Rapid Wien,Lechia Gdańsk,0-0,D,Continental,Wikipedia rendered HTML,2022–23 UEFA Europa Conference League qualifying (first and second round matches)
2022-07-21,UEFA,UEFA 3rd Division,3,2022–23,Rijeka,Djurgårdens IF,1-2,A,Continental,Wikipedia rendered HTML,2022–23 UEFA Europa Conference League qualifying (first and second round matches)
2022-07-21,UEFA,UEFA 3rd Division,3,2022–23,Ružomberok,Riga,0-3,A,Continental,Wikipedia rendered HTML,2022–23 UEFA Europa Conference League qualifying (first and second round matches)
2022-07-21,UEFA,UEFA 3rd Division,3,2022–23,SJK,Lillestrøm,0-1,A,Continental,Wikipedia rendered HTML,2022–23 UEFA Europa Conference League qualifying (first and second round matches)
2022-07-21,UEFA,UEFA 3rd Division,3,2022–23,Saburtalo Tbilisi,FCSB,1-0,H,Continental,Wikipedia rendered HTML,2022–23 UEFA Europa Conference League qualifying (first and second round matches)
2022-07-21,UEFA,UEFA 3rd Division,3,2022–23,Sepsi OSK,Olimpija Ljubljana,3-1,H,Continental,Wikipedia rendered HTML,2022–23 UEFA Europa Conference League qualifying (first and second round matches)
2022-07-21,UEFA,UEFA 3rd Division,3,2022–23,Sparta Prague,Viking,0-0,D,Continental,Wikipedia rendered HTML,2022–23 UEFA Europa Conference League qualifying (first and second round matches)
2022-07-21,UEFA,UEFA 3rd Division,3,2022–23,Spartak Trnava,Newtown,4-1,H,Continental,Wikipedia rendered HTML,2022–23 UEFA Europa Conference League qualifying (first and second round matches)
2022-07-21,UEFA,UEFA 3rd Division,3,2022–23,St Joseph's,Slavia Prague,0-4,A,Continental,Wikipedia rendered HTML,2022–23 UEFA Europa Conference League qualifying (first and second round matches)
2022-07-21,UEFA,UEFA 3rd Division,3,2022–23,St Patrick's Athletic,Mura,1-1,D,Continental,Wikipedia rendered HTML,2022–23 UEFA Europa Conference League qualifying (first and second round matches)
2022-07-21,UEFA,UEFA 3rd Division,3,2022–23,Sūduva,Viborg,0-1,A,Continental,Wikipedia rendered HTML,2022–23 UEFA Europa Conference League qualifying (first and second round matches)
2022-07-21,UEFA,UEFA 3rd Division,3,2022–23,Tobol,Lincoln Red Imps,2-0,H,Continental,Wikipedia rendered HTML,2022–23 UEFA Europa Conference League qualifying (first and second round matches)
2022-07-21,UEFA,UEFA 3rd Division,3,2022–23,Valmiera,Shkëndija,1-2,A,Continental,Wikipedia rendered HTML,2022–23 UEFA Europa Conference League qualifying (first and second round matches)
2022-07-21,UEFA,UEFA 3rd Division,3,2022–23,Velež Mostar,Hamrun Spartans,0-1,A,Continental,Wikipedia rendered HTML,2022–23 UEFA Europa Conference League qualifying (first and second round matches)
2022-07-21,UEFA,UEFA 3rd Division,3,2022–23,Vitória de Guimarães,Puskás Akadémia,3-0,H,Continental,Wikipedia rendered HTML,2022–23 UEFA Europa Conference League qualifying (first and second round matches)
2022-07-21,UEFA,UEFA 3rd Division,3,2022–23,Vllaznia,Universitatea Craiova,1-1,D,Continental,Wikipedia rendered HTML,2022–23 UEFA Europa Conference League qualifying (first and second round matches)
2022-07-21,UEFA,UEFA 3rd Division,3,2022–23,Vorskla Poltava,AIK,3-2,H,Continental,Wikipedia rendered HTML,2022–23 UEFA Europa Conference League qualifying (first and second round matches)
2022-07-21,UEFA,UEFA 3rd Division,3,2022–23,Víkingur Reykjavík,The New Saints,2-0,H,Continental,Wikipedia rendered HTML,2022–23 UEFA Europa Conference League qualifying (first and second round matches)
2022-07-21,UEFA,UEFA 3rd Division,3,2022–23,Zira,Maccabi Tel Aviv,0-3,A,Continental,Wikipedia rendered HTML,2022–23 UEFA Europa Conference League qualifying (first and second round matches)
2022-07-21,UEFA,UEFA 3rd Division,3,2022–23,İstanbul Başakşehir,Maccabi Netanya,1-1,D,Continental,Wikipedia rendered HTML,2022–23 UEFA Europa Conference League qualifying (first and second round matches)
2022-07-26,UEFA,UEFA 3rd Division,3,2022–23,Ballkani,La Fiorita,6-0,H,Continental,Wikipedia rendered HTML,2022–23 UEFA Europa Conference League qualifying (first and second round matches)
2022-07-26,UEFA,UEFA 3rd Division,3,2022–23,Lincoln Red Imps,Tobol,0-1,A,Continental,Wikipedia rendered HTML,2022–23 UEFA Europa Conference League qualifying (first and second round matches)
2022-07-26,UEFA,UEFA 3rd Division,3,2022–23,The New Saints,Víkingur Reykjavík,0-0,D,Continental,Wikipedia rendered HTML,2022–23 UEFA Europa Conference League qualifying (first and second round matches)
2022-07-27,UEFA,UEFA 3rd Division,3,2022–23,AIK,Vorskla Poltava,2-0,H,Continental,Wikipedia rendered HTML,2022–23 UEFA Europa Conference League qualifying (first and second round matches)
2022-07-27,UEFA,UEFA 3rd Division,3,2022–23,Gomel,Aris,1-2,A,Continental,Wikipedia rendered HTML,2022–23 UEFA Europa Conference League qualifying (first and second round matches)
2022-07-27,UEFA,UEFA 3rd Division,3,2022–23,Inter Club d'Escaldes,CFR Cluj,1-1,D,Continental,Wikipedia rendered HTML,2022–23 UEFA Europa Conference League qualifying (first and second round matches)
2022-07-27,UEFA,UEFA 3rd Division,3,2022–23,KÍ,Sutjeska,1-0,H,Continental,Wikipedia rendered HTML,2022–23 UEFA Europa Conference League qualifying (first and second round matches)
2022-07-28,UEFA,UEFA 3rd Division,3,2022–23,APOEL,Botev Plovdiv,2-0,H,Continental,Wikipedia rendered HTML,2022–23 UEFA Europa Conference League qualifying (first and second round matches)
2022-07-28,UEFA,UEFA 3rd Division,3,2022–23,Astana,Raków Częstochowa,0-1,A,Continental,Wikipedia rendered HTML,2022–23 UEFA Europa Conference League qualifying (first and second round matches)
2022-07-28,UEFA,UEFA 3rd Division,3,2022–23,Brøndby,Pogoń Szczecin,4-0,H,Continental,Wikipedia rendered HTML,2022–23 UEFA Europa Conference League qualifying (first and second round matches)
2022-07-28,UEFA,UEFA 3rd Division,3,2022–23,Budućnost Podgorica,Breiðablik,2-1,H,Continental,Wikipedia rendered HTML,2022–23 UEFA Europa Conference League qualifying (first and second round matches)
2022-07-28,UEFA,UEFA 3rd Division,3,2022–23,CSKA Sofia,Makedonija GP,4-0,H,Continental,Wikipedia rendered HTML,2022–23 UEFA Europa Conference League qualifying (first and second round matches)
2022-07-28,UEFA,UEFA 3rd Division,3,2022–23,Crusaders,Basel,1-1,D,Continental,Wikipedia rendered HTML,2022–23 UEFA Europa Conference League qualifying (first and second round matches)
2022-07-28,UEFA,UEFA 3rd Division,3,2022–23,DAC Dunajská Streda,Víkingur Gøta,2-0,H,Continental,Wikipedia rendered HTML,2022–23 UEFA Europa Conference League qualifying (first and second round matches)
2022-07-28,UEFA,UEFA 3rd Division,3,2022–23,Dinamo Batumi,Lech Poznań,1-1,D,Continental,Wikipedia rendered HTML,2022–23 UEFA Europa Conference League qualifying (first and second round matches)
2022-07-28,UEFA,UEFA 3rd Division,3,2022–23,Dinamo Minsk,Hapoel Be'er Sheva,0-1,A,Continental,Wikipedia rendered HTML,2022–23 UEFA Europa Conference League qualifying (first and second round matches)
2022-07-28,UEFA,UEFA 3rd Division,3,2022–23,Djurgårdens IF,Rijeka,2-0,H,Continental,Wikipedia rendered HTML,2022–23 UEFA Europa Conference League qualifying (first and second round matches)
2022-07-28,UEFA,UEFA 3rd Division,3,2022–23,Drita,Antwerp,0-2,A,Continental,Wikipedia rendered HTML,2022–23 UEFA Europa Conference League qualifying (first and second round matches)
2022-07-28,UEFA,UEFA 3rd Division,3,2022–23,FCI Levadia,Hibernians,1-1,D,Continental,Wikipedia rendered HTML,2022–23 UEFA Europa Conference League qualifying (first and second round matches)
2022-07-28,UEFA,UEFA 3rd Division,3,2022–23,FCSB,Saburtalo Tbilisi,4-2,H,Continental,Wikipedia rendered HTML,2022–23 UEFA Europa Conference League qualifying (first and second round matches)
2022-07-28,UEFA,UEFA 3rd Division,3,2022–23,Gabala,MOL Fehérvár,2-1,H,Continental,Wikipedia rendered HTML,2022–23 UEFA Europa Conference League qualifying (first and second round matches)
2022-07-28,UEFA,UEFA 3rd Division,3,2022–23,Hamrun Spartans,Velež Mostar,1-0,H,Continental,Wikipedia rendered HTML,2022–23 UEFA Europa Conference League qualifying (first and second round matches)
2022-07-28,UEFA,UEFA 3rd Division,3,2022–23,IF Elfsborg,Molde,1-2,A,Continental,Wikipedia rendered HTML,2022–23 UEFA Europa Conference League qualifying (first and second round matches)
2022-07-28,UEFA,UEFA 3rd Division,3,2022–23,Kisvárda,Kairat,1-0,H,Continental,Wikipedia rendered HTML,2022–23 UEFA Europa Conference League qualifying (first and second round matches)
2022-07-28,UEFA,UEFA 3rd Division,3,2022–23,Konyaspor,BATE Borisov,2-0,H,Continental,Wikipedia rendered HTML,2022–23 UEFA Europa Conference League qualifying (first and second round matches)
2022-07-28,UEFA,UEFA 3rd Division,3,2022–23,Laçi,Petrocub Hîncești,1-4,A,Continental,Wikipedia rendered HTML,2022–23 UEFA Europa Conference League qualifying (first and second round matches)
2022-07-28,UEFA,UEFA 3rd Division,3,2022–23,Lechia Gdańsk,Rapid Wien,1-2,A,Continental,Wikipedia rendered HTML,2022–23 UEFA Europa Conference League qualifying (first and second round matches)
2022-07-28,UEFA,UEFA 3rd Division,3,2022–23,Lillestrøm,SJK,5-2,H,Continental,Wikipedia rendered HTML,2022–23 UEFA Europa Conference League qualifying (first and second round matches)
2022-07-28,UEFA,UEFA 3rd Division,3,2022–23,Maccabi Netanya,İstanbul Başakşehir,0-1,A,Continental,Wikipedia rendered HTML,2022–23 UEFA Europa Conference League qualifying (first and second round matches)
2022-07-28,UEFA,UEFA 3rd Division,3,2022–23,Maccabi Tel Aviv,Zira,0-0,D,Continental,Wikipedia rendered HTML,2022–23 UEFA Europa Conference League qualifying (first and second round matches)
2022-07-28,UEFA,UEFA 3rd Division,3,2022–23,Milsami Orhei,KuPS,1-4,A,Continental,Wikipedia rendered HTML,2022–23 UEFA Europa Conference League qualifying (first and second round matches)
2022-07-28,UEFA,UEFA 3rd Division,3,2022–23,Mura,St Patrick's Athletic,0-0,D,Continental,Wikipedia rendered HTML,2022–23 UEFA Europa Conference League qualifying (first and second round matches)
2022-07-28,UEFA,UEFA 3rd Division,3,2022–23,Neftçi,Aris Limassol,3-0,H,Continental,Wikipedia rendered HTML,2022–23 UEFA Europa Conference League qualifying (first and second round matches)
2022-07-28,UEFA,UEFA 3rd Division,3,2022–23,Newtown,Spartak Trnava,1-2,A,Continental,Wikipedia rendered HTML,2022–23 UEFA Europa Conference League qualifying (first and second round matches)
2022-07-28,UEFA,UEFA 3rd Division,3,2022–23,Olimpija Ljubljana,Sepsi OSK,2-0,H,Continental,Wikipedia rendered HTML,2022–23 UEFA Europa Conference League qualifying (first and second round matches)
2022-07-28,UEFA,UEFA 3rd Division,3,2022–23,Osijek,Kyzylzhar,0-2,A,Continental,Wikipedia rendered HTML,2022–23 UEFA Europa Conference League qualifying (first and second round matches)
2022-07-28,UEFA,UEFA 3rd Division,3,2022–23,PAOK,Levski Sofia,1-1,D,Continental,Wikipedia rendered HTML,2022–23 UEFA Europa Conference League qualifying (first and second round matches)
2022-07-28,UEFA,UEFA 3rd Division,3,2022–23,Paide Linnameeskond,Ararat-Armenia,0-0,D,Continental,Wikipedia rendered HTML,2022–23 UEFA Europa Conference League qualifying (first and second round matches)
2022-07-28,UEFA,UEFA 3rd Division,3,2022–23,Puskás Akadémia,Vitória de Guimarães,0-0,D,Continental,Wikipedia rendered HTML,2022–23 UEFA Europa Conference League qualifying (first and second round matches)
2022-07-28,UEFA,UEFA 3rd Division,3,2022–23,Radnički Niš,Gżira United,3-3,D,Continental,Wikipedia rendered HTML,2022–23 UEFA Europa Conference League qualifying (first and second round matches)
2022-07-28,UEFA,UEFA 3rd Division,3,2022–23,Riga,Ružomberok,2-1,H,Continental,Wikipedia rendered HTML,2022–23 UEFA Europa Conference League qualifying (first and second round matches)
2022-07-28,UEFA,UEFA 3rd Division,3,2022–23,Shkëndija,Valmiera,3-1,H,Continental,Wikipedia rendered HTML,2022–23 UEFA Europa Conference League qualifying (first and second round matches)
2022-07-28,UEFA,UEFA 3rd Division,3,2022–23,Slavia Prague,St Joseph's,7-0,H,Continental,Wikipedia rendered HTML,2022–23 UEFA Europa Conference League qualifying (first and second round matches)
2022-07-28,UEFA,UEFA 3rd Division,3,2022–23,Sligo Rovers,Motherwell,2-0,H,Continental,Wikipedia rendered HTML,2022–23 UEFA Europa Conference League qualifying (first and second round matches)
2022-07-28,UEFA,UEFA 3rd Division,3,2022–23,Tre Fiori,B36,0-0,D,Continental,Wikipedia rendered HTML,2022–23 UEFA Europa Conference League qualifying (first and second round matches)
2022-07-28,UEFA,UEFA 3rd Division,3,2022–23,Tuzla City,AZ,0-4,A,Continental,Wikipedia rendered HTML,2022–23 UEFA Europa Conference League qualifying (first and second round matches)
2022-07-28,UEFA,UEFA 3rd Division,3,2022–23,Universitatea Craiova,Vllaznia,3-0,H,Continental,Wikipedia rendered HTML,2022–23 UEFA Europa Conference League qualifying (first and second round matches)
2022-07-28,UEFA,UEFA 3rd Division,3,2022–23,Vaduz,Koper,1-1,D,Continental,Wikipedia rendered HTML,2022–23 UEFA Europa Conference League qualifying (first and second round matches)
2022-07-28,UEFA,UEFA 3rd Division,3,2022–23,Viborg,Sūduva,1-0,H,Continental,Wikipedia rendered HTML,2022–23 UEFA Europa Conference League qualifying (first and second round matches)
2022-07-28,UEFA,UEFA 3rd Division,3,2022–23,Viking,Sparta Prague,2-1,H,Continental,Wikipedia rendered HTML,2022–23 UEFA Europa Conference League qualifying (first and second round matches)
2022-07-28,UEFA,UEFA 3rd Division,3,2022–23,Young Boys,Liepāja,3-0,H,Continental,Wikipedia rendered HTML,2022–23 UEFA Europa Conference League qualifying (first and second round matches)
2022-07-28,UEFA,UEFA 3rd Division,3,2022–23,Zrinjski Mostar,Tirana,3-2,H,Continental,Wikipedia rendered HTML,2022–23 UEFA Europa Conference League qualifying (first and second round matches)
2022-07-28,UEFA,UEFA 3rd Division,3,2022–23,Čukarički,Racing Union,4-0,H,Continental,Wikipedia rendered HTML,2022–23 UEFA Europa Conference League qualifying (first and second round matches)
2022-08-03,UEFA,UEFA 3rd Division,3,2022–23,DAC Dunajská Streda,FCSB,0-1,A,Continental,Wikipedia rendered HTML,2022–23 UEFA Europa Conference League qualifying (third and play-off round matches)
2022-08-03,UEFA,UEFA 3rd Division,3,2022–23,Riga,Gil Vicente,1-1,D,Continental,Wikipedia rendered HTML,2022–23 UEFA Europa Conference League qualifying (third and play-off round matches)
2022-08-03,UEFA,UEFA 3rd Division,3,2022–23,Viborg,B36,3-0,H,Continental,Wikipedia rendered HTML,2022–23 UEFA Europa Conference League qualifying (third and play-off round matches)
2022-08-03,UEFA,UEFA 3rd Division,3,2022–23,Wolfsberger AC,Gżira United,0-0,D,Continental,Wikipedia rendered HTML,2022–23 UEFA Europa Conference League qualifying (third and play-off round matches)
2022-08-04,UEFA,UEFA 3rd Division,3,2022–23,AIK,Shkëndija,1-1,D,Continental,Wikipedia rendered HTML,2022–23 UEFA Europa Conference League qualifying (third and play-off round matches)
2022-08-04,UEFA,UEFA 3rd Division,3,2022–23,APOEL,Kyzylzhar,1-0,H,Continental,Wikipedia rendered HTML,2022–23 UEFA Europa Conference League qualifying (third and play-off round matches)
2022-08-04,UEFA,UEFA 3rd Division,3,2022–23,Ballkani,KÍ,3-2,H,Continental,Wikipedia rendered HTML,2022–23 UEFA Europa Conference League qualifying (third and play-off round matches)
2022-08-04,UEFA,UEFA 3rd Division,3,2022–23,Breiðablik,İstanbul Başakşehir,1-3,A,Continental,Wikipedia rendered HTML,2022–23 UEFA Europa Conference League qualifying (third and play-off round matches)
2022-08-04,UEFA,UEFA 3rd Division,3,2022–23,Brøndby,Basel,1-0,H,Continental,Wikipedia rendered HTML,2022–23 UEFA Europa Conference League qualifying (third and play-off round matches)
2022-08-04,UEFA,UEFA 3rd Division,3,2022–23,CSKA Sofia,St Patrick's Athletic,0-1,A,Continental,Wikipedia rendered HTML,2022–23 UEFA Europa Conference League qualifying (third and play-off round matches)
2022-08-04,UEFA,UEFA 3rd Division,3,2022–23,Dundee United,AZ,1-0,H,Continental,Wikipedia rendered HTML,2022–23 UEFA Europa Conference League qualifying (third and play-off round matches)
2022-08-04,UEFA,UEFA 3rd Division,3,2022–23,Hajduk Split,Vitória de Guimarães,3-1,H,Continental,Wikipedia rendered HTML,2022–23 UEFA Europa Conference League qualifying (third and play-off round matches)
2022-08-04,UEFA,UEFA 3rd Division,3,2022–23,Hamrun Spartans,Levski Sofia,0-1,A,Continental,Wikipedia rendered HTML,2022–23 UEFA Europa Conference League qualifying (third and play-off round matches)
2022-08-04,UEFA,UEFA 3rd Division,3,2022–23,KuPS,Young Boys,0-2,A,Continental,Wikipedia rendered HTML,2022–23 UEFA Europa Conference League qualifying (third and play-off round matches)
2022-08-04,UEFA,UEFA 3rd Division,3,2022–23,Lillestrøm,Antwerp,1-3,A,Continental,Wikipedia rendered HTML,2022–23 UEFA Europa Conference League qualifying (third and play-off round matches)
2022-08-04,UEFA,UEFA 3rd Division,3,2022–23,Lugano,Hapoel Be'er Sheva,0-2,A,Continental,Wikipedia rendered HTML,2022–23 UEFA Europa Conference League qualifying (third and play-off round matches)
2022-08-04,UEFA,UEFA 3rd Division,3,2022–23,MOL Fehérvár,Petrocub Hîncești,5-0,H,Continental,Wikipedia rendered HTML,2022–23 UEFA Europa Conference League qualifying (third and play-off round matches)
2022-08-04,UEFA,UEFA 3rd Division,3,2022–23,Maccabi Tel Aviv,Aris,2-0,H,Continental,Wikipedia rendered HTML,2022–23 UEFA Europa Conference League qualifying (third and play-off round matches)
2022-08-04,UEFA,UEFA 3rd Division,3,2022–23,Molde,Kisvárda,3-0,H,Continental,Wikipedia rendered HTML,2022–23 UEFA Europa Conference League qualifying (third and play-off round matches)
2022-08-04,UEFA,UEFA 3rd Division,3,2022–23,Neftçi,Rapid Wien,2-1,H,Continental,Wikipedia rendered HTML,2022–23 UEFA Europa Conference League qualifying (third and play-off round matches)
2022-08-04,UEFA,UEFA 3rd Division,3,2022–23,Paide Linnameeskond,Anderlecht,0-2,A,Continental,Wikipedia rendered HTML,2022–23 UEFA Europa Conference League qualifying (third and play-off round matches)
2022-08-04,UEFA,UEFA 3rd Division,3,2022–23,RFS,Hibernians,1-1,D,Continental,Wikipedia rendered HTML,2022–23 UEFA Europa Conference League qualifying (third and play-off round matches)
2022-08-04,UEFA,UEFA 3rd Division,3,2022–23,Sepsi OSK,Djurgårdens IF,1-3,A,Continental,Wikipedia rendered HTML,2022–23 UEFA Europa Conference League qualifying (third and play-off round matches)
2022-08-04,UEFA,UEFA 3rd Division,3,2022–23,Shakhtyor Soligorsk,CFR Cluj,0-0,D,Continental,Wikipedia rendered HTML,2022–23 UEFA Europa Conference League qualifying (third and play-off round matches)
2022-08-04,UEFA,UEFA 3rd Division,3,2022–23,Slavia Prague,Panathinaikos,2-0,H,Continental,Wikipedia rendered HTML,2022–23 UEFA Europa Conference League qualifying (third and play-off round matches)
2022-08-04,UEFA,UEFA 3rd Division,3,2022–23,Spartak Trnava,Raków Częstochowa,0-2,A,Continental,Wikipedia rendered HTML,2022–23 UEFA Europa Conference League qualifying (third and play-off round matches)
2022-08-04,UEFA,UEFA 3rd Division,3,2022–23,Vaduz,Konyaspor,1-1,D,Continental,Wikipedia rendered HTML,2022–23 UEFA Europa Conference League qualifying (third and play-off round matches)
2022-08-04,UEFA,UEFA 3rd Division,3,2022–23,Viking,Sligo Rovers,5-1,H,Continental,Wikipedia rendered HTML,2022–23 UEFA Europa Conference League qualifying (third and play-off round matches)
2022-08-04,UEFA,UEFA 3rd Division,3,2022–23,Víkingur Reykjavík,Lech Poznań,1-0,H,Continental,Wikipedia rendered HTML,2022–23 UEFA Europa Conference League qualifying (third and play-off round matches)
2022-08-04,UEFA,UEFA 3rd Division,3,2022–23,Zorya Luhansk,Universitatea Craiova,1-0,H,Continental,Wikipedia rendered HTML,2022–23 UEFA Europa Conference League qualifying (third and play-off round matches)
2022-08-04,UEFA,UEFA 3rd Division,3,2022–23,Zrinjski Mostar,Tobol,1-0,H,Continental,Wikipedia rendered HTML,2022–23 UEFA Europa Conference League qualifying (third and play-off round matches)
2022-08-04,UEFA,UEFA 3rd Division,3,2022–23,Čukarički,Twente,1-3,A,Continental,Wikipedia rendered HTML,2022–23 UEFA Europa Conference League qualifying (third and play-off round matches)
2022-08-09,UEFA,UEFA 3rd Division,3,2022–23,B36,Viborg,1-2,A,Continental,Wikipedia rendered HTML,2022–23 UEFA Europa Conference League qualifying (third and play-off round matches)
2022-08-09,UEFA,UEFA 3rd Division,3,2022–23,Gżira United,Wolfsberger AC,0-4,A,Continental,Wikipedia rendered HTML,2022–23 UEFA Europa Conference League qualifying (third and play-off round matches)
2022-08-10,UEFA,UEFA 3rd Division,3,2022–23,Vitória de Guimarães,Hajduk Split,1-0,H,Continental,Wikipedia rendered HTML,2022–23 UEFA Europa Conference League qualifying (third and play-off round matches)
2022-08-11,UEFA,UEFA 3rd Division,3,2022–23,AZ,Dundee United,7-0,H,Continental,Wikipedia rendered HTML,2022–23 UEFA Europa Conference League qualifying (third and play-off round matches)
2022-08-11,UEFA,UEFA 3rd Division,3,2022–23,Anderlecht,Paide Linnameeskond,3-0,H,Continental,Wikipedia rendered HTML,2022–23 UEFA Europa Conference League qualifying (third and play-off round matches)
2022-08-11,UEFA,UEFA 3rd Division,3,2022–23,Antwerp,Lillestrøm,2-0,H,Continental,Wikipedia rendered HTML,2022–23 UEFA Europa Conference League qualifying (third and play-off round matches)
2022-08-11,UEFA,UEFA 3rd Division,3,2022–23,Aris,Maccabi Tel Aviv,2-1,H,Continental,Wikipedia rendered HTML,2022–23 UEFA Europa Conference League qualifying (third and play-off round matches)
2022-08-11,UEFA,UEFA 3rd Division,3,2022–23,Basel,Brøndby,2-1,H,Continental,Wikipedia rendered HTML,2022–23 UEFA Europa Conference League qualifying (third and play-off round matches)
2022-08-11,UEFA,UEFA 3rd Division,3,2022–23,CFR Cluj,Shakhtyor Soligorsk,1-0,H,Continental,Wikipedia rendered HTML,2022–23 UEFA Europa Conference League qualifying (third and play-off round matches)
2022-08-11,UEFA,UEFA 3rd Division,3,2022–23,Djurgårdens IF,Sepsi OSK,3-1,H,Continental,Wikipedia rendered HTML,2022–23 UEFA Europa Conference League qualifying (third and play-off round matches)
2022-08-11,UEFA,UEFA 3rd Division,3,2022–23,FCSB,DAC Dunajská Streda,1-0,H,Continental,Wikipedia rendered HTML,2022–23 UEFA Europa Conference League qualifying (third and play-off round matches)
2022-08-11,UEFA,UEFA 3rd Division,3,2022–23,Gil Vicente,Riga,4-0,H,Continental,Wikipedia rendered HTML,2022–23 UEFA Europa Conference League qualifying (third and play-off round matches)
2022-08-11,UEFA,UEFA 3rd Division,3,2022–23,Hapoel Be'er Sheva,Lugano,3-1,H,Continental,Wikipedia rendered HTML,2022–23 UEFA Europa Conference League qualifying (third and play-off round matches)
2022-08-11,UEFA,UEFA 3rd Division,3,2022–23,Hibernians,RFS,1-3,A,Continental,Wikipedia rendered HTML,2022–23 UEFA Europa Conference League qualifying (third and play-off round matches)
2022-08-11,UEFA,UEFA 3rd Division,3,2022–23,Kisvárda,Molde,2-1,H,Continental,Wikipedia rendered HTML,2022–23 UEFA Europa Conference League qualifying (third and play-off round matches)
2022-08-11,UEFA,UEFA 3rd Division,3,2022–23,Konyaspor,Vaduz,2-4,A,Continental,Wikipedia rendered HTML,2022–23 UEFA Europa Conference League qualifying (third and play-off round matches)
2022-08-11,UEFA,UEFA 3rd Division,3,2022–23,Kyzylzhar,APOEL,0-0,D,Continental,Wikipedia rendered HTML,2022–23 UEFA Europa Conference League qualifying (third and play-off round matches)
2022-08-11,UEFA,UEFA 3rd Division,3,2022–23,KÍ,Ballkani,2-1,H,Continental,Wikipedia rendered HTML,2022–23 UEFA Europa Conference League qualifying (third and play-off round matches)
2022-08-11,UEFA,UEFA 3rd Division,3,2022–23,Lech Poznań,Víkingur Reykjavík,4-1,H,Continental,Wikipedia rendered HTML,2022–23 UEFA Europa Conference League qualifying (third and play-off round matches)
2022-08-11,UEFA,UEFA 3rd Division,3,2022–23,Levski Sofia,Hamrun Spartans,1-2,A,Continental,Wikipedia rendered HTML,2022–23 UEFA Europa Conference League qualifying (third and play-off round matches)
2022-08-11,UEFA,UEFA 3rd Division,3,2022–23,Panathinaikos,Slavia Prague,1-1,D,Continental,Wikipedia rendered HTML,2022–23 UEFA Europa Conference League qualifying (third and play-off round matches)
2022-08-11,UEFA,UEFA 3rd Division,3,2022–23,Petrocub Hîncești,MOL Fehérvár,1-2,A,Continental,Wikipedia rendered HTML,2022–23 UEFA Europa Conference League qualifying (third and play-off round matches)
2022-08-11,UEFA,UEFA 3rd Division,3,2022–23,Raków Częstochowa,Spartak Trnava,1-0,H,Continental,Wikipedia rendered HTML,2022–23 UEFA Europa Conference League qualifying (third and play-off round matches)
2022-08-11,UEFA,UEFA 3rd Division,3,2022–23,Rapid Wien,Neftçi,2-0,H,Continental,Wikipedia rendered HTML,2022–23 UEFA Europa Conference League qualifying (third and play-off round matches)
2022-08-11,UEFA,UEFA 3rd Division,3,2022–23,Shkëndija,AIK,1-1,D,Continental,Wikipedia rendered HTML,2022–23 UEFA Europa Conference League qualifying (third and play-off round matches)
2022-08-11,UEFA,UEFA 3rd Division,3,2022–23,Sligo Rovers,Viking,1-0,H,Continental,Wikipedia rendered HTML,2022–23 UEFA Europa Conference League qualifying (third and play-off round matches)
2022-08-11,UEFA,UEFA 3rd Division,3,2022–23,St Patrick's Athletic,CSKA Sofia,0-2,A,Continental,Wikipedia rendered HTML,2022–23 UEFA Europa Conference League qualifying (third and play-off round matches)
2022-08-11,UEFA,UEFA 3rd Division,3,2022–23,Tobol,Zrinjski Mostar,1-1,D,Continental,Wikipedia rendered HTML,2022–23 UEFA Europa Conference League qualifying (third and play-off round matches)
2022-08-11,UEFA,UEFA 3rd Division,3,2022–23,Twente,Čukarički,4-1,H,Continental,Wikipedia rendered HTML,2022–23 UEFA Europa Conference League qualifying (third and play-off round matches)
2022-08-11,UEFA,UEFA 3rd Division,3,2022–23,Universitatea Craiova,Zorya Luhansk,3-0,H,Continental,Wikipedia rendered HTML,2022–23 UEFA Europa Conference League qualifying (third and play-off round matches)
2022-08-11,UEFA,UEFA 3rd Division,3,2022–23,Young Boys,KuPS,3-0,H,Continental,Wikipedia rendered HTML,2022–23 UEFA Europa Conference League qualifying (third and play-off round matches)
2022-08-11,UEFA,UEFA 3rd Division,3,2022–23,İstanbul Başakşehir,Breiðablik,3-0,H,Continental,Wikipedia rendered HTML,2022–23 UEFA Europa Conference League qualifying (third and play-off round matches)
2022-08-17,UEFA,UEFA 3rd Division,3,2022–23,Djurgårdens IF,APOEL,3-0,H,Continental,Wikipedia rendered HTML,2022–23 UEFA Europa Conference League qualifying (third and play-off round matches)
2022-08-18,UEFA,UEFA 3rd Division,3,2022–23,1. FC Köln,MOL Fehérvár,1-2,A,Continental,Wikipedia rendered HTML,2022–23 UEFA Europa Conference League qualifying (third and play-off round matches)
2022-08-18,UEFA,UEFA 3rd Division,3,2022–23,AZ,Gil Vicente,4-0,H,Continental,Wikipedia rendered HTML,2022–23 UEFA Europa Conference League qualifying (third and play-off round matches)
2022-08-18,UEFA,UEFA 3rd Division,3,2022–23,CSKA Sofia,Basel,1-0,H,Continental,Wikipedia rendered HTML,2022–23 UEFA Europa Conference League qualifying (third and play-off round matches)
2022-08-18,UEFA,UEFA 3rd Division,3,2022–23,FCSB,Viking,1-2,A,Continental,Wikipedia rendered HTML,2022–23 UEFA Europa Conference League qualifying (third and play-off round matches)
2022-08-18,UEFA,UEFA 3rd Division,3,2022–23,Fiorentina,Twente,2-1,H,Continental,Wikipedia rendered HTML,2022–23 UEFA Europa Conference League qualifying (third and play-off round matches)
2022-08-18,UEFA,UEFA 3rd Division,3,2022–23,Lech Poznań,F91 Dudelange,2-0,H,Continental,Wikipedia rendered HTML,2022–23 UEFA Europa Conference League qualifying (third and play-off round matches)
2022-08-18,UEFA,UEFA 3rd Division,3,2022–23,Maccabi Tel Aviv,Nice,1-0,H,Continental,Wikipedia rendered HTML,2022–23 UEFA Europa Conference League qualifying (third and play-off round matches)
2022-08-18,UEFA,UEFA 3rd Division,3,2022–23,Maribor,CFR Cluj,0-0,D,Continental,Wikipedia rendered HTML,2022–23 UEFA Europa Conference League qualifying (third and play-off round matches)
2022-08-18,UEFA,UEFA 3rd Division,3,2022–23,Molde,Wolfsberger AC,0-1,A,Continental,Wikipedia rendered HTML,2022–23 UEFA Europa Conference League qualifying (third and play-off round matches)
2022-08-18,UEFA,UEFA 3rd Division,3,2022–23,Partizan,Hamrun Spartans,4-1,H,Continental,Wikipedia rendered HTML,2022–23 UEFA Europa Conference League qualifying (third and play-off round matches)
2022-08-18,UEFA,UEFA 3rd Division,3,2022–23,RFS,Linfield,2-2,D,Continental,Wikipedia rendered HTML,2022–23 UEFA Europa Conference League qualifying (third and play-off round matches)
2022-08-18,UEFA,UEFA 3rd Division,3,2022–23,Raków Częstochowa,Slavia Prague,2-1,H,Continental,Wikipedia rendered HTML,2022–23 UEFA Europa Conference League qualifying (third and play-off round matches)
2022-08-18,UEFA,UEFA 3rd Division,3,2022–23,Shkupi,Ballkani,1-2,A,Continental,Wikipedia rendered HTML,2022–23 UEFA Europa Conference League qualifying (third and play-off round matches)
2022-08-18,UEFA,UEFA 3rd Division,3,2022–23,Slovácko,AIK,3-0,H,Continental,Wikipedia rendered HTML,2022–23 UEFA Europa Conference League qualifying (third and play-off round matches)
2022-08-18,UEFA,UEFA 3rd Division,3,2022–23,Universitatea Craiova,Hapoel Be'er Sheva,1-1,D,Continental,Wikipedia rendered HTML,2022–23 UEFA Europa Conference League qualifying (third and play-off round matches)
2022-08-18,UEFA,UEFA 3rd Division,3,2022–23,Vaduz,Rapid Wien,1-1,D,Continental,Wikipedia rendered HTML,2022–23 UEFA Europa Conference League qualifying (third and play-off round matches)
2022-08-18,UEFA,UEFA 3rd Division,3,2022–23,Villarreal,Hajduk Split,4-2,H,Continental,Wikipedia rendered HTML,2022–23 UEFA Europa Conference League qualifying (third and play-off round matches)
2022-08-18,UEFA,UEFA 3rd Division,3,2022–23,West Ham United,Viborg,3-1,H,Continental,Wikipedia rendered HTML,2022–23 UEFA Europa Conference League qualifying (third and play-off round matches)
2022-08-18,UEFA,UEFA 3rd Division,3,2022–23,Young Boys,Anderlecht,0-1,A,Continental,Wikipedia rendered HTML,2022–23 UEFA Europa Conference League qualifying (third and play-off round matches)
2022-08-18,UEFA,UEFA 3rd Division,3,2022–23,Zrinjski Mostar,Slovan Bratislava,1-0,H,Continental,Wikipedia rendered HTML,2022–23 UEFA Europa Conference League qualifying (third and play-off round matches)
2022-08-18,UEFA,UEFA 3rd Division,3,2022–23,İstanbul Başakşehir,Antwerp,1-1,D,Continental,Wikipedia rendered HTML,2022–23 UEFA Europa Conference League qualifying (third and play-off round matches)
2022-08-23,UEFA,UEFA 3rd Division,3,2022–23,APOEL,Djurgårdens IF,3-2,H,Continental,Wikipedia rendered HTML,2022–23 UEFA Europa Conference League qualifying (third and play-off round matches)
2022-08-25,UEFA,UEFA 3rd Division,3,2022–23,AIK,Slovácko,0-1,A,Continental,Wikipedia rendered HTML,2022–23 UEFA Europa Conference League qualifying (third and play-off round matches)
2022-08-25,UEFA,UEFA 3rd Division,3,2022–23,Anderlecht,Young Boys,0-1,A,Continental,Wikipedia rendered HTML,2022–23 UEFA Europa Conference League qualifying (third and play-off round matches)
2022-08-25,UEFA,UEFA 3rd Division,3,2022–23,Antwerp,İstanbul Başakşehir,1-3,A,Continental,Wikipedia rendered HTML,2022–23 UEFA Europa Conference League qualifying (third and play-off round matches)
2022-08-25,UEFA,UEFA 3rd Division,3,2022–23,Ballkani,Shkupi,1-0,H,Continental,Wikipedia rendered HTML,2022–23 UEFA Europa Conference League qualifying (third and play-off round matches)
2022-08-25,UEFA,UEFA 3rd Division,3,2022–23,Basel,CSKA Sofia,2-0,H,Continental,Wikipedia rendered HTML,2022–23 UEFA Europa Conference League qualifying (third and play-off round matches)
2022-08-25,UEFA,UEFA 3rd Division,3,2022–23,CFR Cluj,Maribor,1-0,H,Continental,Wikipedia rendered HTML,2022–23 UEFA Europa Conference League qualifying (third and play-off round matches)
2022-08-25,UEFA,UEFA 3rd Division,3,2022–23,F91 Dudelange,Lech Poznań,1-1,D,Continental,Wikipedia rendered HTML,2022–23 UEFA Europa Conference League qualifying (third and play-off round matches)
2022-08-25,UEFA,UEFA 3rd Division,3,2022–23,Gil Vicente,AZ,1-2,A,Continental,Wikipedia rendered HTML,2022–23 UEFA Europa Conference League qualifying (third and play-off round matches)
2022-08-25,UEFA,UEFA 3rd Division,3,2022–23,Hajduk Split,Villarreal,0-2,A,Continental,Wikipedia rendered HTML,2022–23 UEFA Europa Conference League qualifying (third and play-off round matches)
2022-08-25,UEFA,UEFA 3rd Division,3,2022–23,Hamrun Spartans,Partizan,3-3,D,Continental,Wikipedia rendered HTML,2022–23 UEFA Europa Conference League qualifying (third and play-off round matches)
2022-08-25,UEFA,UEFA 3rd Division,3,2022–23,Hapoel Be'er Sheva,Universitatea Craiova,1-1,D,Continental,Wikipedia rendered HTML,2022–23 UEFA Europa Conference League qualifying (third and play-off round matches)
2022-08-25,UEFA,UEFA 3rd Division,3,2022–23,Linfield,RFS,1-1,D,Continental,Wikipedia rendered HTML,2022–23 UEFA Europa Conference League qualifying (third and play-off round matches)
2022-08-25,UEFA,UEFA 3rd Division,3,2022–23,MOL Fehérvár,1. FC Köln,0-3,A,Continental,Wikipedia rendered HTML,2022–23 UEFA Europa Conference League qualifying (third and play-off round matches)
2022-08-25,UEFA,UEFA 3rd Division,3,2022–23,Nice,Maccabi Tel Aviv,2-0,H,Continental,Wikipedia rendered HTML,2022–23 UEFA Europa Conference League qualifying (third and play-off round matches)
2022-08-25,UEFA,UEFA 3rd Division,3,2022–23,Rapid Wien,Vaduz,0-1,A,Continental,Wikipedia rendered HTML,2022–23 UEFA Europa Conference League qualifying (third and play-off round matches)
2022-08-25,UEFA,UEFA 3rd Division,3,2022–23,Slavia Prague,Raków Częstochowa,2-0,H,Continental,Wikipedia rendered HTML,2022–23 UEFA Europa Conference League qualifying (third and play-off round matches)
2022-08-25,UEFA,UEFA 3rd Division,3,2022–23,Slovan Bratislava,Zrinjski Mostar,2-1,H,Continental,Wikipedia rendered HTML,2022–23 UEFA Europa Conference League qualifying (third and play-off round matches)
2022-08-25,UEFA,UEFA 3rd Division,3,2022–23,Twente,Fiorentina,0-0,D,Continental,Wikipedia rendered HTML,2022–23 UEFA Europa Conference League qualifying (third and play-off round matches)
2022-08-25,UEFA,UEFA 3rd Division,3,2022–23,Viborg,West Ham United,0-3,A,Continental,Wikipedia rendered HTML,2022–23 UEFA Europa Conference League qualifying (third and play-off round matches)
2022-08-25,UEFA,UEFA 3rd Division,3,2022–23,Viking,FCSB,1-3,A,Continental,Wikipedia rendered HTML,2022–23 UEFA Europa Conference League qualifying (third and play-off round matches)
2022-08-25,UEFA,UEFA 3rd Division,3,2022–23,Wolfsberger AC,Molde,0-4,A,Continental,Wikipedia rendered HTML,2022–23 UEFA Europa Conference League qualifying (third and play-off round matches)
2022-09-08,UEFA,UEFA 3rd Division,3,2022–23,Anderlecht,Silkeborg,1-0,H,Continental,Wikipedia rendered HTML,2022–23 UEFA Europa Conference League group stage
2022-09-08,UEFA,UEFA 3rd Division,3,2022–23,Austria Wien,Hapoel Be'er Sheva,0-0,D,Continental,Wikipedia rendered HTML,2022–23 UEFA Europa Conference League group stage
2022-09-08,UEFA,UEFA 3rd Division,3,2022–23,Ballkani,CFR Cluj,1-1,D,Continental,Wikipedia rendered HTML,2022–23 UEFA Europa Conference League group stage
2022-09-08,UEFA,UEFA 3rd Division,3,2022–23,Basel,Pyunik,3-1,H,Continental,Wikipedia rendered HTML,2022–23 UEFA Europa Conference League group stage
2022-09-08,UEFA,UEFA 3rd Division,3,2022–23,Dnipro-1,AZ,0-1,A,Continental,Wikipedia rendered HTML,2022–23 UEFA Europa Conference League group stage
2022-09-08,UEFA,UEFA 3rd Division,3,2022–23,Fiorentina,RFS,1-1,D,Continental,Wikipedia rendered HTML,2022–23 UEFA Europa Conference League group stage
2022-09-08,UEFA,UEFA 3rd Division,3,2022–23,Heart of Midlothian,İstanbul Başakşehir,0-4,A,Continental,Wikipedia rendered HTML,2022–23 UEFA Europa Conference League group stage
2022-09-08,UEFA,UEFA 3rd Division,3,2022–23,Molde,Gent,0-0,D,Continental,Wikipedia rendered HTML,2022–23 UEFA Europa Conference League group stage
2022-09-08,UEFA,UEFA 3rd Division,3,2022–23,Nice,1. FC Köln,1-1,D,Continental,Wikipedia rendered HTML,2022–23 UEFA Europa Conference League group stage
2022-09-08,UEFA,UEFA 3rd Division,3,2022–23,Shamrock Rovers,Djurgårdens IF,0-0,D,Continental,Wikipedia rendered HTML,2022–23 UEFA Europa Conference League group stage
2022-09-08,UEFA,UEFA 3rd Division,3,2022–23,Sivasspor,Slavia Prague,1-1,D,Continental,Wikipedia rendered HTML,2022–23 UEFA Europa Conference League group stage
2022-09-08,UEFA,UEFA 3rd Division,3,2022–23,Slovan Bratislava,Žalgiris,0-0,D,Continental,Wikipedia rendered HTML,2022–23 UEFA Europa Conference League group stage
2022-09-08,UEFA,UEFA 3rd Division,3,2022–23,Slovácko,Partizan,3-3,D,Continental,Wikipedia rendered HTML,2022–23 UEFA Europa Conference League group stage
2022-09-08,UEFA,UEFA 3rd Division,3,2022–23,Vaduz,Apollon Limassol,0-0,D,Continental,Wikipedia rendered HTML,2022–23 UEFA Europa Conference League group stage
2022-09-08,UEFA,UEFA 3rd Division,3,2022–23,Villarreal,Lech Poznań,4-3,H,Continental,Wikipedia rendered HTML,2022–23 UEFA Europa Conference League group stage
2022-09-08,UEFA,UEFA 3rd Division,3,2022–23,West Ham United,FCSB,3-1,H,Continental,Wikipedia rendered HTML,2022–23 UEFA Europa Conference League group stage
2022-09-15,UEFA,UEFA 3rd Division,3,2022–23,1. FC Köln,Slovácko,4-2,H,Continental,Wikipedia rendered HTML,2022–23 UEFA Europa Conference League group stage
2022-09-15,UEFA,UEFA 3rd Division,3,2022–23,AZ,Vaduz,4-1,H,Continental,Wikipedia rendered HTML,2022–23 UEFA Europa Conference League group stage
2022-09-15,UEFA,UEFA 3rd Division,3,2022–23,Apollon Limassol,Dnipro-1,1-3,A,Continental,Wikipedia rendered HTML,2022–23 UEFA Europa Conference League group stage
2022-09-15,UEFA,UEFA 3rd Division,3,2022–23,CFR Cluj,Sivasspor,0-1,A,Continental,Wikipedia rendered HTML,2022–23 UEFA Europa Conference League group stage
2022-09-15,UEFA,UEFA 3rd Division,3,2022–23,Djurgårdens IF,Molde,3-2,H,Continental,Wikipedia rendered HTML,2022–23 UEFA Europa Conference League group stage
2022-09-15,UEFA,UEFA 3rd Division,3,2022–23,FCSB,Anderlecht,0-0,D,Continental,Wikipedia rendered HTML,2022–23 UEFA Europa Conference League group stage
2022-09-15,UEFA,UEFA 3rd Division,3,2022–23,Gent,Shamrock Rovers,3-0,H,Continental,Wikipedia rendered HTML,2022–23 UEFA Europa Conference League group stage
2022-09-15,UEFA,UEFA 3rd Division,3,2022–23,Hapoel Be'er Sheva,Villarreal,1-2,A,Continental,Wikipedia rendered HTML,2022–23 UEFA Europa Conference League group stage
2022-09-15,UEFA,UEFA 3rd Division,3,2022–23,Lech Poznań,Austria Wien,4-1,H,Continental,Wikipedia rendered HTML,2022–23 UEFA Europa Conference League group stage
2022-09-15,UEFA,UEFA 3rd Division,3,2022–23,Partizan,Nice,1-1,D,Continental,Wikipedia rendered HTML,2022–23 UEFA Europa Conference League group stage
2022-09-15,UEFA,UEFA 3rd Division,3,2022–23,Pyunik,Slovan Bratislava,2-0,H,Continental,Wikipedia rendered HTML,2022–23 UEFA Europa Conference League group stage
2022-09-15,UEFA,UEFA 3rd Division,3,2022–23,RFS,Heart of Midlothian,0-2,A,Continental,Wikipedia rendered HTML,2022–23 UEFA Europa Conference League group stage
2022-09-15,UEFA,UEFA 3rd Division,3,2022–23,Silkeborg,West Ham United,2-3,A,Continental,Wikipedia rendered HTML,2022–23 UEFA Europa Conference League group stage
2022-09-15,UEFA,UEFA 3rd Division,3,2022–23,Slavia Prague,Ballkani,3-2,H,Continental,Wikipedia rendered HTML,2022–23 UEFA Europa Conference League group stage
2022-09-15,UEFA,UEFA 3rd Division,3,2022–23,İstanbul Başakşehir,Fiorentina,3-0,H,Continental,Wikipedia rendered HTML,2022–23 UEFA Europa Conference League group stage
2022-09-15,UEFA,UEFA 3rd Division,3,2022–23,Žalgiris,Basel,0-1,A,Continental,Wikipedia rendered HTML,2022–23 UEFA Europa Conference League group stage
2022-10-06,UEFA,UEFA 3rd Division,3,2022–23,1. FC Köln,Partizan,0-1,A,Continental,Wikipedia rendered HTML,2022–23 UEFA Europa Conference League group stage
2022-10-06,UEFA,UEFA 3rd Division,3,2022–23,AZ,Apollon Limassol,3-2,H,Continental,Wikipedia rendered HTML,2022–23 UEFA Europa Conference League group stage
2022-10-06,UEFA,UEFA 3rd Division,3,2022–23,Anderlecht,West Ham United,0-1,A,Continental,Wikipedia rendered HTML,2022–23 UEFA Europa Conference League group stage
2022-10-06,UEFA,UEFA 3rd Division,3,2022–23,Basel,Slovan Bratislava,0-2,A,Continental,Wikipedia rendered HTML,2022–23 UEFA Europa Conference League group stage
2022-10-06,UEFA,UEFA 3rd Division,3,2022–23,Dnipro-1,Vaduz,2-2,D,Continental,Wikipedia rendered HTML,2022–23 UEFA Europa Conference League group stage
2022-10-06,UEFA,UEFA 3rd Division,3,2022–23,Gent,Djurgårdens IF,0-1,A,Continental,Wikipedia rendered HTML,2022–23 UEFA Europa Conference League group stage
2022-10-06,UEFA,UEFA 3rd Division,3,2022–23,Heart of Midlothian,Fiorentina,0-3,A,Continental,Wikipedia rendered HTML,2022–23 UEFA Europa Conference League group stage
2022-10-06,UEFA,UEFA 3rd Division,3,2022–23,Lech Poznań,Hapoel Be'er Sheva,0-0,D,Continental,Wikipedia rendered HTML,2022–23 UEFA Europa Conference League group stage
2022-10-06,UEFA,UEFA 3rd Division,3,2022–23,Molde,Shamrock Rovers,3-0,H,Continental,Wikipedia rendered HTML,2022–23 UEFA Europa Conference League group stage
2022-10-06,UEFA,UEFA 3rd Division,3,2022–23,Pyunik,Žalgiris,2-0,H,Continental,Wikipedia rendered HTML,2022–23 UEFA Europa Conference League group stage
2022-10-06,UEFA,UEFA 3rd Division,3,2022–23,RFS,İstanbul Başakşehir,0-0,D,Continental,Wikipedia rendered HTML,2022–23 UEFA Europa Conference League group stage
2022-10-06,UEFA,UEFA 3rd Division,3,2022–23,Silkeborg,FCSB,5-0,H,Continental,Wikipedia rendered HTML,2022–23 UEFA Europa Conference League group stage
2022-10-06,UEFA,UEFA 3rd Division,3,2022–23,Sivasspor,Ballkani,3-4,A,Continental,Wikipedia rendered HTML,2022–23 UEFA Europa Conference League group stage
2022-10-06,UEFA,UEFA 3rd Division,3,2022–23,Slavia Prague,CFR Cluj,0-1,A,Continental,Wikipedia rendered HTML,2022–23 UEFA Europa Conference League group stage
2022-10-06,UEFA,UEFA 3rd Division,3,2022–23,Slovácko,Nice,0-1,A,Continental,Wikipedia rendered HTML,2022–23 UEFA Europa Conference League group stage
2022-10-06,UEFA,UEFA 3rd Division,3,2022–23,Villarreal,Austria Wien,5-0,H,Continental,Wikipedia rendered HTML,2022–23 UEFA Europa Conference League group stage
2022-10-13,UEFA,UEFA 3rd Division,3,2022–23,Apollon Limassol,AZ,1-0,H,Continental,Wikipedia rendered HTML,2022–23 UEFA Europa Conference League group stage
2022-10-13,UEFA,UEFA 3rd Division,3,2022–23,Austria Wien,Villarreal,0-1,A,Continental,Wikipedia rendered HTML,2022–23 UEFA Europa Conference League group stage
2022-10-13,UEFA,UEFA 3rd Division,3,2022–23,Ballkani,Sivasspor,1-2,A,Continental,Wikipedia rendered HTML,2022–23 UEFA Europa Conference League group stage
2022-10-13,UEFA,UEFA 3rd Division,3,2022–23,CFR Cluj,Slavia Prague,2-0,H,Continental,Wikipedia rendered HTML,2022–23 UEFA Europa Conference League group stage
2022-10-13,UEFA,UEFA 3rd Division,3,2022–23,Djurgårdens IF,Gent,4-2,H,Continental,Wikipedia rendered HTML,2022–23 UEFA Europa Conference League group stage
2022-10-13,UEFA,UEFA 3rd Division,3,2022–23,FCSB,Silkeborg,0-5,A,Continental,Wikipedia rendered HTML,2022–23 UEFA Europa Conference League group stage
2022-10-13,UEFA,UEFA 3rd Division,3,2022–23,Fiorentina,Heart of Midlothian,5-1,H,Continental,Wikipedia rendered HTML,2022–23 UEFA Europa Conference League group stage
2022-10-13,UEFA,UEFA 3rd Division,3,2022–23,Hapoel Be'er Sheva,Lech Poznań,1-1,D,Continental,Wikipedia rendered HTML,2022–23 UEFA Europa Conference League group stage
2022-10-13,UEFA,UEFA 3rd Division,3,2022–23,Nice,Slovácko,1-2,A,Continental,Wikipedia rendered HTML,2022–23 UEFA Europa Conference League group stage
2022-10-13,UEFA,UEFA 3rd Division,3,2022–23,Partizan,1. FC Köln,2-0,H,Continental,Wikipedia rendered HTML,2022–23 UEFA Europa Conference League group stage
2022-10-13,UEFA,UEFA 3rd Division,3,2022–23,Shamrock Rovers,Molde,0-2,A,Continental,Wikipedia rendered HTML,2022–23 UEFA Europa Conference League group stage
2022-10-13,UEFA,UEFA 3rd Division,3,2022–23,Slovan Bratislava,Basel,3-3,D,Continental,Wikipedia rendered HTML,2022–23 UEFA Europa Conference League group stage
2022-10-13,UEFA,UEFA 3rd Division,3,2022–23,Vaduz,Dnipro-1,1-2,A,Continental,Wikipedia rendered HTML,2022–23 UEFA Europa Conference League group stage
2022-10-13,UEFA,UEFA 3rd Division,3,2022–23,West Ham United,Anderlecht,2-1,H,Continental,Wikipedia rendered HTML,2022–23 UEFA Europa Conference League group stage
2022-10-13,UEFA,UEFA 3rd Division,3,2022–23,İstanbul Başakşehir,RFS,3-0,H,Continental,Wikipedia rendered HTML,2022–23 UEFA Europa Conference League group stage
2022-10-13,UEFA,UEFA 3rd Division,3,2022–23,Žalgiris,Pyunik,2-1,H,Continental,Wikipedia rendered HTML,2022–23 UEFA Europa Conference League group stage
2022-10-27,UEFA,UEFA 3rd Division,3,2022–23,Anderlecht,FCSB,2-2,D,Continental,Wikipedia rendered HTML,2022–23 UEFA Europa Conference League group stage
2022-10-27,UEFA,UEFA 3rd Division,3,2022–23,Austria Wien,Lech Poznań,1-1,D,Continental,Wikipedia rendered HTML,2022–23 UEFA Europa Conference League group stage
2022-10-27,UEFA,UEFA 3rd Division,3,2022–23,Ballkani,Slavia Prague,0-1,A,Continental,Wikipedia rendered HTML,2022–23 UEFA Europa Conference League group stage
2022-10-27,UEFA,UEFA 3rd Division,3,2022–23,Basel,Žalgiris,2-2,D,Continental,Wikipedia rendered HTML,2022–23 UEFA Europa Conference League group stage
2022-10-27,UEFA,UEFA 3rd Division,3,2022–23,Dnipro-1,Apollon Limassol,1-0,H,Continental,Wikipedia rendered HTML,2022–23 UEFA Europa Conference League group stage
2022-10-27,UEFA,UEFA 3rd Division,3,2022–23,Fiorentina,İstanbul Başakşehir,2-1,H,Continental,Wikipedia rendered HTML,2022–23 UEFA Europa Conference League group stage
2022-10-27,UEFA,UEFA 3rd Division,3,2022–23,Heart of Midlothian,RFS,2-1,H,Continental,Wikipedia rendered HTML,2022–23 UEFA Europa Conference League group stage
2022-10-27,UEFA,UEFA 3rd Division,3,2022–23,Molde,Djurgårdens IF,2-3,A,Continental,Wikipedia rendered HTML,2022–23 UEFA Europa Conference League group stage
2022-10-27,UEFA,UEFA 3rd Division,3,2022–23,Nice,Partizan,2-1,H,Continental,Wikipedia rendered HTML,2022–23 UEFA Europa Conference League group stage
2022-10-27,UEFA,UEFA 3rd Division,3,2022–23,Shamrock Rovers,Gent,1-1,D,Continental,Wikipedia rendered HTML,2022–23 UEFA Europa Conference League group stage
2022-10-27,UEFA,UEFA 3rd Division,3,2022–23,Sivasspor,CFR Cluj,3-0,H,Continental,Wikipedia rendered HTML,2022–23 UEFA Europa Conference League group stage
2022-10-27,UEFA,UEFA 3rd Division,3,2022–23,Slovan Bratislava,Pyunik,2-1,H,Continental,Wikipedia rendered HTML,2022–23 UEFA Europa Conference League group stage
2022-10-27,UEFA,UEFA 3rd Division,3,2022–23,Slovácko,1. FC Köln,0-1,A,Continental,Wikipedia rendered HTML,2022–23 UEFA Europa Conference League group stage
2022-10-27,UEFA,UEFA 3rd Division,3,2022–23,Vaduz,AZ,1-2,A,Continental,Wikipedia rendered HTML,2022–23 UEFA Europa Conference League group stage
2022-10-27,UEFA,UEFA 3rd Division,3,2022–23,Villarreal,Hapoel Be'er Sheva,2-2,D,Continental,Wikipedia rendered HTML,2022–23 UEFA Europa Conference League group stage
2022-10-27,UEFA,UEFA 3rd Division,3,2022–23,West Ham United,Silkeborg,1-0,H,Continental,Wikipedia rendered HTML,2022–23 UEFA Europa Conference League group stage
2022-11-03,UEFA,UEFA 3rd Division,3,2022–23,1. FC Köln,Nice,2-2,D,Continental,Wikipedia rendered HTML,2022–23 UEFA Europa Conference League group stage
2022-11-03,UEFA,UEFA 3rd Division,3,2022–23,AZ,Dnipro-1,2-1,H,Continental,Wikipedia rendered HTML,2022–23 UEFA Europa Conference League group stage
2022-11-03,UEFA,UEFA 3rd Division,3,2022–23,Apollon Limassol,Vaduz,1-0,H,Continental,Wikipedia rendered HTML,2022–23 UEFA Europa Conference League group stage
2022-11-03,UEFA,UEFA 3rd Division,3,2022–23,CFR Cluj,Ballkani,1-0,H,Continental,Wikipedia rendered HTML,2022–23 UEFA Europa Conference League group stage
2022-11-03,UEFA,UEFA 3rd Division,3,2022–23,Djurgårdens IF,Shamrock Rovers,1-0,H,Continental,Wikipedia rendered HTML,2022–23 UEFA Europa Conference League group stage
2022-11-03,UEFA,UEFA 3rd Division,3,2022–23,FCSB,West Ham United,0-3,A,Continental,Wikipedia rendered HTML,2022–23 UEFA Europa Conference League group stage
2022-11-03,UEFA,UEFA 3rd Division,3,2022–23,Gent,Molde,4-0,H,Continental,Wikipedia rendered HTML,2022–23 UEFA Europa Conference League group stage
2022-11-03,UEFA,UEFA 3rd Division,3,2022–23,Hapoel Be'er Sheva,Austria Wien,4-0,H,Continental,Wikipedia rendered HTML,2022–23 UEFA Europa Conference League group stage
2022-11-03,UEFA,UEFA 3rd Division,3,2022–23,Lech Poznań,Villarreal,3-0,H,Continental,Wikipedia rendered HTML,2022–23 UEFA Europa Conference League group stage
2022-11-03,UEFA,UEFA 3rd Division,3,2022–23,Partizan,Slovácko,1-1,D,Continental,Wikipedia rendered HTML,2022–23 UEFA Europa Conference League group stage
2022-11-03,UEFA,UEFA 3rd Division,3,2022–23,Pyunik,Basel,1-2,A,Continental,Wikipedia rendered HTML,2022–23 UEFA Europa Conference League group stage
2022-11-03,UEFA,UEFA 3rd Division,3,2022–23,RFS,Fiorentina,0-3,A,Continental,Wikipedia rendered HTML,2022–23 UEFA Europa Conference League group stage
2022-11-03,UEFA,UEFA 3rd Division,3,2022–23,Silkeborg,Anderlecht,0-2,A,Continental,Wikipedia rendered HTML,2022–23 UEFA Europa Conference League group stage
2022-11-03,UEFA,UEFA 3rd Division,3,2022–23,Slavia Prague,Sivasspor,1-1,D,Continental,Wikipedia rendered HTML,2022–23 UEFA Europa Conference League group stage
2022-11-03,UEFA,UEFA 3rd Division,3,2022–23,İstanbul Başakşehir,Heart of Midlothian,3-1,H,Continental,Wikipedia rendered HTML,2022–23 UEFA Europa Conference League group stage
2022-11-03,UEFA,UEFA 3rd Division,3,2022–23,Žalgiris,Slovan Bratislava,1-2,A,Continental,Wikipedia rendered HTML,2022–23 UEFA Europa Conference League group stage
2023-02-16,UEFA,UEFA 3rd Division,3,2022–23,AEK Larnaca,Dnipro-1,1-0,H,Continental,Wikipedia rendered HTML,2022–23 UEFA Europa Conference League knockout phase
2023-02-16,UEFA,UEFA 3rd Division,3,2022–23,Bodø/Glimt,Lech Poznań,0-0,D,Continental,Wikipedia rendered HTML,2022–23 UEFA Europa Conference League knockout phase
2023-02-16,UEFA,UEFA 3rd Division,3,2022–23,Braga,Fiorentina,0-4,A,Continental,Wikipedia rendered HTML,2022–23 UEFA Europa Conference League knockout phase
2023-02-16,UEFA,UEFA 3rd Division,3,2022–23,Lazio,CFR Cluj,1-0,H,Continental,Wikipedia rendered HTML,2022–23 UEFA Europa Conference League knockout phase
2023-02-16,UEFA,UEFA 3rd Division,3,2022–23,Ludogorets Razgrad,Anderlecht,1-0,H,Continental,Wikipedia rendered HTML,2022–23 UEFA Europa Conference League knockout phase
2023-02-16,UEFA,UEFA 3rd Division,3,2022–23,Qarabağ,Gent,1-0,H,Continental,Wikipedia rendered HTML,2022–23 UEFA Europa Conference League knockout phase
2023-02-16,UEFA,UEFA 3rd Division,3,2022–23,Sheriff Tiraspol,Partizan,0-1,A,Continental,Wikipedia rendered HTML,2022–23 UEFA Europa Conference League knockout phase
2023-02-16,UEFA,UEFA 3rd Division,3,2022–23,Trabzonspor,Basel,1-0,H,Continental,Wikipedia rendered HTML,2022–23 UEFA Europa Conference League knockout phase
2023-02-23,UEFA,UEFA 3rd Division,3,2022–23,Anderlecht,Ludogorets Razgrad,2-1,H,Continental,Wikipedia rendered HTML,2022–23 UEFA Europa Conference League knockout phase
2023-02-23,UEFA,UEFA 3rd Division,3,2022–23,Basel,Trabzonspor,2-0,H,Continental,Wikipedia rendered HTML,2022–23 UEFA Europa Conference League knockout phase
2023-02-23,UEFA,UEFA 3rd Division,3,2022–23,CFR Cluj,Lazio,0-0,D,Continental,Wikipedia rendered HTML,2022–23 UEFA Europa Conference League knockout phase
2023-02-23,UEFA,UEFA 3rd Division,3,2022–23,Dnipro-1,AEK Larnaca,0-0,D,Continental,Wikipedia rendered HTML,2022–23 UEFA Europa Conference League knockout phase
2023-02-23,UEFA,UEFA 3rd Division,3,2022–23,Fiorentina,Braga,3-2,H,Continental,Wikipedia rendered HTML,2022–23 UEFA Europa Conference League knockout phase
2023-02-23,UEFA,UEFA 3rd Division,3,2022–23,Gent,Qarabağ,1-0,H,Continental,Wikipedia rendered HTML,2022–23 UEFA Europa Conference League knockout phase
2023-02-23,UEFA,UEFA 3rd Division,3,2022–23,Lech Poznań,Bodø/Glimt,1-0,H,Continental,Wikipedia rendered HTML,2022–23 UEFA Europa Conference League knockout phase
2023-02-23,UEFA,UEFA 3rd Division,3,2022–23,Partizan,Sheriff Tiraspol,1-3,A,Continental,Wikipedia rendered HTML,2022–23 UEFA Europa Conference League knockout phase
2023-03-07,UEFA,UEFA 3rd Division,3,2022–23,Lazio,AZ,1-2,A,Continental,Wikipedia rendered HTML,2022–23 UEFA Europa Conference League knockout phase
2023-03-09,UEFA,UEFA 3rd Division,3,2022–23,AEK Larnaca,West Ham United,0-2,A,Continental,Wikipedia rendered HTML,2022–23 UEFA Europa Conference League knockout phase
2023-03-09,UEFA,UEFA 3rd Division,3,2022–23,Anderlecht,Villarreal,1-1,D,Continental,Wikipedia rendered HTML,2022–23 UEFA Europa Conference League knockout phase
2023-03-09,UEFA,UEFA 3rd Division,3,2022–23,Basel,Slovan Bratislava,2-2,D,Continental,Wikipedia rendered HTML,2022–23 UEFA Europa Conference League knockout phase
2023-03-09,UEFA,UEFA 3rd Division,3,2022–23,Fiorentina,Sivasspor,1-0,H,Continental,Wikipedia rendered HTML,2022–23 UEFA Europa Conference League knockout phase
2023-03-09,UEFA,UEFA 3rd Division,3,2022–23,Gent,İstanbul Başakşehir,1-1,D,Continental,Wikipedia rendered HTML,2022–23 UEFA Europa Conference League knockout phase
2023-03-09,UEFA,UEFA 3rd Division,3,2022–23,Lech Poznań,Djurgårdens IF,2-0,H,Continental,Wikipedia rendered HTML,2022–23 UEFA Europa Conference League knockout phase
2023-03-09,UEFA,UEFA 3rd Division,3,2022–23,Sheriff Tiraspol,Nice,0-1,A,Continental,Wikipedia rendered HTML,2022–23 UEFA Europa Conference League knockout phase
2023-03-15,UEFA,UEFA 3rd Division,3,2022–23,İstanbul Başakşehir,Gent,1-4,A,Continental,Wikipedia rendered HTML,2022–23 UEFA Europa Conference League knockout phase
2023-03-16,UEFA,UEFA 3rd Division,3,2022–23,AZ,Lazio,2-1,H,Continental,Wikipedia rendered HTML,2022–23 UEFA Europa Conference League knockout phase
2023-03-16,UEFA,UEFA 3rd Division,3,2022–23,Djurgårdens IF,Lech Poznań,0-3,A,Continental,Wikipedia rendered HTML,2022–23 UEFA Europa Conference League knockout phase
2023-03-16,UEFA,UEFA 3rd Division,3,2022–23,Nice,Sheriff Tiraspol,3-1,H,Continental,Wikipedia rendered HTML,2022–23 UEFA Europa Conference League knockout phase
2023-03-16,UEFA,UEFA 3rd Division,3,2022–23,Sivasspor,Fiorentina,1-4,A,Continental,Wikipedia rendered HTML,2022–23 UEFA Europa Conference League knockout phase
2023-03-16,UEFA,UEFA 3rd Division,3,2022–23,Slovan Bratislava,Basel,2-2,D,Continental,Wikipedia rendered HTML,2022–23 UEFA Europa Conference League knockout phase
2023-03-16,UEFA,UEFA 3rd Division,3,2022–23,Villarreal,Anderlecht,0-1,A,Continental,Wikipedia rendered HTML,2022–23 UEFA Europa Conference League knockout phase
2023-03-16,UEFA,UEFA 3rd Division,3,2022–23,West Ham United,AEK Larnaca,4-0,H,Continental,Wikipedia rendered HTML,2022–23 UEFA Europa Conference League knockout phase
2023-04-13,UEFA,UEFA 3rd Division,3,2022–23,Anderlecht,AZ,2-0,H,Continental,Wikipedia rendered HTML,2022–23 UEFA Europa Conference League knockout phase
2023-04-13,UEFA,UEFA 3rd Division,3,2022–23,Basel,Nice,2-2,D,Continental,Wikipedia rendered HTML,2022–23 UEFA Europa Conference League knockout phase
2023-04-13,UEFA,UEFA 3rd Division,3,2022–23,Gent,West Ham United,1-1,D,Continental,Wikipedia rendered HTML,2022–23 UEFA Europa Conference League knockout phase
2023-04-13,UEFA,UEFA 3rd Division,3,2022–23,Lech Poznań,Fiorentina,1-4,A,Continental,Wikipedia rendered HTML,2022–23 UEFA Europa Conference League knockout phase
2023-04-20,UEFA,UEFA 3rd Division,3,2022–23,AZ,Anderlecht,2-0,H,Continental,Wikipedia rendered HTML,2022–23 UEFA Europa Conference League knockout phase
2023-04-20,UEFA,UEFA 3rd Division,3,2022–23,Fiorentina,Lech Poznań,2-3,A,Continental,Wikipedia rendered HTML,2022–23 UEFA Europa Conference League knockout phase
2023-04-20,UEFA,UEFA 3rd Division,3,2022–23,Nice,Basel,1-2,A,Continental,Wikipedia rendered HTML,2022–23 UEFA Europa Conference League knockout phase
2023-04-20,UEFA,UEFA 3rd Division,3,2022–23,West Ham United,Gent,4-1,H,Continental,Wikipedia rendered HTML,2022–23 UEFA Europa Conference League knockout phase
2023-05-11,UEFA,UEFA 3rd Division,3,2022–23,Fiorentina,Basel,1-2,A,Continental,Wikipedia rendered HTML,2022–23 UEFA Europa Conference League knockout phase
2023-05-11,UEFA,UEFA 3rd Division,3,2022–23,West Ham United,AZ,2-1,H,Continental,Wikipedia rendered HTML,2022–23 UEFA Europa Conference League knockout phase
2023-05-18,UEFA,UEFA 3rd Division,3,2022–23,AZ,West Ham United,0-1,A,Continental,Wikipedia rendered HTML,2022–23 UEFA Europa Conference League knockout phase
2023-05-18,UEFA,UEFA 3rd Division,3,2022–23,Basel,Fiorentina,1-3,A,Continental,Wikipedia rendered HTML,2022–23 UEFA Europa Conference League knockout phase
2023-06-07,UEFA,UEFA 3rd Division,3,2022–23,Fiorentina,West Ham United,1-2,A,Continental,Wikipedia rendered HTML,2022–23 UEFA Europa Conference League knockout phase
2023-06-07,UEFA,UEFA 3rd Division,3,2022–23,West Ham,Fiorentina,2-1,H,Continental,Manual final repair,UEFA verified final
2023-07-12,UEFA,UEFA 3rd Division,3,2023–24,B36,Paide Linnameeskond,0-0,D,Continental,Wikipedia rendered HTML,2023–24 UEFA Europa Conference League qualifying (first and second round matches)
2023-07-12,UEFA,UEFA 3rd Division,3,2023–24,F91 Dudelange,St Patrick's Athletic,2-1,H,Continental,Wikipedia rendered HTML,2023–24 UEFA Europa Conference League qualifying (first and second round matches)
2023-07-13,UEFA,UEFA 3rd Division,3,2023–24,Alashkert,Arsenal Tivat,1-1,D,Continental,Wikipedia rendered HTML,2023–24 UEFA Europa Conference League qualifying (first and second round matches)
2023-07-13,UEFA,UEFA 3rd Division,3,2023–24,Ararat-Armenia,Egnatia,1-1,D,Continental,Wikipedia rendered HTML,2023–24 UEFA Europa Conference League qualifying (first and second round matches)
2023-07-13,UEFA,UEFA 3rd Division,3,2023–24,DAC Dunajská Streda,Dila Gori,2-1,H,Continental,Wikipedia rendered HTML,2023–24 UEFA Europa Conference League qualifying (first and second round matches)
2023-07-13,UEFA,UEFA 3rd Division,3,2023–24,Domžale,Balzan,1-4,A,Continental,Wikipedia rendered HTML,2023–24 UEFA Europa Conference League qualifying (first and second round matches)
2023-07-13,UEFA,UEFA 3rd Division,3,2023–24,Dukagjini,Europa,2-1,H,Continental,Wikipedia rendered HTML,2023–24 UEFA Europa Conference League qualifying (first and second round matches)
2023-07-13,UEFA,UEFA 3rd Division,3,2023–24,FCB Magpies,Dundalk,0-0,D,Continental,Wikipedia rendered HTML,2023–24 UEFA Europa Conference League qualifying (first and second round matches)
2023-07-13,UEFA,UEFA 3rd Division,3,2023–24,Gżira United,Glentoran,2-2,D,Continental,Wikipedia rendered HTML,2023–24 UEFA Europa Conference League qualifying (first and second round matches)
2023-07-13,UEFA,UEFA 3rd Division,3,2023–24,HB,Derry City,0-0,D,Continental,Wikipedia rendered HTML,2023–24 UEFA Europa Conference League qualifying (first and second round matches)
2023-07-13,UEFA,UEFA 3rd Division,3,2023–24,Haka,Crusaders,2-2,D,Continental,Wikipedia rendered HTML,2023–24 UEFA Europa Conference League qualifying (first and second round matches)
2023-07-13,UEFA,UEFA 3rd Division,3,2023–24,Hegelmann,Shkupi,0-5,A,Continental,Wikipedia rendered HTML,2023–24 UEFA Europa Conference League qualifying (first and second round matches)
2023-07-13,UEFA,UEFA 3rd Division,3,2023–24,Inter Club d'Escaldes,Víkingur Gøta,2-1,H,Continental,Wikipedia rendered HTML,2023–24 UEFA Europa Conference League qualifying (first and second round matches)
2023-07-13,UEFA,UEFA 3rd Division,3,2023–24,KA,Connah's Quay Nomads,2-0,H,Continental,Wikipedia rendered HTML,2023–24 UEFA Europa Conference League qualifying (first and second round matches)
2023-07-13,UEFA,UEFA 3rd Division,3,2023–24,La Fiorita,Zimbru Chișinău,1-1,D,Continental,Wikipedia rendered HTML,2023–24 UEFA Europa Conference League qualifying (first and second round matches)
2023-07-13,UEFA,UEFA 3rd Division,3,2023–24,Linfield,Vllaznia,3-1,H,Continental,Wikipedia rendered HTML,2023–24 UEFA Europa Conference League qualifying (first and second round matches)
2023-07-13,UEFA,UEFA 3rd Division,3,2023–24,Makedonija GP,RFS,0-1,A,Continental,Wikipedia rendered HTML,2023–24 UEFA Europa Conference League qualifying (first and second round matches)
2023-07-13,UEFA,UEFA 3rd Division,3,2023–24,Maribor,Birkirkara,1-1,D,Continental,Wikipedia rendered HTML,2023–24 UEFA Europa Conference League qualifying (first and second round matches)
2023-07-13,UEFA,UEFA 3rd Division,3,2023–24,Panevėžys,Milsami Orhei,2-2,D,Continental,Wikipedia rendered HTML,2023–24 UEFA Europa Conference League qualifying (first and second round matches)
2023-07-13,UEFA,UEFA 3rd Division,3,2023–24,Penybont,FC Santa Coloma,1-1,D,Continental,Wikipedia rendered HTML,2023–24 UEFA Europa Conference League qualifying (first and second round matches)
2023-07-13,UEFA,UEFA 3rd Division,3,2023–24,Progrès Niederkorn,Gjilani,2-2,D,Continental,Wikipedia rendered HTML,2023–24 UEFA Europa Conference League qualifying (first and second round matches)
2023-07-13,UEFA,UEFA 3rd Division,3,2023–24,Pyunik,Narva Trans,2-0,H,Continental,Wikipedia rendered HTML,2023–24 UEFA Europa Conference League qualifying (first and second round matches)
2023-07-13,UEFA,UEFA 3rd Division,3,2023–24,Riga,Víkingur Reykjavík,2-0,H,Continental,Wikipedia rendered HTML,2023–24 UEFA Europa Conference League qualifying (first and second round matches)
2023-07-13,UEFA,UEFA 3rd Division,3,2023–24,Shkëndija,Haverfordwest County,1-0,H,Continental,Wikipedia rendered HTML,2023–24 UEFA Europa Conference League qualifying (first and second round matches)
2023-07-13,UEFA,UEFA 3rd Division,3,2023–24,Sutjeska,Cosmos,1-0,H,Continental,Wikipedia rendered HTML,2023–24 UEFA Europa Conference League qualifying (first and second round matches)
2023-07-13,UEFA,UEFA 3rd Division,3,2023–24,Tirana,Dinamo Batumi,1-1,D,Continental,Wikipedia rendered HTML,2023–24 UEFA Europa Conference League qualifying (first and second round matches)
2023-07-13,UEFA,UEFA 3rd Division,3,2023–24,Tobol,Honka,2-1,H,Continental,Wikipedia rendered HTML,2023–24 UEFA Europa Conference League qualifying (first and second round matches)
2023-07-13,UEFA,UEFA 3rd Division,3,2023–24,Torpedo Kutaisi,Sarajevo,2-2,D,Continental,Wikipedia rendered HTML,2023–24 UEFA Europa Conference League qualifying (first and second round matches)
2023-07-13,UEFA,UEFA 3rd Division,3,2023–24,Vaduz,Neman Grodno,1-2,A,Continental,Wikipedia rendered HTML,2023–24 UEFA Europa Conference League qualifying (first and second round matches)
2023-07-13,UEFA,UEFA 3rd Division,3,2023–24,Željezničar,Dinamo Minsk,2-2,D,Continental,Wikipedia rendered HTML,2023–24 UEFA Europa Conference League qualifying (first and second round matches)
2023-07-13,UEFA,UEFA 3rd Division,3,2023–24,Žilina,FCI Levadia,2-1,H,Continental,Wikipedia rendered HTML,2023–24 UEFA Europa Conference League qualifying (first and second round matches)
2023-07-18,UEFA,UEFA 3rd Division,3,2023–24,Balzan,Domžale,1-3,A,Continental,Wikipedia rendered HTML,2023–24 UEFA Europa Conference League qualifying (first and second round matches)
2023-07-20,UEFA,UEFA 3rd Division,3,2023–24,Arsenal Tivat,Alashkert,1-6,A,Continental,Wikipedia rendered HTML,2023–24 UEFA Europa Conference League qualifying (first and second round matches)
2023-07-20,UEFA,UEFA 3rd Division,3,2023–24,Birkirkara,Maribor,1-2,A,Continental,Wikipedia rendered HTML,2023–24 UEFA Europa Conference League qualifying (first and second round matches)
2023-07-20,UEFA,UEFA 3rd Division,3,2023–24,Connah's Quay Nomads,KA,0-2,A,Continental,Wikipedia rendered HTML,2023–24 UEFA Europa Conference League qualifying (first and second round matches)
2023-07-20,UEFA,UEFA 3rd Division,3,2023–24,Cosmos,Sutjeska,1-1,D,Continental,Wikipedia rendered HTML,2023–24 UEFA Europa Conference League qualifying (first and second round matches)
2023-07-20,UEFA,UEFA 3rd Division,3,2023–24,Crusaders,Haka,1-0,H,Continental,Wikipedia rendered HTML,2023–24 UEFA Europa Conference League qualifying (first and second round matches)
2023-07-20,UEFA,UEFA 3rd Division,3,2023–24,Derry City,HB,1-0,H,Continental,Wikipedia rendered HTML,2023–24 UEFA Europa Conference League qualifying (first and second round matches)
2023-07-20,UEFA,UEFA 3rd Division,3,2023–24,Dila Gori,DAC Dunajská Streda,2-0,H,Continental,Wikipedia rendered HTML,2023–24 UEFA Europa Conference League qualifying (first and second round matches)
2023-07-20,UEFA,UEFA 3rd Division,3,2023–24,Dinamo Batumi,Tirana,1-2,A,Continental,Wikipedia rendered HTML,2023–24 UEFA Europa Conference League qualifying (first and second round matches)
2023-07-20,UEFA,UEFA 3rd Division,3,2023–24,Dinamo Minsk,Željezničar,1-2,A,Continental,Wikipedia rendered HTML,2023–24 UEFA Europa Conference League qualifying (first and second round matches)
2023-07-20,UEFA,UEFA 3rd Division,3,2023–24,Dundalk,FCB Magpies,3-1,H,Continental,Wikipedia rendered HTML,2023–24 UEFA Europa Conference League qualifying (first and second round matches)
2023-07-20,UEFA,UEFA 3rd Division,3,2023–24,Egnatia,Ararat-Armenia,4-4,D,Continental,Wikipedia rendered HTML,2023–24 UEFA Europa Conference League qualifying (first and second round matches)
2023-07-20,UEFA,UEFA 3rd Division,3,2023–24,Europa,Dukagjini,2-3,A,Continental,Wikipedia rendered HTML,2023–24 UEFA Europa Conference League qualifying (first and second round matches)
2023-07-20,UEFA,UEFA 3rd Division,3,2023–24,FC Santa Coloma,Penybont,2-0,H,Continental,Wikipedia rendered HTML,2023–24 UEFA Europa Conference League qualifying (first and second round matches)
2023-07-20,UEFA,UEFA 3rd Division,3,2023–24,FCI Levadia,Žilina,1-2,A,Continental,Wikipedia rendered HTML,2023–24 UEFA Europa Conference League qualifying (first and second round matches)
2023-07-20,UEFA,UEFA 3rd Division,3,2023–24,Gjilani,Progrès Niederkorn,0-2,A,Continental,Wikipedia rendered HTML,2023–24 UEFA Europa Conference League qualifying (first and second round matches)
2023-07-20,UEFA,UEFA 3rd Division,3,2023–24,Glentoran,Gżira United,1-1,D,Continental,Wikipedia rendered HTML,2023–24 UEFA Europa Conference League qualifying (first and second round matches)
2023-07-20,UEFA,UEFA 3rd Division,3,2023–24,Haverfordwest County,Shkëndija,1-0,H,Continental,Wikipedia rendered HTML,2023–24 UEFA Europa Conference League qualifying (first and second round matches)
2023-07-20,UEFA,UEFA 3rd Division,3,2023–24,Honka,Tobol,0-0,D,Continental,Wikipedia rendered HTML,2023–24 UEFA Europa Conference League qualifying (first and second round matches)
2023-07-20,UEFA,UEFA 3rd Division,3,2023–24,Milsami Orhei,Panevėžys,0-1,A,Continental,Wikipedia rendered HTML,2023–24 UEFA Europa Conference League qualifying (first and second round matches)
2023-07-20,UEFA,UEFA 3rd Division,3,2023–24,Narva Trans,Pyunik,0-3,A,Continental,Wikipedia rendered HTML,2023–24 UEFA Europa Conference League qualifying (first and second round matches)
2023-07-20,UEFA,UEFA 3rd Division,3,2023–24,Neman Grodno,Vaduz,1-1,D,Continental,Wikipedia rendered HTML,2023–24 UEFA Europa Conference League qualifying (first and second round matches)
2023-07-20,UEFA,UEFA 3rd Division,3,2023–24,Paide Linnameeskond,B36,0-2,A,Continental,Wikipedia rendered HTML,2023–24 UEFA Europa Conference League qualifying (first and second round matches)
2023-07-20,UEFA,UEFA 3rd Division,3,2023–24,RFS,Makedonija GP,4-1,H,Continental,Wikipedia rendered HTML,2023–24 UEFA Europa Conference League qualifying (first and second round matches)
2023-07-20,UEFA,UEFA 3rd Division,3,2023–24,Sarajevo,Torpedo Kutaisi,1-1,D,Continental,Wikipedia rendered HTML,2023–24 UEFA Europa Conference League qualifying (first and second round matches)
2023-07-20,UEFA,UEFA 3rd Division,3,2023–24,Shkupi,Hegelmann,0-0,D,Continental,Wikipedia rendered HTML,2023–24 UEFA Europa Conference League qualifying (first and second round matches)
2023-07-20,UEFA,UEFA 3rd Division,3,2023–24,St Patrick's Athletic,F91 Dudelange,2-3,A,Continental,Wikipedia rendered HTML,2023–24 UEFA Europa Conference League qualifying (first and second round matches)
2023-07-20,UEFA,UEFA 3rd Division,3,2023–24,Vllaznia,Linfield,1-0,H,Continental,Wikipedia rendered HTML,2023–24 UEFA Europa Conference League qualifying (first and second round matches)
2023-07-20,UEFA,UEFA 3rd Division,3,2023–24,Víkingur Gøta,Inter Club d'Escaldes,1-1,D,Continental,Wikipedia rendered HTML,2023–24 UEFA Europa Conference League qualifying (first and second round matches)
2023-07-20,UEFA,UEFA 3rd Division,3,2023–24,Víkingur Reykjavík,Riga,1-0,H,Continental,Wikipedia rendered HTML,2023–24 UEFA Europa Conference League qualifying (first and second round matches)
2023-07-20,UEFA,UEFA 3rd Division,3,2023–24,Zimbru Chișinău,La Fiorita,1-0,H,Continental,Wikipedia rendered HTML,2023–24 UEFA Europa Conference League qualifying (first and second round matches)
2023-07-25,UEFA,UEFA 3rd Division,3,2023–24,Atlètic Club d'Escaldes,Partizani,0-1,A,Continental,Wikipedia rendered HTML,2023–24 UEFA Europa Conference League qualifying (first and second round matches)
2023-07-25,UEFA,UEFA 3rd Division,3,2023–24,Ballkani,Larne,3-0,H,Continental,Wikipedia rendered HTML,2023–24 UEFA Europa Conference League qualifying (first and second round matches)
2023-07-25,UEFA,UEFA 3rd Division,3,2023–24,Hamrun Spartans,Dinamo Tbilisi,2-1,H,Continental,Wikipedia rendered HTML,2023–24 UEFA Europa Conference League qualifying (first and second round matches)
2023-07-25,UEFA,UEFA 3rd Division,3,2023–24,The New Saints,Swift Hesperange,1-1,D,Continental,Wikipedia rendered HTML,2023–24 UEFA Europa Conference League qualifying (first and second round matches)
2023-07-25,UEFA,UEFA 3rd Division,3,2023–24,Tre Penne,Valmiera,0-3,A,Continental,Wikipedia rendered HTML,2023–24 UEFA Europa Conference League qualifying (first and second round matches)
2023-07-26,UEFA,UEFA 3rd Division,3,2023–24,CSKA 1948,FCSB,0-1,A,Continental,Wikipedia rendered HTML,2023–24 UEFA Europa Conference League qualifying (first and second round matches)
2023-07-26,UEFA,UEFA 3rd Division,3,2023–24,Fenerbahçe,Zimbru Chișinău,5-0,H,Continental,Wikipedia rendered HTML,2023–24 UEFA Europa Conference League qualifying (first and second round matches)
2023-07-26,UEFA,UEFA 3rd Division,3,2023–24,Midtjylland,Progrès Niederkorn,2-0,H,Continental,Wikipedia rendered HTML,2023–24 UEFA Europa Conference League qualifying (first and second round matches)
2023-07-26,UEFA,UEFA 3rd Division,3,2023–24,Neman Grodno,Balzan,2-0,H,Continental,Wikipedia rendered HTML,2023–24 UEFA Europa Conference League qualifying (first and second round matches)
2023-07-26,UEFA,UEFA 3rd Division,3,2023–24,RFS,Sabah,0-2,A,Continental,Wikipedia rendered HTML,2023–24 UEFA Europa Conference League qualifying (first and second round matches)
2023-07-26,UEFA,UEFA 3rd Division,3,2023–24,Struga,Budućnost Podgorica,1-0,H,Continental,Wikipedia rendered HTML,2023–24 UEFA Europa Conference League qualifying (first and second round matches)
2023-07-27,UEFA,UEFA 3rd Division,3,2023–24,APOEL,Vojvodina,2-1,H,Continental,Wikipedia rendered HTML,2023–24 UEFA Europa Conference League qualifying (first and second round matches)
2023-07-27,UEFA,UEFA 3rd Division,3,2023–24,Alashkert,Debrecen,0-1,A,Continental,Wikipedia rendered HTML,2023–24 UEFA Europa Conference League qualifying (first and second round matches)
2023-07-27,UEFA,UEFA 3rd Division,3,2023–24,Ararat-Armenia,Aris,1-1,D,Continental,Wikipedia rendered HTML,2023–24 UEFA Europa Conference League qualifying (first and second round matches)
2023-07-27,UEFA,UEFA 3rd Division,3,2023–24,Auda,Spartak Trnava,1-1,D,Continental,Wikipedia rendered HTML,2023–24 UEFA Europa Conference League qualifying (first and second round matches)
2023-07-27,UEFA,UEFA 3rd Division,3,2023–24,Austria Wien,Borac Banja Luka,1-0,H,Continental,Wikipedia rendered HTML,2023–24 UEFA Europa Conference League qualifying (first and second round matches)
2023-07-27,UEFA,UEFA 3rd Division,3,2023–24,B36,Haverfordwest County,2-1,H,Continental,Wikipedia rendered HTML,2023–24 UEFA Europa Conference League qualifying (first and second round matches)
2023-07-27,UEFA,UEFA 3rd Division,3,2023–24,Basel,Tobol,1-3,A,Continental,Wikipedia rendered HTML,2023–24 UEFA Europa Conference League qualifying (first and second round matches)
2023-07-27,UEFA,UEFA 3rd Division,3,2023–24,Beşiktaş,Tirana,3-1,H,Continental,Wikipedia rendered HTML,2023–24 UEFA Europa Conference League qualifying (first and second round matches)
2023-07-27,UEFA,UEFA 3rd Division,3,2023–24,Bodø/Glimt,Bohemians 1905,3-0,H,Continental,Wikipedia rendered HTML,2023–24 UEFA Europa Conference League qualifying (first and second round matches)
2023-07-27,UEFA,UEFA 3rd Division,3,2023–24,CFR Cluj,Adana Demirspor,1-1,D,Continental,Wikipedia rendered HTML,2023–24 UEFA Europa Conference League qualifying (first and second round matches)
2023-07-27,UEFA,UEFA 3rd Division,3,2023–24,CSKA Sofia,Sepsi OSK,0-2,A,Continental,Wikipedia rendered HTML,2023–24 UEFA Europa Conference League qualifying (first and second round matches)
2023-07-27,UEFA,UEFA 3rd Division,3,2023–24,Celje,Vitória de Guimarães,3-4,A,Continental,Wikipedia rendered HTML,2023–24 UEFA Europa Conference League qualifying (first and second round matches)
2023-07-27,UEFA,UEFA 3rd Division,3,2023–24,Club Brugge,AGF,3-0,H,Continental,Wikipedia rendered HTML,2023–24 UEFA Europa Conference League qualifying (first and second round matches)
2023-07-27,UEFA,UEFA 3rd Division,3,2023–24,Crusaders,Rosenborg,2-2,D,Continental,Wikipedia rendered HTML,2023–24 UEFA Europa Conference League qualifying (first and second round matches)
2023-07-27,UEFA,UEFA 3rd Division,3,2023–24,Derry City,KuPS,2-1,H,Continental,Wikipedia rendered HTML,2023–24 UEFA Europa Conference League qualifying (first and second round matches)
2023-07-27,UEFA,UEFA 3rd Division,3,2023–24,Differdange 03,Maribor,1-1,D,Continental,Wikipedia rendered HTML,2023–24 UEFA Europa Conference League qualifying (first and second round matches)
2023-07-27,UEFA,UEFA 3rd Division,3,2023–24,Djurgårdens IF,Luzern,1-2,A,Continental,Wikipedia rendered HTML,2023–24 UEFA Europa Conference League qualifying (first and second round matches)
2023-07-27,UEFA,UEFA 3rd Division,3,2023–24,Dukagjini,Rijeka,0-1,A,Continental,Wikipedia rendered HTML,2023–24 UEFA Europa Conference League qualifying (first and second round matches)
2023-07-27,UEFA,UEFA 3rd Division,3,2023–24,Farul Constanța,Urartu,3-2,H,Continental,Wikipedia rendered HTML,2023–24 UEFA Europa Conference League qualifying (first and second round matches)
2023-07-27,UEFA,UEFA 3rd Division,3,2023–24,Ferencváros,Shamrock Rovers,4-0,H,Continental,Wikipedia rendered HTML,2023–24 UEFA Europa Conference League qualifying (first and second round matches)
2023-07-27,UEFA,UEFA 3rd Division,3,2023–24,Gabala,Omonia,2-3,A,Continental,Wikipedia rendered HTML,2023–24 UEFA Europa Conference League qualifying (first and second round matches)
2023-07-27,UEFA,UEFA 3rd Division,3,2023–24,Gent,Žilina,5-1,H,Continental,Wikipedia rendered HTML,2023–24 UEFA Europa Conference League qualifying (first and second round matches)
2023-07-27,UEFA,UEFA 3rd Division,3,2023–24,Gżira United,F91 Dudelange,2-0,H,Continental,Wikipedia rendered HTML,2023–24 UEFA Europa Conference League qualifying (first and second round matches)
2023-07-27,UEFA,UEFA 3rd Division,3,2023–24,Hapoel Be'er Sheva,Panevėžys,1-0,H,Continental,Wikipedia rendered HTML,2023–24 UEFA Europa Conference League qualifying (first and second round matches)
2023-07-27,UEFA,UEFA 3rd Division,3,2023–24,Inter Club d'Escaldes,Hibernian,2-1,H,Continental,Wikipedia rendered HTML,2023–24 UEFA Europa Conference League qualifying (first and second round matches)
2023-07-27,UEFA,UEFA 3rd Division,3,2023–24,KA,Dundalk,3-1,H,Continental,Wikipedia rendered HTML,2023–24 UEFA Europa Conference League qualifying (first and second round matches)
2023-07-27,UEFA,UEFA 3rd Division,3,2023–24,Kalmar FF,Pyunik,1-2,A,Continental,Wikipedia rendered HTML,2023–24 UEFA Europa Conference League qualifying (first and second round matches)
2023-07-27,UEFA,UEFA 3rd Division,3,2023–24,Kecskemét,Riga,2-1,H,Continental,Wikipedia rendered HTML,2023–24 UEFA Europa Conference League qualifying (first and second round matches)
2023-07-27,UEFA,UEFA 3rd Division,3,2023–24,Lech Poznań,Kauno Žalgiris,3-1,H,Continental,Wikipedia rendered HTML,2023–24 UEFA Europa Conference League qualifying (first and second round matches)
2023-07-27,UEFA,UEFA 3rd Division,3,2023–24,Linfield,Pogoń Szczecin,2-5,A,Continental,Wikipedia rendered HTML,2023–24 UEFA Europa Conference League qualifying (first and second round matches)
2023-07-27,UEFA,UEFA 3rd Division,3,2023–24,Maccabi Tel Aviv,Petrocub Hîncești,3-0,H,Continental,Wikipedia rendered HTML,2023–24 UEFA Europa Conference League qualifying (first and second round matches)
2023-07-27,UEFA,UEFA 3rd Division,3,2023–24,Ordabasy,Legia Warsaw,2-2,D,Continental,Wikipedia rendered HTML,2023–24 UEFA Europa Conference League qualifying (first and second round matches)
2023-07-27,UEFA,UEFA 3rd Division,3,2023–24,Osijek,Zalaegerszeg,1-0,H,Continental,Wikipedia rendered HTML,2023–24 UEFA Europa Conference League qualifying (first and second round matches)
2023-07-27,UEFA,UEFA 3rd Division,3,2023–24,PAOK,Beitar Jerusalem,0-0,D,Continental,Wikipedia rendered HTML,2023–24 UEFA Europa Conference League qualifying (first and second round matches)
2023-07-27,UEFA,UEFA 3rd Division,3,2023–24,Shkupi,Levski Sofia,0-2,A,Continental,Wikipedia rendered HTML,2023–24 UEFA Europa Conference League qualifying (first and second round matches)
2023-07-27,UEFA,UEFA 3rd Division,3,2023–24,Sutjeska,FC Santa Coloma,2-0,H,Continental,Wikipedia rendered HTML,2023–24 UEFA Europa Conference League qualifying (first and second round matches)
2023-07-27,UEFA,UEFA 3rd Division,3,2023–24,Torpedo Kutaisi,Aktobe,1-4,A,Continental,Wikipedia rendered HTML,2023–24 UEFA Europa Conference League qualifying (first and second round matches)
2023-07-27,UEFA,UEFA 3rd Division,3,2023–24,Torpedo-BelAZ Zhodino,AEK Larnaca,2-3,A,Continental,Wikipedia rendered HTML,2023–24 UEFA Europa Conference League qualifying (first and second round matches)
2023-07-27,UEFA,UEFA 3rd Division,3,2023–24,Twente,Hammarby IF,1-0,H,Continental,Wikipedia rendered HTML,2023–24 UEFA Europa Conference League qualifying (first and second round matches)
2023-07-27,UEFA,UEFA 3rd Division,3,2023–24,Viktoria Plzeň,Drita,0-0,D,Continental,Wikipedia rendered HTML,2023–24 UEFA Europa Conference League qualifying (first and second round matches)
2023-07-27,UEFA,UEFA 3rd Division,3,2023–24,Vorskla Poltava,Dila Gori,2-1,H,Continental,Wikipedia rendered HTML,2023–24 UEFA Europa Conference League qualifying (first and second round matches)
2023-07-27,UEFA,UEFA 3rd Division,3,2023–24,Željezničar,Neftçi,2-2,D,Continental,Wikipedia rendered HTML,2023–24 UEFA Europa Conference League qualifying (first and second round matches)
2023-08-01,UEFA,UEFA 3rd Division,3,2023–24,Balzan,Neman Grodno,0-0,D,Continental,Wikipedia rendered HTML,2023–24 UEFA Europa Conference League qualifying (first and second round matches)
2023-08-01,UEFA,UEFA 3rd Division,3,2023–24,Budućnost Podgorica,Struga,3-4,A,Continental,Wikipedia rendered HTML,2023–24 UEFA Europa Conference League qualifying (first and second round matches)
2023-08-01,UEFA,UEFA 3rd Division,3,2023–24,Partizani,Atlètic Club d'Escaldes,4-1,H,Continental,Wikipedia rendered HTML,2023–24 UEFA Europa Conference League qualifying (first and second round matches)
2023-08-01,UEFA,UEFA 3rd Division,3,2023–24,Swift Hesperange,The New Saints,3-2,H,Continental,Wikipedia rendered HTML,2023–24 UEFA Europa Conference League qualifying (first and second round matches)
2023-08-01,UEFA,UEFA 3rd Division,3,2023–24,Valmiera,Tre Penne,7-0,H,Continental,Wikipedia rendered HTML,2023–24 UEFA Europa Conference League qualifying (first and second round matches)
2023-08-01,UEFA,UEFA 3rd Division,3,2023–24,Zimbru Chișinău,Fenerbahçe,0-4,A,Continental,Wikipedia rendered HTML,2023–24 UEFA Europa Conference League qualifying (first and second round matches)
2023-08-02,UEFA,UEFA 3rd Division,3,2023–24,AEK Larnaca,Torpedo-BelAZ Zhodino,1-1,D,Continental,Wikipedia rendered HTML,2023–24 UEFA Europa Conference League qualifying (first and second round matches)
2023-08-02,UEFA,UEFA 3rd Division,3,2023–24,F91 Dudelange,Gżira United,2-1,H,Continental,Wikipedia rendered HTML,2023–24 UEFA Europa Conference League qualifying (first and second round matches)
2023-08-03,UEFA,UEFA 3rd Division,3,2023–24,AGF,Club Brugge,1-0,H,Continental,Wikipedia rendered HTML,2023–24 UEFA Europa Conference League qualifying (first and second round matches)
2023-08-03,UEFA,UEFA 3rd Division,3,2023–24,Adana Demirspor,CFR Cluj,2-1,H,Continental,Wikipedia rendered HTML,2023–24 UEFA Europa Conference League qualifying (first and second round matches)
2023-08-03,UEFA,UEFA 3rd Division,3,2023–24,Aktobe,Torpedo Kutaisi,1-2,A,Continental,Wikipedia rendered HTML,2023–24 UEFA Europa Conference League qualifying (first and second round matches)
2023-08-03,UEFA,UEFA 3rd Division,3,2023–24,Aris,Ararat-Armenia,1-0,H,Continental,Wikipedia rendered HTML,2023–24 UEFA Europa Conference League qualifying (first and second round matches)
2023-08-03,UEFA,UEFA 3rd Division,3,2023–24,Beitar Jerusalem,PAOK,1-4,A,Continental,Wikipedia rendered HTML,2023–24 UEFA Europa Conference League qualifying (first and second round matches)
2023-08-03,UEFA,UEFA 3rd Division,3,2023–24,Bohemians 1905,Bodø/Glimt,2-4,A,Continental,Wikipedia rendered HTML,2023–24 UEFA Europa Conference League qualifying (first and second round matches)
2023-08-03,UEFA,UEFA 3rd Division,3,2023–24,Borac Banja Luka,Austria Wien,1-2,A,Continental,Wikipedia rendered HTML,2023–24 UEFA Europa Conference League qualifying (first and second round matches)
2023-08-03,UEFA,UEFA 3rd Division,3,2023–24,Debrecen,Alashkert,1-2,A,Continental,Wikipedia rendered HTML,2023–24 UEFA Europa Conference League qualifying (first and second round matches)
2023-08-03,UEFA,UEFA 3rd Division,3,2023–24,Dila Gori,Vorskla Poltava,3-1,H,Continental,Wikipedia rendered HTML,2023–24 UEFA Europa Conference League qualifying (first and second round matches)
2023-08-03,UEFA,UEFA 3rd Division,3,2023–24,Dinamo Tbilisi,Hamrun Spartans,0-1,A,Continental,Wikipedia rendered HTML,2023–24 UEFA Europa Conference League qualifying (first and second round matches)
2023-08-03,UEFA,UEFA 3rd Division,3,2023–24,Drita,Viktoria Plzeň,1-2,A,Continental,Wikipedia rendered HTML,2023–24 UEFA Europa Conference League qualifying (first and second round matches)
2023-08-03,UEFA,UEFA 3rd Division,3,2023–24,Dundalk,KA,2-2,D,Continental,Wikipedia rendered HTML,2023–24 UEFA Europa Conference League qualifying (first and second round matches)
2023-08-03,UEFA,UEFA 3rd Division,3,2023–24,FC Santa Coloma,Sutjeska,3-0,H,Continental,Wikipedia rendered HTML,2023–24 UEFA Europa Conference League qualifying (first and second round matches)
2023-08-03,UEFA,UEFA 3rd Division,3,2023–24,FCSB,CSKA 1948,3-2,H,Continental,Wikipedia rendered HTML,2023–24 UEFA Europa Conference League qualifying (first and second round matches)
2023-08-03,UEFA,UEFA 3rd Division,3,2023–24,Hammarby IF,Twente,1-1,D,Continental,Wikipedia rendered HTML,2023–24 UEFA Europa Conference League qualifying (first and second round matches)
2023-08-03,UEFA,UEFA 3rd Division,3,2023–24,Haverfordwest County,B36,1-1,D,Continental,Wikipedia rendered HTML,2023–24 UEFA Europa Conference League qualifying (first and second round matches)
2023-08-03,UEFA,UEFA 3rd Division,3,2023–24,Hibernian,Inter Club d'Escaldes,6-1,H,Continental,Wikipedia rendered HTML,2023–24 UEFA Europa Conference League qualifying (first and second round matches)
2023-08-03,UEFA,UEFA 3rd Division,3,2023–24,Kauno Žalgiris,Lech Poznań,1-2,A,Continental,Wikipedia rendered HTML,2023–24 UEFA Europa Conference League qualifying (first and second round matches)
2023-08-03,UEFA,UEFA 3rd Division,3,2023–24,KuPS,Derry City,3-3,D,Continental,Wikipedia rendered HTML,2023–24 UEFA Europa Conference League qualifying (first and second round matches)
2023-08-03,UEFA,UEFA 3rd Division,3,2023–24,Larne,Ballkani,1-4,A,Continental,Wikipedia rendered HTML,2023–24 UEFA Europa Conference League qualifying (first and second round matches)
2023-08-03,UEFA,UEFA 3rd Division,3,2023–24,Legia Warsaw,Ordabasy,3-2,H,Continental,Wikipedia rendered HTML,2023–24 UEFA Europa Conference League qualifying (first and second round matches)
2023-08-03,UEFA,UEFA 3rd Division,3,2023–24,Levski Sofia,Shkupi,1-0,H,Continental,Wikipedia rendered HTML,2023–24 UEFA Europa Conference League qualifying (first and second round matches)
2023-08-03,UEFA,UEFA 3rd Division,3,2023–24,Luzern,Djurgårdens IF,1-1,D,Continental,Wikipedia rendered HTML,2023–24 UEFA Europa Conference League qualifying (first and second round matches)
2023-08-03,UEFA,UEFA 3rd Division,3,2023–24,Maribor,Differdange 03,4-3,H,Continental,Wikipedia rendered HTML,2023–24 UEFA Europa Conference League qualifying (first and second round matches)
2023-08-03,UEFA,UEFA 3rd Division,3,2023–24,Neftçi,Željezničar,2-0,H,Continental,Wikipedia rendered HTML,2023–24 UEFA Europa Conference League qualifying (first and second round matches)
2023-08-03,UEFA,UEFA 3rd Division,3,2023–24,Omonia,Gabala,4-1,H,Continental,Wikipedia rendered HTML,2023–24 UEFA Europa Conference League qualifying (first and second round matches)
2023-08-03,UEFA,UEFA 3rd Division,3,2023–24,Panevėžys,Hapoel Be'er Sheva,1-1,D,Continental,Wikipedia rendered HTML,2023–24 UEFA Europa Conference League qualifying (first and second round matches)
2023-08-03,UEFA,UEFA 3rd Division,3,2023–24,Petrocub Hîncești,Maccabi Tel Aviv,0-2,A,Continental,Wikipedia rendered HTML,2023–24 UEFA Europa Conference League qualifying (first and second round matches)
2023-08-03,UEFA,UEFA 3rd Division,3,2023–24,Pogoń Szczecin,Linfield,3-2,H,Continental,Wikipedia rendered HTML,2023–24 UEFA Europa Conference League qualifying (first and second round matches)
2023-08-03,UEFA,UEFA 3rd Division,3,2023–24,Progrès Niederkorn,Midtjylland,2-1,H,Continental,Wikipedia rendered HTML,2023–24 UEFA Europa Conference League qualifying (first and second round matches)
2023-08-03,UEFA,UEFA 3rd Division,3,2023–24,Pyunik,Kalmar FF,2-1,H,Continental,Wikipedia rendered HTML,2023–24 UEFA Europa Conference League qualifying (first and second round matches)
2023-08-03,UEFA,UEFA 3rd Division,3,2023–24,Riga,Kecskemét,3-1,H,Continental,Wikipedia rendered HTML,2023–24 UEFA Europa Conference League qualifying (first and second round matches)
2023-08-03,UEFA,UEFA 3rd Division,3,2023–24,Rijeka,Dukagjini,6-1,H,Continental,Wikipedia rendered HTML,2023–24 UEFA Europa Conference League qualifying (first and second round matches)
2023-08-03,UEFA,UEFA 3rd Division,3,2023–24,Rosenborg,Crusaders,3-2,H,Continental,Wikipedia rendered HTML,2023–24 UEFA Europa Conference League qualifying (first and second round matches)
2023-08-03,UEFA,UEFA 3rd Division,3,2023–24,Sabah,RFS,2-1,H,Continental,Wikipedia rendered HTML,2023–24 UEFA Europa Conference League qualifying (first and second round matches)
2023-08-03,UEFA,UEFA 3rd Division,3,2023–24,Sepsi OSK,CSKA Sofia,4-0,H,Continental,Wikipedia rendered HTML,2023–24 UEFA Europa Conference League qualifying (first and second round matches)
2023-08-03,UEFA,UEFA 3rd Division,3,2023–24,Shamrock Rovers,Ferencváros,0-2,A,Continental,Wikipedia rendered HTML,2023–24 UEFA Europa Conference League qualifying (first and second round matches)
2023-08-03,UEFA,UEFA 3rd Division,3,2023–24,Spartak Trnava,Auda,4-1,H,Continental,Wikipedia rendered HTML,2023–24 UEFA Europa Conference League qualifying (first and second round matches)
2023-08-03,UEFA,UEFA 3rd Division,3,2023–24,Tirana,Beşiktaş,0-2,A,Continental,Wikipedia rendered HTML,2023–24 UEFA Europa Conference League qualifying (first and second round matches)
2023-08-03,UEFA,UEFA 3rd Division,3,2023–24,Tobol,Basel,1-2,A,Continental,Wikipedia rendered HTML,2023–24 UEFA Europa Conference League qualifying (first and second round matches)
2023-08-03,UEFA,UEFA 3rd Division,3,2023–24,Urartu,Farul Constanța,2-3,A,Continental,Wikipedia rendered HTML,2023–24 UEFA Europa Conference League qualifying (first and second round matches)
2023-08-03,UEFA,UEFA 3rd Division,3,2023–24,Vitória de Guimarães,Celje,0-1,A,Continental,Wikipedia rendered HTML,2023–24 UEFA Europa Conference League qualifying (first and second round matches)
2023-08-03,UEFA,UEFA 3rd Division,3,2023–24,Vojvodina,APOEL,1-2,A,Continental,Wikipedia rendered HTML,2023–24 UEFA Europa Conference League qualifying (first and second round matches)
2023-08-03,UEFA,UEFA 3rd Division,3,2023–24,Zalaegerszeg,Osijek,1-2,A,Continental,Wikipedia rendered HTML,2023–24 UEFA Europa Conference League qualifying (first and second round matches)
2023-08-03,UEFA,UEFA 3rd Division,3,2023–24,Žilina,Gent,2-5,A,Continental,Wikipedia rendered HTML,2023–24 UEFA Europa Conference League qualifying (first and second round matches)
2023-08-09,UEFA,UEFA 3rd Division,3,2023–24,AEK Larnaca,Maccabi Tel Aviv,1-1,D,Continental,Wikipedia rendered HTML,2023–24 UEFA Europa Conference League qualifying (third and play-off round matches)
2023-08-09,UEFA,UEFA 3rd Division,3,2023–24,Gent,Pogoń Szczecin,5-0,H,Continental,Wikipedia rendered HTML,2023–24 UEFA Europa Conference League qualifying (third and play-off round matches)
2023-08-10,UEFA,UEFA 3rd Division,3,2023–24,Adana Demirspor,Osijek,5-1,H,Continental,Wikipedia rendered HTML,2023–24 UEFA Europa Conference League qualifying (third and play-off round matches)
2023-08-10,UEFA,UEFA 3rd Division,3,2023–24,Aris,Dynamo Kyiv,1-0,H,Continental,Wikipedia rendered HTML,2023–24 UEFA Europa Conference League qualifying (third and play-off round matches)
2023-08-10,UEFA,UEFA 3rd Division,3,2023–24,Arouca,Brann,2-1,H,Continental,Wikipedia rendered HTML,2023–24 UEFA Europa Conference League qualifying (third and play-off round matches)
2023-08-10,UEFA,UEFA 3rd Division,3,2023–24,B36,Rijeka,1-3,A,Continental,Wikipedia rendered HTML,2023–24 UEFA Europa Conference League qualifying (third and play-off round matches)
2023-08-10,UEFA,UEFA 3rd Division,3,2023–24,Ballkani,Lincoln Red Imps,2-0,H,Continental,Wikipedia rendered HTML,2023–24 UEFA Europa Conference League qualifying (third and play-off round matches)
2023-08-10,UEFA,UEFA 3rd Division,3,2023–24,Bodø/Glimt,Pyunik,3-0,H,Continental,Wikipedia rendered HTML,2023–24 UEFA Europa Conference League qualifying (third and play-off round matches)
2023-08-10,UEFA,UEFA 3rd Division,3,2023–24,Celje,Neman Grodno,1-0,H,Continental,Wikipedia rendered HTML,2023–24 UEFA Europa Conference League qualifying (third and play-off round matches)
2023-08-10,UEFA,UEFA 3rd Division,3,2023–24,Club Brugge,KA,5-1,H,Continental,Wikipedia rendered HTML,2023–24 UEFA Europa Conference League qualifying (third and play-off round matches)
2023-08-10,UEFA,UEFA 3rd Division,3,2023–24,Dila Gori,APOEL,0-2,A,Continental,Wikipedia rendered HTML,2023–24 UEFA Europa Conference League qualifying (third and play-off round matches)
2023-08-10,UEFA,UEFA 3rd Division,3,2023–24,FC Santa Coloma,AZ,0-1,A,Continental,Wikipedia rendered HTML,2023–24 UEFA Europa Conference League qualifying (third and play-off round matches)
2023-08-10,UEFA,UEFA 3rd Division,3,2023–24,FCSB,Nordsjælland,0-0,D,Continental,Wikipedia rendered HTML,2023–24 UEFA Europa Conference League qualifying (third and play-off round matches)
2023-08-10,UEFA,UEFA 3rd Division,3,2023–24,Farul Constanța,Flora,3-0,H,Continental,Wikipedia rendered HTML,2023–24 UEFA Europa Conference League qualifying (third and play-off round matches)
2023-08-10,UEFA,UEFA 3rd Division,3,2023–24,Fenerbahçe,Maribor,3-1,H,Continental,Wikipedia rendered HTML,2023–24 UEFA Europa Conference League qualifying (third and play-off round matches)
2023-08-10,UEFA,UEFA 3rd Division,3,2023–24,Hajduk Split,PAOK,0-0,D,Continental,Wikipedia rendered HTML,2023–24 UEFA Europa Conference League qualifying (third and play-off round matches)
2023-08-10,UEFA,UEFA 3rd Division,3,2023–24,Hamrun Spartans,Ferencváros,1-6,A,Continental,Wikipedia rendered HTML,2023–24 UEFA Europa Conference League qualifying (third and play-off round matches)
2023-08-10,UEFA,UEFA 3rd Division,3,2023–24,Hapoel Be'er Sheva,Levski Sofia,0-0,D,Continental,Wikipedia rendered HTML,2023–24 UEFA Europa Conference League qualifying (third and play-off round matches)
2023-08-10,UEFA,UEFA 3rd Division,3,2023–24,Hibernian,Luzern,3-1,H,Continental,Wikipedia rendered HTML,2023–24 UEFA Europa Conference League qualifying (third and play-off round matches)
2023-08-10,UEFA,UEFA 3rd Division,3,2023–24,Lech Poznań,Spartak Trnava,2-1,H,Continental,Wikipedia rendered HTML,2023–24 UEFA Europa Conference League qualifying (third and play-off round matches)
2023-08-10,UEFA,UEFA 3rd Division,3,2023–24,Legia Warsaw,Austria Wien,1-2,A,Continental,Wikipedia rendered HTML,2023–24 UEFA Europa Conference League qualifying (third and play-off round matches)
2023-08-10,UEFA,UEFA 3rd Division,3,2023–24,Neftçi,Beşiktaş,1-3,A,Continental,Wikipedia rendered HTML,2023–24 UEFA Europa Conference League qualifying (third and play-off round matches)
2023-08-10,UEFA,UEFA 3rd Division,3,2023–24,Omonia,Midtjylland,1-0,H,Continental,Wikipedia rendered HTML,2023–24 UEFA Europa Conference League qualifying (third and play-off round matches)
2023-08-10,UEFA,UEFA 3rd Division,3,2023–24,Rapid Wien,Debrecen,0-0,D,Continental,Wikipedia rendered HTML,2023–24 UEFA Europa Conference League qualifying (third and play-off round matches)
2023-08-10,UEFA,UEFA 3rd Division,3,2023–24,Rosenborg,Heart of Midlothian,2-1,H,Continental,Wikipedia rendered HTML,2023–24 UEFA Europa Conference League qualifying (third and play-off round matches)
2023-08-10,UEFA,UEFA 3rd Division,3,2023–24,Sabah,Partizan,2-0,H,Continental,Wikipedia rendered HTML,2023–24 UEFA Europa Conference League qualifying (third and play-off round matches)
2023-08-10,UEFA,UEFA 3rd Division,3,2023–24,Sepsi OSK,Aktobe,1-1,D,Continental,Wikipedia rendered HTML,2023–24 UEFA Europa Conference League qualifying (third and play-off round matches)
2023-08-10,UEFA,UEFA 3rd Division,3,2023–24,Struga,Swift Hesperange,3-1,H,Continental,Wikipedia rendered HTML,2023–24 UEFA Europa Conference League qualifying (third and play-off round matches)
2023-08-10,UEFA,UEFA 3rd Division,3,2023–24,Tobol,Derry City,1-0,H,Continental,Wikipedia rendered HTML,2023–24 UEFA Europa Conference League qualifying (third and play-off round matches)
2023-08-10,UEFA,UEFA 3rd Division,3,2023–24,Twente,Riga,2-0,H,Continental,Wikipedia rendered HTML,2023–24 UEFA Europa Conference League qualifying (third and play-off round matches)
2023-08-10,UEFA,UEFA 3rd Division,3,2023–24,Valmiera,Partizani,1-2,A,Continental,Wikipedia rendered HTML,2023–24 UEFA Europa Conference League qualifying (third and play-off round matches)
2023-08-10,UEFA,UEFA 3rd Division,3,2023–24,Viktoria Plzeň,Gżira United,4-0,H,Continental,Wikipedia rendered HTML,2023–24 UEFA Europa Conference League qualifying (third and play-off round matches)
2023-08-16,UEFA,UEFA 3rd Division,3,2023–24,Flora,Farul Constanța,0-2,A,Continental,Wikipedia rendered HTML,2023–24 UEFA Europa Conference League qualifying (third and play-off round matches)
2023-08-17,UEFA,UEFA 3rd Division,3,2023–24,APOEL,Dila Gori,1-0,H,Continental,Wikipedia rendered HTML,2023–24 UEFA Europa Conference League qualifying (third and play-off round matches)
2023-08-17,UEFA,UEFA 3rd Division,3,2023–24,AZ,FC Santa Coloma,2-0,H,Continental,Wikipedia rendered HTML,2023–24 UEFA Europa Conference League qualifying (third and play-off round matches)
2023-08-17,UEFA,UEFA 3rd Division,3,2023–24,Aktobe,Sepsi OSK,0-1,A,Continental,Wikipedia rendered HTML,2023–24 UEFA Europa Conference League qualifying (third and play-off round matches)
2023-08-17,UEFA,UEFA 3rd Division,3,2023–24,Austria Wien,Legia Warsaw,3-5,A,Continental,Wikipedia rendered HTML,2023–24 UEFA Europa Conference League qualifying (third and play-off round matches)
2023-08-17,UEFA,UEFA 3rd Division,3,2023–24,Beşiktaş,Neftçi,2-1,H,Continental,Wikipedia rendered HTML,2023–24 UEFA Europa Conference League qualifying (third and play-off round matches)
2023-08-17,UEFA,UEFA 3rd Division,3,2023–24,Brann,Arouca,3-1,H,Continental,Wikipedia rendered HTML,2023–24 UEFA Europa Conference League qualifying (third and play-off round matches)
2023-08-17,UEFA,UEFA 3rd Division,3,2023–24,Debrecen,Rapid Wien,0-5,A,Continental,Wikipedia rendered HTML,2023–24 UEFA Europa Conference League qualifying (third and play-off round matches)
2023-08-17,UEFA,UEFA 3rd Division,3,2023–24,Derry City,Tobol,1-0,H,Continental,Wikipedia rendered HTML,2023–24 UEFA Europa Conference League qualifying (third and play-off round matches)
2023-08-17,UEFA,UEFA 3rd Division,3,2023–24,Dynamo Kyiv,Aris,2-1,H,Continental,Wikipedia rendered HTML,2023–24 UEFA Europa Conference League qualifying (third and play-off round matches)
2023-08-17,UEFA,UEFA 3rd Division,3,2023–24,Ferencváros,Hamrun Spartans,2-1,H,Continental,Wikipedia rendered HTML,2023–24 UEFA Europa Conference League qualifying (third and play-off round matches)
2023-08-17,UEFA,UEFA 3rd Division,3,2023–24,Gżira United,Viktoria Plzeň,0-2,A,Continental,Wikipedia rendered HTML,2023–24 UEFA Europa Conference League qualifying (third and play-off round matches)
2023-08-17,UEFA,UEFA 3rd Division,3,2023–24,Heart of Midlothian,Rosenborg,3-1,H,Continental,Wikipedia rendered HTML,2023–24 UEFA Europa Conference League qualifying (third and play-off round matches)
2023-08-17,UEFA,UEFA 3rd Division,3,2023–24,KA,Club Brugge,1-5,A,Continental,Wikipedia rendered HTML,2023–24 UEFA Europa Conference League qualifying (third and play-off round matches)
2023-08-17,UEFA,UEFA 3rd Division,3,2023–24,Levski Sofia,Hapoel Be'er Sheva,2-1,H,Continental,Wikipedia rendered HTML,2023–24 UEFA Europa Conference League qualifying (third and play-off round matches)
2023-08-17,UEFA,UEFA 3rd Division,3,2023–24,Lincoln Red Imps,Ballkani,1-3,A,Continental,Wikipedia rendered HTML,2023–24 UEFA Europa Conference League qualifying (third and play-off round matches)
2023-08-17,UEFA,UEFA 3rd Division,3,2023–24,Luzern,Hibernian,2-2,D,Continental,Wikipedia rendered HTML,2023–24 UEFA Europa Conference League qualifying (third and play-off round matches)
2023-08-17,UEFA,UEFA 3rd Division,3,2023–24,Maccabi Tel Aviv,AEK Larnaca,1-0,H,Continental,Wikipedia rendered HTML,2023–24 UEFA Europa Conference League qualifying (third and play-off round matches)
2023-08-17,UEFA,UEFA 3rd Division,3,2023–24,Maribor,Fenerbahçe,0-3,A,Continental,Wikipedia rendered HTML,2023–24 UEFA Europa Conference League qualifying (third and play-off round matches)
2023-08-17,UEFA,UEFA 3rd Division,3,2023–24,Midtjylland,Omonia,5-1,H,Continental,Wikipedia rendered HTML,2023–24 UEFA Europa Conference League qualifying (third and play-off round matches)
2023-08-17,UEFA,UEFA 3rd Division,3,2023–24,Neman Grodno,Celje,1-4,A,Continental,Wikipedia rendered HTML,2023–24 UEFA Europa Conference League qualifying (third and play-off round matches)
2023-08-17,UEFA,UEFA 3rd Division,3,2023–24,Nordsjælland,FCSB,2-0,H,Continental,Wikipedia rendered HTML,2023–24 UEFA Europa Conference League qualifying (third and play-off round matches)
2023-08-17,UEFA,UEFA 3rd Division,3,2023–24,Osijek,Adana Demirspor,3-2,H,Continental,Wikipedia rendered HTML,2023–24 UEFA Europa Conference League qualifying (third and play-off round matches)
2023-08-17,UEFA,UEFA 3rd Division,3,2023–24,PAOK,Hajduk Split,3-0,H,Continental,Wikipedia rendered HTML,2023–24 UEFA Europa Conference League qualifying (third and play-off round matches)
2023-08-17,UEFA,UEFA 3rd Division,3,2023–24,Partizan,Sabah,2-0,H,Continental,Wikipedia rendered HTML,2023–24 UEFA Europa Conference League qualifying (third and play-off round matches)
2023-08-17,UEFA,UEFA 3rd Division,3,2023–24,Partizani,Valmiera,1-0,H,Continental,Wikipedia rendered HTML,2023–24 UEFA Europa Conference League qualifying (third and play-off round matches)
2023-08-17,UEFA,UEFA 3rd Division,3,2023–24,Pogoń Szczecin,Gent,2-1,H,Continental,Wikipedia rendered HTML,2023–24 UEFA Europa Conference League qualifying (third and play-off round matches)
2023-08-17,UEFA,UEFA 3rd Division,3,2023–24,Pyunik,Bodø/Glimt,0-3,A,Continental,Wikipedia rendered HTML,2023–24 UEFA Europa Conference League qualifying (third and play-off round matches)
2023-08-17,UEFA,UEFA 3rd Division,3,2023–24,Riga,Twente,0-3,A,Continental,Wikipedia rendered HTML,2023–24 UEFA Europa Conference League qualifying (third and play-off round matches)
2023-08-17,UEFA,UEFA 3rd Division,3,2023–24,Rijeka,B36,2-0,H,Continental,Wikipedia rendered HTML,2023–24 UEFA Europa Conference League qualifying (third and play-off round matches)
2023-08-17,UEFA,UEFA 3rd Division,3,2023–24,Spartak Trnava,Lech Poznań,3-1,H,Continental,Wikipedia rendered HTML,2023–24 UEFA Europa Conference League qualifying (third and play-off round matches)
2023-08-17,UEFA,UEFA 3rd Division,3,2023–24,Swift Hesperange,Struga,2-1,H,Continental,Wikipedia rendered HTML,2023–24 UEFA Europa Conference League qualifying (third and play-off round matches)
2023-08-23,UEFA,UEFA 3rd Division,3,2023–24,Hibernian,Aston Villa,0-5,A,Continental,Wikipedia rendered HTML,2023–24 UEFA Europa Conference League qualifying (third and play-off round matches)
2023-08-23,UEFA,UEFA 3rd Division,3,2023–24,Spartak Trnava,Dnipro-1,1-1,D,Continental,Wikipedia rendered HTML,2023–24 UEFA Europa Conference League qualifying (third and play-off round matches)
2023-08-24,UEFA,UEFA 3rd Division,3,2023–24,AZ,Brann,1-1,D,Continental,Wikipedia rendered HTML,2023–24 UEFA Europa Conference League qualifying (third and play-off round matches)
2023-08-24,UEFA,UEFA 3rd Division,3,2023–24,Astana,Partizani,1-0,H,Continental,Wikipedia rendered HTML,2023–24 UEFA Europa Conference League qualifying (third and play-off round matches)
2023-08-24,UEFA,UEFA 3rd Division,3,2023–24,Ballkani,BATE Borisov,4-1,H,Continental,Wikipedia rendered HTML,2023–24 UEFA Europa Conference League qualifying (third and play-off round matches)
2023-08-24,UEFA,UEFA 3rd Division,3,2023–24,Dynamo Kyiv,Beşiktaş,2-3,A,Continental,Wikipedia rendered HTML,2023–24 UEFA Europa Conference League qualifying (third and play-off round matches)
2023-08-24,UEFA,UEFA 3rd Division,3,2023–24,Farul Constanța,HJK,2-1,H,Continental,Wikipedia rendered HTML,2023–24 UEFA Europa Conference League qualifying (third and play-off round matches)
2023-08-24,UEFA,UEFA 3rd Division,3,2023–24,Fenerbahçe,Twente,5-1,H,Continental,Wikipedia rendered HTML,2023–24 UEFA Europa Conference League qualifying (third and play-off round matches)
2023-08-24,UEFA,UEFA 3rd Division,3,2023–24,Genk,Adana Demirspor,2-1,H,Continental,Wikipedia rendered HTML,2023–24 UEFA Europa Conference League qualifying (third and play-off round matches)
2023-08-24,UEFA,UEFA 3rd Division,3,2023–24,Gent,APOEL,2-0,H,Continental,Wikipedia rendered HTML,2023–24 UEFA Europa Conference League qualifying (third and play-off round matches)
2023-08-24,UEFA,UEFA 3rd Division,3,2023–24,Heart of Midlothian,PAOK,1-2,A,Continental,Wikipedia rendered HTML,2023–24 UEFA Europa Conference League qualifying (third and play-off round matches)
2023-08-24,UEFA,UEFA 3rd Division,3,2023–24,Levski Sofia,Eintracht Frankfurt,1-1,D,Continental,Wikipedia rendered HTML,2023–24 UEFA Europa Conference League qualifying (third and play-off round matches)
2023-08-24,UEFA,UEFA 3rd Division,3,2023–24,Lille,Rijeka,2-1,H,Continental,Wikipedia rendered HTML,2023–24 UEFA Europa Conference League qualifying (third and play-off round matches)
2023-08-24,UEFA,UEFA 3rd Division,3,2023–24,Maccabi Tel Aviv,Celje,4-1,H,Continental,Wikipedia rendered HTML,2023–24 UEFA Europa Conference League qualifying (third and play-off round matches)
2023-08-24,UEFA,UEFA 3rd Division,3,2023–24,Midtjylland,Legia Warsaw,3-3,D,Continental,Wikipedia rendered HTML,2023–24 UEFA Europa Conference League qualifying (third and play-off round matches)
2023-08-24,UEFA,UEFA 3rd Division,3,2023–24,Nordsjælland,Partizan,5-0,H,Continental,Wikipedia rendered HTML,2023–24 UEFA Europa Conference League qualifying (third and play-off round matches)
2023-08-24,UEFA,UEFA 3rd Division,3,2023–24,Osasuna,Club Brugge,1-2,A,Continental,Wikipedia rendered HTML,2023–24 UEFA Europa Conference League qualifying (third and play-off round matches)
2023-08-24,UEFA,UEFA 3rd Division,3,2023–24,Rapid Wien,Fiorentina,1-0,H,Continental,Wikipedia rendered HTML,2023–24 UEFA Europa Conference League qualifying (third and play-off round matches)
2023-08-24,UEFA,UEFA 3rd Division,3,2023–24,Sepsi OSK,Bodø/Glimt,2-2,D,Continental,Wikipedia rendered HTML,2023–24 UEFA Europa Conference League qualifying (third and play-off round matches)
2023-08-24,UEFA,UEFA 3rd Division,3,2023–24,Struga,Breiðablik,0-1,A,Continental,Wikipedia rendered HTML,2023–24 UEFA Europa Conference League qualifying (third and play-off round matches)
2023-08-24,UEFA,UEFA 3rd Division,3,2023–24,Tobol,Viktoria Plzeň,1-2,A,Continental,Wikipedia rendered HTML,2023–24 UEFA Europa Conference League qualifying (third and play-off round matches)
2023-08-24,UEFA,UEFA 3rd Division,3,2023–24,Žalgiris,Ferencváros,0-4,A,Continental,Wikipedia rendered HTML,2023–24 UEFA Europa Conference League qualifying (third and play-off round matches)
2023-08-31,UEFA,UEFA 3rd Division,3,2023–24,APOEL,Gent,1-2,A,Continental,Wikipedia rendered HTML,2023–24 UEFA Europa Conference League qualifying (third and play-off round matches)
2023-08-31,UEFA,UEFA 3rd Division,3,2023–24,Adana Demirspor,Genk,1-0,H,Continental,Wikipedia rendered HTML,2023–24 UEFA Europa Conference League qualifying (third and play-off round matches)
2023-08-31,UEFA,UEFA 3rd Division,3,2023–24,Aston Villa,Hibernian,3-0,H,Continental,Wikipedia rendered HTML,2023–24 UEFA Europa Conference League qualifying (third and play-off round matches)
2023-08-31,UEFA,UEFA 3rd Division,3,2023–24,BATE Borisov,Ballkani,1-0,H,Continental,Wikipedia rendered HTML,2023–24 UEFA Europa Conference League qualifying (third and play-off round matches)
2023-08-31,UEFA,UEFA 3rd Division,3,2023–24,Beşiktaş,Dynamo Kyiv,1-0,H,Continental,Wikipedia rendered HTML,2023–24 UEFA Europa Conference League qualifying (third and play-off round matches)
2023-08-31,UEFA,UEFA 3rd Division,3,2023–24,Bodø/Glimt,Sepsi OSK,3-2,H,Continental,Wikipedia rendered HTML,2023–24 UEFA Europa Conference League qualifying (third and play-off round matches)
2023-08-31,UEFA,UEFA 3rd Division,3,2023–24,Brann,AZ,3-3,D,Continental,Wikipedia rendered HTML,2023–24 UEFA Europa Conference League qualifying (third and play-off round matches)
2023-08-31,UEFA,UEFA 3rd Division,3,2023–24,Breiðablik,Struga,1-0,H,Continental,Wikipedia rendered HTML,2023–24 UEFA Europa Conference League qualifying (third and play-off round matches)
2023-08-31,UEFA,UEFA 3rd Division,3,2023–24,Celje,Maccabi Tel Aviv,1-1,D,Continental,Wikipedia rendered HTML,2023–24 UEFA Europa Conference League qualifying (third and play-off round matches)
2023-08-31,UEFA,UEFA 3rd Division,3,2023–24,Club Brugge,Osasuna,2-2,D,Continental,Wikipedia rendered HTML,2023–24 UEFA Europa Conference League qualifying (third and play-off round matches)
2023-08-31,UEFA,UEFA 3rd Division,3,2023–24,Dnipro-1,Spartak Trnava,1-2,A,Continental,Wikipedia rendered HTML,2023–24 UEFA Europa Conference League qualifying (third and play-off round matches)
2023-08-31,UEFA,UEFA 3rd Division,3,2023–24,Eintracht Frankfurt,Levski Sofia,2-0,H,Continental,Wikipedia rendered HTML,2023–24 UEFA Europa Conference League qualifying (third and play-off round matches)
2023-08-31,UEFA,UEFA 3rd Division,3,2023–24,Ferencváros,Žalgiris,3-0,H,Continental,Wikipedia rendered HTML,2023–24 UEFA Europa Conference League qualifying (third and play-off round matches)
2023-08-31,UEFA,UEFA 3rd Division,3,2023–24,Fiorentina,Rapid Wien,2-0,H,Continental,Wikipedia rendered HTML,2023–24 UEFA Europa Conference League qualifying (third and play-off round matches)
2023-08-31,UEFA,UEFA 3rd Division,3,2023–24,HJK,Farul Constanța,2-0,H,Continental,Wikipedia rendered HTML,2023–24 UEFA Europa Conference League qualifying (third and play-off round matches)
2023-08-31,UEFA,UEFA 3rd Division,3,2023–24,Legia Warsaw,Midtjylland,1-1,D,Continental,Wikipedia rendered HTML,2023–24 UEFA Europa Conference League qualifying (third and play-off round matches)
2023-08-31,UEFA,UEFA 3rd Division,3,2023–24,PAOK,Heart of Midlothian,4-0,H,Continental,Wikipedia rendered HTML,2023–24 UEFA Europa Conference League qualifying (third and play-off round matches)
2023-08-31,UEFA,UEFA 3rd Division,3,2023–24,Partizan,Nordsjælland,0-1,A,Continental,Wikipedia rendered HTML,2023–24 UEFA Europa Conference League qualifying (third and play-off round matches)
2023-08-31,UEFA,UEFA 3rd Division,3,2023–24,Partizani,Astana,1-1,D,Continental,Wikipedia rendered HTML,2023–24 UEFA Europa Conference League qualifying (third and play-off round matches)
2023-08-31,UEFA,UEFA 3rd Division,3,2023–24,Rijeka,Lille,1-1,D,Continental,Wikipedia rendered HTML,2023–24 UEFA Europa Conference League qualifying (third and play-off round matches)
2023-08-31,UEFA,UEFA 3rd Division,3,2023–24,Twente,Fenerbahçe,0-1,A,Continental,Wikipedia rendered HTML,2023–24 UEFA Europa Conference League qualifying (third and play-off round matches)
2023-08-31,UEFA,UEFA 3rd Division,3,2023–24,Viktoria Plzeň,Tobol,3-0,H,Continental,Wikipedia rendered HTML,2023–24 UEFA Europa Conference League qualifying (third and play-off round matches)
2023-09-20,UEFA,UEFA 3rd Division,3,2023–24,Lille,Olimpija Ljubljana,2-0,H,Continental,Wikipedia rendered HTML,2023–24 UEFA Europa Conference League group stage
2023-09-21,UEFA,UEFA 3rd Division,3,2023–24,Club Brugge,Beşiktaş,1-1,D,Continental,Wikipedia rendered HTML,2023–24 UEFA Europa Conference League group stage
2023-09-21,UEFA,UEFA 3rd Division,3,2023–24,Dinamo Zagreb,Astana,5-1,H,Continental,Wikipedia rendered HTML,2023–24 UEFA Europa Conference League group stage
2023-09-21,UEFA,UEFA 3rd Division,3,2023–24,Eintracht Frankfurt,Aberdeen,2-1,H,Continental,Wikipedia rendered HTML,2023–24 UEFA Europa Conference League group stage
2023-09-21,UEFA,UEFA 3rd Division,3,2023–24,Fenerbahçe,Nordsjælland,3-1,H,Continental,Wikipedia rendered HTML,2023–24 UEFA Europa Conference League group stage
2023-09-21,UEFA,UEFA 3rd Division,3,2023–24,Ferencváros,Čukarički,3-1,H,Continental,Wikipedia rendered HTML,2023–24 UEFA Europa Conference League group stage
2023-09-21,UEFA,UEFA 3rd Division,3,2023–24,Genk,Fiorentina,2-2,D,Continental,Wikipedia rendered HTML,2023–24 UEFA Europa Conference League group stage
2023-09-21,UEFA,UEFA 3rd Division,3,2023–24,HJK,PAOK,2-3,A,Continental,Wikipedia rendered HTML,2023–24 UEFA Europa Conference League group stage
2023-09-21,UEFA,UEFA 3rd Division,3,2023–24,Legia Warsaw,Aston Villa,3-2,H,Continental,Wikipedia rendered HTML,2023–24 UEFA Europa Conference League group stage
2023-09-21,UEFA,UEFA 3rd Division,3,2023–24,Ludogorets Razgrad,Spartak Trnava,4-0,H,Continental,Wikipedia rendered HTML,2023–24 UEFA Europa Conference League group stage
2023-09-21,UEFA,UEFA 3rd Division,3,2023–24,Lugano,Bodø/Glimt,0-0,D,Continental,Wikipedia rendered HTML,2023–24 UEFA Europa Conference League group stage
2023-09-21,UEFA,UEFA 3rd Division,3,2023–24,Maccabi Tel Aviv,Breiðablik,3-2,H,Continental,Wikipedia rendered HTML,2023–24 UEFA Europa Conference League group stage
2023-09-21,UEFA,UEFA 3rd Division,3,2023–24,Slovan Bratislava,KÍ,2-1,H,Continental,Wikipedia rendered HTML,2023–24 UEFA Europa Conference League group stage
2023-09-21,UEFA,UEFA 3rd Division,3,2023–24,Viktoria Plzeň,Ballkani,1-0,H,Continental,Wikipedia rendered HTML,2023–24 UEFA Europa Conference League group stage
2023-09-21,UEFA,UEFA 3rd Division,3,2023–24,Zorya Luhansk,Gent,1-1,D,Continental,Wikipedia rendered HTML,2023–24 UEFA Europa Conference League group stage
2023-09-21,UEFA,UEFA 3rd Division,3,2023–24,Zrinjski Mostar,AZ,4-3,H,Continental,Wikipedia rendered HTML,2023–24 UEFA Europa Conference League group stage
2023-10-05,UEFA,UEFA 3rd Division,3,2023–24,AZ,Legia Warsaw,1-0,H,Continental,Wikipedia rendered HTML,2023–24 UEFA Europa Conference League group stage
2023-10-05,UEFA,UEFA 3rd Division,3,2023–24,Aberdeen,HJK,1-1,D,Continental,Wikipedia rendered HTML,2023–24 UEFA Europa Conference League group stage
2023-10-05,UEFA,UEFA 3rd Division,3,2023–24,Astana,Viktoria Plzeň,1-2,A,Continental,Wikipedia rendered HTML,2023–24 UEFA Europa Conference League group stage
2023-10-05,UEFA,UEFA 3rd Division,3,2023–24,Aston Villa,Zrinjski Mostar,1-0,H,Continental,Wikipedia rendered HTML,2023–24 UEFA Europa Conference League group stage
2023-10-05,UEFA,UEFA 3rd Division,3,2023–24,Ballkani,Dinamo Zagreb,2-0,H,Continental,Wikipedia rendered HTML,2023–24 UEFA Europa Conference League group stage
2023-10-05,UEFA,UEFA 3rd Division,3,2023–24,Beşiktaş,Lugano,2-3,A,Continental,Wikipedia rendered HTML,2023–24 UEFA Europa Conference League group stage
2023-10-05,UEFA,UEFA 3rd Division,3,2023–24,Bodø/Glimt,Club Brugge,0-1,A,Continental,Wikipedia rendered HTML,2023–24 UEFA Europa Conference League group stage
2023-10-05,UEFA,UEFA 3rd Division,3,2023–24,Breiðablik,Zorya Luhansk,0-1,A,Continental,Wikipedia rendered HTML,2023–24 UEFA Europa Conference League group stage
2023-10-05,UEFA,UEFA 3rd Division,3,2023–24,Fiorentina,Ferencváros,2-2,D,Continental,Wikipedia rendered HTML,2023–24 UEFA Europa Conference League group stage
2023-10-05,UEFA,UEFA 3rd Division,3,2023–24,Gent,Maccabi Tel Aviv,2-0,H,Continental,Wikipedia rendered HTML,2023–24 UEFA Europa Conference League group stage
2023-10-05,UEFA,UEFA 3rd Division,3,2023–24,KÍ,Lille,0-0,D,Continental,Wikipedia rendered HTML,2023–24 UEFA Europa Conference League group stage
2023-10-05,UEFA,UEFA 3rd Division,3,2023–24,Nordsjælland,Ludogorets Razgrad,7-1,H,Continental,Wikipedia rendered HTML,2023–24 UEFA Europa Conference League group stage
2023-10-05,UEFA,UEFA 3rd Division,3,2023–24,Olimpija Ljubljana,Slovan Bratislava,0-1,A,Continental,Wikipedia rendered HTML,2023–24 UEFA Europa Conference League group stage
2023-10-05,UEFA,UEFA 3rd Division,3,2023–24,PAOK,Eintracht Frankfurt,2-1,H,Continental,Wikipedia rendered HTML,2023–24 UEFA Europa Conference League group stage
2023-10-05,UEFA,UEFA 3rd Division,3,2023–24,Spartak Trnava,Fenerbahçe,1-2,A,Continental,Wikipedia rendered HTML,2023–24 UEFA Europa Conference League group stage
2023-10-05,UEFA,UEFA 3rd Division,3,2023–24,Čukarički,Genk,0-2,A,Continental,Wikipedia rendered HTML,2023–24 UEFA Europa Conference League group stage
2023-10-26,UEFA,UEFA 3rd Division,3,2023–24,AZ,Aston Villa,1-4,A,Continental,Wikipedia rendered HTML,2023–24 UEFA Europa Conference League group stage
2023-10-26,UEFA,UEFA 3rd Division,3,2023–24,Aberdeen,PAOK,2-3,A,Continental,Wikipedia rendered HTML,2023–24 UEFA Europa Conference League group stage
2023-10-26,UEFA,UEFA 3rd Division,3,2023–24,Ballkani,Astana,1-2,A,Continental,Wikipedia rendered HTML,2023–24 UEFA Europa Conference League group stage
2023-10-26,UEFA,UEFA 3rd Division,3,2023–24,Bodø/Glimt,Beşiktaş,3-1,H,Continental,Wikipedia rendered HTML,2023–24 UEFA Europa Conference League group stage
2023-10-26,UEFA,UEFA 3rd Division,3,2023–24,Dinamo Zagreb,Viktoria Plzeň,0-1,A,Continental,Wikipedia rendered HTML,2023–24 UEFA Europa Conference League group stage
2023-10-26,UEFA,UEFA 3rd Division,3,2023–24,Eintracht Frankfurt,HJK,6-0,H,Continental,Wikipedia rendered HTML,2023–24 UEFA Europa Conference League group stage
2023-10-26,UEFA,UEFA 3rd Division,3,2023–24,Fenerbahçe,Ludogorets Razgrad,3-1,H,Continental,Wikipedia rendered HTML,2023–24 UEFA Europa Conference League group stage
2023-10-26,UEFA,UEFA 3rd Division,3,2023–24,Fiorentina,Čukarički,6-0,H,Continental,Wikipedia rendered HTML,2023–24 UEFA Europa Conference League group stage
2023-10-26,UEFA,UEFA 3rd Division,3,2023–24,Genk,Ferencváros,0-0,D,Continental,Wikipedia rendered HTML,2023–24 UEFA Europa Conference League group stage
2023-10-26,UEFA,UEFA 3rd Division,3,2023–24,Gent,Breiðablik,5-0,H,Continental,Wikipedia rendered HTML,2023–24 UEFA Europa Conference League group stage
2023-10-26,UEFA,UEFA 3rd Division,3,2023–24,KÍ,Olimpija Ljubljana,3-0,H,Continental,Wikipedia rendered HTML,2023–24 UEFA Europa Conference League group stage
2023-10-26,UEFA,UEFA 3rd Division,3,2023–24,Lille,Slovan Bratislava,2-1,H,Continental,Wikipedia rendered HTML,2023–24 UEFA Europa Conference League group stage
2023-10-26,UEFA,UEFA 3rd Division,3,2023–24,Lugano,Club Brugge,1-3,A,Continental,Wikipedia rendered HTML,2023–24 UEFA Europa Conference League group stage
2023-10-26,UEFA,UEFA 3rd Division,3,2023–24,Spartak Trnava,Nordsjælland,0-2,A,Continental,Wikipedia rendered HTML,2023–24 UEFA Europa Conference League group stage
2023-10-26,UEFA,UEFA 3rd Division,3,2023–24,Zrinjski Mostar,Legia Warsaw,1-2,A,Continental,Wikipedia rendered HTML,2023–24 UEFA Europa Conference League group stage
2023-11-09,UEFA,UEFA 3rd Division,3,2023–24,Astana,Ballkani,0-0,D,Continental,Wikipedia rendered HTML,2023–24 UEFA Europa Conference League group stage
2023-11-09,UEFA,UEFA 3rd Division,3,2023–24,Aston Villa,AZ,2-1,H,Continental,Wikipedia rendered HTML,2023–24 UEFA Europa Conference League group stage
2023-11-09,UEFA,UEFA 3rd Division,3,2023–24,Beşiktaş,Bodø/Glimt,1-2,A,Continental,Wikipedia rendered HTML,2023–24 UEFA Europa Conference League group stage
2023-11-09,UEFA,UEFA 3rd Division,3,2023–24,Breiðablik,Gent,2-3,A,Continental,Wikipedia rendered HTML,2023–24 UEFA Europa Conference League group stage
2023-11-09,UEFA,UEFA 3rd Division,3,2023–24,Club Brugge,Lugano,2-0,H,Continental,Wikipedia rendered HTML,2023–24 UEFA Europa Conference League group stage
2023-11-09,UEFA,UEFA 3rd Division,3,2023–24,Ferencváros,Genk,1-1,D,Continental,Wikipedia rendered HTML,2023–24 UEFA Europa Conference League group stage
2023-11-09,UEFA,UEFA 3rd Division,3,2023–24,HJK,Eintracht Frankfurt,0-1,A,Continental,Wikipedia rendered HTML,2023–24 UEFA Europa Conference League group stage
2023-11-09,UEFA,UEFA 3rd Division,3,2023–24,Legia Warsaw,Zrinjski Mostar,2-0,H,Continental,Wikipedia rendered HTML,2023–24 UEFA Europa Conference League group stage
2023-11-09,UEFA,UEFA 3rd Division,3,2023–24,Ludogorets Razgrad,Fenerbahçe,2-0,H,Continental,Wikipedia rendered HTML,2023–24 UEFA Europa Conference League group stage
2023-11-09,UEFA,UEFA 3rd Division,3,2023–24,Nordsjælland,Spartak Trnava,1-1,D,Continental,Wikipedia rendered HTML,2023–24 UEFA Europa Conference League group stage
2023-11-09,UEFA,UEFA 3rd Division,3,2023–24,Olimpija Ljubljana,KÍ,2-0,H,Continental,Wikipedia rendered HTML,2023–24 UEFA Europa Conference League group stage
2023-11-09,UEFA,UEFA 3rd Division,3,2023–24,PAOK,Aberdeen,2-2,D,Continental,Wikipedia rendered HTML,2023–24 UEFA Europa Conference League group stage
2023-11-09,UEFA,UEFA 3rd Division,3,2023–24,Slovan Bratislava,Lille,1-1,D,Continental,Wikipedia rendered HTML,2023–24 UEFA Europa Conference League group stage
2023-11-09,UEFA,UEFA 3rd Division,3,2023–24,Viktoria Plzeň,Dinamo Zagreb,1-0,H,Continental,Wikipedia rendered HTML,2023–24 UEFA Europa Conference League group stage
2023-11-09,UEFA,UEFA 3rd Division,3,2023–24,Zorya Luhansk,Maccabi Tel Aviv,1-3,A,Continental,Wikipedia rendered HTML,2023–24 UEFA Europa Conference League group stage
2023-11-09,UEFA,UEFA 3rd Division,3,2023–24,Čukarički,Fiorentina,0-1,A,Continental,Wikipedia rendered HTML,2023–24 UEFA Europa Conference League group stage
2023-11-25,UEFA,UEFA 3rd Division,3,2023–24,Maccabi Tel Aviv,Zorya Luhansk,3-2,H,Continental,Wikipedia rendered HTML,2023–24 UEFA Europa Conference League group stage
2023-11-30,UEFA,UEFA 3rd Division,3,2023–24,AZ,Zrinjski Mostar,1-0,H,Continental,Wikipedia rendered HTML,2023–24 UEFA Europa Conference League group stage
2023-11-30,UEFA,UEFA 3rd Division,3,2023–24,Astana,Dinamo Zagreb,0-2,A,Continental,Wikipedia rendered HTML,2023–24 UEFA Europa Conference League group stage
2023-11-30,UEFA,UEFA 3rd Division,3,2023–24,Aston Villa,Legia Warsaw,2-1,H,Continental,Wikipedia rendered HTML,2023–24 UEFA Europa Conference League group stage
2023-11-30,UEFA,UEFA 3rd Division,3,2023–24,Ballkani,Viktoria Plzeň,0-1,A,Continental,Wikipedia rendered HTML,2023–24 UEFA Europa Conference League group stage
2023-11-30,UEFA,UEFA 3rd Division,3,2023–24,Beşiktaş,Club Brugge,0-5,A,Continental,Wikipedia rendered HTML,2023–24 UEFA Europa Conference League group stage
2023-11-30,UEFA,UEFA 3rd Division,3,2023–24,Bodø/Glimt,Lugano,5-2,H,Continental,Wikipedia rendered HTML,2023–24 UEFA Europa Conference League group stage
2023-11-30,UEFA,UEFA 3rd Division,3,2023–24,Breiðablik,Maccabi Tel Aviv,1-2,A,Continental,Wikipedia rendered HTML,2023–24 UEFA Europa Conference League group stage
2023-11-30,UEFA,UEFA 3rd Division,3,2023–24,Eintracht Frankfurt,PAOK,1-2,A,Continental,Wikipedia rendered HTML,2023–24 UEFA Europa Conference League group stage
2023-11-30,UEFA,UEFA 3rd Division,3,2023–24,Fiorentina,Genk,2-1,H,Continental,Wikipedia rendered HTML,2023–24 UEFA Europa Conference League group stage
2023-11-30,UEFA,UEFA 3rd Division,3,2023–24,Gent,Zorya Luhansk,4-1,H,Continental,Wikipedia rendered HTML,2023–24 UEFA Europa Conference League group stage
2023-11-30,UEFA,UEFA 3rd Division,3,2023–24,HJK,Aberdeen,2-2,D,Continental,Wikipedia rendered HTML,2023–24 UEFA Europa Conference League group stage
2023-11-30,UEFA,UEFA 3rd Division,3,2023–24,KÍ,Slovan Bratislava,1-2,A,Continental,Wikipedia rendered HTML,2023–24 UEFA Europa Conference League group stage
2023-11-30,UEFA,UEFA 3rd Division,3,2023–24,Nordsjælland,Fenerbahçe,6-1,H,Continental,Wikipedia rendered HTML,2023–24 UEFA Europa Conference League group stage
2023-11-30,UEFA,UEFA 3rd Division,3,2023–24,Olimpija Ljubljana,Lille,0-2,A,Continental,Wikipedia rendered HTML,2023–24 UEFA Europa Conference League group stage
2023-11-30,UEFA,UEFA 3rd Division,3,2023–24,Spartak Trnava,Ludogorets Razgrad,1-2,A,Continental,Wikipedia rendered HTML,2023–24 UEFA Europa Conference League group stage
2023-11-30,UEFA,UEFA 3rd Division,3,2023–24,Čukarički,Ferencváros,1-2,A,Continental,Wikipedia rendered HTML,2023–24 UEFA Europa Conference League group stage
2023-12-14,UEFA,UEFA 3rd Division,3,2023–24,Aberdeen,Eintracht Frankfurt,2-0,H,Continental,Wikipedia rendered HTML,2023–24 UEFA Europa Conference League group stage
2023-12-14,UEFA,UEFA 3rd Division,3,2023–24,Club Brugge,Bodø/Glimt,3-1,H,Continental,Wikipedia rendered HTML,2023–24 UEFA Europa Conference League group stage
2023-12-14,UEFA,UEFA 3rd Division,3,2023–24,Dinamo Zagreb,Ballkani,3-0,H,Continental,Wikipedia rendered HTML,2023–24 UEFA Europa Conference League group stage
2023-12-14,UEFA,UEFA 3rd Division,3,2023–24,Fenerbahçe,Spartak Trnava,4-0,H,Continental,Wikipedia rendered HTML,2023–24 UEFA Europa Conference League group stage
2023-12-14,UEFA,UEFA 3rd Division,3,2023–24,Ferencváros,Fiorentina,1-1,D,Continental,Wikipedia rendered HTML,2023–24 UEFA Europa Conference League group stage
2023-12-14,UEFA,UEFA 3rd Division,3,2023–24,Genk,Čukarički,2-0,H,Continental,Wikipedia rendered HTML,2023–24 UEFA Europa Conference League group stage
2023-12-14,UEFA,UEFA 3rd Division,3,2023–24,Legia Warsaw,AZ,2-0,H,Continental,Wikipedia rendered HTML,2023–24 UEFA Europa Conference League group stage
2023-12-14,UEFA,UEFA 3rd Division,3,2023–24,Lille,KÍ,3-0,H,Continental,Wikipedia rendered HTML,2023–24 UEFA Europa Conference League group stage
2023-12-14,UEFA,UEFA 3rd Division,3,2023–24,Ludogorets Razgrad,Nordsjælland,1-0,H,Continental,Wikipedia rendered HTML,2023–24 UEFA Europa Conference League group stage
2023-12-14,UEFA,UEFA 3rd Division,3,2023–24,Lugano,Beşiktaş,0-2,A,Continental,Wikipedia rendered HTML,2023–24 UEFA Europa Conference League group stage
2023-12-14,UEFA,UEFA 3rd Division,3,2023–24,Maccabi Tel Aviv,Gent,3-1,H,Continental,Wikipedia rendered HTML,2023–24 UEFA Europa Conference League group stage
2023-12-14,UEFA,UEFA 3rd Division,3,2023–24,PAOK,HJK,4-2,H,Continental,Wikipedia rendered HTML,2023–24 UEFA Europa Conference League group stage
2023-12-14,UEFA,UEFA 3rd Division,3,2023–24,Slovan Bratislava,Olimpija Ljubljana,1-2,A,Continental,Wikipedia rendered HTML,2023–24 UEFA Europa Conference League group stage
2023-12-14,UEFA,UEFA 3rd Division,3,2023–24,Viktoria Plzeň,Astana,3-0,H,Continental,Wikipedia rendered HTML,2023–24 UEFA Europa Conference League group stage
2023-12-14,UEFA,UEFA 3rd Division,3,2023–24,Zorya Luhansk,Breiðablik,4-0,H,Continental,Wikipedia rendered HTML,2023–24 UEFA Europa Conference League group stage
2023-12-14,UEFA,UEFA 3rd Division,3,2023–24,Zrinjski Mostar,Aston Villa,1-1,D,Continental,Wikipedia rendered HTML,2023–24 UEFA Europa Conference League group stage
2024-02-15,UEFA,UEFA 3rd Division,3,2023–24,Ajax,Bodø/Glimt,2-2,D,Continental,Wikipedia rendered HTML,2023–24 UEFA Europa Conference League knockout phase
2024-02-15,UEFA,UEFA 3rd Division,3,2023–24,Maccabi Haifa,Gent,1-0,H,Continental,Wikipedia rendered HTML,2023–24 UEFA Europa Conference League knockout phase
2024-02-15,UEFA,UEFA 3rd Division,3,2023–24,Molde,Legia Warsaw,3-2,H,Continental,Wikipedia rendered HTML,2023–24 UEFA Europa Conference League knockout phase
2024-02-15,UEFA,UEFA 3rd Division,3,2023–24,Olympiacos,Ferencváros,1-0,H,Continental,Wikipedia rendered HTML,2023–24 UEFA Europa Conference League knockout phase
2024-02-15,UEFA,UEFA 3rd Division,3,2023–24,Real Betis,Dinamo Zagreb,0-1,A,Continental,Wikipedia rendered HTML,2023–24 UEFA Europa Conference League knockout phase
2024-02-15,UEFA,UEFA 3rd Division,3,2023–24,Servette,Ludogorets Razgrad,0-0,D,Continental,Wikipedia rendered HTML,2023–24 UEFA Europa Conference League knockout phase
2024-02-15,UEFA,UEFA 3rd Division,3,2023–24,Sturm Graz,Slovan Bratislava,4-1,H,Continental,Wikipedia rendered HTML,2023–24 UEFA Europa Conference League knockout phase
2024-02-15,UEFA,UEFA 3rd Division,3,2023–24,Union Saint-Gilloise,Eintracht Frankfurt,2-2,D,Continental,Wikipedia rendered HTML,2023–24 UEFA Europa Conference League knockout phase
2024-02-21,UEFA,UEFA 3rd Division,3,2023–24,Gent,Maccabi Haifa,1-1,D,Continental,Wikipedia rendered HTML,2023–24 UEFA Europa Conference League knockout phase
2024-02-22,UEFA,UEFA 3rd Division,3,2023–24,Bodø/Glimt,Ajax,1-2,A,Continental,Wikipedia rendered HTML,2023–24 UEFA Europa Conference League knockout phase
2024-02-22,UEFA,UEFA 3rd Division,3,2023–24,Dinamo Zagreb,Real Betis,1-1,D,Continental,Wikipedia rendered HTML,2023–24 UEFA Europa Conference League knockout phase
2024-02-22,UEFA,UEFA 3rd Division,3,2023–24,Eintracht Frankfurt,Union Saint-Gilloise,1-2,A,Continental,Wikipedia rendered HTML,2023–24 UEFA Europa Conference League knockout phase
2024-02-22,UEFA,UEFA 3rd Division,3,2023–24,Ferencváros,Olympiacos,0-1,A,Continental,Wikipedia rendered HTML,2023–24 UEFA Europa Conference League knockout phase
2024-02-22,UEFA,UEFA 3rd Division,3,2023–24,Legia Warsaw,Molde,0-3,A,Continental,Wikipedia rendered HTML,2023–24 UEFA Europa Conference League knockout phase
2024-02-22,UEFA,UEFA 3rd Division,3,2023–24,Ludogorets Razgrad,Servette,0-1,A,Continental,Wikipedia rendered HTML,2023–24 UEFA Europa Conference League knockout phase
2024-02-22,UEFA,UEFA 3rd Division,3,2023–24,Slovan Bratislava,Sturm Graz,0-1,A,Continental,Wikipedia rendered HTML,2023–24 UEFA Europa Conference League knockout phase
2024-03-07,UEFA,UEFA 3rd Division,3,2023–24,Ajax,Aston Villa,0-0,D,Continental,Wikipedia rendered HTML,2023–24 UEFA Europa Conference League knockout phase
2024-03-07,UEFA,UEFA 3rd Division,3,2023–24,Dinamo Zagreb,PAOK,2-0,H,Continental,Wikipedia rendered HTML,2023–24 UEFA Europa Conference League knockout phase
2024-03-07,UEFA,UEFA 3rd Division,3,2023–24,Maccabi Haifa,Fiorentina,3-4,A,Continental,Wikipedia rendered HTML,2023–24 UEFA Europa Conference League knockout phase
2024-03-07,UEFA,UEFA 3rd Division,3,2023–24,Molde,Club Brugge,2-1,H,Continental,Wikipedia rendered HTML,2023–24 UEFA Europa Conference League knockout phase
2024-03-07,UEFA,UEFA 3rd Division,3,2023–24,Olympiacos,Maccabi Tel Aviv,1-4,A,Continental,Wikipedia rendered HTML,2023–24 UEFA Europa Conference League knockout phase
2024-03-07,UEFA,UEFA 3rd Division,3,2023–24,Servette,Viktoria Plzeň,0-0,D,Continental,Wikipedia rendered HTML,2023–24 UEFA Europa Conference League knockout phase
2024-03-07,UEFA,UEFA 3rd Division,3,2023–24,Sturm Graz,Lille,0-3,A,Continental,Wikipedia rendered HTML,2023–24 UEFA Europa Conference League knockout phase
2024-03-07,UEFA,UEFA 3rd Division,3,2023–24,Union Saint-Gilloise,Fenerbahçe,0-3,A,Continental,Wikipedia rendered HTML,2023–24 UEFA Europa Conference League knockout phase
2024-03-14,UEFA,UEFA 3rd Division,3,2023–24,Aston Villa,Ajax,4-0,H,Continental,Wikipedia rendered HTML,2023–24 UEFA Europa Conference League knockout phase
2024-03-14,UEFA,UEFA 3rd Division,3,2023–24,Club Brugge,Molde,3-0,H,Continental,Wikipedia rendered HTML,2023–24 UEFA Europa Conference League knockout phase
2024-03-14,UEFA,UEFA 3rd Division,3,2023–24,Fenerbahçe,Union Saint-Gilloise,0-1,A,Continental,Wikipedia rendered HTML,2023–24 UEFA Europa Conference League knockout phase
2024-03-14,UEFA,UEFA 3rd Division,3,2023–24,Fiorentina,Maccabi Haifa,1-1,D,Continental,Wikipedia rendered HTML,2023–24 UEFA Europa Conference League knockout phase
2024-03-14,UEFA,UEFA 3rd Division,3,2023–24,Lille,Sturm Graz,1-1,D,Continental,Wikipedia rendered HTML,2023–24 UEFA Europa Conference League knockout phase
2024-03-14,UEFA,UEFA 3rd Division,3,2023–24,Maccabi Tel Aviv,Olympiacos,1-6,A,Continental,Wikipedia rendered HTML,2023–24 UEFA Europa Conference League knockout phase
2024-03-14,UEFA,UEFA 3rd Division,3,2023–24,PAOK,Dinamo Zagreb,5-1,H,Continental,Wikipedia rendered HTML,2023–24 UEFA Europa Conference League knockout phase
2024-03-14,UEFA,UEFA 3rd Division,3,2023–24,Viktoria Plzeň,Servette,0-0,D,Continental,Wikipedia rendered HTML,2023–24 UEFA Europa Conference League knockout phase
2024-04-11,UEFA,UEFA 3rd Division,3,2023–24,Aston Villa,Lille,2-1,H,Continental,Wikipedia rendered HTML,2023–24 UEFA Europa Conference League knockout phase
2024-04-11,UEFA,UEFA 3rd Division,3,2023–24,Club Brugge,PAOK,1-0,H,Continental,Wikipedia rendered HTML,2023–24 UEFA Europa Conference League knockout phase
2024-04-11,UEFA,UEFA 3rd Division,3,2023–24,Olympiacos,Fenerbahçe,3-2,H,Continental,Wikipedia rendered HTML,2023–24 UEFA Europa Conference League knockout phase
2024-04-11,UEFA,UEFA 3rd Division,3,2023–24,Viktoria Plzeň,Fiorentina,0-0,D,Continental,Wikipedia rendered HTML,2023–24 UEFA Europa Conference League knockout phase
2024-04-18,UEFA,UEFA 3rd Division,3,2023–24,Fenerbahçe,Olympiacos,1-0,H,Continental,Wikipedia rendered HTML,2023–24 UEFA Europa Conference League knockout phase
2024-04-18,UEFA,UEFA 3rd Division,3,2023–24,Fiorentina,Viktoria Plzeň,2-0,H,Continental,Wikipedia rendered HTML,2023–24 UEFA Europa Conference League knockout phase
2024-04-18,UEFA,UEFA 3rd Division,3,2023–24,Lille,Aston Villa,2-1,H,Continental,Wikipedia rendered HTML,2023–24 UEFA Europa Conference League knockout phase
2024-04-18,UEFA,UEFA 3rd Division,3,2023–24,PAOK,Club Brugge,0-2,A,Continental,Wikipedia rendered HTML,2023–24 UEFA Europa Conference League knockout phase
2024-05-02,UEFA,UEFA 3rd Division,3,2023–24,Aston Villa,Olympiacos,2-4,A,Continental,Wikipedia rendered HTML,2023–24 UEFA Europa Conference League knockout phase
2024-05-02,UEFA,UEFA 3rd Division,3,2023–24,Fiorentina,Club Brugge,3-2,H,Continental,Wikipedia rendered HTML,2023–24 UEFA Europa Conference League knockout phase
2024-05-08,UEFA,UEFA 3rd Division,3,2023–24,Club Brugge,Fiorentina,1-1,D,Continental,Wikipedia rendered HTML,2023–24 UEFA Europa Conference League knockout phase
2024-05-09,UEFA,UEFA 3rd Division,3,2023–24,Olympiacos,Aston Villa,2-0,H,Continental,Wikipedia rendered HTML,2023–24 UEFA Europa Conference League knockout phase
2024-05-29,UEFA,UEFA 3rd Division,3,2023–24,Olympiacos,Fiorentina,1-0,H,Continental,Wikipedia rendered HTML,2023–24 UEFA Europa Conference League knockout phase
2024-07-10,UEFA,UEFA 3rd Division,3,2024–25,Auda,B36,2-0,H,Continental,Wikipedia rendered HTML,2024–25 UEFA Conference League qualifying (first and second round matches)
2024-07-10,UEFA,UEFA 3rd Division,3,2024–25,Velež Mostar,Inter Club d'Escaldes,1-1,D,Continental,Wikipedia rendered HTML,2024–25 UEFA Conference League qualifying (first and second round matches)
2024-07-11,UEFA,UEFA 3rd Division,3,2024–25,Aktobe,Sarajevo,0-1,A,Continental,Wikipedia rendered HTML,2024–25 UEFA Conference League qualifying (first and second round matches)
2024-07-11,UEFA,UEFA 3rd Division,3,2024–25,Atlètic Club d'Escaldes,F91 Dudelange,0-1,A,Continental,Wikipedia rendered HTML,2024–25 UEFA Conference League qualifying (first and second round matches)
2024-07-11,UEFA,UEFA 3rd Division,3,2024–25,Bala Town,Paide Linnameeskond,1-2,A,Continental,Wikipedia rendered HTML,2024–25 UEFA Conference League qualifying (first and second round matches)
2024-07-11,UEFA,UEFA 3rd Division,3,2024–25,Bravo,Connah's Quay Nomads,0-1,A,Continental,Wikipedia rendered HTML,2024–25 UEFA Conference League qualifying (first and second round matches)
2024-07-11,UEFA,UEFA 3rd Division,3,2024–25,Caernarfon Town,Crusaders,2-0,H,Continental,Wikipedia rendered HTML,2024–25 UEFA Conference League qualifying (first and second round matches)
2024-07-11,UEFA,UEFA 3rd Division,3,2024–25,FCB Magpies,Derry City,2-0,H,Continental,Wikipedia rendered HTML,2024–25 UEFA Conference League qualifying (first and second round matches)
2024-07-11,UEFA,UEFA 3rd Division,3,2024–25,Floriana,Tre Penne,3-1,H,Continental,Wikipedia rendered HTML,2024–25 UEFA Conference League qualifying (first and second round matches)
2024-07-11,UEFA,UEFA 3rd Division,3,2024–25,La Fiorita,Isloch Minsk Raion,0-1,A,Continental,Wikipedia rendered HTML,2024–25 UEFA Conference League qualifying (first and second round matches)
2024-07-11,UEFA,UEFA 3rd Division,3,2024–25,Liepāja,Víkingur Gøta,1-1,D,Continental,Wikipedia rendered HTML,2024–25 UEFA Conference League qualifying (first and second round matches)
2024-07-11,UEFA,UEFA 3rd Division,3,2024–25,Malisheva,Budućnost Podgorica,1-0,H,Continental,Wikipedia rendered HTML,2024–25 UEFA Conference League qualifying (first and second round matches)
2024-07-11,UEFA,UEFA 3rd Division,3,2024–25,Mornar,Dinamo Tbilisi,2-1,H,Continental,Wikipedia rendered HTML,2024–25 UEFA Conference League qualifying (first and second round matches)
2024-07-11,UEFA,UEFA 3rd Division,3,2024–25,Noah,Shkëndija,2-0,H,Continental,Wikipedia rendered HTML,2024–25 UEFA Conference League qualifying (first and second round matches)
2024-07-11,UEFA,UEFA 3rd Division,3,2024–25,Partizani,Marsaxlokk,1-1,D,Continental,Wikipedia rendered HTML,2024–25 UEFA Conference League qualifying (first and second round matches)
2024-07-11,UEFA,UEFA 3rd Division,3,2024–25,Shelbourne,St Joseph's,2-1,H,Continental,Wikipedia rendered HTML,2024–25 UEFA Conference League qualifying (first and second round matches)
2024-07-11,UEFA,UEFA 3rd Division,3,2024–25,Stjarnan,Linfield,2-0,H,Continental,Wikipedia rendered HTML,2024–25 UEFA Conference League qualifying (first and second round matches)
2024-07-11,UEFA,UEFA 3rd Division,3,2024–25,Tallinna Kalev,Urartu,1-2,A,Continental,Wikipedia rendered HTML,2024–25 UEFA Conference League qualifying (first and second round matches)
2024-07-11,UEFA,UEFA 3rd Division,3,2024–25,Tikvesh,Breiðablik,3-2,H,Continental,Wikipedia rendered HTML,2024–25 UEFA Conference League qualifying (first and second round matches)
2024-07-11,UEFA,UEFA 3rd Division,3,2024–25,Torpedo Kutaisi,Tirana,1-1,D,Continental,Wikipedia rendered HTML,2024–25 UEFA Conference League qualifying (first and second round matches)
2024-07-11,UEFA,UEFA 3rd Division,3,2024–25,Torpedo-BelAZ Zhodino,Milsami Orhei,2-4,A,Continental,Wikipedia rendered HTML,2024–25 UEFA Conference League qualifying (first and second round matches)
2024-07-11,UEFA,UEFA 3rd Division,3,2024–25,UNA Strassen,KuPS,0-0,D,Continental,Wikipedia rendered HTML,2024–25 UEFA Conference League qualifying (first and second round matches)
2024-07-11,UEFA,UEFA 3rd Division,3,2024–25,VPS,Žalgiris,1-2,A,Continental,Wikipedia rendered HTML,2024–25 UEFA Conference League qualifying (first and second round matches)
2024-07-11,UEFA,UEFA 3rd Division,3,2024–25,Valur,Vllaznia,2-2,D,Continental,Wikipedia rendered HTML,2024–25 UEFA Conference League qualifying (first and second round matches)
2024-07-11,UEFA,UEFA 3rd Division,3,2024–25,Šiauliai,FCI Levadia,0-2,A,Continental,Wikipedia rendered HTML,2024–25 UEFA Conference League qualifying (first and second round matches)
2024-07-17,UEFA,UEFA 3rd Division,3,2024–25,B36,Auda,0-1,A,Continental,Wikipedia rendered HTML,2024–25 UEFA Conference League qualifying (first and second round matches)
2024-07-17,UEFA,UEFA 3rd Division,3,2024–25,Crusaders,Caernarfon Town,3-1,H,Continental,Wikipedia rendered HTML,2024–25 UEFA Conference League qualifying (first and second round matches)
2024-07-18,UEFA,UEFA 3rd Division,3,2024–25,Breiðablik,Tikvesh,3-1,H,Continental,Wikipedia rendered HTML,2024–25 UEFA Conference League qualifying (first and second round matches)
2024-07-18,UEFA,UEFA 3rd Division,3,2024–25,Budućnost Podgorica,Malisheva,3-0,H,Continental,Wikipedia rendered HTML,2024–25 UEFA Conference League qualifying (first and second round matches)
2024-07-18,UEFA,UEFA 3rd Division,3,2024–25,Connah's Quay Nomads,Bravo,0-2,A,Continental,Wikipedia rendered HTML,2024–25 UEFA Conference League qualifying (first and second round matches)
2024-07-18,UEFA,UEFA 3rd Division,3,2024–25,Derry City,FCB Magpies,2-1,H,Continental,Wikipedia rendered HTML,2024–25 UEFA Conference League qualifying (first and second round matches)
2024-07-18,UEFA,UEFA 3rd Division,3,2024–25,Dinamo Tbilisi,Mornar,1-1,D,Continental,Wikipedia rendered HTML,2024–25 UEFA Conference League qualifying (first and second round matches)
2024-07-18,UEFA,UEFA 3rd Division,3,2024–25,F91 Dudelange,Atlètic Club d'Escaldes,2-0,H,Continental,Wikipedia rendered HTML,2024–25 UEFA Conference League qualifying (first and second round matches)
2024-07-18,UEFA,UEFA 3rd Division,3,2024–25,FCI Levadia,Šiauliai,0-0,D,Continental,Wikipedia rendered HTML,2024–25 UEFA Conference League qualifying (first and second round matches)
2024-07-18,UEFA,UEFA 3rd Division,3,2024–25,Inter Club d'Escaldes,Velež Mostar,5-1,H,Continental,Wikipedia rendered HTML,2024–25 UEFA Conference League qualifying (first and second round matches)
2024-07-18,UEFA,UEFA 3rd Division,3,2024–25,Isloch Minsk Raion,La Fiorita,0-1,A,Continental,Wikipedia rendered HTML,2024–25 UEFA Conference League qualifying (first and second round matches)
2024-07-18,UEFA,UEFA 3rd Division,3,2024–25,KuPS,UNA Strassen,5-0,H,Continental,Wikipedia rendered HTML,2024–25 UEFA Conference League qualifying (first and second round matches)
2024-07-18,UEFA,UEFA 3rd Division,3,2024–25,Linfield,Stjarnan,3-2,H,Continental,Wikipedia rendered HTML,2024–25 UEFA Conference League qualifying (first and second round matches)
2024-07-18,UEFA,UEFA 3rd Division,3,2024–25,Marsaxlokk,Partizani,1-2,A,Continental,Wikipedia rendered HTML,2024–25 UEFA Conference League qualifying (first and second round matches)
2024-07-18,UEFA,UEFA 3rd Division,3,2024–25,Milsami Orhei,Torpedo-BelAZ Zhodino,0-0,D,Continental,Wikipedia rendered HTML,2024–25 UEFA Conference League qualifying (first and second round matches)
2024-07-18,UEFA,UEFA 3rd Division,3,2024–25,Paide Linnameeskond,Bala Town,1-1,D,Continental,Wikipedia rendered HTML,2024–25 UEFA Conference League qualifying (first and second round matches)
2024-07-18,UEFA,UEFA 3rd Division,3,2024–25,Sarajevo,Aktobe,2-3,A,Continental,Wikipedia rendered HTML,2024–25 UEFA Conference League qualifying (first and second round matches)
2024-07-18,UEFA,UEFA 3rd Division,3,2024–25,Shkëndija,Noah,1-2,A,Continental,Wikipedia rendered HTML,2024–25 UEFA Conference League qualifying (first and second round matches)
2024-07-18,UEFA,UEFA 3rd Division,3,2024–25,St Joseph's,Shelbourne,1-1,D,Continental,Wikipedia rendered HTML,2024–25 UEFA Conference League qualifying (first and second round matches)
2024-07-18,UEFA,UEFA 3rd Division,3,2024–25,Tirana,Torpedo Kutaisi,0-1,A,Continental,Wikipedia rendered HTML,2024–25 UEFA Conference League qualifying (first and second round matches)
2024-07-18,UEFA,UEFA 3rd Division,3,2024–25,Tre Penne,Floriana,1-1,D,Continental,Wikipedia rendered HTML,2024–25 UEFA Conference League qualifying (first and second round matches)
2024-07-18,UEFA,UEFA 3rd Division,3,2024–25,Urartu,Tallinna Kalev,2-0,H,Continental,Wikipedia rendered HTML,2024–25 UEFA Conference League qualifying (first and second round matches)
2024-07-18,UEFA,UEFA 3rd Division,3,2024–25,Vllaznia,Valur,0-4,A,Continental,Wikipedia rendered HTML,2024–25 UEFA Conference League qualifying (first and second round matches)
2024-07-18,UEFA,UEFA 3rd Division,3,2024–25,Víkingur Gøta,Liepāja,2-0,H,Continental,Wikipedia rendered HTML,2024–25 UEFA Conference League qualifying (first and second round matches)
2024-07-18,UEFA,UEFA 3rd Division,3,2024–25,Žalgiris,VPS,1-0,H,Continental,Wikipedia rendered HTML,2024–25 UEFA Conference League qualifying (first and second round matches)
2024-07-23,UEFA,UEFA 3rd Division,3,2024–25,Ballkani,Hamrun Spartans,0-0,D,Continental,Wikipedia rendered HTML,2024–25 UEFA Conference League qualifying (first and second round matches)
2024-07-23,UEFA,UEFA 3rd Division,3,2024–25,Differdange 03,Ordabasy,1-0,H,Continental,Wikipedia rendered HTML,2024–25 UEFA Conference League qualifying (first and second round matches)
2024-07-23,UEFA,UEFA 3rd Division,3,2024–25,Virtus,Flora,0-0,D,Continental,Wikipedia rendered HTML,2024–25 UEFA Conference League qualifying (first and second round matches)
2024-07-24,UEFA,UEFA 3rd Division,3,2024–25,AEK Athens,Inter Club d'Escaldes,4-3,H,Continental,Wikipedia rendered HTML,2024–25 UEFA Conference League qualifying (first and second round matches)
2024-07-24,UEFA,UEFA 3rd Division,3,2024–25,Cliftonville,Auda,1-2,A,Continental,Wikipedia rendered HTML,2024–25 UEFA Conference League qualifying (first and second round matches)
2024-07-24,UEFA,UEFA 3rd Division,3,2024–25,Dinamo Batumi,Dečić,0-2,A,Continental,Wikipedia rendered HTML,2024–25 UEFA Conference League qualifying (first and second round matches)
2024-07-24,UEFA,UEFA 3rd Division,3,2024–25,Riga,Śląsk Wrocław,1-0,H,Continental,Wikipedia rendered HTML,2024–25 UEFA Conference League qualifying (first and second round matches)
2024-07-24,UEFA,UEFA 3rd Division,3,2024–25,Struga,Pyunik,2-1,H,Continental,Wikipedia rendered HTML,2024–25 UEFA Conference League qualifying (first and second round matches)
2024-07-25,UEFA,UEFA 3rd Division,3,2024–25,Baník Ostrava,Urartu,5-1,H,Continental,Wikipedia rendered HTML,2024–25 UEFA Conference League qualifying (first and second round matches)
2024-07-25,UEFA,UEFA 3rd Division,3,2024–25,Breiðablik,Drita,1-2,A,Continental,Wikipedia rendered HTML,2024–25 UEFA Conference League qualifying (first and second round matches)
2024-07-25,UEFA,UEFA 3rd Division,3,2024–25,Brøndby,Llapi,6-0,H,Continental,Wikipedia rendered HTML,2024–25 UEFA Conference League qualifying (first and second round matches)
2024-07-25,UEFA,UEFA 3rd Division,3,2024–25,CFR Cluj,Neman Grodno,0-0,D,Continental,Wikipedia rendered HTML,2024–25 UEFA Conference League qualifying (first and second round matches)
2024-07-25,UEFA,UEFA 3rd Division,3,2024–25,CSKA 1948,Budućnost Podgorica,1-0,H,Continental,Wikipedia rendered HTML,2024–25 UEFA Conference League qualifying (first and second round matches)
2024-07-25,UEFA,UEFA 3rd Division,3,2024–25,Djurgårdens IF,Progrès Niederkorn,3-0,H,Continental,Wikipedia rendered HTML,2024–25 UEFA Conference League qualifying (first and second round matches)
2024-07-25,UEFA,UEFA 3rd Division,3,2024–25,Dnipro-1,Puskás Akadémia,0-3,A,Continental,Wikipedia rendered HTML,2024–25 UEFA Conference League qualifying (first and second round matches)
2024-07-25,UEFA,UEFA 3rd Division,3,2024–25,F91 Dudelange,BK Häcken,2-6,A,Continental,Wikipedia rendered HTML,2024–25 UEFA Conference League qualifying (first and second round matches)
2024-07-25,UEFA,UEFA 3rd Division,3,2024–25,FCB Magpies,Copenhagen,0-3,A,Continental,Wikipedia rendered HTML,2024–25 UEFA Conference League qualifying (first and second round matches)
2024-07-25,UEFA,UEFA 3rd Division,3,2024–25,Floriana,Vitória de Guimarães,0-1,A,Continental,Wikipedia rendered HTML,2024–25 UEFA Conference League qualifying (first and second round matches)
2024-07-25,UEFA,UEFA 3rd Division,3,2024–25,Gent,Víkingur Gøta,4-1,H,Continental,Wikipedia rendered HTML,2024–25 UEFA Conference League qualifying (first and second round matches)
2024-07-25,UEFA,UEFA 3rd Division,3,2024–25,Go Ahead Eagles,Brann,0-0,D,Continental,Wikipedia rendered HTML,2024–25 UEFA Conference League qualifying (first and second round matches)
2024-07-25,UEFA,UEFA 3rd Division,3,2024–25,Hajduk Split,HB,2-0,H,Continental,Wikipedia rendered HTML,2024–25 UEFA Conference League qualifying (first and second round matches)
2024-07-25,UEFA,UEFA 3rd Division,3,2024–25,Hapoel Be'er Sheva,Cherno More,0-0,D,Continental,Wikipedia rendered HTML,2024–25 UEFA Conference League qualifying (first and second round matches)
2024-07-25,UEFA,UEFA 3rd Division,3,2024–25,Iberia 1999,Partizani,2-0,H,Continental,Wikipedia rendered HTML,2024–25 UEFA Conference League qualifying (first and second round matches)
2024-07-25,UEFA,UEFA 3rd Division,3,2024–25,Ilves,Austria Wien,2-1,H,Continental,Wikipedia rendered HTML,2024–25 UEFA Conference League qualifying (first and second round matches)
2024-07-25,UEFA,UEFA 3rd Division,3,2024–25,KuPS,Tromsø,0-1,A,Continental,Wikipedia rendered HTML,2024–25 UEFA Conference League qualifying (first and second round matches)
2024-07-25,UEFA,UEFA 3rd Division,3,2024–25,Legia Warsaw,Caernarfon Town,6-0,H,Continental,Wikipedia rendered HTML,2024–25 UEFA Conference League qualifying (first and second round matches)
2024-07-25,UEFA,UEFA 3rd Division,3,2024–25,Maccabi Haifa,Sabah,0-3,A,Continental,Wikipedia rendered HTML,2024–25 UEFA Conference League qualifying (first and second round matches)
2024-07-25,UEFA,UEFA 3rd Division,3,2024–25,Maribor,Universitatea Craiova,2-0,H,Continental,Wikipedia rendered HTML,2024–25 UEFA Conference League qualifying (first and second round matches)
2024-07-25,UEFA,UEFA 3rd Division,3,2024–25,Milsami Orhei,Astana,1-1,D,Continental,Wikipedia rendered HTML,2024–25 UEFA Conference League qualifying (first and second round matches)
2024-07-25,UEFA,UEFA 3rd Division,3,2024–25,Mladá Boleslav,TransINVEST,2-0,H,Continental,Wikipedia rendered HTML,2024–25 UEFA Conference League qualifying (first and second round matches)
2024-07-25,UEFA,UEFA 3rd Division,3,2024–25,Noah,Sliema Wanderers,7-0,H,Continental,Wikipedia rendered HTML,2024–25 UEFA Conference League qualifying (first and second round matches)
2024-07-25,UEFA,UEFA 3rd Division,3,2024–25,Olimpija Ljubljana,Polissya Zhytomyr,2-0,H,Continental,Wikipedia rendered HTML,2024–25 UEFA Conference League qualifying (first and second round matches)
2024-07-25,UEFA,UEFA 3rd Division,3,2024–25,Omonia,Torpedo Kutaisi,3-1,H,Continental,Wikipedia rendered HTML,2024–25 UEFA Conference League qualifying (first and second round matches)
2024-07-25,UEFA,UEFA 3rd Division,3,2024–25,Osijek,FCI Levadia,5-1,H,Continental,Wikipedia rendered HTML,2024–25 UEFA Conference League qualifying (first and second round matches)
2024-07-25,UEFA,UEFA 3rd Division,3,2024–25,Paks,AEK Larnaca,3-0,H,Continental,Wikipedia rendered HTML,2024–25 UEFA Conference League qualifying (first and second round matches)
2024-07-25,UEFA,UEFA 3rd Division,3,2024–25,Radnički 1923,Mornar,1-0,H,Continental,Wikipedia rendered HTML,2024–25 UEFA Conference League qualifying (first and second round matches)
2024-07-25,UEFA,UEFA 3rd Division,3,2024–25,Sarajevo,Spartak Trnava,0-0,D,Continental,Wikipedia rendered HTML,2024–25 UEFA Conference League qualifying (first and second round matches)
2024-07-25,UEFA,UEFA 3rd Division,3,2024–25,St Patrick's Athletic,Vaduz,3-1,H,Continental,Wikipedia rendered HTML,2024–25 UEFA Conference League qualifying (first and second round matches)
2024-07-25,UEFA,UEFA 3rd Division,3,2024–25,St. Gallen,Tobol,4-1,H,Continental,Wikipedia rendered HTML,2024–25 UEFA Conference League qualifying (first and second round matches)
2024-07-25,UEFA,UEFA 3rd Division,3,2024–25,Stjarnan,Paide Linnameeskond,2-1,H,Continental,Wikipedia rendered HTML,2024–25 UEFA Conference League qualifying (first and second round matches)
2024-07-25,UEFA,UEFA 3rd Division,3,2024–25,Sumgayit,Fehérvár,1-2,A,Continental,Wikipedia rendered HTML,2024–25 UEFA Conference League qualifying (first and second round matches)
2024-07-25,UEFA,UEFA 3rd Division,3,2024–25,Valur,St Mirren,0-0,D,Continental,Wikipedia rendered HTML,2024–25 UEFA Conference League qualifying (first and second round matches)
2024-07-25,UEFA,UEFA 3rd Division,3,2024–25,Víkingur Reykjavík,Egnatia,0-1,A,Continental,Wikipedia rendered HTML,2024–25 UEFA Conference League qualifying (first and second round matches)
2024-07-25,UEFA,UEFA 3rd Division,3,2024–25,Zimbru Chișinău,Ararat-Armenia,0-3,A,Continental,Wikipedia rendered HTML,2024–25 UEFA Conference League qualifying (first and second round matches)
2024-07-25,UEFA,UEFA 3rd Division,3,2024–25,Zira,DAC Dunajská Streda,4-0,H,Continental,Wikipedia rendered HTML,2024–25 UEFA Conference League qualifying (first and second round matches)
2024-07-25,UEFA,UEFA 3rd Division,3,2024–25,Zrinjski Mostar,Bravo,0-1,A,Continental,Wikipedia rendered HTML,2024–25 UEFA Conference League qualifying (first and second round matches)
2024-07-25,UEFA,UEFA 3rd Division,3,2024–25,Zürich,Shelbourne,3-0,H,Continental,Wikipedia rendered HTML,2024–25 UEFA Conference League qualifying (first and second round matches)
2024-07-25,UEFA,UEFA 3rd Division,3,2024–25,İstanbul Başakşehir,La Fiorita,6-1,H,Continental,Wikipedia rendered HTML,2024–25 UEFA Conference League qualifying (first and second round matches)
2024-07-25,UEFA,UEFA 3rd Division,3,2024–25,Žalgiris,Pafos,2-1,H,Continental,Wikipedia rendered HTML,2024–25 UEFA Conference League qualifying (first and second round matches)
2024-07-30,UEFA,UEFA 3rd Division,3,2024–25,Dečić,Dinamo Batumi,0-0,D,Continental,Wikipedia rendered HTML,2024–25 UEFA Conference League qualifying (first and second round matches)
2024-07-30,UEFA,UEFA 3rd Division,3,2024–25,Drita,Breiðablik,1-0,H,Continental,Wikipedia rendered HTML,2024–25 UEFA Conference League qualifying (first and second round matches)
2024-07-30,UEFA,UEFA 3rd Division,3,2024–25,Flora,Virtus,5-2,H,Continental,Wikipedia rendered HTML,2024–25 UEFA Conference League qualifying (first and second round matches)
2024-07-30,UEFA,UEFA 3rd Division,3,2024–25,Hamrun Spartans,Ballkani,0-2,A,Continental,Wikipedia rendered HTML,2024–25 UEFA Conference League qualifying (first and second round matches)
2024-07-30,UEFA,UEFA 3rd Division,3,2024–25,Pyunik,Struga,3-1,H,Continental,Wikipedia rendered HTML,2024–25 UEFA Conference League qualifying (first and second round matches)
2024-07-31,UEFA,UEFA 3rd Division,3,2024–25,Auda,Cliftonville,2-0,H,Continental,Wikipedia rendered HTML,2024–25 UEFA Conference League qualifying (first and second round matches)
2024-07-31,UEFA,UEFA 3rd Division,3,2024–25,Austria Wien,Ilves,4-3,H,Continental,Wikipedia rendered HTML,2024–25 UEFA Conference League qualifying (first and second round matches)
2024-07-31,UEFA,UEFA 3rd Division,3,2024–25,BK Häcken,F91 Dudelange,6-1,H,Continental,Wikipedia rendered HTML,2024–25 UEFA Conference League qualifying (first and second round matches)
2024-07-31,UEFA,UEFA 3rd Division,3,2024–25,Fehérvár,Sumgayit,0-0,D,Continental,Wikipedia rendered HTML,2024–25 UEFA Conference League qualifying (first and second round matches)
2024-07-31,UEFA,UEFA 3rd Division,3,2024–25,Mornar,Radnički 1923,2-1,H,Continental,Wikipedia rendered HTML,2024–25 UEFA Conference League qualifying (first and second round matches)
2024-07-31,UEFA,UEFA 3rd Division,3,2024–25,Spartak Trnava,Sarajevo,3-0,H,Continental,Wikipedia rendered HTML,2024–25 UEFA Conference League qualifying (first and second round matches)
2024-08-01,UEFA,UEFA 3rd Division,3,2024–25,AEK Larnaca,Paks,0-2,A,Continental,Wikipedia rendered HTML,2024–25 UEFA Conference League qualifying (first and second round matches)
2024-08-01,UEFA,UEFA 3rd Division,3,2024–25,Ararat-Armenia,Zimbru Chișinău,3-1,H,Continental,Wikipedia rendered HTML,2024–25 UEFA Conference League qualifying (first and second round matches)
2024-08-01,UEFA,UEFA 3rd Division,3,2024–25,Astana,Milsami Orhei,1-0,H,Continental,Wikipedia rendered HTML,2024–25 UEFA Conference League qualifying (first and second round matches)
2024-08-01,UEFA,UEFA 3rd Division,3,2024–25,Brann,Go Ahead Eagles,2-1,H,Continental,Wikipedia rendered HTML,2024–25 UEFA Conference League qualifying (first and second round matches)
2024-08-01,UEFA,UEFA 3rd Division,3,2024–25,Bravo,Zrinjski Mostar,1-3,A,Continental,Wikipedia rendered HTML,2024–25 UEFA Conference League qualifying (first and second round matches)
2024-08-01,UEFA,UEFA 3rd Division,3,2024–25,Budućnost Podgorica,CSKA 1948,1-1,D,Continental,Wikipedia rendered HTML,2024–25 UEFA Conference League qualifying (first and second round matches)
2024-08-01,UEFA,UEFA 3rd Division,3,2024–25,Caernarfon Town,Legia Warsaw,0-5,A,Continental,Wikipedia rendered HTML,2024–25 UEFA Conference League qualifying (first and second round matches)
2024-08-01,UEFA,UEFA 3rd Division,3,2024–25,Cherno More,Hapoel Be'er Sheva,1-2,A,Continental,Wikipedia rendered HTML,2024–25 UEFA Conference League qualifying (first and second round matches)
2024-08-01,UEFA,UEFA 3rd Division,3,2024–25,Copenhagen,FCB Magpies,5-1,H,Continental,Wikipedia rendered HTML,2024–25 UEFA Conference League qualifying (first and second round matches)
2024-08-01,UEFA,UEFA 3rd Division,3,2024–25,DAC Dunajská Streda,Zira,1-2,A,Continental,Wikipedia rendered HTML,2024–25 UEFA Conference League qualifying (first and second round matches)
2024-08-01,UEFA,UEFA 3rd Division,3,2024–25,Egnatia,Víkingur Reykjavík,0-2,A,Continental,Wikipedia rendered HTML,2024–25 UEFA Conference League qualifying (first and second round matches)
2024-08-01,UEFA,UEFA 3rd Division,3,2024–25,FCI Levadia,Osijek,0-1,A,Continental,Wikipedia rendered HTML,2024–25 UEFA Conference League qualifying (first and second round matches)
2024-08-01,UEFA,UEFA 3rd Division,3,2024–25,HB,Hajduk Split,0-0,D,Continental,Wikipedia rendered HTML,2024–25 UEFA Conference League qualifying (first and second round matches)
2024-08-01,UEFA,UEFA 3rd Division,3,2024–25,Inter Club d'Escaldes,AEK Athens,0-4,A,Continental,Wikipedia rendered HTML,2024–25 UEFA Conference League qualifying (first and second round matches)
2024-08-01,UEFA,UEFA 3rd Division,3,2024–25,La Fiorita,İstanbul Başakşehir,0-4,A,Continental,Wikipedia rendered HTML,2024–25 UEFA Conference League qualifying (first and second round matches)
2024-08-01,UEFA,UEFA 3rd Division,3,2024–25,Llapi,Brøndby,2-2,D,Continental,Wikipedia rendered HTML,2024–25 UEFA Conference League qualifying (first and second round matches)
2024-08-01,UEFA,UEFA 3rd Division,3,2024–25,Neman Grodno,CFR Cluj,0-5,A,Continental,Wikipedia rendered HTML,2024–25 UEFA Conference League qualifying (first and second round matches)
2024-08-01,UEFA,UEFA 3rd Division,3,2024–25,Ordabasy,Differdange 03,4-3,H,Continental,Wikipedia rendered HTML,2024–25 UEFA Conference League qualifying (first and second round matches)
2024-08-01,UEFA,UEFA 3rd Division,3,2024–25,Pafos,Žalgiris,3-0,H,Continental,Wikipedia rendered HTML,2024–25 UEFA Conference League qualifying (first and second round matches)
2024-08-01,UEFA,UEFA 3rd Division,3,2024–25,Paide Linnameeskond,Stjarnan,4-0,H,Continental,Wikipedia rendered HTML,2024–25 UEFA Conference League qualifying (first and second round matches)
2024-08-01,UEFA,UEFA 3rd Division,3,2024–25,Partizani,Iberia 1999,0-0,D,Continental,Wikipedia rendered HTML,2024–25 UEFA Conference League qualifying (first and second round matches)
2024-08-01,UEFA,UEFA 3rd Division,3,2024–25,Polissya Zhytomyr,Olimpija Ljubljana,1-2,A,Continental,Wikipedia rendered HTML,2024–25 UEFA Conference League qualifying (first and second round matches)
2024-08-01,UEFA,UEFA 3rd Division,3,2024–25,Progrès Niederkorn,Djurgårdens IF,1-0,H,Continental,Wikipedia rendered HTML,2024–25 UEFA Conference League qualifying (first and second round matches)
2024-08-01,UEFA,UEFA 3rd Division,3,2024–25,Puskás Akadémia,Dnipro-1,3-0,H,Continental,Wikipedia rendered HTML,2024–25 UEFA Conference League qualifying (first and second round matches)
2024-08-01,UEFA,UEFA 3rd Division,3,2024–25,Sabah,Maccabi Haifa,3-6,A,Continental,Wikipedia rendered HTML,2024–25 UEFA Conference League qualifying (first and second round matches)
2024-08-01,UEFA,UEFA 3rd Division,3,2024–25,Shelbourne,Zürich,0-0,D,Continental,Wikipedia rendered HTML,2024–25 UEFA Conference League qualifying (first and second round matches)
2024-08-01,UEFA,UEFA 3rd Division,3,2024–25,Sliema Wanderers,Noah,0-0,D,Continental,Wikipedia rendered HTML,2024–25 UEFA Conference League qualifying (first and second round matches)
2024-08-01,UEFA,UEFA 3rd Division,3,2024–25,St Mirren,Valur,4-1,H,Continental,Wikipedia rendered HTML,2024–25 UEFA Conference League qualifying (first and second round matches)
2024-08-01,UEFA,UEFA 3rd Division,3,2024–25,Tobol,St. Gallen,0-1,A,Continental,Wikipedia rendered HTML,2024–25 UEFA Conference League qualifying (first and second round matches)
2024-08-01,UEFA,UEFA 3rd Division,3,2024–25,Torpedo Kutaisi,Omonia,1-2,A,Continental,Wikipedia rendered HTML,2024–25 UEFA Conference League qualifying (first and second round matches)
2024-08-01,UEFA,UEFA 3rd Division,3,2024–25,TransINVEST,Mladá Boleslav,0-1,A,Continental,Wikipedia rendered HTML,2024–25 UEFA Conference League qualifying (first and second round matches)
2024-08-01,UEFA,UEFA 3rd Division,3,2024–25,Tromsø,KuPS,1-0,H,Continental,Wikipedia rendered HTML,2024–25 UEFA Conference League qualifying (first and second round matches)
2024-08-01,UEFA,UEFA 3rd Division,3,2024–25,Universitatea Craiova,Maribor,3-2,H,Continental,Wikipedia rendered HTML,2024–25 UEFA Conference League qualifying (first and second round matches)
2024-08-01,UEFA,UEFA 3rd Division,3,2024–25,Urartu,Baník Ostrava,0-2,A,Continental,Wikipedia rendered HTML,2024–25 UEFA Conference League qualifying (first and second round matches)
2024-08-01,UEFA,UEFA 3rd Division,3,2024–25,Vaduz,St Patrick's Athletic,2-2,D,Continental,Wikipedia rendered HTML,2024–25 UEFA Conference League qualifying (first and second round matches)
2024-08-01,UEFA,UEFA 3rd Division,3,2024–25,Vitória de Guimarães,Floriana,4-0,H,Continental,Wikipedia rendered HTML,2024–25 UEFA Conference League qualifying (first and second round matches)
2024-08-01,UEFA,UEFA 3rd Division,3,2024–25,Víkingur Gøta,Gent,0-3,A,Continental,Wikipedia rendered HTML,2024–25 UEFA Conference League qualifying (first and second round matches)
2024-08-01,UEFA,UEFA 3rd Division,3,2024–25,Śląsk Wrocław,Riga,3-1,H,Continental,Wikipedia rendered HTML,2024–25 UEFA Conference League qualifying (first and second round matches)
2024-08-06,UEFA,UEFA 3rd Division,3,2024–25,Noah,AEK Athens,3-1,H,Continental,Wikipedia rendered HTML,2024–25 UEFA Conference League qualifying (third and play-off round matches)
2024-08-07,UEFA,UEFA 3rd Division,3,2024–25,BK Häcken,Paide Linnameeskond,6-1,H,Continental,Wikipedia rendered HTML,2024–25 UEFA Conference League qualifying (third and play-off round matches)
2024-08-07,UEFA,UEFA 3rd Division,3,2024–25,Copenhagen,Baník Ostrava,1-0,H,Continental,Wikipedia rendered HTML,2024–25 UEFA Conference League qualifying (third and play-off round matches)
2024-08-07,UEFA,UEFA 3rd Division,3,2024–25,Paks,Mornar,3-0,H,Continental,Wikipedia rendered HTML,2024–25 UEFA Conference League qualifying (third and play-off round matches)
2024-08-07,UEFA,UEFA 3rd Division,3,2024–25,St. Gallen,Śląsk Wrocław,2-0,H,Continental,Wikipedia rendered HTML,2024–25 UEFA Conference League qualifying (third and play-off round matches)
2024-08-08,UEFA,UEFA 3rd Division,3,2024–25,Ararat-Armenia,Puskás Akadémia,0-1,A,Continental,Wikipedia rendered HTML,2024–25 UEFA Conference League qualifying (third and play-off round matches)
2024-08-08,UEFA,UEFA 3rd Division,3,2024–25,Auda,Drita,1-0,H,Continental,Wikipedia rendered HTML,2024–25 UEFA Conference League qualifying (third and play-off round matches)
2024-08-08,UEFA,UEFA 3rd Division,3,2024–25,Ballkani,Larne,0-1,A,Continental,Wikipedia rendered HTML,2024–25 UEFA Conference League qualifying (third and play-off round matches)
2024-08-08,UEFA,UEFA 3rd Division,3,2024–25,Botev Plovdiv,Zrinjski Mostar,2-1,H,Continental,Wikipedia rendered HTML,2024–25 UEFA Conference League qualifying (third and play-off round matches)
2024-08-08,UEFA,UEFA 3rd Division,3,2024–25,Brøndby,Legia Warsaw,2-3,A,Continental,Wikipedia rendered HTML,2024–25 UEFA Conference League qualifying (third and play-off round matches)
2024-08-08,UEFA,UEFA 3rd Division,3,2024–25,CSKA 1948,Pafos,2-1,H,Continental,Wikipedia rendered HTML,2024–25 UEFA Conference League qualifying (third and play-off round matches)
2024-08-08,UEFA,UEFA 3rd Division,3,2024–25,Corvinul Hunedoara,Astana,1-2,A,Continental,Wikipedia rendered HTML,2024–25 UEFA Conference League qualifying (third and play-off round matches)
2024-08-08,UEFA,UEFA 3rd Division,3,2024–25,HJK,Dečić,1-0,H,Continental,Wikipedia rendered HTML,2024–25 UEFA Conference League qualifying (third and play-off round matches)
2024-08-08,UEFA,UEFA 3rd Division,3,2024–25,Iberia 1999,İstanbul Başakşehir,0-1,A,Continental,Wikipedia rendered HTML,2024–25 UEFA Conference League qualifying (third and play-off round matches)
2024-08-08,UEFA,UEFA 3rd Division,3,2024–25,Ilves,Djurgårdens IF,1-1,D,Continental,Wikipedia rendered HTML,2024–25 UEFA Conference League qualifying (third and play-off round matches)
2024-08-08,UEFA,UEFA 3rd Division,3,2024–25,Kilmarnock,Tromsø,2-2,D,Continental,Wikipedia rendered HTML,2024–25 UEFA Conference League qualifying (third and play-off round matches)
2024-08-08,UEFA,UEFA 3rd Division,3,2024–25,Maccabi Petah Tikva,CFR Cluj,0-1,A,Continental,Wikipedia rendered HTML,2024–25 UEFA Conference League qualifying (third and play-off round matches)
2024-08-08,UEFA,UEFA 3rd Division,3,2024–25,Maribor,Vojvodina,2-1,H,Continental,Wikipedia rendered HTML,2024–25 UEFA Conference League qualifying (third and play-off round matches)
2024-08-08,UEFA,UEFA 3rd Division,3,2024–25,Mladá Boleslav,Hapoel Be'er Sheva,1-1,D,Continental,Wikipedia rendered HTML,2024–25 UEFA Conference League qualifying (third and play-off round matches)
2024-08-08,UEFA,UEFA 3rd Division,3,2024–25,Olimpija Ljubljana,Sheriff Tiraspol,3-0,H,Continental,Wikipedia rendered HTML,2024–25 UEFA Conference League qualifying (third and play-off round matches)
2024-08-08,UEFA,UEFA 3rd Division,3,2024–25,Omonia,Fehérvár,1-0,H,Continental,Wikipedia rendered HTML,2024–25 UEFA Conference League qualifying (third and play-off round matches)
2024-08-08,UEFA,UEFA 3rd Division,3,2024–25,Ordabasy,Pyunik,0-1,A,Continental,Wikipedia rendered HTML,2024–25 UEFA Conference League qualifying (third and play-off round matches)
2024-08-08,UEFA,UEFA 3rd Division,3,2024–25,Osijek,Zira,1-1,D,Continental,Wikipedia rendered HTML,2024–25 UEFA Conference League qualifying (third and play-off round matches)
2024-08-08,UEFA,UEFA 3rd Division,3,2024–25,Ružomberok,Hajduk Split,0-0,D,Continental,Wikipedia rendered HTML,2024–25 UEFA Conference League qualifying (third and play-off round matches)
2024-08-08,UEFA,UEFA 3rd Division,3,2024–25,Silkeborg,Gent,2-2,D,Continental,Wikipedia rendered HTML,2024–25 UEFA Conference League qualifying (third and play-off round matches)
2024-08-08,UEFA,UEFA 3rd Division,3,2024–25,Spartak Trnava,Wisła Kraków,3-1,H,Continental,Wikipedia rendered HTML,2024–25 UEFA Conference League qualifying (third and play-off round matches)
2024-08-08,UEFA,UEFA 3rd Division,3,2024–25,St Mirren,Brann,1-1,D,Continental,Wikipedia rendered HTML,2024–25 UEFA Conference League qualifying (third and play-off round matches)
2024-08-08,UEFA,UEFA 3rd Division,3,2024–25,St Patrick's Athletic,Sabah,1-0,H,Continental,Wikipedia rendered HTML,2024–25 UEFA Conference League qualifying (third and play-off round matches)
2024-08-08,UEFA,UEFA 3rd Division,3,2024–25,Víkingur Reykjavík,Flora,1-1,D,Continental,Wikipedia rendered HTML,2024–25 UEFA Conference League qualifying (third and play-off round matches)
2024-08-08,UEFA,UEFA 3rd Division,3,2024–25,Zürich,Vitória de Guimarães,0-3,A,Continental,Wikipedia rendered HTML,2024–25 UEFA Conference League qualifying (third and play-off round matches)
2024-08-13,UEFA,UEFA 3rd Division,3,2024–25,Mornar,Paks,2-2,D,Continental,Wikipedia rendered HTML,2024–25 UEFA Conference League qualifying (third and play-off round matches)
2024-08-13,UEFA,UEFA 3rd Division,3,2024–25,Paide Linnameeskond,BK Häcken,1-1,D,Continental,Wikipedia rendered HTML,2024–25 UEFA Conference League qualifying (third and play-off round matches)
2024-08-14,UEFA,UEFA 3rd Division,3,2024–25,Astana,Corvinul Hunedoara,6-1,H,Continental,Wikipedia rendered HTML,2024–25 UEFA Conference League qualifying (third and play-off round matches)
2024-08-14,UEFA,UEFA 3rd Division,3,2024–25,Fehérvár,Omonia,0-2,A,Continental,Wikipedia rendered HTML,2024–25 UEFA Conference League qualifying (third and play-off round matches)
2024-08-15,UEFA,UEFA 3rd Division,3,2024–25,AEK Athens,Noah,1-0,H,Continental,Wikipedia rendered HTML,2024–25 UEFA Conference League qualifying (third and play-off round matches)
2024-08-15,UEFA,UEFA 3rd Division,3,2024–25,Baník Ostrava,Copenhagen,1-0,H,Continental,Wikipedia rendered HTML,2024–25 UEFA Conference League qualifying (third and play-off round matches)
2024-08-15,UEFA,UEFA 3rd Division,3,2024–25,Brann,St Mirren,3-1,H,Continental,Wikipedia rendered HTML,2024–25 UEFA Conference League qualifying (third and play-off round matches)
2024-08-15,UEFA,UEFA 3rd Division,3,2024–25,CFR Cluj,Maccabi Petah Tikva,1-0,H,Continental,Wikipedia rendered HTML,2024–25 UEFA Conference League qualifying (third and play-off round matches)
2024-08-15,UEFA,UEFA 3rd Division,3,2024–25,Dečić,HJK,2-1,H,Continental,Wikipedia rendered HTML,2024–25 UEFA Conference League qualifying (third and play-off round matches)
2024-08-15,UEFA,UEFA 3rd Division,3,2024–25,Djurgårdens IF,Ilves,3-1,H,Continental,Wikipedia rendered HTML,2024–25 UEFA Conference League qualifying (third and play-off round matches)
2024-08-15,UEFA,UEFA 3rd Division,3,2024–25,Drita,Auda,3-1,H,Continental,Wikipedia rendered HTML,2024–25 UEFA Conference League qualifying (third and play-off round matches)
2024-08-15,UEFA,UEFA 3rd Division,3,2024–25,Flora,Víkingur Reykjavík,1-2,A,Continental,Wikipedia rendered HTML,2024–25 UEFA Conference League qualifying (third and play-off round matches)
2024-08-15,UEFA,UEFA 3rd Division,3,2024–25,Gent,Silkeborg,3-2,H,Continental,Wikipedia rendered HTML,2024–25 UEFA Conference League qualifying (third and play-off round matches)
2024-08-15,UEFA,UEFA 3rd Division,3,2024–25,Hajduk Split,Ružomberok,0-1,A,Continental,Wikipedia rendered HTML,2024–25 UEFA Conference League qualifying (third and play-off round matches)
2024-08-15,UEFA,UEFA 3rd Division,3,2024–25,Hapoel Be'er Sheva,Mladá Boleslav,2-4,A,Continental,Wikipedia rendered HTML,2024–25 UEFA Conference League qualifying (third and play-off round matches)
2024-08-15,UEFA,UEFA 3rd Division,3,2024–25,Larne,Ballkani,0-1,A,Continental,Wikipedia rendered HTML,2024–25 UEFA Conference League qualifying (third and play-off round matches)
2024-08-15,UEFA,UEFA 3rd Division,3,2024–25,Legia Warsaw,Brøndby,1-1,D,Continental,Wikipedia rendered HTML,2024–25 UEFA Conference League qualifying (third and play-off round matches)
2024-08-15,UEFA,UEFA 3rd Division,3,2024–25,Pafos,CSKA 1948,4-0,H,Continental,Wikipedia rendered HTML,2024–25 UEFA Conference League qualifying (third and play-off round matches)
2024-08-15,UEFA,UEFA 3rd Division,3,2024–25,Puskás Akadémia,Ararat-Armenia,3-3,D,Continental,Wikipedia rendered HTML,2024–25 UEFA Conference League qualifying (third and play-off round matches)
2024-08-15,UEFA,UEFA 3rd Division,3,2024–25,Pyunik,Ordabasy,1-0,H,Continental,Wikipedia rendered HTML,2024–25 UEFA Conference League qualifying (third and play-off round matches)
2024-08-15,UEFA,UEFA 3rd Division,3,2024–25,Sabah,St Patrick's Athletic,0-1,A,Continental,Wikipedia rendered HTML,2024–25 UEFA Conference League qualifying (third and play-off round matches)
2024-08-15,UEFA,UEFA 3rd Division,3,2024–25,Sheriff Tiraspol,Olimpija Ljubljana,0-1,A,Continental,Wikipedia rendered HTML,2024–25 UEFA Conference League qualifying (third and play-off round matches)
2024-08-15,UEFA,UEFA 3rd Division,3,2024–25,Tromsø,Kilmarnock,0-1,A,Continental,Wikipedia rendered HTML,2024–25 UEFA Conference League qualifying (third and play-off round matches)
2024-08-15,UEFA,UEFA 3rd Division,3,2024–25,Vitória de Guimarães,Zürich,2-0,H,Continental,Wikipedia rendered HTML,2024–25 UEFA Conference League qualifying (third and play-off round matches)
2024-08-15,UEFA,UEFA 3rd Division,3,2024–25,Vojvodina,Maribor,1-0,H,Continental,Wikipedia rendered HTML,2024–25 UEFA Conference League qualifying (third and play-off round matches)
2024-08-15,UEFA,UEFA 3rd Division,3,2024–25,Wisła Kraków,Spartak Trnava,3-1,H,Continental,Wikipedia rendered HTML,2024–25 UEFA Conference League qualifying (third and play-off round matches)
2024-08-15,UEFA,UEFA 3rd Division,3,2024–25,Zira,Osijek,2-2,D,Continental,Wikipedia rendered HTML,2024–25 UEFA Conference League qualifying (third and play-off round matches)
2024-08-15,UEFA,UEFA 3rd Division,3,2024–25,Zrinjski Mostar,Botev Plovdiv,2-0,H,Continental,Wikipedia rendered HTML,2024–25 UEFA Conference League qualifying (third and play-off round matches)
2024-08-15,UEFA,UEFA 3rd Division,3,2024–25,İstanbul Başakşehir,Iberia 1999,2-0,H,Continental,Wikipedia rendered HTML,2024–25 UEFA Conference League qualifying (third and play-off round matches)
2024-08-15,UEFA,UEFA 3rd Division,3,2024–25,Śląsk Wrocław,St. Gallen,3-2,H,Continental,Wikipedia rendered HTML,2024–25 UEFA Conference League qualifying (third and play-off round matches)
2024-08-20,UEFA,UEFA 3rd Division,3,2024–25,Noah,Ružomberok,3-0,H,Continental,Wikipedia rendered HTML,2024–25 UEFA Conference League qualifying (third and play-off round matches)
2024-08-21,UEFA,UEFA 3rd Division,3,2024–25,Vitória de Guimarães,Zrinjski Mostar,3-0,H,Continental,Wikipedia rendered HTML,2024–25 UEFA Conference League qualifying (third and play-off round matches)
2024-08-22,UEFA,UEFA 3rd Division,3,2024–25,BK Häcken,1. FC Heidenheim,1-2,A,Continental,Wikipedia rendered HTML,2024–25 UEFA Conference League qualifying (third and play-off round matches)
2024-08-22,UEFA,UEFA 3rd Division,3,2024–25,Brann,Astana,2-0,H,Continental,Wikipedia rendered HTML,2024–25 UEFA Conference League qualifying (third and play-off round matches)
2024-08-22,UEFA,UEFA 3rd Division,3,2024–25,CFR Cluj,Pafos,1-0,H,Continental,Wikipedia rendered HTML,2024–25 UEFA Conference League qualifying (third and play-off round matches)
2024-08-22,UEFA,UEFA 3rd Division,3,2024–25,Chelsea,Servette,2-0,H,Continental,Wikipedia rendered HTML,2024–25 UEFA Conference League qualifying (third and play-off round matches)
2024-08-22,UEFA,UEFA 3rd Division,3,2024–25,Copenhagen,Kilmarnock,2-0,H,Continental,Wikipedia rendered HTML,2024–25 UEFA Conference League qualifying (third and play-off round matches)
2024-08-22,UEFA,UEFA 3rd Division,3,2024–25,Djurgårdens IF,Maribor,1-0,H,Continental,Wikipedia rendered HTML,2024–25 UEFA Conference League qualifying (third and play-off round matches)
2024-08-22,UEFA,UEFA 3rd Division,3,2024–25,Fiorentina,Puskás Akadémia,3-3,D,Continental,Wikipedia rendered HTML,2024–25 UEFA Conference League qualifying (third and play-off round matches)
2024-08-22,UEFA,UEFA 3rd Division,3,2024–25,Kryvbas Kryvyi Rih,Real Betis,0-2,A,Continental,Wikipedia rendered HTML,2024–25 UEFA Conference League qualifying (third and play-off round matches)
2024-08-22,UEFA,UEFA 3rd Division,3,2024–25,KÍ,HJK,2-2,D,Continental,Wikipedia rendered HTML,2024–25 UEFA Conference League qualifying (third and play-off round matches)
2024-08-22,UEFA,UEFA 3rd Division,3,2024–25,Legia Warsaw,Drita,2-0,H,Continental,Wikipedia rendered HTML,2024–25 UEFA Conference League qualifying (third and play-off round matches)
2024-08-22,UEFA,UEFA 3rd Division,3,2024–25,Lens,Panathinaikos,2-1,H,Continental,Wikipedia rendered HTML,2024–25 UEFA Conference League qualifying (third and play-off round matches)
2024-08-22,UEFA,UEFA 3rd Division,3,2024–25,Lincoln Red Imps,Larne,2-1,H,Continental,Wikipedia rendered HTML,2024–25 UEFA Conference League qualifying (third and play-off round matches)
2024-08-22,UEFA,UEFA 3rd Division,3,2024–25,Mladá Boleslav,Paks,2-2,D,Continental,Wikipedia rendered HTML,2024–25 UEFA Conference League qualifying (third and play-off round matches)
2024-08-22,UEFA,UEFA 3rd Division,3,2024–25,Omonia,Zira,6-0,H,Continental,Wikipedia rendered HTML,2024–25 UEFA Conference League qualifying (third and play-off round matches)
2024-08-22,UEFA,UEFA 3rd Division,3,2024–25,Panevėžys,The New Saints,0-3,A,Continental,Wikipedia rendered HTML,2024–25 UEFA Conference League qualifying (third and play-off round matches)
2024-08-22,UEFA,UEFA 3rd Division,3,2024–25,Partizan,Gent,0-1,A,Continental,Wikipedia rendered HTML,2024–25 UEFA Conference League qualifying (third and play-off round matches)
2024-08-22,UEFA,UEFA 3rd Division,3,2024–25,Pyunik,Celje,1-0,H,Continental,Wikipedia rendered HTML,2024–25 UEFA Conference League qualifying (third and play-off round matches)
2024-08-22,UEFA,UEFA 3rd Division,3,2024–25,Rijeka,Olimpija Ljubljana,1-1,D,Continental,Wikipedia rendered HTML,2024–25 UEFA Conference League qualifying (third and play-off round matches)
2024-08-22,UEFA,UEFA 3rd Division,3,2024–25,St Patrick's Athletic,İstanbul Başakşehir,0-0,D,Continental,Wikipedia rendered HTML,2024–25 UEFA Conference League qualifying (third and play-off round matches)
2024-08-22,UEFA,UEFA 3rd Division,3,2024–25,St. Gallen,Trabzonspor,0-0,D,Continental,Wikipedia rendered HTML,2024–25 UEFA Conference League qualifying (third and play-off round matches)
2024-08-22,UEFA,UEFA 3rd Division,3,2024–25,Víkingur Reykjavík,UE Santa Coloma,5-0,H,Continental,Wikipedia rendered HTML,2024–25 UEFA Conference League qualifying (third and play-off round matches)
2024-08-22,UEFA,UEFA 3rd Division,3,2024–25,Wisła Kraków,Cercle Brugge,1-6,A,Continental,Wikipedia rendered HTML,2024–25 UEFA Conference League qualifying (third and play-off round matches)
2024-08-28,UEFA,UEFA 3rd Division,3,2024–25,Gent,Partizan,1-0,H,Continental,Wikipedia rendered HTML,2024–25 UEFA Conference League qualifying (third and play-off round matches)
2024-08-28,UEFA,UEFA 3rd Division,3,2024–25,İstanbul Başakşehir,St Patrick's Athletic,2-0,H,Continental,Wikipedia rendered HTML,2024–25 UEFA Conference League qualifying (third and play-off round matches)
2024-08-29,UEFA,UEFA 3rd Division,3,2024–25,1. FC Heidenheim,BK Häcken,3-2,H,Continental,Wikipedia rendered HTML,2024–25 UEFA Conference League qualifying (third and play-off round matches)
2024-08-29,UEFA,UEFA 3rd Division,3,2024–25,Astana,Brann,3-0,H,Continental,Wikipedia rendered HTML,2024–25 UEFA Conference League qualifying (third and play-off round matches)
2024-08-29,UEFA,UEFA 3rd Division,3,2024–25,Celje,Pyunik,4-1,H,Continental,Wikipedia rendered HTML,2024–25 UEFA Conference League qualifying (third and play-off round matches)
2024-08-29,UEFA,UEFA 3rd Division,3,2024–25,Cercle Brugge,Wisła Kraków,1-4,A,Continental,Wikipedia rendered HTML,2024–25 UEFA Conference League qualifying (third and play-off round matches)
2024-08-29,UEFA,UEFA 3rd Division,3,2024–25,Drita,Legia Warsaw,0-1,A,Continental,Wikipedia rendered HTML,2024–25 UEFA Conference League qualifying (third and play-off round matches)
2024-08-29,UEFA,UEFA 3rd Division,3,2024–25,HJK,KÍ,2-1,H,Continental,Wikipedia rendered HTML,2024–25 UEFA Conference League qualifying (third and play-off round matches)
2024-08-29,UEFA,UEFA 3rd Division,3,2024–25,Kilmarnock,Copenhagen,1-1,D,Continental,Wikipedia rendered HTML,2024–25 UEFA Conference League qualifying (third and play-off round matches)
2024-08-29,UEFA,UEFA 3rd Division,3,2024–25,Larne,Lincoln Red Imps,3-1,H,Continental,Wikipedia rendered HTML,2024–25 UEFA Conference League qualifying (third and play-off round matches)
2024-08-29,UEFA,UEFA 3rd Division,3,2024–25,Maribor,Djurgårdens IF,0-1,A,Continental,Wikipedia rendered HTML,2024–25 UEFA Conference League qualifying (third and play-off round matches)
2024-08-29,UEFA,UEFA 3rd Division,3,2024–25,Olimpija Ljubljana,Rijeka,5-0,H,Continental,Wikipedia rendered HTML,2024–25 UEFA Conference League qualifying (third and play-off round matches)
2024-08-29,UEFA,UEFA 3rd Division,3,2024–25,Pafos,CFR Cluj,3-0,H,Continental,Wikipedia rendered HTML,2024–25 UEFA Conference League qualifying (third and play-off round matches)
2024-08-29,UEFA,UEFA 3rd Division,3,2024–25,Paks,Mladá Boleslav,0-3,A,Continental,Wikipedia rendered HTML,2024–25 UEFA Conference League qualifying (third and play-off round matches)
2024-08-29,UEFA,UEFA 3rd Division,3,2024–25,Panathinaikos,Lens,2-0,H,Continental,Wikipedia rendered HTML,2024–25 UEFA Conference League qualifying (third and play-off round matches)
2024-08-29,UEFA,UEFA 3rd Division,3,2024–25,Puskás Akadémia,Fiorentina,1-1,D,Continental,Wikipedia rendered HTML,2024–25 UEFA Conference League qualifying (third and play-off round matches)
2024-08-29,UEFA,UEFA 3rd Division,3,2024–25,Real Betis,Kryvbas Kryvyi Rih,3-0,H,Continental,Wikipedia rendered HTML,2024–25 UEFA Conference League qualifying (third and play-off round matches)
2024-08-29,UEFA,UEFA 3rd Division,3,2024–25,Ružomberok,Noah,3-1,H,Continental,Wikipedia rendered HTML,2024–25 UEFA Conference League qualifying (third and play-off round matches)
2024-08-29,UEFA,UEFA 3rd Division,3,2024–25,Servette,Chelsea,2-1,H,Continental,Wikipedia rendered HTML,2024–25 UEFA Conference League qualifying (third and play-off round matches)
2024-08-29,UEFA,UEFA 3rd Division,3,2024–25,The New Saints,Panevėžys,0-0,D,Continental,Wikipedia rendered HTML,2024–25 UEFA Conference League qualifying (third and play-off round matches)
2024-08-29,UEFA,UEFA 3rd Division,3,2024–25,Trabzonspor,St. Gallen,1-1,D,Continental,Wikipedia rendered HTML,2024–25 UEFA Conference League qualifying (third and play-off round matches)
2024-08-29,UEFA,UEFA 3rd Division,3,2024–25,UE Santa Coloma,Víkingur Reykjavík,0-0,D,Continental,Wikipedia rendered HTML,2024–25 UEFA Conference League qualifying (third and play-off round matches)
2024-08-29,UEFA,UEFA 3rd Division,3,2024–25,Zira,Omonia,1-0,H,Continental,Wikipedia rendered HTML,2024–25 UEFA Conference League qualifying (third and play-off round matches)
2024-08-29,UEFA,UEFA 3rd Division,3,2024–25,Zrinjski Mostar,Vitória de Guimarães,0-4,A,Continental,Wikipedia rendered HTML,2024–25 UEFA Conference League qualifying (third and play-off round matches)
2024-10-02,UEFA,UEFA 3rd Division,3,2024–25,Vitória de Guimarães,Celje,3-1,H,Continental,Wikipedia rendered HTML,2024–25 UEFA Conference League league phase
2024-10-02,UEFA,UEFA 3rd Division,3,2024–25,İstanbul Başakşehir,Rapid Wien,1-2,A,Continental,Wikipedia rendered HTML,2024–25 UEFA Conference League league phase
2024-10-03,UEFA,UEFA 3rd Division,3,2024–25,1. FC Heidenheim,Olimpija Ljubljana,2-1,H,Continental,Wikipedia rendered HTML,2024–25 UEFA Conference League league phase
2024-10-03,UEFA,UEFA 3rd Division,3,2024–25,Astana,TSC,1-0,H,Continental,Wikipedia rendered HTML,2024–25 UEFA Conference League league phase
2024-10-03,UEFA,UEFA 3rd Division,3,2024–25,Borac Banja Luka,Panathinaikos,1-1,D,Continental,Wikipedia rendered HTML,2024–25 UEFA Conference League league phase
2024-10-03,UEFA,UEFA 3rd Division,3,2024–25,Cercle Brugge,St. Gallen,6-2,H,Continental,Wikipedia rendered HTML,2024–25 UEFA Conference League league phase
2024-10-03,UEFA,UEFA 3rd Division,3,2024–25,Chelsea,Gent,4-2,H,Continental,Wikipedia rendered HTML,2024–25 UEFA Conference League league phase
2024-10-03,UEFA,UEFA 3rd Division,3,2024–25,Copenhagen,Jagiellonia Białystok,1-2,A,Continental,Wikipedia rendered HTML,2024–25 UEFA Conference League league phase
2024-10-03,UEFA,UEFA 3rd Division,3,2024–25,Dinamo Minsk,Heart of Midlothian,1-2,A,Continental,Wikipedia rendered HTML,2024–25 UEFA Conference League league phase
2024-10-03,UEFA,UEFA 3rd Division,3,2024–25,Fiorentina,The New Saints,2-0,H,Continental,Wikipedia rendered HTML,2024–25 UEFA Conference League league phase
2024-10-03,UEFA,UEFA 3rd Division,3,2024–25,LASK,Djurgårdens IF,2-2,D,Continental,Wikipedia rendered HTML,2024–25 UEFA Conference League league phase
2024-10-03,UEFA,UEFA 3rd Division,3,2024–25,Legia Warsaw,Real Betis,1-0,H,Continental,Wikipedia rendered HTML,2024–25 UEFA Conference League league phase
2024-10-03,UEFA,UEFA 3rd Division,3,2024–25,Lugano,HJK,3-0,H,Continental,Wikipedia rendered HTML,2024–25 UEFA Conference League league phase
2024-10-03,UEFA,UEFA 3rd Division,3,2024–25,Molde,Larne,3-0,H,Continental,Wikipedia rendered HTML,2024–25 UEFA Conference League league phase
2024-10-03,UEFA,UEFA 3rd Division,3,2024–25,Noah,Mladá Boleslav,2-0,H,Continental,Wikipedia rendered HTML,2024–25 UEFA Conference League league phase
2024-10-03,UEFA,UEFA 3rd Division,3,2024–25,Omonia,Víkingur Reykjavík,4-0,H,Continental,Wikipedia rendered HTML,2024–25 UEFA Conference League league phase
2024-10-03,UEFA,UEFA 3rd Division,3,2024–25,Petrocub Hîncești,Pafos,1-4,A,Continental,Wikipedia rendered HTML,2024–25 UEFA Conference League league phase
2024-10-03,UEFA,UEFA 3rd Division,3,2024–25,Shamrock Rovers,APOEL,1-1,D,Continental,Wikipedia rendered HTML,2024–25 UEFA Conference League league phase
2024-10-24,UEFA,UEFA 3rd Division,3,2024–25,APOEL,Borac Banja Luka,0-1,A,Continental,Wikipedia rendered HTML,2024–25 UEFA Conference League league phase
2024-10-24,UEFA,UEFA 3rd Division,3,2024–25,Celje,İstanbul Başakşehir,5-1,H,Continental,Wikipedia rendered HTML,2024–25 UEFA Conference League league phase
2024-10-24,UEFA,UEFA 3rd Division,3,2024–25,Djurgårdens IF,Vitória de Guimarães,1-2,A,Continental,Wikipedia rendered HTML,2024–25 UEFA Conference League league phase
2024-10-24,UEFA,UEFA 3rd Division,3,2024–25,Gent,Molde,2-1,H,Continental,Wikipedia rendered HTML,2024–25 UEFA Conference League league phase
2024-10-24,UEFA,UEFA 3rd Division,3,2024–25,HJK,Dinamo Minsk,1-0,H,Continental,Wikipedia rendered HTML,2024–25 UEFA Conference League league phase
2024-10-24,UEFA,UEFA 3rd Division,3,2024–25,Heart of Midlothian,Omonia,2-0,H,Continental,Wikipedia rendered HTML,2024–25 UEFA Conference League league phase
2024-10-24,UEFA,UEFA 3rd Division,3,2024–25,Jagiellonia Białystok,Petrocub Hîncești,2-0,H,Continental,Wikipedia rendered HTML,2024–25 UEFA Conference League league phase
2024-10-24,UEFA,UEFA 3rd Division,3,2024–25,Larne,Shamrock Rovers,1-4,A,Continental,Wikipedia rendered HTML,2024–25 UEFA Conference League league phase
2024-10-24,UEFA,UEFA 3rd Division,3,2024–25,Mladá Boleslav,Lugano,0-1,A,Continental,Wikipedia rendered HTML,2024–25 UEFA Conference League league phase
2024-10-24,UEFA,UEFA 3rd Division,3,2024–25,Olimpija Ljubljana,LASK,2-0,H,Continental,Wikipedia rendered HTML,2024–25 UEFA Conference League league phase
2024-10-24,UEFA,UEFA 3rd Division,3,2024–25,Pafos,1. FC Heidenheim,0-1,A,Continental,Wikipedia rendered HTML,2024–25 UEFA Conference League league phase
2024-10-24,UEFA,UEFA 3rd Division,3,2024–25,Panathinaikos,Chelsea,1-4,A,Continental,Wikipedia rendered HTML,2024–25 UEFA Conference League league phase
2024-10-24,UEFA,UEFA 3rd Division,3,2024–25,Rapid Wien,Noah,1-0,H,Continental,Wikipedia rendered HTML,2024–25 UEFA Conference League league phase
2024-10-24,UEFA,UEFA 3rd Division,3,2024–25,Real Betis,Copenhagen,1-1,D,Continental,Wikipedia rendered HTML,2024–25 UEFA Conference League league phase
2024-10-24,UEFA,UEFA 3rd Division,3,2024–25,St. Gallen,Fiorentina,2-4,A,Continental,Wikipedia rendered HTML,2024–25 UEFA Conference League league phase
2024-10-24,UEFA,UEFA 3rd Division,3,2024–25,TSC,Legia Warsaw,0-3,A,Continental,Wikipedia rendered HTML,2024–25 UEFA Conference League league phase
2024-10-24,UEFA,UEFA 3rd Division,3,2024–25,The New Saints,Astana,2-0,H,Continental,Wikipedia rendered HTML,2024–25 UEFA Conference League league phase
2024-10-24,UEFA,UEFA 3rd Division,3,2024–25,Víkingur Reykjavík,Cercle Brugge,3-1,H,Continental,Wikipedia rendered HTML,2024–25 UEFA Conference League league phase
2024-11-07,UEFA,UEFA 3rd Division,3,2024–25,APOEL,Fiorentina,2-1,H,Continental,Wikipedia rendered HTML,2024–25 UEFA Conference League league phase
2024-11-07,UEFA,UEFA 3rd Division,3,2024–25,Chelsea,Noah,8-0,H,Continental,Wikipedia rendered HTML,2024–25 UEFA Conference League league phase
2024-11-07,UEFA,UEFA 3rd Division,3,2024–25,Copenhagen,İstanbul Başakşehir,2-2,D,Continental,Wikipedia rendered HTML,2024–25 UEFA Conference League league phase
2024-11-07,UEFA,UEFA 3rd Division,3,2024–25,Djurgårdens IF,Panathinaikos,2-1,H,Continental,Wikipedia rendered HTML,2024–25 UEFA Conference League league phase
2024-11-07,UEFA,UEFA 3rd Division,3,2024–25,Gent,Omonia,1-0,H,Continental,Wikipedia rendered HTML,2024–25 UEFA Conference League league phase
2024-11-07,UEFA,UEFA 3rd Division,3,2024–25,HJK,Olimpija Ljubljana,0-2,A,Continental,Wikipedia rendered HTML,2024–25 UEFA Conference League league phase
2024-11-07,UEFA,UEFA 3rd Division,3,2024–25,Heart of Midlothian,1. FC Heidenheim,0-2,A,Continental,Wikipedia rendered HTML,2024–25 UEFA Conference League league phase
2024-11-07,UEFA,UEFA 3rd Division,3,2024–25,Jagiellonia Białystok,Molde,3-0,H,Continental,Wikipedia rendered HTML,2024–25 UEFA Conference League league phase
2024-11-07,UEFA,UEFA 3rd Division,3,2024–25,LASK,Cercle Brugge,0-0,D,Continental,Wikipedia rendered HTML,2024–25 UEFA Conference League league phase
2024-11-07,UEFA,UEFA 3rd Division,3,2024–25,Larne,St. Gallen,1-2,A,Continental,Wikipedia rendered HTML,2024–25 UEFA Conference League league phase
2024-11-07,UEFA,UEFA 3rd Division,3,2024–25,Legia Warsaw,Dinamo Minsk,4-0,H,Continental,Wikipedia rendered HTML,2024–25 UEFA Conference League league phase
2024-11-07,UEFA,UEFA 3rd Division,3,2024–25,Pafos,Astana,1-0,H,Continental,Wikipedia rendered HTML,2024–25 UEFA Conference League league phase
2024-11-07,UEFA,UEFA 3rd Division,3,2024–25,Petrocub Hîncești,Rapid Wien,0-3,A,Continental,Wikipedia rendered HTML,2024–25 UEFA Conference League league phase
2024-11-07,UEFA,UEFA 3rd Division,3,2024–25,Real Betis,Celje,2-1,H,Continental,Wikipedia rendered HTML,2024–25 UEFA Conference League league phase
2024-11-07,UEFA,UEFA 3rd Division,3,2024–25,Shamrock Rovers,The New Saints,2-1,H,Continental,Wikipedia rendered HTML,2024–25 UEFA Conference League league phase
2024-11-07,UEFA,UEFA 3rd Division,3,2024–25,TSC,Lugano,4-1,H,Continental,Wikipedia rendered HTML,2024–25 UEFA Conference League league phase
2024-11-07,UEFA,UEFA 3rd Division,3,2024–25,Vitória de Guimarães,Mladá Boleslav,2-1,H,Continental,Wikipedia rendered HTML,2024–25 UEFA Conference League league phase
2024-11-07,UEFA,UEFA 3rd Division,3,2024–25,Víkingur Reykjavík,Borac Banja Luka,2-0,H,Continental,Wikipedia rendered HTML,2024–25 UEFA Conference League league phase
2024-11-27,UEFA,UEFA 3rd Division,3,2024–25,İstanbul Başakşehir,Petrocub Hîncești,1-1,D,Continental,Wikipedia rendered HTML,2024–25 UEFA Conference League league phase
2024-11-28,UEFA,UEFA 3rd Division,3,2024–25,1. FC Heidenheim,Chelsea,0-2,A,Continental,Wikipedia rendered HTML,2024–25 UEFA Conference League league phase
2024-11-28,UEFA,UEFA 3rd Division,3,2024–25,Astana,Vitória de Guimarães,1-1,D,Continental,Wikipedia rendered HTML,2024–25 UEFA Conference League league phase
2024-11-28,UEFA,UEFA 3rd Division,3,2024–25,Borac Banja Luka,LASK,2-1,H,Continental,Wikipedia rendered HTML,2024–25 UEFA Conference League league phase
2024-11-28,UEFA,UEFA 3rd Division,3,2024–25,Celje,Jagiellonia Białystok,3-3,D,Continental,Wikipedia rendered HTML,2024–25 UEFA Conference League league phase
2024-11-28,UEFA,UEFA 3rd Division,3,2024–25,Cercle Brugge,Heart of Midlothian,2-0,H,Continental,Wikipedia rendered HTML,2024–25 UEFA Conference League league phase
2024-11-28,UEFA,UEFA 3rd Division,3,2024–25,Dinamo Minsk,Copenhagen,1-2,A,Continental,Wikipedia rendered HTML,2024–25 UEFA Conference League league phase
2024-11-28,UEFA,UEFA 3rd Division,3,2024–25,Fiorentina,Pafos,3-2,H,Continental,Wikipedia rendered HTML,2024–25 UEFA Conference League league phase
2024-11-28,UEFA,UEFA 3rd Division,3,2024–25,Lugano,Gent,2-0,H,Continental,Wikipedia rendered HTML,2024–25 UEFA Conference League league phase
2024-11-28,UEFA,UEFA 3rd Division,3,2024–25,Mladá Boleslav,Real Betis,2-1,H,Continental,Wikipedia rendered HTML,2024–25 UEFA Conference League league phase
2024-11-28,UEFA,UEFA 3rd Division,3,2024–25,Molde,APOEL,0-1,A,Continental,Wikipedia rendered HTML,2024–25 UEFA Conference League league phase
2024-11-28,UEFA,UEFA 3rd Division,3,2024–25,Noah,Víkingur Reykjavík,0-0,D,Continental,Wikipedia rendered HTML,2024–25 UEFA Conference League league phase
2024-11-28,UEFA,UEFA 3rd Division,3,2024–25,Olimpija Ljubljana,Larne,1-0,H,Continental,Wikipedia rendered HTML,2024–25 UEFA Conference League league phase
2024-11-28,UEFA,UEFA 3rd Division,3,2024–25,Omonia,Legia Warsaw,0-3,A,Continental,Wikipedia rendered HTML,2024–25 UEFA Conference League league phase
2024-11-28,UEFA,UEFA 3rd Division,3,2024–25,Panathinaikos,HJK,1-0,H,Continental,Wikipedia rendered HTML,2024–25 UEFA Conference League league phase
2024-11-28,UEFA,UEFA 3rd Division,3,2024–25,Rapid Wien,Shamrock Rovers,1-1,D,Continental,Wikipedia rendered HTML,2024–25 UEFA Conference League league phase
2024-11-28,UEFA,UEFA 3rd Division,3,2024–25,St. Gallen,TSC,2-2,D,Continental,Wikipedia rendered HTML,2024–25 UEFA Conference League league phase
2024-11-28,UEFA,UEFA 3rd Division,3,2024–25,The New Saints,Djurgårdens IF,0-1,A,Continental,Wikipedia rendered HTML,2024–25 UEFA Conference League league phase
2024-12-12,UEFA,UEFA 3rd Division,3,2024–25,Astana,Chelsea,1-3,A,Continental,Wikipedia rendered HTML,2024–25 UEFA Conference League league phase
2024-12-12,UEFA,UEFA 3rd Division,3,2024–25,Copenhagen,Heart of Midlothian,2-0,H,Continental,Wikipedia rendered HTML,2024–25 UEFA Conference League league phase
2024-12-12,UEFA,UEFA 3rd Division,3,2024–25,Dinamo Minsk,Larne,2-0,H,Continental,Wikipedia rendered HTML,2024–25 UEFA Conference League league phase
2024-12-12,UEFA,UEFA 3rd Division,3,2024–25,Fiorentina,LASK,7-0,H,Continental,Wikipedia rendered HTML,2024–25 UEFA Conference League league phase
2024-12-12,UEFA,UEFA 3rd Division,3,2024–25,Gent,TSC,3-0,H,Continental,Wikipedia rendered HTML,2024–25 UEFA Conference League league phase
2024-12-12,UEFA,UEFA 3rd Division,3,2024–25,HJK,Molde,2-2,D,Continental,Wikipedia rendered HTML,2024–25 UEFA Conference League league phase
2024-12-12,UEFA,UEFA 3rd Division,3,2024–25,Legia Warsaw,Lugano,1-2,A,Continental,Wikipedia rendered HTML,2024–25 UEFA Conference League league phase
2024-12-12,UEFA,UEFA 3rd Division,3,2024–25,Mladá Boleslav,Jagiellonia Białystok,1-0,H,Continental,Wikipedia rendered HTML,2024–25 UEFA Conference League league phase
2024-12-12,UEFA,UEFA 3rd Division,3,2024–25,Noah,APOEL,1-3,A,Continental,Wikipedia rendered HTML,2024–25 UEFA Conference League league phase
2024-12-12,UEFA,UEFA 3rd Division,3,2024–25,Olimpija Ljubljana,Cercle Brugge,1-4,A,Continental,Wikipedia rendered HTML,2024–25 UEFA Conference League league phase
2024-12-12,UEFA,UEFA 3rd Division,3,2024–25,Omonia,Rapid Wien,3-1,H,Continental,Wikipedia rendered HTML,2024–25 UEFA Conference League league phase
2024-12-12,UEFA,UEFA 3rd Division,3,2024–25,Pafos,Celje,2-0,H,Continental,Wikipedia rendered HTML,2024–25 UEFA Conference League league phase
2024-12-12,UEFA,UEFA 3rd Division,3,2024–25,Petrocub Hîncești,Real Betis,0-1,A,Continental,Wikipedia rendered HTML,2024–25 UEFA Conference League league phase
2024-12-12,UEFA,UEFA 3rd Division,3,2024–25,Shamrock Rovers,Borac Banja Luka,3-0,H,Continental,Wikipedia rendered HTML,2024–25 UEFA Conference League league phase
2024-12-12,UEFA,UEFA 3rd Division,3,2024–25,St. Gallen,Vitória de Guimarães,1-4,A,Continental,Wikipedia rendered HTML,2024–25 UEFA Conference League league phase
2024-12-12,UEFA,UEFA 3rd Division,3,2024–25,The New Saints,Panathinaikos,0-2,A,Continental,Wikipedia rendered HTML,2024–25 UEFA Conference League league phase
2024-12-12,UEFA,UEFA 3rd Division,3,2024–25,Víkingur Reykjavík,Djurgårdens IF,1-2,A,Continental,Wikipedia rendered HTML,2024–25 UEFA Conference League league phase
2024-12-12,UEFA,UEFA 3rd Division,3,2024–25,İstanbul Başakşehir,1. FC Heidenheim,3-1,H,Continental,Wikipedia rendered HTML,2024–25 UEFA Conference League league phase
2024-12-19,UEFA,UEFA 3rd Division,3,2024–25,1. FC Heidenheim,St. Gallen,1-1,D,Continental,Wikipedia rendered HTML,2024–25 UEFA Conference League league phase
2024-12-19,UEFA,UEFA 3rd Division,3,2024–25,APOEL,Astana,1-1,D,Continental,Wikipedia rendered HTML,2024–25 UEFA Conference League league phase
2024-12-19,UEFA,UEFA 3rd Division,3,2024–25,Borac Banja Luka,Omonia,0-0,D,Continental,Wikipedia rendered HTML,2024–25 UEFA Conference League league phase
2024-12-19,UEFA,UEFA 3rd Division,3,2024–25,Celje,The New Saints,3-2,H,Continental,Wikipedia rendered HTML,2024–25 UEFA Conference League league phase
2024-12-19,UEFA,UEFA 3rd Division,3,2024–25,Cercle Brugge,İstanbul Başakşehir,1-1,D,Continental,Wikipedia rendered HTML,2024–25 UEFA Conference League league phase
2024-12-19,UEFA,UEFA 3rd Division,3,2024–25,Chelsea,Shamrock Rovers,5-1,H,Continental,Wikipedia rendered HTML,2024–25 UEFA Conference League league phase
2024-12-19,UEFA,UEFA 3rd Division,3,2024–25,Djurgårdens IF,Legia Warsaw,3-1,H,Continental,Wikipedia rendered HTML,2024–25 UEFA Conference League league phase
2024-12-19,UEFA,UEFA 3rd Division,3,2024–25,Heart of Midlothian,Petrocub Hîncești,2-2,D,Continental,Wikipedia rendered HTML,2024–25 UEFA Conference League league phase
2024-12-19,UEFA,UEFA 3rd Division,3,2024–25,Jagiellonia Białystok,Olimpija Ljubljana,0-0,D,Continental,Wikipedia rendered HTML,2024–25 UEFA Conference League league phase
2024-12-19,UEFA,UEFA 3rd Division,3,2024–25,LASK,Víkingur Reykjavík,1-1,D,Continental,Wikipedia rendered HTML,2024–25 UEFA Conference League league phase
2024-12-19,UEFA,UEFA 3rd Division,3,2024–25,Larne,Gent,1-0,H,Continental,Wikipedia rendered HTML,2024–25 UEFA Conference League league phase
2024-12-19,UEFA,UEFA 3rd Division,3,2024–25,Lugano,Pafos,2-2,D,Continental,Wikipedia rendered HTML,2024–25 UEFA Conference League league phase
2024-12-19,UEFA,UEFA 3rd Division,3,2024–25,Molde,Mladá Boleslav,4-3,H,Continental,Wikipedia rendered HTML,2024–25 UEFA Conference League league phase
2024-12-19,UEFA,UEFA 3rd Division,3,2024–25,Panathinaikos,Dinamo Minsk,4-0,H,Continental,Wikipedia rendered HTML,2024–25 UEFA Conference League league phase
2024-12-19,UEFA,UEFA 3rd Division,3,2024–25,Rapid Wien,Copenhagen,3-0,H,Continental,Wikipedia rendered HTML,2024–25 UEFA Conference League league phase
2024-12-19,UEFA,UEFA 3rd Division,3,2024–25,Real Betis,HJK,1-0,H,Continental,Wikipedia rendered HTML,2024–25 UEFA Conference League league phase
2024-12-19,UEFA,UEFA 3rd Division,3,2024–25,TSC,Noah,4-3,H,Continental,Wikipedia rendered HTML,2024–25 UEFA Conference League league phase
2024-12-19,UEFA,UEFA 3rd Division,3,2024–25,Vitória de Guimarães,Fiorentina,1-1,D,Continental,Wikipedia rendered HTML,2024–25 UEFA Conference League league phase
2025-02-13,UEFA,UEFA 3rd Division,3,2024–25,Borac Banja Luka,Olimpija Ljubljana,1-0,H,Continental,Wikipedia rendered HTML,2024–25 UEFA Conference League knockout phase
2025-02-13,UEFA,UEFA 3rd Division,3,2024–25,Celje,APOEL,2-2,D,Continental,Wikipedia rendered HTML,2024–25 UEFA Conference League knockout phase
2025-02-13,UEFA,UEFA 3rd Division,3,2024–25,Copenhagen,1. FC Heidenheim,1-2,A,Continental,Wikipedia rendered HTML,2024–25 UEFA Conference League knockout phase
2025-02-13,UEFA,UEFA 3rd Division,3,2024–25,Gent,Real Betis,0-3,A,Continental,Wikipedia rendered HTML,2024–25 UEFA Conference League knockout phase
2025-02-13,UEFA,UEFA 3rd Division,3,2024–25,Molde,Shamrock Rovers,0-1,A,Continental,Wikipedia rendered HTML,2024–25 UEFA Conference League knockout phase
2025-02-13,UEFA,UEFA 3rd Division,3,2024–25,Omonia,Pafos,1-1,D,Continental,Wikipedia rendered HTML,2024–25 UEFA Conference League knockout phase
2025-02-13,UEFA,UEFA 3rd Division,3,2024–25,TSC,Jagiellonia Białystok,1-3,A,Continental,Wikipedia rendered HTML,2024–25 UEFA Conference League knockout phase
2025-02-13,UEFA,UEFA 3rd Division,3,2024–25,Víkingur Reykjavík,Panathinaikos,2-1,H,Continental,Wikipedia rendered HTML,2024–25 UEFA Conference League knockout phase
2025-02-20,UEFA,UEFA 3rd Division,3,2024–25,1. FC Heidenheim,Copenhagen,1-3,A,Continental,Wikipedia rendered HTML,2024–25 UEFA Conference League knockout phase
2025-02-20,UEFA,UEFA 3rd Division,3,2024–25,APOEL,Celje,0-2,A,Continental,Wikipedia rendered HTML,2024–25 UEFA Conference League knockout phase
2025-02-20,UEFA,UEFA 3rd Division,3,2024–25,Jagiellonia Białystok,TSC,3-1,H,Continental,Wikipedia rendered HTML,2024–25 UEFA Conference League knockout phase
2025-02-20,UEFA,UEFA 3rd Division,3,2024–25,Olimpija Ljubljana,Borac Banja Luka,0-0,D,Continental,Wikipedia rendered HTML,2024–25 UEFA Conference League knockout phase
2025-02-20,UEFA,UEFA 3rd Division,3,2024–25,Pafos,Omonia,2-1,H,Continental,Wikipedia rendered HTML,2024–25 UEFA Conference League knockout phase
2025-02-20,UEFA,UEFA 3rd Division,3,2024–25,Panathinaikos,Víkingur Reykjavík,2-0,H,Continental,Wikipedia rendered HTML,2024–25 UEFA Conference League knockout phase
2025-02-20,UEFA,UEFA 3rd Division,3,2024–25,Real Betis,Gent,0-1,A,Continental,Wikipedia rendered HTML,2024–25 UEFA Conference League knockout phase
2025-02-20,UEFA,UEFA 3rd Division,3,2024–25,Shamrock Rovers,Molde,0-1,A,Continental,Wikipedia rendered HTML,2024–25 UEFA Conference League knockout phase
2025-03-06,UEFA,UEFA 3rd Division,3,2024–25,Borac Banja Luka,Rapid Wien,1-1,D,Continental,Wikipedia rendered HTML,2024–25 UEFA Conference League knockout phase
2025-03-06,UEFA,UEFA 3rd Division,3,2024–25,Celje,Lugano,1-0,H,Continental,Wikipedia rendered HTML,2024–25 UEFA Conference League knockout phase
2025-03-06,UEFA,UEFA 3rd Division,3,2024–25,Copenhagen,Chelsea,1-2,A,Continental,Wikipedia rendered HTML,2024–25 UEFA Conference League knockout phase
2025-03-06,UEFA,UEFA 3rd Division,3,2024–25,Jagiellonia Białystok,Cercle Brugge,3-0,H,Continental,Wikipedia rendered HTML,2024–25 UEFA Conference League knockout phase
2025-03-06,UEFA,UEFA 3rd Division,3,2024–25,Molde,Legia Warsaw,3-2,H,Continental,Wikipedia rendered HTML,2024–25 UEFA Conference League knockout phase
2025-03-06,UEFA,UEFA 3rd Division,3,2024–25,Pafos,Djurgårdens IF,1-0,H,Continental,Wikipedia rendered HTML,2024–25 UEFA Conference League knockout phase
2025-03-06,UEFA,UEFA 3rd Division,3,2024–25,Panathinaikos,Fiorentina,3-2,H,Continental,Wikipedia rendered HTML,2024–25 UEFA Conference League knockout phase
2025-03-06,UEFA,UEFA 3rd Division,3,2024–25,Real Betis,Vitória de Guimarães,2-2,D,Continental,Wikipedia rendered HTML,2024–25 UEFA Conference League knockout phase
2025-03-13,UEFA,UEFA 3rd Division,3,2024–25,Cercle Brugge,Jagiellonia Białystok,2-0,H,Continental,Wikipedia rendered HTML,2024–25 UEFA Conference League knockout phase
2025-03-13,UEFA,UEFA 3rd Division,3,2024–25,Chelsea,Copenhagen,1-0,H,Continental,Wikipedia rendered HTML,2024–25 UEFA Conference League knockout phase
2025-03-13,UEFA,UEFA 3rd Division,3,2024–25,Djurgårdens IF,Pafos,3-0,H,Continental,Wikipedia rendered HTML,2024–25 UEFA Conference League knockout phase
2025-03-13,UEFA,UEFA 3rd Division,3,2024–25,Fiorentina,Panathinaikos,3-1,H,Continental,Wikipedia rendered HTML,2024–25 UEFA Conference League knockout phase
2025-03-13,UEFA,UEFA 3rd Division,3,2024–25,Legia Warsaw,Molde,2-0,H,Continental,Wikipedia rendered HTML,2024–25 UEFA Conference League knockout phase
2025-03-13,UEFA,UEFA 3rd Division,3,2024–25,Lugano,Celje,5-4,H,Continental,Wikipedia rendered HTML,2024–25 UEFA Conference League knockout phase
2025-03-13,UEFA,UEFA 3rd Division,3,2024–25,Rapid Wien,Borac Banja Luka,2-1,H,Continental,Wikipedia rendered HTML,2024–25 UEFA Conference League knockout phase
2025-03-13,UEFA,UEFA 3rd Division,3,2024–25,Vitória de Guimarães,Real Betis,0-4,A,Continental,Wikipedia rendered HTML,2024–25 UEFA Conference League knockout phase
2025-04-10,UEFA,UEFA 3rd Division,3,2024–25,Celje,Fiorentina,1-2,A,Continental,Wikipedia rendered HTML,2024–25 UEFA Conference League knockout phase
2025-04-10,UEFA,UEFA 3rd Division,3,2024–25,Djurgårdens IF,Rapid Wien,0-1,A,Continental,Wikipedia rendered HTML,2024–25 UEFA Conference League knockout phase
2025-04-10,UEFA,UEFA 3rd Division,3,2024–25,Legia Warsaw,Chelsea,0-3,A,Continental,Wikipedia rendered HTML,2024–25 UEFA Conference League knockout phase
2025-04-10,UEFA,UEFA 3rd Division,3,2024–25,Real Betis,Jagiellonia Białystok,2-0,H,Continental,Wikipedia rendered HTML,2024–25 UEFA Conference League knockout phase
2025-04-17,UEFA,UEFA 3rd Division,3,2024–25,Chelsea,Legia Warsaw,1-2,A,Continental,Wikipedia rendered HTML,2024–25 UEFA Conference League knockout phase
2025-04-17,UEFA,UEFA 3rd Division,3,2024–25,Fiorentina,Celje,2-2,D,Continental,Wikipedia rendered HTML,2024–25 UEFA Conference League knockout phase
2025-04-17,UEFA,UEFA 3rd Division,3,2024–25,Jagiellonia Białystok,Real Betis,1-1,D,Continental,Wikipedia rendered HTML,2024–25 UEFA Conference League knockout phase
2025-04-17,UEFA,UEFA 3rd Division,3,2024–25,Rapid Wien,Djurgårdens IF,1-4,A,Continental,Wikipedia rendered HTML,2024–25 UEFA Conference League knockout phase
2025-05-01,UEFA,UEFA 3rd Division,3,2024–25,Djurgårdens IF,Chelsea,1-4,A,Continental,Wikipedia rendered HTML,2024–25 UEFA Conference League knockout phase
2025-05-01,UEFA,UEFA 3rd Division,3,2024–25,Real Betis,Fiorentina,2-1,H,Continental,Wikipedia rendered HTML,2024–25 UEFA Conference League knockout phase
2025-05-08,UEFA,UEFA 3rd Division,3,2024–25,Chelsea,Djurgårdens IF,1-0,H,Continental,Wikipedia rendered HTML,2024–25 UEFA Conference League knockout phase
2025-05-08,UEFA,UEFA 3rd Division,3,2024–25,Fiorentina,Real Betis,2-2,D,Continental,Wikipedia rendered HTML,2024–25 UEFA Conference League knockout phase
2025-05-28,UEFA,UEFA 3rd Division,3,2024–25,Real Betis,Chelsea,1-4,A,Continental,Wikipedia rendered HTML,2024–25 UEFA Conference League knockout phase
2025-07-08,UEFA,UEFA 3rd Division,3,2025–26,Floriana,Haverfordwest County,2-1,H,Continental,Wikipedia rendered HTML,2025–26 UEFA Conference League qualifying (first and second round matches)
2025-07-08,UEFA,UEFA 3rd Division,3,2025–26,St Joseph's,Cliftonville,2-2,D,Continental,Wikipedia rendered HTML,2025–26 UEFA Conference League qualifying (first and second round matches)
2025-07-10,UEFA,UEFA 3rd Division,3,2025–26,Atlètic Club d'Escaldes,F91 Dudelange,2-0,H,Continental,Wikipedia rendered HTML,2025–26 UEFA Conference League qualifying (first and second round matches)
2025-07-10,UEFA,UEFA 3rd Division,3,2025–26,Birkirkara,Petrocub Hîncești,1-0,H,Continental,Wikipedia rendered HTML,2025–26 UEFA Conference League qualifying (first and second round matches)
2025-07-10,UEFA,UEFA 3rd Division,3,2025–26,Borac Banja Luka,FC Santa Coloma,1-4,A,Continental,Wikipedia rendered HTML,2025–26 UEFA Conference League qualifying (first and second round matches)
2025-07-10,UEFA,UEFA 3rd Division,3,2025–26,Dečić,Sileks,2-0,H,Continental,Wikipedia rendered HTML,2025–26 UEFA Conference League qualifying (first and second round matches)
2025-07-10,UEFA,UEFA 3rd Division,3,2025–26,Kauno Žalgiris,Penybont,3-0,H,Continental,Wikipedia rendered HTML,2025–26 UEFA Conference League qualifying (first and second round matches)
2025-07-10,UEFA,UEFA 3rd Division,3,2025–26,Larne,Auda,0-0,D,Continental,Wikipedia rendered HTML,2025–26 UEFA Conference League qualifying (first and second round matches)
2025-07-10,UEFA,UEFA 3rd Division,3,2025–26,Magpies,Paide Linnameeskond,2-3,A,Continental,Wikipedia rendered HTML,2025–26 UEFA Conference League qualifying (first and second round matches)
2025-07-10,UEFA,UEFA 3rd Division,3,2025–26,Malisheva,Víkingur Reykjavík,0-1,A,Continental,Wikipedia rendered HTML,2025–26 UEFA Conference League qualifying (first and second round matches)
2025-07-10,UEFA,UEFA 3rd Division,3,2025–26,NSÍ,HJK,4-0,H,Continental,Wikipedia rendered HTML,2025–26 UEFA Conference League qualifying (first and second round matches)
2025-07-10,UEFA,UEFA 3rd Division,3,2025–26,Nõmme Kalju,Partizani,1-1,D,Continental,Wikipedia rendered HTML,2025–26 UEFA Conference League qualifying (first and second round matches)
2025-07-10,UEFA,UEFA 3rd Division,3,2025–26,Racing Union,Dila Gori,1-2,A,Continental,Wikipedia rendered HTML,2025–26 UEFA Conference League qualifying (first and second round matches)
2025-07-10,UEFA,UEFA 3rd Division,3,2025–26,SJK,KÍ,1-2,A,Continental,Wikipedia rendered HTML,2025–26 UEFA Conference League qualifying (first and second round matches)
2025-07-10,UEFA,UEFA 3rd Division,3,2025–26,St Patrick's Athletic,Hegelmann,1-0,H,Continental,Wikipedia rendered HTML,2025–26 UEFA Conference League qualifying (first and second round matches)
2025-07-10,UEFA,UEFA 3rd Division,3,2025–26,Sutjeska,Dynamo Brest,1-2,A,Continental,Wikipedia rendered HTML,2025–26 UEFA Conference League qualifying (first and second round matches)
2025-07-10,UEFA,UEFA 3rd Division,3,2025–26,Torpedo Kutaisi,Ordabasy,4-3,H,Continental,Wikipedia rendered HTML,2025–26 UEFA Conference League qualifying (first and second round matches)
2025-07-10,UEFA,UEFA 3rd Division,3,2025–26,Torpedo-BelAZ Zhodino,Rabotnicki,3-0,H,Continental,Wikipedia rendered HTML,2025–26 UEFA Conference League qualifying (first and second round matches)
2025-07-10,UEFA,UEFA 3rd Division,3,2025–26,Tre Fiori,Pyunik,1-0,H,Continental,Wikipedia rendered HTML,2025–26 UEFA Conference League qualifying (first and second round matches)
2025-07-10,UEFA,UEFA 3rd Division,3,2025–26,Urartu,Neman Grodno,1-2,A,Continental,Wikipedia rendered HTML,2025–26 UEFA Conference League qualifying (first and second round matches)
2025-07-10,UEFA,UEFA 3rd Division,3,2025–26,Valur,Flora,3-0,H,Continental,Wikipedia rendered HTML,2025–26 UEFA Conference League qualifying (first and second round matches)
2025-07-10,UEFA,UEFA 3rd Division,3,2025–26,Vardar,La Fiorita,3-0,H,Continental,Wikipedia rendered HTML,2025–26 UEFA Conference League qualifying (first and second round matches)
2025-07-10,UEFA,UEFA 3rd Division,3,2025–26,Vllaznia,Daugavpils,0-1,A,Continental,Wikipedia rendered HTML,2025–26 UEFA Conference League qualifying (first and second round matches)
2025-07-10,UEFA,UEFA 3rd Division,3,2025–26,Željezničar,Koper,1-1,D,Continental,Wikipedia rendered HTML,2025–26 UEFA Conference League qualifying (first and second round matches)
2025-07-16,UEFA,UEFA 3rd Division,3,2025–26,Auda,Larne,2-2,D,Continental,Wikipedia rendered HTML,2025–26 UEFA Conference League qualifying (first and second round matches)
2025-07-17,UEFA,UEFA 3rd Division,3,2025–26,Cliftonville,St Joseph's,2-3,A,Continental,Wikipedia rendered HTML,2025–26 UEFA Conference League qualifying (first and second round matches)
2025-07-17,UEFA,UEFA 3rd Division,3,2025–26,Daugavpils,Vllaznia,2-4,A,Continental,Wikipedia rendered HTML,2025–26 UEFA Conference League qualifying (first and second round matches)
2025-07-17,UEFA,UEFA 3rd Division,3,2025–26,Dila Gori,Racing Union,1-0,H,Continental,Wikipedia rendered HTML,2025–26 UEFA Conference League qualifying (first and second round matches)
2025-07-17,UEFA,UEFA 3rd Division,3,2025–26,Dynamo Brest,Sutjeska,0-2,A,Continental,Wikipedia rendered HTML,2025–26 UEFA Conference League qualifying (first and second round matches)
2025-07-17,UEFA,UEFA 3rd Division,3,2025–26,F91 Dudelange,Atlètic Club d'Escaldes,2-3,A,Continental,Wikipedia rendered HTML,2025–26 UEFA Conference League qualifying (first and second round matches)
2025-07-17,UEFA,UEFA 3rd Division,3,2025–26,FC Santa Coloma,Borac Banja Luka,0-2,A,Continental,Wikipedia rendered HTML,2025–26 UEFA Conference League qualifying (first and second round matches)
2025-07-17,UEFA,UEFA 3rd Division,3,2025–26,Flora,Valur,1-2,A,Continental,Wikipedia rendered HTML,2025–26 UEFA Conference League qualifying (first and second round matches)
2025-07-17,UEFA,UEFA 3rd Division,3,2025–26,HJK,NSÍ,5-0,H,Continental,Wikipedia rendered HTML,2025–26 UEFA Conference League qualifying (first and second round matches)
2025-07-17,UEFA,UEFA 3rd Division,3,2025–26,Haverfordwest County,Floriana,2-3,A,Continental,Wikipedia rendered HTML,2025–26 UEFA Conference League qualifying (first and second round matches)
2025-07-17,UEFA,UEFA 3rd Division,3,2025–26,Hegelmann,St Patrick's Athletic,0-2,A,Continental,Wikipedia rendered HTML,2025–26 UEFA Conference League qualifying (first and second round matches)
2025-07-17,UEFA,UEFA 3rd Division,3,2025–26,Koper,Željezničar,3-1,H,Continental,Wikipedia rendered HTML,2025–26 UEFA Conference League qualifying (first and second round matches)
2025-07-17,UEFA,UEFA 3rd Division,3,2025–26,KÍ,SJK,2-0,H,Continental,Wikipedia rendered HTML,2025–26 UEFA Conference League qualifying (first and second round matches)
2025-07-17,UEFA,UEFA 3rd Division,3,2025–26,La Fiorita,Vardar,2-2,D,Continental,Wikipedia rendered HTML,2025–26 UEFA Conference League qualifying (first and second round matches)
2025-07-17,UEFA,UEFA 3rd Division,3,2025–26,Neman Grodno,Urartu,4-0,H,Continental,Wikipedia rendered HTML,2025–26 UEFA Conference League qualifying (first and second round matches)
2025-07-17,UEFA,UEFA 3rd Division,3,2025–26,Ordabasy,Torpedo Kutaisi,1-1,D,Continental,Wikipedia rendered HTML,2025–26 UEFA Conference League qualifying (first and second round matches)
2025-07-17,UEFA,UEFA 3rd Division,3,2025–26,Paide Linnameeskond,Magpies,4-1,H,Continental,Wikipedia rendered HTML,2025–26 UEFA Conference League qualifying (first and second round matches)
2025-07-17,UEFA,UEFA 3rd Division,3,2025–26,Partizani,Nõmme Kalju,0-1,A,Continental,Wikipedia rendered HTML,2025–26 UEFA Conference League qualifying (first and second round matches)
2025-07-17,UEFA,UEFA 3rd Division,3,2025–26,Penybont,Kauno Žalgiris,1-1,D,Continental,Wikipedia rendered HTML,2025–26 UEFA Conference League qualifying (first and second round matches)
2025-07-17,UEFA,UEFA 3rd Division,3,2025–26,Petrocub Hîncești,Birkirkara,3-0,H,Continental,Wikipedia rendered HTML,2025–26 UEFA Conference League qualifying (first and second round matches)
2025-07-17,UEFA,UEFA 3rd Division,3,2025–26,Pyunik,Tre Fiori,5-0,H,Continental,Wikipedia rendered HTML,2025–26 UEFA Conference League qualifying (first and second round matches)
2025-07-17,UEFA,UEFA 3rd Division,3,2025–26,Rabotnicki,Torpedo-BelAZ Zhodino,0-1,A,Continental,Wikipedia rendered HTML,2025–26 UEFA Conference League qualifying (first and second round matches)
2025-07-17,UEFA,UEFA 3rd Division,3,2025–26,Sileks,Dečić,2-1,H,Continental,Wikipedia rendered HTML,2025–26 UEFA Conference League qualifying (first and second round matches)
2025-07-17,UEFA,UEFA 3rd Division,3,2025–26,Víkingur Reykjavík,Malisheva,8-0,H,Continental,Wikipedia rendered HTML,2025–26 UEFA Conference League qualifying (first and second round matches)
2025-07-22,UEFA,UEFA 3rd Division,3,2025–26,Ballkani,Floriana,4-2,H,Continental,Wikipedia rendered HTML,2025–26 UEFA Conference League qualifying (first and second round matches)
2025-07-23,UEFA,UEFA 3rd Division,3,2025–26,Budućnost Podgorica,Milsami Orhei,0-0,D,Continental,Wikipedia rendered HTML,2025–26 UEFA Conference League qualifying (first and second round matches)
2025-07-23,UEFA,UEFA 3rd Division,3,2025–26,FCI Levadia,Iberia 1999,1-0,H,Continental,Wikipedia rendered HTML,2025–26 UEFA Conference League qualifying (first and second round matches)
2025-07-23,UEFA,UEFA 3rd Division,3,2025–26,Olimpija Ljubljana,Inter Club d'Escaldes,4-2,H,Continental,Wikipedia rendered HTML,2025–26 UEFA Conference League qualifying (first and second round matches)
2025-07-23,UEFA,UEFA 3rd Division,3,2025–26,Silkeborg,KA,1-1,D,Continental,Wikipedia rendered HTML,2025–26 UEFA Conference League qualifying (first and second round matches)
2025-07-23,UEFA,UEFA 3rd Division,3,2025–26,The New Saints,Differdange 03,0-1,A,Continental,Wikipedia rendered HTML,2025–26 UEFA Conference League qualifying (first and second round matches)
2025-07-23,UEFA,UEFA 3rd Division,3,2025–26,Zira,Hajduk Split,1-1,D,Continental,Wikipedia rendered HTML,2025–26 UEFA Conference League qualifying (first and second round matches)
2025-07-24,UEFA,UEFA 3rd Division,3,2025–26,AEK Athens,Hapoel Be'er Sheva,1-0,H,Continental,Wikipedia rendered HTML,2025–26 UEFA Conference League qualifying (first and second round matches)
2025-07-24,UEFA,UEFA 3rd Division,3,2025–26,Aktobe,Sparta Prague,2-1,H,Continental,Wikipedia rendered HTML,2025–26 UEFA Conference League qualifying (first and second round matches)
2025-07-24,UEFA,UEFA 3rd Division,3,2025–26,Ararat-Armenia,Universitatea Cluj,0-0,D,Continental,Wikipedia rendered HTML,2025–26 UEFA Conference League qualifying (first and second round matches)
2025-07-24,UEFA,UEFA 3rd Division,3,2025–26,Araz-Naxçıvan,Aris,2-1,H,Continental,Wikipedia rendered HTML,2025–26 UEFA Conference League qualifying (first and second round matches)
2025-07-24,UEFA,UEFA 3rd Division,3,2025–26,Arda,HJK,0-0,D,Continental,Wikipedia rendered HTML,2025–26 UEFA Conference League qualifying (first and second round matches)
2025-07-24,UEFA,UEFA 3rd Division,3,2025–26,Aris Limassol,Puskás Akadémia,3-2,H,Continental,Wikipedia rendered HTML,2025–26 UEFA Conference League qualifying (first and second round matches)
2025-07-24,UEFA,UEFA 3rd Division,3,2025–26,Astana,Zimbru Chișinău,1-1,D,Continental,Wikipedia rendered HTML,2025–26 UEFA Conference League qualifying (first and second round matches)
2025-07-24,UEFA,UEFA 3rd Division,3,2025–26,Atlètic Club d'Escaldes,Dinamo City,1-2,A,Continental,Wikipedia rendered HTML,2025–26 UEFA Conference League qualifying (first and second round matches)
2025-07-24,UEFA,UEFA 3rd Division,3,2025–26,Austria Wien,Spaeri,2-0,H,Continental,Wikipedia rendered HTML,2025–26 UEFA Conference League qualifying (first and second round matches)
2025-07-24,UEFA,UEFA 3rd Division,3,2025–26,Cherno More,İstanbul Başakşehir,0-1,A,Continental,Wikipedia rendered HTML,2025–26 UEFA Conference League qualifying (first and second round matches)
2025-07-24,UEFA,UEFA 3rd Division,3,2025–26,Dečić,Rapid Wien,0-2,A,Continental,Wikipedia rendered HTML,2025–26 UEFA Conference League qualifying (first and second round matches)
2025-07-24,UEFA,UEFA 3rd Division,3,2025–26,Dinamo Minsk,Egnatia,0-2,A,Continental,Wikipedia rendered HTML,2025–26 UEFA Conference League qualifying (first and second round matches)
2025-07-24,UEFA,UEFA 3rd Division,3,2025–26,Dundee United,UNA Strassen,1-0,H,Continental,Wikipedia rendered HTML,2025–26 UEFA Conference League qualifying (first and second round matches)
2025-07-24,UEFA,UEFA 3rd Division,3,2025–26,HB,Brøndby,1-1,D,Continental,Wikipedia rendered HTML,2025–26 UEFA Conference League qualifying (first and second round matches)
2025-07-24,UEFA,UEFA 3rd Division,3,2025–26,Hammarby IF,Charleroi,0-0,D,Continental,Wikipedia rendered HTML,2025–26 UEFA Conference League qualifying (first and second round matches)
2025-07-24,UEFA,UEFA 3rd Division,3,2025–26,Hibernians,Spartak Trnava,1-2,A,Continental,Wikipedia rendered HTML,2025–26 UEFA Conference League qualifying (first and second round matches)
2025-07-24,UEFA,UEFA 3rd Division,3,2025–26,Ilves,AZ,4-3,H,Continental,Wikipedia rendered HTML,2025–26 UEFA Conference League qualifying (first and second round matches)
2025-07-24,UEFA,UEFA 3rd Division,3,2025–26,Kauno Žalgiris,Valur,1-1,D,Continental,Wikipedia rendered HTML,2025–26 UEFA Conference League qualifying (first and second round matches)
2025-07-24,UEFA,UEFA 3rd Division,3,2025–26,Košice,Neman Grodno,2-3,A,Continental,Wikipedia rendered HTML,2025–26 UEFA Conference League qualifying (first and second round matches)
2025-07-24,UEFA,UEFA 3rd Division,3,2025–26,Larne,Prishtina,0-0,D,Continental,Wikipedia rendered HTML,2025–26 UEFA Conference League qualifying (first and second round matches)
2025-07-24,UEFA,UEFA 3rd Division,3,2025–26,Novi Pazar,Jagiellonia Białystok,1-2,A,Continental,Wikipedia rendered HTML,2025–26 UEFA Conference League qualifying (first and second round matches)
2025-07-24,UEFA,UEFA 3rd Division,3,2025–26,Oleksandriya,Partizan,0-2,A,Continental,Wikipedia rendered HTML,2025–26 UEFA Conference League qualifying (first and second round matches)
2025-07-24,UEFA,UEFA 3rd Division,3,2025–26,Omonia,Torpedo Kutaisi,1-0,H,Continental,Wikipedia rendered HTML,2025–26 UEFA Conference League qualifying (first and second round matches)
2025-07-24,UEFA,UEFA 3rd Division,3,2025–26,Paide Linnameeskond,AIK,0-2,A,Continental,Wikipedia rendered HTML,2025–26 UEFA Conference League qualifying (first and second round matches)
2025-07-24,UEFA,UEFA 3rd Division,3,2025–26,Paks,Maribor,1-0,H,Continental,Wikipedia rendered HTML,2025–26 UEFA Conference League qualifying (first and second round matches)
2025-07-24,UEFA,UEFA 3rd Division,3,2025–26,Petrocub Hîncești,Sabah,0-2,A,Continental,Wikipedia rendered HTML,2025–26 UEFA Conference League qualifying (first and second round matches)
2025-07-24,UEFA,UEFA 3rd Division,3,2025–26,Polissya Zhytomyr,FC Santa Coloma,1-2,A,Continental,Wikipedia rendered HTML,2025–26 UEFA Conference League qualifying (first and second round matches)
2025-07-24,UEFA,UEFA 3rd Division,3,2025–26,Pyunik,Győri ETO,2-1,H,Continental,Wikipedia rendered HTML,2025–26 UEFA Conference League qualifying (first and second round matches)
2025-07-24,UEFA,UEFA 3rd Division,3,2025–26,Radnički 1923,KÍ,0-0,D,Continental,Wikipedia rendered HTML,2025–26 UEFA Conference League qualifying (first and second round matches)
2025-07-24,UEFA,UEFA 3rd Division,3,2025–26,Raków Częstochowa,Žilina,3-0,H,Continental,Wikipedia rendered HTML,2025–26 UEFA Conference League qualifying (first and second round matches)
2025-07-24,UEFA,UEFA 3rd Division,3,2025–26,Riga,Dila Gori,2-1,H,Continental,Wikipedia rendered HTML,2025–26 UEFA Conference League qualifying (first and second round matches)
2025-07-24,UEFA,UEFA 3rd Division,3,2025–26,Rosenborg,Banga,5-0,H,Continental,Wikipedia rendered HTML,2025–26 UEFA Conference League qualifying (first and second round matches)
2025-07-24,UEFA,UEFA 3rd Division,3,2025–26,Sarajevo,Universitatea Craiova,2-1,H,Continental,Wikipedia rendered HTML,2025–26 UEFA Conference League qualifying (first and second round matches)
2025-07-24,UEFA,UEFA 3rd Division,3,2025–26,St Joseph's,Shamrock Rovers,0-4,A,Continental,Wikipedia rendered HTML,2025–26 UEFA Conference League qualifying (first and second round matches)
2025-07-24,UEFA,UEFA 3rd Division,3,2025–26,St Patrick's Athletic,Nõmme Kalju,1-0,H,Continental,Wikipedia rendered HTML,2025–26 UEFA Conference League qualifying (first and second round matches)
2025-07-24,UEFA,UEFA 3rd Division,3,2025–26,Sutjeska,Beitar Jerusalem,1-2,A,Continental,Wikipedia rendered HTML,2025–26 UEFA Conference League qualifying (first and second round matches)
2025-07-24,UEFA,UEFA 3rd Division,3,2025–26,Torpedo-BelAZ Zhodino,Maccabi Haifa,1-1,D,Continental,Wikipedia rendered HTML,2025–26 UEFA Conference League qualifying (first and second round matches)
2025-07-24,UEFA,UEFA 3rd Division,3,2025–26,Vaduz,Dungannon Swifts,0-1,A,Continental,Wikipedia rendered HTML,2025–26 UEFA Conference League qualifying (first and second round matches)
2025-07-24,UEFA,UEFA 3rd Division,3,2025–26,Varaždin,Santa Clara,2-1,H,Continental,Wikipedia rendered HTML,2025–26 UEFA Conference League qualifying (first and second round matches)
2025-07-24,UEFA,UEFA 3rd Division,3,2025–26,Vardar,Lausanne-Sport,2-1,H,Continental,Wikipedia rendered HTML,2025–26 UEFA Conference League qualifying (first and second round matches)
2025-07-24,UEFA,UEFA 3rd Division,3,2025–26,Viking,Koper,7-0,H,Continental,Wikipedia rendered HTML,2025–26 UEFA Conference League qualifying (first and second round matches)
2025-07-24,UEFA,UEFA 3rd Division,3,2025–26,Vllaznia,Víkingur Reykjavík,2-1,H,Continental,Wikipedia rendered HTML,2025–26 UEFA Conference League qualifying (first and second round matches)
2025-07-24,UEFA,UEFA 3rd Division,3,2025–26,Žalgiris,Linfield,0-0,D,Continental,Wikipedia rendered HTML,2025–26 UEFA Conference League qualifying (first and second round matches)
2025-07-29,UEFA,UEFA 3rd Division,3,2025–26,Differdange 03,The New Saints,1-0,H,Continental,Wikipedia rendered HTML,2025–26 UEFA Conference League qualifying (first and second round matches)
2025-07-29,UEFA,UEFA 3rd Division,3,2025–26,Iberia 1999,FCI Levadia,2-2,D,Continental,Wikipedia rendered HTML,2025–26 UEFA Conference League qualifying (first and second round matches)
2025-07-29,UEFA,UEFA 3rd Division,3,2025–26,Inter Club d'Escaldes,Olimpija Ljubljana,1-1,D,Continental,Wikipedia rendered HTML,2025–26 UEFA Conference League qualifying (first and second round matches)
2025-07-31,UEFA,UEFA 3rd Division,3,2025–26,AIK,Paide Linnameeskond,6-0,H,Continental,Wikipedia rendered HTML,2025–26 UEFA Conference League qualifying (first and second round matches)
2025-07-31,UEFA,UEFA 3rd Division,3,2025–26,AZ,Ilves,5-0,H,Continental,Wikipedia rendered HTML,2025–26 UEFA Conference League qualifying (first and second round matches)
2025-07-31,UEFA,UEFA 3rd Division,3,2025–26,Aris,Araz-Naxçıvan,2-2,D,Continental,Wikipedia rendered HTML,2025–26 UEFA Conference League qualifying (first and second round matches)
2025-07-31,UEFA,UEFA 3rd Division,3,2025–26,Banga,Rosenborg,0-2,A,Continental,Wikipedia rendered HTML,2025–26 UEFA Conference League qualifying (first and second round matches)
2025-07-31,UEFA,UEFA 3rd Division,3,2025–26,Beitar Jerusalem,Sutjeska,5-2,H,Continental,Wikipedia rendered HTML,2025–26 UEFA Conference League qualifying (first and second round matches)
2025-07-31,UEFA,UEFA 3rd Division,3,2025–26,Brøndby,HB,1-0,H,Continental,Wikipedia rendered HTML,2025–26 UEFA Conference League qualifying (first and second round matches)
2025-07-31,UEFA,UEFA 3rd Division,3,2025–26,Charleroi,Hammarby IF,1-2,A,Continental,Wikipedia rendered HTML,2025–26 UEFA Conference League qualifying (first and second round matches)
2025-07-31,UEFA,UEFA 3rd Division,3,2025–26,Dila Gori,Riga,3-3,D,Continental,Wikipedia rendered HTML,2025–26 UEFA Conference League qualifying (first and second round matches)
2025-07-31,UEFA,UEFA 3rd Division,3,2025–26,Dinamo City,Atlètic Club d'Escaldes,1-1,D,Continental,Wikipedia rendered HTML,2025–26 UEFA Conference League qualifying (first and second round matches)
2025-07-31,UEFA,UEFA 3rd Division,3,2025–26,Dungannon Swifts,Vaduz,0-3,A,Continental,Wikipedia rendered HTML,2025–26 UEFA Conference League qualifying (first and second round matches)
2025-07-31,UEFA,UEFA 3rd Division,3,2025–26,Egnatia,Dinamo Minsk,1-0,H,Continental,Wikipedia rendered HTML,2025–26 UEFA Conference League qualifying (first and second round matches)
2025-07-31,UEFA,UEFA 3rd Division,3,2025–26,FC Santa Coloma,Polissya Zhytomyr,1-4,A,Continental,Wikipedia rendered HTML,2025–26 UEFA Conference League qualifying (first and second round matches)
2025-07-31,UEFA,UEFA 3rd Division,3,2025–26,Floriana,Ballkani,1-1,D,Continental,Wikipedia rendered HTML,2025–26 UEFA Conference League qualifying (first and second round matches)
2025-07-31,UEFA,UEFA 3rd Division,3,2025–26,Győri ETO,Pyunik,3-1,H,Continental,Wikipedia rendered HTML,2025–26 UEFA Conference League qualifying (first and second round matches)
2025-07-31,UEFA,UEFA 3rd Division,3,2025–26,HJK,Arda,2-2,D,Continental,Wikipedia rendered HTML,2025–26 UEFA Conference League qualifying (first and second round matches)
2025-07-31,UEFA,UEFA 3rd Division,3,2025–26,Hajduk Split,Zira,2-1,H,Continental,Wikipedia rendered HTML,2025–26 UEFA Conference League qualifying (first and second round matches)
2025-07-31,UEFA,UEFA 3rd Division,3,2025–26,Hapoel Be'er Sheva,AEK Athens,0-0,D,Continental,Wikipedia rendered HTML,2025–26 UEFA Conference League qualifying (first and second round matches)
2025-07-31,UEFA,UEFA 3rd Division,3,2025–26,Jagiellonia Białystok,Novi Pazar,3-1,H,Continental,Wikipedia rendered HTML,2025–26 UEFA Conference League qualifying (first and second round matches)
2025-07-31,UEFA,UEFA 3rd Division,3,2025–26,KA,Silkeborg,2-3,A,Continental,Wikipedia rendered HTML,2025–26 UEFA Conference League qualifying (first and second round matches)
2025-07-31,UEFA,UEFA 3rd Division,3,2025–26,Koper,Viking,3-5,A,Continental,Wikipedia rendered HTML,2025–26 UEFA Conference League qualifying (first and second round matches)
2025-07-31,UEFA,UEFA 3rd Division,3,2025–26,KÍ,Radnički 1923,1-0,H,Continental,Wikipedia rendered HTML,2025–26 UEFA Conference League qualifying (first and second round matches)
2025-07-31,UEFA,UEFA 3rd Division,3,2025–26,Lausanne-Sport,Vardar,5-0,H,Continental,Wikipedia rendered HTML,2025–26 UEFA Conference League qualifying (first and second round matches)
2025-07-31,UEFA,UEFA 3rd Division,3,2025–26,Linfield,Žalgiris,2-0,H,Continental,Wikipedia rendered HTML,2025–26 UEFA Conference League qualifying (first and second round matches)
2025-07-31,UEFA,UEFA 3rd Division,3,2025–26,Maccabi Haifa,Torpedo-BelAZ Zhodino,3-0,H,Continental,Wikipedia rendered HTML,2025–26 UEFA Conference League qualifying (first and second round matches)
2025-07-31,UEFA,UEFA 3rd Division,3,2025–26,Maribor,Paks,1-1,D,Continental,Wikipedia rendered HTML,2025–26 UEFA Conference League qualifying (first and second round matches)
2025-07-31,UEFA,UEFA 3rd Division,3,2025–26,Milsami Orhei,Budućnost Podgorica,2-1,H,Continental,Wikipedia rendered HTML,2025–26 UEFA Conference League qualifying (first and second round matches)
2025-07-31,UEFA,UEFA 3rd Division,3,2025–26,Neman Grodno,Košice,1-1,D,Continental,Wikipedia rendered HTML,2025–26 UEFA Conference League qualifying (first and second round matches)
2025-07-31,UEFA,UEFA 3rd Division,3,2025–26,Nõmme Kalju,St Patrick's Athletic,2-2,D,Continental,Wikipedia rendered HTML,2025–26 UEFA Conference League qualifying (first and second round matches)
2025-07-31,UEFA,UEFA 3rd Division,3,2025–26,Partizan,Oleksandriya,4-0,H,Continental,Wikipedia rendered HTML,2025–26 UEFA Conference League qualifying (first and second round matches)
2025-07-31,UEFA,UEFA 3rd Division,3,2025–26,Prishtina,Larne,1-1,D,Continental,Wikipedia rendered HTML,2025–26 UEFA Conference League qualifying (first and second round matches)
2025-07-31,UEFA,UEFA 3rd Division,3,2025–26,Puskás Akadémia,Aris Limassol,0-2,A,Continental,Wikipedia rendered HTML,2025–26 UEFA Conference League qualifying (first and second round matches)
2025-07-31,UEFA,UEFA 3rd Division,3,2025–26,Rapid Wien,Dečić,4-2,H,Continental,Wikipedia rendered HTML,2025–26 UEFA Conference League qualifying (first and second round matches)
2025-07-31,UEFA,UEFA 3rd Division,3,2025–26,Sabah,Petrocub Hîncești,4-1,H,Continental,Wikipedia rendered HTML,2025–26 UEFA Conference League qualifying (first and second round matches)
2025-07-31,UEFA,UEFA 3rd Division,3,2025–26,Santa Clara,Varaždin,2-0,H,Continental,Wikipedia rendered HTML,2025–26 UEFA Conference League qualifying (first and second round matches)
2025-07-31,UEFA,UEFA 3rd Division,3,2025–26,Shamrock Rovers,St Joseph's,0-0,D,Continental,Wikipedia rendered HTML,2025–26 UEFA Conference League qualifying (first and second round matches)
2025-07-31,UEFA,UEFA 3rd Division,3,2025–26,Spaeri,Austria Wien,0-5,A,Continental,Wikipedia rendered HTML,2025–26 UEFA Conference League qualifying (first and second round matches)
2025-07-31,UEFA,UEFA 3rd Division,3,2025–26,Sparta Prague,Aktobe,4-0,H,Continental,Wikipedia rendered HTML,2025–26 UEFA Conference League qualifying (first and second round matches)
2025-07-31,UEFA,UEFA 3rd Division,3,2025–26,Spartak Trnava,Hibernians,5-1,H,Continental,Wikipedia rendered HTML,2025–26 UEFA Conference League qualifying (first and second round matches)
2025-07-31,UEFA,UEFA 3rd Division,3,2025–26,Torpedo Kutaisi,Omonia,0-4,A,Continental,Wikipedia rendered HTML,2025–26 UEFA Conference League qualifying (first and second round matches)
2025-07-31,UEFA,UEFA 3rd Division,3,2025–26,UNA Strassen,Dundee United,0-1,A,Continental,Wikipedia rendered HTML,2025–26 UEFA Conference League qualifying (first and second round matches)
2025-07-31,UEFA,UEFA 3rd Division,3,2025–26,Universitatea Cluj,Ararat-Armenia,1-2,A,Continental,Wikipedia rendered HTML,2025–26 UEFA Conference League qualifying (first and second round matches)
2025-07-31,UEFA,UEFA 3rd Division,3,2025–26,Universitatea Craiova,Sarajevo,4-0,H,Continental,Wikipedia rendered HTML,2025–26 UEFA Conference League qualifying (first and second round matches)
2025-07-31,UEFA,UEFA 3rd Division,3,2025–26,Valur,Kauno Žalgiris,1-2,A,Continental,Wikipedia rendered HTML,2025–26 UEFA Conference League qualifying (first and second round matches)
2025-07-31,UEFA,UEFA 3rd Division,3,2025–26,Víkingur Reykjavík,Vllaznia,4-2,H,Continental,Wikipedia rendered HTML,2025–26 UEFA Conference League qualifying (first and second round matches)
2025-07-31,UEFA,UEFA 3rd Division,3,2025–26,Zimbru Chișinău,Astana,0-2,A,Continental,Wikipedia rendered HTML,2025–26 UEFA Conference League qualifying (first and second round matches)
2025-07-31,UEFA,UEFA 3rd Division,3,2025–26,İstanbul Başakşehir,Cherno More,4-0,H,Continental,Wikipedia rendered HTML,2025–26 UEFA Conference League qualifying (first and second round matches)
2025-07-31,UEFA,UEFA 3rd Division,3,2025–26,Žilina,Raków Częstochowa,1-3,A,Continental,Wikipedia rendered HTML,2025–26 UEFA Conference League qualifying (first and second round matches)
2025-08-05,UEFA,UEFA 3rd Division,3,2025–26,KÍ,Neman Grodno,2-0,H,Continental,Wikipedia rendered HTML,2025–26 UEFA Conference League qualifying (third and play-off round matches)
2025-08-07,UEFA,UEFA 3rd Division,3,2025–26,AIK,Győri ETO,2-1,H,Continental,Wikipedia rendered HTML,2025–26 UEFA Conference League qualifying (third and play-off round matches)
2025-08-07,UEFA,UEFA 3rd Division,3,2025–26,AZ,Vaduz,3-0,H,Continental,Wikipedia rendered HTML,2025–26 UEFA Conference League qualifying (third and play-off round matches)
2025-08-07,UEFA,UEFA 3rd Division,3,2025–26,Anderlecht,Sheriff Tiraspol,3-0,H,Continental,Wikipedia rendered HTML,2025–26 UEFA Conference League qualifying (third and play-off round matches)
2025-08-07,UEFA,UEFA 3rd Division,3,2025–26,Araz-Naxçıvan,Omonia,0-4,A,Continental,Wikipedia rendered HTML,2025–26 UEFA Conference League qualifying (third and play-off round matches)
2025-08-07,UEFA,UEFA 3rd Division,3,2025–26,Aris Limassol,AEK Athens,2-2,D,Continental,Wikipedia rendered HTML,2025–26 UEFA Conference League qualifying (third and play-off round matches)
2025-08-07,UEFA,UEFA 3rd Division,3,2025–26,Ballkani,Shamrock Rovers,1-0,H,Continental,Wikipedia rendered HTML,2025–26 UEFA Conference League qualifying (third and play-off round matches)
2025-08-07,UEFA,UEFA 3rd Division,3,2025–26,Baník Ostrava,Austria Wien,4-3,H,Continental,Wikipedia rendered HTML,2025–26 UEFA Conference League qualifying (third and play-off round matches)
2025-08-07,UEFA,UEFA 3rd Division,3,2025–26,Differdange 03,FCI Levadia,2-3,A,Continental,Wikipedia rendered HTML,2025–26 UEFA Conference League qualifying (third and play-off round matches)
2025-08-07,UEFA,UEFA 3rd Division,3,2025–26,Hajduk Split,Dinamo City,2-1,H,Continental,Wikipedia rendered HTML,2025–26 UEFA Conference League qualifying (third and play-off round matches)
2025-08-07,UEFA,UEFA 3rd Division,3,2025–26,Kauno Žalgiris,Arda,0-1,A,Continental,Wikipedia rendered HTML,2025–26 UEFA Conference League qualifying (third and play-off round matches)
2025-08-07,UEFA,UEFA 3rd Division,3,2025–26,Larne,Santa Clara,0-3,A,Continental,Wikipedia rendered HTML,2025–26 UEFA Conference League qualifying (third and play-off round matches)
2025-08-07,UEFA,UEFA 3rd Division,3,2025–26,Lausanne-Sport,Astana,3-1,H,Continental,Wikipedia rendered HTML,2025–26 UEFA Conference League qualifying (third and play-off round matches)
2025-08-07,UEFA,UEFA 3rd Division,3,2025–26,Levski Sofia,Sabah,1-0,H,Continental,Wikipedia rendered HTML,2025–26 UEFA Conference League qualifying (third and play-off round matches)
2025-08-07,UEFA,UEFA 3rd Division,3,2025–26,Lugano,Celje,0-5,A,Continental,Wikipedia rendered HTML,2025–26 UEFA Conference League qualifying (third and play-off round matches)
2025-08-07,UEFA,UEFA 3rd Division,3,2025–26,Milsami Orhei,Virtus,3-2,H,Continental,Wikipedia rendered HTML,2025–26 UEFA Conference League qualifying (third and play-off round matches)
2025-08-07,UEFA,UEFA 3rd Division,3,2025–26,Olimpija Ljubljana,Egnatia,0-0,D,Continental,Wikipedia rendered HTML,2025–26 UEFA Conference League qualifying (third and play-off round matches)
2025-08-07,UEFA,UEFA 3rd Division,3,2025–26,Partizan,Hibernian,0-2,A,Continental,Wikipedia rendered HTML,2025–26 UEFA Conference League qualifying (third and play-off round matches)
2025-08-07,UEFA,UEFA 3rd Division,3,2025–26,Polissya Zhytomyr,Paks,3-0,H,Continental,Wikipedia rendered HTML,2025–26 UEFA Conference League qualifying (third and play-off round matches)
2025-08-07,UEFA,UEFA 3rd Division,3,2025–26,Raków Częstochowa,Maccabi Haifa,0-1,A,Continental,Wikipedia rendered HTML,2025–26 UEFA Conference League qualifying (third and play-off round matches)
2025-08-07,UEFA,UEFA 3rd Division,3,2025–26,Rapid Wien,Dundee United,2-2,D,Continental,Wikipedia rendered HTML,2025–26 UEFA Conference League qualifying (third and play-off round matches)
2025-08-07,UEFA,UEFA 3rd Division,3,2025–26,Riga,Beitar Jerusalem,3-0,H,Continental,Wikipedia rendered HTML,2025–26 UEFA Conference League qualifying (third and play-off round matches)
2025-08-07,UEFA,UEFA 3rd Division,3,2025–26,Rosenborg,Hammarby IF,0-0,D,Continental,Wikipedia rendered HTML,2025–26 UEFA Conference League qualifying (third and play-off round matches)
2025-08-07,UEFA,UEFA 3rd Division,3,2025–26,Silkeborg,Jagiellonia Białystok,0-1,A,Continental,Wikipedia rendered HTML,2025–26 UEFA Conference League qualifying (third and play-off round matches)
2025-08-07,UEFA,UEFA 3rd Division,3,2025–26,Sparta Prague,Ararat-Armenia,4-1,H,Continental,Wikipedia rendered HTML,2025–26 UEFA Conference League qualifying (third and play-off round matches)
2025-08-07,UEFA,UEFA 3rd Division,3,2025–26,St Patrick's Athletic,Beşiktaş,1-4,A,Continental,Wikipedia rendered HTML,2025–26 UEFA Conference League qualifying (third and play-off round matches)
2025-08-07,UEFA,UEFA 3rd Division,3,2025–26,Universitatea Craiova,Spartak Trnava,3-0,H,Continental,Wikipedia rendered HTML,2025–26 UEFA Conference League qualifying (third and play-off round matches)
2025-08-07,UEFA,UEFA 3rd Division,3,2025–26,Viking,İstanbul Başakşehir,1-3,A,Continental,Wikipedia rendered HTML,2025–26 UEFA Conference League qualifying (third and play-off round matches)
2025-08-07,UEFA,UEFA 3rd Division,3,2025–26,Víkingur Gøta,Linfield,2-1,H,Continental,Wikipedia rendered HTML,2025–26 UEFA Conference League qualifying (third and play-off round matches)
2025-08-07,UEFA,UEFA 3rd Division,3,2025–26,Víkingur Reykjavík,Brøndby,3-0,H,Continental,Wikipedia rendered HTML,2025–26 UEFA Conference League qualifying (third and play-off round matches)
2025-08-13,UEFA,UEFA 3rd Division,3,2025–26,İstanbul Başakşehir,Viking,1-1,D,Continental,Wikipedia rendered HTML,2025–26 UEFA Conference League qualifying (third and play-off round matches)
2025-08-14,UEFA,UEFA 3rd Division,3,2025–26,AEK Athens,Aris Limassol,3-1,H,Continental,Wikipedia rendered HTML,2025–26 UEFA Conference League qualifying (third and play-off round matches)
2025-08-14,UEFA,UEFA 3rd Division,3,2025–26,Ararat-Armenia,Sparta Prague,1-2,A,Continental,Wikipedia rendered HTML,2025–26 UEFA Conference League qualifying (third and play-off round matches)
2025-08-14,UEFA,UEFA 3rd Division,3,2025–26,Arda,Kauno Žalgiris,2-0,H,Continental,Wikipedia rendered HTML,2025–26 UEFA Conference League qualifying (third and play-off round matches)
2025-08-14,UEFA,UEFA 3rd Division,3,2025–26,Astana,Lausanne-Sport,0-2,A,Continental,Wikipedia rendered HTML,2025–26 UEFA Conference League qualifying (third and play-off round matches)
2025-08-14,UEFA,UEFA 3rd Division,3,2025–26,Austria Wien,Baník Ostrava,1-1,D,Continental,Wikipedia rendered HTML,2025–26 UEFA Conference League qualifying (third and play-off round matches)
2025-08-14,UEFA,UEFA 3rd Division,3,2025–26,Beitar Jerusalem,Riga,3-1,H,Continental,Wikipedia rendered HTML,2025–26 UEFA Conference League qualifying (third and play-off round matches)
2025-08-14,UEFA,UEFA 3rd Division,3,2025–26,Beşiktaş,St Patrick's Athletic,3-2,H,Continental,Wikipedia rendered HTML,2025–26 UEFA Conference League qualifying (third and play-off round matches)
2025-08-14,UEFA,UEFA 3rd Division,3,2025–26,Brøndby,Víkingur Reykjavík,4-0,H,Continental,Wikipedia rendered HTML,2025–26 UEFA Conference League qualifying (third and play-off round matches)
2025-08-14,UEFA,UEFA 3rd Division,3,2025–26,Celje,Lugano,2-4,A,Continental,Wikipedia rendered HTML,2025–26 UEFA Conference League qualifying (third and play-off round matches)
2025-08-14,UEFA,UEFA 3rd Division,3,2025–26,Dinamo City,Hajduk Split,3-1,H,Continental,Wikipedia rendered HTML,2025–26 UEFA Conference League qualifying (third and play-off round matches)
2025-08-14,UEFA,UEFA 3rd Division,3,2025–26,Dundee United,Rapid Wien,2-2,D,Continental,Wikipedia rendered HTML,2025–26 UEFA Conference League qualifying (third and play-off round matches)
2025-08-14,UEFA,UEFA 3rd Division,3,2025–26,Egnatia,Olimpija Ljubljana,2-4,A,Continental,Wikipedia rendered HTML,2025–26 UEFA Conference League qualifying (third and play-off round matches)
2025-08-14,UEFA,UEFA 3rd Division,3,2025–26,FCI Levadia,Differdange 03,1-3,A,Continental,Wikipedia rendered HTML,2025–26 UEFA Conference League qualifying (third and play-off round matches)
2025-08-14,UEFA,UEFA 3rd Division,3,2025–26,Győri ETO,AIK,2-0,H,Continental,Wikipedia rendered HTML,2025–26 UEFA Conference League qualifying (third and play-off round matches)
2025-08-14,UEFA,UEFA 3rd Division,3,2025–26,Hammarby IF,Rosenborg,0-1,A,Continental,Wikipedia rendered HTML,2025–26 UEFA Conference League qualifying (third and play-off round matches)
2025-08-14,UEFA,UEFA 3rd Division,3,2025–26,Hibernian,Partizan,2-3,A,Continental,Wikipedia rendered HTML,2025–26 UEFA Conference League qualifying (third and play-off round matches)
2025-08-14,UEFA,UEFA 3rd Division,3,2025–26,Jagiellonia Białystok,Silkeborg,2-2,D,Continental,Wikipedia rendered HTML,2025–26 UEFA Conference League qualifying (third and play-off round matches)
2025-08-14,UEFA,UEFA 3rd Division,3,2025–26,Linfield,Víkingur Gøta,2-0,H,Continental,Wikipedia rendered HTML,2025–26 UEFA Conference League qualifying (third and play-off round matches)
2025-08-14,UEFA,UEFA 3rd Division,3,2025–26,Maccabi Haifa,Raków Częstochowa,0-2,A,Continental,Wikipedia rendered HTML,2025–26 UEFA Conference League qualifying (third and play-off round matches)
2025-08-14,UEFA,UEFA 3rd Division,3,2025–26,Neman Grodno,KÍ,2-0,H,Continental,Wikipedia rendered HTML,2025–26 UEFA Conference League qualifying (third and play-off round matches)
2025-08-14,UEFA,UEFA 3rd Division,3,2025–26,Omonia,Araz-Naxçıvan,5-0,H,Continental,Wikipedia rendered HTML,2025–26 UEFA Conference League qualifying (third and play-off round matches)
2025-08-14,UEFA,UEFA 3rd Division,3,2025–26,Paks,Polissya Zhytomyr,2-1,H,Continental,Wikipedia rendered HTML,2025–26 UEFA Conference League qualifying (third and play-off round matches)
2025-08-14,UEFA,UEFA 3rd Division,3,2025–26,Sabah,Levski Sofia,0-2,A,Continental,Wikipedia rendered HTML,2025–26 UEFA Conference League qualifying (third and play-off round matches)
2025-08-14,UEFA,UEFA 3rd Division,3,2025–26,Santa Clara,Larne,0-0,D,Continental,Wikipedia rendered HTML,2025–26 UEFA Conference League qualifying (third and play-off round matches)
2025-08-14,UEFA,UEFA 3rd Division,3,2025–26,Shamrock Rovers,Ballkani,4-0,H,Continental,Wikipedia rendered HTML,2025–26 UEFA Conference League qualifying (third and play-off round matches)
2025-08-14,UEFA,UEFA 3rd Division,3,2025–26,Sheriff Tiraspol,Anderlecht,1-1,D,Continental,Wikipedia rendered HTML,2025–26 UEFA Conference League qualifying (third and play-off round matches)
2025-08-14,UEFA,UEFA 3rd Division,3,2025–26,Spartak Trnava,Universitatea Craiova,4-3,H,Continental,Wikipedia rendered HTML,2025–26 UEFA Conference League qualifying (third and play-off round matches)
2025-08-14,UEFA,UEFA 3rd Division,3,2025–26,Vaduz,AZ,0-1,A,Continental,Wikipedia rendered HTML,2025–26 UEFA Conference League qualifying (third and play-off round matches)
2025-08-14,UEFA,UEFA 3rd Division,3,2025–26,Virtus,Milsami Orhei,3-0,H,Continental,Wikipedia rendered HTML,2025–26 UEFA Conference League qualifying (third and play-off round matches)
2025-08-21,UEFA,UEFA 3rd Division,3,2025–26,Anderlecht,AEK Athens,1-1,D,Continental,Wikipedia rendered HTML,2025–26 UEFA Conference League qualifying (third and play-off round matches)
2025-08-21,UEFA,UEFA 3rd Division,3,2025–26,BK Häcken,CFR Cluj,7-2,H,Continental,Wikipedia rendered HTML,2025–26 UEFA Conference League qualifying (third and play-off round matches)
2025-08-21,UEFA,UEFA 3rd Division,3,2025–26,Breiðablik,Virtus,2-1,H,Continental,Wikipedia rendered HTML,2025–26 UEFA Conference League qualifying (third and play-off round matches)
2025-08-21,UEFA,UEFA 3rd Division,3,2025–26,Celje,Baník Ostrava,1-0,H,Continental,Wikipedia rendered HTML,2025–26 UEFA Conference League qualifying (third and play-off round matches)
2025-08-21,UEFA,UEFA 3rd Division,3,2025–26,Crystal Palace,Fredrikstad,1-0,H,Continental,Wikipedia rendered HTML,2025–26 UEFA Conference League qualifying (third and play-off round matches)
2025-08-21,UEFA,UEFA 3rd Division,3,2025–26,Drita,Differdange 03,2-1,H,Continental,Wikipedia rendered HTML,2025–26 UEFA Conference League qualifying (third and play-off round matches)
2025-08-21,UEFA,UEFA 3rd Division,3,2025–26,Győri ETO,Rapid Wien,2-1,H,Continental,Wikipedia rendered HTML,2025–26 UEFA Conference League qualifying (third and play-off round matches)
2025-08-21,UEFA,UEFA 3rd Division,3,2025–26,Hamrun Spartans,RFS,1-0,H,Continental,Wikipedia rendered HTML,2025–26 UEFA Conference League qualifying (third and play-off round matches)
2025-08-21,UEFA,UEFA 3rd Division,3,2025–26,Hibernian,Legia Warsaw,1-2,A,Continental,Wikipedia rendered HTML,2025–26 UEFA Conference League qualifying (third and play-off round matches)
2025-08-21,UEFA,UEFA 3rd Division,3,2025–26,Jagiellonia Białystok,Dinamo City,3-0,H,Continental,Wikipedia rendered HTML,2025–26 UEFA Conference League qualifying (third and play-off round matches)
2025-08-21,UEFA,UEFA 3rd Division,3,2025–26,Lausanne-Sport,Beşiktaş,1-1,D,Continental,Wikipedia rendered HTML,2025–26 UEFA Conference League qualifying (third and play-off round matches)
2025-08-21,UEFA,UEFA 3rd Division,3,2025–26,Levski Sofia,AZ,0-2,A,Continental,Wikipedia rendered HTML,2025–26 UEFA Conference League qualifying (third and play-off round matches)
2025-08-21,UEFA,UEFA 3rd Division,3,2025–26,Neman Grodno,Rayo Vallecano,0-1,A,Continental,Wikipedia rendered HTML,2025–26 UEFA Conference League qualifying (third and play-off round matches)
2025-08-21,UEFA,UEFA 3rd Division,3,2025–26,Olimpija Ljubljana,Noah,1-4,A,Continental,Wikipedia rendered HTML,2025–26 UEFA Conference League qualifying (third and play-off round matches)
2025-08-21,UEFA,UEFA 3rd Division,3,2025–26,Polissya Zhytomyr,Fiorentina,0-3,A,Continental,Wikipedia rendered HTML,2025–26 UEFA Conference League qualifying (third and play-off round matches)
2025-08-21,UEFA,UEFA 3rd Division,3,2025–26,Raków Częstochowa,Arda,1-0,H,Continental,Wikipedia rendered HTML,2025–26 UEFA Conference League qualifying (third and play-off round matches)
2025-08-21,UEFA,UEFA 3rd Division,3,2025–26,Rosenborg,Mainz 05,2-1,H,Continental,Wikipedia rendered HTML,2025–26 UEFA Conference League qualifying (third and play-off round matches)
2025-08-21,UEFA,UEFA 3rd Division,3,2025–26,Santa Clara,Shamrock Rovers,1-2,A,Continental,Wikipedia rendered HTML,2025–26 UEFA Conference League qualifying (third and play-off round matches)
2025-08-21,UEFA,UEFA 3rd Division,3,2025–26,Shakhtar Donetsk,Servette,1-1,D,Continental,Wikipedia rendered HTML,2025–26 UEFA Conference League qualifying (third and play-off round matches)
2025-08-21,UEFA,UEFA 3rd Division,3,2025–26,Shelbourne,Linfield,3-1,H,Continental,Wikipedia rendered HTML,2025–26 UEFA Conference League qualifying (third and play-off round matches)
2025-08-21,UEFA,UEFA 3rd Division,3,2025–26,Sparta Prague,Riga,2-0,H,Continental,Wikipedia rendered HTML,2025–26 UEFA Conference League qualifying (third and play-off round matches)
2025-08-21,UEFA,UEFA 3rd Division,3,2025–26,Strasbourg,Brøndby,0-0,D,Continental,Wikipedia rendered HTML,2025–26 UEFA Conference League qualifying (third and play-off round matches)
2025-08-21,UEFA,UEFA 3rd Division,3,2025–26,Wolfsberger AC,Omonia,2-1,H,Continental,Wikipedia rendered HTML,2025–26 UEFA Conference League qualifying (third and play-off round matches)
2025-08-21,UEFA,UEFA 3rd Division,3,2025–26,İstanbul Başakşehir,Universitatea Craiova,1-2,A,Continental,Wikipedia rendered HTML,2025–26 UEFA Conference League qualifying (third and play-off round matches)
2025-08-27,UEFA,UEFA 3rd Division,3,2025–26,Riga,Sparta Prague,1-0,H,Continental,Wikipedia rendered HTML,2025–26 UEFA Conference League qualifying (third and play-off round matches)
2025-08-28,UEFA,UEFA 3rd Division,3,2025–26,AEK Athens,Anderlecht,2-0,H,Continental,Wikipedia rendered HTML,2025–26 UEFA Conference League qualifying (third and play-off round matches)
2025-08-28,UEFA,UEFA 3rd Division,3,2025–26,AZ,Levski Sofia,4-1,H,Continental,Wikipedia rendered HTML,2025–26 UEFA Conference League qualifying (third and play-off round matches)
2025-08-28,UEFA,UEFA 3rd Division,3,2025–26,Arda,Raków Częstochowa,1-2,A,Continental,Wikipedia rendered HTML,2025–26 UEFA Conference League qualifying (third and play-off round matches)
2025-08-28,UEFA,UEFA 3rd Division,3,2025–26,Baník Ostrava,Celje,0-2,A,Continental,Wikipedia rendered HTML,2025–26 UEFA Conference League qualifying (third and play-off round matches)
2025-08-28,UEFA,UEFA 3rd Division,3,2025–26,Beşiktaş,Lausanne-Sport,0-1,A,Continental,Wikipedia rendered HTML,2025–26 UEFA Conference League qualifying (third and play-off round matches)
2025-08-28,UEFA,UEFA 3rd Division,3,2025–26,Brøndby,Strasbourg,2-3,A,Continental,Wikipedia rendered HTML,2025–26 UEFA Conference League qualifying (third and play-off round matches)
2025-08-28,UEFA,UEFA 3rd Division,3,2025–26,CFR Cluj,BK Häcken,1-0,H,Continental,Wikipedia rendered HTML,2025–26 UEFA Conference League qualifying (third and play-off round matches)
2025-08-28,UEFA,UEFA 3rd Division,3,2025–26,Differdange 03,Drita,0-1,A,Continental,Wikipedia rendered HTML,2025–26 UEFA Conference League qualifying (third and play-off round matches)
2025-08-28,UEFA,UEFA 3rd Division,3,2025–26,Dinamo City,Jagiellonia Białystok,1-1,D,Continental,Wikipedia rendered HTML,2025–26 UEFA Conference League qualifying (third and play-off round matches)
2025-08-28,UEFA,UEFA 3rd Division,3,2025–26,Fiorentina,Polissya Zhytomyr,3-2,H,Continental,Wikipedia rendered HTML,2025–26 UEFA Conference League qualifying (third and play-off round matches)
2025-08-28,UEFA,UEFA 3rd Division,3,2025–26,Fredrikstad,Crystal Palace,0-0,D,Continental,Wikipedia rendered HTML,2025–26 UEFA Conference League qualifying (third and play-off round matches)
2025-08-28,UEFA,UEFA 3rd Division,3,2025–26,Legia Warsaw,Hibernian,3-3,D,Continental,Wikipedia rendered HTML,2025–26 UEFA Conference League qualifying (third and play-off round matches)
2025-08-28,UEFA,UEFA 3rd Division,3,2025–26,Linfield,Shelbourne,0-2,A,Continental,Wikipedia rendered HTML,2025–26 UEFA Conference League qualifying (third and play-off round matches)
2025-08-28,UEFA,UEFA 3rd Division,3,2025–26,Mainz 05,Rosenborg,4-1,H,Continental,Wikipedia rendered HTML,2025–26 UEFA Conference League qualifying (third and play-off round matches)
2025-08-28,UEFA,UEFA 3rd Division,3,2025–26,Noah,Olimpija Ljubljana,3-2,H,Continental,Wikipedia rendered HTML,2025–26 UEFA Conference League qualifying (third and play-off round matches)
2025-08-28,UEFA,UEFA 3rd Division,3,2025–26,Omonia,Wolfsberger AC,1-0,H,Continental,Wikipedia rendered HTML,2025–26 UEFA Conference League qualifying (third and play-off round matches)
2025-08-28,UEFA,UEFA 3rd Division,3,2025–26,RFS,Hamrun Spartans,2-2,D,Continental,Wikipedia rendered HTML,2025–26 UEFA Conference League qualifying (third and play-off round matches)
2025-08-28,UEFA,UEFA 3rd Division,3,2025–26,Rapid Wien,Győri ETO,2-0,H,Continental,Wikipedia rendered HTML,2025–26 UEFA Conference League qualifying (third and play-off round matches)
2025-08-28,UEFA,UEFA 3rd Division,3,2025–26,Rayo Vallecano,Neman Grodno,4-0,H,Continental,Wikipedia rendered HTML,2025–26 UEFA Conference League qualifying (third and play-off round matches)
2025-08-28,UEFA,UEFA 3rd Division,3,2025–26,Servette,Shakhtar Donetsk,1-2,A,Continental,Wikipedia rendered HTML,2025–26 UEFA Conference League qualifying (third and play-off round matches)
2025-08-28,UEFA,UEFA 3rd Division,3,2025–26,Shamrock Rovers,Santa Clara,0-0,D,Continental,Wikipedia rendered HTML,2025–26 UEFA Conference League qualifying (third and play-off round matches)
2025-08-28,UEFA,UEFA 3rd Division,3,2025–26,Universitatea Craiova,İstanbul Başakşehir,3-1,H,Continental,Wikipedia rendered HTML,2025–26 UEFA Conference League qualifying (third and play-off round matches)
2025-08-28,UEFA,UEFA 3rd Division,3,2025–26,Virtus,Breiðablik,1-3,A,Continental,Wikipedia rendered HTML,2025–26 UEFA Conference League qualifying (third and play-off round matches)
2025-10-02,UEFA,UEFA 3rd Division,3,2025–26,AEK Larnaca,AZ,4-0,H,Continental,Wikipedia rendered HTML,2025–26 UEFA Conference League league phase
2025-10-02,UEFA,UEFA 3rd Division,3,2025–26,Aberdeen,Shakhtar Donetsk,2-3,A,Continental,Wikipedia rendered HTML,2025–26 UEFA Conference League league phase
2025-10-02,UEFA,UEFA 3rd Division,3,2025–26,Celje,AEK Athens,3-1,H,Continental,Wikipedia rendered HTML,2025–26 UEFA Conference League league phase
2025-10-02,UEFA,UEFA 3rd Division,3,2025–26,Dynamo Kyiv,Crystal Palace,0-2,A,Continental,Wikipedia rendered HTML,2025–26 UEFA Conference League league phase
2025-10-02,UEFA,UEFA 3rd Division,3,2025–26,Fiorentina,Sigma Olomouc,2-0,H,Continental,Wikipedia rendered HTML,2025–26 UEFA Conference League league phase
2025-10-02,UEFA,UEFA 3rd Division,3,2025–26,Jagiellonia Białystok,Hamrun Spartans,1-0,H,Continental,Wikipedia rendered HTML,2025–26 UEFA Conference League league phase
2025-10-02,UEFA,UEFA 3rd Division,3,2025–26,KuPS,Drita,1-1,D,Continental,Wikipedia rendered HTML,2025–26 UEFA Conference League league phase
2025-10-02,UEFA,UEFA 3rd Division,3,2025–26,Lausanne-Sport,Breiðablik,3-0,H,Continental,Wikipedia rendered HTML,2025–26 UEFA Conference League league phase
2025-10-02,UEFA,UEFA 3rd Division,3,2025–26,Lech Poznań,Rapid Wien,4-1,H,Continental,Wikipedia rendered HTML,2025–26 UEFA Conference League league phase
2025-10-02,UEFA,UEFA 3rd Division,3,2025–26,Legia Warsaw,Samsunspor,0-1,A,Continental,Wikipedia rendered HTML,2025–26 UEFA Conference League league phase
2025-10-02,UEFA,UEFA 3rd Division,3,2025–26,Noah,Rijeka,1-0,H,Continental,Wikipedia rendered HTML,2025–26 UEFA Conference League league phase
2025-10-02,UEFA,UEFA 3rd Division,3,2025–26,Omonia,Mainz 05,0-1,A,Continental,Wikipedia rendered HTML,2025–26 UEFA Conference League league phase
2025-10-02,UEFA,UEFA 3rd Division,3,2025–26,Raków Częstochowa,Universitatea Craiova,2-0,H,Continental,Wikipedia rendered HTML,2025–26 UEFA Conference League league phase
2025-10-02,UEFA,UEFA 3rd Division,3,2025–26,Rayo Vallecano,Shkëndija,2-0,H,Continental,Wikipedia rendered HTML,2025–26 UEFA Conference League league phase
2025-10-02,UEFA,UEFA 3rd Division,3,2025–26,Shelbourne,BK Häcken,0-0,D,Continental,Wikipedia rendered HTML,2025–26 UEFA Conference League league phase
2025-10-02,UEFA,UEFA 3rd Division,3,2025–26,Slovan Bratislava,Strasbourg,1-2,A,Continental,Wikipedia rendered HTML,2025–26 UEFA Conference League league phase
2025-10-02,UEFA,UEFA 3rd Division,3,2025–26,Sparta Prague,Shamrock Rovers,4-1,H,Continental,Wikipedia rendered HTML,2025–26 UEFA Conference League league phase
2025-10-02,UEFA,UEFA 3rd Division,3,2025–26,Zrinjski Mostar,Lincoln Red Imps,5-0,H,Continental,Wikipedia rendered HTML,2025–26 UEFA Conference League league phase
2025-10-23,UEFA,UEFA 3rd Division,3,2025–26,AEK Athens,Aberdeen,6-0,H,Continental,Wikipedia rendered HTML,2025–26 UEFA Conference League league phase
2025-10-23,UEFA,UEFA 3rd Division,3,2025–26,AZ,Slovan Bratislava,1-0,H,Continental,Wikipedia rendered HTML,2025–26 UEFA Conference League league phase
2025-10-23,UEFA,UEFA 3rd Division,3,2025–26,BK Häcken,Rayo Vallecano,2-2,D,Continental,Wikipedia rendered HTML,2025–26 UEFA Conference League league phase
2025-10-23,UEFA,UEFA 3rd Division,3,2025–26,Breiðablik,KuPS,0-0,D,Continental,Wikipedia rendered HTML,2025–26 UEFA Conference League league phase
2025-10-23,UEFA,UEFA 3rd Division,3,2025–26,Crystal Palace,AEK Larnaca,0-1,A,Continental,Wikipedia rendered HTML,2025–26 UEFA Conference League league phase
2025-10-23,UEFA,UEFA 3rd Division,3,2025–26,Drita,Omonia,1-1,D,Continental,Wikipedia rendered HTML,2025–26 UEFA Conference League league phase
2025-10-23,UEFA,UEFA 3rd Division,3,2025–26,Hamrun Spartans,Lausanne-Sport,0-1,A,Continental,Wikipedia rendered HTML,2025–26 UEFA Conference League league phase
2025-10-23,UEFA,UEFA 3rd Division,3,2025–26,Lincoln Red Imps,Lech Poznań,2-1,H,Continental,Wikipedia rendered HTML,2025–26 UEFA Conference League league phase
2025-10-23,UEFA,UEFA 3rd Division,3,2025–26,Mainz 05,Zrinjski Mostar,1-0,H,Continental,Wikipedia rendered HTML,2025–26 UEFA Conference League league phase
2025-10-23,UEFA,UEFA 3rd Division,3,2025–26,Rapid Wien,Fiorentina,0-3,A,Continental,Wikipedia rendered HTML,2025–26 UEFA Conference League league phase
2025-10-23,UEFA,UEFA 3rd Division,3,2025–26,Rijeka,Sparta Prague,1-0,H,Continental,Wikipedia rendered HTML,2025–26 UEFA Conference League league phase
2025-10-23,UEFA,UEFA 3rd Division,3,2025–26,Samsunspor,Dynamo Kyiv,3-0,H,Continental,Wikipedia rendered HTML,2025–26 UEFA Conference League league phase
2025-10-23,UEFA,UEFA 3rd Division,3,2025–26,Shakhtar Donetsk,Legia Warsaw,1-2,A,Continental,Wikipedia rendered HTML,2025–26 UEFA Conference League league phase
2025-10-23,UEFA,UEFA 3rd Division,3,2025–26,Shamrock Rovers,Celje,0-2,A,Continental,Wikipedia rendered HTML,2025–26 UEFA Conference League league phase
2025-10-23,UEFA,UEFA 3rd Division,3,2025–26,Shkëndija,Shelbourne,1-0,H,Continental,Wikipedia rendered HTML,2025–26 UEFA Conference League league phase
2025-10-23,UEFA,UEFA 3rd Division,3,2025–26,Sigma Olomouc,Raków Częstochowa,1-1,D,Continental,Wikipedia rendered HTML,2025–26 UEFA Conference League league phase
2025-10-23,UEFA,UEFA 3rd Division,3,2025–26,Strasbourg,Jagiellonia Białystok,1-1,D,Continental,Wikipedia rendered HTML,2025–26 UEFA Conference League league phase
2025-10-23,UEFA,UEFA 3rd Division,3,2025–26,Universitatea Craiova,Noah,1-1,D,Continental,Wikipedia rendered HTML,2025–26 UEFA Conference League league phase
2025-11-06,UEFA,UEFA 3rd Division,3,2025–26,AEK Athens,Shamrock Rovers,1-1,D,Continental,Wikipedia rendered HTML,2025–26 UEFA Conference League league phase
2025-11-06,UEFA,UEFA 3rd Division,3,2025–26,AEK Larnaca,Aberdeen,0-0,D,Continental,Wikipedia rendered HTML,2025–26 UEFA Conference League league phase
2025-11-06,UEFA,UEFA 3rd Division,3,2025–26,BK Häcken,Strasbourg,1-2,A,Continental,Wikipedia rendered HTML,2025–26 UEFA Conference League league phase
2025-11-06,UEFA,UEFA 3rd Division,3,2025–26,Celje,Legia Warsaw,2-1,H,Continental,Wikipedia rendered HTML,2025–26 UEFA Conference League league phase
2025-11-06,UEFA,UEFA 3rd Division,3,2025–26,Crystal Palace,AZ,3-1,H,Continental,Wikipedia rendered HTML,2025–26 UEFA Conference League league phase
2025-11-06,UEFA,UEFA 3rd Division,3,2025–26,Dynamo Kyiv,Zrinjski Mostar,6-0,H,Continental,Wikipedia rendered HTML,2025–26 UEFA Conference League league phase
2025-11-06,UEFA,UEFA 3rd Division,3,2025–26,KuPS,Slovan Bratislava,3-1,H,Continental,Wikipedia rendered HTML,2025–26 UEFA Conference League league phase
2025-11-06,UEFA,UEFA 3rd Division,3,2025–26,Lausanne-Sport,Omonia,1-1,D,Continental,Wikipedia rendered HTML,2025–26 UEFA Conference League league phase
2025-11-06,UEFA,UEFA 3rd Division,3,2025–26,Lincoln Red Imps,Rijeka,1-1,D,Continental,Wikipedia rendered HTML,2025–26 UEFA Conference League league phase
2025-11-06,UEFA,UEFA 3rd Division,3,2025–26,Mainz 05,Fiorentina,2-1,H,Continental,Wikipedia rendered HTML,2025–26 UEFA Conference League league phase
2025-11-06,UEFA,UEFA 3rd Division,3,2025–26,Noah,Sigma Olomouc,1-2,A,Continental,Wikipedia rendered HTML,2025–26 UEFA Conference League league phase
2025-11-06,UEFA,UEFA 3rd Division,3,2025–26,Rapid Wien,Universitatea Craiova,0-1,A,Continental,Wikipedia rendered HTML,2025–26 UEFA Conference League league phase
2025-11-06,UEFA,UEFA 3rd Division,3,2025–26,Rayo Vallecano,Lech Poznań,3-2,H,Continental,Wikipedia rendered HTML,2025–26 UEFA Conference League league phase
2025-11-06,UEFA,UEFA 3rd Division,3,2025–26,Samsunspor,Hamrun Spartans,3-0,H,Continental,Wikipedia rendered HTML,2025–26 UEFA Conference League league phase
2025-11-06,UEFA,UEFA 3rd Division,3,2025–26,Shakhtar Donetsk,Breiðablik,2-0,H,Continental,Wikipedia rendered HTML,2025–26 UEFA Conference League league phase
2025-11-06,UEFA,UEFA 3rd Division,3,2025–26,Shelbourne,Drita,0-1,A,Continental,Wikipedia rendered HTML,2025–26 UEFA Conference League league phase
2025-11-06,UEFA,UEFA 3rd Division,3,2025–26,Shkëndija,Jagiellonia Białystok,1-1,D,Continental,Wikipedia rendered HTML,2025–26 UEFA Conference League league phase
2025-11-06,UEFA,UEFA 3rd Division,3,2025–26,Sparta Prague,Raków Częstochowa,0-0,D,Continental,Wikipedia rendered HTML,2025–26 UEFA Conference League league phase
2025-11-27,UEFA,UEFA 3rd Division,3,2025–26,AZ,Shelbourne,2-0,H,Continental,Wikipedia rendered HTML,2025–26 UEFA Conference League league phase
2025-11-27,UEFA,UEFA 3rd Division,3,2025–26,Aberdeen,Noah,1-1,D,Continental,Wikipedia rendered HTML,2025–26 UEFA Conference League league phase
2025-11-27,UEFA,UEFA 3rd Division,3,2025–26,Breiðablik,Samsunspor,2-2,D,Continental,Wikipedia rendered HTML,2025–26 UEFA Conference League league phase
2025-11-27,UEFA,UEFA 3rd Division,3,2025–26,Drita,Shkëndija,1-0,H,Continental,Wikipedia rendered HTML,2025–26 UEFA Conference League league phase
2025-11-27,UEFA,UEFA 3rd Division,3,2025–26,Fiorentina,AEK Athens,0-1,A,Continental,Wikipedia rendered HTML,2025–26 UEFA Conference League league phase
2025-11-27,UEFA,UEFA 3rd Division,3,2025–26,Hamrun Spartans,Lincoln Red Imps,3-1,H,Continental,Wikipedia rendered HTML,2025–26 UEFA Conference League league phase
2025-11-27,UEFA,UEFA 3rd Division,3,2025–26,Jagiellonia Białystok,KuPS,1-0,H,Continental,Wikipedia rendered HTML,2025–26 UEFA Conference League league phase
2025-11-27,UEFA,UEFA 3rd Division,3,2025–26,Lech Poznań,Lausanne-Sport,2-0,H,Continental,Wikipedia rendered HTML,2025–26 UEFA Conference League league phase
2025-11-27,UEFA,UEFA 3rd Division,3,2025–26,Legia Warsaw,Sparta Prague,0-1,A,Continental,Wikipedia rendered HTML,2025–26 UEFA Conference League league phase
2025-11-27,UEFA,UEFA 3rd Division,3,2025–26,Omonia,Dynamo Kyiv,2-0,H,Continental,Wikipedia rendered HTML,2025–26 UEFA Conference League league phase
2025-11-27,UEFA,UEFA 3rd Division,3,2025–26,Raków Częstochowa,Rapid Wien,4-1,H,Continental,Wikipedia rendered HTML,2025–26 UEFA Conference League league phase
2025-11-27,UEFA,UEFA 3rd Division,3,2025–26,Rijeka,AEK Larnaca,0-0,D,Continental,Wikipedia rendered HTML,2025–26 UEFA Conference League league phase
2025-11-27,UEFA,UEFA 3rd Division,3,2025–26,Shamrock Rovers,Shakhtar Donetsk,1-2,A,Continental,Wikipedia rendered HTML,2025–26 UEFA Conference League league phase
2025-11-27,UEFA,UEFA 3rd Division,3,2025–26,Sigma Olomouc,Celje,2-1,H,Continental,Wikipedia rendered HTML,2025–26 UEFA Conference League league phase
2025-11-27,UEFA,UEFA 3rd Division,3,2025–26,Slovan Bratislava,Rayo Vallecano,2-1,H,Continental,Wikipedia rendered HTML,2025–26 UEFA Conference League league phase
2025-11-27,UEFA,UEFA 3rd Division,3,2025–26,Strasbourg,Crystal Palace,2-1,H,Continental,Wikipedia rendered HTML,2025–26 UEFA Conference League league phase
2025-11-27,UEFA,UEFA 3rd Division,3,2025–26,Universitatea Craiova,Mainz 05,1-0,H,Continental,Wikipedia rendered HTML,2025–26 UEFA Conference League league phase
2025-11-27,UEFA,UEFA 3rd Division,3,2025–26,Zrinjski Mostar,BK Häcken,2-1,H,Continental,Wikipedia rendered HTML,2025–26 UEFA Conference League league phase
2025-12-11,UEFA,UEFA 3rd Division,3,2025–26,Aberdeen,Strasbourg,0-1,A,Continental,Wikipedia rendered HTML,2025–26 UEFA Conference League league phase
2025-12-11,UEFA,UEFA 3rd Division,3,2025–26,BK Häcken,AEK Larnaca,1-1,D,Continental,Wikipedia rendered HTML,2025–26 UEFA Conference League league phase
2025-12-11,UEFA,UEFA 3rd Division,3,2025–26,Breiðablik,Shamrock Rovers,3-1,H,Continental,Wikipedia rendered HTML,2025–26 UEFA Conference League league phase
2025-12-11,UEFA,UEFA 3rd Division,3,2025–26,Drita,AZ,0-3,A,Continental,Wikipedia rendered HTML,2025–26 UEFA Conference League league phase
2025-12-11,UEFA,UEFA 3rd Division,3,2025–26,Fiorentina,Dynamo Kyiv,2-1,H,Continental,Wikipedia rendered HTML,2025–26 UEFA Conference League league phase
2025-12-11,UEFA,UEFA 3rd Division,3,2025–26,Hamrun Spartans,Shakhtar Donetsk,0-2,A,Continental,Wikipedia rendered HTML,2025–26 UEFA Conference League league phase
2025-12-11,UEFA,UEFA 3rd Division,3,2025–26,Jagiellonia Białystok,Rayo Vallecano,1-2,A,Continental,Wikipedia rendered HTML,2025–26 UEFA Conference League league phase
2025-12-11,UEFA,UEFA 3rd Division,3,2025–26,KuPS,Lausanne-Sport,0-0,D,Continental,Wikipedia rendered HTML,2025–26 UEFA Conference League league phase
2025-12-11,UEFA,UEFA 3rd Division,3,2025–26,Lech Poznań,Mainz 05,1-1,D,Continental,Wikipedia rendered HTML,2025–26 UEFA Conference League league phase
2025-12-11,UEFA,UEFA 3rd Division,3,2025–26,Lincoln Red Imps,Sigma Olomouc,2-1,H,Continental,Wikipedia rendered HTML,2025–26 UEFA Conference League league phase
2025-12-11,UEFA,UEFA 3rd Division,3,2025–26,Noah,Legia Warsaw,2-1,H,Continental,Wikipedia rendered HTML,2025–26 UEFA Conference League league phase
2025-12-11,UEFA,UEFA 3rd Division,3,2025–26,Raków Częstochowa,Zrinjski Mostar,1-0,H,Continental,Wikipedia rendered HTML,2025–26 UEFA Conference League league phase
2025-12-11,UEFA,UEFA 3rd Division,3,2025–26,Rapid Wien,Omonia,0-1,A,Continental,Wikipedia rendered HTML,2025–26 UEFA Conference League league phase
2025-12-11,UEFA,UEFA 3rd Division,3,2025–26,Rijeka,Celje,3-0,H,Continental,Wikipedia rendered HTML,2025–26 UEFA Conference League league phase
2025-12-11,UEFA,UEFA 3rd Division,3,2025–26,Samsunspor,AEK Athens,1-2,A,Continental,Wikipedia rendered HTML,2025–26 UEFA Conference League league phase
2025-12-11,UEFA,UEFA 3rd Division,3,2025–26,Shelbourne,Crystal Palace,0-3,A,Continental,Wikipedia rendered HTML,2025–26 UEFA Conference League league phase
2025-12-11,UEFA,UEFA 3rd Division,3,2025–26,Shkëndija,Slovan Bratislava,2-0,H,Continental,Wikipedia rendered HTML,2025–26 UEFA Conference League league phase
2025-12-11,UEFA,UEFA 3rd Division,3,2025–26,Universitatea Craiova,Sparta Prague,1-2,A,Continental,Wikipedia rendered HTML,2025–26 UEFA Conference League league phase
2025-12-18,UEFA,UEFA 3rd Division,3,2025–26,AEK Athens,Universitatea Craiova,3-2,H,Continental,Wikipedia rendered HTML,2025–26 UEFA Conference League league phase
2025-12-18,UEFA,UEFA 3rd Division,3,2025–26,AEK Larnaca,Shkëndija,1-0,H,Continental,Wikipedia rendered HTML,2025–26 UEFA Conference League league phase
2025-12-18,UEFA,UEFA 3rd Division,3,2025–26,AZ,Jagiellonia Białystok,0-0,D,Continental,Wikipedia rendered HTML,2025–26 UEFA Conference League league phase
2025-12-18,UEFA,UEFA 3rd Division,3,2025–26,Celje,Shelbourne,0-0,D,Continental,Wikipedia rendered HTML,2025–26 UEFA Conference League league phase
2025-12-18,UEFA,UEFA 3rd Division,3,2025–26,Crystal Palace,KuPS,2-2,D,Continental,Wikipedia rendered HTML,2025–26 UEFA Conference League league phase
2025-12-18,UEFA,UEFA 3rd Division,3,2025–26,Dynamo Kyiv,Noah,2-0,H,Continental,Wikipedia rendered HTML,2025–26 UEFA Conference League league phase
2025-12-18,UEFA,UEFA 3rd Division,3,2025–26,Lausanne-Sport,Fiorentina,1-0,H,Continental,Wikipedia rendered HTML,2025–26 UEFA Conference League league phase
2025-12-18,UEFA,UEFA 3rd Division,3,2025–26,Legia Warsaw,Lincoln Red Imps,4-1,H,Continental,Wikipedia rendered HTML,2025–26 UEFA Conference League league phase
2025-12-18,UEFA,UEFA 3rd Division,3,2025–26,Mainz 05,Samsunspor,2-0,H,Continental,Wikipedia rendered HTML,2025–26 UEFA Conference League league phase
2025-12-18,UEFA,UEFA 3rd Division,3,2025–26,Omonia,Raków Częstochowa,0-1,A,Continental,Wikipedia rendered HTML,2025–26 UEFA Conference League league phase
2025-12-18,UEFA,UEFA 3rd Division,3,2025–26,Rayo Vallecano,Drita,3-0,H,Continental,Wikipedia rendered HTML,2025–26 UEFA Conference League league phase
2025-12-18,UEFA,UEFA 3rd Division,3,2025–26,Shakhtar Donetsk,Rijeka,0-0,D,Continental,Wikipedia rendered HTML,2025–26 UEFA Conference League league phase
2025-12-18,UEFA,UEFA 3rd Division,3,2025–26,Shamrock Rovers,Hamrun Spartans,3-1,H,Continental,Wikipedia rendered HTML,2025–26 UEFA Conference League league phase
2025-12-18,UEFA,UEFA 3rd Division,3,2025–26,Sigma Olomouc,Lech Poznań,1-2,A,Continental,Wikipedia rendered HTML,2025–26 UEFA Conference League league phase
2025-12-18,UEFA,UEFA 3rd Division,3,2025–26,Slovan Bratislava,BK Häcken,1-0,H,Continental,Wikipedia rendered HTML,2025–26 UEFA Conference League league phase
2025-12-18,UEFA,UEFA 3rd Division,3,2025–26,Sparta Prague,Aberdeen,3-0,H,Continental,Wikipedia rendered HTML,2025–26 UEFA Conference League league phase
2025-12-18,UEFA,UEFA 3rd Division,3,2025–26,Strasbourg,Breiðablik,3-1,H,Continental,Wikipedia rendered HTML,2025–26 UEFA Conference League league phase
2025-12-18,UEFA,UEFA 3rd Division,3,2025–26,Zrinjski Mostar,Rapid Wien,1-1,D,Continental,Wikipedia rendered HTML,2025–26 UEFA Conference League league phase
2026-02-19,UEFA,UEFA 3rd Division,3,2025–26,Drita,Celje,2-3,A,Continental,Wikipedia rendered HTML,2025–26 UEFA Conference League knockout phase
2026-02-19,UEFA,UEFA 3rd Division,3,2025–26,Jagiellonia Białystok,Fiorentina,0-3,A,Continental,Wikipedia rendered HTML,2025–26 UEFA Conference League knockout phase
2026-02-19,UEFA,UEFA 3rd Division,3,2025–26,KuPS,Lech Poznań,0-2,A,Continental,Wikipedia rendered HTML,2025–26 UEFA Conference League knockout phase
2026-02-19,UEFA,UEFA 3rd Division,3,2025–26,Noah,AZ,1-0,H,Continental,Wikipedia rendered HTML,2025–26 UEFA Conference League knockout phase
2026-02-19,UEFA,UEFA 3rd Division,3,2025–26,Omonia,Rijeka,0-1,A,Continental,Wikipedia rendered HTML,2025–26 UEFA Conference League knockout phase
2026-02-19,UEFA,UEFA 3rd Division,3,2025–26,Shkëndija,Samsunspor,0-1,A,Continental,Wikipedia rendered HTML,2025–26 UEFA Conference League knockout phase
2026-02-19,UEFA,UEFA 3rd Division,3,2025–26,Sigma Olomouc,Lausanne-Sport,1-1,D,Continental,Wikipedia rendered HTML,2025–26 UEFA Conference League knockout phase
2026-02-19,UEFA,UEFA 3rd Division,3,2025–26,Zrinjski Mostar,Crystal Palace,1-1,D,Continental,Wikipedia rendered HTML,2025–26 UEFA Conference League knockout phase
2026-02-26,UEFA,UEFA 3rd Division,3,2025–26,AZ,Noah,4-0,H,Continental,Wikipedia rendered HTML,2025–26 UEFA Conference League knockout phase
2026-02-26,UEFA,UEFA 3rd Division,3,2025–26,Celje,Drita,3-2,H,Continental,Wikipedia rendered HTML,2025–26 UEFA Conference League knockout phase
2026-02-26,UEFA,UEFA 3rd Division,3,2025–26,Crystal Palace,Zrinjski Mostar,2-0,H,Continental,Wikipedia rendered HTML,2025–26 UEFA Conference League knockout phase
2026-02-26,UEFA,UEFA 3rd Division,3,2025–26,Fiorentina,Jagiellonia Białystok,2-4,A,Continental,Wikipedia rendered HTML,2025–26 UEFA Conference League knockout phase
2026-02-26,UEFA,UEFA 3rd Division,3,2025–26,Lausanne-Sport,Sigma Olomouc,1-2,A,Continental,Wikipedia rendered HTML,2025–26 UEFA Conference League knockout phase
2026-02-26,UEFA,UEFA 3rd Division,3,2025–26,Lech Poznań,KuPS,1-0,H,Continental,Wikipedia rendered HTML,2025–26 UEFA Conference League knockout phase
2026-02-26,UEFA,UEFA 3rd Division,3,2025–26,Rijeka,Omonia,3-1,H,Continental,Wikipedia rendered HTML,2025–26 UEFA Conference League knockout phase
2026-02-26,UEFA,UEFA 3rd Division,3,2025–26,Samsunspor,Shkëndija,4-0,H,Continental,Wikipedia rendered HTML,2025–26 UEFA Conference League knockout phase
2026-03-12,UEFA,UEFA 3rd Division,3,2025–26,AZ,Sparta Prague,2-1,H,Continental,Wikipedia rendered HTML,2025–26 UEFA Conference League knockout phase
2026-03-12,UEFA,UEFA 3rd Division,3,2025–26,Celje,AEK Athens,0-4,A,Continental,Wikipedia rendered HTML,2025–26 UEFA Conference League knockout phase
2026-03-12,UEFA,UEFA 3rd Division,3,2025–26,Crystal Palace,AEK Larnaca,0-0,D,Continental,Wikipedia rendered HTML,2025–26 UEFA Conference League knockout phase
2026-03-12,UEFA,UEFA 3rd Division,3,2025–26,Fiorentina,Raków Częstochowa,2-1,H,Continental,Wikipedia rendered HTML,2025–26 UEFA Conference League knockout phase
2026-03-12,UEFA,UEFA 3rd Division,3,2025–26,Lech Poznań,Shakhtar Donetsk,1-3,A,Continental,Wikipedia rendered HTML,2025–26 UEFA Conference League knockout phase
2026-03-12,UEFA,UEFA 3rd Division,3,2025–26,Rijeka,Strasbourg,1-2,A,Continental,Wikipedia rendered HTML,2025–26 UEFA Conference League knockout phase
2026-03-12,UEFA,UEFA 3rd Division,3,2025–26,Samsunspor,Rayo Vallecano,1-3,A,Continental,Wikipedia rendered HTML,2025–26 UEFA Conference League knockout phase
2026-03-12,UEFA,UEFA 3rd Division,3,2025–26,Sigma Olomouc,Mainz 05,0-0,D,Continental,Wikipedia rendered HTML,2025–26 UEFA Conference League knockout phase
2026-03-19,UEFA,UEFA 3rd Division,3,2025–26,AEK Athens,Celje,0-2,A,Continental,Wikipedia rendered HTML,2025–26 UEFA Conference League knockout phase
2026-03-19,UEFA,UEFA 3rd Division,3,2025–26,AEK Larnaca,Crystal Palace,1-2,A,Continental,Wikipedia rendered HTML,2025–26 UEFA Conference League knockout phase
2026-03-19,UEFA,UEFA 3rd Division,3,2025–26,Mainz 05,Sigma Olomouc,2-0,H,Continental,Wikipedia rendered HTML,2025–26 UEFA Conference League knockout phase
2026-03-19,UEFA,UEFA 3rd Division,3,2025–26,Raków Częstochowa,Fiorentina,1-2,A,Continental,Wikipedia rendered HTML,2025–26 UEFA Conference League knockout phase
2026-03-19,UEFA,UEFA 3rd Division,3,2025–26,Rayo Vallecano,Samsunspor,0-1,A,Continental,Wikipedia rendered HTML,2025–26 UEFA Conference League knockout phase
2026-03-19,UEFA,UEFA 3rd Division,3,2025–26,Shakhtar Donetsk,Lech Poznań,1-2,A,Continental,Wikipedia rendered HTML,2025–26 UEFA Conference League knockout phase
2026-03-19,UEFA,UEFA 3rd Division,3,2025–26,Sparta Prague,AZ,0-4,A,Continental,Wikipedia rendered HTML,2025–26 UEFA Conference League knockout phase
2026-03-19,UEFA,UEFA 3rd Division,3,2025–26,Strasbourg,Rijeka,1-1,D,Continental,Wikipedia rendered HTML,2025–26 UEFA Conference League knockout phase
2026-04-09,UEFA,UEFA 3rd Division,3,2025–26,Crystal Palace,Fiorentina,3-0,H,Continental,Wikipedia rendered HTML,2025–26 UEFA Conference League knockout phase
2026-04-09,UEFA,UEFA 3rd Division,3,2025–26,Mainz 05,Strasbourg,2-0,H,Continental,Wikipedia rendered HTML,2025–26 UEFA Conference League knockout phase
2026-04-09,UEFA,UEFA 3rd Division,3,2025–26,Rayo Vallecano,AEK Athens,3-0,H,Continental,Wikipedia rendered HTML,2025–26 UEFA Conference League knockout phase
2026-04-09,UEFA,UEFA 3rd Division,3,2025–26,Shakhtar Donetsk,AZ,3-0,H,Continental,Wikipedia rendered HTML,2025–26 UEFA Conference League knockout phase
2026-04-16,UEFA,UEFA 3rd Division,3,2025–26,AEK Athens,Rayo Vallecano,3-1,H,Continental,Wikipedia rendered HTML,2025–26 UEFA Conference League knockout phase
2026-04-16,UEFA,UEFA 3rd Division,3,2025–26,AZ,Shakhtar Donetsk,2-2,D,Continental,Wikipedia rendered HTML,2025–26 UEFA Conference League knockout phase
2026-04-16,UEFA,UEFA 3rd Division,3,2025–26,Fiorentina,Crystal Palace,2-1,H,Continental,Wikipedia rendered HTML,2025–26 UEFA Conference League knockout phase
2026-04-16,UEFA,UEFA 3rd Division,3,2025–26,Strasbourg,Mainz 05,4-0,H,Continental,Wikipedia rendered HTML,2025–26 UEFA Conference League knockout phase
2026-04-30,UEFA,UEFA 3rd Division,3,2025–26,Rayo Vallecano,Strasbourg,1-0,H,Continental,Wikipedia rendered HTML,2025–26 UEFA Conference League knockout phase
2026-04-30,UEFA,UEFA 3rd Division,3,2025–26,Shakhtar Donetsk,Crystal Palace,1-3,A,Continental,Wikipedia rendered HTML,2025–26 UEFA Conference League knockout phase
2026-05-07,UEFA,UEFA 3rd Division,3,2025–26,Crystal Palace,Shakhtar Donetsk,2-1,H,Continental,Wikipedia rendered HTML,2025–26 UEFA Conference League knockout phase
2026-05-07,UEFA,UEFA 3rd Division,3,2025–26,Strasbourg,Rayo Vallecano,0-1,A,Continental,Wikipedia rendered HTML,2025–26 UEFA Conference League knockout phase
2026-05-27,UEFA,UEFA 3rd Division,3,2025–26,Crystal Palace,Rayo Vallecano,1-0,H,Continental,Wikipedia rendered HTML,2025–26 UEFA Conference League knockout phase
