Date,Country,League,Tier,Season,Home,Away,Score,Result,CompetitionType,Source,SourcePage
1992-09-15,UEFA,UEFA 2nd Division,2,1992–93,Caen,Zaragoza,3-2,H,Continental,Wikipedia,1992–93 UEFA Cup
1992-09-15,UEFA,UEFA 2nd Division,2,1992–93,Floriana,Borussia Dortmund,0-1,A,Continental,Wikipedia,1992–93 UEFA Cup
1992-09-15,UEFA,UEFA 2nd Division,2,1992–93,Fram,Kaiserslautern,0-3,A,Continental,Wikipedia,1992–93 UEFA Cup
1992-09-15,UEFA,UEFA 2nd Division,2,1992–93,Hibernian,Anderlecht,2-2,D,Continental,Wikipedia,1992–93 UEFA Cup
1992-09-15,UEFA,UEFA 2nd Division,2,1992–93,Köln,Celtic,2-0,H,Continental,Wikipedia,1992–93 UEFA Cup
1992-09-15,UEFA,UEFA 2nd Division,2,1992–93,Neuchâtel Xamax,BK Frem,2-2,D,Continental,Wikipedia,1992–93 UEFA Cup
1992-09-16,UEFA,UEFA 2nd Division,2,1992–93,Benfica,Belvedur Izola,3-0,H,Continental,Wikipedia,1992–93 UEFA Cup
1992-09-16,UEFA,UEFA 2nd Division,2,1992–93,Casino Salzburg,Ajax,0-3,A,Continental,Wikipedia,1992–93 UEFA Cup
1992-09-16,UEFA,UEFA 2nd Division,2,1992–93,Copenhagen,MP,5-0,H,Continental,Wikipedia,1992–93 UEFA Cup
1992-09-16,UEFA,UEFA 2nd Division,2,1992–93,Dynamo Kyiv,Rapid Wien,1-0,H,Continental,Wikipedia,1992–93 UEFA Cup
1992-09-16,UEFA,UEFA 2nd Division,2,1992–93,Dynamo Moscow,Rosenborg,5-1,H,Continental,Wikipedia,1992–93 UEFA Cup
1992-09-16,UEFA,UEFA 2nd Division,2,1992–93,Electroputere Craiova,Panathinaikos,0-6,A,Continental,Wikipedia,1992–93 UEFA Cup
1992-09-16,UEFA,UEFA 2nd Division,2,1992–93,Fenerbahçe,Botev Plovdiv,3-1,H,Continental,Wikipedia,1992–93 UEFA Cup
1992-09-16,UEFA,UEFA 2nd Division,2,1992–93,GKS Katowice,Galatasaray,0-0,D,Continental,Wikipedia,1992–93 UEFA Cup
1992-09-16,UEFA,UEFA 2nd Division,2,1992–93,Grasshopper,Sporting CP,1-2,A,Continental,Wikipedia,1992–93 UEFA Cup
1992-09-16,UEFA,UEFA 2nd Division,2,1992–93,IFK Norrköping,Torino,1-0,H,Continental,Wikipedia,1992–93 UEFA Cup
1992-09-16,UEFA,UEFA 2nd Division,2,1992–93,Juventus,Anorthosis Famagusta,6-1,H,Continental,Wikipedia,1992–93 UEFA Cup
1992-09-16,UEFA,UEFA 2nd Division,2,1992–93,Lokomotiv Plovdiv,Auxerre,2-2,D,Continental,Wikipedia,1992–93 UEFA Cup
1992-09-16,UEFA,UEFA 2nd Division,2,1992–93,Manchester United,Torpedo Moscow,0-0,D,Continental,Wikipedia,1992–93 UEFA Cup
1992-09-16,UEFA,UEFA 2nd Division,2,1992–93,Mechelen,Örebro,2-1,H,Continental,Wikipedia,1992–93 UEFA Cup
1992-09-16,UEFA,UEFA 2nd Division,2,1992–93,Paris Saint-Germain,PAOK,2-0,H,Continental,Wikipedia,1992–93 UEFA Cup
1992-09-16,UEFA,UEFA 2nd Division,2,1992–93,Politehnica Timișoara,Real Madrid,1-1,D,Continental,Wikipedia,1992–93 UEFA Cup
1992-09-16,UEFA,UEFA 2nd Division,2,1992–93,Sheffield Wednesday,Spora Luxembourg,8-1,H,Continental,Wikipedia,1992–93 UEFA Cup
1992-09-16,UEFA,UEFA 2nd Division,2,1992–93,Sigma Olomouc,Universitatea Craiova,1-0,H,Continental,Wikipedia,1992–93 UEFA Cup
1992-09-16,UEFA,UEFA 2nd Division,2,1992–93,Slavia Prague,Heart of Midlothian,1-0,H,Continental,Wikipedia,1992–93 UEFA Cup
1992-09-16,UEFA,UEFA 2nd Division,2,1992–93,Standard Liège,Portadown,5-0,H,Continental,Wikipedia,1992–93 UEFA Cup
1992-09-16,UEFA,UEFA 2nd Division,2,1992–93,Valencia,Napoli,1-5,A,Continental,Wikipedia,1992–93 UEFA Cup
1992-09-16,UEFA,UEFA 2nd Division,2,1992–93,Vitesse,Derry City,3-0,H,Continental,Wikipedia,1992–93 UEFA Cup
1992-09-16,UEFA,UEFA 2nd Division,2,1992–93,Vác,Groningen,1-0,H,Continental,Wikipedia,1992–93 UEFA Cup
1992-09-16,UEFA,UEFA 2nd Division,2,1992–93,Wacker Innsbruck,Roma,1-4,A,Continental,Wikipedia,1992–93 UEFA Cup
1992-09-16,UEFA,UEFA 2nd Division,2,1992–93,Widzew Łódź,Eintracht Frankfurt,2-2,D,Continental,Wikipedia,1992–93 UEFA Cup
1992-09-17,UEFA,UEFA 2nd Division,2,1992–93,Vitória de Guimarães,Real Sociedad,3-0,H,Continental,Wikipedia,1992–93 UEFA Cup
1992-09-29,UEFA,UEFA 2nd Division,2,1992–93,Anderlecht,Hibernian,1-1,D,Continental,Wikipedia,1992–93 UEFA Cup
1992-09-29,UEFA,UEFA 2nd Division,2,1992–93,Anorthosis Famagusta,Juventus,0-4,A,Continental,Wikipedia,1992–93 UEFA Cup
1992-09-29,UEFA,UEFA 2nd Division,2,1992–93,Auxerre,Lokomotiv Plovdiv,7-1,H,Continental,Wikipedia,1992–93 UEFA Cup
1992-09-29,UEFA,UEFA 2nd Division,2,1992–93,BK Frem,Neuchâtel Xamax,4-1,H,Continental,Wikipedia,1992–93 UEFA Cup
1992-09-29,UEFA,UEFA 2nd Division,2,1992–93,Borussia Dortmund,Floriana,7-2,H,Continental,Wikipedia,1992–93 UEFA Cup
1992-09-29,UEFA,UEFA 2nd Division,2,1992–93,Derry City,Vitesse,1-2,A,Continental,Wikipedia,1992–93 UEFA Cup
1992-09-29,UEFA,UEFA 2nd Division,2,1992–93,Galatasaray,GKS Katowice,2-1,H,Continental,Wikipedia,1992–93 UEFA Cup
1992-09-29,UEFA,UEFA 2nd Division,2,1992–93,Kaiserslautern,Fram,4-0,H,Continental,Wikipedia,1992–93 UEFA Cup
1992-09-29,UEFA,UEFA 2nd Division,2,1992–93,Portadown,Standard Liège,0-0,D,Continental,Wikipedia,1992–93 UEFA Cup
1992-09-29,UEFA,UEFA 2nd Division,2,1992–93,Real Madrid,Politehnica Timișoara,4-0,H,Continental,Wikipedia,1992–93 UEFA Cup
1992-09-29,UEFA,UEFA 2nd Division,2,1992–93,Torpedo Moscow,Manchester United,0-0,D,Continental,Wikipedia,1992–93 UEFA Cup
1992-09-30,UEFA,UEFA 2nd Division,2,1992–93,Ajax,Casino Salzburg,3-1,H,Continental,Wikipedia,1992–93 UEFA Cup
1992-09-30,UEFA,UEFA 2nd Division,2,1992–93,Belvedur Izola,Benfica,0-5,A,Continental,Wikipedia,1992–93 UEFA Cup
1992-09-30,UEFA,UEFA 2nd Division,2,1992–93,Botev Plovdiv,Fenerbahçe,2-2,D,Continental,Wikipedia,1992–93 UEFA Cup
1992-09-30,UEFA,UEFA 2nd Division,2,1992–93,Celtic,Köln,3-0,H,Continental,Wikipedia,1992–93 UEFA Cup
1992-09-30,UEFA,UEFA 2nd Division,2,1992–93,Eintracht Frankfurt,Widzew Łódź,9-0,H,Continental,Wikipedia,1992–93 UEFA Cup
1992-09-30,UEFA,UEFA 2nd Division,2,1992–93,Groningen,Vác,1-1,D,Continental,Wikipedia,1992–93 UEFA Cup
1992-09-30,UEFA,UEFA 2nd Division,2,1992–93,Heart of Midlothian,Slavia Prague,4-2,H,Continental,Wikipedia,1992–93 UEFA Cup
1992-09-30,UEFA,UEFA 2nd Division,2,1992–93,MP,Copenhagen,1-5,A,Continental,Wikipedia,1992–93 UEFA Cup
1992-09-30,UEFA,UEFA 2nd Division,2,1992–93,Napoli,Valencia,1-0,H,Continental,Wikipedia,1992–93 UEFA Cup
1992-09-30,UEFA,UEFA 2nd Division,2,1992–93,Panathinaikos,Electroputere Craiova,4-0,H,Continental,Wikipedia,1992–93 UEFA Cup
1992-09-30,UEFA,UEFA 2nd Division,2,1992–93,Rapid Wien,Dynamo Kyiv,3-2,H,Continental,Wikipedia,1992–93 UEFA Cup
1992-09-30,UEFA,UEFA 2nd Division,2,1992–93,Real Sociedad,Vitória de Guimarães,2-0,H,Continental,Wikipedia,1992–93 UEFA Cup
1992-09-30,UEFA,UEFA 2nd Division,2,1992–93,Roma,Wacker Innsbruck,1-0,H,Continental,Wikipedia,1992–93 UEFA Cup
1992-09-30,UEFA,UEFA 2nd Division,2,1992–93,Rosenborg,Dynamo Moscow,2-0,H,Continental,Wikipedia,1992–93 UEFA Cup
1992-09-30,UEFA,UEFA 2nd Division,2,1992–93,Sporting CP,Grasshopper,1-3,A,Continental,Wikipedia,1992–93 UEFA Cup
1992-09-30,UEFA,UEFA 2nd Division,2,1992–93,Universitatea Craiova,Sigma Olomouc,1-2,A,Continental,Wikipedia,1992–93 UEFA Cup
1992-09-30,UEFA,UEFA 2nd Division,2,1992–93,Örebro,Mechelen,0-0,D,Continental,Wikipedia,1992–93 UEFA Cup
1992-10-01,UEFA,UEFA 2nd Division,2,1992–93,PAOK,Paris Saint-Germain,0-3,A,Continental,Wikipedia,1992–93 UEFA Cup
1992-10-01,UEFA,UEFA 2nd Division,2,1992–93,Spora Luxembourg,Sheffield Wednesday,1-2,A,Continental,Wikipedia,1992–93 UEFA Cup
1992-10-01,UEFA,UEFA 2nd Division,2,1992–93,Torino,IFK Norrköping,3-0,H,Continental,Wikipedia,1992–93 UEFA Cup
1992-10-01,UEFA,UEFA 2nd Division,2,1992–93,Zaragoza,Caen,2-0,H,Continental,Wikipedia,1992–93 UEFA Cup
1992-10-20,UEFA,UEFA 2nd Division,2,1992–93,Borussia Dortmund,Celtic,1-0,H,Continental,Wikipedia,1992–93 UEFA Cup
1992-10-20,UEFA,UEFA 2nd Division,2,1992–93,Kaiserslautern,Sheffield Wednesday,3-1,H,Continental,Wikipedia,1992–93 UEFA Cup
1992-10-20,UEFA,UEFA 2nd Division,2,1992–93,Panathinaikos,Juventus,0-1,A,Continental,Wikipedia,1992–93 UEFA Cup
1992-10-21,UEFA,UEFA 2nd Division,2,1992–93,Anderlecht,Dynamo Kyiv,4-2,H,Continental,Wikipedia,1992–93 UEFA Cup
1992-10-21,UEFA,UEFA 2nd Division,2,1992–93,Auxerre,Copenhagen,5-0,H,Continental,Wikipedia,1992–93 UEFA Cup
1992-10-21,UEFA,UEFA 2nd Division,2,1992–93,Benfica,Vác,5-1,H,Continental,Wikipedia,1992–93 UEFA Cup
1992-10-21,UEFA,UEFA 2nd Division,2,1992–93,Eintracht Frankfurt,Galatasaray,0-0,D,Continental,Wikipedia,1992–93 UEFA Cup
1992-10-21,UEFA,UEFA 2nd Division,2,1992–93,Fenerbahçe,Sigma Olomouc,1-0,H,Continental,Wikipedia,1992–93 UEFA Cup
1992-10-21,UEFA,UEFA 2nd Division,2,1992–93,Heart of Midlothian,Standard Liège,0-1,A,Continental,Wikipedia,1992–93 UEFA Cup
1992-10-21,UEFA,UEFA 2nd Division,2,1992–93,Napoli,Paris Saint-Germain,0-2,A,Continental,Wikipedia,1992–93 UEFA Cup
1992-10-21,UEFA,UEFA 2nd Division,2,1992–93,Real Madrid,Torpedo Moscow,5-2,H,Continental,Wikipedia,1992–93 UEFA Cup
1992-10-21,UEFA,UEFA 2nd Division,2,1992–93,Roma,Grasshopper,3-0,H,Continental,Wikipedia,1992–93 UEFA Cup
1992-10-21,UEFA,UEFA 2nd Division,2,1992–93,Vitesse,Mechelen,1-0,H,Continental,Wikipedia,1992–93 UEFA Cup
1992-10-21,UEFA,UEFA 2nd Division,2,1992–93,Vitória de Guimarães,Ajax,0-3,A,Continental,Wikipedia,1992–93 UEFA Cup
1992-10-22,UEFA,UEFA 2nd Division,2,1992–93,BK Frem,Zaragoza,0-1,A,Continental,Wikipedia,1992–93 UEFA Cup
1992-10-22,UEFA,UEFA 2nd Division,2,1992–93,Torino,Dynamo Moscow,1-2,A,Continental,Wikipedia,1992–93 UEFA Cup
1992-11-03,UEFA,UEFA 2nd Division,2,1992–93,Celtic,Borussia Dortmund,1-2,A,Continental,Wikipedia,1992–93 UEFA Cup
1992-11-03,UEFA,UEFA 2nd Division,2,1992–93,Mechelen,Vitesse,0-1,A,Continental,Wikipedia,1992–93 UEFA Cup
1992-11-03,UEFA,UEFA 2nd Division,2,1992–93,Zaragoza,BK Frem,5-1,H,Continental,Wikipedia,1992–93 UEFA Cup
1992-11-04,UEFA,UEFA 2nd Division,2,1992–93,Ajax,Vitória de Guimarães,2-1,H,Continental,Wikipedia,1992–93 UEFA Cup
1992-11-04,UEFA,UEFA 2nd Division,2,1992–93,Copenhagen,Auxerre,0-2,A,Continental,Wikipedia,1992–93 UEFA Cup
1992-11-04,UEFA,UEFA 2nd Division,2,1992–93,Dynamo Kyiv,Anderlecht,0-3,A,Continental,Wikipedia,1992–93 UEFA Cup
1992-11-04,UEFA,UEFA 2nd Division,2,1992–93,Galatasaray,Eintracht Frankfurt,1-0,H,Continental,Wikipedia,1992–93 UEFA Cup
1992-11-04,UEFA,UEFA 2nd Division,2,1992–93,Grasshopper,Roma,4-3,H,Continental,Wikipedia,1992–93 UEFA Cup
1992-11-04,UEFA,UEFA 2nd Division,2,1992–93,Juventus,Panathinaikos,0-0,D,Continental,Wikipedia,1992–93 UEFA Cup
1992-11-04,UEFA,UEFA 2nd Division,2,1992–93,Paris Saint-Germain,Napoli,0-0,D,Continental,Wikipedia,1992–93 UEFA Cup
1992-11-04,UEFA,UEFA 2nd Division,2,1992–93,Sheffield Wednesday,Kaiserslautern,2-2,D,Continental,Wikipedia,1992–93 UEFA Cup
1992-11-04,UEFA,UEFA 2nd Division,2,1992–93,Sigma Olomouc,Fenerbahçe,7-1,H,Continental,Wikipedia,1992–93 UEFA Cup
1992-11-04,UEFA,UEFA 2nd Division,2,1992–93,Standard Liège,Heart of Midlothian,1-0,H,Continental,Wikipedia,1992–93 UEFA Cup
1992-11-04,UEFA,UEFA 2nd Division,2,1992–93,Torpedo Moscow,Real Madrid,3-2,H,Continental,Wikipedia,1992–93 UEFA Cup
1992-11-04,UEFA,UEFA 2nd Division,2,1992–93,Vác,Benfica,0-1,A,Continental,Wikipedia,1992–93 UEFA Cup
1992-11-05,UEFA,UEFA 2nd Division,2,1992–93,Dynamo Moscow,Torino,0-0,D,Continental,Wikipedia,1992–93 UEFA Cup
1992-11-24,UEFA,UEFA 2nd Division,2,1992–93,Ajax,Kaiserslautern,2-0,H,Continental,Wikipedia,1992–93 UEFA Cup
1992-11-24,UEFA,UEFA 2nd Division,2,1992–93,Borussia Dortmund,Zaragoza,3-1,H,Continental,Wikipedia,1992–93 UEFA Cup
1992-11-24,UEFA,UEFA 2nd Division,2,1992–93,Paris Saint-Germain,Anderlecht,0-0,D,Continental,Wikipedia,1992–93 UEFA Cup
1992-11-24,UEFA,UEFA 2nd Division,2,1992–93,Standard Liège,Auxerre,2-2,D,Continental,Wikipedia,1992–93 UEFA Cup
1992-11-25,UEFA,UEFA 2nd Division,2,1992–93,Dynamo Moscow,Benfica,2-2,D,Continental,Wikipedia,1992–93 UEFA Cup
1992-11-25,UEFA,UEFA 2nd Division,2,1992–93,Roma,Galatasaray,3-1,H,Continental,Wikipedia,1992–93 UEFA Cup
1992-11-25,UEFA,UEFA 2nd Division,2,1992–93,Sigma Olomouc,Juventus,1-2,A,Continental,Wikipedia,1992–93 UEFA Cup
1992-11-26,UEFA,UEFA 2nd Division,2,1992–93,Vitesse,Real Madrid,0-1,A,Continental,Wikipedia,1992–93 UEFA Cup
1992-12-08,UEFA,UEFA 2nd Division,2,1992–93,Anderlecht,Paris Saint-Germain,1-1,D,Continental,Wikipedia,1992–93 UEFA Cup
1992-12-08,UEFA,UEFA 2nd Division,2,1992–93,Auxerre,Standard Liège,2-1,H,Continental,Wikipedia,1992–93 UEFA Cup
1992-12-08,UEFA,UEFA 2nd Division,2,1992–93,Benfica,Dynamo Moscow,2-0,H,Continental,Wikipedia,1992–93 UEFA Cup
1992-12-08,UEFA,UEFA 2nd Division,2,1992–93,Kaiserslautern,Ajax,0-1,A,Continental,Wikipedia,1992–93 UEFA Cup
1992-12-08,UEFA,UEFA 2nd Division,2,1992–93,Zaragoza,Borussia Dortmund,2-1,H,Continental,Wikipedia,1992–93 UEFA Cup
1992-12-09,UEFA,UEFA 2nd Division,2,1992–93,Galatasaray,Roma,3-2,H,Continental,Wikipedia,1992–93 UEFA Cup
1992-12-10,UEFA,UEFA 2nd Division,2,1992–93,Juventus,Sigma Olomouc,5-0,H,Continental,Wikipedia,1992–93 UEFA Cup
1992-12-10,UEFA,UEFA 2nd Division,2,1992–93,Real Madrid,Vitesse,1-0,H,Continental,Wikipedia,1992–93 UEFA Cup
1993-03-02,UEFA,UEFA 2nd Division,2,1992–93,Real Madrid,Paris Saint-Germain,3-1,H,Continental,Wikipedia,1992–93 UEFA Cup
1993-03-02,UEFA,UEFA 2nd Division,2,1992–93,Roma,Borussia Dortmund,1-0,H,Continental,Wikipedia,1992–93 UEFA Cup
1993-03-03,UEFA,UEFA 2nd Division,2,1992–93,Auxerre,Ajax,4-2,H,Continental,Wikipedia,1992–93 UEFA Cup
1993-03-04,UEFA,UEFA 2nd Division,2,1992–93,Benfica,Juventus,2-1,H,Continental,Wikipedia,1992–93 UEFA Cup
1993-03-16,UEFA,UEFA 2nd Division,2,1992–93,Ajax,Auxerre,1-0,H,Continental,Wikipedia,1992–93 UEFA Cup
1993-03-17,UEFA,UEFA 2nd Division,2,1992–93,Juventus,Benfica,3-0,H,Continental,Wikipedia,1992–93 UEFA Cup
1993-03-18,UEFA,UEFA 2nd Division,2,1992–93,Borussia Dortmund,Roma,2-0,H,Continental,Wikipedia,1992–93 UEFA Cup
1993-03-18,UEFA,UEFA 2nd Division,2,1992–93,Paris Saint-Germain,Real Madrid,4-1,H,Continental,Wikipedia,1992–93 UEFA Cup
1993-04-06,UEFA,UEFA 2nd Division,2,1992–93,Borussia Dortmund,Auxerre,2-0,H,Continental,Wikipedia,1992–93 UEFA Cup
1993-04-06,UEFA,UEFA 2nd Division,2,1992–93,Juventus,Paris Saint-Germain,2-1,H,Continental,Wikipedia,1992–93 UEFA Cup
1993-04-20,UEFA,UEFA 2nd Division,2,1992–93,Auxerre,Borussia Dortmund,2-0,H,Continental,Wikipedia,1992–93 UEFA Cup
1993-04-22,UEFA,UEFA 2nd Division,2,1992–93,Paris Saint-Germain,Juventus,0-1,A,Continental,Wikipedia,1992–93 UEFA Cup
1993-05-05,UEFA,UEFA 2nd Division,2,1992–93,Borussia Dortmund,Juventus,1-3,A,Continental,Wikipedia,1992–93 UEFA Cup
1993-05-19,UEFA,UEFA 2nd Division,2,1992–93,Juventus,Borussia Dortmund,3-0,H,Continental,Wikipedia,1992–93 UEFA Cup
1993-09-14,UEFA,UEFA 2nd Division,2,1993–94,AaB,Deportivo La Coruña,1-0,H,Continental,Wikipedia,1993–94 UEFA Cup
1993-09-14,UEFA,UEFA 2nd Division,2,1993–94,Austria Salzburg,DAC Dunajská Streda,2-0,H,Continental,Wikipedia,1993–94 UEFA Cup
1993-09-14,UEFA,UEFA 2nd Division,2,1993–94,Bohemians,Bordeaux,0-1,A,Continental,Wikipedia,1993–94 UEFA Cup
1993-09-14,UEFA,UEFA 2nd Division,2,1993–94,Dnipro Dnipropetrovsk,Admira Wacker,1-0,H,Continental,Wikipedia,1993–94 UEFA Cup
1993-09-14,UEFA,UEFA 2nd Division,2,1993–94,Dynamo Moscow,Eintracht Frankfurt,0-6,A,Continental,Wikipedia,1993–94 UEFA Cup
1993-09-14,UEFA,UEFA 2nd Division,2,1993–94,Heart of Midlothian,Atlético Madrid,2-1,H,Continental,Wikipedia,1993–94 UEFA Cup
1993-09-14,UEFA,UEFA 2nd Division,2,1993–94,Karlsruhe,PSV Eindhoven,2-1,H,Continental,Wikipedia,1993–94 UEFA Cup
1993-09-14,UEFA,UEFA 2nd Division,2,1993–94,Kuusysi,Waregem,4-0,H,Continental,Wikipedia,1993–94 UEFA Cup
1993-09-14,UEFA,UEFA 2nd Division,2,1993–94,Royal Antwerp,Marítimo,2-0,H,Continental,Wikipedia,1993–94 UEFA Cup
1993-09-14,UEFA,UEFA 2nd Division,2,1993–94,Union Luxembourg,Boavista,0-1,A,Continental,Wikipedia,1993–94 UEFA Cup
1993-09-14,UEFA,UEFA 2nd Division,2,1993–94,Vác,Apollon Limassol,2-0,H,Continental,Wikipedia,1993–94 UEFA Cup
1993-09-14,UEFA,UEFA 2nd Division,2,1993–94,Young Boys,Celtic,0-0,D,Continental,Wikipedia,1993–94 UEFA Cup
1993-09-15,UEFA,UEFA 2nd Division,2,1993–94,Borussia Dortmund,Spartak Vladikavkaz,0-0,D,Continental,Wikipedia,1993–94 UEFA Cup
1993-09-15,UEFA,UEFA 2nd Division,2,1993–94,Botev Plovdiv,Olympiacos,2-3,A,Continental,Wikipedia,1993–94 UEFA Cup
1993-09-15,UEFA,UEFA 2nd Division,2,1993–94,Brøndby,Dundee United,2-0,H,Continental,Wikipedia,1993–94 UEFA Cup
1993-09-15,UEFA,UEFA 2nd Division,2,1993–94,Gloria Bistrița,Maribor,0-0,D,Continental,Wikipedia,1993–94 UEFA Cup
1993-09-15,UEFA,UEFA 2nd Division,2,1993–94,IFK Norrköping,Mechelen,0-1,A,Continental,Wikipedia,1993–94 UEFA Cup
1993-09-15,UEFA,UEFA 2nd Division,2,1993–94,Inter Milan,Rapid București,3-1,H,Continental,Wikipedia,1993–94 UEFA Cup
1993-09-15,UEFA,UEFA 2nd Division,2,1993–94,Juventus,Lokomotiv Moscow,3-0,H,Continental,Wikipedia,1993–94 UEFA Cup
1993-09-15,UEFA,UEFA 2nd Division,2,1993–94,Kocaelispor,Sporting CP,0-0,D,Continental,Wikipedia,1993–94 UEFA Cup
1993-09-15,UEFA,UEFA 2nd Division,2,1993–94,Lazio,Lokomotiv Plovdiv,2-0,H,Continental,Wikipedia,1993–94 UEFA Cup
1993-09-15,UEFA,UEFA 2nd Division,2,1993–94,Norwich City,Vitesse,3-0,H,Continental,Wikipedia,1993–94 UEFA Cup
1993-09-15,UEFA,UEFA 2nd Division,2,1993–94,Slavia Prague,OFI,1-1,D,Continental,Wikipedia,1993–94 UEFA Cup
1993-09-15,UEFA,UEFA 2nd Division,2,1993–94,Slovan Bratislava,Aston Villa,0-0,D,Continental,Wikipedia,1993–94 UEFA Cup
1993-09-15,UEFA,UEFA 2nd Division,2,1993–94,Tenerife,Auxerre,2-2,D,Continental,Wikipedia,1993–94 UEFA Cup
1993-09-15,UEFA,UEFA 2nd Division,2,1993–94,Trabzonspor,Valletta,3-1,H,Continental,Wikipedia,1993–94 UEFA Cup
1993-09-15,UEFA,UEFA 2nd Division,2,1993–94,Twente,Bayern Munich,3-4,A,Continental,Wikipedia,1993–94 UEFA Cup
1993-09-15,UEFA,UEFA 2nd Division,2,1993–94,Östers IF,Kongsvinger,1-3,A,Continental,Wikipedia,1993–94 UEFA Cup
1993-09-16,UEFA,UEFA 2nd Division,2,1993–94,Dinamo București,Cagliari,3-2,H,Continental,Wikipedia,1993–94 UEFA Cup
1993-09-16,UEFA,UEFA 2nd Division,2,1993–94,KR,MTK,1-2,A,Continental,Wikipedia,1993–94 UEFA Cup
1993-09-16,UEFA,UEFA 2nd Division,2,1993–94,Nantes,Valencia,1-1,D,Continental,Wikipedia,1993–94 UEFA Cup
1993-09-28,UEFA,UEFA 2nd Division,2,1993–94,Admira Wacker,Dnipro Dnipropetrovsk,2-3,A,Continental,Wikipedia,1993–94 UEFA Cup
1993-09-28,UEFA,UEFA 2nd Division,2,1993–94,Atlético Madrid,Heart of Midlothian,3-0,H,Continental,Wikipedia,1993–94 UEFA Cup
1993-09-28,UEFA,UEFA 2nd Division,2,1993–94,Boavista,Union Luxembourg,4-0,H,Continental,Wikipedia,1993–94 UEFA Cup
1993-09-28,UEFA,UEFA 2nd Division,2,1993–94,Bordeaux,Bohemians,5-0,H,Continental,Wikipedia,1993–94 UEFA Cup
1993-09-28,UEFA,UEFA 2nd Division,2,1993–94,DAC Dunajská Streda,Austria Salzburg,0-2,A,Continental,Wikipedia,1993–94 UEFA Cup
1993-09-28,UEFA,UEFA 2nd Division,2,1993–94,Deportivo La Coruña,AaB,5-0,H,Continental,Wikipedia,1993–94 UEFA Cup
1993-09-28,UEFA,UEFA 2nd Division,2,1993–94,Dundee United,Brøndby,3-1,H,Continental,Wikipedia,1993–94 UEFA Cup
1993-09-28,UEFA,UEFA 2nd Division,2,1993–94,Eintracht Frankfurt,Dynamo Moscow,1-2,A,Continental,Wikipedia,1993–94 UEFA Cup
1993-09-28,UEFA,UEFA 2nd Division,2,1993–94,Lokomotiv Moscow,Juventus,0-1,A,Continental,Wikipedia,1993–94 UEFA Cup
1993-09-28,UEFA,UEFA 2nd Division,2,1993–94,Marítimo,Royal Antwerp,2-2,D,Continental,Wikipedia,1993–94 UEFA Cup
1993-09-28,UEFA,UEFA 2nd Division,2,1993–94,Mechelen,IFK Norrköping,1-1,D,Continental,Wikipedia,1993–94 UEFA Cup
1993-09-28,UEFA,UEFA 2nd Division,2,1993–94,PSV Eindhoven,Karlsruhe,0-0,D,Continental,Wikipedia,1993–94 UEFA Cup
1993-09-28,UEFA,UEFA 2nd Division,2,1993–94,Servette,Crusaders,4-0,H,Continental,Wikipedia,1993–94 UEFA Cup
1993-09-28,UEFA,UEFA 2nd Division,2,1993–94,Spartak Vladikavkaz,Borussia Dortmund,0-1,A,Continental,Wikipedia,1993–94 UEFA Cup
1993-09-28,UEFA,UEFA 2nd Division,2,1993–94,Valletta,Trabzonspor,1-3,A,Continental,Wikipedia,1993–94 UEFA Cup
1993-09-29,UEFA,UEFA 2nd Division,2,1993–94,Apollon Limassol,Vác,4-0,H,Continental,Wikipedia,1993–94 UEFA Cup
1993-09-29,UEFA,UEFA 2nd Division,2,1993–94,Aston Villa,Slovan Bratislava,2-1,H,Continental,Wikipedia,1993–94 UEFA Cup
1993-09-29,UEFA,UEFA 2nd Division,2,1993–94,Auxerre,Tenerife,0-1,A,Continental,Wikipedia,1993–94 UEFA Cup
1993-09-29,UEFA,UEFA 2nd Division,2,1993–94,Bayern Munich,Twente,3-0,H,Continental,Wikipedia,1993–94 UEFA Cup
1993-09-29,UEFA,UEFA 2nd Division,2,1993–94,Cagliari,Dinamo București,2-0,H,Continental,Wikipedia,1993–94 UEFA Cup
1993-09-29,UEFA,UEFA 2nd Division,2,1993–94,Celtic,Young Boys,1-0,H,Continental,Wikipedia,1993–94 UEFA Cup
1993-09-29,UEFA,UEFA 2nd Division,2,1993–94,Kongsvinger,Östers IF,4-1,H,Continental,Wikipedia,1993–94 UEFA Cup
1993-09-29,UEFA,UEFA 2nd Division,2,1993–94,Lokomotiv Plovdiv,Lazio,0-2,A,Continental,Wikipedia,1993–94 UEFA Cup
1993-09-29,UEFA,UEFA 2nd Division,2,1993–94,MTK,KR,0-0,D,Continental,Wikipedia,1993–94 UEFA Cup
1993-09-29,UEFA,UEFA 2nd Division,2,1993–94,Maribor,Gloria Bistrița,2-0,H,Continental,Wikipedia,1993–94 UEFA Cup
1993-09-29,UEFA,UEFA 2nd Division,2,1993–94,OFI,Slavia Prague,1-0,H,Continental,Wikipedia,1993–94 UEFA Cup
1993-09-29,UEFA,UEFA 2nd Division,2,1993–94,Olympiacos,Botev Plovdiv,5-1,H,Continental,Wikipedia,1993–94 UEFA Cup
1993-09-29,UEFA,UEFA 2nd Division,2,1993–94,Rapid București,Inter Milan,0-2,A,Continental,Wikipedia,1993–94 UEFA Cup
1993-09-29,UEFA,UEFA 2nd Division,2,1993–94,Sporting CP,Kocaelispor,2-0,H,Continental,Wikipedia,1993–94 UEFA Cup
1993-09-29,UEFA,UEFA 2nd Division,2,1993–94,Vitesse,Norwich City,0-0,D,Continental,Wikipedia,1993–94 UEFA Cup
1993-09-29,UEFA,UEFA 2nd Division,2,1993–94,Waregem,Kuusysi,1-2,A,Continental,Wikipedia,1993–94 UEFA Cup
1993-09-30,UEFA,UEFA 2nd Division,2,1993–94,Valencia,Nantes,3-1,H,Continental,Wikipedia,1993–94 UEFA Cup
1993-10-19,UEFA,UEFA 2nd Division,2,1993–94,Atlético Madrid,OFI,1-0,H,Continental,Wikipedia,1993–94 UEFA Cup
1993-10-19,UEFA,UEFA 2nd Division,2,1993–94,Austria Salzburg,Royal Antwerp,1-0,H,Continental,Wikipedia,1993–94 UEFA Cup
1993-10-19,UEFA,UEFA 2nd Division,2,1993–94,Bayern Munich,Norwich City,1-2,A,Continental,Wikipedia,1993–94 UEFA Cup
1993-10-19,UEFA,UEFA 2nd Division,2,1993–94,Bordeaux,Servette,2-1,H,Continental,Wikipedia,1993–94 UEFA Cup
1993-10-19,UEFA,UEFA 2nd Division,2,1993–94,Deportivo La Coruña,Aston Villa,1-1,D,Continental,Wikipedia,1993–94 UEFA Cup
1993-10-19,UEFA,UEFA 2nd Division,2,1993–94,Eintracht Frankfurt,Dnipro Dnipropetrovsk,2-0,H,Continental,Wikipedia,1993–94 UEFA Cup
1993-10-19,UEFA,UEFA 2nd Division,2,1993–94,Kuusysi,Brøndby,1-4,A,Continental,Wikipedia,1993–94 UEFA Cup
1993-10-19,UEFA,UEFA 2nd Division,2,1993–94,Tenerife,Olympiacos,2-1,H,Continental,Wikipedia,1993–94 UEFA Cup
1993-10-20,UEFA,UEFA 2nd Division,2,1993–94,Celtic,Sporting CP,1-0,H,Continental,Wikipedia,1993–94 UEFA Cup
1993-10-20,UEFA,UEFA 2nd Division,2,1993–94,Inter Milan,Apollon Limassol,1-0,H,Continental,Wikipedia,1993–94 UEFA Cup
1993-10-20,UEFA,UEFA 2nd Division,2,1993–94,Kongsvinger,Juventus,1-1,D,Continental,Wikipedia,1993–94 UEFA Cup
1993-10-20,UEFA,UEFA 2nd Division,2,1993–94,Lazio,Boavista,1-0,H,Continental,Wikipedia,1993–94 UEFA Cup
1993-10-20,UEFA,UEFA 2nd Division,2,1993–94,Maribor,Borussia Dortmund,0-0,D,Continental,Wikipedia,1993–94 UEFA Cup
1993-10-20,UEFA,UEFA 2nd Division,2,1993–94,Mechelen,MTK,5-0,H,Continental,Wikipedia,1993–94 UEFA Cup
1993-10-20,UEFA,UEFA 2nd Division,2,1993–94,Trabzonspor,Cagliari,1-1,D,Continental,Wikipedia,1993–94 UEFA Cup
1993-10-20,UEFA,UEFA 2nd Division,2,1993–94,Valencia,Karlsruhe,3-1,H,Continental,Wikipedia,1993–94 UEFA Cup
1993-11-02,UEFA,UEFA 2nd Division,2,1993–94,Juventus,Kongsvinger,2-0,H,Continental,Wikipedia,1993–94 UEFA Cup
1993-11-02,UEFA,UEFA 2nd Division,2,1993–94,Karlsruhe,Valencia,7-0,H,Continental,Wikipedia,1993–94 UEFA Cup
1993-11-02,UEFA,UEFA 2nd Division,2,1993–94,MTK,Mechelen,1-1,D,Continental,Wikipedia,1993–94 UEFA Cup
1993-11-02,UEFA,UEFA 2nd Division,2,1993–94,OFI,Atlético Madrid,2-0,H,Continental,Wikipedia,1993–94 UEFA Cup
1993-11-02,UEFA,UEFA 2nd Division,2,1993–94,Royal Antwerp,Austria Salzburg,0-1,A,Continental,Wikipedia,1993–94 UEFA Cup
1993-11-03,UEFA,UEFA 2nd Division,2,1993–94,Apollon Limassol,Inter Milan,3-3,D,Continental,Wikipedia,1993–94 UEFA Cup
1993-11-03,UEFA,UEFA 2nd Division,2,1993–94,Aston Villa,Deportivo La Coruña,0-1,A,Continental,Wikipedia,1993–94 UEFA Cup
1993-11-03,UEFA,UEFA 2nd Division,2,1993–94,Borussia Dortmund,Maribor,2-1,H,Continental,Wikipedia,1993–94 UEFA Cup
1993-11-03,UEFA,UEFA 2nd Division,2,1993–94,Brøndby,Kuusysi,3-1,H,Continental,Wikipedia,1993–94 UEFA Cup
1993-11-03,UEFA,UEFA 2nd Division,2,1993–94,Cagliari,Trabzonspor,0-0,D,Continental,Wikipedia,1993–94 UEFA Cup
1993-11-03,UEFA,UEFA 2nd Division,2,1993–94,Dnipro Dnipropetrovsk,Eintracht Frankfurt,1-0,H,Continental,Wikipedia,1993–94 UEFA Cup
1993-11-03,UEFA,UEFA 2nd Division,2,1993–94,Norwich City,Bayern Munich,1-1,D,Continental,Wikipedia,1993–94 UEFA Cup
1993-11-03,UEFA,UEFA 2nd Division,2,1993–94,Servette,Bordeaux,0-1,A,Continental,Wikipedia,1993–94 UEFA Cup
1993-11-03,UEFA,UEFA 2nd Division,2,1993–94,Sporting CP,Celtic,2-0,H,Continental,Wikipedia,1993–94 UEFA Cup
1993-11-04,UEFA,UEFA 2nd Division,2,1993–94,Boavista,Lazio,2-0,H,Continental,Wikipedia,1993–94 UEFA Cup
1993-11-04,UEFA,UEFA 2nd Division,2,1993–94,Olympiacos,Tenerife,4-3,H,Continental,Wikipedia,1993–94 UEFA Cup
1993-11-23,UEFA,UEFA 2nd Division,2,1993–94,Bordeaux,Karlsruhe,1-0,H,Continental,Wikipedia,1993–94 UEFA Cup
1993-11-23,UEFA,UEFA 2nd Division,2,1993–94,Eintracht Frankfurt,Deportivo La Coruña,1-0,H,Continental,Wikipedia,1993–94 UEFA Cup
1993-11-23,UEFA,UEFA 2nd Division,2,1993–94,OFI,Boavista,1-4,A,Continental,Wikipedia,1993–94 UEFA Cup
1993-11-24,UEFA,UEFA 2nd Division,2,1993–94,Brøndby,Borussia Dortmund,1-1,D,Continental,Wikipedia,1993–94 UEFA Cup
1993-11-24,UEFA,UEFA 2nd Division,2,1993–94,Juventus,Tenerife,3-0,H,Continental,Wikipedia,1993–94 UEFA Cup
1993-11-24,UEFA,UEFA 2nd Division,2,1993–94,Norwich City,Inter Milan,0-1,A,Continental,Wikipedia,1993–94 UEFA Cup
1993-11-24,UEFA,UEFA 2nd Division,2,1993–94,Sporting CP,Austria Salzburg,2-0,H,Continental,Wikipedia,1993–94 UEFA Cup
1993-11-25,UEFA,UEFA 2nd Division,2,1993–94,Mechelen,Cagliari,1-3,A,Continental,Wikipedia,1993–94 UEFA Cup
1993-12-07,UEFA,UEFA 2nd Division,2,1993–94,Austria Salzburg,Sporting CP,3-0,H,Continental,Wikipedia,1993–94 UEFA Cup
1993-12-07,UEFA,UEFA 2nd Division,2,1993–94,Boavista,OFI,2-0,H,Continental,Wikipedia,1993–94 UEFA Cup
1993-12-07,UEFA,UEFA 2nd Division,2,1993–94,Deportivo La Coruña,Eintracht Frankfurt,0-1,A,Continental,Wikipedia,1993–94 UEFA Cup
1993-12-07,UEFA,UEFA 2nd Division,2,1993–94,Karlsruhe,Bordeaux,3-0,H,Continental,Wikipedia,1993–94 UEFA Cup
1993-12-08,UEFA,UEFA 2nd Division,2,1993–94,Borussia Dortmund,Brøndby,1-0,H,Continental,Wikipedia,1993–94 UEFA Cup
1993-12-08,UEFA,UEFA 2nd Division,2,1993–94,Cagliari,Mechelen,2-0,H,Continental,Wikipedia,1993–94 UEFA Cup
1993-12-08,UEFA,UEFA 2nd Division,2,1993–94,Inter Milan,Norwich City,1-0,H,Continental,Wikipedia,1993–94 UEFA Cup
1993-12-08,UEFA,UEFA 2nd Division,2,1993–94,Tenerife,Juventus,2-1,H,Continental,Wikipedia,1993–94 UEFA Cup
1994-03-01,UEFA,UEFA 2nd Division,2,1993–94,Borussia Dortmund,Inter Milan,1-3,A,Continental,Wikipedia,1993–94 UEFA Cup
1994-03-01,UEFA,UEFA 2nd Division,2,1993–94,Cagliari,Juventus,1-0,H,Continental,Wikipedia,1993–94 UEFA Cup
1994-03-02,UEFA,UEFA 2nd Division,2,1993–94,Boavista,Karlsruhe,1-1,D,Continental,Wikipedia,1993–94 UEFA Cup
1994-03-03,UEFA,UEFA 2nd Division,2,1993–94,Austria Salzburg,Eintracht Frankfurt,1-0,H,Continental,Wikipedia,1993–94 UEFA Cup
1994-03-15,UEFA,UEFA 2nd Division,2,1993–94,Eintracht Frankfurt,Austria Salzburg,1-0,H,Continental,Wikipedia,1993–94 UEFA Cup
1994-03-15,UEFA,UEFA 2nd Division,2,1993–94,Juventus,Cagliari,1-2,A,Continental,Wikipedia,1993–94 UEFA Cup
1994-03-16,UEFA,UEFA 2nd Division,2,1993–94,Karlsruhe,Boavista,1-0,H,Continental,Wikipedia,1993–94 UEFA Cup
1994-03-17,UEFA,UEFA 2nd Division,2,1993–94,Inter Milan,Borussia Dortmund,1-2,A,Continental,Wikipedia,1993–94 UEFA Cup
1994-03-29,UEFA,UEFA 2nd Division,2,1993–94,Austria Salzburg,Karlsruhe,0-0,D,Continental,Wikipedia,1993–94 UEFA Cup
1994-03-30,UEFA,UEFA 2nd Division,2,1993–94,Cagliari,Inter Milan,3-2,H,Continental,Wikipedia,1993–94 UEFA Cup
1994-04-12,UEFA,UEFA 2nd Division,2,1993–94,Inter Milan,Cagliari,3-0,H,Continental,Wikipedia,1993–94 UEFA Cup
1994-04-12,UEFA,UEFA 2nd Division,2,1993–94,Karlsruhe,Austria Salzburg,1-1,D,Continental,Wikipedia,1993–94 UEFA Cup
1994-04-26,UEFA,UEFA 2nd Division,2,1993–94,Austria Salzburg,Inter Milan,0-1,A,Continental,Wikipedia,1993–94 UEFA Cup
1994-05-11,UEFA,UEFA 2nd Division,2,1993–94,Inter Milan,Austria Salzburg,1-0,H,Continental,Wikipedia,1993–94 UEFA Cup
1994-08-09,UEFA,UEFA 2nd Division,2,1994–95,Aarau,Mura,1-0,H,Continental,Wikipedia,1994–95 UEFA Cup
1994-08-09,UEFA,UEFA 2nd Division,2,1994–95,Anorthosis Famagusta,Shumen,2-0,H,Continental,Wikipedia,1994–95 UEFA Cup
1994-08-09,UEFA,UEFA 2nd Division,2,1994–95,Aris,Hapoel Be'er Sheva,3-1,H,Continental,Wikipedia,1994–95 UEFA Cup
1994-08-09,UEFA,UEFA 2nd Division,2,1994–95,Bangor City,ÍA,1-2,A,Continental,Wikipedia,1994–95 UEFA Cup
1994-08-09,UEFA,UEFA 2nd Division,2,1994–95,CSKA Sofia,Ararat Yerevan,3-0,H,Continental,Wikipedia,1994–95 UEFA Cup
1994-08-09,UEFA,UEFA 2nd Division,2,1994–95,Copenhagen,Jazz,0-1,A,Continental,Wikipedia,1994–95 UEFA Cup
1994-08-09,UEFA,UEFA 2nd Division,2,1994–95,Dinamo Minsk,Hibernians,3-1,H,Continental,Wikipedia,1994–95 UEFA Cup
1994-08-09,UEFA,UEFA 2nd Division,2,1994–95,Dinamo Tbilisi,Universitatea Craiova,2-0,H,Continental,Wikipedia,1994–95 UEFA Cup
1994-08-09,UEFA,UEFA 2nd Division,2,1994–95,FH,Linfield,1-0,H,Continental,Wikipedia,1994–95 UEFA Cup
1994-08-09,UEFA,UEFA 2nd Division,2,1994–95,Fenerbahçe,Turan Tovuz,5-0,H,Continental,Wikipedia,1994–95 UEFA Cup
1994-08-09,UEFA,UEFA 2nd Division,2,1994–95,Grevenmacher,Rosenborg,1-2,A,Continental,Wikipedia,1994–95 UEFA Cup
1994-08-09,UEFA,UEFA 2nd Division,2,1994–95,GÍ,Trelleborg,0-1,A,Continental,Wikipedia,1994–95 UEFA Cup
1994-08-09,UEFA,UEFA 2nd Division,2,1994–95,Górnik Zabrze,Shamrock Rovers,7-0,H,Continental,Wikipedia,1994–95 UEFA Cup
1994-08-09,UEFA,UEFA 2nd Division,2,1994–95,Inter Bratislava,MyPa,0-3,A,Continental,Wikipedia,1994–95 UEFA Cup
1994-08-09,UEFA,UEFA 2nd Division,2,1994–95,Inter Cardiff,GKS Katowice,0-2,A,Continental,Wikipedia,1994–95 UEFA Cup
1994-08-09,UEFA,UEFA 2nd Division,2,1994–95,Kispesti Honvéd,Zimbru Chișinău,4-1,H,Continental,Wikipedia,1994–95 UEFA Cup
1994-08-09,UEFA,UEFA 2nd Division,2,1994–95,Lillestrøm,Shakhtar Donetsk,4-1,H,Continental,Wikipedia,1994–95 UEFA Cup
1994-08-09,UEFA,UEFA 2nd Division,2,1994–95,Motherwell,HB,3-0,H,Continental,Wikipedia,1994–95 UEFA Cup
1994-08-09,UEFA,UEFA 2nd Division,2,1994–95,Odense,Flora,3-0,H,Continental,Wikipedia,1994–95 UEFA Cup
1994-08-09,UEFA,UEFA 2nd Division,2,1994–95,Olimpija Ljubljana,Levski Sofia,3-2,H,Continental,Wikipedia,1994–95 UEFA Cup
1994-08-09,UEFA,UEFA 2nd Division,2,1994–95,Portadown,Slovan Bratislava,0-2,A,Continental,Wikipedia,1994–95 UEFA Cup
1994-08-09,UEFA,UEFA 2nd Division,2,1994–95,ROMAR Mažeikiai,AIK,0-2,A,Continental,Wikipedia,1994–95 UEFA Cup
1994-08-09,UEFA,UEFA 2nd Division,2,1994–95,Skonto,Aberdeen,0-0,D,Continental,Wikipedia,1994–95 UEFA Cup
1994-08-09,UEFA,UEFA 2nd Division,2,1994–95,Slavia Prague,Cork City,2-0,H,Continental,Wikipedia,1994–95 UEFA Cup
1994-08-09,UEFA,UEFA 2nd Division,2,1994–95,Teuta Durrës,Apollon Limassol,1-4,A,Continental,Wikipedia,1994–95 UEFA Cup
1994-08-09,UEFA,UEFA 2nd Division,2,1994–95,Valletta,Rapid București,2-6,A,Continental,Wikipedia,1994–95 UEFA Cup
1994-08-09,UEFA,UEFA 2nd Division,2,1994–95,Vardar,Békéscsaba,1-1,D,Continental,Wikipedia,1994–95 UEFA Cup
1994-08-23,UEFA,UEFA 2nd Division,2,1994–95,AIK,ROMAR Mažeikiai,2-0,H,Continental,Wikipedia,1994–95 UEFA Cup
1994-08-23,UEFA,UEFA 2nd Division,2,1994–95,Aberdeen,Skonto,1-1,D,Continental,Wikipedia,1994–95 UEFA Cup
1994-08-23,UEFA,UEFA 2nd Division,2,1994–95,Apollon Limassol,Teuta Durrës,4-2,H,Continental,Wikipedia,1994–95 UEFA Cup
1994-08-23,UEFA,UEFA 2nd Division,2,1994–95,Ararat Yerevan,CSKA Sofia,0-0,D,Continental,Wikipedia,1994–95 UEFA Cup
1994-08-23,UEFA,UEFA 2nd Division,2,1994–95,Békéscsaba,Vardar,1-0,H,Continental,Wikipedia,1994–95 UEFA Cup
1994-08-23,UEFA,UEFA 2nd Division,2,1994–95,Cork City,Slavia Prague,0-4,A,Continental,Wikipedia,1994–95 UEFA Cup
1994-08-23,UEFA,UEFA 2nd Division,2,1994–95,Flora,Odense,0-3,A,Continental,Wikipedia,1994–95 UEFA Cup
1994-08-23,UEFA,UEFA 2nd Division,2,1994–95,GKS Katowice,Inter Cardiff,6-0,H,Continental,Wikipedia,1994–95 UEFA Cup
1994-08-23,UEFA,UEFA 2nd Division,2,1994–95,HB,Motherwell,1-4,A,Continental,Wikipedia,1994–95 UEFA Cup
1994-08-23,UEFA,UEFA 2nd Division,2,1994–95,Hapoel Be'er Sheva,Aris,1-2,A,Continental,Wikipedia,1994–95 UEFA Cup
1994-08-23,UEFA,UEFA 2nd Division,2,1994–95,Hibernians,Dinamo Minsk,4-3,H,Continental,Wikipedia,1994–95 UEFA Cup
1994-08-23,UEFA,UEFA 2nd Division,2,1994–95,Jazz,Copenhagen,0-4,A,Continental,Wikipedia,1994–95 UEFA Cup
1994-08-23,UEFA,UEFA 2nd Division,2,1994–95,Levski Sofia,Olimpija Ljubljana,1-2,A,Continental,Wikipedia,1994–95 UEFA Cup
1994-08-23,UEFA,UEFA 2nd Division,2,1994–95,Linfield,FH,3-1,H,Continental,Wikipedia,1994–95 UEFA Cup
1994-08-23,UEFA,UEFA 2nd Division,2,1994–95,Mura,Aarau,0-1,A,Continental,Wikipedia,1994–95 UEFA Cup
1994-08-23,UEFA,UEFA 2nd Division,2,1994–95,MyPa,Inter Bratislava,0-1,A,Continental,Wikipedia,1994–95 UEFA Cup
1994-08-23,UEFA,UEFA 2nd Division,2,1994–95,Rapid București,Valletta,1-1,D,Continental,Wikipedia,1994–95 UEFA Cup
1994-08-23,UEFA,UEFA 2nd Division,2,1994–95,Rosenborg,Grevenmacher,6-0,H,Continental,Wikipedia,1994–95 UEFA Cup
1994-08-23,UEFA,UEFA 2nd Division,2,1994–95,Shakhtar Donetsk,Lillestrøm,2-0,H,Continental,Wikipedia,1994–95 UEFA Cup
1994-08-23,UEFA,UEFA 2nd Division,2,1994–95,Shamrock Rovers,Górnik Zabrze,0-1,A,Continental,Wikipedia,1994–95 UEFA Cup
1994-08-23,UEFA,UEFA 2nd Division,2,1994–95,Shumen,Anorthosis Famagusta,1-2,A,Continental,Wikipedia,1994–95 UEFA Cup
1994-08-23,UEFA,UEFA 2nd Division,2,1994–95,Slovan Bratislava,Portadown,3-0,H,Continental,Wikipedia,1994–95 UEFA Cup
1994-08-23,UEFA,UEFA 2nd Division,2,1994–95,Trelleborg,GÍ,3-2,H,Continental,Wikipedia,1994–95 UEFA Cup
1994-08-23,UEFA,UEFA 2nd Division,2,1994–95,Turan Tovuz,Fenerbahçe,0-2,A,Continental,Wikipedia,1994–95 UEFA Cup
1994-08-23,UEFA,UEFA 2nd Division,2,1994–95,Universitatea Craiova,Dinamo Tbilisi,1-2,A,Continental,Wikipedia,1994–95 UEFA Cup
1994-08-23,UEFA,UEFA 2nd Division,2,1994–95,Zimbru Chișinău,Kispesti Honvéd,0-1,A,Continental,Wikipedia,1994–95 UEFA Cup
1994-08-24,UEFA,UEFA 2nd Division,2,1994–95,ÍA,Bangor City,2-0,H,Continental,Wikipedia,1994–95 UEFA Cup
1994-09-13,UEFA,UEFA 2nd Division,2,1994–95,AIK,Slavia Prague,0-0,D,Continental,Wikipedia,1994–95 UEFA Cup
1994-09-13,UEFA,UEFA 2nd Division,2,1994–95,Aarau,Marítimo,0-0,D,Continental,Wikipedia,1994–95 UEFA Cup
1994-09-13,UEFA,UEFA 2nd Division,2,1994–95,Admira Wacker,Górnik Zabrze,5-2,H,Continental,Wikipedia,1994–95 UEFA Cup
1994-09-13,UEFA,UEFA 2nd Division,2,1994–95,Anorthosis Famagusta,Athletic Bilbao,2-0,H,Continental,Wikipedia,1994–95 UEFA Cup
1994-09-13,UEFA,UEFA 2nd Division,2,1994–95,Apollon Limassol,Sion,1-3,A,Continental,Wikipedia,1994–95 UEFA Cup
1994-09-13,UEFA,UEFA 2nd Division,2,1994–95,Bayer Leverkusen,PSV Eindhoven,5-4,H,Continental,Wikipedia,1994–95 UEFA Cup
1994-09-13,UEFA,UEFA 2nd Division,2,1994–95,Blackburn Rovers,Trelleborg,0-1,A,Continental,Wikipedia,1994–95 UEFA Cup
1994-09-13,UEFA,UEFA 2nd Division,2,1994–95,Boavista,MyPa,2-1,H,Continental,Wikipedia,1994–95 UEFA Cup
1994-09-13,UEFA,UEFA 2nd Division,2,1994–95,Bordeaux,Lillestrøm,3-1,H,Continental,Wikipedia,1994–95 UEFA Cup
1994-09-13,UEFA,UEFA 2nd Division,2,1994–95,Borussia Dortmund,Motherwell,1-0,H,Continental,Wikipedia,1994–95 UEFA Cup
1994-09-13,UEFA,UEFA 2nd Division,2,1994–95,CSKA Sofia,Juventus,3-2,H,Continental,Wikipedia,1994–95 UEFA Cup
1994-09-13,UEFA,UEFA 2nd Division,2,1994–95,Cannes,Fenerbahçe,4-0,H,Continental,Wikipedia,1994–95 UEFA Cup
1994-09-13,UEFA,UEFA 2nd Division,2,1994–95,Dinamo Minsk,Lazio,0-0,D,Continental,Wikipedia,1994–95 UEFA Cup
1994-09-13,UEFA,UEFA 2nd Division,2,1994–95,Dinamo Tbilisi,Tirol Innsbruck,1-0,H,Continental,Wikipedia,1994–95 UEFA Cup
1994-09-13,UEFA,UEFA 2nd Division,2,1994–95,GKS Katowice,Aris,1-0,H,Continental,Wikipedia,1994–95 UEFA Cup
1994-09-13,UEFA,UEFA 2nd Division,2,1994–95,Linfield,Odense,1-1,D,Continental,Wikipedia,1994–95 UEFA Cup
1994-09-13,UEFA,UEFA 2nd Division,2,1994–95,Napoli,Skonto,2-0,H,Continental,Wikipedia,1994–95 UEFA Cup
1994-09-13,UEFA,UEFA 2nd Division,2,1994–95,Olympiacos,Marseille,1-2,A,Continental,Wikipedia,1994–95 UEFA Cup
1994-09-13,UEFA,UEFA 2nd Division,2,1994–95,Rapid București,Charleroi,2-0,H,Continental,Wikipedia,1994–95 UEFA Cup
1994-09-13,UEFA,UEFA 2nd Division,2,1994–95,Real Madrid,Sporting CP,1-0,H,Continental,Wikipedia,1994–95 UEFA Cup
1994-09-13,UEFA,UEFA 2nd Division,2,1994–95,Rosenborg,Deportivo La Coruña,1-0,H,Continental,Wikipedia,1994–95 UEFA Cup
1994-09-13,UEFA,UEFA 2nd Division,2,1994–95,Rotor Volgograd,Nantes,3-2,H,Continental,Wikipedia,1994–95 UEFA Cup
1994-09-13,UEFA,UEFA 2nd Division,2,1994–95,Royal Antwerp,Newcastle United,0-5,A,Continental,Wikipedia,1994–95 UEFA Cup
1994-09-13,UEFA,UEFA 2nd Division,2,1994–95,Seraing,Dynamo Moscow,3-4,A,Continental,Wikipedia,1994–95 UEFA Cup
1994-09-13,UEFA,UEFA 2nd Division,2,1994–95,Slovan Bratislava,Copenhagen,1-0,H,Continental,Wikipedia,1994–95 UEFA Cup
1994-09-13,UEFA,UEFA 2nd Division,2,1994–95,Tekstilshchik Kamyshin,Békéscsaba,6-1,H,Continental,Wikipedia,1994–95 UEFA Cup
1994-09-13,UEFA,UEFA 2nd Division,2,1994–95,Trabzonspor,Dinamo București,2-1,H,Continental,Wikipedia,1994–95 UEFA Cup
1994-09-13,UEFA,UEFA 2nd Division,2,1994–95,Twente,Kispesti Honvéd,1-4,A,Continental,Wikipedia,1994–95 UEFA Cup
1994-09-13,UEFA,UEFA 2nd Division,2,1994–95,Vitesse,Parma,1-0,H,Continental,Wikipedia,1994–95 UEFA Cup
1994-09-13,UEFA,UEFA 2nd Division,2,1994–95,ÍA,Kaiserslautern,0-4,A,Continental,Wikipedia,1994–95 UEFA Cup
1994-09-15,UEFA,UEFA 2nd Division,2,1994–95,Internazionale,Aston Villa,1-0,H,Continental,Wikipedia,1994–95 UEFA Cup
1994-09-15,UEFA,UEFA 2nd Division,2,1994–95,Olimpija Ljubljana,Eintracht Frankfurt,1-1,D,Continental,Wikipedia,1994–95 UEFA Cup
1994-09-27,UEFA,UEFA 2nd Division,2,1994–95,Aris,GKS Katowice,1-0,H,Continental,Wikipedia,1994–95 UEFA Cup
1994-09-27,UEFA,UEFA 2nd Division,2,1994–95,Athletic Bilbao,Anorthosis Famagusta,3-0,H,Continental,Wikipedia,1994–95 UEFA Cup
1994-09-27,UEFA,UEFA 2nd Division,2,1994–95,Békéscsaba,Tekstilshchik Kamyshin,1-0,H,Continental,Wikipedia,1994–95 UEFA Cup
1994-09-27,UEFA,UEFA 2nd Division,2,1994–95,Charleroi,Rapid București,2-1,H,Continental,Wikipedia,1994–95 UEFA Cup
1994-09-27,UEFA,UEFA 2nd Division,2,1994–95,Copenhagen,Slovan Bratislava,1-1,D,Continental,Wikipedia,1994–95 UEFA Cup
1994-09-27,UEFA,UEFA 2nd Division,2,1994–95,Deportivo La Coruña,Rosenborg,4-1,H,Continental,Wikipedia,1994–95 UEFA Cup
1994-09-27,UEFA,UEFA 2nd Division,2,1994–95,Dinamo București,Trabzonspor,3-3,D,Continental,Wikipedia,1994–95 UEFA Cup
1994-09-27,UEFA,UEFA 2nd Division,2,1994–95,Dynamo Moscow,Seraing,0-1,A,Continental,Wikipedia,1994–95 UEFA Cup
1994-09-27,UEFA,UEFA 2nd Division,2,1994–95,Eintracht Frankfurt,Olimpija Ljubljana,2-0,H,Continental,Wikipedia,1994–95 UEFA Cup
1994-09-27,UEFA,UEFA 2nd Division,2,1994–95,Fenerbahçe,Cannes,1-5,A,Continental,Wikipedia,1994–95 UEFA Cup
1994-09-27,UEFA,UEFA 2nd Division,2,1994–95,Górnik Zabrze,Admira Wacker,1-1,D,Continental,Wikipedia,1994–95 UEFA Cup
1994-09-27,UEFA,UEFA 2nd Division,2,1994–95,Juventus,CSKA Sofia,5-1,H,Continental,Wikipedia,1994–95 UEFA Cup
1994-09-27,UEFA,UEFA 2nd Division,2,1994–95,Kaiserslautern,ÍA,4-1,H,Continental,Wikipedia,1994–95 UEFA Cup
1994-09-27,UEFA,UEFA 2nd Division,2,1994–95,Kispesti Honvéd,Twente,1-3,A,Continental,Wikipedia,1994–95 UEFA Cup
1994-09-27,UEFA,UEFA 2nd Division,2,1994–95,Lazio,Dinamo Minsk,4-1,H,Continental,Wikipedia,1994–95 UEFA Cup
1994-09-27,UEFA,UEFA 2nd Division,2,1994–95,Lillestrøm,Bordeaux,0-2,A,Continental,Wikipedia,1994–95 UEFA Cup
1994-09-27,UEFA,UEFA 2nd Division,2,1994–95,Marseille,Olympiacos,3-0,H,Continental,Wikipedia,1994–95 UEFA Cup
1994-09-27,UEFA,UEFA 2nd Division,2,1994–95,Marítimo,Aarau,1-0,H,Continental,Wikipedia,1994–95 UEFA Cup
1994-09-27,UEFA,UEFA 2nd Division,2,1994–95,MyPa,Boavista,1-1,D,Continental,Wikipedia,1994–95 UEFA Cup
1994-09-27,UEFA,UEFA 2nd Division,2,1994–95,Nantes,Rotor Volgograd,3-0,H,Continental,Wikipedia,1994–95 UEFA Cup
1994-09-27,UEFA,UEFA 2nd Division,2,1994–95,Newcastle United,Royal Antwerp,5-2,H,Continental,Wikipedia,1994–95 UEFA Cup
1994-09-27,UEFA,UEFA 2nd Division,2,1994–95,Odense,Linfield,5-0,H,Continental,Wikipedia,1994–95 UEFA Cup
1994-09-27,UEFA,UEFA 2nd Division,2,1994–95,PSV Eindhoven,Bayer Leverkusen,0-0,D,Continental,Wikipedia,1994–95 UEFA Cup
1994-09-27,UEFA,UEFA 2nd Division,2,1994–95,Parma,Vitesse,2-0,H,Continental,Wikipedia,1994–95 UEFA Cup
1994-09-27,UEFA,UEFA 2nd Division,2,1994–95,Sion,Apollon Limassol,2-3,A,Continental,Wikipedia,1994–95 UEFA Cup
1994-09-27,UEFA,UEFA 2nd Division,2,1994–95,Skonto,Napoli,0-1,A,Continental,Wikipedia,1994–95 UEFA Cup
1994-09-27,UEFA,UEFA 2nd Division,2,1994–95,Slavia Prague,AIK,2-2,D,Continental,Wikipedia,1994–95 UEFA Cup
1994-09-27,UEFA,UEFA 2nd Division,2,1994–95,Sporting CP,Real Madrid,2-1,H,Continental,Wikipedia,1994–95 UEFA Cup
1994-09-27,UEFA,UEFA 2nd Division,2,1994–95,Tirol Innsbruck,Dinamo Tbilisi,5-1,H,Continental,Wikipedia,1994–95 UEFA Cup
1994-09-27,UEFA,UEFA 2nd Division,2,1994–95,Trelleborg,Blackburn Rovers,2-2,D,Continental,Wikipedia,1994–95 UEFA Cup
1994-09-28,UEFA,UEFA 2nd Division,2,1994–95,Motherwell,Borussia Dortmund,0-2,A,Continental,Wikipedia,1994–95 UEFA Cup
1994-09-29,UEFA,UEFA 2nd Division,2,1994–95,Aston Villa,Internazionale,1-0,H,Continental,Wikipedia,1994–95 UEFA Cup
1994-10-18,UEFA,UEFA 2nd Division,2,1994–95,Admira Wacker,Cannes,1-1,D,Continental,Wikipedia,1994–95 UEFA Cup
1994-10-18,UEFA,UEFA 2nd Division,2,1994–95,Boavista,Napoli,1-1,D,Continental,Wikipedia,1994–95 UEFA Cup
1994-10-18,UEFA,UEFA 2nd Division,2,1994–95,Dynamo Moscow,Real Madrid,2-2,D,Continental,Wikipedia,1994–95 UEFA Cup
1994-10-18,UEFA,UEFA 2nd Division,2,1994–95,GKS Katowice,Bordeaux,1-0,H,Continental,Wikipedia,1994–95 UEFA Cup
1994-10-18,UEFA,UEFA 2nd Division,2,1994–95,Kaiserslautern,Odense,1-1,D,Continental,Wikipedia,1994–95 UEFA Cup
1994-10-18,UEFA,UEFA 2nd Division,2,1994–95,Kispesti Honvéd,Bayer Leverkusen,0-2,A,Continental,Wikipedia,1994–95 UEFA Cup
1994-10-18,UEFA,UEFA 2nd Division,2,1994–95,Marítimo,Juventus,0-1,A,Continental,Wikipedia,1994–95 UEFA Cup
1994-10-18,UEFA,UEFA 2nd Division,2,1994–95,Nantes,Tekstilshchik Kamyshin,2-0,H,Continental,Wikipedia,1994–95 UEFA Cup
1994-10-18,UEFA,UEFA 2nd Division,2,1994–95,Newcastle United,Athletic Bilbao,3-2,H,Continental,Wikipedia,1994–95 UEFA Cup
1994-10-18,UEFA,UEFA 2nd Division,2,1994–95,Sion,Marseille,2-0,H,Continental,Wikipedia,1994–95 UEFA Cup
1994-10-18,UEFA,UEFA 2nd Division,2,1994–95,Slovan Bratislava,Borussia Dortmund,2-1,H,Continental,Wikipedia,1994–95 UEFA Cup
1994-10-18,UEFA,UEFA 2nd Division,2,1994–95,Tirol Innsbruck,Deportivo La Coruña,2-0,H,Continental,Wikipedia,1994–95 UEFA Cup
1994-10-18,UEFA,UEFA 2nd Division,2,1994–95,Trabzonspor,Aston Villa,1-0,H,Continental,Wikipedia,1994–95 UEFA Cup
1994-10-18,UEFA,UEFA 2nd Division,2,1994–95,Trelleborg,Lazio,0-0,D,Continental,Wikipedia,1994–95 UEFA Cup
1994-10-19,UEFA,UEFA 2nd Division,2,1994–95,Rapid București,Eintracht Frankfurt,2-1,H,Continental,Wikipedia,1994–95 UEFA Cup
1994-10-20,UEFA,UEFA 2nd Division,2,1994–95,AIK,Parma,0-1,A,Continental,Wikipedia,1994–95 UEFA Cup
1994-11-01,UEFA,UEFA 2nd Division,2,1994–95,Aston Villa,Trabzonspor,2-1,H,Continental,Wikipedia,1994–95 UEFA Cup
1994-11-01,UEFA,UEFA 2nd Division,2,1994–95,Athletic Bilbao,Newcastle United,1-0,H,Continental,Wikipedia,1994–95 UEFA Cup
1994-11-01,UEFA,UEFA 2nd Division,2,1994–95,Bayer Leverkusen,Kispesti Honvéd,5-0,H,Continental,Wikipedia,1994–95 UEFA Cup
1994-11-01,UEFA,UEFA 2nd Division,2,1994–95,Bordeaux,GKS Katowice,1-1,D,Continental,Wikipedia,1994–95 UEFA Cup
1994-11-01,UEFA,UEFA 2nd Division,2,1994–95,Cannes,Admira Wacker,2-4,A,Continental,Wikipedia,1994–95 UEFA Cup
1994-11-01,UEFA,UEFA 2nd Division,2,1994–95,Deportivo La Coruña,Tirol Innsbruck,4-0,H,Continental,Wikipedia,1994–95 UEFA Cup
1994-11-01,UEFA,UEFA 2nd Division,2,1994–95,Eintracht Frankfurt,Rapid București,5-0,H,Continental,Wikipedia,1994–95 UEFA Cup
1994-11-01,UEFA,UEFA 2nd Division,2,1994–95,Lazio,Trelleborg,1-0,H,Continental,Wikipedia,1994–95 UEFA Cup
1994-11-01,UEFA,UEFA 2nd Division,2,1994–95,Marseille,Sion,3-1,H,Continental,Wikipedia,1994–95 UEFA Cup
1994-11-01,UEFA,UEFA 2nd Division,2,1994–95,Napoli,Boavista,2-1,H,Continental,Wikipedia,1994–95 UEFA Cup
1994-11-01,UEFA,UEFA 2nd Division,2,1994–95,Real Madrid,Dynamo Moscow,4-0,H,Continental,Wikipedia,1994–95 UEFA Cup
1994-11-01,UEFA,UEFA 2nd Division,2,1994–95,Tekstilshchik Kamyshin,Nantes,1-2,A,Continental,Wikipedia,1994–95 UEFA Cup
1994-11-02,UEFA,UEFA 2nd Division,2,1994–95,Juventus,Marítimo,2-1,H,Continental,Wikipedia,1994–95 UEFA Cup
1994-11-02,UEFA,UEFA 2nd Division,2,1994–95,Odense,Kaiserslautern,0-0,D,Continental,Wikipedia,1994–95 UEFA Cup
1994-11-02,UEFA,UEFA 2nd Division,2,1994–95,Parma,AIK,2-0,H,Continental,Wikipedia,1994–95 UEFA Cup
1994-11-03,UEFA,UEFA 2nd Division,2,1994–95,Borussia Dortmund,Slovan Bratislava,3-0,H,Continental,Wikipedia,1994–95 UEFA Cup
1994-11-22,UEFA,UEFA 2nd Division,2,1994–95,Athletic Bilbao,Parma,1-0,H,Continental,Wikipedia,1994–95 UEFA Cup
1994-11-22,UEFA,UEFA 2nd Division,2,1994–95,Deportivo La Coruña,Borussia Dortmund,1-0,H,Continental,Wikipedia,1994–95 UEFA Cup
1994-11-22,UEFA,UEFA 2nd Division,2,1994–95,GKS Katowice,Bayer Leverkusen,1-4,A,Continental,Wikipedia,1994–95 UEFA Cup
1994-11-22,UEFA,UEFA 2nd Division,2,1994–95,Odense,Real Madrid,2-3,A,Continental,Wikipedia,1994–95 UEFA Cup
1994-11-22,UEFA,UEFA 2nd Division,2,1994–95,Trabzonspor,Lazio,1-2,A,Continental,Wikipedia,1994–95 UEFA Cup
1994-11-24,UEFA,UEFA 2nd Division,2,1994–95,Admira Wacker,Juventus,1-3,A,Continental,Wikipedia,1994–95 UEFA Cup
1994-11-24,UEFA,UEFA 2nd Division,2,1994–95,Eintracht Frankfurt,Napoli,1-0,H,Continental,Wikipedia,1994–95 UEFA Cup
1994-11-24,UEFA,UEFA 2nd Division,2,1994–95,Nantes,Sion,4-0,H,Continental,Wikipedia,1994–95 UEFA Cup
1994-12-06,UEFA,UEFA 2nd Division,2,1994–95,Bayer Leverkusen,GKS Katowice,4-0,H,Continental,Wikipedia,1994–95 UEFA Cup
1994-12-06,UEFA,UEFA 2nd Division,2,1994–95,Borussia Dortmund,Deportivo La Coruña,3-1,H,Continental,Wikipedia,1994–95 UEFA Cup
1994-12-06,UEFA,UEFA 2nd Division,2,1994–95,Juventus,Admira Wacker,2-1,H,Continental,Wikipedia,1994–95 UEFA Cup
1994-12-06,UEFA,UEFA 2nd Division,2,1994–95,Lazio,Trabzonspor,2-1,H,Continental,Wikipedia,1994–95 UEFA Cup
1994-12-06,UEFA,UEFA 2nd Division,2,1994–95,Parma,Athletic Bilbao,4-2,H,Continental,Wikipedia,1994–95 UEFA Cup
1994-12-06,UEFA,UEFA 2nd Division,2,1994–95,Real Madrid,Odense,0-2,A,Continental,Wikipedia,1994–95 UEFA Cup
1994-12-07,UEFA,UEFA 2nd Division,2,1994–95,Napoli,Eintracht Frankfurt,0-1,A,Continental,Wikipedia,1994–95 UEFA Cup
1994-12-08,UEFA,UEFA 2nd Division,2,1994–95,Sion,Nantes,2-2,D,Continental,Wikipedia,1994–95 UEFA Cup
1995-02-28,UEFA,UEFA 2nd Division,2,1994–95,Bayer Leverkusen,Nantes,5-1,H,Continental,Wikipedia,1994–95 UEFA Cup
1995-02-28,UEFA,UEFA 2nd Division,2,1994–95,Eintracht Frankfurt,Juventus,1-1,D,Continental,Wikipedia,1994–95 UEFA Cup
1995-02-28,UEFA,UEFA 2nd Division,2,1994–95,Lazio,Borussia Dortmund,1-0,H,Continental,Wikipedia,1994–95 UEFA Cup
1995-03-02,UEFA,UEFA 2nd Division,2,1994–95,Parma,Odense,1-0,H,Continental,Wikipedia,1994–95 UEFA Cup
1995-03-14,UEFA,UEFA 2nd Division,2,1994–95,Borussia Dortmund,Lazio,2-0,H,Continental,Wikipedia,1994–95 UEFA Cup
1995-03-14,UEFA,UEFA 2nd Division,2,1994–95,Juventus,Eintracht Frankfurt,3-0,H,Continental,Wikipedia,1994–95 UEFA Cup
1995-03-14,UEFA,UEFA 2nd Division,2,1994–95,Nantes,Bayer Leverkusen,0-0,D,Continental,Wikipedia,1994–95 UEFA Cup
1995-03-14,UEFA,UEFA 2nd Division,2,1994–95,Odense,Parma,0-0,D,Continental,Wikipedia,1994–95 UEFA Cup
1995-04-04,UEFA,UEFA 2nd Division,2,1994–95,Bayer Leverkusen,Parma,1-2,A,Continental,Wikipedia,1994–95 UEFA Cup
1995-04-04,UEFA,UEFA 2nd Division,2,1994–95,Juventus,Borussia Dortmund,2-2,D,Continental,Wikipedia,1994–95 UEFA Cup
1995-04-18,UEFA,UEFA 2nd Division,2,1994–95,Borussia Dortmund,Juventus,1-2,A,Continental,Wikipedia,1994–95 UEFA Cup
1995-04-18,UEFA,UEFA 2nd Division,2,1994–95,Parma,Bayer Leverkusen,3-0,H,Continental,Wikipedia,1994–95 UEFA Cup
1995-05-03,UEFA,UEFA 2nd Division,2,1994–95,Parma,Juventus,1-0,H,Continental,Wikipedia,1994–95 UEFA Cup
1995-05-17,UEFA,UEFA 2nd Division,2,1994–95,Juventus,Parma,1-1,D,Continental,Wikipedia,1994–95 UEFA Cup
1995-08-08,UEFA,UEFA 2nd Division,2,1995–96,Afan Lido,RAF Jelgava,1-2,A,Continental,Wikipedia,1995–96 UEFA Cup
1995-08-08,UEFA,UEFA 2nd Division,2,1995–96,Apollon Smyrnis,Olimpija Ljubljana,1-0,H,Continental,Wikipedia,1995–96 UEFA Cup
1995-08-08,UEFA,UEFA 2nd Division,2,1995–96,Bangor City,Widzew Łódź,0-4,A,Continental,Wikipedia,1995–96 UEFA Cup
1995-08-08,UEFA,UEFA 2nd Division,2,1995–96,Botev Plovdiv,Dinamo Tbilisi,1-0,H,Continental,Wikipedia,1995–96 UEFA Cup
1995-08-08,UEFA,UEFA 2nd Division,2,1995–96,Brøndby,Inkaras Kaunas,3-0,H,Continental,Wikipedia,1995–96 UEFA Cup
1995-08-08,UEFA,UEFA 2nd Division,2,1995–96,Crusaders,Silkeborg,1-2,A,Continental,Wikipedia,1995–96 UEFA Cup
1995-08-08,UEFA,UEFA 2nd Division,2,1995–96,Dinamo București,Levski Sofia,0-1,A,Continental,Wikipedia,1995–96 UEFA Cup
1995-08-08,UEFA,UEFA 2nd Division,2,1995–96,Fenerbahçe,Partizani,2-0,H,Continental,Wikipedia,1995–96 UEFA Cup
1995-08-08,UEFA,UEFA 2nd Division,2,1995–96,Glenavon,FH,0-0,D,Continental,Wikipedia,1995–96 UEFA Cup
1995-08-08,UEFA,UEFA 2nd Division,2,1995–96,Hibernians,Chornomorets Odesa,2-5,A,Continental,Wikipedia,1995–96 UEFA Cup
1995-08-08,UEFA,UEFA 2nd Division,2,1995–96,Jeunesse Esch,Lugano,0-0,D,Continental,Wikipedia,1995–96 UEFA Cup
1995-08-08,UEFA,UEFA 2nd Division,2,1995–96,Kapaz,Austria Wien,0-4,A,Continental,Wikipedia,1995–96 UEFA Cup
1995-08-08,UEFA,UEFA 2nd Division,2,1995–96,Karlsruhe,Bordeaux,0-2,A,Continental,Wikipedia,1995–96 UEFA Cup
1995-08-08,UEFA,UEFA 2nd Division,2,1995–96,Košice,Újpest,0-1,A,Continental,Wikipedia,1995–96 UEFA Cup
1995-08-08,UEFA,UEFA 2nd Division,2,1995–96,Lillestrøm,Flora,4-0,H,Continental,Wikipedia,1995–96 UEFA Cup
1995-08-08,UEFA,UEFA 2nd Division,2,1995–96,Motherwell,MyPa,1-3,A,Continental,Wikipedia,1995–96 UEFA Cup
1995-08-08,UEFA,UEFA 2nd Division,2,1995–96,Omonia,Sliema Wanderers,3-0,H,Continental,Wikipedia,1995–96 UEFA Cup
1995-08-08,UEFA,UEFA 2nd Division,2,1995–96,Raith Rovers,GÍ,4-0,H,Continental,Wikipedia,1995–96 UEFA Cup
1995-08-08,UEFA,UEFA 2nd Division,2,1995–96,Red Star Belgrade,Neuchâtel Xamax,0-1,A,Continental,Wikipedia,1995–96 UEFA Cup
1995-08-08,UEFA,UEFA 2nd Division,2,1995–96,Shelbourne,ÍA,0-3,A,Continental,Wikipedia,1995–96 UEFA Cup
1995-08-08,UEFA,UEFA 2nd Division,2,1995–96,Skonto,Maribor,1-0,H,Continental,Wikipedia,1995–96 UEFA Cup
1995-08-08,UEFA,UEFA 2nd Division,2,1995–96,Slavia Sofia,Olympiacos,0-2,A,Continental,Wikipedia,1995–96 UEFA Cup
1995-08-08,UEFA,UEFA 2nd Division,2,1995–96,Slovan Bratislava,Osijek,4-0,H,Continental,Wikipedia,1995–96 UEFA Cup
1995-08-08,UEFA,UEFA 2nd Division,2,1995–96,Sparta Prague,Galatasaray,3-1,H,Continental,Wikipedia,1995–96 UEFA Cup
1995-08-08,UEFA,UEFA 2nd Division,2,1995–96,Sturm Graz,Slavia Prague,0-1,A,Continental,Wikipedia,1995–96 UEFA Cup
1995-08-08,UEFA,UEFA 2nd Division,2,1995–96,TPV,Viking,0-4,A,Continental,Wikipedia,1995–96 UEFA Cup
1995-08-08,UEFA,UEFA 2nd Division,2,1995–96,Tirana,Hapoel Be'er Sheva,0-1,A,Continental,Wikipedia,1995–96 UEFA Cup
1995-08-08,UEFA,UEFA 2nd Division,2,1995–96,Tirol Innsbruck,Strasbourg,1-1,D,Continental,Wikipedia,1995–96 UEFA Cup
1995-08-08,UEFA,UEFA 2nd Division,2,1995–96,Universitatea Craiova,Dinamo Minsk,0-0,D,Continental,Wikipedia,1995–96 UEFA Cup
1995-08-08,UEFA,UEFA 2nd Division,2,1995–96,Vardar,Samtredia,1-0,H,Continental,Wikipedia,1995–96 UEFA Cup
1995-08-08,UEFA,UEFA 2nd Division,2,1995–96,Zagłębie Lubin,Shirak,0-0,D,Continental,Wikipedia,1995–96 UEFA Cup
1995-08-08,UEFA,UEFA 2nd Division,2,1995–96,Zimbru Chișinău,Hapoel Tel Aviv,2-0,H,Continental,Wikipedia,1995–96 UEFA Cup
1995-08-08,UEFA,UEFA 2nd Division,2,1995–96,Örebro,Avenir Beggen,0-0,D,Continental,Wikipedia,1995–96 UEFA Cup
1995-08-09,UEFA,UEFA 2nd Division,2,1995–96,Dundalk,Malmö FF,0-2,A,Continental,Wikipedia,1995–96 UEFA Cup
1995-08-22,UEFA,UEFA 2nd Division,2,1995–96,Austria Wien,Kapaz,5-1,H,Continental,Wikipedia,1995–96 UEFA Cup
1995-08-22,UEFA,UEFA 2nd Division,2,1995–96,Avenir Beggen,Örebro,1-1,D,Continental,Wikipedia,1995–96 UEFA Cup
1995-08-22,UEFA,UEFA 2nd Division,2,1995–96,Bordeaux,Karlsruhe,2-2,D,Continental,Wikipedia,1995–96 UEFA Cup
1995-08-22,UEFA,UEFA 2nd Division,2,1995–96,Chornomorets Odesa,Hibernians,2-0,H,Continental,Wikipedia,1995–96 UEFA Cup
1995-08-22,UEFA,UEFA 2nd Division,2,1995–96,Dinamo Minsk,Universitatea Craiova,0-0,D,Continental,Wikipedia,1995–96 UEFA Cup
1995-08-22,UEFA,UEFA 2nd Division,2,1995–96,Dinamo Tbilisi,Botev Plovdiv,0-1,A,Continental,Wikipedia,1995–96 UEFA Cup
1995-08-22,UEFA,UEFA 2nd Division,2,1995–96,Flora,Lillestrøm,1-0,H,Continental,Wikipedia,1995–96 UEFA Cup
1995-08-22,UEFA,UEFA 2nd Division,2,1995–96,Galatasaray,Sparta Prague,1-1,D,Continental,Wikipedia,1995–96 UEFA Cup
1995-08-22,UEFA,UEFA 2nd Division,2,1995–96,GÍ,Raith Rovers,2-2,D,Continental,Wikipedia,1995–96 UEFA Cup
1995-08-22,UEFA,UEFA 2nd Division,2,1995–96,Hapoel Be'er Sheva,Tirana,2-0,H,Continental,Wikipedia,1995–96 UEFA Cup
1995-08-22,UEFA,UEFA 2nd Division,2,1995–96,Hapoel Tel Aviv,Zimbru Chișinău,0-0,D,Continental,Wikipedia,1995–96 UEFA Cup
1995-08-22,UEFA,UEFA 2nd Division,2,1995–96,Inkaras Kaunas,Brøndby,0-3,A,Continental,Wikipedia,1995–96 UEFA Cup
1995-08-22,UEFA,UEFA 2nd Division,2,1995–96,Levksi Sofia,Dinamo București,1-1,D,Continental,Wikipedia,1995–96 UEFA Cup
1995-08-22,UEFA,UEFA 2nd Division,2,1995–96,Maribor,Skonto,2-0,H,Continental,Wikipedia,1995–96 UEFA Cup
1995-08-22,UEFA,UEFA 2nd Division,2,1995–96,MyPa,Motherwell,0-2,A,Continental,Wikipedia,1995–96 UEFA Cup
1995-08-22,UEFA,UEFA 2nd Division,2,1995–96,Neuchâtel Xamax,Red Star Belgrade,0-0,D,Continental,Wikipedia,1995–96 UEFA Cup
1995-08-22,UEFA,UEFA 2nd Division,2,1995–96,Olimpija Ljubljana,Apollon Smyrnis,3-1,H,Continental,Wikipedia,1995–96 UEFA Cup
1995-08-22,UEFA,UEFA 2nd Division,2,1995–96,Olympiacos,Slavia Sofia,1-0,H,Continental,Wikipedia,1995–96 UEFA Cup
1995-08-22,UEFA,UEFA 2nd Division,2,1995–96,Osijek,Slovan Bratislava,0-2,A,Continental,Wikipedia,1995–96 UEFA Cup
1995-08-22,UEFA,UEFA 2nd Division,2,1995–96,Partizani,Fenerbahçe,0-4,A,Continental,Wikipedia,1995–96 UEFA Cup
1995-08-22,UEFA,UEFA 2nd Division,2,1995–96,RAF Jelgava,Afan Lido,0-0,D,Continental,Wikipedia,1995–96 UEFA Cup
1995-08-22,UEFA,UEFA 2nd Division,2,1995–96,Samtredia,Vardar,0-2,A,Continental,Wikipedia,1995–96 UEFA Cup
1995-08-22,UEFA,UEFA 2nd Division,2,1995–96,Shirak,Zagłębie Lubin,0-1,A,Continental,Wikipedia,1995–96 UEFA Cup
1995-08-22,UEFA,UEFA 2nd Division,2,1995–96,Silkeborg,Crusaders,4-0,H,Continental,Wikipedia,1995–96 UEFA Cup
1995-08-22,UEFA,UEFA 2nd Division,2,1995–96,Slavia Prague,Sturm Graz,1-1,D,Continental,Wikipedia,1995–96 UEFA Cup
1995-08-22,UEFA,UEFA 2nd Division,2,1995–96,Sliema Wanderers,Omonia,1-2,A,Continental,Wikipedia,1995–96 UEFA Cup
1995-08-22,UEFA,UEFA 2nd Division,2,1995–96,Strasbourg,Tirol Innsbruck,6-1,H,Continental,Wikipedia,1995–96 UEFA Cup
1995-08-22,UEFA,UEFA 2nd Division,2,1995–96,Viking,TPV,3-1,H,Continental,Wikipedia,1995–96 UEFA Cup
1995-08-22,UEFA,UEFA 2nd Division,2,1995–96,Widzew Łódź,Bangor City,1-0,H,Continental,Wikipedia,1995–96 UEFA Cup
1995-08-22,UEFA,UEFA 2nd Division,2,1995–96,Újpest,Košice,2-1,H,Continental,Wikipedia,1995–96 UEFA Cup
1995-08-23,UEFA,UEFA 2nd Division,2,1995–96,FH,Glenavon,0-1,A,Continental,Wikipedia,1995–96 UEFA Cup
1995-08-23,UEFA,UEFA 2nd Division,2,1995–96,Lugano,Jeunesse Esch,4-0,H,Continental,Wikipedia,1995–96 UEFA Cup
1995-08-23,UEFA,UEFA 2nd Division,2,1995–96,Malmö FF,Dundalk,2-0,H,Continental,Wikipedia,1995–96 UEFA Cup
1995-08-23,UEFA,UEFA 2nd Division,2,1995–96,ÍA,Shelbourne,3-0,H,Continental,Wikipedia,1995–96 UEFA Cup
1995-09-12,UEFA,UEFA 2nd Division,2,1995–96,Austria Wien,Dinamo Minsk,,,Continental,Wikipedia,1995–96 UEFA Cup
1995-09-12,UEFA,UEFA 2nd Division,2,1995–96,Bayern Munich,Lokomotiv Moscow,0-1,A,Continental,Wikipedia,1995–96 UEFA Cup
1995-09-12,UEFA,UEFA 2nd Division,2,1995–96,Brøndby,Lillestrøm,3-0,H,Continental,Wikipedia,1995–96 UEFA Cup
1995-09-12,UEFA,UEFA 2nd Division,2,1995–96,Chornomorets Odesa,Widzew Łódź,1-0,H,Continental,Wikipedia,1995–96 UEFA Cup
1995-09-12,UEFA,UEFA 2nd Division,2,1995–96,Fenerbahçe,Real Betis,1-2,A,Continental,Wikipedia,1995–96 UEFA Cup
1995-09-12,UEFA,UEFA 2nd Division,2,1995–96,Freiburg,Slavia Prague,1-2,A,Continental,Wikipedia,1995–96 UEFA Cup
1995-09-12,UEFA,UEFA 2nd Division,2,1995–96,Hapoel Be'er Sheva,Barcelona,0-7,A,Continental,Wikipedia,1995–96 UEFA Cup
1995-09-12,UEFA,UEFA 2nd Division,2,1995–96,Lazio,Omonia,5-0,H,Continental,Wikipedia,1995–96 UEFA Cup
1995-09-12,UEFA,UEFA 2nd Division,2,1995–96,Levski Sofia,Eendracht Aalst,1-2,A,Continental,Wikipedia,1995–96 UEFA Cup
1995-09-12,UEFA,UEFA 2nd Division,2,1995–96,Lierse,Benfica,1-3,A,Continental,Wikipedia,1995–96 UEFA Cup
1995-09-12,UEFA,UEFA 2nd Division,2,1995–96,Lugano,Internazionale,1-1,D,Continental,Wikipedia,1995–96 UEFA Cup
1995-09-12,UEFA,UEFA 2nd Division,2,1995–96,Malmö FF,Nottingham Forest,2-1,H,Continental,Wikipedia,1995–96 UEFA Cup
1995-09-12,UEFA,UEFA 2nd Division,2,1995–96,Milan,Zagłębie Lubin,4-0,H,Continental,Wikipedia,1995–96 UEFA Cup
1995-09-12,UEFA,UEFA 2nd Division,2,1995–96,Monaco,Leeds United,0-3,A,Continental,Wikipedia,1995–96 UEFA Cup
1995-09-12,UEFA,UEFA 2nd Division,2,1995–96,MyPa,PSV Eindhoven,1-1,D,Continental,Wikipedia,1995–96 UEFA Cup
1995-09-12,UEFA,UEFA 2nd Division,2,1995–96,Neuchâtel Xamax,Roma,1-1,D,Continental,Wikipedia,1995–96 UEFA Cup
1995-09-12,UEFA,UEFA 2nd Division,2,1995–96,Olympiacos,Maribor,2-0,H,Continental,Wikipedia,1995–96 UEFA Cup
1995-09-12,UEFA,UEFA 2nd Division,2,1995–96,Raith Rovers,ÍA,3-1,H,Continental,Wikipedia,1995–96 UEFA Cup
1995-09-12,UEFA,UEFA 2nd Division,2,1995–96,Roda JC,Olimpija Ljubljana,5-0,H,Continental,Wikipedia,1995–96 UEFA Cup
1995-09-12,UEFA,UEFA 2nd Division,2,1995–96,Rotor Volgograd,Manchester United,0-0,D,Continental,Wikipedia,1995–96 UEFA Cup
1995-09-12,UEFA,UEFA 2nd Division,2,1995–96,Sevilla,Botev Plovdiv,2-0,H,Continental,Wikipedia,1995–96 UEFA Cup
1995-09-12,UEFA,UEFA 2nd Division,2,1995–96,Slovan Bratislava,Kaiserslautern,2-1,H,Continental,Wikipedia,1995–96 UEFA Cup
1995-09-12,UEFA,UEFA 2nd Division,2,1995–96,Sparta Prague,Silkeborg,0-1,A,Continental,Wikipedia,1995–96 UEFA Cup
1995-09-12,UEFA,UEFA 2nd Division,2,1995–96,Spartak Vladikavkaz,Liverpool,1-2,A,Continental,Wikipedia,1995–96 UEFA Cup
1995-09-12,UEFA,UEFA 2nd Division,2,1995–96,Strasbourg,Újpest,3-0,H,Continental,Wikipedia,1995–96 UEFA Cup
1995-09-12,UEFA,UEFA 2nd Division,2,1995–96,Viking,Auxerre,1-1,D,Continental,Wikipedia,1995–96 UEFA Cup
1995-09-12,UEFA,UEFA 2nd Division,2,1995–96,Vitória de Guimarães,Standard Liège,3-1,H,Continental,Wikipedia,1995–96 UEFA Cup
1995-09-12,UEFA,UEFA 2nd Division,2,1995–96,Zimbru Chișinău,RAF Jelgava,1-0,H,Continental,Wikipedia,1995–96 UEFA Cup
1995-09-13,UEFA,UEFA 2nd Division,2,1995–96,Farense,Lyon,0-1,A,Continental,Wikipedia,1995–96 UEFA Cup
1995-09-13,UEFA,UEFA 2nd Division,2,1995–96,Glenavon,Werder Bremen,0-2,A,Continental,Wikipedia,1995–96 UEFA Cup
1995-09-14,UEFA,UEFA 2nd Division,2,1995–96,Lens,Avenir Beggen,6-0,H,Continental,Wikipedia,1995–96 UEFA Cup
1995-09-14,UEFA,UEFA 2nd Division,2,1995–96,Vardar,Bordeaux,0-2,A,Continental,Wikipedia,1995–96 UEFA Cup
1995-09-26,UEFA,UEFA 2nd Division,2,1995–96,Auxerre,Viking,1-0,H,Continental,Wikipedia,1995–96 UEFA Cup
1995-09-26,UEFA,UEFA 2nd Division,2,1995–96,Barcelona,Hapoel Be'er Sheva,5-0,H,Continental,Wikipedia,1995–96 UEFA Cup
1995-09-26,UEFA,UEFA 2nd Division,2,1995–96,Benfica,Lierse,2-1,H,Continental,Wikipedia,1995–96 UEFA Cup
1995-09-26,UEFA,UEFA 2nd Division,2,1995–96,Botev Plovdiv,Sevilla,1-1,D,Continental,Wikipedia,1995–96 UEFA Cup
1995-09-26,UEFA,UEFA 2nd Division,2,1995–96,Dinamo Minsk,Austria Wien,1-0,H,Continental,Wikipedia,1995–96 UEFA Cup
1995-09-26,UEFA,UEFA 2nd Division,2,1995–96,Eendracht Aalst,Levski Sofia,1-0,H,Continental,Wikipedia,1995–96 UEFA Cup
1995-09-26,UEFA,UEFA 2nd Division,2,1995–96,Internazionale,Lugano,0-1,A,Continental,Wikipedia,1995–96 UEFA Cup
1995-09-26,UEFA,UEFA 2nd Division,2,1995–96,Kaiserslautern,Slovan Bratislava,3-0,H,Continental,Wikipedia,1995–96 UEFA Cup
1995-09-26,UEFA,UEFA 2nd Division,2,1995–96,Leeds United,Monaco,0-1,A,Continental,Wikipedia,1995–96 UEFA Cup
1995-09-26,UEFA,UEFA 2nd Division,2,1995–96,Lillestrøm,Brøndby,0-0,D,Continental,Wikipedia,1995–96 UEFA Cup
1995-09-26,UEFA,UEFA 2nd Division,2,1995–96,Liverpool,Spartak Vladikavkaz,0-0,D,Continental,Wikipedia,1995–96 UEFA Cup
1995-09-26,UEFA,UEFA 2nd Division,2,1995–96,Lokomotiv Moscow,Bayern Munich,0-5,A,Continental,Wikipedia,1995–96 UEFA Cup
1995-09-26,UEFA,UEFA 2nd Division,2,1995–96,Lyon,Farense,1-0,H,Continental,Wikipedia,1995–96 UEFA Cup
1995-09-26,UEFA,UEFA 2nd Division,2,1995–96,Manchester United,Rotor Volgograd,2-2,D,Continental,Wikipedia,1995–96 UEFA Cup
1995-09-26,UEFA,UEFA 2nd Division,2,1995–96,Maribor,Olympiacos,1-3,A,Continental,Wikipedia,1995–96 UEFA Cup
1995-09-26,UEFA,UEFA 2nd Division,2,1995–96,Nottingham Forest,Malmö FF,1-0,H,Continental,Wikipedia,1995–96 UEFA Cup
1995-09-26,UEFA,UEFA 2nd Division,2,1995–96,Olimpija Ljubljana,Roda JC,2-0,H,Continental,Wikipedia,1995–96 UEFA Cup
1995-09-26,UEFA,UEFA 2nd Division,2,1995–96,Omonia,Lazio,1-2,A,Continental,Wikipedia,1995–96 UEFA Cup
1995-09-26,UEFA,UEFA 2nd Division,2,1995–96,PSV Eindhoven,MyPa,7-1,H,Continental,Wikipedia,1995–96 UEFA Cup
1995-09-26,UEFA,UEFA 2nd Division,2,1995–96,RAF Jelgava,Zimbru Chișinău,1-2,A,Continental,Wikipedia,1995–96 UEFA Cup
1995-09-26,UEFA,UEFA 2nd Division,2,1995–96,Real Betis,Fenerbahçe,2-0,H,Continental,Wikipedia,1995–96 UEFA Cup
1995-09-26,UEFA,UEFA 2nd Division,2,1995–96,Roma,Neuchâtel Xamax,4-0,H,Continental,Wikipedia,1995–96 UEFA Cup
1995-09-26,UEFA,UEFA 2nd Division,2,1995–96,Silkeborg,Sparta Prague,1-2,A,Continental,Wikipedia,1995–96 UEFA Cup
1995-09-26,UEFA,UEFA 2nd Division,2,1995–96,Slavia Prague,Freiburg,0-0,D,Continental,Wikipedia,1995–96 UEFA Cup
1995-09-26,UEFA,UEFA 2nd Division,2,1995–96,Standard Liège,Vitória de Guimarães,0-0,D,Continental,Wikipedia,1995–96 UEFA Cup
1995-09-26,UEFA,UEFA 2nd Division,2,1995–96,Widzew Łódź,Chornomorets Odesa,1-0,H,Continental,Wikipedia,1995–96 UEFA Cup
1995-09-26,UEFA,UEFA 2nd Division,2,1995–96,Zagłębie Lubin,Milan,1-4,A,Continental,Wikipedia,1995–96 UEFA Cup
1995-09-26,UEFA,UEFA 2nd Division,2,1995–96,ÍA,Raith Rovers,1-0,H,Continental,Wikipedia,1995–96 UEFA Cup
1995-09-27,UEFA,UEFA 2nd Division,2,1995–96,Avenir Beggen,Lens,0-7,A,Continental,Wikipedia,1995–96 UEFA Cup
1995-09-27,UEFA,UEFA 2nd Division,2,1995–96,Werder Bremen,Glenavon,5-0,H,Continental,Wikipedia,1995–96 UEFA Cup
1995-09-28,UEFA,UEFA 2nd Division,2,1995–96,Bordeaux,Vardar,1-1,D,Continental,Wikipedia,1995–96 UEFA Cup
1995-09-28,UEFA,UEFA 2nd Division,2,1995–96,Újpest,Strasbourg,0-2,A,Continental,Wikipedia,1995–96 UEFA Cup
1995-10-17,UEFA,UEFA 2nd Division,2,1995–96,Auxerre,Nottingham Forest,0-1,A,Continental,Wikipedia,1995–96 UEFA Cup
1995-10-17,UEFA,UEFA 2nd Division,2,1995–96,Barcelona,Vitória de Guimarães,3-0,H,Continental,Wikipedia,1995–96 UEFA Cup
1995-10-17,UEFA,UEFA 2nd Division,2,1995–96,Benfica,Roda JC,1-0,H,Continental,Wikipedia,1995–96 UEFA Cup
1995-10-17,UEFA,UEFA 2nd Division,2,1995–96,Bordeaux,Rotor Volgograd,2-1,H,Continental,Wikipedia,1995–96 UEFA Cup
1995-10-17,UEFA,UEFA 2nd Division,2,1995–96,Brøndby,Liverpool,0-0,D,Continental,Wikipedia,1995–96 UEFA Cup
1995-10-17,UEFA,UEFA 2nd Division,2,1995–96,Chornomorets Odesa,Lens,0-0,D,Continental,Wikipedia,1995–96 UEFA Cup
1995-10-17,UEFA,UEFA 2nd Division,2,1995–96,Leeds United,PSV Eindhoven,3-5,A,Continental,Wikipedia,1995–96 UEFA Cup
1995-10-17,UEFA,UEFA 2nd Division,2,1995–96,Lugano,Slavia Prague,1-2,A,Continental,Wikipedia,1995–96 UEFA Cup
1995-10-17,UEFA,UEFA 2nd Division,2,1995–96,Lyon,Lazio,2-1,H,Continental,Wikipedia,1995–96 UEFA Cup
1995-10-17,UEFA,UEFA 2nd Division,2,1995–96,Raith Rovers,Bayern Munich,0-2,A,Continental,Wikipedia,1995–96 UEFA Cup
1995-10-17,UEFA,UEFA 2nd Division,2,1995–96,Roma,Eendracht Aalst,4-0,H,Continental,Wikipedia,1995–96 UEFA Cup
1995-10-17,UEFA,UEFA 2nd Division,2,1995–96,Sevilla,Olympiacos,1-0,H,Continental,Wikipedia,1995–96 UEFA Cup
1995-10-17,UEFA,UEFA 2nd Division,2,1995–96,Sparta Prague,Zimbru Chișinău,4-3,H,Continental,Wikipedia,1995–96 UEFA Cup
1995-10-17,UEFA,UEFA 2nd Division,2,1995–96,Strasbourg,Milan,0-1,A,Continental,Wikipedia,1995–96 UEFA Cup
1995-10-17,UEFA,UEFA 2nd Division,2,1995–96,Werder Bremen,Dinamo Minsk,,,Continental,Wikipedia,1995–96 UEFA Cup
1995-10-18,UEFA,UEFA 2nd Division,2,1995–96,Kaiserslautern,Real Betis,1-3,A,Continental,Wikipedia,1995–96 UEFA Cup
1995-10-31,UEFA,UEFA 2nd Division,2,1995–96,Bayern Munich,Raith Rovers,2-1,H,Continental,Wikipedia,1995–96 UEFA Cup
1995-10-31,UEFA,UEFA 2nd Division,2,1995–96,Dinamo Minsk,Werder Bremen,2-1,H,Continental,Wikipedia,1995–96 UEFA Cup
1995-10-31,UEFA,UEFA 2nd Division,2,1995–96,Eendracht Aalst,Roma,0-0,D,Continental,Wikipedia,1995–96 UEFA Cup
1995-10-31,UEFA,UEFA 2nd Division,2,1995–96,Lazio,Lyon,0-2,A,Continental,Wikipedia,1995–96 UEFA Cup
1995-10-31,UEFA,UEFA 2nd Division,2,1995–96,Liverpool,Brøndby,0-1,A,Continental,Wikipedia,1995–96 UEFA Cup
1995-10-31,UEFA,UEFA 2nd Division,2,1995–96,Nottingham Forest,Auxerre,0-0,D,Continental,Wikipedia,1995–96 UEFA Cup
1995-10-31,UEFA,UEFA 2nd Division,2,1995–96,Olympiacos,Sevilla,2-1,H,Continental,Wikipedia,1995–96 UEFA Cup
1995-10-31,UEFA,UEFA 2nd Division,2,1995–96,PSV Eindhoven,Leeds United,3-0,H,Continental,Wikipedia,1995–96 UEFA Cup
1995-10-31,UEFA,UEFA 2nd Division,2,1995–96,Roda JC,Benfica,2-2,D,Continental,Wikipedia,1995–96 UEFA Cup
1995-10-31,UEFA,UEFA 2nd Division,2,1995–96,Rotor Volgograd,Bordeaux,0-1,A,Continental,Wikipedia,1995–96 UEFA Cup
1995-10-31,UEFA,UEFA 2nd Division,2,1995–96,Slavia Prague,Lugano,1-0,H,Continental,Wikipedia,1995–96 UEFA Cup
1995-10-31,UEFA,UEFA 2nd Division,2,1995–96,Vitória de Guimarães,Barcelona,0-4,A,Continental,Wikipedia,1995–96 UEFA Cup
1995-10-31,UEFA,UEFA 2nd Division,2,1995–96,Zimbru Chișinău,Sparta Prague,0-2,A,Continental,Wikipedia,1995–96 UEFA Cup
1995-11-01,UEFA,UEFA 2nd Division,2,1995–96,Lens,Chornomorets Odesa,4-0,H,Continental,Wikipedia,1995–96 UEFA Cup
1995-11-01,UEFA,UEFA 2nd Division,2,1995–96,Real Betis,Kaiserslautern,1-0,H,Continental,Wikipedia,1995–96 UEFA Cup
1995-11-02,UEFA,UEFA 2nd Division,2,1995–96,Milan,Strasbourg,2-1,H,Continental,Wikipedia,1995–96 UEFA Cup
1995-11-21,UEFA,UEFA 2nd Division,2,1995–96,Bayern Munich,Benfica,4-1,H,Continental,Wikipedia,1995–96 UEFA Cup
1995-11-21,UEFA,UEFA 2nd Division,2,1995–96,Bordeaux,Real Betis,2-0,H,Continental,Wikipedia,1995–96 UEFA Cup
1995-11-21,UEFA,UEFA 2nd Division,2,1995–96,Brøndby,Roma,2-1,H,Continental,Wikipedia,1995–96 UEFA Cup
1995-11-21,UEFA,UEFA 2nd Division,2,1995–96,Nottingham Forest,Lyon,1-0,H,Continental,Wikipedia,1995–96 UEFA Cup
1995-11-21,UEFA,UEFA 2nd Division,2,1995–96,PSV Eindhoven,Werder Bremen,2-1,H,Continental,Wikipedia,1995–96 UEFA Cup
1995-11-21,UEFA,UEFA 2nd Division,2,1995–96,Sevilla,Barcelona,1-1,D,Continental,Wikipedia,1995–96 UEFA Cup
1995-11-21,UEFA,UEFA 2nd Division,2,1995–96,Slavia Prague,Lens,0-0,D,Continental,Wikipedia,1995–96 UEFA Cup
1995-11-23,UEFA,UEFA 2nd Division,2,1995–96,Milan,Sparta Prague,2-0,H,Continental,Wikipedia,1995–96 UEFA Cup
1995-12-05,UEFA,UEFA 2nd Division,2,1995–96,Barcelona,Sevilla,3-1,H,Continental,Wikipedia,1995–96 UEFA Cup
1995-12-05,UEFA,UEFA 2nd Division,2,1995–96,Benfica,Bayern Munich,1-3,A,Continental,Wikipedia,1995–96 UEFA Cup
1995-12-05,UEFA,UEFA 2nd Division,2,1995–96,Lyon,Nottingham Forest,0-0,D,Continental,Wikipedia,1995–96 UEFA Cup
1995-12-05,UEFA,UEFA 2nd Division,2,1995–96,Roma,Brøndby,3-1,H,Continental,Wikipedia,1995–96 UEFA Cup
1995-12-05,UEFA,UEFA 2nd Division,2,1995–96,Werder Bremen,PSV Eindhoven,0-0,D,Continental,Wikipedia,1995–96 UEFA Cup
1995-12-06,UEFA,UEFA 2nd Division,2,1995–96,Real Betis,Bordeaux,2-1,H,Continental,Wikipedia,1995–96 UEFA Cup
1995-12-07,UEFA,UEFA 2nd Division,2,1995–96,Lens,Slavia Prague,0-1,A,Continental,Wikipedia,1995–96 UEFA Cup
1995-12-07,UEFA,UEFA 2nd Division,2,1995–96,Sparta Prague,Milan,0-0,D,Continental,Wikipedia,1995–96 UEFA Cup
1996-03-05,UEFA,UEFA 2nd Division,2,1995–96,Barcelona,PSV Eindhoven,2-2,D,Continental,Wikipedia,1995–96 UEFA Cup
1996-03-05,UEFA,UEFA 2nd Division,2,1995–96,Bayern Munich,Nottingham Forest,2-1,H,Continental,Wikipedia,1995–96 UEFA Cup
1996-03-05,UEFA,UEFA 2nd Division,2,1995–96,Milan,Bordeaux,2-0,H,Continental,Wikipedia,1995–96 UEFA Cup
1996-03-05,UEFA,UEFA 2nd Division,2,1995–96,Slavia Prague,Roma,2-0,H,Continental,Wikipedia,1995–96 UEFA Cup
1996-03-19,UEFA,UEFA 2nd Division,2,1995–96,Bordeaux,Milan,3-0,H,Continental,Wikipedia,1995–96 UEFA Cup
1996-03-19,UEFA,UEFA 2nd Division,2,1995–96,Nottingham Forest,Bayern Munich,1-5,A,Continental,Wikipedia,1995–96 UEFA Cup
1996-03-19,UEFA,UEFA 2nd Division,2,1995–96,PSV Eindhoven,Barcelona,2-3,A,Continental,Wikipedia,1995–96 UEFA Cup
1996-03-19,UEFA,UEFA 2nd Division,2,1995–96,Roma,Slavia Prague,3-1,H,Continental,Wikipedia,1995–96 UEFA Cup
1996-04-02,UEFA,UEFA 2nd Division,2,1995–96,Bayern Munich,Barcelona,2-2,D,Continental,Wikipedia,1995–96 UEFA Cup
1996-04-02,UEFA,UEFA 2nd Division,2,1995–96,Slavia Prague,Bordeaux,0-1,A,Continental,Wikipedia,1995–96 UEFA Cup
1996-04-16,UEFA,UEFA 2nd Division,2,1995–96,Barcelona,Bayern Munich,1-2,A,Continental,Wikipedia,1995–96 UEFA Cup
1996-04-16,UEFA,UEFA 2nd Division,2,1995–96,Bordeaux,Slavia Prague,1-0,H,Continental,Wikipedia,1995–96 UEFA Cup
1996-05-01,UEFA,UEFA 2nd Division,2,1995–96,Bayern Munich,Bordeaux,2-0,H,Continental,Wikipedia,1995–96 UEFA Cup
1996-05-15,UEFA,UEFA 2nd Division,2,1995–96,Bordeaux,Bayern Munich,1-3,A,Continental,Wikipedia,1995–96 UEFA Cup
1996-07-17,UEFA,UEFA 2nd Division,2,1996–97,Anorthosis Famagusta,Shirak,4-0,H,Continental,Wikipedia,1996–97 UEFA Cup
1996-07-17,UEFA,UEFA 2nd Division,2,1996–97,B71,APOEL,1-5,A,Continental,Wikipedia,1996–97 UEFA Cup
1996-07-17,UEFA,UEFA 2nd Division,2,1996–97,Beitar Jerusalem,Floriana,3-1,H,Continental,Wikipedia,1996–97 UEFA Cup
1996-07-17,UEFA,UEFA 2nd Division,2,1996–97,Bečej,Mura,0-0,D,Continental,Wikipedia,1996–97 UEFA Cup
1996-07-17,UEFA,UEFA 2nd Division,2,1996–97,Bohemians,Dinamo Minsk,1-1,D,Continental,Wikipedia,1996–97 UEFA Cup
1996-07-17,UEFA,UEFA 2nd Division,2,1996–97,Croatia Zagreb,Tirana,4-0,H,Continental,Wikipedia,1996–97 UEFA Cup
1996-07-17,UEFA,UEFA 2nd Division,2,1996–97,Dinamo Tbilisi,Grevenmacher,4-0,H,Continental,Wikipedia,1996–97 UEFA Cup
1996-07-17,UEFA,UEFA 2nd Division,2,1996–97,Dinamo-93 Minsk,Tiligul Tiraspol,3-1,H,Continental,Wikipedia,1996–97 UEFA Cup
1996-07-17,UEFA,UEFA 2nd Division,2,1996–97,Gorica,Vardar,0-1,A,Continental,Wikipedia,1996–97 UEFA Cup
1996-07-17,UEFA,UEFA 2nd Division,2,1996–97,Haka,Flora,2-2,D,Continental,Wikipedia,1996–97 UEFA Cup
1996-07-17,UEFA,UEFA 2nd Division,2,1996–97,Hutnik Kraków,Khazri Buzovna,9-0,H,Continental,Wikipedia,1996–97 UEFA Cup
1996-07-17,UEFA,UEFA 2nd Division,2,1996–97,Jazz,GÍ,3-1,H,Continental,Wikipedia,1996–97 UEFA Cup
1996-07-17,UEFA,UEFA 2nd Division,2,1996–97,Jeunesse Esch,Legia Warsaw,2-4,A,Continental,Wikipedia,1996–97 UEFA Cup
1996-07-17,UEFA,UEFA 2nd Division,2,1996–97,Lantana Tallinn,ÍBV,2-1,H,Continental,Wikipedia,1996–97 UEFA Cup
1996-07-17,UEFA,UEFA 2nd Division,2,1996–97,Maccabi Haifa,Partizan,0-1,A,Continental,Wikipedia,1996–97 UEFA Cup
1996-07-17,UEFA,UEFA 2nd Division,2,1996–97,Neftçi,Lokomotiv Sofia,2-1,H,Continental,Wikipedia,1996–97 UEFA Cup
1996-07-17,UEFA,UEFA 2nd Division,2,1996–97,Newtown,Skonto,1-4,A,Continental,Wikipedia,1996–97 UEFA Cup
1996-07-17,UEFA,UEFA 2nd Division,2,1996–97,Portadown,Vojvodina,0-1,A,Continental,Wikipedia,1996–97 UEFA Cup
1996-07-17,UEFA,UEFA 2nd Division,2,1996–97,Pyunik,HJK,3-1,H,Continental,Wikipedia,1996–97 UEFA Cup
1996-07-17,UEFA,UEFA 2nd Division,2,1996–97,Slavia Sofia,Inkaras Kaunas,4-3,H,Continental,Wikipedia,1996–97 UEFA Cup
1996-07-17,UEFA,UEFA 2nd Division,2,1996–97,Sliema Wanderers,Margveti Zestaponi,1-3,A,Continental,Wikipedia,1996–97 UEFA Cup
1996-07-17,UEFA,UEFA 2nd Division,2,1996–97,Teuta Durrës,Košice,1-4,A,Continental,Wikipedia,1996–97 UEFA Cup
1996-07-17,UEFA,UEFA 2nd Division,2,1996–97,Zimbru Chișinău,Hajduk Split,0-4,A,Continental,Wikipedia,1996–97 UEFA Cup
1996-07-17,UEFA,UEFA 2nd Division,2,1996–97,ÍA,Sileks,2-0,H,Continental,Wikipedia,1996–97 UEFA Cup
1996-07-17,UEFA,UEFA 2nd Division,2,1996–97,Žalgiris Vilnius,Crusaders,2-0,H,Continental,Wikipedia,1996–97 UEFA Cup
1996-07-18,UEFA,UEFA 2nd Division,2,1996–97,Barry Town,Dinaburg,0-0,D,Continental,Wikipedia,1996–97 UEFA Cup
1996-07-18,UEFA,UEFA 2nd Division,2,1996–97,St Patrick's Athletic,Slovan Bratislava,3-4,A,Continental,Wikipedia,1996–97 UEFA Cup
1996-07-23,UEFA,UEFA 2nd Division,2,1996–97,Dinaburg,Barry Town,1-2,A,Continental,Wikipedia,1996–97 UEFA Cup
1996-07-23,UEFA,UEFA 2nd Division,2,1996–97,Grevenmacher,Dinamo Tbilisi,2-2,D,Continental,Wikipedia,1996–97 UEFA Cup
1996-07-24,UEFA,UEFA 2nd Division,2,1996–97,APOEL,B71,4-2,H,Continental,Wikipedia,1996–97 UEFA Cup
1996-07-24,UEFA,UEFA 2nd Division,2,1996–97,Crusaders,Žalgiris Vilnius,2-1,H,Continental,Wikipedia,1996–97 UEFA Cup
1996-07-24,UEFA,UEFA 2nd Division,2,1996–97,Dinamo Minsk,Bohemians,0-0,D,Continental,Wikipedia,1996–97 UEFA Cup
1996-07-24,UEFA,UEFA 2nd Division,2,1996–97,Flora,Haka,0-1,A,Continental,Wikipedia,1996–97 UEFA Cup
1996-07-24,UEFA,UEFA 2nd Division,2,1996–97,Floriana,Beitar Jerusalem,1-5,A,Continental,Wikipedia,1996–97 UEFA Cup
1996-07-24,UEFA,UEFA 2nd Division,2,1996–97,GÍ,Jazz,0-1,A,Continental,Wikipedia,1996–97 UEFA Cup
1996-07-24,UEFA,UEFA 2nd Division,2,1996–97,HJK,Pyunik,5-2,H,Continental,Wikipedia,1996–97 UEFA Cup
1996-07-24,UEFA,UEFA 2nd Division,2,1996–97,Hajduk Split,Zimbru Chișinău,2-1,H,Continental,Wikipedia,1996–97 UEFA Cup
1996-07-24,UEFA,UEFA 2nd Division,2,1996–97,Inkaras Kaunas,Slavia Sofia,1-1,D,Continental,Wikipedia,1996–97 UEFA Cup
1996-07-24,UEFA,UEFA 2nd Division,2,1996–97,Khazri Buzovna,Hutnik Kraków,2-2,D,Continental,Wikipedia,1996–97 UEFA Cup
1996-07-24,UEFA,UEFA 2nd Division,2,1996–97,Košice,Teuta Durrës,2-1,H,Continental,Wikipedia,1996–97 UEFA Cup
1996-07-24,UEFA,UEFA 2nd Division,2,1996–97,Legia Warsaw,Jeunesse Esch,3-0,H,Continental,Wikipedia,1996–97 UEFA Cup
1996-07-24,UEFA,UEFA 2nd Division,2,1996–97,Lokomotiv Sofia,Neftçi,6-0,H,Continental,Wikipedia,1996–97 UEFA Cup
1996-07-24,UEFA,UEFA 2nd Division,2,1996–97,Margveti Zestaponi,Sliema Wanderers,0-3,A,Continental,Wikipedia,1996–97 UEFA Cup
1996-07-24,UEFA,UEFA 2nd Division,2,1996–97,Mura,Bečej,2-0,H,Continental,Wikipedia,1996–97 UEFA Cup
1996-07-24,UEFA,UEFA 2nd Division,2,1996–97,Partizan,Maccabi Haifa,3-1,H,Continental,Wikipedia,1996–97 UEFA Cup
1996-07-24,UEFA,UEFA 2nd Division,2,1996–97,Shirak,Anorthosis Famagusta,2-2,D,Continental,Wikipedia,1996–97 UEFA Cup
1996-07-24,UEFA,UEFA 2nd Division,2,1996–97,Sileks,ÍA,1-0,H,Continental,Wikipedia,1996–97 UEFA Cup
1996-07-24,UEFA,UEFA 2nd Division,2,1996–97,Skonto,Newtown,3-0,H,Continental,Wikipedia,1996–97 UEFA Cup
1996-07-24,UEFA,UEFA 2nd Division,2,1996–97,Slovan Bratislava,St Patrick's Athletic,1-0,H,Continental,Wikipedia,1996–97 UEFA Cup
1996-07-24,UEFA,UEFA 2nd Division,2,1996–97,Tiligul Tiraspol,Dinamo-93 Minsk,1-1,D,Continental,Wikipedia,1996–97 UEFA Cup
1996-07-24,UEFA,UEFA 2nd Division,2,1996–97,Tirana,Croatia Zagreb,2-6,A,Continental,Wikipedia,1996–97 UEFA Cup
1996-07-24,UEFA,UEFA 2nd Division,2,1996–97,Vardar,Gorica,2-1,H,Continental,Wikipedia,1996–97 UEFA Cup
1996-07-24,UEFA,UEFA 2nd Division,2,1996–97,Vojvodina,Portadown,4-1,H,Continental,Wikipedia,1996–97 UEFA Cup
1996-07-24,UEFA,UEFA 2nd Division,2,1996–97,ÍBV,Lantana Tallinn,0-0,D,Continental,Wikipedia,1996–97 UEFA Cup
1996-08-06,UEFA,UEFA 2nd Division,2,1996–97,Aarau,Lantana Tallinn,4-0,H,Continental,Wikipedia,1996–97 UEFA Cup
1996-08-06,UEFA,UEFA 2nd Division,2,1996–97,Anorthosis Famagusta,Neuchâtel Xamax,1-2,A,Continental,Wikipedia,1996–97 UEFA Cup
1996-08-06,UEFA,UEFA 2nd Division,2,1996–97,BVSC,Barry Town,3-1,H,Continental,Wikipedia,1996–97 UEFA Cup
1996-08-06,UEFA,UEFA 2nd Division,2,1996–97,Beitar Jerusalem,Bodø/Glimt,1-5,A,Continental,Wikipedia,1996–97 UEFA Cup
1996-08-06,UEFA,UEFA 2nd Division,2,1996–97,Croatia Zagreb,Spartak Moscow,3-1,H,Continental,Wikipedia,1996–97 UEFA Cup
1996-08-06,UEFA,UEFA 2nd Division,2,1996–97,Dinamo Minsk,Beşiktaş,2-1,H,Continental,Wikipedia,1996–97 UEFA Cup
1996-08-06,UEFA,UEFA 2nd Division,2,1996–97,Dinamo Tbilisi,Molde,2-1,H,Continental,Wikipedia,1996–97 UEFA Cup
1996-08-06,UEFA,UEFA 2nd Division,2,1996–97,Dynamo Moscow,Jazz,1-1,D,Continental,Wikipedia,1996–97 UEFA Cup
1996-08-06,UEFA,UEFA 2nd Division,2,1996–97,GAK,Vojvodina,2-0,H,Continental,Wikipedia,1996–97 UEFA Cup
1996-08-06,UEFA,UEFA 2nd Division,2,1996–97,HJK,Chornomorets Odesa,2-2,D,Continental,Wikipedia,1996–97 UEFA Cup
1996-08-06,UEFA,UEFA 2nd Division,2,1996–97,Hajduk Split,Torpedo Moscow,1-0,H,Continental,Wikipedia,1996–97 UEFA Cup
1996-08-06,UEFA,UEFA 2nd Division,2,1996–97,Halmstad,Vardar,0-0,D,Continental,Wikipedia,1996–97 UEFA Cup
1996-08-06,UEFA,UEFA 2nd Division,2,1996–97,Helsingborg,Dinamo-93 Minsk,1-1,D,Continental,Wikipedia,1996–97 UEFA Cup
1996-08-06,UEFA,UEFA 2nd Division,2,1996–97,Iraklis,APOEL,0-1,A,Continental,Wikipedia,1996–97 UEFA Cup
1996-08-06,UEFA,UEFA 2nd Division,2,1996–97,Košice,Celtic,0-0,D,Continental,Wikipedia,1996–97 UEFA Cup
1996-08-06,UEFA,UEFA 2nd Division,2,1996–97,Legia Warsaw,Haka,3-0,H,Continental,Wikipedia,1996–97 UEFA Cup
1996-08-06,UEFA,UEFA 2nd Division,2,1996–97,Lyngby,Mura,0-0,D,Continental,Wikipedia,1996–97 UEFA Cup
1996-08-06,UEFA,UEFA 2nd Division,2,1996–97,Odense,Sliema Wanderers,7-1,H,Continental,Wikipedia,1996–97 UEFA Cup
1996-08-06,UEFA,UEFA 2nd Division,2,1996–97,Partizan,Național București,0-0,D,Continental,Wikipedia,1996–97 UEFA Cup
1996-08-06,UEFA,UEFA 2nd Division,2,1996–97,Rapid București,Lokomotiv Sofia,1-0,H,Continental,Wikipedia,1996–97 UEFA Cup
1996-08-06,UEFA,UEFA 2nd Division,2,1996–97,Sigma Olomouc,Hutnik Kraków,1-0,H,Continental,Wikipedia,1996–97 UEFA Cup
1996-08-06,UEFA,UEFA 2nd Division,2,1996–97,Skonto,Malmö FF,0-3,A,Continental,Wikipedia,1996–97 UEFA Cup
1996-08-06,UEFA,UEFA 2nd Division,2,1996–97,Slavia Sofia,Tirol Innsbruck,1-1,D,Continental,Wikipedia,1996–97 UEFA Cup
1996-08-06,UEFA,UEFA 2nd Division,2,1996–97,Sliema Wanderers,Odense,0-2,A,Continental,Wikipedia,1996–97 UEFA Cup
1996-08-06,UEFA,UEFA 2nd Division,2,1996–97,Slovan Bratislava,Trabzonspor,2-1,H,Continental,Wikipedia,1996–97 UEFA Cup
1996-08-06,UEFA,UEFA 2nd Division,2,1996–97,ÍA,CSKA Moscow,0-2,A,Continental,Wikipedia,1996–97 UEFA Cup
1996-08-06,UEFA,UEFA 2nd Division,2,1996–97,Žalgiris Vilnius,Aberdeen,1-4,A,Continental,Wikipedia,1996–97 UEFA Cup
1996-08-20,UEFA,UEFA 2nd Division,2,1996–97,APOEL,Iraklis,2-1,H,Continental,Wikipedia,1996–97 UEFA Cup
1996-08-20,UEFA,UEFA 2nd Division,2,1996–97,Aberdeen,Žalgiris Vilnius,1-3,A,Continental,Wikipedia,1996–97 UEFA Cup
1996-08-20,UEFA,UEFA 2nd Division,2,1996–97,Barry Town,BVSC,3-1,H,Continental,Wikipedia,1996–97 UEFA Cup
1996-08-20,UEFA,UEFA 2nd Division,2,1996–97,Beşiktaş,Dinamo Minsk,2-0,H,Continental,Wikipedia,1996–97 UEFA Cup
1996-08-20,UEFA,UEFA 2nd Division,2,1996–97,Bodø/Glimt,Beitar Jerusalem,2-1,H,Continental,Wikipedia,1996–97 UEFA Cup
1996-08-20,UEFA,UEFA 2nd Division,2,1996–97,CSKA Moscow,ÍA,4-1,H,Continental,Wikipedia,1996–97 UEFA Cup
1996-08-20,UEFA,UEFA 2nd Division,2,1996–97,Celtic,Košice,1-0,H,Continental,Wikipedia,1996–97 UEFA Cup
1996-08-20,UEFA,UEFA 2nd Division,2,1996–97,Chornomorets Odesa,HJK,2-0,H,Continental,Wikipedia,1996–97 UEFA Cup
1996-08-20,UEFA,UEFA 2nd Division,2,1996–97,Dinamo-93 Minsk,Helsingborg,0-3,A,Continental,Wikipedia,1996–97 UEFA Cup
1996-08-20,UEFA,UEFA 2nd Division,2,1996–97,Haka,Legia Warsaw,1-1,D,Continental,Wikipedia,1996–97 UEFA Cup
1996-08-20,UEFA,UEFA 2nd Division,2,1996–97,Hutnik Kraków,Sigma Olomouc,3-1,H,Continental,Wikipedia,1996–97 UEFA Cup
1996-08-20,UEFA,UEFA 2nd Division,2,1996–97,Jazz,Dynamo Moscow,1-3,A,Continental,Wikipedia,1996–97 UEFA Cup
1996-08-20,UEFA,UEFA 2nd Division,2,1996–97,Lantana Tallinn,Aarau,2-0,H,Continental,Wikipedia,1996–97 UEFA Cup
1996-08-20,UEFA,UEFA 2nd Division,2,1996–97,Lokomotiv Sofia,Rapid București,0-1,A,Continental,Wikipedia,1996–97 UEFA Cup
1996-08-20,UEFA,UEFA 2nd Division,2,1996–97,Malmö FF,Skonto,1-1,D,Continental,Wikipedia,1996–97 UEFA Cup
1996-08-20,UEFA,UEFA 2nd Division,2,1996–97,Molde,Dinamo Tbilisi,0-0,D,Continental,Wikipedia,1996–97 UEFA Cup
1996-08-20,UEFA,UEFA 2nd Division,2,1996–97,Mura,Lyngby,0-2,A,Continental,Wikipedia,1996–97 UEFA Cup
1996-08-20,UEFA,UEFA 2nd Division,2,1996–97,Național București,Partizan,1-0,H,Continental,Wikipedia,1996–97 UEFA Cup
1996-08-20,UEFA,UEFA 2nd Division,2,1996–97,Neuchâtel Xamax,Anorthosis Famagusta,4-0,H,Continental,Wikipedia,1996–97 UEFA Cup
1996-08-20,UEFA,UEFA 2nd Division,2,1996–97,Spartak Moscow,Croatia Zagreb,2-0,H,Continental,Wikipedia,1996–97 UEFA Cup
1996-08-20,UEFA,UEFA 2nd Division,2,1996–97,Tirol Innsbruck,Slavia Sofia,4-1,H,Continental,Wikipedia,1996–97 UEFA Cup
1996-08-20,UEFA,UEFA 2nd Division,2,1996–97,Torpedo Moscow,Hajduk Split,2-0,H,Continental,Wikipedia,1996–97 UEFA Cup
1996-08-20,UEFA,UEFA 2nd Division,2,1996–97,Trabzonspor,Slovan Bratislava,4-1,H,Continental,Wikipedia,1996–97 UEFA Cup
1996-08-20,UEFA,UEFA 2nd Division,2,1996–97,Vardar,Halmstad,0-1,A,Continental,Wikipedia,1996–97 UEFA Cup
1996-08-20,UEFA,UEFA 2nd Division,2,1996–97,Vojvodina,GAK,1-5,A,Continental,Wikipedia,1996–97 UEFA Cup
1996-09-10,UEFA,UEFA 2nd Division,2,1996–97,APOEL,Espanyol,2-2,D,Continental,Wikipedia,1996–97 UEFA Cup
1996-09-10,UEFA,UEFA 2nd Division,2,1996–97,Aberdeen,Barry Town,3-1,H,Continental,Wikipedia,1996–97 UEFA Cup
1996-09-10,UEFA,UEFA 2nd Division,2,1996–97,Alania Vladikavkaz,Anderlecht,2-1,H,Continental,Wikipedia,1996–97 UEFA Cup
1996-09-10,UEFA,UEFA 2nd Division,2,1996–97,Arsenal,Borussia Mönchengladbach,2-3,A,Continental,Wikipedia,1996–97 UEFA Cup
1996-09-10,UEFA,UEFA 2nd Division,2,1996–97,Aston Villa,Helsingborg,1-1,D,Continental,Wikipedia,1996–97 UEFA Cup
1996-09-10,UEFA,UEFA 2nd Division,2,1996–97,Bodø/Glimt,Trabzonspor,1-2,A,Continental,Wikipedia,1996–97 UEFA Cup
1996-09-10,UEFA,UEFA 2nd Division,2,1996–97,Brøndby,Aarau,5-0,H,Continental,Wikipedia,1996–97 UEFA Cup
1996-09-10,UEFA,UEFA 2nd Division,2,1996–97,CSKA Moscow,Feyenoord,0-1,A,Continental,Wikipedia,1996–97 UEFA Cup
1996-09-10,UEFA,UEFA 2nd Division,2,1996–97,Celtic,Hamburg,0-2,A,Continental,Wikipedia,1996–97 UEFA Cup
1996-09-10,UEFA,UEFA 2nd Division,2,1996–97,Chornomorets Odesa,Național București,0-0,D,Continental,Wikipedia,1996–97 UEFA Cup
1996-09-10,UEFA,UEFA 2nd Division,2,1996–97,Club Brugge,Lyngby,1-1,D,Continental,Wikipedia,1996–97 UEFA Cup
1996-09-10,UEFA,UEFA 2nd Division,2,1996–97,Dynamo Kyiv,Neuchâtel Xamax,0-0,D,Continental,Wikipedia,1996–97 UEFA Cup
1996-09-10,UEFA,UEFA 2nd Division,2,1996–97,Ferencváros,Olympiacos,3-1,H,Continental,Wikipedia,1996–97 UEFA Cup
1996-09-10,UEFA,UEFA 2nd Division,2,1996–97,Germinal Ekeren,GAK,3-1,H,Continental,Wikipedia,1996–97 UEFA Cup
1996-09-10,UEFA,UEFA 2nd Division,2,1996–97,Guingamp,Inter Milan,0-3,A,Continental,Wikipedia,1996–97 UEFA Cup
1996-09-10,UEFA,UEFA 2nd Division,2,1996–97,Lens,Lazio,0-1,A,Continental,Wikipedia,1996–97 UEFA Cup
1996-09-10,UEFA,UEFA 2nd Division,2,1996–97,Malmö FF,Slavia Prague,1-2,A,Continental,Wikipedia,1996–97 UEFA Cup
1996-09-10,UEFA,UEFA 2nd Division,2,1996–97,Molenbeek,Beşiktaş,0-0,D,Continental,Wikipedia,1996–97 UEFA Cup
1996-09-10,UEFA,UEFA 2nd Division,2,1996–97,Montpellier,Sporting CP,1-1,D,Continental,Wikipedia,1996–97 UEFA Cup
1996-09-10,UEFA,UEFA 2nd Division,2,1996–97,Newcastle United,Halmstad,4-0,H,Continental,Wikipedia,1996–97 UEFA Cup
1996-09-10,UEFA,UEFA 2nd Division,2,1996–97,Odense,Boavista,2-3,A,Continental,Wikipedia,1996–97 UEFA Cup
1996-09-10,UEFA,UEFA 2nd Division,2,1996–97,Parma,Vitória Guimarães,2-1,H,Continental,Wikipedia,1996–97 UEFA Cup
1996-09-10,UEFA,UEFA 2nd Division,2,1996–97,Roma,Dynamo Moscow,3-0,H,Continental,Wikipedia,1996–97 UEFA Cup
1996-09-10,UEFA,UEFA 2nd Division,2,1996–97,Schalke 04,Roda,3-0,H,Continental,Wikipedia,1996–97 UEFA Cup
1996-09-10,UEFA,UEFA 2nd Division,2,1996–97,Tenerife,Maccabi Tel Aviv,3-2,H,Continental,Wikipedia,1996–97 UEFA Cup
1996-09-10,UEFA,UEFA 2nd Division,2,1996–97,Tirol Innsbruck,Metz,0-0,D,Continental,Wikipedia,1996–97 UEFA Cup
1996-09-10,UEFA,UEFA 2nd Division,2,1996–97,Torpedo Moscow,Dinamo Tbilisi,0-1,A,Continental,Wikipedia,1996–97 UEFA Cup
1996-09-10,UEFA,UEFA 2nd Division,2,1996–97,Valencia,Bayern Munich,3-0,H,Continental,Wikipedia,1996–97 UEFA Cup
1996-09-11,UEFA,UEFA 2nd Division,2,1996–97,Hutnik Kraków,Monaco,0-1,A,Continental,Wikipedia,1996–97 UEFA Cup
1996-09-11,UEFA,UEFA 2nd Division,2,1996–97,Panathinaikos,Legia Warsaw,4-2,H,Continental,Wikipedia,1996–97 UEFA Cup
1996-09-11,UEFA,UEFA 2nd Division,2,1996–97,Rapid București,Karlsruhe,1-0,H,Continental,Wikipedia,1996–97 UEFA Cup
1996-09-11,UEFA,UEFA 2nd Division,2,1996–97,Spartak Moscow,Silkeborg,3-2,H,Continental,Wikipedia,1996–97 UEFA Cup
1996-09-24,UEFA,UEFA 2nd Division,2,1996–97,Aarau,Brøndby,0-2,A,Continental,Wikipedia,1996–97 UEFA Cup
1996-09-24,UEFA,UEFA 2nd Division,2,1996–97,Anderlecht,Alania Vladikavkaz,4-0,H,Continental,Wikipedia,1996–97 UEFA Cup
1996-09-24,UEFA,UEFA 2nd Division,2,1996–97,Barry Town,Aberdeen,3-3,D,Continental,Wikipedia,1996–97 UEFA Cup
1996-09-24,UEFA,UEFA 2nd Division,2,1996–97,Bayern Munich,Valencia,1-0,H,Continental,Wikipedia,1996–97 UEFA Cup
1996-09-24,UEFA,UEFA 2nd Division,2,1996–97,Beşiktaş,Molenbeek,3-0,H,Continental,Wikipedia,1996–97 UEFA Cup
1996-09-24,UEFA,UEFA 2nd Division,2,1996–97,Boavista,Odense,1-2,A,Continental,Wikipedia,1996–97 UEFA Cup
1996-09-24,UEFA,UEFA 2nd Division,2,1996–97,Dinamo Tbilisi,Torpedo Moscow,1-1,D,Continental,Wikipedia,1996–97 UEFA Cup
1996-09-24,UEFA,UEFA 2nd Division,2,1996–97,Dynamo Moscow,Roma,1-3,A,Continental,Wikipedia,1996–97 UEFA Cup
1996-09-24,UEFA,UEFA 2nd Division,2,1996–97,Espanyol,APOEL,1-0,H,Continental,Wikipedia,1996–97 UEFA Cup
1996-09-24,UEFA,UEFA 2nd Division,2,1996–97,Feyenoord,CSKA Moscow,1-1,D,Continental,Wikipedia,1996–97 UEFA Cup
1996-09-24,UEFA,UEFA 2nd Division,2,1996–97,GAK,Germinal Ekeren,2-0,H,Continental,Wikipedia,1996–97 UEFA Cup
1996-09-24,UEFA,UEFA 2nd Division,2,1996–97,Halmstad,Newcastle United,2-1,H,Continental,Wikipedia,1996–97 UEFA Cup
1996-09-24,UEFA,UEFA 2nd Division,2,1996–97,Hamburg,Celtic,2-0,H,Continental,Wikipedia,1996–97 UEFA Cup
1996-09-24,UEFA,UEFA 2nd Division,2,1996–97,Helsingborg,Aston Villa,0-0,D,Continental,Wikipedia,1996–97 UEFA Cup
1996-09-24,UEFA,UEFA 2nd Division,2,1996–97,Inter Milan,Guingamp,1-1,D,Continental,Wikipedia,1996–97 UEFA Cup
1996-09-24,UEFA,UEFA 2nd Division,2,1996–97,Karlsruhe,Rapid București,4-1,H,Continental,Wikipedia,1996–97 UEFA Cup
1996-09-24,UEFA,UEFA 2nd Division,2,1996–97,Lazio,Lens,1-1,D,Continental,Wikipedia,1996–97 UEFA Cup
1996-09-24,UEFA,UEFA 2nd Division,2,1996–97,Legia Warsaw,Panathinaikos,2-0,H,Continental,Wikipedia,1996–97 UEFA Cup
1996-09-24,UEFA,UEFA 2nd Division,2,1996–97,Lyngby,Club Brugge,0-2,A,Continental,Wikipedia,1996–97 UEFA Cup
1996-09-24,UEFA,UEFA 2nd Division,2,1996–97,Metz,Tirol Innsbruck,1-0,H,Continental,Wikipedia,1996–97 UEFA Cup
1996-09-24,UEFA,UEFA 2nd Division,2,1996–97,Monaco,Hutnik Kraków,3-1,H,Continental,Wikipedia,1996–97 UEFA Cup
1996-09-24,UEFA,UEFA 2nd Division,2,1996–97,Național București,Chornomorets Odesa,2-0,H,Continental,Wikipedia,1996–97 UEFA Cup
1996-09-24,UEFA,UEFA 2nd Division,2,1996–97,Neuchâtel Xamax,Dynamo Kyiv,2-1,H,Continental,Wikipedia,1996–97 UEFA Cup
1996-09-24,UEFA,UEFA 2nd Division,2,1996–97,Olympiacos,Ferencváros,2-2,D,Continental,Wikipedia,1996–97 UEFA Cup
1996-09-24,UEFA,UEFA 2nd Division,2,1996–97,Roda,Schalke 04,2-2,D,Continental,Wikipedia,1996–97 UEFA Cup
1996-09-24,UEFA,UEFA 2nd Division,2,1996–97,Silkeborg,Spartak Moscow,1-2,A,Continental,Wikipedia,1996–97 UEFA Cup
1996-09-24,UEFA,UEFA 2nd Division,2,1996–97,Slavia Prague,Malmö FF,3-1,H,Continental,Wikipedia,1996–97 UEFA Cup
1996-09-24,UEFA,UEFA 2nd Division,2,1996–97,Sporting CP,Montpellier,1-0,H,Continental,Wikipedia,1996–97 UEFA Cup
1996-09-24,UEFA,UEFA 2nd Division,2,1996–97,Trabzonspor,Bodø/Glimt,3-1,H,Continental,Wikipedia,1996–97 UEFA Cup
1996-09-24,UEFA,UEFA 2nd Division,2,1996–97,Vitória Guimarães,Parma,2-0,H,Continental,Wikipedia,1996–97 UEFA Cup
1996-09-25,UEFA,UEFA 2nd Division,2,1996–97,Borussia Mönchengladbach,Arsenal,3-2,H,Continental,Wikipedia,1996–97 UEFA Cup
1996-09-25,UEFA,UEFA 2nd Division,2,1996–97,Maccabi Tel Aviv,Tenerife,1-1,D,Continental,Wikipedia,1996–97 UEFA Cup
1996-10-15,UEFA,UEFA 2nd Division,2,1996–97,Aberdeen,Brøndby,0-2,A,Continental,Wikipedia,1996–97 UEFA Cup
1996-10-15,UEFA,UEFA 2nd Division,2,1996–97,Borussia Mönchengladbach,Monaco,2-4,A,Continental,Wikipedia,1996–97 UEFA Cup
1996-10-15,UEFA,UEFA 2nd Division,2,1996–97,Club Brugge,Național București,2-0,H,Continental,Wikipedia,1996–97 UEFA Cup
1996-10-15,UEFA,UEFA 2nd Division,2,1996–97,Dinamo Tbilisi,Boavista,1-0,H,Continental,Wikipedia,1996–97 UEFA Cup
1996-10-15,UEFA,UEFA 2nd Division,2,1996–97,Espanyol,Feyenoord,0-3,A,Continental,Wikipedia,1996–97 UEFA Cup
1996-10-15,UEFA,UEFA 2nd Division,2,1996–97,Ferencváros,Newcastle United,3-2,H,Continental,Wikipedia,1996–97 UEFA Cup
1996-10-15,UEFA,UEFA 2nd Division,2,1996–97,Helsingborg,Neuchâtel Xamax,2-0,H,Continental,Wikipedia,1996–97 UEFA Cup
1996-10-15,UEFA,UEFA 2nd Division,2,1996–97,Inter Milan,GAK,1-0,H,Continental,Wikipedia,1996–97 UEFA Cup
1996-10-15,UEFA,UEFA 2nd Division,2,1996–97,Karlsruhe,Roma,3-0,H,Continental,Wikipedia,1996–97 UEFA Cup
1996-10-15,UEFA,UEFA 2nd Division,2,1996–97,Lazio,Tenerife,1-0,H,Continental,Wikipedia,1996–97 UEFA Cup
1996-10-15,UEFA,UEFA 2nd Division,2,1996–97,Legia Warsaw,Beşiktaş,1-1,D,Continental,Wikipedia,1996–97 UEFA Cup
1996-10-15,UEFA,UEFA 2nd Division,2,1996–97,Metz,Sporting CP,2-0,H,Continental,Wikipedia,1996–97 UEFA Cup
1996-10-15,UEFA,UEFA 2nd Division,2,1996–97,Schalke 04,Trabzonspor,1-0,H,Continental,Wikipedia,1996–97 UEFA Cup
1996-10-15,UEFA,UEFA 2nd Division,2,1996–97,Slavia Prague,Valencia,0-1,A,Continental,Wikipedia,1996–97 UEFA Cup
1996-10-15,UEFA,UEFA 2nd Division,2,1996–97,Vitória Guimarães,Anderlecht,1-1,D,Continental,Wikipedia,1996–97 UEFA Cup
1996-10-16,UEFA,UEFA 2nd Division,2,1996–97,Hamburg,Spartak Moscow,3-0,H,Continental,Wikipedia,1996–97 UEFA Cup
1996-10-29,UEFA,UEFA 2nd Division,2,1996–97,Anderlecht,Vitória Guimarães,0-0,D,Continental,Wikipedia,1996–97 UEFA Cup
1996-10-29,UEFA,UEFA 2nd Division,2,1996–97,Beşiktaş,Legia Warsaw,2-1,H,Continental,Wikipedia,1996–97 UEFA Cup
1996-10-29,UEFA,UEFA 2nd Division,2,1996–97,Boavista,Dinamo Tbilisi,5-0,H,Continental,Wikipedia,1996–97 UEFA Cup
1996-10-29,UEFA,UEFA 2nd Division,2,1996–97,Brøndby,Aberdeen,0-0,D,Continental,Wikipedia,1996–97 UEFA Cup
1996-10-29,UEFA,UEFA 2nd Division,2,1996–97,Feyenoord,Espanyol,0-1,A,Continental,Wikipedia,1996–97 UEFA Cup
1996-10-29,UEFA,UEFA 2nd Division,2,1996–97,GAK,Inter Milan,1-0,H,Continental,Wikipedia,1996–97 UEFA Cup
1996-10-29,UEFA,UEFA 2nd Division,2,1996–97,Monaco,Borussia Mönchengladbach,0-1,A,Continental,Wikipedia,1996–97 UEFA Cup
1996-10-29,UEFA,UEFA 2nd Division,2,1996–97,Național București,Club Brugge,1-1,D,Continental,Wikipedia,1996–97 UEFA Cup
1996-10-29,UEFA,UEFA 2nd Division,2,1996–97,Neuchâtel Xamax,Helsingborg,1-1,D,Continental,Wikipedia,1996–97 UEFA Cup
1996-10-29,UEFA,UEFA 2nd Division,2,1996–97,Newcastle United,Ferencváros,4-0,H,Continental,Wikipedia,1996–97 UEFA Cup
1996-10-29,UEFA,UEFA 2nd Division,2,1996–97,Roma,Karlsruhe,2-1,H,Continental,Wikipedia,1996–97 UEFA Cup
1996-10-29,UEFA,UEFA 2nd Division,2,1996–97,Spartak Moscow,Hamburg,2-2,D,Continental,Wikipedia,1996–97 UEFA Cup
1996-10-29,UEFA,UEFA 2nd Division,2,1996–97,Sporting CP,Metz,2-1,H,Continental,Wikipedia,1996–97 UEFA Cup
1996-10-29,UEFA,UEFA 2nd Division,2,1996–97,Tenerife,Lazio,5-3,H,Continental,Wikipedia,1996–97 UEFA Cup
1996-10-29,UEFA,UEFA 2nd Division,2,1996–97,Trabzonspor,Schalke 04,3-3,D,Continental,Wikipedia,1996–97 UEFA Cup
1996-10-29,UEFA,UEFA 2nd Division,2,1996–97,Valencia,Slavia Prague,0-0,D,Continental,Wikipedia,1996–97 UEFA Cup
1996-11-19,UEFA,UEFA 2nd Division,2,1996–97,Brøndby,Karlsruhe,1-3,A,Continental,Wikipedia,1996–97 UEFA Cup
1996-11-19,UEFA,UEFA 2nd Division,2,1996–97,Club Brugge,Schalke 04,2-1,H,Continental,Wikipedia,1996–97 UEFA Cup
1996-11-19,UEFA,UEFA 2nd Division,2,1996–97,Helsingborg,Anderlecht,0-0,D,Continental,Wikipedia,1996–97 UEFA Cup
1996-11-19,UEFA,UEFA 2nd Division,2,1996–97,Inter Milan,Boavista,5-1,H,Continental,Wikipedia,1996–97 UEFA Cup
1996-11-19,UEFA,UEFA 2nd Division,2,1996–97,Metz,Newcastle United,1-1,D,Continental,Wikipedia,1996–97 UEFA Cup
1996-11-19,UEFA,UEFA 2nd Division,2,1996–97,Monaco,Hamburg,3-0,H,Continental,Wikipedia,1996–97 UEFA Cup
1996-11-19,UEFA,UEFA 2nd Division,2,1996–97,Tenerife,Feyenoord,0-0,D,Continental,Wikipedia,1996–97 UEFA Cup
1996-11-19,UEFA,UEFA 2nd Division,2,1996–97,Valencia,Beşiktaş,3-1,H,Continental,Wikipedia,1996–97 UEFA Cup
1996-12-03,UEFA,UEFA 2nd Division,2,1996–97,Anderlecht,Helsingborg,1-0,H,Continental,Wikipedia,1996–97 UEFA Cup
1996-12-03,UEFA,UEFA 2nd Division,2,1996–97,Beşiktaş,Valencia,2-2,D,Continental,Wikipedia,1996–97 UEFA Cup
1996-12-03,UEFA,UEFA 2nd Division,2,1996–97,Boavista,Inter Milan,0-2,A,Continental,Wikipedia,1996–97 UEFA Cup
1996-12-03,UEFA,UEFA 2nd Division,2,1996–97,Feyenoord,Tenerife,2-4,A,Continental,Wikipedia,1996–97 UEFA Cup
1996-12-03,UEFA,UEFA 2nd Division,2,1996–97,Hamburg,Monaco,0-2,A,Continental,Wikipedia,1996–97 UEFA Cup
1996-12-03,UEFA,UEFA 2nd Division,2,1996–97,Karlsruhe,Brøndby,0-5,A,Continental,Wikipedia,1996–97 UEFA Cup
1996-12-03,UEFA,UEFA 2nd Division,2,1996–97,Newcastle United,Metz,2-0,H,Continental,Wikipedia,1996–97 UEFA Cup
1996-12-03,UEFA,UEFA 2nd Division,2,1996–97,Schalke 04,Club Brugge,2-0,H,Continental,Wikipedia,1996–97 UEFA Cup
1997-03-04,UEFA,UEFA 2nd Division,2,1996–97,Anderlecht,Inter Milan,1-1,D,Continental,Wikipedia,1996–97 UEFA Cup
1997-03-04,UEFA,UEFA 2nd Division,2,1996–97,Newcastle United,Monaco,0-1,A,Continental,Wikipedia,1996–97 UEFA Cup
1997-03-04,UEFA,UEFA 2nd Division,2,1996–97,Schalke 04,Valencia,2-0,H,Continental,Wikipedia,1996–97 UEFA Cup
1997-03-04,UEFA,UEFA 2nd Division,2,1996–97,Tenerife,Brøndby,0-1,A,Continental,Wikipedia,1996–97 UEFA Cup
1997-03-18,UEFA,UEFA 2nd Division,2,1996–97,Brøndby,Tenerife,0-2,A,Continental,Wikipedia,1996–97 UEFA Cup
1997-03-18,UEFA,UEFA 2nd Division,2,1996–97,Inter Milan,Anderlecht,2-1,H,Continental,Wikipedia,1996–97 UEFA Cup
1997-03-18,UEFA,UEFA 2nd Division,2,1996–97,Monaco,Newcastle United,3-0,H,Continental,Wikipedia,1996–97 UEFA Cup
1997-03-18,UEFA,UEFA 2nd Division,2,1996–97,Valencia,Schalke 04,1-1,D,Continental,Wikipedia,1996–97 UEFA Cup
1997-04-08,UEFA,UEFA 2nd Division,2,1996–97,Inter Milan,Monaco,3-1,H,Continental,Wikipedia,1996–97 UEFA Cup
1997-04-08,UEFA,UEFA 2nd Division,2,1996–97,Tenerife,Schalke 04,1-0,H,Continental,Wikipedia,1996–97 UEFA Cup
1997-04-22,UEFA,UEFA 2nd Division,2,1996–97,Monaco,Inter Milan,1-0,H,Continental,Wikipedia,1996–97 UEFA Cup
1997-04-22,UEFA,UEFA 2nd Division,2,1996–97,Schalke 04,Tenerife,2-0,H,Continental,Wikipedia,1996–97 UEFA Cup
1997-05-07,UEFA,UEFA 2nd Division,2,1996–97,Schalke 04,Inter Milan,1-0,H,Continental,Wikipedia,1996–97 UEFA Cup
1997-05-21,UEFA,UEFA 2nd Division,2,1996–97,Inter Milan,Schalke 04,1-0,H,Continental,Wikipedia,1996–97 UEFA Cup
1997-07-22,UEFA,UEFA 2nd Division,2,1997–98,Birkirkara,Spartak Trnava,0-1,A,Continental,Wikipedia,1997–98 UEFA Cup
1997-07-23,UEFA,UEFA 2nd Division,2,1997–98,Bohemians,Ferencváros,0-1,A,Continental,Wikipedia,1997–98 UEFA Cup
1997-07-23,UEFA,UEFA 2nd Division,2,1997–98,Brann,Neftochimic Burgas,2-1,H,Continental,Wikipedia,1997–98 UEFA Cup
1997-07-23,UEFA,UEFA 2nd Division,2,1997–98,Daugava Rīga,Vorskla Poltava,1-3,A,Continental,Wikipedia,1997–98 UEFA Cup
1997-07-23,UEFA,UEFA 2nd Division,2,1997–98,Dinamo Minsk,Kolkheti Poti,1-0,H,Continental,Wikipedia,1997–98 UEFA Cup
1997-07-23,UEFA,UEFA 2nd Division,2,1997–98,Dnipro Dnipropetrovsk,Yerevan,6-1,H,Continental,Wikipedia,1997–98 UEFA Cup
1997-07-23,UEFA,UEFA 2nd Division,2,1997–98,Gorica,Oțelul Galați,2-0,H,Continental,Wikipedia,1997–98 UEFA Cup
1997-07-23,UEFA,UEFA 2nd Division,2,1997–98,Grasshopper,Coleraine,3-0,H,Continental,Wikipedia,1997–98 UEFA Cup
1997-07-23,UEFA,UEFA 2nd Division,2,1997–98,Grevenmacher,Hajduk Split,1-4,A,Continental,Wikipedia,1997–98 UEFA Cup
1997-07-23,UEFA,UEFA 2nd Division,2,1997–98,Hapoel Petah Tikva,Flora,1-0,H,Continental,Wikipedia,1997–98 UEFA Cup
1997-07-23,UEFA,UEFA 2nd Division,2,1997–98,Inkaras Kaunas,Boby Brno,3-1,H,Continental,Wikipedia,1997–98 UEFA Cup
1997-07-23,UEFA,UEFA 2nd Division,2,1997–98,Inter CableTel,Celtic,0-3,A,Continental,Wikipedia,1997–98 UEFA Cup
1997-07-23,UEFA,UEFA 2nd Division,2,1997–98,Jablonec,Qarabağ,5-0,H,Continental,Wikipedia,1997–98 UEFA Cup
1997-07-23,UEFA,UEFA 2nd Division,2,1997–98,KR,Dinamo București,2-0,H,Continental,Wikipedia,1997–98 UEFA Cup
1997-07-23,UEFA,UEFA 2nd Division,2,1997–98,MyPa,Apollon Limassol,1-1,D,Continental,Wikipedia,1997–98 UEFA Cup
1997-07-23,UEFA,UEFA 2nd Division,2,1997–98,Neuchâtel Xamax,Tiligul Tiraspol,7-0,H,Continental,Wikipedia,1997–98 UEFA Cup
1997-07-23,UEFA,UEFA 2nd Division,2,1997–98,Odra Wodzisław,Pobeda,3-0,H,Continental,Wikipedia,1997–98 UEFA Cup
1997-07-23,UEFA,UEFA 2nd Division,2,1997–98,Principat,Dundee United,0-8,A,Continental,Wikipedia,1997–98 UEFA Cup
1997-07-23,UEFA,UEFA 2nd Division,2,1997–98,Vojvodina,Viking,0-2,A,Continental,Wikipedia,1997–98 UEFA Cup
1997-07-23,UEFA,UEFA 2nd Division,2,1997–98,Újpest,KÍ,6-0,H,Continental,Wikipedia,1997–98 UEFA Cup
1997-07-29,UEFA,UEFA 2nd Division,2,1997–98,Celtic,Inter CableTel,5-0,H,Continental,Wikipedia,1997–98 UEFA Cup
1997-07-29,UEFA,UEFA 2nd Division,2,1997–98,Ferencváros,Bohemians,5-0,H,Continental,Wikipedia,1997–98 UEFA Cup
1997-07-29,UEFA,UEFA 2nd Division,2,1997–98,Hajduk Split,Grevenmacher,2-0,H,Continental,Wikipedia,1997–98 UEFA Cup
1997-07-30,UEFA,UEFA 2nd Division,2,1997–98,Apollon Limassol,MyPa,3-0,H,Continental,Wikipedia,1997–98 UEFA Cup
1997-07-30,UEFA,UEFA 2nd Division,2,1997–98,Boby Brno,Inkaras Kaunas,6-1,H,Continental,Wikipedia,1997–98 UEFA Cup
1997-07-30,UEFA,UEFA 2nd Division,2,1997–98,Coleraine,Grasshopper,1-7,A,Continental,Wikipedia,1997–98 UEFA Cup
1997-07-30,UEFA,UEFA 2nd Division,2,1997–98,Dinamo București,KR,1-2,A,Continental,Wikipedia,1997–98 UEFA Cup
1997-07-30,UEFA,UEFA 2nd Division,2,1997–98,Dundee United,Principat,9-0,H,Continental,Wikipedia,1997–98 UEFA Cup
1997-07-30,UEFA,UEFA 2nd Division,2,1997–98,Flora,Hapoel Petah Tikva,1-2,A,Continental,Wikipedia,1997–98 UEFA Cup
1997-07-30,UEFA,UEFA 2nd Division,2,1997–98,Kolkheti Poti,Dinamo Minsk,2-1,H,Continental,Wikipedia,1997–98 UEFA Cup
1997-07-30,UEFA,UEFA 2nd Division,2,1997–98,KÍ,Újpest,2-3,A,Continental,Wikipedia,1997–98 UEFA Cup
1997-07-30,UEFA,UEFA 2nd Division,2,1997–98,Neftochimic Burgas,Brann,3-2,H,Continental,Wikipedia,1997–98 UEFA Cup
1997-07-30,UEFA,UEFA 2nd Division,2,1997–98,Oţelul Galaţi,Gorica,4-2,H,Continental,Wikipedia,1997–98 UEFA Cup
1997-07-30,UEFA,UEFA 2nd Division,2,1997–98,Pobeda,Odra Wodzisław,2-1,H,Continental,Wikipedia,1997–98 UEFA Cup
1997-07-30,UEFA,UEFA 2nd Division,2,1997–98,Qarabağ,Jablonec,0-3,A,Continental,Wikipedia,1997–98 UEFA Cup
1997-07-30,UEFA,UEFA 2nd Division,2,1997–98,Spartak Trnava,Birkirkara,3-1,H,Continental,Wikipedia,1997–98 UEFA Cup
1997-07-30,UEFA,UEFA 2nd Division,2,1997–98,Tiligul Tiraspol,Neuchâtel Xamax,1-3,A,Continental,Wikipedia,1997–98 UEFA Cup
1997-07-30,UEFA,UEFA 2nd Division,2,1997–98,Viking,Vojvodina,0-2,A,Continental,Wikipedia,1997–98 UEFA Cup
1997-07-30,UEFA,UEFA 2nd Division,2,1997–98,Vorskla Poltava,Daugava Rīga,2-1,H,Continental,Wikipedia,1997–98 UEFA Cup
1997-07-30,UEFA,UEFA 2nd Division,2,1997–98,Yerevan,Dnipro Dnipropetrovsk,0-2,A,Continental,Wikipedia,1997–98 UEFA Cup
1997-08-12,UEFA,UEFA 2nd Division,2,1997–98,Alania Vladikavkaz,Dnipro Dnipropetrovsk,2-1,H,Continental,Wikipedia,1997–98 UEFA Cup
1997-08-12,UEFA,UEFA 2nd Division,2,1997–98,Anderlecht,Vorskla Poltava,2-0,H,Continental,Wikipedia,1997–98 UEFA Cup
1997-08-12,UEFA,UEFA 2nd Division,2,1997–98,Apollon Limassol,Mouscron,0-0,D,Continental,Wikipedia,1997–98 UEFA Cup
1997-08-12,UEFA,UEFA 2nd Division,2,1997–98,Dinamo Minsk,Lillestrøm,0-2,A,Continental,Wikipedia,1997–98 UEFA Cup
1997-08-12,UEFA,UEFA 2nd Division,2,1997–98,Gorica,Club Brugge,3-5,A,Continental,Wikipedia,1997–98 UEFA Cup
1997-08-12,UEFA,UEFA 2nd Division,2,1997–98,Grasshopper,Brann,3-0,H,Continental,Wikipedia,1997–98 UEFA Cup
1997-08-12,UEFA,UEFA 2nd Division,2,1997–98,Hajduk Split,Malmö FF,3-2,H,Continental,Wikipedia,1997–98 UEFA Cup
1997-08-12,UEFA,UEFA 2nd Division,2,1997–98,Helsingborg,Ferencváros,0-1,A,Continental,Wikipedia,1997–98 UEFA Cup
1997-08-12,UEFA,UEFA 2nd Division,2,1997–98,Jablonec,Örebro,1-1,D,Continental,Wikipedia,1997–98 UEFA Cup
1997-08-12,UEFA,UEFA 2nd Division,2,1997–98,KR,OFI,0-0,D,Continental,Wikipedia,1997–98 UEFA Cup
1997-08-12,UEFA,UEFA 2nd Division,2,1997–98,Neuchâtel Xamax,Viking,3-0,H,Continental,Wikipedia,1997–98 UEFA Cup
1997-08-12,UEFA,UEFA 2nd Division,2,1997–98,PAOK,Spartak Trnava,5-3,H,Continental,Wikipedia,1997–98 UEFA Cup
1997-08-12,UEFA,UEFA 2nd Division,2,1997–98,Rapid Wien,Boby Brno,6-1,H,Continental,Wikipedia,1997–98 UEFA Cup
1997-08-12,UEFA,UEFA 2nd Division,2,1997–98,Rotor Volgograd,Odra Wodzisław,2-0,H,Continental,Wikipedia,1997–98 UEFA Cup
1997-08-12,UEFA,UEFA 2nd Division,2,1997–98,Tirol Innsbruck,Celtic,2-1,H,Continental,Wikipedia,1997–98 UEFA Cup
1997-08-12,UEFA,UEFA 2nd Division,2,1997–98,Trabzonspor,Dundee United,1-0,H,Continental,Wikipedia,1997–98 UEFA Cup
1997-08-12,UEFA,UEFA 2nd Division,2,1997–98,Vejle,Hapoel Petah Tikva,0-0,D,Continental,Wikipedia,1997–98 UEFA Cup
1997-08-12,UEFA,UEFA 2nd Division,2,1997–98,Újpest,AGF,0-0,D,Continental,Wikipedia,1997–98 UEFA Cup
1997-08-26,UEFA,UEFA 2nd Division,2,1997–98,AGF,Újpest,3-2,H,Continental,Wikipedia,1997–98 UEFA Cup
1997-08-26,UEFA,UEFA 2nd Division,2,1997–98,Boby Brno,Rapid Wien,2-0,H,Continental,Wikipedia,1997–98 UEFA Cup
1997-08-26,UEFA,UEFA 2nd Division,2,1997–98,Brann,Grasshopper,2-0,H,Continental,Wikipedia,1997–98 UEFA Cup
1997-08-26,UEFA,UEFA 2nd Division,2,1997–98,Celtic,Tirol Innsbruck,6-3,H,Continental,Wikipedia,1997–98 UEFA Cup
1997-08-26,UEFA,UEFA 2nd Division,2,1997–98,Club Brugge,Gorica,3-0,H,Continental,Wikipedia,1997–98 UEFA Cup
1997-08-26,UEFA,UEFA 2nd Division,2,1997–98,Dnipro Dnipropetrovsk,Alania Vladikavkaz,1-4,A,Continental,Wikipedia,1997–98 UEFA Cup
1997-08-26,UEFA,UEFA 2nd Division,2,1997–98,Dundee United,Trabzonspor,1-1,D,Continental,Wikipedia,1997–98 UEFA Cup
1997-08-26,UEFA,UEFA 2nd Division,2,1997–98,Ferencváros,Helsingborg,0-1,A,Continental,Wikipedia,1997–98 UEFA Cup
1997-08-26,UEFA,UEFA 2nd Division,2,1997–98,Hapoel Petah Tikva,Vejle,1-0,H,Continental,Wikipedia,1997–98 UEFA Cup
1997-08-26,UEFA,UEFA 2nd Division,2,1997–98,Lillestrøm,Dinamo Minsk,1-0,H,Continental,Wikipedia,1997–98 UEFA Cup
1997-08-26,UEFA,UEFA 2nd Division,2,1997–98,Malmö FF,Hajduk Split,0-2,A,Continental,Wikipedia,1997–98 UEFA Cup
1997-08-26,UEFA,UEFA 2nd Division,2,1997–98,Mouscron,Apollon Limassol,3-0,H,Continental,Wikipedia,1997–98 UEFA Cup
1997-08-26,UEFA,UEFA 2nd Division,2,1997–98,OFI,KR,3-1,H,Continental,Wikipedia,1997–98 UEFA Cup
1997-08-26,UEFA,UEFA 2nd Division,2,1997–98,Odra Wodzisław,Rotor Volgograd,3-4,A,Continental,Wikipedia,1997–98 UEFA Cup
1997-08-26,UEFA,UEFA 2nd Division,2,1997–98,Spartak Trnava,PAOK,0-1,A,Continental,Wikipedia,1997–98 UEFA Cup
1997-08-26,UEFA,UEFA 2nd Division,2,1997–98,Viking,Neuchâtel Xamax,2-1,H,Continental,Wikipedia,1997–98 UEFA Cup
1997-08-26,UEFA,UEFA 2nd Division,2,1997–98,Vorskla Poltava,Anderlecht,0-2,A,Continental,Wikipedia,1997–98 UEFA Cup
1997-08-26,UEFA,UEFA 2nd Division,2,1997–98,Örebro,Jablonec,0-0,D,Continental,Wikipedia,1997–98 UEFA Cup
1997-09-16,UEFA,UEFA 2nd Division,2,1997–98,AGF,Nantes,2-2,D,Continental,Wikipedia,1997–98 UEFA Cup
1997-09-16,UEFA,UEFA 2nd Division,2,1997–98,Atlético Madrid,Leicester City,2-1,H,Continental,Wikipedia,1997–98 UEFA Cup
1997-09-16,UEFA,UEFA 2nd Division,2,1997–98,Bastia,Benfica,1-0,H,Continental,Wikipedia,1997–98 UEFA Cup
1997-09-16,UEFA,UEFA 2nd Division,2,1997–98,Beitar Jerusalem,Club Brugge,2-1,H,Continental,Wikipedia,1997–98 UEFA Cup
1997-09-16,UEFA,UEFA 2nd Division,2,1997–98,Bordeaux,Aston Villa,0-0,D,Continental,Wikipedia,1997–98 UEFA Cup
1997-09-16,UEFA,UEFA 2nd Division,2,1997–98,Celtic,Liverpool,2-2,D,Continental,Wikipedia,1997–98 UEFA Cup
1997-09-16,UEFA,UEFA 2nd Division,2,1997–98,Croatia Zagreb,Grasshopper,4-4,D,Continental,Wikipedia,1997–98 UEFA Cup
1997-09-16,UEFA,UEFA 2nd Division,2,1997–98,Deportivo La Coruña,Auxerre,1-2,A,Continental,Wikipedia,1997–98 UEFA Cup
1997-09-16,UEFA,UEFA 2nd Division,2,1997–98,Internazionale,Neuchâtel Xamax,2-0,H,Continental,Wikipedia,1997–98 UEFA Cup
1997-09-16,UEFA,UEFA 2nd Division,2,1997–98,Jazz,1860 Munich,0-1,A,Continental,Wikipedia,1997–98 UEFA Cup
1997-09-16,UEFA,UEFA 2nd Division,2,1997–98,Karlsruhe,Anorthosis Famagusta,2-1,H,Continental,Wikipedia,1997–98 UEFA Cup
1997-09-16,UEFA,UEFA 2nd Division,2,1997–98,Lyon,Brøndby,4-1,H,Continental,Wikipedia,1997–98 UEFA Cup
1997-09-16,UEFA,UEFA 2nd Division,2,1997–98,MPKC Mozyr,Dinamo Tbilisi,1-1,D,Continental,Wikipedia,1997–98 UEFA Cup
1997-09-16,UEFA,UEFA 2nd Division,2,1997–98,MTK,Alania Vladikavkaz,3-0,H,Continental,Wikipedia,1997–98 UEFA Cup
1997-09-16,UEFA,UEFA 2nd Division,2,1997–98,Maribor,Ajax,1-1,D,Continental,Wikipedia,1997–98 UEFA Cup
1997-09-16,UEFA,UEFA 2nd Division,2,1997–98,Mouscron,Metz,0-2,A,Continental,Wikipedia,1997–98 UEFA Cup
1997-09-16,UEFA,UEFA 2nd Division,2,1997–98,OFI,Ferencváros,3-0,H,Continental,Wikipedia,1997–98 UEFA Cup
1997-09-16,UEFA,UEFA 2nd Division,2,1997–98,PAOK,Arsenal,1-0,H,Continental,Wikipedia,1997–98 UEFA Cup
1997-09-16,UEFA,UEFA 2nd Division,2,1997–98,Rapid Wien,Hapoel Petah Tikva,1-0,H,Continental,Wikipedia,1997–98 UEFA Cup
1997-09-16,UEFA,UEFA 2nd Division,2,1997–98,Real Valladolid,Skonto,2-0,H,Continental,Wikipedia,1997–98 UEFA Cup
1997-09-16,UEFA,UEFA 2nd Division,2,1997–98,Rotor Volgograd,Örebro,2-0,H,Continental,Wikipedia,1997–98 UEFA Cup
1997-09-16,UEFA,UEFA 2nd Division,2,1997–98,Sampdoria,Athletic Bilbao,1-2,A,Continental,Wikipedia,1997–98 UEFA Cup
1997-09-16,UEFA,UEFA 2nd Division,2,1997–98,Schalke 04,Hajduk Split,2-0,H,Continental,Wikipedia,1997–98 UEFA Cup
1997-09-16,UEFA,UEFA 2nd Division,2,1997–98,Sion,Spartak Moscow,0-1,A,Continental,Wikipedia,1997–98 UEFA Cup
1997-09-16,UEFA,UEFA 2nd Division,2,1997–98,Steaua București,Fenerbahçe,0-0,D,Continental,Wikipedia,1997–98 UEFA Cup
1997-09-16,UEFA,UEFA 2nd Division,2,1997–98,Strasbourg,Rangers,2-1,H,Continental,Wikipedia,1997–98 UEFA Cup
1997-09-16,UEFA,UEFA 2nd Division,2,1997–98,Trabzonspor,Bochum,2-1,H,Continental,Wikipedia,1997–98 UEFA Cup
1997-09-16,UEFA,UEFA 2nd Division,2,1997–98,Twente,Lillestrøm,0-1,A,Continental,Wikipedia,1997–98 UEFA Cup
1997-09-16,UEFA,UEFA 2nd Division,2,1997–98,Vitesse,Braga,2-1,H,Continental,Wikipedia,1997–98 UEFA Cup
1997-09-16,UEFA,UEFA 2nd Division,2,1997–98,Vitória Guimarães,Lazio,0-4,A,Continental,Wikipedia,1997–98 UEFA Cup
1997-09-16,UEFA,UEFA 2nd Division,2,1997–98,Widzew Łódź,Udinese,1-0,H,Continental,Wikipedia,1997–98 UEFA Cup
1997-09-16,UEFA,UEFA 2nd Division,2,1997–98,Wüstenrot Salzburg,Anderlecht,4-3,H,Continental,Wikipedia,1997–98 UEFA Cup
1997-09-30,UEFA,UEFA 2nd Division,2,1997–98,1860 Munich,Jazz,6-1,H,Continental,Wikipedia,1997–98 UEFA Cup
1997-09-30,UEFA,UEFA 2nd Division,2,1997–98,Ajax,Maribor,9-1,H,Continental,Wikipedia,1997–98 UEFA Cup
1997-09-30,UEFA,UEFA 2nd Division,2,1997–98,Alania Vladikavkaz,MTK,1-1,D,Continental,Wikipedia,1997–98 UEFA Cup
1997-09-30,UEFA,UEFA 2nd Division,2,1997–98,Anderlecht,Wüstenrot Salzburg,4-2,H,Continental,Wikipedia,1997–98 UEFA Cup
1997-09-30,UEFA,UEFA 2nd Division,2,1997–98,Anorthosis Famagusta,Karlsruhe,1-1,D,Continental,Wikipedia,1997–98 UEFA Cup
1997-09-30,UEFA,UEFA 2nd Division,2,1997–98,Arsenal,PAOK,1-1,D,Continental,Wikipedia,1997–98 UEFA Cup
1997-09-30,UEFA,UEFA 2nd Division,2,1997–98,Aston Villa,Bordeaux,1-0,H,Continental,Wikipedia,1997–98 UEFA Cup
1997-09-30,UEFA,UEFA 2nd Division,2,1997–98,Athletic Bilbao,Sampdoria,2-0,H,Continental,Wikipedia,1997–98 UEFA Cup
1997-09-30,UEFA,UEFA 2nd Division,2,1997–98,Auxerre,Deportivo La Coruña,0-0,D,Continental,Wikipedia,1997–98 UEFA Cup
1997-09-30,UEFA,UEFA 2nd Division,2,1997–98,Benfica,Bastia,0-0,D,Continental,Wikipedia,1997–98 UEFA Cup
1997-09-30,UEFA,UEFA 2nd Division,2,1997–98,Bochum,Trabzonspor,5-3,H,Continental,Wikipedia,1997–98 UEFA Cup
1997-09-30,UEFA,UEFA 2nd Division,2,1997–98,Braga,Vitesse,2-0,H,Continental,Wikipedia,1997–98 UEFA Cup
1997-09-30,UEFA,UEFA 2nd Division,2,1997–98,Brøndby,Lyon,2-3,A,Continental,Wikipedia,1997–98 UEFA Cup
1997-09-30,UEFA,UEFA 2nd Division,2,1997–98,Club Brugge,Beitar Jerusalem,3-0,H,Continental,Wikipedia,1997–98 UEFA Cup
1997-09-30,UEFA,UEFA 2nd Division,2,1997–98,Dinamo Tbilisi,MPKC Mozyr,1-0,H,Continental,Wikipedia,1997–98 UEFA Cup
1997-09-30,UEFA,UEFA 2nd Division,2,1997–98,Fenerbahçe,Steaua București,1-2,A,Continental,Wikipedia,1997–98 UEFA Cup
1997-09-30,UEFA,UEFA 2nd Division,2,1997–98,Ferencváros,OFI,2-1,H,Continental,Wikipedia,1997–98 UEFA Cup
1997-09-30,UEFA,UEFA 2nd Division,2,1997–98,Grasshopper,Croatia Zagreb,0-5,A,Continental,Wikipedia,1997–98 UEFA Cup
1997-09-30,UEFA,UEFA 2nd Division,2,1997–98,Hajduk Split,Schalke 04,2-3,A,Continental,Wikipedia,1997–98 UEFA Cup
1997-09-30,UEFA,UEFA 2nd Division,2,1997–98,Hapoel Petah Tikva,Rapid Wien,1-1,D,Continental,Wikipedia,1997–98 UEFA Cup
1997-09-30,UEFA,UEFA 2nd Division,2,1997–98,Lazio,Vitória Guimarães,2-1,H,Continental,Wikipedia,1997–98 UEFA Cup
1997-09-30,UEFA,UEFA 2nd Division,2,1997–98,Leicester City,Atlético Madrid,0-2,A,Continental,Wikipedia,1997–98 UEFA Cup
1997-09-30,UEFA,UEFA 2nd Division,2,1997–98,Lillestrøm,Twente,1-2,A,Continental,Wikipedia,1997–98 UEFA Cup
1997-09-30,UEFA,UEFA 2nd Division,2,1997–98,Liverpool,Celtic,0-0,D,Continental,Wikipedia,1997–98 UEFA Cup
1997-09-30,UEFA,UEFA 2nd Division,2,1997–98,Metz,Mouscron,4-1,H,Continental,Wikipedia,1997–98 UEFA Cup
1997-09-30,UEFA,UEFA 2nd Division,2,1997–98,Nantes,AGF,0-1,A,Continental,Wikipedia,1997–98 UEFA Cup
1997-09-30,UEFA,UEFA 2nd Division,2,1997–98,Neuchâtel Xamax,Internazionale,0-2,A,Continental,Wikipedia,1997–98 UEFA Cup
1997-09-30,UEFA,UEFA 2nd Division,2,1997–98,Rangers,Strasbourg,1-2,A,Continental,Wikipedia,1997–98 UEFA Cup
1997-09-30,UEFA,UEFA 2nd Division,2,1997–98,Skonto,Real Valladolid,1-0,H,Continental,Wikipedia,1997–98 UEFA Cup
1997-09-30,UEFA,UEFA 2nd Division,2,1997–98,Udinese,Widzew Łódź,3-0,H,Continental,Wikipedia,1997–98 UEFA Cup
1997-09-30,UEFA,UEFA 2nd Division,2,1997–98,Örebro,Rotor Volgograd,1-4,A,Continental,Wikipedia,1997–98 UEFA Cup
1997-10-15,UEFA,UEFA 2nd Division,2,1997–98,Spartak Moscow,Sion,5-1,H,Continental,Wikipedia,1997–98 UEFA Cup
1997-10-21,UEFA,UEFA 2nd Division,2,1997–98,AGF,Twente,1-1,D,Continental,Wikipedia,1997–98 UEFA Cup
1997-10-21,UEFA,UEFA 2nd Division,2,1997–98,Ajax,Udinese,1-0,H,Continental,Wikipedia,1997–98 UEFA Cup
1997-10-21,UEFA,UEFA 2nd Division,2,1997–98,Athletic Bilbao,Aston Villa,0-0,D,Continental,Wikipedia,1997–98 UEFA Cup
1997-10-21,UEFA,UEFA 2nd Division,2,1997–98,Atlético Madrid,PAOK,5-2,H,Continental,Wikipedia,1997–98 UEFA Cup
1997-10-21,UEFA,UEFA 2nd Division,2,1997–98,Auxerre,OFI,3-1,H,Continental,Wikipedia,1997–98 UEFA Cup
1997-10-21,UEFA,UEFA 2nd Division,2,1997–98,Braga,Dinamo Tbilisi,4-0,H,Continental,Wikipedia,1997–98 UEFA Cup
1997-10-21,UEFA,UEFA 2nd Division,2,1997–98,Club Brugge,Bochum,1-0,H,Continental,Wikipedia,1997–98 UEFA Cup
1997-10-21,UEFA,UEFA 2nd Division,2,1997–98,Internazionale,Lyon,1-2,A,Continental,Wikipedia,1997–98 UEFA Cup
1997-10-21,UEFA,UEFA 2nd Division,2,1997–98,MTK,Croatia Zagreb,1-0,H,Continental,Wikipedia,1997–98 UEFA Cup
1997-10-21,UEFA,UEFA 2nd Division,2,1997–98,Metz,Karlsruhe,0-2,A,Continental,Wikipedia,1997–98 UEFA Cup
1997-10-21,UEFA,UEFA 2nd Division,2,1997–98,Rotor Volgograd,Lazio,0-0,D,Continental,Wikipedia,1997–98 UEFA Cup
1997-10-21,UEFA,UEFA 2nd Division,2,1997–98,Schalke 04,Anderlecht,1-0,H,Continental,Wikipedia,1997–98 UEFA Cup
1997-10-21,UEFA,UEFA 2nd Division,2,1997–98,Spartak Moscow,Real Valladolid,2-0,H,Continental,Wikipedia,1997–98 UEFA Cup
1997-10-21,UEFA,UEFA 2nd Division,2,1997–98,Steaua București,Bastia,1-0,H,Continental,Wikipedia,1997–98 UEFA Cup
1997-10-21,UEFA,UEFA 2nd Division,2,1997–98,Strasbourg,Liverpool,3-0,H,Continental,Wikipedia,1997–98 UEFA Cup
1997-10-22,UEFA,UEFA 2nd Division,2,1997–98,Rapid Wien,1860 Munich,3-0,H,Continental,Wikipedia,1997–98 UEFA Cup
1997-11-04,UEFA,UEFA 2nd Division,2,1997–98,1860 Munich,Rapid Wien,2-1,H,Continental,Wikipedia,1997–98 UEFA Cup
1997-11-04,UEFA,UEFA 2nd Division,2,1997–98,Anderlecht,Schalke 04,1-2,A,Continental,Wikipedia,1997–98 UEFA Cup
1997-11-04,UEFA,UEFA 2nd Division,2,1997–98,Aston Villa,Athletic Bilbao,2-1,H,Continental,Wikipedia,1997–98 UEFA Cup
1997-11-04,UEFA,UEFA 2nd Division,2,1997–98,Bastia,Steaua București,3-2,H,Continental,Wikipedia,1997–98 UEFA Cup
1997-11-04,UEFA,UEFA 2nd Division,2,1997–98,Croatia Zagreb,MTK,2-0,H,Continental,Wikipedia,1997–98 UEFA Cup
1997-11-04,UEFA,UEFA 2nd Division,2,1997–98,Dinamo Tbilisi,Braga,0-1,A,Continental,Wikipedia,1997–98 UEFA Cup
1997-11-04,UEFA,UEFA 2nd Division,2,1997–98,Karlsruhe,Metz,1-1,D,Continental,Wikipedia,1997–98 UEFA Cup
1997-11-04,UEFA,UEFA 2nd Division,2,1997–98,Lazio,Rotor Volgograd,3-0,H,Continental,Wikipedia,1997–98 UEFA Cup
1997-11-04,UEFA,UEFA 2nd Division,2,1997–98,Liverpool,Strasbourg,2-0,H,Continental,Wikipedia,1997–98 UEFA Cup
1997-11-04,UEFA,UEFA 2nd Division,2,1997–98,Lyon,Internazionale,1-3,A,Continental,Wikipedia,1997–98 UEFA Cup
1997-11-04,UEFA,UEFA 2nd Division,2,1997–98,OFI,Auxerre,3-2,H,Continental,Wikipedia,1997–98 UEFA Cup
1997-11-04,UEFA,UEFA 2nd Division,2,1997–98,PAOK,Atlético Madrid,4-4,D,Continental,Wikipedia,1997–98 UEFA Cup
1997-11-04,UEFA,UEFA 2nd Division,2,1997–98,Real Valladolid,Spartak Moscow,1-2,A,Continental,Wikipedia,1997–98 UEFA Cup
1997-11-04,UEFA,UEFA 2nd Division,2,1997–98,Twente,AGF,0-0,D,Continental,Wikipedia,1997–98 UEFA Cup
1997-11-04,UEFA,UEFA 2nd Division,2,1997–98,Udinese,Ajax,2-1,H,Continental,Wikipedia,1997–98 UEFA Cup
1997-11-06,UEFA,UEFA 2nd Division,2,1997–98,Bochum,Club Brugge,4-1,H,Continental,Wikipedia,1997–98 UEFA Cup
1997-11-25,UEFA,UEFA 2nd Division,2,1997–98,Ajax,Bochum,4-2,H,Continental,Wikipedia,1997–98 UEFA Cup
1997-11-25,UEFA,UEFA 2nd Division,2,1997–98,Braga,Schalke 04,0-0,D,Continental,Wikipedia,1997–98 UEFA Cup
1997-11-25,UEFA,UEFA 2nd Division,2,1997–98,Croatia Zagreb,Atlético Madrid,1-1,D,Continental,Wikipedia,1997–98 UEFA Cup
1997-11-25,UEFA,UEFA 2nd Division,2,1997–98,Karlsruhe,Spartak Moscow,0-0,D,Continental,Wikipedia,1997–98 UEFA Cup
1997-11-25,UEFA,UEFA 2nd Division,2,1997–98,Rapid Wien,Lazio,0-2,A,Continental,Wikipedia,1997–98 UEFA Cup
1997-11-25,UEFA,UEFA 2nd Division,2,1997–98,Steaua București,Aston Villa,2-1,H,Continental,Wikipedia,1997–98 UEFA Cup
1997-11-25,UEFA,UEFA 2nd Division,2,1997–98,Strasbourg,Internazionale,2-0,H,Continental,Wikipedia,1997–98 UEFA Cup
1997-11-25,UEFA,UEFA 2nd Division,2,1997–98,Twente,Auxerre,0-1,A,Continental,Wikipedia,1997–98 UEFA Cup
1997-12-09,UEFA,UEFA 2nd Division,2,1997–98,Aston Villa,Steaua București,2-0,H,Continental,Wikipedia,1997–98 UEFA Cup
1997-12-09,UEFA,UEFA 2nd Division,2,1997–98,Atlético Madrid,Croatia Zagreb,1-0,H,Continental,Wikipedia,1997–98 UEFA Cup
1997-12-09,UEFA,UEFA 2nd Division,2,1997–98,Auxerre,Twente,2-0,H,Continental,Wikipedia,1997–98 UEFA Cup
1997-12-09,UEFA,UEFA 2nd Division,2,1997–98,Internazionale,Strasbourg,3-0,H,Continental,Wikipedia,1997–98 UEFA Cup
1997-12-09,UEFA,UEFA 2nd Division,2,1997–98,Lazio,Rapid Wien,1-0,H,Continental,Wikipedia,1997–98 UEFA Cup
1997-12-09,UEFA,UEFA 2nd Division,2,1997–98,Schalke 04,Braga,2-0,H,Continental,Wikipedia,1997–98 UEFA Cup
1997-12-09,UEFA,UEFA 2nd Division,2,1997–98,Spartak Moscow,Karlsruhe,1-0,H,Continental,Wikipedia,1997–98 UEFA Cup
1997-12-11,UEFA,UEFA 2nd Division,2,1997–98,Bochum,Ajax,2-2,D,Continental,Wikipedia,1997–98 UEFA Cup
1998-03-03,UEFA,UEFA 2nd Division,2,1997–98,Ajax,Spartak Moscow,1-3,A,Continental,Wikipedia,1997–98 UEFA Cup
1998-03-03,UEFA,UEFA 2nd Division,2,1997–98,Atlético Madrid,Aston Villa,1-0,H,Continental,Wikipedia,1997–98 UEFA Cup
1998-03-03,UEFA,UEFA 2nd Division,2,1997–98,Internazionale,Schalke 04,1-0,H,Continental,Wikipedia,1997–98 UEFA Cup
1998-03-03,UEFA,UEFA 2nd Division,2,1997–98,Lazio,Auxerre,1-0,H,Continental,Wikipedia,1997–98 UEFA Cup
1998-03-17,UEFA,UEFA 2nd Division,2,1997–98,Aston Villa,Atlético Madrid,2-1,H,Continental,Wikipedia,1997–98 UEFA Cup
1998-03-17,UEFA,UEFA 2nd Division,2,1997–98,Auxerre,Lazio,2-2,D,Continental,Wikipedia,1997–98 UEFA Cup
1998-03-17,UEFA,UEFA 2nd Division,2,1997–98,Schalke 04,Internazionale,1-1,D,Continental,Wikipedia,1997–98 UEFA Cup
1998-03-17,UEFA,UEFA 2nd Division,2,1997–98,Spartak Moscow,Ajax,1-0,H,Continental,Wikipedia,1997–98 UEFA Cup
1998-03-31,UEFA,UEFA 2nd Division,2,1997–98,Atlético Madrid,Lazio,0-1,A,Continental,Wikipedia,1997–98 UEFA Cup
1998-03-31,UEFA,UEFA 2nd Division,2,1997–98,Internazionale,Spartak Moscow,2-1,H,Continental,Wikipedia,1997–98 UEFA Cup
1998-04-14,UEFA,UEFA 2nd Division,2,1997–98,Lazio,Atlético Madrid,0-0,D,Continental,Wikipedia,1997–98 UEFA Cup
1998-04-14,UEFA,UEFA 2nd Division,2,1997–98,Spartak Moscow,Internazionale,1-2,A,Continental,Wikipedia,1997–98 UEFA Cup
1998-07-21,UEFA,UEFA 2nd Division,2,1998–99,Germinal Ekeren,Sarajevo,4-1,H,Continental,Wikipedia,1998–99 UEFA Cup
1998-07-22,UEFA,UEFA 2nd Division,2,1998–99,Argeș Pitești,Dinamo Baku,5-1,H,Continental,Wikipedia,1998–99 UEFA Cup
1998-07-22,UEFA,UEFA 2nd Division,2,1998–99,Belshina Bobruisk,CSKA Sofia,0-0,D,Continental,Wikipedia,1998–99 UEFA Cup
1998-07-22,UEFA,UEFA 2nd Division,2,1998–99,Ferencváros,Principat,6-0,H,Continental,Wikipedia,1998–99 UEFA Cup
1998-07-22,UEFA,UEFA 2nd Division,2,1998–99,HB,VPS,2-0,H,Continental,Wikipedia,1998–99 UEFA Cup
1998-07-22,UEFA,UEFA 2nd Division,2,1998–99,Hapoel Tel Aviv,FinnPa,3-1,H,Continental,Wikipedia,1998–99 UEFA Cup
1998-07-22,UEFA,UEFA 2nd Division,2,1998–99,Inter Bratislava,SK Tirana,2-0,H,Continental,Wikipedia,1998–99 UEFA Cup
1998-07-22,UEFA,UEFA 2nd Division,2,1998–99,Kolkheti Poti,Red Star Belgrade,0-4,A,Continental,Wikipedia,1998–99 UEFA Cup
1998-07-22,UEFA,UEFA 2nd Division,2,1998–99,Mura,Daugava Rīga,6-1,H,Continental,Wikipedia,1998–99 UEFA Cup
1998-07-22,UEFA,UEFA 2nd Division,2,1998–99,Newtown,Wisła Kraków,0-0,D,Continental,Wikipedia,1998–99 UEFA Cup
1998-07-22,UEFA,UEFA 2nd Division,2,1998–99,Omonia,Linfield,5-1,H,Continental,Wikipedia,1998–99 UEFA Cup
1998-07-22,UEFA,UEFA 2nd Division,2,1998–99,Oțelul Galați,Sloga Jugomagnat,3-0,H,Continental,Wikipedia,1998–99 UEFA Cup
1998-07-22,UEFA,UEFA 2nd Division,2,1998–99,Shakhtar Donetsk,Birkirkara,2-1,H,Continental,Wikipedia,1998–99 UEFA Cup
1998-07-22,UEFA,UEFA 2nd Division,2,1998–99,Shelbourne,Rangers,3-5,A,Continental,Wikipedia,1998–99 UEFA Cup
1998-07-22,UEFA,UEFA 2nd Division,2,1998–99,Shirak,Malmö FF,0-2,A,Continental,Wikipedia,1998–99 UEFA Cup
1998-07-22,UEFA,UEFA 2nd Division,2,1998–99,Tallinna Sadam,Polonia Warsaw,0-2,A,Continental,Wikipedia,1998–99 UEFA Cup
1998-07-22,UEFA,UEFA 2nd Division,2,1998–99,Tiligul Tiraspol,Anderlecht,0-1,A,Continental,Wikipedia,1998–99 UEFA Cup
1998-07-22,UEFA,UEFA 2nd Division,2,1998–99,Union Luxembourg,IFK Göteborg,0-3,A,Continental,Wikipedia,1998–99 UEFA Cup
1998-07-22,UEFA,UEFA 2nd Division,2,1998–99,ÍA,Žalgiris Vilnius,3-2,H,Continental,Wikipedia,1998–99 UEFA Cup
1998-07-22,UEFA,UEFA 2nd Division,2,1998–99,Željezničar,Kilmarnock,1-1,D,Continental,Wikipedia,1998–99 UEFA Cup
1998-07-28,UEFA,UEFA 2nd Division,2,1998–99,Sarajevo,Germinal Ekeren,0-0,D,Continental,Wikipedia,1998–99 UEFA Cup
1998-07-29,UEFA,UEFA 2nd Division,2,1998–99,Anderlecht,Tiligul Tiraspol,5-0,H,Continental,Wikipedia,1998–99 UEFA Cup
1998-07-29,UEFA,UEFA 2nd Division,2,1998–99,Birkirkara,Shakhtar Donetsk,0-4,A,Continental,Wikipedia,1998–99 UEFA Cup
1998-07-29,UEFA,UEFA 2nd Division,2,1998–99,CSKA Sofia,Belshina Bobruisk,3-1,H,Continental,Wikipedia,1998–99 UEFA Cup
1998-07-29,UEFA,UEFA 2nd Division,2,1998–99,Daugava Riga,Mura,1-2,A,Continental,Wikipedia,1998–99 UEFA Cup
1998-07-29,UEFA,UEFA 2nd Division,2,1998–99,Dinamo Baku,Argeș Pitești,0-2,A,Continental,Wikipedia,1998–99 UEFA Cup
1998-07-29,UEFA,UEFA 2nd Division,2,1998–99,FinnPa,Hapoel Tel Aviv,1-3,A,Continental,Wikipedia,1998–99 UEFA Cup
1998-07-29,UEFA,UEFA 2nd Division,2,1998–99,IFK Göteborg,Union Luxembourg,4-0,H,Continental,Wikipedia,1998–99 UEFA Cup
1998-07-29,UEFA,UEFA 2nd Division,2,1998–99,Kilmarnock,Željezničar,1-0,H,Continental,Wikipedia,1998–99 UEFA Cup
1998-07-29,UEFA,UEFA 2nd Division,2,1998–99,Linfield,Omonia,5-3,H,Continental,Wikipedia,1998–99 UEFA Cup
1998-07-29,UEFA,UEFA 2nd Division,2,1998–99,Malmö FF,Shirak,5-0,H,Continental,Wikipedia,1998–99 UEFA Cup
1998-07-29,UEFA,UEFA 2nd Division,2,1998–99,Polonia Warsaw,Tallinna Sadam,3-1,H,Continental,Wikipedia,1998–99 UEFA Cup
1998-07-29,UEFA,UEFA 2nd Division,2,1998–99,Principat,Ferencváros,1-8,A,Continental,Wikipedia,1998–99 UEFA Cup
1998-07-29,UEFA,UEFA 2nd Division,2,1998–99,Rangers,Shelbourne,2-0,H,Continental,Wikipedia,1998–99 UEFA Cup
1998-07-29,UEFA,UEFA 2nd Division,2,1998–99,Red Star Belgrade,Kolkheti Poti,7-0,H,Continental,Wikipedia,1998–99 UEFA Cup
1998-07-29,UEFA,UEFA 2nd Division,2,1998–99,SK Tirana,Inter Bratislava,0-2,A,Continental,Wikipedia,1998–99 UEFA Cup
1998-07-29,UEFA,UEFA 2nd Division,2,1998–99,Sloga Jugomagnat,Oţelul Galaţi,1-1,D,Continental,Wikipedia,1998–99 UEFA Cup
1998-07-29,UEFA,UEFA 2nd Division,2,1998–99,VPS,HB Tórshavn,4-0,H,Continental,Wikipedia,1998–99 UEFA Cup
1998-07-29,UEFA,UEFA 2nd Division,2,1998–99,Wisła Kraków,Newtown,7-0,H,Continental,Wikipedia,1998–99 UEFA Cup
1998-07-29,UEFA,UEFA 2nd Division,2,1998–99,Žalgiris Vilnius,ÍA,1-0,H,Continental,Wikipedia,1998–99 UEFA Cup
1998-08-11,UEFA,UEFA 2nd Division,2,1998–99,Argeş Piteşti,İstanbulspor,2-0,H,Continental,Wikipedia,1998–99 UEFA Cup
1998-08-11,UEFA,UEFA 2nd Division,2,1998–99,Brann,Zalgiris Vilnius,1-0,H,Continental,Wikipedia,1998–99 UEFA Cup
1998-08-11,UEFA,UEFA 2nd Division,2,1998–99,Ferencváros,AEK Athens,4-2,H,Continental,Wikipedia,1998–99 UEFA Cup
1998-08-11,UEFA,UEFA 2nd Division,2,1998–99,Germinal Ekeren,Servette,1-4,A,Continental,Wikipedia,1998–99 UEFA Cup
1998-08-11,UEFA,UEFA 2nd Division,2,1998–99,Hajduk Split,Malmö,1-1,D,Continental,Wikipedia,1998–99 UEFA Cup
1998-08-11,UEFA,UEFA 2nd Division,2,1998–99,Hapoel Tel Aviv,Strømsgodset,1-0,H,Continental,Wikipedia,1998–99 UEFA Cup
1998-08-11,UEFA,UEFA 2nd Division,2,1998–99,IFK Göteborg,Fenerbahçe,2-1,H,Continental,Wikipedia,1998–99 UEFA Cup
1998-08-11,UEFA,UEFA 2nd Division,2,1998–99,Molde,CSKA Sofia,0-0,D,Continental,Wikipedia,1998–99 UEFA Cup
1998-08-11,UEFA,UEFA 2nd Division,2,1998–99,Mura,Silkeborg,0-0,D,Continental,Wikipedia,1998–99 UEFA Cup
1998-08-11,UEFA,UEFA 2nd Division,2,1998–99,Omonia,Rapid Wien,3-1,H,Continental,Wikipedia,1998–99 UEFA Cup
1998-08-11,UEFA,UEFA 2nd Division,2,1998–99,Osijek,Anderlecht,3-1,H,Continental,Wikipedia,1998–99 UEFA Cup
1998-08-11,UEFA,UEFA 2nd Division,2,1998–99,Polonia Warsaw,Dynamo Moscow,0-1,A,Continental,Wikipedia,1998–99 UEFA Cup
1998-08-11,UEFA,UEFA 2nd Division,2,1998–99,Rangers,PAOK,2-0,H,Continental,Wikipedia,1998–99 UEFA Cup
1998-08-11,UEFA,UEFA 2nd Division,2,1998–99,Red Star Belgrade,Rotor Volgograd,2-1,H,Continental,Wikipedia,1998–99 UEFA Cup
1998-08-11,UEFA,UEFA 2nd Division,2,1998–99,Sigma Olomouc,Kilmarnock,2-0,H,Continental,Wikipedia,1998–99 UEFA Cup
1998-08-11,UEFA,UEFA 2nd Division,2,1998–99,Slavia Prague,Inter Bratislava,4-0,H,Continental,Wikipedia,1998–99 UEFA Cup
1998-08-11,UEFA,UEFA 2nd Division,2,1998–99,VPS,GAK,0-0,D,Continental,Wikipedia,1998–99 UEFA Cup
1998-08-11,UEFA,UEFA 2nd Division,2,1998–99,Vejle,Oţelul Galaţi,3-0,H,Continental,Wikipedia,1998–99 UEFA Cup
1998-08-11,UEFA,UEFA 2nd Division,2,1998–99,Wisła Kraków,Trabzonspor,5-1,H,Continental,Wikipedia,1998–99 UEFA Cup
1998-08-11,UEFA,UEFA 2nd Division,2,1998–99,Zürich,Shakhtar Donetsk,4-0,H,Continental,Wikipedia,1998–99 UEFA Cup
1998-08-25,UEFA,UEFA 2nd Division,2,1998–99,AEK Athens,Ferencváros,4-0,H,Continental,Wikipedia,1998–99 UEFA Cup
1998-08-25,UEFA,UEFA 2nd Division,2,1998–99,Anderlecht,Osijek,2-0,H,Continental,Wikipedia,1998–99 UEFA Cup
1998-08-25,UEFA,UEFA 2nd Division,2,1998–99,CSKA Sofia,Molde,2-0,H,Continental,Wikipedia,1998–99 UEFA Cup
1998-08-25,UEFA,UEFA 2nd Division,2,1998–99,Dynamo Moscow,Polonia Warsaw,1-0,H,Continental,Wikipedia,1998–99 UEFA Cup
1998-08-25,UEFA,UEFA 2nd Division,2,1998–99,Fenerbahçe,IFK Göteborg,1-0,H,Continental,Wikipedia,1998–99 UEFA Cup
1998-08-25,UEFA,UEFA 2nd Division,2,1998–99,GAK,VPS,3-0,H,Continental,Wikipedia,1998–99 UEFA Cup
1998-08-25,UEFA,UEFA 2nd Division,2,1998–99,Inter Bratislava,Slavia Prague,2-0,H,Continental,Wikipedia,1998–99 UEFA Cup
1998-08-25,UEFA,UEFA 2nd Division,2,1998–99,Kilmarnock,Sigma Olomouc,0-2,A,Continental,Wikipedia,1998–99 UEFA Cup
1998-08-25,UEFA,UEFA 2nd Division,2,1998–99,Malmö,Hajduk Split,1-2,A,Continental,Wikipedia,1998–99 UEFA Cup
1998-08-25,UEFA,UEFA 2nd Division,2,1998–99,Oţelul Galaţi,Vejle,0-3,A,Continental,Wikipedia,1998–99 UEFA Cup
1998-08-25,UEFA,UEFA 2nd Division,2,1998–99,PAOK,Rangers,0-0,D,Continental,Wikipedia,1998–99 UEFA Cup
1998-08-25,UEFA,UEFA 2nd Division,2,1998–99,Rapid Wien,Omonia,2-0,H,Continental,Wikipedia,1998–99 UEFA Cup
1998-08-25,UEFA,UEFA 2nd Division,2,1998–99,Rotor Volgograd,Red Star Belgrade,1-2,A,Continental,Wikipedia,1998–99 UEFA Cup
1998-08-25,UEFA,UEFA 2nd Division,2,1998–99,Servette,Germinal Ekeren,1-2,A,Continental,Wikipedia,1998–99 UEFA Cup
1998-08-25,UEFA,UEFA 2nd Division,2,1998–99,Shakhtar Donetsk,Zürich,3-2,H,Continental,Wikipedia,1998–99 UEFA Cup
1998-08-25,UEFA,UEFA 2nd Division,2,1998–99,Silkeborg,Mura,2-0,H,Continental,Wikipedia,1998–99 UEFA Cup
1998-08-25,UEFA,UEFA 2nd Division,2,1998–99,Strømsgodset,Hapoel Tel Aviv,1-0,H,Continental,Wikipedia,1998–99 UEFA Cup
1998-08-25,UEFA,UEFA 2nd Division,2,1998–99,Trabzonspor,Wisła Kraków,1-2,A,Continental,Wikipedia,1998–99 UEFA Cup
1998-08-25,UEFA,UEFA 2nd Division,2,1998–99,Zalgiris Vilnius,Brann,0-0,D,Continental,Wikipedia,1998–99 UEFA Cup
1998-08-27,UEFA,UEFA 2nd Division,2,1998–99,İstanbulspor,Argeş Piteşti,4-2,H,Continental,Wikipedia,1998–99 UEFA Cup
1998-09-15,UEFA,UEFA 2nd Division,2,1998–99,Argeş Piteşti,Celta Vigo,0-1,A,Continental,Wikipedia,1998–99 UEFA Cup
1998-09-15,UEFA,UEFA 2nd Division,2,1998–99,Aston Villa,Strømsgodset,3-2,H,Continental,Wikipedia,1998–99 UEFA Cup
1998-09-15,UEFA,UEFA 2nd Division,2,1998–99,Atlético Madrid,Obilić,2-0,H,Continental,Wikipedia,1998–99 UEFA Cup
1998-09-15,UEFA,UEFA 2nd Division,2,1998–99,Beitar Jerusalem,Rangers,1-1,D,Continental,Wikipedia,1998–99 UEFA Cup
1998-09-15,UEFA,UEFA 2nd Division,2,1998–99,Blackburn Rovers,Lyon,0-1,A,Continental,Wikipedia,1998–99 UEFA Cup
1998-09-15,UEFA,UEFA 2nd Division,2,1998–99,Bordeaux,Rapid Wien,1-1,D,Continental,Wikipedia,1998–99 UEFA Cup
1998-09-15,UEFA,UEFA 2nd Division,2,1998–99,Brann,Werder Bremen,2-0,H,Continental,Wikipedia,1998–99 UEFA Cup
1998-09-15,UEFA,UEFA 2nd Division,2,1998–99,Dynamo Moscow,Skonto,2-2,D,Continental,Wikipedia,1998–99 UEFA Cup
1998-09-15,UEFA,UEFA 2nd Division,2,1998–99,Fenerbahçe,Parma,1-0,H,Continental,Wikipedia,1998–99 UEFA Cup
1998-09-15,UEFA,UEFA 2nd Division,2,1998–99,Fiorentina,Hajduk Split,2-1,H,Continental,Wikipedia,1998–99 UEFA Cup
1998-09-15,UEFA,UEFA 2nd Division,2,1998–99,Košice,Liverpool,0-3,A,Continental,Wikipedia,1998–99 UEFA Cup
1998-09-15,UEFA,UEFA 2nd Division,2,1998–99,LKS Łódź,Monaco,1-3,A,Continental,Wikipedia,1998–99 UEFA Cup
1998-09-15,UEFA,UEFA 2nd Division,2,1998–99,Leeds United,Marítimo,1-0,H,Continental,Wikipedia,1998–99 UEFA Cup
1998-09-15,UEFA,UEFA 2nd Division,2,1998–99,Litex Lovech,GAK,1-1,D,Continental,Wikipedia,1998–99 UEFA Cup
1998-09-15,UEFA,UEFA 2nd Division,2,1998–99,Maribor,Wisła Kraków,0-2,A,Continental,Wikipedia,1998–99 UEFA Cup
1998-09-15,UEFA,UEFA 2nd Division,2,1998–99,Red Star Belgrade,Metz,2-1,H,Continental,Wikipedia,1998–99 UEFA Cup
1998-09-15,UEFA,UEFA 2nd Division,2,1998–99,Schalke 04,Slavia Prague,1-0,H,Continental,Wikipedia,1998–99 UEFA Cup
1998-09-15,UEFA,UEFA 2nd Division,2,1998–99,Servette,CSKA Sofia,2-1,H,Continental,Wikipedia,1998–99 UEFA Cup
1998-09-15,UEFA,UEFA 2nd Division,2,1998–99,Sigma Olomouc,Marseille,2-2,D,Continental,Wikipedia,1998–99 UEFA Cup
1998-09-15,UEFA,UEFA 2nd Division,2,1998–99,Silkeborg,Roma,0-2,A,Continental,Wikipedia,1998–99 UEFA Cup
1998-09-15,UEFA,UEFA 2nd Division,2,1998–99,Sparta Prague,Real Sociedad,2-4,A,Continental,Wikipedia,1998–99 UEFA Cup
1998-09-15,UEFA,UEFA 2nd Division,2,1998–99,Sporting CP,Bologna,0-2,A,Continental,Wikipedia,1998–99 UEFA Cup
1998-09-15,UEFA,UEFA 2nd Division,2,1998–99,Steaua Bucharest,Valencia,3-4,A,Continental,Wikipedia,1998–99 UEFA Cup
1998-09-15,UEFA,UEFA 2nd Division,2,1998–99,Stuttgart,Feyenoord,1-3,A,Continental,Wikipedia,1998–99 UEFA Cup
1998-09-15,UEFA,UEFA 2nd Division,2,1998–99,Udinese,Bayer Leverkusen,1-1,D,Continental,Wikipedia,1998–99 UEFA Cup
1998-09-15,UEFA,UEFA 2nd Division,2,1998–99,Vejle,Real Betis,1-0,H,Continental,Wikipedia,1998–99 UEFA Cup
1998-09-15,UEFA,UEFA 2nd Division,2,1998–99,Vitesse Arnhem,AEK Athens,3-0,H,Continental,Wikipedia,1998–99 UEFA Cup
1998-09-15,UEFA,UEFA 2nd Division,2,1998–99,Vitória de Guimarães,Celtic,1-2,A,Continental,Wikipedia,1998–99 UEFA Cup
1998-09-15,UEFA,UEFA 2nd Division,2,1998–99,Willem II,Dinamo Tbilisi,3-0,H,Continental,Wikipedia,1998–99 UEFA Cup
1998-09-15,UEFA,UEFA 2nd Division,2,1998–99,Zürich,Anorthosis Famagusta,4-0,H,Continental,Wikipedia,1998–99 UEFA Cup
1998-09-15,UEFA,UEFA 2nd Division,2,1998–99,Újpest,Club Brugge,0-5,A,Continental,Wikipedia,1998–99 UEFA Cup
1998-09-16,UEFA,UEFA 2nd Division,2,1998–99,Anderlecht,Grasshopper,0-2,A,Continental,Wikipedia,1998–99 UEFA Cup
1998-09-29,UEFA,UEFA 2nd Division,2,1998–99,AEK Athens,Vitesse,3-3,D,Continental,Wikipedia,1998–99 UEFA Cup
1998-09-29,UEFA,UEFA 2nd Division,2,1998–99,Anorthosis Famagusta,Zürich,2-3,A,Continental,Wikipedia,1998–99 UEFA Cup
1998-09-29,UEFA,UEFA 2nd Division,2,1998–99,Bayer Leverkusen,Udinese,1-0,H,Continental,Wikipedia,1998–99 UEFA Cup
1998-09-29,UEFA,UEFA 2nd Division,2,1998–99,Bologna,Sporting CP,2-1,H,Continental,Wikipedia,1998–99 UEFA Cup
1998-09-29,UEFA,UEFA 2nd Division,2,1998–99,CSKA Sofia,Servette,1-0,H,Continental,Wikipedia,1998–99 UEFA Cup
1998-09-29,UEFA,UEFA 2nd Division,2,1998–99,Celta Vigo,Argeş Piteşti,7-0,H,Continental,Wikipedia,1998–99 UEFA Cup
1998-09-29,UEFA,UEFA 2nd Division,2,1998–99,Celtic,Vitória de Guimarães,2-1,H,Continental,Wikipedia,1998–99 UEFA Cup
1998-09-29,UEFA,UEFA 2nd Division,2,1998–99,Club Brugge,Újpest,2-2,D,Continental,Wikipedia,1998–99 UEFA Cup
1998-09-29,UEFA,UEFA 2nd Division,2,1998–99,Dinamo Tbilisi,Willem II,0-3,A,Continental,Wikipedia,1998–99 UEFA Cup
1998-09-29,UEFA,UEFA 2nd Division,2,1998–99,Feyenoord,Stuttgart,0-3,A,Continental,Wikipedia,1998–99 UEFA Cup
1998-09-29,UEFA,UEFA 2nd Division,2,1998–99,GAK,Litex Lovech,2-0,H,Continental,Wikipedia,1998–99 UEFA Cup
1998-09-29,UEFA,UEFA 2nd Division,2,1998–99,Grasshopper,Anderlecht,0-0,D,Continental,Wikipedia,1998–99 UEFA Cup
1998-09-29,UEFA,UEFA 2nd Division,2,1998–99,Hajduk Split,Fiorentina,0-0,D,Continental,Wikipedia,1998–99 UEFA Cup
1998-09-29,UEFA,UEFA 2nd Division,2,1998–99,Liverpool,Košice,5-0,H,Continental,Wikipedia,1998–99 UEFA Cup
1998-09-29,UEFA,UEFA 2nd Division,2,1998–99,Lyon,Blackburn Rovers,2-2,D,Continental,Wikipedia,1998–99 UEFA Cup
1998-09-29,UEFA,UEFA 2nd Division,2,1998–99,Marseille,Sigma Olomouc,4-0,H,Continental,Wikipedia,1998–99 UEFA Cup
1998-09-29,UEFA,UEFA 2nd Division,2,1998–99,Marítimo,Leeds United,1-0,H,Continental,Wikipedia,1998–99 UEFA Cup
1998-09-29,UEFA,UEFA 2nd Division,2,1998–99,Metz,Red Star Belgrade,2-1,H,Continental,Wikipedia,1998–99 UEFA Cup
1998-09-29,UEFA,UEFA 2nd Division,2,1998–99,Monaco,ŁKS Łódź,0-0,D,Continental,Wikipedia,1998–99 UEFA Cup
1998-09-29,UEFA,UEFA 2nd Division,2,1998–99,Obilić,Atlético Madrid,0-1,A,Continental,Wikipedia,1998–99 UEFA Cup
1998-09-29,UEFA,UEFA 2nd Division,2,1998–99,Parma,Fenerbahçe,3-1,H,Continental,Wikipedia,1998–99 UEFA Cup
1998-09-29,UEFA,UEFA 2nd Division,2,1998–99,Rapid Wien,Bordeaux,1-2,A,Continental,Wikipedia,1998–99 UEFA Cup
1998-09-29,UEFA,UEFA 2nd Division,2,1998–99,Real Betis,Vejle,5-0,H,Continental,Wikipedia,1998–99 UEFA Cup
1998-09-29,UEFA,UEFA 2nd Division,2,1998–99,Real Sociedad,Sparta Prague,1-0,H,Continental,Wikipedia,1998–99 UEFA Cup
1998-09-29,UEFA,UEFA 2nd Division,2,1998–99,Roma,Silkeborg,1-0,H,Continental,Wikipedia,1998–99 UEFA Cup
1998-09-29,UEFA,UEFA 2nd Division,2,1998–99,Skonto,Dynamo Moscow,2-3,A,Continental,Wikipedia,1998–99 UEFA Cup
1998-09-29,UEFA,UEFA 2nd Division,2,1998–99,Slavia Prague,Schalke 04,1-0,H,Continental,Wikipedia,1998–99 UEFA Cup
1998-09-29,UEFA,UEFA 2nd Division,2,1998–99,Strømsgodset,Aston Villa,0-3,A,Continental,Wikipedia,1998–99 UEFA Cup
1998-09-29,UEFA,UEFA 2nd Division,2,1998–99,Valencia,Steaua Bucharest,3-0,H,Continental,Wikipedia,1998–99 UEFA Cup
1998-09-29,UEFA,UEFA 2nd Division,2,1998–99,Werder Bremen,Brann,4-0,H,Continental,Wikipedia,1998–99 UEFA Cup
1998-09-29,UEFA,UEFA 2nd Division,2,1998–99,Wisła Kraków,Maribor,3-0,H,Continental,Wikipedia,1998–99 UEFA Cup
1998-10-01,UEFA,UEFA 2nd Division,2,1998–99,Rangers,Beitar Jerusalem,4-2,H,Continental,Wikipedia,1998–99 UEFA Cup
1998-10-20,UEFA,UEFA 2nd Division,2,1998–99,Bologna,Slavia Prague,2-1,H,Continental,Wikipedia,1998–99 UEFA Cup
1998-10-20,UEFA,UEFA 2nd Division,2,1998–99,CSKA Sofia,Atlético Madrid,2-4,A,Continental,Wikipedia,1998–99 UEFA Cup
1998-10-20,UEFA,UEFA 2nd Division,2,1998–99,Celta Vigo,Aston Villa,0-1,A,Continental,Wikipedia,1998–99 UEFA Cup
1998-10-20,UEFA,UEFA 2nd Division,2,1998–99,Celtic,Zürich,1-1,D,Continental,Wikipedia,1998–99 UEFA Cup
1998-10-20,UEFA,UEFA 2nd Division,2,1998–99,Dynamo Moscow,Real Sociedad,2-3,A,Continental,Wikipedia,1998–99 UEFA Cup
1998-10-20,UEFA,UEFA 2nd Division,2,1998–99,GAK,Monaco,3-3,D,Continental,Wikipedia,1998–99 UEFA Cup
1998-10-20,UEFA,UEFA 2nd Division,2,1998–99,Grasshopper,Fiorentina,0-2,A,Continental,Wikipedia,1998–99 UEFA Cup
1998-10-20,UEFA,UEFA 2nd Division,2,1998–99,Liverpool,Valencia,0-0,D,Continental,Wikipedia,1998–99 UEFA Cup
1998-10-20,UEFA,UEFA 2nd Division,2,1998–99,Red Star Belgrade,Lyon,1-2,A,Continental,Wikipedia,1998–99 UEFA Cup
1998-10-20,UEFA,UEFA 2nd Division,2,1998–99,Roma,Leeds United,1-0,H,Continental,Wikipedia,1998–99 UEFA Cup
1998-10-20,UEFA,UEFA 2nd Division,2,1998–99,Stuttgart,Club Brugge,1-1,D,Continental,Wikipedia,1998–99 UEFA Cup
1998-10-20,UEFA,UEFA 2nd Division,2,1998–99,Vitesse,Bordeaux,0-1,A,Continental,Wikipedia,1998–99 UEFA Cup
1998-10-20,UEFA,UEFA 2nd Division,2,1998–99,Werder Bremen,Marseille,1-1,D,Continental,Wikipedia,1998–99 UEFA Cup
1998-10-20,UEFA,UEFA 2nd Division,2,1998–99,Willem II,Real Betis,1-1,D,Continental,Wikipedia,1998–99 UEFA Cup
1998-10-20,UEFA,UEFA 2nd Division,2,1998–99,Wisła Kraków,Parma,1-1,D,Continental,Wikipedia,1998–99 UEFA Cup
1998-10-22,UEFA,UEFA 2nd Division,2,1998–99,Bayer Leverkusen,Rangers,1-2,A,Continental,Wikipedia,1998–99 UEFA Cup
1998-11-03,UEFA,UEFA 2nd Division,2,1998–99,Aston Villa,Celta Vigo,1-3,A,Continental,Wikipedia,1998–99 UEFA Cup
1998-11-03,UEFA,UEFA 2nd Division,2,1998–99,Atlético Madrid,CSKA Sofia,1-0,H,Continental,Wikipedia,1998–99 UEFA Cup
1998-11-03,UEFA,UEFA 2nd Division,2,1998–99,Bordeaux,Vitesse,2-1,H,Continental,Wikipedia,1998–99 UEFA Cup
1998-11-03,UEFA,UEFA 2nd Division,2,1998–99,Club Brugge,Stuttgart,3-2,H,Continental,Wikipedia,1998–99 UEFA Cup
1998-11-03,UEFA,UEFA 2nd Division,2,1998–99,Fiorentina,Grasshopper,0-3,A,Continental,Wikipedia,1998–99 UEFA Cup
1998-11-03,UEFA,UEFA 2nd Division,2,1998–99,Leeds United,Roma,0-0,D,Continental,Wikipedia,1998–99 UEFA Cup
1998-11-03,UEFA,UEFA 2nd Division,2,1998–99,Lyon,Red Star Belgrade,3-2,H,Continental,Wikipedia,1998–99 UEFA Cup
1998-11-03,UEFA,UEFA 2nd Division,2,1998–99,Marseille,Werder Bremen,3-2,H,Continental,Wikipedia,1998–99 UEFA Cup
1998-11-03,UEFA,UEFA 2nd Division,2,1998–99,Monaco,GAK,4-0,H,Continental,Wikipedia,1998–99 UEFA Cup
1998-11-03,UEFA,UEFA 2nd Division,2,1998–99,Parma,Wisła Kraków,2-1,H,Continental,Wikipedia,1998–99 UEFA Cup
1998-11-03,UEFA,UEFA 2nd Division,2,1998–99,Real Betis,Willem II,3-0,H,Continental,Wikipedia,1998–99 UEFA Cup
1998-11-03,UEFA,UEFA 2nd Division,2,1998–99,Real Sociedad,Dynamo Moscow,3-0,H,Continental,Wikipedia,1998–99 UEFA Cup
1998-11-03,UEFA,UEFA 2nd Division,2,1998–99,Slavia Prague,Bologna,0-2,A,Continental,Wikipedia,1998–99 UEFA Cup
1998-11-03,UEFA,UEFA 2nd Division,2,1998–99,Valencia,Liverpool,2-2,D,Continental,Wikipedia,1998–99 UEFA Cup
1998-11-03,UEFA,UEFA 2nd Division,2,1998–99,Zürich,Celtic,4-2,H,Continental,Wikipedia,1998–99 UEFA Cup
1998-11-05,UEFA,UEFA 2nd Division,2,1998–99,Rangers,Bayer Leverkusen,1-1,D,Continental,Wikipedia,1998–99 UEFA Cup
1998-11-24,UEFA,UEFA 2nd Division,2,1998–99,Bologna,Real Betis,4-1,H,Continental,Wikipedia,1998–99 UEFA Cup
1998-11-24,UEFA,UEFA 2nd Division,2,1998–99,Celta Vigo,Liverpool,3-1,H,Continental,Wikipedia,1998–99 UEFA Cup
1998-11-24,UEFA,UEFA 2nd Division,2,1998–99,Grasshopper,Bordeaux,3-3,D,Continental,Wikipedia,1998–99 UEFA Cup
1998-11-24,UEFA,UEFA 2nd Division,2,1998–99,Lyon,Club Brugge,1-0,H,Continental,Wikipedia,1998–99 UEFA Cup
1998-11-24,UEFA,UEFA 2nd Division,2,1998–99,Monaco,Marseille,2-2,D,Continental,Wikipedia,1998–99 UEFA Cup
1998-11-24,UEFA,UEFA 2nd Division,2,1998–99,Rangers,Parma,1-1,D,Continental,Wikipedia,1998–99 UEFA Cup
1998-11-24,UEFA,UEFA 2nd Division,2,1998–99,Real Sociedad,Atlético Madrid,2-1,H,Continental,Wikipedia,1998–99 UEFA Cup
1998-11-24,UEFA,UEFA 2nd Division,2,1998–99,Roma,Zürich,1-0,H,Continental,Wikipedia,1998–99 UEFA Cup
1998-12-08,UEFA,UEFA 2nd Division,2,1998–99,Atlético Madrid,Real Sociedad,4-1,H,Continental,Wikipedia,1998–99 UEFA Cup
1998-12-08,UEFA,UEFA 2nd Division,2,1998–99,Bordeaux,Grasshopper,0-0,D,Continental,Wikipedia,1998–99 UEFA Cup
1998-12-08,UEFA,UEFA 2nd Division,2,1998–99,Club Brugge,Lyon,3-4,A,Continental,Wikipedia,1998–99 UEFA Cup
1998-12-08,UEFA,UEFA 2nd Division,2,1998–99,Liverpool,Celta Vigo,0-1,A,Continental,Wikipedia,1998–99 UEFA Cup
1998-12-08,UEFA,UEFA 2nd Division,2,1998–99,Marseille,Monaco,1-0,H,Continental,Wikipedia,1998–99 UEFA Cup
1998-12-08,UEFA,UEFA 2nd Division,2,1998–99,Parma,Rangers,3-1,H,Continental,Wikipedia,1998–99 UEFA Cup
1998-12-08,UEFA,UEFA 2nd Division,2,1998–99,Real Betis,Bologna,1-0,H,Continental,Wikipedia,1998–99 UEFA Cup
1998-12-08,UEFA,UEFA 2nd Division,2,1998–99,Zürich,Roma,2-2,D,Continental,Wikipedia,1998–99 UEFA Cup
1999-03-02,UEFA,UEFA 2nd Division,2,1998–99,Atlético Madrid,Roma,2-1,H,Continental,Wikipedia,1998–99 UEFA Cup
1999-03-02,UEFA,UEFA 2nd Division,2,1998–99,Bologna,Lyon,3-0,H,Continental,Wikipedia,1998–99 UEFA Cup
1999-03-02,UEFA,UEFA 2nd Division,2,1998–99,Bordeaux,Parma,2-1,H,Continental,Wikipedia,1998–99 UEFA Cup
1999-03-02,UEFA,UEFA 2nd Division,2,1998–99,Marseille,Celta Vigo,2-1,H,Continental,Wikipedia,1998–99 UEFA Cup
1999-03-16,UEFA,UEFA 2nd Division,2,1998–99,Celta Vigo,Marseille,0-0,D,Continental,Wikipedia,1998–99 UEFA Cup
1999-03-16,UEFA,UEFA 2nd Division,2,1998–99,Lyon,Bologna,2-0,H,Continental,Wikipedia,1998–99 UEFA Cup
1999-03-16,UEFA,UEFA 2nd Division,2,1998–99,Parma,Bordeaux,6-0,H,Continental,Wikipedia,1998–99 UEFA Cup
1999-03-16,UEFA,UEFA 2nd Division,2,1998–99,Roma,Atlético Madrid,1-2,A,Continental,Wikipedia,1998–99 UEFA Cup
1999-04-06,UEFA,UEFA 2nd Division,2,1998–99,Atlético Madrid,Parma,1-3,A,Continental,Wikipedia,1998–99 UEFA Cup
1999-04-06,UEFA,UEFA 2nd Division,2,1998–99,Marseille,Bologna,0-0,D,Continental,Wikipedia,1998–99 UEFA Cup
1999-04-20,UEFA,UEFA 2nd Division,2,1998–99,Bologna,Marseille,1-1,D,Continental,Wikipedia,1998–99 UEFA Cup
1999-04-20,UEFA,UEFA 2nd Division,2,1998–99,Parma,Atlético Madrid,2-1,H,Continental,Wikipedia,1998–99 UEFA Cup
2000-08-08,UEFA,UEFA 2nd Division,2,2000–01,Kapaz,Antalyaspor,0-2,A,Continental,Wikipedia,2000–01 UEFA Cup qualifying round
2000-08-08,UEFA,UEFA 2nd Division,2,2000–01,ÍA,Gent,0-3,A,Continental,Wikipedia,2000–01 UEFA Cup qualifying round
2000-08-10,UEFA,UEFA 2nd Division,2,2000–01,AB,B36,8-0,H,Continental,Wikipedia,2000–01 UEFA Cup qualifying round
2000-08-10,UEFA,UEFA 2nd Division,2,2000–01,AIK,Gomel,1-0,H,Continental,Wikipedia,2000–01 UEFA Cup qualifying round
2000-08-10,UEFA,UEFA 2nd Division,2,2000–01,Aberdeen,Bohemians,1-2,A,Continental,Wikipedia,2000–01 UEFA Cup qualifying round
2000-08-10,UEFA,UEFA 2nd Division,2,2000–01,Amica Wronki,Vaduz,3-0,H,Continental,Wikipedia,2000–01 UEFA Cup qualifying round
2000-08-10,UEFA,UEFA 2nd Division,2,2000–01,Ararat Yerevan,Košice,2-3,A,Continental,Wikipedia,2000–01 UEFA Cup qualifying round
2000-08-10,UEFA,UEFA 2nd Division,2,2000–01,Bangor City,Halmstads BK,0-7,A,Continental,Wikipedia,2000–01 UEFA Cup qualifying round
2000-08-10,UEFA,UEFA 2nd Division,2,2000–01,Boavista,Barry Town,2-0,H,Continental,Wikipedia,2000–01 UEFA Cup qualifying round
2000-08-10,UEFA,UEFA 2nd Division,2,2000–01,Club Brugge,Flora,4-1,H,Continental,Wikipedia,2000–01 UEFA Cup qualifying round
2000-08-10,UEFA,UEFA 2nd Division,2,2000–01,Coleraine,Örgryte IS,1-2,A,Continental,Wikipedia,2000–01 UEFA Cup qualifying round
2000-08-10,UEFA,UEFA 2nd Division,2,2000–01,Constel·lació,Rayo Vallecano,0-10,A,Continental,Wikipedia,2000–01 UEFA Cup qualifying round
2000-08-10,UEFA,UEFA 2nd Division,2,2000–01,Constructorul Chișinău,CSKA Sofia,2-3,A,Continental,Wikipedia,2000–01 UEFA Cup qualifying round
2000-08-10,UEFA,UEFA 2nd Division,2,2000–01,Drnovice,Budućnost Banovići,3-0,H,Continental,Wikipedia,2000–01 UEFA Cup qualifying round
2000-08-10,UEFA,UEFA 2nd Division,2,2000–01,Ekranas,Lierse,0-3,A,Continental,Wikipedia,2000–01 UEFA Cup qualifying round
2000-08-10,UEFA,UEFA 2nd Division,2,2000–01,Folgore,Basel,1-5,A,Continental,Wikipedia,2000–01 UEFA Cup qualifying round
2000-08-10,UEFA,UEFA 2nd Division,2,2000–01,Glentoran,Lillestrøm,0-3,A,Continental,Wikipedia,2000–01 UEFA Cup qualifying round
2000-08-10,UEFA,UEFA 2nd Division,2,2000–01,GÍ,IFK Norrköping,0-2,A,Continental,Wikipedia,2000–01 UEFA Cup qualifying round
2000-08-10,UEFA,UEFA 2nd Division,2,2000–01,HJK,Grevenmacher,4-1,H,Continental,Wikipedia,2000–01 UEFA Cup qualifying round
2000-08-10,UEFA,UEFA 2nd Division,2,2000–01,Jeunesse Esch,Celtic,0-4,A,Continental,Wikipedia,2000–01 UEFA Cup qualifying round
2000-08-10,UEFA,UEFA 2nd Division,2,2000–01,Lausanne-Sports,Cork City,1-0,H,Continental,Wikipedia,2000–01 UEFA Cup qualifying round
2000-08-10,UEFA,UEFA 2nd Division,2,2000–01,Liepājas Metalurgs,Brann,1-1,D,Continental,Wikipedia,2000–01 UEFA Cup qualifying round
2000-08-10,UEFA,UEFA 2nd Division,2,2000–01,MTK Hungária,Jokerit,1-0,H,Continental,Wikipedia,2000–01 UEFA Cup qualifying round
2000-08-10,UEFA,UEFA 2nd Division,2,2000–01,Napredak Kruševac,Viljandi Tulevik,5-1,H,Continental,Wikipedia,2000–01 UEFA Cup qualifying round
2000-08-10,UEFA,UEFA 2nd Division,2,2000–01,Neftçi,HIT Gorica,1-0,H,Continental,Wikipedia,2000–01 UEFA Cup qualifying round
2000-08-10,UEFA,UEFA 2nd Division,2,2000–01,Omonia,Neftochimic Burgas,0-0,D,Continental,Wikipedia,2000–01 UEFA Cup qualifying round
2000-08-10,UEFA,UEFA 2nd Division,2,2000–01,Rapid București,Mika,3-0,H,Continental,Wikipedia,2000–01 UEFA Cup qualifying round
2000-08-10,UEFA,UEFA 2nd Division,2,2000–01,Rapid Wien,Teuta,2-0,H,Continental,Wikipedia,2000–01 UEFA Cup qualifying round
2000-08-10,UEFA,UEFA 2nd Division,2,2000–01,Rijeka,Valletta,3-2,H,Continental,Wikipedia,2000–01 UEFA Cup qualifying round
2000-08-10,UEFA,UEFA 2nd Division,2,2000–01,Sheriff Tiraspol,Olimpija Ljubljana,0-0,D,Continental,Wikipedia,2000–01 UEFA Cup qualifying round
2000-08-10,UEFA,UEFA 2nd Division,2,2000–01,Slavia Mozyr,Maccabi Haifa,1-1,D,Continental,Wikipedia,2000–01 UEFA Cup qualifying round
2000-08-10,UEFA,UEFA 2nd Division,2,2000–01,Sliema Wanderers,Partizan,2-1,H,Continental,Wikipedia,2000–01 UEFA Cup qualifying round
2000-08-10,UEFA,UEFA 2nd Division,2,2000–01,Slovan Bratislava,Locomotive Tbilisi,2-0,H,Continental,Wikipedia,2000–01 UEFA Cup qualifying round
2000-08-10,UEFA,UEFA 2nd Division,2,2000–01,Tomori,APOEL,2-3,A,Continental,Wikipedia,2000–01 UEFA Cup qualifying round
2000-08-10,UEFA,UEFA 2nd Division,2,2000–01,Universitatea Craiova,Pobeda,1-1,D,Continental,Wikipedia,2000–01 UEFA Cup qualifying round
2000-08-10,UEFA,UEFA 2nd Division,2,2000–01,Ventspils,Vasas,2-1,H,Continental,Wikipedia,2000–01 UEFA Cup qualifying round
2000-08-10,UEFA,UEFA 2nd Division,2,2000–01,Vorskla Poltava,Rabotnicki,2-0,H,Continental,Wikipedia,2000–01 UEFA Cup qualifying round
2000-08-10,UEFA,UEFA 2nd Division,2,2000–01,WIT Georgia,Beitar Jerusalem,0-3,A,Continental,Wikipedia,2000–01 UEFA Cup qualifying round
2000-08-10,UEFA,UEFA 2nd Division,2,2000–01,ÍBV,Heart of Midlothian,0-2,A,Continental,Wikipedia,2000–01 UEFA Cup qualifying round
2000-08-10,UEFA,UEFA 2nd Division,2,2000–01,Žalgiris,Ruch Chorzów,2-1,H,Continental,Wikipedia,2000–01 UEFA Cup qualifying round
2000-08-10,UEFA,UEFA 2nd Division,2,2000–01,Željezničar,Wisła Kraków,0-0,D,Continental,Wikipedia,2000–01 UEFA Cup qualifying round
2000-08-23,UEFA,UEFA 2nd Division,2,2000–01,Flora,Club Brugge,0-2,A,Continental,Wikipedia,2000–01 UEFA Cup qualifying round
2000-08-24,UEFA,UEFA 2nd Division,2,2000–01,APOEL,Tomori,2-0,H,Continental,Wikipedia,2000–01 UEFA Cup qualifying round
2000-08-24,UEFA,UEFA 2nd Division,2,2000–01,Antalyaspor,Kapaz,5-0,H,Continental,Wikipedia,2000–01 UEFA Cup qualifying round
2000-08-24,UEFA,UEFA 2nd Division,2,2000–01,B36,AB,0-1,A,Continental,Wikipedia,2000–01 UEFA Cup qualifying round
2000-08-24,UEFA,UEFA 2nd Division,2,2000–01,Barry Town,Boavista,0-3,A,Continental,Wikipedia,2000–01 UEFA Cup qualifying round
2000-08-24,UEFA,UEFA 2nd Division,2,2000–01,Basel,Folgore,7-0,H,Continental,Wikipedia,2000–01 UEFA Cup qualifying round
2000-08-24,UEFA,UEFA 2nd Division,2,2000–01,Beitar Jerusalem,WIT Georgia,1-1,D,Continental,Wikipedia,2000–01 UEFA Cup qualifying round
2000-08-24,UEFA,UEFA 2nd Division,2,2000–01,Bohemians,Aberdeen,0-1,A,Continental,Wikipedia,2000–01 UEFA Cup qualifying round
2000-08-24,UEFA,UEFA 2nd Division,2,2000–01,Brann,Liepājas Metalurgs,1-0,H,Continental,Wikipedia,2000–01 UEFA Cup qualifying round
2000-08-24,UEFA,UEFA 2nd Division,2,2000–01,Budućnost Banovići,Drnovice,0-1,A,Continental,Wikipedia,2000–01 UEFA Cup qualifying round
2000-08-24,UEFA,UEFA 2nd Division,2,2000–01,CSKA Sofia,Constructorul Chișinău,8-0,H,Continental,Wikipedia,2000–01 UEFA Cup qualifying round
2000-08-24,UEFA,UEFA 2nd Division,2,2000–01,Celtic,Jeunesse Esch,7-0,H,Continental,Wikipedia,2000–01 UEFA Cup qualifying round
2000-08-24,UEFA,UEFA 2nd Division,2,2000–01,Cork City,Lausanne-Sports,0-1,A,Continental,Wikipedia,2000–01 UEFA Cup qualifying round
2000-08-24,UEFA,UEFA 2nd Division,2,2000–01,Gent,ÍA,3-2,H,Continental,Wikipedia,2000–01 UEFA Cup qualifying round
2000-08-24,UEFA,UEFA 2nd Division,2,2000–01,Gomel,AIK,0-2,A,Continental,Wikipedia,2000–01 UEFA Cup qualifying round
2000-08-24,UEFA,UEFA 2nd Division,2,2000–01,Grevenmacher,HJK,2-0,H,Continental,Wikipedia,2000–01 UEFA Cup qualifying round
2000-08-24,UEFA,UEFA 2nd Division,2,2000–01,HIT Gorica,Neftçi,3-1,H,Continental,Wikipedia,2000–01 UEFA Cup qualifying round
2000-08-24,UEFA,UEFA 2nd Division,2,2000–01,Halmstads BK,Bangor City,4-0,H,Continental,Wikipedia,2000–01 UEFA Cup qualifying round
2000-08-24,UEFA,UEFA 2nd Division,2,2000–01,Heart of Midlothian,ÍBV,3-0,H,Continental,Wikipedia,2000–01 UEFA Cup qualifying round
2000-08-24,UEFA,UEFA 2nd Division,2,2000–01,IFK Norrköping,GÍ,2-1,H,Continental,Wikipedia,2000–01 UEFA Cup qualifying round
2000-08-24,UEFA,UEFA 2nd Division,2,2000–01,Jokerit,MTK Hungária,2-4,A,Continental,Wikipedia,2000–01 UEFA Cup qualifying round
2000-08-24,UEFA,UEFA 2nd Division,2,2000–01,Košice,Ararat Yerevan,1-1,D,Continental,Wikipedia,2000–01 UEFA Cup qualifying round
2000-08-24,UEFA,UEFA 2nd Division,2,2000–01,Lierse,Ekranas,4-0,H,Continental,Wikipedia,2000–01 UEFA Cup qualifying round
2000-08-24,UEFA,UEFA 2nd Division,2,2000–01,Lillestrøm,Glentoran,1-0,H,Continental,Wikipedia,2000–01 UEFA Cup qualifying round
2000-08-24,UEFA,UEFA 2nd Division,2,2000–01,Locomotive Tbilisi,Slovan Bratislava,0-2,A,Continental,Wikipedia,2000–01 UEFA Cup qualifying round
2000-08-24,UEFA,UEFA 2nd Division,2,2000–01,Maccabi Haifa,Slavia Mozyr,0-0,D,Continental,Wikipedia,2000–01 UEFA Cup qualifying round
2000-08-24,UEFA,UEFA 2nd Division,2,2000–01,Mika,Rapid București,1-0,H,Continental,Wikipedia,2000–01 UEFA Cup qualifying round
2000-08-24,UEFA,UEFA 2nd Division,2,2000–01,Neftochimic Burgas,Omonia,2-1,H,Continental,Wikipedia,2000–01 UEFA Cup qualifying round
2000-08-24,UEFA,UEFA 2nd Division,2,2000–01,Olimpija Ljubljana,Sheriff Tiraspol,3-0,H,Continental,Wikipedia,2000–01 UEFA Cup qualifying round
2000-08-24,UEFA,UEFA 2nd Division,2,2000–01,Partizan,Sliema Wanderers,4-1,H,Continental,Wikipedia,2000–01 UEFA Cup qualifying round
2000-08-24,UEFA,UEFA 2nd Division,2,2000–01,Pobeda,Universitatea Craiova,1-0,H,Continental,Wikipedia,2000–01 UEFA Cup qualifying round
2000-08-24,UEFA,UEFA 2nd Division,2,2000–01,Rabotnicki,Vorskla Poltava,0-2,A,Continental,Wikipedia,2000–01 UEFA Cup qualifying round
2000-08-24,UEFA,UEFA 2nd Division,2,2000–01,Rayo Vallecano,Constel·lació,6-0,H,Continental,Wikipedia,2000–01 UEFA Cup qualifying round
2000-08-24,UEFA,UEFA 2nd Division,2,2000–01,Ruch Chorzów,Žalgiris,6-0,H,Continental,Wikipedia,2000–01 UEFA Cup qualifying round
2000-08-24,UEFA,UEFA 2nd Division,2,2000–01,Teuta,Rapid Wien,0-4,A,Continental,Wikipedia,2000–01 UEFA Cup qualifying round
2000-08-24,UEFA,UEFA 2nd Division,2,2000–01,Vaduz,Amica Wronki,3-3,D,Continental,Wikipedia,2000–01 UEFA Cup qualifying round
2000-08-24,UEFA,UEFA 2nd Division,2,2000–01,Valletta,Rijeka,4-5,A,Continental,Wikipedia,2000–01 UEFA Cup qualifying round
2000-08-24,UEFA,UEFA 2nd Division,2,2000–01,Vasas,Ventspils,3-1,H,Continental,Wikipedia,2000–01 UEFA Cup qualifying round
2000-08-24,UEFA,UEFA 2nd Division,2,2000–01,Viljandi Tulevik,Napredak Kruševac,1-1,D,Continental,Wikipedia,2000–01 UEFA Cup qualifying round
2000-08-24,UEFA,UEFA 2nd Division,2,2000–01,Wisła Kraków,Željezničar,3-1,H,Continental,Wikipedia,2000–01 UEFA Cup qualifying round
2000-08-24,UEFA,UEFA 2nd Division,2,2000–01,Örgryte IS,Coleraine,1-0,H,Continental,Wikipedia,2000–01 UEFA Cup qualifying round
2000-09-11,UEFA,UEFA 2nd Division,2,2000–01,Bohemians,1. FC Kaiserslautern,1-3,A,Continental,Wikipedia,2000–01 UEFA Cup first round
2000-09-12,UEFA,UEFA 2nd Division,2,2000–01,Basel,Brann,3-2,H,Continental,Wikipedia,2000–01 UEFA Cup first round
2000-09-12,UEFA,UEFA 2nd Division,2,2000–01,Drnovice,1860 Munich,0-0,D,Continental,Wikipedia,2000–01 UEFA Cup first round
2000-09-12,UEFA,UEFA 2nd Division,2,2000–01,Gent,Ajax,0-6,A,Continental,Wikipedia,2000–01 UEFA Cup first round
2000-09-12,UEFA,UEFA 2nd Division,2,2000–01,IFK Norrköping,Slovan Liberec,2-2,D,Continental,Wikipedia,2000–01 UEFA Cup first round
2000-09-12,UEFA,UEFA 2nd Division,2,2000–01,Košice,GAK,2-3,A,Continental,Wikipedia,2000–01 UEFA Cup first round
2000-09-12,UEFA,UEFA 2nd Division,2,2000–01,Lierse,Bordeaux,0-0,D,Continental,Wikipedia,2000–01 UEFA Cup first round
2000-09-12,UEFA,UEFA 2nd Division,2,2000–01,Rapid Wien,Örgryte IS,3-0,H,Continental,Wikipedia,2000–01 UEFA Cup first round
2000-09-12,UEFA,UEFA 2nd Division,2,2000–01,Vasas,AEK Athens,2-2,D,Continental,Wikipedia,2000–01 UEFA Cup first round
2000-09-14,UEFA,UEFA 2nd Division,2,2000–01,AIK,Herfølge,0-1,A,Continental,Wikipedia,2000–01 UEFA Cup first round
2000-09-14,UEFA,UEFA 2nd Division,2,2000–01,Alania Vladikavkaz,Amica Wronki,0-3,A,Continental,Wikipedia,2000–01 UEFA Cup first round
2000-09-14,UEFA,UEFA 2nd Division,2,2000–01,Alavés,Gaziantepspor,0-0,D,Continental,Wikipedia,2000–01 UEFA Cup first round
2000-09-14,UEFA,UEFA 2nd Division,2,2000–01,Antalyaspor,Werder Bremen,2-0,H,Continental,Wikipedia,2000–01 UEFA Cup first round
2000-09-14,UEFA,UEFA 2nd Division,2,2000–01,Brøndby,Osijek,1-2,A,Continental,Wikipedia,2000–01 UEFA Cup first round
2000-09-14,UEFA,UEFA 2nd Division,2,2000–01,CSKA Moscow,Viborg,0-0,D,Continental,Wikipedia,2000–01 UEFA Cup first round
2000-09-14,UEFA,UEFA 2nd Division,2,2000–01,CSKA Sofia,MTK Hungária,1-2,A,Continental,Wikipedia,2000–01 UEFA Cup first round
2000-09-14,UEFA,UEFA 2nd Division,2,2000–01,Celta Vigo,Rijeka,0-0,D,Continental,Wikipedia,2000–01 UEFA Cup first round
2000-09-14,UEFA,UEFA 2nd Division,2,2000–01,Celtic,HJK,2-0,H,Continental,Wikipedia,2000–01 UEFA Cup first round
2000-09-14,UEFA,UEFA 2nd Division,2,2000–01,Chelsea,St. Gallen,1-0,H,Continental,Wikipedia,2000–01 UEFA Cup first round
2000-09-14,UEFA,UEFA 2nd Division,2,2000–01,Club Brugge,APOEL,2-0,H,Continental,Wikipedia,2000–01 UEFA Cup first round
2000-09-14,UEFA,UEFA 2nd Division,2,2000–01,Dunaferr,Feyenoord,0-1,A,Continental,Wikipedia,2000–01 UEFA Cup first round
2000-09-14,UEFA,UEFA 2nd Division,2,2000–01,Gueugnon,Iraklis,0-0,D,Continental,Wikipedia,2000–01 UEFA Cup first round
2000-09-14,UEFA,UEFA 2nd Division,2,2000–01,HIT Gorica,Roma,1-4,A,Continental,Wikipedia,2000–01 UEFA Cup first round
2000-09-14,UEFA,UEFA 2nd Division,2,2000–01,Halmstads BK,Benfica,2-1,H,Continental,Wikipedia,2000–01 UEFA Cup first round
2000-09-14,UEFA,UEFA 2nd Division,2,2000–01,Kryvbas Kryvyi Rih,Nantes,0-1,A,Continental,Wikipedia,2000–01 UEFA Cup first round
2000-09-14,UEFA,UEFA 2nd Division,2,2000–01,Lausanne-Sports,Torpedo Moscow,3-2,H,Continental,Wikipedia,2000–01 UEFA Cup first round
2000-09-14,UEFA,UEFA 2nd Division,2,2000–01,Leicester City,Red Star Belgrade,1-1,D,Continental,Wikipedia,2000–01 UEFA Cup first round
2000-09-14,UEFA,UEFA 2nd Division,2,2000–01,Lillestrøm,Dynamo Moscow,3-1,H,Continental,Wikipedia,2000–01 UEFA Cup first round
2000-09-14,UEFA,UEFA 2nd Division,2,2000–01,Lokomotiv Moscow,Neftochimic Burgas,4-2,H,Continental,Wikipedia,2000–01 UEFA Cup first round
2000-09-14,UEFA,UEFA 2nd Division,2,2000–01,Molde,Rayo Vallecano,0-1,A,Continental,Wikipedia,2000–01 UEFA Cup first round
2000-09-14,UEFA,UEFA 2nd Division,2,2000–01,Napredak Kruševac,OFI,0-0,D,Continental,Wikipedia,2000–01 UEFA Cup first round
2000-09-14,UEFA,UEFA 2nd Division,2,2000–01,Olimpija Ljubljana,Espanyol,2-1,H,Continental,Wikipedia,2000–01 UEFA Cup first round
2000-09-14,UEFA,UEFA 2nd Division,2,2000–01,PAOK,Beitar Jerusalem,3-1,H,Continental,Wikipedia,2000–01 UEFA Cup first round
2000-09-14,UEFA,UEFA 2nd Division,2,2000–01,Partizan,Porto,1-1,D,Continental,Wikipedia,2000–01 UEFA Cup first round
2000-09-14,UEFA,UEFA 2nd Division,2,2000–01,Pobeda,Parma,0-2,A,Continental,Wikipedia,2000–01 UEFA Cup first round
2000-09-14,UEFA,UEFA 2nd Division,2,2000–01,Polonia Warsaw,Udinese,0-1,A,Continental,Wikipedia,2000–01 UEFA Cup first round
2000-09-14,UEFA,UEFA 2nd Division,2,2000–01,Rapid București,Liverpool,0-1,A,Continental,Wikipedia,2000–01 UEFA Cup first round
2000-09-14,UEFA,UEFA 2nd Division,2,2000–01,Roda JC,Inter Slovnaft Bratislava,0-2,A,Continental,Wikipedia,2000–01 UEFA Cup first round
2000-09-14,UEFA,UEFA 2nd Division,2,2000–01,Ruch Chorzów,Internazionale,0-3,A,Continental,Wikipedia,2000–01 UEFA Cup first round
2000-09-14,UEFA,UEFA 2nd Division,2,2000–01,Slavia Prague,AB,3-0,H,Continental,Wikipedia,2000–01 UEFA Cup first round
2000-09-14,UEFA,UEFA 2nd Division,2,2000–01,Slovan Bratislava,Dinamo Zagreb,0-3,A,Continental,Wikipedia,2000–01 UEFA Cup first round
2000-09-14,UEFA,UEFA 2nd Division,2,2000–01,Tirol Innsbruck,Fiorentina,3-1,H,Continental,Wikipedia,2000–01 UEFA Cup first round
2000-09-14,UEFA,UEFA 2nd Division,2,2000–01,VfB Stuttgart,Heart of Midlothian,1-0,H,Continental,Wikipedia,2000–01 UEFA Cup first round
2000-09-14,UEFA,UEFA 2nd Division,2,2000–01,Vitesse,Maccabi Haifa,3-0,H,Continental,Wikipedia,2000–01 UEFA Cup first round
2000-09-14,UEFA,UEFA 2nd Division,2,2000–01,Vorskla Poltava,Boavista,1-2,A,Continental,Wikipedia,2000–01 UEFA Cup first round
2000-09-14,UEFA,UEFA 2nd Division,2,2000–01,Zaragoza,Wisła Kraków,4-1,H,Continental,Wikipedia,2000–01 UEFA Cup first round
2000-09-14,UEFA,UEFA 2nd Division,2,2000–01,Zimbru Chișinău,Hertha BSC,1-2,A,Continental,Wikipedia,2000–01 UEFA Cup first round
2000-09-14,UEFA,UEFA 2nd Division,2,2000–01,Zürich,Genk,1-2,A,Continental,Wikipedia,2000–01 UEFA Cup first round
2000-09-21,UEFA,UEFA 2nd Division,2,2000–01,1. FC Kaiserslautern,Bohemians,0-1,A,Continental,Wikipedia,2000–01 UEFA Cup first round
2000-09-21,UEFA,UEFA 2nd Division,2,2000–01,Hertha BSC,Zimbru Chișinău,2-0,H,Continental,Wikipedia,2000–01 UEFA Cup first round
2000-09-26,UEFA,UEFA 2nd Division,2,2000–01,1860 Munich,Drnovice,1-0,H,Continental,Wikipedia,2000–01 UEFA Cup first round
2000-09-26,UEFA,UEFA 2nd Division,2,2000–01,Bordeaux,Lierse,5-1,H,Continental,Wikipedia,2000–01 UEFA Cup first round
2000-09-26,UEFA,UEFA 2nd Division,2,2000–01,GAK,Košice,0-0,D,Continental,Wikipedia,2000–01 UEFA Cup first round
2000-09-26,UEFA,UEFA 2nd Division,2,2000–01,Inter Slovnaft Bratislava,Roda JC,2-1,H,Continental,Wikipedia,2000–01 UEFA Cup first round
2000-09-26,UEFA,UEFA 2nd Division,2,2000–01,Udinese,Polonia Warsaw,2-0,H,Continental,Wikipedia,2000–01 UEFA Cup first round
2000-09-26,UEFA,UEFA 2nd Division,2,2000–01,Viborg,CSKA Moscow,1-0,H,Continental,Wikipedia,2000–01 UEFA Cup first round
2000-09-28,UEFA,UEFA 2nd Division,2,2000–01,AB,Slavia Prague,0-2,A,Continental,Wikipedia,2000–01 UEFA Cup first round
2000-09-28,UEFA,UEFA 2nd Division,2,2000–01,AEK Athens,Vasas,2-0,H,Continental,Wikipedia,2000–01 UEFA Cup first round
2000-09-28,UEFA,UEFA 2nd Division,2,2000–01,APOEL,Club Brugge,0-1,A,Continental,Wikipedia,2000–01 UEFA Cup first round
2000-09-28,UEFA,UEFA 2nd Division,2,2000–01,Ajax,Gent,3-0,H,Continental,Wikipedia,2000–01 UEFA Cup first round
2000-09-28,UEFA,UEFA 2nd Division,2,2000–01,Amica Wronki,Alania Vladikavkaz,2-0,H,Continental,Wikipedia,2000–01 UEFA Cup first round
2000-09-28,UEFA,UEFA 2nd Division,2,2000–01,Beitar Jerusalem,PAOK,3-3,D,Continental,Wikipedia,2000–01 UEFA Cup first round
2000-09-28,UEFA,UEFA 2nd Division,2,2000–01,Benfica,Halmstads BK,2-2,D,Continental,Wikipedia,2000–01 UEFA Cup first round
2000-09-28,UEFA,UEFA 2nd Division,2,2000–01,Boavista,Vorskla Poltava,2-1,H,Continental,Wikipedia,2000–01 UEFA Cup first round
2000-09-28,UEFA,UEFA 2nd Division,2,2000–01,Brann,Basel,4-4,D,Continental,Wikipedia,2000–01 UEFA Cup first round
2000-09-28,UEFA,UEFA 2nd Division,2,2000–01,Dinamo Zagreb,Slovan Bratislava,1-1,D,Continental,Wikipedia,2000–01 UEFA Cup first round
2000-09-28,UEFA,UEFA 2nd Division,2,2000–01,Dynamo Moscow,Lillestrøm,2-1,H,Continental,Wikipedia,2000–01 UEFA Cup first round
2000-09-28,UEFA,UEFA 2nd Division,2,2000–01,Espanyol,Olimpija Ljubljana,2-0,H,Continental,Wikipedia,2000–01 UEFA Cup first round
2000-09-28,UEFA,UEFA 2nd Division,2,2000–01,Feyenoord,Dunaferr,3-1,H,Continental,Wikipedia,2000–01 UEFA Cup first round
2000-09-28,UEFA,UEFA 2nd Division,2,2000–01,Fiorentina,Tirol Innsbruck,2-2,D,Continental,Wikipedia,2000–01 UEFA Cup first round
2000-09-28,UEFA,UEFA 2nd Division,2,2000–01,Gaziantepspor,Alavés,3-4,A,Continental,Wikipedia,2000–01 UEFA Cup first round
2000-09-28,UEFA,UEFA 2nd Division,2,2000–01,Genk,Zürich,2-0,H,Continental,Wikipedia,2000–01 UEFA Cup first round
2000-09-28,UEFA,UEFA 2nd Division,2,2000–01,HJK,Celtic,2-1,H,Continental,Wikipedia,2000–01 UEFA Cup first round
2000-09-28,UEFA,UEFA 2nd Division,2,2000–01,Heart of Midlothian,VfB Stuttgart,3-2,H,Continental,Wikipedia,2000–01 UEFA Cup first round
2000-09-28,UEFA,UEFA 2nd Division,2,2000–01,Herfølge,AIK,1-1,D,Continental,Wikipedia,2000–01 UEFA Cup first round
2000-09-28,UEFA,UEFA 2nd Division,2,2000–01,Internazionale,Ruch Chorzów,4-1,H,Continental,Wikipedia,2000–01 UEFA Cup first round
2000-09-28,UEFA,UEFA 2nd Division,2,2000–01,Iraklis,Gueugnon,1-0,H,Continental,Wikipedia,2000–01 UEFA Cup first round
2000-09-28,UEFA,UEFA 2nd Division,2,2000–01,Liverpool,Rapid București,0-0,D,Continental,Wikipedia,2000–01 UEFA Cup first round
2000-09-28,UEFA,UEFA 2nd Division,2,2000–01,MTK Hungária,CSKA Sofia,0-1,A,Continental,Wikipedia,2000–01 UEFA Cup first round
2000-09-28,UEFA,UEFA 2nd Division,2,2000–01,Maccabi Haifa,Vitesse,2-1,H,Continental,Wikipedia,2000–01 UEFA Cup first round
2000-09-28,UEFA,UEFA 2nd Division,2,2000–01,Nantes,Kryvbas Kryvyi Rih,5-0,H,Continental,Wikipedia,2000–01 UEFA Cup first round
2000-09-28,UEFA,UEFA 2nd Division,2,2000–01,Neftochimic Burgas,Lokomotiv Moscow,0-0,D,Continental,Wikipedia,2000–01 UEFA Cup first round
2000-09-28,UEFA,UEFA 2nd Division,2,2000–01,OFI,Napredak Kruševac,6-0,H,Continental,Wikipedia,2000–01 UEFA Cup first round
2000-09-28,UEFA,UEFA 2nd Division,2,2000–01,Osijek,Brøndby,0-0,D,Continental,Wikipedia,2000–01 UEFA Cup first round
2000-09-28,UEFA,UEFA 2nd Division,2,2000–01,Parma,Pobeda,4-0,H,Continental,Wikipedia,2000–01 UEFA Cup first round
2000-09-28,UEFA,UEFA 2nd Division,2,2000–01,Porto,Partizan,1-0,H,Continental,Wikipedia,2000–01 UEFA Cup first round
2000-09-28,UEFA,UEFA 2nd Division,2,2000–01,Rayo Vallecano,Molde,1-1,D,Continental,Wikipedia,2000–01 UEFA Cup first round
2000-09-28,UEFA,UEFA 2nd Division,2,2000–01,Red Star Belgrade,Leicester City,3-1,H,Continental,Wikipedia,2000–01 UEFA Cup first round
2000-09-28,UEFA,UEFA 2nd Division,2,2000–01,Rijeka,Celta Vigo,0-1,A,Continental,Wikipedia,2000–01 UEFA Cup first round
2000-09-28,UEFA,UEFA 2nd Division,2,2000–01,Roma,HIT Gorica,7-0,H,Continental,Wikipedia,2000–01 UEFA Cup first round
2000-09-28,UEFA,UEFA 2nd Division,2,2000–01,Slovan Liberec,IFK Norrköping,2-1,H,Continental,Wikipedia,2000–01 UEFA Cup first round
2000-09-28,UEFA,UEFA 2nd Division,2,2000–01,St. Gallen,Chelsea,2-0,H,Continental,Wikipedia,2000–01 UEFA Cup first round
2000-09-28,UEFA,UEFA 2nd Division,2,2000–01,Torpedo Moscow,Lausanne-Sports,0-2,A,Continental,Wikipedia,2000–01 UEFA Cup first round
2000-09-28,UEFA,UEFA 2nd Division,2,2000–01,Werder Bremen,Antalyaspor,6-0,H,Continental,Wikipedia,2000–01 UEFA Cup first round
2000-09-28,UEFA,UEFA 2nd Division,2,2000–01,Wisła Kraków,Zaragoza,4-1,H,Continental,Wikipedia,2000–01 UEFA Cup first round
2000-09-28,UEFA,UEFA 2nd Division,2,2000–01,Örgryte IS,Rapid Wien,1-1,D,Continental,Wikipedia,2000–01 UEFA Cup first round
2000-10-23,UEFA,UEFA 2nd Division,2,2000–01,Iraklis,1. FC Kaiserslautern,1-3,A,Continental,Wikipedia,2000–01 UEFA Cup second round
2000-10-24,UEFA,UEFA 2nd Division,2,2000–01,Osijek,Rapid Wien,2-1,H,Continental,Wikipedia,2000–01 UEFA Cup second round
2000-10-24,UEFA,UEFA 2nd Division,2,2000–01,Udinese,PAOK,1-0,H,Continental,Wikipedia,2000–01 UEFA Cup second round
2000-10-24,UEFA,UEFA 2nd Division,2,2000–01,Werder Bremen,Genk,4-1,H,Continental,Wikipedia,2000–01 UEFA Cup second round
2000-10-26,UEFA,UEFA 2nd Division,2,2000–01,AEK Athens,Herfølge,5-0,H,Continental,Wikipedia,2000–01 UEFA Cup second round
2000-10-26,UEFA,UEFA 2nd Division,2,2000–01,Basel,Feyenoord,1-2,A,Continental,Wikipedia,2000–01 UEFA Cup second round
2000-10-26,UEFA,UEFA 2nd Division,2,2000–01,Boavista,Roma,0-1,A,Continental,Wikipedia,2000–01 UEFA Cup second round
2000-10-26,UEFA,UEFA 2nd Division,2,2000–01,Bordeaux,Celtic,1-1,D,Continental,Wikipedia,2000–01 UEFA Cup second round
2000-10-26,UEFA,UEFA 2nd Division,2,2000–01,Club Brugge,St. Gallen,2-1,H,Continental,Wikipedia,2000–01 UEFA Cup second round
2000-10-26,UEFA,UEFA 2nd Division,2,2000–01,Espanyol,GAK,4-0,H,Continental,Wikipedia,2000–01 UEFA Cup second round
2000-10-26,UEFA,UEFA 2nd Division,2,2000–01,Halmstads BK,1860 Munich,3-2,H,Continental,Wikipedia,2000–01 UEFA Cup second round
2000-10-26,UEFA,UEFA 2nd Division,2,2000–01,Hertha BSC,Amica Wronki,3-1,H,Continental,Wikipedia,2000–01 UEFA Cup second round
2000-10-26,UEFA,UEFA 2nd Division,2,2000–01,Internazionale,Vitesse,0-0,D,Continental,Wikipedia,2000–01 UEFA Cup second round
2000-10-26,UEFA,UEFA 2nd Division,2,2000–01,Lausanne-Sports,Ajax,1-0,H,Continental,Wikipedia,2000–01 UEFA Cup second round
2000-10-26,UEFA,UEFA 2nd Division,2,2000–01,Lillestrøm,Alavés,1-3,A,Continental,Wikipedia,2000–01 UEFA Cup second round
2000-10-26,UEFA,UEFA 2nd Division,2,2000–01,Liverpool,Slovan Liberec,1-0,H,Continental,Wikipedia,2000–01 UEFA Cup second round
2000-10-26,UEFA,UEFA 2nd Division,2,2000–01,Lokomotiv Moscow,Inter Slovnaft Bratislava,1-0,H,Continental,Wikipedia,2000–01 UEFA Cup second round
2000-10-26,UEFA,UEFA 2nd Division,2,2000–01,Nantes,MTK Hungária,2-1,H,Continental,Wikipedia,2000–01 UEFA Cup second round
2000-10-26,UEFA,UEFA 2nd Division,2,2000–01,OFI,Slavia Prague,2-2,D,Continental,Wikipedia,2000–01 UEFA Cup second round
2000-10-26,UEFA,UEFA 2nd Division,2,2000–01,Parma,Dinamo Zagreb,2-0,H,Continental,Wikipedia,2000–01 UEFA Cup second round
2000-10-26,UEFA,UEFA 2nd Division,2,2000–01,Rayo Vallecano,Viborg,1-0,H,Continental,Wikipedia,2000–01 UEFA Cup second round
2000-10-26,UEFA,UEFA 2nd Division,2,2000–01,Red Star Belgrade,Celta Vigo,1-0,H,Continental,Wikipedia,2000–01 UEFA Cup second round
2000-10-26,UEFA,UEFA 2nd Division,2,2000–01,Tirol Innsbruck,VfB Stuttgart,1-0,H,Continental,Wikipedia,2000–01 UEFA Cup second round
2000-10-26,UEFA,UEFA 2nd Division,2,2000–01,Wisła Kraków,Porto,0-0,D,Continental,Wikipedia,2000–01 UEFA Cup second round
2000-11-07,UEFA,UEFA 2nd Division,2,2000–01,1860 Munich,Halmstads BK,3-1,H,Continental,Wikipedia,2000–01 UEFA Cup second round
2000-11-07,UEFA,UEFA 2nd Division,2,2000–01,Amica Wronki,Hertha BSC,1-1,D,Continental,Wikipedia,2000–01 UEFA Cup second round
2000-11-07,UEFA,UEFA 2nd Division,2,2000–01,Herfølge,AEK Athens,2-1,H,Continental,Wikipedia,2000–01 UEFA Cup second round
2000-11-07,UEFA,UEFA 2nd Division,2,2000–01,Rapid Wien,Osijek,0-2,A,Continental,Wikipedia,2000–01 UEFA Cup second round
2000-11-09,UEFA,UEFA 2nd Division,2,2000–01,1. FC Kaiserslautern,Iraklis,2-3,A,Continental,Wikipedia,2000–01 UEFA Cup second round
2000-11-09,UEFA,UEFA 2nd Division,2,2000–01,Ajax,Lausanne-Sports,2-2,D,Continental,Wikipedia,2000–01 UEFA Cup second round
2000-11-09,UEFA,UEFA 2nd Division,2,2000–01,Alavés,Lillestrøm,2-2,D,Continental,Wikipedia,2000–01 UEFA Cup second round
2000-11-09,UEFA,UEFA 2nd Division,2,2000–01,Celta Vigo,Red Star Belgrade,3-0,H,Continental,Wikipedia,2000–01 UEFA Cup second round
2000-11-09,UEFA,UEFA 2nd Division,2,2000–01,Celtic,Bordeaux,1-2,A,Continental,Wikipedia,2000–01 UEFA Cup second round
2000-11-09,UEFA,UEFA 2nd Division,2,2000–01,Dinamo Zagreb,Parma,1-0,H,Continental,Wikipedia,2000–01 UEFA Cup second round
2000-11-09,UEFA,UEFA 2nd Division,2,2000–01,Feyenoord,Basel,1-0,H,Continental,Wikipedia,2000–01 UEFA Cup second round
2000-11-09,UEFA,UEFA 2nd Division,2,2000–01,GAK,Espanyol,1-0,H,Continental,Wikipedia,2000–01 UEFA Cup second round
2000-11-09,UEFA,UEFA 2nd Division,2,2000–01,Genk,Werder Bremen,2-5,A,Continental,Wikipedia,2000–01 UEFA Cup second round
2000-11-09,UEFA,UEFA 2nd Division,2,2000–01,Inter Slovnaft Bratislava,Lokomotiv Moscow,1-2,A,Continental,Wikipedia,2000–01 UEFA Cup second round
2000-11-09,UEFA,UEFA 2nd Division,2,2000–01,MTK Hungária,Nantes,0-1,A,Continental,Wikipedia,2000–01 UEFA Cup second round
2000-11-09,UEFA,UEFA 2nd Division,2,2000–01,PAOK,Udinese,3-0,H,Continental,Wikipedia,2000–01 UEFA Cup second round
2000-11-09,UEFA,UEFA 2nd Division,2,2000–01,Porto,Wisła Kraków,3-0,H,Continental,Wikipedia,2000–01 UEFA Cup second round
2000-11-09,UEFA,UEFA 2nd Division,2,2000–01,Roma,Boavista,1-1,D,Continental,Wikipedia,2000–01 UEFA Cup second round
2000-11-09,UEFA,UEFA 2nd Division,2,2000–01,Slavia Prague,OFI,4-1,H,Continental,Wikipedia,2000–01 UEFA Cup second round
2000-11-09,UEFA,UEFA 2nd Division,2,2000–01,Slovan Liberec,Liverpool,2-3,A,Continental,Wikipedia,2000–01 UEFA Cup second round
2000-11-09,UEFA,UEFA 2nd Division,2,2000–01,St. Gallen,Club Brugge,1-1,D,Continental,Wikipedia,2000–01 UEFA Cup second round
2000-11-09,UEFA,UEFA 2nd Division,2,2000–01,VfB Stuttgart,Tirol Innsbruck,3-1,H,Continental,Wikipedia,2000–01 UEFA Cup second round
2000-11-09,UEFA,UEFA 2nd Division,2,2000–01,Viborg,Rayo Vallecano,2-1,H,Continental,Wikipedia,2000–01 UEFA Cup second round
2000-11-09,UEFA,UEFA 2nd Division,2,2000–01,Vitesse,Internazionale,1-1,D,Continental,Wikipedia,2000–01 UEFA Cup second round
2000-11-21,UEFA,UEFA 2nd Division,2,2000–01,Hertha BSC,Internazionale,0-0,D,Continental,Wikipedia,2000–01 UEFA Cup final phase
2000-11-23,UEFA,UEFA 2nd Division,2,2000–01,Alavés,Rosenborg,1-1,D,Continental,Wikipedia,2000–01 UEFA Cup final phase
2000-11-23,UEFA,UEFA 2nd Division,2,2000–01,Bayer Leverkusen,AEK Athens,4-4,D,Continental,Wikipedia,2000–01 UEFA Cup final phase
2000-11-23,UEFA,UEFA 2nd Division,2,2000–01,Bordeaux,Werder Bremen,4-1,H,Continental,Wikipedia,2000–01 UEFA Cup final phase
2000-11-23,UEFA,UEFA 2nd Division,2,2000–01,Club Brugge,Barcelona,0-2,A,Continental,Wikipedia,2000–01 UEFA Cup final phase
2000-11-23,UEFA,UEFA 2nd Division,2,2000–01,Espanyol,Porto,0-2,A,Continental,Wikipedia,2000–01 UEFA Cup final phase
2000-11-23,UEFA,UEFA 2nd Division,2,2000–01,Feyenoord,VfB Stuttgart,2-2,D,Continental,Wikipedia,2000–01 UEFA Cup final phase
2000-11-23,UEFA,UEFA 2nd Division,2,2000–01,Lokomotiv Moscow,Rayo Vallecano,0-0,D,Continental,Wikipedia,2000–01 UEFA Cup final phase
2000-11-23,UEFA,UEFA 2nd Division,2,2000–01,Nantes,Lausanne-Sports,4-3,H,Continental,Wikipedia,2000–01 UEFA Cup final phase
2000-11-23,UEFA,UEFA 2nd Division,2,2000–01,Olympiacos,Liverpool,2-2,D,Continental,Wikipedia,2000–01 UEFA Cup final phase
2000-11-23,UEFA,UEFA 2nd Division,2,2000–01,Osijek,Slavia Prague,2-0,H,Continental,Wikipedia,2000–01 UEFA Cup final phase
2000-11-23,UEFA,UEFA 2nd Division,2,2000–01,PSV Eindhoven,PAOK,3-0,H,Continental,Wikipedia,2000–01 UEFA Cup final phase
2000-11-23,UEFA,UEFA 2nd Division,2,2000–01,Parma,1860 Munich,2-2,D,Continental,Wikipedia,2000–01 UEFA Cup final phase
2000-11-23,UEFA,UEFA 2nd Division,2,2000–01,Roma,Hamburger SV,1-0,H,Continental,Wikipedia,2000–01 UEFA Cup final phase
2000-11-23,UEFA,UEFA 2nd Division,2,2000–01,Shakhtar Donetsk,Celta Vigo,0-0,D,Continental,Wikipedia,2000–01 UEFA Cup final phase
2000-11-30,UEFA,UEFA 2nd Division,2,2000–01,Rangers,1. FC Kaiserslautern,1-0,H,Continental,Wikipedia,2000–01 UEFA Cup final phase
2000-12-05,UEFA,UEFA 2nd Division,2,2000–01,1860 Munich,Parma,0-2,A,Continental,Wikipedia,2000–01 UEFA Cup final phase
2000-12-05,UEFA,UEFA 2nd Division,2,2000–01,VfB Stuttgart,Feyenoord,2-1,H,Continental,Wikipedia,2000–01 UEFA Cup final phase
2000-12-07,UEFA,UEFA 2nd Division,2,2000–01,1. FC Kaiserslautern,Rangers,3-0,H,Continental,Wikipedia,2000–01 UEFA Cup final phase
2000-12-07,UEFA,UEFA 2nd Division,2,2000–01,AEK Athens,Bayer Leverkusen,2-0,H,Continental,Wikipedia,2000–01 UEFA Cup final phase
2000-12-07,UEFA,UEFA 2nd Division,2,2000–01,Barcelona,Club Brugge,1-1,D,Continental,Wikipedia,2000–01 UEFA Cup final phase
2000-12-07,UEFA,UEFA 2nd Division,2,2000–01,Celta Vigo,Shakhtar Donetsk,1-0,H,Continental,Wikipedia,2000–01 UEFA Cup final phase
2000-12-07,UEFA,UEFA 2nd Division,2,2000–01,Hamburger SV,Roma,0-3,A,Continental,Wikipedia,2000–01 UEFA Cup final phase
2000-12-07,UEFA,UEFA 2nd Division,2,2000–01,Internazionale,Hertha BSC,2-1,H,Continental,Wikipedia,2000–01 UEFA Cup final phase
2000-12-07,UEFA,UEFA 2nd Division,2,2000–01,Lausanne-Sports,Nantes,1-3,A,Continental,Wikipedia,2000–01 UEFA Cup final phase
2000-12-07,UEFA,UEFA 2nd Division,2,2000–01,Liverpool,Olympiacos,2-0,H,Continental,Wikipedia,2000–01 UEFA Cup final phase
2000-12-07,UEFA,UEFA 2nd Division,2,2000–01,PAOK,PSV Eindhoven,0-1,A,Continental,Wikipedia,2000–01 UEFA Cup final phase
2000-12-07,UEFA,UEFA 2nd Division,2,2000–01,Porto,Espanyol,0-0,D,Continental,Wikipedia,2000–01 UEFA Cup final phase
2000-12-07,UEFA,UEFA 2nd Division,2,2000–01,Rayo Vallecano,Lokomotiv Moscow,2-0,H,Continental,Wikipedia,2000–01 UEFA Cup final phase
2000-12-07,UEFA,UEFA 2nd Division,2,2000–01,Rosenborg,Alavés,1-3,A,Continental,Wikipedia,2000–01 UEFA Cup final phase
2000-12-07,UEFA,UEFA 2nd Division,2,2000–01,Slavia Prague,Osijek,5-1,H,Continental,Wikipedia,2000–01 UEFA Cup final phase
2000-12-07,UEFA,UEFA 2nd Division,2,2000–01,Werder Bremen,Bordeaux,0-0,D,Continental,Wikipedia,2000–01 UEFA Cup final phase
2001-02-15,UEFA,UEFA 2nd Division,2,2000–01,AEK Athens,Barcelona,0-1,A,Continental,Wikipedia,2000–01 UEFA Cup final phase
2001-02-15,UEFA,UEFA 2nd Division,2,2000–01,Alavés,Internazionale,3-3,D,Continental,Wikipedia,2000–01 UEFA Cup final phase
2001-02-15,UEFA,UEFA 2nd Division,2,2000–01,PSV Eindhoven,Parma,2-1,H,Continental,Wikipedia,2000–01 UEFA Cup final phase
2001-02-15,UEFA,UEFA 2nd Division,2,2000–01,Porto,Nantes,3-1,H,Continental,Wikipedia,2000–01 UEFA Cup final phase
2001-02-15,UEFA,UEFA 2nd Division,2,2000–01,Rayo Vallecano,Bordeaux,4-1,H,Continental,Wikipedia,2000–01 UEFA Cup final phase
2001-02-15,UEFA,UEFA 2nd Division,2,2000–01,Roma,Liverpool,0-2,A,Continental,Wikipedia,2000–01 UEFA Cup final phase
2001-02-15,UEFA,UEFA 2nd Division,2,2000–01,Slavia Prague,1. FC Kaiserslautern,0-0,D,Continental,Wikipedia,2000–01 UEFA Cup final phase
2001-02-15,UEFA,UEFA 2nd Division,2,2000–01,VfB Stuttgart,Celta Vigo,0-0,D,Continental,Wikipedia,2000–01 UEFA Cup final phase
2001-02-22,UEFA,UEFA 2nd Division,2,2000–01,1. FC Kaiserslautern,Slavia Prague,1-0,H,Continental,Wikipedia,2000–01 UEFA Cup final phase
2001-02-22,UEFA,UEFA 2nd Division,2,2000–01,Barcelona,AEK Athens,5-0,H,Continental,Wikipedia,2000–01 UEFA Cup final phase
2001-02-22,UEFA,UEFA 2nd Division,2,2000–01,Bordeaux,Rayo Vallecano,1-2,A,Continental,Wikipedia,2000–01 UEFA Cup final phase
2001-02-22,UEFA,UEFA 2nd Division,2,2000–01,Celta Vigo,VfB Stuttgart,2-1,H,Continental,Wikipedia,2000–01 UEFA Cup final phase
2001-02-22,UEFA,UEFA 2nd Division,2,2000–01,Internazionale,Alavés,0-2,A,Continental,Wikipedia,2000–01 UEFA Cup final phase
2001-02-22,UEFA,UEFA 2nd Division,2,2000–01,Liverpool,Roma,0-1,A,Continental,Wikipedia,2000–01 UEFA Cup final phase
2001-02-22,UEFA,UEFA 2nd Division,2,2000–01,Nantes,Porto,2-1,H,Continental,Wikipedia,2000–01 UEFA Cup final phase
2001-02-22,UEFA,UEFA 2nd Division,2,2000–01,Parma,PSV Eindhoven,3-2,H,Continental,Wikipedia,2000–01 UEFA Cup final phase
2001-03-08,UEFA,UEFA 2nd Division,2,2000–01,1. FC Kaiserslautern,PSV Eindhoven,1-0,H,Continental,Wikipedia,2000–01 UEFA Cup final phase
2001-03-08,UEFA,UEFA 2nd Division,2,2000–01,Alavés,Rayo Vallecano,3-0,H,Continental,Wikipedia,2000–01 UEFA Cup final phase
2001-03-08,UEFA,UEFA 2nd Division,2,2000–01,Barcelona,Celta Vigo,2-1,H,Continental,Wikipedia,2000–01 UEFA Cup final phase
2001-03-08,UEFA,UEFA 2nd Division,2,2000–01,Porto,Liverpool,0-0,D,Continental,Wikipedia,2000–01 UEFA Cup final phase
2001-03-15,UEFA,UEFA 2nd Division,2,2000–01,Celta Vigo,Barcelona,3-2,H,Continental,Wikipedia,2000–01 UEFA Cup final phase
2001-03-15,UEFA,UEFA 2nd Division,2,2000–01,Liverpool,Porto,2-0,H,Continental,Wikipedia,2000–01 UEFA Cup final phase
2001-03-15,UEFA,UEFA 2nd Division,2,2000–01,PSV Eindhoven,1. FC Kaiserslautern,0-1,A,Continental,Wikipedia,2000–01 UEFA Cup final phase
2001-03-15,UEFA,UEFA 2nd Division,2,2000–01,Rayo Vallecano,Alavés,2-1,H,Continental,Wikipedia,2000–01 UEFA Cup final phase
2001-04-05,UEFA,UEFA 2nd Division,2,2000–01,Alavés,1. FC Kaiserslautern,5-1,H,Continental,Wikipedia,2000–01 UEFA Cup final phase
2001-04-05,UEFA,UEFA 2nd Division,2,2000–01,Barcelona,Liverpool,0-0,D,Continental,Wikipedia,2000–01 UEFA Cup final phase
2001-04-19,UEFA,UEFA 2nd Division,2,2000–01,1. FC Kaiserslautern,Alavés,1-4,A,Continental,Wikipedia,2000–01 UEFA Cup final phase
2001-04-19,UEFA,UEFA 2nd Division,2,2000–01,Liverpool,Barcelona,1-0,H,Continental,Wikipedia,2000–01 UEFA Cup final phase
2001-08-09,UEFA,UEFA 2nd Division,2,2001–02,AEK Athens,Grevenmacher,6-0,H,Continental,Wikipedia,2001–02 UEFA Cup qualifying round
2001-08-09,UEFA,UEFA 2nd Division,2,2001–02,Ararat Yerevan,Hapoel Tel Aviv,0-2,A,Continental,Wikipedia,2001–02 UEFA Cup qualifying round
2001-08-09,UEFA,UEFA 2nd Division,2,2001–02,Atlantas,Rapid București,0-4,A,Continental,Wikipedia,2001–02 UEFA Cup qualifying round
2001-08-09,UEFA,UEFA 2nd Division,2,2001–02,Birkirkara,Locomotive Tbilisi,0-0,D,Continental,Wikipedia,2001–02 UEFA Cup qualifying round
2001-08-09,UEFA,UEFA 2nd Division,2,2001–02,Brașov,Mika,5-1,H,Continental,Wikipedia,2001–02 UEFA Cup qualifying round
2001-08-09,UEFA,UEFA 2nd Division,2,2001–02,Brøndby,Shelbourne,2-0,H,Continental,Wikipedia,2001–02 UEFA Cup qualifying round
2001-08-09,UEFA,UEFA 2nd Division,2,2001–02,CSKA Kyiv,Jokerit,2-0,H,Continental,Wikipedia,2001–02 UEFA Cup qualifying round
2001-08-09,UEFA,UEFA 2nd Division,2,2001–02,Club Brugge,ÍA,4-0,H,Continental,Wikipedia,2001–02 UEFA Cup qualifying round
2001-08-09,UEFA,UEFA 2nd Division,2,2001–02,Cosmos,Rapid Wien,0-1,A,Continental,Wikipedia,2001–02 UEFA Cup qualifying round
2001-08-09,UEFA,UEFA 2nd Division,2,2001–02,Cwmbrân Town,Slovan Bratislava,0-4,A,Continental,Wikipedia,2001–02 UEFA Cup qualifying round
2001-08-09,UEFA,UEFA 2nd Division,2,2001–02,Debrecen,Nistru Otaci,3-0,H,Continental,Wikipedia,2001–02 UEFA Cup qualifying round
2001-08-09,UEFA,UEFA 2nd Division,2,2001–02,Dinaburg,Osijek,2-1,H,Continental,Wikipedia,2001–02 UEFA Cup qualifying round
2001-08-09,UEFA,UEFA 2nd Division,2,2001–02,Dinamo București,Dinamo Tirana,1-0,H,Continental,Wikipedia,2001–02 UEFA Cup qualifying round
2001-08-09,UEFA,UEFA 2nd Division,2,2001–02,Dinamo Tbilisi,BATE Borisov,2-1,H,Continental,Wikipedia,2001–02 UEFA Cup qualifying round
2001-08-09,UEFA,UEFA 2nd Division,2,2001–02,Dinamo Zagreb,Flora,1-0,H,Continental,Wikipedia,2001–02 UEFA Cup qualifying round
2001-08-09,UEFA,UEFA 2nd Division,2,2001–02,Etzella Ettelbruck,Legia Warsaw,0-4,A,Continental,Wikipedia,2001–02 UEFA Cup qualifying round
2001-08-09,UEFA,UEFA 2nd Division,2,2001–02,FC Santa Coloma,Partizan,0-1,A,Continental,Wikipedia,2001–02 UEFA Cup qualifying round
2001-08-09,UEFA,UEFA 2nd Division,2,2001–02,Fylkir,Pogoń Szczecin,2-1,H,Continental,Wikipedia,2001–02 UEFA Cup qualifying round
2001-08-09,UEFA,UEFA 2nd Division,2,2001–02,Glenavon,Kilmarnock,0-1,A,Continental,Wikipedia,2001–02 UEFA Cup qualifying round
2001-08-09,UEFA,UEFA 2nd Division,2,2001–02,HB,GAK,2-2,D,Continental,Wikipedia,2001–02 UEFA Cup qualifying round
2001-08-09,UEFA,UEFA 2nd Division,2,2001–02,HJK,Ventspils,2-1,H,Continental,Wikipedia,2001–02 UEFA Cup qualifying round
2001-08-09,UEFA,UEFA 2nd Division,2,2001–02,Longford Town,Litex Lovech,1-1,D,Continental,Wikipedia,2001–02 UEFA Cup qualifying round
2001-08-09,UEFA,UEFA 2nd Division,2,2001–02,MYPA,Helsingborgs IF,1-3,A,Continental,Wikipedia,2001–02 UEFA Cup qualifying round
2001-08-09,UEFA,UEFA 2nd Division,2,2001–02,Maccabi Tel Aviv,Žalgiris,6-0,H,Continental,Wikipedia,2001–02 UEFA Cup qualifying round
2001-08-09,UEFA,UEFA 2nd Division,2,2001–02,Marítimo,Sarajevo,1-0,H,Continental,Wikipedia,2001–02 UEFA Cup qualifying round
2001-08-09,UEFA,UEFA 2nd Division,2,2001–02,Matador Púchov,Sliema Wanderers,3-0,H,Continental,Wikipedia,2001–02 UEFA Cup qualifying round
2001-08-09,UEFA,UEFA 2nd Division,2,2001–02,Midtjylland,Glentoran,1-1,D,Continental,Wikipedia,2001–02 UEFA Cup qualifying round
2001-08-09,UEFA,UEFA 2nd Division,2,2001–02,Narva Trans,IF Elfsborg,3-0,H,Continental,Wikipedia,2001–02 UEFA Cup qualifying round
2001-08-09,UEFA,UEFA 2nd Division,2,2001–02,Neftçi,HIT Gorica,0-0,D,Continental,Wikipedia,2001–02 UEFA Cup qualifying round
2001-08-09,UEFA,UEFA 2nd Division,2,2001–02,Obilić,GÍ,4-0,H,Continental,Wikipedia,2001–02 UEFA Cup qualifying round
2001-08-09,UEFA,UEFA 2nd Division,2,2001–02,Olimpija Ljubljana,Shafa Baku,4-0,H,Continental,Wikipedia,2001–02 UEFA Cup qualifying round
2001-08-09,UEFA,UEFA 2nd Division,2,2001–02,Olympiakos Nicosia,Dunaferr,2-2,D,Continental,Wikipedia,2001–02 UEFA Cup qualifying round
2001-08-09,UEFA,UEFA 2nd Division,2,2001–02,Pelister,St. Gallen,0-2,A,Continental,Wikipedia,2001–02 UEFA Cup qualifying round
2001-08-09,UEFA,UEFA 2nd Division,2,2001–02,Polonia Warsaw,Total Network Solutions,4-0,H,Continental,Wikipedia,2001–02 UEFA Cup qualifying round
2001-08-09,UEFA,UEFA 2nd Division,2,2001–02,Ružomberok,Belshina Bobruisk,3-1,H,Continental,Wikipedia,2001–02 UEFA Cup qualifying round
2001-08-09,UEFA,UEFA 2nd Division,2,2001–02,Shakhtyor Soligorsk,CSKA Sofia,1-2,A,Continental,Wikipedia,2001–02 UEFA Cup qualifying round
2001-08-09,UEFA,UEFA 2nd Division,2,2001–02,Tirana,Apollon Limassol,3-2,H,Continental,Wikipedia,2001–02 UEFA Cup qualifying round
2001-08-09,UEFA,UEFA 2nd Division,2,2001–02,Vaduz,Varteks,3-3,D,Continental,Wikipedia,2001–02 UEFA Cup qualifying round
2001-08-09,UEFA,UEFA 2nd Division,2,2001–02,Vardar,Standard Liège,0-3,A,Continental,Wikipedia,2001–02 UEFA Cup qualifying round
2001-08-09,UEFA,UEFA 2nd Division,2,2001–02,Viking,Brotnjo,1-0,H,Continental,Wikipedia,2001–02 UEFA Cup qualifying round
2001-08-09,UEFA,UEFA 2nd Division,2,2001–02,Zimbru Chișinău,Gaziantepspor,0-0,D,Continental,Wikipedia,2001–02 UEFA Cup qualifying round
2001-08-23,UEFA,UEFA 2nd Division,2,2001–02,Apollon Limassol,Tirana,3-1,H,Continental,Wikipedia,2001–02 UEFA Cup qualifying round
2001-08-23,UEFA,UEFA 2nd Division,2,2001–02,BATE Borisov,Dinamo Tbilisi,4-0,H,Continental,Wikipedia,2001–02 UEFA Cup qualifying round
2001-08-23,UEFA,UEFA 2nd Division,2,2001–02,Belshina Bobruisk,Ružomberok,0-0,D,Continental,Wikipedia,2001–02 UEFA Cup qualifying round
2001-08-23,UEFA,UEFA 2nd Division,2,2001–02,Brotnjo,Viking,1-1,D,Continental,Wikipedia,2001–02 UEFA Cup qualifying round
2001-08-23,UEFA,UEFA 2nd Division,2,2001–02,CSKA Sofia,Shakhtyor Soligorsk,3-1,H,Continental,Wikipedia,2001–02 UEFA Cup qualifying round
2001-08-23,UEFA,UEFA 2nd Division,2,2001–02,Dinamo Tirana,Dinamo București,1-3,A,Continental,Wikipedia,2001–02 UEFA Cup qualifying round
2001-08-23,UEFA,UEFA 2nd Division,2,2001–02,Dunaferr,Olympiakos Nicosia,2-4,A,Continental,Wikipedia,2001–02 UEFA Cup qualifying round
2001-08-23,UEFA,UEFA 2nd Division,2,2001–02,Flora,Dinamo Zagreb,0-1,A,Continental,Wikipedia,2001–02 UEFA Cup qualifying round
2001-08-23,UEFA,UEFA 2nd Division,2,2001–02,GAK,HB,4-0,H,Continental,Wikipedia,2001–02 UEFA Cup qualifying round
2001-08-23,UEFA,UEFA 2nd Division,2,2001–02,Gaziantepspor,Zimbru Chișinău,4-1,H,Continental,Wikipedia,2001–02 UEFA Cup qualifying round
2001-08-23,UEFA,UEFA 2nd Division,2,2001–02,Glentoran,Midtjylland,0-4,A,Continental,Wikipedia,2001–02 UEFA Cup qualifying round
2001-08-23,UEFA,UEFA 2nd Division,2,2001–02,Grevenmacher,AEK Athens,0-2,A,Continental,Wikipedia,2001–02 UEFA Cup qualifying round
2001-08-23,UEFA,UEFA 2nd Division,2,2001–02,GÍ,Obilić,1-1,D,Continental,Wikipedia,2001–02 UEFA Cup qualifying round
2001-08-23,UEFA,UEFA 2nd Division,2,2001–02,HIT Gorica,Neftçi,1-0,H,Continental,Wikipedia,2001–02 UEFA Cup qualifying round
2001-08-23,UEFA,UEFA 2nd Division,2,2001–02,Hapoel Tel Aviv,Ararat Yerevan,3-0,H,Continental,Wikipedia,2001–02 UEFA Cup qualifying round
2001-08-23,UEFA,UEFA 2nd Division,2,2001–02,Helsingborgs IF,MYPA,2-1,H,Continental,Wikipedia,2001–02 UEFA Cup qualifying round
2001-08-23,UEFA,UEFA 2nd Division,2,2001–02,IF Elfsborg,Narva Trans,5-0,H,Continental,Wikipedia,2001–02 UEFA Cup qualifying round
2001-08-23,UEFA,UEFA 2nd Division,2,2001–02,Jokerit,CSKA Kyiv,0-2,A,Continental,Wikipedia,2001–02 UEFA Cup qualifying round
2001-08-23,UEFA,UEFA 2nd Division,2,2001–02,Kilmarnock,Glenavon,1-0,H,Continental,Wikipedia,2001–02 UEFA Cup qualifying round
2001-08-23,UEFA,UEFA 2nd Division,2,2001–02,Legia Warsaw,Etzella Ettelbruck,2-1,H,Continental,Wikipedia,2001–02 UEFA Cup qualifying round
2001-08-23,UEFA,UEFA 2nd Division,2,2001–02,Litex Lovech,Longford Town,2-0,H,Continental,Wikipedia,2001–02 UEFA Cup qualifying round
2001-08-23,UEFA,UEFA 2nd Division,2,2001–02,Locomotive Tbilisi,Birkirkara,1-1,D,Continental,Wikipedia,2001–02 UEFA Cup qualifying round
2001-08-23,UEFA,UEFA 2nd Division,2,2001–02,Mika,Brașov,0-2,A,Continental,Wikipedia,2001–02 UEFA Cup qualifying round
2001-08-23,UEFA,UEFA 2nd Division,2,2001–02,Nistru Otaci,Debrecen,1-0,H,Continental,Wikipedia,2001–02 UEFA Cup qualifying round
2001-08-23,UEFA,UEFA 2nd Division,2,2001–02,Osijek,Dinaburg,1-0,H,Continental,Wikipedia,2001–02 UEFA Cup qualifying round
2001-08-23,UEFA,UEFA 2nd Division,2,2001–02,Partizan,FC Santa Coloma,7-1,H,Continental,Wikipedia,2001–02 UEFA Cup qualifying round
2001-08-23,UEFA,UEFA 2nd Division,2,2001–02,Pogoń Szczecin,Fylkir,1-1,D,Continental,Wikipedia,2001–02 UEFA Cup qualifying round
2001-08-23,UEFA,UEFA 2nd Division,2,2001–02,Rapid București,Atlantas,8-0,H,Continental,Wikipedia,2001–02 UEFA Cup qualifying round
2001-08-23,UEFA,UEFA 2nd Division,2,2001–02,Rapid Wien,Cosmos,2-0,H,Continental,Wikipedia,2001–02 UEFA Cup qualifying round
2001-08-23,UEFA,UEFA 2nd Division,2,2001–02,Sarajevo,Marítimo,0-1,A,Continental,Wikipedia,2001–02 UEFA Cup qualifying round
2001-08-23,UEFA,UEFA 2nd Division,2,2001–02,Shafa Baku,Olimpija Ljubljana,0-3,A,Continental,Wikipedia,2001–02 UEFA Cup qualifying round
2001-08-23,UEFA,UEFA 2nd Division,2,2001–02,Shelbourne,Brøndby,0-3,A,Continental,Wikipedia,2001–02 UEFA Cup qualifying round
2001-08-23,UEFA,UEFA 2nd Division,2,2001–02,Sliema Wanderers,Matador Púchov,2-1,H,Continental,Wikipedia,2001–02 UEFA Cup qualifying round
2001-08-23,UEFA,UEFA 2nd Division,2,2001–02,Slovan Bratislava,Cwmbrân Town,1-0,H,Continental,Wikipedia,2001–02 UEFA Cup qualifying round
2001-08-23,UEFA,UEFA 2nd Division,2,2001–02,St. Gallen,Pelister,2-3,A,Continental,Wikipedia,2001–02 UEFA Cup qualifying round
2001-08-23,UEFA,UEFA 2nd Division,2,2001–02,Standard Liège,Vardar,3-1,H,Continental,Wikipedia,2001–02 UEFA Cup qualifying round
2001-08-23,UEFA,UEFA 2nd Division,2,2001–02,Total Network Solutions,Polonia Warsaw,0-2,A,Continental,Wikipedia,2001–02 UEFA Cup qualifying round
2001-08-23,UEFA,UEFA 2nd Division,2,2001–02,Varteks,Vaduz,6-1,H,Continental,Wikipedia,2001–02 UEFA Cup qualifying round
2001-08-23,UEFA,UEFA 2nd Division,2,2001–02,Ventspils,HJK,0-1,A,Continental,Wikipedia,2001–02 UEFA Cup qualifying round
2001-08-23,UEFA,UEFA 2nd Division,2,2001–02,ÍA,Club Brugge,1-6,A,Continental,Wikipedia,2001–02 UEFA Cup qualifying round
2001-08-23,UEFA,UEFA 2nd Division,2,2001–02,Žalgiris,Maccabi Tel Aviv,0-1,A,Continental,Wikipedia,2001–02 UEFA Cup qualifying round
2001-09-11,UEFA,UEFA 2nd Division,2,2001–02,HIT Gorica,Osijek,1-2,A,Continental,Wikipedia,2001–02 UEFA Cup first round
2001-09-11,UEFA,UEFA 2nd Division,2,2001–02,Matador Púchov,SC Freiburg,0-0,D,Continental,Wikipedia,2001–02 UEFA Cup first round
2001-09-11,UEFA,UEFA 2nd Division,2,2001–02,Roda JC,Fylkir,3-0,H,Continental,Wikipedia,2001–02 UEFA Cup first round
2001-09-11,UEFA,UEFA 2nd Division,2,2001–02,Troyes,Ružomberok,6-1,H,Continental,Wikipedia,2001–02 UEFA Cup first round
2001-09-11,UEFA,UEFA 2nd Division,2,2001–02,Viktoria Žižkov,Tirol Innsbruck,0-0,D,Continental,Wikipedia,2001–02 UEFA Cup first round
2001-09-18,UEFA,UEFA 2nd Division,2,2001–02,Paris Saint-Germain,Rapid București,0-0,D,Continental,Wikipedia,2001–02 UEFA Cup first round
2001-09-19,UEFA,UEFA 2nd Division,2,2001–02,Chernomorets Novorossiysk,Valencia,0-1,A,Continental,Wikipedia,2001–02 UEFA Cup first round
2001-09-19,UEFA,UEFA 2nd Division,2,2001–02,Westerlo,Hertha BSC,0-2,A,Continental,Wikipedia,2001–02 UEFA Cup first round
2001-09-20,UEFA,UEFA 2nd Division,2,2001–02,AEK Athens,Hibernian,2-0,H,Continental,Wikipedia,2001–02 UEFA Cup first round
2001-09-20,UEFA,UEFA 2nd Division,2,2001–02,Ajax,Apollon Limassol,2-0,H,Continental,Wikipedia,2001–02 UEFA Cup first round
2001-09-20,UEFA,UEFA 2nd Division,2,2001–02,Aston Villa,Varteks,2-3,A,Continental,Wikipedia,2001–02 UEFA Cup first round
2001-09-20,UEFA,UEFA 2nd Division,2,2001–02,BATE Borisov,Milan,0-2,A,Continental,Wikipedia,2001–02 UEFA Cup first round
2001-09-20,UEFA,UEFA 2nd Division,2,2001–02,Bordeaux,Debrecen,5-1,H,Continental,Wikipedia,2001–02 UEFA Cup first round
2001-09-20,UEFA,UEFA 2nd Division,2,2001–02,CSKA Kyiv,Red Star Belgrade,3-2,H,Continental,Wikipedia,2001–02 UEFA Cup first round
2001-09-20,UEFA,UEFA 2nd Division,2,2001–02,CSKA Sofia,Shakhtar Donetsk,3-0,H,Continental,Wikipedia,2001–02 UEFA Cup first round
2001-09-20,UEFA,UEFA 2nd Division,2,2001–02,Celta Vigo,Sigma Olomouc,4-0,H,Continental,Wikipedia,2001–02 UEFA Cup first round
2001-09-20,UEFA,UEFA 2nd Division,2,2001–02,Chelsea,Levski Sofia,3-0,H,Continental,Wikipedia,2001–02 UEFA Cup first round
2001-09-20,UEFA,UEFA 2nd Division,2,2001–02,Copenhagen,Obilić,2-0,H,Continental,Wikipedia,2001–02 UEFA Cup first round
2001-09-20,UEFA,UEFA 2nd Division,2,2001–02,Dinamo București,Grasshopper,1-3,A,Continental,Wikipedia,2001–02 UEFA Cup first round
2001-09-20,UEFA,UEFA 2nd Division,2,2001–02,Dinamo Zagreb,Maccabi Tel Aviv,2-2,D,Continental,Wikipedia,2001–02 UEFA Cup first round
2001-09-20,UEFA,UEFA 2nd Division,2,2001–02,Dnipro Dnipropetrovsk,Fiorentina,0-0,D,Continental,Wikipedia,2001–02 UEFA Cup first round
2001-09-20,UEFA,UEFA 2nd Division,2,2001–02,Dynamo Moscow,Birkirkara,1-0,H,Continental,Wikipedia,2001–02 UEFA Cup first round
2001-09-20,UEFA,UEFA 2nd Division,2,2001–02,Gençlerbirliği,Halmstads BK,1-1,D,Continental,Wikipedia,2001–02 UEFA Cup first round
2001-09-20,UEFA,UEFA 2nd Division,2,2001–02,Hajduk Split,Wisła Kraków,2-2,D,Continental,Wikipedia,2001–02 UEFA Cup first round
2001-09-20,UEFA,UEFA 2nd Division,2,2001–02,Haka,Union Berlin,1-1,D,Continental,Wikipedia,2001–02 UEFA Cup first round
2001-09-20,UEFA,UEFA 2nd Division,2,2001–02,Hapoel Tel Aviv,Gaziantepspor,1-0,H,Continental,Wikipedia,2001–02 UEFA Cup first round
2001-09-20,UEFA,UEFA 2nd Division,2,2001–02,Inter Slovnaft Bratislava,Litex Lovech,1-0,H,Continental,Wikipedia,2001–02 UEFA Cup first round
2001-09-20,UEFA,UEFA 2nd Division,2,2001–02,Internazionale,Brașov,3-0,H,Continental,Wikipedia,2001–02 UEFA Cup first round
2001-09-20,UEFA,UEFA 2nd Division,2,2001–02,Ipswich Town,Torpedo Moscow,1-1,D,Continental,Wikipedia,2001–02 UEFA Cup first round
2001-09-20,UEFA,UEFA 2nd Division,2,2001–02,Kilmarnock,Viking,1-1,D,Continental,Wikipedia,2001–02 UEFA Cup first round
2001-09-20,UEFA,UEFA 2nd Division,2,2001–02,Kärnten,PAOK,0-0,D,Continental,Wikipedia,2001–02 UEFA Cup first round
2001-09-20,UEFA,UEFA 2nd Division,2,2001–02,Legia Warsaw,IF Elfsborg,4-1,H,Continental,Wikipedia,2001–02 UEFA Cup first round
2001-09-20,UEFA,UEFA 2nd Division,2,2001–02,Marila Příbram,Sedan,4-0,H,Continental,Wikipedia,2001–02 UEFA Cup first round
2001-09-20,UEFA,UEFA 2nd Division,2,2001–02,Marítimo,Leeds United,1-0,H,Continental,Wikipedia,2001–02 UEFA Cup first round
2001-09-20,UEFA,UEFA 2nd Division,2,2001–02,Midtjylland,Sporting CP,0-3,A,Continental,Wikipedia,2001–02 UEFA Cup first round
2001-09-20,UEFA,UEFA 2nd Division,2,2001–02,Odd Grenland,Helsingborgs IF,2-2,D,Continental,Wikipedia,2001–02 UEFA Cup first round
2001-09-20,UEFA,UEFA 2nd Division,2,2001–02,Olimpija Ljubljana,Brøndby,2-4,A,Continental,Wikipedia,2001–02 UEFA Cup first round
2001-09-20,UEFA,UEFA 2nd Division,2,2001–02,Olympiakos Nicosia,Club Brugge,2-2,D,Continental,Wikipedia,2001–02 UEFA Cup first round
2001-09-20,UEFA,UEFA 2nd Division,2,2001–02,Parma,HJK,1-0,H,Continental,Wikipedia,2001–02 UEFA Cup first round
2001-09-20,UEFA,UEFA 2nd Division,2,2001–02,Partizan,Rapid Wien,1-0,H,Continental,Wikipedia,2001–02 UEFA Cup first round
2001-09-20,UEFA,UEFA 2nd Division,2,2001–02,Polonia Warsaw,Twente,1-2,A,Continental,Wikipedia,2001–02 UEFA Cup first round
2001-09-20,UEFA,UEFA 2nd Division,2,2001–02,Servette,Slavia Prague,1-0,H,Continental,Wikipedia,2001–02 UEFA Cup first round
2001-09-20,UEFA,UEFA 2nd Division,2,2001–02,Slovan Liberec,Slovan Bratislava,2-0,H,Continental,Wikipedia,2001–02 UEFA Cup first round
2001-09-20,UEFA,UEFA 2nd Division,2,2001–02,St. Gallen,Steaua București,2-1,H,Continental,Wikipedia,2001–02 UEFA Cup first round
2001-09-20,UEFA,UEFA 2nd Division,2,2001–02,Standard Liège,Strasbourg,2-0,H,Continental,Wikipedia,2001–02 UEFA Cup first round
2001-09-20,UEFA,UEFA 2nd Division,2,2001–02,Utrecht,GAK,3-0,H,Continental,Wikipedia,2001–02 UEFA Cup first round
2001-09-20,UEFA,UEFA 2nd Division,2,2001–02,Zaragoza,Silkeborg,3-0,H,Continental,Wikipedia,2001–02 UEFA Cup first round
2001-09-25,UEFA,UEFA 2nd Division,2,2001–02,Fylkir,Roda JC,1-3,A,Continental,Wikipedia,2001–02 UEFA Cup first round
2001-09-25,UEFA,UEFA 2nd Division,2,2001–02,Gaziantepspor,Hapoel Tel Aviv,1-1,D,Continental,Wikipedia,2001–02 UEFA Cup first round
2001-09-25,UEFA,UEFA 2nd Division,2,2001–02,Hertha BSC,Westerlo,1-0,H,Continental,Wikipedia,2001–02 UEFA Cup first round
2001-09-25,UEFA,UEFA 2nd Division,2,2001–02,Maccabi Tel Aviv,Dinamo Zagreb,1-1,D,Continental,Wikipedia,2001–02 UEFA Cup first round
2001-09-25,UEFA,UEFA 2nd Division,2,2001–02,Rapid București,Paris Saint-Germain,0-3,A,Continental,Wikipedia,2001–02 UEFA Cup first round
2001-09-25,UEFA,UEFA 2nd Division,2,2001–02,Tirol Innsbruck,Viktoria Žižkov,1-0,H,Continental,Wikipedia,2001–02 UEFA Cup first round
2001-09-27,UEFA,UEFA 2nd Division,2,2001–02,Anzhi Makhachkala,Rangers,0-1,A,Continental,Wikipedia,2001–02 UEFA Cup first round
2001-09-27,UEFA,UEFA 2nd Division,2,2001–02,Apollon Limassol,Ajax,0-3,A,Continental,Wikipedia,2001–02 UEFA Cup first round
2001-09-27,UEFA,UEFA 2nd Division,2,2001–02,Birkirkara,Dynamo Moscow,0-0,D,Continental,Wikipedia,2001–02 UEFA Cup first round
2001-09-27,UEFA,UEFA 2nd Division,2,2001–02,Brașov,Internazionale,0-3,A,Continental,Wikipedia,2001–02 UEFA Cup first round
2001-09-27,UEFA,UEFA 2nd Division,2,2001–02,Brøndby,Olimpija Ljubljana,0-0,D,Continental,Wikipedia,2001–02 UEFA Cup first round
2001-09-27,UEFA,UEFA 2nd Division,2,2001–02,Club Brugge,Olympiakos Nicosia,7-1,H,Continental,Wikipedia,2001–02 UEFA Cup first round
2001-09-27,UEFA,UEFA 2nd Division,2,2001–02,Debrecen,Bordeaux,3-1,H,Continental,Wikipedia,2001–02 UEFA Cup first round
2001-09-27,UEFA,UEFA 2nd Division,2,2001–02,Fiorentina,Dnipro Dnipropetrovsk,2-1,H,Continental,Wikipedia,2001–02 UEFA Cup first round
2001-09-27,UEFA,UEFA 2nd Division,2,2001–02,GAK,Utrecht,3-3,D,Continental,Wikipedia,2001–02 UEFA Cup first round
2001-09-27,UEFA,UEFA 2nd Division,2,2001–02,Grasshopper,Dinamo București,3-1,H,Continental,Wikipedia,2001–02 UEFA Cup first round
2001-09-27,UEFA,UEFA 2nd Division,2,2001–02,HJK,Parma,0-2,A,Continental,Wikipedia,2001–02 UEFA Cup first round
2001-09-27,UEFA,UEFA 2nd Division,2,2001–02,Halmstads BK,Gençlerbirliği,1-0,H,Continental,Wikipedia,2001–02 UEFA Cup first round
2001-09-27,UEFA,UEFA 2nd Division,2,2001–02,Helsingborgs IF,Odd Grenland,1-1,D,Continental,Wikipedia,2001–02 UEFA Cup first round
2001-09-27,UEFA,UEFA 2nd Division,2,2001–02,Hibernian,AEK Athens,3-2,H,Continental,Wikipedia,2001–02 UEFA Cup first round
2001-09-27,UEFA,UEFA 2nd Division,2,2001–02,IF Elfsborg,Legia Warsaw,1-6,A,Continental,Wikipedia,2001–02 UEFA Cup first round
2001-09-27,UEFA,UEFA 2nd Division,2,2001–02,Leeds United,Marítimo,3-0,H,Continental,Wikipedia,2001–02 UEFA Cup first round
2001-09-27,UEFA,UEFA 2nd Division,2,2001–02,Levski Sofia,Chelsea,0-2,A,Continental,Wikipedia,2001–02 UEFA Cup first round
2001-09-27,UEFA,UEFA 2nd Division,2,2001–02,Litex Lovech,Inter Slovnaft Bratislava,3-0,H,Continental,Wikipedia,2001–02 UEFA Cup first round
2001-09-27,UEFA,UEFA 2nd Division,2,2001–02,Milan,BATE Borisov,4-0,H,Continental,Wikipedia,2001–02 UEFA Cup first round
2001-09-27,UEFA,UEFA 2nd Division,2,2001–02,Obilić,Copenhagen,2-2,D,Continental,Wikipedia,2001–02 UEFA Cup first round
2001-09-27,UEFA,UEFA 2nd Division,2,2001–02,Osijek,HIT Gorica,1-0,H,Continental,Wikipedia,2001–02 UEFA Cup first round
2001-09-27,UEFA,UEFA 2nd Division,2,2001–02,PAOK,Kärnten,4-0,H,Continental,Wikipedia,2001–02 UEFA Cup first round
2001-09-27,UEFA,UEFA 2nd Division,2,2001–02,Rapid Wien,Partizan,5-1,H,Continental,Wikipedia,2001–02 UEFA Cup first round
2001-09-27,UEFA,UEFA 2nd Division,2,2001–02,Red Star Belgrade,CSKA Kyiv,0-0,D,Continental,Wikipedia,2001–02 UEFA Cup first round
2001-09-27,UEFA,UEFA 2nd Division,2,2001–02,Ružomberok,Troyes,1-0,H,Continental,Wikipedia,2001–02 UEFA Cup first round
2001-09-27,UEFA,UEFA 2nd Division,2,2001–02,SC Freiburg,Matador Púchov,2-1,H,Continental,Wikipedia,2001–02 UEFA Cup first round
2001-09-27,UEFA,UEFA 2nd Division,2,2001–02,Sedan,Marila Příbram,3-1,H,Continental,Wikipedia,2001–02 UEFA Cup first round
2001-09-27,UEFA,UEFA 2nd Division,2,2001–02,Shakhtar Donetsk,CSKA Sofia,2-1,H,Continental,Wikipedia,2001–02 UEFA Cup first round
2001-09-27,UEFA,UEFA 2nd Division,2,2001–02,Sigma Olomouc,Celta Vigo,4-3,H,Continental,Wikipedia,2001–02 UEFA Cup first round
2001-09-27,UEFA,UEFA 2nd Division,2,2001–02,Silkeborg,Zaragoza,1-2,A,Continental,Wikipedia,2001–02 UEFA Cup first round
2001-09-27,UEFA,UEFA 2nd Division,2,2001–02,Slavia Prague,Servette,1-1,D,Continental,Wikipedia,2001–02 UEFA Cup first round
2001-09-27,UEFA,UEFA 2nd Division,2,2001–02,Slovan Bratislava,Slovan Liberec,1-0,H,Continental,Wikipedia,2001–02 UEFA Cup first round
2001-09-27,UEFA,UEFA 2nd Division,2,2001–02,Sporting CP,Midtjylland,3-2,H,Continental,Wikipedia,2001–02 UEFA Cup first round
2001-09-27,UEFA,UEFA 2nd Division,2,2001–02,Steaua București,St. Gallen,1-1,D,Continental,Wikipedia,2001–02 UEFA Cup first round
2001-09-27,UEFA,UEFA 2nd Division,2,2001–02,Strasbourg,Standard Liège,2-2,D,Continental,Wikipedia,2001–02 UEFA Cup first round
2001-09-27,UEFA,UEFA 2nd Division,2,2001–02,Torpedo Moscow,Ipswich Town,1-2,A,Continental,Wikipedia,2001–02 UEFA Cup first round
2001-09-27,UEFA,UEFA 2nd Division,2,2001–02,Twente,Polonia Warsaw,2-0,H,Continental,Wikipedia,2001–02 UEFA Cup first round
2001-09-27,UEFA,UEFA 2nd Division,2,2001–02,Union Berlin,Haka,3-0,H,Continental,Wikipedia,2001–02 UEFA Cup first round
2001-09-27,UEFA,UEFA 2nd Division,2,2001–02,Valencia,Chernomorets Novorossiysk,5-0,H,Continental,Wikipedia,2001–02 UEFA Cup first round
2001-09-27,UEFA,UEFA 2nd Division,2,2001–02,Varteks,Aston Villa,0-1,A,Continental,Wikipedia,2001–02 UEFA Cup first round
2001-09-27,UEFA,UEFA 2nd Division,2,2001–02,Viking,Kilmarnock,2-0,H,Continental,Wikipedia,2001–02 UEFA Cup first round
2001-09-27,UEFA,UEFA 2nd Division,2,2001–02,Wisła Kraków,Hajduk Split,1-0,H,Continental,Wikipedia,2001–02 UEFA Cup first round
2001-10-16,UEFA,UEFA 2nd Division,2,2001–02,Roda JC,Maccabi Tel Aviv,4-1,H,Continental,Wikipedia,2001–02 UEFA Cup second round
2001-10-16,UEFA,UEFA 2nd Division,2,2001–02,Viking,Hertha BSC,0-1,A,Continental,Wikipedia,2001–02 UEFA Cup second round
2001-10-18,UEFA,UEFA 2nd Division,2,2001–02,Bordeaux,Standard Liège,2-0,H,Continental,Wikipedia,2001–02 UEFA Cup second round
2001-10-18,UEFA,UEFA 2nd Division,2,2001–02,CSKA Kyiv,Club Brugge,0-2,A,Continental,Wikipedia,2001–02 UEFA Cup second round
2001-10-18,UEFA,UEFA 2nd Division,2,2001–02,Celta Vigo,Slovan Liberec,3-1,H,Continental,Wikipedia,2001–02 UEFA Cup second round
2001-10-18,UEFA,UEFA 2nd Division,2,2001–02,Copenhagen,Ajax,0-0,D,Continental,Wikipedia,2001–02 UEFA Cup second round
2001-10-18,UEFA,UEFA 2nd Division,2,2001–02,Fiorentina,Tirol Innsbruck,2-0,H,Continental,Wikipedia,2001–02 UEFA Cup second round
2001-10-18,UEFA,UEFA 2nd Division,2,2001–02,Grasshopper,Twente,4-1,H,Continental,Wikipedia,2001–02 UEFA Cup second round
2001-10-18,UEFA,UEFA 2nd Division,2,2001–02,Halmstads BK,Sporting CP,0-1,A,Continental,Wikipedia,2001–02 UEFA Cup second round
2001-10-18,UEFA,UEFA 2nd Division,2,2001–02,Hapoel Tel Aviv,Chelsea,2-0,H,Continental,Wikipedia,2001–02 UEFA Cup second round
2001-10-18,UEFA,UEFA 2nd Division,2,2001–02,Internazionale,Wisła Kraków,2-0,H,Continental,Wikipedia,2001–02 UEFA Cup second round
2001-10-18,UEFA,UEFA 2nd Division,2,2001–02,Ipswich Town,Helsingborgs IF,0-0,D,Continental,Wikipedia,2001–02 UEFA Cup second round
2001-10-18,UEFA,UEFA 2nd Division,2,2001–02,Leeds United,Troyes,4-2,H,Continental,Wikipedia,2001–02 UEFA Cup second round
2001-10-18,UEFA,UEFA 2nd Division,2,2001–02,Legia Warsaw,Valencia,1-1,D,Continental,Wikipedia,2001–02 UEFA Cup second round
2001-10-18,UEFA,UEFA 2nd Division,2,2001–02,Milan,CSKA Sofia,2-0,H,Continental,Wikipedia,2001–02 UEFA Cup second round
2001-10-18,UEFA,UEFA 2nd Division,2,2001–02,Osijek,AEK Athens,1-2,A,Continental,Wikipedia,2001–02 UEFA Cup second round
2001-10-18,UEFA,UEFA 2nd Division,2,2001–02,PAOK,Marila Příbram,6-1,H,Continental,Wikipedia,2001–02 UEFA Cup second round
2001-10-18,UEFA,UEFA 2nd Division,2,2001–02,Paris Saint-Germain,Rapid Wien,4-0,H,Continental,Wikipedia,2001–02 UEFA Cup second round
2001-10-18,UEFA,UEFA 2nd Division,2,2001–02,Rangers,Dynamo Moscow,3-1,H,Continental,Wikipedia,2001–02 UEFA Cup second round
2001-10-18,UEFA,UEFA 2nd Division,2,2001–02,SC Freiburg,St. Gallen,0-1,A,Continental,Wikipedia,2001–02 UEFA Cup second round
2001-10-18,UEFA,UEFA 2nd Division,2,2001–02,Union Berlin,Litex Lovech,0-2,A,Continental,Wikipedia,2001–02 UEFA Cup second round
2001-10-18,UEFA,UEFA 2nd Division,2,2001–02,Utrecht,Parma,1-3,A,Continental,Wikipedia,2001–02 UEFA Cup second round
2001-10-18,UEFA,UEFA 2nd Division,2,2001–02,Varteks,Brøndby,3-1,H,Continental,Wikipedia,2001–02 UEFA Cup second round
2001-10-18,UEFA,UEFA 2nd Division,2,2001–02,Zaragoza,Servette,0-0,D,Continental,Wikipedia,2001–02 UEFA Cup second round
2001-10-30,UEFA,UEFA 2nd Division,2,2001–02,AEK Athens,Osijek,3-2,H,Continental,Wikipedia,2001–02 UEFA Cup second round
2001-10-30,UEFA,UEFA 2nd Division,2,2001–02,Litex Lovech,Union Berlin,0-0,D,Continental,Wikipedia,2001–02 UEFA Cup second round
2001-10-30,UEFA,UEFA 2nd Division,2,2001–02,Wisła Kraków,Internazionale,1-0,H,Continental,Wikipedia,2001–02 UEFA Cup second round
2001-11-01,UEFA,UEFA 2nd Division,2,2001–02,Ajax,Copenhagen,0-1,A,Continental,Wikipedia,2001–02 UEFA Cup second round
2001-11-01,UEFA,UEFA 2nd Division,2,2001–02,Brøndby,Varteks,5-0,H,Continental,Wikipedia,2001–02 UEFA Cup second round
2001-11-01,UEFA,UEFA 2nd Division,2,2001–02,CSKA Sofia,Milan,0-1,A,Continental,Wikipedia,2001–02 UEFA Cup second round
2001-11-01,UEFA,UEFA 2nd Division,2,2001–02,Chelsea,Hapoel Tel Aviv,1-1,D,Continental,Wikipedia,2001–02 UEFA Cup second round
2001-11-01,UEFA,UEFA 2nd Division,2,2001–02,Club Brugge,CSKA Kyiv,5-0,H,Continental,Wikipedia,2001–02 UEFA Cup second round
2001-11-01,UEFA,UEFA 2nd Division,2,2001–02,Dynamo Moscow,Rangers,1-4,A,Continental,Wikipedia,2001–02 UEFA Cup second round
2001-11-01,UEFA,UEFA 2nd Division,2,2001–02,Helsingborgs IF,Ipswich Town,1-3,A,Continental,Wikipedia,2001–02 UEFA Cup second round
2001-11-01,UEFA,UEFA 2nd Division,2,2001–02,Hertha BSC,Viking,2-0,H,Continental,Wikipedia,2001–02 UEFA Cup second round
2001-11-01,UEFA,UEFA 2nd Division,2,2001–02,Maccabi Tel Aviv,Roda JC,2-1,H,Continental,Wikipedia,2001–02 UEFA Cup second round
2001-11-01,UEFA,UEFA 2nd Division,2,2001–02,Marila Příbram,PAOK,2-2,D,Continental,Wikipedia,2001–02 UEFA Cup second round
2001-11-01,UEFA,UEFA 2nd Division,2,2001–02,Parma,Utrecht,0-0,D,Continental,Wikipedia,2001–02 UEFA Cup second round
2001-11-01,UEFA,UEFA 2nd Division,2,2001–02,Rapid Wien,Paris Saint-Germain,2-2,D,Continental,Wikipedia,2001–02 UEFA Cup second round
2001-11-01,UEFA,UEFA 2nd Division,2,2001–02,Servette,Zaragoza,1-0,H,Continental,Wikipedia,2001–02 UEFA Cup second round
2001-11-01,UEFA,UEFA 2nd Division,2,2001–02,Slovan Liberec,Celta Vigo,3-0,H,Continental,Wikipedia,2001–02 UEFA Cup second round
2001-11-01,UEFA,UEFA 2nd Division,2,2001–02,Sporting CP,Halmstads BK,6-1,H,Continental,Wikipedia,2001–02 UEFA Cup second round
2001-11-01,UEFA,UEFA 2nd Division,2,2001–02,St. Gallen,SC Freiburg,1-4,A,Continental,Wikipedia,2001–02 UEFA Cup second round
2001-11-01,UEFA,UEFA 2nd Division,2,2001–02,Standard Liège,Bordeaux,0-2,A,Continental,Wikipedia,2001–02 UEFA Cup second round
2001-11-01,UEFA,UEFA 2nd Division,2,2001–02,Tirol Innsbruck,Fiorentina,2-2,D,Continental,Wikipedia,2001–02 UEFA Cup second round
2001-11-01,UEFA,UEFA 2nd Division,2,2001–02,Troyes,Leeds United,3-2,H,Continental,Wikipedia,2001–02 UEFA Cup second round
2001-11-01,UEFA,UEFA 2nd Division,2,2001–02,Twente,Grasshopper,4-2,H,Continental,Wikipedia,2001–02 UEFA Cup second round
2001-11-01,UEFA,UEFA 2nd Division,2,2001–02,Valencia,Legia Warsaw,6-1,H,Continental,Wikipedia,2001–02 UEFA Cup second round
2001-11-20,UEFA,UEFA 2nd Division,2,2001–02,Bordeaux,Roda JC,1-0,H,Continental,Wikipedia,2001–02 UEFA Cup final phase
2001-11-20,UEFA,UEFA 2nd Division,2,2001–02,Hapoel Tel Aviv,Lokomotiv Moscow,2-1,H,Continental,Wikipedia,2001–02 UEFA Cup final phase
2001-11-22,UEFA,UEFA 2nd Division,2,2001–02,AEK Athens,Litex Lovech,3-2,H,Continental,Wikipedia,2001–02 UEFA Cup final phase
2001-11-22,UEFA,UEFA 2nd Division,2,2001–02,Club Brugge,Lyon,4-1,H,Continental,Wikipedia,2001–02 UEFA Cup final phase
2001-11-22,UEFA,UEFA 2nd Division,2,2001–02,Copenhagen,Borussia Dortmund,0-1,A,Continental,Wikipedia,2001–02 UEFA Cup final phase
2001-11-22,UEFA,UEFA 2nd Division,2,2001–02,Feyenoord,SC Freiburg,1-0,H,Continental,Wikipedia,2001–02 UEFA Cup final phase
2001-11-22,UEFA,UEFA 2nd Division,2,2001–02,Fiorentina,Lille,0-1,A,Continental,Wikipedia,2001–02 UEFA Cup final phase
2001-11-22,UEFA,UEFA 2nd Division,2,2001–02,Grasshopper,Leeds United,1-2,A,Continental,Wikipedia,2001–02 UEFA Cup final phase
2001-11-22,UEFA,UEFA 2nd Division,2,2001–02,Ipswich Town,Internazionale,1-0,H,Continental,Wikipedia,2001–02 UEFA Cup final phase
2001-11-22,UEFA,UEFA 2nd Division,2,2001–02,Milan,Sporting CP,2-0,H,Continental,Wikipedia,2001–02 UEFA Cup final phase
2001-11-22,UEFA,UEFA 2nd Division,2,2001–02,PAOK,PSV Eindhoven,3-2,H,Continental,Wikipedia,2001–02 UEFA Cup final phase
2001-11-22,UEFA,UEFA 2nd Division,2,2001–02,Parma,Brøndby,1-1,D,Continental,Wikipedia,2001–02 UEFA Cup final phase
2001-11-22,UEFA,UEFA 2nd Division,2,2001–02,Rangers,Paris Saint-Germain,0-0,D,Continental,Wikipedia,2001–02 UEFA Cup final phase
2001-11-22,UEFA,UEFA 2nd Division,2,2001–02,Servette,Hertha BSC,0-0,D,Continental,Wikipedia,2001–02 UEFA Cup final phase
2001-11-22,UEFA,UEFA 2nd Division,2,2001–02,Slovan Liberec,Mallorca,3-1,H,Continental,Wikipedia,2001–02 UEFA Cup final phase
2001-11-22,UEFA,UEFA 2nd Division,2,2001–02,Valencia,Celtic,1-0,H,Continental,Wikipedia,2001–02 UEFA Cup final phase
2001-12-04,UEFA,UEFA 2nd Division,2,2001–02,Borussia Dortmund,Copenhagen,1-0,H,Continental,Wikipedia,2001–02 UEFA Cup final phase
2001-12-04,UEFA,UEFA 2nd Division,2,2001–02,Lokomotiv Moscow,Hapoel Tel Aviv,0-1,A,Continental,Wikipedia,2001–02 UEFA Cup final phase
2001-12-04,UEFA,UEFA 2nd Division,2,2001–02,Roda JC,Bordeaux,2-0,H,Continental,Wikipedia,2001–02 UEFA Cup final phase
2001-12-06,UEFA,UEFA 2nd Division,2,2001–02,Brøndby,Parma,0-3,A,Continental,Wikipedia,2001–02 UEFA Cup final phase
2001-12-06,UEFA,UEFA 2nd Division,2,2001–02,Celtic,Valencia,1-0,H,Continental,Wikipedia,2001–02 UEFA Cup final phase
2001-12-06,UEFA,UEFA 2nd Division,2,2001–02,Hertha BSC,Servette,0-3,A,Continental,Wikipedia,2001–02 UEFA Cup final phase
2001-12-06,UEFA,UEFA 2nd Division,2,2001–02,Internazionale,Ipswich Town,4-1,H,Continental,Wikipedia,2001–02 UEFA Cup final phase
2001-12-06,UEFA,UEFA 2nd Division,2,2001–02,Leeds United,Grasshopper,2-2,D,Continental,Wikipedia,2001–02 UEFA Cup final phase
2001-12-06,UEFA,UEFA 2nd Division,2,2001–02,Lille,Fiorentina,2-0,H,Continental,Wikipedia,2001–02 UEFA Cup final phase
2001-12-06,UEFA,UEFA 2nd Division,2,2001–02,Litex Lovech,AEK Athens,1-1,D,Continental,Wikipedia,2001–02 UEFA Cup final phase
2001-12-06,UEFA,UEFA 2nd Division,2,2001–02,Lyon,Club Brugge,3-0,H,Continental,Wikipedia,2001–02 UEFA Cup final phase
2001-12-06,UEFA,UEFA 2nd Division,2,2001–02,Mallorca,Slovan Liberec,1-2,A,Continental,Wikipedia,2001–02 UEFA Cup final phase
2001-12-06,UEFA,UEFA 2nd Division,2,2001–02,PSV Eindhoven,PAOK,4-1,H,Continental,Wikipedia,2001–02 UEFA Cup final phase
2001-12-06,UEFA,UEFA 2nd Division,2,2001–02,Paris Saint-Germain,Rangers,0-0,D,Continental,Wikipedia,2001–02 UEFA Cup final phase
2001-12-06,UEFA,UEFA 2nd Division,2,2001–02,SC Freiburg,Feyenoord,2-2,D,Continental,Wikipedia,2001–02 UEFA Cup final phase
2001-12-06,UEFA,UEFA 2nd Division,2,2001–02,Sporting CP,Milan,1-1,D,Continental,Wikipedia,2001–02 UEFA Cup final phase
2002-02-19,UEFA,UEFA 2nd Division,2,2001–02,Roda JC,Milan,0-1,A,Continental,Wikipedia,2001–02 UEFA Cup final phase
2002-02-19,UEFA,UEFA 2nd Division,2,2001–02,Valencia,Servette,3-0,H,Continental,Wikipedia,2001–02 UEFA Cup final phase
2002-02-21,UEFA,UEFA 2nd Division,2,2001–02,Hapoel Tel Aviv,Parma,0-0,D,Continental,Wikipedia,2001–02 UEFA Cup final phase
2002-02-21,UEFA,UEFA 2nd Division,2,2001–02,Internazionale,AEK Athens,3-1,H,Continental,Wikipedia,2001–02 UEFA Cup final phase
2002-02-21,UEFA,UEFA 2nd Division,2,2001–02,Lille,Borussia Dortmund,1-1,D,Continental,Wikipedia,2001–02 UEFA Cup final phase
2002-02-21,UEFA,UEFA 2nd Division,2,2001–02,Lyon,Slovan Liberec,1-1,D,Continental,Wikipedia,2001–02 UEFA Cup final phase
2002-02-21,UEFA,UEFA 2nd Division,2,2001–02,PSV Eindhoven,Leeds United,0-0,D,Continental,Wikipedia,2001–02 UEFA Cup final phase
2002-02-21,UEFA,UEFA 2nd Division,2,2001–02,Rangers,Feyenoord,1-1,D,Continental,Wikipedia,2001–02 UEFA Cup final phase
2002-02-28,UEFA,UEFA 2nd Division,2,2001–02,AEK Athens,Internazionale,2-2,D,Continental,Wikipedia,2001–02 UEFA Cup final phase
2002-02-28,UEFA,UEFA 2nd Division,2,2001–02,Borussia Dortmund,Lille,0-0,D,Continental,Wikipedia,2001–02 UEFA Cup final phase
2002-02-28,UEFA,UEFA 2nd Division,2,2001–02,Feyenoord,Rangers,3-2,H,Continental,Wikipedia,2001–02 UEFA Cup final phase
2002-02-28,UEFA,UEFA 2nd Division,2,2001–02,Leeds United,PSV Eindhoven,0-1,A,Continental,Wikipedia,2001–02 UEFA Cup final phase
2002-02-28,UEFA,UEFA 2nd Division,2,2001–02,Milan,Roda JC,0-1,A,Continental,Wikipedia,2001–02 UEFA Cup final phase
2002-02-28,UEFA,UEFA 2nd Division,2,2001–02,Parma,Hapoel Tel Aviv,1-2,A,Continental,Wikipedia,2001–02 UEFA Cup final phase
2002-02-28,UEFA,UEFA 2nd Division,2,2001–02,Servette,Valencia,2-2,D,Continental,Wikipedia,2001–02 UEFA Cup final phase
2002-02-28,UEFA,UEFA 2nd Division,2,2001–02,Slovan Liberec,Lyon,4-1,H,Continental,Wikipedia,2001–02 UEFA Cup final phase
2002-03-14,UEFA,UEFA 2nd Division,2,2001–02,Hapoel Tel Aviv,Milan,1-0,H,Continental,Wikipedia,2001–02 UEFA Cup final phase
2002-03-14,UEFA,UEFA 2nd Division,2,2001–02,Internazionale,Valencia,1-1,D,Continental,Wikipedia,2001–02 UEFA Cup final phase
2002-03-14,UEFA,UEFA 2nd Division,2,2001–02,PSV Eindhoven,Feyenoord,1-1,D,Continental,Wikipedia,2001–02 UEFA Cup final phase
2002-03-14,UEFA,UEFA 2nd Division,2,2001–02,Slovan Liberec,Borussia Dortmund,0-0,D,Continental,Wikipedia,2001–02 UEFA Cup final phase
2002-03-21,UEFA,UEFA 2nd Division,2,2001–02,Borussia Dortmund,Slovan Liberec,4-0,H,Continental,Wikipedia,2001–02 UEFA Cup final phase
2002-03-21,UEFA,UEFA 2nd Division,2,2001–02,Feyenoord,PSV Eindhoven,1-1,D,Continental,Wikipedia,2001–02 UEFA Cup final phase
2002-03-21,UEFA,UEFA 2nd Division,2,2001–02,Milan,Hapoel Tel Aviv,2-0,H,Continental,Wikipedia,2001–02 UEFA Cup final phase
2002-03-21,UEFA,UEFA 2nd Division,2,2001–02,Valencia,Internazionale,0-1,A,Continental,Wikipedia,2001–02 UEFA Cup final phase
2002-04-04,UEFA,UEFA 2nd Division,2,2001–02,Borussia Dortmund,Milan,4-0,H,Continental,Wikipedia,2001–02 UEFA Cup final phase
2002-04-04,UEFA,UEFA 2nd Division,2,2001–02,Internazionale,Feyenoord,0-1,A,Continental,Wikipedia,2001–02 UEFA Cup final phase
2002-04-11,UEFA,UEFA 2nd Division,2,2001–02,Feyenoord,Internazionale,2-2,D,Continental,Wikipedia,2001–02 UEFA Cup final phase
2002-04-11,UEFA,UEFA 2nd Division,2,2001–02,Milan,Borussia Dortmund,3-1,H,Continental,Wikipedia,2001–02 UEFA Cup final phase
2002-08-13,UEFA,UEFA 2nd Division,2,2002–03,Vaduz,Livingston,1-1,D,Continental,Wikipedia,2002–03 UEFA Cup qualifying round
2002-08-15,UEFA,UEFA 2nd Division,2,2002–03,AIK,ÍBV,2-0,H,Continental,Wikipedia,2002–03 UEFA Cup qualifying round
2002-08-15,UEFA,UEFA 2nd Division,2,2002–03,Aberdeen,Nistru Otaci,1-0,H,Continental,Wikipedia,2002–03 UEFA Cup qualifying round
2002-08-15,UEFA,UEFA 2nd Division,2,2002–03,Amica Wronki,Total Network Solutions,5-0,H,Continental,Wikipedia,2002–03 UEFA Cup qualifying round
2002-08-15,UEFA,UEFA 2nd Division,2,2002–03,Anorthosis Famagusta,Grevenmacher,3-0,H,Continental,Wikipedia,2002–03 UEFA Cup qualifying round
2002-08-15,UEFA,UEFA 2nd Division,2,2002–03,Atyrau,Matador Púchov,0-0,D,Continental,Wikipedia,2002–03 UEFA Cup qualifying round
2002-08-15,UEFA,UEFA 2nd Division,2,2002–03,Avenir Beggen,Ipswich Town,0-1,A,Continental,Wikipedia,2002–03 UEFA Cup qualifying round
2002-08-15,UEFA,UEFA 2nd Division,2,2002–03,Bangor City,Sartid,1-0,H,Continental,Wikipedia,2002–03 UEFA Cup qualifying round
2002-08-15,UEFA,UEFA 2nd Division,2,2002–03,Brann,Sūduva,2-3,A,Continental,Wikipedia,2002–03 UEFA Cup qualifying round
2002-08-15,UEFA,UEFA 2nd Division,2,2002–03,Copenhagen,Locomotive Tbilisi,3-1,H,Continental,Wikipedia,2002–03 UEFA Cup qualifying round
2002-08-15,UEFA,UEFA 2nd Division,2,2002–03,Dinamo Minsk,CSKA Sofia,1-4,A,Continental,Wikipedia,2002–03 UEFA Cup qualifying round
2002-08-15,UEFA,UEFA 2nd Division,2,2002–03,Dinamo Tbilisi,TVMK,4-1,H,Continental,Wikipedia,2002–03 UEFA Cup qualifying round
2002-08-15,UEFA,UEFA 2nd Division,2,2002–03,Domagnano,Viktoria Žižkov,0-2,A,Continental,Wikipedia,2002–03 UEFA Cup qualifying round
2002-08-15,UEFA,UEFA 2nd Division,2,2002–03,Encamp,Zenit Saint Petersburg,0-5,A,Continental,Wikipedia,2002–03 UEFA Cup qualifying round
2002-08-15,UEFA,UEFA 2nd Division,2,2002–03,Ferencváros,AEL Limassol,4-0,H,Continental,Wikipedia,2002–03 UEFA Cup qualifying round
2002-08-15,UEFA,UEFA 2nd Division,2,2002–03,Fylkir,Mouscron,1-1,D,Continental,Wikipedia,2002–03 UEFA Cup qualifying round
2002-08-15,UEFA,UEFA 2nd Division,2,2002–03,Glentoran,Wisła Kraków,0-2,A,Continental,Wikipedia,2002–03 UEFA Cup qualifying round
2002-08-15,UEFA,UEFA 2nd Division,2,2002–03,Gomel,HJK,1-0,H,Continental,Wikipedia,2002–03 UEFA Cup qualifying round
2002-08-15,UEFA,UEFA 2nd Division,2,2002–03,Hajduk Split,GÍ,3-0,H,Continental,Wikipedia,2002–03 UEFA Cup qualifying round
2002-08-15,UEFA,UEFA 2nd Division,2,2002–03,Hapoel Tel Aviv,Partizani,1-0,H,Continental,Wikipedia,2002–03 UEFA Cup qualifying round
2002-08-15,UEFA,UEFA 2nd Division,2,2002–03,Kairat,Red Star Belgrade,0-2,A,Continental,Wikipedia,2002–03 UEFA Cup qualifying round
2002-08-15,UEFA,UEFA 2nd Division,2,2002–03,Koba Senec,Široki Brijeg,1-2,A,Continental,Wikipedia,2002–03 UEFA Cup qualifying round
2002-08-15,UEFA,UEFA 2nd Division,2,2002–03,KÍ,Újpest,2-2,D,Continental,Wikipedia,2002–03 UEFA Cup qualifying round
2002-08-15,UEFA,UEFA 2nd Division,2,2002–03,Leixões,Belasica,2-2,D,Continental,Wikipedia,2002–03 UEFA Cup qualifying round
2002-08-15,UEFA,UEFA 2nd Division,2,2002–03,Levadia Tallinn,Maccabi Tel Aviv,0-2,A,Continental,Wikipedia,2002–03 UEFA Cup qualifying round
2002-08-15,UEFA,UEFA 2nd Division,2,2002–03,Liepājas Metalurgs,Kärnten,0-2,A,Continental,Wikipedia,2002–03 UEFA Cup qualifying round
2002-08-15,UEFA,UEFA 2nd Division,2,2002–03,Litex Lovech,Atlantas,5-0,H,Continental,Wikipedia,2002–03 UEFA Cup qualifying round
2002-08-15,UEFA,UEFA 2nd Division,2,2002–03,MYPA,Odense,1-0,H,Continental,Wikipedia,2002–03 UEFA Cup qualifying round
2002-08-15,UEFA,UEFA 2nd Division,2,2002–03,Metalurh Zaporizhzhia,Birkirkara,3-0,H,Continental,Wikipedia,2002–03 UEFA Cup qualifying round
2002-08-15,UEFA,UEFA 2nd Division,2,2002–03,Pobeda,Midtjylland,2-0,H,Continental,Wikipedia,2002–03 UEFA Cup qualifying round
2002-08-15,UEFA,UEFA 2nd Division,2,2002–03,Primorje,Zvartnots Yerevan,6-1,H,Continental,Wikipedia,2002–03 UEFA Cup qualifying round
2002-08-15,UEFA,UEFA 2nd Division,2,2002–03,Rapid București,Gorica,2-0,H,Continental,Wikipedia,2002–03 UEFA Cup qualifying round
2002-08-15,UEFA,UEFA 2nd Division,2,2002–03,Shamrock Rovers,Djurgårdens IF,1-3,A,Continental,Wikipedia,2002–03 UEFA Cup qualifying round
2002-08-15,UEFA,UEFA 2nd Division,2,2002–03,Sigma Olomouc,Sarajevo,2-1,H,Continental,Wikipedia,2002–03 UEFA Cup qualifying round
2002-08-15,UEFA,UEFA 2nd Division,2,2002–03,Sliema Wanderers,Polonia Warsaw,1-3,A,Continental,Wikipedia,2002–03 UEFA Cup qualifying round
2002-08-15,UEFA,UEFA 2nd Division,2,2002–03,Spartak Yerevan,Servette,0-2,A,Continental,Wikipedia,2002–03 UEFA Cup qualifying round
2002-08-15,UEFA,UEFA 2nd Division,2,2002–03,Stabæk,Linfield,4-0,H,Continental,Wikipedia,2002–03 UEFA Cup qualifying round
2002-08-15,UEFA,UEFA 2nd Division,2,2002–03,Tirana,Național București,0-1,A,Continental,Wikipedia,2002–03 UEFA Cup qualifying round
2002-08-15,UEFA,UEFA 2nd Division,2,2002–03,Varteks,Dundalk,5-0,H,Continental,Wikipedia,2002–03 UEFA Cup qualifying round
2002-08-15,UEFA,UEFA 2nd Division,2,2002–03,Ventspils,Lugano,3-0,H,Continental,Wikipedia,2002–03 UEFA Cup qualifying round
2002-08-15,UEFA,UEFA 2nd Division,2,2002–03,Zimbru Chișinău,IFK Göteborg,3-1,H,Continental,Wikipedia,2002–03 UEFA Cup qualifying round
2002-08-29,UEFA,UEFA 2nd Division,2,2002–03,AEL Limassol,Ferencváros,2-1,H,Continental,Wikipedia,2002–03 UEFA Cup qualifying round
2002-08-29,UEFA,UEFA 2nd Division,2,2002–03,Atlantas,Litex Lovech,1-3,A,Continental,Wikipedia,2002–03 UEFA Cup qualifying round
2002-08-29,UEFA,UEFA 2nd Division,2,2002–03,Belasica,Leixões,1-2,A,Continental,Wikipedia,2002–03 UEFA Cup qualifying round
2002-08-29,UEFA,UEFA 2nd Division,2,2002–03,Birkirkara,Metalurh Zaporizhzhia,0-0,D,Continental,Wikipedia,2002–03 UEFA Cup qualifying round
2002-08-29,UEFA,UEFA 2nd Division,2,2002–03,CSKA Sofia,Dinamo Minsk,1-0,H,Continental,Wikipedia,2002–03 UEFA Cup qualifying round
2002-08-29,UEFA,UEFA 2nd Division,2,2002–03,Djurgårdens IF,Shamrock Rovers,2-0,H,Continental,Wikipedia,2002–03 UEFA Cup qualifying round
2002-08-29,UEFA,UEFA 2nd Division,2,2002–03,Dundalk,Varteks,0-4,A,Continental,Wikipedia,2002–03 UEFA Cup qualifying round
2002-08-29,UEFA,UEFA 2nd Division,2,2002–03,Gorica,Rapid București,1-3,A,Continental,Wikipedia,2002–03 UEFA Cup qualifying round
2002-08-29,UEFA,UEFA 2nd Division,2,2002–03,Grevenmacher,Anorthosis Famagusta,2-0,H,Continental,Wikipedia,2002–03 UEFA Cup qualifying round
2002-08-29,UEFA,UEFA 2nd Division,2,2002–03,GÍ,Hajduk Split,0-8,A,Continental,Wikipedia,2002–03 UEFA Cup qualifying round
2002-08-29,UEFA,UEFA 2nd Division,2,2002–03,HJK,Gomel,0-4,A,Continental,Wikipedia,2002–03 UEFA Cup qualifying round
2002-08-29,UEFA,UEFA 2nd Division,2,2002–03,IFK Göteborg,Zimbru Chișinău,2-2,D,Continental,Wikipedia,2002–03 UEFA Cup qualifying round
2002-08-29,UEFA,UEFA 2nd Division,2,2002–03,Ipswich Town,Avenir Beggen,8-1,H,Continental,Wikipedia,2002–03 UEFA Cup qualifying round
2002-08-29,UEFA,UEFA 2nd Division,2,2002–03,Kärnten,Liepājas Metalurgs,4-2,H,Continental,Wikipedia,2002–03 UEFA Cup qualifying round
2002-08-29,UEFA,UEFA 2nd Division,2,2002–03,Linfield,Stabæk,1-1,D,Continental,Wikipedia,2002–03 UEFA Cup qualifying round
2002-08-29,UEFA,UEFA 2nd Division,2,2002–03,Livingston,Vaduz,0-0,D,Continental,Wikipedia,2002–03 UEFA Cup qualifying round
2002-08-29,UEFA,UEFA 2nd Division,2,2002–03,Locomotive Tbilisi,Copenhagen,1-4,A,Continental,Wikipedia,2002–03 UEFA Cup qualifying round
2002-08-29,UEFA,UEFA 2nd Division,2,2002–03,Lugano,Ventspils,1-0,H,Continental,Wikipedia,2002–03 UEFA Cup qualifying round
2002-08-29,UEFA,UEFA 2nd Division,2,2002–03,Maccabi Tel Aviv,Levadia Tallinn,2-0,H,Continental,Wikipedia,2002–03 UEFA Cup qualifying round
2002-08-29,UEFA,UEFA 2nd Division,2,2002–03,Matador Púchov,Atyrau,2-0,H,Continental,Wikipedia,2002–03 UEFA Cup qualifying round
2002-08-29,UEFA,UEFA 2nd Division,2,2002–03,Midtjylland,Pobeda,3-0,H,Continental,Wikipedia,2002–03 UEFA Cup qualifying round
2002-08-29,UEFA,UEFA 2nd Division,2,2002–03,Mouscron,Fylkir,3-1,H,Continental,Wikipedia,2002–03 UEFA Cup qualifying round
2002-08-29,UEFA,UEFA 2nd Division,2,2002–03,Național București,Tirana,2-2,D,Continental,Wikipedia,2002–03 UEFA Cup qualifying round
2002-08-29,UEFA,UEFA 2nd Division,2,2002–03,Nistru Otaci,Aberdeen,0-0,D,Continental,Wikipedia,2002–03 UEFA Cup qualifying round
2002-08-29,UEFA,UEFA 2nd Division,2,2002–03,Odense,MYPA,2-0,H,Continental,Wikipedia,2002–03 UEFA Cup qualifying round
2002-08-29,UEFA,UEFA 2nd Division,2,2002–03,Partizani,Hapoel Tel Aviv,1-4,A,Continental,Wikipedia,2002–03 UEFA Cup qualifying round
2002-08-29,UEFA,UEFA 2nd Division,2,2002–03,Polonia Warsaw,Sliema Wanderers,2-0,H,Continental,Wikipedia,2002–03 UEFA Cup qualifying round
2002-08-29,UEFA,UEFA 2nd Division,2,2002–03,Red Star Belgrade,Kairat,3-0,H,Continental,Wikipedia,2002–03 UEFA Cup qualifying round
2002-08-29,UEFA,UEFA 2nd Division,2,2002–03,Sarajevo,Sigma Olomouc,2-1,H,Continental,Wikipedia,2002–03 UEFA Cup qualifying round
2002-08-29,UEFA,UEFA 2nd Division,2,2002–03,Sartid,Bangor City,2-0,H,Continental,Wikipedia,2002–03 UEFA Cup qualifying round
2002-08-29,UEFA,UEFA 2nd Division,2,2002–03,Servette,Spartak Yerevan,3-0,H,Continental,Wikipedia,2002–03 UEFA Cup qualifying round
2002-08-29,UEFA,UEFA 2nd Division,2,2002–03,Sūduva,Brann,3-2,H,Continental,Wikipedia,2002–03 UEFA Cup qualifying round
2002-08-29,UEFA,UEFA 2nd Division,2,2002–03,TVMK,Dinamo Tbilisi,0-1,A,Continental,Wikipedia,2002–03 UEFA Cup qualifying round
2002-08-29,UEFA,UEFA 2nd Division,2,2002–03,Total Network Solutions,Amica Wronki,2-7,A,Continental,Wikipedia,2002–03 UEFA Cup qualifying round
2002-08-29,UEFA,UEFA 2nd Division,2,2002–03,Viktoria Žižkov,Domagnano,3-0,H,Continental,Wikipedia,2002–03 UEFA Cup qualifying round
2002-08-29,UEFA,UEFA 2nd Division,2,2002–03,Wisła Kraków,Glentoran,4-0,H,Continental,Wikipedia,2002–03 UEFA Cup qualifying round
2002-08-29,UEFA,UEFA 2nd Division,2,2002–03,Zenit Saint Petersburg,Encamp,8-0,H,Continental,Wikipedia,2002–03 UEFA Cup qualifying round
2002-08-29,UEFA,UEFA 2nd Division,2,2002–03,Zvartnots Yerevan,Primorje,2-0,H,Continental,Wikipedia,2002–03 UEFA Cup qualifying round
2002-08-29,UEFA,UEFA 2nd Division,2,2002–03,ÍBV,AIK,1-3,A,Continental,Wikipedia,2002–03 UEFA Cup qualifying round
2002-08-29,UEFA,UEFA 2nd Division,2,2002–03,Újpest,KÍ,1-0,H,Continental,Wikipedia,2002–03 UEFA Cup qualifying round
2002-08-29,UEFA,UEFA 2nd Division,2,2002–03,Široki Brijeg,Koba Senec,3-0,H,Continental,Wikipedia,2002–03 UEFA Cup qualifying round
2002-09-17,UEFA,UEFA 2nd Division,2,2002–03,Aberdeen,Hertha BSC,0-0,D,Continental,Wikipedia,2002–03 UEFA Cup first round
2002-09-17,UEFA,UEFA 2nd Division,2,2002–03,Austria Wien,Shakhtar Donetsk,5-1,H,Continental,Wikipedia,2002–03 UEFA Cup first round
2002-09-17,UEFA,UEFA 2nd Division,2,2002–03,Bordeaux,Matador Púchov,6-0,H,Continental,Wikipedia,2002–03 UEFA Cup first round
2002-09-17,UEFA,UEFA 2nd Division,2,2002–03,Leixões,PAOK,2-1,H,Continental,Wikipedia,2002–03 UEFA Cup first round
2002-09-17,UEFA,UEFA 2nd Division,2,2002–03,Viktoria Žižkov,Rangers,2-0,H,Continental,Wikipedia,2002–03 UEFA Cup first round
2002-09-17,UEFA,UEFA 2nd Division,2,2002–03,Vitesse,Rapid București,1-1,D,Continental,Wikipedia,2002–03 UEFA Cup first round
2002-09-19,UEFA,UEFA 2nd Division,2,2002–03,AIK,Fenerbahçe,3-3,D,Continental,Wikipedia,2002–03 UEFA Cup first round
2002-09-19,UEFA,UEFA 2nd Division,2,2002–03,APOEL,GAK,2-0,H,Continental,Wikipedia,2002–03 UEFA Cup first round
2002-09-19,UEFA,UEFA 2nd Division,2,2002–03,Anderlecht,Stabæk,0-1,A,Continental,Wikipedia,2002–03 UEFA Cup first round
2002-09-19,UEFA,UEFA 2nd Division,2,2002–03,Ankaragücü,Alavés,1-2,A,Continental,Wikipedia,2002–03 UEFA Cup first round
2002-09-19,UEFA,UEFA 2nd Division,2,2002–03,Beşiktaş,Sarajevo,2-2,D,Continental,Wikipedia,2002–03 UEFA Cup first round
2002-09-19,UEFA,UEFA 2nd Division,2,2002–03,Blackburn Rovers,CSKA Sofia,1-1,D,Continental,Wikipedia,2002–03 UEFA Cup first round
2002-09-19,UEFA,UEFA 2nd Division,2,2002–03,CSKA Moscow,Parma,1-1,D,Continental,Wikipedia,2002–03 UEFA Cup first round
2002-09-19,UEFA,UEFA 2nd Division,2,2002–03,Celta Vigo,Odense,2-0,H,Continental,Wikipedia,2002–03 UEFA Cup first round
2002-09-19,UEFA,UEFA 2nd Division,2,2002–03,Celtic,Sūduva,8-1,H,Continental,Wikipedia,2002–03 UEFA Cup first round
2002-09-19,UEFA,UEFA 2nd Division,2,2002–03,Chelsea,Viking,2-1,H,Continental,Wikipedia,2002–03 UEFA Cup first round
2002-09-19,UEFA,UEFA 2nd Division,2,2002–03,Copenhagen,Djurgårdens IF,0-0,D,Continental,Wikipedia,2002–03 UEFA Cup first round
2002-09-19,UEFA,UEFA 2nd Division,2,2002–03,Denizlispor,Lorient,2-0,H,Continental,Wikipedia,2002–03 UEFA Cup first round
2002-09-19,UEFA,UEFA 2nd Division,2,2002–03,Dinamo Zagreb,Zalaegerszeg,6-0,H,Continental,Wikipedia,2002–03 UEFA Cup first round
2002-09-19,UEFA,UEFA 2nd Division,2,2002–03,Ferencváros,Kocaelispor,4-0,H,Continental,Wikipedia,2002–03 UEFA Cup first round
2002-09-19,UEFA,UEFA 2nd Division,2,2002–03,Gomel,Schalke 04,1-4,A,Continental,Wikipedia,2002–03 UEFA Cup first round
2002-09-19,UEFA,UEFA 2nd Division,2,2002–03,Grasshopper,Zenit Saint Petersburg,3-1,H,Continental,Wikipedia,2002–03 UEFA Cup first round
2002-09-19,UEFA,UEFA 2nd Division,2,2002–03,Hajduk Split,Fulham,0-1,A,Continental,Wikipedia,2002–03 UEFA Cup first round
2002-09-19,UEFA,UEFA 2nd Division,2,2002–03,Ipswich Town,Sartid,1-1,D,Continental,Wikipedia,2002–03 UEFA Cup first round
2002-09-19,UEFA,UEFA 2nd Division,2,2002–03,Iraklis,Anorthosis Famagusta,4-2,H,Continental,Wikipedia,2002–03 UEFA Cup first round
2002-09-19,UEFA,UEFA 2nd Division,2,2002–03,Kärnten,Hapoel Tel Aviv,0-4,A,Continental,Wikipedia,2002–03 UEFA Cup first round
2002-09-19,UEFA,UEFA 2nd Division,2,2002–03,Lazio,Skoda Xanthi,4-0,H,Continental,Wikipedia,2002–03 UEFA Cup first round
2002-09-19,UEFA,UEFA 2nd Division,2,2002–03,Leeds United,Metalurh Zaporizhzhia,1-0,H,Continental,Wikipedia,2002–03 UEFA Cup first round
2002-09-19,UEFA,UEFA 2nd Division,2,2002–03,Legia Warsaw,Utrecht,4-1,H,Continental,Wikipedia,2002–03 UEFA Cup first round
2002-09-19,UEFA,UEFA 2nd Division,2,2002–03,Levski Sofia,Brøndby,4-1,H,Continental,Wikipedia,2002–03 UEFA Cup first round
2002-09-19,UEFA,UEFA 2nd Division,2,2002–03,Litex Lovech,Panathinaikos,0-1,A,Continental,Wikipedia,2002–03 UEFA Cup first round
2002-09-19,UEFA,UEFA 2nd Division,2,2002–03,Maccabi Tel Aviv,Boavista,1-0,H,Continental,Wikipedia,2002–03 UEFA Cup first round
2002-09-19,UEFA,UEFA 2nd Division,2,2002–03,Metalurh Donetsk,Werder Bremen,2-2,D,Continental,Wikipedia,2002–03 UEFA Cup first round
2002-09-19,UEFA,UEFA 2nd Division,2,2002–03,Midtjylland,Varteks,1-0,H,Continental,Wikipedia,2002–03 UEFA Cup first round
2002-09-19,UEFA,UEFA 2nd Division,2,2002–03,Mouscron,Slavia Prague,2-2,D,Continental,Wikipedia,2002–03 UEFA Cup first round
2002-09-19,UEFA,UEFA 2nd Division,2,2002–03,Național București,Heerenveen,3-0,H,Continental,Wikipedia,2002–03 UEFA Cup first round
2002-09-19,UEFA,UEFA 2nd Division,2,2002–03,Paris Saint-Germain,Újpest,3-0,H,Continental,Wikipedia,2002–03 UEFA Cup first round
2002-09-19,UEFA,UEFA 2nd Division,2,2002–03,Porto,Polonia Warsaw,6-0,H,Continental,Wikipedia,2002–03 UEFA Cup first round
2002-09-19,UEFA,UEFA 2nd Division,2,2002–03,Primorje,Wisła Kraków,0-2,A,Continental,Wikipedia,2002–03 UEFA Cup first round
2002-09-19,UEFA,UEFA 2nd Division,2,2002–03,Red Star Belgrade,Chievo,0-0,D,Continental,Wikipedia,2002–03 UEFA Cup first round
2002-09-19,UEFA,UEFA 2nd Division,2,2002–03,Servette,Amica Wronki,2-3,A,Continental,Wikipedia,2002–03 UEFA Cup first round
2002-09-19,UEFA,UEFA 2nd Division,2,2002–03,Slovan Liberec,Dinamo Tbilisi,3-2,H,Continental,Wikipedia,2002–03 UEFA Cup first round
2002-09-19,UEFA,UEFA 2nd Division,2,2002–03,Sparta Prague,Široki Brijeg,3-0,H,Continental,Wikipedia,2002–03 UEFA Cup first round
2002-09-19,UEFA,UEFA 2nd Division,2,2002–03,Sporting CP,Partizan,1-3,A,Continental,Wikipedia,2002–03 UEFA Cup first round
2002-09-19,UEFA,UEFA 2nd Division,2,2002–03,Sturm Graz,Livingston,5-2,H,Continental,Wikipedia,2002–03 UEFA Cup first round
2002-09-19,UEFA,UEFA 2nd Division,2,2002–03,VfB Stuttgart,Ventspils,4-1,H,Continental,Wikipedia,2002–03 UEFA Cup first round
2002-09-19,UEFA,UEFA 2nd Division,2,2002–03,Zimbru Chișinău,Real Betis,0-2,A,Continental,Wikipedia,2002–03 UEFA Cup first round
2002-09-19,UEFA,UEFA 2nd Division,2,2002–03,Željezničar,Málaga,0-0,D,Continental,Wikipedia,2002–03 UEFA Cup first round
2002-10-01,UEFA,UEFA 2nd Division,2,2002–03,Amica Wronki,Servette,1-2,A,Continental,Wikipedia,2002–03 UEFA Cup first round
2002-10-01,UEFA,UEFA 2nd Division,2,2002–03,Hertha BSC,Aberdeen,1-0,H,Continental,Wikipedia,2002–03 UEFA Cup first round
2002-10-01,UEFA,UEFA 2nd Division,2,2002–03,Shakhtar Donetsk,Austria Wien,1-0,H,Continental,Wikipedia,2002–03 UEFA Cup first round
2002-10-03,UEFA,UEFA 2nd Division,2,2002–03,Alavés,Ankaragücü,3-0,H,Continental,Wikipedia,2002–03 UEFA Cup first round
2002-10-03,UEFA,UEFA 2nd Division,2,2002–03,Anorthosis Famagusta,Iraklis,3-1,H,Continental,Wikipedia,2002–03 UEFA Cup first round
2002-10-03,UEFA,UEFA 2nd Division,2,2002–03,Boavista,Maccabi Tel Aviv,4-1,H,Continental,Wikipedia,2002–03 UEFA Cup first round
2002-10-03,UEFA,UEFA 2nd Division,2,2002–03,Brøndby,Levski Sofia,1-1,D,Continental,Wikipedia,2002–03 UEFA Cup first round
2002-10-03,UEFA,UEFA 2nd Division,2,2002–03,CSKA Sofia,Blackburn Rovers,3-3,D,Continental,Wikipedia,2002–03 UEFA Cup first round
2002-10-03,UEFA,UEFA 2nd Division,2,2002–03,Chievo,Red Star Belgrade,0-2,A,Continental,Wikipedia,2002–03 UEFA Cup first round
2002-10-03,UEFA,UEFA 2nd Division,2,2002–03,Dinamo Tbilisi,Slovan Liberec,0-1,A,Continental,Wikipedia,2002–03 UEFA Cup first round
2002-10-03,UEFA,UEFA 2nd Division,2,2002–03,Djurgårdens IF,Copenhagen,3-1,H,Continental,Wikipedia,2002–03 UEFA Cup first round
2002-10-03,UEFA,UEFA 2nd Division,2,2002–03,Fenerbahçe,AIK,3-1,H,Continental,Wikipedia,2002–03 UEFA Cup first round
2002-10-03,UEFA,UEFA 2nd Division,2,2002–03,Fulham,Hajduk Split,2-2,D,Continental,Wikipedia,2002–03 UEFA Cup first round
2002-10-03,UEFA,UEFA 2nd Division,2,2002–03,GAK,APOEL,1-1,D,Continental,Wikipedia,2002–03 UEFA Cup first round
2002-10-03,UEFA,UEFA 2nd Division,2,2002–03,Hapoel Tel Aviv,Kärnten,0-1,A,Continental,Wikipedia,2002–03 UEFA Cup first round
2002-10-03,UEFA,UEFA 2nd Division,2,2002–03,Heerenveen,Național București,2-0,H,Continental,Wikipedia,2002–03 UEFA Cup first round
2002-10-03,UEFA,UEFA 2nd Division,2,2002–03,Kocaelispor,Ferencváros,0-1,A,Continental,Wikipedia,2002–03 UEFA Cup first round
2002-10-03,UEFA,UEFA 2nd Division,2,2002–03,Livingston,Sturm Graz,4-3,H,Continental,Wikipedia,2002–03 UEFA Cup first round
2002-10-03,UEFA,UEFA 2nd Division,2,2002–03,Lorient,Denizlispor,3-1,H,Continental,Wikipedia,2002–03 UEFA Cup first round
2002-10-03,UEFA,UEFA 2nd Division,2,2002–03,Matador Púchov,Bordeaux,1-4,A,Continental,Wikipedia,2002–03 UEFA Cup first round
2002-10-03,UEFA,UEFA 2nd Division,2,2002–03,Metalurh Zaporizhzhia,Leeds United,1-1,D,Continental,Wikipedia,2002–03 UEFA Cup first round
2002-10-03,UEFA,UEFA 2nd Division,2,2002–03,Málaga,Željezničar,1-0,H,Continental,Wikipedia,2002–03 UEFA Cup first round
2002-10-03,UEFA,UEFA 2nd Division,2,2002–03,Odense,Celta Vigo,1-0,H,Continental,Wikipedia,2002–03 UEFA Cup first round
2002-10-03,UEFA,UEFA 2nd Division,2,2002–03,PAOK,Leixões,4-1,H,Continental,Wikipedia,2002–03 UEFA Cup first round
2002-10-03,UEFA,UEFA 2nd Division,2,2002–03,Panathinaikos,Litex Lovech,2-1,H,Continental,Wikipedia,2002–03 UEFA Cup first round
2002-10-03,UEFA,UEFA 2nd Division,2,2002–03,Parma,CSKA Moscow,3-2,H,Continental,Wikipedia,2002–03 UEFA Cup first round
2002-10-03,UEFA,UEFA 2nd Division,2,2002–03,Partizan,Sporting CP,3-3,D,Continental,Wikipedia,2002–03 UEFA Cup first round
2002-10-03,UEFA,UEFA 2nd Division,2,2002–03,Polonia Warsaw,Porto,2-0,H,Continental,Wikipedia,2002–03 UEFA Cup first round
2002-10-03,UEFA,UEFA 2nd Division,2,2002–03,Rangers,Viktoria Žižkov,3-1,H,Continental,Wikipedia,2002–03 UEFA Cup first round
2002-10-03,UEFA,UEFA 2nd Division,2,2002–03,Rapid București,Vitesse,0-1,A,Continental,Wikipedia,2002–03 UEFA Cup first round
2002-10-03,UEFA,UEFA 2nd Division,2,2002–03,Real Betis,Zimbru Chișinău,2-1,H,Continental,Wikipedia,2002–03 UEFA Cup first round
2002-10-03,UEFA,UEFA 2nd Division,2,2002–03,Sarajevo,Beşiktaş,0-5,A,Continental,Wikipedia,2002–03 UEFA Cup first round
2002-10-03,UEFA,UEFA 2nd Division,2,2002–03,Sartid,Ipswich Town,0-1,A,Continental,Wikipedia,2002–03 UEFA Cup first round
2002-10-03,UEFA,UEFA 2nd Division,2,2002–03,Schalke 04,Gomel,4-0,H,Continental,Wikipedia,2002–03 UEFA Cup first round
2002-10-03,UEFA,UEFA 2nd Division,2,2002–03,Skoda Xanthi,Lazio,0-0,D,Continental,Wikipedia,2002–03 UEFA Cup first round
2002-10-03,UEFA,UEFA 2nd Division,2,2002–03,Slavia Prague,Mouscron,5-1,H,Continental,Wikipedia,2002–03 UEFA Cup first round
2002-10-03,UEFA,UEFA 2nd Division,2,2002–03,Stabæk,Anderlecht,1-2,A,Continental,Wikipedia,2002–03 UEFA Cup first round
2002-10-03,UEFA,UEFA 2nd Division,2,2002–03,Sūduva,Celtic,0-2,A,Continental,Wikipedia,2002–03 UEFA Cup first round
2002-10-03,UEFA,UEFA 2nd Division,2,2002–03,Utrecht,Legia Warsaw,1-3,A,Continental,Wikipedia,2002–03 UEFA Cup first round
2002-10-03,UEFA,UEFA 2nd Division,2,2002–03,Varteks,Midtjylland,1-1,D,Continental,Wikipedia,2002–03 UEFA Cup first round
2002-10-03,UEFA,UEFA 2nd Division,2,2002–03,Ventspils,VfB Stuttgart,1-4,A,Continental,Wikipedia,2002–03 UEFA Cup first round
2002-10-03,UEFA,UEFA 2nd Division,2,2002–03,Viking,Chelsea,4-2,H,Continental,Wikipedia,2002–03 UEFA Cup first round
2002-10-03,UEFA,UEFA 2nd Division,2,2002–03,Werder Bremen,Metalurh Donetsk,8-0,H,Continental,Wikipedia,2002–03 UEFA Cup first round
2002-10-03,UEFA,UEFA 2nd Division,2,2002–03,Wisła Kraków,Primorje,6-1,H,Continental,Wikipedia,2002–03 UEFA Cup first round
2002-10-03,UEFA,UEFA 2nd Division,2,2002–03,Zalaegerszeg,Dinamo Zagreb,1-3,A,Continental,Wikipedia,2002–03 UEFA Cup first round
2002-10-03,UEFA,UEFA 2nd Division,2,2002–03,Zenit Saint Petersburg,Grasshopper,2-1,H,Continental,Wikipedia,2002–03 UEFA Cup first round
2002-10-03,UEFA,UEFA 2nd Division,2,2002–03,Újpest,Paris Saint-Germain,0-1,A,Continental,Wikipedia,2002–03 UEFA Cup first round
2002-10-03,UEFA,UEFA 2nd Division,2,2002–03,Široki Brijeg,Sparta Prague,0-1,A,Continental,Wikipedia,2002–03 UEFA Cup first round
2002-10-29,UEFA,UEFA 2nd Division,2,2002–03,Djurgårdens IF,Bordeaux,0-1,A,Continental,Wikipedia,2002–03 UEFA Cup second round
2002-10-29,UEFA,UEFA 2nd Division,2,2002–03,Legia Warsaw,Schalke 04,2-3,A,Continental,Wikipedia,2002–03 UEFA Cup second round
2002-10-29,UEFA,UEFA 2nd Division,2,2002–03,Viktoria Žižkov,Real Betis,0-1,A,Continental,Wikipedia,2002–03 UEFA Cup second round
2002-10-31,UEFA,UEFA 2nd Division,2,2002–03,APOEL,Hertha BSC,0-1,A,Continental,Wikipedia,2002–03 UEFA Cup second round
2002-10-31,UEFA,UEFA 2nd Division,2,2002–03,Alavés,Beşiktaş,1-1,D,Continental,Wikipedia,2002–03 UEFA Cup second round
2002-10-31,UEFA,UEFA 2nd Division,2,2002–03,Anderlecht,Midtjylland,3-1,H,Continental,Wikipedia,2002–03 UEFA Cup second round
2002-10-31,UEFA,UEFA 2nd Division,2,2002–03,Austria Wien,Porto,0-1,A,Continental,Wikipedia,2002–03 UEFA Cup second round
2002-10-31,UEFA,UEFA 2nd Division,2,2002–03,Boavista,Anorthosis Famagusta,2-1,H,Continental,Wikipedia,2002–03 UEFA Cup second round
2002-10-31,UEFA,UEFA 2nd Division,2,2002–03,Celta Vigo,Viking,3-0,H,Continental,Wikipedia,2002–03 UEFA Cup second round
2002-10-31,UEFA,UEFA 2nd Division,2,2002–03,Celtic,Blackburn Rovers,1-0,H,Continental,Wikipedia,2002–03 UEFA Cup second round
2002-10-31,UEFA,UEFA 2nd Division,2,2002–03,Dinamo Zagreb,Fulham,0-3,A,Continental,Wikipedia,2002–03 UEFA Cup second round
2002-10-31,UEFA,UEFA 2nd Division,2,2002–03,Fenerbahçe,Panathinaikos,1-1,D,Continental,Wikipedia,2002–03 UEFA Cup second round
2002-10-31,UEFA,UEFA 2nd Division,2,2002–03,Ferencváros,VfB Stuttgart,0-0,D,Continental,Wikipedia,2002–03 UEFA Cup second round
2002-10-31,UEFA,UEFA 2nd Division,2,2002–03,Ipswich Town,Slovan Liberec,1-0,H,Continental,Wikipedia,2002–03 UEFA Cup second round
2002-10-31,UEFA,UEFA 2nd Division,2,2002–03,Lazio,Red Star Belgrade,1-0,H,Continental,Wikipedia,2002–03 UEFA Cup second round
2002-10-31,UEFA,UEFA 2nd Division,2,2002–03,Leeds United,Hapoel Tel Aviv,1-0,H,Continental,Wikipedia,2002–03 UEFA Cup second round
2002-10-31,UEFA,UEFA 2nd Division,2,2002–03,Málaga,Amica Wronki,2-1,H,Continental,Wikipedia,2002–03 UEFA Cup second round
2002-10-31,UEFA,UEFA 2nd Division,2,2002–03,Național București,Paris Saint-Germain,0-2,A,Continental,Wikipedia,2002–03 UEFA Cup second round
2002-10-31,UEFA,UEFA 2nd Division,2,2002–03,PAOK,Grasshopper,2-1,H,Continental,Wikipedia,2002–03 UEFA Cup second round
2002-10-31,UEFA,UEFA 2nd Division,2,2002–03,Parma,Wisła Kraków,2-1,H,Continental,Wikipedia,2002–03 UEFA Cup second round
2002-10-31,UEFA,UEFA 2nd Division,2,2002–03,Partizan,Slavia Prague,3-1,H,Continental,Wikipedia,2002–03 UEFA Cup second round
2002-10-31,UEFA,UEFA 2nd Division,2,2002–03,Sparta Prague,Denizlispor,1-0,H,Continental,Wikipedia,2002–03 UEFA Cup second round
2002-10-31,UEFA,UEFA 2nd Division,2,2002–03,Sturm Graz,Levski Sofia,1-0,H,Continental,Wikipedia,2002–03 UEFA Cup second round
2002-10-31,UEFA,UEFA 2nd Division,2,2002–03,Vitesse,Werder Bremen,2-1,H,Continental,Wikipedia,2002–03 UEFA Cup second round
2002-11-07,UEFA,UEFA 2nd Division,2,2002–03,Hertha BSC,APOEL,4-0,H,Continental,Wikipedia,2002–03 UEFA Cup second round
2002-11-12,UEFA,UEFA 2nd Division,2,2002–03,Amica Wronki,Málaga,1-2,A,Continental,Wikipedia,2002–03 UEFA Cup second round
2002-11-12,UEFA,UEFA 2nd Division,2,2002–03,Bordeaux,Djurgårdens IF,2-1,H,Continental,Wikipedia,2002–03 UEFA Cup second round
2002-11-12,UEFA,UEFA 2nd Division,2,2002–03,VfB Stuttgart,Ferencváros,2-0,H,Continental,Wikipedia,2002–03 UEFA Cup second round
2002-11-14,UEFA,UEFA 2nd Division,2,2002–03,Anorthosis Famagusta,Boavista,0-1,A,Continental,Wikipedia,2002–03 UEFA Cup second round
2002-11-14,UEFA,UEFA 2nd Division,2,2002–03,Beşiktaş,Alavés,1-0,H,Continental,Wikipedia,2002–03 UEFA Cup second round
2002-11-14,UEFA,UEFA 2nd Division,2,2002–03,Blackburn Rovers,Celtic,0-2,A,Continental,Wikipedia,2002–03 UEFA Cup second round
2002-11-14,UEFA,UEFA 2nd Division,2,2002–03,Denizlispor,Sparta Prague,2-0,H,Continental,Wikipedia,2002–03 UEFA Cup second round
2002-11-14,UEFA,UEFA 2nd Division,2,2002–03,Fulham,Dinamo Zagreb,2-1,H,Continental,Wikipedia,2002–03 UEFA Cup second round
2002-11-14,UEFA,UEFA 2nd Division,2,2002–03,Grasshopper,PAOK,1-1,D,Continental,Wikipedia,2002–03 UEFA Cup second round
2002-11-14,UEFA,UEFA 2nd Division,2,2002–03,Hapoel Tel Aviv,Leeds United,1-4,A,Continental,Wikipedia,2002–03 UEFA Cup second round
2002-11-14,UEFA,UEFA 2nd Division,2,2002–03,Levski Sofia,Sturm Graz,1-0,H,Continental,Wikipedia,2002–03 UEFA Cup second round
2002-11-14,UEFA,UEFA 2nd Division,2,2002–03,Midtjylland,Anderlecht,0-3,A,Continental,Wikipedia,2002–03 UEFA Cup second round
2002-11-14,UEFA,UEFA 2nd Division,2,2002–03,Panathinaikos,Fenerbahçe,4-1,H,Continental,Wikipedia,2002–03 UEFA Cup second round
2002-11-14,UEFA,UEFA 2nd Division,2,2002–03,Paris Saint-Germain,Național București,1-0,H,Continental,Wikipedia,2002–03 UEFA Cup second round
2002-11-14,UEFA,UEFA 2nd Division,2,2002–03,Porto,Austria Wien,2-0,H,Continental,Wikipedia,2002–03 UEFA Cup second round
2002-11-14,UEFA,UEFA 2nd Division,2,2002–03,Real Betis,Viktoria Žižkov,3-0,H,Continental,Wikipedia,2002–03 UEFA Cup second round
2002-11-14,UEFA,UEFA 2nd Division,2,2002–03,Red Star Belgrade,Lazio,1-1,D,Continental,Wikipedia,2002–03 UEFA Cup second round
2002-11-14,UEFA,UEFA 2nd Division,2,2002–03,Schalke 04,Legia Warsaw,0-0,D,Continental,Wikipedia,2002–03 UEFA Cup second round
2002-11-14,UEFA,UEFA 2nd Division,2,2002–03,Slavia Prague,Partizan,5-1,H,Continental,Wikipedia,2002–03 UEFA Cup second round
2002-11-14,UEFA,UEFA 2nd Division,2,2002–03,Slovan Liberec,Ipswich Town,1-0,H,Continental,Wikipedia,2002–03 UEFA Cup second round
2002-11-14,UEFA,UEFA 2nd Division,2,2002–03,Viking,Celta Vigo,1-1,D,Continental,Wikipedia,2002–03 UEFA Cup second round
2002-11-14,UEFA,UEFA 2nd Division,2,2002–03,Werder Bremen,Vitesse,3-3,D,Continental,Wikipedia,2002–03 UEFA Cup second round
2002-11-14,UEFA,UEFA 2nd Division,2,2002–03,Wisła Kraków,Parma,4-1,H,Continental,Wikipedia,2002–03 UEFA Cup second round
2002-11-26,UEFA,UEFA 2nd Division,2,2002–03,Hertha BSC,Fulham,2-1,H,Continental,Wikipedia,2002–03 UEFA Cup final phase
2002-11-26,UEFA,UEFA 2nd Division,2,2002–03,Paris Saint-Germain,Boavista,2-1,H,Continental,Wikipedia,2002–03 UEFA Cup final phase
2002-11-28,UEFA,UEFA 2nd Division,2,2002–03,AEK Athens,Maccabi Haifa,4-0,H,Continental,Wikipedia,2002–03 UEFA Cup final phase
2002-11-28,UEFA,UEFA 2nd Division,2,2002–03,Beşiktaş,Dynamo Kyiv,3-1,H,Continental,Wikipedia,2002–03 UEFA Cup final phase
2002-11-28,UEFA,UEFA 2nd Division,2,2002–03,Bordeaux,Anderlecht,0-2,A,Continental,Wikipedia,2002–03 UEFA Cup final phase
2002-11-28,UEFA,UEFA 2nd Division,2,2002–03,Celtic,Celta Vigo,1-0,H,Continental,Wikipedia,2002–03 UEFA Cup final phase
2002-11-28,UEFA,UEFA 2nd Division,2,2002–03,Club Brugge,VfB Stuttgart,1-2,A,Continental,Wikipedia,2002–03 UEFA Cup final phase
2002-11-28,UEFA,UEFA 2nd Division,2,2002–03,Denizlispor,Lyon,0-0,D,Continental,Wikipedia,2002–03 UEFA Cup final phase
2002-11-28,UEFA,UEFA 2nd Division,2,2002–03,Málaga,Leeds United,0-0,D,Continental,Wikipedia,2002–03 UEFA Cup final phase
2002-11-28,UEFA,UEFA 2nd Division,2,2002–03,PAOK,Slavia Prague,1-0,H,Continental,Wikipedia,2002–03 UEFA Cup final phase
2002-11-28,UEFA,UEFA 2nd Division,2,2002–03,Porto,Lens,3-0,H,Continental,Wikipedia,2002–03 UEFA Cup final phase
2002-11-28,UEFA,UEFA 2nd Division,2,2002–03,Real Betis,Auxerre,1-0,H,Continental,Wikipedia,2002–03 UEFA Cup final phase
2002-11-28,UEFA,UEFA 2nd Division,2,2002–03,Slovan Liberec,Panathinaikos,2-2,D,Continental,Wikipedia,2002–03 UEFA Cup final phase
2002-11-28,UEFA,UEFA 2nd Division,2,2002–03,Sturm Graz,Lazio,1-3,A,Continental,Wikipedia,2002–03 UEFA Cup final phase
2002-11-28,UEFA,UEFA 2nd Division,2,2002–03,Vitesse,Liverpool,0-1,A,Continental,Wikipedia,2002–03 UEFA Cup final phase
2002-11-28,UEFA,UEFA 2nd Division,2,2002–03,Wisła Kraków,Schalke 04,1-1,D,Continental,Wikipedia,2002–03 UEFA Cup final phase
2002-12-10,UEFA,UEFA 2nd Division,2,2002–03,Schalke 04,Wisła Kraków,1-4,A,Continental,Wikipedia,2002–03 UEFA Cup final phase
2002-12-12,UEFA,UEFA 2nd Division,2,2002–03,Anderlecht,Bordeaux,2-2,D,Continental,Wikipedia,2002–03 UEFA Cup final phase
2002-12-12,UEFA,UEFA 2nd Division,2,2002–03,Auxerre,Real Betis,2-0,H,Continental,Wikipedia,2002–03 UEFA Cup final phase
2002-12-12,UEFA,UEFA 2nd Division,2,2002–03,Boavista,Paris Saint-Germain,1-0,H,Continental,Wikipedia,2002–03 UEFA Cup final phase
2002-12-12,UEFA,UEFA 2nd Division,2,2002–03,Celta Vigo,Celtic,2-1,H,Continental,Wikipedia,2002–03 UEFA Cup final phase
2002-12-12,UEFA,UEFA 2nd Division,2,2002–03,Dynamo Kyiv,Beşiktaş,0-0,D,Continental,Wikipedia,2002–03 UEFA Cup final phase
2002-12-12,UEFA,UEFA 2nd Division,2,2002–03,Fulham,Hertha BSC,0-0,D,Continental,Wikipedia,2002–03 UEFA Cup final phase
2002-12-12,UEFA,UEFA 2nd Division,2,2002–03,Lazio,Sturm Graz,0-1,A,Continental,Wikipedia,2002–03 UEFA Cup final phase
2002-12-12,UEFA,UEFA 2nd Division,2,2002–03,Leeds United,Málaga,1-2,A,Continental,Wikipedia,2002–03 UEFA Cup final phase
2002-12-12,UEFA,UEFA 2nd Division,2,2002–03,Lens,Porto,1-0,H,Continental,Wikipedia,2002–03 UEFA Cup final phase
2002-12-12,UEFA,UEFA 2nd Division,2,2002–03,Liverpool,Vitesse,1-0,H,Continental,Wikipedia,2002–03 UEFA Cup final phase
2002-12-12,UEFA,UEFA 2nd Division,2,2002–03,Lyon,Denizlispor,0-1,A,Continental,Wikipedia,2002–03 UEFA Cup final phase
2002-12-12,UEFA,UEFA 2nd Division,2,2002–03,Maccabi Haifa,AEK Athens,1-4,A,Continental,Wikipedia,2002–03 UEFA Cup final phase
2002-12-12,UEFA,UEFA 2nd Division,2,2002–03,Panathinaikos,Slovan Liberec,1-0,H,Continental,Wikipedia,2002–03 UEFA Cup final phase
2002-12-12,UEFA,UEFA 2nd Division,2,2002–03,Slavia Prague,PAOK,4-0,H,Continental,Wikipedia,2002–03 UEFA Cup final phase
2002-12-12,UEFA,UEFA 2nd Division,2,2002–03,VfB Stuttgart,Club Brugge,1-0,H,Continental,Wikipedia,2002–03 UEFA Cup final phase
2003-02-20,UEFA,UEFA 2nd Division,2,2002–03,Auxerre,Liverpool,0-1,A,Continental,Wikipedia,2002–03 UEFA Cup final phase
2003-02-20,UEFA,UEFA 2nd Division,2,2002–03,Celtic,VfB Stuttgart,3-1,H,Continental,Wikipedia,2002–03 UEFA Cup final phase
2003-02-20,UEFA,UEFA 2nd Division,2,2002–03,Hertha BSC,Boavista,3-2,H,Continental,Wikipedia,2002–03 UEFA Cup final phase
2003-02-20,UEFA,UEFA 2nd Division,2,2002–03,Lazio,Wisła Kraków,3-3,D,Continental,Wikipedia,2002–03 UEFA Cup final phase
2003-02-20,UEFA,UEFA 2nd Division,2,2002–03,Málaga,AEK Athens,0-0,D,Continental,Wikipedia,2002–03 UEFA Cup final phase
2003-02-20,UEFA,UEFA 2nd Division,2,2002–03,Panathinaikos,Anderlecht,3-0,H,Continental,Wikipedia,2002–03 UEFA Cup final phase
2003-02-20,UEFA,UEFA 2nd Division,2,2002–03,Porto,Denizlispor,6-1,H,Continental,Wikipedia,2002–03 UEFA Cup final phase
2003-02-20,UEFA,UEFA 2nd Division,2,2002–03,Slavia Prague,Beşiktaş,1-0,H,Continental,Wikipedia,2002–03 UEFA Cup final phase
2003-02-27,UEFA,UEFA 2nd Division,2,2002–03,AEK Athens,Málaga,0-1,A,Continental,Wikipedia,2002–03 UEFA Cup final phase
2003-02-27,UEFA,UEFA 2nd Division,2,2002–03,Anderlecht,Panathinaikos,2-0,H,Continental,Wikipedia,2002–03 UEFA Cup final phase
2003-02-27,UEFA,UEFA 2nd Division,2,2002–03,Beşiktaş,Slavia Prague,4-2,H,Continental,Wikipedia,2002–03 UEFA Cup final phase
2003-02-27,UEFA,UEFA 2nd Division,2,2002–03,Boavista,Hertha BSC,1-0,H,Continental,Wikipedia,2002–03 UEFA Cup final phase
2003-02-27,UEFA,UEFA 2nd Division,2,2002–03,Denizlispor,Porto,2-2,D,Continental,Wikipedia,2002–03 UEFA Cup final phase
2003-02-27,UEFA,UEFA 2nd Division,2,2002–03,Liverpool,Auxerre,2-0,H,Continental,Wikipedia,2002–03 UEFA Cup final phase
2003-02-27,UEFA,UEFA 2nd Division,2,2002–03,VfB Stuttgart,Celtic,3-2,H,Continental,Wikipedia,2002–03 UEFA Cup final phase
2003-03-05,UEFA,UEFA 2nd Division,2,2002–03,Wisła Kraków,Lazio,1-2,A,Continental,Wikipedia,2002–03 UEFA Cup final phase
2003-03-13,UEFA,UEFA 2nd Division,2,2002–03,Celtic,Liverpool,1-1,D,Continental,Wikipedia,2002–03 UEFA Cup final phase
2003-03-13,UEFA,UEFA 2nd Division,2,2002–03,Lazio,Beşiktaş,1-0,H,Continental,Wikipedia,2002–03 UEFA Cup final phase
2003-03-13,UEFA,UEFA 2nd Division,2,2002–03,Málaga,Boavista,1-0,H,Continental,Wikipedia,2002–03 UEFA Cup final phase
2003-03-13,UEFA,UEFA 2nd Division,2,2002–03,Porto,Panathinaikos,0-1,A,Continental,Wikipedia,2002–03 UEFA Cup final phase
2003-03-20,UEFA,UEFA 2nd Division,2,2002–03,Beşiktaş,Lazio,1-2,A,Continental,Wikipedia,2002–03 UEFA Cup final phase
2003-03-20,UEFA,UEFA 2nd Division,2,2002–03,Boavista,Málaga,1-0,H,Continental,Wikipedia,2002–03 UEFA Cup final phase
2003-03-20,UEFA,UEFA 2nd Division,2,2002–03,Liverpool,Celtic,0-2,A,Continental,Wikipedia,2002–03 UEFA Cup final phase
2003-03-20,UEFA,UEFA 2nd Division,2,2002–03,Panathinaikos,Porto,0-2,A,Continental,Wikipedia,2002–03 UEFA Cup final phase
2003-04-10,UEFA,UEFA 2nd Division,2,2002–03,Celtic,Boavista,1-1,D,Continental,Wikipedia,2002–03 UEFA Cup final phase
2003-04-10,UEFA,UEFA 2nd Division,2,2002–03,Porto,Lazio,4-1,H,Continental,Wikipedia,2002–03 UEFA Cup final phase
2003-04-24,UEFA,UEFA 2nd Division,2,2002–03,Boavista,Celtic,0-1,A,Continental,Wikipedia,2002–03 UEFA Cup final phase
2003-04-24,UEFA,UEFA 2nd Division,2,2002–03,Lazio,Porto,0-0,D,Continental,Wikipedia,2002–03 UEFA Cup final phase
2003-08-12,UEFA,UEFA 2nd Division,2,2003–04,Haka,Hajduk Split,2-1,H,Continental,Wikipedia,2003–04 UEFA Cup qualifying round
2003-08-12,UEFA,UEFA 2nd Division,2,2003–04,Sarajevo,Sartid,1-1,D,Continental,Wikipedia,2003–04 UEFA Cup qualifying round
2003-08-12,UEFA,UEFA 2nd Division,2,2003–04,Valletta,Neuchâtel Xamax,0-2,A,Continental,Wikipedia,2003–04 UEFA Cup qualifying round
2003-08-13,UEFA,UEFA 2nd Division,2,2003–04,Ventspils,Wisła Płock,1-1,D,Continental,Wikipedia,2003–04 UEFA Cup qualifying round
2003-08-14,UEFA,UEFA 2nd Division,2,2003–04,AIK,Fylkir,1-0,H,Continental,Wikipedia,2003–04 UEFA Cup qualifying round
2003-08-14,UEFA,UEFA 2nd Division,2,2003–04,APOEL,Derry City,2-1,H,Continental,Wikipedia,2003–04 UEFA Cup qualifying round
2003-08-14,UEFA,UEFA 2nd Division,2,2003–04,Artmedia Petržalka,F91 Dudelange,1-0,H,Continental,Wikipedia,2003–04 UEFA Cup qualifying round
2003-08-14,UEFA,UEFA 2nd Division,2,2003–04,Atyrau,Levski Sofia,1-4,A,Continental,Wikipedia,2003–04 UEFA Cup qualifying round
2003-08-14,UEFA,UEFA 2nd Division,2,2003–04,Birkirkara,Ferencváros,0-5,A,Continental,Wikipedia,2003–04 UEFA Cup qualifying round
2003-08-14,UEFA,UEFA 2nd Division,2,2003–04,Brøndby,Dinamo Minsk,3-0,H,Continental,Wikipedia,2003–04 UEFA Cup qualifying round
2003-08-14,UEFA,UEFA 2nd Division,2,2003–04,Cementarnica 55,GKS Katowice,0-0,D,Continental,Wikipedia,2003–04 UEFA Cup qualifying round
2003-08-14,UEFA,UEFA 2nd Division,2,2003–04,Coleraine,União de Leiria,2-1,H,Continental,Wikipedia,2003–04 UEFA Cup qualifying round
2003-08-14,UEFA,UEFA 2nd Division,2,2003–04,Cwmbrân Town,Maccabi Haifa,0-3,A,Continental,Wikipedia,2003–04 UEFA Cup qualifying round
2003-08-14,UEFA,UEFA 2nd Division,2,2003–04,Dinamo București,Liepājas Metalurgs,5-2,H,Continental,Wikipedia,2003–04 UEFA Cup qualifying round
2003-08-14,UEFA,UEFA 2nd Division,2,2003–04,Dinamo Tirana,Lokeren,0-4,A,Continental,Wikipedia,2003–04 UEFA Cup qualifying round
2003-08-14,UEFA,UEFA 2nd Division,2,2003–04,Ekranas,Debrecen,1-1,D,Continental,Wikipedia,2003–04 UEFA Cup qualifying round
2003-08-14,UEFA,UEFA 2nd Division,2,2003–04,Esbjerg,FC Santa Coloma,5-0,H,Continental,Wikipedia,2003–04 UEFA Cup qualifying round
2003-08-14,UEFA,UEFA 2nd Division,2,2003–04,Etzella Ettelbruck,Kamen Ingrad,1-2,A,Continental,Wikipedia,2003–04 UEFA Cup qualifying round
2003-08-14,UEFA,UEFA 2nd Division,2,2003–04,Groclin Grodzisk Wielkopolski,Atlantas,2-0,H,Continental,Wikipedia,2003–04 UEFA Cup qualifying round
2003-08-14,UEFA,UEFA 2nd Division,2,2003–04,Hapoel Tel Aviv,Banants,1-1,D,Continental,Wikipedia,2003–04 UEFA Cup qualifying round
2003-08-14,UEFA,UEFA 2nd Division,2,2003–04,Kärnten,Grindavík,2-1,H,Continental,Wikipedia,2003–04 UEFA Cup qualifying round
2003-08-14,UEFA,UEFA 2nd Division,2,2003–04,Lens,Torpedo Kutaisi,3-0,H,Continental,Wikipedia,2003–04 UEFA Cup qualifying round
2003-08-14,UEFA,UEFA 2nd Division,2,2003–04,Levadia Maardu,Varteks,1-3,A,Continental,Wikipedia,2003–04 UEFA Cup qualifying round
2003-08-14,UEFA,UEFA 2nd Division,2,2003–04,Litex Lovech,Zimbru Chișinău,0-0,D,Continental,Wikipedia,2003–04 UEFA Cup qualifying round
2003-08-14,UEFA,UEFA 2nd Division,2,2003–04,MYPA,Young Boys,3-2,H,Continental,Wikipedia,2003–04 UEFA Cup qualifying round
2003-08-14,UEFA,UEFA 2nd Division,2,2003–04,Malmö FF,Portadown,4-0,H,Continental,Wikipedia,2003–04 UEFA Cup qualifying round
2003-08-14,UEFA,UEFA 2nd Division,2,2003–04,Manchester City,Total Network Solutions,5-0,H,Continental,Wikipedia,2003–04 UEFA Cup qualifying round
2003-08-14,UEFA,UEFA 2nd Division,2,2003–04,Matador Púchov,Sioni Bolnisi,3-0,H,Continental,Wikipedia,2003–04 UEFA Cup qualifying round
2003-08-14,UEFA,UEFA 2nd Division,2,2003–04,Molde,KÍ,2-0,H,Continental,Wikipedia,2003–04 UEFA Cup qualifying round
2003-08-14,UEFA,UEFA 2nd Division,2,2003–04,NSÍ,Lyn,1-3,A,Continental,Wikipedia,2003–04 UEFA Cup qualifying round
2003-08-14,UEFA,UEFA 2nd Division,2,2003–04,Neman Grodno,Steaua București,1-1,D,Continental,Wikipedia,2003–04 UEFA Cup qualifying round
2003-08-14,UEFA,UEFA 2nd Division,2,2003–04,Nordsjælland,Shirak,4-0,H,Continental,Wikipedia,2003–04 UEFA Cup qualifying round
2003-08-14,UEFA,UEFA 2nd Division,2,2003–04,Odense,TVMK,1-1,D,Continental,Wikipedia,2003–04 UEFA Cup qualifying round
2003-08-14,UEFA,UEFA 2nd Division,2,2003–04,Olimpija Ljubljana,Shelbourne,1-0,H,Continental,Wikipedia,2003–04 UEFA Cup qualifying round
2003-08-14,UEFA,UEFA 2nd Division,2,2003–04,Publikum,Belasica,7-2,H,Continental,Wikipedia,2003–04 UEFA Cup qualifying round
2003-08-14,UEFA,UEFA 2nd Division,2,2003–04,Red Star Belgrade,Nistru Otaci,5-0,H,Continental,Wikipedia,2003–04 UEFA Cup qualifying round
2003-08-14,UEFA,UEFA 2nd Division,2,2003–04,Torpedo Moscow,Domagnano,5-0,H,Continental,Wikipedia,2003–04 UEFA Cup qualifying round
2003-08-14,UEFA,UEFA 2nd Division,2,2003–04,Vaduz,Dnipro Dnipropetrovsk,0-1,A,Continental,Wikipedia,2003–04 UEFA Cup qualifying round
2003-08-14,UEFA,UEFA 2nd Division,2,2003–04,Viktoria Žižkov,Zhenis,3-0,H,Continental,Wikipedia,2003–04 UEFA Cup qualifying round
2003-08-14,UEFA,UEFA 2nd Division,2,2003–04,Vllaznia,Dundee,0-2,A,Continental,Wikipedia,2003–04 UEFA Cup qualifying round
2003-08-14,UEFA,UEFA 2nd Division,2,2003–04,Željezničar,Anorthosis Famagusta,1-0,H,Continental,Wikipedia,2003–04 UEFA Cup qualifying round
2003-08-27,UEFA,UEFA 2nd Division,2,2003–04,Atlantas,Groclin Grodzisk Wielkopolski,1-4,A,Continental,Wikipedia,2003–04 UEFA Cup qualifying round
2003-08-27,UEFA,UEFA 2nd Division,2,2003–04,Zhenis,Viktoria Žižkov,1-3,A,Continental,Wikipedia,2003–04 UEFA Cup qualifying round
2003-08-28,UEFA,UEFA 2nd Division,2,2003–04,Anorthosis Famagusta,Željezničar,1-3,A,Continental,Wikipedia,2003–04 UEFA Cup qualifying round
2003-08-28,UEFA,UEFA 2nd Division,2,2003–04,Banants,Hapoel Tel Aviv,1-2,A,Continental,Wikipedia,2003–04 UEFA Cup qualifying round
2003-08-28,UEFA,UEFA 2nd Division,2,2003–04,Belasica,Publikum,0-5,A,Continental,Wikipedia,2003–04 UEFA Cup qualifying round
2003-08-28,UEFA,UEFA 2nd Division,2,2003–04,Debrecen,Ekranas,2-1,H,Continental,Wikipedia,2003–04 UEFA Cup qualifying round
2003-08-28,UEFA,UEFA 2nd Division,2,2003–04,Derry City,APOEL,0-3,A,Continental,Wikipedia,2003–04 UEFA Cup qualifying round
2003-08-28,UEFA,UEFA 2nd Division,2,2003–04,Dinamo Minsk,Brøndby,0-2,A,Continental,Wikipedia,2003–04 UEFA Cup qualifying round
2003-08-28,UEFA,UEFA 2nd Division,2,2003–04,Dnipro Dnipropetrovsk,Vaduz,1-0,H,Continental,Wikipedia,2003–04 UEFA Cup qualifying round
2003-08-28,UEFA,UEFA 2nd Division,2,2003–04,Domagnano,Torpedo Moscow,0-4,A,Continental,Wikipedia,2003–04 UEFA Cup qualifying round
2003-08-28,UEFA,UEFA 2nd Division,2,2003–04,Dundee,Vllaznia,4-0,H,Continental,Wikipedia,2003–04 UEFA Cup qualifying round
2003-08-28,UEFA,UEFA 2nd Division,2,2003–04,F91 Dudelange,Artmedia Petržalka,0-1,A,Continental,Wikipedia,2003–04 UEFA Cup qualifying round
2003-08-28,UEFA,UEFA 2nd Division,2,2003–04,FC Santa Coloma,Esbjerg,1-4,A,Continental,Wikipedia,2003–04 UEFA Cup qualifying round
2003-08-28,UEFA,UEFA 2nd Division,2,2003–04,Ferencváros,Birkirkara,1-0,H,Continental,Wikipedia,2003–04 UEFA Cup qualifying round
2003-08-28,UEFA,UEFA 2nd Division,2,2003–04,Fylkir,AIK,0-0,D,Continental,Wikipedia,2003–04 UEFA Cup qualifying round
2003-08-28,UEFA,UEFA 2nd Division,2,2003–04,GKS Katowice,Cementarnica 55,1-1,D,Continental,Wikipedia,2003–04 UEFA Cup qualifying round
2003-08-28,UEFA,UEFA 2nd Division,2,2003–04,Grindavík,Kärnten,1-1,D,Continental,Wikipedia,2003–04 UEFA Cup qualifying round
2003-08-28,UEFA,UEFA 2nd Division,2,2003–04,Hajduk Split,Haka,1-0,H,Continental,Wikipedia,2003–04 UEFA Cup qualifying round
2003-08-28,UEFA,UEFA 2nd Division,2,2003–04,Kamen Ingrad,Etzella Ettelbruck,7-0,H,Continental,Wikipedia,2003–04 UEFA Cup qualifying round
2003-08-28,UEFA,UEFA 2nd Division,2,2003–04,KÍ,Molde,0-4,A,Continental,Wikipedia,2003–04 UEFA Cup qualifying round
2003-08-28,UEFA,UEFA 2nd Division,2,2003–04,Levski Sofia,Atyrau,2-0,H,Continental,Wikipedia,2003–04 UEFA Cup qualifying round
2003-08-28,UEFA,UEFA 2nd Division,2,2003–04,Liepājas Metalurgs,Dinamo București,1-1,D,Continental,Wikipedia,2003–04 UEFA Cup qualifying round
2003-08-28,UEFA,UEFA 2nd Division,2,2003–04,Lokeren,Dinamo Tirana,3-1,H,Continental,Wikipedia,2003–04 UEFA Cup qualifying round
2003-08-28,UEFA,UEFA 2nd Division,2,2003–04,Lyn,NSÍ,6-0,H,Continental,Wikipedia,2003–04 UEFA Cup qualifying round
2003-08-28,UEFA,UEFA 2nd Division,2,2003–04,Maccabi Haifa,Cwmbrân Town,3-0,H,Continental,Wikipedia,2003–04 UEFA Cup qualifying round
2003-08-28,UEFA,UEFA 2nd Division,2,2003–04,Neuchâtel Xamax,Valletta,2-0,H,Continental,Wikipedia,2003–04 UEFA Cup qualifying round
2003-08-28,UEFA,UEFA 2nd Division,2,2003–04,Nistru Otaci,Red Star Belgrade,2-3,A,Continental,Wikipedia,2003–04 UEFA Cup qualifying round
2003-08-28,UEFA,UEFA 2nd Division,2,2003–04,Portadown,Malmö FF,0-2,A,Continental,Wikipedia,2003–04 UEFA Cup qualifying round
2003-08-28,UEFA,UEFA 2nd Division,2,2003–04,Sartid,Sarajevo,3-0,H,Continental,Wikipedia,2003–04 UEFA Cup qualifying round
2003-08-28,UEFA,UEFA 2nd Division,2,2003–04,Shelbourne,Olimpija Ljubljana,2-3,A,Continental,Wikipedia,2003–04 UEFA Cup qualifying round
2003-08-28,UEFA,UEFA 2nd Division,2,2003–04,Shirak,Nordsjælland,0-2,A,Continental,Wikipedia,2003–04 UEFA Cup qualifying round
2003-08-28,UEFA,UEFA 2nd Division,2,2003–04,Sioni Bolnisi,Matador Púchov,0-3,A,Continental,Wikipedia,2003–04 UEFA Cup qualifying round
2003-08-28,UEFA,UEFA 2nd Division,2,2003–04,Steaua București,Neman Grodno,0-0,D,Continental,Wikipedia,2003–04 UEFA Cup qualifying round
2003-08-28,UEFA,UEFA 2nd Division,2,2003–04,TVMK,Odense,0-3,A,Continental,Wikipedia,2003–04 UEFA Cup qualifying round
2003-08-28,UEFA,UEFA 2nd Division,2,2003–04,Torpedo Kutaisi,Lens,0-2,A,Continental,Wikipedia,2003–04 UEFA Cup qualifying round
2003-08-28,UEFA,UEFA 2nd Division,2,2003–04,Total Network Solutions,Manchester City,0-2,A,Continental,Wikipedia,2003–04 UEFA Cup qualifying round
2003-08-28,UEFA,UEFA 2nd Division,2,2003–04,União de Leiria,Coleraine,5-0,H,Continental,Wikipedia,2003–04 UEFA Cup qualifying round
2003-08-28,UEFA,UEFA 2nd Division,2,2003–04,Varteks,Levadia Maardu,3-2,H,Continental,Wikipedia,2003–04 UEFA Cup qualifying round
2003-08-28,UEFA,UEFA 2nd Division,2,2003–04,Wisła Płock,Ventspils,2-2,D,Continental,Wikipedia,2003–04 UEFA Cup qualifying round
2003-08-28,UEFA,UEFA 2nd Division,2,2003–04,Young Boys,MYPA,2-2,D,Continental,Wikipedia,2003–04 UEFA Cup qualifying round
2003-08-28,UEFA,UEFA 2nd Division,2,2003–04,Zimbru Chișinău,Litex Lovech,2-0,H,Continental,Wikipedia,2003–04 UEFA Cup qualifying round
2003-09-24,UEFA,UEFA 2nd Division,2,2003–04,1. FC Kaiserslautern,Teplice,1-2,A,Continental,Wikipedia,2003–04 UEFA Cup first round
2003-09-24,UEFA,UEFA 2nd Division,2,2003–04,AIK,Valencia,0-1,A,Continental,Wikipedia,2003–04 UEFA Cup first round
2003-09-24,UEFA,UEFA 2nd Division,2,2003–04,APOEL,Mallorca,1-2,A,Continental,Wikipedia,2003–04 UEFA Cup first round
2003-09-24,UEFA,UEFA 2nd Division,2,2003–04,Austria Wien,Borussia Dortmund,1-2,A,Continental,Wikipedia,2003–04 UEFA Cup first round
2003-09-24,UEFA,UEFA 2nd Division,2,2003–04,Auxerre,Neuchâtel Xamax,1-0,H,Continental,Wikipedia,2003–04 UEFA Cup first round
2003-09-24,UEFA,UEFA 2nd Division,2,2003–04,Brøndby,Viktoria Žižkov,1-0,H,Continental,Wikipedia,2003–04 UEFA Cup first round
2003-09-24,UEFA,UEFA 2nd Division,2,2003–04,CSKA Sofia,Torpedo Moscow,1-1,D,Continental,Wikipedia,2003–04 UEFA Cup first round
2003-09-24,UEFA,UEFA 2nd Division,2,2003–04,Cementarnica 55,Lens,0-1,A,Continental,Wikipedia,2003–04 UEFA Cup first round
2003-09-24,UEFA,UEFA 2nd Division,2,2003–04,Dinamo București,Shakhtar Donetsk,2-0,H,Continental,Wikipedia,2003–04 UEFA Cup first round
2003-09-24,UEFA,UEFA 2nd Division,2,2003–04,Dinamo Zagreb,MTK Hungária,3-1,H,Continental,Wikipedia,2003–04 UEFA Cup first round
2003-09-24,UEFA,UEFA 2nd Division,2,2003–04,Dundee,Perugia,1-2,A,Continental,Wikipedia,2003–04 UEFA Cup first round
2003-09-24,UEFA,UEFA 2nd Division,2,2003–04,Ferencváros,Copenhagen,1-1,D,Continental,Wikipedia,2003–04 UEFA Cup first round
2003-09-24,UEFA,UEFA 2nd Division,2,2003–04,Gaziantepspor,Hapoel Tel Aviv,1-0,H,Continental,Wikipedia,2003–04 UEFA Cup first round
2003-09-24,UEFA,UEFA 2nd Division,2,2003–04,Gençlerbirliği,Blackburn Rovers,3-1,H,Continental,Wikipedia,2003–04 UEFA Cup first round
2003-09-24,UEFA,UEFA 2nd Division,2,2003–04,Grasshopper,Hajduk Split,1-1,D,Continental,Wikipedia,2003–04 UEFA Cup first round
2003-09-24,UEFA,UEFA 2nd Division,2,2003–04,Hapoel Ramat Gan,Levski Sofia,0-1,A,Continental,Wikipedia,2003–04 UEFA Cup first round
2003-09-24,UEFA,UEFA 2nd Division,2,2003–04,Heart of Midlothian,Željezničar,2-0,H,Continental,Wikipedia,2003–04 UEFA Cup first round
2003-09-24,UEFA,UEFA 2nd Division,2,2003–04,Hertha BSC,Groclin Grodzisk Wielkopolski,0-0,D,Continental,Wikipedia,2003–04 UEFA Cup first round
2003-09-24,UEFA,UEFA 2nd Division,2,2003–04,La Louvière,Benfica,1-1,D,Continental,Wikipedia,2003–04 UEFA Cup first round
2003-09-24,UEFA,UEFA 2nd Division,2,2003–04,MYPA,Sochaux,0-1,A,Continental,Wikipedia,2003–04 UEFA Cup first round
2003-09-24,UEFA,UEFA 2nd Division,2,2003–04,Maccabi Haifa,Publikum,2-1,H,Continental,Wikipedia,2003–04 UEFA Cup first round
2003-09-24,UEFA,UEFA 2nd Division,2,2003–04,Malatyaspor,Basel,0-2,A,Continental,Wikipedia,2003–04 UEFA Cup first round
2003-09-24,UEFA,UEFA 2nd Division,2,2003–04,Manchester City,Lokeren,3-2,H,Continental,Wikipedia,2003–04 UEFA Cup first round
2003-09-24,UEFA,UEFA 2nd Division,2,2003–04,Matador Púchov,Barcelona,1-1,D,Continental,Wikipedia,2003–04 UEFA Cup first round
2003-09-24,UEFA,UEFA 2nd Division,2,2003–04,Metalurh Donetsk,Parma,1-1,D,Continental,Wikipedia,2003–04 UEFA Cup first round
2003-09-24,UEFA,UEFA 2nd Division,2,2003–04,Newcastle United,NAC Breda,5-0,H,Continental,Wikipedia,2003–04 UEFA Cup first round
2003-09-24,UEFA,UEFA 2nd Division,2,2003–04,Odense,Red Star Belgrade,2-2,D,Continental,Wikipedia,2003–04 UEFA Cup first round
2003-09-24,UEFA,UEFA 2nd Division,2,2003–04,Olimpija Ljubljana,Liverpool,1-1,D,Continental,Wikipedia,2003–04 UEFA Cup first round
2003-09-24,UEFA,UEFA 2nd Division,2,2003–04,PAOK,Lyn,0-1,A,Continental,Wikipedia,2003–04 UEFA Cup first round
2003-09-24,UEFA,UEFA 2nd Division,2,2003–04,Panionios,Nordsjælland,2-1,H,Continental,Wikipedia,2003–04 UEFA Cup first round
2003-09-24,UEFA,UEFA 2nd Division,2,2003–04,Roma,Vardar,4-0,H,Continental,Wikipedia,2003–04 UEFA Cup first round
2003-09-24,UEFA,UEFA 2nd Division,2,2003–04,Sartid,Slavia Prague,1-2,A,Continental,Wikipedia,2003–04 UEFA Cup first round
2003-09-24,UEFA,UEFA 2nd Division,2,2003–04,Southampton,Steaua București,1-1,D,Continental,Wikipedia,2003–04 UEFA Cup first round
2003-09-24,UEFA,UEFA 2nd Division,2,2003–04,Spartak Moscow,Esbjerg,2-0,H,Continental,Wikipedia,2003–04 UEFA Cup first round
2003-09-24,UEFA,UEFA 2nd Division,2,2003–04,Sporting CP,Malmö FF,2-0,H,Continental,Wikipedia,2003–04 UEFA Cup first round
2003-09-24,UEFA,UEFA 2nd Division,2,2003–04,União de Leiria,Molde,1-0,H,Continental,Wikipedia,2003–04 UEFA Cup first round
2003-09-24,UEFA,UEFA 2nd Division,2,2003–04,Utrecht,Žilina,2-0,H,Continental,Wikipedia,2003–04 UEFA Cup first round
2003-09-24,UEFA,UEFA 2nd Division,2,2003–04,Varteks,Debrecen,1-3,A,Continental,Wikipedia,2003–04 UEFA Cup first round
2003-09-24,UEFA,UEFA 2nd Division,2,2003–04,Ventspils,Rosenborg,1-4,A,Continental,Wikipedia,2003–04 UEFA Cup first round
2003-09-24,UEFA,UEFA 2nd Division,2,2003–04,Villarreal,Trabzonspor,0-0,D,Continental,Wikipedia,2003–04 UEFA Cup first round
2003-09-24,UEFA,UEFA 2nd Division,2,2003–04,Vålerenga,GAK,0-0,D,Continental,Wikipedia,2003–04 UEFA Cup first round
2003-09-24,UEFA,UEFA 2nd Division,2,2003–04,Wüstenrot Salzburg,Udinese,0-1,A,Continental,Wikipedia,2003–04 UEFA Cup first round
2003-09-24,UEFA,UEFA 2nd Division,2,2003–04,Zimbru Chișinău,Aris,1-1,D,Continental,Wikipedia,2003–04 UEFA Cup first round
2003-09-25,UEFA,UEFA 2nd Division,2,2003–04,Bordeaux,Artmedia Petržalka,2-1,H,Continental,Wikipedia,2003–04 UEFA Cup first round
2003-09-25,UEFA,UEFA 2nd Division,2,2003–04,Feyenoord,Kärnten,2-1,H,Continental,Wikipedia,2003–04 UEFA Cup first round
2003-09-25,UEFA,UEFA 2nd Division,2,2003–04,Hamburger SV,Dnipro Dnipropetrovsk,2-1,H,Continental,Wikipedia,2003–04 UEFA Cup first round
2003-09-25,UEFA,UEFA 2nd Division,2,2003–04,Kamen Ingrad,Schalke 04,0-0,D,Continental,Wikipedia,2003–04 UEFA Cup first round
2003-09-25,UEFA,UEFA 2nd Division,2,2003–04,Wisła Kraków,NEC,2-1,H,Continental,Wikipedia,2003–04 UEFA Cup first round
2003-10-15,UEFA,UEFA 2nd Division,2,2003–04,Aris,Zimbru Chișinău,2-1,H,Continental,Wikipedia,2003–04 UEFA Cup first round
2003-10-15,UEFA,UEFA 2nd Division,2,2003–04,Artmedia Petržalka,Bordeaux,1-1,D,Continental,Wikipedia,2003–04 UEFA Cup first round
2003-10-15,UEFA,UEFA 2nd Division,2,2003–04,Barcelona,Matador Púchov,8-0,H,Continental,Wikipedia,2003–04 UEFA Cup first round
2003-10-15,UEFA,UEFA 2nd Division,2,2003–04,Basel,Malatyaspor,1-2,A,Continental,Wikipedia,2003–04 UEFA Cup first round
2003-10-15,UEFA,UEFA 2nd Division,2,2003–04,Benfica,La Louvière,1-0,H,Continental,Wikipedia,2003–04 UEFA Cup first round
2003-10-15,UEFA,UEFA 2nd Division,2,2003–04,Blackburn Rovers,Gençlerbirliği,1-1,D,Continental,Wikipedia,2003–04 UEFA Cup first round
2003-10-15,UEFA,UEFA 2nd Division,2,2003–04,Borussia Dortmund,Austria Wien,1-0,H,Continental,Wikipedia,2003–04 UEFA Cup first round
2003-10-15,UEFA,UEFA 2nd Division,2,2003–04,Copenhagen,Ferencváros,1-1,D,Continental,Wikipedia,2003–04 UEFA Cup first round
2003-10-15,UEFA,UEFA 2nd Division,2,2003–04,Debrecen,Varteks,3-2,H,Continental,Wikipedia,2003–04 UEFA Cup first round
2003-10-15,UEFA,UEFA 2nd Division,2,2003–04,Dnipro Dnipropetrovsk,Hamburger SV,3-0,H,Continental,Wikipedia,2003–04 UEFA Cup first round
2003-10-15,UEFA,UEFA 2nd Division,2,2003–04,Esbjerg,Spartak Moscow,1-1,D,Continental,Wikipedia,2003–04 UEFA Cup first round
2003-10-15,UEFA,UEFA 2nd Division,2,2003–04,GAK,Vålerenga,1-1,D,Continental,Wikipedia,2003–04 UEFA Cup first round
2003-10-15,UEFA,UEFA 2nd Division,2,2003–04,Groclin Grodzisk Wielkopolski,Hertha BSC,1-0,H,Continental,Wikipedia,2003–04 UEFA Cup first round
2003-10-15,UEFA,UEFA 2nd Division,2,2003–04,Hajduk Split,Grasshopper,0-0,D,Continental,Wikipedia,2003–04 UEFA Cup first round
2003-10-15,UEFA,UEFA 2nd Division,2,2003–04,Hapoel Tel Aviv,Gaziantepspor,0-0,D,Continental,Wikipedia,2003–04 UEFA Cup first round
2003-10-15,UEFA,UEFA 2nd Division,2,2003–04,Lens,Cementarnica 55,5-0,H,Continental,Wikipedia,2003–04 UEFA Cup first round
2003-10-15,UEFA,UEFA 2nd Division,2,2003–04,Levski Sofia,Hapoel Ramat Gan,4-0,H,Continental,Wikipedia,2003–04 UEFA Cup first round
2003-10-15,UEFA,UEFA 2nd Division,2,2003–04,Liverpool,Olimpija Ljubljana,3-0,H,Continental,Wikipedia,2003–04 UEFA Cup first round
2003-10-15,UEFA,UEFA 2nd Division,2,2003–04,Lokeren,Manchester City,0-1,A,Continental,Wikipedia,2003–04 UEFA Cup first round
2003-10-15,UEFA,UEFA 2nd Division,2,2003–04,Lyn,PAOK,0-3,A,Continental,Wikipedia,2003–04 UEFA Cup first round
2003-10-15,UEFA,UEFA 2nd Division,2,2003–04,MTK Hungária,Dinamo Zagreb,0-0,D,Continental,Wikipedia,2003–04 UEFA Cup first round
2003-10-15,UEFA,UEFA 2nd Division,2,2003–04,Mallorca,APOEL,4-2,H,Continental,Wikipedia,2003–04 UEFA Cup first round
2003-10-15,UEFA,UEFA 2nd Division,2,2003–04,Malmö FF,Sporting CP,0-1,A,Continental,Wikipedia,2003–04 UEFA Cup first round
2003-10-15,UEFA,UEFA 2nd Division,2,2003–04,Molde,União de Leiria,3-1,H,Continental,Wikipedia,2003–04 UEFA Cup first round
2003-10-15,UEFA,UEFA 2nd Division,2,2003–04,NAC Breda,Newcastle United,0-1,A,Continental,Wikipedia,2003–04 UEFA Cup first round
2003-10-15,UEFA,UEFA 2nd Division,2,2003–04,NEC,Wisła Kraków,1-2,A,Continental,Wikipedia,2003–04 UEFA Cup first round
2003-10-15,UEFA,UEFA 2nd Division,2,2003–04,Neuchâtel Xamax,Auxerre,0-1,A,Continental,Wikipedia,2003–04 UEFA Cup first round
2003-10-15,UEFA,UEFA 2nd Division,2,2003–04,Nordsjælland,Panionios,0-1,A,Continental,Wikipedia,2003–04 UEFA Cup first round
2003-10-15,UEFA,UEFA 2nd Division,2,2003–04,Parma,Metalurh Donetsk,3-0,H,Continental,Wikipedia,2003–04 UEFA Cup first round
2003-10-15,UEFA,UEFA 2nd Division,2,2003–04,Perugia,Dundee,1-0,H,Continental,Wikipedia,2003–04 UEFA Cup first round
2003-10-15,UEFA,UEFA 2nd Division,2,2003–04,Publikum,Maccabi Haifa,2-2,D,Continental,Wikipedia,2003–04 UEFA Cup first round
2003-10-15,UEFA,UEFA 2nd Division,2,2003–04,Red Star Belgrade,Odense,4-3,H,Continental,Wikipedia,2003–04 UEFA Cup first round
2003-10-15,UEFA,UEFA 2nd Division,2,2003–04,Rosenborg,Ventspils,6-0,H,Continental,Wikipedia,2003–04 UEFA Cup first round
2003-10-15,UEFA,UEFA 2nd Division,2,2003–04,Shakhtar Donetsk,Dinamo București,2-3,A,Continental,Wikipedia,2003–04 UEFA Cup first round
2003-10-15,UEFA,UEFA 2nd Division,2,2003–04,Slavia Prague,Sartid,2-1,H,Continental,Wikipedia,2003–04 UEFA Cup first round
2003-10-15,UEFA,UEFA 2nd Division,2,2003–04,Sochaux,MYPA,2-0,H,Continental,Wikipedia,2003–04 UEFA Cup first round
2003-10-15,UEFA,UEFA 2nd Division,2,2003–04,Steaua București,Southampton,1-0,H,Continental,Wikipedia,2003–04 UEFA Cup first round
2003-10-15,UEFA,UEFA 2nd Division,2,2003–04,Torpedo Moscow,CSKA Sofia,1-1,D,Continental,Wikipedia,2003–04 UEFA Cup first round
2003-10-15,UEFA,UEFA 2nd Division,2,2003–04,Trabzonspor,Villarreal,2-3,A,Continental,Wikipedia,2003–04 UEFA Cup first round
2003-10-15,UEFA,UEFA 2nd Division,2,2003–04,Udinese,Wüstenrot Salzburg,1-2,A,Continental,Wikipedia,2003–04 UEFA Cup first round
2003-10-15,UEFA,UEFA 2nd Division,2,2003–04,Valencia,AIK,1-0,H,Continental,Wikipedia,2003–04 UEFA Cup first round
2003-10-15,UEFA,UEFA 2nd Division,2,2003–04,Vardar,Roma,1-1,D,Continental,Wikipedia,2003–04 UEFA Cup first round
2003-10-15,UEFA,UEFA 2nd Division,2,2003–04,Željezničar,Heart of Midlothian,0-0,D,Continental,Wikipedia,2003–04 UEFA Cup first round
2003-10-15,UEFA,UEFA 2nd Division,2,2003–04,Žilina,Utrecht,0-4,A,Continental,Wikipedia,2003–04 UEFA Cup first round
2003-10-16,UEFA,UEFA 2nd Division,2,2003–04,Kärnten,Feyenoord,0-1,A,Continental,Wikipedia,2003–04 UEFA Cup first round
2003-10-16,UEFA,UEFA 2nd Division,2,2003–04,Schalke 04,Kamen Ingrad,1-0,H,Continental,Wikipedia,2003–04 UEFA Cup first round
2003-10-16,UEFA,UEFA 2nd Division,2,2003–04,Teplice,1. FC Kaiserslautern,1-0,H,Continental,Wikipedia,2003–04 UEFA Cup first round
2003-10-16,UEFA,UEFA 2nd Division,2,2003–04,Viktoria Žižkov,Brøndby,0-1,A,Continental,Wikipedia,2003–04 UEFA Cup first round
2003-10-29,UEFA,UEFA 2nd Division,2,2003–04,Rosenborg,Red Star Belgrade,0-0,D,Continental,Wikipedia,2003–04 UEFA Cup second round
2003-11-06,UEFA,UEFA 2nd Division,2,2003–04,Basel,Newcastle United,2-3,A,Continental,Wikipedia,2003–04 UEFA Cup second round
2003-11-06,UEFA,UEFA 2nd Division,2,2003–04,Benfica,Molde,3-1,H,Continental,Wikipedia,2003–04 UEFA Cup second round
2003-11-06,UEFA,UEFA 2nd Division,2,2003–04,Bordeaux,Heart of Midlothian,0-1,A,Continental,Wikipedia,2003–04 UEFA Cup second round
2003-11-06,UEFA,UEFA 2nd Division,2,2003–04,Borussia Dortmund,Sochaux,2-2,D,Continental,Wikipedia,2003–04 UEFA Cup second round
2003-11-06,UEFA,UEFA 2nd Division,2,2003–04,Copenhagen,Mallorca,1-2,A,Continental,Wikipedia,2003–04 UEFA Cup second round
2003-11-06,UEFA,UEFA 2nd Division,2,2003–04,Dinamo Zagreb,Dnipro Dnipropetrovsk,0-2,A,Continental,Wikipedia,2003–04 UEFA Cup second round
2003-11-06,UEFA,UEFA 2nd Division,2,2003–04,Feyenoord,Teplice,0-2,A,Continental,Wikipedia,2003–04 UEFA Cup second round
2003-11-06,UEFA,UEFA 2nd Division,2,2003–04,Gaziantepspor,Lens,3-0,H,Continental,Wikipedia,2003–04 UEFA Cup second round
2003-11-06,UEFA,UEFA 2nd Division,2,2003–04,Gençlerbirliği,Sporting CP,1-1,D,Continental,Wikipedia,2003–04 UEFA Cup second round
2003-11-06,UEFA,UEFA 2nd Division,2,2003–04,Manchester City,Groclin Grodzisk Wielkopolski,1-1,D,Continental,Wikipedia,2003–04 UEFA Cup second round
2003-11-06,UEFA,UEFA 2nd Division,2,2003–04,PAOK,Debrecen,1-1,D,Continental,Wikipedia,2003–04 UEFA Cup second round
2003-11-06,UEFA,UEFA 2nd Division,2,2003–04,Panionios,Barcelona,0-3,A,Continental,Wikipedia,2003–04 UEFA Cup second round
2003-11-06,UEFA,UEFA 2nd Division,2,2003–04,Perugia,Aris,2-0,H,Continental,Wikipedia,2003–04 UEFA Cup second round
2003-11-06,UEFA,UEFA 2nd Division,2,2003–04,Roma,Hajduk Split,1-0,H,Continental,Wikipedia,2003–04 UEFA Cup second round
2003-11-06,UEFA,UEFA 2nd Division,2,2003–04,Schalke 04,Brøndby,2-1,H,Continental,Wikipedia,2003–04 UEFA Cup second round
2003-11-06,UEFA,UEFA 2nd Division,2,2003–04,Slavia Prague,Levski Sofia,2-2,D,Continental,Wikipedia,2003–04 UEFA Cup second round
2003-11-06,UEFA,UEFA 2nd Division,2,2003–04,Spartak Moscow,Dinamo București,4-0,H,Continental,Wikipedia,2003–04 UEFA Cup second round
2003-11-06,UEFA,UEFA 2nd Division,2,2003–04,Steaua București,Liverpool,1-1,D,Continental,Wikipedia,2003–04 UEFA Cup second round
2003-11-06,UEFA,UEFA 2nd Division,2,2003–04,Utrecht,Auxerre,0-0,D,Continental,Wikipedia,2003–04 UEFA Cup second round
2003-11-06,UEFA,UEFA 2nd Division,2,2003–04,Valencia,Maccabi Haifa,0-0,D,Continental,Wikipedia,2003–04 UEFA Cup second round
2003-11-06,UEFA,UEFA 2nd Division,2,2003–04,Villarreal,Torpedo Moscow,2-0,H,Continental,Wikipedia,2003–04 UEFA Cup second round
2003-11-06,UEFA,UEFA 2nd Division,2,2003–04,Vålerenga,Wisła Kraków,0-0,D,Continental,Wikipedia,2003–04 UEFA Cup second round
2003-11-06,UEFA,UEFA 2nd Division,2,2003–04,Wüstenrot Salzburg,Parma,0-4,A,Continental,Wikipedia,2003–04 UEFA Cup second round
2003-11-27,UEFA,UEFA 2nd Division,2,2003–04,Aris,Perugia,1-1,D,Continental,Wikipedia,2003–04 UEFA Cup second round
2003-11-27,UEFA,UEFA 2nd Division,2,2003–04,Auxerre,Utrecht,4-0,H,Continental,Wikipedia,2003–04 UEFA Cup second round
2003-11-27,UEFA,UEFA 2nd Division,2,2003–04,Barcelona,Panionios,2-0,H,Continental,Wikipedia,2003–04 UEFA Cup second round
2003-11-27,UEFA,UEFA 2nd Division,2,2003–04,Brøndby,Schalke 04,2-1,H,Continental,Wikipedia,2003–04 UEFA Cup second round
2003-11-27,UEFA,UEFA 2nd Division,2,2003–04,Debrecen,PAOK,0-0,D,Continental,Wikipedia,2003–04 UEFA Cup second round
2003-11-27,UEFA,UEFA 2nd Division,2,2003–04,Dinamo București,Spartak Moscow,3-1,H,Continental,Wikipedia,2003–04 UEFA Cup second round
2003-11-27,UEFA,UEFA 2nd Division,2,2003–04,Dnipro Dnipropetrovsk,Dinamo Zagreb,1-1,D,Continental,Wikipedia,2003–04 UEFA Cup second round
2003-11-27,UEFA,UEFA 2nd Division,2,2003–04,Groclin Grodzisk Wielkopolski,Manchester City,0-0,D,Continental,Wikipedia,2003–04 UEFA Cup second round
2003-11-27,UEFA,UEFA 2nd Division,2,2003–04,Hajduk Split,Roma,1-1,D,Continental,Wikipedia,2003–04 UEFA Cup second round
2003-11-27,UEFA,UEFA 2nd Division,2,2003–04,Heart of Midlothian,Bordeaux,0-2,A,Continental,Wikipedia,2003–04 UEFA Cup second round
2003-11-27,UEFA,UEFA 2nd Division,2,2003–04,Lens,Gaziantepspor,1-3,A,Continental,Wikipedia,2003–04 UEFA Cup second round
2003-11-27,UEFA,UEFA 2nd Division,2,2003–04,Levski Sofia,Slavia Prague,0-0,D,Continental,Wikipedia,2003–04 UEFA Cup second round
2003-11-27,UEFA,UEFA 2nd Division,2,2003–04,Liverpool,Steaua București,1-0,H,Continental,Wikipedia,2003–04 UEFA Cup second round
2003-11-27,UEFA,UEFA 2nd Division,2,2003–04,Mallorca,Copenhagen,1-1,D,Continental,Wikipedia,2003–04 UEFA Cup second round
2003-11-27,UEFA,UEFA 2nd Division,2,2003–04,Molde,Benfica,0-2,A,Continental,Wikipedia,2003–04 UEFA Cup second round
2003-11-27,UEFA,UEFA 2nd Division,2,2003–04,Newcastle United,Basel,1-0,H,Continental,Wikipedia,2003–04 UEFA Cup second round
2003-11-27,UEFA,UEFA 2nd Division,2,2003–04,Parma,Wüstenrot Salzburg,5-0,H,Continental,Wikipedia,2003–04 UEFA Cup second round
2003-11-27,UEFA,UEFA 2nd Division,2,2003–04,Red Star Belgrade,Rosenborg,0-1,A,Continental,Wikipedia,2003–04 UEFA Cup second round
2003-11-27,UEFA,UEFA 2nd Division,2,2003–04,Sochaux,Borussia Dortmund,4-0,H,Continental,Wikipedia,2003–04 UEFA Cup second round
2003-11-27,UEFA,UEFA 2nd Division,2,2003–04,Sporting CP,Gençlerbirliği,0-3,A,Continental,Wikipedia,2003–04 UEFA Cup second round
2003-11-27,UEFA,UEFA 2nd Division,2,2003–04,Teplice,Feyenoord,1-1,D,Continental,Wikipedia,2003–04 UEFA Cup second round
2003-11-27,UEFA,UEFA 2nd Division,2,2003–04,Torpedo Moscow,Villarreal,1-0,H,Continental,Wikipedia,2003–04 UEFA Cup second round
2003-11-27,UEFA,UEFA 2nd Division,2,2003–04,Wisła Kraków,Vålerenga,0-0,D,Continental,Wikipedia,2003–04 UEFA Cup second round
2003-12-11,UEFA,UEFA 2nd Division,2,2003–04,Maccabi Haifa,Valencia,0-4,A,Continental,Wikipedia,2003–04 UEFA Cup second round
2004-02-26,UEFA,UEFA 2nd Division,2,2003–04,Auxerre,Panathinaikos,0-0,D,Continental,Wikipedia,2003–04 UEFA Cup final phase
2004-02-26,UEFA,UEFA 2nd Division,2,2003–04,Benfica,Rosenborg,1-0,H,Continental,Wikipedia,2003–04 UEFA Cup final phase
2004-02-26,UEFA,UEFA 2nd Division,2,2003–04,Brøndby,Barcelona,0-1,A,Continental,Wikipedia,2003–04 UEFA Cup final phase
2004-02-26,UEFA,UEFA 2nd Division,2,2003–04,Celtic,Teplice,3-0,H,Continental,Wikipedia,2003–04 UEFA Cup final phase
2004-02-26,UEFA,UEFA 2nd Division,2,2003–04,Club Brugge,Debrecen,1-0,H,Continental,Wikipedia,2003–04 UEFA Cup final phase
2004-02-26,UEFA,UEFA 2nd Division,2,2003–04,Galatasaray,Villarreal,2-2,D,Continental,Wikipedia,2003–04 UEFA Cup final phase
2004-02-26,UEFA,UEFA 2nd Division,2,2003–04,Gaziantepspor,Roma,1-0,H,Continental,Wikipedia,2003–04 UEFA Cup final phase
2004-02-26,UEFA,UEFA 2nd Division,2,2003–04,Groclin Grodzisk Wielkopolski,Bordeaux,0-1,A,Continental,Wikipedia,2003–04 UEFA Cup final phase
2004-02-26,UEFA,UEFA 2nd Division,2,2003–04,Liverpool,Levski Sofia,2-0,H,Continental,Wikipedia,2003–04 UEFA Cup final phase
2004-02-26,UEFA,UEFA 2nd Division,2,2003–04,Marseille,Dnipro Dnipropetrovsk,1-0,H,Continental,Wikipedia,2003–04 UEFA Cup final phase
2004-02-26,UEFA,UEFA 2nd Division,2,2003–04,Parma,Gençlerbirliği,0-1,A,Continental,Wikipedia,2003–04 UEFA Cup final phase
2004-02-26,UEFA,UEFA 2nd Division,2,2003–04,Perugia,PSV Eindhoven,0-0,D,Continental,Wikipedia,2003–04 UEFA Cup final phase
2004-02-26,UEFA,UEFA 2nd Division,2,2003–04,Sochaux,Internazionale,2-2,D,Continental,Wikipedia,2003–04 UEFA Cup final phase
2004-02-26,UEFA,UEFA 2nd Division,2,2003–04,Spartak Moscow,Mallorca,0-3,A,Continental,Wikipedia,2003–04 UEFA Cup final phase
2004-02-26,UEFA,UEFA 2nd Division,2,2003–04,Valencia,Beşiktaş,3-2,H,Continental,Wikipedia,2003–04 UEFA Cup final phase
2004-02-26,UEFA,UEFA 2nd Division,2,2003–04,Vålerenga,Newcastle United,1-1,D,Continental,Wikipedia,2003–04 UEFA Cup final phase
2004-03-03,UEFA,UEFA 2nd Division,2,2003–04,Barcelona,Brøndby,2-1,H,Continental,Wikipedia,2003–04 UEFA Cup final phase
2004-03-03,UEFA,UEFA 2nd Division,2,2003–04,Beşiktaş,Valencia,0-2,A,Continental,Wikipedia,2003–04 UEFA Cup final phase
2004-03-03,UEFA,UEFA 2nd Division,2,2003–04,Bordeaux,Groclin Grodzisk Wielkopolski,4-1,H,Continental,Wikipedia,2003–04 UEFA Cup final phase
2004-03-03,UEFA,UEFA 2nd Division,2,2003–04,Debrecen,Club Brugge,0-0,D,Continental,Wikipedia,2003–04 UEFA Cup final phase
2004-03-03,UEFA,UEFA 2nd Division,2,2003–04,Dnipro Dnipropetrovsk,Marseille,0-0,D,Continental,Wikipedia,2003–04 UEFA Cup final phase
2004-03-03,UEFA,UEFA 2nd Division,2,2003–04,Gençlerbirliği,Parma,3-0,H,Continental,Wikipedia,2003–04 UEFA Cup final phase
2004-03-03,UEFA,UEFA 2nd Division,2,2003–04,Internazionale,Sochaux,0-0,D,Continental,Wikipedia,2003–04 UEFA Cup final phase
2004-03-03,UEFA,UEFA 2nd Division,2,2003–04,Levski Sofia,Liverpool,2-4,A,Continental,Wikipedia,2003–04 UEFA Cup final phase
2004-03-03,UEFA,UEFA 2nd Division,2,2003–04,Mallorca,Spartak Moscow,0-1,A,Continental,Wikipedia,2003–04 UEFA Cup final phase
2004-03-03,UEFA,UEFA 2nd Division,2,2003–04,Newcastle United,Vålerenga,3-1,H,Continental,Wikipedia,2003–04 UEFA Cup final phase
2004-03-03,UEFA,UEFA 2nd Division,2,2003–04,PSV Eindhoven,Perugia,3-1,H,Continental,Wikipedia,2003–04 UEFA Cup final phase
2004-03-03,UEFA,UEFA 2nd Division,2,2003–04,Panathinaikos,Auxerre,0-1,A,Continental,Wikipedia,2003–04 UEFA Cup final phase
2004-03-03,UEFA,UEFA 2nd Division,2,2003–04,Roma,Gaziantepspor,2-0,H,Continental,Wikipedia,2003–04 UEFA Cup final phase
2004-03-03,UEFA,UEFA 2nd Division,2,2003–04,Rosenborg,Benfica,2-1,H,Continental,Wikipedia,2003–04 UEFA Cup final phase
2004-03-03,UEFA,UEFA 2nd Division,2,2003–04,Teplice,Celtic,1-0,H,Continental,Wikipedia,2003–04 UEFA Cup final phase
2004-03-03,UEFA,UEFA 2nd Division,2,2003–04,Villarreal,Galatasaray,3-0,H,Continental,Wikipedia,2003–04 UEFA Cup final phase
2004-03-11,UEFA,UEFA 2nd Division,2,2003–04,Auxerre,PSV Eindhoven,1-1,D,Continental,Wikipedia,2003–04 UEFA Cup final phase
2004-03-11,UEFA,UEFA 2nd Division,2,2003–04,Benfica,Internazionale,0-0,D,Continental,Wikipedia,2003–04 UEFA Cup final phase
2004-03-11,UEFA,UEFA 2nd Division,2,2003–04,Bordeaux,Club Brugge,3-1,H,Continental,Wikipedia,2003–04 UEFA Cup final phase
2004-03-11,UEFA,UEFA 2nd Division,2,2003–04,Celtic,Barcelona,1-0,H,Continental,Wikipedia,2003–04 UEFA Cup final phase
2004-03-11,UEFA,UEFA 2nd Division,2,2003–04,Gençlerbirliği,Valencia,1-0,H,Continental,Wikipedia,2003–04 UEFA Cup final phase
2004-03-11,UEFA,UEFA 2nd Division,2,2003–04,Liverpool,Marseille,1-1,D,Continental,Wikipedia,2003–04 UEFA Cup final phase
2004-03-11,UEFA,UEFA 2nd Division,2,2003–04,Newcastle United,Mallorca,4-1,H,Continental,Wikipedia,2003–04 UEFA Cup final phase
2004-03-11,UEFA,UEFA 2nd Division,2,2003–04,Villarreal,Roma,2-0,H,Continental,Wikipedia,2003–04 UEFA Cup final phase
2004-03-25,UEFA,UEFA 2nd Division,2,2003–04,Barcelona,Celtic,0-0,D,Continental,Wikipedia,2003–04 UEFA Cup final phase
2004-03-25,UEFA,UEFA 2nd Division,2,2003–04,Club Brugge,Bordeaux,0-1,A,Continental,Wikipedia,2003–04 UEFA Cup final phase
2004-03-25,UEFA,UEFA 2nd Division,2,2003–04,Internazionale,Benfica,4-3,H,Continental,Wikipedia,2003–04 UEFA Cup final phase
2004-03-25,UEFA,UEFA 2nd Division,2,2003–04,Mallorca,Newcastle United,0-3,A,Continental,Wikipedia,2003–04 UEFA Cup final phase
2004-03-25,UEFA,UEFA 2nd Division,2,2003–04,Marseille,Liverpool,2-1,H,Continental,Wikipedia,2003–04 UEFA Cup final phase
2004-03-25,UEFA,UEFA 2nd Division,2,2003–04,PSV Eindhoven,Auxerre,3-0,H,Continental,Wikipedia,2003–04 UEFA Cup final phase
2004-03-25,UEFA,UEFA 2nd Division,2,2003–04,Roma,Villarreal,2-1,H,Continental,Wikipedia,2003–04 UEFA Cup final phase
2004-03-25,UEFA,UEFA 2nd Division,2,2003–04,Valencia,Gençlerbirliği,2-0,H,Continental,Wikipedia,2003–04 UEFA Cup final phase
2004-04-08,UEFA,UEFA 2nd Division,2,2003–04,Bordeaux,Valencia,1-2,A,Continental,Wikipedia,2003–04 UEFA Cup final phase
2004-04-08,UEFA,UEFA 2nd Division,2,2003–04,Celtic,Villarreal,1-1,D,Continental,Wikipedia,2003–04 UEFA Cup final phase
2004-04-08,UEFA,UEFA 2nd Division,2,2003–04,Marseille,Internazionale,1-0,H,Continental,Wikipedia,2003–04 UEFA Cup final phase
2004-04-08,UEFA,UEFA 2nd Division,2,2003–04,PSV Eindhoven,Newcastle United,1-1,D,Continental,Wikipedia,2003–04 UEFA Cup final phase
2004-04-14,UEFA,UEFA 2nd Division,2,2003–04,Internazionale,Marseille,0-1,A,Continental,Wikipedia,2003–04 UEFA Cup final phase
2004-04-14,UEFA,UEFA 2nd Division,2,2003–04,Newcastle United,PSV Eindhoven,2-1,H,Continental,Wikipedia,2003–04 UEFA Cup final phase
2004-04-14,UEFA,UEFA 2nd Division,2,2003–04,Valencia,Bordeaux,2-1,H,Continental,Wikipedia,2003–04 UEFA Cup final phase
2004-04-14,UEFA,UEFA 2nd Division,2,2003–04,Villarreal,Celtic,2-0,H,Continental,Wikipedia,2003–04 UEFA Cup final phase
2004-04-22,UEFA,UEFA 2nd Division,2,2003–04,Newcastle United,Marseille,0-0,D,Continental,Wikipedia,2003–04 UEFA Cup final phase
2004-04-22,UEFA,UEFA 2nd Division,2,2003–04,Villarreal,Valencia,0-0,D,Continental,Wikipedia,2003–04 UEFA Cup final phase
2004-05-06,UEFA,UEFA 2nd Division,2,2003–04,Marseille,Newcastle United,2-0,H,Continental,Wikipedia,2003–04 UEFA Cup final phase
2004-05-06,UEFA,UEFA 2nd Division,2,2003–04,Valencia,Villarreal,1-0,H,Continental,Wikipedia,2003–04 UEFA Cup final phase
2004-07-13,UEFA,UEFA 2nd Division,2,2004–05,Mika,Honvéd,0-1,A,Continental,Wikipedia,2004–05 UEFA Cup qualifying rounds
2004-07-15,UEFA,UEFA 2nd Division,2,2004–05,B36,Liepājas Metalurgs,1-3,A,Continental,Wikipedia,2004–05 UEFA Cup qualifying rounds
2004-07-15,UEFA,UEFA 2nd Division,2,2004–05,B68,Ventspils,0-3,A,Continental,Wikipedia,2004–05 UEFA Cup qualifying rounds
2004-07-15,UEFA,UEFA 2nd Division,2,2004–05,BATE Borisov,Dinamo Tbilisi,2-3,A,Continental,Wikipedia,2004–05 UEFA Cup qualifying rounds
2004-07-15,UEFA,UEFA 2nd Division,2,2004–05,Dukla Banská Bystrica,Qarabağ,3-0,H,Continental,Wikipedia,2004–05 UEFA Cup qualifying rounds
2004-07-15,UEFA,UEFA 2nd Division,2,2004–05,Ekranas,F91 Dudelange,1-0,H,Continental,Wikipedia,2004–05 UEFA Cup qualifying rounds
2004-07-15,UEFA,UEFA 2nd Division,2,2004–05,FC Santa Coloma,Modriča Maxima,0-1,A,Continental,Wikipedia,2004–05 UEFA Cup qualifying rounds
2004-07-15,UEFA,UEFA 2nd Division,2,2004–05,Glentoran,Allianssi,2-2,D,Continental,Wikipedia,2004–05 UEFA Cup qualifying rounds
2004-07-15,UEFA,UEFA 2nd Division,2,2004–05,Haka,Etzella Ettelbruck,2-1,H,Continental,Wikipedia,2004–05 UEFA Cup qualifying rounds
2004-07-15,UEFA,UEFA 2nd Division,2,2004–05,Haverfordwest County,FH,0-1,A,Continental,Wikipedia,2004–05 UEFA Cup qualifying rounds
2004-07-15,UEFA,UEFA 2nd Division,2,2004–05,Illichivets Mariupol,Banants,2-0,H,Continental,Wikipedia,2004–05 UEFA Cup qualifying rounds
2004-07-15,UEFA,UEFA 2nd Division,2,2004–05,Levadia Tallinn,Bohemians,0-0,D,Continental,Wikipedia,2004–05 UEFA Cup qualifying rounds
2004-07-15,UEFA,UEFA 2nd Division,2,2004–05,Marsaxlokk,Primorje,0-1,A,Continental,Wikipedia,2004–05 UEFA Cup qualifying rounds
2004-07-15,UEFA,UEFA 2nd Division,2,2004–05,Nistru Otaci,Shakhtyor Soligorsk,1-1,D,Continental,Wikipedia,2004–05 UEFA Cup qualifying rounds
2004-07-15,UEFA,UEFA 2nd Division,2,2004–05,Omonia,Sloga Jugomagnat,4-0,H,Continental,Wikipedia,2004–05 UEFA Cup qualifying rounds
2004-07-15,UEFA,UEFA 2nd Division,2,2004–05,Oțelul Galați,Dinamo Tirana,4-0,H,Continental,Wikipedia,2004–05 UEFA Cup qualifying rounds
2004-07-15,UEFA,UEFA 2nd Division,2,2004–05,Partizani,Birkirkara,4-2,H,Continental,Wikipedia,2004–05 UEFA Cup qualifying rounds
2004-07-15,UEFA,UEFA 2nd Division,2,2004–05,Pennarossa,Željezničar,1-5,A,Continental,Wikipedia,2004–05 UEFA Cup qualifying rounds
2004-07-15,UEFA,UEFA 2nd Division,2,2004–05,Portadown,Žalgiris,2-2,D,Continental,Wikipedia,2004–05 UEFA Cup qualifying rounds
2004-07-15,UEFA,UEFA 2nd Division,2,2004–05,Shirak,Tiraspol,1-2,A,Continental,Wikipedia,2004–05 UEFA Cup qualifying rounds
2004-07-15,UEFA,UEFA 2nd Division,2,2004–05,Sileks,Maribor,0-1,A,Continental,Wikipedia,2004–05 UEFA Cup qualifying rounds
2004-07-15,UEFA,UEFA 2nd Division,2,2004–05,Tbilisi,Shamkir,1-0,H,Continental,Wikipedia,2004–05 UEFA Cup qualifying rounds
2004-07-15,UEFA,UEFA 2nd Division,2,2004–05,Vaduz,Longford Town,1-0,H,Continental,Wikipedia,2004–05 UEFA Cup qualifying rounds
2004-07-15,UEFA,UEFA 2nd Division,2,2004–05,ÍA,TVMK,4-2,H,Continental,Wikipedia,2004–05 UEFA Cup qualifying rounds
2004-07-15,UEFA,UEFA 2nd Division,2,2004–05,Östers IF,Total Network Solutions,2-0,H,Continental,Wikipedia,2004–05 UEFA Cup qualifying rounds
2004-07-27,UEFA,UEFA 2nd Division,2,2004–05,Bohemians,Levadia Tallinn,1-3,A,Continental,Wikipedia,2004–05 UEFA Cup qualifying rounds
2004-07-29,UEFA,UEFA 2nd Division,2,2004–05,Allianssi,Glentoran,1-2,A,Continental,Wikipedia,2004–05 UEFA Cup qualifying rounds
2004-07-29,UEFA,UEFA 2nd Division,2,2004–05,Banants,Illichivets Mariupol,0-2,A,Continental,Wikipedia,2004–05 UEFA Cup qualifying rounds
2004-07-29,UEFA,UEFA 2nd Division,2,2004–05,Birkirkara,Partizani,2-1,H,Continental,Wikipedia,2004–05 UEFA Cup qualifying rounds
2004-07-29,UEFA,UEFA 2nd Division,2,2004–05,Dinamo Tbilisi,BATE Borisov,1-0,H,Continental,Wikipedia,2004–05 UEFA Cup qualifying rounds
2004-07-29,UEFA,UEFA 2nd Division,2,2004–05,Dinamo Tirana,Oțelul Galați,1-4,A,Continental,Wikipedia,2004–05 UEFA Cup qualifying rounds
2004-07-29,UEFA,UEFA 2nd Division,2,2004–05,Etzella Ettelbruck,Haka,1-3,A,Continental,Wikipedia,2004–05 UEFA Cup qualifying rounds
2004-07-29,UEFA,UEFA 2nd Division,2,2004–05,F91 Dudelange,Ekranas,1-2,A,Continental,Wikipedia,2004–05 UEFA Cup qualifying rounds
2004-07-29,UEFA,UEFA 2nd Division,2,2004–05,FH,Haverfordwest County,3-1,H,Continental,Wikipedia,2004–05 UEFA Cup qualifying rounds
2004-07-29,UEFA,UEFA 2nd Division,2,2004–05,Honvéd,Mika,1-1,D,Continental,Wikipedia,2004–05 UEFA Cup qualifying rounds
2004-07-29,UEFA,UEFA 2nd Division,2,2004–05,Liepājas Metalurgs,B36,8-1,H,Continental,Wikipedia,2004–05 UEFA Cup qualifying rounds
2004-07-29,UEFA,UEFA 2nd Division,2,2004–05,Longford Town,Vaduz,2-3,A,Continental,Wikipedia,2004–05 UEFA Cup qualifying rounds
2004-07-29,UEFA,UEFA 2nd Division,2,2004–05,Maribor,Sileks,1-1,D,Continental,Wikipedia,2004–05 UEFA Cup qualifying rounds
2004-07-29,UEFA,UEFA 2nd Division,2,2004–05,Modriča Maxima,FC Santa Coloma,3-0,H,Continental,Wikipedia,2004–05 UEFA Cup qualifying rounds
2004-07-29,UEFA,UEFA 2nd Division,2,2004–05,Primorje,Marsaxlokk,2-0,H,Continental,Wikipedia,2004–05 UEFA Cup qualifying rounds
2004-07-29,UEFA,UEFA 2nd Division,2,2004–05,Qarabağ,Dukla Banská Bystrica,0-1,A,Continental,Wikipedia,2004–05 UEFA Cup qualifying rounds
2004-07-29,UEFA,UEFA 2nd Division,2,2004–05,Shakhtyor Soligorsk,Nistru Otaci,1-2,A,Continental,Wikipedia,2004–05 UEFA Cup qualifying rounds
2004-07-29,UEFA,UEFA 2nd Division,2,2004–05,Shamkir,Tbilisi,1-4,A,Continental,Wikipedia,2004–05 UEFA Cup qualifying rounds
2004-07-29,UEFA,UEFA 2nd Division,2,2004–05,Sloga Jugomagnat,Omonia,1-4,A,Continental,Wikipedia,2004–05 UEFA Cup qualifying rounds
2004-07-29,UEFA,UEFA 2nd Division,2,2004–05,TVMK,ÍA,1-2,A,Continental,Wikipedia,2004–05 UEFA Cup qualifying rounds
2004-07-29,UEFA,UEFA 2nd Division,2,2004–05,Tiraspol,Shirak,2-0,H,Continental,Wikipedia,2004–05 UEFA Cup qualifying rounds
2004-07-29,UEFA,UEFA 2nd Division,2,2004–05,Total Network Solutions,Östers IF,1-2,A,Continental,Wikipedia,2004–05 UEFA Cup qualifying rounds
2004-07-29,UEFA,UEFA 2nd Division,2,2004–05,Ventspils,B68,8-0,H,Continental,Wikipedia,2004–05 UEFA Cup qualifying rounds
2004-07-29,UEFA,UEFA 2nd Division,2,2004–05,Žalgiris,Portadown,2-0,H,Continental,Wikipedia,2004–05 UEFA Cup qualifying rounds
2004-07-29,UEFA,UEFA 2nd Division,2,2004–05,Željezničar,Pennarossa,4-0,H,Continental,Wikipedia,2004–05 UEFA Cup qualifying rounds
2004-08-10,UEFA,UEFA 2nd Division,2,2004–05,Budućnost Banatski Dvor,Maribor,1-2,A,Continental,Wikipedia,2004–05 UEFA Cup qualifying rounds
2004-08-10,UEFA,UEFA 2nd Division,2,2004–05,Omonia,CSKA Sofia,1-1,D,Continental,Wikipedia,2004–05 UEFA Cup qualifying rounds
2004-08-10,UEFA,UEFA 2nd Division,2,2004–05,Superfund,Zenit Saint Petersburg,3-1,H,Continental,Wikipedia,2004–05 UEFA Cup qualifying rounds
2004-08-12,UEFA,UEFA 2nd Division,2,2004–05,AEK Larnaca,Maccabi Petah Tikva,3-0,H,Continental,Wikipedia,2004–05 UEFA Cup qualifying rounds
2004-08-12,UEFA,UEFA 2nd Division,2,2004–05,Amica Wronki,Honvéd,1-0,H,Continental,Wikipedia,2004–05 UEFA Cup qualifying rounds
2004-08-12,UEFA,UEFA 2nd Division,2,2004–05,Artmedia Bratislava,Dnipro Dnipropetrovsk,0-3,A,Continental,Wikipedia,2004–05 UEFA Cup qualifying rounds
2004-08-12,UEFA,UEFA 2nd Division,2,2004–05,Beveren,Vaduz,3-1,H,Continental,Wikipedia,2004–05 UEFA Cup qualifying rounds
2004-08-12,UEFA,UEFA 2nd Division,2,2004–05,Bnei Sakhnin,Partizani,3-0,H,Continental,Wikipedia,2004–05 UEFA Cup qualifying rounds
2004-08-12,UEFA,UEFA 2nd Division,2,2004–05,Bodø/Glimt,Levadia Tallinn,2-1,H,Continental,Wikipedia,2004–05 UEFA Cup qualifying rounds
2004-08-12,UEFA,UEFA 2nd Division,2,2004–05,Dinamo Zagreb,Primorje,4-0,H,Continental,Wikipedia,2004–05 UEFA Cup qualifying rounds
2004-08-12,UEFA,UEFA 2nd Division,2,2004–05,Dukla Banská Bystrica,Wil,3-1,H,Continental,Wikipedia,2004–05 UEFA Cup qualifying rounds
2004-08-12,UEFA,UEFA 2nd Division,2,2004–05,FH,Dunfermline Athletic,2-2,D,Continental,Wikipedia,2004–05 UEFA Cup qualifying rounds
2004-08-12,UEFA,UEFA 2nd Division,2,2004–05,Gençlerbirliği,Rijeka,1-0,H,Continental,Wikipedia,2004–05 UEFA Cup qualifying rounds
2004-08-12,UEFA,UEFA 2nd Division,2,2004–05,Glentoran,IF Elfsborg,0-1,A,Continental,Wikipedia,2004–05 UEFA Cup qualifying rounds
2004-08-12,UEFA,UEFA 2nd Division,2,2004–05,Hammarby IF,ÍA,2-0,H,Continental,Wikipedia,2004–05 UEFA Cup qualifying rounds
2004-08-12,UEFA,UEFA 2nd Division,2,2004–05,Illichivets Mariupol,Austria Wien,0-0,D,Continental,Wikipedia,2004–05 UEFA Cup qualifying rounds
2004-08-12,UEFA,UEFA 2nd Division,2,2004–05,Levski Sofia,Modriča Maxima,5-0,H,Continental,Wikipedia,2004–05 UEFA Cup qualifying rounds
2004-08-12,UEFA,UEFA 2nd Division,2,2004–05,Metalurh Donetsk,Tiraspol,3-0,H,Continental,Wikipedia,2004–05 UEFA Cup qualifying rounds
2004-08-12,UEFA,UEFA 2nd Division,2,2004–05,Nistru Otaci,Sigma Olomouc,1-2,A,Continental,Wikipedia,2004–05 UEFA Cup qualifying rounds
2004-08-12,UEFA,UEFA 2nd Division,2,2004–05,Odd Grenland,Ekranas,3-1,H,Continental,Wikipedia,2004–05 UEFA Cup qualifying rounds
2004-08-12,UEFA,UEFA 2nd Division,2,2004–05,Oțelul Galați,Partizan,0-0,D,Continental,Wikipedia,2004–05 UEFA Cup qualifying rounds
2004-08-12,UEFA,UEFA 2nd Division,2,2004–05,Rapid Wien,Rubin Kazan,0-2,A,Continental,Wikipedia,2004–05 UEFA Cup qualifying rounds
2004-08-12,UEFA,UEFA 2nd Division,2,2004–05,Slavia Prague,Dinamo Tbilisi,3-1,H,Continental,Wikipedia,2004–05 UEFA Cup qualifying rounds
2004-08-12,UEFA,UEFA 2nd Division,2,2004–05,Stabæk,Haka,3-1,H,Continental,Wikipedia,2004–05 UEFA Cup qualifying rounds
2004-08-12,UEFA,UEFA 2nd Division,2,2004–05,Tbilisi,Legia Warsaw,0-1,A,Continental,Wikipedia,2004–05 UEFA Cup qualifying rounds
2004-08-12,UEFA,UEFA 2nd Division,2,2004–05,Terek Grozny,Lech Poznań,1-0,H,Continental,Wikipedia,2004–05 UEFA Cup qualifying rounds
2004-08-12,UEFA,UEFA 2nd Division,2,2004–05,Ventspils,Brøndby,0-0,D,Continental,Wikipedia,2004–05 UEFA Cup qualifying rounds
2004-08-12,UEFA,UEFA 2nd Division,2,2004–05,Östers IF,Liepājas Metalurgs,2-2,D,Continental,Wikipedia,2004–05 UEFA Cup qualifying rounds
2004-08-12,UEFA,UEFA 2nd Division,2,2004–05,Újpest,Servette,3-1,H,Continental,Wikipedia,2004–05 UEFA Cup qualifying rounds
2004-08-12,UEFA,UEFA 2nd Division,2,2004–05,Žalgiris,AaB,1-3,A,Continental,Wikipedia,2004–05 UEFA Cup qualifying rounds
2004-08-12,UEFA,UEFA 2nd Division,2,2004–05,Železnik,Steaua București,2-4,A,Continental,Wikipedia,2004–05 UEFA Cup qualifying rounds
2004-08-12,UEFA,UEFA 2nd Division,2,2004–05,Željezničar,Litex Lovech,1-2,A,Continental,Wikipedia,2004–05 UEFA Cup qualifying rounds
2004-08-26,UEFA,UEFA 2nd Division,2,2004–05,AaB,Žalgiris,0-0,D,Continental,Wikipedia,2004–05 UEFA Cup qualifying rounds
2004-08-26,UEFA,UEFA 2nd Division,2,2004–05,Austria Wien,Illichivets Mariupol,3-0,H,Continental,Wikipedia,2004–05 UEFA Cup qualifying rounds
2004-08-26,UEFA,UEFA 2nd Division,2,2004–05,Brøndby,Ventspils,1-1,D,Continental,Wikipedia,2004–05 UEFA Cup qualifying rounds
2004-08-26,UEFA,UEFA 2nd Division,2,2004–05,CSKA Sofia,Omonia,3-1,H,Continental,Wikipedia,2004–05 UEFA Cup qualifying rounds
2004-08-26,UEFA,UEFA 2nd Division,2,2004–05,Dinamo Tbilisi,Slavia Prague,2-0,H,Continental,Wikipedia,2004–05 UEFA Cup qualifying rounds
2004-08-26,UEFA,UEFA 2nd Division,2,2004–05,Dnipro Dnipropetrovsk,Artmedia Bratislava,1-1,D,Continental,Wikipedia,2004–05 UEFA Cup qualifying rounds
2004-08-26,UEFA,UEFA 2nd Division,2,2004–05,Dunfermline Athletic,FH,1-2,A,Continental,Wikipedia,2004–05 UEFA Cup qualifying rounds
2004-08-26,UEFA,UEFA 2nd Division,2,2004–05,Ekranas,Odd Grenland,2-1,H,Continental,Wikipedia,2004–05 UEFA Cup qualifying rounds
2004-08-26,UEFA,UEFA 2nd Division,2,2004–05,Haka,Stabæk,1-3,A,Continental,Wikipedia,2004–05 UEFA Cup qualifying rounds
2004-08-26,UEFA,UEFA 2nd Division,2,2004–05,Honvéd,Amica Wronki,1-0,H,Continental,Wikipedia,2004–05 UEFA Cup qualifying rounds
2004-08-26,UEFA,UEFA 2nd Division,2,2004–05,IF Elfsborg,Glentoran,2-1,H,Continental,Wikipedia,2004–05 UEFA Cup qualifying rounds
2004-08-26,UEFA,UEFA 2nd Division,2,2004–05,Lech Poznań,Terek Grozny,0-1,A,Continental,Wikipedia,2004–05 UEFA Cup qualifying rounds
2004-08-26,UEFA,UEFA 2nd Division,2,2004–05,Legia Warsaw,Tbilisi,6-0,H,Continental,Wikipedia,2004–05 UEFA Cup qualifying rounds
2004-08-26,UEFA,UEFA 2nd Division,2,2004–05,Levadia Tallinn,Bodø/Glimt,2-1,H,Continental,Wikipedia,2004–05 UEFA Cup qualifying rounds
2004-08-26,UEFA,UEFA 2nd Division,2,2004–05,Liepājas Metalurgs,Östers IF,1-1,D,Continental,Wikipedia,2004–05 UEFA Cup qualifying rounds
2004-08-26,UEFA,UEFA 2nd Division,2,2004–05,Litex Lovech,Željezničar,7-0,H,Continental,Wikipedia,2004–05 UEFA Cup qualifying rounds
2004-08-26,UEFA,UEFA 2nd Division,2,2004–05,Maccabi Petah Tikva,AEK Larnaca,4-0,H,Continental,Wikipedia,2004–05 UEFA Cup qualifying rounds
2004-08-26,UEFA,UEFA 2nd Division,2,2004–05,Maribor,Budućnost Banatski Dvor,0-1,A,Continental,Wikipedia,2004–05 UEFA Cup qualifying rounds
2004-08-26,UEFA,UEFA 2nd Division,2,2004–05,Modriča Maxima,Levski Sofia,0-3,A,Continental,Wikipedia,2004–05 UEFA Cup qualifying rounds
2004-08-26,UEFA,UEFA 2nd Division,2,2004–05,Partizan,Oțelul Galați,1-0,H,Continental,Wikipedia,2004–05 UEFA Cup qualifying rounds
2004-08-26,UEFA,UEFA 2nd Division,2,2004–05,Partizani,Bnei Sakhnin,1-3,A,Continental,Wikipedia,2004–05 UEFA Cup qualifying rounds
2004-08-26,UEFA,UEFA 2nd Division,2,2004–05,Primorje,Dinamo Zagreb,2-0,H,Continental,Wikipedia,2004–05 UEFA Cup qualifying rounds
2004-08-26,UEFA,UEFA 2nd Division,2,2004–05,Rijeka,Gençlerbirliği,2-1,H,Continental,Wikipedia,2004–05 UEFA Cup qualifying rounds
2004-08-26,UEFA,UEFA 2nd Division,2,2004–05,Rubin Kazan,Rapid Wien,0-3,A,Continental,Wikipedia,2004–05 UEFA Cup qualifying rounds
2004-08-26,UEFA,UEFA 2nd Division,2,2004–05,Servette,Újpest,0-2,A,Continental,Wikipedia,2004–05 UEFA Cup qualifying rounds
2004-08-26,UEFA,UEFA 2nd Division,2,2004–05,Sigma Olomouc,Nistru Otaci,4-0,H,Continental,Wikipedia,2004–05 UEFA Cup qualifying rounds
2004-08-26,UEFA,UEFA 2nd Division,2,2004–05,Steaua București,Železnik,1-2,A,Continental,Wikipedia,2004–05 UEFA Cup qualifying rounds
2004-08-26,UEFA,UEFA 2nd Division,2,2004–05,Tiraspol,Metalurh Donetsk,1-2,A,Continental,Wikipedia,2004–05 UEFA Cup qualifying rounds
2004-08-26,UEFA,UEFA 2nd Division,2,2004–05,Vaduz,Beveren,1-2,A,Continental,Wikipedia,2004–05 UEFA Cup qualifying rounds
2004-08-26,UEFA,UEFA 2nd Division,2,2004–05,Wil,Dukla Banská Bystrica,1-1,D,Continental,Wikipedia,2004–05 UEFA Cup qualifying rounds
2004-08-26,UEFA,UEFA 2nd Division,2,2004–05,Zenit Saint Petersburg,Superfund,2-0,H,Continental,Wikipedia,2004–05 UEFA Cup qualifying rounds
2004-08-26,UEFA,UEFA 2nd Division,2,2004–05,ÍA,Hammarby IF,1-2,A,Continental,Wikipedia,2004–05 UEFA Cup qualifying rounds
2004-09-16,UEFA,UEFA 2nd Division,2,2004–05,AaB,Auxerre,1-1,D,Continental,Wikipedia,2004–05 UEFA Cup first round
2004-09-16,UEFA,UEFA 2nd Division,2,2004–05,Austria Wien,Legia Warsaw,1-0,H,Continental,Wikipedia,2004–05 UEFA Cup first round
2004-09-16,UEFA,UEFA 2nd Division,2,2004–05,Bodø/Glimt,Beşiktaş,1-1,D,Continental,Wikipedia,2004–05 UEFA Cup first round
2004-09-16,UEFA,UEFA 2nd Division,2,2004–05,Club Brugge,Châteauroux,4-0,H,Continental,Wikipedia,2004–05 UEFA Cup first round
2004-09-16,UEFA,UEFA 2nd Division,2,2004–05,Dinamo Zagreb,IF Elfsborg,2-0,H,Continental,Wikipedia,2004–05 UEFA Cup first round
2004-09-16,UEFA,UEFA 2nd Division,2,2004–05,Dukla Banská Bystrica,Benfica,0-3,A,Continental,Wikipedia,2004–05 UEFA Cup first round
2004-09-16,UEFA,UEFA 2nd Division,2,2004–05,Egaleo,Gençlerbirliği,1-0,H,Continental,Wikipedia,2004–05 UEFA Cup first round
2004-09-16,UEFA,UEFA 2nd Division,2,2004–05,FH,Alemannia Aachen,1-5,A,Continental,Wikipedia,2004–05 UEFA Cup first round
2004-09-16,UEFA,UEFA 2nd Division,2,2004–05,GAK,Litex Lovech,5-0,H,Continental,Wikipedia,2004–05 UEFA Cup first round
2004-09-16,UEFA,UEFA 2nd Division,2,2004–05,HIT Gorica,AEK Athens,1-1,D,Continental,Wikipedia,2004–05 UEFA Cup first round
2004-09-16,UEFA,UEFA 2nd Division,2,2004–05,Hammarby IF,Villarreal,1-2,A,Continental,Wikipedia,2004–05 UEFA Cup first round
2004-09-16,UEFA,UEFA 2nd Division,2,2004–05,Heart of Midlothian,Braga,3-1,H,Continental,Wikipedia,2004–05 UEFA Cup first round
2004-09-16,UEFA,UEFA 2nd Division,2,2004–05,Levski Sofia,Beveren,1-1,D,Continental,Wikipedia,2004–05 UEFA Cup first round
2004-09-16,UEFA,UEFA 2nd Division,2,2004–05,Maccabi Haifa,Dnipro Dnipropetrovsk,1-0,H,Continental,Wikipedia,2004–05 UEFA Cup first round
2004-09-16,UEFA,UEFA 2nd Division,2,2004–05,Marítimo,Rangers,1-0,H,Continental,Wikipedia,2004–05 UEFA Cup first round
2004-09-16,UEFA,UEFA 2nd Division,2,2004–05,Metalurh Donetsk,Lazio,0-3,A,Continental,Wikipedia,2004–05 UEFA Cup first round
2004-09-16,UEFA,UEFA 2nd Division,2,2004–05,Middlesbrough,Baník Ostrava,3-0,H,Continental,Wikipedia,2004–05 UEFA Cup first round
2004-09-16,UEFA,UEFA 2nd Division,2,2004–05,Millwall,Ferencváros,1-1,D,Continental,Wikipedia,2004–05 UEFA Cup first round
2004-09-16,UEFA,UEFA 2nd Division,2,2004–05,Newcastle United,Bnei Sakhnin,2-0,H,Continental,Wikipedia,2004–05 UEFA Cup first round
2004-09-16,UEFA,UEFA 2nd Division,2,2004–05,Odd Grenland,Feyenoord,0-1,A,Continental,Wikipedia,2004–05 UEFA Cup first round
2004-09-16,UEFA,UEFA 2nd Division,2,2004–05,PAOK,AZ,2-3,A,Continental,Wikipedia,2004–05 UEFA Cup first round
2004-09-16,UEFA,UEFA 2nd Division,2,2004–05,Panionios,Udinese,3-1,H,Continental,Wikipedia,2004–05 UEFA Cup first round
2004-09-16,UEFA,UEFA 2nd Division,2,2004–05,Parma,Maribor,3-2,H,Continental,Wikipedia,2004–05 UEFA Cup first round
2004-09-16,UEFA,UEFA 2nd Division,2,2004–05,Partizan,Dinamo București,3-1,H,Continental,Wikipedia,2004–05 UEFA Cup first round
2004-09-16,UEFA,UEFA 2nd Division,2,2004–05,Schalke 04,Liepājas Metalurgs,5-1,H,Continental,Wikipedia,2004–05 UEFA Cup first round
2004-09-16,UEFA,UEFA 2nd Division,2,2004–05,Sevilla,Nacional,2-0,H,Continental,Wikipedia,2004–05 UEFA Cup first round
2004-09-16,UEFA,UEFA 2nd Division,2,2004–05,Shelbourne,Lille,2-2,D,Continental,Wikipedia,2004–05 UEFA Cup first round
2004-09-16,UEFA,UEFA 2nd Division,2,2004–05,Sochaux,Stabæk,4-0,H,Continental,Wikipedia,2004–05 UEFA Cup first round
2004-09-16,UEFA,UEFA 2nd Division,2,2004–05,Sporting CP,Rapid Wien,2-0,H,Continental,Wikipedia,2004–05 UEFA Cup first round
2004-09-16,UEFA,UEFA 2nd Division,2,2004–05,Standard Liège,VfL Bochum,0-0,D,Continental,Wikipedia,2004–05 UEFA Cup first round
2004-09-16,UEFA,UEFA 2nd Division,2,2004–05,Steaua București,CSKA Sofia,2-1,H,Continental,Wikipedia,2004–05 UEFA Cup first round
2004-09-16,UEFA,UEFA 2nd Division,2,2004–05,Terek Grozny,Basel,1-1,D,Continental,Wikipedia,2004–05 UEFA Cup first round
2004-09-16,UEFA,UEFA 2nd Division,2,2004–05,Trabzonspor,Athletic Bilbao,3-2,H,Continental,Wikipedia,2004–05 UEFA Cup first round
2004-09-16,UEFA,UEFA 2nd Division,2,2004–05,Utrecht,Djurgårdens IF,4-0,H,Continental,Wikipedia,2004–05 UEFA Cup first round
2004-09-16,UEFA,UEFA 2nd Division,2,2004–05,Ventspils,Amica Wronki,1-1,D,Continental,Wikipedia,2004–05 UEFA Cup first round
2004-09-16,UEFA,UEFA 2nd Division,2,2004–05,Wisła Kraków,Dinamo Tbilisi,4-3,H,Continental,Wikipedia,2004–05 UEFA Cup first round
2004-09-16,UEFA,UEFA 2nd Division,2,2004–05,Zaragoza,Sigma Olomouc,1-0,H,Continental,Wikipedia,2004–05 UEFA Cup first round
2004-09-16,UEFA,UEFA 2nd Division,2,2004–05,Zenit Saint Petersburg,Red Star Belgrade,4-0,H,Continental,Wikipedia,2004–05 UEFA Cup first round
2004-09-16,UEFA,UEFA 2nd Division,2,2004–05,Újpest,VfB Stuttgart,1-3,A,Continental,Wikipedia,2004–05 UEFA Cup first round
2004-09-22,UEFA,UEFA 2nd Division,2,2004–05,Maccabi Petah Tikva,Heerenveen,,,Continental,Wikipedia,2004–05 UEFA Cup first round
2004-09-30,UEFA,UEFA 2nd Division,2,2004–05,AEK Athens,HIT Gorica,1-0,H,Continental,Wikipedia,2004–05 UEFA Cup first round
2004-09-30,UEFA,UEFA 2nd Division,2,2004–05,AZ,PAOK,2-1,H,Continental,Wikipedia,2004–05 UEFA Cup first round
2004-09-30,UEFA,UEFA 2nd Division,2,2004–05,Alemannia Aachen,FH,0-0,D,Continental,Wikipedia,2004–05 UEFA Cup first round
2004-09-30,UEFA,UEFA 2nd Division,2,2004–05,Amica Wronki,Ventspils,1-0,H,Continental,Wikipedia,2004–05 UEFA Cup first round
2004-09-30,UEFA,UEFA 2nd Division,2,2004–05,Athletic Bilbao,Trabzonspor,2-0,H,Continental,Wikipedia,2004–05 UEFA Cup first round
2004-09-30,UEFA,UEFA 2nd Division,2,2004–05,Auxerre,AaB,2-0,H,Continental,Wikipedia,2004–05 UEFA Cup first round
2004-09-30,UEFA,UEFA 2nd Division,2,2004–05,Baník Ostrava,Middlesbrough,1-1,D,Continental,Wikipedia,2004–05 UEFA Cup first round
2004-09-30,UEFA,UEFA 2nd Division,2,2004–05,Basel,Terek Grozny,2-0,H,Continental,Wikipedia,2004–05 UEFA Cup first round
2004-09-30,UEFA,UEFA 2nd Division,2,2004–05,Benfica,Dukla Banská Bystrica,2-0,H,Continental,Wikipedia,2004–05 UEFA Cup first round
2004-09-30,UEFA,UEFA 2nd Division,2,2004–05,Beveren,Levski Sofia,1-0,H,Continental,Wikipedia,2004–05 UEFA Cup first round
2004-09-30,UEFA,UEFA 2nd Division,2,2004–05,Beşiktaş,Bodø/Glimt,1-0,H,Continental,Wikipedia,2004–05 UEFA Cup first round
2004-09-30,UEFA,UEFA 2nd Division,2,2004–05,Bnei Sakhnin,Newcastle United,1-5,A,Continental,Wikipedia,2004–05 UEFA Cup first round
2004-09-30,UEFA,UEFA 2nd Division,2,2004–05,Braga,Heart of Midlothian,2-2,D,Continental,Wikipedia,2004–05 UEFA Cup first round
2004-09-30,UEFA,UEFA 2nd Division,2,2004–05,CSKA Sofia,Steaua București,2-2,D,Continental,Wikipedia,2004–05 UEFA Cup first round
2004-09-30,UEFA,UEFA 2nd Division,2,2004–05,Châteauroux,Club Brugge,1-2,A,Continental,Wikipedia,2004–05 UEFA Cup first round
2004-09-30,UEFA,UEFA 2nd Division,2,2004–05,Dinamo București,Partizan,0-0,D,Continental,Wikipedia,2004–05 UEFA Cup first round
2004-09-30,UEFA,UEFA 2nd Division,2,2004–05,Dinamo Tbilisi,Wisła Kraków,2-1,H,Continental,Wikipedia,2004–05 UEFA Cup first round
2004-09-30,UEFA,UEFA 2nd Division,2,2004–05,Djurgårdens IF,Utrecht,3-0,H,Continental,Wikipedia,2004–05 UEFA Cup first round
2004-09-30,UEFA,UEFA 2nd Division,2,2004–05,Dnipro Dnipropetrovsk,Maccabi Haifa,2-0,H,Continental,Wikipedia,2004–05 UEFA Cup first round
2004-09-30,UEFA,UEFA 2nd Division,2,2004–05,Ferencváros,Millwall,3-1,H,Continental,Wikipedia,2004–05 UEFA Cup first round
2004-09-30,UEFA,UEFA 2nd Division,2,2004–05,Feyenoord,Odd Grenland,4-1,H,Continental,Wikipedia,2004–05 UEFA Cup first round
2004-09-30,UEFA,UEFA 2nd Division,2,2004–05,Gençlerbirliği,Egaleo,1-1,D,Continental,Wikipedia,2004–05 UEFA Cup first round
2004-09-30,UEFA,UEFA 2nd Division,2,2004–05,Heerenveen,Maccabi Petah Tikva,5-0,H,Continental,Wikipedia,2004–05 UEFA Cup first round
2004-09-30,UEFA,UEFA 2nd Division,2,2004–05,IF Elfsborg,Dinamo Zagreb,0-0,D,Continental,Wikipedia,2004–05 UEFA Cup first round
2004-09-30,UEFA,UEFA 2nd Division,2,2004–05,Lazio,Metalurh Donetsk,3-0,H,Continental,Wikipedia,2004–05 UEFA Cup first round
2004-09-30,UEFA,UEFA 2nd Division,2,2004–05,Legia Warsaw,Austria Wien,1-3,A,Continental,Wikipedia,2004–05 UEFA Cup first round
2004-09-30,UEFA,UEFA 2nd Division,2,2004–05,Liepājas Metalurgs,Schalke 04,0-4,A,Continental,Wikipedia,2004–05 UEFA Cup first round
2004-09-30,UEFA,UEFA 2nd Division,2,2004–05,Lille,Shelbourne,2-0,H,Continental,Wikipedia,2004–05 UEFA Cup first round
2004-09-30,UEFA,UEFA 2nd Division,2,2004–05,Litex Lovech,GAK,1-0,H,Continental,Wikipedia,2004–05 UEFA Cup first round
2004-09-30,UEFA,UEFA 2nd Division,2,2004–05,Maribor,Parma,0-0,D,Continental,Wikipedia,2004–05 UEFA Cup first round
2004-09-30,UEFA,UEFA 2nd Division,2,2004–05,Nacional,Sevilla,1-2,A,Continental,Wikipedia,2004–05 UEFA Cup first round
2004-09-30,UEFA,UEFA 2nd Division,2,2004–05,Rangers,Marítimo,1-0,H,Continental,Wikipedia,2004–05 UEFA Cup first round
2004-09-30,UEFA,UEFA 2nd Division,2,2004–05,Rapid Wien,Sporting CP,0-0,D,Continental,Wikipedia,2004–05 UEFA Cup first round
2004-09-30,UEFA,UEFA 2nd Division,2,2004–05,Red Star Belgrade,Zenit Saint Petersburg,1-2,A,Continental,Wikipedia,2004–05 UEFA Cup first round
2004-09-30,UEFA,UEFA 2nd Division,2,2004–05,Sigma Olomouc,Zaragoza,2-3,A,Continental,Wikipedia,2004–05 UEFA Cup first round
2004-09-30,UEFA,UEFA 2nd Division,2,2004–05,Stabæk,Sochaux,0-5,A,Continental,Wikipedia,2004–05 UEFA Cup first round
2004-09-30,UEFA,UEFA 2nd Division,2,2004–05,Udinese,Panionios,1-0,H,Continental,Wikipedia,2004–05 UEFA Cup first round
2004-09-30,UEFA,UEFA 2nd Division,2,2004–05,VfB Stuttgart,Újpest,4-0,H,Continental,Wikipedia,2004–05 UEFA Cup first round
2004-09-30,UEFA,UEFA 2nd Division,2,2004–05,VfL Bochum,Standard Liège,1-1,D,Continental,Wikipedia,2004–05 UEFA Cup first round
2004-09-30,UEFA,UEFA 2nd Division,2,2004–05,Villarreal,Hammarby IF,3-0,H,Continental,Wikipedia,2004–05 UEFA Cup first round
2004-10-21,UEFA,UEFA 2nd Division,2,2004–05,Alemannia Aachen,Lille,1-0,H,Continental,Wikipedia,2004–05 UEFA Cup group stage
2004-10-21,UEFA,UEFA 2nd Division,2,2004–05,Amica Wronki,Rangers,0-5,A,Continental,Wikipedia,2004–05 UEFA Cup group stage
2004-10-21,UEFA,UEFA 2nd Division,2,2004–05,Athletic Bilbao,Parma,2-0,H,Continental,Wikipedia,2004–05 UEFA Cup group stage
2004-10-21,UEFA,UEFA 2nd Division,2,2004–05,Auxerre,GAK,0-0,D,Continental,Wikipedia,2004–05 UEFA Cup group stage
2004-10-21,UEFA,UEFA 2nd Division,2,2004–05,Benfica,Heerenveen,4-2,H,Continental,Wikipedia,2004–05 UEFA Cup group stage
2004-10-21,UEFA,UEFA 2nd Division,2,2004–05,Beveren,VfB Stuttgart,1-5,A,Continental,Wikipedia,2004–05 UEFA Cup group stage
2004-10-21,UEFA,UEFA 2nd Division,2,2004–05,Dinamo Tbilisi,Sochaux,0-2,A,Continental,Wikipedia,2004–05 UEFA Cup group stage
2004-10-21,UEFA,UEFA 2nd Division,2,2004–05,Dnipro Dnipropetrovsk,Club Brugge,3-2,H,Continental,Wikipedia,2004–05 UEFA Cup group stage
2004-10-21,UEFA,UEFA 2nd Division,2,2004–05,Egaleo,Middlesbrough,0-1,A,Continental,Wikipedia,2004–05 UEFA Cup group stage
2004-10-21,UEFA,UEFA 2nd Division,2,2004–05,Feyenoord,Heart of Midlothian,3-0,H,Continental,Wikipedia,2004–05 UEFA Cup group stage
2004-10-21,UEFA,UEFA 2nd Division,2,2004–05,Lazio,Villarreal,1-1,D,Continental,Wikipedia,2004–05 UEFA Cup group stage
2004-10-21,UEFA,UEFA 2nd Division,2,2004–05,Panionios,Newcastle United,0-1,A,Continental,Wikipedia,2004–05 UEFA Cup group stage
2004-10-21,UEFA,UEFA 2nd Division,2,2004–05,Schalke 04,Basel,1-1,D,Continental,Wikipedia,2004–05 UEFA Cup group stage
2004-10-21,UEFA,UEFA 2nd Division,2,2004–05,Steaua București,Standard Liège,2-0,H,Continental,Wikipedia,2004–05 UEFA Cup group stage
2004-10-21,UEFA,UEFA 2nd Division,2,2004–05,Zaragoza,Utrecht,2-0,H,Continental,Wikipedia,2004–05 UEFA Cup group stage
2004-10-21,UEFA,UEFA 2nd Division,2,2004–05,Zenit Saint Petersburg,AEK Athens,5-1,H,Continental,Wikipedia,2004–05 UEFA Cup group stage
2004-11-04,UEFA,UEFA 2nd Division,2,2004–05,AZ,Auxerre,2-0,H,Continental,Wikipedia,2004–05 UEFA Cup group stage
2004-11-04,UEFA,UEFA 2nd Division,2,2004–05,Austria Wien,Zaragoza,1-0,H,Continental,Wikipedia,2004–05 UEFA Cup group stage
2004-11-04,UEFA,UEFA 2nd Division,2,2004–05,Beşiktaş,Athletic Bilbao,3-1,H,Continental,Wikipedia,2004–05 UEFA Cup group stage
2004-11-04,UEFA,UEFA 2nd Division,2,2004–05,Dinamo Zagreb,Beveren,6-1,H,Continental,Wikipedia,2004–05 UEFA Cup group stage
2004-11-04,UEFA,UEFA 2nd Division,2,2004–05,Ferencváros,Feyenoord,1-1,D,Continental,Wikipedia,2004–05 UEFA Cup group stage
2004-11-04,UEFA,UEFA 2nd Division,2,2004–05,GAK,Amica Wronki,3-1,H,Continental,Wikipedia,2004–05 UEFA Cup group stage
2004-11-04,UEFA,UEFA 2nd Division,2,2004–05,Heart of Midlothian,Schalke 04,0-1,A,Continental,Wikipedia,2004–05 UEFA Cup group stage
2004-11-04,UEFA,UEFA 2nd Division,2,2004–05,Lille,Zenit Saint Petersburg,2-1,H,Continental,Wikipedia,2004–05 UEFA Cup group stage
2004-11-04,UEFA,UEFA 2nd Division,2,2004–05,Middlesbrough,Lazio,2-0,H,Continental,Wikipedia,2004–05 UEFA Cup group stage
2004-11-04,UEFA,UEFA 2nd Division,2,2004–05,Newcastle United,Dinamo Tbilisi,2-0,H,Continental,Wikipedia,2004–05 UEFA Cup group stage
2004-11-04,UEFA,UEFA 2nd Division,2,2004–05,Parma,Steaua București,1-0,H,Continental,Wikipedia,2004–05 UEFA Cup group stage
2004-11-04,UEFA,UEFA 2nd Division,2,2004–05,Partizan,Egaleo,4-0,H,Continental,Wikipedia,2004–05 UEFA Cup group stage
2004-11-04,UEFA,UEFA 2nd Division,2,2004–05,Sevilla,Alemannia Aachen,2-0,H,Continental,Wikipedia,2004–05 UEFA Cup group stage
2004-11-04,UEFA,UEFA 2nd Division,2,2004–05,Sporting CP,Panionios,4-1,H,Continental,Wikipedia,2004–05 UEFA Cup group stage
2004-11-04,UEFA,UEFA 2nd Division,2,2004–05,Utrecht,Dnipro Dnipropetrovsk,1-2,A,Continental,Wikipedia,2004–05 UEFA Cup group stage
2004-11-04,UEFA,UEFA 2nd Division,2,2004–05,VfB Stuttgart,Benfica,3-0,H,Continental,Wikipedia,2004–05 UEFA Cup group stage
2004-11-25,UEFA,UEFA 2nd Division,2,2004–05,AEK Athens,Lille,1-2,A,Continental,Wikipedia,2004–05 UEFA Cup group stage
2004-11-25,UEFA,UEFA 2nd Division,2,2004–05,Amica Wronki,AZ,1-3,A,Continental,Wikipedia,2004–05 UEFA Cup group stage
2004-11-25,UEFA,UEFA 2nd Division,2,2004–05,Basel,Heart of Midlothian,1-2,A,Continental,Wikipedia,2004–05 UEFA Cup group stage
2004-11-25,UEFA,UEFA 2nd Division,2,2004–05,Benfica,Dinamo Zagreb,2-0,H,Continental,Wikipedia,2004–05 UEFA Cup group stage
2004-11-25,UEFA,UEFA 2nd Division,2,2004–05,Club Brugge,Utrecht,1-0,H,Continental,Wikipedia,2004–05 UEFA Cup group stage
2004-11-25,UEFA,UEFA 2nd Division,2,2004–05,Dinamo Tbilisi,Sporting CP,0-4,A,Continental,Wikipedia,2004–05 UEFA Cup group stage
2004-11-25,UEFA,UEFA 2nd Division,2,2004–05,Dnipro Dnipropetrovsk,Austria Wien,1-0,H,Continental,Wikipedia,2004–05 UEFA Cup group stage
2004-11-25,UEFA,UEFA 2nd Division,2,2004–05,Heerenveen,VfB Stuttgart,1-0,H,Continental,Wikipedia,2004–05 UEFA Cup group stage
2004-11-25,UEFA,UEFA 2nd Division,2,2004–05,Lazio,Partizan,2-2,D,Continental,Wikipedia,2004–05 UEFA Cup group stage
2004-11-25,UEFA,UEFA 2nd Division,2,2004–05,Rangers,GAK,3-0,H,Continental,Wikipedia,2004–05 UEFA Cup group stage
2004-11-25,UEFA,UEFA 2nd Division,2,2004–05,Schalke 04,Ferencváros,2-0,H,Continental,Wikipedia,2004–05 UEFA Cup group stage
2004-11-25,UEFA,UEFA 2nd Division,2,2004–05,Sochaux,Newcastle United,0-4,A,Continental,Wikipedia,2004–05 UEFA Cup group stage
2004-11-25,UEFA,UEFA 2nd Division,2,2004–05,Standard Liège,Parma,2-1,H,Continental,Wikipedia,2004–05 UEFA Cup group stage
2004-11-25,UEFA,UEFA 2nd Division,2,2004–05,Steaua București,Beşiktaş,2-1,H,Continental,Wikipedia,2004–05 UEFA Cup group stage
2004-11-25,UEFA,UEFA 2nd Division,2,2004–05,Villarreal,Middlesbrough,2-0,H,Continental,Wikipedia,2004–05 UEFA Cup group stage
2004-11-25,UEFA,UEFA 2nd Division,2,2004–05,Zenit Saint Petersburg,Sevilla,1-1,D,Continental,Wikipedia,2004–05 UEFA Cup group stage
2004-12-01,UEFA,UEFA 2nd Division,2,2004–05,Athletic Bilbao,Steaua București,1-0,H,Continental,Wikipedia,2004–05 UEFA Cup group stage
2004-12-01,UEFA,UEFA 2nd Division,2,2004–05,Austria Wien,Club Brugge,1-1,D,Continental,Wikipedia,2004–05 UEFA Cup group stage
2004-12-01,UEFA,UEFA 2nd Division,2,2004–05,Beşiktaş,Standard Liège,1-1,D,Continental,Wikipedia,2004–05 UEFA Cup group stage
2004-12-01,UEFA,UEFA 2nd Division,2,2004–05,Ferencváros,Basel,1-2,A,Continental,Wikipedia,2004–05 UEFA Cup group stage
2004-12-01,UEFA,UEFA 2nd Division,2,2004–05,Feyenoord,Schalke 04,2-1,H,Continental,Wikipedia,2004–05 UEFA Cup group stage
2004-12-01,UEFA,UEFA 2nd Division,2,2004–05,Panionios,Dinamo Tbilisi,5-2,H,Continental,Wikipedia,2004–05 UEFA Cup group stage
2004-12-01,UEFA,UEFA 2nd Division,2,2004–05,Sporting CP,Sochaux,0-1,A,Continental,Wikipedia,2004–05 UEFA Cup group stage
2004-12-01,UEFA,UEFA 2nd Division,2,2004–05,Zaragoza,Dnipro Dnipropetrovsk,2-1,H,Continental,Wikipedia,2004–05 UEFA Cup group stage
2004-12-02,UEFA,UEFA 2nd Division,2,2004–05,AZ,Rangers,1-0,H,Continental,Wikipedia,2004–05 UEFA Cup group stage
2004-12-02,UEFA,UEFA 2nd Division,2,2004–05,Alemannia Aachen,Zenit Saint Petersburg,2-2,D,Continental,Wikipedia,2004–05 UEFA Cup group stage
2004-12-02,UEFA,UEFA 2nd Division,2,2004–05,Auxerre,Amica Wronki,5-1,H,Continental,Wikipedia,2004–05 UEFA Cup group stage
2004-12-02,UEFA,UEFA 2nd Division,2,2004–05,Beveren,Benfica,0-3,A,Continental,Wikipedia,2004–05 UEFA Cup group stage
2004-12-02,UEFA,UEFA 2nd Division,2,2004–05,Dinamo Zagreb,Heerenveen,2-2,D,Continental,Wikipedia,2004–05 UEFA Cup group stage
2004-12-02,UEFA,UEFA 2nd Division,2,2004–05,Egaleo,Lazio,2-2,D,Continental,Wikipedia,2004–05 UEFA Cup group stage
2004-12-02,UEFA,UEFA 2nd Division,2,2004–05,Partizan,Villarreal,1-1,D,Continental,Wikipedia,2004–05 UEFA Cup group stage
2004-12-02,UEFA,UEFA 2nd Division,2,2004–05,Sevilla,AEK Athens,3-2,H,Continental,Wikipedia,2004–05 UEFA Cup group stage
2004-12-15,UEFA,UEFA 2nd Division,2,2004–05,AEK Athens,Alemannia Aachen,0-2,A,Continental,Wikipedia,2004–05 UEFA Cup group stage
2004-12-15,UEFA,UEFA 2nd Division,2,2004–05,GAK,AZ,2-0,H,Continental,Wikipedia,2004–05 UEFA Cup group stage
2004-12-15,UEFA,UEFA 2nd Division,2,2004–05,Heerenveen,Beveren,1-0,H,Continental,Wikipedia,2004–05 UEFA Cup group stage
2004-12-15,UEFA,UEFA 2nd Division,2,2004–05,Lille,Sevilla,1-0,H,Continental,Wikipedia,2004–05 UEFA Cup group stage
2004-12-15,UEFA,UEFA 2nd Division,2,2004–05,Middlesbrough,Partizan,3-0,H,Continental,Wikipedia,2004–05 UEFA Cup group stage
2004-12-15,UEFA,UEFA 2nd Division,2,2004–05,Rangers,Auxerre,0-2,A,Continental,Wikipedia,2004–05 UEFA Cup group stage
2004-12-15,UEFA,UEFA 2nd Division,2,2004–05,VfB Stuttgart,Dinamo Zagreb,2-1,H,Continental,Wikipedia,2004–05 UEFA Cup group stage
2004-12-15,UEFA,UEFA 2nd Division,2,2004–05,Villarreal,Egaleo,4-0,H,Continental,Wikipedia,2004–05 UEFA Cup group stage
2004-12-16,UEFA,UEFA 2nd Division,2,2004–05,Basel,Feyenoord,1-0,H,Continental,Wikipedia,2004–05 UEFA Cup group stage
2004-12-16,UEFA,UEFA 2nd Division,2,2004–05,Club Brugge,Zaragoza,1-1,D,Continental,Wikipedia,2004–05 UEFA Cup group stage
2004-12-16,UEFA,UEFA 2nd Division,2,2004–05,Heart of Midlothian,Ferencváros,0-1,A,Continental,Wikipedia,2004–05 UEFA Cup group stage
2004-12-16,UEFA,UEFA 2nd Division,2,2004–05,Newcastle United,Sporting CP,1-1,D,Continental,Wikipedia,2004–05 UEFA Cup group stage
2004-12-16,UEFA,UEFA 2nd Division,2,2004–05,Parma,Beşiktaş,3-2,H,Continental,Wikipedia,2004–05 UEFA Cup group stage
2004-12-16,UEFA,UEFA 2nd Division,2,2004–05,Sochaux,Panionios,1-0,H,Continental,Wikipedia,2004–05 UEFA Cup group stage
2004-12-16,UEFA,UEFA 2nd Division,2,2004–05,Standard Liège,Athletic Bilbao,1-7,A,Continental,Wikipedia,2004–05 UEFA Cup group stage
2004-12-16,UEFA,UEFA 2nd Division,2,2004–05,Utrecht,Austria Wien,1-2,A,Continental,Wikipedia,2004–05 UEFA Cup group stage
2005-02-16,UEFA,UEFA 2nd Division,2,2004–05,Ajax,Auxerre,1-0,H,Continental,Wikipedia,2004–05 UEFA Cup knockout stage
2005-02-16,UEFA,UEFA 2nd Division,2,2004–05,Panathinaikos,Sevilla,1-0,H,Continental,Wikipedia,2004–05 UEFA Cup knockout stage
2005-02-16,UEFA,UEFA 2nd Division,2,2004–05,Parma,VfB Stuttgart,0-0,D,Continental,Wikipedia,2004–05 UEFA Cup knockout stage
2005-02-16,UEFA,UEFA 2nd Division,2,2004–05,Partizan,Dnipro Dnipropetrovsk,2-2,D,Continental,Wikipedia,2004–05 UEFA Cup knockout stage
2005-02-16,UEFA,UEFA 2nd Division,2,2004–05,Shakhtar Donetsk,Schalke 04,1-1,D,Continental,Wikipedia,2004–05 UEFA Cup knockout stage
2005-02-16,UEFA,UEFA 2nd Division,2,2004–05,Sporting CP,Feyenoord,2-1,H,Continental,Wikipedia,2004–05 UEFA Cup knockout stage
2005-02-16,UEFA,UEFA 2nd Division,2,2004–05,Valencia,Steaua București,2-0,H,Continental,Wikipedia,2004–05 UEFA Cup knockout stage
2005-02-17,UEFA,UEFA 2nd Division,2,2004–05,Alemannia Aachen,AZ,0-0,D,Continental,Wikipedia,2004–05 UEFA Cup knockout stage
2005-02-17,UEFA,UEFA 2nd Division,2,2004–05,Basel,Lille,0-0,D,Continental,Wikipedia,2004–05 UEFA Cup knockout stage
2005-02-17,UEFA,UEFA 2nd Division,2,2004–05,CSKA Moscow,Benfica,2-0,H,Continental,Wikipedia,2004–05 UEFA Cup knockout stage
2005-02-17,UEFA,UEFA 2nd Division,2,2004–05,Dynamo Kyiv,Villarreal,0-0,D,Continental,Wikipedia,2004–05 UEFA Cup knockout stage
2005-02-17,UEFA,UEFA 2nd Division,2,2004–05,Fenerbahçe,Zaragoza,0-1,A,Continental,Wikipedia,2004–05 UEFA Cup knockout stage
2005-02-17,UEFA,UEFA 2nd Division,2,2004–05,GAK,Middlesbrough,2-2,D,Continental,Wikipedia,2004–05 UEFA Cup knockout stage
2005-02-17,UEFA,UEFA 2nd Division,2,2004–05,Heerenveen,Newcastle United,1-2,A,Continental,Wikipedia,2004–05 UEFA Cup knockout stage
2005-02-17,UEFA,UEFA 2nd Division,2,2004–05,Olympiacos,Sochaux,1-0,H,Continental,Wikipedia,2004–05 UEFA Cup knockout stage
2005-02-24,UEFA,UEFA 2nd Division,2,2004–05,AZ,Alemannia Aachen,2-1,H,Continental,Wikipedia,2004–05 UEFA Cup knockout stage
2005-02-24,UEFA,UEFA 2nd Division,2,2004–05,Austria Wien,Athletic Bilbao,0-0,D,Continental,Wikipedia,2004–05 UEFA Cup knockout stage
2005-02-24,UEFA,UEFA 2nd Division,2,2004–05,Auxerre,Ajax,3-1,H,Continental,Wikipedia,2004–05 UEFA Cup knockout stage
2005-02-24,UEFA,UEFA 2nd Division,2,2004–05,Benfica,CSKA Moscow,1-1,D,Continental,Wikipedia,2004–05 UEFA Cup knockout stage
2005-02-24,UEFA,UEFA 2nd Division,2,2004–05,Dnipro Dnipropetrovsk,Partizan,0-1,A,Continental,Wikipedia,2004–05 UEFA Cup knockout stage
2005-02-24,UEFA,UEFA 2nd Division,2,2004–05,Feyenoord,Sporting CP,1-2,A,Continental,Wikipedia,2004–05 UEFA Cup knockout stage
2005-02-24,UEFA,UEFA 2nd Division,2,2004–05,Lille,Basel,2-0,H,Continental,Wikipedia,2004–05 UEFA Cup knockout stage
2005-02-24,UEFA,UEFA 2nd Division,2,2004–05,Middlesbrough,GAK,2-1,H,Continental,Wikipedia,2004–05 UEFA Cup knockout stage
2005-02-24,UEFA,UEFA 2nd Division,2,2004–05,Newcastle United,Heerenveen,2-1,H,Continental,Wikipedia,2004–05 UEFA Cup knockout stage
2005-02-24,UEFA,UEFA 2nd Division,2,2004–05,Schalke 04,Shakhtar Donetsk,0-1,A,Continental,Wikipedia,2004–05 UEFA Cup knockout stage
2005-02-24,UEFA,UEFA 2nd Division,2,2004–05,Sevilla,Panathinaikos,2-0,H,Continental,Wikipedia,2004–05 UEFA Cup knockout stage
2005-02-24,UEFA,UEFA 2nd Division,2,2004–05,Sochaux,Olympiacos,0-1,A,Continental,Wikipedia,2004–05 UEFA Cup knockout stage
2005-02-24,UEFA,UEFA 2nd Division,2,2004–05,Steaua București,Valencia,2-0,H,Continental,Wikipedia,2004–05 UEFA Cup knockout stage
2005-02-24,UEFA,UEFA 2nd Division,2,2004–05,VfB Stuttgart,Parma,0-2,A,Continental,Wikipedia,2004–05 UEFA Cup knockout stage
2005-02-24,UEFA,UEFA 2nd Division,2,2004–05,Villarreal,Dynamo Kyiv,2-0,H,Continental,Wikipedia,2004–05 UEFA Cup knockout stage
2005-02-24,UEFA,UEFA 2nd Division,2,2004–05,Zaragoza,Fenerbahçe,2-1,H,Continental,Wikipedia,2004–05 UEFA Cup knockout stage
2005-02-27,UEFA,UEFA 2nd Division,2,2004–05,Athletic Bilbao,Austria Wien,1-2,A,Continental,Wikipedia,2004–05 UEFA Cup knockout stage
2005-03-10,UEFA,UEFA 2nd Division,2,2004–05,Austria Wien,Zaragoza,1-1,D,Continental,Wikipedia,2004–05 UEFA Cup knockout stage
2005-03-10,UEFA,UEFA 2nd Division,2,2004–05,Lille,Auxerre,0-1,A,Continental,Wikipedia,2004–05 UEFA Cup knockout stage
2005-03-10,UEFA,UEFA 2nd Division,2,2004–05,Middlesbrough,Sporting CP,2-3,A,Continental,Wikipedia,2004–05 UEFA Cup knockout stage
2005-03-10,UEFA,UEFA 2nd Division,2,2004–05,Olympiacos,Newcastle United,1-3,A,Continental,Wikipedia,2004–05 UEFA Cup knockout stage
2005-03-10,UEFA,UEFA 2nd Division,2,2004–05,Partizan,CSKA Moscow,1-1,D,Continental,Wikipedia,2004–05 UEFA Cup knockout stage
2005-03-10,UEFA,UEFA 2nd Division,2,2004–05,Sevilla,Parma,0-0,D,Continental,Wikipedia,2004–05 UEFA Cup knockout stage
2005-03-10,UEFA,UEFA 2nd Division,2,2004–05,Shakhtar Donetsk,AZ,1-3,A,Continental,Wikipedia,2004–05 UEFA Cup knockout stage
2005-03-16,UEFA,UEFA 2nd Division,2,2004–05,AZ,Shakhtar Donetsk,2-1,H,Continental,Wikipedia,2004–05 UEFA Cup knockout stage
2005-03-16,UEFA,UEFA 2nd Division,2,2004–05,Newcastle United,Olympiacos,4-0,H,Continental,Wikipedia,2004–05 UEFA Cup knockout stage
2005-03-16,UEFA,UEFA 2nd Division,2,2004–05,Steaua București,Villarreal,0-0,D,Continental,Wikipedia,2004–05 UEFA Cup knockout stage
2005-03-17,UEFA,UEFA 2nd Division,2,2004–05,Auxerre,Lille,0-0,D,Continental,Wikipedia,2004–05 UEFA Cup knockout stage
2005-03-17,UEFA,UEFA 2nd Division,2,2004–05,CSKA Moscow,Partizan,2-0,H,Continental,Wikipedia,2004–05 UEFA Cup knockout stage
2005-03-17,UEFA,UEFA 2nd Division,2,2004–05,Parma,Sevilla,1-0,H,Continental,Wikipedia,2004–05 UEFA Cup knockout stage
2005-03-17,UEFA,UEFA 2nd Division,2,2004–05,Sporting CP,Middlesbrough,1-0,H,Continental,Wikipedia,2004–05 UEFA Cup knockout stage
2005-03-17,UEFA,UEFA 2nd Division,2,2004–05,Zaragoza,Austria Wien,2-2,D,Continental,Wikipedia,2004–05 UEFA Cup knockout stage
2005-03-20,UEFA,UEFA 2nd Division,2,2004–05,Villarreal,Steaua București,2-0,H,Continental,Wikipedia,2004–05 UEFA Cup knockout stage
2005-04-07,UEFA,UEFA 2nd Division,2,2004–05,Austria Wien,Parma,1-1,D,Continental,Wikipedia,2004–05 UEFA Cup knockout stage
2005-04-07,UEFA,UEFA 2nd Division,2,2004–05,CSKA Moscow,Auxerre,4-0,H,Continental,Wikipedia,2004–05 UEFA Cup knockout stage
2005-04-07,UEFA,UEFA 2nd Division,2,2004–05,Newcastle United,Sporting CP,1-0,H,Continental,Wikipedia,2004–05 UEFA Cup knockout stage
2005-04-07,UEFA,UEFA 2nd Division,2,2004–05,Villarreal,AZ,1-2,A,Continental,Wikipedia,2004–05 UEFA Cup knockout stage
2005-04-14,UEFA,UEFA 2nd Division,2,2004–05,AZ,Villarreal,1-1,D,Continental,Wikipedia,2004–05 UEFA Cup knockout stage
2005-04-14,UEFA,UEFA 2nd Division,2,2004–05,Auxerre,CSKA Moscow,2-0,H,Continental,Wikipedia,2004–05 UEFA Cup knockout stage
2005-04-14,UEFA,UEFA 2nd Division,2,2004–05,Parma,Austria Wien,0-0,D,Continental,Wikipedia,2004–05 UEFA Cup knockout stage
2005-04-14,UEFA,UEFA 2nd Division,2,2004–05,Sporting CP,Newcastle United,4-1,H,Continental,Wikipedia,2004–05 UEFA Cup knockout stage
2005-04-28,UEFA,UEFA 2nd Division,2,2004–05,Parma,CSKA Moscow,0-0,D,Continental,Wikipedia,2004–05 UEFA Cup knockout stage
2005-04-28,UEFA,UEFA 2nd Division,2,2004–05,Sporting CP,AZ,2-1,H,Continental,Wikipedia,2004–05 UEFA Cup knockout stage
2005-05-05,UEFA,UEFA 2nd Division,2,2004–05,AZ,Sporting CP,3-2,H,Continental,Wikipedia,2004–05 UEFA Cup knockout stage
2005-05-05,UEFA,UEFA 2nd Division,2,2004–05,CSKA Moscow,Parma,3-0,H,Continental,Wikipedia,2004–05 UEFA Cup knockout stage
2005-07-14,UEFA,UEFA 2nd Division,2,2005–06,Allianssi,Pétange,3-0,H,Continental,Wikipedia,2005–06 UEFA Cup qualifying rounds
2005-07-14,UEFA,UEFA 2nd Division,2,2005–06,Baku,Žilina,1-0,H,Continental,Wikipedia,2005–06 UEFA Cup qualifying rounds
2005-07-14,UEFA,UEFA 2nd Division,2,2005–06,Banants,Locomotive Tbilisi,2-3,A,Continental,Wikipedia,2005–06 UEFA Cup qualifying rounds
2005-07-14,UEFA,UEFA 2nd Division,2,2005–06,Bashkimi,Žepče,3-0,H,Continental,Wikipedia,2005–06 UEFA Cup qualifying rounds
2005-07-14,UEFA,UEFA 2nd Division,2,2005–06,Birkirkara,APOEL,0-2,A,Continental,Wikipedia,2005–06 UEFA Cup qualifying rounds
2005-07-14,UEFA,UEFA 2nd Division,2,2005–06,Domagnano,Domžale,0-5,A,Continental,Wikipedia,2005–06 UEFA Cup qualifying rounds
2005-07-14,UEFA,UEFA 2nd Division,2,2005–06,Ekranas,Cork City,0-2,A,Continental,Wikipedia,2005–06 UEFA Cup qualifying rounds
2005-07-14,UEFA,UEFA 2nd Division,2,2005–06,Elbasani,Vardar,1-1,D,Continental,Wikipedia,2005–06 UEFA Cup qualifying rounds
2005-07-14,UEFA,UEFA 2nd Division,2,2005–06,Esbjerg,Flora,1-2,A,Continental,Wikipedia,2005–06 UEFA Cup qualifying rounds
2005-07-14,UEFA,UEFA 2nd Division,2,2005–06,Etzella Ettelbruck,Keflavík,0-4,A,Continental,Wikipedia,2005–06 UEFA Cup qualifying rounds
2005-07-14,UEFA,UEFA 2nd Division,2,2005–06,Ferencváros,MTZ-RIPO Minsk,0-2,A,Continental,Wikipedia,2005–06 UEFA Cup qualifying rounds
2005-07-14,UEFA,UEFA 2nd Division,2,2005–06,Linfield,Ventspils,1-0,H,Continental,Wikipedia,2005–06 UEFA Cup qualifying rounds
2005-07-14,UEFA,UEFA 2nd Division,2,2005–06,Longford Town,Carmarthen Town,2-0,H,Continental,Wikipedia,2005–06 UEFA Cup qualifying rounds
2005-07-14,UEFA,UEFA 2nd Division,2,2005–06,Mainz 05,Mika,4-0,H,Continental,Wikipedia,2005–06 UEFA Cup qualifying rounds
2005-07-14,UEFA,UEFA 2nd Division,2,2005–06,NSÍ,Liepājas Metalurgs,0-3,A,Continental,Wikipedia,2005–06 UEFA Cup qualifying rounds
2005-07-14,UEFA,UEFA 2nd Division,2,2005–06,Nistru Otaci,Khazar Lankaran,3-1,H,Continental,Wikipedia,2005–06 UEFA Cup qualifying rounds
2005-07-14,UEFA,UEFA 2nd Division,2,2005–06,Omonia,Hibernians,3-0,H,Continental,Wikipedia,2005–06 UEFA Cup qualifying rounds
2005-07-14,UEFA,UEFA 2nd Division,2,2005–06,Portadown,Viking,1-2,A,Continental,Wikipedia,2005–06 UEFA Cup qualifying rounds
2005-07-14,UEFA,UEFA 2nd Division,2,2005–06,Rhyl,Atlantas,2-1,H,Continental,Wikipedia,2005–06 UEFA Cup qualifying rounds
2005-07-14,UEFA,UEFA 2nd Division,2,2005–06,Sant Julià,Rapid București,0-5,A,Continental,Wikipedia,2005–06 UEFA Cup qualifying rounds
2005-07-14,UEFA,UEFA 2nd Division,2,2005–06,TVMK,MYPA,1-1,D,Continental,Wikipedia,2005–06 UEFA Cup qualifying rounds
2005-07-14,UEFA,UEFA 2nd Division,2,2005–06,Teuta,Široki Brijeg,3-1,H,Continental,Wikipedia,2005–06 UEFA Cup qualifying rounds
2005-07-14,UEFA,UEFA 2nd Division,2,2005–06,Torpedo Kutaisi,BATE Borisov,0-1,A,Continental,Wikipedia,2005–06 UEFA Cup qualifying rounds
2005-07-14,UEFA,UEFA 2nd Division,2,2005–06,Vaduz,Dacia Chișinău,2-0,H,Continental,Wikipedia,2005–06 UEFA Cup qualifying rounds
2005-07-14,UEFA,UEFA 2nd Division,2,2005–06,ÍBV,B36,1-1,D,Continental,Wikipedia,2005–06 UEFA Cup qualifying rounds
2005-07-28,UEFA,UEFA 2nd Division,2,2005–06,APOEL,Birkirkara,4-0,H,Continental,Wikipedia,2005–06 UEFA Cup qualifying rounds
2005-07-28,UEFA,UEFA 2nd Division,2,2005–06,Atlantas,Rhyl,3-2,H,Continental,Wikipedia,2005–06 UEFA Cup qualifying rounds
2005-07-28,UEFA,UEFA 2nd Division,2,2005–06,B36,ÍBV,2-1,H,Continental,Wikipedia,2005–06 UEFA Cup qualifying rounds
2005-07-28,UEFA,UEFA 2nd Division,2,2005–06,BATE Borisov,Torpedo Kutaisi,5-0,H,Continental,Wikipedia,2005–06 UEFA Cup qualifying rounds
2005-07-28,UEFA,UEFA 2nd Division,2,2005–06,Carmarthen Town,Longford Town,5-1,H,Continental,Wikipedia,2005–06 UEFA Cup qualifying rounds
2005-07-28,UEFA,UEFA 2nd Division,2,2005–06,Cork City,Ekranas,0-1,A,Continental,Wikipedia,2005–06 UEFA Cup qualifying rounds
2005-07-28,UEFA,UEFA 2nd Division,2,2005–06,Dacia Chișinău,Vaduz,1-0,H,Continental,Wikipedia,2005–06 UEFA Cup qualifying rounds
2005-07-28,UEFA,UEFA 2nd Division,2,2005–06,Domžale,Domagnano,3-0,H,Continental,Wikipedia,2005–06 UEFA Cup qualifying rounds
2005-07-28,UEFA,UEFA 2nd Division,2,2005–06,Flora,Esbjerg,0-6,A,Continental,Wikipedia,2005–06 UEFA Cup qualifying rounds
2005-07-28,UEFA,UEFA 2nd Division,2,2005–06,Hibernians,Omonia,0-3,A,Continental,Wikipedia,2005–06 UEFA Cup qualifying rounds
2005-07-28,UEFA,UEFA 2nd Division,2,2005–06,Keflavík,Etzella Ettelbruck,2-0,H,Continental,Wikipedia,2005–06 UEFA Cup qualifying rounds
2005-07-28,UEFA,UEFA 2nd Division,2,2005–06,Khazar Lankaran,Nistru Otaci,1-2,A,Continental,Wikipedia,2005–06 UEFA Cup qualifying rounds
2005-07-28,UEFA,UEFA 2nd Division,2,2005–06,Liepājas Metalurgs,NSÍ,3-0,H,Continental,Wikipedia,2005–06 UEFA Cup qualifying rounds
2005-07-28,UEFA,UEFA 2nd Division,2,2005–06,Locomotive Tbilisi,Banants,0-2,A,Continental,Wikipedia,2005–06 UEFA Cup qualifying rounds
2005-07-28,UEFA,UEFA 2nd Division,2,2005–06,MTZ-RIPO Minsk,Ferencváros,1-2,A,Continental,Wikipedia,2005–06 UEFA Cup qualifying rounds
2005-07-28,UEFA,UEFA 2nd Division,2,2005–06,MYPA,TVMK,1-0,H,Continental,Wikipedia,2005–06 UEFA Cup qualifying rounds
2005-07-28,UEFA,UEFA 2nd Division,2,2005–06,Mika,Mainz 05,0-0,D,Continental,Wikipedia,2005–06 UEFA Cup qualifying rounds
2005-07-28,UEFA,UEFA 2nd Division,2,2005–06,Pétange,Allianssi,1-1,D,Continental,Wikipedia,2005–06 UEFA Cup qualifying rounds
2005-07-28,UEFA,UEFA 2nd Division,2,2005–06,Rapid București,Sant Julià,5-0,H,Continental,Wikipedia,2005–06 UEFA Cup qualifying rounds
2005-07-28,UEFA,UEFA 2nd Division,2,2005–06,Vardar,Elbasani,0-0,D,Continental,Wikipedia,2005–06 UEFA Cup qualifying rounds
2005-07-28,UEFA,UEFA 2nd Division,2,2005–06,Ventspils,Linfield,2-1,H,Continental,Wikipedia,2005–06 UEFA Cup qualifying rounds
2005-07-28,UEFA,UEFA 2nd Division,2,2005–06,Viking,Portadown,1-0,H,Continental,Wikipedia,2005–06 UEFA Cup qualifying rounds
2005-07-28,UEFA,UEFA 2nd Division,2,2005–06,Široki Brijeg,Teuta,3-0,H,Continental,Wikipedia,2005–06 UEFA Cup qualifying rounds
2005-07-28,UEFA,UEFA 2nd Division,2,2005–06,Žepče,Bashkimi,1-1,D,Continental,Wikipedia,2005–06 UEFA Cup qualifying rounds
2005-07-28,UEFA,UEFA 2nd Division,2,2005–06,Žilina,Baku,3-1,H,Continental,Wikipedia,2005–06 UEFA Cup qualifying rounds
2005-08-11,UEFA,UEFA 2nd Division,2,2005–06,APOEL,Maccabi Tel Aviv,1-0,H,Continental,Wikipedia,2005–06 UEFA Cup qualifying rounds
2005-08-11,UEFA,UEFA 2nd Division,2,2005–06,Ashdod,Domžale,2-2,D,Continental,Wikipedia,2005–06 UEFA Cup qualifying rounds
2005-08-11,UEFA,UEFA 2nd Division,2,2005–06,Banants,Dnipro Dnipropetrovsk,2-4,A,Continental,Wikipedia,2005–06 UEFA Cup qualifying rounds
2005-08-11,UEFA,UEFA 2nd Division,2,2005–06,Bashkimi,Maccabi Petah Tikva,0-5,A,Continental,Wikipedia,2005–06 UEFA Cup qualifying rounds
2005-08-11,UEFA,UEFA 2nd Division,2,2005–06,Brann,Allianssi,0-0,D,Continental,Wikipedia,2005–06 UEFA Cup qualifying rounds
2005-08-11,UEFA,UEFA 2nd Division,2,2005–06,Copenhagen,Carmarthen Town,2-0,H,Continental,Wikipedia,2005–06 UEFA Cup qualifying rounds
2005-08-11,UEFA,UEFA 2nd Division,2,2005–06,Dinamo București,Omonia,3-1,H,Continental,Wikipedia,2005–06 UEFA Cup qualifying rounds
2005-08-11,UEFA,UEFA 2nd Division,2,2005–06,Djurgårdens IF,Cork City,1-1,D,Continental,Wikipedia,2005–06 UEFA Cup qualifying rounds
2005-08-11,UEFA,UEFA 2nd Division,2,2005–06,Esbjerg,Tromsø,0-1,A,Continental,Wikipedia,2005–06 UEFA Cup qualifying rounds
2005-08-11,UEFA,UEFA 2nd Division,2,2005–06,Grasshopper,Wisła Płock,1-0,H,Continental,Wikipedia,2005–06 UEFA Cup qualifying rounds
2005-08-11,UEFA,UEFA 2nd Division,2,2005–06,Groclin Grodzisk Wielkopolski,Dukla Banská Bystrica,4-1,H,Continental,Wikipedia,2005–06 UEFA Cup qualifying rounds
2005-08-11,UEFA,UEFA 2nd Division,2,2005–06,Halmstads BK,Linfield,1-1,D,Continental,Wikipedia,2005–06 UEFA Cup qualifying rounds
2005-08-11,UEFA,UEFA 2nd Division,2,2005–06,Inter Zaprešić,Red Star Belgrade,1-3,A,Continental,Wikipedia,2005–06 UEFA Cup qualifying rounds
2005-08-11,UEFA,UEFA 2nd Division,2,2005–06,Krylia Sovetov Samara,BATE Borisov,2-0,H,Continental,Wikipedia,2005–06 UEFA Cup qualifying rounds
2005-08-11,UEFA,UEFA 2nd Division,2,2005–06,Legia Warsaw,Zürich,0-1,A,Continental,Wikipedia,2005–06 UEFA Cup qualifying rounds
2005-08-11,UEFA,UEFA 2nd Division,2,2005–06,Liepājas Metalurgs,Genk,2-3,A,Continental,Wikipedia,2005–06 UEFA Cup qualifying rounds
2005-08-11,UEFA,UEFA 2nd Division,2,2005–06,Litex Lovech,Rijeka,1-0,H,Continental,Wikipedia,2005–06 UEFA Cup qualifying rounds
2005-08-11,UEFA,UEFA 2nd Division,2,2005–06,MTZ-RIPO Minsk,Teplice,1-1,D,Continental,Wikipedia,2005–06 UEFA Cup qualifying rounds
2005-08-11,UEFA,UEFA 2nd Division,2,2005–06,MYPA,Dundee United,0-0,D,Continental,Wikipedia,2005–06 UEFA Cup qualifying rounds
2005-08-11,UEFA,UEFA 2nd Division,2,2005–06,Mainz 05,Keflavík,2-0,H,Continental,Wikipedia,2005–06 UEFA Cup qualifying rounds
2005-08-11,UEFA,UEFA 2nd Division,2,2005–06,Midtjylland,B36,2-1,H,Continental,Wikipedia,2005–06 UEFA Cup qualifying rounds
2005-08-11,UEFA,UEFA 2nd Division,2,2005–06,Nistru Otaci,GAK,0-2,A,Continental,Wikipedia,2005–06 UEFA Cup qualifying rounds
2005-08-11,UEFA,UEFA 2nd Division,2,2005–06,OFK Beograd,Lokomotiv Plovdiv,2-1,H,Continental,Wikipedia,2005–06 UEFA Cup qualifying rounds
2005-08-11,UEFA,UEFA 2nd Division,2,2005–06,Publikum,Levski Sofia,1-0,H,Continental,Wikipedia,2005–06 UEFA Cup qualifying rounds
2005-08-11,UEFA,UEFA 2nd Division,2,2005–06,Rapid București,Vardar,3-0,H,Continental,Wikipedia,2005–06 UEFA Cup qualifying rounds
2005-08-11,UEFA,UEFA 2nd Division,2,2005–06,Rhyl,Viking,0-1,A,Continental,Wikipedia,2005–06 UEFA Cup qualifying rounds
2005-08-11,UEFA,UEFA 2nd Division,2,2005–06,Sopron,Metalurh Donetsk,0-3,A,Continental,Wikipedia,2005–06 UEFA Cup qualifying rounds
2005-08-11,UEFA,UEFA 2nd Division,2,2005–06,Superfund,Zenit Saint Petersburg,2-2,D,Continental,Wikipedia,2005–06 UEFA Cup qualifying rounds
2005-08-11,UEFA,UEFA 2nd Division,2,2005–06,Vaduz,Beşiktaş,0-1,A,Continental,Wikipedia,2005–06 UEFA Cup qualifying rounds
2005-08-11,UEFA,UEFA 2nd Division,2,2005–06,Zeta,Široki Brijeg,0-1,A,Continental,Wikipedia,2005–06 UEFA Cup qualifying rounds
2005-08-11,UEFA,UEFA 2nd Division,2,2005–06,Žilina,Austria Wien,1-2,A,Continental,Wikipedia,2005–06 UEFA Cup qualifying rounds
2005-08-25,UEFA,UEFA 2nd Division,2,2005–06,Allianssi,Brann,0-2,A,Continental,Wikipedia,2005–06 UEFA Cup qualifying rounds
2005-08-25,UEFA,UEFA 2nd Division,2,2005–06,Austria Wien,Žilina,2-2,D,Continental,Wikipedia,2005–06 UEFA Cup qualifying rounds
2005-08-25,UEFA,UEFA 2nd Division,2,2005–06,B36,Midtjylland,2-2,D,Continental,Wikipedia,2005–06 UEFA Cup qualifying rounds
2005-08-25,UEFA,UEFA 2nd Division,2,2005–06,BATE Borisov,Krylia Sovetov Samara,0-2,A,Continental,Wikipedia,2005–06 UEFA Cup qualifying rounds
2005-08-25,UEFA,UEFA 2nd Division,2,2005–06,Beşiktaş,Vaduz,5-1,H,Continental,Wikipedia,2005–06 UEFA Cup qualifying rounds
2005-08-25,UEFA,UEFA 2nd Division,2,2005–06,Carmarthen Town,Copenhagen,0-2,A,Continental,Wikipedia,2005–06 UEFA Cup qualifying rounds
2005-08-25,UEFA,UEFA 2nd Division,2,2005–06,Cork City,Djurgårdens IF,0-0,D,Continental,Wikipedia,2005–06 UEFA Cup qualifying rounds
2005-08-25,UEFA,UEFA 2nd Division,2,2005–06,Dnipro Dnipropetrovsk,Banants,4-0,H,Continental,Wikipedia,2005–06 UEFA Cup qualifying rounds
2005-08-25,UEFA,UEFA 2nd Division,2,2005–06,Domžale,Ashdod,1-1,D,Continental,Wikipedia,2005–06 UEFA Cup qualifying rounds
2005-08-25,UEFA,UEFA 2nd Division,2,2005–06,Dukla Banská Bystrica,Groclin Grodzisk Wielkopolski,0-0,D,Continental,Wikipedia,2005–06 UEFA Cup qualifying rounds
2005-08-25,UEFA,UEFA 2nd Division,2,2005–06,Dundee United,MYPA,2-2,D,Continental,Wikipedia,2005–06 UEFA Cup qualifying rounds
2005-08-25,UEFA,UEFA 2nd Division,2,2005–06,GAK,Nistru Otaci,1-0,H,Continental,Wikipedia,2005–06 UEFA Cup qualifying rounds
2005-08-25,UEFA,UEFA 2nd Division,2,2005–06,Genk,Liepājas Metalurgs,3-0,H,Continental,Wikipedia,2005–06 UEFA Cup qualifying rounds
2005-08-25,UEFA,UEFA 2nd Division,2,2005–06,Keflavík,Mainz 05,0-2,A,Continental,Wikipedia,2005–06 UEFA Cup qualifying rounds
2005-08-25,UEFA,UEFA 2nd Division,2,2005–06,Levski Sofia,Publikum,3-0,H,Continental,Wikipedia,2005–06 UEFA Cup qualifying rounds
2005-08-25,UEFA,UEFA 2nd Division,2,2005–06,Linfield,Halmstads BK,2-4,A,Continental,Wikipedia,2005–06 UEFA Cup qualifying rounds
2005-08-25,UEFA,UEFA 2nd Division,2,2005–06,Lokomotiv Plovdiv,OFK Beograd,1-0,H,Continental,Wikipedia,2005–06 UEFA Cup qualifying rounds
2005-08-25,UEFA,UEFA 2nd Division,2,2005–06,Maccabi Petah Tikva,Bashkimi,6-0,H,Continental,Wikipedia,2005–06 UEFA Cup qualifying rounds
2005-08-25,UEFA,UEFA 2nd Division,2,2005–06,Maccabi Tel Aviv,APOEL,2-2,D,Continental,Wikipedia,2005–06 UEFA Cup qualifying rounds
2005-08-25,UEFA,UEFA 2nd Division,2,2005–06,Metalurh Donetsk,Sopron,2-1,H,Continental,Wikipedia,2005–06 UEFA Cup qualifying rounds
2005-08-25,UEFA,UEFA 2nd Division,2,2005–06,Omonia,Dinamo București,2-1,H,Continental,Wikipedia,2005–06 UEFA Cup qualifying rounds
2005-08-25,UEFA,UEFA 2nd Division,2,2005–06,Red Star Belgrade,Inter Zaprešić,4-0,H,Continental,Wikipedia,2005–06 UEFA Cup qualifying rounds
2005-08-25,UEFA,UEFA 2nd Division,2,2005–06,Rijeka,Litex Lovech,2-1,H,Continental,Wikipedia,2005–06 UEFA Cup qualifying rounds
2005-08-25,UEFA,UEFA 2nd Division,2,2005–06,Teplice,MTZ-RIPO Minsk,2-1,H,Continental,Wikipedia,2005–06 UEFA Cup qualifying rounds
2005-08-25,UEFA,UEFA 2nd Division,2,2005–06,Tromsø,Esbjerg,0-1,A,Continental,Wikipedia,2005–06 UEFA Cup qualifying rounds
2005-08-25,UEFA,UEFA 2nd Division,2,2005–06,Vardar,Rapid București,1-1,D,Continental,Wikipedia,2005–06 UEFA Cup qualifying rounds
2005-08-25,UEFA,UEFA 2nd Division,2,2005–06,Viking,Rhyl,2-1,H,Continental,Wikipedia,2005–06 UEFA Cup qualifying rounds
2005-08-25,UEFA,UEFA 2nd Division,2,2005–06,Wisła Płock,Grasshopper,3-2,H,Continental,Wikipedia,2005–06 UEFA Cup qualifying rounds
2005-08-25,UEFA,UEFA 2nd Division,2,2005–06,Zenit Saint Petersburg,Superfund,1-1,D,Continental,Wikipedia,2005–06 UEFA Cup qualifying rounds
2005-08-25,UEFA,UEFA 2nd Division,2,2005–06,Zürich,Legia Warsaw,4-1,H,Continental,Wikipedia,2005–06 UEFA Cup qualifying rounds
2005-08-25,UEFA,UEFA 2nd Division,2,2005–06,Široki Brijeg,Zeta,4-2,H,Continental,Wikipedia,2005–06 UEFA Cup qualifying rounds
2005-09-15,UEFA,UEFA 2nd Division,2,2005–06,APOEL,Hertha BSC,0-1,A,Continental,Wikipedia,2005–06 UEFA Cup first round
2005-09-15,UEFA,UEFA 2nd Division,2,2005–06,Auxerre,Levski Sofia,2-1,H,Continental,Wikipedia,2005–06 UEFA Cup first round
2005-09-15,UEFA,UEFA 2nd Division,2,2005–06,Baník Ostrava,Heerenveen,2-0,H,Continental,Wikipedia,2005–06 UEFA Cup first round
2005-09-15,UEFA,UEFA 2nd Division,2,2005–06,Basel,Široki Brijeg,5-0,H,Continental,Wikipedia,2005–06 UEFA Cup first round
2005-09-15,UEFA,UEFA 2nd Division,2,2005–06,Bayer Leverkusen,CSKA Sofia,0-1,A,Continental,Wikipedia,2005–06 UEFA Cup first round
2005-09-15,UEFA,UEFA 2nd Division,2,2005–06,Beşiktaş,Malmö FF,0-1,A,Continental,Wikipedia,2005–06 UEFA Cup first round
2005-09-15,UEFA,UEFA 2nd Division,2,2005–06,Bolton Wanderers,Lokomotiv Plovdiv,2-1,H,Continental,Wikipedia,2005–06 UEFA Cup first round
2005-09-15,UEFA,UEFA 2nd Division,2,2005–06,Brann,Lokomotiv Moscow,1-2,A,Continental,Wikipedia,2005–06 UEFA Cup first round
2005-09-15,UEFA,UEFA 2nd Division,2,2005–06,Brøndby,Zürich,2-0,H,Continental,Wikipedia,2005–06 UEFA Cup first round
2005-09-15,UEFA,UEFA 2nd Division,2,2005–06,CSKA Moscow,Midtjylland,3-1,H,Continental,Wikipedia,2005–06 UEFA Cup first round
2005-09-15,UEFA,UEFA 2nd Division,2,2005–06,Dinamo București,Everton,5-1,H,Continental,Wikipedia,2005–06 UEFA Cup first round
2005-09-15,UEFA,UEFA 2nd Division,2,2005–06,Feyenoord,Rapid București,1-1,D,Continental,Wikipedia,2005–06 UEFA Cup first round
2005-09-15,UEFA,UEFA 2nd Division,2,2005–06,GAK,Strasbourg,0-2,A,Continental,Wikipedia,2005–06 UEFA Cup first round
2005-09-15,UEFA,UEFA 2nd Division,2,2005–06,Germinal Beerschot,Marseille,0-0,D,Continental,Wikipedia,2005–06 UEFA Cup first round
2005-09-15,UEFA,UEFA 2nd Division,2,2005–06,Grasshopper,MYPA,1-1,D,Continental,Wikipedia,2005–06 UEFA Cup first round
2005-09-15,UEFA,UEFA 2nd Division,2,2005–06,Halmstads BK,Sporting CP,1-2,A,Continental,Wikipedia,2005–06 UEFA Cup first round
2005-09-15,UEFA,UEFA 2nd Division,2,2005–06,Hamburger SV,Copenhagen,1-1,D,Continental,Wikipedia,2005–06 UEFA Cup first round
2005-09-15,UEFA,UEFA 2nd Division,2,2005–06,Hibernian,Dnipro Dnipropetrovsk,0-0,D,Continental,Wikipedia,2005–06 UEFA Cup first round
2005-09-15,UEFA,UEFA 2nd Division,2,2005–06,Krylia Sovetov Samara,AZ,5-3,H,Continental,Wikipedia,2005–06 UEFA Cup first round
2005-09-15,UEFA,UEFA 2nd Division,2,2005–06,Lens,Groclin Grodzisk Wielkopolski,1-1,D,Continental,Wikipedia,2005–06 UEFA Cup first round
2005-09-15,UEFA,UEFA 2nd Division,2,2005–06,Litex Lovech,Genk,2-2,D,Continental,Wikipedia,2005–06 UEFA Cup first round
2005-09-15,UEFA,UEFA 2nd Division,2,2005–06,Maccabi Petah Tikva,Partizan,0-2,A,Continental,Wikipedia,2005–06 UEFA Cup first round
2005-09-15,UEFA,UEFA 2nd Division,2,2005–06,Middlesbrough,Skoda Xanthi,2-0,H,Continental,Wikipedia,2005–06 UEFA Cup first round
2005-09-15,UEFA,UEFA 2nd Division,2,2005–06,Monaco,Willem II,2-0,H,Continental,Wikipedia,2005–06 UEFA Cup first round
2005-09-15,UEFA,UEFA 2nd Division,2,2005–06,PAOK,Metalurh Donetsk,1-1,D,Continental,Wikipedia,2005–06 UEFA Cup first round
2005-09-15,UEFA,UEFA 2nd Division,2,2005–06,Palermo,Anorthosis Famagusta,2-1,H,Continental,Wikipedia,2005–06 UEFA Cup first round
2005-09-15,UEFA,UEFA 2nd Division,2,2005–06,Red Star Belgrade,Braga,0-0,D,Continental,Wikipedia,2005–06 UEFA Cup first round
2005-09-15,UEFA,UEFA 2nd Division,2,2005–06,Rennes,Osasuna,3-1,H,Continental,Wikipedia,2005–06 UEFA Cup first round
2005-09-15,UEFA,UEFA 2nd Division,2,2005–06,Roma,Aris,5-1,H,Continental,Wikipedia,2005–06 UEFA Cup first round
2005-09-15,UEFA,UEFA 2nd Division,2,2005–06,Sevilla,Mainz 05,0-0,D,Continental,Wikipedia,2005–06 UEFA Cup first round
2005-09-15,UEFA,UEFA 2nd Division,2,2005–06,Shakhtar Donetsk,Debrecen,4-1,H,Continental,Wikipedia,2005–06 UEFA Cup first round
2005-09-15,UEFA,UEFA 2nd Division,2,2005–06,Slavia Prague,Cork City,2-0,H,Continental,Wikipedia,2005–06 UEFA Cup first round
2005-09-15,UEFA,UEFA 2nd Division,2,2005–06,Teplice,Espanyol,1-1,D,Continental,Wikipedia,2005–06 UEFA Cup first round
2005-09-15,UEFA,UEFA 2nd Division,2,2005–06,Tromsø,Galatasaray,1-0,H,Continental,Wikipedia,2005–06 UEFA Cup first round
2005-09-15,UEFA,UEFA 2nd Division,2,2005–06,VfB Stuttgart,Domžale,2-0,H,Continental,Wikipedia,2005–06 UEFA Cup first round
2005-09-15,UEFA,UEFA 2nd Division,2,2005–06,Viking,Austria Wien,1-0,H,Continental,Wikipedia,2005–06 UEFA Cup first round
2005-09-15,UEFA,UEFA 2nd Division,2,2005–06,Vitória de Guimarães,Wisła Kraków,3-0,H,Continental,Wikipedia,2005–06 UEFA Cup first round
2005-09-15,UEFA,UEFA 2nd Division,2,2005–06,Vitória de Setúbal,Sampdoria,1-1,D,Continental,Wikipedia,2005–06 UEFA Cup first round
2005-09-15,UEFA,UEFA 2nd Division,2,2005–06,Vålerenga,Steaua București,0-3,A,Continental,Wikipedia,2005–06 UEFA Cup first round
2005-09-15,UEFA,UEFA 2nd Division,2,2005–06,Zenit Saint Petersburg,AEK Athens,0-0,D,Continental,Wikipedia,2005–06 UEFA Cup first round
2005-09-29,UEFA,UEFA 2nd Division,2,2005–06,AEK Athens,Zenit Saint Petersburg,0-1,A,Continental,Wikipedia,2005–06 UEFA Cup first round
2005-09-29,UEFA,UEFA 2nd Division,2,2005–06,AZ,Krylia Sovetov Samara,3-1,H,Continental,Wikipedia,2005–06 UEFA Cup first round
2005-09-29,UEFA,UEFA 2nd Division,2,2005–06,Anorthosis Famagusta,Palermo,0-4,A,Continental,Wikipedia,2005–06 UEFA Cup first round
2005-09-29,UEFA,UEFA 2nd Division,2,2005–06,Aris,Roma,0-0,D,Continental,Wikipedia,2005–06 UEFA Cup first round
2005-09-29,UEFA,UEFA 2nd Division,2,2005–06,Austria Wien,Viking,2-1,H,Continental,Wikipedia,2005–06 UEFA Cup first round
2005-09-29,UEFA,UEFA 2nd Division,2,2005–06,Braga,Red Star Belgrade,1-1,D,Continental,Wikipedia,2005–06 UEFA Cup first round
2005-09-29,UEFA,UEFA 2nd Division,2,2005–06,CSKA Sofia,Bayer Leverkusen,1-0,H,Continental,Wikipedia,2005–06 UEFA Cup first round
2005-09-29,UEFA,UEFA 2nd Division,2,2005–06,Copenhagen,Hamburger SV,0-1,A,Continental,Wikipedia,2005–06 UEFA Cup first round
2005-09-29,UEFA,UEFA 2nd Division,2,2005–06,Cork City,Slavia Prague,1-2,A,Continental,Wikipedia,2005–06 UEFA Cup first round
2005-09-29,UEFA,UEFA 2nd Division,2,2005–06,Debrecen,Shakhtar Donetsk,0-2,A,Continental,Wikipedia,2005–06 UEFA Cup first round
2005-09-29,UEFA,UEFA 2nd Division,2,2005–06,Dnipro Dnipropetrovsk,Hibernian,5-1,H,Continental,Wikipedia,2005–06 UEFA Cup first round
2005-09-29,UEFA,UEFA 2nd Division,2,2005–06,Domžale,VfB Stuttgart,1-0,H,Continental,Wikipedia,2005–06 UEFA Cup first round
2005-09-29,UEFA,UEFA 2nd Division,2,2005–06,Espanyol,Teplice,2-0,H,Continental,Wikipedia,2005–06 UEFA Cup first round
2005-09-29,UEFA,UEFA 2nd Division,2,2005–06,Everton,Dinamo București,1-0,H,Continental,Wikipedia,2005–06 UEFA Cup first round
2005-09-29,UEFA,UEFA 2nd Division,2,2005–06,Galatasaray,Tromsø,1-1,D,Continental,Wikipedia,2005–06 UEFA Cup first round
2005-09-29,UEFA,UEFA 2nd Division,2,2005–06,Genk,Litex Lovech,0-1,A,Continental,Wikipedia,2005–06 UEFA Cup first round
2005-09-29,UEFA,UEFA 2nd Division,2,2005–06,Groclin Grodzisk Wielkopolski,Lens,2-4,A,Continental,Wikipedia,2005–06 UEFA Cup first round
2005-09-29,UEFA,UEFA 2nd Division,2,2005–06,Heerenveen,Baník Ostrava,5-0,H,Continental,Wikipedia,2005–06 UEFA Cup first round
2005-09-29,UEFA,UEFA 2nd Division,2,2005–06,Hertha BSC,APOEL,3-1,H,Continental,Wikipedia,2005–06 UEFA Cup first round
2005-09-29,UEFA,UEFA 2nd Division,2,2005–06,Levski Sofia,Auxerre,1-0,H,Continental,Wikipedia,2005–06 UEFA Cup first round
2005-09-29,UEFA,UEFA 2nd Division,2,2005–06,Lokomotiv Moscow,Brann,3-2,H,Continental,Wikipedia,2005–06 UEFA Cup first round
2005-09-29,UEFA,UEFA 2nd Division,2,2005–06,Lokomotiv Plovdiv,Bolton Wanderers,1-2,A,Continental,Wikipedia,2005–06 UEFA Cup first round
2005-09-29,UEFA,UEFA 2nd Division,2,2005–06,MYPA,Grasshopper,0-3,A,Continental,Wikipedia,2005–06 UEFA Cup first round
2005-09-29,UEFA,UEFA 2nd Division,2,2005–06,Mainz 05,Sevilla,0-2,A,Continental,Wikipedia,2005–06 UEFA Cup first round
2005-09-29,UEFA,UEFA 2nd Division,2,2005–06,Malmö FF,Beşiktaş,1-4,A,Continental,Wikipedia,2005–06 UEFA Cup first round
2005-09-29,UEFA,UEFA 2nd Division,2,2005–06,Marseille,Germinal Beerschot,0-0,D,Continental,Wikipedia,2005–06 UEFA Cup first round
2005-09-29,UEFA,UEFA 2nd Division,2,2005–06,Metalurh Donetsk,PAOK,2-2,D,Continental,Wikipedia,2005–06 UEFA Cup first round
2005-09-29,UEFA,UEFA 2nd Division,2,2005–06,Midtjylland,CSKA Moscow,1-3,A,Continental,Wikipedia,2005–06 UEFA Cup first round
2005-09-29,UEFA,UEFA 2nd Division,2,2005–06,Osasuna,Rennes,0-0,D,Continental,Wikipedia,2005–06 UEFA Cup first round
2005-09-29,UEFA,UEFA 2nd Division,2,2005–06,Partizan,Maccabi Petah Tikva,2-5,A,Continental,Wikipedia,2005–06 UEFA Cup first round
2005-09-29,UEFA,UEFA 2nd Division,2,2005–06,Rapid București,Feyenoord,1-0,H,Continental,Wikipedia,2005–06 UEFA Cup first round
2005-09-29,UEFA,UEFA 2nd Division,2,2005–06,Sampdoria,Vitória de Setúbal,1-0,H,Continental,Wikipedia,2005–06 UEFA Cup first round
2005-09-29,UEFA,UEFA 2nd Division,2,2005–06,Skoda Xanthi,Middlesbrough,0-0,D,Continental,Wikipedia,2005–06 UEFA Cup first round
2005-09-29,UEFA,UEFA 2nd Division,2,2005–06,Sporting CP,Halmstads BK,2-3,A,Continental,Wikipedia,2005–06 UEFA Cup first round
2005-09-29,UEFA,UEFA 2nd Division,2,2005–06,Steaua București,Vålerenga,3-1,H,Continental,Wikipedia,2005–06 UEFA Cup first round
2005-09-29,UEFA,UEFA 2nd Division,2,2005–06,Strasbourg,GAK,5-0,H,Continental,Wikipedia,2005–06 UEFA Cup first round
2005-09-29,UEFA,UEFA 2nd Division,2,2005–06,Willem II,Monaco,1-3,A,Continental,Wikipedia,2005–06 UEFA Cup first round
2005-09-29,UEFA,UEFA 2nd Division,2,2005–06,Wisła Kraków,Vitória de Guimarães,0-1,A,Continental,Wikipedia,2005–06 UEFA Cup first round
2005-09-29,UEFA,UEFA 2nd Division,2,2005–06,Zürich,Brøndby,2-1,H,Continental,Wikipedia,2005–06 UEFA Cup first round
2005-09-29,UEFA,UEFA 2nd Division,2,2005–06,Široki Brijeg,Basel,0-1,A,Continental,Wikipedia,2005–06 UEFA Cup first round
2005-10-19,UEFA,UEFA 2nd Division,2,2005–06,Lokomotiv Moscow,Espanyol,0-1,A,Continental,Wikipedia,2005–06 UEFA Cup group stage
2005-10-20,UEFA,UEFA 2nd Division,2,2005–06,Basel,Strasbourg,0-2,A,Continental,Wikipedia,2005–06 UEFA Cup group stage
2005-10-20,UEFA,UEFA 2nd Division,2,2005–06,Beşiktaş,Bolton Wanderers,1-1,D,Continental,Wikipedia,2005–06 UEFA Cup group stage
2005-10-20,UEFA,UEFA 2nd Division,2,2005–06,CSKA Moscow,Marseille,1-2,A,Continental,Wikipedia,2005–06 UEFA Cup group stage
2005-10-20,UEFA,UEFA 2nd Division,2,2005–06,CSKA Sofia,Hamburger SV,0-1,A,Continental,Wikipedia,2005–06 UEFA Cup group stage
2005-10-20,UEFA,UEFA 2nd Division,2,2005–06,Dinamo București,Heerenveen,0-0,D,Continental,Wikipedia,2005–06 UEFA Cup group stage
2005-10-20,UEFA,UEFA 2nd Division,2,2005–06,Dnipro Dnipropetrovsk,AZ,1-2,A,Continental,Wikipedia,2005–06 UEFA Cup group stage
2005-10-20,UEFA,UEFA 2nd Division,2,2005–06,Grasshopper,Middlesbrough,0-1,A,Continental,Wikipedia,2005–06 UEFA Cup group stage
2005-10-20,UEFA,UEFA 2nd Division,2,2005–06,Halmstads BK,Hertha BSC,0-1,A,Continental,Wikipedia,2005–06 UEFA Cup group stage
2005-10-20,UEFA,UEFA 2nd Division,2,2005–06,Maccabi Petah Tikva,Palermo,1-2,A,Continental,Wikipedia,2005–06 UEFA Cup group stage
2005-10-20,UEFA,UEFA 2nd Division,2,2005–06,Rennes,VfB Stuttgart,0-2,A,Continental,Wikipedia,2005–06 UEFA Cup group stage
2005-10-20,UEFA,UEFA 2nd Division,2,2005–06,Shakhtar Donetsk,PAOK,1-0,H,Continental,Wikipedia,2005–06 UEFA Cup group stage
2005-10-20,UEFA,UEFA 2nd Division,2,2005–06,Steaua București,Lens,4-0,H,Continental,Wikipedia,2005–06 UEFA Cup group stage
2005-10-20,UEFA,UEFA 2nd Division,2,2005–06,Tromsø,Roma,1-2,A,Continental,Wikipedia,2005–06 UEFA Cup group stage
2005-10-20,UEFA,UEFA 2nd Division,2,2005–06,Viking,Monaco,1-0,H,Continental,Wikipedia,2005–06 UEFA Cup group stage
2005-10-20,UEFA,UEFA 2nd Division,2,2005–06,Zenit Saint Petersburg,Vitória de Guimarães,2-1,H,Continental,Wikipedia,2005–06 UEFA Cup group stage
2005-11-03,UEFA,UEFA 2nd Division,2,2005–06,Bolton Wanderers,Zenit Saint Petersburg,1-0,H,Continental,Wikipedia,2005–06 UEFA Cup group stage
2005-11-03,UEFA,UEFA 2nd Division,2,2005–06,Brøndby,Maccabi Petah Tikva,2-0,H,Continental,Wikipedia,2005–06 UEFA Cup group stage
2005-11-03,UEFA,UEFA 2nd Division,2,2005–06,Hamburger SV,Viking,2-0,H,Continental,Wikipedia,2005–06 UEFA Cup group stage
2005-11-03,UEFA,UEFA 2nd Division,2,2005–06,Heerenveen,CSKA Moscow,0-0,D,Continental,Wikipedia,2005–06 UEFA Cup group stage
2005-11-03,UEFA,UEFA 2nd Division,2,2005–06,Lens,Halmstads BK,5-0,H,Continental,Wikipedia,2005–06 UEFA Cup group stage
2005-11-03,UEFA,UEFA 2nd Division,2,2005–06,Levski Sofia,Dinamo București,1-0,H,Continental,Wikipedia,2005–06 UEFA Cup group stage
2005-11-03,UEFA,UEFA 2nd Division,2,2005–06,Litex Lovech,Grasshopper,2-1,H,Continental,Wikipedia,2005–06 UEFA Cup group stage
2005-11-03,UEFA,UEFA 2nd Division,2,2005–06,Middlesbrough,Dnipro Dnipropetrovsk,3-0,H,Continental,Wikipedia,2005–06 UEFA Cup group stage
2005-11-03,UEFA,UEFA 2nd Division,2,2005–06,Palermo,Lokomotiv Moscow,0-0,D,Continental,Wikipedia,2005–06 UEFA Cup group stage
2005-11-03,UEFA,UEFA 2nd Division,2,2005–06,Rapid București,Rennes,2-0,H,Continental,Wikipedia,2005–06 UEFA Cup group stage
2005-11-03,UEFA,UEFA 2nd Division,2,2005–06,Red Star Belgrade,Basel,1-2,A,Continental,Wikipedia,2005–06 UEFA Cup group stage
2005-11-03,UEFA,UEFA 2nd Division,2,2005–06,Sampdoria,Steaua București,0-0,D,Continental,Wikipedia,2005–06 UEFA Cup group stage
2005-11-03,UEFA,UEFA 2nd Division,2,2005–06,Sevilla,Beşiktaş,3-0,H,Continental,Wikipedia,2005–06 UEFA Cup group stage
2005-11-03,UEFA,UEFA 2nd Division,2,2005–06,Slavia Prague,CSKA Sofia,4-2,H,Continental,Wikipedia,2005–06 UEFA Cup group stage
2005-11-03,UEFA,UEFA 2nd Division,2,2005–06,Strasbourg,Tromsø,2-0,H,Continental,Wikipedia,2005–06 UEFA Cup group stage
2005-11-03,UEFA,UEFA 2nd Division,2,2005–06,VfB Stuttgart,Shakhtar Donetsk,0-2,A,Continental,Wikipedia,2005–06 UEFA Cup group stage
2005-11-23,UEFA,UEFA 2nd Division,2,2005–06,Lokomotiv Moscow,Brøndby,4-2,H,Continental,Wikipedia,2005–06 UEFA Cup group stage
2005-11-24,UEFA,UEFA 2nd Division,2,2005–06,AZ,Middlesbrough,0-0,D,Continental,Wikipedia,2005–06 UEFA Cup group stage
2005-11-24,UEFA,UEFA 2nd Division,2,2005–06,CSKA Moscow,Levski Sofia,2-1,H,Continental,Wikipedia,2005–06 UEFA Cup group stage
2005-11-24,UEFA,UEFA 2nd Division,2,2005–06,Dnipro Dnipropetrovsk,Litex Lovech,0-2,A,Continental,Wikipedia,2005–06 UEFA Cup group stage
2005-11-24,UEFA,UEFA 2nd Division,2,2005–06,Espanyol,Palermo,1-1,D,Continental,Wikipedia,2005–06 UEFA Cup group stage
2005-11-24,UEFA,UEFA 2nd Division,2,2005–06,Halmstads BK,Sampdoria,1-3,A,Continental,Wikipedia,2005–06 UEFA Cup group stage
2005-11-24,UEFA,UEFA 2nd Division,2,2005–06,Hertha BSC,Lens,0-0,D,Continental,Wikipedia,2005–06 UEFA Cup group stage
2005-11-24,UEFA,UEFA 2nd Division,2,2005–06,Marseille,Heerenveen,1-0,H,Continental,Wikipedia,2005–06 UEFA Cup group stage
2005-11-24,UEFA,UEFA 2nd Division,2,2005–06,Monaco,Hamburger SV,2-0,H,Continental,Wikipedia,2005–06 UEFA Cup group stage
2005-11-24,UEFA,UEFA 2nd Division,2,2005–06,PAOK,VfB Stuttgart,1-2,A,Continental,Wikipedia,2005–06 UEFA Cup group stage
2005-11-24,UEFA,UEFA 2nd Division,2,2005–06,Roma,Strasbourg,1-1,D,Continental,Wikipedia,2005–06 UEFA Cup group stage
2005-11-24,UEFA,UEFA 2nd Division,2,2005–06,Shakhtar Donetsk,Rapid București,0-1,A,Continental,Wikipedia,2005–06 UEFA Cup group stage
2005-11-24,UEFA,UEFA 2nd Division,2,2005–06,Tromsø,Red Star Belgrade,3-1,H,Continental,Wikipedia,2005–06 UEFA Cup group stage
2005-11-24,UEFA,UEFA 2nd Division,2,2005–06,Viking,Slavia Prague,2-2,D,Continental,Wikipedia,2005–06 UEFA Cup group stage
2005-11-24,UEFA,UEFA 2nd Division,2,2005–06,Vitória de Guimarães,Bolton Wanderers,1-1,D,Continental,Wikipedia,2005–06 UEFA Cup group stage
2005-11-24,UEFA,UEFA 2nd Division,2,2005–06,Zenit Saint Petersburg,Sevilla,2-1,H,Continental,Wikipedia,2005–06 UEFA Cup group stage
2005-11-30,UEFA,UEFA 2nd Division,2,2005–06,Brøndby,Espanyol,1-1,D,Continental,Wikipedia,2005–06 UEFA Cup group stage
2005-11-30,UEFA,UEFA 2nd Division,2,2005–06,CSKA Sofia,Viking,2-0,H,Continental,Wikipedia,2005–06 UEFA Cup group stage
2005-11-30,UEFA,UEFA 2nd Division,2,2005–06,Grasshopper,Dnipro Dnipropetrovsk,2-3,A,Continental,Wikipedia,2005–06 UEFA Cup group stage
2005-11-30,UEFA,UEFA 2nd Division,2,2005–06,Litex Lovech,AZ,0-2,A,Continental,Wikipedia,2005–06 UEFA Cup group stage
2005-11-30,UEFA,UEFA 2nd Division,2,2005–06,Maccabi Petah Tikva,Lokomotiv Moscow,0-4,A,Continental,Wikipedia,2005–06 UEFA Cup group stage
2005-11-30,UEFA,UEFA 2nd Division,2,2005–06,Sampdoria,Hertha BSC,0-0,D,Continental,Wikipedia,2005–06 UEFA Cup group stage
2005-11-30,UEFA,UEFA 2nd Division,2,2005–06,Slavia Prague,Monaco,0-2,A,Continental,Wikipedia,2005–06 UEFA Cup group stage
2005-11-30,UEFA,UEFA 2nd Division,2,2005–06,Steaua București,Halmstads BK,3-0,H,Continental,Wikipedia,2005–06 UEFA Cup group stage
2005-12-01,UEFA,UEFA 2nd Division,2,2005–06,Basel,Tromsø,4-3,H,Continental,Wikipedia,2005–06 UEFA Cup group stage
2005-12-01,UEFA,UEFA 2nd Division,2,2005–06,Beşiktaş,Zenit Saint Petersburg,1-1,D,Continental,Wikipedia,2005–06 UEFA Cup group stage
2005-12-01,UEFA,UEFA 2nd Division,2,2005–06,Dinamo București,CSKA Moscow,1-0,H,Continental,Wikipedia,2005–06 UEFA Cup group stage
2005-12-01,UEFA,UEFA 2nd Division,2,2005–06,Levski Sofia,Marseille,1-0,H,Continental,Wikipedia,2005–06 UEFA Cup group stage
2005-12-01,UEFA,UEFA 2nd Division,2,2005–06,Rapid București,PAOK,1-0,H,Continental,Wikipedia,2005–06 UEFA Cup group stage
2005-12-01,UEFA,UEFA 2nd Division,2,2005–06,Red Star Belgrade,Roma,3-1,H,Continental,Wikipedia,2005–06 UEFA Cup group stage
2005-12-01,UEFA,UEFA 2nd Division,2,2005–06,Rennes,Shakhtar Donetsk,0-1,A,Continental,Wikipedia,2005–06 UEFA Cup group stage
2005-12-01,UEFA,UEFA 2nd Division,2,2005–06,Sevilla,Vitória de Guimarães,3-1,H,Continental,Wikipedia,2005–06 UEFA Cup group stage
2005-12-14,UEFA,UEFA 2nd Division,2,2005–06,Bolton Wanderers,Sevilla,1-1,D,Continental,Wikipedia,2005–06 UEFA Cup group stage
2005-12-14,UEFA,UEFA 2nd Division,2,2005–06,Heerenveen,Levski Sofia,2-1,H,Continental,Wikipedia,2005–06 UEFA Cup group stage
2005-12-14,UEFA,UEFA 2nd Division,2,2005–06,Marseille,Dinamo București,2-1,H,Continental,Wikipedia,2005–06 UEFA Cup group stage
2005-12-14,UEFA,UEFA 2nd Division,2,2005–06,PAOK,Rennes,5-1,H,Continental,Wikipedia,2005–06 UEFA Cup group stage
2005-12-14,UEFA,UEFA 2nd Division,2,2005–06,Roma,Basel,3-1,H,Continental,Wikipedia,2005–06 UEFA Cup group stage
2005-12-14,UEFA,UEFA 2nd Division,2,2005–06,Strasbourg,Red Star Belgrade,2-2,D,Continental,Wikipedia,2005–06 UEFA Cup group stage
2005-12-14,UEFA,UEFA 2nd Division,2,2005–06,VfB Stuttgart,Rapid București,2-1,H,Continental,Wikipedia,2005–06 UEFA Cup group stage
2005-12-14,UEFA,UEFA 2nd Division,2,2005–06,Vitória de Guimarães,Beşiktaş,1-3,A,Continental,Wikipedia,2005–06 UEFA Cup group stage
2005-12-15,UEFA,UEFA 2nd Division,2,2005–06,AZ,Grasshopper,1-0,H,Continental,Wikipedia,2005–06 UEFA Cup group stage
2005-12-15,UEFA,UEFA 2nd Division,2,2005–06,Espanyol,Maccabi Petah Tikva,1-0,H,Continental,Wikipedia,2005–06 UEFA Cup group stage
2005-12-15,UEFA,UEFA 2nd Division,2,2005–06,Hamburger SV,Slavia Prague,2-0,H,Continental,Wikipedia,2005–06 UEFA Cup group stage
2005-12-15,UEFA,UEFA 2nd Division,2,2005–06,Hertha BSC,Steaua București,0-0,D,Continental,Wikipedia,2005–06 UEFA Cup group stage
2005-12-15,UEFA,UEFA 2nd Division,2,2005–06,Lens,Sampdoria,2-1,H,Continental,Wikipedia,2005–06 UEFA Cup group stage
2005-12-15,UEFA,UEFA 2nd Division,2,2005–06,Middlesbrough,Litex Lovech,2-0,H,Continental,Wikipedia,2005–06 UEFA Cup group stage
2005-12-15,UEFA,UEFA 2nd Division,2,2005–06,Monaco,CSKA Sofia,2-1,H,Continental,Wikipedia,2005–06 UEFA Cup group stage
2005-12-15,UEFA,UEFA 2nd Division,2,2005–06,Palermo,Brøndby,3-0,H,Continental,Wikipedia,2005–06 UEFA Cup group stage
2006-02-15,UEFA,UEFA 2nd Division,2,2005–06,Artmedia Bratislava,Levski Sofia,0-1,A,Continental,Wikipedia,2005–06 UEFA Cup knockout stage
2006-02-15,UEFA,UEFA 2nd Division,2,2005–06,Basel,Monaco,1-0,H,Continental,Wikipedia,2005–06 UEFA Cup knockout stage
2006-02-15,UEFA,UEFA 2nd Division,2,2005–06,Bolton Wanderers,Marseille,0-0,D,Continental,Wikipedia,2005–06 UEFA Cup knockout stage
2006-02-15,UEFA,UEFA 2nd Division,2,2005–06,Club Brugge,Roma,1-2,A,Continental,Wikipedia,2005–06 UEFA Cup knockout stage
2006-02-15,UEFA,UEFA 2nd Division,2,2005–06,Heerenveen,Steaua București,1-3,A,Continental,Wikipedia,2005–06 UEFA Cup knockout stage
2006-02-15,UEFA,UEFA 2nd Division,2,2005–06,Hertha BSC,Rapid București,0-1,A,Continental,Wikipedia,2005–06 UEFA Cup knockout stage
2006-02-15,UEFA,UEFA 2nd Division,2,2005–06,Lille,Shakhtar Donetsk,3-2,H,Continental,Wikipedia,2005–06 UEFA Cup knockout stage
2006-02-15,UEFA,UEFA 2nd Division,2,2005–06,Litex Lovech,Strasbourg,0-2,A,Continental,Wikipedia,2005–06 UEFA Cup knockout stage
2006-02-15,UEFA,UEFA 2nd Division,2,2005–06,Lokomotiv Moscow,Sevilla,0-1,A,Continental,Wikipedia,2005–06 UEFA Cup knockout stage
2006-02-15,UEFA,UEFA 2nd Division,2,2005–06,Real Betis,AZ,2-0,H,Continental,Wikipedia,2005–06 UEFA Cup knockout stage
2006-02-15,UEFA,UEFA 2nd Division,2,2005–06,Rosenborg,Zenit Saint Petersburg,0-2,A,Continental,Wikipedia,2005–06 UEFA Cup knockout stage
2006-02-15,UEFA,UEFA 2nd Division,2,2005–06,Schalke 04,Espanyol,2-1,H,Continental,Wikipedia,2005–06 UEFA Cup knockout stage
2006-02-15,UEFA,UEFA 2nd Division,2,2005–06,Udinese,Lens,3-0,H,Continental,Wikipedia,2005–06 UEFA Cup knockout stage
2006-02-16,UEFA,UEFA 2nd Division,2,2005–06,Slavia Prague,Palermo,2-1,H,Continental,Wikipedia,2005–06 UEFA Cup knockout stage
2006-02-16,UEFA,UEFA 2nd Division,2,2005–06,Thun,Hamburger SV,1-0,H,Continental,Wikipedia,2005–06 UEFA Cup knockout stage
2006-02-16,UEFA,UEFA 2nd Division,2,2005–06,VfB Stuttgart,Middlesbrough,1-2,A,Continental,Wikipedia,2005–06 UEFA Cup knockout stage
2006-02-23,UEFA,UEFA 2nd Division,2,2005–06,AZ,Real Betis,2-1,H,Continental,Wikipedia,2005–06 UEFA Cup knockout stage
2006-02-23,UEFA,UEFA 2nd Division,2,2005–06,Espanyol,Schalke 04,0-3,A,Continental,Wikipedia,2005–06 UEFA Cup knockout stage
2006-02-23,UEFA,UEFA 2nd Division,2,2005–06,Hamburger SV,Thun,2-0,H,Continental,Wikipedia,2005–06 UEFA Cup knockout stage
2006-02-23,UEFA,UEFA 2nd Division,2,2005–06,Lens,Udinese,1-0,H,Continental,Wikipedia,2005–06 UEFA Cup knockout stage
2006-02-23,UEFA,UEFA 2nd Division,2,2005–06,Levski Sofia,Artmedia Bratislava,2-0,H,Continental,Wikipedia,2005–06 UEFA Cup knockout stage
2006-02-23,UEFA,UEFA 2nd Division,2,2005–06,Marseille,Bolton Wanderers,2-1,H,Continental,Wikipedia,2005–06 UEFA Cup knockout stage
2006-02-23,UEFA,UEFA 2nd Division,2,2005–06,Middlesbrough,VfB Stuttgart,0-1,A,Continental,Wikipedia,2005–06 UEFA Cup knockout stage
2006-02-23,UEFA,UEFA 2nd Division,2,2005–06,Monaco,Basel,1-1,D,Continental,Wikipedia,2005–06 UEFA Cup knockout stage
2006-02-23,UEFA,UEFA 2nd Division,2,2005–06,Palermo,Slavia Prague,1-0,H,Continental,Wikipedia,2005–06 UEFA Cup knockout stage
2006-02-23,UEFA,UEFA 2nd Division,2,2005–06,Rapid București,Hertha BSC,2-0,H,Continental,Wikipedia,2005–06 UEFA Cup knockout stage
2006-02-23,UEFA,UEFA 2nd Division,2,2005–06,Roma,Club Brugge,2-1,H,Continental,Wikipedia,2005–06 UEFA Cup knockout stage
2006-02-23,UEFA,UEFA 2nd Division,2,2005–06,Sevilla,Lokomotiv Moscow,2-0,H,Continental,Wikipedia,2005–06 UEFA Cup knockout stage
2006-02-23,UEFA,UEFA 2nd Division,2,2005–06,Shakhtar Donetsk,Lille,0-0,D,Continental,Wikipedia,2005–06 UEFA Cup knockout stage
2006-02-23,UEFA,UEFA 2nd Division,2,2005–06,Steaua București,Heerenveen,0-1,A,Continental,Wikipedia,2005–06 UEFA Cup knockout stage
2006-02-23,UEFA,UEFA 2nd Division,2,2005–06,Strasbourg,Litex Lovech,0-0,D,Continental,Wikipedia,2005–06 UEFA Cup knockout stage
2006-02-23,UEFA,UEFA 2nd Division,2,2005–06,Zenit Saint Petersburg,Rosenborg,2-1,H,Continental,Wikipedia,2005–06 UEFA Cup knockout stage
2006-03-09,UEFA,UEFA 2nd Division,2,2005–06,Basel,Strasbourg,2-0,H,Continental,Wikipedia,2005–06 UEFA Cup knockout stage
2006-03-09,UEFA,UEFA 2nd Division,2,2005–06,Lille,Sevilla,1-0,H,Continental,Wikipedia,2005–06 UEFA Cup knockout stage
2006-03-09,UEFA,UEFA 2nd Division,2,2005–06,Marseille,Zenit Saint Petersburg,0-1,A,Continental,Wikipedia,2005–06 UEFA Cup knockout stage
2006-03-09,UEFA,UEFA 2nd Division,2,2005–06,Middlesbrough,Roma,1-0,H,Continental,Wikipedia,2005–06 UEFA Cup knockout stage
2006-03-09,UEFA,UEFA 2nd Division,2,2005–06,Palermo,Schalke 04,1-0,H,Continental,Wikipedia,2005–06 UEFA Cup knockout stage
2006-03-09,UEFA,UEFA 2nd Division,2,2005–06,Rapid București,Hamburger SV,2-0,H,Continental,Wikipedia,2005–06 UEFA Cup knockout stage
2006-03-09,UEFA,UEFA 2nd Division,2,2005–06,Steaua București,Real Betis,0-0,D,Continental,Wikipedia,2005–06 UEFA Cup knockout stage
2006-03-09,UEFA,UEFA 2nd Division,2,2005–06,Udinese,Levski Sofia,0-0,D,Continental,Wikipedia,2005–06 UEFA Cup knockout stage
2006-03-15,UEFA,UEFA 2nd Division,2,2005–06,Hamburger SV,Rapid București,3-1,H,Continental,Wikipedia,2005–06 UEFA Cup knockout stage
2006-03-15,UEFA,UEFA 2nd Division,2,2005–06,Roma,Middlesbrough,2-1,H,Continental,Wikipedia,2005–06 UEFA Cup knockout stage
2006-03-15,UEFA,UEFA 2nd Division,2,2005–06,Sevilla,Lille,2-0,H,Continental,Wikipedia,2005–06 UEFA Cup knockout stage
2006-03-16,UEFA,UEFA 2nd Division,2,2005–06,Levski Sofia,Udinese,2-1,H,Continental,Wikipedia,2005–06 UEFA Cup knockout stage
2006-03-16,UEFA,UEFA 2nd Division,2,2005–06,Real Betis,Steaua București,0-3,A,Continental,Wikipedia,2005–06 UEFA Cup knockout stage
2006-03-16,UEFA,UEFA 2nd Division,2,2005–06,Schalke 04,Palermo,3-0,H,Continental,Wikipedia,2005–06 UEFA Cup knockout stage
2006-03-16,UEFA,UEFA 2nd Division,2,2005–06,Strasbourg,Basel,2-2,D,Continental,Wikipedia,2005–06 UEFA Cup knockout stage
2006-03-16,UEFA,UEFA 2nd Division,2,2005–06,Zenit Saint Petersburg,Marseille,1-1,D,Continental,Wikipedia,2005–06 UEFA Cup knockout stage
2006-03-30,UEFA,UEFA 2nd Division,2,2005–06,Basel,Middlesbrough,2-0,H,Continental,Wikipedia,2005–06 UEFA Cup knockout stage
2006-03-30,UEFA,UEFA 2nd Division,2,2005–06,Levski Sofia,Schalke 04,1-3,A,Continental,Wikipedia,2005–06 UEFA Cup knockout stage
2006-03-30,UEFA,UEFA 2nd Division,2,2005–06,Rapid București,Steaua București,1-1,D,Continental,Wikipedia,2005–06 UEFA Cup knockout stage
2006-03-30,UEFA,UEFA 2nd Division,2,2005–06,Sevilla,Zenit Saint Petersburg,4-1,H,Continental,Wikipedia,2005–06 UEFA Cup knockout stage
2006-04-06,UEFA,UEFA 2nd Division,2,2005–06,Middlesbrough,Basel,4-1,H,Continental,Wikipedia,2005–06 UEFA Cup knockout stage
2006-04-06,UEFA,UEFA 2nd Division,2,2005–06,Schalke 04,Levski Sofia,1-1,D,Continental,Wikipedia,2005–06 UEFA Cup knockout stage
2006-04-06,UEFA,UEFA 2nd Division,2,2005–06,Steaua București,Rapid București,0-0,D,Continental,Wikipedia,2005–06 UEFA Cup knockout stage
2006-04-06,UEFA,UEFA 2nd Division,2,2005–06,Zenit Saint Petersburg,Sevilla,1-1,D,Continental,Wikipedia,2005–06 UEFA Cup knockout stage
2006-04-20,UEFA,UEFA 2nd Division,2,2005–06,Schalke 04,Sevilla,0-0,D,Continental,Wikipedia,2005–06 UEFA Cup knockout stage
2006-04-20,UEFA,UEFA 2nd Division,2,2005–06,Steaua București,Middlesbrough,1-0,H,Continental,Wikipedia,2005–06 UEFA Cup knockout stage
2006-04-27,UEFA,UEFA 2nd Division,2,2005–06,Middlesbrough,Steaua București,4-2,H,Continental,Wikipedia,2005–06 UEFA Cup knockout stage
2006-04-27,UEFA,UEFA 2nd Division,2,2005–06,Sevilla,Schalke 04,1-0,H,Continental,Wikipedia,2005–06 UEFA Cup knockout stage
2006-07-13,UEFA,UEFA 2nd Division,2,2006–07,APOEL,Murata,3-1,H,Continental,Wikipedia,2006–07 UEFA Cup qualifying rounds
2006-07-13,UEFA,UEFA 2nd Division,2,2006–07,Ameri Tbilisi,Banants,0-1,A,Continental,Wikipedia,2006–07 UEFA Cup qualifying rounds
2006-07-13,UEFA,UEFA 2nd Division,2,2006–07,Artmedia Bratislava,WIT Georgia,2-0,H,Continental,Wikipedia,2006–07 UEFA Cup qualifying rounds
2006-07-13,UEFA,UEFA 2nd Division,2,2006–07,BATE Borisov,Nistru Otaci,2-0,H,Continental,Wikipedia,2006–07 UEFA Cup qualifying rounds
2006-07-13,UEFA,UEFA 2nd Division,2,2006–07,Basel,Tobol,3-1,H,Continental,Wikipedia,2006–07 UEFA Cup qualifying rounds
2006-07-13,UEFA,UEFA 2nd Division,2,2006–07,Brøndby,Valur,3-1,H,Continental,Wikipedia,2006–07 UEFA Cup qualifying rounds
2006-07-13,UEFA,UEFA 2nd Division,2,2006–07,Dinamo Tirana,CSKA Sofia,0-1,A,Continental,Wikipedia,2006–07 UEFA Cup qualifying rounds
2006-07-13,UEFA,UEFA 2nd Division,2,2006–07,Fehérvár,Kairat,1-0,H,Continental,Wikipedia,2006–07 UEFA Cup qualifying rounds
2006-07-13,UEFA,UEFA 2nd Division,2,2006–07,Gefle IF,Llanelli,1-2,A,Continental,Wikipedia,2006–07 UEFA Cup qualifying rounds
2006-07-13,UEFA,UEFA 2nd Division,2,2006–07,Glentoran,Brann,0-1,A,Continental,Wikipedia,2006–07 UEFA Cup qualifying rounds
2006-07-13,UEFA,UEFA 2nd Division,2,2006–07,HJK,Drogheda United,1-1,D,Continental,Wikipedia,2006–07 UEFA Cup qualifying rounds
2006-07-13,UEFA,UEFA 2nd Division,2,2006–07,Hibernians,Dinamo București,0-4,A,Continental,Wikipedia,2006–07 UEFA Cup qualifying rounds
2006-07-13,UEFA,UEFA 2nd Division,2,2006–07,IFK Göteborg,Derry City,0-1,A,Continental,Wikipedia,2006–07 UEFA Cup qualifying rounds
2006-07-13,UEFA,UEFA 2nd Division,2,2006–07,Jeunesse Esch,Skonto,0-2,A,Continental,Wikipedia,2006–07 UEFA Cup qualifying rounds
2006-07-13,UEFA,UEFA 2nd Division,2,2006–07,Karvan,Spartak Trnava,1-0,H,Continental,Wikipedia,2006–07 UEFA Cup qualifying rounds
2006-07-13,UEFA,UEFA 2nd Division,2,2006–07,Koper,Litex Lovech,0-1,A,Continental,Wikipedia,2006–07 UEFA Cup qualifying rounds
2006-07-13,UEFA,UEFA 2nd Division,2,2006–07,Levadia Tallinn,Haka,2-0,H,Continental,Wikipedia,2006–07 UEFA Cup qualifying rounds
2006-07-13,UEFA,UEFA 2nd Division,2,2006–07,Lokomotiv Sofia,Makedonija GP,2-0,H,Continental,Wikipedia,2006–07 UEFA Cup qualifying rounds
2006-07-13,UEFA,UEFA 2nd Division,2,2006–07,Lyn,Flora,1-1,D,Continental,Wikipedia,2006–07 UEFA Cup qualifying rounds
2006-07-13,UEFA,UEFA 2nd Division,2,2006–07,Mika,Young Boys,1-3,A,Continental,Wikipedia,2006–07 UEFA Cup qualifying rounds
2006-07-13,UEFA,UEFA 2nd Division,2,2006–07,Orašje,Domžale,0-2,A,Continental,Wikipedia,2006–07 UEFA Cup qualifying rounds
2006-07-13,UEFA,UEFA 2nd Division,2,2006–07,Portadown,Kaunas,1-3,A,Continental,Wikipedia,2006–07 UEFA Cup qualifying rounds
2006-07-13,UEFA,UEFA 2nd Division,2,2006–07,Randers,ÍA,1-0,H,Continental,Wikipedia,2006–07 UEFA Cup qualifying rounds
2006-07-13,UEFA,UEFA 2nd Division,2,2006–07,Rapid București,Sliema Wanderers,5-0,H,Continental,Wikipedia,2006–07 UEFA Cup qualifying rounds
2006-07-13,UEFA,UEFA 2nd Division,2,2006–07,Rhyl,Sūduva,0-0,D,Continental,Wikipedia,2006–07 UEFA Cup qualifying rounds
2006-07-13,UEFA,UEFA 2nd Division,2,2006–07,Rijeka,Omonia,2-2,D,Continental,Wikipedia,2006–07 UEFA Cup qualifying rounds
2006-07-13,UEFA,UEFA 2nd Division,2,2006–07,Sarajevo,Rànger's,3-0,H,Continental,Wikipedia,2006–07 UEFA Cup qualifying rounds
2006-07-13,UEFA,UEFA 2nd Division,2,2006–07,Skála,Start,0-1,A,Continental,Wikipedia,2006–07 UEFA Cup qualifying rounds
2006-07-13,UEFA,UEFA 2nd Division,2,2006–07,Vardar,Roeselare,1-2,A,Continental,Wikipedia,2006–07 UEFA Cup qualifying rounds
2006-07-13,UEFA,UEFA 2nd Division,2,2006–07,Varteks,Tirana,1-1,D,Continental,Wikipedia,2006–07 UEFA Cup qualifying rounds
2006-07-13,UEFA,UEFA 2nd Division,2,2006–07,Ventspils,GÍ,2-1,H,Continental,Wikipedia,2006–07 UEFA Cup qualifying rounds
2006-07-13,UEFA,UEFA 2nd Division,2,2006–07,Zagłębie Lubin,Dinamo Minsk,1-1,D,Continental,Wikipedia,2006–07 UEFA Cup qualifying rounds
2006-07-13,UEFA,UEFA 2nd Division,2,2006–07,Zimbru Chișinău,Qarabağ,1-1,D,Continental,Wikipedia,2006–07 UEFA Cup qualifying rounds
2006-07-13,UEFA,UEFA 2nd Division,2,2006–07,Åtvidabergs FF,Etzella Ettelbruck,4-0,H,Continental,Wikipedia,2006–07 UEFA Cup qualifying rounds
2006-07-13,UEFA,UEFA 2nd Division,2,2006–07,Újpest,Vaduz,0-4,A,Continental,Wikipedia,2006–07 UEFA Cup qualifying rounds
2006-07-27,UEFA,UEFA 2nd Division,2,2006–07,Banants,Ameri Tbilisi,1-2,A,Continental,Wikipedia,2006–07 UEFA Cup qualifying rounds
2006-07-27,UEFA,UEFA 2nd Division,2,2006–07,Brann,Glentoran,1-0,H,Continental,Wikipedia,2006–07 UEFA Cup qualifying rounds
2006-07-27,UEFA,UEFA 2nd Division,2,2006–07,CSKA Sofia,Dinamo Tirana,4-1,H,Continental,Wikipedia,2006–07 UEFA Cup qualifying rounds
2006-07-27,UEFA,UEFA 2nd Division,2,2006–07,Derry City,IFK Göteborg,1-0,H,Continental,Wikipedia,2006–07 UEFA Cup qualifying rounds
2006-07-27,UEFA,UEFA 2nd Division,2,2006–07,Dinamo București,Hibernians,5-1,H,Continental,Wikipedia,2006–07 UEFA Cup qualifying rounds
2006-07-27,UEFA,UEFA 2nd Division,2,2006–07,Dinamo Minsk,Zagłębie Lubin,0-0,D,Continental,Wikipedia,2006–07 UEFA Cup qualifying rounds
2006-07-27,UEFA,UEFA 2nd Division,2,2006–07,Domžale,Orašje,5-0,H,Continental,Wikipedia,2006–07 UEFA Cup qualifying rounds
2006-07-27,UEFA,UEFA 2nd Division,2,2006–07,Drogheda United,HJK,3-1,H,Continental,Wikipedia,2006–07 UEFA Cup qualifying rounds
2006-07-27,UEFA,UEFA 2nd Division,2,2006–07,Etzella Ettelbruck,Åtvidabergs FF,0-3,A,Continental,Wikipedia,2006–07 UEFA Cup qualifying rounds
2006-07-27,UEFA,UEFA 2nd Division,2,2006–07,Flora,Lyn,0-0,D,Continental,Wikipedia,2006–07 UEFA Cup qualifying rounds
2006-07-27,UEFA,UEFA 2nd Division,2,2006–07,GÍ,Ventspils,0-2,A,Continental,Wikipedia,2006–07 UEFA Cup qualifying rounds
2006-07-27,UEFA,UEFA 2nd Division,2,2006–07,Haka,Levadia Tallinn,1-0,H,Continental,Wikipedia,2006–07 UEFA Cup qualifying rounds
2006-07-27,UEFA,UEFA 2nd Division,2,2006–07,Kairat,Fehérvár,2-1,H,Continental,Wikipedia,2006–07 UEFA Cup qualifying rounds
2006-07-27,UEFA,UEFA 2nd Division,2,2006–07,Kaunas,Portadown,1-0,H,Continental,Wikipedia,2006–07 UEFA Cup qualifying rounds
2006-07-27,UEFA,UEFA 2nd Division,2,2006–07,Litex Lovech,Koper,5-0,H,Continental,Wikipedia,2006–07 UEFA Cup qualifying rounds
2006-07-27,UEFA,UEFA 2nd Division,2,2006–07,Llanelli,Gefle IF,0-0,D,Continental,Wikipedia,2006–07 UEFA Cup qualifying rounds
2006-07-27,UEFA,UEFA 2nd Division,2,2006–07,Makedonija GP,Lokomotiv Sofia,1-1,D,Continental,Wikipedia,2006–07 UEFA Cup qualifying rounds
2006-07-27,UEFA,UEFA 2nd Division,2,2006–07,Murata,APOEL,0-4,A,Continental,Wikipedia,2006–07 UEFA Cup qualifying rounds
2006-07-27,UEFA,UEFA 2nd Division,2,2006–07,Nistru Otaci,BATE Borisov,0-1,A,Continental,Wikipedia,2006–07 UEFA Cup qualifying rounds
2006-07-27,UEFA,UEFA 2nd Division,2,2006–07,Omonia,Rijeka,2-1,H,Continental,Wikipedia,2006–07 UEFA Cup qualifying rounds
2006-07-27,UEFA,UEFA 2nd Division,2,2006–07,Qarabağ,Zimbru Chișinău,1-2,A,Continental,Wikipedia,2006–07 UEFA Cup qualifying rounds
2006-07-27,UEFA,UEFA 2nd Division,2,2006–07,Roeselare,Vardar,5-1,H,Continental,Wikipedia,2006–07 UEFA Cup qualifying rounds
2006-07-27,UEFA,UEFA 2nd Division,2,2006–07,Rànger's,Sarajevo,0-2,A,Continental,Wikipedia,2006–07 UEFA Cup qualifying rounds
2006-07-27,UEFA,UEFA 2nd Division,2,2006–07,Skonto,Jeunesse Esch,3-0,H,Continental,Wikipedia,2006–07 UEFA Cup qualifying rounds
2006-07-27,UEFA,UEFA 2nd Division,2,2006–07,Sliema Wanderers,Rapid București,0-1,A,Continental,Wikipedia,2006–07 UEFA Cup qualifying rounds
2006-07-27,UEFA,UEFA 2nd Division,2,2006–07,Spartak Trnava,Karvan,0-1,A,Continental,Wikipedia,2006–07 UEFA Cup qualifying rounds
2006-07-27,UEFA,UEFA 2nd Division,2,2006–07,Start,Skála,3-0,H,Continental,Wikipedia,2006–07 UEFA Cup qualifying rounds
2006-07-27,UEFA,UEFA 2nd Division,2,2006–07,Sūduva,Rhyl,2-1,H,Continental,Wikipedia,2006–07 UEFA Cup qualifying rounds
2006-07-27,UEFA,UEFA 2nd Division,2,2006–07,Tirana,Varteks,2-0,H,Continental,Wikipedia,2006–07 UEFA Cup qualifying rounds
2006-07-27,UEFA,UEFA 2nd Division,2,2006–07,Tobol,Basel,0-0,D,Continental,Wikipedia,2006–07 UEFA Cup qualifying rounds
2006-07-27,UEFA,UEFA 2nd Division,2,2006–07,Vaduz,Újpest,0-1,A,Continental,Wikipedia,2006–07 UEFA Cup qualifying rounds
2006-07-27,UEFA,UEFA 2nd Division,2,2006–07,Valur,Brøndby,0-0,D,Continental,Wikipedia,2006–07 UEFA Cup qualifying rounds
2006-07-27,UEFA,UEFA 2nd Division,2,2006–07,WIT Georgia,Artmedia Bratislava,2-1,H,Continental,Wikipedia,2006–07 UEFA Cup qualifying rounds
2006-07-27,UEFA,UEFA 2nd Division,2,2006–07,Young Boys,Mika,1-0,H,Continental,Wikipedia,2006–07 UEFA Cup qualifying rounds
2006-07-27,UEFA,UEFA 2nd Division,2,2006–07,ÍA,Randers,2-1,H,Continental,Wikipedia,2006–07 UEFA Cup qualifying rounds
2006-08-08,UEFA,UEFA 2nd Division,2,2006–07,OFK Beograd,Auxerre,1-0,H,Continental,Wikipedia,2006–07 UEFA Cup qualifying rounds
2006-08-08,UEFA,UEFA 2nd Division,2,2006–07,Omonia,Litex Lovech,0-0,D,Continental,Wikipedia,2006–07 UEFA Cup qualifying rounds
2006-08-10,UEFA,UEFA 2nd Division,2,2006–07,APOEL,Trabzonspor,1-1,D,Continental,Wikipedia,2006–07 UEFA Cup qualifying rounds
2006-08-10,UEFA,UEFA 2nd Division,2,2006–07,Artmedia Bratislava,Dinamo Minsk,2-1,H,Continental,Wikipedia,2006–07 UEFA Cup qualifying rounds
2006-08-10,UEFA,UEFA 2nd Division,2,2006–07,Basel,Vaduz,1-0,H,Continental,Wikipedia,2006–07 UEFA Cup qualifying rounds
2006-08-10,UEFA,UEFA 2nd Division,2,2006–07,Bnei Yehuda,Lokomotiv Sofia,0-2,A,Continental,Wikipedia,2006–07 UEFA Cup qualifying rounds
2006-08-10,UEFA,UEFA 2nd Division,2,2006–07,Brann,Åtvidabergs FF,3-3,D,Continental,Wikipedia,2006–07 UEFA Cup qualifying rounds
2006-08-10,UEFA,UEFA 2nd Division,2,2006–07,CSKA Sofia,Hajduk Kula,0-0,D,Continental,Wikipedia,2006–07 UEFA Cup qualifying rounds
2006-08-10,UEFA,UEFA 2nd Division,2,2006–07,Chornomorets Odesa,Wisła Płock,0-0,D,Continental,Wikipedia,2006–07 UEFA Cup qualifying rounds
2006-08-10,UEFA,UEFA 2nd Division,2,2006–07,Dinamo București,Beitar Jerusalem,1-0,H,Continental,Wikipedia,2006–07 UEFA Cup qualifying rounds
2006-08-10,UEFA,UEFA 2nd Division,2,2006–07,Fehérvár,Grasshopper,1-1,D,Continental,Wikipedia,2006–07 UEFA Cup qualifying rounds
2006-08-10,UEFA,UEFA 2nd Division,2,2006–07,Flora,Brøndby,0-0,D,Continental,Wikipedia,2006–07 UEFA Cup qualifying rounds
2006-08-10,UEFA,UEFA 2nd Division,2,2006–07,Gretna,Derry City,1-5,A,Continental,Wikipedia,2006–07 UEFA Cup qualifying rounds
2006-08-10,UEFA,UEFA 2nd Division,2,2006–07,Hapoel Tel Aviv,Domžale,1-2,A,Continental,Wikipedia,2006–07 UEFA Cup qualifying rounds
2006-08-10,UEFA,UEFA 2nd Division,2,2006–07,Hertha BSC,Ameri Tbilisi,1-0,H,Continental,Wikipedia,2006–07 UEFA Cup qualifying rounds
2006-08-10,UEFA,UEFA 2nd Division,2,2006–07,Karvan,Slavia Prague,0-2,A,Continental,Wikipedia,2006–07 UEFA Cup qualifying rounds
2006-08-10,UEFA,UEFA 2nd Division,2,2006–07,Mattersburg,Wisła Kraków,1-1,D,Continental,Wikipedia,2006–07 UEFA Cup qualifying rounds
2006-08-10,UEFA,UEFA 2nd Division,2,2006–07,Molde,Skonto,0-0,D,Continental,Wikipedia,2006–07 UEFA Cup qualifying rounds
2006-08-10,UEFA,UEFA 2nd Division,2,2006–07,Odense,Llanelli,1-0,H,Continental,Wikipedia,2006–07 UEFA Cup qualifying rounds
2006-08-10,UEFA,UEFA 2nd Division,2,2006–07,Partizan,Maribor,2-1,H,Continental,Wikipedia,2006–07 UEFA Cup qualifying rounds
2006-08-10,UEFA,UEFA 2nd Division,2,2006–07,Randers,Kaunas,3-1,H,Continental,Wikipedia,2006–07 UEFA Cup qualifying rounds
2006-08-10,UEFA,UEFA 2nd Division,2,2006–07,Ried,Sion,0-0,D,Continental,Wikipedia,2006–07 UEFA Cup qualifying rounds
2006-08-10,UEFA,UEFA 2nd Division,2,2006–07,Roeselare,Ethnikos Achna,2-1,H,Continental,Wikipedia,2006–07 UEFA Cup qualifying rounds
2006-08-10,UEFA,UEFA 2nd Division,2,2006–07,Rubin Kazan,BATE Borisov,3-0,H,Continental,Wikipedia,2006–07 UEFA Cup qualifying rounds
2006-08-10,UEFA,UEFA 2nd Division,2,2006–07,Sarajevo,Rapid București,1-0,H,Continental,Wikipedia,2006–07 UEFA Cup qualifying rounds
2006-08-10,UEFA,UEFA 2nd Division,2,2006–07,Start,Drogheda United,1-0,H,Continental,Wikipedia,2006–07 UEFA Cup qualifying rounds
2006-08-10,UEFA,UEFA 2nd Division,2,2006–07,Sūduva,Club Brugge,0-2,A,Continental,Wikipedia,2006–07 UEFA Cup qualifying rounds
2006-08-10,UEFA,UEFA 2nd Division,2,2006–07,Tirana,Kayserispor,0-2,A,Continental,Wikipedia,2006–07 UEFA Cup qualifying rounds
2006-08-10,UEFA,UEFA 2nd Division,2,2006–07,Twente,Levadia Tallinn,1-1,D,Continental,Wikipedia,2006–07 UEFA Cup qualifying rounds
2006-08-10,UEFA,UEFA 2nd Division,2,2006–07,Ventspils,Newcastle United,0-1,A,Continental,Wikipedia,2006–07 UEFA Cup qualifying rounds
2006-08-10,UEFA,UEFA 2nd Division,2,2006–07,Young Boys,Marseille,3-3,D,Continental,Wikipedia,2006–07 UEFA Cup qualifying rounds
2006-08-10,UEFA,UEFA 2nd Division,2,2006–07,Zimbru Chișinău,Metalurh Zaporizhzhia,0-0,D,Continental,Wikipedia,2006–07 UEFA Cup qualifying rounds
2006-08-24,UEFA,UEFA 2nd Division,2,2006–07,Ameri Tbilisi,Hertha BSC,2-2,D,Continental,Wikipedia,2006–07 UEFA Cup qualifying rounds
2006-08-24,UEFA,UEFA 2nd Division,2,2006–07,Auxerre,OFK Beograd,5-1,H,Continental,Wikipedia,2006–07 UEFA Cup qualifying rounds
2006-08-24,UEFA,UEFA 2nd Division,2,2006–07,BATE Borisov,Rubin Kazan,0-2,A,Continental,Wikipedia,2006–07 UEFA Cup qualifying rounds
2006-08-24,UEFA,UEFA 2nd Division,2,2006–07,Beitar Jerusalem,Dinamo București,1-1,D,Continental,Wikipedia,2006–07 UEFA Cup qualifying rounds
2006-08-24,UEFA,UEFA 2nd Division,2,2006–07,Brøndby,Flora,4-0,H,Continental,Wikipedia,2006–07 UEFA Cup qualifying rounds
2006-08-24,UEFA,UEFA 2nd Division,2,2006–07,Club Brugge,Sūduva,5-2,H,Continental,Wikipedia,2006–07 UEFA Cup qualifying rounds
2006-08-24,UEFA,UEFA 2nd Division,2,2006–07,Derry City,Gretna,2-2,D,Continental,Wikipedia,2006–07 UEFA Cup qualifying rounds
2006-08-24,UEFA,UEFA 2nd Division,2,2006–07,Dinamo Minsk,Artmedia Bratislava,2-3,A,Continental,Wikipedia,2006–07 UEFA Cup qualifying rounds
2006-08-24,UEFA,UEFA 2nd Division,2,2006–07,Domžale,Hapoel Tel Aviv,0-3,A,Continental,Wikipedia,2006–07 UEFA Cup qualifying rounds
2006-08-24,UEFA,UEFA 2nd Division,2,2006–07,Drogheda United,Start,1-0,H,Continental,Wikipedia,2006–07 UEFA Cup qualifying rounds
2006-08-24,UEFA,UEFA 2nd Division,2,2006–07,Ethnikos Achna,Roeselare,5-0,H,Continental,Wikipedia,2006–07 UEFA Cup qualifying rounds
2006-08-24,UEFA,UEFA 2nd Division,2,2006–07,Grasshopper,Fehérvár,2-0,H,Continental,Wikipedia,2006–07 UEFA Cup qualifying rounds
2006-08-24,UEFA,UEFA 2nd Division,2,2006–07,Hajduk Kula,CSKA Sofia,1-1,D,Continental,Wikipedia,2006–07 UEFA Cup qualifying rounds
2006-08-24,UEFA,UEFA 2nd Division,2,2006–07,Kaunas,Randers,1-0,H,Continental,Wikipedia,2006–07 UEFA Cup qualifying rounds
2006-08-24,UEFA,UEFA 2nd Division,2,2006–07,Kayserispor,Tirana,3-1,H,Continental,Wikipedia,2006–07 UEFA Cup qualifying rounds
2006-08-24,UEFA,UEFA 2nd Division,2,2006–07,Levadia Tallinn,Twente,1-0,H,Continental,Wikipedia,2006–07 UEFA Cup qualifying rounds
2006-08-24,UEFA,UEFA 2nd Division,2,2006–07,Litex Lovech,Omonia,2-1,H,Continental,Wikipedia,2006–07 UEFA Cup qualifying rounds
2006-08-24,UEFA,UEFA 2nd Division,2,2006–07,Llanelli,Odense,1-5,A,Continental,Wikipedia,2006–07 UEFA Cup qualifying rounds
2006-08-24,UEFA,UEFA 2nd Division,2,2006–07,Lokomotiv Sofia,Bnei Yehuda,4-0,H,Continental,Wikipedia,2006–07 UEFA Cup qualifying rounds
2006-08-24,UEFA,UEFA 2nd Division,2,2006–07,Maribor,Partizan,1-1,D,Continental,Wikipedia,2006–07 UEFA Cup qualifying rounds
2006-08-24,UEFA,UEFA 2nd Division,2,2006–07,Marseille,Young Boys,0-0,D,Continental,Wikipedia,2006–07 UEFA Cup qualifying rounds
2006-08-24,UEFA,UEFA 2nd Division,2,2006–07,Metalurh Zaporizhzhia,Zimbru Chișinău,3-0,H,Continental,Wikipedia,2006–07 UEFA Cup qualifying rounds
2006-08-24,UEFA,UEFA 2nd Division,2,2006–07,Newcastle United,Ventspils,0-0,D,Continental,Wikipedia,2006–07 UEFA Cup qualifying rounds
2006-08-24,UEFA,UEFA 2nd Division,2,2006–07,Rapid București,Sarajevo,2-0,H,Continental,Wikipedia,2006–07 UEFA Cup qualifying rounds
2006-08-24,UEFA,UEFA 2nd Division,2,2006–07,Sion,Ried,1-0,H,Continental,Wikipedia,2006–07 UEFA Cup qualifying rounds
2006-08-24,UEFA,UEFA 2nd Division,2,2006–07,Skonto,Molde,1-2,A,Continental,Wikipedia,2006–07 UEFA Cup qualifying rounds
2006-08-24,UEFA,UEFA 2nd Division,2,2006–07,Slavia Prague,Karvan,0-0,D,Continental,Wikipedia,2006–07 UEFA Cup qualifying rounds
2006-08-24,UEFA,UEFA 2nd Division,2,2006–07,Trabzonspor,APOEL,1-0,H,Continental,Wikipedia,2006–07 UEFA Cup qualifying rounds
2006-08-24,UEFA,UEFA 2nd Division,2,2006–07,Vaduz,Basel,2-1,H,Continental,Wikipedia,2006–07 UEFA Cup qualifying rounds
2006-08-24,UEFA,UEFA 2nd Division,2,2006–07,Wisła Kraków,Mattersburg,1-0,H,Continental,Wikipedia,2006–07 UEFA Cup qualifying rounds
2006-08-24,UEFA,UEFA 2nd Division,2,2006–07,Wisła Płock,Chornomorets Odesa,1-1,D,Continental,Wikipedia,2006–07 UEFA Cup qualifying rounds
2006-08-24,UEFA,UEFA 2nd Division,2,2006–07,Åtvidabergs FF,Brann,1-1,D,Continental,Wikipedia,2006–07 UEFA Cup qualifying rounds
2006-09-14,UEFA,UEFA 2nd Division,2,2006–07,AZ,Kayserispor,3-2,H,Continental,Wikipedia,2006–07 UEFA Cup first round
2006-09-14,UEFA,UEFA 2nd Division,2,2006–07,Artmedia Bratislava,Espanyol,2-2,D,Continental,Wikipedia,2006–07 UEFA Cup first round
2006-09-14,UEFA,UEFA 2nd Division,2,2006–07,Atromitos,Sevilla,1-2,A,Continental,Wikipedia,2006–07 UEFA Cup first round
2006-09-14,UEFA,UEFA 2nd Division,2,2006–07,Basel,Rabotnicki,6-2,H,Continental,Wikipedia,2006–07 UEFA Cup first round
2006-09-14,UEFA,UEFA 2nd Division,2,2006–07,Beşiktaş,CSKA Sofia,2-0,H,Continental,Wikipedia,2006–07 UEFA Cup first round
2006-09-14,UEFA,UEFA 2nd Division,2,2006–07,Braga,Chievo,2-0,H,Continental,Wikipedia,2006–07 UEFA Cup first round
2006-09-14,UEFA,UEFA 2nd Division,2,2006–07,Chornomorets Odesa,Hapoel Tel Aviv,0-1,A,Continental,Wikipedia,2006–07 UEFA Cup first round
2006-09-14,UEFA,UEFA 2nd Division,2,2006–07,Derry City,Paris Saint-Germain,0-0,D,Continental,Wikipedia,2006–07 UEFA Cup first round
2006-09-14,UEFA,UEFA 2nd Division,2,2006–07,Dinamo Zagreb,Auxerre,1-2,A,Continental,Wikipedia,2006–07 UEFA Cup first round
2006-09-14,UEFA,UEFA 2nd Division,2,2006–07,Eintracht Frankfurt,Brøndby,4-0,H,Continental,Wikipedia,2006–07 UEFA Cup first round
2006-09-14,UEFA,UEFA 2nd Division,2,2006–07,Ethnikos Achna,Lens,0-0,D,Continental,Wikipedia,2006–07 UEFA Cup first round
2006-09-14,UEFA,UEFA 2nd Division,2,2006–07,Fenerbahçe,Randers,2-1,H,Continental,Wikipedia,2006–07 UEFA Cup first round
2006-09-14,UEFA,UEFA 2nd Division,2,2006–07,Heart of Midlothian,Sparta Prague,0-2,A,Continental,Wikipedia,2006–07 UEFA Cup first round
2006-09-14,UEFA,UEFA 2nd Division,2,2006–07,Hertha BSC,Odense,2-2,D,Continental,Wikipedia,2006–07 UEFA Cup first round
2006-09-14,UEFA,UEFA 2nd Division,2,2006–07,Legia Warsaw,Austria Wien,1-1,D,Continental,Wikipedia,2006–07 UEFA Cup first round
2006-09-14,UEFA,UEFA 2nd Division,2,2006–07,Levadia Tallinn,Newcastle United,0-1,A,Continental,Wikipedia,2006–07 UEFA Cup first round
2006-09-14,UEFA,UEFA 2nd Division,2,2006–07,Livorno,Superfund,2-0,H,Continental,Wikipedia,2006–07 UEFA Cup first round
2006-09-14,UEFA,UEFA 2nd Division,2,2006–07,Lokomotiv Moscow,Zulte Waregem,2-1,H,Continental,Wikipedia,2006–07 UEFA Cup first round
2006-09-14,UEFA,UEFA 2nd Division,2,2006–07,Lokomotiv Sofia,Feyenoord,2-2,D,Continental,Wikipedia,2006–07 UEFA Cup first round
2006-09-14,UEFA,UEFA 2nd Division,2,2006–07,Maccabi Haifa,Litex Lovech,1-1,D,Continental,Wikipedia,2006–07 UEFA Cup first round
2006-09-14,UEFA,UEFA 2nd Division,2,2006–07,Marseille,Mladá Boleslav,1-0,H,Continental,Wikipedia,2006–07 UEFA Cup first round
2006-09-14,UEFA,UEFA 2nd Division,2,2006–07,Molde,Rangers,0-0,D,Continental,Wikipedia,2006–07 UEFA Cup first round
2006-09-14,UEFA,UEFA 2nd Division,2,2006–07,Panathinaikos,Metalurh Zaporizhzhia,1-1,D,Continental,Wikipedia,2006–07 UEFA Cup first round
2006-09-14,UEFA,UEFA 2nd Division,2,2006–07,Partizan,Groningen,4-2,H,Continental,Wikipedia,2006–07 UEFA Cup first round
2006-09-14,UEFA,UEFA 2nd Division,2,2006–07,Rapid București,Nacional,1-0,H,Continental,Wikipedia,2006–07 UEFA Cup first round
2006-09-14,UEFA,UEFA 2nd Division,2,2006–07,Red Bull Salzburg,Blackburn Rovers,2-2,D,Continental,Wikipedia,2006–07 UEFA Cup first round
2006-09-14,UEFA,UEFA 2nd Division,2,2006–07,Rubin Kazan,Parma,0-1,A,Continental,Wikipedia,2006–07 UEFA Cup first round
2006-09-14,UEFA,UEFA 2nd Division,2,2006–07,Ružomberok,Club Brugge,0-1,A,Continental,Wikipedia,2006–07 UEFA Cup first round
2006-09-14,UEFA,UEFA 2nd Division,2,2006–07,Schalke 04,Nancy,1-0,H,Continental,Wikipedia,2006–07 UEFA Cup first round
2006-09-14,UEFA,UEFA 2nd Division,2,2006–07,Sion,Bayer Leverkusen,0-0,D,Continental,Wikipedia,2006–07 UEFA Cup first round
2006-09-14,UEFA,UEFA 2nd Division,2,2006–07,Skoda Xanthi,Dinamo București,3-4,A,Continental,Wikipedia,2006–07 UEFA Cup first round
2006-09-14,UEFA,UEFA 2nd Division,2,2006–07,Slavia Prague,Tottenham Hotspur,0-1,A,Continental,Wikipedia,2006–07 UEFA Cup first round
2006-09-14,UEFA,UEFA 2nd Division,2,2006–07,Slovan Liberec,Red Star Belgrade,2-0,H,Continental,Wikipedia,2006–07 UEFA Cup first round
2006-09-14,UEFA,UEFA 2nd Division,2,2006–07,Standard Liège,Celta Vigo,0-1,A,Continental,Wikipedia,2006–07 UEFA Cup first round
2006-09-14,UEFA,UEFA 2nd Division,2,2006–07,Start,Ajax,2-5,A,Continental,Wikipedia,2006–07 UEFA Cup first round
2006-09-14,UEFA,UEFA 2nd Division,2,2006–07,Trabzonspor,Osasuna,2-2,D,Continental,Wikipedia,2006–07 UEFA Cup first round
2006-09-14,UEFA,UEFA 2nd Division,2,2006–07,Vitória de Setúbal,Heerenveen,0-3,A,Continental,Wikipedia,2006–07 UEFA Cup first round
2006-09-14,UEFA,UEFA 2nd Division,2,2006–07,West Ham United,Palermo,0-1,A,Continental,Wikipedia,2006–07 UEFA Cup first round
2006-09-14,UEFA,UEFA 2nd Division,2,2006–07,Wisła Kraków,Iraklis,0-1,A,Continental,Wikipedia,2006–07 UEFA Cup first round
2006-09-14,UEFA,UEFA 2nd Division,2,2006–07,Åtvidabergs FF,Grasshopper,0-3,A,Continental,Wikipedia,2006–07 UEFA Cup first round
2006-09-28,UEFA,UEFA 2nd Division,2,2006–07,Ajax,Start,4-0,H,Continental,Wikipedia,2006–07 UEFA Cup first round
2006-09-28,UEFA,UEFA 2nd Division,2,2006–07,Austria Wien,Legia Warsaw,1-0,H,Continental,Wikipedia,2006–07 UEFA Cup first round
2006-09-28,UEFA,UEFA 2nd Division,2,2006–07,Auxerre,Dinamo Zagreb,3-1,H,Continental,Wikipedia,2006–07 UEFA Cup first round
2006-09-28,UEFA,UEFA 2nd Division,2,2006–07,Bayer Leverkusen,Sion,3-1,H,Continental,Wikipedia,2006–07 UEFA Cup first round
2006-09-28,UEFA,UEFA 2nd Division,2,2006–07,Blackburn Rovers,Red Bull Salzburg,2-0,H,Continental,Wikipedia,2006–07 UEFA Cup first round
2006-09-28,UEFA,UEFA 2nd Division,2,2006–07,Brøndby,Eintracht Frankfurt,2-2,D,Continental,Wikipedia,2006–07 UEFA Cup first round
2006-09-28,UEFA,UEFA 2nd Division,2,2006–07,CSKA Sofia,Beşiktaş,2-2,D,Continental,Wikipedia,2006–07 UEFA Cup first round
2006-09-28,UEFA,UEFA 2nd Division,2,2006–07,Celta Vigo,Standard Liège,3-0,H,Continental,Wikipedia,2006–07 UEFA Cup first round
2006-09-28,UEFA,UEFA 2nd Division,2,2006–07,Chievo,Braga,2-1,H,Continental,Wikipedia,2006–07 UEFA Cup first round
2006-09-28,UEFA,UEFA 2nd Division,2,2006–07,Club Brugge,Ružomberok,1-1,D,Continental,Wikipedia,2006–07 UEFA Cup first round
2006-09-28,UEFA,UEFA 2nd Division,2,2006–07,Dinamo București,Skoda Xanthi,4-1,H,Continental,Wikipedia,2006–07 UEFA Cup first round
2006-09-28,UEFA,UEFA 2nd Division,2,2006–07,Espanyol,Artmedia Bratislava,3-1,H,Continental,Wikipedia,2006–07 UEFA Cup first round
2006-09-28,UEFA,UEFA 2nd Division,2,2006–07,Feyenoord,Lokomotiv Sofia,0-0,D,Continental,Wikipedia,2006–07 UEFA Cup first round
2006-09-28,UEFA,UEFA 2nd Division,2,2006–07,Grasshopper,Åtvidabergs FF,5-0,H,Continental,Wikipedia,2006–07 UEFA Cup first round
2006-09-28,UEFA,UEFA 2nd Division,2,2006–07,Groningen,Partizan,1-0,H,Continental,Wikipedia,2006–07 UEFA Cup first round
2006-09-28,UEFA,UEFA 2nd Division,2,2006–07,Hapoel Tel Aviv,Chornomorets Odesa,3-1,H,Continental,Wikipedia,2006–07 UEFA Cup first round
2006-09-28,UEFA,UEFA 2nd Division,2,2006–07,Heerenveen,Vitória de Setúbal,0-0,D,Continental,Wikipedia,2006–07 UEFA Cup first round
2006-09-28,UEFA,UEFA 2nd Division,2,2006–07,Iraklis,Wisła Kraków,0-2,A,Continental,Wikipedia,2006–07 UEFA Cup first round
2006-09-28,UEFA,UEFA 2nd Division,2,2006–07,Kayserispor,AZ,1-1,D,Continental,Wikipedia,2006–07 UEFA Cup first round
2006-09-28,UEFA,UEFA 2nd Division,2,2006–07,Lens,Ethnikos Achna,3-1,H,Continental,Wikipedia,2006–07 UEFA Cup first round
2006-09-28,UEFA,UEFA 2nd Division,2,2006–07,Litex Lovech,Maccabi Haifa,1-3,A,Continental,Wikipedia,2006–07 UEFA Cup first round
2006-09-28,UEFA,UEFA 2nd Division,2,2006–07,Metalurh Zaporizhzhia,Panathinaikos,0-1,A,Continental,Wikipedia,2006–07 UEFA Cup first round
2006-09-28,UEFA,UEFA 2nd Division,2,2006–07,Mladá Boleslav,Marseille,4-2,H,Continental,Wikipedia,2006–07 UEFA Cup first round
2006-09-28,UEFA,UEFA 2nd Division,2,2006–07,Nacional,Rapid București,1-2,A,Continental,Wikipedia,2006–07 UEFA Cup first round
2006-09-28,UEFA,UEFA 2nd Division,2,2006–07,Nancy,Schalke 04,3-1,H,Continental,Wikipedia,2006–07 UEFA Cup first round
2006-09-28,UEFA,UEFA 2nd Division,2,2006–07,Newcastle United,Levadia Tallinn,2-1,H,Continental,Wikipedia,2006–07 UEFA Cup first round
2006-09-28,UEFA,UEFA 2nd Division,2,2006–07,Odense,Hertha BSC,1-0,H,Continental,Wikipedia,2006–07 UEFA Cup first round
2006-09-28,UEFA,UEFA 2nd Division,2,2006–07,Osasuna,Trabzonspor,0-0,D,Continental,Wikipedia,2006–07 UEFA Cup first round
2006-09-28,UEFA,UEFA 2nd Division,2,2006–07,Palermo,West Ham United,3-0,H,Continental,Wikipedia,2006–07 UEFA Cup first round
2006-09-28,UEFA,UEFA 2nd Division,2,2006–07,Paris Saint-Germain,Derry City,2-0,H,Continental,Wikipedia,2006–07 UEFA Cup first round
2006-09-28,UEFA,UEFA 2nd Division,2,2006–07,Parma,Rubin Kazan,1-0,H,Continental,Wikipedia,2006–07 UEFA Cup first round
2006-09-28,UEFA,UEFA 2nd Division,2,2006–07,Rabotnicki,Basel,0-1,A,Continental,Wikipedia,2006–07 UEFA Cup first round
2006-09-28,UEFA,UEFA 2nd Division,2,2006–07,Randers,Fenerbahçe,0-3,A,Continental,Wikipedia,2006–07 UEFA Cup first round
2006-09-28,UEFA,UEFA 2nd Division,2,2006–07,Rangers,Molde,2-0,H,Continental,Wikipedia,2006–07 UEFA Cup first round
2006-09-28,UEFA,UEFA 2nd Division,2,2006–07,Red Star Belgrade,Slovan Liberec,1-2,A,Continental,Wikipedia,2006–07 UEFA Cup first round
2006-09-28,UEFA,UEFA 2nd Division,2,2006–07,Sevilla,Atromitos,4-0,H,Continental,Wikipedia,2006–07 UEFA Cup first round
2006-09-28,UEFA,UEFA 2nd Division,2,2006–07,Sparta Prague,Heart of Midlothian,0-0,D,Continental,Wikipedia,2006–07 UEFA Cup first round
2006-09-28,UEFA,UEFA 2nd Division,2,2006–07,Superfund,Livorno,0-1,A,Continental,Wikipedia,2006–07 UEFA Cup first round
2006-09-28,UEFA,UEFA 2nd Division,2,2006–07,Tottenham Hotspur,Slavia Prague,1-0,H,Continental,Wikipedia,2006–07 UEFA Cup first round
2006-09-28,UEFA,UEFA 2nd Division,2,2006–07,Zulte Waregem,Lokomotiv Moscow,2-0,H,Continental,Wikipedia,2006–07 UEFA Cup first round
2006-10-19,UEFA,UEFA 2nd Division,2,2006–07,AZ,Braga,3-0,H,Continental,Wikipedia,2006–07 UEFA Cup group stage
2006-10-19,UEFA,UEFA 2nd Division,2,2006–07,Austria Wien,Zulte Waregem,1-4,A,Continental,Wikipedia,2006–07 UEFA Cup group stage
2006-10-19,UEFA,UEFA 2nd Division,2,2006–07,Basel,Feyenoord,1-1,D,Continental,Wikipedia,2006–07 UEFA Cup group stage
2006-10-19,UEFA,UEFA 2nd Division,2,2006–07,Beşiktaş,Tottenham Hotspur,0-2,A,Continental,Wikipedia,2006–07 UEFA Cup group stage
2006-10-19,UEFA,UEFA 2nd Division,2,2006–07,Club Brugge,Bayer Leverkusen,1-1,D,Continental,Wikipedia,2006–07 UEFA Cup group stage
2006-10-19,UEFA,UEFA 2nd Division,2,2006–07,Eintracht Frankfurt,Palermo,1-2,A,Continental,Wikipedia,2006–07 UEFA Cup group stage
2006-10-19,UEFA,UEFA 2nd Division,2,2006–07,Livorno,Rangers,2-3,A,Continental,Wikipedia,2006–07 UEFA Cup group stage
2006-10-19,UEFA,UEFA 2nd Division,2,2006–07,Maccabi Haifa,Auxerre,3-1,H,Continental,Wikipedia,2006–07 UEFA Cup group stage
2006-10-19,UEFA,UEFA 2nd Division,2,2006–07,Newcastle United,Fenerbahçe,1-0,H,Continental,Wikipedia,2006–07 UEFA Cup group stage
2006-10-19,UEFA,UEFA 2nd Division,2,2006–07,Odense,Parma,1-2,A,Continental,Wikipedia,2006–07 UEFA Cup group stage
2006-10-19,UEFA,UEFA 2nd Division,2,2006–07,Osasuna,Heerenveen,0-0,D,Continental,Wikipedia,2006–07 UEFA Cup group stage
2006-10-19,UEFA,UEFA 2nd Division,2,2006–07,Panathinaikos,Hapoel Tel Aviv,2-0,H,Continental,Wikipedia,2006–07 UEFA Cup group stage
2006-10-19,UEFA,UEFA 2nd Division,2,2006–07,Rapid București,Paris Saint-Germain,0-0,D,Continental,Wikipedia,2006–07 UEFA Cup group stage
2006-10-19,UEFA,UEFA 2nd Division,2,2006–07,Slovan Liberec,Sevilla,0-0,D,Continental,Wikipedia,2006–07 UEFA Cup group stage
2006-10-19,UEFA,UEFA 2nd Division,2,2006–07,Sparta Prague,Espanyol,0-2,A,Continental,Wikipedia,2006–07 UEFA Cup group stage
2006-10-19,UEFA,UEFA 2nd Division,2,2006–07,Wisła Kraków,Blackburn Rovers,1-2,A,Continental,Wikipedia,2006–07 UEFA Cup group stage
2006-11-02,UEFA,UEFA 2nd Division,2,2006–07,Ajax,Austria Wien,3-0,H,Continental,Wikipedia,2006–07 UEFA Cup group stage
2006-11-02,UEFA,UEFA 2nd Division,2,2006–07,Blackburn Rovers,Basel,3-0,H,Continental,Wikipedia,2006–07 UEFA Cup group stage
2006-11-02,UEFA,UEFA 2nd Division,2,2006–07,Braga,Slovan Liberec,4-0,H,Continental,Wikipedia,2006–07 UEFA Cup group stage
2006-11-02,UEFA,UEFA 2nd Division,2,2006–07,Celta Vigo,Eintracht Frankfurt,1-1,D,Continental,Wikipedia,2006–07 UEFA Cup group stage
2006-11-02,UEFA,UEFA 2nd Division,2,2006–07,Dinamo București,Beşiktaş,2-1,H,Continental,Wikipedia,2006–07 UEFA Cup group stage
2006-11-02,UEFA,UEFA 2nd Division,2,2006–07,Grasshopper,AZ,2-5,A,Continental,Wikipedia,2006–07 UEFA Cup group stage
2006-11-02,UEFA,UEFA 2nd Division,2,2006–07,Hapoel Tel Aviv,Rapid București,2-2,D,Continental,Wikipedia,2006–07 UEFA Cup group stage
2006-11-02,UEFA,UEFA 2nd Division,2,2006–07,Heerenveen,Odense,0-2,A,Continental,Wikipedia,2006–07 UEFA Cup group stage
2006-11-02,UEFA,UEFA 2nd Division,2,2006–07,Lens,Osasuna,3-1,H,Continental,Wikipedia,2006–07 UEFA Cup group stage
2006-11-02,UEFA,UEFA 2nd Division,2,2006–07,Mladá Boleslav,Panathinaikos,0-1,A,Continental,Wikipedia,2006–07 UEFA Cup group stage
2006-11-02,UEFA,UEFA 2nd Division,2,2006–07,Nancy,Wisła Kraków,2-1,H,Continental,Wikipedia,2006–07 UEFA Cup group stage
2006-11-02,UEFA,UEFA 2nd Division,2,2006–07,Palermo,Newcastle United,0-1,A,Continental,Wikipedia,2006–07 UEFA Cup group stage
2006-11-02,UEFA,UEFA 2nd Division,2,2006–07,Partizan,Livorno,1-1,D,Continental,Wikipedia,2006–07 UEFA Cup group stage
2006-11-02,UEFA,UEFA 2nd Division,2,2006–07,Rangers,Maccabi Haifa,2-0,H,Continental,Wikipedia,2006–07 UEFA Cup group stage
2006-11-02,UEFA,UEFA 2nd Division,2,2006–07,Tottenham Hotspur,Club Brugge,3-1,H,Continental,Wikipedia,2006–07 UEFA Cup group stage
2006-11-02,UEFA,UEFA 2nd Division,2,2006–07,Zulte Waregem,Sparta Prague,3-1,H,Continental,Wikipedia,2006–07 UEFA Cup group stage
2006-11-23,UEFA,UEFA 2nd Division,2,2006–07,Auxerre,Rangers,2-2,D,Continental,Wikipedia,2006–07 UEFA Cup group stage
2006-11-23,UEFA,UEFA 2nd Division,2,2006–07,Basel,Nancy,2-2,D,Continental,Wikipedia,2006–07 UEFA Cup group stage
2006-11-23,UEFA,UEFA 2nd Division,2,2006–07,Bayer Leverkusen,Tottenham Hotspur,0-1,A,Continental,Wikipedia,2006–07 UEFA Cup group stage
2006-11-23,UEFA,UEFA 2nd Division,2,2006–07,Club Brugge,Dinamo București,1-1,D,Continental,Wikipedia,2006–07 UEFA Cup group stage
2006-11-23,UEFA,UEFA 2nd Division,2,2006–07,Espanyol,Zulte Waregem,6-2,H,Continental,Wikipedia,2006–07 UEFA Cup group stage
2006-11-23,UEFA,UEFA 2nd Division,2,2006–07,Fenerbahçe,Palermo,3-0,H,Continental,Wikipedia,2006–07 UEFA Cup group stage
2006-11-23,UEFA,UEFA 2nd Division,2,2006–07,Feyenoord,Blackburn Rovers,0-0,D,Continental,Wikipedia,2006–07 UEFA Cup group stage
2006-11-23,UEFA,UEFA 2nd Division,2,2006–07,Maccabi Haifa,Partizan,1-0,H,Continental,Wikipedia,2006–07 UEFA Cup group stage
2006-11-23,UEFA,UEFA 2nd Division,2,2006–07,Newcastle United,Celta Vigo,2-1,H,Continental,Wikipedia,2006–07 UEFA Cup group stage
2006-11-23,UEFA,UEFA 2nd Division,2,2006–07,Odense,Lens,1-1,D,Continental,Wikipedia,2006–07 UEFA Cup group stage
2006-11-23,UEFA,UEFA 2nd Division,2,2006–07,Paris Saint-Germain,Hapoel Tel Aviv,2-4,A,Continental,Wikipedia,2006–07 UEFA Cup group stage
2006-11-23,UEFA,UEFA 2nd Division,2,2006–07,Parma,Heerenveen,2-1,H,Continental,Wikipedia,2006–07 UEFA Cup group stage
2006-11-23,UEFA,UEFA 2nd Division,2,2006–07,Rapid București,Mladá Boleslav,1-1,D,Continental,Wikipedia,2006–07 UEFA Cup group stage
2006-11-23,UEFA,UEFA 2nd Division,2,2006–07,Sevilla,Braga,2-0,H,Continental,Wikipedia,2006–07 UEFA Cup group stage
2006-11-23,UEFA,UEFA 2nd Division,2,2006–07,Slovan Liberec,Grasshopper,4-1,H,Continental,Wikipedia,2006–07 UEFA Cup group stage
2006-11-23,UEFA,UEFA 2nd Division,2,2006–07,Sparta Prague,Ajax,0-0,D,Continental,Wikipedia,2006–07 UEFA Cup group stage
2006-11-29,UEFA,UEFA 2nd Division,2,2006–07,AZ,Slovan Liberec,2-2,D,Continental,Wikipedia,2006–07 UEFA Cup group stage
2006-11-29,UEFA,UEFA 2nd Division,2,2006–07,Beşiktaş,Club Brugge,2-1,H,Continental,Wikipedia,2006–07 UEFA Cup group stage
2006-11-29,UEFA,UEFA 2nd Division,2,2006–07,Dinamo București,Bayer Leverkusen,2-1,H,Continental,Wikipedia,2006–07 UEFA Cup group stage
2006-11-29,UEFA,UEFA 2nd Division,2,2006–07,Grasshopper,Sevilla,0-4,A,Continental,Wikipedia,2006–07 UEFA Cup group stage
2006-11-29,UEFA,UEFA 2nd Division,2,2006–07,Lens,Parma,1-2,A,Continental,Wikipedia,2006–07 UEFA Cup group stage
2006-11-29,UEFA,UEFA 2nd Division,2,2006–07,Livorno,Maccabi Haifa,1-1,D,Continental,Wikipedia,2006–07 UEFA Cup group stage
2006-11-29,UEFA,UEFA 2nd Division,2,2006–07,Osasuna,Odense,3-1,H,Continental,Wikipedia,2006–07 UEFA Cup group stage
2006-11-29,UEFA,UEFA 2nd Division,2,2006–07,Partizan,Auxerre,1-4,A,Continental,Wikipedia,2006–07 UEFA Cup group stage
2006-11-30,UEFA,UEFA 2nd Division,2,2006–07,Ajax,Espanyol,0-2,A,Continental,Wikipedia,2006–07 UEFA Cup group stage
2006-11-30,UEFA,UEFA 2nd Division,2,2006–07,Austria Wien,Sparta Prague,0-1,A,Continental,Wikipedia,2006–07 UEFA Cup group stage
2006-11-30,UEFA,UEFA 2nd Division,2,2006–07,Celta Vigo,Fenerbahçe,1-0,H,Continental,Wikipedia,2006–07 UEFA Cup group stage
2006-11-30,UEFA,UEFA 2nd Division,2,2006–07,Eintracht Frankfurt,Newcastle United,0-0,D,Continental,Wikipedia,2006–07 UEFA Cup group stage
2006-11-30,UEFA,UEFA 2nd Division,2,2006–07,Mladá Boleslav,Paris Saint-Germain,0-0,D,Continental,Wikipedia,2006–07 UEFA Cup group stage
2006-11-30,UEFA,UEFA 2nd Division,2,2006–07,Nancy,Feyenoord,3-0,H,Continental,Wikipedia,2006–07 UEFA Cup group stage
2006-11-30,UEFA,UEFA 2nd Division,2,2006–07,Panathinaikos,Rapid București,0-0,D,Continental,Wikipedia,2006–07 UEFA Cup group stage
2006-11-30,UEFA,UEFA 2nd Division,2,2006–07,Wisła Kraków,Basel,3-1,H,Continental,Wikipedia,2006–07 UEFA Cup group stage
2006-12-13,UEFA,UEFA 2nd Division,2,2006–07,Blackburn Rovers,Nancy,1-0,H,Continental,Wikipedia,2006–07 UEFA Cup group stage
2006-12-13,UEFA,UEFA 2nd Division,2,2006–07,Espanyol,Austria Wien,1-0,H,Continental,Wikipedia,2006–07 UEFA Cup group stage
2006-12-13,UEFA,UEFA 2nd Division,2,2006–07,Fenerbahçe,Eintracht Frankfurt,2-2,D,Continental,Wikipedia,2006–07 UEFA Cup group stage
2006-12-13,UEFA,UEFA 2nd Division,2,2006–07,Feyenoord,Wisła Kraków,3-1,H,Continental,Wikipedia,2006–07 UEFA Cup group stage
2006-12-13,UEFA,UEFA 2nd Division,2,2006–07,Hapoel Tel Aviv,Mladá Boleslav,1-1,D,Continental,Wikipedia,2006–07 UEFA Cup group stage
2006-12-13,UEFA,UEFA 2nd Division,2,2006–07,Palermo,Celta Vigo,1-1,D,Continental,Wikipedia,2006–07 UEFA Cup group stage
2006-12-13,UEFA,UEFA 2nd Division,2,2006–07,Paris Saint-Germain,Panathinaikos,4-0,H,Continental,Wikipedia,2006–07 UEFA Cup group stage
2006-12-13,UEFA,UEFA 2nd Division,2,2006–07,Zulte Waregem,Ajax,0-3,A,Continental,Wikipedia,2006–07 UEFA Cup group stage
2006-12-14,UEFA,UEFA 2nd Division,2,2006–07,Auxerre,Livorno,0-1,A,Continental,Wikipedia,2006–07 UEFA Cup group stage
2006-12-14,UEFA,UEFA 2nd Division,2,2006–07,Bayer Leverkusen,Beşiktaş,2-1,H,Continental,Wikipedia,2006–07 UEFA Cup group stage
2006-12-14,UEFA,UEFA 2nd Division,2,2006–07,Braga,Grasshopper,2-0,H,Continental,Wikipedia,2006–07 UEFA Cup group stage
2006-12-14,UEFA,UEFA 2nd Division,2,2006–07,Heerenveen,Lens,1-0,H,Continental,Wikipedia,2006–07 UEFA Cup group stage
2006-12-14,UEFA,UEFA 2nd Division,2,2006–07,Parma,Osasuna,0-3,A,Continental,Wikipedia,2006–07 UEFA Cup group stage
2006-12-14,UEFA,UEFA 2nd Division,2,2006–07,Rangers,Partizan,1-0,H,Continental,Wikipedia,2006–07 UEFA Cup group stage
2006-12-14,UEFA,UEFA 2nd Division,2,2006–07,Sevilla,AZ,1-2,A,Continental,Wikipedia,2006–07 UEFA Cup group stage
2006-12-14,UEFA,UEFA 2nd Division,2,2006–07,Tottenham Hotspur,Dinamo București,3-1,H,Continental,Wikipedia,2006–07 UEFA Cup group stage
2007-02-14,UEFA,UEFA 2nd Division,2,2006–07,AEK Athens,Paris Saint-Germain,0-2,A,Continental,Wikipedia,2006–07 UEFA Cup knockout stage
2007-02-14,UEFA,UEFA 2nd Division,2,2006–07,Bayer Leverkusen,Blackburn Rovers,3-2,H,Continental,Wikipedia,2006–07 UEFA Cup knockout stage
2007-02-14,UEFA,UEFA 2nd Division,2,2006–07,Benfica,Dinamo București,1-0,H,Continental,Wikipedia,2006–07 UEFA Cup knockout stage
2007-02-14,UEFA,UEFA 2nd Division,2,2006–07,Bordeaux,Osasuna,0-0,D,Continental,Wikipedia,2006–07 UEFA Cup knockout stage
2007-02-14,UEFA,UEFA 2nd Division,2,2006–07,CSKA Moscow,Maccabi Haifa,0-0,D,Continental,Wikipedia,2006–07 UEFA Cup knockout stage
2007-02-14,UEFA,UEFA 2nd Division,2,2006–07,Fenerbahçe,AZ,3-3,D,Continental,Wikipedia,2006–07 UEFA Cup knockout stage
2007-02-14,UEFA,UEFA 2nd Division,2,2006–07,Hapoel Tel Aviv,Rangers,2-1,H,Continental,Wikipedia,2006–07 UEFA Cup knockout stage
2007-02-14,UEFA,UEFA 2nd Division,2,2006–07,Livorno,Espanyol,1-2,A,Continental,Wikipedia,2006–07 UEFA Cup knockout stage
2007-02-14,UEFA,UEFA 2nd Division,2,2006–07,Shakhtar Donetsk,Nancy,1-1,D,Continental,Wikipedia,2006–07 UEFA Cup knockout stage
2007-02-14,UEFA,UEFA 2nd Division,2,2006–07,Werder Bremen,Ajax,3-0,H,Continental,Wikipedia,2006–07 UEFA Cup knockout stage
2007-02-15,UEFA,UEFA 2nd Division,2,2006–07,Braga,Parma,1-0,H,Continental,Wikipedia,2006–07 UEFA Cup knockout stage
2007-02-15,UEFA,UEFA 2nd Division,2,2006–07,Feyenoord,Tottenham Hotspur,,,Continental,Wikipedia,2006–07 UEFA Cup knockout stage
2007-02-15,UEFA,UEFA 2nd Division,2,2006–07,Lens,Panathinaikos,3-1,H,Continental,Wikipedia,2006–07 UEFA Cup knockout stage
2007-02-15,UEFA,UEFA 2nd Division,2,2006–07,Spartak Moscow,Celta Vigo,1-1,D,Continental,Wikipedia,2006–07 UEFA Cup knockout stage
2007-02-15,UEFA,UEFA 2nd Division,2,2006–07,Steaua București,Sevilla,0-2,A,Continental,Wikipedia,2006–07 UEFA Cup knockout stage
2007-02-15,UEFA,UEFA 2nd Division,2,2006–07,Zulte Waregem,Newcastle United,1-3,A,Continental,Wikipedia,2006–07 UEFA Cup knockout stage
2007-02-22,UEFA,UEFA 2nd Division,2,2006–07,AZ,Fenerbahçe,2-2,D,Continental,Wikipedia,2006–07 UEFA Cup knockout stage
2007-02-22,UEFA,UEFA 2nd Division,2,2006–07,Ajax,Werder Bremen,3-1,H,Continental,Wikipedia,2006–07 UEFA Cup knockout stage
2007-02-22,UEFA,UEFA 2nd Division,2,2006–07,Blackburn Rovers,Bayer Leverkusen,0-0,D,Continental,Wikipedia,2006–07 UEFA Cup knockout stage
2007-02-22,UEFA,UEFA 2nd Division,2,2006–07,Celta Vigo,Spartak Moscow,2-1,H,Continental,Wikipedia,2006–07 UEFA Cup knockout stage
2007-02-22,UEFA,UEFA 2nd Division,2,2006–07,Dinamo București,Benfica,1-2,A,Continental,Wikipedia,2006–07 UEFA Cup knockout stage
2007-02-22,UEFA,UEFA 2nd Division,2,2006–07,Espanyol,Livorno,2-0,H,Continental,Wikipedia,2006–07 UEFA Cup knockout stage
2007-02-22,UEFA,UEFA 2nd Division,2,2006–07,Maccabi Haifa,CSKA Moscow,1-0,H,Continental,Wikipedia,2006–07 UEFA Cup knockout stage
2007-02-22,UEFA,UEFA 2nd Division,2,2006–07,Nancy,Shakhtar Donetsk,0-1,A,Continental,Wikipedia,2006–07 UEFA Cup knockout stage
2007-02-22,UEFA,UEFA 2nd Division,2,2006–07,Newcastle United,Zulte Waregem,1-0,H,Continental,Wikipedia,2006–07 UEFA Cup knockout stage
2007-02-22,UEFA,UEFA 2nd Division,2,2006–07,Osasuna,Bordeaux,1-0,H,Continental,Wikipedia,2006–07 UEFA Cup knockout stage
2007-02-22,UEFA,UEFA 2nd Division,2,2006–07,Panathinaikos,Lens,0-0,D,Continental,Wikipedia,2006–07 UEFA Cup knockout stage
2007-02-22,UEFA,UEFA 2nd Division,2,2006–07,Paris Saint-Germain,AEK Athens,2-0,H,Continental,Wikipedia,2006–07 UEFA Cup knockout stage
2007-02-22,UEFA,UEFA 2nd Division,2,2006–07,Parma,Braga,0-1,A,Continental,Wikipedia,2006–07 UEFA Cup knockout stage
2007-02-22,UEFA,UEFA 2nd Division,2,2006–07,Rangers,Hapoel Tel Aviv,4-0,H,Continental,Wikipedia,2006–07 UEFA Cup knockout stage
2007-02-22,UEFA,UEFA 2nd Division,2,2006–07,Sevilla,Steaua București,1-0,H,Continental,Wikipedia,2006–07 UEFA Cup knockout stage
2007-02-22,UEFA,UEFA 2nd Division,2,2006–07,Tottenham Hotspur,Feyenoord,,,Continental,Wikipedia,2006–07 UEFA Cup knockout stage
2007-03-08,UEFA,UEFA 2nd Division,2,2006–07,Braga,Tottenham Hotspur,2-3,A,Continental,Wikipedia,2006–07 UEFA Cup knockout stage
2007-03-08,UEFA,UEFA 2nd Division,2,2006–07,Celta Vigo,Werder Bremen,0-1,A,Continental,Wikipedia,2006–07 UEFA Cup knockout stage
2007-03-08,UEFA,UEFA 2nd Division,2,2006–07,Lens,Bayer Leverkusen,2-1,H,Continental,Wikipedia,2006–07 UEFA Cup knockout stage
2007-03-08,UEFA,UEFA 2nd Division,2,2006–07,Maccabi Haifa,Espanyol,0-0,D,Continental,Wikipedia,2006–07 UEFA Cup knockout stage
2007-03-08,UEFA,UEFA 2nd Division,2,2006–07,Newcastle United,AZ,4-2,H,Continental,Wikipedia,2006–07 UEFA Cup knockout stage
2007-03-08,UEFA,UEFA 2nd Division,2,2006–07,Paris Saint-Germain,Benfica,2-1,H,Continental,Wikipedia,2006–07 UEFA Cup knockout stage
2007-03-08,UEFA,UEFA 2nd Division,2,2006–07,Rangers,Osasuna,1-1,D,Continental,Wikipedia,2006–07 UEFA Cup knockout stage
2007-03-08,UEFA,UEFA 2nd Division,2,2006–07,Sevilla,Shakhtar Donetsk,2-2,D,Continental,Wikipedia,2006–07 UEFA Cup knockout stage
2007-03-14,UEFA,UEFA 2nd Division,2,2006–07,Bayer Leverkusen,Lens,3-0,H,Continental,Wikipedia,2006–07 UEFA Cup knockout stage
2007-03-14,UEFA,UEFA 2nd Division,2,2006–07,Osasuna,Rangers,1-0,H,Continental,Wikipedia,2006–07 UEFA Cup knockout stage
2007-03-14,UEFA,UEFA 2nd Division,2,2006–07,Tottenham Hotspur,Braga,3-2,H,Continental,Wikipedia,2006–07 UEFA Cup knockout stage
2007-03-14,UEFA,UEFA 2nd Division,2,2006–07,Werder Bremen,Celta Vigo,2-0,H,Continental,Wikipedia,2006–07 UEFA Cup knockout stage
2007-03-15,UEFA,UEFA 2nd Division,2,2006–07,AZ,Newcastle United,2-0,H,Continental,Wikipedia,2006–07 UEFA Cup knockout stage
2007-03-15,UEFA,UEFA 2nd Division,2,2006–07,Benfica,Paris Saint-Germain,3-1,H,Continental,Wikipedia,2006–07 UEFA Cup knockout stage
2007-03-15,UEFA,UEFA 2nd Division,2,2006–07,Espanyol,Maccabi Haifa,4-0,H,Continental,Wikipedia,2006–07 UEFA Cup knockout stage
2007-03-15,UEFA,UEFA 2nd Division,2,2006–07,Shakhtar Donetsk,Sevilla,2-3,A,Continental,Wikipedia,2006–07 UEFA Cup knockout stage
2007-04-05,UEFA,UEFA 2nd Division,2,2006–07,AZ,Werder Bremen,0-0,D,Continental,Wikipedia,2006–07 UEFA Cup knockout stage
2007-04-05,UEFA,UEFA 2nd Division,2,2006–07,Bayer Leverkusen,Osasuna,0-3,A,Continental,Wikipedia,2006–07 UEFA Cup knockout stage
2007-04-05,UEFA,UEFA 2nd Division,2,2006–07,Espanyol,Benfica,3-2,H,Continental,Wikipedia,2006–07 UEFA Cup knockout stage
2007-04-05,UEFA,UEFA 2nd Division,2,2006–07,Sevilla,Tottenham Hotspur,2-1,H,Continental,Wikipedia,2006–07 UEFA Cup knockout stage
2007-04-12,UEFA,UEFA 2nd Division,2,2006–07,Benfica,Espanyol,0-0,D,Continental,Wikipedia,2006–07 UEFA Cup knockout stage
2007-04-12,UEFA,UEFA 2nd Division,2,2006–07,Osasuna,Bayer Leverkusen,1-0,H,Continental,Wikipedia,2006–07 UEFA Cup knockout stage
2007-04-12,UEFA,UEFA 2nd Division,2,2006–07,Tottenham Hotspur,Sevilla,2-2,D,Continental,Wikipedia,2006–07 UEFA Cup knockout stage
2007-04-12,UEFA,UEFA 2nd Division,2,2006–07,Werder Bremen,AZ,4-1,H,Continental,Wikipedia,2006–07 UEFA Cup knockout stage
2007-04-26,UEFA,UEFA 2nd Division,2,2006–07,Espanyol,Werder Bremen,3-0,H,Continental,Wikipedia,2006–07 UEFA Cup knockout stage
2007-04-26,UEFA,UEFA 2nd Division,2,2006–07,Osasuna,Sevilla,1-0,H,Continental,Wikipedia,2006–07 UEFA Cup knockout stage
2007-05-03,UEFA,UEFA 2nd Division,2,2006–07,Sevilla,Osasuna,2-0,H,Continental,Wikipedia,2006–07 UEFA Cup knockout stage
2007-05-03,UEFA,UEFA 2nd Division,2,2006–07,Werder Bremen,Espanyol,1-2,A,Continental,Wikipedia,2006–07 UEFA Cup knockout stage
2007-07-19,UEFA,UEFA 2nd Division,2,2007–08,Aktobe,Mattersburg,1-0,H,Continental,Wikipedia,2007–08 UEFA Cup qualifying rounds
2007-07-19,UEFA,UEFA 2nd Division,2,2007–08,Artmedia Petržalka,Zimbru Chișinău,1-1,D,Continental,Wikipedia,2007–08 UEFA Cup qualifying rounds
2007-07-19,UEFA,UEFA 2nd Division,2,2007–08,B36,Ekranas,1-3,A,Continental,Wikipedia,2007–08 UEFA Cup qualifying rounds
2007-07-19,UEFA,UEFA 2nd Division,2,2007–08,BK Häcken,KR,1-1,D,Continental,Wikipedia,2007–08 UEFA Cup qualifying rounds
2007-07-19,UEFA,UEFA 2nd Division,2,2007–08,Banants,Young Boys,1-1,D,Continental,Wikipedia,2007–08 UEFA Cup qualifying rounds
2007-07-19,UEFA,UEFA 2nd Division,2,2007–08,Bełchatów,Ameri Tbilisi,2-0,H,Continental,Wikipedia,2007–08 UEFA Cup qualifying rounds
2007-07-19,UEFA,UEFA 2nd Division,2,2007–08,Bežanija,Besa,2-2,D,Continental,Wikipedia,2007–08 UEFA Cup qualifying rounds
2007-07-19,UEFA,UEFA 2nd Division,2,2007–08,Budućnost Podgorica,Hajduk Split,1-1,D,Continental,Wikipedia,2007–08 UEFA Cup qualifying rounds
2007-07-19,UEFA,UEFA 2nd Division,2,2007–08,Carmarthen Town,Brann,0-8,A,Continental,Wikipedia,2007–08 UEFA Cup qualifying rounds
2007-07-19,UEFA,UEFA 2nd Division,2,2007–08,Dinamo Tbilisi,Vaduz,2-0,H,Continental,Wikipedia,2007–08 UEFA Cup qualifying rounds
2007-07-19,UEFA,UEFA 2nd Division,2,2007–08,Dungannon Swifts,Sūduva,1-0,H,Continental,Wikipedia,2007–08 UEFA Cup qualifying rounds
2007-07-19,UEFA,UEFA 2nd Division,2,2007–08,FC Santa Coloma,Maccabi Tel Aviv,1-0,H,Continental,Wikipedia,2007–08 UEFA Cup qualifying rounds
2007-07-19,UEFA,UEFA 2nd Division,2,2007–08,Flora,Vålerenga,0-1,A,Continental,Wikipedia,2007–08 UEFA Cup qualifying rounds
2007-07-19,UEFA,UEFA 2nd Division,2,2007–08,Glentoran,AIK,0-5,A,Continental,Wikipedia,2007–08 UEFA Cup qualifying rounds
2007-07-19,UEFA,UEFA 2nd Division,2,2007–08,HIT Gorica,Rabotnicki,1-2,A,Continental,Wikipedia,2007–08 UEFA Cup qualifying rounds
2007-07-19,UEFA,UEFA 2nd Division,2,2007–08,HJK,Etzella Ettelbruck,2-0,H,Continental,Wikipedia,2007–08 UEFA Cup qualifying rounds
2007-07-19,UEFA,UEFA 2nd Division,2,2007–08,Helsingborgs IF,Narva Trans,6-0,H,Continental,Wikipedia,2007–08 UEFA Cup qualifying rounds
2007-07-19,UEFA,UEFA 2nd Division,2,2007–08,Keflavík,Midtjylland,3-2,H,Continental,Wikipedia,2007–08 UEFA Cup qualifying rounds
2007-07-19,UEFA,UEFA 2nd Division,2,2007–08,Libertas,Drogheda United,1-1,D,Continental,Wikipedia,2007–08 UEFA Cup qualifying rounds
2007-07-19,UEFA,UEFA 2nd Division,2,2007–08,Liepājas Metalurgs,Dynamo Brest,1-1,D,Continental,Wikipedia,2007–08 UEFA Cup qualifying rounds
2007-07-19,UEFA,UEFA 2nd Division,2,2007–08,Lillestrøm,Käerjéng 97,2-1,H,Continental,Wikipedia,2007–08 UEFA Cup qualifying rounds
2007-07-19,UEFA,UEFA 2nd Division,2,2007–08,MKT Araz,Groclin Grodzisk Wielkopolski,0-0,D,Continental,Wikipedia,2007–08 UEFA Cup qualifying rounds
2007-07-19,UEFA,UEFA 2nd Division,2,2007–08,MTK Budapest,Mika,2-1,H,Continental,Wikipedia,2007–08 UEFA Cup qualifying rounds
2007-07-19,UEFA,UEFA 2nd Division,2,2007–08,MYPA,EB/Streymur,1-0,H,Continental,Wikipedia,2007–08 UEFA Cup qualifying rounds
2007-07-19,UEFA,UEFA 2nd Division,2,2007–08,Nistru Otaci,Honvéd,1-1,D,Continental,Wikipedia,2007–08 UEFA Cup qualifying rounds
2007-07-19,UEFA,UEFA 2nd Division,2,2007–08,Omonia,Rudar Pljevlja,2-0,H,Continental,Wikipedia,2007–08 UEFA Cup qualifying rounds
2007-07-19,UEFA,UEFA 2nd Division,2,2007–08,Rhyl,Haka,3-1,H,Continental,Wikipedia,2007–08 UEFA Cup qualifying rounds
2007-07-19,UEFA,UEFA 2nd Division,2,2007–08,Ried,Neftçi,3-1,H,Continental,Wikipedia,2007–08 UEFA Cup qualifying rounds
2007-07-19,UEFA,UEFA 2nd Division,2,2007–08,Skonto,Dinamo Minsk,1-1,D,Continental,Wikipedia,2007–08 UEFA Cup qualifying rounds
2007-07-19,UEFA,UEFA 2nd Division,2,2007–08,Slaven Belupo,Teuta,6-2,H,Continental,Wikipedia,2007–08 UEFA Cup qualifying rounds
2007-07-19,UEFA,UEFA 2nd Division,2,2007–08,Sliema Wanderers,Litex Lovech,0-3,A,Continental,Wikipedia,2007–08 UEFA Cup qualifying rounds
2007-07-19,UEFA,UEFA 2nd Division,2,2007–08,St Patrick's Athletic,Odense,0-0,D,Continental,Wikipedia,2007–08 UEFA Cup qualifying rounds
2007-07-19,UEFA,UEFA 2nd Division,2,2007–08,Vardar,Anorthosis Famagusta,0-1,A,Continental,Wikipedia,2007–08 UEFA Cup qualifying rounds
2007-07-19,UEFA,UEFA 2nd Division,2,2007–08,ViOn Zlaté Moravce,Alma-Ata,3-1,H,Continental,Wikipedia,2007–08 UEFA Cup qualifying rounds
2007-07-19,UEFA,UEFA 2nd Division,2,2007–08,Vojvodina,Hibernians,5-1,H,Continental,Wikipedia,2007–08 UEFA Cup qualifying rounds
2007-07-19,UEFA,UEFA 2nd Division,2,2007–08,Zrinjski Mostar,Partizan,1-6,A,Continental,Wikipedia,2007–08 UEFA Cup qualifying rounds
2007-07-19,UEFA,UEFA 2nd Division,2,2007–08,Široki Brijeg,Koper,3-1,H,Continental,Wikipedia,2007–08 UEFA Cup qualifying rounds
2007-07-31,UEFA,UEFA 2nd Division,2,2007–08,Käerjéng 97,Lillestrøm,1-0,H,Continental,Wikipedia,2007–08 UEFA Cup qualifying rounds
2007-08-02,UEFA,UEFA 2nd Division,2,2007–08,AIK,Glentoran,4-0,H,Continental,Wikipedia,2007–08 UEFA Cup qualifying rounds
2007-08-02,UEFA,UEFA 2nd Division,2,2007–08,Alma-Ata,ViOn Zlaté Moravce,1-1,D,Continental,Wikipedia,2007–08 UEFA Cup qualifying rounds
2007-08-02,UEFA,UEFA 2nd Division,2,2007–08,Ameri Tbilisi,Bełchatów,2-0,H,Continental,Wikipedia,2007–08 UEFA Cup qualifying rounds
2007-08-02,UEFA,UEFA 2nd Division,2,2007–08,Anorthosis Famagusta,Vardar,1-0,H,Continental,Wikipedia,2007–08 UEFA Cup qualifying rounds
2007-08-02,UEFA,UEFA 2nd Division,2,2007–08,Besa,Bežanija,0-0,D,Continental,Wikipedia,2007–08 UEFA Cup qualifying rounds
2007-08-02,UEFA,UEFA 2nd Division,2,2007–08,Brann,Carmarthen Town,6-3,H,Continental,Wikipedia,2007–08 UEFA Cup qualifying rounds
2007-08-02,UEFA,UEFA 2nd Division,2,2007–08,Dinamo Minsk,Skonto,2-0,H,Continental,Wikipedia,2007–08 UEFA Cup qualifying rounds
2007-08-02,UEFA,UEFA 2nd Division,2,2007–08,Drogheda United,Libertas,3-0,H,Continental,Wikipedia,2007–08 UEFA Cup qualifying rounds
2007-08-02,UEFA,UEFA 2nd Division,2,2007–08,Dynamo Brest,Liepājas Metalurgs,1-2,A,Continental,Wikipedia,2007–08 UEFA Cup qualifying rounds
2007-08-02,UEFA,UEFA 2nd Division,2,2007–08,EB/Streymur,MYPA,1-1,D,Continental,Wikipedia,2007–08 UEFA Cup qualifying rounds
2007-08-02,UEFA,UEFA 2nd Division,2,2007–08,Ekranas,B36,3-2,H,Continental,Wikipedia,2007–08 UEFA Cup qualifying rounds
2007-08-02,UEFA,UEFA 2nd Division,2,2007–08,Etzella Ettelbruck,HJK,0-1,A,Continental,Wikipedia,2007–08 UEFA Cup qualifying rounds
2007-08-02,UEFA,UEFA 2nd Division,2,2007–08,Groclin Grodzisk Wielkopolski,MKT Araz,1-0,H,Continental,Wikipedia,2007–08 UEFA Cup qualifying rounds
2007-08-02,UEFA,UEFA 2nd Division,2,2007–08,Hajduk Split,Budućnost Podgorica,1-0,H,Continental,Wikipedia,2007–08 UEFA Cup qualifying rounds
2007-08-02,UEFA,UEFA 2nd Division,2,2007–08,Haka,Rhyl,2-0,H,Continental,Wikipedia,2007–08 UEFA Cup qualifying rounds
2007-08-02,UEFA,UEFA 2nd Division,2,2007–08,Hibernians,Vojvodina,0-2,A,Continental,Wikipedia,2007–08 UEFA Cup qualifying rounds
2007-08-02,UEFA,UEFA 2nd Division,2,2007–08,Honvéd,Nistru Otaci,1-1,D,Continental,Wikipedia,2007–08 UEFA Cup qualifying rounds
2007-08-02,UEFA,UEFA 2nd Division,2,2007–08,KR,BK Häcken,0-1,A,Continental,Wikipedia,2007–08 UEFA Cup qualifying rounds
2007-08-02,UEFA,UEFA 2nd Division,2,2007–08,Koper,Široki Brijeg,2-3,A,Continental,Wikipedia,2007–08 UEFA Cup qualifying rounds
2007-08-02,UEFA,UEFA 2nd Division,2,2007–08,Litex Lovech,Sliema Wanderers,4-0,H,Continental,Wikipedia,2007–08 UEFA Cup qualifying rounds
2007-08-02,UEFA,UEFA 2nd Division,2,2007–08,Maccabi Tel Aviv,FC Santa Coloma,4-0,H,Continental,Wikipedia,2007–08 UEFA Cup qualifying rounds
2007-08-02,UEFA,UEFA 2nd Division,2,2007–08,Mattersburg,Aktobe,4-2,H,Continental,Wikipedia,2007–08 UEFA Cup qualifying rounds
2007-08-02,UEFA,UEFA 2nd Division,2,2007–08,Midtjylland,Keflavík,2-1,H,Continental,Wikipedia,2007–08 UEFA Cup qualifying rounds
2007-08-02,UEFA,UEFA 2nd Division,2,2007–08,Mika,MTK Budapest,1-0,H,Continental,Wikipedia,2007–08 UEFA Cup qualifying rounds
2007-08-02,UEFA,UEFA 2nd Division,2,2007–08,Narva Trans,Helsingborgs IF,0-3,A,Continental,Wikipedia,2007–08 UEFA Cup qualifying rounds
2007-08-02,UEFA,UEFA 2nd Division,2,2007–08,Neftçi,Ried,2-1,H,Continental,Wikipedia,2007–08 UEFA Cup qualifying rounds
2007-08-02,UEFA,UEFA 2nd Division,2,2007–08,Odense,St Patrick's Athletic,5-0,H,Continental,Wikipedia,2007–08 UEFA Cup qualifying rounds
2007-08-02,UEFA,UEFA 2nd Division,2,2007–08,Partizan,Zrinjski Mostar,5-0,H,Continental,Wikipedia,2007–08 UEFA Cup qualifying rounds
2007-08-02,UEFA,UEFA 2nd Division,2,2007–08,Rabotnicki,HIT Gorica,2-1,H,Continental,Wikipedia,2007–08 UEFA Cup qualifying rounds
2007-08-02,UEFA,UEFA 2nd Division,2,2007–08,Rudar Pljevlja,Omonia,0-2,A,Continental,Wikipedia,2007–08 UEFA Cup qualifying rounds
2007-08-02,UEFA,UEFA 2nd Division,2,2007–08,Sūduva,Dungannon Swifts,4-0,H,Continental,Wikipedia,2007–08 UEFA Cup qualifying rounds
2007-08-02,UEFA,UEFA 2nd Division,2,2007–08,Teuta,Slaven Belupo,2-2,D,Continental,Wikipedia,2007–08 UEFA Cup qualifying rounds
2007-08-02,UEFA,UEFA 2nd Division,2,2007–08,Vaduz,Dinamo Tbilisi,0-0,D,Continental,Wikipedia,2007–08 UEFA Cup qualifying rounds
2007-08-02,UEFA,UEFA 2nd Division,2,2007–08,Vålerenga,Flora,1-0,H,Continental,Wikipedia,2007–08 UEFA Cup qualifying rounds
2007-08-02,UEFA,UEFA 2nd Division,2,2007–08,Young Boys,Banants,4-0,H,Continental,Wikipedia,2007–08 UEFA Cup qualifying rounds
2007-08-02,UEFA,UEFA 2nd Division,2,2007–08,Zimbru Chișinău,Artmedia Petržalka,2-2,D,Continental,Wikipedia,2007–08 UEFA Cup qualifying rounds
2007-08-16,UEFA,UEFA 2nd Division,2,2007–08,Atlético Madrid,Vojvodina,3-0,H,Continental,Wikipedia,2007–08 UEFA Cup qualifying rounds
2007-08-16,UEFA,UEFA 2nd Division,2,2007–08,Austria Wien,Jablonec,4-3,H,Continental,Wikipedia,2007–08 UEFA Cup qualifying rounds
2007-08-16,UEFA,UEFA 2nd Division,2,2007–08,Basel,Mattersburg,2-1,H,Continental,Wikipedia,2007–08 UEFA Cup qualifying rounds
2007-08-16,UEFA,UEFA 2nd Division,2,2007–08,Besa,Litex Lovech,0-3,A,Continental,Wikipedia,2007–08 UEFA Cup qualifying rounds
2007-08-16,UEFA,UEFA 2nd Division,2,2007–08,Brann,Sūduva,2-1,H,Continental,Wikipedia,2007–08 UEFA Cup qualifying rounds
2007-08-16,UEFA,UEFA 2nd Division,2,2007–08,CFR Cluj,Anorthosis Famagusta,1-3,A,Continental,Wikipedia,2007–08 UEFA Cup qualifying rounds
2007-08-16,UEFA,UEFA 2nd Division,2,2007–08,Dinamo Minsk,Odense,1-1,D,Continental,Wikipedia,2007–08 UEFA Cup qualifying rounds
2007-08-16,UEFA,UEFA 2nd Division,2,2007–08,Dinamo Tbilisi,Rapid Wien,0-3,A,Continental,Wikipedia,2007–08 UEFA Cup qualifying rounds
2007-08-16,UEFA,UEFA 2nd Division,2,2007–08,Dnipro Dnipropetrovsk,Bełchatów,1-1,D,Continental,Wikipedia,2007–08 UEFA Cup qualifying rounds
2007-08-16,UEFA,UEFA 2nd Division,2,2007–08,Drogheda United,Helsingborgs IF,1-1,D,Continental,Wikipedia,2007–08 UEFA Cup qualifying rounds
2007-08-16,UEFA,UEFA 2nd Division,2,2007–08,Dunfermline Athletic,BK Häcken,1-1,D,Continental,Wikipedia,2007–08 UEFA Cup qualifying rounds
2007-08-16,UEFA,UEFA 2nd Division,2,2007–08,Ekranas,Vålerenga,1-1,D,Continental,Wikipedia,2007–08 UEFA Cup qualifying rounds
2007-08-16,UEFA,UEFA 2nd Division,2,2007–08,HJK,AaB,2-1,H,Continental,Wikipedia,2007–08 UEFA Cup qualifying rounds
2007-08-16,UEFA,UEFA 2nd Division,2,2007–08,Hajduk Split,Sampdoria,0-1,A,Continental,Wikipedia,2007–08 UEFA Cup qualifying rounds
2007-08-16,UEFA,UEFA 2nd Division,2,2007–08,Haka,Midtjylland,1-2,A,Continental,Wikipedia,2007–08 UEFA Cup qualifying rounds
2007-08-16,UEFA,UEFA 2nd Division,2,2007–08,Hammarby IF,Fredrikstad,2-1,H,Continental,Wikipedia,2007–08 UEFA Cup qualifying rounds
2007-08-16,UEFA,UEFA 2nd Division,2,2007–08,Honvéd,Hamburger SV,0-0,D,Continental,Wikipedia,2007–08 UEFA Cup qualifying rounds
2007-08-16,UEFA,UEFA 2nd Division,2,2007–08,Käerjéng 97,Standard Liège,0-3,A,Continental,Wikipedia,2007–08 UEFA Cup qualifying rounds
2007-08-16,UEFA,UEFA 2nd Division,2,2007–08,Liepājas Metalurgs,AIK,3-2,H,Continental,Wikipedia,2007–08 UEFA Cup qualifying rounds
2007-08-16,UEFA,UEFA 2nd Division,2,2007–08,Lokomotiv Sofia,Oțelul Galați,3-1,H,Continental,Wikipedia,2007–08 UEFA Cup qualifying rounds
2007-08-16,UEFA,UEFA 2nd Division,2,2007–08,MYPA,Blackburn Rovers,0-1,A,Continental,Wikipedia,2007–08 UEFA Cup qualifying rounds
2007-08-16,UEFA,UEFA 2nd Division,2,2007–08,Maccabi Tel Aviv,Kayseri Erciyesspor,1-1,D,Continental,Wikipedia,2007–08 UEFA Cup qualifying rounds
2007-08-16,UEFA,UEFA 2nd Division,2,2007–08,Mika,Artmedia Petržalka,2-1,H,Continental,Wikipedia,2007–08 UEFA Cup qualifying rounds
2007-08-16,UEFA,UEFA 2nd Division,2,2007–08,Omonia,CSKA Sofia,1-1,D,Continental,Wikipedia,2007–08 UEFA Cup qualifying rounds
2007-08-16,UEFA,UEFA 2nd Division,2,2007–08,Rabotnicki,Zrinjski Mostar,0-0,D,Continental,Wikipedia,2007–08 UEFA Cup qualifying rounds
2007-08-16,UEFA,UEFA 2nd Division,2,2007–08,Ried,Sion,1-1,D,Continental,Wikipedia,2007–08 UEFA Cup qualifying rounds
2007-08-16,UEFA,UEFA 2nd Division,2,2007–08,Slaven Belupo,Galatasaray,1-2,A,Continental,Wikipedia,2007–08 UEFA Cup qualifying rounds
2007-08-16,UEFA,UEFA 2nd Division,2,2007–08,Tobol,Groclin Grodzisk Wielkopolski,0-1,A,Continental,Wikipedia,2007–08 UEFA Cup qualifying rounds
2007-08-16,UEFA,UEFA 2nd Division,2,2007–08,União de Leiria,Maccabi Netanya,0-0,D,Continental,Wikipedia,2007–08 UEFA Cup qualifying rounds
2007-08-16,UEFA,UEFA 2nd Division,2,2007–08,ViOn Zlaté Moravce,Zenit Saint Petersburg,0-2,A,Continental,Wikipedia,2007–08 UEFA Cup qualifying rounds
2007-08-16,UEFA,UEFA 2nd Division,2,2007–08,Young Boys,Lens,1-1,D,Continental,Wikipedia,2007–08 UEFA Cup qualifying rounds
2007-08-16,UEFA,UEFA 2nd Division,2,2007–08,Široki Brijeg,Hapoel Tel Aviv,0-3,A,Continental,Wikipedia,2007–08 UEFA Cup qualifying rounds
2007-08-30,UEFA,UEFA 2nd Division,2,2007–08,AIK,Liepājas Metalurgs,2-0,H,Continental,Wikipedia,2007–08 UEFA Cup qualifying rounds
2007-08-30,UEFA,UEFA 2nd Division,2,2007–08,AaB,HJK,3-0,H,Continental,Wikipedia,2007–08 UEFA Cup qualifying rounds
2007-08-30,UEFA,UEFA 2nd Division,2,2007–08,Anorthosis Famagusta,CFR Cluj,0-0,D,Continental,Wikipedia,2007–08 UEFA Cup qualifying rounds
2007-08-30,UEFA,UEFA 2nd Division,2,2007–08,Artmedia Petržalka,Mika,2-0,H,Continental,Wikipedia,2007–08 UEFA Cup qualifying rounds
2007-08-30,UEFA,UEFA 2nd Division,2,2007–08,BK Häcken,Dunfermline Athletic,1-0,H,Continental,Wikipedia,2007–08 UEFA Cup qualifying rounds
2007-08-30,UEFA,UEFA 2nd Division,2,2007–08,Bełchatów,Dnipro Dnipropetrovsk,2-4,A,Continental,Wikipedia,2007–08 UEFA Cup qualifying rounds
2007-08-30,UEFA,UEFA 2nd Division,2,2007–08,Blackburn Rovers,MYPA,2-0,H,Continental,Wikipedia,2007–08 UEFA Cup qualifying rounds
2007-08-30,UEFA,UEFA 2nd Division,2,2007–08,CSKA Sofia,Omonia,2-1,H,Continental,Wikipedia,2007–08 UEFA Cup qualifying rounds
2007-08-30,UEFA,UEFA 2nd Division,2,2007–08,Fredrikstad,Hammarby IF,1-1,D,Continental,Wikipedia,2007–08 UEFA Cup qualifying rounds
2007-08-30,UEFA,UEFA 2nd Division,2,2007–08,Galatasaray,Slaven Belupo,2-1,H,Continental,Wikipedia,2007–08 UEFA Cup qualifying rounds
2007-08-30,UEFA,UEFA 2nd Division,2,2007–08,Groclin Grodzisk Wielkopolski,Tobol,2-0,H,Continental,Wikipedia,2007–08 UEFA Cup qualifying rounds
2007-08-30,UEFA,UEFA 2nd Division,2,2007–08,Hamburger SV,Honvéd,4-0,H,Continental,Wikipedia,2007–08 UEFA Cup qualifying rounds
2007-08-30,UEFA,UEFA 2nd Division,2,2007–08,Hapoel Tel Aviv,Široki Brijeg,3-0,H,Continental,Wikipedia,2007–08 UEFA Cup qualifying rounds
2007-08-30,UEFA,UEFA 2nd Division,2,2007–08,Helsingborgs IF,Drogheda United,3-0,H,Continental,Wikipedia,2007–08 UEFA Cup qualifying rounds
2007-08-30,UEFA,UEFA 2nd Division,2,2007–08,Jablonec,Austria Wien,1-1,D,Continental,Wikipedia,2007–08 UEFA Cup qualifying rounds
2007-08-30,UEFA,UEFA 2nd Division,2,2007–08,Kayseri Erciyesspor,Maccabi Tel Aviv,3-1,H,Continental,Wikipedia,2007–08 UEFA Cup qualifying rounds
2007-08-30,UEFA,UEFA 2nd Division,2,2007–08,Lens,Young Boys,5-1,H,Continental,Wikipedia,2007–08 UEFA Cup qualifying rounds
2007-08-30,UEFA,UEFA 2nd Division,2,2007–08,Litex Lovech,Besa,3-0,H,Continental,Wikipedia,2007–08 UEFA Cup qualifying rounds
2007-08-30,UEFA,UEFA 2nd Division,2,2007–08,Maccabi Netanya,União de Leiria,0-1,A,Continental,Wikipedia,2007–08 UEFA Cup qualifying rounds
2007-08-30,UEFA,UEFA 2nd Division,2,2007–08,Mattersburg,Basel,0-4,A,Continental,Wikipedia,2007–08 UEFA Cup qualifying rounds
2007-08-30,UEFA,UEFA 2nd Division,2,2007–08,Midtjylland,Haka,5-2,H,Continental,Wikipedia,2007–08 UEFA Cup qualifying rounds
2007-08-30,UEFA,UEFA 2nd Division,2,2007–08,Odense,Dinamo Minsk,4-0,H,Continental,Wikipedia,2007–08 UEFA Cup qualifying rounds
2007-08-30,UEFA,UEFA 2nd Division,2,2007–08,Oțelul Galați,Lokomotiv Sofia,0-0,D,Continental,Wikipedia,2007–08 UEFA Cup qualifying rounds
2007-08-30,UEFA,UEFA 2nd Division,2,2007–08,Rapid Wien,Dinamo Tbilisi,5-0,H,Continental,Wikipedia,2007–08 UEFA Cup qualifying rounds
2007-08-30,UEFA,UEFA 2nd Division,2,2007–08,Sampdoria,Hajduk Split,1-1,D,Continental,Wikipedia,2007–08 UEFA Cup qualifying rounds
2007-08-30,UEFA,UEFA 2nd Division,2,2007–08,Sion,Ried,3-0,H,Continental,Wikipedia,2007–08 UEFA Cup qualifying rounds
2007-08-30,UEFA,UEFA 2nd Division,2,2007–08,Standard Liège,Käerjéng 97,1-0,H,Continental,Wikipedia,2007–08 UEFA Cup qualifying rounds
2007-08-30,UEFA,UEFA 2nd Division,2,2007–08,Sūduva,Brann,3-4,A,Continental,Wikipedia,2007–08 UEFA Cup qualifying rounds
2007-08-30,UEFA,UEFA 2nd Division,2,2007–08,Vojvodina,Atlético Madrid,1-2,A,Continental,Wikipedia,2007–08 UEFA Cup qualifying rounds
2007-08-30,UEFA,UEFA 2nd Division,2,2007–08,Vålerenga,Ekranas,6-0,H,Continental,Wikipedia,2007–08 UEFA Cup qualifying rounds
2007-08-30,UEFA,UEFA 2nd Division,2,2007–08,Zenit Saint Petersburg,ViOn Zlaté Moravce,3-0,H,Continental,Wikipedia,2007–08 UEFA Cup qualifying rounds
2007-08-30,UEFA,UEFA 2nd Division,2,2007–08,Zrinjski Mostar,Rabotnicki,1-2,A,Continental,Wikipedia,2007–08 UEFA Cup qualifying rounds
2007-09-18,UEFA,UEFA 2nd Division,2,2007–08,Litex Lovech,Hamburger SV,0-1,A,Continental,Wikipedia,2007–08 UEFA Cup first round
2007-09-19,UEFA,UEFA 2nd Division,2,2007–08,Lens,Copenhagen,1-1,D,Continental,Wikipedia,2007–08 UEFA Cup first round
2007-09-20,UEFA,UEFA 2nd Division,2,2007–08,1. FC Nürnberg,Rapid București,0-0,D,Continental,Wikipedia,2007–08 UEFA Cup first round
2007-09-20,UEFA,UEFA 2nd Division,2,2007–08,AEK Athens,Red Bull Salzburg,3-0,H,Continental,Wikipedia,2007–08 UEFA Cup first round
2007-09-20,UEFA,UEFA 2nd Division,2,2007–08,AEL,Blackburn Rovers,2-0,H,Continental,Wikipedia,2007–08 UEFA Cup first round
2007-09-20,UEFA,UEFA 2nd Division,2,2007–08,Aberdeen,Dnipro Dnipropetrovsk,0-0,D,Continental,Wikipedia,2007–08 UEFA Cup first round
2007-09-20,UEFA,UEFA 2nd Division,2,2007–08,Anderlecht,Rapid Wien,1-1,D,Continental,Wikipedia,2007–08 UEFA Cup first round
2007-09-20,UEFA,UEFA 2nd Division,2,2007–08,Aris,Zaragoza,1-0,H,Continental,Wikipedia,2007–08 UEFA Cup first round
2007-09-20,UEFA,UEFA 2nd Division,2,2007–08,Artmedia Petržalka,Panathinaikos,1-2,A,Continental,Wikipedia,2007–08 UEFA Cup first round
2007-09-20,UEFA,UEFA 2nd Division,2,2007–08,Atlético Madrid,Kayseri Erciyesspor,4-0,H,Continental,Wikipedia,2007–08 UEFA Cup first round
2007-09-20,UEFA,UEFA 2nd Division,2,2007–08,Austria Wien,Vålerenga,2-0,H,Continental,Wikipedia,2007–08 UEFA Cup first round
2007-09-20,UEFA,UEFA 2nd Division,2,2007–08,Bayer Leverkusen,União de Leiria,3-1,H,Continental,Wikipedia,2007–08 UEFA Cup first round
2007-09-20,UEFA,UEFA 2nd Division,2,2007–08,Bayern Munich,Belenenses,1-0,H,Continental,Wikipedia,2007–08 UEFA Cup first round
2007-09-20,UEFA,UEFA 2nd Division,2,2007–08,Brann,Club Brugge,0-1,A,Continental,Wikipedia,2007–08 UEFA Cup first round
2007-09-20,UEFA,UEFA 2nd Division,2,2007–08,Dinamo București,IF Elfsborg,1-2,A,Continental,Wikipedia,2007–08 UEFA Cup first round
2007-09-20,UEFA,UEFA 2nd Division,2,2007–08,Dinamo Zagreb,Ajax,0-1,A,Continental,Wikipedia,2007–08 UEFA Cup first round
2007-09-20,UEFA,UEFA 2nd Division,2,2007–08,Empoli,Zürich,2-1,H,Continental,Wikipedia,2007–08 UEFA Cup first round
2007-09-20,UEFA,UEFA 2nd Division,2,2007–08,Everton,Metalist Kharkiv,1-1,D,Continental,Wikipedia,2007–08 UEFA Cup first round
2007-09-20,UEFA,UEFA 2nd Division,2,2007–08,Getafe,Twente,1-0,H,Continental,Wikipedia,2007–08 UEFA Cup first round
2007-09-20,UEFA,UEFA 2nd Division,2,2007–08,Groclin Grodzisk Wielkopolski,Crvena zvezda,0-1,A,Continental,Wikipedia,2007–08 UEFA Cup first round
2007-09-20,UEFA,UEFA 2nd Division,2,2007–08,Groningen,Fiorentina,1-1,D,Continental,Wikipedia,2007–08 UEFA Cup first round
2007-09-20,UEFA,UEFA 2nd Division,2,2007–08,Hammarby IF,Braga,2-1,H,Continental,Wikipedia,2007–08 UEFA Cup first round
2007-09-20,UEFA,UEFA 2nd Division,2,2007–08,Hapoel Tel Aviv,AIK,0-0,D,Continental,Wikipedia,2007–08 UEFA Cup first round
2007-09-20,UEFA,UEFA 2nd Division,2,2007–08,Heerenveen,Helsingborgs IF,5-3,H,Continental,Wikipedia,2007–08 UEFA Cup first round
2007-09-20,UEFA,UEFA 2nd Division,2,2007–08,Lokomotiv Sofia,Rennes,1-3,A,Continental,Wikipedia,2007–08 UEFA Cup first round
2007-09-20,UEFA,UEFA 2nd Division,2,2007–08,Midtjylland,Lokomotiv Moscow,1-3,A,Continental,Wikipedia,2007–08 UEFA Cup first round
2007-09-20,UEFA,UEFA 2nd Division,2,2007–08,Mladá Boleslav,Palermo,0-1,A,Continental,Wikipedia,2007–08 UEFA Cup first round
2007-09-20,UEFA,UEFA 2nd Division,2,2007–08,Paços de Ferreira,AZ,0-1,A,Continental,Wikipedia,2007–08 UEFA Cup first round
2007-09-20,UEFA,UEFA 2nd Division,2,2007–08,Rabotnicki,Bolton Wanderers,1-1,D,Continental,Wikipedia,2007–08 UEFA Cup first round
2007-09-20,UEFA,UEFA 2nd Division,2,2007–08,Sampdoria,AaB,2-2,D,Continental,Wikipedia,2007–08 UEFA Cup first round
2007-09-20,UEFA,UEFA 2nd Division,2,2007–08,Sarajevo,Basel,1-2,A,Continental,Wikipedia,2007–08 UEFA Cup first round
2007-09-20,UEFA,UEFA 2nd Division,2,2007–08,Sion,Galatasaray,3-2,H,Continental,Wikipedia,2007–08 UEFA Cup first round
2007-09-20,UEFA,UEFA 2nd Division,2,2007–08,Sochaux,Panionios,0-2,A,Continental,Wikipedia,2007–08 UEFA Cup first round
2007-09-20,UEFA,UEFA 2nd Division,2,2007–08,Sparta Prague,Odense,0-0,D,Continental,Wikipedia,2007–08 UEFA Cup first round
2007-09-20,UEFA,UEFA 2nd Division,2,2007–08,Spartak Moscow,BK Häcken,5-0,H,Continental,Wikipedia,2007–08 UEFA Cup first round
2007-09-20,UEFA,UEFA 2nd Division,2,2007–08,Tampere United,Bordeaux,2-3,A,Continental,Wikipedia,2007–08 UEFA Cup first round
2007-09-20,UEFA,UEFA 2nd Division,2,2007–08,Tottenham Hotspur,Anorthosis Famagusta,6-1,H,Continental,Wikipedia,2007–08 UEFA Cup first round
2007-09-20,UEFA,UEFA 2nd Division,2,2007–08,Toulouse,CSKA Sofia,0-0,D,Continental,Wikipedia,2007–08 UEFA Cup first round
2007-09-20,UEFA,UEFA 2nd Division,2,2007–08,Villarreal,BATE Borisov,4-1,H,Continental,Wikipedia,2007–08 UEFA Cup first round
2007-09-20,UEFA,UEFA 2nd Division,2,2007–08,Zenit Saint Petersburg,Standard Liège,3-0,H,Continental,Wikipedia,2007–08 UEFA Cup first round
2007-10-02,UEFA,UEFA 2nd Division,2,2007–08,Panathinaikos,Artmedia Petržalka,3-0,H,Continental,Wikipedia,2007–08 UEFA Cup first round
2007-10-04,UEFA,UEFA 2nd Division,2,2007–08,AIK,Hapoel Tel Aviv,0-1,A,Continental,Wikipedia,2007–08 UEFA Cup first round
2007-10-04,UEFA,UEFA 2nd Division,2,2007–08,AZ,Paços de Ferreira,0-0,D,Continental,Wikipedia,2007–08 UEFA Cup first round
2007-10-04,UEFA,UEFA 2nd Division,2,2007–08,AaB,Sampdoria,0-0,D,Continental,Wikipedia,2007–08 UEFA Cup first round
2007-10-04,UEFA,UEFA 2nd Division,2,2007–08,Ajax,Dinamo Zagreb,2-3,A,Continental,Wikipedia,2007–08 UEFA Cup first round
2007-10-04,UEFA,UEFA 2nd Division,2,2007–08,Anorthosis Famagusta,Tottenham Hotspur,1-1,D,Continental,Wikipedia,2007–08 UEFA Cup first round
2007-10-04,UEFA,UEFA 2nd Division,2,2007–08,BATE Borisov,Villarreal,0-2,A,Continental,Wikipedia,2007–08 UEFA Cup first round
2007-10-04,UEFA,UEFA 2nd Division,2,2007–08,BK Häcken,Spartak Moscow,1-3,A,Continental,Wikipedia,2007–08 UEFA Cup first round
2007-10-04,UEFA,UEFA 2nd Division,2,2007–08,Basel,Sarajevo,6-0,H,Continental,Wikipedia,2007–08 UEFA Cup first round
2007-10-04,UEFA,UEFA 2nd Division,2,2007–08,Belenenses,Bayern Munich,0-2,A,Continental,Wikipedia,2007–08 UEFA Cup first round
2007-10-04,UEFA,UEFA 2nd Division,2,2007–08,Blackburn Rovers,AEL,2-1,H,Continental,Wikipedia,2007–08 UEFA Cup first round
2007-10-04,UEFA,UEFA 2nd Division,2,2007–08,Bolton Wanderers,Rabotnicki,1-0,H,Continental,Wikipedia,2007–08 UEFA Cup first round
2007-10-04,UEFA,UEFA 2nd Division,2,2007–08,Bordeaux,Tampere United,1-1,D,Continental,Wikipedia,2007–08 UEFA Cup first round
2007-10-04,UEFA,UEFA 2nd Division,2,2007–08,Braga,Hammarby IF,4-0,H,Continental,Wikipedia,2007–08 UEFA Cup first round
2007-10-04,UEFA,UEFA 2nd Division,2,2007–08,CSKA Sofia,Toulouse,1-1,D,Continental,Wikipedia,2007–08 UEFA Cup first round
2007-10-04,UEFA,UEFA 2nd Division,2,2007–08,Club Brugge,Brann,1-2,A,Continental,Wikipedia,2007–08 UEFA Cup first round
2007-10-04,UEFA,UEFA 2nd Division,2,2007–08,Copenhagen,Lens,2-1,H,Continental,Wikipedia,2007–08 UEFA Cup first round
2007-10-04,UEFA,UEFA 2nd Division,2,2007–08,Crvena zvezda,Groclin Grodzisk Wielkopolski,1-0,H,Continental,Wikipedia,2007–08 UEFA Cup first round
2007-10-04,UEFA,UEFA 2nd Division,2,2007–08,Dnipro Dnipropetrovsk,Aberdeen,1-1,D,Continental,Wikipedia,2007–08 UEFA Cup first round
2007-10-04,UEFA,UEFA 2nd Division,2,2007–08,Fiorentina,Groningen,1-1,D,Continental,Wikipedia,2007–08 UEFA Cup first round
2007-10-04,UEFA,UEFA 2nd Division,2,2007–08,Galatasaray,Sion,5-1,H,Continental,Wikipedia,2007–08 UEFA Cup first round
2007-10-04,UEFA,UEFA 2nd Division,2,2007–08,Hamburger SV,Litex Lovech,3-1,H,Continental,Wikipedia,2007–08 UEFA Cup first round
2007-10-04,UEFA,UEFA 2nd Division,2,2007–08,Helsingborgs IF,Heerenveen,5-1,H,Continental,Wikipedia,2007–08 UEFA Cup first round
2007-10-04,UEFA,UEFA 2nd Division,2,2007–08,IF Elfsborg,Dinamo București,0-1,A,Continental,Wikipedia,2007–08 UEFA Cup first round
2007-10-04,UEFA,UEFA 2nd Division,2,2007–08,Kayseri Erciyesspor,Atlético Madrid,0-5,A,Continental,Wikipedia,2007–08 UEFA Cup first round
2007-10-04,UEFA,UEFA 2nd Division,2,2007–08,Lokomotiv Moscow,Midtjylland,2-0,H,Continental,Wikipedia,2007–08 UEFA Cup first round
2007-10-04,UEFA,UEFA 2nd Division,2,2007–08,Metalist Kharkiv,Everton,2-3,A,Continental,Wikipedia,2007–08 UEFA Cup first round
2007-10-04,UEFA,UEFA 2nd Division,2,2007–08,Odense,Sparta Prague,0-0,D,Continental,Wikipedia,2007–08 UEFA Cup first round
2007-10-04,UEFA,UEFA 2nd Division,2,2007–08,Palermo,Mladá Boleslav,0-1,A,Continental,Wikipedia,2007–08 UEFA Cup first round
2007-10-04,UEFA,UEFA 2nd Division,2,2007–08,Panionios,Sochaux,0-1,A,Continental,Wikipedia,2007–08 UEFA Cup first round
2007-10-04,UEFA,UEFA 2nd Division,2,2007–08,Rapid București,1. FC Nürnberg,2-2,D,Continental,Wikipedia,2007–08 UEFA Cup first round
2007-10-04,UEFA,UEFA 2nd Division,2,2007–08,Rapid Wien,Anderlecht,0-1,A,Continental,Wikipedia,2007–08 UEFA Cup first round
2007-10-04,UEFA,UEFA 2nd Division,2,2007–08,Red Bull Salzburg,AEK Athens,1-0,H,Continental,Wikipedia,2007–08 UEFA Cup first round
2007-10-04,UEFA,UEFA 2nd Division,2,2007–08,Rennes,Lokomotiv Sofia,1-2,A,Continental,Wikipedia,2007–08 UEFA Cup first round
2007-10-04,UEFA,UEFA 2nd Division,2,2007–08,Standard Liège,Zenit Saint Petersburg,1-1,D,Continental,Wikipedia,2007–08 UEFA Cup first round
2007-10-04,UEFA,UEFA 2nd Division,2,2007–08,Twente,Getafe,3-2,H,Continental,Wikipedia,2007–08 UEFA Cup first round
2007-10-04,UEFA,UEFA 2nd Division,2,2007–08,União de Leiria,Bayer Leverkusen,3-2,H,Continental,Wikipedia,2007–08 UEFA Cup first round
2007-10-04,UEFA,UEFA 2nd Division,2,2007–08,Vålerenga,Austria Wien,2-2,D,Continental,Wikipedia,2007–08 UEFA Cup first round
2007-10-04,UEFA,UEFA 2nd Division,2,2007–08,Zaragoza,Aris,2-1,H,Continental,Wikipedia,2007–08 UEFA Cup first round
2007-10-04,UEFA,UEFA 2nd Division,2,2007–08,Zürich,Empoli,3-0,H,Continental,Wikipedia,2007–08 UEFA Cup first round
2007-10-25,UEFA,UEFA 2nd Division,2,2007–08,Anderlecht,Hapoel Tel Aviv,2-0,H,Continental,Wikipedia,2007–08 UEFA Cup group stage
2007-10-25,UEFA,UEFA 2nd Division,2,2007–08,Basel,Rennes,1-0,H,Continental,Wikipedia,2007–08 UEFA Cup group stage
2007-10-25,UEFA,UEFA 2nd Division,2,2007–08,Bayer Leverkusen,Toulouse,1-0,H,Continental,Wikipedia,2007–08 UEFA Cup group stage
2007-10-25,UEFA,UEFA 2nd Division,2,2007–08,Bolton Wanderers,Braga,1-1,D,Continental,Wikipedia,2007–08 UEFA Cup group stage
2007-10-25,UEFA,UEFA 2nd Division,2,2007–08,Bordeaux,Galatasaray,2-1,H,Continental,Wikipedia,2007–08 UEFA Cup group stage
2007-10-25,UEFA,UEFA 2nd Division,2,2007–08,Brann,Hamburger SV,0-1,A,Continental,Wikipedia,2007–08 UEFA Cup group stage
2007-10-25,UEFA,UEFA 2nd Division,2,2007–08,Everton,AEL Larissa,3-1,H,Continental,Wikipedia,2007–08 UEFA Cup group stage
2007-10-25,UEFA,UEFA 2nd Division,2,2007–08,Helsingborgs IF,Panionios,1-1,D,Continental,Wikipedia,2007–08 UEFA Cup group stage
2007-10-25,UEFA,UEFA 2nd Division,2,2007–08,IF Elfsborg,AEK Athens,1-1,D,Continental,Wikipedia,2007–08 UEFA Cup group stage
2007-10-25,UEFA,UEFA 2nd Division,2,2007–08,Lokomotiv Moscow,Atlético Madrid,3-3,D,Continental,Wikipedia,2007–08 UEFA Cup group stage
2007-10-25,UEFA,UEFA 2nd Division,2,2007–08,Panathinaikos,Aberdeen,3-0,H,Continental,Wikipedia,2007–08 UEFA Cup group stage
2007-10-25,UEFA,UEFA 2nd Division,2,2007–08,Red Star Belgrade,Bayern Munich,2-3,A,Continental,Wikipedia,2007–08 UEFA Cup group stage
2007-10-25,UEFA,UEFA 2nd Division,2,2007–08,Sparta Prague,Zürich,1-2,A,Continental,Wikipedia,2007–08 UEFA Cup group stage
2007-10-25,UEFA,UEFA 2nd Division,2,2007–08,Tottenham Hotspur,Getafe,1-2,A,Continental,Wikipedia,2007–08 UEFA Cup group stage
2007-10-25,UEFA,UEFA 2nd Division,2,2007–08,Villarreal,Fiorentina,1-1,D,Continental,Wikipedia,2007–08 UEFA Cup group stage
2007-10-25,UEFA,UEFA 2nd Division,2,2007–08,Zenit Saint Petersburg,AZ,1-1,D,Continental,Wikipedia,2007–08 UEFA Cup group stage
2007-11-08,UEFA,UEFA 2nd Division,2,2007–08,1. FC Nürnberg,Everton,0-2,A,Continental,Wikipedia,2007–08 UEFA Cup group stage
2007-11-08,UEFA,UEFA 2nd Division,2,2007–08,AEL Larissa,Zenit Saint Petersburg,2-3,A,Continental,Wikipedia,2007–08 UEFA Cup group stage
2007-11-08,UEFA,UEFA 2nd Division,2,2007–08,AaB,Anderlecht,1-1,D,Continental,Wikipedia,2007–08 UEFA Cup group stage
2007-11-08,UEFA,UEFA 2nd Division,2,2007–08,Aberdeen,Lokomotiv Moscow,1-1,D,Continental,Wikipedia,2007–08 UEFA Cup group stage
2007-11-08,UEFA,UEFA 2nd Division,2,2007–08,Aris,Red Star Belgrade,3-0,H,Continental,Wikipedia,2007–08 UEFA Cup group stage
2007-11-08,UEFA,UEFA 2nd Division,2,2007–08,Austria Wien,Bordeaux,1-2,A,Continental,Wikipedia,2007–08 UEFA Cup group stage
2007-11-08,UEFA,UEFA 2nd Division,2,2007–08,Bayern Munich,Bolton Wanderers,2-2,D,Continental,Wikipedia,2007–08 UEFA Cup group stage
2007-11-08,UEFA,UEFA 2nd Division,2,2007–08,Copenhagen,Panathinaikos,0-1,A,Continental,Wikipedia,2007–08 UEFA Cup group stage
2007-11-08,UEFA,UEFA 2nd Division,2,2007–08,Dinamo Zagreb,Basel,0-0,D,Continental,Wikipedia,2007–08 UEFA Cup group stage
2007-11-08,UEFA,UEFA 2nd Division,2,2007–08,Fiorentina,IF Elfsborg,6-1,H,Continental,Wikipedia,2007–08 UEFA Cup group stage
2007-11-08,UEFA,UEFA 2nd Division,2,2007–08,Galatasaray,Helsingborgs IF,2-3,A,Continental,Wikipedia,2007–08 UEFA Cup group stage
2007-11-08,UEFA,UEFA 2nd Division,2,2007–08,Hapoel Tel Aviv,Tottenham Hotspur,0-2,A,Continental,Wikipedia,2007–08 UEFA Cup group stage
2007-11-08,UEFA,UEFA 2nd Division,2,2007–08,Mladá Boleslav,Villarreal,1-2,A,Continental,Wikipedia,2007–08 UEFA Cup group stage
2007-11-08,UEFA,UEFA 2nd Division,2,2007–08,Rennes,Brann,1-1,D,Continental,Wikipedia,2007–08 UEFA Cup group stage
2007-11-08,UEFA,UEFA 2nd Division,2,2007–08,Spartak Moscow,Bayer Leverkusen,2-1,H,Continental,Wikipedia,2007–08 UEFA Cup group stage
2007-11-08,UEFA,UEFA 2nd Division,2,2007–08,Toulouse,Sparta Prague,2-3,A,Continental,Wikipedia,2007–08 UEFA Cup group stage
2007-11-29,UEFA,UEFA 2nd Division,2,2007–08,AEK Athens,Fiorentina,1-1,D,Continental,Wikipedia,2007–08 UEFA Cup group stage
2007-11-29,UEFA,UEFA 2nd Division,2,2007–08,AZ,AEL Larissa,1-0,H,Continental,Wikipedia,2007–08 UEFA Cup group stage
2007-11-29,UEFA,UEFA 2nd Division,2,2007–08,Atlético Madrid,Aberdeen,2-0,H,Continental,Wikipedia,2007–08 UEFA Cup group stage
2007-11-29,UEFA,UEFA 2nd Division,2,2007–08,Bolton Wanderers,Aris,1-1,D,Continental,Wikipedia,2007–08 UEFA Cup group stage
2007-11-29,UEFA,UEFA 2nd Division,2,2007–08,Braga,Bayern Munich,1-1,D,Continental,Wikipedia,2007–08 UEFA Cup group stage
2007-11-29,UEFA,UEFA 2nd Division,2,2007–08,Brann,Dinamo Zagreb,2-1,H,Continental,Wikipedia,2007–08 UEFA Cup group stage
2007-11-29,UEFA,UEFA 2nd Division,2,2007–08,Getafe,Hapoel Tel Aviv,1-2,A,Continental,Wikipedia,2007–08 UEFA Cup group stage
2007-11-29,UEFA,UEFA 2nd Division,2,2007–08,Hamburger SV,Rennes,3-0,H,Continental,Wikipedia,2007–08 UEFA Cup group stage
2007-11-29,UEFA,UEFA 2nd Division,2,2007–08,Helsingborgs IF,Austria Wien,3-0,H,Continental,Wikipedia,2007–08 UEFA Cup group stage
2007-11-29,UEFA,UEFA 2nd Division,2,2007–08,IF Elfsborg,Mladá Boleslav,1-3,A,Continental,Wikipedia,2007–08 UEFA Cup group stage
2007-11-29,UEFA,UEFA 2nd Division,2,2007–08,Lokomotiv Moscow,Copenhagen,0-1,A,Continental,Wikipedia,2007–08 UEFA Cup group stage
2007-11-29,UEFA,UEFA 2nd Division,2,2007–08,Panionios,Galatasaray,0-3,A,Continental,Wikipedia,2007–08 UEFA Cup group stage
2007-11-29,UEFA,UEFA 2nd Division,2,2007–08,Sparta Prague,Spartak Moscow,0-0,D,Continental,Wikipedia,2007–08 UEFA Cup group stage
2007-11-29,UEFA,UEFA 2nd Division,2,2007–08,Tottenham Hotspur,AaB,3-2,H,Continental,Wikipedia,2007–08 UEFA Cup group stage
2007-11-29,UEFA,UEFA 2nd Division,2,2007–08,Zenit Saint Petersburg,1. FC Nürnberg,2-2,D,Continental,Wikipedia,2007–08 UEFA Cup group stage
2007-11-29,UEFA,UEFA 2nd Division,2,2007–08,Zürich,Toulouse,2-0,H,Continental,Wikipedia,2007–08 UEFA Cup group stage
2007-12-05,UEFA,UEFA 2nd Division,2,2007–08,1. FC Nürnberg,AZ,2-1,H,Continental,Wikipedia,2007–08 UEFA Cup group stage
2007-12-05,UEFA,UEFA 2nd Division,2,2007–08,Basel,Brann,1-0,H,Continental,Wikipedia,2007–08 UEFA Cup group stage
2007-12-05,UEFA,UEFA 2nd Division,2,2007–08,Copenhagen,Atlético Madrid,0-2,A,Continental,Wikipedia,2007–08 UEFA Cup group stage
2007-12-05,UEFA,UEFA 2nd Division,2,2007–08,Dinamo Zagreb,Hamburger SV,0-2,A,Continental,Wikipedia,2007–08 UEFA Cup group stage
2007-12-05,UEFA,UEFA 2nd Division,2,2007–08,Everton,Zenit Saint Petersburg,1-0,H,Continental,Wikipedia,2007–08 UEFA Cup group stage
2007-12-05,UEFA,UEFA 2nd Division,2,2007–08,Mladá Boleslav,AEK Athens,0-1,A,Continental,Wikipedia,2007–08 UEFA Cup group stage
2007-12-05,UEFA,UEFA 2nd Division,2,2007–08,Panathinaikos,Lokomotiv Moscow,2-0,H,Continental,Wikipedia,2007–08 UEFA Cup group stage
2007-12-05,UEFA,UEFA 2nd Division,2,2007–08,Villarreal,IF Elfsborg,2-0,H,Continental,Wikipedia,2007–08 UEFA Cup group stage
2007-12-06,UEFA,UEFA 2nd Division,2,2007–08,AaB,Getafe,1-2,A,Continental,Wikipedia,2007–08 UEFA Cup group stage
2007-12-06,UEFA,UEFA 2nd Division,2,2007–08,Anderlecht,Tottenham Hotspur,1-1,D,Continental,Wikipedia,2007–08 UEFA Cup group stage
2007-12-06,UEFA,UEFA 2nd Division,2,2007–08,Aris,Braga,1-1,D,Continental,Wikipedia,2007–08 UEFA Cup group stage
2007-12-06,UEFA,UEFA 2nd Division,2,2007–08,Austria Wien,Panionios,0-1,A,Continental,Wikipedia,2007–08 UEFA Cup group stage
2007-12-06,UEFA,UEFA 2nd Division,2,2007–08,Bayer Leverkusen,Sparta Prague,1-0,H,Continental,Wikipedia,2007–08 UEFA Cup group stage
2007-12-06,UEFA,UEFA 2nd Division,2,2007–08,Bordeaux,Helsingborgs IF,2-1,H,Continental,Wikipedia,2007–08 UEFA Cup group stage
2007-12-06,UEFA,UEFA 2nd Division,2,2007–08,Red Star Belgrade,Bolton Wanderers,0-1,A,Continental,Wikipedia,2007–08 UEFA Cup group stage
2007-12-06,UEFA,UEFA 2nd Division,2,2007–08,Spartak Moscow,Zürich,1-0,H,Continental,Wikipedia,2007–08 UEFA Cup group stage
2007-12-19,UEFA,UEFA 2nd Division,2,2007–08,Bayern Munich,Aris,6-0,H,Continental,Wikipedia,2007–08 UEFA Cup group stage
2007-12-19,UEFA,UEFA 2nd Division,2,2007–08,Braga,Red Star Belgrade,2-0,H,Continental,Wikipedia,2007–08 UEFA Cup group stage
2007-12-19,UEFA,UEFA 2nd Division,2,2007–08,Galatasaray,Austria Wien,0-0,D,Continental,Wikipedia,2007–08 UEFA Cup group stage
2007-12-19,UEFA,UEFA 2nd Division,2,2007–08,Getafe,Anderlecht,2-1,H,Continental,Wikipedia,2007–08 UEFA Cup group stage
2007-12-19,UEFA,UEFA 2nd Division,2,2007–08,Hapoel Tel Aviv,AaB,1-3,A,Continental,Wikipedia,2007–08 UEFA Cup group stage
2007-12-19,UEFA,UEFA 2nd Division,2,2007–08,Panionios,Bordeaux,2-3,A,Continental,Wikipedia,2007–08 UEFA Cup group stage
2007-12-19,UEFA,UEFA 2nd Division,2,2007–08,Toulouse,Spartak Moscow,2-1,H,Continental,Wikipedia,2007–08 UEFA Cup group stage
2007-12-19,UEFA,UEFA 2nd Division,2,2007–08,Zürich,Bayer Leverkusen,0-5,A,Continental,Wikipedia,2007–08 UEFA Cup group stage
2007-12-20,UEFA,UEFA 2nd Division,2,2007–08,AEK Athens,Villarreal,1-2,A,Continental,Wikipedia,2007–08 UEFA Cup group stage
2007-12-20,UEFA,UEFA 2nd Division,2,2007–08,AEL Larissa,1. FC Nürnberg,1-3,A,Continental,Wikipedia,2007–08 UEFA Cup group stage
2007-12-20,UEFA,UEFA 2nd Division,2,2007–08,AZ,Everton,2-3,A,Continental,Wikipedia,2007–08 UEFA Cup group stage
2007-12-20,UEFA,UEFA 2nd Division,2,2007–08,Aberdeen,Copenhagen,4-0,H,Continental,Wikipedia,2007–08 UEFA Cup group stage
2007-12-20,UEFA,UEFA 2nd Division,2,2007–08,Atlético Madrid,Panathinaikos,2-1,H,Continental,Wikipedia,2007–08 UEFA Cup group stage
2007-12-20,UEFA,UEFA 2nd Division,2,2007–08,Fiorentina,Mladá Boleslav,2-1,H,Continental,Wikipedia,2007–08 UEFA Cup group stage
2007-12-20,UEFA,UEFA 2nd Division,2,2007–08,Hamburger SV,Basel,1-1,D,Continental,Wikipedia,2007–08 UEFA Cup group stage
2007-12-20,UEFA,UEFA 2nd Division,2,2007–08,Rennes,Dinamo Zagreb,1-1,D,Continental,Wikipedia,2007–08 UEFA Cup group stage
2008-02-13,UEFA,UEFA 2nd Division,2,2007–08,AEK Athens,Getafe,1-1,D,Continental,Wikipedia,2007–08 UEFA Cup knockout stage
2008-02-13,UEFA,UEFA 2nd Division,2,2007–08,Anderlecht,Bordeaux,2-1,H,Continental,Wikipedia,2007–08 UEFA Cup knockout stage
2008-02-13,UEFA,UEFA 2nd Division,2,2007–08,Brann,Everton,0-2,A,Continental,Wikipedia,2007–08 UEFA Cup knockout stage
2008-02-13,UEFA,UEFA 2nd Division,2,2007–08,Galatasaray,Bayer Leverkusen,0-0,D,Continental,Wikipedia,2007–08 UEFA Cup knockout stage
2008-02-13,UEFA,UEFA 2nd Division,2,2007–08,Marseille,Spartak Moscow,3-0,H,Continental,Wikipedia,2007–08 UEFA Cup knockout stage
2008-02-13,UEFA,UEFA 2nd Division,2,2007–08,PSV Eindhoven,Helsingborgs IF,2-0,H,Continental,Wikipedia,2007–08 UEFA Cup knockout stage
2008-02-13,UEFA,UEFA 2nd Division,2,2007–08,Rangers,Panathinaikos,0-0,D,Continental,Wikipedia,2007–08 UEFA Cup knockout stage
2008-02-13,UEFA,UEFA 2nd Division,2,2007–08,Sporting CP,Basel,2-0,H,Continental,Wikipedia,2007–08 UEFA Cup knockout stage
2008-02-13,UEFA,UEFA 2nd Division,2,2007–08,Werder Bremen,Braga,3-0,H,Continental,Wikipedia,2007–08 UEFA Cup knockout stage
2008-02-13,UEFA,UEFA 2nd Division,2,2007–08,Zenit Saint Petersburg,Villarreal,1-0,H,Continental,Wikipedia,2007–08 UEFA Cup knockout stage
2008-02-14,UEFA,UEFA 2nd Division,2,2007–08,Aberdeen,Bayern Munich,2-2,D,Continental,Wikipedia,2007–08 UEFA Cup knockout stage
2008-02-14,UEFA,UEFA 2nd Division,2,2007–08,Benfica,1. FC Nürnberg,1-0,H,Continental,Wikipedia,2007–08 UEFA Cup knockout stage
2008-02-14,UEFA,UEFA 2nd Division,2,2007–08,Bolton Wanderers,Atlético Madrid,1-0,H,Continental,Wikipedia,2007–08 UEFA Cup knockout stage
2008-02-14,UEFA,UEFA 2nd Division,2,2007–08,Rosenborg,Fiorentina,0-1,A,Continental,Wikipedia,2007–08 UEFA Cup knockout stage
2008-02-14,UEFA,UEFA 2nd Division,2,2007–08,Slavia Prague,Tottenham Hotspur,1-2,A,Continental,Wikipedia,2007–08 UEFA Cup knockout stage
2008-02-14,UEFA,UEFA 2nd Division,2,2007–08,Zürich,Hamburger SV,1-3,A,Continental,Wikipedia,2007–08 UEFA Cup knockout stage
2008-02-21,UEFA,UEFA 2nd Division,2,2007–08,1. FC Nürnberg,Benfica,2-2,D,Continental,Wikipedia,2007–08 UEFA Cup knockout stage
2008-02-21,UEFA,UEFA 2nd Division,2,2007–08,Atlético Madrid,Bolton Wanderers,0-0,D,Continental,Wikipedia,2007–08 UEFA Cup knockout stage
2008-02-21,UEFA,UEFA 2nd Division,2,2007–08,Basel,Sporting CP,0-3,A,Continental,Wikipedia,2007–08 UEFA Cup knockout stage
2008-02-21,UEFA,UEFA 2nd Division,2,2007–08,Bayer Leverkusen,Galatasaray,5-1,H,Continental,Wikipedia,2007–08 UEFA Cup knockout stage
2008-02-21,UEFA,UEFA 2nd Division,2,2007–08,Bayern Munich,Aberdeen,5-1,H,Continental,Wikipedia,2007–08 UEFA Cup knockout stage
2008-02-21,UEFA,UEFA 2nd Division,2,2007–08,Bordeaux,Anderlecht,1-1,D,Continental,Wikipedia,2007–08 UEFA Cup knockout stage
2008-02-21,UEFA,UEFA 2nd Division,2,2007–08,Braga,Werder Bremen,0-1,A,Continental,Wikipedia,2007–08 UEFA Cup knockout stage
2008-02-21,UEFA,UEFA 2nd Division,2,2007–08,Everton,Brann,6-1,H,Continental,Wikipedia,2007–08 UEFA Cup knockout stage
2008-02-21,UEFA,UEFA 2nd Division,2,2007–08,Fiorentina,Rosenborg,2-1,H,Continental,Wikipedia,2007–08 UEFA Cup knockout stage
2008-02-21,UEFA,UEFA 2nd Division,2,2007–08,Getafe,AEK Athens,3-0,H,Continental,Wikipedia,2007–08 UEFA Cup knockout stage
2008-02-21,UEFA,UEFA 2nd Division,2,2007–08,Hamburger SV,Zürich,0-0,D,Continental,Wikipedia,2007–08 UEFA Cup knockout stage
2008-02-21,UEFA,UEFA 2nd Division,2,2007–08,Helsingborgs IF,PSV Eindhoven,1-2,A,Continental,Wikipedia,2007–08 UEFA Cup knockout stage
2008-02-21,UEFA,UEFA 2nd Division,2,2007–08,Panathinaikos,Rangers,1-1,D,Continental,Wikipedia,2007–08 UEFA Cup knockout stage
2008-02-21,UEFA,UEFA 2nd Division,2,2007–08,Spartak Moscow,Marseille,2-0,H,Continental,Wikipedia,2007–08 UEFA Cup knockout stage
2008-02-21,UEFA,UEFA 2nd Division,2,2007–08,Tottenham Hotspur,Slavia Prague,1-1,D,Continental,Wikipedia,2007–08 UEFA Cup knockout stage
2008-02-21,UEFA,UEFA 2nd Division,2,2007–08,Villarreal,Zenit Saint Petersburg,2-1,H,Continental,Wikipedia,2007–08 UEFA Cup knockout stage
2008-03-06,UEFA,UEFA 2nd Division,2,2007–08,Anderlecht,Bayern Munich,0-5,A,Continental,Wikipedia,2007–08 UEFA Cup knockout stage
2008-03-06,UEFA,UEFA 2nd Division,2,2007–08,Bayer Leverkusen,Hamburger SV,1-0,H,Continental,Wikipedia,2007–08 UEFA Cup knockout stage
2008-03-06,UEFA,UEFA 2nd Division,2,2007–08,Benfica,Getafe,1-2,A,Continental,Wikipedia,2007–08 UEFA Cup knockout stage
2008-03-06,UEFA,UEFA 2nd Division,2,2007–08,Bolton Wanderers,Sporting CP,1-1,D,Continental,Wikipedia,2007–08 UEFA Cup knockout stage
2008-03-06,UEFA,UEFA 2nd Division,2,2007–08,Fiorentina,Everton,2-0,H,Continental,Wikipedia,2007–08 UEFA Cup knockout stage
2008-03-06,UEFA,UEFA 2nd Division,2,2007–08,Marseille,Zenit Saint Petersburg,3-1,H,Continental,Wikipedia,2007–08 UEFA Cup knockout stage
2008-03-06,UEFA,UEFA 2nd Division,2,2007–08,Rangers,Werder Bremen,2-0,H,Continental,Wikipedia,2007–08 UEFA Cup knockout stage
2008-03-06,UEFA,UEFA 2nd Division,2,2007–08,Tottenham Hotspur,PSV Eindhoven,0-1,A,Continental,Wikipedia,2007–08 UEFA Cup knockout stage
2008-03-12,UEFA,UEFA 2nd Division,2,2007–08,Bayern Munich,Anderlecht,1-2,A,Continental,Wikipedia,2007–08 UEFA Cup knockout stage
2008-03-12,UEFA,UEFA 2nd Division,2,2007–08,Everton,Fiorentina,2-0,H,Continental,Wikipedia,2007–08 UEFA Cup knockout stage
2008-03-12,UEFA,UEFA 2nd Division,2,2007–08,Getafe,Benfica,1-0,H,Continental,Wikipedia,2007–08 UEFA Cup knockout stage
2008-03-12,UEFA,UEFA 2nd Division,2,2007–08,Hamburger SV,Bayer Leverkusen,3-2,H,Continental,Wikipedia,2007–08 UEFA Cup knockout stage
2008-03-12,UEFA,UEFA 2nd Division,2,2007–08,PSV Eindhoven,Tottenham Hotspur,0-1,A,Continental,Wikipedia,2007–08 UEFA Cup knockout stage
2008-03-12,UEFA,UEFA 2nd Division,2,2007–08,Zenit Saint Petersburg,Marseille,2-0,H,Continental,Wikipedia,2007–08 UEFA Cup knockout stage
2008-03-13,UEFA,UEFA 2nd Division,2,2007–08,Sporting CP,Bolton Wanderers,1-0,H,Continental,Wikipedia,2007–08 UEFA Cup knockout stage
2008-03-13,UEFA,UEFA 2nd Division,2,2007–08,Werder Bremen,Rangers,1-0,H,Continental,Wikipedia,2007–08 UEFA Cup knockout stage
2008-04-03,UEFA,UEFA 2nd Division,2,2007–08,Bayer Leverkusen,Zenit Saint Petersburg,1-4,A,Continental,Wikipedia,2007–08 UEFA Cup knockout stage
2008-04-03,UEFA,UEFA 2nd Division,2,2007–08,Bayern Munich,Getafe,1-1,D,Continental,Wikipedia,2007–08 UEFA Cup knockout stage
2008-04-03,UEFA,UEFA 2nd Division,2,2007–08,Fiorentina,PSV Eindhoven,1-1,D,Continental,Wikipedia,2007–08 UEFA Cup knockout stage
2008-04-03,UEFA,UEFA 2nd Division,2,2007–08,Rangers,Sporting CP,0-0,D,Continental,Wikipedia,2007–08 UEFA Cup knockout stage
2008-04-10,UEFA,UEFA 2nd Division,2,2007–08,Getafe,Bayern Munich,3-3,D,Continental,Wikipedia,2007–08 UEFA Cup knockout stage
2008-04-10,UEFA,UEFA 2nd Division,2,2007–08,PSV Eindhoven,Fiorentina,0-2,A,Continental,Wikipedia,2007–08 UEFA Cup knockout stage
2008-04-10,UEFA,UEFA 2nd Division,2,2007–08,Sporting CP,Rangers,0-2,A,Continental,Wikipedia,2007–08 UEFA Cup knockout stage
2008-04-10,UEFA,UEFA 2nd Division,2,2007–08,Zenit Saint Petersburg,Bayer Leverkusen,0-1,A,Continental,Wikipedia,2007–08 UEFA Cup knockout stage
2008-04-24,UEFA,UEFA 2nd Division,2,2007–08,Bayern Munich,Zenit Saint Petersburg,1-1,D,Continental,Wikipedia,2007–08 UEFA Cup knockout stage
2008-04-24,UEFA,UEFA 2nd Division,2,2007–08,Rangers,Fiorentina,0-0,D,Continental,Wikipedia,2007–08 UEFA Cup knockout stage
2008-05-01,UEFA,UEFA 2nd Division,2,2007–08,Fiorentina,Rangers,0-0,D,Continental,Wikipedia,2007–08 UEFA Cup knockout stage
2008-05-01,UEFA,UEFA 2nd Division,2,2007–08,Zenit Saint Petersburg,Bayern Munich,4-0,H,Continental,Wikipedia,2007–08 UEFA Cup knockout stage
2008-07-17,UEFA,UEFA 2nd Division,2,2008–09,Ararat Yerevan,Bellinzona,0-1,A,Continental,Wikipedia,2008–09 UEFA Cup qualifying rounds
2008-07-17,UEFA,UEFA 2nd Division,2,2008–09,Bangor City,Midtjylland,1-6,A,Continental,Wikipedia,2008–09 UEFA Cup qualifying rounds
2008-07-17,UEFA,UEFA 2nd Division,2,2008–09,Brøndby,B36,1-0,H,Continental,Wikipedia,2008–09 UEFA Cup qualifying rounds
2008-07-17,UEFA,UEFA 2nd Division,2,2008–09,Cherno More,Sant Julià,4-0,H,Continental,Wikipedia,2008–09 UEFA Cup qualifying rounds
2008-07-17,UEFA,UEFA 2nd Division,2,2008–09,Cliftonville,Copenhagen,0-4,A,Continental,Wikipedia,2008–09 UEFA Cup qualifying rounds
2008-07-17,UEFA,UEFA 2nd Division,2,2008–09,Cork City,Haka,2-2,D,Continental,Wikipedia,2008–09 UEFA Cup qualifying rounds
2008-07-17,UEFA,UEFA 2nd Division,2,2008–09,Dacia Chișinău,Borac Čačak,1-1,D,Continental,Wikipedia,2008–09 UEFA Cup qualifying rounds
2008-07-17,UEFA,UEFA 2nd Division,2,2008–09,Djurgårdens IF,Flora,0-0,D,Continental,Wikipedia,2008–09 UEFA Cup qualifying rounds
2008-07-17,UEFA,UEFA 2nd Division,2,2008–09,EB/Streymur,Manchester City,0-2,A,Continental,Wikipedia,2008–09 UEFA Cup qualifying rounds
2008-07-17,UEFA,UEFA 2nd Division,2,2008–09,FH,Grevenmacher,3-2,H,Continental,Wikipedia,2008–09 UEFA Cup qualifying rounds
2008-07-17,UEFA,UEFA 2nd Division,2,2008–09,Glentoran,Liepājas Metalurgs,1-1,D,Continental,Wikipedia,2008–09 UEFA Cup qualifying rounds
2008-07-17,UEFA,UEFA 2nd Division,2,2008–09,Győri ETO,Zestaponi,1-1,D,Continental,Wikipedia,2008–09 UEFA Cup qualifying rounds
2008-07-17,UEFA,UEFA 2nd Division,2,2008–09,Hajduk Split,Birkirkara,4-0,H,Continental,Wikipedia,2008–09 UEFA Cup qualifying rounds
2008-07-17,UEFA,UEFA 2nd Division,2,2008–09,Hapoel Tel Aviv,Juvenes/Dogana,3-0,H,Continental,Wikipedia,2008–09 UEFA Cup qualifying rounds
2008-07-17,UEFA,UEFA 2nd Division,2,2008–09,Hertha BSC,Nistru Otaci,8-1,H,Continental,Wikipedia,2008–09 UEFA Cup qualifying rounds
2008-07-17,UEFA,UEFA 2nd Division,2,2008–09,Honka,ÍA,3-0,H,Continental,Wikipedia,2008–09 UEFA Cup qualifying rounds
2008-07-17,UEFA,UEFA 2nd Division,2,2008–09,Ironi Kiryat Shmona,Mogren,1-1,D,Continental,Wikipedia,2008–09 UEFA Cup qualifying rounds
2008-07-17,UEFA,UEFA 2nd Division,2,2008–09,Khazar Lankaran,Lech Poznań,0-1,A,Continental,Wikipedia,2008–09 UEFA Cup qualifying rounds
2008-07-17,UEFA,UEFA 2nd Division,2,2008–09,Koper,Vllaznia,1-2,A,Continental,Wikipedia,2008–09 UEFA Cup qualifying rounds
2008-07-17,UEFA,UEFA 2nd Division,2,2008–09,Legia Warsaw,Gomel,0-0,D,Continental,Wikipedia,2008–09 UEFA Cup qualifying rounds
2008-07-17,UEFA,UEFA 2nd Division,2,2008–09,MTZ-RIPO Minsk,Žilina,2-2,D,Continental,Wikipedia,2008–09 UEFA Cup qualifying rounds
2008-07-17,UEFA,UEFA 2nd Division,2,2008–09,Marsaxlokk,Slaven Belupo,0-4,A,Continental,Wikipedia,2008–09 UEFA Cup qualifying rounds
2008-07-17,UEFA,UEFA 2nd Division,2,2008–09,Olimps/ASK,St Patrick's Athletic,0-1,A,Continental,Wikipedia,2008–09 UEFA Cup qualifying rounds
2008-07-17,UEFA,UEFA 2nd Division,2,2008–09,Omonia,Milano,2-0,H,Continental,Wikipedia,2008–09 UEFA Cup qualifying rounds
2008-07-17,UEFA,UEFA 2nd Division,2,2008–09,Pelister,APOEL,0-0,D,Continental,Wikipedia,2008–09 UEFA Cup qualifying rounds
2008-07-17,UEFA,UEFA 2nd Division,2,2008–09,Racing Union,Kalmar FF,0-3,A,Continental,Wikipedia,2008–09 UEFA Cup qualifying rounds
2008-07-17,UEFA,UEFA 2nd Division,2,2008–09,Red Bull Salzburg,Banants,7-0,H,Continental,Wikipedia,2008–09 UEFA Cup qualifying rounds
2008-07-17,UEFA,UEFA 2nd Division,2,2008–09,Shakhter Karagandy,Debrecen,1-1,D,Continental,Wikipedia,2008–09 UEFA Cup qualifying rounds
2008-07-17,UEFA,UEFA 2nd Division,2,2008–09,Spartak Trnava,WIT Georgia,2-2,D,Continental,Wikipedia,2008–09 UEFA Cup qualifying rounds
2008-07-17,UEFA,UEFA 2nd Division,2,2008–09,Sūduva,The New Saints,1-0,H,Continental,Wikipedia,2008–09 UEFA Cup qualifying rounds
2008-07-17,UEFA,UEFA 2nd Division,2,2008–09,TVMK,Nordsjælland,0-3,A,Continental,Wikipedia,2008–09 UEFA Cup qualifying rounds
2008-07-17,UEFA,UEFA 2nd Division,2,2008–09,Tobol,Austria Wien,1-0,H,Continental,Wikipedia,2008–09 UEFA Cup qualifying rounds
2008-07-17,UEFA,UEFA 2nd Division,2,2008–09,Vaduz,Zrinjski Mostar,1-2,A,Continental,Wikipedia,2008–09 UEFA Cup qualifying rounds
2008-07-17,UEFA,UEFA 2nd Division,2,2008–09,Vojvodina,Olimpik Baku,1-0,H,Continental,Wikipedia,2008–09 UEFA Cup qualifying rounds
2008-07-17,UEFA,UEFA 2nd Division,2,2008–09,Vėtra,Viking,1-0,H,Continental,Wikipedia,2008–09 UEFA Cup qualifying rounds
2008-07-17,UEFA,UEFA 2nd Division,2,2008–09,Zeta,Interblock,1-1,D,Continental,Wikipedia,2008–09 UEFA Cup qualifying rounds
2008-07-17,UEFA,UEFA 2nd Division,2,2008–09,Široki Brijeg,Partizani,0-0,D,Continental,Wikipedia,2008–09 UEFA Cup qualifying rounds
2008-07-29,UEFA,UEFA 2nd Division,2,2008–09,Nordsjælland,TVMK,5-0,H,Continental,Wikipedia,2008–09 UEFA Cup qualifying rounds
2008-07-31,UEFA,UEFA 2nd Division,2,2008–09,APOEL,Pelister,1-0,H,Continental,Wikipedia,2008–09 UEFA Cup qualifying rounds
2008-07-31,UEFA,UEFA 2nd Division,2,2008–09,Austria Wien,Tobol,2-0,H,Continental,Wikipedia,2008–09 UEFA Cup qualifying rounds
2008-07-31,UEFA,UEFA 2nd Division,2,2008–09,B36,Brøndby,0-2,A,Continental,Wikipedia,2008–09 UEFA Cup qualifying rounds
2008-07-31,UEFA,UEFA 2nd Division,2,2008–09,Banants,Red Bull Salzburg,0-3,A,Continental,Wikipedia,2008–09 UEFA Cup qualifying rounds
2008-07-31,UEFA,UEFA 2nd Division,2,2008–09,Bellinzona,Ararat Yerevan,3-1,H,Continental,Wikipedia,2008–09 UEFA Cup qualifying rounds
2008-07-31,UEFA,UEFA 2nd Division,2,2008–09,Birkirkara,Hajduk Split,0-3,A,Continental,Wikipedia,2008–09 UEFA Cup qualifying rounds
2008-07-31,UEFA,UEFA 2nd Division,2,2008–09,Borac Čačak,Dacia Chișinău,3-1,H,Continental,Wikipedia,2008–09 UEFA Cup qualifying rounds
2008-07-31,UEFA,UEFA 2nd Division,2,2008–09,Copenhagen,Cliftonville,7-0,H,Continental,Wikipedia,2008–09 UEFA Cup qualifying rounds
2008-07-31,UEFA,UEFA 2nd Division,2,2008–09,Debrecen,Shakhter Karagandy,1-0,H,Continental,Wikipedia,2008–09 UEFA Cup qualifying rounds
2008-07-31,UEFA,UEFA 2nd Division,2,2008–09,Flora,Djurgårdens IF,2-2,D,Continental,Wikipedia,2008–09 UEFA Cup qualifying rounds
2008-07-31,UEFA,UEFA 2nd Division,2,2008–09,Gomel,Legia Warsaw,1-4,A,Continental,Wikipedia,2008–09 UEFA Cup qualifying rounds
2008-07-31,UEFA,UEFA 2nd Division,2,2008–09,Grevenmacher,FH,1-5,A,Continental,Wikipedia,2008–09 UEFA Cup qualifying rounds
2008-07-31,UEFA,UEFA 2nd Division,2,2008–09,Haka,Cork City,4-0,H,Continental,Wikipedia,2008–09 UEFA Cup qualifying rounds
2008-07-31,UEFA,UEFA 2nd Division,2,2008–09,Interblock,Zeta,1-0,H,Continental,Wikipedia,2008–09 UEFA Cup qualifying rounds
2008-07-31,UEFA,UEFA 2nd Division,2,2008–09,Juvenes/Dogana,Hapoel Tel Aviv,0-2,A,Continental,Wikipedia,2008–09 UEFA Cup qualifying rounds
2008-07-31,UEFA,UEFA 2nd Division,2,2008–09,Kalmar FF,Racing Union,7-1,H,Continental,Wikipedia,2008–09 UEFA Cup qualifying rounds
2008-07-31,UEFA,UEFA 2nd Division,2,2008–09,Lech Poznań,Khazar Lankaran,4-1,H,Continental,Wikipedia,2008–09 UEFA Cup qualifying rounds
2008-07-31,UEFA,UEFA 2nd Division,2,2008–09,Liepājas Metalurgs,Glentoran,2-0,H,Continental,Wikipedia,2008–09 UEFA Cup qualifying rounds
2008-07-31,UEFA,UEFA 2nd Division,2,2008–09,Manchester City,EB/Streymur,2-0,H,Continental,Wikipedia,2008–09 UEFA Cup qualifying rounds
2008-07-31,UEFA,UEFA 2nd Division,2,2008–09,Midtjylland,Bangor City,4-0,H,Continental,Wikipedia,2008–09 UEFA Cup qualifying rounds
2008-07-31,UEFA,UEFA 2nd Division,2,2008–09,Milano,Omonia,1-2,A,Continental,Wikipedia,2008–09 UEFA Cup qualifying rounds
2008-07-31,UEFA,UEFA 2nd Division,2,2008–09,Mogren,Ironi Kiryat Shmona,0-3,A,Continental,Wikipedia,2008–09 UEFA Cup qualifying rounds
2008-07-31,UEFA,UEFA 2nd Division,2,2008–09,Nistru Otaci,Hertha BSC,0-0,D,Continental,Wikipedia,2008–09 UEFA Cup qualifying rounds
2008-07-31,UEFA,UEFA 2nd Division,2,2008–09,Olimpik Baku,Vojvodina,1-1,D,Continental,Wikipedia,2008–09 UEFA Cup qualifying rounds
2008-07-31,UEFA,UEFA 2nd Division,2,2008–09,Partizani,Široki Brijeg,1-3,A,Continental,Wikipedia,2008–09 UEFA Cup qualifying rounds
2008-07-31,UEFA,UEFA 2nd Division,2,2008–09,Sant Julià,Cherno More,0-5,A,Continental,Wikipedia,2008–09 UEFA Cup qualifying rounds
2008-07-31,UEFA,UEFA 2nd Division,2,2008–09,Slaven Belupo,Marsaxlokk,4-0,H,Continental,Wikipedia,2008–09 UEFA Cup qualifying rounds
2008-07-31,UEFA,UEFA 2nd Division,2,2008–09,St Patrick's Athletic,Olimps/ASK,2-0,H,Continental,Wikipedia,2008–09 UEFA Cup qualifying rounds
2008-07-31,UEFA,UEFA 2nd Division,2,2008–09,The New Saints,Sūduva,0-1,A,Continental,Wikipedia,2008–09 UEFA Cup qualifying rounds
2008-07-31,UEFA,UEFA 2nd Division,2,2008–09,Viking,Vėtra,2-0,H,Continental,Wikipedia,2008–09 UEFA Cup qualifying rounds
2008-07-31,UEFA,UEFA 2nd Division,2,2008–09,Vllaznia,Koper,0-0,D,Continental,Wikipedia,2008–09 UEFA Cup qualifying rounds
2008-07-31,UEFA,UEFA 2nd Division,2,2008–09,WIT Georgia,Spartak Trnava,1-0,H,Continental,Wikipedia,2008–09 UEFA Cup qualifying rounds
2008-07-31,UEFA,UEFA 2nd Division,2,2008–09,Zestaponi,Győri ETO,1-2,A,Continental,Wikipedia,2008–09 UEFA Cup qualifying rounds
2008-07-31,UEFA,UEFA 2nd Division,2,2008–09,Zrinjski Mostar,Vaduz,3-0,H,Continental,Wikipedia,2008–09 UEFA Cup qualifying rounds
2008-07-31,UEFA,UEFA 2nd Division,2,2008–09,ÍA,Honka,2-1,H,Continental,Wikipedia,2008–09 UEFA Cup qualifying rounds
2008-07-31,UEFA,UEFA 2nd Division,2,2008–09,Žilina,MTZ-RIPO Minsk,1-0,H,Continental,Wikipedia,2008–09 UEFA Cup qualifying rounds
2008-08-14,UEFA,UEFA 2nd Division,2,2008–09,AEK Athens,Omonia,0-1,A,Continental,Wikipedia,2008–09 UEFA Cup qualifying rounds
2008-08-14,UEFA,UEFA 2nd Division,2,2008–09,APOEL,Red Star Belgrade,2-2,D,Continental,Wikipedia,2008–09 UEFA Cup qualifying rounds
2008-08-14,UEFA,UEFA 2nd Division,2,2008–09,Aris,Slaven Belupo,1-0,H,Continental,Wikipedia,2008–09 UEFA Cup qualifying rounds
2008-08-14,UEFA,UEFA 2nd Division,2,2008–09,Borac Čačak,Lokomotiv Sofia,1-0,H,Continental,Wikipedia,2008–09 UEFA Cup qualifying rounds
2008-08-14,UEFA,UEFA 2nd Division,2,2008–09,Braga,Zrinjski Mostar,1-0,H,Continental,Wikipedia,2008–09 UEFA Cup qualifying rounds
2008-08-14,UEFA,UEFA 2nd Division,2,2008–09,Copenhagen,Lillestrøm,3-1,H,Continental,Wikipedia,2008–09 UEFA Cup qualifying rounds
2008-08-14,UEFA,UEFA 2nd Division,2,2008–09,Deportivo La Coruña,Hajduk Split,0-0,D,Continental,Wikipedia,2008–09 UEFA Cup qualifying rounds
2008-08-14,UEFA,UEFA 2nd Division,2,2008–09,Djurgårdens IF,Rosenborg,2-1,H,Continental,Wikipedia,2008–09 UEFA Cup qualifying rounds
2008-08-14,UEFA,UEFA 2nd Division,2,2008–09,Dnipro Dnipropetrovsk,Bellinzona,3-2,H,Continental,Wikipedia,2008–09 UEFA Cup qualifying rounds
2008-08-14,UEFA,UEFA 2nd Division,2,2008–09,FH,Aston Villa,1-4,A,Continental,Wikipedia,2008–09 UEFA Cup qualifying rounds
2008-08-14,UEFA,UEFA 2nd Division,2,2008–09,Gent,Kalmar FF,2-1,H,Continental,Wikipedia,2008–09 UEFA Cup qualifying rounds
2008-08-14,UEFA,UEFA 2nd Division,2,2008–09,Haka,Brøndby,0-4,A,Continental,Wikipedia,2008–09 UEFA Cup qualifying rounds
2008-08-14,UEFA,UEFA 2nd Division,2,2008–09,Honka,Viking,0-0,D,Continental,Wikipedia,2008–09 UEFA Cup qualifying rounds
2008-08-14,UEFA,UEFA 2nd Division,2,2008–09,IF Elfsborg,St Patrick's Athletic,2-2,D,Continental,Wikipedia,2008–09 UEFA Cup qualifying rounds
2008-08-14,UEFA,UEFA 2nd Division,2,2008–09,Interblock,Hertha BSC,0-2,A,Continental,Wikipedia,2008–09 UEFA Cup qualifying rounds
2008-08-14,UEFA,UEFA 2nd Division,2,2008–09,Lech Poznań,Grasshopper,6-0,H,Continental,Wikipedia,2008–09 UEFA Cup qualifying rounds
2008-08-14,UEFA,UEFA 2nd Division,2,2008–09,Legia Warsaw,FC Moscow,1-2,A,Continental,Wikipedia,2008–09 UEFA Cup qualifying rounds
2008-08-14,UEFA,UEFA 2nd Division,2,2008–09,Liepājas Metalurgs,Vaslui,0-2,A,Continental,Wikipedia,2008–09 UEFA Cup qualifying rounds
2008-08-14,UEFA,UEFA 2nd Division,2,2008–09,Litex Lovech,Ironi Kiryat Shmona,0-0,D,Continental,Wikipedia,2008–09 UEFA Cup qualifying rounds
2008-08-14,UEFA,UEFA 2nd Division,2,2008–09,Maccabi Netanya,Cherno More,1-1,D,Continental,Wikipedia,2008–09 UEFA Cup qualifying rounds
2008-08-14,UEFA,UEFA 2nd Division,2,2008–09,Manchester City,Midtjylland,0-1,A,Continental,Wikipedia,2008–09 UEFA Cup qualifying rounds
2008-08-14,UEFA,UEFA 2nd Division,2,2008–09,Queen of the South,Nordsjælland,1-2,A,Continental,Wikipedia,2008–09 UEFA Cup qualifying rounds
2008-08-14,UEFA,UEFA 2nd Division,2,2008–09,Slovan Liberec,Žilina,1-2,A,Continental,Wikipedia,2008–09 UEFA Cup qualifying rounds
2008-08-14,UEFA,UEFA 2nd Division,2,2008–09,Stabæk,Rennes,2-1,H,Continental,Wikipedia,2008–09 UEFA Cup qualifying rounds
2008-08-14,UEFA,UEFA 2nd Division,2,2008–09,Sūduva,Red Bull Salzburg,1-4,A,Continental,Wikipedia,2008–09 UEFA Cup qualifying rounds
2008-08-14,UEFA,UEFA 2nd Division,2,2008–09,VfB Stuttgart,Győri ETO,2-1,H,Continental,Wikipedia,2008–09 UEFA Cup qualifying rounds
2008-08-14,UEFA,UEFA 2nd Division,2,2008–09,Vllaznia,Napoli,0-3,A,Continental,Wikipedia,2008–09 UEFA Cup qualifying rounds
2008-08-14,UEFA,UEFA 2nd Division,2,2008–09,Vojvodina,Hapoel Tel Aviv,0-0,D,Continental,Wikipedia,2008–09 UEFA Cup qualifying rounds
2008-08-14,UEFA,UEFA 2nd Division,2,2008–09,WIT Georgia,Austria Wien,,,Continental,Wikipedia,2008–09 UEFA Cup qualifying rounds
2008-08-14,UEFA,UEFA 2nd Division,2,2008–09,Young Boys,Debrecen,4-1,H,Continental,Wikipedia,2008–09 UEFA Cup qualifying rounds
2008-08-14,UEFA,UEFA 2nd Division,2,2008–09,Zürich,Sturm Graz,1-1,D,Continental,Wikipedia,2008–09 UEFA Cup qualifying rounds
2008-08-14,UEFA,UEFA 2nd Division,2,2008–09,Široki Brijeg,Beşiktaş,1-2,A,Continental,Wikipedia,2008–09 UEFA Cup qualifying rounds
2008-08-26,UEFA,UEFA 2nd Division,2,2008–09,Lokomotiv Sofia,Borac Čačak,1-1,D,Continental,Wikipedia,2008–09 UEFA Cup qualifying rounds
2008-08-26,UEFA,UEFA 2nd Division,2,2008–09,Nordsjælland,Queen of the South,2-1,H,Continental,Wikipedia,2008–09 UEFA Cup qualifying rounds
2008-08-28,UEFA,UEFA 2nd Division,2,2008–09,Aston Villa,FH,1-1,D,Continental,Wikipedia,2008–09 UEFA Cup qualifying rounds
2008-08-28,UEFA,UEFA 2nd Division,2,2008–09,Austria Wien,WIT Georgia,2-0,H,Continental,Wikipedia,2008–09 UEFA Cup qualifying rounds
2008-08-28,UEFA,UEFA 2nd Division,2,2008–09,Bellinzona,Dnipro Dnipropetrovsk,2-1,H,Continental,Wikipedia,2008–09 UEFA Cup qualifying rounds
2008-08-28,UEFA,UEFA 2nd Division,2,2008–09,Beşiktaş,Široki Brijeg,4-0,H,Continental,Wikipedia,2008–09 UEFA Cup qualifying rounds
2008-08-28,UEFA,UEFA 2nd Division,2,2008–09,Brøndby,Haka,2-0,H,Continental,Wikipedia,2008–09 UEFA Cup qualifying rounds
2008-08-28,UEFA,UEFA 2nd Division,2,2008–09,Cherno More,Maccabi Netanya,2-0,H,Continental,Wikipedia,2008–09 UEFA Cup qualifying rounds
2008-08-28,UEFA,UEFA 2nd Division,2,2008–09,Debrecen,Young Boys,2-3,A,Continental,Wikipedia,2008–09 UEFA Cup qualifying rounds
2008-08-28,UEFA,UEFA 2nd Division,2,2008–09,FC Moscow,Legia Warsaw,2-0,H,Continental,Wikipedia,2008–09 UEFA Cup qualifying rounds
2008-08-28,UEFA,UEFA 2nd Division,2,2008–09,Grasshopper,Lech Poznań,0-0,D,Continental,Wikipedia,2008–09 UEFA Cup qualifying rounds
2008-08-28,UEFA,UEFA 2nd Division,2,2008–09,Győri ETO,VfB Stuttgart,1-4,A,Continental,Wikipedia,2008–09 UEFA Cup qualifying rounds
2008-08-28,UEFA,UEFA 2nd Division,2,2008–09,Hajduk Split,Deportivo La Coruña,0-2,A,Continental,Wikipedia,2008–09 UEFA Cup qualifying rounds
2008-08-28,UEFA,UEFA 2nd Division,2,2008–09,Hapoel Tel Aviv,Vojvodina,3-0,H,Continental,Wikipedia,2008–09 UEFA Cup qualifying rounds
2008-08-28,UEFA,UEFA 2nd Division,2,2008–09,Hertha BSC,Interblock,1-0,H,Continental,Wikipedia,2008–09 UEFA Cup qualifying rounds
2008-08-28,UEFA,UEFA 2nd Division,2,2008–09,Ironi Kiryat Shmona,Litex Lovech,1-2,A,Continental,Wikipedia,2008–09 UEFA Cup qualifying rounds
2008-08-28,UEFA,UEFA 2nd Division,2,2008–09,Kalmar FF,Gent,4-0,H,Continental,Wikipedia,2008–09 UEFA Cup qualifying rounds
2008-08-28,UEFA,UEFA 2nd Division,2,2008–09,Lillestrøm,Copenhagen,2-4,A,Continental,Wikipedia,2008–09 UEFA Cup qualifying rounds
2008-08-28,UEFA,UEFA 2nd Division,2,2008–09,Midtjylland,Manchester City,0-1,A,Continental,Wikipedia,2008–09 UEFA Cup qualifying rounds
2008-08-28,UEFA,UEFA 2nd Division,2,2008–09,Napoli,Vllaznia,5-0,H,Continental,Wikipedia,2008–09 UEFA Cup qualifying rounds
2008-08-28,UEFA,UEFA 2nd Division,2,2008–09,Omonia,AEK Athens,2-2,D,Continental,Wikipedia,2008–09 UEFA Cup qualifying rounds
2008-08-28,UEFA,UEFA 2nd Division,2,2008–09,Red Bull Salzburg,Sūduva,0-1,A,Continental,Wikipedia,2008–09 UEFA Cup qualifying rounds
2008-08-28,UEFA,UEFA 2nd Division,2,2008–09,Red Star Belgrade,APOEL,3-3,D,Continental,Wikipedia,2008–09 UEFA Cup qualifying rounds
2008-08-28,UEFA,UEFA 2nd Division,2,2008–09,Rennes,Stabæk,2-0,H,Continental,Wikipedia,2008–09 UEFA Cup qualifying rounds
2008-08-28,UEFA,UEFA 2nd Division,2,2008–09,Rosenborg,Djurgårdens IF,5-0,H,Continental,Wikipedia,2008–09 UEFA Cup qualifying rounds
2008-08-28,UEFA,UEFA 2nd Division,2,2008–09,Slaven Belupo,Aris,2-0,H,Continental,Wikipedia,2008–09 UEFA Cup qualifying rounds
2008-08-28,UEFA,UEFA 2nd Division,2,2008–09,St Patrick's Athletic,IF Elfsborg,2-1,H,Continental,Wikipedia,2008–09 UEFA Cup qualifying rounds
2008-08-28,UEFA,UEFA 2nd Division,2,2008–09,Sturm Graz,Zürich,1-1,D,Continental,Wikipedia,2008–09 UEFA Cup qualifying rounds
2008-08-28,UEFA,UEFA 2nd Division,2,2008–09,Vaslui,Liepājas Metalurgs,3-1,H,Continental,Wikipedia,2008–09 UEFA Cup qualifying rounds
2008-08-28,UEFA,UEFA 2nd Division,2,2008–09,Viking,Honka,1-2,A,Continental,Wikipedia,2008–09 UEFA Cup qualifying rounds
2008-08-28,UEFA,UEFA 2nd Division,2,2008–09,Zrinjski Mostar,Braga,0-2,A,Continental,Wikipedia,2008–09 UEFA Cup qualifying rounds
2008-08-28,UEFA,UEFA 2nd Division,2,2008–09,Žilina,Slovan Liberec,2-1,H,Continental,Wikipedia,2008–09 UEFA Cup qualifying rounds
2008-09-16,UEFA,UEFA 2nd Division,2,2008–09,APOEL,Schalke 04,1-4,A,Continental,Wikipedia,2008–09 UEFA Cup first round
2008-09-16,UEFA,UEFA 2nd Division,2,2008–09,Hertha BSC,St Patrick's Athletic,2-0,H,Continental,Wikipedia,2008–09 UEFA Cup first round
2008-09-16,UEFA,UEFA 2nd Division,2,2008–09,Nordsjælland,Olympiacos,0-2,A,Continental,Wikipedia,2008–09 UEFA Cup first round
2008-09-18,UEFA,UEFA 2nd Division,2,2008–09,Austria Wien,Lech Poznań,2-1,H,Continental,Wikipedia,2008–09 UEFA Cup first round
2008-09-18,UEFA,UEFA 2nd Division,2,2008–09,Baník Ostrava,Spartak Moscow,0-1,A,Continental,Wikipedia,2008–09 UEFA Cup first round
2008-09-18,UEFA,UEFA 2nd Division,2,2008–09,Bellinzona,Galatasaray,3-4,A,Continental,Wikipedia,2008–09 UEFA Cup first round
2008-09-18,UEFA,UEFA 2nd Division,2,2008–09,Beşiktaş,Metalist Kharkiv,1-0,H,Continental,Wikipedia,2008–09 UEFA Cup first round
2008-09-18,UEFA,UEFA 2nd Division,2,2008–09,Borac Čačak,Ajax,1-4,A,Continental,Wikipedia,2008–09 UEFA Cup first round
2008-09-18,UEFA,UEFA 2nd Division,2,2008–09,Borussia Dortmund,Udinese,0-2,A,Continental,Wikipedia,2008–09 UEFA Cup first round
2008-09-18,UEFA,UEFA 2nd Division,2,2008–09,Braga,Artmedia Petržalka,4-0,H,Continental,Wikipedia,2008–09 UEFA Cup first round
2008-09-18,UEFA,UEFA 2nd Division,2,2008–09,Brann,Deportivo La Coruña,2-0,H,Continental,Wikipedia,2008–09 UEFA Cup first round
2008-09-18,UEFA,UEFA 2nd Division,2,2008–09,Brøndby,Rosenborg,1-2,A,Continental,Wikipedia,2008–09 UEFA Cup first round
2008-09-18,UEFA,UEFA 2nd Division,2,2008–09,Cherno More,VfB Stuttgart,1-2,A,Continental,Wikipedia,2008–09 UEFA Cup first round
2008-09-18,UEFA,UEFA 2nd Division,2,2008–09,Dinamo Zagreb,Sparta Prague,0-0,D,Continental,Wikipedia,2008–09 UEFA Cup first round
2008-09-18,UEFA,UEFA 2nd Division,2,2008–09,Everton,Standard Liège,2-2,D,Continental,Wikipedia,2008–09 UEFA Cup first round
2008-09-18,UEFA,UEFA 2nd Division,2,2008–09,FC Moscow,Copenhagen,1-2,A,Continental,Wikipedia,2008–09 UEFA Cup first round
2008-09-18,UEFA,UEFA 2nd Division,2,2008–09,Feyenoord,Kalmar FF,0-1,A,Continental,Wikipedia,2008–09 UEFA Cup first round
2008-09-18,UEFA,UEFA 2nd Division,2,2008–09,Hamburger SV,Unirea Urziceni,0-0,D,Continental,Wikipedia,2008–09 UEFA Cup first round
2008-09-18,UEFA,UEFA 2nd Division,2,2008–09,Hapoel Tel Aviv,Saint-Étienne,1-2,A,Continental,Wikipedia,2008–09 UEFA Cup first round
2008-09-18,UEFA,UEFA 2nd Division,2,2008–09,Kayserispor,Paris Saint-Germain,1-2,A,Continental,Wikipedia,2008–09 UEFA Cup first round
2008-09-18,UEFA,UEFA 2nd Division,2,2008–09,Litex Lovech,Aston Villa,1-3,A,Continental,Wikipedia,2008–09 UEFA Cup first round
2008-09-18,UEFA,UEFA 2nd Division,2,2008–09,Marítimo,Valencia,0-1,A,Continental,Wikipedia,2008–09 UEFA Cup first round
2008-09-18,UEFA,UEFA 2nd Division,2,2008–09,Milan,Zürich,3-1,H,Continental,Wikipedia,2008–09 UEFA Cup first round
2008-09-18,UEFA,UEFA 2nd Division,2,2008–09,NEC,Dinamo București,1-0,H,Continental,Wikipedia,2008–09 UEFA Cup first round
2008-09-18,UEFA,UEFA 2nd Division,2,2008–09,Nancy,Motherwell,1-0,H,Continental,Wikipedia,2008–09 UEFA Cup first round
2008-09-18,UEFA,UEFA 2nd Division,2,2008–09,Napoli,Benfica,3-2,H,Continental,Wikipedia,2008–09 UEFA Cup first round
2008-09-18,UEFA,UEFA 2nd Division,2,2008–09,Omonia,Manchester City,1-2,A,Continental,Wikipedia,2008–09 UEFA Cup first round
2008-09-18,UEFA,UEFA 2nd Division,2,2008–09,Portsmouth,Vitória de Guimarães,2-0,H,Continental,Wikipedia,2008–09 UEFA Cup first round
2008-09-18,UEFA,UEFA 2nd Division,2,2008–09,Racing Santander,Honka,1-0,H,Continental,Wikipedia,2008–09 UEFA Cup first round
2008-09-18,UEFA,UEFA 2nd Division,2,2008–09,Rennes,Twente,2-1,H,Continental,Wikipedia,2008–09 UEFA Cup first round
2008-09-18,UEFA,UEFA 2nd Division,2,2008–09,Sampdoria,Kaunas,5-0,H,Continental,Wikipedia,2008–09 UEFA Cup first round
2008-09-18,UEFA,UEFA 2nd Division,2,2008–09,Sevilla,Red Bull Salzburg,2-0,H,Continental,Wikipedia,2008–09 UEFA Cup first round
2008-09-18,UEFA,UEFA 2nd Division,2,2008–09,Slaven Belupo,CSKA Moscow,1-2,A,Continental,Wikipedia,2008–09 UEFA Cup first round
2008-09-18,UEFA,UEFA 2nd Division,2,2008–09,Slavia Prague,Vaslui,0-0,D,Continental,Wikipedia,2008–09 UEFA Cup first round
2008-09-18,UEFA,UEFA 2nd Division,2,2008–09,Timișoara,Partizan,1-2,A,Continental,Wikipedia,2008–09 UEFA Cup first round
2008-09-18,UEFA,UEFA 2nd Division,2,2008–09,Tottenham Hotspur,Wisła Kraków,2-1,H,Continental,Wikipedia,2008–09 UEFA Cup first round
2008-09-18,UEFA,UEFA 2nd Division,2,2008–09,VfL Wolfsburg,Rapid București,1-0,H,Continental,Wikipedia,2008–09 UEFA Cup first round
2008-09-18,UEFA,UEFA 2nd Division,2,2008–09,Vitória de Setúbal,Heerenveen,1-1,D,Continental,Wikipedia,2008–09 UEFA Cup first round
2008-09-18,UEFA,UEFA 2nd Division,2,2008–09,Young Boys,Club Brugge,2-2,D,Continental,Wikipedia,2008–09 UEFA Cup first round
2008-09-18,UEFA,UEFA 2nd Division,2,2008–09,Žilina,Levski Sofia,1-1,D,Continental,Wikipedia,2008–09 UEFA Cup first round
2008-09-30,UEFA,UEFA 2nd Division,2,2008–09,CSKA Moscow,Slaven Belupo,1-0,H,Continental,Wikipedia,2008–09 UEFA Cup first round
2008-09-30,UEFA,UEFA 2nd Division,2,2008–09,St Patrick's Athletic,Hertha BSC,0-0,D,Continental,Wikipedia,2008–09 UEFA Cup first round
2008-10-02,UEFA,UEFA 2nd Division,2,2008–09,Ajax,Borac Čačak,2-0,H,Continental,Wikipedia,2008–09 UEFA Cup first round
2008-10-02,UEFA,UEFA 2nd Division,2,2008–09,Artmedia Petržalka,Braga,0-2,A,Continental,Wikipedia,2008–09 UEFA Cup first round
2008-10-02,UEFA,UEFA 2nd Division,2,2008–09,Aston Villa,Litex Lovech,1-1,D,Continental,Wikipedia,2008–09 UEFA Cup first round
2008-10-02,UEFA,UEFA 2nd Division,2,2008–09,Benfica,Napoli,2-0,H,Continental,Wikipedia,2008–09 UEFA Cup first round
2008-10-02,UEFA,UEFA 2nd Division,2,2008–09,Club Brugge,Young Boys,2-0,H,Continental,Wikipedia,2008–09 UEFA Cup first round
2008-10-02,UEFA,UEFA 2nd Division,2,2008–09,Copenhagen,FC Moscow,1-1,D,Continental,Wikipedia,2008–09 UEFA Cup first round
2008-10-02,UEFA,UEFA 2nd Division,2,2008–09,Deportivo La Coruña,Brann,2-0,H,Continental,Wikipedia,2008–09 UEFA Cup first round
2008-10-02,UEFA,UEFA 2nd Division,2,2008–09,Dinamo București,NEC,0-0,D,Continental,Wikipedia,2008–09 UEFA Cup first round
2008-10-02,UEFA,UEFA 2nd Division,2,2008–09,Galatasaray,Bellinzona,2-1,H,Continental,Wikipedia,2008–09 UEFA Cup first round
2008-10-02,UEFA,UEFA 2nd Division,2,2008–09,Heerenveen,Vitória de Setúbal,5-2,H,Continental,Wikipedia,2008–09 UEFA Cup first round
2008-10-02,UEFA,UEFA 2nd Division,2,2008–09,Honka,Racing Santander,0-1,A,Continental,Wikipedia,2008–09 UEFA Cup first round
2008-10-02,UEFA,UEFA 2nd Division,2,2008–09,Kalmar FF,Feyenoord,1-2,A,Continental,Wikipedia,2008–09 UEFA Cup first round
2008-10-02,UEFA,UEFA 2nd Division,2,2008–09,Kaunas,Sampdoria,1-2,A,Continental,Wikipedia,2008–09 UEFA Cup first round
2008-10-02,UEFA,UEFA 2nd Division,2,2008–09,Lech Poznań,Austria Wien,4-2,H,Continental,Wikipedia,2008–09 UEFA Cup first round
2008-10-02,UEFA,UEFA 2nd Division,2,2008–09,Levski Sofia,Žilina,0-1,A,Continental,Wikipedia,2008–09 UEFA Cup first round
2008-10-02,UEFA,UEFA 2nd Division,2,2008–09,Manchester City,Omonia,2-1,H,Continental,Wikipedia,2008–09 UEFA Cup first round
2008-10-02,UEFA,UEFA 2nd Division,2,2008–09,Metalist Kharkiv,Beşiktaş,4-1,H,Continental,Wikipedia,2008–09 UEFA Cup first round
2008-10-02,UEFA,UEFA 2nd Division,2,2008–09,Motherwell,Nancy,0-2,A,Continental,Wikipedia,2008–09 UEFA Cup first round
2008-10-02,UEFA,UEFA 2nd Division,2,2008–09,Olympiacos,Nordsjælland,5-0,H,Continental,Wikipedia,2008–09 UEFA Cup first round
2008-10-02,UEFA,UEFA 2nd Division,2,2008–09,Paris Saint-Germain,Kayserispor,0-0,D,Continental,Wikipedia,2008–09 UEFA Cup first round
2008-10-02,UEFA,UEFA 2nd Division,2,2008–09,Partizan,Timișoara,1-0,H,Continental,Wikipedia,2008–09 UEFA Cup first round
2008-10-02,UEFA,UEFA 2nd Division,2,2008–09,Rapid București,VfL Wolfsburg,1-1,D,Continental,Wikipedia,2008–09 UEFA Cup first round
2008-10-02,UEFA,UEFA 2nd Division,2,2008–09,Red Bull Salzburg,Sevilla,0-2,A,Continental,Wikipedia,2008–09 UEFA Cup first round
2008-10-02,UEFA,UEFA 2nd Division,2,2008–09,Rosenborg,Brøndby,3-2,H,Continental,Wikipedia,2008–09 UEFA Cup first round
2008-10-02,UEFA,UEFA 2nd Division,2,2008–09,Saint-Étienne,Hapoel Tel Aviv,2-1,H,Continental,Wikipedia,2008–09 UEFA Cup first round
2008-10-02,UEFA,UEFA 2nd Division,2,2008–09,Schalke 04,APOEL,1-1,D,Continental,Wikipedia,2008–09 UEFA Cup first round
2008-10-02,UEFA,UEFA 2nd Division,2,2008–09,Sparta Prague,Dinamo Zagreb,3-3,D,Continental,Wikipedia,2008–09 UEFA Cup first round
2008-10-02,UEFA,UEFA 2nd Division,2,2008–09,Spartak Moscow,Baník Ostrava,1-1,D,Continental,Wikipedia,2008–09 UEFA Cup first round
2008-10-02,UEFA,UEFA 2nd Division,2,2008–09,Standard Liège,Everton,2-1,H,Continental,Wikipedia,2008–09 UEFA Cup first round
2008-10-02,UEFA,UEFA 2nd Division,2,2008–09,Twente,Rennes,1-0,H,Continental,Wikipedia,2008–09 UEFA Cup first round
2008-10-02,UEFA,UEFA 2nd Division,2,2008–09,Udinese,Borussia Dortmund,0-2,A,Continental,Wikipedia,2008–09 UEFA Cup first round
2008-10-02,UEFA,UEFA 2nd Division,2,2008–09,Unirea Urziceni,Hamburger SV,0-2,A,Continental,Wikipedia,2008–09 UEFA Cup first round
2008-10-02,UEFA,UEFA 2nd Division,2,2008–09,Valencia,Marítimo,2-1,H,Continental,Wikipedia,2008–09 UEFA Cup first round
2008-10-02,UEFA,UEFA 2nd Division,2,2008–09,Vaslui,Slavia Prague,1-1,D,Continental,Wikipedia,2008–09 UEFA Cup first round
2008-10-02,UEFA,UEFA 2nd Division,2,2008–09,VfB Stuttgart,Cherno More,2-2,D,Continental,Wikipedia,2008–09 UEFA Cup first round
2008-10-02,UEFA,UEFA 2nd Division,2,2008–09,Vitória de Guimarães,Portsmouth,2-2,D,Continental,Wikipedia,2008–09 UEFA Cup first round
2008-10-02,UEFA,UEFA 2nd Division,2,2008–09,Wisła Kraków,Tottenham Hotspur,1-1,D,Continental,Wikipedia,2008–09 UEFA Cup first round
2008-10-02,UEFA,UEFA 2nd Division,2,2008–09,Zürich,Milan,0-1,A,Continental,Wikipedia,2008–09 UEFA Cup first round
2008-10-23,UEFA,UEFA 2nd Division,2,2008–09,Aston Villa,Ajax,2-1,H,Continental,Wikipedia,2008–09 UEFA Cup group stage
2008-10-23,UEFA,UEFA 2nd Division,2,2008–09,Braga,Portsmouth,3-0,H,Continental,Wikipedia,2008–09 UEFA Cup group stage
2008-10-23,UEFA,UEFA 2nd Division,2,2008–09,CSKA Moscow,Deportivo La Coruña,3-0,H,Continental,Wikipedia,2008–09 UEFA Cup group stage
2008-10-23,UEFA,UEFA 2nd Division,2,2008–09,Copenhagen,Saint-Étienne,1-3,A,Continental,Wikipedia,2008–09 UEFA Cup group stage
2008-10-23,UEFA,UEFA 2nd Division,2,2008–09,Dinamo Zagreb,NEC,3-2,H,Continental,Wikipedia,2008–09 UEFA Cup group stage
2008-10-23,UEFA,UEFA 2nd Division,2,2008–09,Galatasaray,Olympiacos,1-0,H,Continental,Wikipedia,2008–09 UEFA Cup group stage
2008-10-23,UEFA,UEFA 2nd Division,2,2008–09,Heerenveen,Milan,1-3,A,Continental,Wikipedia,2008–09 UEFA Cup group stage
2008-10-23,UEFA,UEFA 2nd Division,2,2008–09,Hertha BSC,Benfica,1-1,D,Continental,Wikipedia,2008–09 UEFA Cup group stage
2008-10-23,UEFA,UEFA 2nd Division,2,2008–09,Nancy,Feyenoord,3-0,H,Continental,Wikipedia,2008–09 UEFA Cup group stage
2008-10-23,UEFA,UEFA 2nd Division,2,2008–09,Partizan,Sampdoria,1-2,A,Continental,Wikipedia,2008–09 UEFA Cup group stage
2008-10-23,UEFA,UEFA 2nd Division,2,2008–09,Rosenborg,Club Brugge,0-0,D,Continental,Wikipedia,2008–09 UEFA Cup group stage
2008-10-23,UEFA,UEFA 2nd Division,2,2008–09,Schalke 04,Paris Saint-Germain,3-1,H,Continental,Wikipedia,2008–09 UEFA Cup group stage
2008-10-23,UEFA,UEFA 2nd Division,2,2008–09,Sevilla,VfB Stuttgart,2-0,H,Continental,Wikipedia,2008–09 UEFA Cup group stage
2008-10-23,UEFA,UEFA 2nd Division,2,2008–09,Twente,Racing Santander,1-0,H,Continental,Wikipedia,2008–09 UEFA Cup group stage
2008-10-23,UEFA,UEFA 2nd Division,2,2008–09,Udinese,Tottenham Hotspur,2-0,H,Continental,Wikipedia,2008–09 UEFA Cup group stage
2008-10-23,UEFA,UEFA 2nd Division,2,2008–09,Žilina,Hamburger SV,1-2,A,Continental,Wikipedia,2008–09 UEFA Cup group stage
2008-11-06,UEFA,UEFA 2nd Division,2,2008–09,Ajax,Žilina,1-0,H,Continental,Wikipedia,2008–09 UEFA Cup group stage
2008-11-06,UEFA,UEFA 2nd Division,2,2008–09,Benfica,Galatasaray,0-2,A,Continental,Wikipedia,2008–09 UEFA Cup group stage
2008-11-06,UEFA,UEFA 2nd Division,2,2008–09,Feyenoord,CSKA Moscow,1-3,A,Continental,Wikipedia,2008–09 UEFA Cup group stage
2008-11-06,UEFA,UEFA 2nd Division,2,2008–09,Lech Poznań,Nancy,2-2,D,Continental,Wikipedia,2008–09 UEFA Cup group stage
2008-11-06,UEFA,UEFA 2nd Division,2,2008–09,Manchester City,Twente,3-2,H,Continental,Wikipedia,2008–09 UEFA Cup group stage
2008-11-06,UEFA,UEFA 2nd Division,2,2008–09,Metalist Kharkiv,Hertha BSC,0-0,D,Continental,Wikipedia,2008–09 UEFA Cup group stage
2008-11-06,UEFA,UEFA 2nd Division,2,2008–09,Milan,Braga,1-0,H,Continental,Wikipedia,2008–09 UEFA Cup group stage
2008-11-06,UEFA,UEFA 2nd Division,2,2008–09,Racing Santander,Schalke 04,1-1,D,Continental,Wikipedia,2008–09 UEFA Cup group stage
2008-11-06,UEFA,UEFA 2nd Division,2,2008–09,Saint-Étienne,Rosenborg,3-0,H,Continental,Wikipedia,2008–09 UEFA Cup group stage
2008-11-06,UEFA,UEFA 2nd Division,2,2008–09,Slavia Prague,Aston Villa,0-1,A,Continental,Wikipedia,2008–09 UEFA Cup group stage
2008-11-06,UEFA,UEFA 2nd Division,2,2008–09,Spartak Moscow,Udinese,1-2,A,Continental,Wikipedia,2008–09 UEFA Cup group stage
2008-11-06,UEFA,UEFA 2nd Division,2,2008–09,Standard Liège,Sevilla,1-0,H,Continental,Wikipedia,2008–09 UEFA Cup group stage
2008-11-06,UEFA,UEFA 2nd Division,2,2008–09,Tottenham Hotspur,Dinamo Zagreb,4-0,H,Continental,Wikipedia,2008–09 UEFA Cup group stage
2008-11-06,UEFA,UEFA 2nd Division,2,2008–09,Valencia,Copenhagen,1-1,D,Continental,Wikipedia,2008–09 UEFA Cup group stage
2008-11-06,UEFA,UEFA 2nd Division,2,2008–09,VfB Stuttgart,Partizan,2-0,H,Continental,Wikipedia,2008–09 UEFA Cup group stage
2008-11-06,UEFA,UEFA 2nd Division,2,2008–09,VfL Wolfsburg,Heerenveen,5-1,H,Continental,Wikipedia,2008–09 UEFA Cup group stage
2008-11-27,UEFA,UEFA 2nd Division,2,2008–09,Braga,VfL Wolfsburg,2-3,A,Continental,Wikipedia,2008–09 UEFA Cup group stage
2008-11-27,UEFA,UEFA 2nd Division,2,2008–09,CSKA Moscow,Lech Poznań,2-1,H,Continental,Wikipedia,2008–09 UEFA Cup group stage
2008-11-27,UEFA,UEFA 2nd Division,2,2008–09,Club Brugge,Saint-Étienne,1-1,D,Continental,Wikipedia,2008–09 UEFA Cup group stage
2008-11-27,UEFA,UEFA 2nd Division,2,2008–09,Deportivo La Coruña,Feyenoord,3-0,H,Continental,Wikipedia,2008–09 UEFA Cup group stage
2008-11-27,UEFA,UEFA 2nd Division,2,2008–09,Dinamo Zagreb,Spartak Moscow,0-1,A,Continental,Wikipedia,2008–09 UEFA Cup group stage
2008-11-27,UEFA,UEFA 2nd Division,2,2008–09,Galatasaray,Metalist Kharkiv,0-1,A,Continental,Wikipedia,2008–09 UEFA Cup group stage
2008-11-27,UEFA,UEFA 2nd Division,2,2008–09,Hamburger SV,Ajax,0-1,A,Continental,Wikipedia,2008–09 UEFA Cup group stage
2008-11-27,UEFA,UEFA 2nd Division,2,2008–09,NEC,Tottenham Hotspur,0-1,A,Continental,Wikipedia,2008–09 UEFA Cup group stage
2008-11-27,UEFA,UEFA 2nd Division,2,2008–09,Olympiacos,Benfica,5-1,H,Continental,Wikipedia,2008–09 UEFA Cup group stage
2008-11-27,UEFA,UEFA 2nd Division,2,2008–09,Paris Saint-Germain,Racing Santander,2-2,D,Continental,Wikipedia,2008–09 UEFA Cup group stage
2008-11-27,UEFA,UEFA 2nd Division,2,2008–09,Partizan,Standard Liège,0-1,A,Continental,Wikipedia,2008–09 UEFA Cup group stage
2008-11-27,UEFA,UEFA 2nd Division,2,2008–09,Portsmouth,Milan,2-2,D,Continental,Wikipedia,2008–09 UEFA Cup group stage
2008-11-27,UEFA,UEFA 2nd Division,2,2008–09,Rosenborg,Valencia,0-4,A,Continental,Wikipedia,2008–09 UEFA Cup group stage
2008-11-27,UEFA,UEFA 2nd Division,2,2008–09,Sampdoria,VfB Stuttgart,1-1,D,Continental,Wikipedia,2008–09 UEFA Cup group stage
2008-11-27,UEFA,UEFA 2nd Division,2,2008–09,Schalke 04,Manchester City,0-2,A,Continental,Wikipedia,2008–09 UEFA Cup group stage
2008-11-27,UEFA,UEFA 2nd Division,2,2008–09,Žilina,Slavia Prague,0-0,D,Continental,Wikipedia,2008–09 UEFA Cup group stage
2008-12-03,UEFA,UEFA 2nd Division,2,2008–09,Hertha BSC,Galatasaray,0-1,A,Continental,Wikipedia,2008–09 UEFA Cup group stage
2008-12-03,UEFA,UEFA 2nd Division,2,2008–09,Manchester City,Paris Saint-Germain,0-0,D,Continental,Wikipedia,2008–09 UEFA Cup group stage
2008-12-03,UEFA,UEFA 2nd Division,2,2008–09,Metalist Kharkiv,Olympiacos,1-0,H,Continental,Wikipedia,2008–09 UEFA Cup group stage
2008-12-03,UEFA,UEFA 2nd Division,2,2008–09,Sevilla,Partizan,3-0,H,Continental,Wikipedia,2008–09 UEFA Cup group stage
2008-12-03,UEFA,UEFA 2nd Division,2,2008–09,Spartak Moscow,NEC,1-2,A,Continental,Wikipedia,2008–09 UEFA Cup group stage
2008-12-03,UEFA,UEFA 2nd Division,2,2008–09,Standard Liège,Sampdoria,3-0,H,Continental,Wikipedia,2008–09 UEFA Cup group stage
2008-12-03,UEFA,UEFA 2nd Division,2,2008–09,Twente,Schalke 04,2-1,H,Continental,Wikipedia,2008–09 UEFA Cup group stage
2008-12-03,UEFA,UEFA 2nd Division,2,2008–09,Udinese,Dinamo Zagreb,2-1,H,Continental,Wikipedia,2008–09 UEFA Cup group stage
2008-12-04,UEFA,UEFA 2nd Division,2,2008–09,Aston Villa,Žilina,1-2,A,Continental,Wikipedia,2008–09 UEFA Cup group stage
2008-12-04,UEFA,UEFA 2nd Division,2,2008–09,Copenhagen,Rosenborg,1-1,D,Continental,Wikipedia,2008–09 UEFA Cup group stage
2008-12-04,UEFA,UEFA 2nd Division,2,2008–09,Heerenveen,Braga,1-2,A,Continental,Wikipedia,2008–09 UEFA Cup group stage
2008-12-04,UEFA,UEFA 2nd Division,2,2008–09,Lech Poznań,Deportivo La Coruña,1-1,D,Continental,Wikipedia,2008–09 UEFA Cup group stage
2008-12-04,UEFA,UEFA 2nd Division,2,2008–09,Nancy,CSKA Moscow,3-4,A,Continental,Wikipedia,2008–09 UEFA Cup group stage
2008-12-04,UEFA,UEFA 2nd Division,2,2008–09,Slavia Prague,Hamburger SV,0-2,A,Continental,Wikipedia,2008–09 UEFA Cup group stage
2008-12-04,UEFA,UEFA 2nd Division,2,2008–09,Valencia,Club Brugge,1-1,D,Continental,Wikipedia,2008–09 UEFA Cup group stage
2008-12-04,UEFA,UEFA 2nd Division,2,2008–09,VfL Wolfsburg,Portsmouth,3-2,H,Continental,Wikipedia,2008–09 UEFA Cup group stage
2008-12-17,UEFA,UEFA 2nd Division,2,2008–09,Ajax,Slavia Prague,2-2,D,Continental,Wikipedia,2008–09 UEFA Cup group stage
2008-12-17,UEFA,UEFA 2nd Division,2,2008–09,Club Brugge,Copenhagen,0-1,A,Continental,Wikipedia,2008–09 UEFA Cup group stage
2008-12-17,UEFA,UEFA 2nd Division,2,2008–09,Deportivo La Coruña,Nancy,1-0,H,Continental,Wikipedia,2008–09 UEFA Cup group stage
2008-12-17,UEFA,UEFA 2nd Division,2,2008–09,Feyenoord,Lech Poznań,0-1,A,Continental,Wikipedia,2008–09 UEFA Cup group stage
2008-12-17,UEFA,UEFA 2nd Division,2,2008–09,Hamburger SV,Aston Villa,3-1,H,Continental,Wikipedia,2008–09 UEFA Cup group stage
2008-12-17,UEFA,UEFA 2nd Division,2,2008–09,Milan,VfL Wolfsburg,2-2,D,Continental,Wikipedia,2008–09 UEFA Cup group stage
2008-12-17,UEFA,UEFA 2nd Division,2,2008–09,Portsmouth,Heerenveen,3-0,H,Continental,Wikipedia,2008–09 UEFA Cup group stage
2008-12-17,UEFA,UEFA 2nd Division,2,2008–09,Saint-Étienne,Valencia,2-2,D,Continental,Wikipedia,2008–09 UEFA Cup group stage
2008-12-18,UEFA,UEFA 2nd Division,2,2008–09,Benfica,Metalist Kharkiv,0-1,A,Continental,Wikipedia,2008–09 UEFA Cup group stage
2008-12-18,UEFA,UEFA 2nd Division,2,2008–09,NEC,Udinese,2-0,H,Continental,Wikipedia,2008–09 UEFA Cup group stage
2008-12-18,UEFA,UEFA 2nd Division,2,2008–09,Olympiacos,Hertha BSC,4-0,H,Continental,Wikipedia,2008–09 UEFA Cup group stage
2008-12-18,UEFA,UEFA 2nd Division,2,2008–09,Paris Saint-Germain,Twente,4-0,H,Continental,Wikipedia,2008–09 UEFA Cup group stage
2008-12-18,UEFA,UEFA 2nd Division,2,2008–09,Racing Santander,Manchester City,3-1,H,Continental,Wikipedia,2008–09 UEFA Cup group stage
2008-12-18,UEFA,UEFA 2nd Division,2,2008–09,Sampdoria,Sevilla,1-0,H,Continental,Wikipedia,2008–09 UEFA Cup group stage
2008-12-18,UEFA,UEFA 2nd Division,2,2008–09,Tottenham Hotspur,Spartak Moscow,2-2,D,Continental,Wikipedia,2008–09 UEFA Cup group stage
2008-12-18,UEFA,UEFA 2nd Division,2,2008–09,VfB Stuttgart,Standard Liège,3-0,H,Continental,Wikipedia,2008–09 UEFA Cup group stage
2009-02-18,UEFA,UEFA 2nd Division,2,2008–09,AaB,Deportivo La Coruña,3-0,H,Continental,Wikipedia,2008–09 UEFA Cup knockout stage
2009-02-18,UEFA,UEFA 2nd Division,2,2008–09,Aston Villa,CSKA Moscow,1-1,D,Continental,Wikipedia,2008–09 UEFA Cup knockout stage
2009-02-18,UEFA,UEFA 2nd Division,2,2008–09,Bordeaux,Galatasaray,0-0,D,Continental,Wikipedia,2008–09 UEFA Cup knockout stage
2009-02-18,UEFA,UEFA 2nd Division,2,2008–09,Braga,Standard Liège,3-0,H,Continental,Wikipedia,2008–09 UEFA Cup knockout stage
2009-02-18,UEFA,UEFA 2nd Division,2,2008–09,Dynamo Kyiv,Valencia,1-1,D,Continental,Wikipedia,2008–09 UEFA Cup knockout stage
2009-02-18,UEFA,UEFA 2nd Division,2,2008–09,NEC,Hamburger SV,0-3,A,Continental,Wikipedia,2008–09 UEFA Cup knockout stage
2009-02-18,UEFA,UEFA 2nd Division,2,2008–09,Olympiacos,Saint-Étienne,1-3,A,Continental,Wikipedia,2008–09 UEFA Cup knockout stage
2009-02-18,UEFA,UEFA 2nd Division,2,2008–09,Paris Saint-Germain,VfL Wolfsburg,2-0,H,Continental,Wikipedia,2008–09 UEFA Cup knockout stage
2009-02-18,UEFA,UEFA 2nd Division,2,2008–09,Sampdoria,Metalist Kharkiv,0-1,A,Continental,Wikipedia,2008–09 UEFA Cup knockout stage
2009-02-18,UEFA,UEFA 2nd Division,2,2008–09,Werder Bremen,Milan,1-1,D,Continental,Wikipedia,2008–09 UEFA Cup knockout stage
2009-02-18,UEFA,UEFA 2nd Division,2,2008–09,Zenit Saint Petersburg,VfB Stuttgart,2-1,H,Continental,Wikipedia,2008–09 UEFA Cup knockout stage
2009-02-19,UEFA,UEFA 2nd Division,2,2008–09,Copenhagen,Manchester City,2-2,D,Continental,Wikipedia,2008–09 UEFA Cup knockout stage
2009-02-19,UEFA,UEFA 2nd Division,2,2008–09,Fiorentina,Ajax,0-1,A,Continental,Wikipedia,2008–09 UEFA Cup knockout stage
2009-02-19,UEFA,UEFA 2nd Division,2,2008–09,Lech Poznań,Udinese,2-2,D,Continental,Wikipedia,2008–09 UEFA Cup knockout stage
2009-02-19,UEFA,UEFA 2nd Division,2,2008–09,Marseille,Twente,0-1,A,Continental,Wikipedia,2008–09 UEFA Cup knockout stage
2009-02-19,UEFA,UEFA 2nd Division,2,2008–09,Shakhtar Donetsk,Tottenham Hotspur,2-0,H,Continental,Wikipedia,2008–09 UEFA Cup knockout stage
2009-02-26,UEFA,UEFA 2nd Division,2,2008–09,Ajax,Fiorentina,1-1,D,Continental,Wikipedia,2008–09 UEFA Cup knockout stage
2009-02-26,UEFA,UEFA 2nd Division,2,2008–09,CSKA Moscow,Aston Villa,2-0,H,Continental,Wikipedia,2008–09 UEFA Cup knockout stage
2009-02-26,UEFA,UEFA 2nd Division,2,2008–09,Deportivo La Coruña,AaB,1-3,A,Continental,Wikipedia,2008–09 UEFA Cup knockout stage
2009-02-26,UEFA,UEFA 2nd Division,2,2008–09,Galatasaray,Bordeaux,4-3,H,Continental,Wikipedia,2008–09 UEFA Cup knockout stage
2009-02-26,UEFA,UEFA 2nd Division,2,2008–09,Hamburger SV,NEC,1-0,H,Continental,Wikipedia,2008–09 UEFA Cup knockout stage
2009-02-26,UEFA,UEFA 2nd Division,2,2008–09,Manchester City,Copenhagen,2-1,H,Continental,Wikipedia,2008–09 UEFA Cup knockout stage
2009-02-26,UEFA,UEFA 2nd Division,2,2008–09,Metalist Kharkiv,Sampdoria,2-0,H,Continental,Wikipedia,2008–09 UEFA Cup knockout stage
2009-02-26,UEFA,UEFA 2nd Division,2,2008–09,Milan,Werder Bremen,2-2,D,Continental,Wikipedia,2008–09 UEFA Cup knockout stage
2009-02-26,UEFA,UEFA 2nd Division,2,2008–09,Saint-Étienne,Olympiacos,2-1,H,Continental,Wikipedia,2008–09 UEFA Cup knockout stage
2009-02-26,UEFA,UEFA 2nd Division,2,2008–09,Standard Liège,Braga,1-1,D,Continental,Wikipedia,2008–09 UEFA Cup knockout stage
2009-02-26,UEFA,UEFA 2nd Division,2,2008–09,Tottenham Hotspur,Shakhtar Donetsk,1-1,D,Continental,Wikipedia,2008–09 UEFA Cup knockout stage
2009-02-26,UEFA,UEFA 2nd Division,2,2008–09,Twente,Marseille,0-1,A,Continental,Wikipedia,2008–09 UEFA Cup knockout stage
2009-02-26,UEFA,UEFA 2nd Division,2,2008–09,Udinese,Lech Poznań,2-1,H,Continental,Wikipedia,2008–09 UEFA Cup knockout stage
2009-02-26,UEFA,UEFA 2nd Division,2,2008–09,Valencia,Dynamo Kyiv,2-2,D,Continental,Wikipedia,2008–09 UEFA Cup knockout stage
2009-02-26,UEFA,UEFA 2nd Division,2,2008–09,VfB Stuttgart,Zenit Saint Petersburg,1-2,A,Continental,Wikipedia,2008–09 UEFA Cup knockout stage
2009-02-26,UEFA,UEFA 2nd Division,2,2008–09,VfL Wolfsburg,Paris Saint-Germain,1-3,A,Continental,Wikipedia,2008–09 UEFA Cup knockout stage
2009-03-12,UEFA,UEFA 2nd Division,2,2008–09,CSKA Moscow,Shakhtar Donetsk,1-0,H,Continental,Wikipedia,2008–09 UEFA Cup knockout stage
2009-03-12,UEFA,UEFA 2nd Division,2,2008–09,Dynamo Kyiv,Metalist Kharkiv,1-0,H,Continental,Wikipedia,2008–09 UEFA Cup knockout stage
2009-03-12,UEFA,UEFA 2nd Division,2,2008–09,Hamburger SV,Galatasaray,1-1,D,Continental,Wikipedia,2008–09 UEFA Cup knockout stage
2009-03-12,UEFA,UEFA 2nd Division,2,2008–09,Manchester City,AaB,2-0,H,Continental,Wikipedia,2008–09 UEFA Cup knockout stage
2009-03-12,UEFA,UEFA 2nd Division,2,2008–09,Marseille,Ajax,2-1,H,Continental,Wikipedia,2008–09 UEFA Cup knockout stage
2009-03-12,UEFA,UEFA 2nd Division,2,2008–09,Paris Saint-Germain,Braga,0-0,D,Continental,Wikipedia,2008–09 UEFA Cup knockout stage
2009-03-12,UEFA,UEFA 2nd Division,2,2008–09,Udinese,Zenit Saint Petersburg,2-0,H,Continental,Wikipedia,2008–09 UEFA Cup knockout stage
2009-03-12,UEFA,UEFA 2nd Division,2,2008–09,Werder Bremen,Saint-Étienne,1-0,H,Continental,Wikipedia,2008–09 UEFA Cup knockout stage
2009-03-18,UEFA,UEFA 2nd Division,2,2008–09,Ajax,Marseille,2-2,D,Continental,Wikipedia,2008–09 UEFA Cup knockout stage
2009-03-18,UEFA,UEFA 2nd Division,2,2008–09,Saint-Étienne,Werder Bremen,2-2,D,Continental,Wikipedia,2008–09 UEFA Cup knockout stage
2009-03-19,UEFA,UEFA 2nd Division,2,2008–09,AaB,Manchester City,2-0,H,Continental,Wikipedia,2008–09 UEFA Cup knockout stage
2009-03-19,UEFA,UEFA 2nd Division,2,2008–09,Braga,Paris Saint-Germain,0-1,A,Continental,Wikipedia,2008–09 UEFA Cup knockout stage
2009-03-19,UEFA,UEFA 2nd Division,2,2008–09,Galatasaray,Hamburger SV,2-3,A,Continental,Wikipedia,2008–09 UEFA Cup knockout stage
2009-03-19,UEFA,UEFA 2nd Division,2,2008–09,Metalist Kharkiv,Dynamo Kyiv,3-2,H,Continental,Wikipedia,2008–09 UEFA Cup knockout stage
2009-03-19,UEFA,UEFA 2nd Division,2,2008–09,Shakhtar Donetsk,CSKA Moscow,2-0,H,Continental,Wikipedia,2008–09 UEFA Cup knockout stage
2009-03-19,UEFA,UEFA 2nd Division,2,2008–09,Zenit Saint Petersburg,Udinese,1-0,H,Continental,Wikipedia,2008–09 UEFA Cup knockout stage
2009-04-09,UEFA,UEFA 2nd Division,2,2008–09,Hamburger SV,Manchester City,3-1,H,Continental,Wikipedia,2008–09 UEFA Cup knockout stage
2009-04-09,UEFA,UEFA 2nd Division,2,2008–09,Paris Saint-Germain,Dynamo Kyiv,0-0,D,Continental,Wikipedia,2008–09 UEFA Cup knockout stage
2009-04-09,UEFA,UEFA 2nd Division,2,2008–09,Shakhtar Donetsk,Marseille,2-0,H,Continental,Wikipedia,2008–09 UEFA Cup knockout stage
2009-04-09,UEFA,UEFA 2nd Division,2,2008–09,Werder Bremen,Udinese,3-1,H,Continental,Wikipedia,2008–09 UEFA Cup knockout stage
2009-04-16,UEFA,UEFA 2nd Division,2,2008–09,Dynamo Kyiv,Paris Saint-Germain,3-0,H,Continental,Wikipedia,2008–09 UEFA Cup knockout stage
2009-04-16,UEFA,UEFA 2nd Division,2,2008–09,Manchester City,Hamburger SV,2-1,H,Continental,Wikipedia,2008–09 UEFA Cup knockout stage
2009-04-16,UEFA,UEFA 2nd Division,2,2008–09,Marseille,Shakhtar Donetsk,1-2,A,Continental,Wikipedia,2008–09 UEFA Cup knockout stage
2009-04-16,UEFA,UEFA 2nd Division,2,2008–09,Udinese,Werder Bremen,3-3,D,Continental,Wikipedia,2008–09 UEFA Cup knockout stage
2009-04-30,UEFA,UEFA 2nd Division,2,2008–09,Dynamo Kyiv,Shakhtar Donetsk,1-1,D,Continental,Wikipedia,2008–09 UEFA Cup knockout stage
2009-04-30,UEFA,UEFA 2nd Division,2,2008–09,Werder Bremen,Hamburger SV,0-1,A,Continental,Wikipedia,2008–09 UEFA Cup knockout stage
2009-05-07,UEFA,UEFA 2nd Division,2,2008–09,Hamburger SV,Werder Bremen,2-3,A,Continental,Wikipedia,2008–09 UEFA Cup knockout stage
2009-05-07,UEFA,UEFA 2nd Division,2,2008–09,Shakhtar Donetsk,Dynamo Kyiv,2-1,H,Continental,Wikipedia,2008–09 UEFA Cup knockout stage
2009-09-17,UEFA,UEFA 2nd Division,2,2009–10,Ajax,Timișoara,0-0,D,Continental,Wikipedia,2009–10 UEFA Europa League group stage
2009-09-17,UEFA,UEFA 2nd Division,2,2009–10,Athletic Bilbao,Austria Wien,3-0,H,Continental,Wikipedia,2009–10 UEFA Europa League group stage
2009-09-17,UEFA,UEFA 2nd Division,2,2009–10,Basel,Roma,2-0,H,Continental,Wikipedia,2009–10 UEFA Europa League group stage
2009-09-17,UEFA,UEFA 2nd Division,2,2009–10,Benfica,BATE Borisov,2-0,H,Continental,Wikipedia,2009–10 UEFA Europa League group stage
2009-09-17,UEFA,UEFA 2nd Division,2,2009–10,CFR Cluj,Copenhagen,2-0,H,Continental,Wikipedia,2009–10 UEFA Europa League group stage
2009-09-17,UEFA,UEFA 2nd Division,2,2009–10,CSKA Sofia,Fulham,1-1,D,Continental,Wikipedia,2009–10 UEFA Europa League group stage
2009-09-17,UEFA,UEFA 2nd Division,2,2009–10,Club Brugge,Shakhtar Donetsk,1-4,A,Continental,Wikipedia,2009–10 UEFA Europa League group stage
2009-09-17,UEFA,UEFA 2nd Division,2,2009–10,Dinamo Zagreb,Anderlecht,0-2,A,Continental,Wikipedia,2009–10 UEFA Europa League group stage
2009-09-17,UEFA,UEFA 2nd Division,2,2009–10,Everton,AEK Athens,4-0,H,Continental,Wikipedia,2009–10 UEFA Europa League group stage
2009-09-17,UEFA,UEFA 2nd Division,2,2009–10,Fenerbahçe,Twente,1-2,A,Continental,Wikipedia,2009–10 UEFA Europa League group stage
2009-09-17,UEFA,UEFA 2nd Division,2,2009–10,Genoa,Slavia Prague,2-0,H,Continental,Wikipedia,2009–10 UEFA Europa League group stage
2009-09-17,UEFA,UEFA 2nd Division,2,2009–10,Hapoel Tel Aviv,Celtic,2-1,H,Continental,Wikipedia,2009–10 UEFA Europa League group stage
2009-09-17,UEFA,UEFA 2nd Division,2,2009–10,Heerenveen,Sporting CP,2-3,A,Continental,Wikipedia,2009–10 UEFA Europa League group stage
2009-09-17,UEFA,UEFA 2nd Division,2,2009–10,Hertha BSC,Ventspils,1-1,D,Continental,Wikipedia,2009–10 UEFA Europa League group stage
2009-09-17,UEFA,UEFA 2nd Division,2,2009–10,Lazio,Red Bull Salzburg,1-2,A,Continental,Wikipedia,2009–10 UEFA Europa League group stage
2009-09-17,UEFA,UEFA 2nd Division,2,2009–10,Lille,Valencia,1-1,D,Continental,Wikipedia,2009–10 UEFA Europa League group stage
2009-09-17,UEFA,UEFA 2nd Division,2,2009–10,Nacional,Werder Bremen,2-3,A,Continental,Wikipedia,2009–10 UEFA Europa League group stage
2009-09-17,UEFA,UEFA 2nd Division,2,2009–10,Panathinaikos,Galatasaray,1-3,A,Continental,Wikipedia,2009–10 UEFA Europa League group stage
2009-09-17,UEFA,UEFA 2nd Division,2,2009–10,Partizan,Toulouse,2-3,A,Continental,Wikipedia,2009–10 UEFA Europa League group stage
2009-09-17,UEFA,UEFA 2nd Division,2,2009–10,Rapid Wien,Hamburger SV,3-0,H,Continental,Wikipedia,2009–10 UEFA Europa League group stage
2009-09-17,UEFA,UEFA 2nd Division,2,2009–10,Sparta Prague,PSV Eindhoven,2-2,D,Continental,Wikipedia,2009–10 UEFA Europa League group stage
2009-09-17,UEFA,UEFA 2nd Division,2,2009–10,Steaua București,Sheriff Tiraspol,0-0,D,Continental,Wikipedia,2009–10 UEFA Europa League group stage
2009-09-17,UEFA,UEFA 2nd Division,2,2009–10,Sturm Graz,Dinamo București,0-1,A,Continental,Wikipedia,2009–10 UEFA Europa League group stage
2009-09-17,UEFA,UEFA 2nd Division,2,2009–10,Villarreal,Levski Sofia,1-0,H,Continental,Wikipedia,2009–10 UEFA Europa League group stage
2009-10-01,UEFA,UEFA 2nd Division,2,2009–10,AEK Athens,Benfica,1-0,H,Continental,Wikipedia,2009–10 UEFA Europa League group stage
2009-10-01,UEFA,UEFA 2nd Division,2,2009–10,Anderlecht,Ajax,1-1,D,Continental,Wikipedia,2009–10 UEFA Europa League group stage
2009-10-01,UEFA,UEFA 2nd Division,2,2009–10,Austria Wien,Nacional,1-1,D,Continental,Wikipedia,2009–10 UEFA Europa League group stage
2009-10-01,UEFA,UEFA 2nd Division,2,2009–10,BATE Borisov,Everton,1-2,A,Continental,Wikipedia,2009–10 UEFA Europa League group stage
2009-10-01,UEFA,UEFA 2nd Division,2,2009–10,Celtic,Rapid Wien,1-1,D,Continental,Wikipedia,2009–10 UEFA Europa League group stage
2009-10-01,UEFA,UEFA 2nd Division,2,2009–10,Copenhagen,Sparta Prague,1-0,H,Continental,Wikipedia,2009–10 UEFA Europa League group stage
2009-10-01,UEFA,UEFA 2nd Division,2,2009–10,Dinamo București,Panathinaikos,0-1,A,Continental,Wikipedia,2009–10 UEFA Europa League group stage
2009-10-01,UEFA,UEFA 2nd Division,2,2009–10,Fulham,Basel,1-0,H,Continental,Wikipedia,2009–10 UEFA Europa League group stage
2009-10-01,UEFA,UEFA 2nd Division,2,2009–10,Galatasaray,Sturm Graz,1-1,D,Continental,Wikipedia,2009–10 UEFA Europa League group stage
2009-10-01,UEFA,UEFA 2nd Division,2,2009–10,Hamburger SV,Hapoel Tel Aviv,4-2,H,Continental,Wikipedia,2009–10 UEFA Europa League group stage
2009-10-01,UEFA,UEFA 2nd Division,2,2009–10,Levski Sofia,Lazio,0-4,A,Continental,Wikipedia,2009–10 UEFA Europa League group stage
2009-10-01,UEFA,UEFA 2nd Division,2,2009–10,PSV Eindhoven,CFR Cluj,1-0,H,Continental,Wikipedia,2009–10 UEFA Europa League group stage
2009-10-01,UEFA,UEFA 2nd Division,2,2009–10,Red Bull Salzburg,Villarreal,2-0,H,Continental,Wikipedia,2009–10 UEFA Europa League group stage
2009-10-01,UEFA,UEFA 2nd Division,2,2009–10,Roma,CSKA Sofia,2-0,H,Continental,Wikipedia,2009–10 UEFA Europa League group stage
2009-10-01,UEFA,UEFA 2nd Division,2,2009–10,Shakhtar Donetsk,Partizan,4-1,H,Continental,Wikipedia,2009–10 UEFA Europa League group stage
2009-10-01,UEFA,UEFA 2nd Division,2,2009–10,Sheriff Tiraspol,Fenerbahçe,0-1,A,Continental,Wikipedia,2009–10 UEFA Europa League group stage
2009-10-01,UEFA,UEFA 2nd Division,2,2009–10,Slavia Prague,Lille,1-5,A,Continental,Wikipedia,2009–10 UEFA Europa League group stage
2009-10-01,UEFA,UEFA 2nd Division,2,2009–10,Sporting CP,Hertha BSC,1-0,H,Continental,Wikipedia,2009–10 UEFA Europa League group stage
2009-10-01,UEFA,UEFA 2nd Division,2,2009–10,Timișoara,Dinamo Zagreb,0-3,A,Continental,Wikipedia,2009–10 UEFA Europa League group stage
2009-10-01,UEFA,UEFA 2nd Division,2,2009–10,Toulouse,Club Brugge,2-2,D,Continental,Wikipedia,2009–10 UEFA Europa League group stage
2009-10-01,UEFA,UEFA 2nd Division,2,2009–10,Twente,Steaua București,0-0,D,Continental,Wikipedia,2009–10 UEFA Europa League group stage
2009-10-01,UEFA,UEFA 2nd Division,2,2009–10,Valencia,Genoa,3-2,H,Continental,Wikipedia,2009–10 UEFA Europa League group stage
2009-10-01,UEFA,UEFA 2nd Division,2,2009–10,Ventspils,Heerenveen,0-0,D,Continental,Wikipedia,2009–10 UEFA Europa League group stage
2009-10-01,UEFA,UEFA 2nd Division,2,2009–10,Werder Bremen,Athletic Bilbao,3-1,H,Continental,Wikipedia,2009–10 UEFA Europa League group stage
2009-10-22,UEFA,UEFA 2nd Division,2,2009–10,Ajax,Dinamo Zagreb,2-1,H,Continental,Wikipedia,2009–10 UEFA Europa League group stage
2009-10-22,UEFA,UEFA 2nd Division,2,2009–10,Athletic Bilbao,Nacional,2-1,H,Continental,Wikipedia,2009–10 UEFA Europa League group stage
2009-10-22,UEFA,UEFA 2nd Division,2,2009–10,Austria Wien,Werder Bremen,2-2,D,Continental,Wikipedia,2009–10 UEFA Europa League group stage
2009-10-22,UEFA,UEFA 2nd Division,2,2009–10,BATE Borisov,AEK Athens,2-1,H,Continental,Wikipedia,2009–10 UEFA Europa League group stage
2009-10-22,UEFA,UEFA 2nd Division,2,2009–10,Benfica,Everton,5-0,H,Continental,Wikipedia,2009–10 UEFA Europa League group stage
2009-10-22,UEFA,UEFA 2nd Division,2,2009–10,CSKA Sofia,Basel,0-2,A,Continental,Wikipedia,2009–10 UEFA Europa League group stage
2009-10-22,UEFA,UEFA 2nd Division,2,2009–10,Celtic,Hamburger SV,0-1,A,Continental,Wikipedia,2009–10 UEFA Europa League group stage
2009-10-22,UEFA,UEFA 2nd Division,2,2009–10,Club Brugge,Partizan,2-0,H,Continental,Wikipedia,2009–10 UEFA Europa League group stage
2009-10-22,UEFA,UEFA 2nd Division,2,2009–10,Fulham,Roma,1-1,D,Continental,Wikipedia,2009–10 UEFA Europa League group stage
2009-10-22,UEFA,UEFA 2nd Division,2,2009–10,Galatasaray,Dinamo București,4-1,H,Continental,Wikipedia,2009–10 UEFA Europa League group stage
2009-10-22,UEFA,UEFA 2nd Division,2,2009–10,Hapoel Tel Aviv,Rapid Wien,5-1,H,Continental,Wikipedia,2009–10 UEFA Europa League group stage
2009-10-22,UEFA,UEFA 2nd Division,2,2009–10,Hertha BSC,Heerenveen,0-1,A,Continental,Wikipedia,2009–10 UEFA Europa League group stage
2009-10-22,UEFA,UEFA 2nd Division,2,2009–10,Lazio,Villarreal,2-1,H,Continental,Wikipedia,2009–10 UEFA Europa League group stage
2009-10-22,UEFA,UEFA 2nd Division,2,2009–10,Lille,Genoa,3-0,H,Continental,Wikipedia,2009–10 UEFA Europa League group stage
2009-10-22,UEFA,UEFA 2nd Division,2,2009–10,PSV Eindhoven,Copenhagen,1-0,H,Continental,Wikipedia,2009–10 UEFA Europa League group stage
2009-10-22,UEFA,UEFA 2nd Division,2,2009–10,Panathinaikos,Sturm Graz,1-0,H,Continental,Wikipedia,2009–10 UEFA Europa League group stage
2009-10-22,UEFA,UEFA 2nd Division,2,2009–10,Red Bull Salzburg,Levski Sofia,1-0,H,Continental,Wikipedia,2009–10 UEFA Europa League group stage
2009-10-22,UEFA,UEFA 2nd Division,2,2009–10,Shakhtar Donetsk,Toulouse,4-0,H,Continental,Wikipedia,2009–10 UEFA Europa League group stage
2009-10-22,UEFA,UEFA 2nd Division,2,2009–10,Sheriff Tiraspol,Twente,2-0,H,Continental,Wikipedia,2009–10 UEFA Europa League group stage
2009-10-22,UEFA,UEFA 2nd Division,2,2009–10,Sparta Prague,CFR Cluj,2-0,H,Continental,Wikipedia,2009–10 UEFA Europa League group stage
2009-10-22,UEFA,UEFA 2nd Division,2,2009–10,Steaua București,Fenerbahçe,0-1,A,Continental,Wikipedia,2009–10 UEFA Europa League group stage
2009-10-22,UEFA,UEFA 2nd Division,2,2009–10,Timișoara,Anderlecht,0-0,D,Continental,Wikipedia,2009–10 UEFA Europa League group stage
2009-10-22,UEFA,UEFA 2nd Division,2,2009–10,Valencia,Slavia Prague,1-1,D,Continental,Wikipedia,2009–10 UEFA Europa League group stage
2009-10-22,UEFA,UEFA 2nd Division,2,2009–10,Ventspils,Sporting CP,1-2,A,Continental,Wikipedia,2009–10 UEFA Europa League group stage
2009-11-05,UEFA,UEFA 2nd Division,2,2009–10,AEK Athens,BATE Borisov,2-2,D,Continental,Wikipedia,2009–10 UEFA Europa League group stage
2009-11-05,UEFA,UEFA 2nd Division,2,2009–10,Anderlecht,Timișoara,3-1,H,Continental,Wikipedia,2009–10 UEFA Europa League group stage
2009-11-05,UEFA,UEFA 2nd Division,2,2009–10,Basel,CSKA Sofia,3-1,H,Continental,Wikipedia,2009–10 UEFA Europa League group stage
2009-11-05,UEFA,UEFA 2nd Division,2,2009–10,CFR Cluj,Sparta Prague,2-3,A,Continental,Wikipedia,2009–10 UEFA Europa League group stage
2009-11-05,UEFA,UEFA 2nd Division,2,2009–10,Copenhagen,PSV Eindhoven,1-1,D,Continental,Wikipedia,2009–10 UEFA Europa League group stage
2009-11-05,UEFA,UEFA 2nd Division,2,2009–10,Dinamo București,Galatasaray,0-3,A,Continental,Wikipedia,2009–10 UEFA Europa League group stage
2009-11-05,UEFA,UEFA 2nd Division,2,2009–10,Dinamo Zagreb,Ajax,0-2,A,Continental,Wikipedia,2009–10 UEFA Europa League group stage
2009-11-05,UEFA,UEFA 2nd Division,2,2009–10,Everton,Benfica,0-2,A,Continental,Wikipedia,2009–10 UEFA Europa League group stage
2009-11-05,UEFA,UEFA 2nd Division,2,2009–10,Fenerbahçe,Steaua București,3-1,H,Continental,Wikipedia,2009–10 UEFA Europa League group stage
2009-11-05,UEFA,UEFA 2nd Division,2,2009–10,Genoa,Lille,3-2,H,Continental,Wikipedia,2009–10 UEFA Europa League group stage
2009-11-05,UEFA,UEFA 2nd Division,2,2009–10,Hamburger SV,Celtic,0-0,D,Continental,Wikipedia,2009–10 UEFA Europa League group stage
2009-11-05,UEFA,UEFA 2nd Division,2,2009–10,Heerenveen,Hertha BSC,2-3,A,Continental,Wikipedia,2009–10 UEFA Europa League group stage
2009-11-05,UEFA,UEFA 2nd Division,2,2009–10,Levski Sofia,Red Bull Salzburg,0-1,A,Continental,Wikipedia,2009–10 UEFA Europa League group stage
2009-11-05,UEFA,UEFA 2nd Division,2,2009–10,Nacional,Athletic Bilbao,1-1,D,Continental,Wikipedia,2009–10 UEFA Europa League group stage
2009-11-05,UEFA,UEFA 2nd Division,2,2009–10,Partizan,Club Brugge,2-4,A,Continental,Wikipedia,2009–10 UEFA Europa League group stage
2009-11-05,UEFA,UEFA 2nd Division,2,2009–10,Rapid Wien,Hapoel Tel Aviv,0-3,A,Continental,Wikipedia,2009–10 UEFA Europa League group stage
2009-11-05,UEFA,UEFA 2nd Division,2,2009–10,Roma,Fulham,2-1,H,Continental,Wikipedia,2009–10 UEFA Europa League group stage
2009-11-05,UEFA,UEFA 2nd Division,2,2009–10,Slavia Prague,Valencia,2-2,D,Continental,Wikipedia,2009–10 UEFA Europa League group stage
2009-11-05,UEFA,UEFA 2nd Division,2,2009–10,Sporting CP,Ventspils,1-1,D,Continental,Wikipedia,2009–10 UEFA Europa League group stage
2009-11-05,UEFA,UEFA 2nd Division,2,2009–10,Sturm Graz,Panathinaikos,0-1,A,Continental,Wikipedia,2009–10 UEFA Europa League group stage
2009-11-05,UEFA,UEFA 2nd Division,2,2009–10,Toulouse,Shakhtar Donetsk,0-2,A,Continental,Wikipedia,2009–10 UEFA Europa League group stage
2009-11-05,UEFA,UEFA 2nd Division,2,2009–10,Twente,Sheriff Tiraspol,2-1,H,Continental,Wikipedia,2009–10 UEFA Europa League group stage
2009-11-05,UEFA,UEFA 2nd Division,2,2009–10,Villarreal,Lazio,4-1,H,Continental,Wikipedia,2009–10 UEFA Europa League group stage
2009-11-05,UEFA,UEFA 2nd Division,2,2009–10,Werder Bremen,Austria Wien,2-0,H,Continental,Wikipedia,2009–10 UEFA Europa League group stage
2009-12-02,UEFA,UEFA 2nd Division,2,2009–10,AEK Athens,Everton,0-1,A,Continental,Wikipedia,2009–10 UEFA Europa League group stage
2009-12-02,UEFA,UEFA 2nd Division,2,2009–10,Anderlecht,Dinamo Zagreb,0-1,A,Continental,Wikipedia,2009–10 UEFA Europa League group stage
2009-12-02,UEFA,UEFA 2nd Division,2,2009–10,BATE Borisov,Benfica,1-2,A,Continental,Wikipedia,2009–10 UEFA Europa League group stage
2009-12-02,UEFA,UEFA 2nd Division,2,2009–10,Celtic,Hapoel Tel Aviv,2-0,H,Continental,Wikipedia,2009–10 UEFA Europa League group stage
2009-12-02,UEFA,UEFA 2nd Division,2,2009–10,Hamburger SV,Rapid Wien,2-0,H,Continental,Wikipedia,2009–10 UEFA Europa League group stage
2009-12-02,UEFA,UEFA 2nd Division,2,2009–10,Levski Sofia,Villarreal,0-2,A,Continental,Wikipedia,2009–10 UEFA Europa League group stage
2009-12-02,UEFA,UEFA 2nd Division,2,2009–10,Red Bull Salzburg,Lazio,2-1,H,Continental,Wikipedia,2009–10 UEFA Europa League group stage
2009-12-02,UEFA,UEFA 2nd Division,2,2009–10,Sheriff Tiraspol,Steaua București,1-1,D,Continental,Wikipedia,2009–10 UEFA Europa League group stage
2009-12-02,UEFA,UEFA 2nd Division,2,2009–10,Slavia Prague,Genoa,0-0,D,Continental,Wikipedia,2009–10 UEFA Europa League group stage
2009-12-02,UEFA,UEFA 2nd Division,2,2009–10,Timișoara,Ajax,1-2,A,Continental,Wikipedia,2009–10 UEFA Europa League group stage
2009-12-02,UEFA,UEFA 2nd Division,2,2009–10,Twente,Fenerbahçe,0-1,A,Continental,Wikipedia,2009–10 UEFA Europa League group stage
2009-12-02,UEFA,UEFA 2nd Division,2,2009–10,Valencia,Lille,3-1,H,Continental,Wikipedia,2009–10 UEFA Europa League group stage
2009-12-03,UEFA,UEFA 2nd Division,2,2009–10,Austria Wien,Athletic Bilbao,0-3,A,Continental,Wikipedia,2009–10 UEFA Europa League group stage
2009-12-03,UEFA,UEFA 2nd Division,2,2009–10,Copenhagen,CFR Cluj,2-0,H,Continental,Wikipedia,2009–10 UEFA Europa League group stage
2009-12-03,UEFA,UEFA 2nd Division,2,2009–10,Dinamo București,Sturm Graz,2-1,H,Continental,Wikipedia,2009–10 UEFA Europa League group stage
2009-12-03,UEFA,UEFA 2nd Division,2,2009–10,Fulham,CSKA Sofia,1-0,H,Continental,Wikipedia,2009–10 UEFA Europa League group stage
2009-12-03,UEFA,UEFA 2nd Division,2,2009–10,Galatasaray,Panathinaikos,1-0,H,Continental,Wikipedia,2009–10 UEFA Europa League group stage
2009-12-03,UEFA,UEFA 2nd Division,2,2009–10,PSV Eindhoven,Sparta Prague,1-0,H,Continental,Wikipedia,2009–10 UEFA Europa League group stage
2009-12-03,UEFA,UEFA 2nd Division,2,2009–10,Roma,Basel,2-1,H,Continental,Wikipedia,2009–10 UEFA Europa League group stage
2009-12-03,UEFA,UEFA 2nd Division,2,2009–10,Shakhtar Donetsk,Club Brugge,0-0,D,Continental,Wikipedia,2009–10 UEFA Europa League group stage
2009-12-03,UEFA,UEFA 2nd Division,2,2009–10,Sporting CP,Heerenveen,1-1,D,Continental,Wikipedia,2009–10 UEFA Europa League group stage
2009-12-03,UEFA,UEFA 2nd Division,2,2009–10,Toulouse,Partizan,1-0,H,Continental,Wikipedia,2009–10 UEFA Europa League group stage
2009-12-03,UEFA,UEFA 2nd Division,2,2009–10,Ventspils,Hertha BSC,0-1,A,Continental,Wikipedia,2009–10 UEFA Europa League group stage
2009-12-03,UEFA,UEFA 2nd Division,2,2009–10,Werder Bremen,Nacional,4-1,H,Continental,Wikipedia,2009–10 UEFA Europa League group stage
2009-12-16,UEFA,UEFA 2nd Division,2,2009–10,Athletic Bilbao,Werder Bremen,0-3,A,Continental,Wikipedia,2009–10 UEFA Europa League group stage
2009-12-16,UEFA,UEFA 2nd Division,2,2009–10,Basel,Fulham,2-3,A,Continental,Wikipedia,2009–10 UEFA Europa League group stage
2009-12-16,UEFA,UEFA 2nd Division,2,2009–10,CFR Cluj,PSV Eindhoven,0-2,A,Continental,Wikipedia,2009–10 UEFA Europa League group stage
2009-12-16,UEFA,UEFA 2nd Division,2,2009–10,CSKA Sofia,Roma,0-3,A,Continental,Wikipedia,2009–10 UEFA Europa League group stage
2009-12-16,UEFA,UEFA 2nd Division,2,2009–10,Club Brugge,Toulouse,1-0,H,Continental,Wikipedia,2009–10 UEFA Europa League group stage
2009-12-16,UEFA,UEFA 2nd Division,2,2009–10,Heerenveen,Ventspils,5-0,H,Continental,Wikipedia,2009–10 UEFA Europa League group stage
2009-12-16,UEFA,UEFA 2nd Division,2,2009–10,Hertha BSC,Sporting CP,1-0,H,Continental,Wikipedia,2009–10 UEFA Europa League group stage
2009-12-16,UEFA,UEFA 2nd Division,2,2009–10,Nacional,Austria Wien,5-1,H,Continental,Wikipedia,2009–10 UEFA Europa League group stage
2009-12-16,UEFA,UEFA 2nd Division,2,2009–10,Panathinaikos,Dinamo București,3-0,H,Continental,Wikipedia,2009–10 UEFA Europa League group stage
2009-12-16,UEFA,UEFA 2nd Division,2,2009–10,Partizan,Shakhtar Donetsk,1-0,H,Continental,Wikipedia,2009–10 UEFA Europa League group stage
2009-12-16,UEFA,UEFA 2nd Division,2,2009–10,Sparta Prague,Copenhagen,0-3,A,Continental,Wikipedia,2009–10 UEFA Europa League group stage
2009-12-16,UEFA,UEFA 2nd Division,2,2009–10,Sturm Graz,Galatasaray,1-0,H,Continental,Wikipedia,2009–10 UEFA Europa League group stage
2009-12-17,UEFA,UEFA 2nd Division,2,2009–10,Ajax,Anderlecht,1-3,A,Continental,Wikipedia,2009–10 UEFA Europa League group stage
2009-12-17,UEFA,UEFA 2nd Division,2,2009–10,Benfica,AEK Athens,2-1,H,Continental,Wikipedia,2009–10 UEFA Europa League group stage
2009-12-17,UEFA,UEFA 2nd Division,2,2009–10,Dinamo Zagreb,Timișoara,1-2,A,Continental,Wikipedia,2009–10 UEFA Europa League group stage
2009-12-17,UEFA,UEFA 2nd Division,2,2009–10,Everton,BATE Borisov,0-1,A,Continental,Wikipedia,2009–10 UEFA Europa League group stage
2009-12-17,UEFA,UEFA 2nd Division,2,2009–10,Fenerbahçe,Sheriff Tiraspol,1-0,H,Continental,Wikipedia,2009–10 UEFA Europa League group stage
2009-12-17,UEFA,UEFA 2nd Division,2,2009–10,Genoa,Valencia,1-2,A,Continental,Wikipedia,2009–10 UEFA Europa League group stage
2009-12-17,UEFA,UEFA 2nd Division,2,2009–10,Hapoel Tel Aviv,Hamburger SV,1-0,H,Continental,Wikipedia,2009–10 UEFA Europa League group stage
2009-12-17,UEFA,UEFA 2nd Division,2,2009–10,Lazio,Levski Sofia,0-1,A,Continental,Wikipedia,2009–10 UEFA Europa League group stage
2009-12-17,UEFA,UEFA 2nd Division,2,2009–10,Lille,Slavia Prague,3-1,H,Continental,Wikipedia,2009–10 UEFA Europa League group stage
2009-12-17,UEFA,UEFA 2nd Division,2,2009–10,Rapid Wien,Celtic,3-3,D,Continental,Wikipedia,2009–10 UEFA Europa League group stage
2009-12-17,UEFA,UEFA 2nd Division,2,2009–10,Steaua București,Twente,1-1,D,Continental,Wikipedia,2009–10 UEFA Europa League group stage
2009-12-17,UEFA,UEFA 2nd Division,2,2009–10,Villarreal,Red Bull Salzburg,0-1,A,Continental,Wikipedia,2009–10 UEFA Europa League group stage
2010-02-16,UEFA,UEFA 2nd Division,2,2009–10,Everton,Sporting CP,2-1,H,Continental,Wikipedia,2009–10 UEFA Europa League knockout phase
2010-02-18,UEFA,UEFA 2nd Division,2,2009–10,Ajax,Juventus,1-2,A,Continental,Wikipedia,2009–10 UEFA Europa League knockout phase
2010-02-18,UEFA,UEFA 2nd Division,2,2009–10,Athletic Bilbao,Anderlecht,1-1,D,Continental,Wikipedia,2009–10 UEFA Europa League knockout phase
2010-02-18,UEFA,UEFA 2nd Division,2,2009–10,Atlético Madrid,Galatasaray,1-1,D,Continental,Wikipedia,2009–10 UEFA Europa League knockout phase
2010-02-18,UEFA,UEFA 2nd Division,2,2009–10,Club Brugge,Valencia,1-0,H,Continental,Wikipedia,2009–10 UEFA Europa League knockout phase
2010-02-18,UEFA,UEFA 2nd Division,2,2009–10,Copenhagen,Marseille,1-3,A,Continental,Wikipedia,2009–10 UEFA Europa League knockout phase
2010-02-18,UEFA,UEFA 2nd Division,2,2009–10,Fulham,Shakhtar Donetsk,2-1,H,Continental,Wikipedia,2009–10 UEFA Europa League knockout phase
2010-02-18,UEFA,UEFA 2nd Division,2,2009–10,Hamburger SV,PSV Eindhoven,1-0,H,Continental,Wikipedia,2009–10 UEFA Europa League knockout phase
2010-02-18,UEFA,UEFA 2nd Division,2,2009–10,Hertha BSC,Benfica,1-1,D,Continental,Wikipedia,2009–10 UEFA Europa League knockout phase
2010-02-18,UEFA,UEFA 2nd Division,2,2009–10,Lille,Fenerbahçe,2-1,H,Continental,Wikipedia,2009–10 UEFA Europa League knockout phase
2010-02-18,UEFA,UEFA 2nd Division,2,2009–10,Liverpool,Unirea Urziceni,1-0,H,Continental,Wikipedia,2009–10 UEFA Europa League knockout phase
2010-02-18,UEFA,UEFA 2nd Division,2,2009–10,Panathinaikos,Roma,3-2,H,Continental,Wikipedia,2009–10 UEFA Europa League knockout phase
2010-02-18,UEFA,UEFA 2nd Division,2,2009–10,Rubin Kazan,Hapoel Tel Aviv,3-0,H,Continental,Wikipedia,2009–10 UEFA Europa League knockout phase
2010-02-18,UEFA,UEFA 2nd Division,2,2009–10,Standard Liège,Red Bull Salzburg,3-2,H,Continental,Wikipedia,2009–10 UEFA Europa League knockout phase
2010-02-18,UEFA,UEFA 2nd Division,2,2009–10,Twente,Werder Bremen,1-0,H,Continental,Wikipedia,2009–10 UEFA Europa League knockout phase
2010-02-18,UEFA,UEFA 2nd Division,2,2009–10,Villarreal,VfL Wolfsburg,2-2,D,Continental,Wikipedia,2009–10 UEFA Europa League knockout phase
2010-02-23,UEFA,UEFA 2nd Division,2,2009–10,Benfica,Hertha BSC,4-0,H,Continental,Wikipedia,2009–10 UEFA Europa League knockout phase
2010-02-25,UEFA,UEFA 2nd Division,2,2009–10,Anderlecht,Athletic Bilbao,4-0,H,Continental,Wikipedia,2009–10 UEFA Europa League knockout phase
2010-02-25,UEFA,UEFA 2nd Division,2,2009–10,Fenerbahçe,Lille,1-1,D,Continental,Wikipedia,2009–10 UEFA Europa League knockout phase
2010-02-25,UEFA,UEFA 2nd Division,2,2009–10,Galatasaray,Atlético Madrid,1-2,A,Continental,Wikipedia,2009–10 UEFA Europa League knockout phase
2010-02-25,UEFA,UEFA 2nd Division,2,2009–10,Hapoel Tel Aviv,Rubin Kazan,0-0,D,Continental,Wikipedia,2009–10 UEFA Europa League knockout phase
2010-02-25,UEFA,UEFA 2nd Division,2,2009–10,Juventus,Ajax,0-0,D,Continental,Wikipedia,2009–10 UEFA Europa League knockout phase
2010-02-25,UEFA,UEFA 2nd Division,2,2009–10,Marseille,Copenhagen,3-1,H,Continental,Wikipedia,2009–10 UEFA Europa League knockout phase
2010-02-25,UEFA,UEFA 2nd Division,2,2009–10,PSV Eindhoven,Hamburger SV,3-2,H,Continental,Wikipedia,2009–10 UEFA Europa League knockout phase
2010-02-25,UEFA,UEFA 2nd Division,2,2009–10,Red Bull Salzburg,Standard Liège,0-0,D,Continental,Wikipedia,2009–10 UEFA Europa League knockout phase
2010-02-25,UEFA,UEFA 2nd Division,2,2009–10,Roma,Panathinaikos,2-3,A,Continental,Wikipedia,2009–10 UEFA Europa League knockout phase
2010-02-25,UEFA,UEFA 2nd Division,2,2009–10,Shakhtar Donetsk,Fulham,1-1,D,Continental,Wikipedia,2009–10 UEFA Europa League knockout phase
2010-02-25,UEFA,UEFA 2nd Division,2,2009–10,Sporting CP,Everton,3-0,H,Continental,Wikipedia,2009–10 UEFA Europa League knockout phase
2010-02-25,UEFA,UEFA 2nd Division,2,2009–10,Unirea Urziceni,Liverpool,1-3,A,Continental,Wikipedia,2009–10 UEFA Europa League knockout phase
2010-02-25,UEFA,UEFA 2nd Division,2,2009–10,Valencia,Club Brugge,3-0,H,Continental,Wikipedia,2009–10 UEFA Europa League knockout phase
2010-02-25,UEFA,UEFA 2nd Division,2,2009–10,VfL Wolfsburg,Villarreal,4-1,H,Continental,Wikipedia,2009–10 UEFA Europa League knockout phase
2010-02-25,UEFA,UEFA 2nd Division,2,2009–10,Werder Bremen,Twente,4-1,H,Continental,Wikipedia,2009–10 UEFA Europa League knockout phase
2010-03-11,UEFA,UEFA 2nd Division,2,2009–10,Atlético Madrid,Sporting CP,0-0,D,Continental,Wikipedia,2009–10 UEFA Europa League knockout phase
2010-03-11,UEFA,UEFA 2nd Division,2,2009–10,Benfica,Marseille,1-1,D,Continental,Wikipedia,2009–10 UEFA Europa League knockout phase
2010-03-11,UEFA,UEFA 2nd Division,2,2009–10,Hamburger SV,Anderlecht,3-1,H,Continental,Wikipedia,2009–10 UEFA Europa League knockout phase
2010-03-11,UEFA,UEFA 2nd Division,2,2009–10,Juventus,Fulham,3-1,H,Continental,Wikipedia,2009–10 UEFA Europa League knockout phase
2010-03-11,UEFA,UEFA 2nd Division,2,2009–10,Lille,Liverpool,1-0,H,Continental,Wikipedia,2009–10 UEFA Europa League knockout phase
2010-03-11,UEFA,UEFA 2nd Division,2,2009–10,Panathinaikos,Standard Liège,1-3,A,Continental,Wikipedia,2009–10 UEFA Europa League knockout phase
2010-03-11,UEFA,UEFA 2nd Division,2,2009–10,Rubin Kazan,VfL Wolfsburg,1-1,D,Continental,Wikipedia,2009–10 UEFA Europa League knockout phase
2010-03-11,UEFA,UEFA 2nd Division,2,2009–10,Valencia,Werder Bremen,1-1,D,Continental,Wikipedia,2009–10 UEFA Europa League knockout phase
2010-03-18,UEFA,UEFA 2nd Division,2,2009–10,Anderlecht,Hamburger SV,4-3,H,Continental,Wikipedia,2009–10 UEFA Europa League knockout phase
2010-03-18,UEFA,UEFA 2nd Division,2,2009–10,Fulham,Juventus,4-1,H,Continental,Wikipedia,2009–10 UEFA Europa League knockout phase
2010-03-18,UEFA,UEFA 2nd Division,2,2009–10,Liverpool,Lille,3-0,H,Continental,Wikipedia,2009–10 UEFA Europa League knockout phase
2010-03-18,UEFA,UEFA 2nd Division,2,2009–10,Marseille,Benfica,1-2,A,Continental,Wikipedia,2009–10 UEFA Europa League knockout phase
2010-03-18,UEFA,UEFA 2nd Division,2,2009–10,Sporting CP,Atlético Madrid,2-2,D,Continental,Wikipedia,2009–10 UEFA Europa League knockout phase
2010-03-18,UEFA,UEFA 2nd Division,2,2009–10,Standard Liège,Panathinaikos,1-0,H,Continental,Wikipedia,2009–10 UEFA Europa League knockout phase
2010-03-18,UEFA,UEFA 2nd Division,2,2009–10,VfL Wolfsburg,Rubin Kazan,2-1,H,Continental,Wikipedia,2009–10 UEFA Europa League knockout phase
2010-03-18,UEFA,UEFA 2nd Division,2,2009–10,Werder Bremen,Valencia,4-4,D,Continental,Wikipedia,2009–10 UEFA Europa League knockout phase
2010-04-01,UEFA,UEFA 2nd Division,2,2009–10,Benfica,Liverpool,2-1,H,Continental,Wikipedia,2009–10 UEFA Europa League knockout phase
2010-04-01,UEFA,UEFA 2nd Division,2,2009–10,Fulham,VfL Wolfsburg,2-1,H,Continental,Wikipedia,2009–10 UEFA Europa League knockout phase
2010-04-01,UEFA,UEFA 2nd Division,2,2009–10,Hamburger SV,Standard Liège,2-1,H,Continental,Wikipedia,2009–10 UEFA Europa League knockout phase
2010-04-01,UEFA,UEFA 2nd Division,2,2009–10,Valencia,Atlético Madrid,2-2,D,Continental,Wikipedia,2009–10 UEFA Europa League knockout phase
2010-04-08,UEFA,UEFA 2nd Division,2,2009–10,Atlético Madrid,Valencia,0-0,D,Continental,Wikipedia,2009–10 UEFA Europa League knockout phase
2010-04-08,UEFA,UEFA 2nd Division,2,2009–10,Liverpool,Benfica,4-1,H,Continental,Wikipedia,2009–10 UEFA Europa League knockout phase
2010-04-08,UEFA,UEFA 2nd Division,2,2009–10,Standard Liège,Hamburger SV,1-3,A,Continental,Wikipedia,2009–10 UEFA Europa League knockout phase
2010-04-08,UEFA,UEFA 2nd Division,2,2009–10,VfL Wolfsburg,Fulham,0-1,A,Continental,Wikipedia,2009–10 UEFA Europa League knockout phase
2010-04-22,UEFA,UEFA 2nd Division,2,2009–10,Atlético Madrid,Liverpool,1-0,H,Continental,Wikipedia,2009–10 UEFA Europa League knockout phase
2010-04-22,UEFA,UEFA 2nd Division,2,2009–10,Hamburger SV,Fulham,0-0,D,Continental,Wikipedia,2009–10 UEFA Europa League knockout phase
2010-04-29,UEFA,UEFA 2nd Division,2,2009–10,Fulham,Hamburger SV,2-1,H,Continental,Wikipedia,2009–10 UEFA Europa League knockout phase
2010-04-29,UEFA,UEFA 2nd Division,2,2009–10,Liverpool,Atlético Madrid,2-1,H,Continental,Wikipedia,2009–10 UEFA Europa League knockout phase
2010-09-16,UEFA,UEFA 2nd Division,2,2010–11,AEK Athens,Hajduk Split,3-1,H,Continental,Wikipedia,2010–11 UEFA Europa League group stage
2010-09-16,UEFA,UEFA 2nd Division,2,2010–11,AZ,Sheriff Tiraspol,2-1,H,Continental,Wikipedia,2010–11 UEFA Europa League group stage
2010-09-16,UEFA,UEFA 2nd Division,2,2010–11,Anderlecht,Zenit Saint Petersburg,1-3,A,Continental,Wikipedia,2010–11 UEFA Europa League group stage
2010-09-16,UEFA,UEFA 2nd Division,2,2010–11,Aris,Atlético Madrid,1-0,H,Continental,Wikipedia,2010–11 UEFA Europa League group stage
2010-09-16,UEFA,UEFA 2nd Division,2,2010–11,Bayer Leverkusen,Rosenborg,4-0,H,Continental,Wikipedia,2010–11 UEFA Europa League group stage
2010-09-16,UEFA,UEFA 2nd Division,2,2010–11,Beşiktaş,CSKA Sofia,1-0,H,Continental,Wikipedia,2010–11 UEFA Europa League group stage
2010-09-16,UEFA,UEFA 2nd Division,2,2010–11,Club Brugge,PAOK,1-1,D,Continental,Wikipedia,2010–11 UEFA Europa League group stage
2010-09-16,UEFA,UEFA 2nd Division,2,2010–11,Debrecen,Metalist Kharkiv,0-5,A,Continental,Wikipedia,2010–11 UEFA Europa League group stage
2010-09-16,UEFA,UEFA 2nd Division,2,2010–11,Dinamo Zagreb,Villarreal,2-0,H,Continental,Wikipedia,2010–11 UEFA Europa League group stage
2010-09-16,UEFA,UEFA 2nd Division,2,2010–11,Dynamo Kyiv,BATE Borisov,2-2,D,Continental,Wikipedia,2010–11 UEFA Europa League group stage
2010-09-16,UEFA,UEFA 2nd Division,2,2010–11,Getafe,Odense,2-1,H,Continental,Wikipedia,2010–11 UEFA Europa League group stage
2010-09-16,UEFA,UEFA 2nd Division,2,2010–11,Juventus,Lech Poznań,3-3,D,Continental,Wikipedia,2010–11 UEFA Europa League group stage
2010-09-16,UEFA,UEFA 2nd Division,2,2010–11,Karpaty Lviv,Borussia Dortmund,3-4,A,Continental,Wikipedia,2010–11 UEFA Europa League group stage
2010-09-16,UEFA,UEFA 2nd Division,2,2010–11,Lausanne-Sport,CSKA Moscow,0-3,A,Continental,Wikipedia,2010–11 UEFA Europa League group stage
2010-09-16,UEFA,UEFA 2nd Division,2,2010–11,Levski Sofia,Gent,3-2,H,Continental,Wikipedia,2010–11 UEFA Europa League group stage
2010-09-16,UEFA,UEFA 2nd Division,2,2010–11,Lille,Sporting CP,1-2,A,Continental,Wikipedia,2010–11 UEFA Europa League group stage
2010-09-16,UEFA,UEFA 2nd Division,2,2010–11,Liverpool,Steaua București,4-1,H,Continental,Wikipedia,2010–11 UEFA Europa League group stage
2010-09-16,UEFA,UEFA 2nd Division,2,2010–11,Napoli,Utrecht,0-0,D,Continental,Wikipedia,2010–11 UEFA Europa League group stage
2010-09-16,UEFA,UEFA 2nd Division,2,2010–11,PSV Eindhoven,Sampdoria,1-1,D,Continental,Wikipedia,2010–11 UEFA Europa League group stage
2010-09-16,UEFA,UEFA 2nd Division,2,2010–11,Porto,Rapid Wien,3-0,H,Continental,Wikipedia,2010–11 UEFA Europa League group stage
2010-09-16,UEFA,UEFA 2nd Division,2,2010–11,Red Bull Salzburg,Manchester City,0-2,A,Continental,Wikipedia,2010–11 UEFA Europa League group stage
2010-09-16,UEFA,UEFA 2nd Division,2,2010–11,Sevilla,Paris Saint-Germain,0-1,A,Continental,Wikipedia,2010–11 UEFA Europa League group stage
2010-09-16,UEFA,UEFA 2nd Division,2,2010–11,Sparta Prague,Palermo,3-2,H,Continental,Wikipedia,2010–11 UEFA Europa League group stage
2010-09-16,UEFA,UEFA 2nd Division,2,2010–11,VfB Stuttgart,Young Boys,3-0,H,Continental,Wikipedia,2010–11 UEFA Europa League group stage
2010-09-30,UEFA,UEFA 2nd Division,2,2010–11,Atlético Madrid,Bayer Leverkusen,1-1,D,Continental,Wikipedia,2010–11 UEFA Europa League group stage
2010-09-30,UEFA,UEFA 2nd Division,2,2010–11,BATE Borisov,AZ,4-1,H,Continental,Wikipedia,2010–11 UEFA Europa League group stage
2010-09-30,UEFA,UEFA 2nd Division,2,2010–11,Borussia Dortmund,Sevilla,0-1,A,Continental,Wikipedia,2010–11 UEFA Europa League group stage
2010-09-30,UEFA,UEFA 2nd Division,2,2010–11,CSKA Moscow,Sparta Prague,3-0,H,Continental,Wikipedia,2010–11 UEFA Europa League group stage
2010-09-30,UEFA,UEFA 2nd Division,2,2010–11,CSKA Sofia,Porto,0-1,A,Continental,Wikipedia,2010–11 UEFA Europa League group stage
2010-09-30,UEFA,UEFA 2nd Division,2,2010–11,Gent,Lille,1-1,D,Continental,Wikipedia,2010–11 UEFA Europa League group stage
2010-09-30,UEFA,UEFA 2nd Division,2,2010–11,Hajduk Split,Anderlecht,1-0,H,Continental,Wikipedia,2010–11 UEFA Europa League group stage
2010-09-30,UEFA,UEFA 2nd Division,2,2010–11,Lech Poznań,Red Bull Salzburg,2-0,H,Continental,Wikipedia,2010–11 UEFA Europa League group stage
2010-09-30,UEFA,UEFA 2nd Division,2,2010–11,Manchester City,Juventus,1-1,D,Continental,Wikipedia,2010–11 UEFA Europa League group stage
2010-09-30,UEFA,UEFA 2nd Division,2,2010–11,Metalist Kharkiv,PSV Eindhoven,0-2,A,Continental,Wikipedia,2010–11 UEFA Europa League group stage
2010-09-30,UEFA,UEFA 2nd Division,2,2010–11,Odense,VfB Stuttgart,1-2,A,Continental,Wikipedia,2010–11 UEFA Europa League group stage
2010-09-30,UEFA,UEFA 2nd Division,2,2010–11,PAOK,Dinamo Zagreb,1-0,H,Continental,Wikipedia,2010–11 UEFA Europa League group stage
2010-09-30,UEFA,UEFA 2nd Division,2,2010–11,Palermo,Lausanne-Sport,1-0,H,Continental,Wikipedia,2010–11 UEFA Europa League group stage
2010-09-30,UEFA,UEFA 2nd Division,2,2010–11,Paris Saint-Germain,Karpaty Lviv,2-0,H,Continental,Wikipedia,2010–11 UEFA Europa League group stage
2010-09-30,UEFA,UEFA 2nd Division,2,2010–11,Rapid Wien,Beşiktaş,1-2,A,Continental,Wikipedia,2010–11 UEFA Europa League group stage
2010-09-30,UEFA,UEFA 2nd Division,2,2010–11,Rosenborg,Aris,2-1,H,Continental,Wikipedia,2010–11 UEFA Europa League group stage
2010-09-30,UEFA,UEFA 2nd Division,2,2010–11,Sampdoria,Debrecen,1-0,H,Continental,Wikipedia,2010–11 UEFA Europa League group stage
2010-09-30,UEFA,UEFA 2nd Division,2,2010–11,Sheriff Tiraspol,Dynamo Kyiv,2-0,H,Continental,Wikipedia,2010–11 UEFA Europa League group stage
2010-09-30,UEFA,UEFA 2nd Division,2,2010–11,Sporting CP,Levski Sofia,5-0,H,Continental,Wikipedia,2010–11 UEFA Europa League group stage
2010-09-30,UEFA,UEFA 2nd Division,2,2010–11,Steaua București,Napoli,3-3,D,Continental,Wikipedia,2010–11 UEFA Europa League group stage
2010-09-30,UEFA,UEFA 2nd Division,2,2010–11,Utrecht,Liverpool,0-0,D,Continental,Wikipedia,2010–11 UEFA Europa League group stage
2010-09-30,UEFA,UEFA 2nd Division,2,2010–11,Villarreal,Club Brugge,2-1,H,Continental,Wikipedia,2010–11 UEFA Europa League group stage
2010-09-30,UEFA,UEFA 2nd Division,2,2010–11,Young Boys,Getafe,2-0,H,Continental,Wikipedia,2010–11 UEFA Europa League group stage
2010-09-30,UEFA,UEFA 2nd Division,2,2010–11,Zenit Saint Petersburg,AEK Athens,4-2,H,Continental,Wikipedia,2010–11 UEFA Europa League group stage
2010-10-21,UEFA,UEFA 2nd Division,2,2010–11,AZ,Dynamo Kyiv,1-2,A,Continental,Wikipedia,2010–11 UEFA Europa League group stage
2010-10-21,UEFA,UEFA 2nd Division,2,2010–11,Anderlecht,AEK Athens,3-0,H,Continental,Wikipedia,2010–11 UEFA Europa League group stage
2010-10-21,UEFA,UEFA 2nd Division,2,2010–11,Aris,Bayer Leverkusen,0-0,D,Continental,Wikipedia,2010–11 UEFA Europa League group stage
2010-10-21,UEFA,UEFA 2nd Division,2,2010–11,Atlético Madrid,Rosenborg,3-0,H,Continental,Wikipedia,2010–11 UEFA Europa League group stage
2010-10-21,UEFA,UEFA 2nd Division,2,2010–11,Beşiktaş,Porto,1-3,A,Continental,Wikipedia,2010–11 UEFA Europa League group stage
2010-10-21,UEFA,UEFA 2nd Division,2,2010–11,Borussia Dortmund,Paris Saint-Germain,1-1,D,Continental,Wikipedia,2010–11 UEFA Europa League group stage
2010-10-21,UEFA,UEFA 2nd Division,2,2010–11,CSKA Sofia,Rapid Wien,0-2,A,Continental,Wikipedia,2010–11 UEFA Europa League group stage
2010-10-21,UEFA,UEFA 2nd Division,2,2010–11,Debrecen,PSV Eindhoven,1-2,A,Continental,Wikipedia,2010–11 UEFA Europa League group stage
2010-10-21,UEFA,UEFA 2nd Division,2,2010–11,Dinamo Zagreb,Club Brugge,0-0,D,Continental,Wikipedia,2010–11 UEFA Europa League group stage
2010-10-21,UEFA,UEFA 2nd Division,2,2010–11,Karpaty Lviv,Sevilla,0-1,A,Continental,Wikipedia,2010–11 UEFA Europa League group stage
2010-10-21,UEFA,UEFA 2nd Division,2,2010–11,Lille,Levski Sofia,1-0,H,Continental,Wikipedia,2010–11 UEFA Europa League group stage
2010-10-21,UEFA,UEFA 2nd Division,2,2010–11,Manchester City,Lech Poznań,3-1,H,Continental,Wikipedia,2010–11 UEFA Europa League group stage
2010-10-21,UEFA,UEFA 2nd Division,2,2010–11,Metalist Kharkiv,Sampdoria,2-1,H,Continental,Wikipedia,2010–11 UEFA Europa League group stage
2010-10-21,UEFA,UEFA 2nd Division,2,2010–11,Napoli,Liverpool,0-0,D,Continental,Wikipedia,2010–11 UEFA Europa League group stage
2010-10-21,UEFA,UEFA 2nd Division,2,2010–11,Palermo,CSKA Moscow,0-3,A,Continental,Wikipedia,2010–11 UEFA Europa League group stage
2010-10-21,UEFA,UEFA 2nd Division,2,2010–11,Red Bull Salzburg,Juventus,1-1,D,Continental,Wikipedia,2010–11 UEFA Europa League group stage
2010-10-21,UEFA,UEFA 2nd Division,2,2010–11,Sheriff Tiraspol,BATE Borisov,0-1,A,Continental,Wikipedia,2010–11 UEFA Europa League group stage
2010-10-21,UEFA,UEFA 2nd Division,2,2010–11,Sparta Prague,Lausanne-Sport,3-3,D,Continental,Wikipedia,2010–11 UEFA Europa League group stage
2010-10-21,UEFA,UEFA 2nd Division,2,2010–11,Sporting CP,Gent,5-1,H,Continental,Wikipedia,2010–11 UEFA Europa League group stage
2010-10-21,UEFA,UEFA 2nd Division,2,2010–11,Utrecht,Steaua București,1-1,D,Continental,Wikipedia,2010–11 UEFA Europa League group stage
2010-10-21,UEFA,UEFA 2nd Division,2,2010–11,VfB Stuttgart,Getafe,1-0,H,Continental,Wikipedia,2010–11 UEFA Europa League group stage
2010-10-21,UEFA,UEFA 2nd Division,2,2010–11,Villarreal,PAOK,1-0,H,Continental,Wikipedia,2010–11 UEFA Europa League group stage
2010-10-21,UEFA,UEFA 2nd Division,2,2010–11,Young Boys,Odense,4-2,H,Continental,Wikipedia,2010–11 UEFA Europa League group stage
2010-10-21,UEFA,UEFA 2nd Division,2,2010–11,Zenit Saint Petersburg,Hajduk Split,2-0,H,Continental,Wikipedia,2010–11 UEFA Europa League group stage
2010-11-04,UEFA,UEFA 2nd Division,2,2010–11,AEK Athens,Anderlecht,1-1,D,Continental,Wikipedia,2010–11 UEFA Europa League group stage
2010-11-04,UEFA,UEFA 2nd Division,2,2010–11,BATE Borisov,Sheriff Tiraspol,3-1,H,Continental,Wikipedia,2010–11 UEFA Europa League group stage
2010-11-04,UEFA,UEFA 2nd Division,2,2010–11,Bayer Leverkusen,Aris,1-0,H,Continental,Wikipedia,2010–11 UEFA Europa League group stage
2010-11-04,UEFA,UEFA 2nd Division,2,2010–11,CSKA Moscow,Palermo,3-1,H,Continental,Wikipedia,2010–11 UEFA Europa League group stage
2010-11-04,UEFA,UEFA 2nd Division,2,2010–11,Club Brugge,Dinamo Zagreb,0-2,A,Continental,Wikipedia,2010–11 UEFA Europa League group stage
2010-11-04,UEFA,UEFA 2nd Division,2,2010–11,Dynamo Kyiv,AZ,2-0,H,Continental,Wikipedia,2010–11 UEFA Europa League group stage
2010-11-04,UEFA,UEFA 2nd Division,2,2010–11,Gent,Sporting CP,3-1,H,Continental,Wikipedia,2010–11 UEFA Europa League group stage
2010-11-04,UEFA,UEFA 2nd Division,2,2010–11,Getafe,VfB Stuttgart,0-3,A,Continental,Wikipedia,2010–11 UEFA Europa League group stage
2010-11-04,UEFA,UEFA 2nd Division,2,2010–11,Hajduk Split,Zenit Saint Petersburg,2-3,A,Continental,Wikipedia,2010–11 UEFA Europa League group stage
2010-11-04,UEFA,UEFA 2nd Division,2,2010–11,Juventus,Red Bull Salzburg,0-0,D,Continental,Wikipedia,2010–11 UEFA Europa League group stage
2010-11-04,UEFA,UEFA 2nd Division,2,2010–11,Lausanne-Sport,Sparta Prague,1-3,A,Continental,Wikipedia,2010–11 UEFA Europa League group stage
2010-11-04,UEFA,UEFA 2nd Division,2,2010–11,Lech Poznań,Manchester City,3-1,H,Continental,Wikipedia,2010–11 UEFA Europa League group stage
2010-11-04,UEFA,UEFA 2nd Division,2,2010–11,Levski Sofia,Lille,2-2,D,Continental,Wikipedia,2010–11 UEFA Europa League group stage
2010-11-04,UEFA,UEFA 2nd Division,2,2010–11,Liverpool,Napoli,3-1,H,Continental,Wikipedia,2010–11 UEFA Europa League group stage
2010-11-04,UEFA,UEFA 2nd Division,2,2010–11,Odense,Young Boys,2-0,H,Continental,Wikipedia,2010–11 UEFA Europa League group stage
2010-11-04,UEFA,UEFA 2nd Division,2,2010–11,PAOK,Villarreal,1-0,H,Continental,Wikipedia,2010–11 UEFA Europa League group stage
2010-11-04,UEFA,UEFA 2nd Division,2,2010–11,PSV Eindhoven,Debrecen,3-0,H,Continental,Wikipedia,2010–11 UEFA Europa League group stage
2010-11-04,UEFA,UEFA 2nd Division,2,2010–11,Paris Saint-Germain,Borussia Dortmund,0-0,D,Continental,Wikipedia,2010–11 UEFA Europa League group stage
2010-11-04,UEFA,UEFA 2nd Division,2,2010–11,Porto,Beşiktaş,1-1,D,Continental,Wikipedia,2010–11 UEFA Europa League group stage
2010-11-04,UEFA,UEFA 2nd Division,2,2010–11,Rapid Wien,CSKA Sofia,1-2,A,Continental,Wikipedia,2010–11 UEFA Europa League group stage
2010-11-04,UEFA,UEFA 2nd Division,2,2010–11,Rosenborg,Atlético Madrid,1-2,A,Continental,Wikipedia,2010–11 UEFA Europa League group stage
2010-11-04,UEFA,UEFA 2nd Division,2,2010–11,Sampdoria,Metalist Kharkiv,0-0,D,Continental,Wikipedia,2010–11 UEFA Europa League group stage
2010-11-04,UEFA,UEFA 2nd Division,2,2010–11,Sevilla,Karpaty Lviv,4-0,H,Continental,Wikipedia,2010–11 UEFA Europa League group stage
2010-11-04,UEFA,UEFA 2nd Division,2,2010–11,Steaua București,Utrecht,3-1,H,Continental,Wikipedia,2010–11 UEFA Europa League group stage
2010-12-01,UEFA,UEFA 2nd Division,2,2010–11,Atlético Madrid,Aris,2-3,A,Continental,Wikipedia,2010–11 UEFA Europa League group stage
2010-12-01,UEFA,UEFA 2nd Division,2,2010–11,Gent,Levski Sofia,1-0,H,Continental,Wikipedia,2010–11 UEFA Europa League group stage
2010-12-01,UEFA,UEFA 2nd Division,2,2010–11,Hajduk Split,AEK Athens,1-3,A,Continental,Wikipedia,2010–11 UEFA Europa League group stage
2010-12-01,UEFA,UEFA 2nd Division,2,2010–11,Lech Poznań,Juventus,1-1,D,Continental,Wikipedia,2010–11 UEFA Europa League group stage
2010-12-01,UEFA,UEFA 2nd Division,2,2010–11,Manchester City,Red Bull Salzburg,3-0,H,Continental,Wikipedia,2010–11 UEFA Europa League group stage
2010-12-01,UEFA,UEFA 2nd Division,2,2010–11,Metalist Kharkiv,Debrecen,2-1,H,Continental,Wikipedia,2010–11 UEFA Europa League group stage
2010-12-01,UEFA,UEFA 2nd Division,2,2010–11,Odense,Getafe,1-1,D,Continental,Wikipedia,2010–11 UEFA Europa League group stage
2010-12-01,UEFA,UEFA 2nd Division,2,2010–11,Rosenborg,Bayer Leverkusen,0-1,A,Continental,Wikipedia,2010–11 UEFA Europa League group stage
2010-12-01,UEFA,UEFA 2nd Division,2,2010–11,Sampdoria,PSV Eindhoven,1-2,A,Continental,Wikipedia,2010–11 UEFA Europa League group stage
2010-12-01,UEFA,UEFA 2nd Division,2,2010–11,Sporting CP,Lille,1-0,H,Continental,Wikipedia,2010–11 UEFA Europa League group stage
2010-12-01,UEFA,UEFA 2nd Division,2,2010–11,Young Boys,VfB Stuttgart,4-2,H,Continental,Wikipedia,2010–11 UEFA Europa League group stage
2010-12-01,UEFA,UEFA 2nd Division,2,2010–11,Zenit Saint Petersburg,Anderlecht,3-1,H,Continental,Wikipedia,2010–11 UEFA Europa League group stage
2010-12-02,UEFA,UEFA 2nd Division,2,2010–11,BATE Borisov,Dynamo Kyiv,1-4,A,Continental,Wikipedia,2010–11 UEFA Europa League group stage
2010-12-02,UEFA,UEFA 2nd Division,2,2010–11,Borussia Dortmund,Karpaty Lviv,3-0,H,Continental,Wikipedia,2010–11 UEFA Europa League group stage
2010-12-02,UEFA,UEFA 2nd Division,2,2010–11,CSKA Moscow,Lausanne-Sport,5-1,H,Continental,Wikipedia,2010–11 UEFA Europa League group stage
2010-12-02,UEFA,UEFA 2nd Division,2,2010–11,CSKA Sofia,Beşiktaş,1-2,A,Continental,Wikipedia,2010–11 UEFA Europa League group stage
2010-12-02,UEFA,UEFA 2nd Division,2,2010–11,PAOK,Club Brugge,1-1,D,Continental,Wikipedia,2010–11 UEFA Europa League group stage
2010-12-02,UEFA,UEFA 2nd Division,2,2010–11,Palermo,Sparta Prague,2-2,D,Continental,Wikipedia,2010–11 UEFA Europa League group stage
2010-12-02,UEFA,UEFA 2nd Division,2,2010–11,Paris Saint-Germain,Sevilla,4-2,H,Continental,Wikipedia,2010–11 UEFA Europa League group stage
2010-12-02,UEFA,UEFA 2nd Division,2,2010–11,Rapid Wien,Porto,1-3,A,Continental,Wikipedia,2010–11 UEFA Europa League group stage
2010-12-02,UEFA,UEFA 2nd Division,2,2010–11,Sheriff Tiraspol,AZ,1-1,D,Continental,Wikipedia,2010–11 UEFA Europa League group stage
2010-12-02,UEFA,UEFA 2nd Division,2,2010–11,Steaua București,Liverpool,1-1,D,Continental,Wikipedia,2010–11 UEFA Europa League group stage
2010-12-02,UEFA,UEFA 2nd Division,2,2010–11,Utrecht,Napoli,3-3,D,Continental,Wikipedia,2010–11 UEFA Europa League group stage
2010-12-02,UEFA,UEFA 2nd Division,2,2010–11,Villarreal,Dinamo Zagreb,3-0,H,Continental,Wikipedia,2010–11 UEFA Europa League group stage
2010-12-15,UEFA,UEFA 2nd Division,2,2010–11,AZ,BATE Borisov,3-0,H,Continental,Wikipedia,2010–11 UEFA Europa League group stage
2010-12-15,UEFA,UEFA 2nd Division,2,2010–11,Beşiktaş,Rapid Wien,2-0,H,Continental,Wikipedia,2010–11 UEFA Europa League group stage
2010-12-15,UEFA,UEFA 2nd Division,2,2010–11,Club Brugge,Villarreal,1-2,A,Continental,Wikipedia,2010–11 UEFA Europa League group stage
2010-12-15,UEFA,UEFA 2nd Division,2,2010–11,Dinamo Zagreb,PAOK,0-1,A,Continental,Wikipedia,2010–11 UEFA Europa League group stage
2010-12-15,UEFA,UEFA 2nd Division,2,2010–11,Dynamo Kyiv,Sheriff Tiraspol,0-0,D,Continental,Wikipedia,2010–11 UEFA Europa League group stage
2010-12-15,UEFA,UEFA 2nd Division,2,2010–11,Karpaty Lviv,Paris Saint-Germain,1-1,D,Continental,Wikipedia,2010–11 UEFA Europa League group stage
2010-12-15,UEFA,UEFA 2nd Division,2,2010–11,Lausanne-Sport,Palermo,0-1,A,Continental,Wikipedia,2010–11 UEFA Europa League group stage
2010-12-15,UEFA,UEFA 2nd Division,2,2010–11,Liverpool,Utrecht,0-0,D,Continental,Wikipedia,2010–11 UEFA Europa League group stage
2010-12-15,UEFA,UEFA 2nd Division,2,2010–11,Napoli,Steaua București,1-0,H,Continental,Wikipedia,2010–11 UEFA Europa League group stage
2010-12-15,UEFA,UEFA 2nd Division,2,2010–11,Porto,CSKA Sofia,3-1,H,Continental,Wikipedia,2010–11 UEFA Europa League group stage
2010-12-15,UEFA,UEFA 2nd Division,2,2010–11,Sevilla,Borussia Dortmund,2-2,D,Continental,Wikipedia,2010–11 UEFA Europa League group stage
2010-12-15,UEFA,UEFA 2nd Division,2,2010–11,Sparta Prague,CSKA Moscow,1-1,D,Continental,Wikipedia,2010–11 UEFA Europa League group stage
2010-12-16,UEFA,UEFA 2nd Division,2,2010–11,AEK Athens,Zenit Saint Petersburg,0-3,A,Continental,Wikipedia,2010–11 UEFA Europa League group stage
2010-12-16,UEFA,UEFA 2nd Division,2,2010–11,Anderlecht,Hajduk Split,2-0,H,Continental,Wikipedia,2010–11 UEFA Europa League group stage
2010-12-16,UEFA,UEFA 2nd Division,2,2010–11,Aris,Rosenborg,2-0,H,Continental,Wikipedia,2010–11 UEFA Europa League group stage
2010-12-16,UEFA,UEFA 2nd Division,2,2010–11,Bayer Leverkusen,Atlético Madrid,1-1,D,Continental,Wikipedia,2010–11 UEFA Europa League group stage
2010-12-16,UEFA,UEFA 2nd Division,2,2010–11,Debrecen,Sampdoria,2-0,H,Continental,Wikipedia,2010–11 UEFA Europa League group stage
2010-12-16,UEFA,UEFA 2nd Division,2,2010–11,Getafe,Young Boys,1-0,H,Continental,Wikipedia,2010–11 UEFA Europa League group stage
2010-12-16,UEFA,UEFA 2nd Division,2,2010–11,Juventus,Manchester City,1-1,D,Continental,Wikipedia,2010–11 UEFA Europa League group stage
2010-12-16,UEFA,UEFA 2nd Division,2,2010–11,Levski Sofia,Sporting CP,1-0,H,Continental,Wikipedia,2010–11 UEFA Europa League group stage
2010-12-16,UEFA,UEFA 2nd Division,2,2010–11,Lille,Gent,3-0,H,Continental,Wikipedia,2010–11 UEFA Europa League group stage
2010-12-16,UEFA,UEFA 2nd Division,2,2010–11,PSV Eindhoven,Metalist Kharkiv,0-0,D,Continental,Wikipedia,2010–11 UEFA Europa League group stage
2010-12-16,UEFA,UEFA 2nd Division,2,2010–11,Red Bull Salzburg,Lech Poznań,0-1,A,Continental,Wikipedia,2010–11 UEFA Europa League group stage
2010-12-16,UEFA,UEFA 2nd Division,2,2010–11,VfB Stuttgart,Odense,5-1,H,Continental,Wikipedia,2010–11 UEFA Europa League group stage
2011-02-15,UEFA,UEFA 2nd Division,2,2010–11,Aris,Manchester City,0-0,D,Continental,Wikipedia,2010–11 UEFA Europa League knockout phase
2011-02-17,UEFA,UEFA 2nd Division,2,2010–11,Anderlecht,Ajax,0-3,A,Continental,Wikipedia,2010–11 UEFA Europa League knockout phase
2011-02-17,UEFA,UEFA 2nd Division,2,2010–11,BATE Borisov,Paris Saint-Germain,2-2,D,Continental,Wikipedia,2010–11 UEFA Europa League knockout phase
2011-02-17,UEFA,UEFA 2nd Division,2,2010–11,Basel,Spartak Moscow,2-3,A,Continental,Wikipedia,2010–11 UEFA Europa League knockout phase
2011-02-17,UEFA,UEFA 2nd Division,2,2010–11,Benfica,VfB Stuttgart,2-1,H,Continental,Wikipedia,2010–11 UEFA Europa League knockout phase
2011-02-17,UEFA,UEFA 2nd Division,2,2010–11,Beşiktaş,Dynamo Kyiv,1-4,A,Continental,Wikipedia,2010–11 UEFA Europa League knockout phase
2011-02-17,UEFA,UEFA 2nd Division,2,2010–11,Lech Poznań,Braga,1-0,H,Continental,Wikipedia,2010–11 UEFA Europa League knockout phase
2011-02-17,UEFA,UEFA 2nd Division,2,2010–11,Lille,PSV Eindhoven,2-2,D,Continental,Wikipedia,2010–11 UEFA Europa League knockout phase
2011-02-17,UEFA,UEFA 2nd Division,2,2010–11,Metalist Kharkiv,Bayer Leverkusen,0-4,A,Continental,Wikipedia,2010–11 UEFA Europa League knockout phase
2011-02-17,UEFA,UEFA 2nd Division,2,2010–11,Napoli,Villarreal,0-0,D,Continental,Wikipedia,2010–11 UEFA Europa League knockout phase
2011-02-17,UEFA,UEFA 2nd Division,2,2010–11,PAOK,CSKA Moscow,0-1,A,Continental,Wikipedia,2010–11 UEFA Europa League knockout phase
2011-02-17,UEFA,UEFA 2nd Division,2,2010–11,Rangers,Sporting CP,1-1,D,Continental,Wikipedia,2010–11 UEFA Europa League knockout phase
2011-02-17,UEFA,UEFA 2nd Division,2,2010–11,Rubin Kazan,Twente,0-2,A,Continental,Wikipedia,2010–11 UEFA Europa League knockout phase
2011-02-17,UEFA,UEFA 2nd Division,2,2010–11,Sevilla,Porto,1-2,A,Continental,Wikipedia,2010–11 UEFA Europa League knockout phase
2011-02-17,UEFA,UEFA 2nd Division,2,2010–11,Sparta Prague,Liverpool,0-0,D,Continental,Wikipedia,2010–11 UEFA Europa League knockout phase
2011-02-17,UEFA,UEFA 2nd Division,2,2010–11,Young Boys,Zenit Saint Petersburg,2-1,H,Continental,Wikipedia,2010–11 UEFA Europa League knockout phase
2011-02-22,UEFA,UEFA 2nd Division,2,2010–11,CSKA Moscow,PAOK,1-1,D,Continental,Wikipedia,2010–11 UEFA Europa League knockout phase
2011-02-23,UEFA,UEFA 2nd Division,2,2010–11,Porto,Sevilla,0-1,A,Continental,Wikipedia,2010–11 UEFA Europa League knockout phase
2011-02-24,UEFA,UEFA 2nd Division,2,2010–11,Ajax,Anderlecht,2-0,H,Continental,Wikipedia,2010–11 UEFA Europa League knockout phase
2011-02-24,UEFA,UEFA 2nd Division,2,2010–11,Bayer Leverkusen,Metalist Kharkiv,2-0,H,Continental,Wikipedia,2010–11 UEFA Europa League knockout phase
2011-02-24,UEFA,UEFA 2nd Division,2,2010–11,Braga,Lech Poznań,2-0,H,Continental,Wikipedia,2010–11 UEFA Europa League knockout phase
2011-02-24,UEFA,UEFA 2nd Division,2,2010–11,Dynamo Kyiv,Beşiktaş,4-0,H,Continental,Wikipedia,2010–11 UEFA Europa League knockout phase
2011-02-24,UEFA,UEFA 2nd Division,2,2010–11,Liverpool,Sparta Prague,1-0,H,Continental,Wikipedia,2010–11 UEFA Europa League knockout phase
2011-02-24,UEFA,UEFA 2nd Division,2,2010–11,Manchester City,Aris,3-0,H,Continental,Wikipedia,2010–11 UEFA Europa League knockout phase
2011-02-24,UEFA,UEFA 2nd Division,2,2010–11,PSV Eindhoven,Lille,3-1,H,Continental,Wikipedia,2010–11 UEFA Europa League knockout phase
2011-02-24,UEFA,UEFA 2nd Division,2,2010–11,Paris Saint-Germain,BATE Borisov,0-0,D,Continental,Wikipedia,2010–11 UEFA Europa League knockout phase
2011-02-24,UEFA,UEFA 2nd Division,2,2010–11,Spartak Moscow,Basel,1-1,D,Continental,Wikipedia,2010–11 UEFA Europa League knockout phase
2011-02-24,UEFA,UEFA 2nd Division,2,2010–11,Sporting CP,Rangers,2-2,D,Continental,Wikipedia,2010–11 UEFA Europa League knockout phase
2011-02-24,UEFA,UEFA 2nd Division,2,2010–11,Twente,Rubin Kazan,2-2,D,Continental,Wikipedia,2010–11 UEFA Europa League knockout phase
2011-02-24,UEFA,UEFA 2nd Division,2,2010–11,VfB Stuttgart,Benfica,0-2,A,Continental,Wikipedia,2010–11 UEFA Europa League knockout phase
2011-02-24,UEFA,UEFA 2nd Division,2,2010–11,Villarreal,Napoli,2-1,H,Continental,Wikipedia,2010–11 UEFA Europa League knockout phase
2011-02-24,UEFA,UEFA 2nd Division,2,2010–11,Zenit Saint Petersburg,Young Boys,3-1,H,Continental,Wikipedia,2010–11 UEFA Europa League knockout phase
2011-03-10,UEFA,UEFA 2nd Division,2,2010–11,Ajax,Spartak Moscow,0-1,A,Continental,Wikipedia,2010–11 UEFA Europa League knockout phase
2011-03-10,UEFA,UEFA 2nd Division,2,2010–11,Bayer Leverkusen,Villarreal,2-3,A,Continental,Wikipedia,2010–11 UEFA Europa League knockout phase
2011-03-10,UEFA,UEFA 2nd Division,2,2010–11,Benfica,Paris Saint-Germain,2-1,H,Continental,Wikipedia,2010–11 UEFA Europa League knockout phase
2011-03-10,UEFA,UEFA 2nd Division,2,2010–11,Braga,Liverpool,1-0,H,Continental,Wikipedia,2010–11 UEFA Europa League knockout phase
2011-03-10,UEFA,UEFA 2nd Division,2,2010–11,CSKA Moscow,Porto,0-1,A,Continental,Wikipedia,2010–11 UEFA Europa League knockout phase
2011-03-10,UEFA,UEFA 2nd Division,2,2010–11,Dynamo Kyiv,Manchester City,2-0,H,Continental,Wikipedia,2010–11 UEFA Europa League knockout phase
2011-03-10,UEFA,UEFA 2nd Division,2,2010–11,PSV Eindhoven,Rangers,0-0,D,Continental,Wikipedia,2010–11 UEFA Europa League knockout phase
2011-03-10,UEFA,UEFA 2nd Division,2,2010–11,Twente,Zenit Saint Petersburg,3-0,H,Continental,Wikipedia,2010–11 UEFA Europa League knockout phase
2011-03-17,UEFA,UEFA 2nd Division,2,2010–11,Liverpool,Braga,0-0,D,Continental,Wikipedia,2010–11 UEFA Europa League knockout phase
2011-03-17,UEFA,UEFA 2nd Division,2,2010–11,Manchester City,Dynamo Kyiv,1-0,H,Continental,Wikipedia,2010–11 UEFA Europa League knockout phase
2011-03-17,UEFA,UEFA 2nd Division,2,2010–11,Paris Saint-Germain,Benfica,1-1,D,Continental,Wikipedia,2010–11 UEFA Europa League knockout phase
2011-03-17,UEFA,UEFA 2nd Division,2,2010–11,Porto,CSKA Moscow,2-1,H,Continental,Wikipedia,2010–11 UEFA Europa League knockout phase
2011-03-17,UEFA,UEFA 2nd Division,2,2010–11,Rangers,PSV Eindhoven,0-1,A,Continental,Wikipedia,2010–11 UEFA Europa League knockout phase
2011-03-17,UEFA,UEFA 2nd Division,2,2010–11,Spartak Moscow,Ajax,3-0,H,Continental,Wikipedia,2010–11 UEFA Europa League knockout phase
2011-03-17,UEFA,UEFA 2nd Division,2,2010–11,Villarreal,Bayer Leverkusen,2-1,H,Continental,Wikipedia,2010–11 UEFA Europa League knockout phase
2011-03-17,UEFA,UEFA 2nd Division,2,2010–11,Zenit Saint Petersburg,Twente,2-0,H,Continental,Wikipedia,2010–11 UEFA Europa League knockout phase
2011-04-07,UEFA,UEFA 2nd Division,2,2010–11,Benfica,PSV Eindhoven,4-1,H,Continental,Wikipedia,2010–11 UEFA Europa League knockout phase
2011-04-07,UEFA,UEFA 2nd Division,2,2010–11,Dynamo Kyiv,Braga,1-1,D,Continental,Wikipedia,2010–11 UEFA Europa League knockout phase
2011-04-07,UEFA,UEFA 2nd Division,2,2010–11,Porto,Spartak Moscow,5-1,H,Continental,Wikipedia,2010–11 UEFA Europa League knockout phase
2011-04-07,UEFA,UEFA 2nd Division,2,2010–11,Villarreal,Twente,5-1,H,Continental,Wikipedia,2010–11 UEFA Europa League knockout phase
2011-04-14,UEFA,UEFA 2nd Division,2,2010–11,Braga,Dynamo Kyiv,0-0,D,Continental,Wikipedia,2010–11 UEFA Europa League knockout phase
2011-04-14,UEFA,UEFA 2nd Division,2,2010–11,PSV Eindhoven,Benfica,2-2,D,Continental,Wikipedia,2010–11 UEFA Europa League knockout phase
2011-04-14,UEFA,UEFA 2nd Division,2,2010–11,Spartak Moscow,Porto,2-5,A,Continental,Wikipedia,2010–11 UEFA Europa League knockout phase
2011-04-14,UEFA,UEFA 2nd Division,2,2010–11,Twente,Villarreal,1-3,A,Continental,Wikipedia,2010–11 UEFA Europa League knockout phase
2011-04-28,UEFA,UEFA 2nd Division,2,2010–11,Benfica,Braga,2-1,H,Continental,Wikipedia,2010–11 UEFA Europa League knockout phase
2011-04-28,UEFA,UEFA 2nd Division,2,2010–11,Porto,Villarreal,5-1,H,Continental,Wikipedia,2010–11 UEFA Europa League knockout phase
2011-05-05,UEFA,UEFA 2nd Division,2,2010–11,Braga,Benfica,1-0,H,Continental,Wikipedia,2010–11 UEFA Europa League knockout phase
2011-05-05,UEFA,UEFA 2nd Division,2,2010–11,Villarreal,Porto,3-2,H,Continental,Wikipedia,2010–11 UEFA Europa League knockout phase
2011-09-15,UEFA,UEFA 2nd Division,2,2011–12,AZ,Malmö FF,4-1,H,Continental,Wikipedia,2011–12 UEFA Europa League group stage
2011-09-15,UEFA,UEFA 2nd Division,2,2011–12,Anderlecht,AEK Athens,4-1,H,Continental,Wikipedia,2011–12 UEFA Europa League group stage
2011-09-15,UEFA,UEFA 2nd Division,2,2011–12,Atlético Madrid,Celtic,2-0,H,Continental,Wikipedia,2011–12 UEFA Europa League group stage
2011-09-15,UEFA,UEFA 2nd Division,2,2011–12,Austria Wien,Metalist Kharkiv,1-2,A,Continental,Wikipedia,2011–12 UEFA Europa League group stage
2011-09-15,UEFA,UEFA 2nd Division,2,2011–12,Beşiktaş,Maccabi Tel Aviv,5-1,H,Continental,Wikipedia,2011–12 UEFA Europa League group stage
2011-09-15,UEFA,UEFA 2nd Division,2,2011–12,Birmingham City,Braga,1-3,A,Continental,Wikipedia,2011–12 UEFA Europa League group stage
2011-09-15,UEFA,UEFA 2nd Division,2,2011–12,Club Brugge,Maribor,2-0,H,Continental,Wikipedia,2011–12 UEFA Europa League group stage
2011-09-15,UEFA,UEFA 2nd Division,2,2011–12,Copenhagen,Vorskla Poltava,1-0,H,Continental,Wikipedia,2011–12 UEFA Europa League group stage
2011-09-15,UEFA,UEFA 2nd Division,2,2011–12,Dynamo Kyiv,Stoke City,1-1,D,Continental,Wikipedia,2011–12 UEFA Europa League group stage
2011-09-15,UEFA,UEFA 2nd Division,2,2011–12,Fulham,Twente,1-1,D,Continental,Wikipedia,2011–12 UEFA Europa League group stage
2011-09-15,UEFA,UEFA 2nd Division,2,2011–12,Hannover 96,Standard Liège,0-0,D,Continental,Wikipedia,2011–12 UEFA Europa League group stage
2011-09-15,UEFA,UEFA 2nd Division,2,2011–12,Hapoel Tel Aviv,Rapid București,0-1,A,Continental,Wikipedia,2011–12 UEFA Europa League group stage
2011-09-15,UEFA,UEFA 2nd Division,2,2011–12,Lazio,Vaslui,2-2,D,Continental,Wikipedia,2011–12 UEFA Europa League group stage
2011-09-15,UEFA,UEFA 2nd Division,2,2011–12,Maccabi Haifa,AEK Larnaca,1-0,H,Continental,Wikipedia,2011–12 UEFA Europa League group stage
2011-09-15,UEFA,UEFA 2nd Division,2,2011–12,PAOK,Tottenham Hotspur,0-0,D,Continental,Wikipedia,2011–12 UEFA Europa League group stage
2011-09-15,UEFA,UEFA 2nd Division,2,2011–12,PSV Eindhoven,Legia Warsaw,1-0,H,Continental,Wikipedia,2011–12 UEFA Europa League group stage
2011-09-15,UEFA,UEFA 2nd Division,2,2011–12,Paris Saint-Germain,Red Bull Salzburg,3-1,H,Continental,Wikipedia,2011–12 UEFA Europa League group stage
2011-09-15,UEFA,UEFA 2nd Division,2,2011–12,Shamrock Rovers,Rubin Kazan,0-3,A,Continental,Wikipedia,2011–12 UEFA Europa League group stage
2011-09-15,UEFA,UEFA 2nd Division,2,2011–12,Slovan Bratislava,Athletic Bilbao,1-2,A,Continental,Wikipedia,2011–12 UEFA Europa League group stage
2011-09-15,UEFA,UEFA 2nd Division,2,2011–12,Steaua București,Schalke 04,0-0,D,Continental,Wikipedia,2011–12 UEFA Europa League group stage
2011-09-15,UEFA,UEFA 2nd Division,2,2011–12,Sturm Graz,Lokomotiv Moscow,1-2,A,Continental,Wikipedia,2011–12 UEFA Europa League group stage
2011-09-15,UEFA,UEFA 2nd Division,2,2011–12,Udinese,Rennes,2-1,H,Continental,Wikipedia,2011–12 UEFA Europa League group stage
2011-09-15,UEFA,UEFA 2nd Division,2,2011–12,Wisła Kraków,Odense,1-3,A,Continental,Wikipedia,2011–12 UEFA Europa League group stage
2011-09-15,UEFA,UEFA 2nd Division,2,2011–12,Zürich,Sporting CP,0-2,A,Continental,Wikipedia,2011–12 UEFA Europa League group stage
2011-09-29,UEFA,UEFA 2nd Division,2,2011–12,AEK Athens,Sturm Graz,1-2,A,Continental,Wikipedia,2011–12 UEFA Europa League group stage
2011-09-29,UEFA,UEFA 2nd Division,2,2011–12,AEK Larnaca,Steaua București,1-1,D,Continental,Wikipedia,2011–12 UEFA Europa League group stage
2011-09-29,UEFA,UEFA 2nd Division,2,2011–12,Athletic Bilbao,Paris Saint-Germain,2-0,H,Continental,Wikipedia,2011–12 UEFA Europa League group stage
2011-09-29,UEFA,UEFA 2nd Division,2,2011–12,Braga,Club Brugge,1-2,A,Continental,Wikipedia,2011–12 UEFA Europa League group stage
2011-09-29,UEFA,UEFA 2nd Division,2,2011–12,Celtic,Udinese,1-1,D,Continental,Wikipedia,2011–12 UEFA Europa League group stage
2011-09-29,UEFA,UEFA 2nd Division,2,2011–12,Legia Warsaw,Hapoel Tel Aviv,3-2,H,Continental,Wikipedia,2011–12 UEFA Europa League group stage
2011-09-29,UEFA,UEFA 2nd Division,2,2011–12,Lokomotiv Moscow,Anderlecht,0-2,A,Continental,Wikipedia,2011–12 UEFA Europa League group stage
2011-09-29,UEFA,UEFA 2nd Division,2,2011–12,Maccabi Tel Aviv,Dynamo Kyiv,1-1,D,Continental,Wikipedia,2011–12 UEFA Europa League group stage
2011-09-29,UEFA,UEFA 2nd Division,2,2011–12,Malmö FF,Austria Wien,1-2,A,Continental,Wikipedia,2011–12 UEFA Europa League group stage
2011-09-29,UEFA,UEFA 2nd Division,2,2011–12,Maribor,Birmingham City,1-2,A,Continental,Wikipedia,2011–12 UEFA Europa League group stage
2011-09-29,UEFA,UEFA 2nd Division,2,2011–12,Metalist Kharkiv,AZ,1-1,D,Continental,Wikipedia,2011–12 UEFA Europa League group stage
2011-09-29,UEFA,UEFA 2nd Division,2,2011–12,Odense,Fulham,0-2,A,Continental,Wikipedia,2011–12 UEFA Europa League group stage
2011-09-29,UEFA,UEFA 2nd Division,2,2011–12,Rapid București,PSV Eindhoven,1-3,A,Continental,Wikipedia,2011–12 UEFA Europa League group stage
2011-09-29,UEFA,UEFA 2nd Division,2,2011–12,Red Bull Salzburg,Slovan Bratislava,3-0,H,Continental,Wikipedia,2011–12 UEFA Europa League group stage
2011-09-29,UEFA,UEFA 2nd Division,2,2011–12,Rennes,Atlético Madrid,1-1,D,Continental,Wikipedia,2011–12 UEFA Europa League group stage
2011-09-29,UEFA,UEFA 2nd Division,2,2011–12,Rubin Kazan,PAOK,2-2,D,Continental,Wikipedia,2011–12 UEFA Europa League group stage
2011-09-29,UEFA,UEFA 2nd Division,2,2011–12,Schalke 04,Maccabi Haifa,3-1,H,Continental,Wikipedia,2011–12 UEFA Europa League group stage
2011-09-29,UEFA,UEFA 2nd Division,2,2011–12,Sporting CP,Lazio,2-1,H,Continental,Wikipedia,2011–12 UEFA Europa League group stage
2011-09-29,UEFA,UEFA 2nd Division,2,2011–12,Standard Liège,Copenhagen,3-0,H,Continental,Wikipedia,2011–12 UEFA Europa League group stage
2011-09-29,UEFA,UEFA 2nd Division,2,2011–12,Stoke City,Beşiktaş,2-1,H,Continental,Wikipedia,2011–12 UEFA Europa League group stage
2011-09-29,UEFA,UEFA 2nd Division,2,2011–12,Tottenham Hotspur,Shamrock Rovers,3-1,H,Continental,Wikipedia,2011–12 UEFA Europa League group stage
2011-09-29,UEFA,UEFA 2nd Division,2,2011–12,Twente,Wisła Kraków,4-1,H,Continental,Wikipedia,2011–12 UEFA Europa League group stage
2011-09-29,UEFA,UEFA 2nd Division,2,2011–12,Vaslui,Zürich,2-2,D,Continental,Wikipedia,2011–12 UEFA Europa League group stage
2011-09-29,UEFA,UEFA 2nd Division,2,2011–12,Vorskla Poltava,Hannover 96,1-2,A,Continental,Wikipedia,2011–12 UEFA Europa League group stage
2011-10-20,UEFA,UEFA 2nd Division,2,2011–12,AEK Larnaca,Schalke 04,0-5,A,Continental,Wikipedia,2011–12 UEFA Europa League group stage
2011-10-20,UEFA,UEFA 2nd Division,2,2011–12,AZ,Austria Wien,2-2,D,Continental,Wikipedia,2011–12 UEFA Europa League group stage
2011-10-20,UEFA,UEFA 2nd Division,2,2011–12,Athletic Bilbao,Red Bull Salzburg,2-2,D,Continental,Wikipedia,2011–12 UEFA Europa League group stage
2011-10-20,UEFA,UEFA 2nd Division,2,2011–12,Club Brugge,Birmingham City,1-2,A,Continental,Wikipedia,2011–12 UEFA Europa League group stage
2011-10-20,UEFA,UEFA 2nd Division,2,2011–12,Dynamo Kyiv,Beşiktaş,1-0,H,Continental,Wikipedia,2011–12 UEFA Europa League group stage
2011-10-20,UEFA,UEFA 2nd Division,2,2011–12,Hannover 96,Copenhagen,2-2,D,Continental,Wikipedia,2011–12 UEFA Europa League group stage
2011-10-20,UEFA,UEFA 2nd Division,2,2011–12,Hapoel Tel Aviv,PSV Eindhoven,0-1,A,Continental,Wikipedia,2011–12 UEFA Europa League group stage
2011-10-20,UEFA,UEFA 2nd Division,2,2011–12,Lokomotiv Moscow,AEK Athens,3-1,H,Continental,Wikipedia,2011–12 UEFA Europa League group stage
2011-10-20,UEFA,UEFA 2nd Division,2,2011–12,Maccabi Haifa,Steaua București,5-0,H,Continental,Wikipedia,2011–12 UEFA Europa League group stage
2011-10-20,UEFA,UEFA 2nd Division,2,2011–12,Malmö FF,Metalist Kharkiv,1-4,A,Continental,Wikipedia,2011–12 UEFA Europa League group stage
2011-10-20,UEFA,UEFA 2nd Division,2,2011–12,Maribor,Braga,1-1,D,Continental,Wikipedia,2011–12 UEFA Europa League group stage
2011-10-20,UEFA,UEFA 2nd Division,2,2011–12,Odense,Twente,1-4,A,Continental,Wikipedia,2011–12 UEFA Europa League group stage
2011-10-20,UEFA,UEFA 2nd Division,2,2011–12,PAOK,Shamrock Rovers,2-1,H,Continental,Wikipedia,2011–12 UEFA Europa League group stage
2011-10-20,UEFA,UEFA 2nd Division,2,2011–12,Rapid București,Legia Warsaw,0-1,A,Continental,Wikipedia,2011–12 UEFA Europa League group stage
2011-10-20,UEFA,UEFA 2nd Division,2,2011–12,Rennes,Celtic,1-1,D,Continental,Wikipedia,2011–12 UEFA Europa League group stage
2011-10-20,UEFA,UEFA 2nd Division,2,2011–12,Slovan Bratislava,Paris Saint-Germain,0-0,D,Continental,Wikipedia,2011–12 UEFA Europa League group stage
2011-10-20,UEFA,UEFA 2nd Division,2,2011–12,Sporting CP,Vaslui,2-0,H,Continental,Wikipedia,2011–12 UEFA Europa League group stage
2011-10-20,UEFA,UEFA 2nd Division,2,2011–12,Standard Liège,Vorskla Poltava,0-0,D,Continental,Wikipedia,2011–12 UEFA Europa League group stage
2011-10-20,UEFA,UEFA 2nd Division,2,2011–12,Stoke City,Maccabi Tel Aviv,3-0,H,Continental,Wikipedia,2011–12 UEFA Europa League group stage
2011-10-20,UEFA,UEFA 2nd Division,2,2011–12,Sturm Graz,Anderlecht,0-2,A,Continental,Wikipedia,2011–12 UEFA Europa League group stage
2011-10-20,UEFA,UEFA 2nd Division,2,2011–12,Tottenham Hotspur,Rubin Kazan,1-0,H,Continental,Wikipedia,2011–12 UEFA Europa League group stage
2011-10-20,UEFA,UEFA 2nd Division,2,2011–12,Udinese,Atlético Madrid,2-0,H,Continental,Wikipedia,2011–12 UEFA Europa League group stage
2011-10-20,UEFA,UEFA 2nd Division,2,2011–12,Wisła Kraków,Fulham,1-0,H,Continental,Wikipedia,2011–12 UEFA Europa League group stage
2011-10-20,UEFA,UEFA 2nd Division,2,2011–12,Zürich,Lazio,1-1,D,Continental,Wikipedia,2011–12 UEFA Europa League group stage
2011-11-03,UEFA,UEFA 2nd Division,2,2011–12,AEK Athens,Lokomotiv Moscow,1-3,A,Continental,Wikipedia,2011–12 UEFA Europa League group stage
2011-11-03,UEFA,UEFA 2nd Division,2,2011–12,Anderlecht,Sturm Graz,3-0,H,Continental,Wikipedia,2011–12 UEFA Europa League group stage
2011-11-03,UEFA,UEFA 2nd Division,2,2011–12,Atlético Madrid,Udinese,4-0,H,Continental,Wikipedia,2011–12 UEFA Europa League group stage
2011-11-03,UEFA,UEFA 2nd Division,2,2011–12,Austria Wien,AZ,2-2,D,Continental,Wikipedia,2011–12 UEFA Europa League group stage
2011-11-03,UEFA,UEFA 2nd Division,2,2011–12,Beşiktaş,Dynamo Kyiv,1-0,H,Continental,Wikipedia,2011–12 UEFA Europa League group stage
2011-11-03,UEFA,UEFA 2nd Division,2,2011–12,Birmingham City,Club Brugge,2-2,D,Continental,Wikipedia,2011–12 UEFA Europa League group stage
2011-11-03,UEFA,UEFA 2nd Division,2,2011–12,Braga,Maribor,5-1,H,Continental,Wikipedia,2011–12 UEFA Europa League group stage
2011-11-03,UEFA,UEFA 2nd Division,2,2011–12,Celtic,Rennes,3-1,H,Continental,Wikipedia,2011–12 UEFA Europa League group stage
2011-11-03,UEFA,UEFA 2nd Division,2,2011–12,Copenhagen,Hannover 96,1-2,A,Continental,Wikipedia,2011–12 UEFA Europa League group stage
2011-11-03,UEFA,UEFA 2nd Division,2,2011–12,Fulham,Wisła Kraków,4-1,H,Continental,Wikipedia,2011–12 UEFA Europa League group stage
2011-11-03,UEFA,UEFA 2nd Division,2,2011–12,Lazio,Zürich,1-0,H,Continental,Wikipedia,2011–12 UEFA Europa League group stage
2011-11-03,UEFA,UEFA 2nd Division,2,2011–12,Legia Warsaw,Rapid București,3-1,H,Continental,Wikipedia,2011–12 UEFA Europa League group stage
2011-11-03,UEFA,UEFA 2nd Division,2,2011–12,Maccabi Tel Aviv,Stoke City,1-2,A,Continental,Wikipedia,2011–12 UEFA Europa League group stage
2011-11-03,UEFA,UEFA 2nd Division,2,2011–12,Metalist Kharkiv,Malmö FF,3-1,H,Continental,Wikipedia,2011–12 UEFA Europa League group stage
2011-11-03,UEFA,UEFA 2nd Division,2,2011–12,PSV Eindhoven,Hapoel Tel Aviv,3-3,D,Continental,Wikipedia,2011–12 UEFA Europa League group stage
2011-11-03,UEFA,UEFA 2nd Division,2,2011–12,Paris Saint-Germain,Slovan Bratislava,1-0,H,Continental,Wikipedia,2011–12 UEFA Europa League group stage
2011-11-03,UEFA,UEFA 2nd Division,2,2011–12,Red Bull Salzburg,Athletic Bilbao,0-1,A,Continental,Wikipedia,2011–12 UEFA Europa League group stage
2011-11-03,UEFA,UEFA 2nd Division,2,2011–12,Rubin Kazan,Tottenham Hotspur,1-0,H,Continental,Wikipedia,2011–12 UEFA Europa League group stage
2011-11-03,UEFA,UEFA 2nd Division,2,2011–12,Schalke 04,AEK Larnaca,0-0,D,Continental,Wikipedia,2011–12 UEFA Europa League group stage
2011-11-03,UEFA,UEFA 2nd Division,2,2011–12,Shamrock Rovers,PAOK,1-3,A,Continental,Wikipedia,2011–12 UEFA Europa League group stage
2011-11-03,UEFA,UEFA 2nd Division,2,2011–12,Steaua București,Maccabi Haifa,4-2,H,Continental,Wikipedia,2011–12 UEFA Europa League group stage
2011-11-03,UEFA,UEFA 2nd Division,2,2011–12,Twente,Odense,3-2,H,Continental,Wikipedia,2011–12 UEFA Europa League group stage
2011-11-03,UEFA,UEFA 2nd Division,2,2011–12,Vaslui,Sporting CP,1-0,H,Continental,Wikipedia,2011–12 UEFA Europa League group stage
2011-11-03,UEFA,UEFA 2nd Division,2,2011–12,Vorskla Poltava,Standard Liège,1-3,A,Continental,Wikipedia,2011–12 UEFA Europa League group stage
2011-11-30,UEFA,UEFA 2nd Division,2,2011–12,Braga,Birmingham City,1-0,H,Continental,Wikipedia,2011–12 UEFA Europa League group stage
2011-11-30,UEFA,UEFA 2nd Division,2,2011–12,Celtic,Atlético Madrid,0-1,A,Continental,Wikipedia,2011–12 UEFA Europa League group stage
2011-11-30,UEFA,UEFA 2nd Division,2,2011–12,Legia Warsaw,PSV Eindhoven,0-3,A,Continental,Wikipedia,2011–12 UEFA Europa League group stage
2011-11-30,UEFA,UEFA 2nd Division,2,2011–12,Malmö FF,AZ,0-0,D,Continental,Wikipedia,2011–12 UEFA Europa League group stage
2011-11-30,UEFA,UEFA 2nd Division,2,2011–12,Maribor,Club Brugge,3-4,A,Continental,Wikipedia,2011–12 UEFA Europa League group stage
2011-11-30,UEFA,UEFA 2nd Division,2,2011–12,Metalist Kharkiv,Austria Wien,4-1,H,Continental,Wikipedia,2011–12 UEFA Europa League group stage
2011-11-30,UEFA,UEFA 2nd Division,2,2011–12,Rapid București,Hapoel Tel Aviv,1-3,A,Continental,Wikipedia,2011–12 UEFA Europa League group stage
2011-11-30,UEFA,UEFA 2nd Division,2,2011–12,Rennes,Udinese,0-0,D,Continental,Wikipedia,2011–12 UEFA Europa League group stage
2011-11-30,UEFA,UEFA 2nd Division,2,2011–12,Rubin Kazan,Shamrock Rovers,4-1,H,Continental,Wikipedia,2011–12 UEFA Europa League group stage
2011-11-30,UEFA,UEFA 2nd Division,2,2011–12,Standard Liège,Hannover 96,2-0,H,Continental,Wikipedia,2011–12 UEFA Europa League group stage
2011-11-30,UEFA,UEFA 2nd Division,2,2011–12,Tottenham Hotspur,PAOK,1-2,A,Continental,Wikipedia,2011–12 UEFA Europa League group stage
2011-11-30,UEFA,UEFA 2nd Division,2,2011–12,Vorskla Poltava,Copenhagen,1-1,D,Continental,Wikipedia,2011–12 UEFA Europa League group stage
2011-12-01,UEFA,UEFA 2nd Division,2,2011–12,AEK Athens,Anderlecht,1-2,A,Continental,Wikipedia,2011–12 UEFA Europa League group stage
2011-12-01,UEFA,UEFA 2nd Division,2,2011–12,AEK Larnaca,Maccabi Haifa,2-1,H,Continental,Wikipedia,2011–12 UEFA Europa League group stage
2011-12-01,UEFA,UEFA 2nd Division,2,2011–12,Athletic Bilbao,Slovan Bratislava,2-1,H,Continental,Wikipedia,2011–12 UEFA Europa League group stage
2011-12-01,UEFA,UEFA 2nd Division,2,2011–12,Lokomotiv Moscow,Sturm Graz,3-1,H,Continental,Wikipedia,2011–12 UEFA Europa League group stage
2011-12-01,UEFA,UEFA 2nd Division,2,2011–12,Maccabi Tel Aviv,Beşiktaş,2-3,A,Continental,Wikipedia,2011–12 UEFA Europa League group stage
2011-12-01,UEFA,UEFA 2nd Division,2,2011–12,Odense,Wisła Kraków,1-2,A,Continental,Wikipedia,2011–12 UEFA Europa League group stage
2011-12-01,UEFA,UEFA 2nd Division,2,2011–12,Red Bull Salzburg,Paris Saint-Germain,2-0,H,Continental,Wikipedia,2011–12 UEFA Europa League group stage
2011-12-01,UEFA,UEFA 2nd Division,2,2011–12,Schalke 04,Steaua București,2-1,H,Continental,Wikipedia,2011–12 UEFA Europa League group stage
2011-12-01,UEFA,UEFA 2nd Division,2,2011–12,Sporting CP,Zürich,2-0,H,Continental,Wikipedia,2011–12 UEFA Europa League group stage
2011-12-01,UEFA,UEFA 2nd Division,2,2011–12,Stoke City,Dynamo Kyiv,1-1,D,Continental,Wikipedia,2011–12 UEFA Europa League group stage
2011-12-01,UEFA,UEFA 2nd Division,2,2011–12,Twente,Fulham,1-0,H,Continental,Wikipedia,2011–12 UEFA Europa League group stage
2011-12-01,UEFA,UEFA 2nd Division,2,2011–12,Vaslui,Lazio,0-0,D,Continental,Wikipedia,2011–12 UEFA Europa League group stage
2011-12-14,UEFA,UEFA 2nd Division,2,2011–12,Anderlecht,Lokomotiv Moscow,5-3,H,Continental,Wikipedia,2011–12 UEFA Europa League group stage
2011-12-14,UEFA,UEFA 2nd Division,2,2011–12,Beşiktaş,Stoke City,3-1,H,Continental,Wikipedia,2011–12 UEFA Europa League group stage
2011-12-14,UEFA,UEFA 2nd Division,2,2011–12,Dynamo Kyiv,Maccabi Tel Aviv,3-3,D,Continental,Wikipedia,2011–12 UEFA Europa League group stage
2011-12-14,UEFA,UEFA 2nd Division,2,2011–12,Fulham,Odense,2-2,D,Continental,Wikipedia,2011–12 UEFA Europa League group stage
2011-12-14,UEFA,UEFA 2nd Division,2,2011–12,Lazio,Sporting CP,2-0,H,Continental,Wikipedia,2011–12 UEFA Europa League group stage
2011-12-14,UEFA,UEFA 2nd Division,2,2011–12,Maccabi Haifa,Schalke 04,0-3,A,Continental,Wikipedia,2011–12 UEFA Europa League group stage
2011-12-14,UEFA,UEFA 2nd Division,2,2011–12,Paris Saint-Germain,Athletic Bilbao,4-2,H,Continental,Wikipedia,2011–12 UEFA Europa League group stage
2011-12-14,UEFA,UEFA 2nd Division,2,2011–12,Slovan Bratislava,Red Bull Salzburg,2-3,A,Continental,Wikipedia,2011–12 UEFA Europa League group stage
2011-12-14,UEFA,UEFA 2nd Division,2,2011–12,Steaua București,AEK Larnaca,3-1,H,Continental,Wikipedia,2011–12 UEFA Europa League group stage
2011-12-14,UEFA,UEFA 2nd Division,2,2011–12,Sturm Graz,AEK Athens,1-3,A,Continental,Wikipedia,2011–12 UEFA Europa League group stage
2011-12-14,UEFA,UEFA 2nd Division,2,2011–12,Wisła Kraków,Twente,2-1,H,Continental,Wikipedia,2011–12 UEFA Europa League group stage
2011-12-14,UEFA,UEFA 2nd Division,2,2011–12,Zürich,Vaslui,2-0,H,Continental,Wikipedia,2011–12 UEFA Europa League group stage
2011-12-15,UEFA,UEFA 2nd Division,2,2011–12,AZ,Metalist Kharkiv,1-1,D,Continental,Wikipedia,2011–12 UEFA Europa League group stage
2011-12-15,UEFA,UEFA 2nd Division,2,2011–12,Atlético Madrid,Rennes,3-1,H,Continental,Wikipedia,2011–12 UEFA Europa League group stage
2011-12-15,UEFA,UEFA 2nd Division,2,2011–12,Austria Wien,Malmö FF,2-0,H,Continental,Wikipedia,2011–12 UEFA Europa League group stage
2011-12-15,UEFA,UEFA 2nd Division,2,2011–12,Birmingham City,Maribor,1-0,H,Continental,Wikipedia,2011–12 UEFA Europa League group stage
2011-12-15,UEFA,UEFA 2nd Division,2,2011–12,Club Brugge,Braga,1-1,D,Continental,Wikipedia,2011–12 UEFA Europa League group stage
2011-12-15,UEFA,UEFA 2nd Division,2,2011–12,Copenhagen,Standard Liège,0-1,A,Continental,Wikipedia,2011–12 UEFA Europa League group stage
2011-12-15,UEFA,UEFA 2nd Division,2,2011–12,Hannover 96,Vorskla Poltava,3-1,H,Continental,Wikipedia,2011–12 UEFA Europa League group stage
2011-12-15,UEFA,UEFA 2nd Division,2,2011–12,Hapoel Tel Aviv,Legia Warsaw,2-0,H,Continental,Wikipedia,2011–12 UEFA Europa League group stage
2011-12-15,UEFA,UEFA 2nd Division,2,2011–12,PAOK,Rubin Kazan,1-1,D,Continental,Wikipedia,2011–12 UEFA Europa League group stage
2011-12-15,UEFA,UEFA 2nd Division,2,2011–12,PSV Eindhoven,Rapid București,2-1,H,Continental,Wikipedia,2011–12 UEFA Europa League group stage
2011-12-15,UEFA,UEFA 2nd Division,2,2011–12,Shamrock Rovers,Tottenham Hotspur,0-4,A,Continental,Wikipedia,2011–12 UEFA Europa League group stage
2011-12-15,UEFA,UEFA 2nd Division,2,2011–12,Udinese,Celtic,1-1,D,Continental,Wikipedia,2011–12 UEFA Europa League group stage
2012-02-14,UEFA,UEFA 2nd Division,2,2011–12,Braga,Beşiktaş,0-2,A,Continental,Wikipedia,2011–12 UEFA Europa League knockout phase
2012-02-14,UEFA,UEFA 2nd Division,2,2011–12,Rubin Kazan,Olympiacos,0-1,A,Continental,Wikipedia,2011–12 UEFA Europa League knockout phase
2012-02-16,UEFA,UEFA 2nd Division,2,2011–12,AZ,Anderlecht,1-0,H,Continental,Wikipedia,2011–12 UEFA Europa League knockout phase
2012-02-16,UEFA,UEFA 2nd Division,2,2011–12,Ajax,Manchester United,0-2,A,Continental,Wikipedia,2011–12 UEFA Europa League knockout phase
2012-02-16,UEFA,UEFA 2nd Division,2,2011–12,Hannover 96,Club Brugge,2-1,H,Continental,Wikipedia,2011–12 UEFA Europa League knockout phase
2012-02-16,UEFA,UEFA 2nd Division,2,2011–12,Lazio,Atlético Madrid,1-3,A,Continental,Wikipedia,2011–12 UEFA Europa League knockout phase
2012-02-16,UEFA,UEFA 2nd Division,2,2011–12,Legia Warsaw,Sporting CP,2-2,D,Continental,Wikipedia,2011–12 UEFA Europa League knockout phase
2012-02-16,UEFA,UEFA 2nd Division,2,2011–12,Lokomotiv Moscow,Athletic Bilbao,2-1,H,Continental,Wikipedia,2011–12 UEFA Europa League knockout phase
2012-02-16,UEFA,UEFA 2nd Division,2,2011–12,Porto,Manchester City,1-2,A,Continental,Wikipedia,2011–12 UEFA Europa League knockout phase
2012-02-16,UEFA,UEFA 2nd Division,2,2011–12,Red Bull Salzburg,Metalist Kharkiv,0-4,A,Continental,Wikipedia,2011–12 UEFA Europa League knockout phase
2012-02-16,UEFA,UEFA 2nd Division,2,2011–12,Steaua București,Twente,0-1,A,Continental,Wikipedia,2011–12 UEFA Europa League knockout phase
2012-02-16,UEFA,UEFA 2nd Division,2,2011–12,Stoke City,Valencia,0-1,A,Continental,Wikipedia,2011–12 UEFA Europa League knockout phase
2012-02-16,UEFA,UEFA 2nd Division,2,2011–12,Trabzonspor,PSV Eindhoven,1-2,A,Continental,Wikipedia,2011–12 UEFA Europa League knockout phase
2012-02-16,UEFA,UEFA 2nd Division,2,2011–12,Udinese,PAOK,0-0,D,Continental,Wikipedia,2011–12 UEFA Europa League knockout phase
2012-02-16,UEFA,UEFA 2nd Division,2,2011–12,Viktoria Plzeň,Schalke 04,1-1,D,Continental,Wikipedia,2011–12 UEFA Europa League knockout phase
2012-02-16,UEFA,UEFA 2nd Division,2,2011–12,Wisła Kraków,Standard Liège,1-1,D,Continental,Wikipedia,2011–12 UEFA Europa League knockout phase
2012-02-22,UEFA,UEFA 2nd Division,2,2011–12,Manchester City,Porto,4-0,H,Continental,Wikipedia,2011–12 UEFA Europa League knockout phase
2012-02-23,UEFA,UEFA 2nd Division,2,2011–12,Anderlecht,AZ,0-1,A,Continental,Wikipedia,2011–12 UEFA Europa League knockout phase
2012-02-23,UEFA,UEFA 2nd Division,2,2011–12,Athletic Bilbao,Lokomotiv Moscow,1-0,H,Continental,Wikipedia,2011–12 UEFA Europa League knockout phase
2012-02-23,UEFA,UEFA 2nd Division,2,2011–12,Atlético Madrid,Lazio,1-0,H,Continental,Wikipedia,2011–12 UEFA Europa League knockout phase
2012-02-23,UEFA,UEFA 2nd Division,2,2011–12,Beşiktaş,Braga,0-1,A,Continental,Wikipedia,2011–12 UEFA Europa League knockout phase
2012-02-23,UEFA,UEFA 2nd Division,2,2011–12,Club Brugge,Hannover 96,0-1,A,Continental,Wikipedia,2011–12 UEFA Europa League knockout phase
2012-02-23,UEFA,UEFA 2nd Division,2,2011–12,Manchester United,Ajax,1-2,A,Continental,Wikipedia,2011–12 UEFA Europa League knockout phase
2012-02-23,UEFA,UEFA 2nd Division,2,2011–12,Metalist Kharkiv,Red Bull Salzburg,4-1,H,Continental,Wikipedia,2011–12 UEFA Europa League knockout phase
2012-02-23,UEFA,UEFA 2nd Division,2,2011–12,Olympiacos,Rubin Kazan,1-0,H,Continental,Wikipedia,2011–12 UEFA Europa League knockout phase
2012-02-23,UEFA,UEFA 2nd Division,2,2011–12,PAOK,Udinese,0-3,A,Continental,Wikipedia,2011–12 UEFA Europa League knockout phase
2012-02-23,UEFA,UEFA 2nd Division,2,2011–12,PSV Eindhoven,Trabzonspor,4-1,H,Continental,Wikipedia,2011–12 UEFA Europa League knockout phase
2012-02-23,UEFA,UEFA 2nd Division,2,2011–12,Schalke 04,Viktoria Plzeň,3-1,H,Continental,Wikipedia,2011–12 UEFA Europa League knockout phase
2012-02-23,UEFA,UEFA 2nd Division,2,2011–12,Sporting CP,Legia Warsaw,1-0,H,Continental,Wikipedia,2011–12 UEFA Europa League knockout phase
2012-02-23,UEFA,UEFA 2nd Division,2,2011–12,Standard Liège,Wisła Kraków,0-0,D,Continental,Wikipedia,2011–12 UEFA Europa League knockout phase
2012-02-23,UEFA,UEFA 2nd Division,2,2011–12,Twente,Steaua București,1-0,H,Continental,Wikipedia,2011–12 UEFA Europa League knockout phase
2012-02-23,UEFA,UEFA 2nd Division,2,2011–12,Valencia,Stoke City,1-0,H,Continental,Wikipedia,2011–12 UEFA Europa League knockout phase
2012-03-08,UEFA,UEFA 2nd Division,2,2011–12,AZ,Udinese,2-0,H,Continental,Wikipedia,2011–12 UEFA Europa League knockout phase
2012-03-08,UEFA,UEFA 2nd Division,2,2011–12,Atlético Madrid,Beşiktaş,3-1,H,Continental,Wikipedia,2011–12 UEFA Europa League knockout phase
2012-03-08,UEFA,UEFA 2nd Division,2,2011–12,Manchester United,Athletic Bilbao,2-3,A,Continental,Wikipedia,2011–12 UEFA Europa League knockout phase
2012-03-08,UEFA,UEFA 2nd Division,2,2011–12,Metalist Kharkiv,Olympiacos,0-1,A,Continental,Wikipedia,2011–12 UEFA Europa League knockout phase
2012-03-08,UEFA,UEFA 2nd Division,2,2011–12,Sporting CP,Manchester City,1-0,H,Continental,Wikipedia,2011–12 UEFA Europa League knockout phase
2012-03-08,UEFA,UEFA 2nd Division,2,2011–12,Standard Liège,Hannover 96,2-2,D,Continental,Wikipedia,2011–12 UEFA Europa League knockout phase
2012-03-08,UEFA,UEFA 2nd Division,2,2011–12,Twente,Schalke 04,1-0,H,Continental,Wikipedia,2011–12 UEFA Europa League knockout phase
2012-03-08,UEFA,UEFA 2nd Division,2,2011–12,Valencia,PSV Eindhoven,4-2,H,Continental,Wikipedia,2011–12 UEFA Europa League knockout phase
2012-03-15,UEFA,UEFA 2nd Division,2,2011–12,Athletic Bilbao,Manchester United,2-1,H,Continental,Wikipedia,2011–12 UEFA Europa League knockout phase
2012-03-15,UEFA,UEFA 2nd Division,2,2011–12,Beşiktaş,Atlético Madrid,0-3,A,Continental,Wikipedia,2011–12 UEFA Europa League knockout phase
2012-03-15,UEFA,UEFA 2nd Division,2,2011–12,Hannover 96,Standard Liège,4-0,H,Continental,Wikipedia,2011–12 UEFA Europa League knockout phase
2012-03-15,UEFA,UEFA 2nd Division,2,2011–12,Manchester City,Sporting CP,3-2,H,Continental,Wikipedia,2011–12 UEFA Europa League knockout phase
2012-03-15,UEFA,UEFA 2nd Division,2,2011–12,Olympiacos,Metalist Kharkiv,1-2,A,Continental,Wikipedia,2011–12 UEFA Europa League knockout phase
2012-03-15,UEFA,UEFA 2nd Division,2,2011–12,PSV Eindhoven,Valencia,1-1,D,Continental,Wikipedia,2011–12 UEFA Europa League knockout phase
2012-03-15,UEFA,UEFA 2nd Division,2,2011–12,Schalke 04,Twente,4-1,H,Continental,Wikipedia,2011–12 UEFA Europa League knockout phase
2012-03-15,UEFA,UEFA 2nd Division,2,2011–12,Udinese,AZ,2-1,H,Continental,Wikipedia,2011–12 UEFA Europa League knockout phase
2012-03-29,UEFA,UEFA 2nd Division,2,2011–12,AZ,Valencia,2-1,H,Continental,Wikipedia,2011–12 UEFA Europa League knockout phase
2012-03-29,UEFA,UEFA 2nd Division,2,2011–12,Atlético Madrid,Hannover 96,2-1,H,Continental,Wikipedia,2011–12 UEFA Europa League knockout phase
2012-03-29,UEFA,UEFA 2nd Division,2,2011–12,Schalke 04,Athletic Bilbao,2-4,A,Continental,Wikipedia,2011–12 UEFA Europa League knockout phase
2012-03-29,UEFA,UEFA 2nd Division,2,2011–12,Sporting CP,Metalist Kharkiv,2-1,H,Continental,Wikipedia,2011–12 UEFA Europa League knockout phase
2012-04-05,UEFA,UEFA 2nd Division,2,2011–12,Athletic Bilbao,Schalke 04,2-2,D,Continental,Wikipedia,2011–12 UEFA Europa League knockout phase
2012-04-05,UEFA,UEFA 2nd Division,2,2011–12,Hannover 96,Atlético Madrid,1-2,A,Continental,Wikipedia,2011–12 UEFA Europa League knockout phase
2012-04-05,UEFA,UEFA 2nd Division,2,2011–12,Metalist Kharkiv,Sporting CP,1-1,D,Continental,Wikipedia,2011–12 UEFA Europa League knockout phase
2012-04-05,UEFA,UEFA 2nd Division,2,2011–12,Valencia,AZ,4-0,H,Continental,Wikipedia,2011–12 UEFA Europa League knockout phase
2012-04-19,UEFA,UEFA 2nd Division,2,2011–12,Atlético Madrid,Valencia,4-2,H,Continental,Wikipedia,2011–12 UEFA Europa League knockout phase
2012-04-19,UEFA,UEFA 2nd Division,2,2011–12,Sporting CP,Athletic Bilbao,2-1,H,Continental,Wikipedia,2011–12 UEFA Europa League knockout phase
2012-04-26,UEFA,UEFA 2nd Division,2,2011–12,Athletic Bilbao,Sporting CP,3-1,H,Continental,Wikipedia,2011–12 UEFA Europa League knockout phase
2012-04-26,UEFA,UEFA 2nd Division,2,2011–12,Valencia,Atlético Madrid,0-1,A,Continental,Wikipedia,2011–12 UEFA Europa League knockout phase
2012-09-20,UEFA,UEFA 2nd Division,2,2012–13,AEL Limassol,Borussia Mönchengladbach,0-0,D,Continental,Wikipedia,2012–13 UEFA Europa League group stage
2012-09-20,UEFA,UEFA 2nd Division,2,2012–13,Athletic Bilbao,Ironi Kiryat Shmona,1-1,D,Continental,Wikipedia,2012–13 UEFA Europa League group stage
2012-09-20,UEFA,UEFA 2nd Division,2,2012–13,Bayer Leverkusen,Metalist Kharkiv,0-0,D,Continental,Wikipedia,2012–13 UEFA Europa League group stage
2012-09-20,UEFA,UEFA 2nd Division,2,2012–13,Bordeaux,Club Brugge,4-0,H,Continental,Wikipedia,2012–13 UEFA Europa League group stage
2012-09-20,UEFA,UEFA 2nd Division,2,2012–13,Copenhagen,Molde,2-1,H,Continental,Wikipedia,2012–13 UEFA Europa League group stage
2012-09-20,UEFA,UEFA 2nd Division,2,2012–13,Dnipro Dnipropetrovsk,PSV Eindhoven,2-0,H,Continental,Wikipedia,2012–13 UEFA Europa League group stage
2012-09-20,UEFA,UEFA 2nd Division,2,2012–13,Fenerbahçe,Marseille,2-2,D,Continental,Wikipedia,2012–13 UEFA Europa League group stage
2012-09-20,UEFA,UEFA 2nd Division,2,2012–13,Genk,Videoton,3-0,H,Continental,Wikipedia,2012–13 UEFA Europa League group stage
2012-09-20,UEFA,UEFA 2nd Division,2,2012–13,Hapoel Tel Aviv,Atlético Madrid,0-3,A,Continental,Wikipedia,2012–13 UEFA Europa League group stage
2012-09-20,UEFA,UEFA 2nd Division,2,2012–13,Internazionale,Rubin Kazan,2-2,D,Continental,Wikipedia,2012–13 UEFA Europa League group stage
2012-09-20,UEFA,UEFA 2nd Division,2,2012–13,Levante,Helsingborgs IF,1-0,H,Continental,Wikipedia,2012–13 UEFA Europa League group stage
2012-09-20,UEFA,UEFA 2nd Division,2,2012–13,Lyon,Sparta Prague,2-1,H,Continental,Wikipedia,2012–13 UEFA Europa League group stage
2012-09-20,UEFA,UEFA 2nd Division,2,2012–13,Maribor,Panathinaikos,3-0,H,Continental,Wikipedia,2012–13 UEFA Europa League group stage
2012-09-20,UEFA,UEFA 2nd Division,2,2012–13,Marítimo,Newcastle United,0-0,D,Continental,Wikipedia,2012–13 UEFA Europa League group stage
2012-09-20,UEFA,UEFA 2nd Division,2,2012–13,Napoli,AIK,4-0,H,Continental,Wikipedia,2012–13 UEFA Europa League group stage
2012-09-20,UEFA,UEFA 2nd Division,2,2012–13,Partizan,Neftçi,0-0,D,Continental,Wikipedia,2012–13 UEFA Europa League group stage
2012-09-20,UEFA,UEFA 2nd Division,2,2012–13,Rapid Wien,Rosenborg,1-2,A,Continental,Wikipedia,2012–13 UEFA Europa League group stage
2012-09-20,UEFA,UEFA 2nd Division,2,2012–13,Sporting CP,Basel,0-0,D,Continental,Wikipedia,2012–13 UEFA Europa League group stage
2012-09-20,UEFA,UEFA 2nd Division,2,2012–13,Tottenham Hotspur,Lazio,0-0,D,Continental,Wikipedia,2012–13 UEFA Europa League group stage
2012-09-20,UEFA,UEFA 2nd Division,2,2012–13,Twente,Hannover 96,2-2,D,Continental,Wikipedia,2012–13 UEFA Europa League group stage
2012-09-20,UEFA,UEFA 2nd Division,2,2012–13,Udinese,Anzhi Makhachkala,1-1,D,Continental,Wikipedia,2012–13 UEFA Europa League group stage
2012-09-20,UEFA,UEFA 2nd Division,2,2012–13,VfB Stuttgart,Steaua București,2-2,D,Continental,Wikipedia,2012–13 UEFA Europa League group stage
2012-09-20,UEFA,UEFA 2nd Division,2,2012–13,Viktoria Plzeň,Académica,3-1,H,Continental,Wikipedia,2012–13 UEFA Europa League group stage
2012-09-20,UEFA,UEFA 2nd Division,2,2012–13,Young Boys,Liverpool,3-5,A,Continental,Wikipedia,2012–13 UEFA Europa League group stage
2012-10-04,UEFA,UEFA 2nd Division,2,2012–13,AIK,Dnipro Dnipropetrovsk,2-3,A,Continental,Wikipedia,2012–13 UEFA Europa League group stage
2012-10-04,UEFA,UEFA 2nd Division,2,2012–13,Académica,Hapoel Tel Aviv,1-1,D,Continental,Wikipedia,2012–13 UEFA Europa League group stage
2012-10-04,UEFA,UEFA 2nd Division,2,2012–13,Anzhi Makhachkala,Young Boys,2-0,H,Continental,Wikipedia,2012–13 UEFA Europa League group stage
2012-10-04,UEFA,UEFA 2nd Division,2,2012–13,Atlético Madrid,Viktoria Plzeň,1-0,H,Continental,Wikipedia,2012–13 UEFA Europa League group stage
2012-10-04,UEFA,UEFA 2nd Division,2,2012–13,Basel,Genk,2-2,D,Continental,Wikipedia,2012–13 UEFA Europa League group stage
2012-10-04,UEFA,UEFA 2nd Division,2,2012–13,Borussia Mönchengladbach,Fenerbahçe,2-4,A,Continental,Wikipedia,2012–13 UEFA Europa League group stage
2012-10-04,UEFA,UEFA 2nd Division,2,2012–13,Club Brugge,Marítimo,2-0,H,Continental,Wikipedia,2012–13 UEFA Europa League group stage
2012-10-04,UEFA,UEFA 2nd Division,2,2012–13,Hannover 96,Levante,2-1,H,Continental,Wikipedia,2012–13 UEFA Europa League group stage
2012-10-04,UEFA,UEFA 2nd Division,2,2012–13,Helsingborgs IF,Twente,2-2,D,Continental,Wikipedia,2012–13 UEFA Europa League group stage
2012-10-04,UEFA,UEFA 2nd Division,2,2012–13,Ironi Kiryat Shmona,Lyon,3-4,A,Continental,Wikipedia,2012–13 UEFA Europa League group stage
2012-10-04,UEFA,UEFA 2nd Division,2,2012–13,Lazio,Maribor,1-0,H,Continental,Wikipedia,2012–13 UEFA Europa League group stage
2012-10-04,UEFA,UEFA 2nd Division,2,2012–13,Liverpool,Udinese,2-3,A,Continental,Wikipedia,2012–13 UEFA Europa League group stage
2012-10-04,UEFA,UEFA 2nd Division,2,2012–13,Marseille,AEL Limassol,5-1,H,Continental,Wikipedia,2012–13 UEFA Europa League group stage
2012-10-04,UEFA,UEFA 2nd Division,2,2012–13,Metalist Kharkiv,Rapid Wien,2-0,H,Continental,Wikipedia,2012–13 UEFA Europa League group stage
2012-10-04,UEFA,UEFA 2nd Division,2,2012–13,Molde,VfB Stuttgart,2-0,H,Continental,Wikipedia,2012–13 UEFA Europa League group stage
2012-10-04,UEFA,UEFA 2nd Division,2,2012–13,Neftçi,Internazionale,1-3,A,Continental,Wikipedia,2012–13 UEFA Europa League group stage
2012-10-04,UEFA,UEFA 2nd Division,2,2012–13,Newcastle United,Bordeaux,3-0,H,Continental,Wikipedia,2012–13 UEFA Europa League group stage
2012-10-04,UEFA,UEFA 2nd Division,2,2012–13,PSV Eindhoven,Napoli,3-0,H,Continental,Wikipedia,2012–13 UEFA Europa League group stage
2012-10-04,UEFA,UEFA 2nd Division,2,2012–13,Panathinaikos,Tottenham Hotspur,1-1,D,Continental,Wikipedia,2012–13 UEFA Europa League group stage
2012-10-04,UEFA,UEFA 2nd Division,2,2012–13,Rosenborg,Bayer Leverkusen,0-1,A,Continental,Wikipedia,2012–13 UEFA Europa League group stage
2012-10-04,UEFA,UEFA 2nd Division,2,2012–13,Rubin Kazan,Partizan,2-0,H,Continental,Wikipedia,2012–13 UEFA Europa League group stage
2012-10-04,UEFA,UEFA 2nd Division,2,2012–13,Sparta Prague,Athletic Bilbao,3-1,H,Continental,Wikipedia,2012–13 UEFA Europa League group stage
2012-10-04,UEFA,UEFA 2nd Division,2,2012–13,Steaua București,Copenhagen,1-0,H,Continental,Wikipedia,2012–13 UEFA Europa League group stage
2012-10-04,UEFA,UEFA 2nd Division,2,2012–13,Videoton,Sporting CP,3-0,H,Continental,Wikipedia,2012–13 UEFA Europa League group stage
2012-10-25,UEFA,UEFA 2nd Division,2,2012–13,AEL Limassol,Fenerbahçe,0-1,A,Continental,Wikipedia,2012–13 UEFA Europa League group stage
2012-10-25,UEFA,UEFA 2nd Division,2,2012–13,Atlético Madrid,Académica,2-1,H,Continental,Wikipedia,2012–13 UEFA Europa League group stage
2012-10-25,UEFA,UEFA 2nd Division,2,2012–13,Borussia Mönchengladbach,Marseille,2-0,H,Continental,Wikipedia,2012–13 UEFA Europa League group stage
2012-10-25,UEFA,UEFA 2nd Division,2,2012–13,Dnipro Dnipropetrovsk,Napoli,3-1,H,Continental,Wikipedia,2012–13 UEFA Europa League group stage
2012-10-25,UEFA,UEFA 2nd Division,2,2012–13,Genk,Sporting CP,2-1,H,Continental,Wikipedia,2012–13 UEFA Europa League group stage
2012-10-25,UEFA,UEFA 2nd Division,2,2012–13,Hapoel Tel Aviv,Viktoria Plzeň,1-2,A,Continental,Wikipedia,2012–13 UEFA Europa League group stage
2012-10-25,UEFA,UEFA 2nd Division,2,2012–13,Helsingborgs IF,Hannover 96,1-2,A,Continental,Wikipedia,2012–13 UEFA Europa League group stage
2012-10-25,UEFA,UEFA 2nd Division,2,2012–13,Internazionale,Partizan,1-0,H,Continental,Wikipedia,2012–13 UEFA Europa League group stage
2012-10-25,UEFA,UEFA 2nd Division,2,2012–13,Levante,Twente,3-0,H,Continental,Wikipedia,2012–13 UEFA Europa League group stage
2012-10-25,UEFA,UEFA 2nd Division,2,2012–13,Liverpool,Anzhi Makhachkala,1-0,H,Continental,Wikipedia,2012–13 UEFA Europa League group stage
2012-10-25,UEFA,UEFA 2nd Division,2,2012–13,Lyon,Athletic Bilbao,2-1,H,Continental,Wikipedia,2012–13 UEFA Europa League group stage
2012-10-25,UEFA,UEFA 2nd Division,2,2012–13,Maribor,Tottenham Hotspur,1-1,D,Continental,Wikipedia,2012–13 UEFA Europa League group stage
2012-10-25,UEFA,UEFA 2nd Division,2,2012–13,Marítimo,Bordeaux,1-1,D,Continental,Wikipedia,2012–13 UEFA Europa League group stage
2012-10-25,UEFA,UEFA 2nd Division,2,2012–13,Newcastle United,Club Brugge,1-0,H,Continental,Wikipedia,2012–13 UEFA Europa League group stage
2012-10-25,UEFA,UEFA 2nd Division,2,2012–13,PSV Eindhoven,AIK,1-1,D,Continental,Wikipedia,2012–13 UEFA Europa League group stage
2012-10-25,UEFA,UEFA 2nd Division,2,2012–13,Panathinaikos,Lazio,1-1,D,Continental,Wikipedia,2012–13 UEFA Europa League group stage
2012-10-25,UEFA,UEFA 2nd Division,2,2012–13,Rapid Wien,Bayer Leverkusen,0-4,A,Continental,Wikipedia,2012–13 UEFA Europa League group stage
2012-10-25,UEFA,UEFA 2nd Division,2,2012–13,Rosenborg,Metalist Kharkiv,1-2,A,Continental,Wikipedia,2012–13 UEFA Europa League group stage
2012-10-25,UEFA,UEFA 2nd Division,2,2012–13,Rubin Kazan,Neftçi,1-0,H,Continental,Wikipedia,2012–13 UEFA Europa League group stage
2012-10-25,UEFA,UEFA 2nd Division,2,2012–13,Sparta Prague,Ironi Kiryat Shmona,3-1,H,Continental,Wikipedia,2012–13 UEFA Europa League group stage
2012-10-25,UEFA,UEFA 2nd Division,2,2012–13,Steaua București,Molde,2-0,H,Continental,Wikipedia,2012–13 UEFA Europa League group stage
2012-10-25,UEFA,UEFA 2nd Division,2,2012–13,VfB Stuttgart,Copenhagen,0-0,D,Continental,Wikipedia,2012–13 UEFA Europa League group stage
2012-10-25,UEFA,UEFA 2nd Division,2,2012–13,Videoton,Basel,2-1,H,Continental,Wikipedia,2012–13 UEFA Europa League group stage
2012-10-25,UEFA,UEFA 2nd Division,2,2012–13,Young Boys,Udinese,3-1,H,Continental,Wikipedia,2012–13 UEFA Europa League group stage
2012-11-08,UEFA,UEFA 2nd Division,2,2012–13,AIK,PSV Eindhoven,1-0,H,Continental,Wikipedia,2012–13 UEFA Europa League group stage
2012-11-08,UEFA,UEFA 2nd Division,2,2012–13,Académica,Atlético Madrid,2-0,H,Continental,Wikipedia,2012–13 UEFA Europa League group stage
2012-11-08,UEFA,UEFA 2nd Division,2,2012–13,Anzhi Makhachkala,Liverpool,1-0,H,Continental,Wikipedia,2012–13 UEFA Europa League group stage
2012-11-08,UEFA,UEFA 2nd Division,2,2012–13,Athletic Bilbao,Lyon,2-3,A,Continental,Wikipedia,2012–13 UEFA Europa League group stage
2012-11-08,UEFA,UEFA 2nd Division,2,2012–13,Basel,Videoton,1-0,H,Continental,Wikipedia,2012–13 UEFA Europa League group stage
2012-11-08,UEFA,UEFA 2nd Division,2,2012–13,Bayer Leverkusen,Rapid Wien,3-0,H,Continental,Wikipedia,2012–13 UEFA Europa League group stage
2012-11-08,UEFA,UEFA 2nd Division,2,2012–13,Bordeaux,Marítimo,1-0,H,Continental,Wikipedia,2012–13 UEFA Europa League group stage
2012-11-08,UEFA,UEFA 2nd Division,2,2012–13,Club Brugge,Newcastle United,2-2,D,Continental,Wikipedia,2012–13 UEFA Europa League group stage
2012-11-08,UEFA,UEFA 2nd Division,2,2012–13,Copenhagen,VfB Stuttgart,0-2,A,Continental,Wikipedia,2012–13 UEFA Europa League group stage
2012-11-08,UEFA,UEFA 2nd Division,2,2012–13,Fenerbahçe,AEL Limassol,2-0,H,Continental,Wikipedia,2012–13 UEFA Europa League group stage
2012-11-08,UEFA,UEFA 2nd Division,2,2012–13,Hannover 96,Helsingborgs IF,3-2,H,Continental,Wikipedia,2012–13 UEFA Europa League group stage
2012-11-08,UEFA,UEFA 2nd Division,2,2012–13,Ironi Kiryat Shmona,Sparta Prague,1-1,D,Continental,Wikipedia,2012–13 UEFA Europa League group stage
2012-11-08,UEFA,UEFA 2nd Division,2,2012–13,Lazio,Panathinaikos,3-0,H,Continental,Wikipedia,2012–13 UEFA Europa League group stage
2012-11-08,UEFA,UEFA 2nd Division,2,2012–13,Marseille,Borussia Mönchengladbach,2-2,D,Continental,Wikipedia,2012–13 UEFA Europa League group stage
2012-11-08,UEFA,UEFA 2nd Division,2,2012–13,Metalist Kharkiv,Rosenborg,3-1,H,Continental,Wikipedia,2012–13 UEFA Europa League group stage
2012-11-08,UEFA,UEFA 2nd Division,2,2012–13,Molde,Steaua București,1-2,A,Continental,Wikipedia,2012–13 UEFA Europa League group stage
2012-11-08,UEFA,UEFA 2nd Division,2,2012–13,Napoli,Dnipro Dnipropetrovsk,4-2,H,Continental,Wikipedia,2012–13 UEFA Europa League group stage
2012-11-08,UEFA,UEFA 2nd Division,2,2012–13,Neftçi,Rubin Kazan,0-1,A,Continental,Wikipedia,2012–13 UEFA Europa League group stage
2012-11-08,UEFA,UEFA 2nd Division,2,2012–13,Partizan,Internazionale,1-3,A,Continental,Wikipedia,2012–13 UEFA Europa League group stage
2012-11-08,UEFA,UEFA 2nd Division,2,2012–13,Sporting CP,Genk,1-1,D,Continental,Wikipedia,2012–13 UEFA Europa League group stage
2012-11-08,UEFA,UEFA 2nd Division,2,2012–13,Tottenham Hotspur,Maribor,3-1,H,Continental,Wikipedia,2012–13 UEFA Europa League group stage
2012-11-08,UEFA,UEFA 2nd Division,2,2012–13,Twente,Levante,0-0,D,Continental,Wikipedia,2012–13 UEFA Europa League group stage
2012-11-08,UEFA,UEFA 2nd Division,2,2012–13,Udinese,Young Boys,2-3,A,Continental,Wikipedia,2012–13 UEFA Europa League group stage
2012-11-08,UEFA,UEFA 2nd Division,2,2012–13,Viktoria Plzeň,Hapoel Tel Aviv,4-0,H,Continental,Wikipedia,2012–13 UEFA Europa League group stage
2012-11-22,UEFA,UEFA 2nd Division,2,2012–13,AIK,Napoli,1-2,A,Continental,Wikipedia,2012–13 UEFA Europa League group stage
2012-11-22,UEFA,UEFA 2nd Division,2,2012–13,Académica,Viktoria Plzeň,1-1,D,Continental,Wikipedia,2012–13 UEFA Europa League group stage
2012-11-22,UEFA,UEFA 2nd Division,2,2012–13,Anzhi Makhachkala,Udinese,2-0,H,Continental,Wikipedia,2012–13 UEFA Europa League group stage
2012-11-22,UEFA,UEFA 2nd Division,2,2012–13,Atlético Madrid,Hapoel Tel Aviv,1-0,H,Continental,Wikipedia,2012–13 UEFA Europa League group stage
2012-11-22,UEFA,UEFA 2nd Division,2,2012–13,Basel,Sporting CP,3-0,H,Continental,Wikipedia,2012–13 UEFA Europa League group stage
2012-11-22,UEFA,UEFA 2nd Division,2,2012–13,Borussia Mönchengladbach,AEL Limassol,2-0,H,Continental,Wikipedia,2012–13 UEFA Europa League group stage
2012-11-22,UEFA,UEFA 2nd Division,2,2012–13,Club Brugge,Bordeaux,1-2,A,Continental,Wikipedia,2012–13 UEFA Europa League group stage
2012-11-22,UEFA,UEFA 2nd Division,2,2012–13,Hannover 96,Twente,0-0,D,Continental,Wikipedia,2012–13 UEFA Europa League group stage
2012-11-22,UEFA,UEFA 2nd Division,2,2012–13,Helsingborgs IF,Levante,1-3,A,Continental,Wikipedia,2012–13 UEFA Europa League group stage
2012-11-22,UEFA,UEFA 2nd Division,2,2012–13,Lazio,Tottenham Hotspur,0-0,D,Continental,Wikipedia,2012–13 UEFA Europa League group stage
2012-11-22,UEFA,UEFA 2nd Division,2,2012–13,Liverpool,Young Boys,2-2,D,Continental,Wikipedia,2012–13 UEFA Europa League group stage
2012-11-22,UEFA,UEFA 2nd Division,2,2012–13,Marseille,Fenerbahçe,0-1,A,Continental,Wikipedia,2012–13 UEFA Europa League group stage
2012-11-22,UEFA,UEFA 2nd Division,2,2012–13,Metalist Kharkiv,Bayer Leverkusen,2-0,H,Continental,Wikipedia,2012–13 UEFA Europa League group stage
2012-11-22,UEFA,UEFA 2nd Division,2,2012–13,Molde,Copenhagen,1-2,A,Continental,Wikipedia,2012–13 UEFA Europa League group stage
2012-11-22,UEFA,UEFA 2nd Division,2,2012–13,Neftçi,Partizan,1-1,D,Continental,Wikipedia,2012–13 UEFA Europa League group stage
2012-11-22,UEFA,UEFA 2nd Division,2,2012–13,Newcastle United,Marítimo,1-1,D,Continental,Wikipedia,2012–13 UEFA Europa League group stage
2012-11-22,UEFA,UEFA 2nd Division,2,2012–13,PSV Eindhoven,Dnipro Dnipropetrovsk,1-2,A,Continental,Wikipedia,2012–13 UEFA Europa League group stage
2012-11-22,UEFA,UEFA 2nd Division,2,2012–13,Panathinaikos,Maribor,1-0,H,Continental,Wikipedia,2012–13 UEFA Europa League group stage
2012-11-22,UEFA,UEFA 2nd Division,2,2012–13,Rosenborg,Rapid Wien,3-2,H,Continental,Wikipedia,2012–13 UEFA Europa League group stage
2012-11-22,UEFA,UEFA 2nd Division,2,2012–13,Rubin Kazan,Internazionale,3-0,H,Continental,Wikipedia,2012–13 UEFA Europa League group stage
2012-11-22,UEFA,UEFA 2nd Division,2,2012–13,Sparta Prague,Lyon,1-1,D,Continental,Wikipedia,2012–13 UEFA Europa League group stage
2012-11-22,UEFA,UEFA 2nd Division,2,2012–13,Steaua București,VfB Stuttgart,1-5,A,Continental,Wikipedia,2012–13 UEFA Europa League group stage
2012-11-22,UEFA,UEFA 2nd Division,2,2012–13,Videoton,Genk,0-1,A,Continental,Wikipedia,2012–13 UEFA Europa League group stage
2012-11-28,UEFA,UEFA 2nd Division,2,2012–13,Ironi Kiryat Shmona,Athletic Bilbao,0-2,A,Continental,Wikipedia,2012–13 UEFA Europa League group stage
2012-12-06,UEFA,UEFA 2nd Division,2,2012–13,AEL Limassol,Marseille,3-0,H,Continental,Wikipedia,2012–13 UEFA Europa League group stage
2012-12-06,UEFA,UEFA 2nd Division,2,2012–13,Athletic Bilbao,Sparta Prague,0-0,D,Continental,Wikipedia,2012–13 UEFA Europa League group stage
2012-12-06,UEFA,UEFA 2nd Division,2,2012–13,Bayer Leverkusen,Rosenborg,1-0,H,Continental,Wikipedia,2012–13 UEFA Europa League group stage
2012-12-06,UEFA,UEFA 2nd Division,2,2012–13,Bordeaux,Newcastle United,2-0,H,Continental,Wikipedia,2012–13 UEFA Europa League group stage
2012-12-06,UEFA,UEFA 2nd Division,2,2012–13,Copenhagen,Steaua București,1-1,D,Continental,Wikipedia,2012–13 UEFA Europa League group stage
2012-12-06,UEFA,UEFA 2nd Division,2,2012–13,Dnipro Dnipropetrovsk,AIK,4-0,H,Continental,Wikipedia,2012–13 UEFA Europa League group stage
2012-12-06,UEFA,UEFA 2nd Division,2,2012–13,Fenerbahçe,Borussia Mönchengladbach,0-3,A,Continental,Wikipedia,2012–13 UEFA Europa League group stage
2012-12-06,UEFA,UEFA 2nd Division,2,2012–13,Genk,Basel,0-0,D,Continental,Wikipedia,2012–13 UEFA Europa League group stage
2012-12-06,UEFA,UEFA 2nd Division,2,2012–13,Hapoel Tel Aviv,Académica,2-0,H,Continental,Wikipedia,2012–13 UEFA Europa League group stage
2012-12-06,UEFA,UEFA 2nd Division,2,2012–13,Internazionale,Neftçi,2-2,D,Continental,Wikipedia,2012–13 UEFA Europa League group stage
2012-12-06,UEFA,UEFA 2nd Division,2,2012–13,Levante,Hannover 96,2-2,D,Continental,Wikipedia,2012–13 UEFA Europa League group stage
2012-12-06,UEFA,UEFA 2nd Division,2,2012–13,Lyon,Ironi Kiryat Shmona,2-0,H,Continental,Wikipedia,2012–13 UEFA Europa League group stage
2012-12-06,UEFA,UEFA 2nd Division,2,2012–13,Maribor,Lazio,1-4,A,Continental,Wikipedia,2012–13 UEFA Europa League group stage
2012-12-06,UEFA,UEFA 2nd Division,2,2012–13,Marítimo,Club Brugge,2-1,H,Continental,Wikipedia,2012–13 UEFA Europa League group stage
2012-12-06,UEFA,UEFA 2nd Division,2,2012–13,Napoli,PSV Eindhoven,1-3,A,Continental,Wikipedia,2012–13 UEFA Europa League group stage
2012-12-06,UEFA,UEFA 2nd Division,2,2012–13,Partizan,Rubin Kazan,1-1,D,Continental,Wikipedia,2012–13 UEFA Europa League group stage
2012-12-06,UEFA,UEFA 2nd Division,2,2012–13,Rapid Wien,Metalist Kharkiv,1-0,H,Continental,Wikipedia,2012–13 UEFA Europa League group stage
2012-12-06,UEFA,UEFA 2nd Division,2,2012–13,Tottenham Hotspur,Panathinaikos,3-1,H,Continental,Wikipedia,2012–13 UEFA Europa League group stage
2012-12-06,UEFA,UEFA 2nd Division,2,2012–13,Twente,Helsingborgs IF,1-3,A,Continental,Wikipedia,2012–13 UEFA Europa League group stage
2012-12-06,UEFA,UEFA 2nd Division,2,2012–13,Udinese,Liverpool,0-1,A,Continental,Wikipedia,2012–13 UEFA Europa League group stage
2012-12-06,UEFA,UEFA 2nd Division,2,2012–13,VfB Stuttgart,Molde,0-1,A,Continental,Wikipedia,2012–13 UEFA Europa League group stage
2012-12-06,UEFA,UEFA 2nd Division,2,2012–13,Viktoria Plzeň,Atlético Madrid,1-0,H,Continental,Wikipedia,2012–13 UEFA Europa League group stage
2012-12-06,UEFA,UEFA 2nd Division,2,2012–13,Young Boys,Anzhi Makhachkala,3-1,H,Continental,Wikipedia,2012–13 UEFA Europa League group stage
2012-12-07,UEFA,UEFA 2nd Division,2,2012–13,Sporting CP,Videoton,2-1,H,Continental,Wikipedia,2012–13 UEFA Europa League group stage
2013-02-14,UEFA,UEFA 2nd Division,2,2012–13,Ajax,Steaua București,2-0,H,Continental,Wikipedia,2012–13 UEFA Europa League knockout phase
2013-02-14,UEFA,UEFA 2nd Division,2,2012–13,Anzhi Makhachkala,Hannover 96,3-1,H,Continental,Wikipedia,2012–13 UEFA Europa League knockout phase
2013-02-14,UEFA,UEFA 2nd Division,2,2012–13,Atlético Madrid,Rubin Kazan,0-2,A,Continental,Wikipedia,2012–13 UEFA Europa League knockout phase
2013-02-14,UEFA,UEFA 2nd Division,2,2012–13,BATE Borisov,Fenerbahçe,0-0,D,Continental,Wikipedia,2012–13 UEFA Europa League knockout phase
2013-02-14,UEFA,UEFA 2nd Division,2,2012–13,Basel,Dnipro Dnipropetrovsk,2-0,H,Continental,Wikipedia,2012–13 UEFA Europa League knockout phase
2013-02-14,UEFA,UEFA 2nd Division,2,2012–13,Bayer Leverkusen,Benfica,0-1,A,Continental,Wikipedia,2012–13 UEFA Europa League knockout phase
2013-02-14,UEFA,UEFA 2nd Division,2,2012–13,Borussia Mönchengladbach,Lazio,3-3,D,Continental,Wikipedia,2012–13 UEFA Europa League knockout phase
2013-02-14,UEFA,UEFA 2nd Division,2,2012–13,Dynamo Kyiv,Bordeaux,1-1,D,Continental,Wikipedia,2012–13 UEFA Europa League knockout phase
2013-02-14,UEFA,UEFA 2nd Division,2,2012–13,Internazionale,CFR Cluj,2-0,H,Continental,Wikipedia,2012–13 UEFA Europa League knockout phase
2013-02-14,UEFA,UEFA 2nd Division,2,2012–13,Levante,Olympiacos,3-0,H,Continental,Wikipedia,2012–13 UEFA Europa League knockout phase
2013-02-14,UEFA,UEFA 2nd Division,2,2012–13,Napoli,Viktoria Plzeň,0-3,A,Continental,Wikipedia,2012–13 UEFA Europa League knockout phase
2013-02-14,UEFA,UEFA 2nd Division,2,2012–13,Newcastle United,Metalist Kharkiv,0-0,D,Continental,Wikipedia,2012–13 UEFA Europa League knockout phase
2013-02-14,UEFA,UEFA 2nd Division,2,2012–13,Sparta Prague,Chelsea,0-1,A,Continental,Wikipedia,2012–13 UEFA Europa League knockout phase
2013-02-14,UEFA,UEFA 2nd Division,2,2012–13,Tottenham Hotspur,Lyon,2-1,H,Continental,Wikipedia,2012–13 UEFA Europa League knockout phase
2013-02-14,UEFA,UEFA 2nd Division,2,2012–13,VfB Stuttgart,Genk,1-1,D,Continental,Wikipedia,2012–13 UEFA Europa League knockout phase
2013-02-14,UEFA,UEFA 2nd Division,2,2012–13,Zenit Saint Petersburg,Liverpool,2-0,H,Continental,Wikipedia,2012–13 UEFA Europa League knockout phase
2013-02-21,UEFA,UEFA 2nd Division,2,2012–13,Benfica,Bayer Leverkusen,2-1,H,Continental,Wikipedia,2012–13 UEFA Europa League knockout phase
2013-02-21,UEFA,UEFA 2nd Division,2,2012–13,Bordeaux,Dynamo Kyiv,1-0,H,Continental,Wikipedia,2012–13 UEFA Europa League knockout phase
2013-02-21,UEFA,UEFA 2nd Division,2,2012–13,CFR Cluj,Internazionale,0-3,A,Continental,Wikipedia,2012–13 UEFA Europa League knockout phase
2013-02-21,UEFA,UEFA 2nd Division,2,2012–13,Chelsea,Sparta Prague,1-1,D,Continental,Wikipedia,2012–13 UEFA Europa League knockout phase
2013-02-21,UEFA,UEFA 2nd Division,2,2012–13,Dnipro Dnipropetrovsk,Basel,1-1,D,Continental,Wikipedia,2012–13 UEFA Europa League knockout phase
2013-02-21,UEFA,UEFA 2nd Division,2,2012–13,Fenerbahçe,BATE Borisov,1-0,H,Continental,Wikipedia,2012–13 UEFA Europa League knockout phase
2013-02-21,UEFA,UEFA 2nd Division,2,2012–13,Genk,VfB Stuttgart,0-2,A,Continental,Wikipedia,2012–13 UEFA Europa League knockout phase
2013-02-21,UEFA,UEFA 2nd Division,2,2012–13,Hannover 96,Anzhi Makhachkala,1-1,D,Continental,Wikipedia,2012–13 UEFA Europa League knockout phase
2013-02-21,UEFA,UEFA 2nd Division,2,2012–13,Lazio,Borussia Mönchengladbach,2-0,H,Continental,Wikipedia,2012–13 UEFA Europa League knockout phase
2013-02-21,UEFA,UEFA 2nd Division,2,2012–13,Liverpool,Zenit Saint Petersburg,3-1,H,Continental,Wikipedia,2012–13 UEFA Europa League knockout phase
2013-02-21,UEFA,UEFA 2nd Division,2,2012–13,Lyon,Tottenham Hotspur,1-1,D,Continental,Wikipedia,2012–13 UEFA Europa League knockout phase
2013-02-21,UEFA,UEFA 2nd Division,2,2012–13,Metalist Kharkiv,Newcastle United,0-1,A,Continental,Wikipedia,2012–13 UEFA Europa League knockout phase
2013-02-21,UEFA,UEFA 2nd Division,2,2012–13,Olympiacos,Levante,0-1,A,Continental,Wikipedia,2012–13 UEFA Europa League knockout phase
2013-02-21,UEFA,UEFA 2nd Division,2,2012–13,Rubin Kazan,Atlético Madrid,0-1,A,Continental,Wikipedia,2012–13 UEFA Europa League knockout phase
2013-02-21,UEFA,UEFA 2nd Division,2,2012–13,Steaua București,Ajax,2-0,H,Continental,Wikipedia,2012–13 UEFA Europa League knockout phase
2013-02-21,UEFA,UEFA 2nd Division,2,2012–13,Viktoria Plzeň,Napoli,2-0,H,Continental,Wikipedia,2012–13 UEFA Europa League knockout phase
2013-03-07,UEFA,UEFA 2nd Division,2,2012–13,Anzhi Makhachkala,Newcastle United,0-0,D,Continental,Wikipedia,2012–13 UEFA Europa League knockout phase
2013-03-07,UEFA,UEFA 2nd Division,2,2012–13,Basel,Zenit Saint Petersburg,2-0,H,Continental,Wikipedia,2012–13 UEFA Europa League knockout phase
2013-03-07,UEFA,UEFA 2nd Division,2,2012–13,Benfica,Bordeaux,1-0,H,Continental,Wikipedia,2012–13 UEFA Europa League knockout phase
2013-03-07,UEFA,UEFA 2nd Division,2,2012–13,Levante,Rubin Kazan,0-0,D,Continental,Wikipedia,2012–13 UEFA Europa League knockout phase
2013-03-07,UEFA,UEFA 2nd Division,2,2012–13,Steaua București,Chelsea,1-0,H,Continental,Wikipedia,2012–13 UEFA Europa League knockout phase
2013-03-07,UEFA,UEFA 2nd Division,2,2012–13,Tottenham Hotspur,Internazionale,3-0,H,Continental,Wikipedia,2012–13 UEFA Europa League knockout phase
2013-03-07,UEFA,UEFA 2nd Division,2,2012–13,VfB Stuttgart,Lazio,0-2,A,Continental,Wikipedia,2012–13 UEFA Europa League knockout phase
2013-03-07,UEFA,UEFA 2nd Division,2,2012–13,Viktoria Plzeň,Fenerbahçe,0-1,A,Continental,Wikipedia,2012–13 UEFA Europa League knockout phase
2013-03-14,UEFA,UEFA 2nd Division,2,2012–13,Bordeaux,Benfica,2-3,A,Continental,Wikipedia,2012–13 UEFA Europa League knockout phase
2013-03-14,UEFA,UEFA 2nd Division,2,2012–13,Chelsea,Steaua București,3-1,H,Continental,Wikipedia,2012–13 UEFA Europa League knockout phase
2013-03-14,UEFA,UEFA 2nd Division,2,2012–13,Fenerbahçe,Viktoria Plzeň,1-1,D,Continental,Wikipedia,2012–13 UEFA Europa League knockout phase
2013-03-14,UEFA,UEFA 2nd Division,2,2012–13,Internazionale,Tottenham Hotspur,4-1,H,Continental,Wikipedia,2012–13 UEFA Europa League knockout phase
2013-03-14,UEFA,UEFA 2nd Division,2,2012–13,Lazio,VfB Stuttgart,3-1,H,Continental,Wikipedia,2012–13 UEFA Europa League knockout phase
2013-03-14,UEFA,UEFA 2nd Division,2,2012–13,Newcastle United,Anzhi Makhachkala,1-0,H,Continental,Wikipedia,2012–13 UEFA Europa League knockout phase
2013-03-14,UEFA,UEFA 2nd Division,2,2012–13,Rubin Kazan,Levante,2-0,H,Continental,Wikipedia,2012–13 UEFA Europa League knockout phase
2013-03-14,UEFA,UEFA 2nd Division,2,2012–13,Zenit Saint Petersburg,Basel,1-0,H,Continental,Wikipedia,2012–13 UEFA Europa League knockout phase
2013-04-04,UEFA,UEFA 2nd Division,2,2012–13,Benfica,Newcastle United,3-1,H,Continental,Wikipedia,2012–13 UEFA Europa League knockout phase
2013-04-04,UEFA,UEFA 2nd Division,2,2012–13,Chelsea,Rubin Kazan,3-1,H,Continental,Wikipedia,2012–13 UEFA Europa League knockout phase
2013-04-04,UEFA,UEFA 2nd Division,2,2012–13,Fenerbahçe,Lazio,2-0,H,Continental,Wikipedia,2012–13 UEFA Europa League knockout phase
2013-04-04,UEFA,UEFA 2nd Division,2,2012–13,Tottenham Hotspur,Basel,2-2,D,Continental,Wikipedia,2012–13 UEFA Europa League knockout phase
2013-04-11,UEFA,UEFA 2nd Division,2,2012–13,Basel,Tottenham Hotspur,2-2,D,Continental,Wikipedia,2012–13 UEFA Europa League knockout phase
2013-04-11,UEFA,UEFA 2nd Division,2,2012–13,Lazio,Fenerbahçe,1-1,D,Continental,Wikipedia,2012–13 UEFA Europa League knockout phase
2013-04-11,UEFA,UEFA 2nd Division,2,2012–13,Newcastle United,Benfica,1-1,D,Continental,Wikipedia,2012–13 UEFA Europa League knockout phase
2013-04-11,UEFA,UEFA 2nd Division,2,2012–13,Rubin Kazan,Chelsea,3-2,H,Continental,Wikipedia,2012–13 UEFA Europa League knockout phase
2013-04-25,UEFA,UEFA 2nd Division,2,2012–13,Basel,Chelsea,1-2,A,Continental,Wikipedia,2012–13 UEFA Europa League knockout phase
2013-04-25,UEFA,UEFA 2nd Division,2,2012–13,Fenerbahçe,Benfica,1-0,H,Continental,Wikipedia,2012–13 UEFA Europa League knockout phase
2013-05-02,UEFA,UEFA 2nd Division,2,2012–13,Benfica,Fenerbahçe,3-1,H,Continental,Wikipedia,2012–13 UEFA Europa League knockout phase
2013-05-02,UEFA,UEFA 2nd Division,2,2012–13,Chelsea,Basel,3-1,H,Continental,Wikipedia,2012–13 UEFA Europa League knockout phase
2013-09-19,UEFA,UEFA 2nd Division,2,2013–14,Apollon Limassol,Trabzonspor,1-2,A,Continental,Wikipedia,2013–14 UEFA Europa League group stage
2013-09-19,UEFA,UEFA 2nd Division,2,2013–14,Dinamo Zagreb,Chornomorets Odesa,1-2,A,Continental,Wikipedia,2013–14 UEFA Europa League group stage
2013-09-19,UEFA,UEFA 2nd Division,2,2013–14,Dynamo Kyiv,Genk,0-1,A,Continental,Wikipedia,2013–14 UEFA Europa League group stage
2013-09-19,UEFA,UEFA 2nd Division,2,2013–14,Eintracht Frankfurt,Bordeaux,3-0,H,Continental,Wikipedia,2013–14 UEFA Europa League group stage
2013-09-19,UEFA,UEFA 2nd Division,2,2013–14,Estoril,Sevilla,1-2,A,Continental,Wikipedia,2013–14 UEFA Europa League group stage
2013-09-19,UEFA,UEFA 2nd Division,2,2013–14,Fiorentina,Paços de Ferreira,3-0,H,Continental,Wikipedia,2013–14 UEFA Europa League group stage
2013-09-19,UEFA,UEFA 2nd Division,2,2013–14,Lazio,Legia Warsaw,1-0,H,Continental,Wikipedia,2013–14 UEFA Europa League group stage
2013-09-19,UEFA,UEFA 2nd Division,2,2013–14,Maccabi Haifa,AZ,0-1,A,Continental,Wikipedia,2013–14 UEFA Europa League group stage
2013-09-19,UEFA,UEFA 2nd Division,2,2013–14,Maccabi Tel Aviv,APOEL,0-0,D,Continental,Wikipedia,2013–14 UEFA Europa League group stage
2013-09-19,UEFA,UEFA 2nd Division,2,2013–14,Maribor,Rubin Kazan,2-5,A,Continental,Wikipedia,2013–14 UEFA Europa League group stage
2013-09-19,UEFA,UEFA 2nd Division,2,2013–14,PAOK,Shakhter Karagandy,2-1,H,Continental,Wikipedia,2013–14 UEFA Europa League group stage
2013-09-19,UEFA,UEFA 2nd Division,2,2013–14,PSV Eindhoven,Ludogorets Razgrad,0-2,A,Continental,Wikipedia,2013–14 UEFA Europa League group stage
2013-09-19,UEFA,UEFA 2nd Division,2,2013–14,Pandurii Târgu Jiu,Dnipro Dnipropetrovsk,0-1,A,Continental,Wikipedia,2013–14 UEFA Europa League group stage
2013-09-19,UEFA,UEFA 2nd Division,2,2013–14,Real Betis,Lyon,0-0,D,Continental,Wikipedia,2013–14 UEFA Europa League group stage
2013-09-19,UEFA,UEFA 2nd Division,2,2013–14,Red Bull Salzburg,IF Elfsborg,4-0,H,Continental,Wikipedia,2013–14 UEFA Europa League group stage
2013-09-19,UEFA,UEFA 2nd Division,2,2013–14,SC Freiburg,Slovan Liberec,2-2,D,Continental,Wikipedia,2013–14 UEFA Europa League group stage
2013-09-19,UEFA,UEFA 2nd Division,2,2013–14,Sheriff Tiraspol,Anzhi Makhachkala,0-0,D,Continental,Wikipedia,2013–14 UEFA Europa League group stage
2013-09-19,UEFA,UEFA 2nd Division,2,2013–14,St. Gallen,Kuban Krasnodar,2-0,H,Continental,Wikipedia,2013–14 UEFA Europa League group stage
2013-09-19,UEFA,UEFA 2nd Division,2,2013–14,Standard Liège,Esbjerg,1-2,A,Continental,Wikipedia,2013–14 UEFA Europa League group stage
2013-09-19,UEFA,UEFA 2nd Division,2,2013–14,Thun,Rapid Wien,1-0,H,Continental,Wikipedia,2013–14 UEFA Europa League group stage
2013-09-19,UEFA,UEFA 2nd Division,2,2013–14,Tottenham Hotspur,Tromsø,3-0,H,Continental,Wikipedia,2013–14 UEFA Europa League group stage
2013-09-19,UEFA,UEFA 2nd Division,2,2013–14,Valencia,Swansea City,0-3,A,Continental,Wikipedia,2013–14 UEFA Europa League group stage
2013-09-19,UEFA,UEFA 2nd Division,2,2013–14,Vitória de Guimarães,Rijeka,4-0,H,Continental,Wikipedia,2013–14 UEFA Europa League group stage
2013-09-19,UEFA,UEFA 2nd Division,2,2013–14,Zulte Waregem,Wigan Athletic,0-0,D,Continental,Wikipedia,2013–14 UEFA Europa League group stage
2013-10-03,UEFA,UEFA 2nd Division,2,2013–14,APOEL,Eintracht Frankfurt,0-3,A,Continental,Wikipedia,2013–14 UEFA Europa League group stage
2013-10-03,UEFA,UEFA 2nd Division,2,2013–14,AZ,PAOK,1-1,D,Continental,Wikipedia,2013–14 UEFA Europa League group stage
2013-10-03,UEFA,UEFA 2nd Division,2,2013–14,Anzhi Makhachkala,Tottenham Hotspur,0-2,A,Continental,Wikipedia,2013–14 UEFA Europa League group stage
2013-10-03,UEFA,UEFA 2nd Division,2,2013–14,Bordeaux,Maccabi Tel Aviv,1-2,A,Continental,Wikipedia,2013–14 UEFA Europa League group stage
2013-10-03,UEFA,UEFA 2nd Division,2,2013–14,Chornomorets Odesa,PSV Eindhoven,0-2,A,Continental,Wikipedia,2013–14 UEFA Europa League group stage
2013-10-03,UEFA,UEFA 2nd Division,2,2013–14,Dnipro Dnipropetrovsk,Fiorentina,1-2,A,Continental,Wikipedia,2013–14 UEFA Europa League group stage
2013-10-03,UEFA,UEFA 2nd Division,2,2013–14,Esbjerg,Red Bull Salzburg,1-2,A,Continental,Wikipedia,2013–14 UEFA Europa League group stage
2013-10-03,UEFA,UEFA 2nd Division,2,2013–14,Genk,Thun,2-1,H,Continental,Wikipedia,2013–14 UEFA Europa League group stage
2013-10-03,UEFA,UEFA 2nd Division,2,2013–14,IF Elfsborg,Standard Liège,1-1,D,Continental,Wikipedia,2013–14 UEFA Europa League group stage
2013-10-03,UEFA,UEFA 2nd Division,2,2013–14,Kuban Krasnodar,Valencia,0-2,A,Continental,Wikipedia,2013–14 UEFA Europa League group stage
2013-10-03,UEFA,UEFA 2nd Division,2,2013–14,Legia Warsaw,Apollon Limassol,0-1,A,Continental,Wikipedia,2013–14 UEFA Europa League group stage
2013-10-03,UEFA,UEFA 2nd Division,2,2013–14,Ludogorets Razgrad,Dinamo Zagreb,3-0,H,Continental,Wikipedia,2013–14 UEFA Europa League group stage
2013-10-03,UEFA,UEFA 2nd Division,2,2013–14,Lyon,Vitória de Guimarães,1-1,D,Continental,Wikipedia,2013–14 UEFA Europa League group stage
2013-10-03,UEFA,UEFA 2nd Division,2,2013–14,Paços de Ferreira,Pandurii Târgu Jiu,1-1,D,Continental,Wikipedia,2013–14 UEFA Europa League group stage
2013-10-03,UEFA,UEFA 2nd Division,2,2013–14,Rapid Wien,Dynamo Kyiv,2-2,D,Continental,Wikipedia,2013–14 UEFA Europa League group stage
2013-10-03,UEFA,UEFA 2nd Division,2,2013–14,Rijeka,Real Betis,1-1,D,Continental,Wikipedia,2013–14 UEFA Europa League group stage
2013-10-03,UEFA,UEFA 2nd Division,2,2013–14,Rubin Kazan,Zulte Waregem,4-0,H,Continental,Wikipedia,2013–14 UEFA Europa League group stage
2013-10-03,UEFA,UEFA 2nd Division,2,2013–14,Sevilla,SC Freiburg,2-0,H,Continental,Wikipedia,2013–14 UEFA Europa League group stage
2013-10-03,UEFA,UEFA 2nd Division,2,2013–14,Shakhter Karagandy,Maccabi Haifa,2-2,D,Continental,Wikipedia,2013–14 UEFA Europa League group stage
2013-10-03,UEFA,UEFA 2nd Division,2,2013–14,Slovan Liberec,Estoril,2-1,H,Continental,Wikipedia,2013–14 UEFA Europa League group stage
2013-10-03,UEFA,UEFA 2nd Division,2,2013–14,Swansea City,St. Gallen,1-0,H,Continental,Wikipedia,2013–14 UEFA Europa League group stage
2013-10-03,UEFA,UEFA 2nd Division,2,2013–14,Trabzonspor,Lazio,3-3,D,Continental,Wikipedia,2013–14 UEFA Europa League group stage
2013-10-03,UEFA,UEFA 2nd Division,2,2013–14,Tromsø,Sheriff Tiraspol,1-1,D,Continental,Wikipedia,2013–14 UEFA Europa League group stage
2013-10-03,UEFA,UEFA 2nd Division,2,2013–14,Wigan Athletic,Maribor,3-1,H,Continental,Wikipedia,2013–14 UEFA Europa League group stage
2013-10-24,UEFA,UEFA 2nd Division,2,2013–14,Anzhi Makhachkala,Tromsø,1-0,H,Continental,Wikipedia,2013–14 UEFA Europa League group stage
2013-10-24,UEFA,UEFA 2nd Division,2,2013–14,Apollon Limassol,Lazio,0-0,D,Continental,Wikipedia,2013–14 UEFA Europa League group stage
2013-10-24,UEFA,UEFA 2nd Division,2,2013–14,Bordeaux,APOEL,2-1,H,Continental,Wikipedia,2013–14 UEFA Europa League group stage
2013-10-24,UEFA,UEFA 2nd Division,2,2013–14,Chornomorets Odesa,Ludogorets Razgrad,0-1,A,Continental,Wikipedia,2013–14 UEFA Europa League group stage
2013-10-24,UEFA,UEFA 2nd Division,2,2013–14,Dinamo Zagreb,PSV Eindhoven,0-0,D,Continental,Wikipedia,2013–14 UEFA Europa League group stage
2013-10-24,UEFA,UEFA 2nd Division,2,2013–14,Dynamo Kyiv,Thun,3-0,H,Continental,Wikipedia,2013–14 UEFA Europa League group stage
2013-10-24,UEFA,UEFA 2nd Division,2,2013–14,Eintracht Frankfurt,Maccabi Tel Aviv,2-0,H,Continental,Wikipedia,2013–14 UEFA Europa League group stage
2013-10-24,UEFA,UEFA 2nd Division,2,2013–14,Fiorentina,Pandurii Târgu Jiu,3-0,H,Continental,Wikipedia,2013–14 UEFA Europa League group stage
2013-10-24,UEFA,UEFA 2nd Division,2,2013–14,Genk,Rapid Wien,1-1,D,Continental,Wikipedia,2013–14 UEFA Europa League group stage
2013-10-24,UEFA,UEFA 2nd Division,2,2013–14,IF Elfsborg,Esbjerg,1-2,A,Continental,Wikipedia,2013–14 UEFA Europa League group stage
2013-10-24,UEFA,UEFA 2nd Division,2,2013–14,Lyon,Rijeka,1-0,H,Continental,Wikipedia,2013–14 UEFA Europa League group stage
2013-10-24,UEFA,UEFA 2nd Division,2,2013–14,PAOK,Maccabi Haifa,3-2,H,Continental,Wikipedia,2013–14 UEFA Europa League group stage
2013-10-24,UEFA,UEFA 2nd Division,2,2013–14,Paços de Ferreira,Dnipro Dnipropetrovsk,0-2,A,Continental,Wikipedia,2013–14 UEFA Europa League group stage
2013-10-24,UEFA,UEFA 2nd Division,2,2013–14,Real Betis,Vitória de Guimarães,1-0,H,Continental,Wikipedia,2013–14 UEFA Europa League group stage
2013-10-24,UEFA,UEFA 2nd Division,2,2013–14,Red Bull Salzburg,Standard Liège,2-1,H,Continental,Wikipedia,2013–14 UEFA Europa League group stage
2013-10-24,UEFA,UEFA 2nd Division,2,2013–14,SC Freiburg,Estoril,1-1,D,Continental,Wikipedia,2013–14 UEFA Europa League group stage
2013-10-24,UEFA,UEFA 2nd Division,2,2013–14,Shakhter Karagandy,AZ,1-1,D,Continental,Wikipedia,2013–14 UEFA Europa League group stage
2013-10-24,UEFA,UEFA 2nd Division,2,2013–14,Sheriff Tiraspol,Tottenham Hotspur,0-2,A,Continental,Wikipedia,2013–14 UEFA Europa League group stage
2013-10-24,UEFA,UEFA 2nd Division,2,2013–14,Slovan Liberec,Sevilla,1-1,D,Continental,Wikipedia,2013–14 UEFA Europa League group stage
2013-10-24,UEFA,UEFA 2nd Division,2,2013–14,Swansea City,Kuban Krasnodar,1-1,D,Continental,Wikipedia,2013–14 UEFA Europa League group stage
2013-10-24,UEFA,UEFA 2nd Division,2,2013–14,Trabzonspor,Legia Warsaw,2-0,H,Continental,Wikipedia,2013–14 UEFA Europa League group stage
2013-10-24,UEFA,UEFA 2nd Division,2,2013–14,Valencia,St. Gallen,5-1,H,Continental,Wikipedia,2013–14 UEFA Europa League group stage
2013-10-24,UEFA,UEFA 2nd Division,2,2013–14,Wigan Athletic,Rubin Kazan,1-1,D,Continental,Wikipedia,2013–14 UEFA Europa League group stage
2013-10-24,UEFA,UEFA 2nd Division,2,2013–14,Zulte Waregem,Maribor,1-3,A,Continental,Wikipedia,2013–14 UEFA Europa League group stage
2013-11-07,UEFA,UEFA 2nd Division,2,2013–14,APOEL,Bordeaux,2-1,H,Continental,Wikipedia,2013–14 UEFA Europa League group stage
2013-11-07,UEFA,UEFA 2nd Division,2,2013–14,AZ,Shakhter Karagandy,1-0,H,Continental,Wikipedia,2013–14 UEFA Europa League group stage
2013-11-07,UEFA,UEFA 2nd Division,2,2013–14,Dnipro Dnipropetrovsk,Paços de Ferreira,2-0,H,Continental,Wikipedia,2013–14 UEFA Europa League group stage
2013-11-07,UEFA,UEFA 2nd Division,2,2013–14,Esbjerg,IF Elfsborg,1-0,H,Continental,Wikipedia,2013–14 UEFA Europa League group stage
2013-11-07,UEFA,UEFA 2nd Division,2,2013–14,Estoril,SC Freiburg,0-0,D,Continental,Wikipedia,2013–14 UEFA Europa League group stage
2013-11-07,UEFA,UEFA 2nd Division,2,2013–14,Kuban Krasnodar,Swansea City,1-1,D,Continental,Wikipedia,2013–14 UEFA Europa League group stage
2013-11-07,UEFA,UEFA 2nd Division,2,2013–14,Lazio,Apollon Limassol,2-1,H,Continental,Wikipedia,2013–14 UEFA Europa League group stage
2013-11-07,UEFA,UEFA 2nd Division,2,2013–14,Legia Warsaw,Trabzonspor,0-2,A,Continental,Wikipedia,2013–14 UEFA Europa League group stage
2013-11-07,UEFA,UEFA 2nd Division,2,2013–14,Ludogorets Razgrad,Chornomorets Odesa,1-1,D,Continental,Wikipedia,2013–14 UEFA Europa League group stage
2013-11-07,UEFA,UEFA 2nd Division,2,2013–14,Maccabi Haifa,PAOK,0-0,D,Continental,Wikipedia,2013–14 UEFA Europa League group stage
2013-11-07,UEFA,UEFA 2nd Division,2,2013–14,Maccabi Tel Aviv,Eintracht Frankfurt,4-2,H,Continental,Wikipedia,2013–14 UEFA Europa League group stage
2013-11-07,UEFA,UEFA 2nd Division,2,2013–14,Maribor,Zulte Waregem,0-1,A,Continental,Wikipedia,2013–14 UEFA Europa League group stage
2013-11-07,UEFA,UEFA 2nd Division,2,2013–14,PSV Eindhoven,Dinamo Zagreb,2-0,H,Continental,Wikipedia,2013–14 UEFA Europa League group stage
2013-11-07,UEFA,UEFA 2nd Division,2,2013–14,Pandurii Târgu Jiu,Fiorentina,1-2,A,Continental,Wikipedia,2013–14 UEFA Europa League group stage
2013-11-07,UEFA,UEFA 2nd Division,2,2013–14,Rapid Wien,Genk,2-2,D,Continental,Wikipedia,2013–14 UEFA Europa League group stage
2013-11-07,UEFA,UEFA 2nd Division,2,2013–14,Rijeka,Lyon,1-1,D,Continental,Wikipedia,2013–14 UEFA Europa League group stage
2013-11-07,UEFA,UEFA 2nd Division,2,2013–14,Rubin Kazan,Wigan Athletic,1-0,H,Continental,Wikipedia,2013–14 UEFA Europa League group stage
2013-11-07,UEFA,UEFA 2nd Division,2,2013–14,Sevilla,Slovan Liberec,1-1,D,Continental,Wikipedia,2013–14 UEFA Europa League group stage
2013-11-07,UEFA,UEFA 2nd Division,2,2013–14,St. Gallen,Valencia,2-3,A,Continental,Wikipedia,2013–14 UEFA Europa League group stage
2013-11-07,UEFA,UEFA 2nd Division,2,2013–14,Standard Liège,Red Bull Salzburg,1-3,A,Continental,Wikipedia,2013–14 UEFA Europa League group stage
2013-11-07,UEFA,UEFA 2nd Division,2,2013–14,Thun,Dynamo Kyiv,0-2,A,Continental,Wikipedia,2013–14 UEFA Europa League group stage
2013-11-07,UEFA,UEFA 2nd Division,2,2013–14,Tottenham Hotspur,Sheriff Tiraspol,2-1,H,Continental,Wikipedia,2013–14 UEFA Europa League group stage
2013-11-07,UEFA,UEFA 2nd Division,2,2013–14,Tromsø,Anzhi Makhachkala,0-1,A,Continental,Wikipedia,2013–14 UEFA Europa League group stage
2013-11-07,UEFA,UEFA 2nd Division,2,2013–14,Vitória de Guimarães,Real Betis,0-1,A,Continental,Wikipedia,2013–14 UEFA Europa League group stage
2013-11-28,UEFA,UEFA 2nd Division,2,2013–14,APOEL,Maccabi Tel Aviv,0-0,D,Continental,Wikipedia,2013–14 UEFA Europa League group stage
2013-11-28,UEFA,UEFA 2nd Division,2,2013–14,AZ,Maccabi Haifa,2-0,H,Continental,Wikipedia,2013–14 UEFA Europa League group stage
2013-11-28,UEFA,UEFA 2nd Division,2,2013–14,Anzhi Makhachkala,Sheriff Tiraspol,1-1,D,Continental,Wikipedia,2013–14 UEFA Europa League group stage
2013-11-28,UEFA,UEFA 2nd Division,2,2013–14,Bordeaux,Eintracht Frankfurt,0-1,A,Continental,Wikipedia,2013–14 UEFA Europa League group stage
2013-11-28,UEFA,UEFA 2nd Division,2,2013–14,Chornomorets Odesa,Dinamo Zagreb,2-1,H,Continental,Wikipedia,2013–14 UEFA Europa League group stage
2013-11-28,UEFA,UEFA 2nd Division,2,2013–14,Dnipro Dnipropetrovsk,Pandurii Târgu Jiu,4-1,H,Continental,Wikipedia,2013–14 UEFA Europa League group stage
2013-11-28,UEFA,UEFA 2nd Division,2,2013–14,Esbjerg,Standard Liège,2-1,H,Continental,Wikipedia,2013–14 UEFA Europa League group stage
2013-11-28,UEFA,UEFA 2nd Division,2,2013–14,Genk,Dynamo Kyiv,3-1,H,Continental,Wikipedia,2013–14 UEFA Europa League group stage
2013-11-28,UEFA,UEFA 2nd Division,2,2013–14,IF Elfsborg,Red Bull Salzburg,0-1,A,Continental,Wikipedia,2013–14 UEFA Europa League group stage
2013-11-28,UEFA,UEFA 2nd Division,2,2013–14,Kuban Krasnodar,St. Gallen,4-0,H,Continental,Wikipedia,2013–14 UEFA Europa League group stage
2013-11-28,UEFA,UEFA 2nd Division,2,2013–14,Legia Warsaw,Lazio,0-2,A,Continental,Wikipedia,2013–14 UEFA Europa League group stage
2013-11-28,UEFA,UEFA 2nd Division,2,2013–14,Ludogorets Razgrad,PSV Eindhoven,2-0,H,Continental,Wikipedia,2013–14 UEFA Europa League group stage
2013-11-28,UEFA,UEFA 2nd Division,2,2013–14,Lyon,Real Betis,1-0,H,Continental,Wikipedia,2013–14 UEFA Europa League group stage
2013-11-28,UEFA,UEFA 2nd Division,2,2013–14,Paços de Ferreira,Fiorentina,0-0,D,Continental,Wikipedia,2013–14 UEFA Europa League group stage
2013-11-28,UEFA,UEFA 2nd Division,2,2013–14,Rapid Wien,Thun,2-1,H,Continental,Wikipedia,2013–14 UEFA Europa League group stage
2013-11-28,UEFA,UEFA 2nd Division,2,2013–14,Rijeka,Vitória de Guimarães,0-0,D,Continental,Wikipedia,2013–14 UEFA Europa League group stage
2013-11-28,UEFA,UEFA 2nd Division,2,2013–14,Rubin Kazan,Maribor,1-1,D,Continental,Wikipedia,2013–14 UEFA Europa League group stage
2013-11-28,UEFA,UEFA 2nd Division,2,2013–14,Sevilla,Estoril,1-1,D,Continental,Wikipedia,2013–14 UEFA Europa League group stage
2013-11-28,UEFA,UEFA 2nd Division,2,2013–14,Shakhter Karagandy,PAOK,0-2,A,Continental,Wikipedia,2013–14 UEFA Europa League group stage
2013-11-28,UEFA,UEFA 2nd Division,2,2013–14,Slovan Liberec,SC Freiburg,1-2,A,Continental,Wikipedia,2013–14 UEFA Europa League group stage
2013-11-28,UEFA,UEFA 2nd Division,2,2013–14,Swansea City,Valencia,0-1,A,Continental,Wikipedia,2013–14 UEFA Europa League group stage
2013-11-28,UEFA,UEFA 2nd Division,2,2013–14,Trabzonspor,Apollon Limassol,4-2,H,Continental,Wikipedia,2013–14 UEFA Europa League group stage
2013-11-28,UEFA,UEFA 2nd Division,2,2013–14,Tromsø,Tottenham Hotspur,0-2,A,Continental,Wikipedia,2013–14 UEFA Europa League group stage
2013-11-28,UEFA,UEFA 2nd Division,2,2013–14,Wigan Athletic,Zulte Waregem,1-2,A,Continental,Wikipedia,2013–14 UEFA Europa League group stage
2013-12-12,UEFA,UEFA 2nd Division,2,2013–14,Apollon Limassol,Legia Warsaw,0-2,A,Continental,Wikipedia,2013–14 UEFA Europa League group stage
2013-12-12,UEFA,UEFA 2nd Division,2,2013–14,Dinamo Zagreb,Ludogorets Razgrad,1-2,A,Continental,Wikipedia,2013–14 UEFA Europa League group stage
2013-12-12,UEFA,UEFA 2nd Division,2,2013–14,Dynamo Kyiv,Rapid Wien,3-1,H,Continental,Wikipedia,2013–14 UEFA Europa League group stage
2013-12-12,UEFA,UEFA 2nd Division,2,2013–14,Eintracht Frankfurt,APOEL,2-0,H,Continental,Wikipedia,2013–14 UEFA Europa League group stage
2013-12-12,UEFA,UEFA 2nd Division,2,2013–14,Estoril,Slovan Liberec,1-2,A,Continental,Wikipedia,2013–14 UEFA Europa League group stage
2013-12-12,UEFA,UEFA 2nd Division,2,2013–14,Fiorentina,Dnipro Dnipropetrovsk,2-1,H,Continental,Wikipedia,2013–14 UEFA Europa League group stage
2013-12-12,UEFA,UEFA 2nd Division,2,2013–14,Lazio,Trabzonspor,0-0,D,Continental,Wikipedia,2013–14 UEFA Europa League group stage
2013-12-12,UEFA,UEFA 2nd Division,2,2013–14,Maccabi Haifa,Shakhter Karagandy,2-1,H,Continental,Wikipedia,2013–14 UEFA Europa League group stage
2013-12-12,UEFA,UEFA 2nd Division,2,2013–14,Maccabi Tel Aviv,Bordeaux,1-0,H,Continental,Wikipedia,2013–14 UEFA Europa League group stage
2013-12-12,UEFA,UEFA 2nd Division,2,2013–14,Maribor,Wigan Athletic,2-1,H,Continental,Wikipedia,2013–14 UEFA Europa League group stage
2013-12-12,UEFA,UEFA 2nd Division,2,2013–14,PAOK,AZ,2-2,D,Continental,Wikipedia,2013–14 UEFA Europa League group stage
2013-12-12,UEFA,UEFA 2nd Division,2,2013–14,PSV Eindhoven,Chornomorets Odesa,0-1,A,Continental,Wikipedia,2013–14 UEFA Europa League group stage
2013-12-12,UEFA,UEFA 2nd Division,2,2013–14,Pandurii Târgu Jiu,Paços de Ferreira,0-0,D,Continental,Wikipedia,2013–14 UEFA Europa League group stage
2013-12-12,UEFA,UEFA 2nd Division,2,2013–14,Real Betis,Rijeka,0-0,D,Continental,Wikipedia,2013–14 UEFA Europa League group stage
2013-12-12,UEFA,UEFA 2nd Division,2,2013–14,Red Bull Salzburg,Esbjerg,3-0,H,Continental,Wikipedia,2013–14 UEFA Europa League group stage
2013-12-12,UEFA,UEFA 2nd Division,2,2013–14,SC Freiburg,Sevilla,0-2,A,Continental,Wikipedia,2013–14 UEFA Europa League group stage
2013-12-12,UEFA,UEFA 2nd Division,2,2013–14,Sheriff Tiraspol,Tromsø,2-0,H,Continental,Wikipedia,2013–14 UEFA Europa League group stage
2013-12-12,UEFA,UEFA 2nd Division,2,2013–14,St. Gallen,Swansea City,1-0,H,Continental,Wikipedia,2013–14 UEFA Europa League group stage
2013-12-12,UEFA,UEFA 2nd Division,2,2013–14,Standard Liège,IF Elfsborg,1-3,A,Continental,Wikipedia,2013–14 UEFA Europa League group stage
2013-12-12,UEFA,UEFA 2nd Division,2,2013–14,Thun,Genk,0-1,A,Continental,Wikipedia,2013–14 UEFA Europa League group stage
2013-12-12,UEFA,UEFA 2nd Division,2,2013–14,Tottenham Hotspur,Anzhi Makhachkala,4-1,H,Continental,Wikipedia,2013–14 UEFA Europa League group stage
2013-12-12,UEFA,UEFA 2nd Division,2,2013–14,Valencia,Kuban Krasnodar,1-1,D,Continental,Wikipedia,2013–14 UEFA Europa League group stage
2013-12-12,UEFA,UEFA 2nd Division,2,2013–14,Vitória de Guimarães,Lyon,1-2,A,Continental,Wikipedia,2013–14 UEFA Europa League group stage
2013-12-12,UEFA,UEFA 2nd Division,2,2013–14,Zulte Waregem,Rubin Kazan,0-2,A,Continental,Wikipedia,2013–14 UEFA Europa League group stage
2014-02-20,UEFA,UEFA 2nd Division,2,2013–14,Ajax,Red Bull Salzburg,0-3,A,Continental,Wikipedia,2013–14 UEFA Europa League knockout phase
2014-02-20,UEFA,UEFA 2nd Division,2,2013–14,Anzhi Makhachkala,Genk,0-0,D,Continental,Wikipedia,2013–14 UEFA Europa League knockout phase
2014-02-20,UEFA,UEFA 2nd Division,2,2013–14,Chornomorets Odesa,Lyon,0-0,D,Continental,Wikipedia,2013–14 UEFA Europa League knockout phase
2014-02-20,UEFA,UEFA 2nd Division,2,2013–14,Dnipro Dnipropetrovsk,Tottenham Hotspur,1-0,H,Continental,Wikipedia,2013–14 UEFA Europa League knockout phase
2014-02-20,UEFA,UEFA 2nd Division,2,2013–14,Dynamo Kyiv,Valencia,0-2,A,Continental,Wikipedia,2013–14 UEFA Europa League knockout phase
2014-02-20,UEFA,UEFA 2nd Division,2,2013–14,Esbjerg,Fiorentina,1-3,A,Continental,Wikipedia,2013–14 UEFA Europa League knockout phase
2014-02-20,UEFA,UEFA 2nd Division,2,2013–14,Juventus,Trabzonspor,2-0,H,Continental,Wikipedia,2013–14 UEFA Europa League knockout phase
2014-02-20,UEFA,UEFA 2nd Division,2,2013–14,Lazio,Ludogorets Razgrad,0-1,A,Continental,Wikipedia,2013–14 UEFA Europa League knockout phase
2014-02-20,UEFA,UEFA 2nd Division,2,2013–14,Maccabi Tel Aviv,Basel,0-0,D,Continental,Wikipedia,2013–14 UEFA Europa League knockout phase
2014-02-20,UEFA,UEFA 2nd Division,2,2013–14,Maribor,Sevilla,2-2,D,Continental,Wikipedia,2013–14 UEFA Europa League knockout phase
2014-02-20,UEFA,UEFA 2nd Division,2,2013–14,PAOK,Benfica,0-1,A,Continental,Wikipedia,2013–14 UEFA Europa League knockout phase
2014-02-20,UEFA,UEFA 2nd Division,2,2013–14,Porto,Eintracht Frankfurt,2-2,D,Continental,Wikipedia,2013–14 UEFA Europa League knockout phase
2014-02-20,UEFA,UEFA 2nd Division,2,2013–14,Real Betis,Rubin Kazan,1-1,D,Continental,Wikipedia,2013–14 UEFA Europa League knockout phase
2014-02-20,UEFA,UEFA 2nd Division,2,2013–14,Slovan Liberec,AZ,0-1,A,Continental,Wikipedia,2013–14 UEFA Europa League knockout phase
2014-02-20,UEFA,UEFA 2nd Division,2,2013–14,Swansea City,Napoli,0-0,D,Continental,Wikipedia,2013–14 UEFA Europa League knockout phase
2014-02-20,UEFA,UEFA 2nd Division,2,2013–14,Viktoria Plzeň,Shakhtar Donetsk,1-1,D,Continental,Wikipedia,2013–14 UEFA Europa League knockout phase
2014-02-27,UEFA,UEFA 2nd Division,2,2013–14,AZ,Slovan Liberec,1-1,D,Continental,Wikipedia,2013–14 UEFA Europa League knockout phase
2014-02-27,UEFA,UEFA 2nd Division,2,2013–14,Basel,Maccabi Tel Aviv,3-0,H,Continental,Wikipedia,2013–14 UEFA Europa League knockout phase
2014-02-27,UEFA,UEFA 2nd Division,2,2013–14,Benfica,PAOK,3-0,H,Continental,Wikipedia,2013–14 UEFA Europa League knockout phase
2014-02-27,UEFA,UEFA 2nd Division,2,2013–14,Eintracht Frankfurt,Porto,3-3,D,Continental,Wikipedia,2013–14 UEFA Europa League knockout phase
2014-02-27,UEFA,UEFA 2nd Division,2,2013–14,Fiorentina,Esbjerg,1-1,D,Continental,Wikipedia,2013–14 UEFA Europa League knockout phase
2014-02-27,UEFA,UEFA 2nd Division,2,2013–14,Genk,Anzhi Makhachkala,0-2,A,Continental,Wikipedia,2013–14 UEFA Europa League knockout phase
2014-02-27,UEFA,UEFA 2nd Division,2,2013–14,Ludogorets Razgrad,Lazio,3-3,D,Continental,Wikipedia,2013–14 UEFA Europa League knockout phase
2014-02-27,UEFA,UEFA 2nd Division,2,2013–14,Lyon,Chornomorets Odesa,1-0,H,Continental,Wikipedia,2013–14 UEFA Europa League knockout phase
2014-02-27,UEFA,UEFA 2nd Division,2,2013–14,Napoli,Swansea City,3-1,H,Continental,Wikipedia,2013–14 UEFA Europa League knockout phase
2014-02-27,UEFA,UEFA 2nd Division,2,2013–14,Red Bull Salzburg,Ajax,3-1,H,Continental,Wikipedia,2013–14 UEFA Europa League knockout phase
2014-02-27,UEFA,UEFA 2nd Division,2,2013–14,Rubin Kazan,Real Betis,0-2,A,Continental,Wikipedia,2013–14 UEFA Europa League knockout phase
2014-02-27,UEFA,UEFA 2nd Division,2,2013–14,Sevilla,Maribor,2-1,H,Continental,Wikipedia,2013–14 UEFA Europa League knockout phase
2014-02-27,UEFA,UEFA 2nd Division,2,2013–14,Shakhtar Donetsk,Viktoria Plzeň,1-2,A,Continental,Wikipedia,2013–14 UEFA Europa League knockout phase
2014-02-27,UEFA,UEFA 2nd Division,2,2013–14,Tottenham Hotspur,Dnipro Dnipropetrovsk,3-1,H,Continental,Wikipedia,2013–14 UEFA Europa League knockout phase
2014-02-27,UEFA,UEFA 2nd Division,2,2013–14,Trabzonspor,Juventus,0-2,A,Continental,Wikipedia,2013–14 UEFA Europa League knockout phase
2014-02-27,UEFA,UEFA 2nd Division,2,2013–14,Valencia,Dynamo Kyiv,0-0,D,Continental,Wikipedia,2013–14 UEFA Europa League knockout phase
2014-03-13,UEFA,UEFA 2nd Division,2,2013–14,AZ,Anzhi Makhachkala,1-0,H,Continental,Wikipedia,2013–14 UEFA Europa League knockout phase
2014-03-13,UEFA,UEFA 2nd Division,2,2013–14,Basel,Red Bull Salzburg,0-0,D,Continental,Wikipedia,2013–14 UEFA Europa League knockout phase
2014-03-13,UEFA,UEFA 2nd Division,2,2013–14,Juventus,Fiorentina,1-1,D,Continental,Wikipedia,2013–14 UEFA Europa League knockout phase
2014-03-13,UEFA,UEFA 2nd Division,2,2013–14,Ludogorets Razgrad,Valencia,0-3,A,Continental,Wikipedia,2013–14 UEFA Europa League knockout phase
2014-03-13,UEFA,UEFA 2nd Division,2,2013–14,Lyon,Viktoria Plzeň,4-1,H,Continental,Wikipedia,2013–14 UEFA Europa League knockout phase
2014-03-13,UEFA,UEFA 2nd Division,2,2013–14,Porto,Napoli,1-0,H,Continental,Wikipedia,2013–14 UEFA Europa League knockout phase
2014-03-13,UEFA,UEFA 2nd Division,2,2013–14,Sevilla,Real Betis,0-2,A,Continental,Wikipedia,2013–14 UEFA Europa League knockout phase
2014-03-13,UEFA,UEFA 2nd Division,2,2013–14,Tottenham Hotspur,Benfica,1-3,A,Continental,Wikipedia,2013–14 UEFA Europa League knockout phase
2014-03-20,UEFA,UEFA 2nd Division,2,2013–14,Anzhi Makhachkala,AZ,0-0,D,Continental,Wikipedia,2013–14 UEFA Europa League knockout phase
2014-03-20,UEFA,UEFA 2nd Division,2,2013–14,Benfica,Tottenham Hotspur,2-2,D,Continental,Wikipedia,2013–14 UEFA Europa League knockout phase
2014-03-20,UEFA,UEFA 2nd Division,2,2013–14,Fiorentina,Juventus,0-1,A,Continental,Wikipedia,2013–14 UEFA Europa League knockout phase
2014-03-20,UEFA,UEFA 2nd Division,2,2013–14,Napoli,Porto,2-2,D,Continental,Wikipedia,2013–14 UEFA Europa League knockout phase
2014-03-20,UEFA,UEFA 2nd Division,2,2013–14,Real Betis,Sevilla,0-2,A,Continental,Wikipedia,2013–14 UEFA Europa League knockout phase
2014-03-20,UEFA,UEFA 2nd Division,2,2013–14,Red Bull Salzburg,Basel,1-2,A,Continental,Wikipedia,2013–14 UEFA Europa League knockout phase
2014-03-20,UEFA,UEFA 2nd Division,2,2013–14,Valencia,Ludogorets Razgrad,1-0,H,Continental,Wikipedia,2013–14 UEFA Europa League knockout phase
2014-03-20,UEFA,UEFA 2nd Division,2,2013–14,Viktoria Plzeň,Lyon,2-1,H,Continental,Wikipedia,2013–14 UEFA Europa League knockout phase
2014-04-03,UEFA,UEFA 2nd Division,2,2013–14,AZ,Benfica,0-1,A,Continental,Wikipedia,2013–14 UEFA Europa League knockout phase
2014-04-03,UEFA,UEFA 2nd Division,2,2013–14,Basel,Valencia,3-0,H,Continental,Wikipedia,2013–14 UEFA Europa League knockout phase
2014-04-03,UEFA,UEFA 2nd Division,2,2013–14,Lyon,Juventus,0-1,A,Continental,Wikipedia,2013–14 UEFA Europa League knockout phase
2014-04-03,UEFA,UEFA 2nd Division,2,2013–14,Porto,Sevilla,1-0,H,Continental,Wikipedia,2013–14 UEFA Europa League knockout phase
2014-04-10,UEFA,UEFA 2nd Division,2,2013–14,Benfica,AZ,2-0,H,Continental,Wikipedia,2013–14 UEFA Europa League knockout phase
2014-04-10,UEFA,UEFA 2nd Division,2,2013–14,Juventus,Lyon,2-1,H,Continental,Wikipedia,2013–14 UEFA Europa League knockout phase
2014-04-10,UEFA,UEFA 2nd Division,2,2013–14,Sevilla,Porto,4-1,H,Continental,Wikipedia,2013–14 UEFA Europa League knockout phase
2014-04-10,UEFA,UEFA 2nd Division,2,2013–14,Valencia,Basel,5-0,H,Continental,Wikipedia,2013–14 UEFA Europa League knockout phase
2014-04-24,UEFA,UEFA 2nd Division,2,2013–14,Benfica,Juventus,2-1,H,Continental,Wikipedia,2013–14 UEFA Europa League knockout phase
2014-04-24,UEFA,UEFA 2nd Division,2,2013–14,Sevilla,Valencia,2-0,H,Continental,Wikipedia,2013–14 UEFA Europa League knockout phase
2014-05-01,UEFA,UEFA 2nd Division,2,2013–14,Juventus,Benfica,0-0,D,Continental,Wikipedia,2013–14 UEFA Europa League knockout phase
2014-05-01,UEFA,UEFA 2nd Division,2,2013–14,Valencia,Sevilla,3-1,H,Continental,Wikipedia,2013–14 UEFA Europa League knockout phase
2014-09-18,UEFA,UEFA 2nd Division,2,2014–15,Apollon Limassol,Zürich,3-2,H,Continental,Wikipedia,2014–15 UEFA Europa League group stage
2014-09-18,UEFA,UEFA 2nd Division,2,2014–15,Beşiktaş,Asteras Tripolis,1-1,D,Continental,Wikipedia,2014–15 UEFA Europa League group stage
2014-09-18,UEFA,UEFA 2nd Division,2,2014–15,Borussia Mönchengladbach,Villarreal,1-1,D,Continental,Wikipedia,2014–15 UEFA Europa League group stage
2014-09-18,UEFA,UEFA 2nd Division,2,2014–15,Club Brugge,Torino,0-0,D,Continental,Wikipedia,2014–15 UEFA Europa League group stage
2014-09-18,UEFA,UEFA 2nd Division,2,2014–15,Copenhagen,HJK,2-0,H,Continental,Wikipedia,2014–15 UEFA Europa League group stage
2014-09-18,UEFA,UEFA 2nd Division,2,2014–15,Dinamo Zagreb,Astra Giurgiu,5-1,H,Continental,Wikipedia,2014–15 UEFA Europa League group stage
2014-09-18,UEFA,UEFA 2nd Division,2,2014–15,Dnipro Dnipropetrovsk,Internazionale,0-1,A,Continental,Wikipedia,2014–15 UEFA Europa League group stage
2014-09-18,UEFA,UEFA 2nd Division,2,2014–15,Everton,VfL Wolfsburg,4-1,H,Continental,Wikipedia,2014–15 UEFA Europa League group stage
2014-09-18,UEFA,UEFA 2nd Division,2,2014–15,Fiorentina,Guingamp,3-0,H,Continental,Wikipedia,2014–15 UEFA Europa League group stage
2014-09-18,UEFA,UEFA 2nd Division,2,2014–15,Legia Warsaw,Lokeren,1-0,H,Continental,Wikipedia,2014–15 UEFA Europa League group stage
2014-09-18,UEFA,UEFA 2nd Division,2,2014–15,Lille,Krasnodar,1-1,D,Continental,Wikipedia,2014–15 UEFA Europa League group stage
2014-09-18,UEFA,UEFA 2nd Division,2,2014–15,Metalist Kharkiv,Trabzonspor,1-2,A,Continental,Wikipedia,2014–15 UEFA Europa League group stage
2014-09-18,UEFA,UEFA 2nd Division,2,2014–15,Napoli,Sparta Prague,3-1,H,Continental,Wikipedia,2014–15 UEFA Europa League group stage
2014-09-18,UEFA,UEFA 2nd Division,2,2014–15,PAOK,Dinamo Minsk,6-1,H,Continental,Wikipedia,2014–15 UEFA Europa League group stage
2014-09-18,UEFA,UEFA 2nd Division,2,2014–15,PSV Eindhoven,Estoril,1-0,H,Continental,Wikipedia,2014–15 UEFA Europa League group stage
2014-09-18,UEFA,UEFA 2nd Division,2,2014–15,Panathinaikos,Dynamo Moscow,1-2,A,Continental,Wikipedia,2014–15 UEFA Europa League group stage
2014-09-18,UEFA,UEFA 2nd Division,2,2014–15,Partizan,Tottenham Hotspur,0-0,D,Continental,Wikipedia,2014–15 UEFA Europa League group stage
2014-09-18,UEFA,UEFA 2nd Division,2,2014–15,Qarabağ,Saint-Étienne,0-0,D,Continental,Wikipedia,2014–15 UEFA Europa League group stage
2014-09-18,UEFA,UEFA 2nd Division,2,2014–15,Red Bull Salzburg,Celtic,2-2,D,Continental,Wikipedia,2014–15 UEFA Europa League group stage
2014-09-18,UEFA,UEFA 2nd Division,2,2014–15,Rio Ave,Dynamo Kyiv,0-3,A,Continental,Wikipedia,2014–15 UEFA Europa League group stage
2014-09-18,UEFA,UEFA 2nd Division,2,2014–15,Sevilla,Feyenoord,2-0,H,Continental,Wikipedia,2014–15 UEFA Europa League group stage
2014-09-18,UEFA,UEFA 2nd Division,2,2014–15,Standard Liège,Rijeka,2-0,H,Continental,Wikipedia,2014–15 UEFA Europa League group stage
2014-09-18,UEFA,UEFA 2nd Division,2,2014–15,Steaua București,AaB,6-0,H,Continental,Wikipedia,2014–15 UEFA Europa League group stage
2014-09-18,UEFA,UEFA 2nd Division,2,2014–15,Young Boys,Slovan Bratislava,5-0,H,Continental,Wikipedia,2014–15 UEFA Europa League group stage
2014-10-02,UEFA,UEFA 2nd Division,2,2014–15,AaB,Rio Ave,1-0,H,Continental,Wikipedia,2014–15 UEFA Europa League group stage
2014-10-02,UEFA,UEFA 2nd Division,2,2014–15,Asteras Tripolis,Partizan,2-0,H,Continental,Wikipedia,2014–15 UEFA Europa League group stage
2014-10-02,UEFA,UEFA 2nd Division,2,2014–15,Astra Giurgiu,Red Bull Salzburg,1-2,A,Continental,Wikipedia,2014–15 UEFA Europa League group stage
2014-10-02,UEFA,UEFA 2nd Division,2,2014–15,Celtic,Dinamo Zagreb,1-0,H,Continental,Wikipedia,2014–15 UEFA Europa League group stage
2014-10-02,UEFA,UEFA 2nd Division,2,2014–15,Dinamo Minsk,Fiorentina,0-3,A,Continental,Wikipedia,2014–15 UEFA Europa League group stage
2014-10-02,UEFA,UEFA 2nd Division,2,2014–15,Dynamo Kyiv,Steaua București,3-1,H,Continental,Wikipedia,2014–15 UEFA Europa League group stage
2014-10-02,UEFA,UEFA 2nd Division,2,2014–15,Dynamo Moscow,PSV Eindhoven,1-0,H,Continental,Wikipedia,2014–15 UEFA Europa League group stage
2014-10-02,UEFA,UEFA 2nd Division,2,2014–15,Estoril,Panathinaikos,2-0,H,Continental,Wikipedia,2014–15 UEFA Europa League group stage
2014-10-02,UEFA,UEFA 2nd Division,2,2014–15,Feyenoord,Standard Liège,2-1,H,Continental,Wikipedia,2014–15 UEFA Europa League group stage
2014-10-02,UEFA,UEFA 2nd Division,2,2014–15,Guingamp,PAOK,2-0,H,Continental,Wikipedia,2014–15 UEFA Europa League group stage
2014-10-02,UEFA,UEFA 2nd Division,2,2014–15,HJK,Club Brugge,0-3,A,Continental,Wikipedia,2014–15 UEFA Europa League group stage
2014-10-02,UEFA,UEFA 2nd Division,2,2014–15,Internazionale,Qarabağ,2-0,H,Continental,Wikipedia,2014–15 UEFA Europa League group stage
2014-10-02,UEFA,UEFA 2nd Division,2,2014–15,Krasnodar,Everton,1-1,D,Continental,Wikipedia,2014–15 UEFA Europa League group stage
2014-10-02,UEFA,UEFA 2nd Division,2,2014–15,Lokeren,Metalist Kharkiv,1-0,H,Continental,Wikipedia,2014–15 UEFA Europa League group stage
2014-10-02,UEFA,UEFA 2nd Division,2,2014–15,Rijeka,Sevilla,2-2,D,Continental,Wikipedia,2014–15 UEFA Europa League group stage
2014-10-02,UEFA,UEFA 2nd Division,2,2014–15,Saint-Étienne,Dnipro Dnipropetrovsk,0-0,D,Continental,Wikipedia,2014–15 UEFA Europa League group stage
2014-10-02,UEFA,UEFA 2nd Division,2,2014–15,Slovan Bratislava,Napoli,0-2,A,Continental,Wikipedia,2014–15 UEFA Europa League group stage
2014-10-02,UEFA,UEFA 2nd Division,2,2014–15,Sparta Prague,Young Boys,3-1,H,Continental,Wikipedia,2014–15 UEFA Europa League group stage
2014-10-02,UEFA,UEFA 2nd Division,2,2014–15,Torino,Copenhagen,1-0,H,Continental,Wikipedia,2014–15 UEFA Europa League group stage
2014-10-02,UEFA,UEFA 2nd Division,2,2014–15,Tottenham Hotspur,Beşiktaş,1-1,D,Continental,Wikipedia,2014–15 UEFA Europa League group stage
2014-10-02,UEFA,UEFA 2nd Division,2,2014–15,Trabzonspor,Legia Warsaw,0-1,A,Continental,Wikipedia,2014–15 UEFA Europa League group stage
2014-10-02,UEFA,UEFA 2nd Division,2,2014–15,VfL Wolfsburg,Lille,1-1,D,Continental,Wikipedia,2014–15 UEFA Europa League group stage
2014-10-02,UEFA,UEFA 2nd Division,2,2014–15,Villarreal,Apollon Limassol,4-0,H,Continental,Wikipedia,2014–15 UEFA Europa League group stage
2014-10-02,UEFA,UEFA 2nd Division,2,2014–15,Zürich,Borussia Mönchengladbach,1-1,D,Continental,Wikipedia,2014–15 UEFA Europa League group stage
2014-10-22,UEFA,UEFA 2nd Division,2,2014–15,Metalist Kharkiv,Legia Warsaw,0-1,A,Continental,Wikipedia,2014–15 UEFA Europa League group stage
2014-10-23,UEFA,UEFA 2nd Division,2,2014–15,AaB,Dynamo Kyiv,3-0,H,Continental,Wikipedia,2014–15 UEFA Europa League group stage
2014-10-23,UEFA,UEFA 2nd Division,2,2014–15,Borussia Mönchengladbach,Apollon Limassol,5-0,H,Continental,Wikipedia,2014–15 UEFA Europa League group stage
2014-10-23,UEFA,UEFA 2nd Division,2,2014–15,Celtic,Astra Giurgiu,2-1,H,Continental,Wikipedia,2014–15 UEFA Europa League group stage
2014-10-23,UEFA,UEFA 2nd Division,2,2014–15,Club Brugge,Copenhagen,1-1,D,Continental,Wikipedia,2014–15 UEFA Europa League group stage
2014-10-23,UEFA,UEFA 2nd Division,2,2014–15,Dinamo Minsk,Guingamp,0-0,D,Continental,Wikipedia,2014–15 UEFA Europa League group stage
2014-10-23,UEFA,UEFA 2nd Division,2,2014–15,Dnipro Dnipropetrovsk,Qarabağ,0-1,A,Continental,Wikipedia,2014–15 UEFA Europa League group stage
2014-10-23,UEFA,UEFA 2nd Division,2,2014–15,Estoril,Dynamo Moscow,1-2,A,Continental,Wikipedia,2014–15 UEFA Europa League group stage
2014-10-23,UEFA,UEFA 2nd Division,2,2014–15,Internazionale,Saint-Étienne,0-0,D,Continental,Wikipedia,2014–15 UEFA Europa League group stage
2014-10-23,UEFA,UEFA 2nd Division,2,2014–15,Krasnodar,VfL Wolfsburg,2-4,A,Continental,Wikipedia,2014–15 UEFA Europa League group stage
2014-10-23,UEFA,UEFA 2nd Division,2,2014–15,Lille,Everton,0-0,D,Continental,Wikipedia,2014–15 UEFA Europa League group stage
2014-10-23,UEFA,UEFA 2nd Division,2,2014–15,PAOK,Fiorentina,0-1,A,Continental,Wikipedia,2014–15 UEFA Europa League group stage
2014-10-23,UEFA,UEFA 2nd Division,2,2014–15,PSV Eindhoven,Panathinaikos,1-1,D,Continental,Wikipedia,2014–15 UEFA Europa League group stage
2014-10-23,UEFA,UEFA 2nd Division,2,2014–15,Partizan,Beşiktaş,0-4,A,Continental,Wikipedia,2014–15 UEFA Europa League group stage
2014-10-23,UEFA,UEFA 2nd Division,2,2014–15,Red Bull Salzburg,Dinamo Zagreb,4-2,H,Continental,Wikipedia,2014–15 UEFA Europa League group stage
2014-10-23,UEFA,UEFA 2nd Division,2,2014–15,Rijeka,Feyenoord,3-1,H,Continental,Wikipedia,2014–15 UEFA Europa League group stage
2014-10-23,UEFA,UEFA 2nd Division,2,2014–15,Slovan Bratislava,Sparta Prague,0-3,A,Continental,Wikipedia,2014–15 UEFA Europa League group stage
2014-10-23,UEFA,UEFA 2nd Division,2,2014–15,Standard Liège,Sevilla,0-0,D,Continental,Wikipedia,2014–15 UEFA Europa League group stage
2014-10-23,UEFA,UEFA 2nd Division,2,2014–15,Steaua București,Rio Ave,2-1,H,Continental,Wikipedia,2014–15 UEFA Europa League group stage
2014-10-23,UEFA,UEFA 2nd Division,2,2014–15,Torino,HJK,2-0,H,Continental,Wikipedia,2014–15 UEFA Europa League group stage
2014-10-23,UEFA,UEFA 2nd Division,2,2014–15,Tottenham Hotspur,Asteras Tripolis,5-1,H,Continental,Wikipedia,2014–15 UEFA Europa League group stage
2014-10-23,UEFA,UEFA 2nd Division,2,2014–15,Trabzonspor,Lokeren,2-0,H,Continental,Wikipedia,2014–15 UEFA Europa League group stage
2014-10-23,UEFA,UEFA 2nd Division,2,2014–15,Villarreal,Zürich,4-1,H,Continental,Wikipedia,2014–15 UEFA Europa League group stage
2014-10-23,UEFA,UEFA 2nd Division,2,2014–15,Young Boys,Napoli,2-0,H,Continental,Wikipedia,2014–15 UEFA Europa League group stage
2014-11-06,UEFA,UEFA 2nd Division,2,2014–15,Apollon Limassol,Borussia Mönchengladbach,0-2,A,Continental,Wikipedia,2014–15 UEFA Europa League group stage
2014-11-06,UEFA,UEFA 2nd Division,2,2014–15,Asteras Tripolis,Tottenham Hotspur,1-2,A,Continental,Wikipedia,2014–15 UEFA Europa League group stage
2014-11-06,UEFA,UEFA 2nd Division,2,2014–15,Astra Giurgiu,Celtic,1-1,D,Continental,Wikipedia,2014–15 UEFA Europa League group stage
2014-11-06,UEFA,UEFA 2nd Division,2,2014–15,Beşiktaş,Partizan,2-1,H,Continental,Wikipedia,2014–15 UEFA Europa League group stage
2014-11-06,UEFA,UEFA 2nd Division,2,2014–15,Copenhagen,Club Brugge,0-4,A,Continental,Wikipedia,2014–15 UEFA Europa League group stage
2014-11-06,UEFA,UEFA 2nd Division,2,2014–15,Dinamo Zagreb,Red Bull Salzburg,1-5,A,Continental,Wikipedia,2014–15 UEFA Europa League group stage
2014-11-06,UEFA,UEFA 2nd Division,2,2014–15,Dynamo Kyiv,AaB,2-0,H,Continental,Wikipedia,2014–15 UEFA Europa League group stage
2014-11-06,UEFA,UEFA 2nd Division,2,2014–15,Dynamo Moscow,Estoril,1-0,H,Continental,Wikipedia,2014–15 UEFA Europa League group stage
2014-11-06,UEFA,UEFA 2nd Division,2,2014–15,Everton,Lille,3-0,H,Continental,Wikipedia,2014–15 UEFA Europa League group stage
2014-11-06,UEFA,UEFA 2nd Division,2,2014–15,Feyenoord,Rijeka,2-0,H,Continental,Wikipedia,2014–15 UEFA Europa League group stage
2014-11-06,UEFA,UEFA 2nd Division,2,2014–15,Fiorentina,PAOK,1-1,D,Continental,Wikipedia,2014–15 UEFA Europa League group stage
2014-11-06,UEFA,UEFA 2nd Division,2,2014–15,Guingamp,Dinamo Minsk,2-0,H,Continental,Wikipedia,2014–15 UEFA Europa League group stage
2014-11-06,UEFA,UEFA 2nd Division,2,2014–15,HJK,Torino,2-1,H,Continental,Wikipedia,2014–15 UEFA Europa League group stage
2014-11-06,UEFA,UEFA 2nd Division,2,2014–15,Legia Warsaw,Metalist Kharkiv,2-1,H,Continental,Wikipedia,2014–15 UEFA Europa League group stage
2014-11-06,UEFA,UEFA 2nd Division,2,2014–15,Lokeren,Trabzonspor,1-1,D,Continental,Wikipedia,2014–15 UEFA Europa League group stage
2014-11-06,UEFA,UEFA 2nd Division,2,2014–15,Napoli,Young Boys,3-0,H,Continental,Wikipedia,2014–15 UEFA Europa League group stage
2014-11-06,UEFA,UEFA 2nd Division,2,2014–15,Panathinaikos,PSV Eindhoven,2-3,A,Continental,Wikipedia,2014–15 UEFA Europa League group stage
2014-11-06,UEFA,UEFA 2nd Division,2,2014–15,Qarabağ,Dnipro Dnipropetrovsk,1-2,A,Continental,Wikipedia,2014–15 UEFA Europa League group stage
2014-11-06,UEFA,UEFA 2nd Division,2,2014–15,Rio Ave,Steaua București,2-2,D,Continental,Wikipedia,2014–15 UEFA Europa League group stage
2014-11-06,UEFA,UEFA 2nd Division,2,2014–15,Saint-Étienne,Internazionale,1-1,D,Continental,Wikipedia,2014–15 UEFA Europa League group stage
2014-11-06,UEFA,UEFA 2nd Division,2,2014–15,Sevilla,Standard Liège,3-1,H,Continental,Wikipedia,2014–15 UEFA Europa League group stage
2014-11-06,UEFA,UEFA 2nd Division,2,2014–15,Sparta Prague,Slovan Bratislava,4-0,H,Continental,Wikipedia,2014–15 UEFA Europa League group stage
2014-11-06,UEFA,UEFA 2nd Division,2,2014–15,VfL Wolfsburg,Krasnodar,5-1,H,Continental,Wikipedia,2014–15 UEFA Europa League group stage
2014-11-06,UEFA,UEFA 2nd Division,2,2014–15,Zürich,Villarreal,3-2,H,Continental,Wikipedia,2014–15 UEFA Europa League group stage
2014-11-27,UEFA,UEFA 2nd Division,2,2014–15,AaB,Steaua București,1-0,H,Continental,Wikipedia,2014–15 UEFA Europa League group stage
2014-11-27,UEFA,UEFA 2nd Division,2,2014–15,Asteras Tripolis,Beşiktaş,2-2,D,Continental,Wikipedia,2014–15 UEFA Europa League group stage
2014-11-27,UEFA,UEFA 2nd Division,2,2014–15,Astra Giurgiu,Dinamo Zagreb,1-0,H,Continental,Wikipedia,2014–15 UEFA Europa League group stage
2014-11-27,UEFA,UEFA 2nd Division,2,2014–15,Celtic,Red Bull Salzburg,1-3,A,Continental,Wikipedia,2014–15 UEFA Europa League group stage
2014-11-27,UEFA,UEFA 2nd Division,2,2014–15,Dinamo Minsk,PAOK,0-2,A,Continental,Wikipedia,2014–15 UEFA Europa League group stage
2014-11-27,UEFA,UEFA 2nd Division,2,2014–15,Dynamo Kyiv,Rio Ave,2-0,H,Continental,Wikipedia,2014–15 UEFA Europa League group stage
2014-11-27,UEFA,UEFA 2nd Division,2,2014–15,Dynamo Moscow,Panathinaikos,2-1,H,Continental,Wikipedia,2014–15 UEFA Europa League group stage
2014-11-27,UEFA,UEFA 2nd Division,2,2014–15,Estoril,PSV Eindhoven,3-3,D,Continental,Wikipedia,2014–15 UEFA Europa League group stage
2014-11-27,UEFA,UEFA 2nd Division,2,2014–15,Feyenoord,Sevilla,2-0,H,Continental,Wikipedia,2014–15 UEFA Europa League group stage
2014-11-27,UEFA,UEFA 2nd Division,2,2014–15,Guingamp,Fiorentina,1-2,A,Continental,Wikipedia,2014–15 UEFA Europa League group stage
2014-11-27,UEFA,UEFA 2nd Division,2,2014–15,HJK,Copenhagen,2-1,H,Continental,Wikipedia,2014–15 UEFA Europa League group stage
2014-11-27,UEFA,UEFA 2nd Division,2,2014–15,Internazionale,Dnipro Dnipropetrovsk,2-1,H,Continental,Wikipedia,2014–15 UEFA Europa League group stage
2014-11-27,UEFA,UEFA 2nd Division,2,2014–15,Krasnodar,Lille,1-1,D,Continental,Wikipedia,2014–15 UEFA Europa League group stage
2014-11-27,UEFA,UEFA 2nd Division,2,2014–15,Lokeren,Legia Warsaw,1-0,H,Continental,Wikipedia,2014–15 UEFA Europa League group stage
2014-11-27,UEFA,UEFA 2nd Division,2,2014–15,Rijeka,Standard Liège,2-0,H,Continental,Wikipedia,2014–15 UEFA Europa League group stage
2014-11-27,UEFA,UEFA 2nd Division,2,2014–15,Saint-Étienne,Qarabağ,1-1,D,Continental,Wikipedia,2014–15 UEFA Europa League group stage
2014-11-27,UEFA,UEFA 2nd Division,2,2014–15,Slovan Bratislava,Young Boys,1-3,A,Continental,Wikipedia,2014–15 UEFA Europa League group stage
2014-11-27,UEFA,UEFA 2nd Division,2,2014–15,Sparta Prague,Napoli,0-0,D,Continental,Wikipedia,2014–15 UEFA Europa League group stage
2014-11-27,UEFA,UEFA 2nd Division,2,2014–15,Torino,Club Brugge,0-0,D,Continental,Wikipedia,2014–15 UEFA Europa League group stage
2014-11-27,UEFA,UEFA 2nd Division,2,2014–15,Tottenham Hotspur,Partizan,1-0,H,Continental,Wikipedia,2014–15 UEFA Europa League group stage
2014-11-27,UEFA,UEFA 2nd Division,2,2014–15,Trabzonspor,Metalist Kharkiv,3-1,H,Continental,Wikipedia,2014–15 UEFA Europa League group stage
2014-11-27,UEFA,UEFA 2nd Division,2,2014–15,VfL Wolfsburg,Everton,0-2,A,Continental,Wikipedia,2014–15 UEFA Europa League group stage
2014-11-27,UEFA,UEFA 2nd Division,2,2014–15,Villarreal,Borussia Mönchengladbach,2-2,D,Continental,Wikipedia,2014–15 UEFA Europa League group stage
2014-11-27,UEFA,UEFA 2nd Division,2,2014–15,Zürich,Apollon Limassol,3-1,H,Continental,Wikipedia,2014–15 UEFA Europa League group stage
2014-12-11,UEFA,UEFA 2nd Division,2,2014–15,Apollon Limassol,Villarreal,0-2,A,Continental,Wikipedia,2014–15 UEFA Europa League group stage
2014-12-11,UEFA,UEFA 2nd Division,2,2014–15,Beşiktaş,Tottenham Hotspur,1-0,H,Continental,Wikipedia,2014–15 UEFA Europa League group stage
2014-12-11,UEFA,UEFA 2nd Division,2,2014–15,Borussia Mönchengladbach,Zürich,3-0,H,Continental,Wikipedia,2014–15 UEFA Europa League group stage
2014-12-11,UEFA,UEFA 2nd Division,2,2014–15,Club Brugge,HJK,2-1,H,Continental,Wikipedia,2014–15 UEFA Europa League group stage
2014-12-11,UEFA,UEFA 2nd Division,2,2014–15,Copenhagen,Torino,1-5,A,Continental,Wikipedia,2014–15 UEFA Europa League group stage
2014-12-11,UEFA,UEFA 2nd Division,2,2014–15,Dinamo Zagreb,Celtic,4-3,H,Continental,Wikipedia,2014–15 UEFA Europa League group stage
2014-12-11,UEFA,UEFA 2nd Division,2,2014–15,Dnipro Dnipropetrovsk,Saint-Étienne,1-0,H,Continental,Wikipedia,2014–15 UEFA Europa League group stage
2014-12-11,UEFA,UEFA 2nd Division,2,2014–15,Everton,Krasnodar,0-1,A,Continental,Wikipedia,2014–15 UEFA Europa League group stage
2014-12-11,UEFA,UEFA 2nd Division,2,2014–15,Fiorentina,Dinamo Minsk,1-2,A,Continental,Wikipedia,2014–15 UEFA Europa League group stage
2014-12-11,UEFA,UEFA 2nd Division,2,2014–15,Legia Warsaw,Trabzonspor,2-0,H,Continental,Wikipedia,2014–15 UEFA Europa League group stage
2014-12-11,UEFA,UEFA 2nd Division,2,2014–15,Lille,VfL Wolfsburg,0-3,A,Continental,Wikipedia,2014–15 UEFA Europa League group stage
2014-12-11,UEFA,UEFA 2nd Division,2,2014–15,Metalist Kharkiv,Lokeren,0-1,A,Continental,Wikipedia,2014–15 UEFA Europa League group stage
2014-12-11,UEFA,UEFA 2nd Division,2,2014–15,Napoli,Slovan Bratislava,3-0,H,Continental,Wikipedia,2014–15 UEFA Europa League group stage
2014-12-11,UEFA,UEFA 2nd Division,2,2014–15,PAOK,Guingamp,1-2,A,Continental,Wikipedia,2014–15 UEFA Europa League group stage
2014-12-11,UEFA,UEFA 2nd Division,2,2014–15,PSV Eindhoven,Dynamo Moscow,0-1,A,Continental,Wikipedia,2014–15 UEFA Europa League group stage
2014-12-11,UEFA,UEFA 2nd Division,2,2014–15,Panathinaikos,Estoril,1-1,D,Continental,Wikipedia,2014–15 UEFA Europa League group stage
2014-12-11,UEFA,UEFA 2nd Division,2,2014–15,Partizan,Asteras Tripolis,0-0,D,Continental,Wikipedia,2014–15 UEFA Europa League group stage
2014-12-11,UEFA,UEFA 2nd Division,2,2014–15,Qarabağ,Internazionale,0-0,D,Continental,Wikipedia,2014–15 UEFA Europa League group stage
2014-12-11,UEFA,UEFA 2nd Division,2,2014–15,Red Bull Salzburg,Astra Giurgiu,5-1,H,Continental,Wikipedia,2014–15 UEFA Europa League group stage
2014-12-11,UEFA,UEFA 2nd Division,2,2014–15,Rio Ave,AaB,2-0,H,Continental,Wikipedia,2014–15 UEFA Europa League group stage
2014-12-11,UEFA,UEFA 2nd Division,2,2014–15,Sevilla,Rijeka,1-0,H,Continental,Wikipedia,2014–15 UEFA Europa League group stage
2014-12-11,UEFA,UEFA 2nd Division,2,2014–15,Standard Liège,Feyenoord,0-3,A,Continental,Wikipedia,2014–15 UEFA Europa League group stage
2014-12-11,UEFA,UEFA 2nd Division,2,2014–15,Steaua București,Dynamo Kyiv,0-2,A,Continental,Wikipedia,2014–15 UEFA Europa League group stage
2014-12-11,UEFA,UEFA 2nd Division,2,2014–15,Young Boys,Sparta Prague,2-0,H,Continental,Wikipedia,2014–15 UEFA Europa League group stage
2015-02-19,UEFA,UEFA 2nd Division,2,2014–15,AaB,Club Brugge,1-3,A,Continental,Wikipedia,2014–15 UEFA Europa League knockout phase
2015-02-19,UEFA,UEFA 2nd Division,2,2014–15,Ajax,Legia Warsaw,1-0,H,Continental,Wikipedia,2014–15 UEFA Europa League knockout phase
2015-02-19,UEFA,UEFA 2nd Division,2,2014–15,Anderlecht,Dynamo Moscow,0-0,D,Continental,Wikipedia,2014–15 UEFA Europa League knockout phase
2015-02-19,UEFA,UEFA 2nd Division,2,2014–15,Celtic,Internazionale,3-3,D,Continental,Wikipedia,2014–15 UEFA Europa League knockout phase
2015-02-19,UEFA,UEFA 2nd Division,2,2014–15,Dnipro Dnipropetrovsk,Olympiacos,2-0,H,Continental,Wikipedia,2014–15 UEFA Europa League knockout phase
2015-02-19,UEFA,UEFA 2nd Division,2,2014–15,Guingamp,Dynamo Kyiv,2-1,H,Continental,Wikipedia,2014–15 UEFA Europa League knockout phase
2015-02-19,UEFA,UEFA 2nd Division,2,2014–15,Liverpool,Beşiktaş,1-0,H,Continental,Wikipedia,2014–15 UEFA Europa League knockout phase
2015-02-19,UEFA,UEFA 2nd Division,2,2014–15,PSV Eindhoven,Zenit Saint Petersburg,0-1,A,Continental,Wikipedia,2014–15 UEFA Europa League knockout phase
2015-02-19,UEFA,UEFA 2nd Division,2,2014–15,Roma,Feyenoord,1-1,D,Continental,Wikipedia,2014–15 UEFA Europa League knockout phase
2015-02-19,UEFA,UEFA 2nd Division,2,2014–15,Sevilla,Borussia Mönchengladbach,1-0,H,Continental,Wikipedia,2014–15 UEFA Europa League knockout phase
2015-02-19,UEFA,UEFA 2nd Division,2,2014–15,Torino,Athletic Bilbao,2-2,D,Continental,Wikipedia,2014–15 UEFA Europa League knockout phase
2015-02-19,UEFA,UEFA 2nd Division,2,2014–15,Tottenham Hotspur,Fiorentina,1-1,D,Continental,Wikipedia,2014–15 UEFA Europa League knockout phase
2015-02-19,UEFA,UEFA 2nd Division,2,2014–15,Trabzonspor,Napoli,0-4,A,Continental,Wikipedia,2014–15 UEFA Europa League knockout phase
2015-02-19,UEFA,UEFA 2nd Division,2,2014–15,VfL Wolfsburg,Sporting CP,2-0,H,Continental,Wikipedia,2014–15 UEFA Europa League knockout phase
2015-02-19,UEFA,UEFA 2nd Division,2,2014–15,Villarreal,Red Bull Salzburg,2-1,H,Continental,Wikipedia,2014–15 UEFA Europa League knockout phase
2015-02-19,UEFA,UEFA 2nd Division,2,2014–15,Young Boys,Everton,1-4,A,Continental,Wikipedia,2014–15 UEFA Europa League knockout phase
2015-02-26,UEFA,UEFA 2nd Division,2,2014–15,Athletic Bilbao,Torino,2-3,A,Continental,Wikipedia,2014–15 UEFA Europa League knockout phase
2015-02-26,UEFA,UEFA 2nd Division,2,2014–15,Beşiktaş,Liverpool,1-0,H,Continental,Wikipedia,2014–15 UEFA Europa League knockout phase
2015-02-26,UEFA,UEFA 2nd Division,2,2014–15,Borussia Mönchengladbach,Sevilla,2-3,A,Continental,Wikipedia,2014–15 UEFA Europa League knockout phase
2015-02-26,UEFA,UEFA 2nd Division,2,2014–15,Club Brugge,AaB,3-0,H,Continental,Wikipedia,2014–15 UEFA Europa League knockout phase
2015-02-26,UEFA,UEFA 2nd Division,2,2014–15,Dynamo Kyiv,Guingamp,3-1,H,Continental,Wikipedia,2014–15 UEFA Europa League knockout phase
2015-02-26,UEFA,UEFA 2nd Division,2,2014–15,Dynamo Moscow,Anderlecht,3-1,H,Continental,Wikipedia,2014–15 UEFA Europa League knockout phase
2015-02-26,UEFA,UEFA 2nd Division,2,2014–15,Everton,Young Boys,3-1,H,Continental,Wikipedia,2014–15 UEFA Europa League knockout phase
2015-02-26,UEFA,UEFA 2nd Division,2,2014–15,Feyenoord,Roma,1-2,A,Continental,Wikipedia,2014–15 UEFA Europa League knockout phase
2015-02-26,UEFA,UEFA 2nd Division,2,2014–15,Fiorentina,Tottenham Hotspur,2-0,H,Continental,Wikipedia,2014–15 UEFA Europa League knockout phase
2015-02-26,UEFA,UEFA 2nd Division,2,2014–15,Internazionale,Celtic,1-0,H,Continental,Wikipedia,2014–15 UEFA Europa League knockout phase
2015-02-26,UEFA,UEFA 2nd Division,2,2014–15,Legia Warsaw,Ajax,0-3,A,Continental,Wikipedia,2014–15 UEFA Europa League knockout phase
2015-02-26,UEFA,UEFA 2nd Division,2,2014–15,Napoli,Trabzonspor,1-0,H,Continental,Wikipedia,2014–15 UEFA Europa League knockout phase
2015-02-26,UEFA,UEFA 2nd Division,2,2014–15,Olympiacos,Dnipro Dnipropetrovsk,2-2,D,Continental,Wikipedia,2014–15 UEFA Europa League knockout phase
2015-02-26,UEFA,UEFA 2nd Division,2,2014–15,Red Bull Salzburg,Villarreal,1-3,A,Continental,Wikipedia,2014–15 UEFA Europa League knockout phase
2015-02-26,UEFA,UEFA 2nd Division,2,2014–15,Sporting CP,VfL Wolfsburg,0-0,D,Continental,Wikipedia,2014–15 UEFA Europa League knockout phase
2015-02-26,UEFA,UEFA 2nd Division,2,2014–15,Zenit Saint Petersburg,PSV Eindhoven,3-0,H,Continental,Wikipedia,2014–15 UEFA Europa League knockout phase
2015-03-12,UEFA,UEFA 2nd Division,2,2014–15,Club Brugge,Beşiktaş,2-1,H,Continental,Wikipedia,2014–15 UEFA Europa League knockout phase
2015-03-12,UEFA,UEFA 2nd Division,2,2014–15,Dnipro Dnipropetrovsk,Ajax,1-0,H,Continental,Wikipedia,2014–15 UEFA Europa League knockout phase
2015-03-12,UEFA,UEFA 2nd Division,2,2014–15,Everton,Dynamo Kyiv,2-1,H,Continental,Wikipedia,2014–15 UEFA Europa League knockout phase
2015-03-12,UEFA,UEFA 2nd Division,2,2014–15,Fiorentina,Roma,1-1,D,Continental,Wikipedia,2014–15 UEFA Europa League knockout phase
2015-03-12,UEFA,UEFA 2nd Division,2,2014–15,Napoli,Dynamo Moscow,3-1,H,Continental,Wikipedia,2014–15 UEFA Europa League knockout phase
2015-03-12,UEFA,UEFA 2nd Division,2,2014–15,VfL Wolfsburg,Internazionale,3-1,H,Continental,Wikipedia,2014–15 UEFA Europa League knockout phase
2015-03-12,UEFA,UEFA 2nd Division,2,2014–15,Villarreal,Sevilla,1-3,A,Continental,Wikipedia,2014–15 UEFA Europa League knockout phase
2015-03-12,UEFA,UEFA 2nd Division,2,2014–15,Zenit Saint Petersburg,Torino,2-0,H,Continental,Wikipedia,2014–15 UEFA Europa League knockout phase
2015-03-19,UEFA,UEFA 2nd Division,2,2014–15,Ajax,Dnipro Dnipropetrovsk,2-1,H,Continental,Wikipedia,2014–15 UEFA Europa League knockout phase
2015-03-19,UEFA,UEFA 2nd Division,2,2014–15,Beşiktaş,Club Brugge,1-3,A,Continental,Wikipedia,2014–15 UEFA Europa League knockout phase
2015-03-19,UEFA,UEFA 2nd Division,2,2014–15,Dynamo Kyiv,Everton,5-2,H,Continental,Wikipedia,2014–15 UEFA Europa League knockout phase
2015-03-19,UEFA,UEFA 2nd Division,2,2014–15,Dynamo Moscow,Napoli,0-0,D,Continental,Wikipedia,2014–15 UEFA Europa League knockout phase
2015-03-19,UEFA,UEFA 2nd Division,2,2014–15,Internazionale,VfL Wolfsburg,1-2,A,Continental,Wikipedia,2014–15 UEFA Europa League knockout phase
2015-03-19,UEFA,UEFA 2nd Division,2,2014–15,Roma,Fiorentina,0-3,A,Continental,Wikipedia,2014–15 UEFA Europa League knockout phase
2015-03-19,UEFA,UEFA 2nd Division,2,2014–15,Sevilla,Villarreal,2-1,H,Continental,Wikipedia,2014–15 UEFA Europa League knockout phase
2015-03-19,UEFA,UEFA 2nd Division,2,2014–15,Torino,Zenit Saint Petersburg,1-0,H,Continental,Wikipedia,2014–15 UEFA Europa League knockout phase
2015-04-16,UEFA,UEFA 2nd Division,2,2014–15,Club Brugge,Dnipro Dnipropetrovsk,0-0,D,Continental,Wikipedia,2014–15 UEFA Europa League knockout phase
2015-04-16,UEFA,UEFA 2nd Division,2,2014–15,Dynamo Kyiv,Fiorentina,1-1,D,Continental,Wikipedia,2014–15 UEFA Europa League knockout phase
2015-04-16,UEFA,UEFA 2nd Division,2,2014–15,Sevilla,Zenit Saint Petersburg,2-1,H,Continental,Wikipedia,2014–15 UEFA Europa League knockout phase
2015-04-16,UEFA,UEFA 2nd Division,2,2014–15,VfL Wolfsburg,Napoli,1-4,A,Continental,Wikipedia,2014–15 UEFA Europa League knockout phase
2015-04-23,UEFA,UEFA 2nd Division,2,2014–15,Dnipro Dnipropetrovsk,Club Brugge,1-0,H,Continental,Wikipedia,2014–15 UEFA Europa League knockout phase
2015-04-23,UEFA,UEFA 2nd Division,2,2014–15,Fiorentina,Dynamo Kyiv,2-0,H,Continental,Wikipedia,2014–15 UEFA Europa League knockout phase
2015-04-23,UEFA,UEFA 2nd Division,2,2014–15,Napoli,VfL Wolfsburg,2-2,D,Continental,Wikipedia,2014–15 UEFA Europa League knockout phase
2015-04-23,UEFA,UEFA 2nd Division,2,2014–15,Zenit Saint Petersburg,Sevilla,2-2,D,Continental,Wikipedia,2014–15 UEFA Europa League knockout phase
2015-05-07,UEFA,UEFA 2nd Division,2,2014–15,Napoli,Dnipro Dnipropetrovsk,1-1,D,Continental,Wikipedia,2014–15 UEFA Europa League knockout phase
2015-05-07,UEFA,UEFA 2nd Division,2,2014–15,Sevilla,Fiorentina,3-0,H,Continental,Wikipedia,2014–15 UEFA Europa League knockout phase
2015-05-14,UEFA,UEFA 2nd Division,2,2014–15,Dnipro Dnipropetrovsk,Napoli,1-0,H,Continental,Wikipedia,2014–15 UEFA Europa League knockout phase
2015-05-14,UEFA,UEFA 2nd Division,2,2014–15,Fiorentina,Sevilla,0-2,A,Continental,Wikipedia,2014–15 UEFA Europa League knockout phase
2015-09-17,UEFA,UEFA 2nd Division,2,2015–16,APOEL,Schalke 04,0-3,A,Continental,Wikipedia,2015–16 UEFA Europa League group stage
2015-09-17,UEFA,UEFA 2nd Division,2,2015–16,Ajax,Celtic,2-2,D,Continental,Wikipedia,2015–16 UEFA Europa League group stage
2015-09-17,UEFA,UEFA 2nd Division,2,2015–16,Anderlecht,Monaco,1-1,D,Continental,Wikipedia,2015–16 UEFA Europa League group stage
2015-09-17,UEFA,UEFA 2nd Division,2,2015–16,Asteras Tripolis,Sparta Prague,1-1,D,Continental,Wikipedia,2015–16 UEFA Europa League group stage
2015-09-17,UEFA,UEFA 2nd Division,2,2015–16,Athletic Bilbao,FC Augsburg,3-1,H,Continental,Wikipedia,2015–16 UEFA Europa League group stage
2015-09-17,UEFA,UEFA 2nd Division,2,2015–16,Bordeaux,Liverpool,1-1,D,Continental,Wikipedia,2015–16 UEFA Europa League group stage
2015-09-17,UEFA,UEFA 2nd Division,2,2015–16,Borussia Dortmund,Krasnodar,2-1,H,Continental,Wikipedia,2015–16 UEFA Europa League group stage
2015-09-17,UEFA,UEFA 2nd Division,2,2015–16,Dnipro Dnipropetrovsk,Lazio,1-1,D,Continental,Wikipedia,2015–16 UEFA Europa League group stage
2015-09-17,UEFA,UEFA 2nd Division,2,2015–16,Fenerbahçe,Molde,1-3,A,Continental,Wikipedia,2015–16 UEFA Europa League group stage
2015-09-17,UEFA,UEFA 2nd Division,2,2015–16,Fiorentina,Basel,1-2,A,Continental,Wikipedia,2015–16 UEFA Europa League group stage
2015-09-17,UEFA,UEFA 2nd Division,2,2015–16,Gabala,PAOK,0-0,D,Continental,Wikipedia,2015–16 UEFA Europa League group stage
2015-09-17,UEFA,UEFA 2nd Division,2,2015–16,Groningen,Marseille,0-3,A,Continental,Wikipedia,2015–16 UEFA Europa League group stage
2015-09-17,UEFA,UEFA 2nd Division,2,2015–16,Lech Poznań,Belenenses,0-0,D,Continental,Wikipedia,2015–16 UEFA Europa League group stage
2015-09-17,UEFA,UEFA 2nd Division,2,2015–16,Midtjylland,Legia Warsaw,1-0,H,Continental,Wikipedia,2015–16 UEFA Europa League group stage
2015-09-17,UEFA,UEFA 2nd Division,2,2015–16,Napoli,Club Brugge,5-0,H,Continental,Wikipedia,2015–16 UEFA Europa League group stage
2015-09-17,UEFA,UEFA 2nd Division,2,2015–16,Partizan,AZ,3-2,H,Continental,Wikipedia,2015–16 UEFA Europa League group stage
2015-09-17,UEFA,UEFA 2nd Division,2,2015–16,Rapid Wien,Villarreal,2-1,H,Continental,Wikipedia,2015–16 UEFA Europa League group stage
2015-09-17,UEFA,UEFA 2nd Division,2,2015–16,Saint-Étienne,Rosenborg,2-2,D,Continental,Wikipedia,2015–16 UEFA Europa League group stage
2015-09-17,UEFA,UEFA 2nd Division,2,2015–16,Sion,Rubin Kazan,2-1,H,Continental,Wikipedia,2015–16 UEFA Europa League group stage
2015-09-17,UEFA,UEFA 2nd Division,2,2015–16,Skënderbeu,Beşiktaş,0-1,A,Continental,Wikipedia,2015–16 UEFA Europa League group stage
2015-09-17,UEFA,UEFA 2nd Division,2,2015–16,Slovan Liberec,Braga,0-1,A,Continental,Wikipedia,2015–16 UEFA Europa League group stage
2015-09-17,UEFA,UEFA 2nd Division,2,2015–16,Sporting CP,Lokomotiv Moscow,1-3,A,Continental,Wikipedia,2015–16 UEFA Europa League group stage
2015-09-17,UEFA,UEFA 2nd Division,2,2015–16,Tottenham Hotspur,Qarabağ,3-1,H,Continental,Wikipedia,2015–16 UEFA Europa League group stage
2015-09-17,UEFA,UEFA 2nd Division,2,2015–16,Viktoria Plzeň,Dinamo Minsk,2-0,H,Continental,Wikipedia,2015–16 UEFA Europa League group stage
2015-10-01,UEFA,UEFA 2nd Division,2,2015–16,AZ,Athletic Bilbao,2-1,H,Continental,Wikipedia,2015–16 UEFA Europa League group stage
2015-10-01,UEFA,UEFA 2nd Division,2,2015–16,Basel,Lech Poznań,2-0,H,Continental,Wikipedia,2015–16 UEFA Europa League group stage
2015-10-01,UEFA,UEFA 2nd Division,2,2015–16,Belenenses,Fiorentina,0-4,A,Continental,Wikipedia,2015–16 UEFA Europa League group stage
2015-10-01,UEFA,UEFA 2nd Division,2,2015–16,Beşiktaş,Sporting CP,1-1,D,Continental,Wikipedia,2015–16 UEFA Europa League group stage
2015-10-01,UEFA,UEFA 2nd Division,2,2015–16,Braga,Groningen,1-0,H,Continental,Wikipedia,2015–16 UEFA Europa League group stage
2015-10-01,UEFA,UEFA 2nd Division,2,2015–16,Celtic,Fenerbahçe,2-2,D,Continental,Wikipedia,2015–16 UEFA Europa League group stage
2015-10-01,UEFA,UEFA 2nd Division,2,2015–16,Club Brugge,Midtjylland,1-3,A,Continental,Wikipedia,2015–16 UEFA Europa League group stage
2015-10-01,UEFA,UEFA 2nd Division,2,2015–16,Dinamo Minsk,Rapid Wien,0-1,A,Continental,Wikipedia,2015–16 UEFA Europa League group stage
2015-10-01,UEFA,UEFA 2nd Division,2,2015–16,FC Augsburg,Partizan,1-3,A,Continental,Wikipedia,2015–16 UEFA Europa League group stage
2015-10-01,UEFA,UEFA 2nd Division,2,2015–16,Krasnodar,Gabala,2-1,H,Continental,Wikipedia,2015–16 UEFA Europa League group stage
2015-10-01,UEFA,UEFA 2nd Division,2,2015–16,Lazio,Saint-Étienne,3-2,H,Continental,Wikipedia,2015–16 UEFA Europa League group stage
2015-10-01,UEFA,UEFA 2nd Division,2,2015–16,Legia Warsaw,Napoli,0-2,A,Continental,Wikipedia,2015–16 UEFA Europa League group stage
2015-10-01,UEFA,UEFA 2nd Division,2,2015–16,Liverpool,Sion,1-1,D,Continental,Wikipedia,2015–16 UEFA Europa League group stage
2015-10-01,UEFA,UEFA 2nd Division,2,2015–16,Lokomotiv Moscow,Skënderbeu,2-0,H,Continental,Wikipedia,2015–16 UEFA Europa League group stage
2015-10-01,UEFA,UEFA 2nd Division,2,2015–16,Marseille,Slovan Liberec,0-1,A,Continental,Wikipedia,2015–16 UEFA Europa League group stage
2015-10-01,UEFA,UEFA 2nd Division,2,2015–16,Molde,Ajax,1-1,D,Continental,Wikipedia,2015–16 UEFA Europa League group stage
2015-10-01,UEFA,UEFA 2nd Division,2,2015–16,Monaco,Tottenham Hotspur,1-1,D,Continental,Wikipedia,2015–16 UEFA Europa League group stage
2015-10-01,UEFA,UEFA 2nd Division,2,2015–16,PAOK,Borussia Dortmund,1-1,D,Continental,Wikipedia,2015–16 UEFA Europa League group stage
2015-10-01,UEFA,UEFA 2nd Division,2,2015–16,Qarabağ,Anderlecht,1-0,H,Continental,Wikipedia,2015–16 UEFA Europa League group stage
2015-10-01,UEFA,UEFA 2nd Division,2,2015–16,Rosenborg,Dnipro Dnipropetrovsk,0-1,A,Continental,Wikipedia,2015–16 UEFA Europa League group stage
2015-10-01,UEFA,UEFA 2nd Division,2,2015–16,Rubin Kazan,Bordeaux,0-0,D,Continental,Wikipedia,2015–16 UEFA Europa League group stage
2015-10-01,UEFA,UEFA 2nd Division,2,2015–16,Schalke 04,Asteras Tripolis,4-0,H,Continental,Wikipedia,2015–16 UEFA Europa League group stage
2015-10-01,UEFA,UEFA 2nd Division,2,2015–16,Sparta Prague,APOEL,2-0,H,Continental,Wikipedia,2015–16 UEFA Europa League group stage
2015-10-01,UEFA,UEFA 2nd Division,2,2015–16,Villarreal,Viktoria Plzeň,1-0,H,Continental,Wikipedia,2015–16 UEFA Europa League group stage
2015-10-22,UEFA,UEFA 2nd Division,2,2015–16,APOEL,Asteras Tripolis,2-1,H,Continental,Wikipedia,2015–16 UEFA Europa League group stage
2015-10-22,UEFA,UEFA 2nd Division,2,2015–16,AZ,FC Augsburg,0-1,A,Continental,Wikipedia,2015–16 UEFA Europa League group stage
2015-10-22,UEFA,UEFA 2nd Division,2,2015–16,Anderlecht,Tottenham Hotspur,2-1,H,Continental,Wikipedia,2015–16 UEFA Europa League group stage
2015-10-22,UEFA,UEFA 2nd Division,2,2015–16,Basel,Belenenses,1-2,A,Continental,Wikipedia,2015–16 UEFA Europa League group stage
2015-10-22,UEFA,UEFA 2nd Division,2,2015–16,Bordeaux,Sion,0-1,A,Continental,Wikipedia,2015–16 UEFA Europa League group stage
2015-10-22,UEFA,UEFA 2nd Division,2,2015–16,Braga,Marseille,3-2,H,Continental,Wikipedia,2015–16 UEFA Europa League group stage
2015-10-22,UEFA,UEFA 2nd Division,2,2015–16,Dnipro Dnipropetrovsk,Saint-Étienne,0-1,A,Continental,Wikipedia,2015–16 UEFA Europa League group stage
2015-10-22,UEFA,UEFA 2nd Division,2,2015–16,Fenerbahçe,Ajax,1-0,H,Continental,Wikipedia,2015–16 UEFA Europa League group stage
2015-10-22,UEFA,UEFA 2nd Division,2,2015–16,Fiorentina,Lech Poznań,1-2,A,Continental,Wikipedia,2015–16 UEFA Europa League group stage
2015-10-22,UEFA,UEFA 2nd Division,2,2015–16,Gabala,Borussia Dortmund,1-3,A,Continental,Wikipedia,2015–16 UEFA Europa League group stage
2015-10-22,UEFA,UEFA 2nd Division,2,2015–16,Lazio,Rosenborg,3-1,H,Continental,Wikipedia,2015–16 UEFA Europa League group stage
2015-10-22,UEFA,UEFA 2nd Division,2,2015–16,Legia Warsaw,Club Brugge,1-1,D,Continental,Wikipedia,2015–16 UEFA Europa League group stage
2015-10-22,UEFA,UEFA 2nd Division,2,2015–16,Liverpool,Rubin Kazan,1-1,D,Continental,Wikipedia,2015–16 UEFA Europa League group stage
2015-10-22,UEFA,UEFA 2nd Division,2,2015–16,Lokomotiv Moscow,Beşiktaş,1-1,D,Continental,Wikipedia,2015–16 UEFA Europa League group stage
2015-10-22,UEFA,UEFA 2nd Division,2,2015–16,Midtjylland,Napoli,1-4,A,Continental,Wikipedia,2015–16 UEFA Europa League group stage
2015-10-22,UEFA,UEFA 2nd Division,2,2015–16,Molde,Celtic,3-1,H,Continental,Wikipedia,2015–16 UEFA Europa League group stage
2015-10-22,UEFA,UEFA 2nd Division,2,2015–16,Monaco,Qarabağ,1-0,H,Continental,Wikipedia,2015–16 UEFA Europa League group stage
2015-10-22,UEFA,UEFA 2nd Division,2,2015–16,PAOK,Krasnodar,0-0,D,Continental,Wikipedia,2015–16 UEFA Europa League group stage
2015-10-22,UEFA,UEFA 2nd Division,2,2015–16,Partizan,Athletic Bilbao,0-2,A,Continental,Wikipedia,2015–16 UEFA Europa League group stage
2015-10-22,UEFA,UEFA 2nd Division,2,2015–16,Rapid Wien,Viktoria Plzeň,3-2,H,Continental,Wikipedia,2015–16 UEFA Europa League group stage
2015-10-22,UEFA,UEFA 2nd Division,2,2015–16,Schalke 04,Sparta Prague,2-2,D,Continental,Wikipedia,2015–16 UEFA Europa League group stage
2015-10-22,UEFA,UEFA 2nd Division,2,2015–16,Slovan Liberec,Groningen,1-1,D,Continental,Wikipedia,2015–16 UEFA Europa League group stage
2015-10-22,UEFA,UEFA 2nd Division,2,2015–16,Sporting CP,Skënderbeu,5-1,H,Continental,Wikipedia,2015–16 UEFA Europa League group stage
2015-10-22,UEFA,UEFA 2nd Division,2,2015–16,Villarreal,Dinamo Minsk,4-0,H,Continental,Wikipedia,2015–16 UEFA Europa League group stage
2015-11-05,UEFA,UEFA 2nd Division,2,2015–16,Ajax,Fenerbahçe,0-0,D,Continental,Wikipedia,2015–16 UEFA Europa League group stage
2015-11-05,UEFA,UEFA 2nd Division,2,2015–16,Asteras Tripolis,APOEL,2-0,H,Continental,Wikipedia,2015–16 UEFA Europa League group stage
2015-11-05,UEFA,UEFA 2nd Division,2,2015–16,Athletic Bilbao,Partizan,5-1,H,Continental,Wikipedia,2015–16 UEFA Europa League group stage
2015-11-05,UEFA,UEFA 2nd Division,2,2015–16,Belenenses,Basel,0-2,A,Continental,Wikipedia,2015–16 UEFA Europa League group stage
2015-11-05,UEFA,UEFA 2nd Division,2,2015–16,Beşiktaş,Lokomotiv Moscow,1-1,D,Continental,Wikipedia,2015–16 UEFA Europa League group stage
2015-11-05,UEFA,UEFA 2nd Division,2,2015–16,Borussia Dortmund,Gabala,4-0,H,Continental,Wikipedia,2015–16 UEFA Europa League group stage
2015-11-05,UEFA,UEFA 2nd Division,2,2015–16,Celtic,Molde,1-2,A,Continental,Wikipedia,2015–16 UEFA Europa League group stage
2015-11-05,UEFA,UEFA 2nd Division,2,2015–16,Club Brugge,Legia Warsaw,1-0,H,Continental,Wikipedia,2015–16 UEFA Europa League group stage
2015-11-05,UEFA,UEFA 2nd Division,2,2015–16,Dinamo Minsk,Villarreal,1-2,A,Continental,Wikipedia,2015–16 UEFA Europa League group stage
2015-11-05,UEFA,UEFA 2nd Division,2,2015–16,FC Augsburg,AZ,4-1,H,Continental,Wikipedia,2015–16 UEFA Europa League group stage
2015-11-05,UEFA,UEFA 2nd Division,2,2015–16,Groningen,Slovan Liberec,0-1,A,Continental,Wikipedia,2015–16 UEFA Europa League group stage
2015-11-05,UEFA,UEFA 2nd Division,2,2015–16,Krasnodar,PAOK,2-1,H,Continental,Wikipedia,2015–16 UEFA Europa League group stage
2015-11-05,UEFA,UEFA 2nd Division,2,2015–16,Lech Poznań,Fiorentina,0-2,A,Continental,Wikipedia,2015–16 UEFA Europa League group stage
2015-11-05,UEFA,UEFA 2nd Division,2,2015–16,Marseille,Braga,1-0,H,Continental,Wikipedia,2015–16 UEFA Europa League group stage
2015-11-05,UEFA,UEFA 2nd Division,2,2015–16,Napoli,Midtjylland,5-0,H,Continental,Wikipedia,2015–16 UEFA Europa League group stage
2015-11-05,UEFA,UEFA 2nd Division,2,2015–16,Qarabağ,Monaco,1-1,D,Continental,Wikipedia,2015–16 UEFA Europa League group stage
2015-11-05,UEFA,UEFA 2nd Division,2,2015–16,Rosenborg,Lazio,0-2,A,Continental,Wikipedia,2015–16 UEFA Europa League group stage
2015-11-05,UEFA,UEFA 2nd Division,2,2015–16,Rubin Kazan,Liverpool,0-1,A,Continental,Wikipedia,2015–16 UEFA Europa League group stage
2015-11-05,UEFA,UEFA 2nd Division,2,2015–16,Saint-Étienne,Dnipro Dnipropetrovsk,3-0,H,Continental,Wikipedia,2015–16 UEFA Europa League group stage
2015-11-05,UEFA,UEFA 2nd Division,2,2015–16,Sion,Bordeaux,1-1,D,Continental,Wikipedia,2015–16 UEFA Europa League group stage
2015-11-05,UEFA,UEFA 2nd Division,2,2015–16,Skënderbeu,Sporting CP,3-0,H,Continental,Wikipedia,2015–16 UEFA Europa League group stage
2015-11-05,UEFA,UEFA 2nd Division,2,2015–16,Sparta Prague,Schalke 04,1-1,D,Continental,Wikipedia,2015–16 UEFA Europa League group stage
2015-11-05,UEFA,UEFA 2nd Division,2,2015–16,Tottenham Hotspur,Anderlecht,2-1,H,Continental,Wikipedia,2015–16 UEFA Europa League group stage
2015-11-05,UEFA,UEFA 2nd Division,2,2015–16,Viktoria Plzeň,Rapid Wien,1-2,A,Continental,Wikipedia,2015–16 UEFA Europa League group stage
2015-11-26,UEFA,UEFA 2nd Division,2,2015–16,AZ,Partizan,1-2,A,Continental,Wikipedia,2015–16 UEFA Europa League group stage
2015-11-26,UEFA,UEFA 2nd Division,2,2015–16,Basel,Fiorentina,2-2,D,Continental,Wikipedia,2015–16 UEFA Europa League group stage
2015-11-26,UEFA,UEFA 2nd Division,2,2015–16,Belenenses,Lech Poznań,0-0,D,Continental,Wikipedia,2015–16 UEFA Europa League group stage
2015-11-26,UEFA,UEFA 2nd Division,2,2015–16,Beşiktaş,Skënderbeu,2-0,H,Continental,Wikipedia,2015–16 UEFA Europa League group stage
2015-11-26,UEFA,UEFA 2nd Division,2,2015–16,Braga,Slovan Liberec,2-1,H,Continental,Wikipedia,2015–16 UEFA Europa League group stage
2015-11-26,UEFA,UEFA 2nd Division,2,2015–16,Celtic,Ajax,1-2,A,Continental,Wikipedia,2015–16 UEFA Europa League group stage
2015-11-26,UEFA,UEFA 2nd Division,2,2015–16,Club Brugge,Napoli,0-1,A,Continental,Wikipedia,2015–16 UEFA Europa League group stage
2015-11-26,UEFA,UEFA 2nd Division,2,2015–16,Dinamo Minsk,Viktoria Plzeň,1-0,H,Continental,Wikipedia,2015–16 UEFA Europa League group stage
2015-11-26,UEFA,UEFA 2nd Division,2,2015–16,FC Augsburg,Athletic Bilbao,2-3,A,Continental,Wikipedia,2015–16 UEFA Europa League group stage
2015-11-26,UEFA,UEFA 2nd Division,2,2015–16,Krasnodar,Borussia Dortmund,1-0,H,Continental,Wikipedia,2015–16 UEFA Europa League group stage
2015-11-26,UEFA,UEFA 2nd Division,2,2015–16,Lazio,Dnipro Dnipropetrovsk,3-1,H,Continental,Wikipedia,2015–16 UEFA Europa League group stage
2015-11-26,UEFA,UEFA 2nd Division,2,2015–16,Legia Warsaw,Midtjylland,1-0,H,Continental,Wikipedia,2015–16 UEFA Europa League group stage
2015-11-26,UEFA,UEFA 2nd Division,2,2015–16,Liverpool,Bordeaux,2-1,H,Continental,Wikipedia,2015–16 UEFA Europa League group stage
2015-11-26,UEFA,UEFA 2nd Division,2,2015–16,Lokomotiv Moscow,Sporting CP,2-4,A,Continental,Wikipedia,2015–16 UEFA Europa League group stage
2015-11-26,UEFA,UEFA 2nd Division,2,2015–16,Marseille,Groningen,2-1,H,Continental,Wikipedia,2015–16 UEFA Europa League group stage
2015-11-26,UEFA,UEFA 2nd Division,2,2015–16,Molde,Fenerbahçe,0-2,A,Continental,Wikipedia,2015–16 UEFA Europa League group stage
2015-11-26,UEFA,UEFA 2nd Division,2,2015–16,Monaco,Anderlecht,0-2,A,Continental,Wikipedia,2015–16 UEFA Europa League group stage
2015-11-26,UEFA,UEFA 2nd Division,2,2015–16,PAOK,Gabala,0-0,D,Continental,Wikipedia,2015–16 UEFA Europa League group stage
2015-11-26,UEFA,UEFA 2nd Division,2,2015–16,Qarabağ,Tottenham Hotspur,0-1,A,Continental,Wikipedia,2015–16 UEFA Europa League group stage
2015-11-26,UEFA,UEFA 2nd Division,2,2015–16,Rosenborg,Saint-Étienne,1-1,D,Continental,Wikipedia,2015–16 UEFA Europa League group stage
2015-11-26,UEFA,UEFA 2nd Division,2,2015–16,Rubin Kazan,Sion,2-0,H,Continental,Wikipedia,2015–16 UEFA Europa League group stage
2015-11-26,UEFA,UEFA 2nd Division,2,2015–16,Schalke 04,APOEL,1-0,H,Continental,Wikipedia,2015–16 UEFA Europa League group stage
2015-11-26,UEFA,UEFA 2nd Division,2,2015–16,Sparta Prague,Asteras Tripolis,1-0,H,Continental,Wikipedia,2015–16 UEFA Europa League group stage
2015-11-26,UEFA,UEFA 2nd Division,2,2015–16,Villarreal,Rapid Wien,1-0,H,Continental,Wikipedia,2015–16 UEFA Europa League group stage
2015-12-10,UEFA,UEFA 2nd Division,2,2015–16,APOEL,Sparta Prague,1-3,A,Continental,Wikipedia,2015–16 UEFA Europa League group stage
2015-12-10,UEFA,UEFA 2nd Division,2,2015–16,Ajax,Molde,1-1,D,Continental,Wikipedia,2015–16 UEFA Europa League group stage
2015-12-10,UEFA,UEFA 2nd Division,2,2015–16,Anderlecht,Qarabağ,2-1,H,Continental,Wikipedia,2015–16 UEFA Europa League group stage
2015-12-10,UEFA,UEFA 2nd Division,2,2015–16,Asteras Tripolis,Schalke 04,0-4,A,Continental,Wikipedia,2015–16 UEFA Europa League group stage
2015-12-10,UEFA,UEFA 2nd Division,2,2015–16,Athletic Bilbao,AZ,2-2,D,Continental,Wikipedia,2015–16 UEFA Europa League group stage
2015-12-10,UEFA,UEFA 2nd Division,2,2015–16,Bordeaux,Rubin Kazan,2-2,D,Continental,Wikipedia,2015–16 UEFA Europa League group stage
2015-12-10,UEFA,UEFA 2nd Division,2,2015–16,Borussia Dortmund,PAOK,0-1,A,Continental,Wikipedia,2015–16 UEFA Europa League group stage
2015-12-10,UEFA,UEFA 2nd Division,2,2015–16,Dnipro Dnipropetrovsk,Rosenborg,3-0,H,Continental,Wikipedia,2015–16 UEFA Europa League group stage
2015-12-10,UEFA,UEFA 2nd Division,2,2015–16,Fenerbahçe,Celtic,1-1,D,Continental,Wikipedia,2015–16 UEFA Europa League group stage
2015-12-10,UEFA,UEFA 2nd Division,2,2015–16,Fiorentina,Belenenses,1-0,H,Continental,Wikipedia,2015–16 UEFA Europa League group stage
2015-12-10,UEFA,UEFA 2nd Division,2,2015–16,Gabala,Krasnodar,0-3,A,Continental,Wikipedia,2015–16 UEFA Europa League group stage
2015-12-10,UEFA,UEFA 2nd Division,2,2015–16,Groningen,Braga,0-0,D,Continental,Wikipedia,2015–16 UEFA Europa League group stage
2015-12-10,UEFA,UEFA 2nd Division,2,2015–16,Lech Poznań,Basel,0-1,A,Continental,Wikipedia,2015–16 UEFA Europa League group stage
2015-12-10,UEFA,UEFA 2nd Division,2,2015–16,Midtjylland,Club Brugge,1-1,D,Continental,Wikipedia,2015–16 UEFA Europa League group stage
2015-12-10,UEFA,UEFA 2nd Division,2,2015–16,Napoli,Legia Warsaw,5-2,H,Continental,Wikipedia,2015–16 UEFA Europa League group stage
2015-12-10,UEFA,UEFA 2nd Division,2,2015–16,Partizan,FC Augsburg,1-3,A,Continental,Wikipedia,2015–16 UEFA Europa League group stage
2015-12-10,UEFA,UEFA 2nd Division,2,2015–16,Rapid Wien,Dinamo Minsk,2-1,H,Continental,Wikipedia,2015–16 UEFA Europa League group stage
2015-12-10,UEFA,UEFA 2nd Division,2,2015–16,Saint-Étienne,Lazio,1-1,D,Continental,Wikipedia,2015–16 UEFA Europa League group stage
2015-12-10,UEFA,UEFA 2nd Division,2,2015–16,Sion,Liverpool,0-0,D,Continental,Wikipedia,2015–16 UEFA Europa League group stage
2015-12-10,UEFA,UEFA 2nd Division,2,2015–16,Skënderbeu,Lokomotiv Moscow,0-3,A,Continental,Wikipedia,2015–16 UEFA Europa League group stage
2015-12-10,UEFA,UEFA 2nd Division,2,2015–16,Slovan Liberec,Marseille,2-4,A,Continental,Wikipedia,2015–16 UEFA Europa League group stage
2015-12-10,UEFA,UEFA 2nd Division,2,2015–16,Sporting CP,Beşiktaş,3-1,H,Continental,Wikipedia,2015–16 UEFA Europa League group stage
2015-12-10,UEFA,UEFA 2nd Division,2,2015–16,Tottenham Hotspur,Monaco,4-1,H,Continental,Wikipedia,2015–16 UEFA Europa League group stage
2015-12-10,UEFA,UEFA 2nd Division,2,2015–16,Viktoria Plzeň,Villarreal,3-3,D,Continental,Wikipedia,2015–16 UEFA Europa League group stage
2016-02-16,UEFA,UEFA 2nd Division,2,2015–16,Fenerbahçe,Lokomotiv Moscow,2-0,H,Continental,Wikipedia,2015–16 UEFA Europa League knockout phase
2016-02-18,UEFA,UEFA 2nd Division,2,2015–16,Anderlecht,Olympiacos,1-0,H,Continental,Wikipedia,2015–16 UEFA Europa League knockout phase
2016-02-18,UEFA,UEFA 2nd Division,2,2015–16,Borussia Dortmund,Porto,2-0,H,Continental,Wikipedia,2015–16 UEFA Europa League knockout phase
2016-02-18,UEFA,UEFA 2nd Division,2,2015–16,FC Augsburg,Liverpool,0-0,D,Continental,Wikipedia,2015–16 UEFA Europa League knockout phase
2016-02-18,UEFA,UEFA 2nd Division,2,2015–16,Fiorentina,Tottenham Hotspur,1-1,D,Continental,Wikipedia,2015–16 UEFA Europa League knockout phase
2016-02-18,UEFA,UEFA 2nd Division,2,2015–16,Galatasaray,Lazio,1-1,D,Continental,Wikipedia,2015–16 UEFA Europa League knockout phase
2016-02-18,UEFA,UEFA 2nd Division,2,2015–16,Marseille,Athletic Bilbao,0-1,A,Continental,Wikipedia,2015–16 UEFA Europa League knockout phase
2016-02-18,UEFA,UEFA 2nd Division,2,2015–16,Midtjylland,Manchester United,2-1,H,Continental,Wikipedia,2015–16 UEFA Europa League knockout phase
2016-02-18,UEFA,UEFA 2nd Division,2,2015–16,Saint-Étienne,Basel,3-2,H,Continental,Wikipedia,2015–16 UEFA Europa League knockout phase
2016-02-18,UEFA,UEFA 2nd Division,2,2015–16,Sevilla,Molde,3-0,H,Continental,Wikipedia,2015–16 UEFA Europa League knockout phase
2016-02-18,UEFA,UEFA 2nd Division,2,2015–16,Shakhtar Donetsk,Schalke 04,0-0,D,Continental,Wikipedia,2015–16 UEFA Europa League knockout phase
2016-02-18,UEFA,UEFA 2nd Division,2,2015–16,Sion,Braga,1-2,A,Continental,Wikipedia,2015–16 UEFA Europa League knockout phase
2016-02-18,UEFA,UEFA 2nd Division,2,2015–16,Sparta Prague,Krasnodar,1-0,H,Continental,Wikipedia,2015–16 UEFA Europa League knockout phase
2016-02-18,UEFA,UEFA 2nd Division,2,2015–16,Sporting CP,Bayer Leverkusen,0-1,A,Continental,Wikipedia,2015–16 UEFA Europa League knockout phase
2016-02-18,UEFA,UEFA 2nd Division,2,2015–16,Valencia,Rapid Wien,6-0,H,Continental,Wikipedia,2015–16 UEFA Europa League knockout phase
2016-02-18,UEFA,UEFA 2nd Division,2,2015–16,Villarreal,Napoli,1-0,H,Continental,Wikipedia,2015–16 UEFA Europa League knockout phase
2016-02-24,UEFA,UEFA 2nd Division,2,2015–16,Braga,Sion,2-2,D,Continental,Wikipedia,2015–16 UEFA Europa League knockout phase
2016-02-25,UEFA,UEFA 2nd Division,2,2015–16,Athletic Bilbao,Marseille,1-1,D,Continental,Wikipedia,2015–16 UEFA Europa League knockout phase
2016-02-25,UEFA,UEFA 2nd Division,2,2015–16,Basel,Saint-Étienne,2-1,H,Continental,Wikipedia,2015–16 UEFA Europa League knockout phase
2016-02-25,UEFA,UEFA 2nd Division,2,2015–16,Bayer Leverkusen,Sporting CP,3-1,H,Continental,Wikipedia,2015–16 UEFA Europa League knockout phase
2016-02-25,UEFA,UEFA 2nd Division,2,2015–16,Krasnodar,Sparta Prague,0-3,A,Continental,Wikipedia,2015–16 UEFA Europa League knockout phase
2016-02-25,UEFA,UEFA 2nd Division,2,2015–16,Lazio,Galatasaray,3-1,H,Continental,Wikipedia,2015–16 UEFA Europa League knockout phase
2016-02-25,UEFA,UEFA 2nd Division,2,2015–16,Liverpool,FC Augsburg,1-0,H,Continental,Wikipedia,2015–16 UEFA Europa League knockout phase
2016-02-25,UEFA,UEFA 2nd Division,2,2015–16,Lokomotiv Moscow,Fenerbahçe,1-1,D,Continental,Wikipedia,2015–16 UEFA Europa League knockout phase
2016-02-25,UEFA,UEFA 2nd Division,2,2015–16,Manchester United,Midtjylland,5-1,H,Continental,Wikipedia,2015–16 UEFA Europa League knockout phase
2016-02-25,UEFA,UEFA 2nd Division,2,2015–16,Molde,Sevilla,1-0,H,Continental,Wikipedia,2015–16 UEFA Europa League knockout phase
2016-02-25,UEFA,UEFA 2nd Division,2,2015–16,Napoli,Villarreal,1-1,D,Continental,Wikipedia,2015–16 UEFA Europa League knockout phase
2016-02-25,UEFA,UEFA 2nd Division,2,2015–16,Olympiacos,Anderlecht,1-2,A,Continental,Wikipedia,2015–16 UEFA Europa League knockout phase
2016-02-25,UEFA,UEFA 2nd Division,2,2015–16,Porto,Borussia Dortmund,0-1,A,Continental,Wikipedia,2015–16 UEFA Europa League knockout phase
2016-02-25,UEFA,UEFA 2nd Division,2,2015–16,Rapid Wien,Valencia,0-4,A,Continental,Wikipedia,2015–16 UEFA Europa League knockout phase
2016-02-25,UEFA,UEFA 2nd Division,2,2015–16,Schalke 04,Shakhtar Donetsk,0-3,A,Continental,Wikipedia,2015–16 UEFA Europa League knockout phase
2016-02-25,UEFA,UEFA 2nd Division,2,2015–16,Tottenham Hotspur,Fiorentina,3-0,H,Continental,Wikipedia,2015–16 UEFA Europa League knockout phase
2016-03-10,UEFA,UEFA 2nd Division,2,2015–16,Athletic Bilbao,Valencia,1-0,H,Continental,Wikipedia,2015–16 UEFA Europa League knockout phase
2016-03-10,UEFA,UEFA 2nd Division,2,2015–16,Basel,Sevilla,0-0,D,Continental,Wikipedia,2015–16 UEFA Europa League knockout phase
2016-03-10,UEFA,UEFA 2nd Division,2,2015–16,Borussia Dortmund,Tottenham Hotspur,3-0,H,Continental,Wikipedia,2015–16 UEFA Europa League knockout phase
2016-03-10,UEFA,UEFA 2nd Division,2,2015–16,Fenerbahçe,Braga,1-0,H,Continental,Wikipedia,2015–16 UEFA Europa League knockout phase
2016-03-10,UEFA,UEFA 2nd Division,2,2015–16,Liverpool,Manchester United,2-0,H,Continental,Wikipedia,2015–16 UEFA Europa League knockout phase
2016-03-10,UEFA,UEFA 2nd Division,2,2015–16,Shakhtar Donetsk,Anderlecht,3-1,H,Continental,Wikipedia,2015–16 UEFA Europa League knockout phase
2016-03-10,UEFA,UEFA 2nd Division,2,2015–16,Sparta Prague,Lazio,1-1,D,Continental,Wikipedia,2015–16 UEFA Europa League knockout phase
2016-03-10,UEFA,UEFA 2nd Division,2,2015–16,Villarreal,Bayer Leverkusen,2-0,H,Continental,Wikipedia,2015–16 UEFA Europa League knockout phase
2016-03-17,UEFA,UEFA 2nd Division,2,2015–16,Anderlecht,Shakhtar Donetsk,0-1,A,Continental,Wikipedia,2015–16 UEFA Europa League knockout phase
2016-03-17,UEFA,UEFA 2nd Division,2,2015–16,Bayer Leverkusen,Villarreal,0-0,D,Continental,Wikipedia,2015–16 UEFA Europa League knockout phase
2016-03-17,UEFA,UEFA 2nd Division,2,2015–16,Braga,Fenerbahçe,4-1,H,Continental,Wikipedia,2015–16 UEFA Europa League knockout phase
2016-03-17,UEFA,UEFA 2nd Division,2,2015–16,Lazio,Sparta Prague,0-3,A,Continental,Wikipedia,2015–16 UEFA Europa League knockout phase
2016-03-17,UEFA,UEFA 2nd Division,2,2015–16,Manchester United,Liverpool,1-1,D,Continental,Wikipedia,2015–16 UEFA Europa League knockout phase
2016-03-17,UEFA,UEFA 2nd Division,2,2015–16,Sevilla,Basel,3-0,H,Continental,Wikipedia,2015–16 UEFA Europa League knockout phase
2016-03-17,UEFA,UEFA 2nd Division,2,2015–16,Tottenham Hotspur,Borussia Dortmund,1-2,A,Continental,Wikipedia,2015–16 UEFA Europa League knockout phase
2016-03-17,UEFA,UEFA 2nd Division,2,2015–16,Valencia,Athletic Bilbao,2-1,H,Continental,Wikipedia,2015–16 UEFA Europa League knockout phase
2016-04-07,UEFA,UEFA 2nd Division,2,2015–16,Athletic Bilbao,Sevilla,1-2,A,Continental,Wikipedia,2015–16 UEFA Europa League knockout phase
2016-04-07,UEFA,UEFA 2nd Division,2,2015–16,Borussia Dortmund,Liverpool,1-1,D,Continental,Wikipedia,2015–16 UEFA Europa League knockout phase
2016-04-07,UEFA,UEFA 2nd Division,2,2015–16,Braga,Shakhtar Donetsk,1-2,A,Continental,Wikipedia,2015–16 UEFA Europa League knockout phase
2016-04-07,UEFA,UEFA 2nd Division,2,2015–16,Villarreal,Sparta Prague,2-1,H,Continental,Wikipedia,2015–16 UEFA Europa League knockout phase
2016-04-14,UEFA,UEFA 2nd Division,2,2015–16,Liverpool,Borussia Dortmund,4-3,H,Continental,Wikipedia,2015–16 UEFA Europa League knockout phase
2016-04-14,UEFA,UEFA 2nd Division,2,2015–16,Sevilla,Athletic Bilbao,1-2,A,Continental,Wikipedia,2015–16 UEFA Europa League knockout phase
2016-04-14,UEFA,UEFA 2nd Division,2,2015–16,Shakhtar Donetsk,Braga,4-0,H,Continental,Wikipedia,2015–16 UEFA Europa League knockout phase
2016-04-14,UEFA,UEFA 2nd Division,2,2015–16,Sparta Prague,Villarreal,2-4,A,Continental,Wikipedia,2015–16 UEFA Europa League knockout phase
2016-04-28,UEFA,UEFA 2nd Division,2,2015–16,Shakhtar Donetsk,Sevilla,2-2,D,Continental,Wikipedia,2015–16 UEFA Europa League knockout phase
2016-04-28,UEFA,UEFA 2nd Division,2,2015–16,Villarreal,Liverpool,1-0,H,Continental,Wikipedia,2015–16 UEFA Europa League knockout phase
2016-05-05,UEFA,UEFA 2nd Division,2,2015–16,Liverpool,Villarreal,3-0,H,Continental,Wikipedia,2015–16 UEFA Europa League knockout phase
2016-05-05,UEFA,UEFA 2nd Division,2,2015–16,Sevilla,Shakhtar Donetsk,3-1,H,Continental,Wikipedia,2015–16 UEFA Europa League knockout phase
2016-09-15,UEFA,UEFA 2nd Division,2,2016–17,APOEL,Astana,2-1,H,Continental,Wikipedia,2016–17 UEFA Europa League group stage
2016-09-15,UEFA,UEFA 2nd Division,2,2016–17,AZ,Dundalk,1-1,D,Continental,Wikipedia,2016–17 UEFA Europa League group stage
2016-09-15,UEFA,UEFA 2nd Division,2,2016–17,Anderlecht,Gabala,3-1,H,Continental,Wikipedia,2016–17 UEFA Europa League group stage
2016-09-15,UEFA,UEFA 2nd Division,2,2016–17,Astra Giurgiu,Austria Wien,2-3,A,Continental,Wikipedia,2016–17 UEFA Europa League group stage
2016-09-15,UEFA,UEFA 2nd Division,2,2016–17,Braga,Gent,1-1,D,Continental,Wikipedia,2016–17 UEFA Europa League group stage
2016-09-15,UEFA,UEFA 2nd Division,2,2016–17,Feyenoord,Manchester United,1-0,H,Continental,Wikipedia,2016–17 UEFA Europa League group stage
2016-09-15,UEFA,UEFA 2nd Division,2,2016–17,Internazionale,Hapoel Be'er Sheva,0-2,A,Continental,Wikipedia,2016–17 UEFA Europa League group stage
2016-09-15,UEFA,UEFA 2nd Division,2,2016–17,Konyaspor,Shakhtar Donetsk,0-1,A,Continental,Wikipedia,2016–17 UEFA Europa League group stage
2016-09-15,UEFA,UEFA 2nd Division,2,2016–17,Maccabi Tel Aviv,Zenit Saint Petersburg,3-4,A,Continental,Wikipedia,2016–17 UEFA Europa League group stage
2016-09-15,UEFA,UEFA 2nd Division,2,2016–17,Mainz 05,Saint-Étienne,1-1,D,Continental,Wikipedia,2016–17 UEFA Europa League group stage
2016-09-15,UEFA,UEFA 2nd Division,2,2016–17,Nice,Schalke 04,0-1,A,Continental,Wikipedia,2016–17 UEFA Europa League group stage
2016-09-15,UEFA,UEFA 2nd Division,2,2016–17,Osmanlıspor,Steaua București,2-0,H,Continental,Wikipedia,2016–17 UEFA Europa League group stage
2016-09-15,UEFA,UEFA 2nd Division,2,2016–17,PAOK,Fiorentina,0-0,D,Continental,Wikipedia,2016–17 UEFA Europa League group stage
2016-09-15,UEFA,UEFA 2nd Division,2,2016–17,Panathinaikos,Ajax,1-2,A,Continental,Wikipedia,2016–17 UEFA Europa League group stage
2016-09-15,UEFA,UEFA 2nd Division,2,2016–17,Qarabağ,Slovan Liberec,2-2,D,Continental,Wikipedia,2016–17 UEFA Europa League group stage
2016-09-15,UEFA,UEFA 2nd Division,2,2016–17,Rapid Wien,Genk,3-2,H,Continental,Wikipedia,2016–17 UEFA Europa League group stage
2016-09-15,UEFA,UEFA 2nd Division,2,2016–17,Red Bull Salzburg,Krasnodar,0-1,A,Continental,Wikipedia,2016–17 UEFA Europa League group stage
2016-09-15,UEFA,UEFA 2nd Division,2,2016–17,Sassuolo,Athletic Bilbao,3-0,H,Continental,Wikipedia,2016–17 UEFA Europa League group stage
2016-09-15,UEFA,UEFA 2nd Division,2,2016–17,Southampton,Sparta Prague,3-0,H,Continental,Wikipedia,2016–17 UEFA Europa League group stage
2016-09-15,UEFA,UEFA 2nd Division,2,2016–17,Standard Liège,Celta Vigo,1-1,D,Continental,Wikipedia,2016–17 UEFA Europa League group stage
2016-09-15,UEFA,UEFA 2nd Division,2,2016–17,Viktoria Plzeň,Roma,1-1,D,Continental,Wikipedia,2016–17 UEFA Europa League group stage
2016-09-15,UEFA,UEFA 2nd Division,2,2016–17,Villarreal,Zürich,2-1,H,Continental,Wikipedia,2016–17 UEFA Europa League group stage
2016-09-15,UEFA,UEFA 2nd Division,2,2016–17,Young Boys,Olympiacos,0-1,A,Continental,Wikipedia,2016–17 UEFA Europa League group stage
2016-09-15,UEFA,UEFA 2nd Division,2,2016–17,Zorya Luhansk,Fenerbahçe,1-1,D,Continental,Wikipedia,2016–17 UEFA Europa League group stage
2016-09-29,UEFA,UEFA 2nd Division,2,2016–17,Ajax,Standard Liège,1-0,H,Continental,Wikipedia,2016–17 UEFA Europa League group stage
2016-09-29,UEFA,UEFA 2nd Division,2,2016–17,Astana,Young Boys,0-0,D,Continental,Wikipedia,2016–17 UEFA Europa League group stage
2016-09-29,UEFA,UEFA 2nd Division,2,2016–17,Athletic Bilbao,Rapid Wien,1-0,H,Continental,Wikipedia,2016–17 UEFA Europa League group stage
2016-09-29,UEFA,UEFA 2nd Division,2,2016–17,Austria Wien,Viktoria Plzeň,0-0,D,Continental,Wikipedia,2016–17 UEFA Europa League group stage
2016-09-29,UEFA,UEFA 2nd Division,2,2016–17,Celta Vigo,Panathinaikos,2-0,H,Continental,Wikipedia,2016–17 UEFA Europa League group stage
2016-09-29,UEFA,UEFA 2nd Division,2,2016–17,Dundalk,Maccabi Tel Aviv,1-0,H,Continental,Wikipedia,2016–17 UEFA Europa League group stage
2016-09-29,UEFA,UEFA 2nd Division,2,2016–17,Fenerbahçe,Feyenoord,1-0,H,Continental,Wikipedia,2016–17 UEFA Europa League group stage
2016-09-29,UEFA,UEFA 2nd Division,2,2016–17,Fiorentina,Qarabağ,5-1,H,Continental,Wikipedia,2016–17 UEFA Europa League group stage
2016-09-29,UEFA,UEFA 2nd Division,2,2016–17,Gabala,Mainz 05,2-3,A,Continental,Wikipedia,2016–17 UEFA Europa League group stage
2016-09-29,UEFA,UEFA 2nd Division,2,2016–17,Genk,Sassuolo,3-1,H,Continental,Wikipedia,2016–17 UEFA Europa League group stage
2016-09-29,UEFA,UEFA 2nd Division,2,2016–17,Gent,Konyaspor,2-0,H,Continental,Wikipedia,2016–17 UEFA Europa League group stage
2016-09-29,UEFA,UEFA 2nd Division,2,2016–17,Hapoel Be'er Sheva,Southampton,0-0,D,Continental,Wikipedia,2016–17 UEFA Europa League group stage
2016-09-29,UEFA,UEFA 2nd Division,2,2016–17,Krasnodar,Nice,5-2,H,Continental,Wikipedia,2016–17 UEFA Europa League group stage
2016-09-29,UEFA,UEFA 2nd Division,2,2016–17,Manchester United,Zorya Luhansk,1-0,H,Continental,Wikipedia,2016–17 UEFA Europa League group stage
2016-09-29,UEFA,UEFA 2nd Division,2,2016–17,Olympiacos,APOEL,0-1,A,Continental,Wikipedia,2016–17 UEFA Europa League group stage
2016-09-29,UEFA,UEFA 2nd Division,2,2016–17,Roma,Astra Giurgiu,4-0,H,Continental,Wikipedia,2016–17 UEFA Europa League group stage
2016-09-29,UEFA,UEFA 2nd Division,2,2016–17,Saint-Étienne,Anderlecht,1-1,D,Continental,Wikipedia,2016–17 UEFA Europa League group stage
2016-09-29,UEFA,UEFA 2nd Division,2,2016–17,Schalke 04,Red Bull Salzburg,3-1,H,Continental,Wikipedia,2016–17 UEFA Europa League group stage
2016-09-29,UEFA,UEFA 2nd Division,2,2016–17,Shakhtar Donetsk,Braga,2-0,H,Continental,Wikipedia,2016–17 UEFA Europa League group stage
2016-09-29,UEFA,UEFA 2nd Division,2,2016–17,Slovan Liberec,PAOK,1-2,A,Continental,Wikipedia,2016–17 UEFA Europa League group stage
2016-09-29,UEFA,UEFA 2nd Division,2,2016–17,Sparta Prague,Internazionale,3-1,H,Continental,Wikipedia,2016–17 UEFA Europa League group stage
2016-09-29,UEFA,UEFA 2nd Division,2,2016–17,Steaua București,Villarreal,1-1,D,Continental,Wikipedia,2016–17 UEFA Europa League group stage
2016-09-29,UEFA,UEFA 2nd Division,2,2016–17,Zenit Saint Petersburg,AZ,5-0,H,Continental,Wikipedia,2016–17 UEFA Europa League group stage
2016-09-29,UEFA,UEFA 2nd Division,2,2016–17,Zürich,Osmanlıspor,2-1,H,Continental,Wikipedia,2016–17 UEFA Europa League group stage
2016-10-20,UEFA,UEFA 2nd Division,2,2016–17,AZ,Maccabi Tel Aviv,1-2,A,Continental,Wikipedia,2016–17 UEFA Europa League group stage
2016-10-20,UEFA,UEFA 2nd Division,2,2016–17,Celta Vigo,Ajax,2-2,D,Continental,Wikipedia,2016–17 UEFA Europa League group stage
2016-10-20,UEFA,UEFA 2nd Division,2,2016–17,Dundalk,Zenit Saint Petersburg,1-2,A,Continental,Wikipedia,2016–17 UEFA Europa League group stage
2016-10-20,UEFA,UEFA 2nd Division,2,2016–17,Feyenoord,Zorya Luhansk,1-0,H,Continental,Wikipedia,2016–17 UEFA Europa League group stage
2016-10-20,UEFA,UEFA 2nd Division,2,2016–17,Genk,Athletic Bilbao,2-0,H,Continental,Wikipedia,2016–17 UEFA Europa League group stage
2016-10-20,UEFA,UEFA 2nd Division,2,2016–17,Hapoel Be'er Sheva,Sparta Prague,0-1,A,Continental,Wikipedia,2016–17 UEFA Europa League group stage
2016-10-20,UEFA,UEFA 2nd Division,2,2016–17,Internazionale,Southampton,1-0,H,Continental,Wikipedia,2016–17 UEFA Europa League group stage
2016-10-20,UEFA,UEFA 2nd Division,2,2016–17,Konyaspor,Braga,1-1,D,Continental,Wikipedia,2016–17 UEFA Europa League group stage
2016-10-20,UEFA,UEFA 2nd Division,2,2016–17,Krasnodar,Schalke 04,0-1,A,Continental,Wikipedia,2016–17 UEFA Europa League group stage
2016-10-20,UEFA,UEFA 2nd Division,2,2016–17,Mainz 05,Anderlecht,1-1,D,Continental,Wikipedia,2016–17 UEFA Europa League group stage
2016-10-20,UEFA,UEFA 2nd Division,2,2016–17,Manchester United,Fenerbahçe,4-1,H,Continental,Wikipedia,2016–17 UEFA Europa League group stage
2016-10-20,UEFA,UEFA 2nd Division,2,2016–17,Olympiacos,Astana,4-1,H,Continental,Wikipedia,2016–17 UEFA Europa League group stage
2016-10-20,UEFA,UEFA 2nd Division,2,2016–17,Osmanlıspor,Villarreal,2-2,D,Continental,Wikipedia,2016–17 UEFA Europa League group stage
2016-10-20,UEFA,UEFA 2nd Division,2,2016–17,Qarabağ,PAOK,2-0,H,Continental,Wikipedia,2016–17 UEFA Europa League group stage
2016-10-20,UEFA,UEFA 2nd Division,2,2016–17,Rapid Wien,Sassuolo,1-1,D,Continental,Wikipedia,2016–17 UEFA Europa League group stage
2016-10-20,UEFA,UEFA 2nd Division,2,2016–17,Red Bull Salzburg,Nice,0-1,A,Continental,Wikipedia,2016–17 UEFA Europa League group stage
2016-10-20,UEFA,UEFA 2nd Division,2,2016–17,Roma,Austria Wien,3-3,D,Continental,Wikipedia,2016–17 UEFA Europa League group stage
2016-10-20,UEFA,UEFA 2nd Division,2,2016–17,Saint-Étienne,Gabala,1-0,H,Continental,Wikipedia,2016–17 UEFA Europa League group stage
2016-10-20,UEFA,UEFA 2nd Division,2,2016–17,Shakhtar Donetsk,Gent,5-0,H,Continental,Wikipedia,2016–17 UEFA Europa League group stage
2016-10-20,UEFA,UEFA 2nd Division,2,2016–17,Slovan Liberec,Fiorentina,1-3,A,Continental,Wikipedia,2016–17 UEFA Europa League group stage
2016-10-20,UEFA,UEFA 2nd Division,2,2016–17,Standard Liège,Panathinaikos,2-2,D,Continental,Wikipedia,2016–17 UEFA Europa League group stage
2016-10-20,UEFA,UEFA 2nd Division,2,2016–17,Steaua București,Zürich,1-1,D,Continental,Wikipedia,2016–17 UEFA Europa League group stage
2016-10-20,UEFA,UEFA 2nd Division,2,2016–17,Viktoria Plzeň,Astra Giurgiu,1-2,A,Continental,Wikipedia,2016–17 UEFA Europa League group stage
2016-10-20,UEFA,UEFA 2nd Division,2,2016–17,Young Boys,APOEL,3-1,H,Continental,Wikipedia,2016–17 UEFA Europa League group stage
2016-11-03,UEFA,UEFA 2nd Division,2,2016–17,APOEL,Young Boys,1-0,H,Continental,Wikipedia,2016–17 UEFA Europa League group stage
2016-11-03,UEFA,UEFA 2nd Division,2,2016–17,Ajax,Celta Vigo,3-2,H,Continental,Wikipedia,2016–17 UEFA Europa League group stage
2016-11-03,UEFA,UEFA 2nd Division,2,2016–17,Anderlecht,Mainz 05,6-1,H,Continental,Wikipedia,2016–17 UEFA Europa League group stage
2016-11-03,UEFA,UEFA 2nd Division,2,2016–17,Astana,Olympiacos,1-1,D,Continental,Wikipedia,2016–17 UEFA Europa League group stage
2016-11-03,UEFA,UEFA 2nd Division,2,2016–17,Astra Giurgiu,Viktoria Plzeň,1-1,D,Continental,Wikipedia,2016–17 UEFA Europa League group stage
2016-11-03,UEFA,UEFA 2nd Division,2,2016–17,Athletic Bilbao,Genk,5-3,H,Continental,Wikipedia,2016–17 UEFA Europa League group stage
2016-11-03,UEFA,UEFA 2nd Division,2,2016–17,Austria Wien,Roma,2-4,A,Continental,Wikipedia,2016–17 UEFA Europa League group stage
2016-11-03,UEFA,UEFA 2nd Division,2,2016–17,Braga,Konyaspor,3-1,H,Continental,Wikipedia,2016–17 UEFA Europa League group stage
2016-11-03,UEFA,UEFA 2nd Division,2,2016–17,Fenerbahçe,Manchester United,2-1,H,Continental,Wikipedia,2016–17 UEFA Europa League group stage
2016-11-03,UEFA,UEFA 2nd Division,2,2016–17,Fiorentina,Slovan Liberec,3-0,H,Continental,Wikipedia,2016–17 UEFA Europa League group stage
2016-11-03,UEFA,UEFA 2nd Division,2,2016–17,Gabala,Saint-Étienne,1-2,A,Continental,Wikipedia,2016–17 UEFA Europa League group stage
2016-11-03,UEFA,UEFA 2nd Division,2,2016–17,Gent,Shakhtar Donetsk,3-5,A,Continental,Wikipedia,2016–17 UEFA Europa League group stage
2016-11-03,UEFA,UEFA 2nd Division,2,2016–17,Maccabi Tel Aviv,AZ,0-0,D,Continental,Wikipedia,2016–17 UEFA Europa League group stage
2016-11-03,UEFA,UEFA 2nd Division,2,2016–17,Nice,Red Bull Salzburg,0-2,A,Continental,Wikipedia,2016–17 UEFA Europa League group stage
2016-11-03,UEFA,UEFA 2nd Division,2,2016–17,PAOK,Qarabağ,0-1,A,Continental,Wikipedia,2016–17 UEFA Europa League group stage
2016-11-03,UEFA,UEFA 2nd Division,2,2016–17,Panathinaikos,Standard Liège,0-3,A,Continental,Wikipedia,2016–17 UEFA Europa League group stage
2016-11-03,UEFA,UEFA 2nd Division,2,2016–17,Sassuolo,Rapid Wien,2-2,D,Continental,Wikipedia,2016–17 UEFA Europa League group stage
2016-11-03,UEFA,UEFA 2nd Division,2,2016–17,Schalke 04,Krasnodar,2-0,H,Continental,Wikipedia,2016–17 UEFA Europa League group stage
2016-11-03,UEFA,UEFA 2nd Division,2,2016–17,Southampton,Internazionale,2-1,H,Continental,Wikipedia,2016–17 UEFA Europa League group stage
2016-11-03,UEFA,UEFA 2nd Division,2,2016–17,Sparta Prague,Hapoel Be'er Sheva,2-0,H,Continental,Wikipedia,2016–17 UEFA Europa League group stage
2016-11-03,UEFA,UEFA 2nd Division,2,2016–17,Villarreal,Osmanlıspor,1-2,A,Continental,Wikipedia,2016–17 UEFA Europa League group stage
2016-11-03,UEFA,UEFA 2nd Division,2,2016–17,Zenit Saint Petersburg,Dundalk,2-1,H,Continental,Wikipedia,2016–17 UEFA Europa League group stage
2016-11-03,UEFA,UEFA 2nd Division,2,2016–17,Zorya Luhansk,Feyenoord,1-1,D,Continental,Wikipedia,2016–17 UEFA Europa League group stage
2016-11-03,UEFA,UEFA 2nd Division,2,2016–17,Zürich,Steaua București,0-0,D,Continental,Wikipedia,2016–17 UEFA Europa League group stage
2016-11-24,UEFA,UEFA 2nd Division,2,2016–17,Ajax,Panathinaikos,2-0,H,Continental,Wikipedia,2016–17 UEFA Europa League group stage
2016-11-24,UEFA,UEFA 2nd Division,2,2016–17,Astana,APOEL,2-1,H,Continental,Wikipedia,2016–17 UEFA Europa League group stage
2016-11-24,UEFA,UEFA 2nd Division,2,2016–17,Athletic Bilbao,Sassuolo,3-2,H,Continental,Wikipedia,2016–17 UEFA Europa League group stage
2016-11-24,UEFA,UEFA 2nd Division,2,2016–17,Austria Wien,Astra Giurgiu,1-2,A,Continental,Wikipedia,2016–17 UEFA Europa League group stage
2016-11-24,UEFA,UEFA 2nd Division,2,2016–17,Celta Vigo,Standard Liège,1-1,D,Continental,Wikipedia,2016–17 UEFA Europa League group stage
2016-11-24,UEFA,UEFA 2nd Division,2,2016–17,Dundalk,AZ,0-1,A,Continental,Wikipedia,2016–17 UEFA Europa League group stage
2016-11-24,UEFA,UEFA 2nd Division,2,2016–17,Fenerbahçe,Zorya Luhansk,2-0,H,Continental,Wikipedia,2016–17 UEFA Europa League group stage
2016-11-24,UEFA,UEFA 2nd Division,2,2016–17,Fiorentina,PAOK,2-3,A,Continental,Wikipedia,2016–17 UEFA Europa League group stage
2016-11-24,UEFA,UEFA 2nd Division,2,2016–17,Gabala,Anderlecht,1-3,A,Continental,Wikipedia,2016–17 UEFA Europa League group stage
2016-11-24,UEFA,UEFA 2nd Division,2,2016–17,Genk,Rapid Wien,1-0,H,Continental,Wikipedia,2016–17 UEFA Europa League group stage
2016-11-24,UEFA,UEFA 2nd Division,2,2016–17,Gent,Braga,2-2,D,Continental,Wikipedia,2016–17 UEFA Europa League group stage
2016-11-24,UEFA,UEFA 2nd Division,2,2016–17,Hapoel Be'er Sheva,Internazionale,3-2,H,Continental,Wikipedia,2016–17 UEFA Europa League group stage
2016-11-24,UEFA,UEFA 2nd Division,2,2016–17,Krasnodar,Red Bull Salzburg,1-1,D,Continental,Wikipedia,2016–17 UEFA Europa League group stage
2016-11-24,UEFA,UEFA 2nd Division,2,2016–17,Manchester United,Feyenoord,4-0,H,Continental,Wikipedia,2016–17 UEFA Europa League group stage
2016-11-24,UEFA,UEFA 2nd Division,2,2016–17,Olympiacos,Young Boys,1-1,D,Continental,Wikipedia,2016–17 UEFA Europa League group stage
2016-11-24,UEFA,UEFA 2nd Division,2,2016–17,Roma,Viktoria Plzeň,4-1,H,Continental,Wikipedia,2016–17 UEFA Europa League group stage
2016-11-24,UEFA,UEFA 2nd Division,2,2016–17,Saint-Étienne,Mainz 05,0-0,D,Continental,Wikipedia,2016–17 UEFA Europa League group stage
2016-11-24,UEFA,UEFA 2nd Division,2,2016–17,Schalke 04,Nice,2-0,H,Continental,Wikipedia,2016–17 UEFA Europa League group stage
2016-11-24,UEFA,UEFA 2nd Division,2,2016–17,Shakhtar Donetsk,Konyaspor,4-0,H,Continental,Wikipedia,2016–17 UEFA Europa League group stage
2016-11-24,UEFA,UEFA 2nd Division,2,2016–17,Slovan Liberec,Qarabağ,3-0,H,Continental,Wikipedia,2016–17 UEFA Europa League group stage
2016-11-24,UEFA,UEFA 2nd Division,2,2016–17,Sparta Prague,Southampton,1-0,H,Continental,Wikipedia,2016–17 UEFA Europa League group stage
2016-11-24,UEFA,UEFA 2nd Division,2,2016–17,Steaua București,Osmanlıspor,2-1,H,Continental,Wikipedia,2016–17 UEFA Europa League group stage
2016-11-24,UEFA,UEFA 2nd Division,2,2016–17,Zenit Saint Petersburg,Maccabi Tel Aviv,2-0,H,Continental,Wikipedia,2016–17 UEFA Europa League group stage
2016-11-24,UEFA,UEFA 2nd Division,2,2016–17,Zürich,Villarreal,1-1,D,Continental,Wikipedia,2016–17 UEFA Europa League group stage
2016-12-08,UEFA,UEFA 2nd Division,2,2016–17,APOEL,Olympiacos,2-0,H,Continental,Wikipedia,2016–17 UEFA Europa League group stage
2016-12-08,UEFA,UEFA 2nd Division,2,2016–17,AZ,Zenit Saint Petersburg,3-2,H,Continental,Wikipedia,2016–17 UEFA Europa League group stage
2016-12-08,UEFA,UEFA 2nd Division,2,2016–17,Anderlecht,Saint-Étienne,2-3,A,Continental,Wikipedia,2016–17 UEFA Europa League group stage
2016-12-08,UEFA,UEFA 2nd Division,2,2016–17,Astra Giurgiu,Roma,0-0,D,Continental,Wikipedia,2016–17 UEFA Europa League group stage
2016-12-08,UEFA,UEFA 2nd Division,2,2016–17,Braga,Shakhtar Donetsk,2-4,A,Continental,Wikipedia,2016–17 UEFA Europa League group stage
2016-12-08,UEFA,UEFA 2nd Division,2,2016–17,Feyenoord,Fenerbahçe,0-1,A,Continental,Wikipedia,2016–17 UEFA Europa League group stage
2016-12-08,UEFA,UEFA 2nd Division,2,2016–17,Internazionale,Sparta Prague,2-1,H,Continental,Wikipedia,2016–17 UEFA Europa League group stage
2016-12-08,UEFA,UEFA 2nd Division,2,2016–17,Konyaspor,Gent,0-1,A,Continental,Wikipedia,2016–17 UEFA Europa League group stage
2016-12-08,UEFA,UEFA 2nd Division,2,2016–17,Maccabi Tel Aviv,Dundalk,2-1,H,Continental,Wikipedia,2016–17 UEFA Europa League group stage
2016-12-08,UEFA,UEFA 2nd Division,2,2016–17,Mainz 05,Gabala,2-0,H,Continental,Wikipedia,2016–17 UEFA Europa League group stage
2016-12-08,UEFA,UEFA 2nd Division,2,2016–17,Nice,Krasnodar,2-1,H,Continental,Wikipedia,2016–17 UEFA Europa League group stage
2016-12-08,UEFA,UEFA 2nd Division,2,2016–17,Osmanlıspor,Zürich,2-0,H,Continental,Wikipedia,2016–17 UEFA Europa League group stage
2016-12-08,UEFA,UEFA 2nd Division,2,2016–17,PAOK,Slovan Liberec,2-0,H,Continental,Wikipedia,2016–17 UEFA Europa League group stage
2016-12-08,UEFA,UEFA 2nd Division,2,2016–17,Panathinaikos,Celta Vigo,0-2,A,Continental,Wikipedia,2016–17 UEFA Europa League group stage
2016-12-08,UEFA,UEFA 2nd Division,2,2016–17,Qarabağ,Fiorentina,1-2,A,Continental,Wikipedia,2016–17 UEFA Europa League group stage
2016-12-08,UEFA,UEFA 2nd Division,2,2016–17,Rapid Wien,Athletic Bilbao,1-1,D,Continental,Wikipedia,2016–17 UEFA Europa League group stage
2016-12-08,UEFA,UEFA 2nd Division,2,2016–17,Red Bull Salzburg,Schalke 04,2-0,H,Continental,Wikipedia,2016–17 UEFA Europa League group stage
2016-12-08,UEFA,UEFA 2nd Division,2,2016–17,Southampton,Hapoel Be'er Sheva,1-1,D,Continental,Wikipedia,2016–17 UEFA Europa League group stage
2016-12-08,UEFA,UEFA 2nd Division,2,2016–17,Standard Liège,Ajax,1-1,D,Continental,Wikipedia,2016–17 UEFA Europa League group stage
2016-12-08,UEFA,UEFA 2nd Division,2,2016–17,Viktoria Plzeň,Austria Wien,3-2,H,Continental,Wikipedia,2016–17 UEFA Europa League group stage
2016-12-08,UEFA,UEFA 2nd Division,2,2016–17,Villarreal,Steaua București,2-1,H,Continental,Wikipedia,2016–17 UEFA Europa League group stage
2016-12-08,UEFA,UEFA 2nd Division,2,2016–17,Young Boys,Astana,3-0,H,Continental,Wikipedia,2016–17 UEFA Europa League group stage
2016-12-08,UEFA,UEFA 2nd Division,2,2016–17,Zorya Luhansk,Manchester United,0-2,A,Continental,Wikipedia,2016–17 UEFA Europa League group stage
2016-12-09,UEFA,UEFA 2nd Division,2,2016–17,Sassuolo,Genk,0-2,A,Continental,Wikipedia,2016–17 UEFA Europa League group stage
2017-02-16,UEFA,UEFA 2nd Division,2,2016–17,AZ,Lyon,1-4,A,Continental,Wikipedia,2016–17 UEFA Europa League knockout phase
2017-02-16,UEFA,UEFA 2nd Division,2,2016–17,Anderlecht,Zenit Saint Petersburg,2-0,H,Continental,Wikipedia,2016–17 UEFA Europa League knockout phase
2017-02-16,UEFA,UEFA 2nd Division,2,2016–17,Astra Giurgiu,Genk,2-2,D,Continental,Wikipedia,2016–17 UEFA Europa League knockout phase
2017-02-16,UEFA,UEFA 2nd Division,2,2016–17,Athletic Bilbao,APOEL,3-2,H,Continental,Wikipedia,2016–17 UEFA Europa League knockout phase
2017-02-16,UEFA,UEFA 2nd Division,2,2016–17,Borussia Mönchengladbach,Fiorentina,0-1,A,Continental,Wikipedia,2016–17 UEFA Europa League knockout phase
2017-02-16,UEFA,UEFA 2nd Division,2,2016–17,Celta Vigo,Shakhtar Donetsk,0-1,A,Continental,Wikipedia,2016–17 UEFA Europa League knockout phase
2017-02-16,UEFA,UEFA 2nd Division,2,2016–17,Gent,Tottenham Hotspur,1-0,H,Continental,Wikipedia,2016–17 UEFA Europa League knockout phase
2017-02-16,UEFA,UEFA 2nd Division,2,2016–17,Hapoel Be'er Sheva,Beşiktaş,1-3,A,Continental,Wikipedia,2016–17 UEFA Europa League knockout phase
2017-02-16,UEFA,UEFA 2nd Division,2,2016–17,Krasnodar,Fenerbahçe,1-0,H,Continental,Wikipedia,2016–17 UEFA Europa League knockout phase
2017-02-16,UEFA,UEFA 2nd Division,2,2016–17,Legia Warsaw,Ajax,0-0,D,Continental,Wikipedia,2016–17 UEFA Europa League knockout phase
2017-02-16,UEFA,UEFA 2nd Division,2,2016–17,Ludogorets Razgrad,Copenhagen,1-2,A,Continental,Wikipedia,2016–17 UEFA Europa League knockout phase
2017-02-16,UEFA,UEFA 2nd Division,2,2016–17,Manchester United,Saint-Étienne,3-0,H,Continental,Wikipedia,2016–17 UEFA Europa League knockout phase
2017-02-16,UEFA,UEFA 2nd Division,2,2016–17,Olympiacos,Osmanlıspor,0-0,D,Continental,Wikipedia,2016–17 UEFA Europa League knockout phase
2017-02-16,UEFA,UEFA 2nd Division,2,2016–17,PAOK,Schalke 04,0-3,A,Continental,Wikipedia,2016–17 UEFA Europa League knockout phase
2017-02-16,UEFA,UEFA 2nd Division,2,2016–17,Rostov,Sparta Prague,4-0,H,Continental,Wikipedia,2016–17 UEFA Europa League knockout phase
2017-02-16,UEFA,UEFA 2nd Division,2,2016–17,Villarreal,Roma,0-4,A,Continental,Wikipedia,2016–17 UEFA Europa League knockout phase
2017-02-22,UEFA,UEFA 2nd Division,2,2016–17,Fenerbahçe,Krasnodar,1-1,D,Continental,Wikipedia,2016–17 UEFA Europa League knockout phase
2017-02-22,UEFA,UEFA 2nd Division,2,2016–17,Saint-Étienne,Manchester United,0-1,A,Continental,Wikipedia,2016–17 UEFA Europa League knockout phase
2017-02-22,UEFA,UEFA 2nd Division,2,2016–17,Schalke 04,PAOK,1-1,D,Continental,Wikipedia,2016–17 UEFA Europa League knockout phase
2017-02-23,UEFA,UEFA 2nd Division,2,2016–17,APOEL,Athletic Bilbao,2-0,H,Continental,Wikipedia,2016–17 UEFA Europa League knockout phase
2017-02-23,UEFA,UEFA 2nd Division,2,2016–17,Ajax,Legia Warsaw,1-0,H,Continental,Wikipedia,2016–17 UEFA Europa League knockout phase
2017-02-23,UEFA,UEFA 2nd Division,2,2016–17,Beşiktaş,Hapoel Be'er Sheva,2-1,H,Continental,Wikipedia,2016–17 UEFA Europa League knockout phase
2017-02-23,UEFA,UEFA 2nd Division,2,2016–17,Copenhagen,Ludogorets Razgrad,0-0,D,Continental,Wikipedia,2016–17 UEFA Europa League knockout phase
2017-02-23,UEFA,UEFA 2nd Division,2,2016–17,Fiorentina,Borussia Mönchengladbach,2-4,A,Continental,Wikipedia,2016–17 UEFA Europa League knockout phase
2017-02-23,UEFA,UEFA 2nd Division,2,2016–17,Genk,Astra Giurgiu,1-0,H,Continental,Wikipedia,2016–17 UEFA Europa League knockout phase
2017-02-23,UEFA,UEFA 2nd Division,2,2016–17,Lyon,AZ,7-1,H,Continental,Wikipedia,2016–17 UEFA Europa League knockout phase
2017-02-23,UEFA,UEFA 2nd Division,2,2016–17,Osmanlıspor,Olympiacos,0-3,A,Continental,Wikipedia,2016–17 UEFA Europa League knockout phase
2017-02-23,UEFA,UEFA 2nd Division,2,2016–17,Roma,Villarreal,0-1,A,Continental,Wikipedia,2016–17 UEFA Europa League knockout phase
2017-02-23,UEFA,UEFA 2nd Division,2,2016–17,Shakhtar Donetsk,Celta Vigo,0-2,A,Continental,Wikipedia,2016–17 UEFA Europa League knockout phase
2017-02-23,UEFA,UEFA 2nd Division,2,2016–17,Sparta Prague,Rostov,1-1,D,Continental,Wikipedia,2016–17 UEFA Europa League knockout phase
2017-02-23,UEFA,UEFA 2nd Division,2,2016–17,Tottenham Hotspur,Gent,2-2,D,Continental,Wikipedia,2016–17 UEFA Europa League knockout phase
2017-02-23,UEFA,UEFA 2nd Division,2,2016–17,Zenit Saint Petersburg,Anderlecht,3-1,H,Continental,Wikipedia,2016–17 UEFA Europa League knockout phase
2017-03-09,UEFA,UEFA 2nd Division,2,2016–17,APOEL,Anderlecht,0-1,A,Continental,Wikipedia,2016–17 UEFA Europa League knockout phase
2017-03-09,UEFA,UEFA 2nd Division,2,2016–17,Celta Vigo,Krasnodar,2-1,H,Continental,Wikipedia,2016–17 UEFA Europa League knockout phase
2017-03-09,UEFA,UEFA 2nd Division,2,2016–17,Copenhagen,Ajax,2-1,H,Continental,Wikipedia,2016–17 UEFA Europa League knockout phase
2017-03-09,UEFA,UEFA 2nd Division,2,2016–17,Gent,Genk,2-5,A,Continental,Wikipedia,2016–17 UEFA Europa League knockout phase
2017-03-09,UEFA,UEFA 2nd Division,2,2016–17,Lyon,Roma,4-2,H,Continental,Wikipedia,2016–17 UEFA Europa League knockout phase
2017-03-09,UEFA,UEFA 2nd Division,2,2016–17,Olympiacos,Beşiktaş,1-1,D,Continental,Wikipedia,2016–17 UEFA Europa League knockout phase
2017-03-09,UEFA,UEFA 2nd Division,2,2016–17,Rostov,Manchester United,1-1,D,Continental,Wikipedia,2016–17 UEFA Europa League knockout phase
2017-03-09,UEFA,UEFA 2nd Division,2,2016–17,Schalke 04,Borussia Mönchengladbach,1-1,D,Continental,Wikipedia,2016–17 UEFA Europa League knockout phase
2017-03-16,UEFA,UEFA 2nd Division,2,2016–17,Ajax,Copenhagen,2-0,H,Continental,Wikipedia,2016–17 UEFA Europa League knockout phase
2017-03-16,UEFA,UEFA 2nd Division,2,2016–17,Anderlecht,APOEL,1-0,H,Continental,Wikipedia,2016–17 UEFA Europa League knockout phase
2017-03-16,UEFA,UEFA 2nd Division,2,2016–17,Beşiktaş,Olympiacos,4-1,H,Continental,Wikipedia,2016–17 UEFA Europa League knockout phase
2017-03-16,UEFA,UEFA 2nd Division,2,2016–17,Borussia Mönchengladbach,Schalke 04,2-2,D,Continental,Wikipedia,2016–17 UEFA Europa League knockout phase
2017-03-16,UEFA,UEFA 2nd Division,2,2016–17,Genk,Gent,1-1,D,Continental,Wikipedia,2016–17 UEFA Europa League knockout phase
2017-03-16,UEFA,UEFA 2nd Division,2,2016–17,Krasnodar,Celta Vigo,0-2,A,Continental,Wikipedia,2016–17 UEFA Europa League knockout phase
2017-03-16,UEFA,UEFA 2nd Division,2,2016–17,Manchester United,Rostov,1-0,H,Continental,Wikipedia,2016–17 UEFA Europa League knockout phase
2017-03-16,UEFA,UEFA 2nd Division,2,2016–17,Roma,Lyon,2-1,H,Continental,Wikipedia,2016–17 UEFA Europa League knockout phase
2017-04-13,UEFA,UEFA 2nd Division,2,2016–17,Ajax,Schalke 04,2-0,H,Continental,Wikipedia,2016–17 UEFA Europa League knockout phase
2017-04-13,UEFA,UEFA 2nd Division,2,2016–17,Anderlecht,Manchester United,1-1,D,Continental,Wikipedia,2016–17 UEFA Europa League knockout phase
2017-04-13,UEFA,UEFA 2nd Division,2,2016–17,Celta Vigo,Genk,3-2,H,Continental,Wikipedia,2016–17 UEFA Europa League knockout phase
2017-04-13,UEFA,UEFA 2nd Division,2,2016–17,Lyon,Beşiktaş,2-1,H,Continental,Wikipedia,2016–17 UEFA Europa League knockout phase
2017-04-20,UEFA,UEFA 2nd Division,2,2016–17,Beşiktaş,Lyon,2-1,H,Continental,Wikipedia,2016–17 UEFA Europa League knockout phase
2017-04-20,UEFA,UEFA 2nd Division,2,2016–17,Genk,Celta Vigo,1-1,D,Continental,Wikipedia,2016–17 UEFA Europa League knockout phase
2017-04-20,UEFA,UEFA 2nd Division,2,2016–17,Manchester United,Anderlecht,2-1,H,Continental,Wikipedia,2016–17 UEFA Europa League knockout phase
2017-04-20,UEFA,UEFA 2nd Division,2,2016–17,Schalke 04,Ajax,3-2,H,Continental,Wikipedia,2016–17 UEFA Europa League knockout phase
2017-05-03,UEFA,UEFA 2nd Division,2,2016–17,Ajax,Lyon,4-1,H,Continental,Wikipedia,2016–17 UEFA Europa League knockout phase
2017-05-04,UEFA,UEFA 2nd Division,2,2016–17,Celta Vigo,Manchester United,0-1,A,Continental,Wikipedia,2016–17 UEFA Europa League knockout phase
2017-05-11,UEFA,UEFA 2nd Division,2,2016–17,Lyon,Ajax,3-1,H,Continental,Wikipedia,2016–17 UEFA Europa League knockout phase
2017-05-11,UEFA,UEFA 2nd Division,2,2016–17,Manchester United,Celta Vigo,1-1,D,Continental,Wikipedia,2016–17 UEFA Europa League knockout phase
2017-09-14,UEFA,UEFA 2nd Division,2,2017–18,Apollon Limassol,Lyon,1-1,D,Continental,Wikipedia,2017–18 UEFA Europa League group stage
2017-09-14,UEFA,UEFA 2nd Division,2,2017–18,Arsenal,1. FC Köln,3-1,H,Continental,Wikipedia,2017–18 UEFA Europa League group stage
2017-09-14,UEFA,UEFA 2nd Division,2,2017–18,Atalanta,Everton,3-0,H,Continental,Wikipedia,2017–18 UEFA Europa League group stage
2017-09-14,UEFA,UEFA 2nd Division,2,2017–18,Austria Wien,Milan,1-5,A,Continental,Wikipedia,2017–18 UEFA Europa League group stage
2017-09-14,UEFA,UEFA 2nd Division,2,2017–18,Copenhagen,Lokomotiv Moscow,0-0,D,Continental,Wikipedia,2017–18 UEFA Europa League group stage
2017-09-14,UEFA,UEFA 2nd Division,2,2017–18,Dynamo Kyiv,Skënderbeu,3-1,H,Continental,Wikipedia,2017–18 UEFA Europa League group stage
2017-09-14,UEFA,UEFA 2nd Division,2,2017–18,FCSB,Viktoria Plzeň,3-0,H,Continental,Wikipedia,2017–18 UEFA Europa League group stage
2017-09-14,UEFA,UEFA 2nd Division,2,2017–18,Fastav Zlín,Sheriff Tiraspol,0-0,D,Continental,Wikipedia,2017–18 UEFA Europa League group stage
2017-09-14,UEFA,UEFA 2nd Division,2,2017–18,Hapoel Be'er Sheva,Lugano,2-1,H,Continental,Wikipedia,2017–18 UEFA Europa League group stage
2017-09-14,UEFA,UEFA 2nd Division,2,2017–18,Hertha BSC,Athletic Bilbao,0-0,D,Continental,Wikipedia,2017–18 UEFA Europa League group stage
2017-09-14,UEFA,UEFA 2nd Division,2,2017–18,Marseille,Konyaspor,1-0,H,Continental,Wikipedia,2017–18 UEFA Europa League group stage
2017-09-14,UEFA,UEFA 2nd Division,2,2017–18,Real Sociedad,Rosenborg,4-0,H,Continental,Wikipedia,2017–18 UEFA Europa League group stage
2017-09-14,UEFA,UEFA 2nd Division,2,2017–18,Red Star Belgrade,BATE Borisov,1-1,D,Continental,Wikipedia,2017–18 UEFA Europa League group stage
2017-09-14,UEFA,UEFA 2nd Division,2,2017–18,Rijeka,AEK Athens,1-2,A,Continental,Wikipedia,2017–18 UEFA Europa League group stage
2017-09-14,UEFA,UEFA 2nd Division,2,2017–18,Slavia Prague,Maccabi Tel Aviv,1-0,H,Continental,Wikipedia,2017–18 UEFA Europa League group stage
2017-09-14,UEFA,UEFA 2nd Division,2,2017–18,TSG Hoffenheim,Braga,1-2,A,Continental,Wikipedia,2017–18 UEFA Europa League group stage
2017-09-14,UEFA,UEFA 2nd Division,2,2017–18,Vardar,Zenit Saint Petersburg,0-5,A,Continental,Wikipedia,2017–18 UEFA Europa League group stage
2017-09-14,UEFA,UEFA 2nd Division,2,2017–18,Villarreal,Astana,3-1,H,Continental,Wikipedia,2017–18 UEFA Europa League group stage
2017-09-14,UEFA,UEFA 2nd Division,2,2017–18,Vitesse,Lazio,2-3,A,Continental,Wikipedia,2017–18 UEFA Europa League group stage
2017-09-14,UEFA,UEFA 2nd Division,2,2017–18,Vitória de Guimarães,Red Bull Salzburg,1-1,D,Continental,Wikipedia,2017–18 UEFA Europa League group stage
2017-09-14,UEFA,UEFA 2nd Division,2,2017–18,Young Boys,Partizan,1-1,D,Continental,Wikipedia,2017–18 UEFA Europa League group stage
2017-09-14,UEFA,UEFA 2nd Division,2,2017–18,Zorya Luhansk,Östersunds FK,0-2,A,Continental,Wikipedia,2017–18 UEFA Europa League group stage
2017-09-14,UEFA,UEFA 2nd Division,2,2017–18,Zulte Waregem,Nice,1-5,A,Continental,Wikipedia,2017–18 UEFA Europa League group stage
2017-09-14,UEFA,UEFA 2nd Division,2,2017–18,İstanbul Başakşehir,Ludogorets Razgrad,0-0,D,Continental,Wikipedia,2017–18 UEFA Europa League group stage
2017-09-28,UEFA,UEFA 2nd Division,2,2017–18,1. FC Köln,Red Star Belgrade,0-1,A,Continental,Wikipedia,2017–18 UEFA Europa League group stage
2017-09-28,UEFA,UEFA 2nd Division,2,2017–18,AEK Athens,Austria Wien,2-2,D,Continental,Wikipedia,2017–18 UEFA Europa League group stage
2017-09-28,UEFA,UEFA 2nd Division,2,2017–18,Astana,Slavia Prague,1-1,D,Continental,Wikipedia,2017–18 UEFA Europa League group stage
2017-09-28,UEFA,UEFA 2nd Division,2,2017–18,Athletic Bilbao,Zorya Luhansk,0-1,A,Continental,Wikipedia,2017–18 UEFA Europa League group stage
2017-09-28,UEFA,UEFA 2nd Division,2,2017–18,BATE Borisov,Arsenal,2-4,A,Continental,Wikipedia,2017–18 UEFA Europa League group stage
2017-09-28,UEFA,UEFA 2nd Division,2,2017–18,Braga,İstanbul Başakşehir,2-1,H,Continental,Wikipedia,2017–18 UEFA Europa League group stage
2017-09-28,UEFA,UEFA 2nd Division,2,2017–18,Everton,Apollon Limassol,2-2,D,Continental,Wikipedia,2017–18 UEFA Europa League group stage
2017-09-28,UEFA,UEFA 2nd Division,2,2017–18,Konyaspor,Vitória de Guimarães,2-1,H,Continental,Wikipedia,2017–18 UEFA Europa League group stage
2017-09-28,UEFA,UEFA 2nd Division,2,2017–18,Lazio,Zulte Waregem,2-0,H,Continental,Wikipedia,2017–18 UEFA Europa League group stage
2017-09-28,UEFA,UEFA 2nd Division,2,2017–18,Lokomotiv Moscow,Fastav Zlín,3-0,H,Continental,Wikipedia,2017–18 UEFA Europa League group stage
2017-09-28,UEFA,UEFA 2nd Division,2,2017–18,Ludogorets Razgrad,TSG Hoffenheim,2-1,H,Continental,Wikipedia,2017–18 UEFA Europa League group stage
2017-09-28,UEFA,UEFA 2nd Division,2,2017–18,Lugano,FCSB,1-2,A,Continental,Wikipedia,2017–18 UEFA Europa League group stage
2017-09-28,UEFA,UEFA 2nd Division,2,2017–18,Lyon,Atalanta,1-1,D,Continental,Wikipedia,2017–18 UEFA Europa League group stage
2017-09-28,UEFA,UEFA 2nd Division,2,2017–18,Maccabi Tel Aviv,Villarreal,0-0,D,Continental,Wikipedia,2017–18 UEFA Europa League group stage
2017-09-28,UEFA,UEFA 2nd Division,2,2017–18,Milan,Rijeka,3-2,H,Continental,Wikipedia,2017–18 UEFA Europa League group stage
2017-09-28,UEFA,UEFA 2nd Division,2,2017–18,Nice,Vitesse,3-0,H,Continental,Wikipedia,2017–18 UEFA Europa League group stage
2017-09-28,UEFA,UEFA 2nd Division,2,2017–18,Partizan,Dynamo Kyiv,2-3,A,Continental,Wikipedia,2017–18 UEFA Europa League group stage
2017-09-28,UEFA,UEFA 2nd Division,2,2017–18,Red Bull Salzburg,Marseille,1-0,H,Continental,Wikipedia,2017–18 UEFA Europa League group stage
2017-09-28,UEFA,UEFA 2nd Division,2,2017–18,Rosenborg,Vardar,3-1,H,Continental,Wikipedia,2017–18 UEFA Europa League group stage
2017-09-28,UEFA,UEFA 2nd Division,2,2017–18,Sheriff Tiraspol,Copenhagen,0-0,D,Continental,Wikipedia,2017–18 UEFA Europa League group stage
2017-09-28,UEFA,UEFA 2nd Division,2,2017–18,Skënderbeu,Young Boys,1-1,D,Continental,Wikipedia,2017–18 UEFA Europa League group stage
2017-09-28,UEFA,UEFA 2nd Division,2,2017–18,Viktoria Plzeň,Hapoel Be'er Sheva,3-1,H,Continental,Wikipedia,2017–18 UEFA Europa League group stage
2017-09-28,UEFA,UEFA 2nd Division,2,2017–18,Zenit Saint Petersburg,Real Sociedad,3-1,H,Continental,Wikipedia,2017–18 UEFA Europa League group stage
2017-09-28,UEFA,UEFA 2nd Division,2,2017–18,Östersunds FK,Hertha BSC,1-0,H,Continental,Wikipedia,2017–18 UEFA Europa League group stage
2017-10-19,UEFA,UEFA 2nd Division,2,2017–18,Astana,Maccabi Tel Aviv,4-0,H,Continental,Wikipedia,2017–18 UEFA Europa League group stage
2017-10-19,UEFA,UEFA 2nd Division,2,2017–18,Atalanta,Apollon Limassol,3-1,H,Continental,Wikipedia,2017–18 UEFA Europa League group stage
2017-10-19,UEFA,UEFA 2nd Division,2,2017–18,Austria Wien,Rijeka,1-3,A,Continental,Wikipedia,2017–18 UEFA Europa League group stage
2017-10-19,UEFA,UEFA 2nd Division,2,2017–18,BATE Borisov,1. FC Köln,1-0,H,Continental,Wikipedia,2017–18 UEFA Europa League group stage
2017-10-19,UEFA,UEFA 2nd Division,2,2017–18,Braga,Ludogorets Razgrad,0-2,A,Continental,Wikipedia,2017–18 UEFA Europa League group stage
2017-10-19,UEFA,UEFA 2nd Division,2,2017–18,Dynamo Kyiv,Young Boys,2-2,D,Continental,Wikipedia,2017–18 UEFA Europa League group stage
2017-10-19,UEFA,UEFA 2nd Division,2,2017–18,Everton,Lyon,1-2,A,Continental,Wikipedia,2017–18 UEFA Europa League group stage
2017-10-19,UEFA,UEFA 2nd Division,2,2017–18,Fastav Zlín,Copenhagen,1-1,D,Continental,Wikipedia,2017–18 UEFA Europa League group stage
2017-10-19,UEFA,UEFA 2nd Division,2,2017–18,Hapoel Be'er Sheva,FCSB,1-2,A,Continental,Wikipedia,2017–18 UEFA Europa League group stage
2017-10-19,UEFA,UEFA 2nd Division,2,2017–18,Konyaspor,Red Bull Salzburg,0-2,A,Continental,Wikipedia,2017–18 UEFA Europa League group stage
2017-10-19,UEFA,UEFA 2nd Division,2,2017–18,Lugano,Viktoria Plzeň,3-2,H,Continental,Wikipedia,2017–18 UEFA Europa League group stage
2017-10-19,UEFA,UEFA 2nd Division,2,2017–18,Marseille,Vitória de Guimarães,2-1,H,Continental,Wikipedia,2017–18 UEFA Europa League group stage
2017-10-19,UEFA,UEFA 2nd Division,2,2017–18,Milan,AEK Athens,0-0,D,Continental,Wikipedia,2017–18 UEFA Europa League group stage
2017-10-19,UEFA,UEFA 2nd Division,2,2017–18,Nice,Lazio,1-3,A,Continental,Wikipedia,2017–18 UEFA Europa League group stage
2017-10-19,UEFA,UEFA 2nd Division,2,2017–18,Red Star Belgrade,Arsenal,0-1,A,Continental,Wikipedia,2017–18 UEFA Europa League group stage
2017-10-19,UEFA,UEFA 2nd Division,2,2017–18,Sheriff Tiraspol,Lokomotiv Moscow,1-1,D,Continental,Wikipedia,2017–18 UEFA Europa League group stage
2017-10-19,UEFA,UEFA 2nd Division,2,2017–18,Skënderbeu,Partizan,0-0,D,Continental,Wikipedia,2017–18 UEFA Europa League group stage
2017-10-19,UEFA,UEFA 2nd Division,2,2017–18,TSG Hoffenheim,İstanbul Başakşehir,3-1,H,Continental,Wikipedia,2017–18 UEFA Europa League group stage
2017-10-19,UEFA,UEFA 2nd Division,2,2017–18,Vardar,Real Sociedad,0-6,A,Continental,Wikipedia,2017–18 UEFA Europa League group stage
2017-10-19,UEFA,UEFA 2nd Division,2,2017–18,Villarreal,Slavia Prague,2-2,D,Continental,Wikipedia,2017–18 UEFA Europa League group stage
2017-10-19,UEFA,UEFA 2nd Division,2,2017–18,Zenit Saint Petersburg,Rosenborg,3-1,H,Continental,Wikipedia,2017–18 UEFA Europa League group stage
2017-10-19,UEFA,UEFA 2nd Division,2,2017–18,Zorya Luhansk,Hertha BSC,2-1,H,Continental,Wikipedia,2017–18 UEFA Europa League group stage
2017-10-19,UEFA,UEFA 2nd Division,2,2017–18,Zulte Waregem,Vitesse,1-1,D,Continental,Wikipedia,2017–18 UEFA Europa League group stage
2017-10-19,UEFA,UEFA 2nd Division,2,2017–18,Östersunds FK,Athletic Bilbao,2-2,D,Continental,Wikipedia,2017–18 UEFA Europa League group stage
2017-11-02,UEFA,UEFA 2nd Division,2,2017–18,1. FC Köln,BATE Borisov,5-2,H,Continental,Wikipedia,2017–18 UEFA Europa League group stage
2017-11-02,UEFA,UEFA 2nd Division,2,2017–18,AEK Athens,Milan,0-0,D,Continental,Wikipedia,2017–18 UEFA Europa League group stage
2017-11-02,UEFA,UEFA 2nd Division,2,2017–18,Apollon Limassol,Atalanta,1-1,D,Continental,Wikipedia,2017–18 UEFA Europa League group stage
2017-11-02,UEFA,UEFA 2nd Division,2,2017–18,Arsenal,Red Star Belgrade,0-0,D,Continental,Wikipedia,2017–18 UEFA Europa League group stage
2017-11-02,UEFA,UEFA 2nd Division,2,2017–18,Athletic Bilbao,Östersunds FK,1-0,H,Continental,Wikipedia,2017–18 UEFA Europa League group stage
2017-11-02,UEFA,UEFA 2nd Division,2,2017–18,Copenhagen,Fastav Zlín,3-0,H,Continental,Wikipedia,2017–18 UEFA Europa League group stage
2017-11-02,UEFA,UEFA 2nd Division,2,2017–18,FCSB,Hapoel Be'er Sheva,1-1,D,Continental,Wikipedia,2017–18 UEFA Europa League group stage
2017-11-02,UEFA,UEFA 2nd Division,2,2017–18,Hertha BSC,Zorya Luhansk,2-0,H,Continental,Wikipedia,2017–18 UEFA Europa League group stage
2017-11-02,UEFA,UEFA 2nd Division,2,2017–18,Lazio,Nice,1-0,H,Continental,Wikipedia,2017–18 UEFA Europa League group stage
2017-11-02,UEFA,UEFA 2nd Division,2,2017–18,Lokomotiv Moscow,Sheriff Tiraspol,1-2,A,Continental,Wikipedia,2017–18 UEFA Europa League group stage
2017-11-02,UEFA,UEFA 2nd Division,2,2017–18,Ludogorets Razgrad,Braga,1-1,D,Continental,Wikipedia,2017–18 UEFA Europa League group stage
2017-11-02,UEFA,UEFA 2nd Division,2,2017–18,Lyon,Everton,3-0,H,Continental,Wikipedia,2017–18 UEFA Europa League group stage
2017-11-02,UEFA,UEFA 2nd Division,2,2017–18,Maccabi Tel Aviv,Astana,0-1,A,Continental,Wikipedia,2017–18 UEFA Europa League group stage
2017-11-02,UEFA,UEFA 2nd Division,2,2017–18,Partizan,Skënderbeu,2-0,H,Continental,Wikipedia,2017–18 UEFA Europa League group stage
2017-11-02,UEFA,UEFA 2nd Division,2,2017–18,Real Sociedad,Vardar,3-0,H,Continental,Wikipedia,2017–18 UEFA Europa League group stage
2017-11-02,UEFA,UEFA 2nd Division,2,2017–18,Red Bull Salzburg,Konyaspor,0-0,D,Continental,Wikipedia,2017–18 UEFA Europa League group stage
2017-11-02,UEFA,UEFA 2nd Division,2,2017–18,Rijeka,Austria Wien,1-4,A,Continental,Wikipedia,2017–18 UEFA Europa League group stage
2017-11-02,UEFA,UEFA 2nd Division,2,2017–18,Rosenborg,Zenit Saint Petersburg,1-1,D,Continental,Wikipedia,2017–18 UEFA Europa League group stage
2017-11-02,UEFA,UEFA 2nd Division,2,2017–18,Slavia Prague,Villarreal,0-2,A,Continental,Wikipedia,2017–18 UEFA Europa League group stage
2017-11-02,UEFA,UEFA 2nd Division,2,2017–18,Viktoria Plzeň,Lugano,4-1,H,Continental,Wikipedia,2017–18 UEFA Europa League group stage
2017-11-02,UEFA,UEFA 2nd Division,2,2017–18,Vitesse,Zulte Waregem,0-2,A,Continental,Wikipedia,2017–18 UEFA Europa League group stage
2017-11-02,UEFA,UEFA 2nd Division,2,2017–18,Vitória de Guimarães,Marseille,1-0,H,Continental,Wikipedia,2017–18 UEFA Europa League group stage
2017-11-02,UEFA,UEFA 2nd Division,2,2017–18,Young Boys,Dynamo Kyiv,0-1,A,Continental,Wikipedia,2017–18 UEFA Europa League group stage
2017-11-02,UEFA,UEFA 2nd Division,2,2017–18,İstanbul Başakşehir,TSG Hoffenheim,1-1,D,Continental,Wikipedia,2017–18 UEFA Europa League group stage
2017-11-23,UEFA,UEFA 2nd Division,2,2017–18,1. FC Köln,Arsenal,1-0,H,Continental,Wikipedia,2017–18 UEFA Europa League group stage
2017-11-23,UEFA,UEFA 2nd Division,2,2017–18,AEK Athens,Rijeka,2-2,D,Continental,Wikipedia,2017–18 UEFA Europa League group stage
2017-11-23,UEFA,UEFA 2nd Division,2,2017–18,Astana,Villarreal,2-3,A,Continental,Wikipedia,2017–18 UEFA Europa League group stage
2017-11-23,UEFA,UEFA 2nd Division,2,2017–18,Athletic Bilbao,Hertha BSC,3-2,H,Continental,Wikipedia,2017–18 UEFA Europa League group stage
2017-11-23,UEFA,UEFA 2nd Division,2,2017–18,BATE Borisov,Red Star Belgrade,0-0,D,Continental,Wikipedia,2017–18 UEFA Europa League group stage
2017-11-23,UEFA,UEFA 2nd Division,2,2017–18,Braga,TSG Hoffenheim,3-1,H,Continental,Wikipedia,2017–18 UEFA Europa League group stage
2017-11-23,UEFA,UEFA 2nd Division,2,2017–18,Everton,Atalanta,1-5,A,Continental,Wikipedia,2017–18 UEFA Europa League group stage
2017-11-23,UEFA,UEFA 2nd Division,2,2017–18,Konyaspor,Marseille,1-1,D,Continental,Wikipedia,2017–18 UEFA Europa League group stage
2017-11-23,UEFA,UEFA 2nd Division,2,2017–18,Lazio,Vitesse,1-1,D,Continental,Wikipedia,2017–18 UEFA Europa League group stage
2017-11-23,UEFA,UEFA 2nd Division,2,2017–18,Lokomotiv Moscow,Copenhagen,2-1,H,Continental,Wikipedia,2017–18 UEFA Europa League group stage
2017-11-23,UEFA,UEFA 2nd Division,2,2017–18,Ludogorets Razgrad,İstanbul Başakşehir,1-2,A,Continental,Wikipedia,2017–18 UEFA Europa League group stage
2017-11-23,UEFA,UEFA 2nd Division,2,2017–18,Lugano,Hapoel Be'er Sheva,1-0,H,Continental,Wikipedia,2017–18 UEFA Europa League group stage
2017-11-23,UEFA,UEFA 2nd Division,2,2017–18,Lyon,Apollon Limassol,4-0,H,Continental,Wikipedia,2017–18 UEFA Europa League group stage
2017-11-23,UEFA,UEFA 2nd Division,2,2017–18,Maccabi Tel Aviv,Slavia Prague,0-2,A,Continental,Wikipedia,2017–18 UEFA Europa League group stage
2017-11-23,UEFA,UEFA 2nd Division,2,2017–18,Milan,Austria Wien,5-1,H,Continental,Wikipedia,2017–18 UEFA Europa League group stage
2017-11-23,UEFA,UEFA 2nd Division,2,2017–18,Nice,Zulte Waregem,3-1,H,Continental,Wikipedia,2017–18 UEFA Europa League group stage
2017-11-23,UEFA,UEFA 2nd Division,2,2017–18,Partizan,Young Boys,2-1,H,Continental,Wikipedia,2017–18 UEFA Europa League group stage
2017-11-23,UEFA,UEFA 2nd Division,2,2017–18,Red Bull Salzburg,Vitória de Guimarães,3-0,H,Continental,Wikipedia,2017–18 UEFA Europa League group stage
2017-11-23,UEFA,UEFA 2nd Division,2,2017–18,Rosenborg,Real Sociedad,0-1,A,Continental,Wikipedia,2017–18 UEFA Europa League group stage
2017-11-23,UEFA,UEFA 2nd Division,2,2017–18,Sheriff Tiraspol,Fastav Zlín,1-0,H,Continental,Wikipedia,2017–18 UEFA Europa League group stage
2017-11-23,UEFA,UEFA 2nd Division,2,2017–18,Skënderbeu,Dynamo Kyiv,3-2,H,Continental,Wikipedia,2017–18 UEFA Europa League group stage
2017-11-23,UEFA,UEFA 2nd Division,2,2017–18,Viktoria Plzeň,FCSB,2-0,H,Continental,Wikipedia,2017–18 UEFA Europa League group stage
2017-11-23,UEFA,UEFA 2nd Division,2,2017–18,Zenit Saint Petersburg,Vardar,2-1,H,Continental,Wikipedia,2017–18 UEFA Europa League group stage
2017-11-23,UEFA,UEFA 2nd Division,2,2017–18,Östersunds FK,Zorya Luhansk,2-0,H,Continental,Wikipedia,2017–18 UEFA Europa League group stage
2017-12-07,UEFA,UEFA 2nd Division,2,2017–18,Apollon Limassol,Everton,0-3,A,Continental,Wikipedia,2017–18 UEFA Europa League group stage
2017-12-07,UEFA,UEFA 2nd Division,2,2017–18,Arsenal,BATE Borisov,6-0,H,Continental,Wikipedia,2017–18 UEFA Europa League group stage
2017-12-07,UEFA,UEFA 2nd Division,2,2017–18,Atalanta,Lyon,1-0,H,Continental,Wikipedia,2017–18 UEFA Europa League group stage
2017-12-07,UEFA,UEFA 2nd Division,2,2017–18,Austria Wien,AEK Athens,0-0,D,Continental,Wikipedia,2017–18 UEFA Europa League group stage
2017-12-07,UEFA,UEFA 2nd Division,2,2017–18,Copenhagen,Sheriff Tiraspol,2-0,H,Continental,Wikipedia,2017–18 UEFA Europa League group stage
2017-12-07,UEFA,UEFA 2nd Division,2,2017–18,Dynamo Kyiv,Partizan,4-1,H,Continental,Wikipedia,2017–18 UEFA Europa League group stage
2017-12-07,UEFA,UEFA 2nd Division,2,2017–18,FCSB,Lugano,1-2,A,Continental,Wikipedia,2017–18 UEFA Europa League group stage
2017-12-07,UEFA,UEFA 2nd Division,2,2017–18,Fastav Zlín,Lokomotiv Moscow,0-2,A,Continental,Wikipedia,2017–18 UEFA Europa League group stage
2017-12-07,UEFA,UEFA 2nd Division,2,2017–18,Hapoel Be'er Sheva,Viktoria Plzeň,0-2,A,Continental,Wikipedia,2017–18 UEFA Europa League group stage
2017-12-07,UEFA,UEFA 2nd Division,2,2017–18,Hertha BSC,Östersunds FK,1-1,D,Continental,Wikipedia,2017–18 UEFA Europa League group stage
2017-12-07,UEFA,UEFA 2nd Division,2,2017–18,Marseille,Red Bull Salzburg,0-0,D,Continental,Wikipedia,2017–18 UEFA Europa League group stage
2017-12-07,UEFA,UEFA 2nd Division,2,2017–18,Real Sociedad,Zenit Saint Petersburg,1-3,A,Continental,Wikipedia,2017–18 UEFA Europa League group stage
2017-12-07,UEFA,UEFA 2nd Division,2,2017–18,Red Star Belgrade,1. FC Köln,1-0,H,Continental,Wikipedia,2017–18 UEFA Europa League group stage
2017-12-07,UEFA,UEFA 2nd Division,2,2017–18,Rijeka,Milan,2-0,H,Continental,Wikipedia,2017–18 UEFA Europa League group stage
2017-12-07,UEFA,UEFA 2nd Division,2,2017–18,Slavia Prague,Astana,0-1,A,Continental,Wikipedia,2017–18 UEFA Europa League group stage
2017-12-07,UEFA,UEFA 2nd Division,2,2017–18,TSG Hoffenheim,Ludogorets Razgrad,1-1,D,Continental,Wikipedia,2017–18 UEFA Europa League group stage
2017-12-07,UEFA,UEFA 2nd Division,2,2017–18,Vardar,Rosenborg,1-1,D,Continental,Wikipedia,2017–18 UEFA Europa League group stage
2017-12-07,UEFA,UEFA 2nd Division,2,2017–18,Villarreal,Maccabi Tel Aviv,0-1,A,Continental,Wikipedia,2017–18 UEFA Europa League group stage
2017-12-07,UEFA,UEFA 2nd Division,2,2017–18,Vitesse,Nice,1-0,H,Continental,Wikipedia,2017–18 UEFA Europa League group stage
2017-12-07,UEFA,UEFA 2nd Division,2,2017–18,Vitória de Guimarães,Konyaspor,1-1,D,Continental,Wikipedia,2017–18 UEFA Europa League group stage
2017-12-07,UEFA,UEFA 2nd Division,2,2017–18,Young Boys,Skënderbeu,2-1,H,Continental,Wikipedia,2017–18 UEFA Europa League group stage
2017-12-07,UEFA,UEFA 2nd Division,2,2017–18,Zorya Luhansk,Athletic Bilbao,0-2,A,Continental,Wikipedia,2017–18 UEFA Europa League group stage
2017-12-07,UEFA,UEFA 2nd Division,2,2017–18,Zulte Waregem,Lazio,3-2,H,Continental,Wikipedia,2017–18 UEFA Europa League group stage
2017-12-07,UEFA,UEFA 2nd Division,2,2017–18,İstanbul Başakşehir,Braga,2-1,H,Continental,Wikipedia,2017–18 UEFA Europa League group stage
2018-02-13,UEFA,UEFA 2nd Division,2,2017–18,Red Star Belgrade,CSKA Moscow,0-0,D,Continental,Wikipedia,2017–18 UEFA Europa League knockout phase
2018-02-15,UEFA,UEFA 2nd Division,2,2017–18,AEK Athens,Dynamo Kyiv,1-1,D,Continental,Wikipedia,2017–18 UEFA Europa League knockout phase
2018-02-15,UEFA,UEFA 2nd Division,2,2017–18,Astana,Sporting CP,1-3,A,Continental,Wikipedia,2017–18 UEFA Europa League knockout phase
2018-02-15,UEFA,UEFA 2nd Division,2,2017–18,Borussia Dortmund,Atalanta,3-2,H,Continental,Wikipedia,2017–18 UEFA Europa League knockout phase
2018-02-15,UEFA,UEFA 2nd Division,2,2017–18,Celtic,Zenit Saint Petersburg,1-0,H,Continental,Wikipedia,2017–18 UEFA Europa League knockout phase
2018-02-15,UEFA,UEFA 2nd Division,2,2017–18,Copenhagen,Atlético Madrid,1-4,A,Continental,Wikipedia,2017–18 UEFA Europa League knockout phase
2018-02-15,UEFA,UEFA 2nd Division,2,2017–18,FCSB,Lazio,1-0,H,Continental,Wikipedia,2017–18 UEFA Europa League knockout phase
2018-02-15,UEFA,UEFA 2nd Division,2,2017–18,Ludogorets Razgrad,Milan,0-3,A,Continental,Wikipedia,2017–18 UEFA Europa League knockout phase
2018-02-15,UEFA,UEFA 2nd Division,2,2017–18,Lyon,Villarreal,3-1,H,Continental,Wikipedia,2017–18 UEFA Europa League knockout phase
2018-02-15,UEFA,UEFA 2nd Division,2,2017–18,Marseille,Braga,3-0,H,Continental,Wikipedia,2017–18 UEFA Europa League knockout phase
2018-02-15,UEFA,UEFA 2nd Division,2,2017–18,Napoli,RB Leipzig,1-3,A,Continental,Wikipedia,2017–18 UEFA Europa League knockout phase
2018-02-15,UEFA,UEFA 2nd Division,2,2017–18,Nice,Lokomotiv Moscow,2-3,A,Continental,Wikipedia,2017–18 UEFA Europa League knockout phase
2018-02-15,UEFA,UEFA 2nd Division,2,2017–18,Partizan,Viktoria Plzeň,1-1,D,Continental,Wikipedia,2017–18 UEFA Europa League knockout phase
2018-02-15,UEFA,UEFA 2nd Division,2,2017–18,Real Sociedad,Red Bull Salzburg,2-2,D,Continental,Wikipedia,2017–18 UEFA Europa League knockout phase
2018-02-15,UEFA,UEFA 2nd Division,2,2017–18,Spartak Moscow,Athletic Bilbao,1-3,A,Continental,Wikipedia,2017–18 UEFA Europa League knockout phase
2018-02-15,UEFA,UEFA 2nd Division,2,2017–18,Östersunds FK,Arsenal,0-3,A,Continental,Wikipedia,2017–18 UEFA Europa League knockout phase
2018-02-21,UEFA,UEFA 2nd Division,2,2017–18,CSKA Moscow,Red Star Belgrade,1-0,H,Continental,Wikipedia,2017–18 UEFA Europa League knockout phase
2018-02-22,UEFA,UEFA 2nd Division,2,2017–18,Arsenal,Östersunds FK,1-2,A,Continental,Wikipedia,2017–18 UEFA Europa League knockout phase
2018-02-22,UEFA,UEFA 2nd Division,2,2017–18,Atalanta,Borussia Dortmund,1-1,D,Continental,Wikipedia,2017–18 UEFA Europa League knockout phase
2018-02-22,UEFA,UEFA 2nd Division,2,2017–18,Athletic Bilbao,Spartak Moscow,1-2,A,Continental,Wikipedia,2017–18 UEFA Europa League knockout phase
2018-02-22,UEFA,UEFA 2nd Division,2,2017–18,Atlético Madrid,Copenhagen,1-0,H,Continental,Wikipedia,2017–18 UEFA Europa League knockout phase
2018-02-22,UEFA,UEFA 2nd Division,2,2017–18,Braga,Marseille,1-0,H,Continental,Wikipedia,2017–18 UEFA Europa League knockout phase
2018-02-22,UEFA,UEFA 2nd Division,2,2017–18,Dynamo Kyiv,AEK Athens,0-0,D,Continental,Wikipedia,2017–18 UEFA Europa League knockout phase
2018-02-22,UEFA,UEFA 2nd Division,2,2017–18,Lazio,FCSB,5-1,H,Continental,Wikipedia,2017–18 UEFA Europa League knockout phase
2018-02-22,UEFA,UEFA 2nd Division,2,2017–18,Lokomotiv Moscow,Nice,1-0,H,Continental,Wikipedia,2017–18 UEFA Europa League knockout phase
2018-02-22,UEFA,UEFA 2nd Division,2,2017–18,Milan,Ludogorets Razgrad,1-0,H,Continental,Wikipedia,2017–18 UEFA Europa League knockout phase
2018-02-22,UEFA,UEFA 2nd Division,2,2017–18,RB Leipzig,Napoli,0-2,A,Continental,Wikipedia,2017–18 UEFA Europa League knockout phase
2018-02-22,UEFA,UEFA 2nd Division,2,2017–18,Red Bull Salzburg,Real Sociedad,2-1,H,Continental,Wikipedia,2017–18 UEFA Europa League knockout phase
2018-02-22,UEFA,UEFA 2nd Division,2,2017–18,Sporting CP,Astana,3-3,D,Continental,Wikipedia,2017–18 UEFA Europa League knockout phase
2018-02-22,UEFA,UEFA 2nd Division,2,2017–18,Viktoria Plzeň,Partizan,2-0,H,Continental,Wikipedia,2017–18 UEFA Europa League knockout phase
2018-02-22,UEFA,UEFA 2nd Division,2,2017–18,Villarreal,Lyon,0-1,A,Continental,Wikipedia,2017–18 UEFA Europa League knockout phase
2018-02-22,UEFA,UEFA 2nd Division,2,2017–18,Zenit Saint Petersburg,Celtic,3-0,H,Continental,Wikipedia,2017–18 UEFA Europa League knockout phase
2018-03-08,UEFA,UEFA 2nd Division,2,2017–18,Atlético Madrid,Lokomotiv Moscow,3-0,H,Continental,Wikipedia,2017–18 UEFA Europa League knockout phase
2018-03-08,UEFA,UEFA 2nd Division,2,2017–18,Borussia Dortmund,Red Bull Salzburg,1-2,A,Continental,Wikipedia,2017–18 UEFA Europa League knockout phase
2018-03-08,UEFA,UEFA 2nd Division,2,2017–18,CSKA Moscow,Lyon,0-1,A,Continental,Wikipedia,2017–18 UEFA Europa League knockout phase
2018-03-08,UEFA,UEFA 2nd Division,2,2017–18,Lazio,Dynamo Kyiv,2-2,D,Continental,Wikipedia,2017–18 UEFA Europa League knockout phase
2018-03-08,UEFA,UEFA 2nd Division,2,2017–18,Marseille,Athletic Bilbao,3-1,H,Continental,Wikipedia,2017–18 UEFA Europa League knockout phase
2018-03-08,UEFA,UEFA 2nd Division,2,2017–18,Milan,Arsenal,0-2,A,Continental,Wikipedia,2017–18 UEFA Europa League knockout phase
2018-03-08,UEFA,UEFA 2nd Division,2,2017–18,RB Leipzig,Zenit Saint Petersburg,2-1,H,Continental,Wikipedia,2017–18 UEFA Europa League knockout phase
2018-03-08,UEFA,UEFA 2nd Division,2,2017–18,Sporting CP,Viktoria Plzeň,2-0,H,Continental,Wikipedia,2017–18 UEFA Europa League knockout phase
2018-03-15,UEFA,UEFA 2nd Division,2,2017–18,Arsenal,Milan,3-1,H,Continental,Wikipedia,2017–18 UEFA Europa League knockout phase
2018-03-15,UEFA,UEFA 2nd Division,2,2017–18,Athletic Bilbao,Marseille,1-2,A,Continental,Wikipedia,2017–18 UEFA Europa League knockout phase
2018-03-15,UEFA,UEFA 2nd Division,2,2017–18,Dynamo Kyiv,Lazio,0-2,A,Continental,Wikipedia,2017–18 UEFA Europa League knockout phase
2018-03-15,UEFA,UEFA 2nd Division,2,2017–18,Lokomotiv Moscow,Atlético Madrid,1-5,A,Continental,Wikipedia,2017–18 UEFA Europa League knockout phase
2018-03-15,UEFA,UEFA 2nd Division,2,2017–18,Lyon,CSKA Moscow,2-3,A,Continental,Wikipedia,2017–18 UEFA Europa League knockout phase
2018-03-15,UEFA,UEFA 2nd Division,2,2017–18,Red Bull Salzburg,Borussia Dortmund,0-0,D,Continental,Wikipedia,2017–18 UEFA Europa League knockout phase
2018-03-15,UEFA,UEFA 2nd Division,2,2017–18,Viktoria Plzeň,Sporting CP,2-1,H,Continental,Wikipedia,2017–18 UEFA Europa League knockout phase
2018-03-15,UEFA,UEFA 2nd Division,2,2017–18,Zenit Saint Petersburg,RB Leipzig,1-1,D,Continental,Wikipedia,2017–18 UEFA Europa League knockout phase
2018-04-05,UEFA,UEFA 2nd Division,2,2017–18,Arsenal,CSKA Moscow,4-1,H,Continental,Wikipedia,2017–18 UEFA Europa League knockout phase
2018-04-05,UEFA,UEFA 2nd Division,2,2017–18,Atlético Madrid,Sporting CP,2-0,H,Continental,Wikipedia,2017–18 UEFA Europa League knockout phase
2018-04-05,UEFA,UEFA 2nd Division,2,2017–18,Lazio,Red Bull Salzburg,4-2,H,Continental,Wikipedia,2017–18 UEFA Europa League knockout phase
2018-04-05,UEFA,UEFA 2nd Division,2,2017–18,RB Leipzig,Marseille,1-0,H,Continental,Wikipedia,2017–18 UEFA Europa League knockout phase
2018-04-12,UEFA,UEFA 2nd Division,2,2017–18,CSKA Moscow,Arsenal,2-2,D,Continental,Wikipedia,2017–18 UEFA Europa League knockout phase
2018-04-12,UEFA,UEFA 2nd Division,2,2017–18,Marseille,RB Leipzig,5-2,H,Continental,Wikipedia,2017–18 UEFA Europa League knockout phase
2018-04-12,UEFA,UEFA 2nd Division,2,2017–18,Red Bull Salzburg,Lazio,4-1,H,Continental,Wikipedia,2017–18 UEFA Europa League knockout phase
2018-04-12,UEFA,UEFA 2nd Division,2,2017–18,Sporting CP,Atlético Madrid,1-0,H,Continental,Wikipedia,2017–18 UEFA Europa League knockout phase
2018-04-26,UEFA,UEFA 2nd Division,2,2017–18,Arsenal,Atlético Madrid,1-1,D,Continental,Wikipedia,2017–18 UEFA Europa League knockout phase
2018-04-26,UEFA,UEFA 2nd Division,2,2017–18,Marseille,Red Bull Salzburg,2-0,H,Continental,Wikipedia,2017–18 UEFA Europa League knockout phase
2018-05-03,UEFA,UEFA 2nd Division,2,2017–18,Atlético Madrid,Arsenal,1-0,H,Continental,Wikipedia,2017–18 UEFA Europa League knockout phase
2018-05-03,UEFA,UEFA 2nd Division,2,2017–18,Red Bull Salzburg,Marseille,2-1,H,Continental,Wikipedia,2017–18 UEFA Europa League knockout phase
2018-09-20,UEFA,UEFA 2nd Division,2,2018–19,AEK Larnaca,Zürich,0-1,A,Continental,Wikipedia,2018–19 UEFA Europa League group stage
2018-09-20,UEFA,UEFA 2nd Division,2,2018–19,Akhisarspor,Krasnodar,0-1,A,Continental,Wikipedia,2018–19 UEFA Europa League group stage
2018-09-20,UEFA,UEFA 2nd Division,2,2018–19,Arsenal,Vorskla Poltava,4-2,H,Continental,Wikipedia,2018–19 UEFA Europa League group stage
2018-09-20,UEFA,UEFA 2nd Division,2,2018–19,Beşiktaş,Sarpsborg 08,3-1,H,Continental,Wikipedia,2018–19 UEFA Europa League group stage
2018-09-20,UEFA,UEFA 2nd Division,2,2018–19,Celtic,Rosenborg,1-0,H,Continental,Wikipedia,2018–19 UEFA Europa League group stage
2018-09-20,UEFA,UEFA 2nd Division,2,2018–19,Copenhagen,Zenit Saint Petersburg,1-1,D,Continental,Wikipedia,2018–19 UEFA Europa League group stage
2018-09-20,UEFA,UEFA 2nd Division,2,2018–19,Dinamo Zagreb,Fenerbahçe,4-1,H,Continental,Wikipedia,2018–19 UEFA Europa League group stage
2018-09-20,UEFA,UEFA 2nd Division,2,2018–19,Dynamo Kyiv,Astana,2-2,D,Continental,Wikipedia,2018–19 UEFA Europa League group stage
2018-09-20,UEFA,UEFA 2nd Division,2,2018–19,F91 Dudelange,Milan,0-1,A,Continental,Wikipedia,2018–19 UEFA Europa League group stage
2018-09-20,UEFA,UEFA 2nd Division,2,2018–19,Genk,Malmö FF,2-0,H,Continental,Wikipedia,2018–19 UEFA Europa League group stage
2018-09-20,UEFA,UEFA 2nd Division,2,2018–19,Lazio,Apollon Limassol,2-1,H,Continental,Wikipedia,2018–19 UEFA Europa League group stage
2018-09-20,UEFA,UEFA 2nd Division,2,2018–19,Ludogorets Razgrad,Bayer Leverkusen,2-3,A,Continental,Wikipedia,2018–19 UEFA Europa League group stage
2018-09-20,UEFA,UEFA 2nd Division,2,2018–19,Marseille,Eintracht Frankfurt,1-2,A,Continental,Wikipedia,2018–19 UEFA Europa League group stage
2018-09-20,UEFA,UEFA 2nd Division,2,2018–19,Olympiacos,Real Betis,0-0,D,Continental,Wikipedia,2018–19 UEFA Europa League group stage
2018-09-20,UEFA,UEFA 2nd Division,2,2018–19,PAOK,Chelsea,0-1,A,Continental,Wikipedia,2018–19 UEFA Europa League group stage
2018-09-20,UEFA,UEFA 2nd Division,2,2018–19,RB Leipzig,Red Bull Salzburg,2-3,A,Continental,Wikipedia,2018–19 UEFA Europa League group stage
2018-09-20,UEFA,UEFA 2nd Division,2,2018–19,Rapid Wien,Spartak Moscow,2-0,H,Continental,Wikipedia,2018–19 UEFA Europa League group stage
2018-09-20,UEFA,UEFA 2nd Division,2,2018–19,Rennes,Jablonec,2-1,H,Continental,Wikipedia,2018–19 UEFA Europa League group stage
2018-09-20,UEFA,UEFA 2nd Division,2,2018–19,Sevilla,Standard Liège,5-1,H,Continental,Wikipedia,2018–19 UEFA Europa League group stage
2018-09-20,UEFA,UEFA 2nd Division,2,2018–19,Slavia Prague,Bordeaux,1-0,H,Continental,Wikipedia,2018–19 UEFA Europa League group stage
2018-09-20,UEFA,UEFA 2nd Division,2,2018–19,Spartak Trnava,Anderlecht,1-0,H,Continental,Wikipedia,2018–19 UEFA Europa League group stage
2018-09-20,UEFA,UEFA 2nd Division,2,2018–19,Sporting CP,Qarabağ,2-0,H,Continental,Wikipedia,2018–19 UEFA Europa League group stage
2018-09-20,UEFA,UEFA 2nd Division,2,2018–19,Vidi,BATE Borisov,0-2,A,Continental,Wikipedia,2018–19 UEFA Europa League group stage
2018-09-20,UEFA,UEFA 2nd Division,2,2018–19,Villarreal,Rangers,2-2,D,Continental,Wikipedia,2018–19 UEFA Europa League group stage
2018-10-04,UEFA,UEFA 2nd Division,2,2018–19,Anderlecht,Dinamo Zagreb,0-2,A,Continental,Wikipedia,2018–19 UEFA Europa League group stage
2018-10-04,UEFA,UEFA 2nd Division,2,2018–19,Apollon Limassol,Marseille,2-2,D,Continental,Wikipedia,2018–19 UEFA Europa League group stage
2018-10-04,UEFA,UEFA 2nd Division,2,2018–19,Astana,Rennes,2-0,H,Continental,Wikipedia,2018–19 UEFA Europa League group stage
2018-10-04,UEFA,UEFA 2nd Division,2,2018–19,BATE Borisov,PAOK,1-4,A,Continental,Wikipedia,2018–19 UEFA Europa League group stage
2018-10-04,UEFA,UEFA 2nd Division,2,2018–19,Bayer Leverkusen,AEK Larnaca,4-2,H,Continental,Wikipedia,2018–19 UEFA Europa League group stage
2018-10-04,UEFA,UEFA 2nd Division,2,2018–19,Bordeaux,Copenhagen,1-2,A,Continental,Wikipedia,2018–19 UEFA Europa League group stage
2018-10-04,UEFA,UEFA 2nd Division,2,2018–19,Chelsea,Vidi,1-0,H,Continental,Wikipedia,2018–19 UEFA Europa League group stage
2018-10-04,UEFA,UEFA 2nd Division,2,2018–19,Eintracht Frankfurt,Lazio,4-1,H,Continental,Wikipedia,2018–19 UEFA Europa League group stage
2018-10-04,UEFA,UEFA 2nd Division,2,2018–19,Fenerbahçe,Spartak Trnava,2-0,H,Continental,Wikipedia,2018–19 UEFA Europa League group stage
2018-10-04,UEFA,UEFA 2nd Division,2,2018–19,Jablonec,Dynamo Kyiv,2-2,D,Continental,Wikipedia,2018–19 UEFA Europa League group stage
2018-10-04,UEFA,UEFA 2nd Division,2,2018–19,Krasnodar,Sevilla,2-1,H,Continental,Wikipedia,2018–19 UEFA Europa League group stage
2018-10-04,UEFA,UEFA 2nd Division,2,2018–19,Malmö FF,Beşiktaş,2-0,H,Continental,Wikipedia,2018–19 UEFA Europa League group stage
2018-10-04,UEFA,UEFA 2nd Division,2,2018–19,Milan,Olympiacos,3-1,H,Continental,Wikipedia,2018–19 UEFA Europa League group stage
2018-10-04,UEFA,UEFA 2nd Division,2,2018–19,Qarabağ,Arsenal,0-3,A,Continental,Wikipedia,2018–19 UEFA Europa League group stage
2018-10-04,UEFA,UEFA 2nd Division,2,2018–19,Rangers,Rapid Wien,3-1,H,Continental,Wikipedia,2018–19 UEFA Europa League group stage
2018-10-04,UEFA,UEFA 2nd Division,2,2018–19,Real Betis,F91 Dudelange,3-0,H,Continental,Wikipedia,2018–19 UEFA Europa League group stage
2018-10-04,UEFA,UEFA 2nd Division,2,2018–19,Red Bull Salzburg,Celtic,3-1,H,Continental,Wikipedia,2018–19 UEFA Europa League group stage
2018-10-04,UEFA,UEFA 2nd Division,2,2018–19,Rosenborg,RB Leipzig,1-3,A,Continental,Wikipedia,2018–19 UEFA Europa League group stage
2018-10-04,UEFA,UEFA 2nd Division,2,2018–19,Sarpsborg 08,Genk,3-1,H,Continental,Wikipedia,2018–19 UEFA Europa League group stage
2018-10-04,UEFA,UEFA 2nd Division,2,2018–19,Spartak Moscow,Villarreal,3-3,D,Continental,Wikipedia,2018–19 UEFA Europa League group stage
2018-10-04,UEFA,UEFA 2nd Division,2,2018–19,Standard Liège,Akhisarspor,2-1,H,Continental,Wikipedia,2018–19 UEFA Europa League group stage
2018-10-04,UEFA,UEFA 2nd Division,2,2018–19,Vorskla Poltava,Sporting CP,1-2,A,Continental,Wikipedia,2018–19 UEFA Europa League group stage
2018-10-04,UEFA,UEFA 2nd Division,2,2018–19,Zenit Saint Petersburg,Slavia Prague,1-0,H,Continental,Wikipedia,2018–19 UEFA Europa League group stage
2018-10-04,UEFA,UEFA 2nd Division,2,2018–19,Zürich,Ludogorets Razgrad,1-0,H,Continental,Wikipedia,2018–19 UEFA Europa League group stage
2018-10-25,UEFA,UEFA 2nd Division,2,2018–19,AEK Larnaca,Ludogorets Razgrad,1-1,D,Continental,Wikipedia,2018–19 UEFA Europa League group stage
2018-10-25,UEFA,UEFA 2nd Division,2,2018–19,Anderlecht,Fenerbahçe,2-2,D,Continental,Wikipedia,2018–19 UEFA Europa League group stage
2018-10-25,UEFA,UEFA 2nd Division,2,2018–19,Beşiktaş,Genk,2-4,A,Continental,Wikipedia,2018–19 UEFA Europa League group stage
2018-10-25,UEFA,UEFA 2nd Division,2,2018–19,Chelsea,BATE Borisov,3-1,H,Continental,Wikipedia,2018–19 UEFA Europa League group stage
2018-10-25,UEFA,UEFA 2nd Division,2,2018–19,Copenhagen,Slavia Prague,0-1,A,Continental,Wikipedia,2018–19 UEFA Europa League group stage
2018-10-25,UEFA,UEFA 2nd Division,2,2018–19,Eintracht Frankfurt,Apollon Limassol,2-0,H,Continental,Wikipedia,2018–19 UEFA Europa League group stage
2018-10-25,UEFA,UEFA 2nd Division,2,2018–19,F91 Dudelange,Olympiacos,0-2,A,Continental,Wikipedia,2018–19 UEFA Europa League group stage
2018-10-25,UEFA,UEFA 2nd Division,2,2018–19,Jablonec,Astana,1-1,D,Continental,Wikipedia,2018–19 UEFA Europa League group stage
2018-10-25,UEFA,UEFA 2nd Division,2,2018–19,Marseille,Lazio,1-3,A,Continental,Wikipedia,2018–19 UEFA Europa League group stage
2018-10-25,UEFA,UEFA 2nd Division,2,2018–19,Milan,Real Betis,1-2,A,Continental,Wikipedia,2018–19 UEFA Europa League group stage
2018-10-25,UEFA,UEFA 2nd Division,2,2018–19,PAOK,Vidi,0-2,A,Continental,Wikipedia,2018–19 UEFA Europa League group stage
2018-10-25,UEFA,UEFA 2nd Division,2,2018–19,Qarabağ,Vorskla Poltava,0-1,A,Continental,Wikipedia,2018–19 UEFA Europa League group stage
2018-10-25,UEFA,UEFA 2nd Division,2,2018–19,RB Leipzig,Celtic,2-0,H,Continental,Wikipedia,2018–19 UEFA Europa League group stage
2018-10-25,UEFA,UEFA 2nd Division,2,2018–19,Rangers,Spartak Moscow,0-0,D,Continental,Wikipedia,2018–19 UEFA Europa League group stage
2018-10-25,UEFA,UEFA 2nd Division,2,2018–19,Red Bull Salzburg,Rosenborg,3-0,H,Continental,Wikipedia,2018–19 UEFA Europa League group stage
2018-10-25,UEFA,UEFA 2nd Division,2,2018–19,Rennes,Dynamo Kyiv,1-2,A,Continental,Wikipedia,2018–19 UEFA Europa League group stage
2018-10-25,UEFA,UEFA 2nd Division,2,2018–19,Sarpsborg 08,Malmö FF,1-1,D,Continental,Wikipedia,2018–19 UEFA Europa League group stage
2018-10-25,UEFA,UEFA 2nd Division,2,2018–19,Sevilla,Akhisarspor,6-0,H,Continental,Wikipedia,2018–19 UEFA Europa League group stage
2018-10-25,UEFA,UEFA 2nd Division,2,2018–19,Spartak Trnava,Dinamo Zagreb,1-2,A,Continental,Wikipedia,2018–19 UEFA Europa League group stage
2018-10-25,UEFA,UEFA 2nd Division,2,2018–19,Sporting CP,Arsenal,0-1,A,Continental,Wikipedia,2018–19 UEFA Europa League group stage
2018-10-25,UEFA,UEFA 2nd Division,2,2018–19,Standard Liège,Krasnodar,2-1,H,Continental,Wikipedia,2018–19 UEFA Europa League group stage
2018-10-25,UEFA,UEFA 2nd Division,2,2018–19,Villarreal,Rapid Wien,5-0,H,Continental,Wikipedia,2018–19 UEFA Europa League group stage
2018-10-25,UEFA,UEFA 2nd Division,2,2018–19,Zenit Saint Petersburg,Bordeaux,2-1,H,Continental,Wikipedia,2018–19 UEFA Europa League group stage
2018-10-25,UEFA,UEFA 2nd Division,2,2018–19,Zürich,Bayer Leverkusen,3-2,H,Continental,Wikipedia,2018–19 UEFA Europa League group stage
2018-11-08,UEFA,UEFA 2nd Division,2,2018–19,Akhisarspor,Sevilla,2-3,A,Continental,Wikipedia,2018–19 UEFA Europa League group stage
2018-11-08,UEFA,UEFA 2nd Division,2,2018–19,Apollon Limassol,Eintracht Frankfurt,2-3,A,Continental,Wikipedia,2018–19 UEFA Europa League group stage
2018-11-08,UEFA,UEFA 2nd Division,2,2018–19,Arsenal,Sporting CP,0-0,D,Continental,Wikipedia,2018–19 UEFA Europa League group stage
2018-11-08,UEFA,UEFA 2nd Division,2,2018–19,Astana,Jablonec,2-1,H,Continental,Wikipedia,2018–19 UEFA Europa League group stage
2018-11-08,UEFA,UEFA 2nd Division,2,2018–19,BATE Borisov,Chelsea,0-1,A,Continental,Wikipedia,2018–19 UEFA Europa League group stage
2018-11-08,UEFA,UEFA 2nd Division,2,2018–19,Bayer Leverkusen,Zürich,1-0,H,Continental,Wikipedia,2018–19 UEFA Europa League group stage
2018-11-08,UEFA,UEFA 2nd Division,2,2018–19,Bordeaux,Zenit Saint Petersburg,1-1,D,Continental,Wikipedia,2018–19 UEFA Europa League group stage
2018-11-08,UEFA,UEFA 2nd Division,2,2018–19,Celtic,RB Leipzig,2-1,H,Continental,Wikipedia,2018–19 UEFA Europa League group stage
2018-11-08,UEFA,UEFA 2nd Division,2,2018–19,Dinamo Zagreb,Spartak Trnava,3-1,H,Continental,Wikipedia,2018–19 UEFA Europa League group stage
2018-11-08,UEFA,UEFA 2nd Division,2,2018–19,Dynamo Kyiv,Rennes,3-1,H,Continental,Wikipedia,2018–19 UEFA Europa League group stage
2018-11-08,UEFA,UEFA 2nd Division,2,2018–19,Fenerbahçe,Anderlecht,2-0,H,Continental,Wikipedia,2018–19 UEFA Europa League group stage
2018-11-08,UEFA,UEFA 2nd Division,2,2018–19,Genk,Beşiktaş,1-1,D,Continental,Wikipedia,2018–19 UEFA Europa League group stage
2018-11-08,UEFA,UEFA 2nd Division,2,2018–19,Krasnodar,Standard Liège,2-1,H,Continental,Wikipedia,2018–19 UEFA Europa League group stage
2018-11-08,UEFA,UEFA 2nd Division,2,2018–19,Lazio,Marseille,2-1,H,Continental,Wikipedia,2018–19 UEFA Europa League group stage
2018-11-08,UEFA,UEFA 2nd Division,2,2018–19,Ludogorets Razgrad,AEK Larnaca,0-0,D,Continental,Wikipedia,2018–19 UEFA Europa League group stage
2018-11-08,UEFA,UEFA 2nd Division,2,2018–19,Malmö FF,Sarpsborg 08,1-1,D,Continental,Wikipedia,2018–19 UEFA Europa League group stage
2018-11-08,UEFA,UEFA 2nd Division,2,2018–19,Olympiacos,F91 Dudelange,5-1,H,Continental,Wikipedia,2018–19 UEFA Europa League group stage
2018-11-08,UEFA,UEFA 2nd Division,2,2018–19,Rapid Wien,Villarreal,0-0,D,Continental,Wikipedia,2018–19 UEFA Europa League group stage
2018-11-08,UEFA,UEFA 2nd Division,2,2018–19,Real Betis,Milan,1-1,D,Continental,Wikipedia,2018–19 UEFA Europa League group stage
2018-11-08,UEFA,UEFA 2nd Division,2,2018–19,Rosenborg,Red Bull Salzburg,2-5,A,Continental,Wikipedia,2018–19 UEFA Europa League group stage
2018-11-08,UEFA,UEFA 2nd Division,2,2018–19,Slavia Prague,Copenhagen,0-0,D,Continental,Wikipedia,2018–19 UEFA Europa League group stage
2018-11-08,UEFA,UEFA 2nd Division,2,2018–19,Spartak Moscow,Rangers,4-3,H,Continental,Wikipedia,2018–19 UEFA Europa League group stage
2018-11-08,UEFA,UEFA 2nd Division,2,2018–19,Vidi,PAOK,1-0,H,Continental,Wikipedia,2018–19 UEFA Europa League group stage
2018-11-08,UEFA,UEFA 2nd Division,2,2018–19,Vorskla Poltava,Qarabağ,0-1,A,Continental,Wikipedia,2018–19 UEFA Europa League group stage
2018-11-29,UEFA,UEFA 2nd Division,2,2018–19,Anderlecht,Spartak Trnava,0-0,D,Continental,Wikipedia,2018–19 UEFA Europa League group stage
2018-11-29,UEFA,UEFA 2nd Division,2,2018–19,Apollon Limassol,Lazio,2-0,H,Continental,Wikipedia,2018–19 UEFA Europa League group stage
2018-11-29,UEFA,UEFA 2nd Division,2,2018–19,Astana,Dynamo Kyiv,0-1,A,Continental,Wikipedia,2018–19 UEFA Europa League group stage
2018-11-29,UEFA,UEFA 2nd Division,2,2018–19,BATE Borisov,Vidi,2-0,H,Continental,Wikipedia,2018–19 UEFA Europa League group stage
2018-11-29,UEFA,UEFA 2nd Division,2,2018–19,Bayer Leverkusen,Ludogorets Razgrad,1-1,D,Continental,Wikipedia,2018–19 UEFA Europa League group stage
2018-11-29,UEFA,UEFA 2nd Division,2,2018–19,Bordeaux,Slavia Prague,2-0,H,Continental,Wikipedia,2018–19 UEFA Europa League group stage
2018-11-29,UEFA,UEFA 2nd Division,2,2018–19,Chelsea,PAOK,4-0,H,Continental,Wikipedia,2018–19 UEFA Europa League group stage
2018-11-29,UEFA,UEFA 2nd Division,2,2018–19,Eintracht Frankfurt,Marseille,4-0,H,Continental,Wikipedia,2018–19 UEFA Europa League group stage
2018-11-29,UEFA,UEFA 2nd Division,2,2018–19,Fenerbahçe,Dinamo Zagreb,0-0,D,Continental,Wikipedia,2018–19 UEFA Europa League group stage
2018-11-29,UEFA,UEFA 2nd Division,2,2018–19,Jablonec,Rennes,0-1,A,Continental,Wikipedia,2018–19 UEFA Europa League group stage
2018-11-29,UEFA,UEFA 2nd Division,2,2018–19,Krasnodar,Akhisarspor,2-1,H,Continental,Wikipedia,2018–19 UEFA Europa League group stage
2018-11-29,UEFA,UEFA 2nd Division,2,2018–19,Malmö FF,Genk,2-2,D,Continental,Wikipedia,2018–19 UEFA Europa League group stage
2018-11-29,UEFA,UEFA 2nd Division,2,2018–19,Milan,F91 Dudelange,5-2,H,Continental,Wikipedia,2018–19 UEFA Europa League group stage
2018-11-29,UEFA,UEFA 2nd Division,2,2018–19,Qarabağ,Sporting CP,1-6,A,Continental,Wikipedia,2018–19 UEFA Europa League group stage
2018-11-29,UEFA,UEFA 2nd Division,2,2018–19,Rangers,Villarreal,0-0,D,Continental,Wikipedia,2018–19 UEFA Europa League group stage
2018-11-29,UEFA,UEFA 2nd Division,2,2018–19,Real Betis,Olympiacos,1-0,H,Continental,Wikipedia,2018–19 UEFA Europa League group stage
2018-11-29,UEFA,UEFA 2nd Division,2,2018–19,Red Bull Salzburg,RB Leipzig,1-0,H,Continental,Wikipedia,2018–19 UEFA Europa League group stage
2018-11-29,UEFA,UEFA 2nd Division,2,2018–19,Rosenborg,Celtic,0-1,A,Continental,Wikipedia,2018–19 UEFA Europa League group stage
2018-11-29,UEFA,UEFA 2nd Division,2,2018–19,Sarpsborg 08,Beşiktaş,2-3,A,Continental,Wikipedia,2018–19 UEFA Europa League group stage
2018-11-29,UEFA,UEFA 2nd Division,2,2018–19,Spartak Moscow,Rapid Wien,1-2,A,Continental,Wikipedia,2018–19 UEFA Europa League group stage
2018-11-29,UEFA,UEFA 2nd Division,2,2018–19,Standard Liège,Sevilla,1-0,H,Continental,Wikipedia,2018–19 UEFA Europa League group stage
2018-11-29,UEFA,UEFA 2nd Division,2,2018–19,Vorskla Poltava,Arsenal,0-3,A,Continental,Wikipedia,2018–19 UEFA Europa League group stage
2018-11-29,UEFA,UEFA 2nd Division,2,2018–19,Zenit Saint Petersburg,Copenhagen,1-0,H,Continental,Wikipedia,2018–19 UEFA Europa League group stage
2018-11-29,UEFA,UEFA 2nd Division,2,2018–19,Zürich,AEK Larnaca,1-2,A,Continental,Wikipedia,2018–19 UEFA Europa League group stage
2018-12-13,UEFA,UEFA 2nd Division,2,2018–19,AEK Larnaca,Bayer Leverkusen,1-5,A,Continental,Wikipedia,2018–19 UEFA Europa League group stage
2018-12-13,UEFA,UEFA 2nd Division,2,2018–19,Akhisarspor,Standard Liège,0-0,D,Continental,Wikipedia,2018–19 UEFA Europa League group stage
2018-12-13,UEFA,UEFA 2nd Division,2,2018–19,Arsenal,Qarabağ,1-0,H,Continental,Wikipedia,2018–19 UEFA Europa League group stage
2018-12-13,UEFA,UEFA 2nd Division,2,2018–19,Beşiktaş,Malmö FF,0-1,A,Continental,Wikipedia,2018–19 UEFA Europa League group stage
2018-12-13,UEFA,UEFA 2nd Division,2,2018–19,Celtic,Red Bull Salzburg,1-2,A,Continental,Wikipedia,2018–19 UEFA Europa League group stage
2018-12-13,UEFA,UEFA 2nd Division,2,2018–19,Copenhagen,Bordeaux,0-1,A,Continental,Wikipedia,2018–19 UEFA Europa League group stage
2018-12-13,UEFA,UEFA 2nd Division,2,2018–19,Dinamo Zagreb,Anderlecht,0-0,D,Continental,Wikipedia,2018–19 UEFA Europa League group stage
2018-12-13,UEFA,UEFA 2nd Division,2,2018–19,Dynamo Kyiv,Jablonec,0-1,A,Continental,Wikipedia,2018–19 UEFA Europa League group stage
2018-12-13,UEFA,UEFA 2nd Division,2,2018–19,F91 Dudelange,Real Betis,0-0,D,Continental,Wikipedia,2018–19 UEFA Europa League group stage
2018-12-13,UEFA,UEFA 2nd Division,2,2018–19,Genk,Sarpsborg 08,4-0,H,Continental,Wikipedia,2018–19 UEFA Europa League group stage
2018-12-13,UEFA,UEFA 2nd Division,2,2018–19,Lazio,Eintracht Frankfurt,1-2,A,Continental,Wikipedia,2018–19 UEFA Europa League group stage
2018-12-13,UEFA,UEFA 2nd Division,2,2018–19,Ludogorets Razgrad,Zürich,1-1,D,Continental,Wikipedia,2018–19 UEFA Europa League group stage
2018-12-13,UEFA,UEFA 2nd Division,2,2018–19,Marseille,Apollon Limassol,1-3,A,Continental,Wikipedia,2018–19 UEFA Europa League group stage
2018-12-13,UEFA,UEFA 2nd Division,2,2018–19,Olympiacos,Milan,3-1,H,Continental,Wikipedia,2018–19 UEFA Europa League group stage
2018-12-13,UEFA,UEFA 2nd Division,2,2018–19,PAOK,BATE Borisov,1-3,A,Continental,Wikipedia,2018–19 UEFA Europa League group stage
2018-12-13,UEFA,UEFA 2nd Division,2,2018–19,RB Leipzig,Rosenborg,1-1,D,Continental,Wikipedia,2018–19 UEFA Europa League group stage
2018-12-13,UEFA,UEFA 2nd Division,2,2018–19,Rapid Wien,Rangers,1-0,H,Continental,Wikipedia,2018–19 UEFA Europa League group stage
2018-12-13,UEFA,UEFA 2nd Division,2,2018–19,Rennes,Astana,2-0,H,Continental,Wikipedia,2018–19 UEFA Europa League group stage
2018-12-13,UEFA,UEFA 2nd Division,2,2018–19,Sevilla,Krasnodar,3-0,H,Continental,Wikipedia,2018–19 UEFA Europa League group stage
2018-12-13,UEFA,UEFA 2nd Division,2,2018–19,Slavia Prague,Zenit Saint Petersburg,2-0,H,Continental,Wikipedia,2018–19 UEFA Europa League group stage
2018-12-13,UEFA,UEFA 2nd Division,2,2018–19,Spartak Trnava,Fenerbahçe,1-0,H,Continental,Wikipedia,2018–19 UEFA Europa League group stage
2018-12-13,UEFA,UEFA 2nd Division,2,2018–19,Sporting CP,Vorskla Poltava,3-0,H,Continental,Wikipedia,2018–19 UEFA Europa League group stage
2018-12-13,UEFA,UEFA 2nd Division,2,2018–19,Vidi,Chelsea,2-2,D,Continental,Wikipedia,2018–19 UEFA Europa League group stage
2018-12-13,UEFA,UEFA 2nd Division,2,2018–19,Villarreal,Spartak Moscow,2-0,H,Continental,Wikipedia,2018–19 UEFA Europa League group stage
2019-02-12,UEFA,UEFA 2nd Division,2,2018–19,Fenerbahçe,Zenit Saint Petersburg,1-0,H,Continental,Wikipedia,2018–19 UEFA Europa League knockout phase
2019-02-14,UEFA,UEFA 2nd Division,2,2018–19,BATE Borisov,Arsenal,1-0,H,Continental,Wikipedia,2018–19 UEFA Europa League knockout phase
2019-02-14,UEFA,UEFA 2nd Division,2,2018–19,Celtic,Valencia,0-2,A,Continental,Wikipedia,2018–19 UEFA Europa League knockout phase
2019-02-14,UEFA,UEFA 2nd Division,2,2018–19,Club Brugge,Red Bull Salzburg,2-1,H,Continental,Wikipedia,2018–19 UEFA Europa League knockout phase
2019-02-14,UEFA,UEFA 2nd Division,2,2018–19,Galatasaray,Benfica,1-2,A,Continental,Wikipedia,2018–19 UEFA Europa League knockout phase
2019-02-14,UEFA,UEFA 2nd Division,2,2018–19,Krasnodar,Bayer Leverkusen,0-0,D,Continental,Wikipedia,2018–19 UEFA Europa League knockout phase
2019-02-14,UEFA,UEFA 2nd Division,2,2018–19,Lazio,Sevilla,0-1,A,Continental,Wikipedia,2018–19 UEFA Europa League knockout phase
2019-02-14,UEFA,UEFA 2nd Division,2,2018–19,Malmö FF,Chelsea,1-2,A,Continental,Wikipedia,2018–19 UEFA Europa League knockout phase
2019-02-14,UEFA,UEFA 2nd Division,2,2018–19,Olympiacos,Dynamo Kyiv,2-2,D,Continental,Wikipedia,2018–19 UEFA Europa League knockout phase
2019-02-14,UEFA,UEFA 2nd Division,2,2018–19,Rapid Wien,Inter Milan,0-1,A,Continental,Wikipedia,2018–19 UEFA Europa League knockout phase
2019-02-14,UEFA,UEFA 2nd Division,2,2018–19,Rennes,Real Betis,3-3,D,Continental,Wikipedia,2018–19 UEFA Europa League knockout phase
2019-02-14,UEFA,UEFA 2nd Division,2,2018–19,Shakhtar Donetsk,Eintracht Frankfurt,2-2,D,Continental,Wikipedia,2018–19 UEFA Europa League knockout phase
2019-02-14,UEFA,UEFA 2nd Division,2,2018–19,Slavia Prague,Genk,0-0,D,Continental,Wikipedia,2018–19 UEFA Europa League knockout phase
2019-02-14,UEFA,UEFA 2nd Division,2,2018–19,Sporting CP,Villarreal,0-1,A,Continental,Wikipedia,2018–19 UEFA Europa League knockout phase
2019-02-14,UEFA,UEFA 2nd Division,2,2018–19,Viktoria Plzeň,Dinamo Zagreb,2-1,H,Continental,Wikipedia,2018–19 UEFA Europa League knockout phase
2019-02-14,UEFA,UEFA 2nd Division,2,2018–19,Zürich,Napoli,1-3,A,Continental,Wikipedia,2018–19 UEFA Europa League knockout phase
2019-02-20,UEFA,UEFA 2nd Division,2,2018–19,Sevilla,Lazio,2-0,H,Continental,Wikipedia,2018–19 UEFA Europa League knockout phase
2019-02-21,UEFA,UEFA 2nd Division,2,2018–19,Arsenal,BATE Borisov,3-0,H,Continental,Wikipedia,2018–19 UEFA Europa League knockout phase
2019-02-21,UEFA,UEFA 2nd Division,2,2018–19,Bayer Leverkusen,Krasnodar,1-1,D,Continental,Wikipedia,2018–19 UEFA Europa League knockout phase
2019-02-21,UEFA,UEFA 2nd Division,2,2018–19,Benfica,Galatasaray,0-0,D,Continental,Wikipedia,2018–19 UEFA Europa League knockout phase
2019-02-21,UEFA,UEFA 2nd Division,2,2018–19,Chelsea,Malmö FF,3-0,H,Continental,Wikipedia,2018–19 UEFA Europa League knockout phase
2019-02-21,UEFA,UEFA 2nd Division,2,2018–19,Dinamo Zagreb,Viktoria Plzeň,3-0,H,Continental,Wikipedia,2018–19 UEFA Europa League knockout phase
2019-02-21,UEFA,UEFA 2nd Division,2,2018–19,Dynamo Kyiv,Olympiacos,1-0,H,Continental,Wikipedia,2018–19 UEFA Europa League knockout phase
2019-02-21,UEFA,UEFA 2nd Division,2,2018–19,Eintracht Frankfurt,Shakhtar Donetsk,4-1,H,Continental,Wikipedia,2018–19 UEFA Europa League knockout phase
2019-02-21,UEFA,UEFA 2nd Division,2,2018–19,Genk,Slavia Prague,1-4,A,Continental,Wikipedia,2018–19 UEFA Europa League knockout phase
2019-02-21,UEFA,UEFA 2nd Division,2,2018–19,Inter Milan,Rapid Wien,4-0,H,Continental,Wikipedia,2018–19 UEFA Europa League knockout phase
2019-02-21,UEFA,UEFA 2nd Division,2,2018–19,Napoli,Zürich,2-0,H,Continental,Wikipedia,2018–19 UEFA Europa League knockout phase
2019-02-21,UEFA,UEFA 2nd Division,2,2018–19,Real Betis,Rennes,1-3,A,Continental,Wikipedia,2018–19 UEFA Europa League knockout phase
2019-02-21,UEFA,UEFA 2nd Division,2,2018–19,Red Bull Salzburg,Club Brugge,4-0,H,Continental,Wikipedia,2018–19 UEFA Europa League knockout phase
2019-02-21,UEFA,UEFA 2nd Division,2,2018–19,Valencia,Celtic,1-0,H,Continental,Wikipedia,2018–19 UEFA Europa League knockout phase
2019-02-21,UEFA,UEFA 2nd Division,2,2018–19,Villarreal,Sporting CP,1-1,D,Continental,Wikipedia,2018–19 UEFA Europa League knockout phase
2019-02-21,UEFA,UEFA 2nd Division,2,2018–19,Zenit Saint Petersburg,Fenerbahçe,3-1,H,Continental,Wikipedia,2018–19 UEFA Europa League knockout phase
2019-03-07,UEFA,UEFA 2nd Division,2,2018–19,Chelsea,Dynamo Kyiv,3-0,H,Continental,Wikipedia,2018–19 UEFA Europa League knockout phase
2019-03-07,UEFA,UEFA 2nd Division,2,2018–19,Dinamo Zagreb,Benfica,1-0,H,Continental,Wikipedia,2018–19 UEFA Europa League knockout phase
2019-03-07,UEFA,UEFA 2nd Division,2,2018–19,Eintracht Frankfurt,Inter Milan,0-0,D,Continental,Wikipedia,2018–19 UEFA Europa League knockout phase
2019-03-07,UEFA,UEFA 2nd Division,2,2018–19,Napoli,Red Bull Salzburg,3-0,H,Continental,Wikipedia,2018–19 UEFA Europa League knockout phase
2019-03-07,UEFA,UEFA 2nd Division,2,2018–19,Rennes,Arsenal,3-1,H,Continental,Wikipedia,2018–19 UEFA Europa League knockout phase
2019-03-07,UEFA,UEFA 2nd Division,2,2018–19,Sevilla,Slavia Prague,2-2,D,Continental,Wikipedia,2018–19 UEFA Europa League knockout phase
2019-03-07,UEFA,UEFA 2nd Division,2,2018–19,Valencia,Krasnodar,2-1,H,Continental,Wikipedia,2018–19 UEFA Europa League knockout phase
2019-03-07,UEFA,UEFA 2nd Division,2,2018–19,Zenit Saint Petersburg,Villarreal,1-3,A,Continental,Wikipedia,2018–19 UEFA Europa League knockout phase
2019-03-14,UEFA,UEFA 2nd Division,2,2018–19,Arsenal,Rennes,3-0,H,Continental,Wikipedia,2018–19 UEFA Europa League knockout phase
2019-03-14,UEFA,UEFA 2nd Division,2,2018–19,Benfica,Dinamo Zagreb,3-0,H,Continental,Wikipedia,2018–19 UEFA Europa League knockout phase
2019-03-14,UEFA,UEFA 2nd Division,2,2018–19,Dynamo Kyiv,Chelsea,0-5,A,Continental,Wikipedia,2018–19 UEFA Europa League knockout phase
2019-03-14,UEFA,UEFA 2nd Division,2,2018–19,Inter Milan,Eintracht Frankfurt,0-1,A,Continental,Wikipedia,2018–19 UEFA Europa League knockout phase
2019-03-14,UEFA,UEFA 2nd Division,2,2018–19,Krasnodar,Valencia,1-1,D,Continental,Wikipedia,2018–19 UEFA Europa League knockout phase
2019-03-14,UEFA,UEFA 2nd Division,2,2018–19,Red Bull Salzburg,Napoli,3-1,H,Continental,Wikipedia,2018–19 UEFA Europa League knockout phase
2019-03-14,UEFA,UEFA 2nd Division,2,2018–19,Slavia Prague,Sevilla,4-3,H,Continental,Wikipedia,2018–19 UEFA Europa League knockout phase
2019-03-14,UEFA,UEFA 2nd Division,2,2018–19,Villarreal,Zenit Saint Petersburg,2-1,H,Continental,Wikipedia,2018–19 UEFA Europa League knockout phase
2019-04-11,UEFA,UEFA 2nd Division,2,2018–19,Arsenal,Napoli,2-0,H,Continental,Wikipedia,2018–19 UEFA Europa League knockout phase
2019-04-11,UEFA,UEFA 2nd Division,2,2018–19,Benfica,Eintracht Frankfurt,4-2,H,Continental,Wikipedia,2018–19 UEFA Europa League knockout phase
2019-04-11,UEFA,UEFA 2nd Division,2,2018–19,Slavia Prague,Chelsea,0-1,A,Continental,Wikipedia,2018–19 UEFA Europa League knockout phase
2019-04-11,UEFA,UEFA 2nd Division,2,2018–19,Villarreal,Valencia,1-3,A,Continental,Wikipedia,2018–19 UEFA Europa League knockout phase
2019-04-18,UEFA,UEFA 2nd Division,2,2018–19,Chelsea,Slavia Prague,4-3,H,Continental,Wikipedia,2018–19 UEFA Europa League knockout phase
2019-04-18,UEFA,UEFA 2nd Division,2,2018–19,Eintracht Frankfurt,Benfica,2-0,H,Continental,Wikipedia,2018–19 UEFA Europa League knockout phase
2019-04-18,UEFA,UEFA 2nd Division,2,2018–19,Napoli,Arsenal,0-1,A,Continental,Wikipedia,2018–19 UEFA Europa League knockout phase
2019-04-18,UEFA,UEFA 2nd Division,2,2018–19,Valencia,Villarreal,2-0,H,Continental,Wikipedia,2018–19 UEFA Europa League knockout phase
2019-05-02,UEFA,UEFA 2nd Division,2,2018–19,Arsenal,Valencia,3-1,H,Continental,Wikipedia,2018–19 UEFA Europa League knockout phase
2019-05-02,UEFA,UEFA 2nd Division,2,2018–19,Eintracht Frankfurt,Chelsea,1-1,D,Continental,Wikipedia,2018–19 UEFA Europa League knockout phase
2019-05-09,UEFA,UEFA 2nd Division,2,2018–19,Chelsea,Eintracht Frankfurt,1-1,D,Continental,Wikipedia,2018–19 UEFA Europa League knockout phase
2019-05-09,UEFA,UEFA 2nd Division,2,2018–19,Valencia,Arsenal,2-4,A,Continental,Wikipedia,2018–19 UEFA Europa League knockout phase
2019-09-19,UEFA,UEFA 2nd Division,2,2019–20,APOEL,F91 Dudelange,3-4,A,Continental,Wikipedia,2019–20 UEFA Europa League group stage
2019-09-19,UEFA,UEFA 2nd Division,2,2019–20,Basel,Krasnodar,5-0,H,Continental,Wikipedia,2019–20 UEFA Europa League group stage
2019-09-19,UEFA,UEFA 2nd Division,2,2019–20,Borussia Mönchengladbach,Wolfsberger AC,0-4,A,Continental,Wikipedia,2019–20 UEFA Europa League group stage
2019-09-19,UEFA,UEFA 2nd Division,2,2019–20,CFR Cluj,Lazio,2-1,H,Continental,Wikipedia,2019–20 UEFA Europa League group stage
2019-09-19,UEFA,UEFA 2nd Division,2,2019–20,Copenhagen,Lugano,1-0,H,Continental,Wikipedia,2019–20 UEFA Europa League group stage
2019-09-19,UEFA,UEFA 2nd Division,2,2019–20,Dynamo Kyiv,Malmö FF,1-0,H,Continental,Wikipedia,2019–20 UEFA Europa League group stage
2019-09-19,UEFA,UEFA 2nd Division,2,2019–20,Eintracht Frankfurt,Arsenal,0-3,A,Continental,Wikipedia,2019–20 UEFA Europa League group stage
2019-09-19,UEFA,UEFA 2nd Division,2,2019–20,Espanyol,Ferencváros,1-1,D,Continental,Wikipedia,2019–20 UEFA Europa League group stage
2019-09-19,UEFA,UEFA 2nd Division,2,2019–20,Gent,Saint-Étienne,3-2,H,Continental,Wikipedia,2019–20 UEFA Europa League group stage
2019-09-19,UEFA,UEFA 2nd Division,2,2019–20,Getafe,Trabzonspor,1-0,H,Continental,Wikipedia,2019–20 UEFA Europa League group stage
2019-09-19,UEFA,UEFA 2nd Division,2,2019–20,LASK,Rosenborg,1-0,H,Continental,Wikipedia,2019–20 UEFA Europa League group stage
2019-09-19,UEFA,UEFA 2nd Division,2,2019–20,Ludogorets Razgrad,CSKA Moscow,5-1,H,Continental,Wikipedia,2019–20 UEFA Europa League group stage
2019-09-19,UEFA,UEFA 2nd Division,2,2019–20,Manchester United,Astana,1-0,H,Continental,Wikipedia,2019–20 UEFA Europa League group stage
2019-09-19,UEFA,UEFA 2nd Division,2,2019–20,PSV Eindhoven,Sporting CP,3-2,H,Continental,Wikipedia,2019–20 UEFA Europa League group stage
2019-09-19,UEFA,UEFA 2nd Division,2,2019–20,Partizan,AZ,2-2,D,Continental,Wikipedia,2019–20 UEFA Europa League group stage
2019-09-19,UEFA,UEFA 2nd Division,2,2019–20,Porto,Young Boys,2-1,H,Continental,Wikipedia,2019–20 UEFA Europa League group stage
2019-09-19,UEFA,UEFA 2nd Division,2,2019–20,Qarabağ,Sevilla,0-3,A,Continental,Wikipedia,2019–20 UEFA Europa League group stage
2019-09-19,UEFA,UEFA 2nd Division,2,2019–20,Rangers,Feyenoord,1-0,H,Continental,Wikipedia,2019–20 UEFA Europa League group stage
2019-09-19,UEFA,UEFA 2nd Division,2,2019–20,Rennes,Celtic,1-1,D,Continental,Wikipedia,2019–20 UEFA Europa League group stage
2019-09-19,UEFA,UEFA 2nd Division,2,2019–20,Roma,İstanbul Başakşehir,4-0,H,Continental,Wikipedia,2019–20 UEFA Europa League group stage
2019-09-19,UEFA,UEFA 2nd Division,2,2019–20,Slovan Bratislava,Beşiktaş,4-2,H,Continental,Wikipedia,2019–20 UEFA Europa League group stage
2019-09-19,UEFA,UEFA 2nd Division,2,2019–20,Standard Liège,Vitória de Guimarães,2-0,H,Continental,Wikipedia,2019–20 UEFA Europa League group stage
2019-09-19,UEFA,UEFA 2nd Division,2,2019–20,VfL Wolfsburg,Oleksandriya,3-1,H,Continental,Wikipedia,2019–20 UEFA Europa League group stage
2019-09-19,UEFA,UEFA 2nd Division,2,2019–20,Wolverhampton Wanderers,Braga,0-1,A,Continental,Wikipedia,2019–20 UEFA Europa League group stage
2019-10-03,UEFA,UEFA 2nd Division,2,2019–20,AZ,Manchester United,0-0,D,Continental,Wikipedia,2019–20 UEFA Europa League group stage
2019-10-03,UEFA,UEFA 2nd Division,2,2019–20,Arsenal,Standard Liège,4-0,H,Continental,Wikipedia,2019–20 UEFA Europa League group stage
2019-10-03,UEFA,UEFA 2nd Division,2,2019–20,Astana,Partizan,1-2,A,Continental,Wikipedia,2019–20 UEFA Europa League group stage
2019-10-03,UEFA,UEFA 2nd Division,2,2019–20,Beşiktaş,Wolverhampton Wanderers,0-1,A,Continental,Wikipedia,2019–20 UEFA Europa League group stage
2019-10-03,UEFA,UEFA 2nd Division,2,2019–20,Braga,Slovan Bratislava,2-2,D,Continental,Wikipedia,2019–20 UEFA Europa League group stage
2019-10-03,UEFA,UEFA 2nd Division,2,2019–20,CSKA Moscow,Espanyol,0-2,A,Continental,Wikipedia,2019–20 UEFA Europa League group stage
2019-10-03,UEFA,UEFA 2nd Division,2,2019–20,Celtic,CFR Cluj,2-0,H,Continental,Wikipedia,2019–20 UEFA Europa League group stage
2019-10-03,UEFA,UEFA 2nd Division,2,2019–20,F91 Dudelange,Qarabağ,1-4,A,Continental,Wikipedia,2019–20 UEFA Europa League group stage
2019-10-03,UEFA,UEFA 2nd Division,2,2019–20,Ferencváros,Ludogorets Razgrad,0-3,A,Continental,Wikipedia,2019–20 UEFA Europa League group stage
2019-10-03,UEFA,UEFA 2nd Division,2,2019–20,Feyenoord,Porto,2-0,H,Continental,Wikipedia,2019–20 UEFA Europa League group stage
2019-10-03,UEFA,UEFA 2nd Division,2,2019–20,Krasnodar,Getafe,1-2,A,Continental,Wikipedia,2019–20 UEFA Europa League group stage
2019-10-03,UEFA,UEFA 2nd Division,2,2019–20,Lazio,Rennes,2-1,H,Continental,Wikipedia,2019–20 UEFA Europa League group stage
2019-10-03,UEFA,UEFA 2nd Division,2,2019–20,Lugano,Dynamo Kyiv,0-0,D,Continental,Wikipedia,2019–20 UEFA Europa League group stage
2019-10-03,UEFA,UEFA 2nd Division,2,2019–20,Malmö FF,Copenhagen,1-1,D,Continental,Wikipedia,2019–20 UEFA Europa League group stage
2019-10-03,UEFA,UEFA 2nd Division,2,2019–20,Oleksandriya,Gent,1-1,D,Continental,Wikipedia,2019–20 UEFA Europa League group stage
2019-10-03,UEFA,UEFA 2nd Division,2,2019–20,Rosenborg,PSV Eindhoven,1-4,A,Continental,Wikipedia,2019–20 UEFA Europa League group stage
2019-10-03,UEFA,UEFA 2nd Division,2,2019–20,Saint-Étienne,VfL Wolfsburg,1-1,D,Continental,Wikipedia,2019–20 UEFA Europa League group stage
2019-10-03,UEFA,UEFA 2nd Division,2,2019–20,Sevilla,APOEL,1-0,H,Continental,Wikipedia,2019–20 UEFA Europa League group stage
2019-10-03,UEFA,UEFA 2nd Division,2,2019–20,Sporting CP,LASK,2-1,H,Continental,Wikipedia,2019–20 UEFA Europa League group stage
2019-10-03,UEFA,UEFA 2nd Division,2,2019–20,Trabzonspor,Basel,2-2,D,Continental,Wikipedia,2019–20 UEFA Europa League group stage
2019-10-03,UEFA,UEFA 2nd Division,2,2019–20,Vitória de Guimarães,Eintracht Frankfurt,0-1,A,Continental,Wikipedia,2019–20 UEFA Europa League group stage
2019-10-03,UEFA,UEFA 2nd Division,2,2019–20,Wolfsberger AC,Roma,1-1,D,Continental,Wikipedia,2019–20 UEFA Europa League group stage
2019-10-03,UEFA,UEFA 2nd Division,2,2019–20,Young Boys,Rangers,2-1,H,Continental,Wikipedia,2019–20 UEFA Europa League group stage
2019-10-03,UEFA,UEFA 2nd Division,2,2019–20,İstanbul Başakşehir,Borussia Mönchengladbach,1-1,D,Continental,Wikipedia,2019–20 UEFA Europa League group stage
2019-10-24,UEFA,UEFA 2nd Division,2,2019–20,AZ,Astana,6-0,H,Continental,Wikipedia,2019–20 UEFA Europa League group stage
2019-10-24,UEFA,UEFA 2nd Division,2,2019–20,Arsenal,Vitória de Guimarães,3-2,H,Continental,Wikipedia,2019–20 UEFA Europa League group stage
2019-10-24,UEFA,UEFA 2nd Division,2,2019–20,Beşiktaş,Braga,1-2,A,Continental,Wikipedia,2019–20 UEFA Europa League group stage
2019-10-24,UEFA,UEFA 2nd Division,2,2019–20,CSKA Moscow,Ferencváros,0-1,A,Continental,Wikipedia,2019–20 UEFA Europa League group stage
2019-10-24,UEFA,UEFA 2nd Division,2,2019–20,Celtic,Lazio,2-1,H,Continental,Wikipedia,2019–20 UEFA Europa League group stage
2019-10-24,UEFA,UEFA 2nd Division,2,2019–20,Dynamo Kyiv,Copenhagen,1-1,D,Continental,Wikipedia,2019–20 UEFA Europa League group stage
2019-10-24,UEFA,UEFA 2nd Division,2,2019–20,Eintracht Frankfurt,Standard Liège,2-1,H,Continental,Wikipedia,2019–20 UEFA Europa League group stage
2019-10-24,UEFA,UEFA 2nd Division,2,2019–20,Gent,VfL Wolfsburg,2-2,D,Continental,Wikipedia,2019–20 UEFA Europa League group stage
2019-10-24,UEFA,UEFA 2nd Division,2,2019–20,Getafe,Basel,0-1,A,Continental,Wikipedia,2019–20 UEFA Europa League group stage
2019-10-24,UEFA,UEFA 2nd Division,2,2019–20,Ludogorets Razgrad,Espanyol,0-1,A,Continental,Wikipedia,2019–20 UEFA Europa League group stage
2019-10-24,UEFA,UEFA 2nd Division,2,2019–20,Malmö FF,Lugano,2-1,H,Continental,Wikipedia,2019–20 UEFA Europa League group stage
2019-10-24,UEFA,UEFA 2nd Division,2,2019–20,PSV Eindhoven,LASK,0-0,D,Continental,Wikipedia,2019–20 UEFA Europa League group stage
2019-10-24,UEFA,UEFA 2nd Division,2,2019–20,Partizan,Manchester United,0-1,A,Continental,Wikipedia,2019–20 UEFA Europa League group stage
2019-10-24,UEFA,UEFA 2nd Division,2,2019–20,Porto,Rangers,1-1,D,Continental,Wikipedia,2019–20 UEFA Europa League group stage
2019-10-24,UEFA,UEFA 2nd Division,2,2019–20,Qarabağ,APOEL,2-2,D,Continental,Wikipedia,2019–20 UEFA Europa League group stage
2019-10-24,UEFA,UEFA 2nd Division,2,2019–20,Rennes,CFR Cluj,0-1,A,Continental,Wikipedia,2019–20 UEFA Europa League group stage
2019-10-24,UEFA,UEFA 2nd Division,2,2019–20,Roma,Borussia Mönchengladbach,1-1,D,Continental,Wikipedia,2019–20 UEFA Europa League group stage
2019-10-24,UEFA,UEFA 2nd Division,2,2019–20,Saint-Étienne,Oleksandriya,1-1,D,Continental,Wikipedia,2019–20 UEFA Europa League group stage
2019-10-24,UEFA,UEFA 2nd Division,2,2019–20,Sevilla,F91 Dudelange,3-0,H,Continental,Wikipedia,2019–20 UEFA Europa League group stage
2019-10-24,UEFA,UEFA 2nd Division,2,2019–20,Slovan Bratislava,Wolverhampton Wanderers,1-2,A,Continental,Wikipedia,2019–20 UEFA Europa League group stage
2019-10-24,UEFA,UEFA 2nd Division,2,2019–20,Sporting CP,Rosenborg,1-0,H,Continental,Wikipedia,2019–20 UEFA Europa League group stage
2019-10-24,UEFA,UEFA 2nd Division,2,2019–20,Trabzonspor,Krasnodar,0-2,A,Continental,Wikipedia,2019–20 UEFA Europa League group stage
2019-10-24,UEFA,UEFA 2nd Division,2,2019–20,Young Boys,Feyenoord,2-0,H,Continental,Wikipedia,2019–20 UEFA Europa League group stage
2019-10-24,UEFA,UEFA 2nd Division,2,2019–20,İstanbul Başakşehir,Wolfsberger AC,1-0,H,Continental,Wikipedia,2019–20 UEFA Europa League group stage
2019-11-06,UEFA,UEFA 2nd Division,2,2019–20,Vitória de Guimarães,Arsenal,1-1,D,Continental,Wikipedia,2019–20 UEFA Europa League group stage
2019-11-07,UEFA,UEFA 2nd Division,2,2019–20,APOEL,Qarabağ,2-1,H,Continental,Wikipedia,2019–20 UEFA Europa League group stage
2019-11-07,UEFA,UEFA 2nd Division,2,2019–20,Astana,AZ,0-5,A,Continental,Wikipedia,2019–20 UEFA Europa League group stage
2019-11-07,UEFA,UEFA 2nd Division,2,2019–20,Basel,Getafe,2-1,H,Continental,Wikipedia,2019–20 UEFA Europa League group stage
2019-11-07,UEFA,UEFA 2nd Division,2,2019–20,Borussia Mönchengladbach,Roma,2-1,H,Continental,Wikipedia,2019–20 UEFA Europa League group stage
2019-11-07,UEFA,UEFA 2nd Division,2,2019–20,Braga,Beşiktaş,3-1,H,Continental,Wikipedia,2019–20 UEFA Europa League group stage
2019-11-07,UEFA,UEFA 2nd Division,2,2019–20,CFR Cluj,Rennes,1-0,H,Continental,Wikipedia,2019–20 UEFA Europa League group stage
2019-11-07,UEFA,UEFA 2nd Division,2,2019–20,Copenhagen,Dynamo Kyiv,1-1,D,Continental,Wikipedia,2019–20 UEFA Europa League group stage
2019-11-07,UEFA,UEFA 2nd Division,2,2019–20,Espanyol,Ludogorets Razgrad,6-0,H,Continental,Wikipedia,2019–20 UEFA Europa League group stage
2019-11-07,UEFA,UEFA 2nd Division,2,2019–20,F91 Dudelange,Sevilla,2-5,A,Continental,Wikipedia,2019–20 UEFA Europa League group stage
2019-11-07,UEFA,UEFA 2nd Division,2,2019–20,Ferencváros,CSKA Moscow,0-0,D,Continental,Wikipedia,2019–20 UEFA Europa League group stage
2019-11-07,UEFA,UEFA 2nd Division,2,2019–20,Feyenoord,Young Boys,1-1,D,Continental,Wikipedia,2019–20 UEFA Europa League group stage
2019-11-07,UEFA,UEFA 2nd Division,2,2019–20,Krasnodar,Trabzonspor,3-1,H,Continental,Wikipedia,2019–20 UEFA Europa League group stage
2019-11-07,UEFA,UEFA 2nd Division,2,2019–20,LASK,PSV Eindhoven,4-1,H,Continental,Wikipedia,2019–20 UEFA Europa League group stage
2019-11-07,UEFA,UEFA 2nd Division,2,2019–20,Lazio,Celtic,1-2,A,Continental,Wikipedia,2019–20 UEFA Europa League group stage
2019-11-07,UEFA,UEFA 2nd Division,2,2019–20,Lugano,Malmö FF,0-0,D,Continental,Wikipedia,2019–20 UEFA Europa League group stage
2019-11-07,UEFA,UEFA 2nd Division,2,2019–20,Manchester United,Partizan,3-0,H,Continental,Wikipedia,2019–20 UEFA Europa League group stage
2019-11-07,UEFA,UEFA 2nd Division,2,2019–20,Oleksandriya,Saint-Étienne,2-2,D,Continental,Wikipedia,2019–20 UEFA Europa League group stage
2019-11-07,UEFA,UEFA 2nd Division,2,2019–20,Rangers,Porto,2-0,H,Continental,Wikipedia,2019–20 UEFA Europa League group stage
2019-11-07,UEFA,UEFA 2nd Division,2,2019–20,Rosenborg,Sporting CP,0-2,A,Continental,Wikipedia,2019–20 UEFA Europa League group stage
2019-11-07,UEFA,UEFA 2nd Division,2,2019–20,Standard Liège,Eintracht Frankfurt,2-1,H,Continental,Wikipedia,2019–20 UEFA Europa League group stage
2019-11-07,UEFA,UEFA 2nd Division,2,2019–20,VfL Wolfsburg,Gent,1-3,A,Continental,Wikipedia,2019–20 UEFA Europa League group stage
2019-11-07,UEFA,UEFA 2nd Division,2,2019–20,Wolfsberger AC,İstanbul Başakşehir,0-3,A,Continental,Wikipedia,2019–20 UEFA Europa League group stage
2019-11-07,UEFA,UEFA 2nd Division,2,2019–20,Wolverhampton Wanderers,Slovan Bratislava,1-0,H,Continental,Wikipedia,2019–20 UEFA Europa League group stage
2019-11-28,UEFA,UEFA 2nd Division,2,2019–20,AZ,Partizan,2-2,D,Continental,Wikipedia,2019–20 UEFA Europa League group stage
2019-11-28,UEFA,UEFA 2nd Division,2,2019–20,Arsenal,Eintracht Frankfurt,1-2,A,Continental,Wikipedia,2019–20 UEFA Europa League group stage
2019-11-28,UEFA,UEFA 2nd Division,2,2019–20,Astana,Manchester United,2-1,H,Continental,Wikipedia,2019–20 UEFA Europa League group stage
2019-11-28,UEFA,UEFA 2nd Division,2,2019–20,Beşiktaş,Slovan Bratislava,2-1,H,Continental,Wikipedia,2019–20 UEFA Europa League group stage
2019-11-28,UEFA,UEFA 2nd Division,2,2019–20,Braga,Wolverhampton Wanderers,3-3,D,Continental,Wikipedia,2019–20 UEFA Europa League group stage
2019-11-28,UEFA,UEFA 2nd Division,2,2019–20,CSKA Moscow,Ludogorets Razgrad,1-1,D,Continental,Wikipedia,2019–20 UEFA Europa League group stage
2019-11-28,UEFA,UEFA 2nd Division,2,2019–20,Celtic,Rennes,3-1,H,Continental,Wikipedia,2019–20 UEFA Europa League group stage
2019-11-28,UEFA,UEFA 2nd Division,2,2019–20,F91 Dudelange,APOEL,0-2,A,Continental,Wikipedia,2019–20 UEFA Europa League group stage
2019-11-28,UEFA,UEFA 2nd Division,2,2019–20,Ferencváros,Espanyol,2-2,D,Continental,Wikipedia,2019–20 UEFA Europa League group stage
2019-11-28,UEFA,UEFA 2nd Division,2,2019–20,Feyenoord,Rangers,2-2,D,Continental,Wikipedia,2019–20 UEFA Europa League group stage
2019-11-28,UEFA,UEFA 2nd Division,2,2019–20,Krasnodar,Basel,1-0,H,Continental,Wikipedia,2019–20 UEFA Europa League group stage
2019-11-28,UEFA,UEFA 2nd Division,2,2019–20,Lazio,CFR Cluj,1-0,H,Continental,Wikipedia,2019–20 UEFA Europa League group stage
2019-11-28,UEFA,UEFA 2nd Division,2,2019–20,Lugano,Copenhagen,0-1,A,Continental,Wikipedia,2019–20 UEFA Europa League group stage
2019-11-28,UEFA,UEFA 2nd Division,2,2019–20,Malmö FF,Dynamo Kyiv,4-3,H,Continental,Wikipedia,2019–20 UEFA Europa League group stage
2019-11-28,UEFA,UEFA 2nd Division,2,2019–20,Oleksandriya,VfL Wolfsburg,0-1,A,Continental,Wikipedia,2019–20 UEFA Europa League group stage
2019-11-28,UEFA,UEFA 2nd Division,2,2019–20,Rosenborg,LASK,1-2,A,Continental,Wikipedia,2019–20 UEFA Europa League group stage
2019-11-28,UEFA,UEFA 2nd Division,2,2019–20,Saint-Étienne,Gent,0-0,D,Continental,Wikipedia,2019–20 UEFA Europa League group stage
2019-11-28,UEFA,UEFA 2nd Division,2,2019–20,Sevilla,Qarabağ,2-0,H,Continental,Wikipedia,2019–20 UEFA Europa League group stage
2019-11-28,UEFA,UEFA 2nd Division,2,2019–20,Sporting CP,PSV Eindhoven,4-0,H,Continental,Wikipedia,2019–20 UEFA Europa League group stage
2019-11-28,UEFA,UEFA 2nd Division,2,2019–20,Trabzonspor,Getafe,0-1,A,Continental,Wikipedia,2019–20 UEFA Europa League group stage
2019-11-28,UEFA,UEFA 2nd Division,2,2019–20,Vitória de Guimarães,Standard Liège,1-1,D,Continental,Wikipedia,2019–20 UEFA Europa League group stage
2019-11-28,UEFA,UEFA 2nd Division,2,2019–20,Wolfsberger AC,Borussia Mönchengladbach,0-1,A,Continental,Wikipedia,2019–20 UEFA Europa League group stage
2019-11-28,UEFA,UEFA 2nd Division,2,2019–20,Young Boys,Porto,1-2,A,Continental,Wikipedia,2019–20 UEFA Europa League group stage
2019-11-28,UEFA,UEFA 2nd Division,2,2019–20,İstanbul Başakşehir,Roma,0-3,A,Continental,Wikipedia,2019–20 UEFA Europa League group stage
2019-12-12,UEFA,UEFA 2nd Division,2,2019–20,APOEL,Sevilla,1-0,H,Continental,Wikipedia,2019–20 UEFA Europa League group stage
2019-12-12,UEFA,UEFA 2nd Division,2,2019–20,Basel,Trabzonspor,2-0,H,Continental,Wikipedia,2019–20 UEFA Europa League group stage
2019-12-12,UEFA,UEFA 2nd Division,2,2019–20,Borussia Mönchengladbach,İstanbul Başakşehir,1-2,A,Continental,Wikipedia,2019–20 UEFA Europa League group stage
2019-12-12,UEFA,UEFA 2nd Division,2,2019–20,CFR Cluj,Celtic,2-0,H,Continental,Wikipedia,2019–20 UEFA Europa League group stage
2019-12-12,UEFA,UEFA 2nd Division,2,2019–20,Copenhagen,Malmö FF,0-1,A,Continental,Wikipedia,2019–20 UEFA Europa League group stage
2019-12-12,UEFA,UEFA 2nd Division,2,2019–20,Dynamo Kyiv,Lugano,1-1,D,Continental,Wikipedia,2019–20 UEFA Europa League group stage
2019-12-12,UEFA,UEFA 2nd Division,2,2019–20,Eintracht Frankfurt,Vitória de Guimarães,2-3,A,Continental,Wikipedia,2019–20 UEFA Europa League group stage
2019-12-12,UEFA,UEFA 2nd Division,2,2019–20,Espanyol,CSKA Moscow,0-1,A,Continental,Wikipedia,2019–20 UEFA Europa League group stage
2019-12-12,UEFA,UEFA 2nd Division,2,2019–20,Gent,Oleksandriya,2-1,H,Continental,Wikipedia,2019–20 UEFA Europa League group stage
2019-12-12,UEFA,UEFA 2nd Division,2,2019–20,Getafe,Krasnodar,3-0,H,Continental,Wikipedia,2019–20 UEFA Europa League group stage
2019-12-12,UEFA,UEFA 2nd Division,2,2019–20,LASK,Sporting CP,3-0,H,Continental,Wikipedia,2019–20 UEFA Europa League group stage
2019-12-12,UEFA,UEFA 2nd Division,2,2019–20,Ludogorets Razgrad,Ferencváros,1-1,D,Continental,Wikipedia,2019–20 UEFA Europa League group stage
2019-12-12,UEFA,UEFA 2nd Division,2,2019–20,Manchester United,AZ,4-0,H,Continental,Wikipedia,2019–20 UEFA Europa League group stage
2019-12-12,UEFA,UEFA 2nd Division,2,2019–20,PSV Eindhoven,Rosenborg,1-1,D,Continental,Wikipedia,2019–20 UEFA Europa League group stage
2019-12-12,UEFA,UEFA 2nd Division,2,2019–20,Partizan,Astana,4-1,H,Continental,Wikipedia,2019–20 UEFA Europa League group stage
2019-12-12,UEFA,UEFA 2nd Division,2,2019–20,Porto,Feyenoord,3-2,H,Continental,Wikipedia,2019–20 UEFA Europa League group stage
2019-12-12,UEFA,UEFA 2nd Division,2,2019–20,Qarabağ,F91 Dudelange,1-1,D,Continental,Wikipedia,2019–20 UEFA Europa League group stage
2019-12-12,UEFA,UEFA 2nd Division,2,2019–20,Rangers,Young Boys,1-1,D,Continental,Wikipedia,2019–20 UEFA Europa League group stage
2019-12-12,UEFA,UEFA 2nd Division,2,2019–20,Rennes,Lazio,2-0,H,Continental,Wikipedia,2019–20 UEFA Europa League group stage
2019-12-12,UEFA,UEFA 2nd Division,2,2019–20,Roma,Wolfsberger AC,2-2,D,Continental,Wikipedia,2019–20 UEFA Europa League group stage
2019-12-12,UEFA,UEFA 2nd Division,2,2019–20,Slovan Bratislava,Braga,2-4,A,Continental,Wikipedia,2019–20 UEFA Europa League group stage
2019-12-12,UEFA,UEFA 2nd Division,2,2019–20,Standard Liège,Arsenal,2-2,D,Continental,Wikipedia,2019–20 UEFA Europa League group stage
2019-12-12,UEFA,UEFA 2nd Division,2,2019–20,VfL Wolfsburg,Saint-Étienne,1-0,H,Continental,Wikipedia,2019–20 UEFA Europa League group stage
2019-12-12,UEFA,UEFA 2nd Division,2,2019–20,Wolverhampton Wanderers,Beşiktaş,4-0,H,Continental,Wikipedia,2019–20 UEFA Europa League group stage
2020-02-20,UEFA,UEFA 2nd Division,2,2019–20,APOEL,Basel,0-3,A,Continental,Wikipedia,2019–20 UEFA Europa League knockout phase
2020-02-20,UEFA,UEFA 2nd Division,2,2019–20,AZ,LASK,1-1,D,Continental,Wikipedia,2019–20 UEFA Europa League knockout phase
2020-02-20,UEFA,UEFA 2nd Division,2,2019–20,Bayer Leverkusen,Porto,2-1,H,Continental,Wikipedia,2019–20 UEFA Europa League knockout phase
2020-02-20,UEFA,UEFA 2nd Division,2,2019–20,CFR Cluj,Sevilla,1-1,D,Continental,Wikipedia,2019–20 UEFA Europa League knockout phase
2020-02-20,UEFA,UEFA 2nd Division,2,2019–20,Club Brugge,Manchester United,1-1,D,Continental,Wikipedia,2019–20 UEFA Europa League knockout phase
2020-02-20,UEFA,UEFA 2nd Division,2,2019–20,Copenhagen,Celtic,1-1,D,Continental,Wikipedia,2019–20 UEFA Europa League knockout phase
2020-02-20,UEFA,UEFA 2nd Division,2,2019–20,Eintracht Frankfurt,Red Bull Salzburg,4-1,H,Continental,Wikipedia,2019–20 UEFA Europa League knockout phase
2020-02-20,UEFA,UEFA 2nd Division,2,2019–20,Getafe,Ajax,2-0,H,Continental,Wikipedia,2019–20 UEFA Europa League knockout phase
2020-02-20,UEFA,UEFA 2nd Division,2,2019–20,Ludogorets Razgrad,Inter Milan,0-2,A,Continental,Wikipedia,2019–20 UEFA Europa League knockout phase
2020-02-20,UEFA,UEFA 2nd Division,2,2019–20,Olympiacos,Arsenal,0-1,A,Continental,Wikipedia,2019–20 UEFA Europa League knockout phase
2020-02-20,UEFA,UEFA 2nd Division,2,2019–20,Rangers,Braga,3-2,H,Continental,Wikipedia,2019–20 UEFA Europa League knockout phase
2020-02-20,UEFA,UEFA 2nd Division,2,2019–20,Roma,Gent,1-0,H,Continental,Wikipedia,2019–20 UEFA Europa League knockout phase
2020-02-20,UEFA,UEFA 2nd Division,2,2019–20,Shakhtar Donetsk,Benfica,2-1,H,Continental,Wikipedia,2019–20 UEFA Europa League knockout phase
2020-02-20,UEFA,UEFA 2nd Division,2,2019–20,Sporting CP,İstanbul Başakşehir,3-1,H,Continental,Wikipedia,2019–20 UEFA Europa League knockout phase
2020-02-20,UEFA,UEFA 2nd Division,2,2019–20,VfL Wolfsburg,Malmö FF,2-1,H,Continental,Wikipedia,2019–20 UEFA Europa League knockout phase
2020-02-20,UEFA,UEFA 2nd Division,2,2019–20,Wolverhampton Wanderers,Espanyol,4-0,H,Continental,Wikipedia,2019–20 UEFA Europa League knockout phase
2020-02-26,UEFA,UEFA 2nd Division,2,2019–20,Braga,Rangers,0-1,A,Continental,Wikipedia,2019–20 UEFA Europa League knockout phase
2020-02-27,UEFA,UEFA 2nd Division,2,2019–20,Ajax,Getafe,2-1,H,Continental,Wikipedia,2019–20 UEFA Europa League knockout phase
2020-02-27,UEFA,UEFA 2nd Division,2,2019–20,Arsenal,Olympiacos,1-2,A,Continental,Wikipedia,2019–20 UEFA Europa League knockout phase
2020-02-27,UEFA,UEFA 2nd Division,2,2019–20,Basel,APOEL,1-0,H,Continental,Wikipedia,2019–20 UEFA Europa League knockout phase
2020-02-27,UEFA,UEFA 2nd Division,2,2019–20,Benfica,Shakhtar Donetsk,3-3,D,Continental,Wikipedia,2019–20 UEFA Europa League knockout phase
2020-02-27,UEFA,UEFA 2nd Division,2,2019–20,Celtic,Copenhagen,1-3,A,Continental,Wikipedia,2019–20 UEFA Europa League knockout phase
2020-02-27,UEFA,UEFA 2nd Division,2,2019–20,Espanyol,Wolverhampton Wanderers,3-2,H,Continental,Wikipedia,2019–20 UEFA Europa League knockout phase
2020-02-27,UEFA,UEFA 2nd Division,2,2019–20,Gent,Roma,1-1,D,Continental,Wikipedia,2019–20 UEFA Europa League knockout phase
2020-02-27,UEFA,UEFA 2nd Division,2,2019–20,Inter Milan,Ludogorets Razgrad,2-1,H,Continental,Wikipedia,2019–20 UEFA Europa League knockout phase
2020-02-27,UEFA,UEFA 2nd Division,2,2019–20,LASK,AZ,2-0,H,Continental,Wikipedia,2019–20 UEFA Europa League knockout phase
2020-02-27,UEFA,UEFA 2nd Division,2,2019–20,Malmö FF,VfL Wolfsburg,0-3,A,Continental,Wikipedia,2019–20 UEFA Europa League knockout phase
2020-02-27,UEFA,UEFA 2nd Division,2,2019–20,Manchester United,Club Brugge,5-0,H,Continental,Wikipedia,2019–20 UEFA Europa League knockout phase
2020-02-27,UEFA,UEFA 2nd Division,2,2019–20,Porto,Bayer Leverkusen,1-3,A,Continental,Wikipedia,2019–20 UEFA Europa League knockout phase
2020-02-27,UEFA,UEFA 2nd Division,2,2019–20,Sevilla,CFR Cluj,0-0,D,Continental,Wikipedia,2019–20 UEFA Europa League knockout phase
2020-02-27,UEFA,UEFA 2nd Division,2,2019–20,İstanbul Başakşehir,Sporting CP,4-1,H,Continental,Wikipedia,2019–20 UEFA Europa League knockout phase
2020-02-28,UEFA,UEFA 2nd Division,2,2019–20,Red Bull Salzburg,Eintracht Frankfurt,2-2,D,Continental,Wikipedia,2019–20 UEFA Europa League knockout phase
2020-03-12,UEFA,UEFA 2nd Division,2,2019–20,Eintracht Frankfurt,Basel,0-3,A,Continental,Wikipedia,2019–20 UEFA Europa League knockout phase
2020-03-12,UEFA,UEFA 2nd Division,2,2019–20,LASK,Manchester United,0-5,A,Continental,Wikipedia,2019–20 UEFA Europa League knockout phase
2020-03-12,UEFA,UEFA 2nd Division,2,2019–20,Olympiacos,Wolverhampton Wanderers,1-1,D,Continental,Wikipedia,2019–20 UEFA Europa League knockout phase
2020-03-12,UEFA,UEFA 2nd Division,2,2019–20,Rangers,Bayer Leverkusen,1-3,A,Continental,Wikipedia,2019–20 UEFA Europa League knockout phase
2020-03-12,UEFA,UEFA 2nd Division,2,2019–20,VfL Wolfsburg,Shakhtar Donetsk,1-2,A,Continental,Wikipedia,2019–20 UEFA Europa League knockout phase
2020-03-12,UEFA,UEFA 2nd Division,2,2019–20,İstanbul Başakşehir,Copenhagen,1-0,H,Continental,Wikipedia,2019–20 UEFA Europa League knockout phase
2020-08-05,UEFA,UEFA 2nd Division,2,2019–20,Copenhagen,İstanbul Başakşehir,3-0,H,Continental,Wikipedia,2019–20 UEFA Europa League knockout phase
2020-08-05,UEFA,UEFA 2nd Division,2,2019–20,Inter Milan,Getafe,2-0,H,Continental,Wikipedia,2019–20 UEFA Europa League knockout phase
2020-08-05,UEFA,UEFA 2nd Division,2,2019–20,Manchester United,LASK,2-1,H,Continental,Wikipedia,2019–20 UEFA Europa League knockout phase
2020-08-05,UEFA,UEFA 2nd Division,2,2019–20,Shakhtar Donetsk,VfL Wolfsburg,3-0,H,Continental,Wikipedia,2019–20 UEFA Europa League knockout phase
2020-08-06,UEFA,UEFA 2nd Division,2,2019–20,Basel,Eintracht Frankfurt,1-0,H,Continental,Wikipedia,2019–20 UEFA Europa League knockout phase
2020-08-06,UEFA,UEFA 2nd Division,2,2019–20,Bayer Leverkusen,Rangers,1-0,H,Continental,Wikipedia,2019–20 UEFA Europa League knockout phase
2020-08-06,UEFA,UEFA 2nd Division,2,2019–20,Sevilla,Roma,2-0,H,Continental,Wikipedia,2019–20 UEFA Europa League knockout phase
2020-08-06,UEFA,UEFA 2nd Division,2,2019–20,Wolverhampton Wanderers,Olympiacos,1-0,H,Continental,Wikipedia,2019–20 UEFA Europa League knockout phase
2020-08-10,UEFA,UEFA 2nd Division,2,2019–20,Inter Milan,Bayer Leverkusen,2-1,H,Continental,Wikipedia,2019–20 UEFA Europa League knockout phase
2020-08-10,UEFA,UEFA 2nd Division,2,2019–20,Manchester United,Copenhagen,1-0,H,Continental,Wikipedia,2019–20 UEFA Europa League knockout phase
2020-08-11,UEFA,UEFA 2nd Division,2,2019–20,Shakhtar Donetsk,Basel,4-1,H,Continental,Wikipedia,2019–20 UEFA Europa League knockout phase
2020-08-11,UEFA,UEFA 2nd Division,2,2019–20,Wolverhampton Wanderers,Sevilla,0-1,A,Continental,Wikipedia,2019–20 UEFA Europa League knockout phase
2020-08-16,UEFA,UEFA 2nd Division,2,2019–20,Sevilla,Manchester United,2-1,H,Continental,Wikipedia,2019–20 UEFA Europa League knockout phase
2020-08-17,UEFA,UEFA 2nd Division,2,2019–20,Inter Milan,Shakhtar Donetsk,5-0,H,Continental,Wikipedia,2019–20 UEFA Europa League knockout phase
2020-10-22,UEFA,UEFA 2nd Division,2,2020–21,Bayer Leverkusen,Nice,6-2,H,Continental,Wikipedia,2020–21 UEFA Europa League group stage
2020-10-22,UEFA,UEFA 2nd Division,2,2020–21,Braga,AEK Athens,3-0,H,Continental,Wikipedia,2020–21 UEFA Europa League group stage
2020-10-22,UEFA,UEFA 2nd Division,2,2020–21,CSKA Sofia,CFR Cluj,0-2,A,Continental,Wikipedia,2020–21 UEFA Europa League group stage
2020-10-22,UEFA,UEFA 2nd Division,2,2020–21,Celtic,Milan,1-3,A,Continental,Wikipedia,2020–21 UEFA Europa League group stage
2020-10-22,UEFA,UEFA 2nd Division,2,2020–21,Dinamo Zagreb,Feyenoord,0-0,D,Continental,Wikipedia,2020–21 UEFA Europa League group stage
2020-10-22,UEFA,UEFA 2nd Division,2,2020–21,Dundalk,Molde,1-2,A,Continental,Wikipedia,2020–21 UEFA Europa League group stage
2020-10-22,UEFA,UEFA 2nd Division,2,2020–21,Hapoel Be'er Sheva,Slavia Prague,3-1,H,Continental,Wikipedia,2020–21 UEFA Europa League group stage
2020-10-22,UEFA,UEFA 2nd Division,2,2020–21,Lech Poznań,Benfica,2-4,A,Continental,Wikipedia,2020–21 UEFA Europa League group stage
2020-10-22,UEFA,UEFA 2nd Division,2,2020–21,Leicester City,Zorya Luhansk,3-0,H,Continental,Wikipedia,2020–21 UEFA Europa League group stage
2020-10-22,UEFA,UEFA 2nd Division,2,2020–21,Ludogorets Razgrad,Antwerp,1-2,A,Continental,Wikipedia,2020–21 UEFA Europa League group stage
2020-10-22,UEFA,UEFA 2nd Division,2,2020–21,Maccabi Tel Aviv,Qarabağ,1-0,H,Continental,Wikipedia,2020–21 UEFA Europa League group stage
2020-10-22,UEFA,UEFA 2nd Division,2,2020–21,Napoli,AZ,0-1,A,Continental,Wikipedia,2020–21 UEFA Europa League group stage
2020-10-22,UEFA,UEFA 2nd Division,2,2020–21,PAOK,Omonia,1-1,D,Continental,Wikipedia,2020–21 UEFA Europa League group stage
2020-10-22,UEFA,UEFA 2nd Division,2,2020–21,PSV Eindhoven,Granada,1-2,A,Continental,Wikipedia,2020–21 UEFA Europa League group stage
2020-10-22,UEFA,UEFA 2nd Division,2,2020–21,Rapid Wien,Arsenal,1-2,A,Continental,Wikipedia,2020–21 UEFA Europa League group stage
2020-10-22,UEFA,UEFA 2nd Division,2,2020–21,Rijeka,Real Sociedad,0-1,A,Continental,Wikipedia,2020–21 UEFA Europa League group stage
2020-10-22,UEFA,UEFA 2nd Division,2,2020–21,Slovan Liberec,Gent,1-0,H,Continental,Wikipedia,2020–21 UEFA Europa League group stage
2020-10-22,UEFA,UEFA 2nd Division,2,2020–21,Sparta Prague,Lille,1-4,A,Continental,Wikipedia,2020–21 UEFA Europa League group stage
2020-10-22,UEFA,UEFA 2nd Division,2,2020–21,Standard Liège,Rangers,0-2,A,Continental,Wikipedia,2020–21 UEFA Europa League group stage
2020-10-22,UEFA,UEFA 2nd Division,2,2020–21,TSG Hoffenheim,Red Star Belgrade,2-0,H,Continental,Wikipedia,2020–21 UEFA Europa League group stage
2020-10-22,UEFA,UEFA 2nd Division,2,2020–21,Tottenham Hotspur,LASK,3-0,H,Continental,Wikipedia,2020–21 UEFA Europa League group stage
2020-10-22,UEFA,UEFA 2nd Division,2,2020–21,Villarreal,Sivasspor,5-3,H,Continental,Wikipedia,2020–21 UEFA Europa League group stage
2020-10-22,UEFA,UEFA 2nd Division,2,2020–21,Wolfsberger AC,CSKA Moscow,1-1,D,Continental,Wikipedia,2020–21 UEFA Europa League group stage
2020-10-22,UEFA,UEFA 2nd Division,2,2020–21,Young Boys,Roma,1-2,A,Continental,Wikipedia,2020–21 UEFA Europa League group stage
2020-10-29,UEFA,UEFA 2nd Division,2,2020–21,AEK Athens,Leicester City,1-2,A,Continental,Wikipedia,2020–21 UEFA Europa League group stage
2020-10-29,UEFA,UEFA 2nd Division,2,2020–21,AZ,Rijeka,4-1,H,Continental,Wikipedia,2020–21 UEFA Europa League group stage
2020-10-29,UEFA,UEFA 2nd Division,2,2020–21,Antwerp,Tottenham Hotspur,1-0,H,Continental,Wikipedia,2020–21 UEFA Europa League group stage
2020-10-29,UEFA,UEFA 2nd Division,2,2020–21,Arsenal,Dundalk,3-0,H,Continental,Wikipedia,2020–21 UEFA Europa League group stage
2020-10-29,UEFA,UEFA 2nd Division,2,2020–21,Benfica,Standard Liège,3-0,H,Continental,Wikipedia,2020–21 UEFA Europa League group stage
2020-10-29,UEFA,UEFA 2nd Division,2,2020–21,CFR Cluj,Young Boys,1-1,D,Continental,Wikipedia,2020–21 UEFA Europa League group stage
2020-10-29,UEFA,UEFA 2nd Division,2,2020–21,CSKA Moscow,Dinamo Zagreb,0-0,D,Continental,Wikipedia,2020–21 UEFA Europa League group stage
2020-10-29,UEFA,UEFA 2nd Division,2,2020–21,Feyenoord,Wolfsberger AC,1-4,A,Continental,Wikipedia,2020–21 UEFA Europa League group stage
2020-10-29,UEFA,UEFA 2nd Division,2,2020–21,Gent,TSG Hoffenheim,1-4,A,Continental,Wikipedia,2020–21 UEFA Europa League group stage
2020-10-29,UEFA,UEFA 2nd Division,2,2020–21,Granada,PAOK,0-0,D,Continental,Wikipedia,2020–21 UEFA Europa League group stage
2020-10-29,UEFA,UEFA 2nd Division,2,2020–21,LASK,Ludogorets Razgrad,4-3,H,Continental,Wikipedia,2020–21 UEFA Europa League group stage
2020-10-29,UEFA,UEFA 2nd Division,2,2020–21,Lille,Celtic,2-2,D,Continental,Wikipedia,2020–21 UEFA Europa League group stage
2020-10-29,UEFA,UEFA 2nd Division,2,2020–21,Milan,Sparta Prague,3-0,H,Continental,Wikipedia,2020–21 UEFA Europa League group stage
2020-10-29,UEFA,UEFA 2nd Division,2,2020–21,Molde,Rapid Wien,1-0,H,Continental,Wikipedia,2020–21 UEFA Europa League group stage
2020-10-29,UEFA,UEFA 2nd Division,2,2020–21,Nice,Hapoel Be'er Sheva,1-0,H,Continental,Wikipedia,2020–21 UEFA Europa League group stage
2020-10-29,UEFA,UEFA 2nd Division,2,2020–21,Omonia,PSV Eindhoven,1-2,A,Continental,Wikipedia,2020–21 UEFA Europa League group stage
2020-10-29,UEFA,UEFA 2nd Division,2,2020–21,Qarabağ,Villarreal,1-3,A,Continental,Wikipedia,2020–21 UEFA Europa League group stage
2020-10-29,UEFA,UEFA 2nd Division,2,2020–21,Rangers,Lech Poznań,1-0,H,Continental,Wikipedia,2020–21 UEFA Europa League group stage
2020-10-29,UEFA,UEFA 2nd Division,2,2020–21,Real Sociedad,Napoli,0-1,A,Continental,Wikipedia,2020–21 UEFA Europa League group stage
2020-10-29,UEFA,UEFA 2nd Division,2,2020–21,Red Star Belgrade,Slovan Liberec,5-1,H,Continental,Wikipedia,2020–21 UEFA Europa League group stage
2020-10-29,UEFA,UEFA 2nd Division,2,2020–21,Roma,CSKA Sofia,0-0,D,Continental,Wikipedia,2020–21 UEFA Europa League group stage
2020-10-29,UEFA,UEFA 2nd Division,2,2020–21,Sivasspor,Maccabi Tel Aviv,1-2,A,Continental,Wikipedia,2020–21 UEFA Europa League group stage
2020-10-29,UEFA,UEFA 2nd Division,2,2020–21,Slavia Prague,Bayer Leverkusen,1-0,H,Continental,Wikipedia,2020–21 UEFA Europa League group stage
2020-10-29,UEFA,UEFA 2nd Division,2,2020–21,Zorya Luhansk,Braga,1-2,A,Continental,Wikipedia,2020–21 UEFA Europa League group stage
2020-11-05,UEFA,UEFA 2nd Division,2,2020–21,Antwerp,LASK,0-1,A,Continental,Wikipedia,2020–21 UEFA Europa League group stage
2020-11-05,UEFA,UEFA 2nd Division,2,2020–21,Arsenal,Molde,4-1,H,Continental,Wikipedia,2020–21 UEFA Europa League group stage
2020-11-05,UEFA,UEFA 2nd Division,2,2020–21,Benfica,Rangers,3-3,D,Continental,Wikipedia,2020–21 UEFA Europa League group stage
2020-11-05,UEFA,UEFA 2nd Division,2,2020–21,Celtic,Sparta Prague,1-4,A,Continental,Wikipedia,2020–21 UEFA Europa League group stage
2020-11-05,UEFA,UEFA 2nd Division,2,2020–21,Dinamo Zagreb,Wolfsberger AC,1-0,H,Continental,Wikipedia,2020–21 UEFA Europa League group stage
2020-11-05,UEFA,UEFA 2nd Division,2,2020–21,Feyenoord,CSKA Moscow,3-1,H,Continental,Wikipedia,2020–21 UEFA Europa League group stage
2020-11-05,UEFA,UEFA 2nd Division,2,2020–21,Hapoel Be'er Sheva,Bayer Leverkusen,2-4,A,Continental,Wikipedia,2020–21 UEFA Europa League group stage
2020-11-05,UEFA,UEFA 2nd Division,2,2020–21,Lech Poznań,Standard Liège,3-1,H,Continental,Wikipedia,2020–21 UEFA Europa League group stage
2020-11-05,UEFA,UEFA 2nd Division,2,2020–21,Leicester City,Braga,4-0,H,Continental,Wikipedia,2020–21 UEFA Europa League group stage
2020-11-05,UEFA,UEFA 2nd Division,2,2020–21,Ludogorets Razgrad,Tottenham Hotspur,1-3,A,Continental,Wikipedia,2020–21 UEFA Europa League group stage
2020-11-05,UEFA,UEFA 2nd Division,2,2020–21,Milan,Lille,0-3,A,Continental,Wikipedia,2020–21 UEFA Europa League group stage
2020-11-05,UEFA,UEFA 2nd Division,2,2020–21,Omonia,Granada,0-2,A,Continental,Wikipedia,2020–21 UEFA Europa League group stage
2020-11-05,UEFA,UEFA 2nd Division,2,2020–21,PAOK,PSV Eindhoven,4-1,H,Continental,Wikipedia,2020–21 UEFA Europa League group stage
2020-11-05,UEFA,UEFA 2nd Division,2,2020–21,Rapid Wien,Dundalk,4-3,H,Continental,Wikipedia,2020–21 UEFA Europa League group stage
2020-11-05,UEFA,UEFA 2nd Division,2,2020–21,Real Sociedad,AZ,1-0,H,Continental,Wikipedia,2020–21 UEFA Europa League group stage
2020-11-05,UEFA,UEFA 2nd Division,2,2020–21,Red Star Belgrade,Gent,2-1,H,Continental,Wikipedia,2020–21 UEFA Europa League group stage
2020-11-05,UEFA,UEFA 2nd Division,2,2020–21,Rijeka,Napoli,1-2,A,Continental,Wikipedia,2020–21 UEFA Europa League group stage
2020-11-05,UEFA,UEFA 2nd Division,2,2020–21,Roma,CFR Cluj,5-0,H,Continental,Wikipedia,2020–21 UEFA Europa League group stage
2020-11-05,UEFA,UEFA 2nd Division,2,2020–21,Sivasspor,Qarabağ,2-0,H,Continental,Wikipedia,2020–21 UEFA Europa League group stage
2020-11-05,UEFA,UEFA 2nd Division,2,2020–21,Slavia Prague,Nice,3-2,H,Continental,Wikipedia,2020–21 UEFA Europa League group stage
2020-11-05,UEFA,UEFA 2nd Division,2,2020–21,TSG Hoffenheim,Slovan Liberec,5-0,H,Continental,Wikipedia,2020–21 UEFA Europa League group stage
2020-11-05,UEFA,UEFA 2nd Division,2,2020–21,Villarreal,Maccabi Tel Aviv,4-0,H,Continental,Wikipedia,2020–21 UEFA Europa League group stage
2020-11-05,UEFA,UEFA 2nd Division,2,2020–21,Young Boys,CSKA Sofia,3-0,H,Continental,Wikipedia,2020–21 UEFA Europa League group stage
2020-11-05,UEFA,UEFA 2nd Division,2,2020–21,Zorya Luhansk,AEK Athens,1-4,A,Continental,Wikipedia,2020–21 UEFA Europa League group stage
2020-11-26,UEFA,UEFA 2nd Division,2,2020–21,AEK Athens,Zorya Luhansk,0-3,A,Continental,Wikipedia,2020–21 UEFA Europa League group stage
2020-11-26,UEFA,UEFA 2nd Division,2,2020–21,AZ,Real Sociedad,0-0,D,Continental,Wikipedia,2020–21 UEFA Europa League group stage
2020-11-26,UEFA,UEFA 2nd Division,2,2020–21,Bayer Leverkusen,Hapoel Be'er Sheva,4-1,H,Continental,Wikipedia,2020–21 UEFA Europa League group stage
2020-11-26,UEFA,UEFA 2nd Division,2,2020–21,Braga,Leicester City,3-3,D,Continental,Wikipedia,2020–21 UEFA Europa League group stage
2020-11-26,UEFA,UEFA 2nd Division,2,2020–21,CFR Cluj,Roma,0-2,A,Continental,Wikipedia,2020–21 UEFA Europa League group stage
2020-11-26,UEFA,UEFA 2nd Division,2,2020–21,CSKA Moscow,Feyenoord,0-0,D,Continental,Wikipedia,2020–21 UEFA Europa League group stage
2020-11-26,UEFA,UEFA 2nd Division,2,2020–21,CSKA Sofia,Young Boys,0-1,A,Continental,Wikipedia,2020–21 UEFA Europa League group stage
2020-11-26,UEFA,UEFA 2nd Division,2,2020–21,Dundalk,Rapid Wien,1-3,A,Continental,Wikipedia,2020–21 UEFA Europa League group stage
2020-11-26,UEFA,UEFA 2nd Division,2,2020–21,Gent,Red Star Belgrade,0-2,A,Continental,Wikipedia,2020–21 UEFA Europa League group stage
2020-11-26,UEFA,UEFA 2nd Division,2,2020–21,Granada,Omonia,2-1,H,Continental,Wikipedia,2020–21 UEFA Europa League group stage
2020-11-26,UEFA,UEFA 2nd Division,2,2020–21,LASK,Antwerp,0-2,A,Continental,Wikipedia,2020–21 UEFA Europa League group stage
2020-11-26,UEFA,UEFA 2nd Division,2,2020–21,Lille,Milan,1-1,D,Continental,Wikipedia,2020–21 UEFA Europa League group stage
2020-11-26,UEFA,UEFA 2nd Division,2,2020–21,Maccabi Tel Aviv,Villarreal,1-1,D,Continental,Wikipedia,2020–21 UEFA Europa League group stage
2020-11-26,UEFA,UEFA 2nd Division,2,2020–21,Molde,Arsenal,0-3,A,Continental,Wikipedia,2020–21 UEFA Europa League group stage
2020-11-26,UEFA,UEFA 2nd Division,2,2020–21,Napoli,Rijeka,2-0,H,Continental,Wikipedia,2020–21 UEFA Europa League group stage
2020-11-26,UEFA,UEFA 2nd Division,2,2020–21,Nice,Slavia Prague,1-3,A,Continental,Wikipedia,2020–21 UEFA Europa League group stage
2020-11-26,UEFA,UEFA 2nd Division,2,2020–21,PSV Eindhoven,PAOK,3-2,H,Continental,Wikipedia,2020–21 UEFA Europa League group stage
2020-11-26,UEFA,UEFA 2nd Division,2,2020–21,Qarabağ,Sivasspor,2-3,A,Continental,Wikipedia,2020–21 UEFA Europa League group stage
2020-11-26,UEFA,UEFA 2nd Division,2,2020–21,Rangers,Benfica,2-2,D,Continental,Wikipedia,2020–21 UEFA Europa League group stage
2020-11-26,UEFA,UEFA 2nd Division,2,2020–21,Slovan Liberec,TSG Hoffenheim,0-2,A,Continental,Wikipedia,2020–21 UEFA Europa League group stage
2020-11-26,UEFA,UEFA 2nd Division,2,2020–21,Sparta Prague,Celtic,4-1,H,Continental,Wikipedia,2020–21 UEFA Europa League group stage
2020-11-26,UEFA,UEFA 2nd Division,2,2020–21,Standard Liège,Lech Poznań,2-1,H,Continental,Wikipedia,2020–21 UEFA Europa League group stage
2020-11-26,UEFA,UEFA 2nd Division,2,2020–21,Tottenham Hotspur,Ludogorets Razgrad,4-0,H,Continental,Wikipedia,2020–21 UEFA Europa League group stage
2020-11-26,UEFA,UEFA 2nd Division,2,2020–21,Wolfsberger AC,Dinamo Zagreb,0-3,A,Continental,Wikipedia,2020–21 UEFA Europa League group stage
2020-12-03,UEFA,UEFA 2nd Division,2,2020–21,AEK Athens,Braga,2-4,A,Continental,Wikipedia,2020–21 UEFA Europa League group stage
2020-12-03,UEFA,UEFA 2nd Division,2,2020–21,AZ,Napoli,1-1,D,Continental,Wikipedia,2020–21 UEFA Europa League group stage
2020-12-03,UEFA,UEFA 2nd Division,2,2020–21,Antwerp,Ludogorets Razgrad,3-1,H,Continental,Wikipedia,2020–21 UEFA Europa League group stage
2020-12-03,UEFA,UEFA 2nd Division,2,2020–21,Arsenal,Rapid Wien,4-1,H,Continental,Wikipedia,2020–21 UEFA Europa League group stage
2020-12-03,UEFA,UEFA 2nd Division,2,2020–21,Benfica,Lech Poznań,4-0,H,Continental,Wikipedia,2020–21 UEFA Europa League group stage
2020-12-03,UEFA,UEFA 2nd Division,2,2020–21,CFR Cluj,CSKA Sofia,0-0,D,Continental,Wikipedia,2020–21 UEFA Europa League group stage
2020-12-03,UEFA,UEFA 2nd Division,2,2020–21,CSKA Moscow,Wolfsberger AC,0-1,A,Continental,Wikipedia,2020–21 UEFA Europa League group stage
2020-12-03,UEFA,UEFA 2nd Division,2,2020–21,Feyenoord,Dinamo Zagreb,0-2,A,Continental,Wikipedia,2020–21 UEFA Europa League group stage
2020-12-03,UEFA,UEFA 2nd Division,2,2020–21,Gent,Slovan Liberec,1-2,A,Continental,Wikipedia,2020–21 UEFA Europa League group stage
2020-12-03,UEFA,UEFA 2nd Division,2,2020–21,Granada,PSV Eindhoven,0-1,A,Continental,Wikipedia,2020–21 UEFA Europa League group stage
2020-12-03,UEFA,UEFA 2nd Division,2,2020–21,LASK,Tottenham Hotspur,3-3,D,Continental,Wikipedia,2020–21 UEFA Europa League group stage
2020-12-03,UEFA,UEFA 2nd Division,2,2020–21,Lille,Sparta Prague,2-1,H,Continental,Wikipedia,2020–21 UEFA Europa League group stage
2020-12-03,UEFA,UEFA 2nd Division,2,2020–21,Milan,Celtic,4-2,H,Continental,Wikipedia,2020–21 UEFA Europa League group stage
2020-12-03,UEFA,UEFA 2nd Division,2,2020–21,Molde,Dundalk,3-1,H,Continental,Wikipedia,2020–21 UEFA Europa League group stage
2020-12-03,UEFA,UEFA 2nd Division,2,2020–21,Nice,Bayer Leverkusen,2-3,A,Continental,Wikipedia,2020–21 UEFA Europa League group stage
2020-12-03,UEFA,UEFA 2nd Division,2,2020–21,Omonia,PAOK,2-1,H,Continental,Wikipedia,2020–21 UEFA Europa League group stage
2020-12-03,UEFA,UEFA 2nd Division,2,2020–21,Qarabağ,Maccabi Tel Aviv,1-1,D,Continental,Wikipedia,2020–21 UEFA Europa League group stage
2020-12-03,UEFA,UEFA 2nd Division,2,2020–21,Rangers,Standard Liège,3-2,H,Continental,Wikipedia,2020–21 UEFA Europa League group stage
2020-12-03,UEFA,UEFA 2nd Division,2,2020–21,Real Sociedad,Rijeka,2-2,D,Continental,Wikipedia,2020–21 UEFA Europa League group stage
2020-12-03,UEFA,UEFA 2nd Division,2,2020–21,Red Star Belgrade,TSG Hoffenheim,0-0,D,Continental,Wikipedia,2020–21 UEFA Europa League group stage
2020-12-03,UEFA,UEFA 2nd Division,2,2020–21,Roma,Young Boys,3-1,H,Continental,Wikipedia,2020–21 UEFA Europa League group stage
2020-12-03,UEFA,UEFA 2nd Division,2,2020–21,Sivasspor,Villarreal,0-1,A,Continental,Wikipedia,2020–21 UEFA Europa League group stage
2020-12-03,UEFA,UEFA 2nd Division,2,2020–21,Slavia Prague,Hapoel Be'er Sheva,3-0,H,Continental,Wikipedia,2020–21 UEFA Europa League group stage
2020-12-03,UEFA,UEFA 2nd Division,2,2020–21,Zorya Luhansk,Leicester City,1-0,H,Continental,Wikipedia,2020–21 UEFA Europa League group stage
2020-12-10,UEFA,UEFA 2nd Division,2,2020–21,Bayer Leverkusen,Slavia Prague,4-0,H,Continental,Wikipedia,2020–21 UEFA Europa League group stage
2020-12-10,UEFA,UEFA 2nd Division,2,2020–21,Braga,Zorya Luhansk,2-0,H,Continental,Wikipedia,2020–21 UEFA Europa League group stage
2020-12-10,UEFA,UEFA 2nd Division,2,2020–21,CSKA Sofia,Roma,3-1,H,Continental,Wikipedia,2020–21 UEFA Europa League group stage
2020-12-10,UEFA,UEFA 2nd Division,2,2020–21,Celtic,Lille,3-2,H,Continental,Wikipedia,2020–21 UEFA Europa League group stage
2020-12-10,UEFA,UEFA 2nd Division,2,2020–21,Dinamo Zagreb,CSKA Moscow,3-1,H,Continental,Wikipedia,2020–21 UEFA Europa League group stage
2020-12-10,UEFA,UEFA 2nd Division,2,2020–21,Dundalk,Arsenal,2-4,A,Continental,Wikipedia,2020–21 UEFA Europa League group stage
2020-12-10,UEFA,UEFA 2nd Division,2,2020–21,Hapoel Be'er Sheva,Nice,1-0,H,Continental,Wikipedia,2020–21 UEFA Europa League group stage
2020-12-10,UEFA,UEFA 2nd Division,2,2020–21,Lech Poznań,Rangers,0-2,A,Continental,Wikipedia,2020–21 UEFA Europa League group stage
2020-12-10,UEFA,UEFA 2nd Division,2,2020–21,Leicester City,AEK Athens,2-0,H,Continental,Wikipedia,2020–21 UEFA Europa League group stage
2020-12-10,UEFA,UEFA 2nd Division,2,2020–21,Ludogorets Razgrad,LASK,1-3,A,Continental,Wikipedia,2020–21 UEFA Europa League group stage
2020-12-10,UEFA,UEFA 2nd Division,2,2020–21,Maccabi Tel Aviv,Sivasspor,1-0,H,Continental,Wikipedia,2020–21 UEFA Europa League group stage
2020-12-10,UEFA,UEFA 2nd Division,2,2020–21,Napoli,Real Sociedad,1-1,D,Continental,Wikipedia,2020–21 UEFA Europa League group stage
2020-12-10,UEFA,UEFA 2nd Division,2,2020–21,PAOK,Granada,0-0,D,Continental,Wikipedia,2020–21 UEFA Europa League group stage
2020-12-10,UEFA,UEFA 2nd Division,2,2020–21,PSV Eindhoven,Omonia,4-0,H,Continental,Wikipedia,2020–21 UEFA Europa League group stage
2020-12-10,UEFA,UEFA 2nd Division,2,2020–21,Rapid Wien,Molde,2-2,D,Continental,Wikipedia,2020–21 UEFA Europa League group stage
2020-12-10,UEFA,UEFA 2nd Division,2,2020–21,Rijeka,AZ,2-1,H,Continental,Wikipedia,2020–21 UEFA Europa League group stage
2020-12-10,UEFA,UEFA 2nd Division,2,2020–21,Slovan Liberec,Red Star Belgrade,0-0,D,Continental,Wikipedia,2020–21 UEFA Europa League group stage
2020-12-10,UEFA,UEFA 2nd Division,2,2020–21,Sparta Prague,Milan,0-1,A,Continental,Wikipedia,2020–21 UEFA Europa League group stage
2020-12-10,UEFA,UEFA 2nd Division,2,2020–21,Standard Liège,Benfica,2-2,D,Continental,Wikipedia,2020–21 UEFA Europa League group stage
2020-12-10,UEFA,UEFA 2nd Division,2,2020–21,TSG Hoffenheim,Gent,4-1,H,Continental,Wikipedia,2020–21 UEFA Europa League group stage
2020-12-10,UEFA,UEFA 2nd Division,2,2020–21,Tottenham Hotspur,Antwerp,2-0,H,Continental,Wikipedia,2020–21 UEFA Europa League group stage
2020-12-10,UEFA,UEFA 2nd Division,2,2020–21,Villarreal,Qarabağ,3-0,H,Continental,Wikipedia,2020–21 UEFA Europa League group stage
2020-12-10,UEFA,UEFA 2nd Division,2,2020–21,Wolfsberger AC,Feyenoord,1-0,H,Continental,Wikipedia,2020–21 UEFA Europa League group stage
2020-12-10,UEFA,UEFA 2nd Division,2,2020–21,Young Boys,CFR Cluj,2-1,H,Continental,Wikipedia,2020–21 UEFA Europa League group stage
2021-02-18,UEFA,UEFA 2nd Division,2,2020–21,Antwerp,Rangers,3-4,A,Continental,Wikipedia,2020–21 UEFA Europa League knockout phase
2021-02-18,UEFA,UEFA 2nd Division,2,2020–21,Benfica,Arsenal,1-1,D,Continental,Wikipedia,2020–21 UEFA Europa League knockout phase
2021-02-18,UEFA,UEFA 2nd Division,2,2020–21,Braga,Roma,0-2,A,Continental,Wikipedia,2020–21 UEFA Europa League knockout phase
2021-02-18,UEFA,UEFA 2nd Division,2,2020–21,Dynamo Kyiv,Club Brugge,1-1,D,Continental,Wikipedia,2020–21 UEFA Europa League knockout phase
2021-02-18,UEFA,UEFA 2nd Division,2,2020–21,Granada,Napoli,2-0,H,Continental,Wikipedia,2020–21 UEFA Europa League knockout phase
2021-02-18,UEFA,UEFA 2nd Division,2,2020–21,Krasnodar,Dinamo Zagreb,2-3,A,Continental,Wikipedia,2020–21 UEFA Europa League knockout phase
2021-02-18,UEFA,UEFA 2nd Division,2,2020–21,Lille,Ajax,1-2,A,Continental,Wikipedia,2020–21 UEFA Europa League knockout phase
2021-02-18,UEFA,UEFA 2nd Division,2,2020–21,Maccabi Tel Aviv,Shakhtar Donetsk,0-2,A,Continental,Wikipedia,2020–21 UEFA Europa League knockout phase
2021-02-18,UEFA,UEFA 2nd Division,2,2020–21,Molde,TSG Hoffenheim,3-3,D,Continental,Wikipedia,2020–21 UEFA Europa League knockout phase
2021-02-18,UEFA,UEFA 2nd Division,2,2020–21,Olympiacos,PSV Eindhoven,4-2,H,Continental,Wikipedia,2020–21 UEFA Europa League knockout phase
2021-02-18,UEFA,UEFA 2nd Division,2,2020–21,Real Sociedad,Manchester United,0-4,A,Continental,Wikipedia,2020–21 UEFA Europa League knockout phase
2021-02-18,UEFA,UEFA 2nd Division,2,2020–21,Red Bull Salzburg,Villarreal,0-2,A,Continental,Wikipedia,2020–21 UEFA Europa League knockout phase
2021-02-18,UEFA,UEFA 2nd Division,2,2020–21,Red Star Belgrade,Milan,2-2,D,Continental,Wikipedia,2020–21 UEFA Europa League knockout phase
2021-02-18,UEFA,UEFA 2nd Division,2,2020–21,Slavia Prague,Leicester City,0-0,D,Continental,Wikipedia,2020–21 UEFA Europa League knockout phase
2021-02-18,UEFA,UEFA 2nd Division,2,2020–21,Wolfsberger AC,Tottenham Hotspur,1-4,A,Continental,Wikipedia,2020–21 UEFA Europa League knockout phase
2021-02-18,UEFA,UEFA 2nd Division,2,2020–21,Young Boys,Bayer Leverkusen,4-3,H,Continental,Wikipedia,2020–21 UEFA Europa League knockout phase
2021-02-24,UEFA,UEFA 2nd Division,2,2020–21,Tottenham Hotspur,Wolfsberger AC,4-0,H,Continental,Wikipedia,2020–21 UEFA Europa League knockout phase
2021-02-25,UEFA,UEFA 2nd Division,2,2020–21,Ajax,Lille,2-1,H,Continental,Wikipedia,2020–21 UEFA Europa League knockout phase
2021-02-25,UEFA,UEFA 2nd Division,2,2020–21,Arsenal,Benfica,3-2,H,Continental,Wikipedia,2020–21 UEFA Europa League knockout phase
2021-02-25,UEFA,UEFA 2nd Division,2,2020–21,Bayer Leverkusen,Young Boys,0-2,A,Continental,Wikipedia,2020–21 UEFA Europa League knockout phase
2021-02-25,UEFA,UEFA 2nd Division,2,2020–21,Club Brugge,Dynamo Kyiv,0-1,A,Continental,Wikipedia,2020–21 UEFA Europa League knockout phase
2021-02-25,UEFA,UEFA 2nd Division,2,2020–21,Dinamo Zagreb,Krasnodar,1-0,H,Continental,Wikipedia,2020–21 UEFA Europa League knockout phase
2021-02-25,UEFA,UEFA 2nd Division,2,2020–21,Leicester City,Slavia Prague,0-2,A,Continental,Wikipedia,2020–21 UEFA Europa League knockout phase
2021-02-25,UEFA,UEFA 2nd Division,2,2020–21,Manchester United,Real Sociedad,0-0,D,Continental,Wikipedia,2020–21 UEFA Europa League knockout phase
2021-02-25,UEFA,UEFA 2nd Division,2,2020–21,Milan,Red Star Belgrade,1-1,D,Continental,Wikipedia,2020–21 UEFA Europa League knockout phase
2021-02-25,UEFA,UEFA 2nd Division,2,2020–21,Napoli,Granada,2-1,H,Continental,Wikipedia,2020–21 UEFA Europa League knockout phase
2021-02-25,UEFA,UEFA 2nd Division,2,2020–21,PSV Eindhoven,Olympiacos,2-1,H,Continental,Wikipedia,2020–21 UEFA Europa League knockout phase
2021-02-25,UEFA,UEFA 2nd Division,2,2020–21,Rangers,Antwerp,5-2,H,Continental,Wikipedia,2020–21 UEFA Europa League knockout phase
2021-02-25,UEFA,UEFA 2nd Division,2,2020–21,Roma,Braga,3-1,H,Continental,Wikipedia,2020–21 UEFA Europa League knockout phase
2021-02-25,UEFA,UEFA 2nd Division,2,2020–21,Shakhtar Donetsk,Maccabi Tel Aviv,1-0,H,Continental,Wikipedia,2020–21 UEFA Europa League knockout phase
2021-02-25,UEFA,UEFA 2nd Division,2,2020–21,TSG Hoffenheim,Molde,0-2,A,Continental,Wikipedia,2020–21 UEFA Europa League knockout phase
2021-02-25,UEFA,UEFA 2nd Division,2,2020–21,Villarreal,Red Bull Salzburg,2-1,H,Continental,Wikipedia,2020–21 UEFA Europa League knockout phase
2021-03-11,UEFA,UEFA 2nd Division,2,2020–21,Ajax,Young Boys,3-0,H,Continental,Wikipedia,2020–21 UEFA Europa League knockout phase
2021-03-11,UEFA,UEFA 2nd Division,2,2020–21,Dynamo Kyiv,Villarreal,0-2,A,Continental,Wikipedia,2020–21 UEFA Europa League knockout phase
2021-03-11,UEFA,UEFA 2nd Division,2,2020–21,Granada,Molde,2-0,H,Continental,Wikipedia,2020–21 UEFA Europa League knockout phase
2021-03-11,UEFA,UEFA 2nd Division,2,2020–21,Manchester United,Milan,1-1,D,Continental,Wikipedia,2020–21 UEFA Europa League knockout phase
2021-03-11,UEFA,UEFA 2nd Division,2,2020–21,Olympiacos,Arsenal,1-3,A,Continental,Wikipedia,2020–21 UEFA Europa League knockout phase
2021-03-11,UEFA,UEFA 2nd Division,2,2020–21,Roma,Shakhtar Donetsk,3-0,H,Continental,Wikipedia,2020–21 UEFA Europa League knockout phase
2021-03-11,UEFA,UEFA 2nd Division,2,2020–21,Slavia Prague,Rangers,1-1,D,Continental,Wikipedia,2020–21 UEFA Europa League knockout phase
2021-03-11,UEFA,UEFA 2nd Division,2,2020–21,Tottenham Hotspur,Dinamo Zagreb,2-0,H,Continental,Wikipedia,2020–21 UEFA Europa League knockout phase
2021-03-18,UEFA,UEFA 2nd Division,2,2020–21,Arsenal,Olympiacos,0-1,A,Continental,Wikipedia,2020–21 UEFA Europa League knockout phase
2021-03-18,UEFA,UEFA 2nd Division,2,2020–21,Dinamo Zagreb,Tottenham Hotspur,3-0,H,Continental,Wikipedia,2020–21 UEFA Europa League knockout phase
2021-03-18,UEFA,UEFA 2nd Division,2,2020–21,Milan,Manchester United,0-1,A,Continental,Wikipedia,2020–21 UEFA Europa League knockout phase
2021-03-18,UEFA,UEFA 2nd Division,2,2020–21,Molde,Granada,2-1,H,Continental,Wikipedia,2020–21 UEFA Europa League knockout phase
2021-03-18,UEFA,UEFA 2nd Division,2,2020–21,Rangers,Slavia Prague,0-2,A,Continental,Wikipedia,2020–21 UEFA Europa League knockout phase
2021-03-18,UEFA,UEFA 2nd Division,2,2020–21,Shakhtar Donetsk,Roma,1-2,A,Continental,Wikipedia,2020–21 UEFA Europa League knockout phase
2021-03-18,UEFA,UEFA 2nd Division,2,2020–21,Villarreal,Dynamo Kyiv,2-0,H,Continental,Wikipedia,2020–21 UEFA Europa League knockout phase
2021-03-18,UEFA,UEFA 2nd Division,2,2020–21,Young Boys,Ajax,0-2,A,Continental,Wikipedia,2020–21 UEFA Europa League knockout phase
2021-04-08,UEFA,UEFA 2nd Division,2,2020–21,Ajax,Roma,1-2,A,Continental,Wikipedia,2020–21 UEFA Europa League knockout phase
2021-04-08,UEFA,UEFA 2nd Division,2,2020–21,Arsenal,Slavia Prague,1-1,D,Continental,Wikipedia,2020–21 UEFA Europa League knockout phase
2021-04-08,UEFA,UEFA 2nd Division,2,2020–21,Dinamo Zagreb,Villarreal,0-1,A,Continental,Wikipedia,2020–21 UEFA Europa League knockout phase
2021-04-08,UEFA,UEFA 2nd Division,2,2020–21,Granada,Manchester United,0-2,A,Continental,Wikipedia,2020–21 UEFA Europa League knockout phase
2021-04-15,UEFA,UEFA 2nd Division,2,2020–21,Manchester United,Granada,2-0,H,Continental,Wikipedia,2020–21 UEFA Europa League knockout phase
2021-04-15,UEFA,UEFA 2nd Division,2,2020–21,Roma,Ajax,1-1,D,Continental,Wikipedia,2020–21 UEFA Europa League knockout phase
2021-04-15,UEFA,UEFA 2nd Division,2,2020–21,Slavia Prague,Arsenal,0-4,A,Continental,Wikipedia,2020–21 UEFA Europa League knockout phase
2021-04-15,UEFA,UEFA 2nd Division,2,2020–21,Villarreal,Dinamo Zagreb,2-1,H,Continental,Wikipedia,2020–21 UEFA Europa League knockout phase
2021-04-29,UEFA,UEFA 2nd Division,2,2020–21,Manchester United,Roma,6-2,H,Continental,Wikipedia,2020–21 UEFA Europa League knockout phase
2021-04-29,UEFA,UEFA 2nd Division,2,2020–21,Villarreal,Arsenal,2-1,H,Continental,Wikipedia,2020–21 UEFA Europa League knockout phase
2021-05-06,UEFA,UEFA 2nd Division,2,2020–21,Arsenal,Villarreal,0-0,D,Continental,Wikipedia,2020–21 UEFA Europa League knockout phase
2021-05-06,UEFA,UEFA 2nd Division,2,2020–21,Roma,Manchester United,3-2,H,Continental,Wikipedia,2020–21 UEFA Europa League knockout phase
2021-08-03,UEFA,UEFA 2nd Division,2,2021–22,Neftçi,HJK,2-2,D,Continental,Wikipedia,2021–22 UEFA Europa League qualifying
2021-08-05,UEFA,UEFA 2nd Division,2,2021–22,Galatasaray,St Johnstone,1-1,D,Continental,Wikipedia,2021–22 UEFA Europa League qualifying
2021-08-05,UEFA,UEFA 2nd Division,2,2021–22,Jablonec,Celtic,2-4,A,Continental,Wikipedia,2021–22 UEFA Europa League qualifying
2021-08-05,UEFA,UEFA 2nd Division,2,2021–22,Kairat,Alashkert,0-0,D,Continental,Wikipedia,2021–22 UEFA Europa League qualifying
2021-08-05,UEFA,UEFA 2nd Division,2,2021–22,Lincoln Red Imps,Slovan Bratislava,1-3,A,Continental,Wikipedia,2021–22 UEFA Europa League qualifying
2021-08-05,UEFA,UEFA 2nd Division,2,2021–22,Mura,Žalgiris,0-0,D,Continental,Wikipedia,2021–22 UEFA Europa League qualifying
2021-08-05,UEFA,UEFA 2nd Division,2,2021–22,Omonia,Flora,1-0,H,Continental,Wikipedia,2021–22 UEFA Europa League qualifying
2021-08-05,UEFA,UEFA 2nd Division,2,2021–22,Rapid Wien,Anorthosis Famagusta,3-0,H,Continental,Wikipedia,2021–22 UEFA Europa League qualifying
2021-08-10,UEFA,UEFA 2nd Division,2,2021–22,Flora,Omonia,2-1,H,Continental,Wikipedia,2021–22 UEFA Europa League qualifying
2021-08-10,UEFA,UEFA 2nd Division,2,2021–22,Slovan Bratislava,Lincoln Red Imps,1-1,D,Continental,Wikipedia,2021–22 UEFA Europa League qualifying
2021-08-12,UEFA,UEFA 2nd Division,2,2021–22,Alashkert,Kairat,3-2,H,Continental,Wikipedia,2021–22 UEFA Europa League qualifying
2021-08-12,UEFA,UEFA 2nd Division,2,2021–22,Anorthosis Famagusta,Rapid Wien,2-1,H,Continental,Wikipedia,2021–22 UEFA Europa League qualifying
2021-08-12,UEFA,UEFA 2nd Division,2,2021–22,Celtic,Jablonec,3-0,H,Continental,Wikipedia,2021–22 UEFA Europa League qualifying
2021-08-12,UEFA,UEFA 2nd Division,2,2021–22,HJK,Neftçi,3-0,H,Continental,Wikipedia,2021–22 UEFA Europa League qualifying
2021-08-12,UEFA,UEFA 2nd Division,2,2021–22,St Johnstone,Galatasaray,2-4,A,Continental,Wikipedia,2021–22 UEFA Europa League qualifying
2021-08-12,UEFA,UEFA 2nd Division,2,2021–22,Žalgiris,Mura,0-1,A,Continental,Wikipedia,2021–22 UEFA Europa League qualifying
2021-08-17,UEFA,UEFA 2nd Division,2,2021–22,Red Star Belgrade,CFR Cluj,4-0,H,Continental,Wikipedia,2021–22 UEFA Europa League qualifying
2021-08-18,UEFA,UEFA 2nd Division,2,2021–22,Celtic,AZ,2-0,H,Continental,Wikipedia,2021–22 UEFA Europa League qualifying
2021-08-19,UEFA,UEFA 2nd Division,2,2021–22,Fenerbahçe,HJK,1-0,H,Continental,Wikipedia,2021–22 UEFA Europa League qualifying
2021-08-19,UEFA,UEFA 2nd Division,2,2021–22,Mura,Sturm Graz,1-3,A,Continental,Wikipedia,2021–22 UEFA Europa League qualifying
2021-08-19,UEFA,UEFA 2nd Division,2,2021–22,Olympiacos,Slovan Bratislava,3-0,H,Continental,Wikipedia,2021–22 UEFA Europa League qualifying
2021-08-19,UEFA,UEFA 2nd Division,2,2021–22,Omonia,Antwerp,4-2,H,Continental,Wikipedia,2021–22 UEFA Europa League qualifying
2021-08-19,UEFA,UEFA 2nd Division,2,2021–22,Randers,Galatasaray,1-1,D,Continental,Wikipedia,2021–22 UEFA Europa League qualifying
2021-08-19,UEFA,UEFA 2nd Division,2,2021–22,Rangers,Alashkert,1-0,H,Continental,Wikipedia,2021–22 UEFA Europa League qualifying
2021-08-19,UEFA,UEFA 2nd Division,2,2021–22,Rapid Wien,Zorya Luhansk,3-0,H,Continental,Wikipedia,2021–22 UEFA Europa League qualifying
2021-08-19,UEFA,UEFA 2nd Division,2,2021–22,Slavia Prague,Legia Warsaw,2-2,D,Continental,Wikipedia,2021–22 UEFA Europa League qualifying
2021-08-26,UEFA,UEFA 2nd Division,2,2021–22,AZ,Celtic,2-1,H,Continental,Wikipedia,2021–22 UEFA Europa League qualifying
2021-08-26,UEFA,UEFA 2nd Division,2,2021–22,Alashkert,Rangers,0-0,D,Continental,Wikipedia,2021–22 UEFA Europa League qualifying
2021-08-26,UEFA,UEFA 2nd Division,2,2021–22,Antwerp,Omonia,2-0,H,Continental,Wikipedia,2021–22 UEFA Europa League qualifying
2021-08-26,UEFA,UEFA 2nd Division,2,2021–22,CFR Cluj,Red Star Belgrade,1-2,A,Continental,Wikipedia,2021–22 UEFA Europa League qualifying
2021-08-26,UEFA,UEFA 2nd Division,2,2021–22,Galatasaray,Randers,2-1,H,Continental,Wikipedia,2021–22 UEFA Europa League qualifying
2021-08-26,UEFA,UEFA 2nd Division,2,2021–22,HJK,Fenerbahçe,2-5,A,Continental,Wikipedia,2021–22 UEFA Europa League qualifying
2021-08-26,UEFA,UEFA 2nd Division,2,2021–22,Legia Warsaw,Slavia Prague,2-1,H,Continental,Wikipedia,2021–22 UEFA Europa League qualifying
2021-08-26,UEFA,UEFA 2nd Division,2,2021–22,Slovan Bratislava,Olympiacos,2-2,D,Continental,Wikipedia,2021–22 UEFA Europa League qualifying
2021-08-26,UEFA,UEFA 2nd Division,2,2021–22,Sturm Graz,Mura,2-0,H,Continental,Wikipedia,2021–22 UEFA Europa League qualifying
2021-08-26,UEFA,UEFA 2nd Division,2,2021–22,Zorya Luhansk,Rapid Wien,2-3,A,Continental,Wikipedia,2021–22 UEFA Europa League qualifying
2021-09-15,UEFA,UEFA 2nd Division,2,2021–22,Spartak Moscow,Legia Warsaw,0-1,A,Continental,Wikipedia,2021–22 UEFA Europa League group stage
2021-09-16,UEFA,UEFA 2nd Division,2,2021–22,Bayer Leverkusen,Ferencváros,2-1,H,Continental,Wikipedia,2021–22 UEFA Europa League group stage
2021-09-16,UEFA,UEFA 2nd Division,2,2021–22,Brøndby,Sparta Prague,0-0,D,Continental,Wikipedia,2021–22 UEFA Europa League group stage
2021-09-16,UEFA,UEFA 2nd Division,2,2021–22,Dinamo Zagreb,West Ham United,0-2,A,Continental,Wikipedia,2021–22 UEFA Europa League group stage
2021-09-16,UEFA,UEFA 2nd Division,2,2021–22,Eintracht Frankfurt,Fenerbahçe,1-1,D,Continental,Wikipedia,2021–22 UEFA Europa League group stage
2021-09-16,UEFA,UEFA 2nd Division,2,2021–22,Galatasaray,Lazio,1-0,H,Continental,Wikipedia,2021–22 UEFA Europa League group stage
2021-09-16,UEFA,UEFA 2nd Division,2,2021–22,Leicester City,Napoli,2-2,D,Continental,Wikipedia,2021–22 UEFA Europa League group stage
2021-09-16,UEFA,UEFA 2nd Division,2,2021–22,Lokomotiv Moscow,Marseille,1-1,D,Continental,Wikipedia,2021–22 UEFA Europa League group stage
2021-09-16,UEFA,UEFA 2nd Division,2,2021–22,Midtjylland,Ludogorets Razgrad,1-1,D,Continental,Wikipedia,2021–22 UEFA Europa League group stage
2021-09-16,UEFA,UEFA 2nd Division,2,2021–22,Monaco,Sturm Graz,1-0,H,Continental,Wikipedia,2021–22 UEFA Europa League group stage
2021-09-16,UEFA,UEFA 2nd Division,2,2021–22,Olympiacos,Antwerp,2-1,H,Continental,Wikipedia,2021–22 UEFA Europa League group stage
2021-09-16,UEFA,UEFA 2nd Division,2,2021–22,PSV Eindhoven,Real Sociedad,2-2,D,Continental,Wikipedia,2021–22 UEFA Europa League group stage
2021-09-16,UEFA,UEFA 2nd Division,2,2021–22,Rangers,Lyon,0-2,A,Continental,Wikipedia,2021–22 UEFA Europa League group stage
2021-09-16,UEFA,UEFA 2nd Division,2,2021–22,Rapid Wien,Genk,0-1,A,Continental,Wikipedia,2021–22 UEFA Europa League group stage
2021-09-16,UEFA,UEFA 2nd Division,2,2021–22,Real Betis,Celtic,4-3,H,Continental,Wikipedia,2021–22 UEFA Europa League group stage
2021-09-16,UEFA,UEFA 2nd Division,2,2021–22,Red Star Belgrade,Braga,2-1,H,Continental,Wikipedia,2021–22 UEFA Europa League group stage
2021-09-30,UEFA,UEFA 2nd Division,2,2021–22,Antwerp,Eintracht Frankfurt,0-1,A,Continental,Wikipedia,2021–22 UEFA Europa League group stage
2021-09-30,UEFA,UEFA 2nd Division,2,2021–22,Braga,Midtjylland,3-1,H,Continental,Wikipedia,2021–22 UEFA Europa League group stage
2021-09-30,UEFA,UEFA 2nd Division,2,2021–22,Celtic,Bayer Leverkusen,0-4,A,Continental,Wikipedia,2021–22 UEFA Europa League group stage
2021-09-30,UEFA,UEFA 2nd Division,2,2021–22,Fenerbahçe,Olympiacos,0-3,A,Continental,Wikipedia,2021–22 UEFA Europa League group stage
2021-09-30,UEFA,UEFA 2nd Division,2,2021–22,Ferencváros,Real Betis,1-3,A,Continental,Wikipedia,2021–22 UEFA Europa League group stage
2021-09-30,UEFA,UEFA 2nd Division,2,2021–22,Genk,Dinamo Zagreb,0-3,A,Continental,Wikipedia,2021–22 UEFA Europa League group stage
2021-09-30,UEFA,UEFA 2nd Division,2,2021–22,Lazio,Lokomotiv Moscow,2-0,H,Continental,Wikipedia,2021–22 UEFA Europa League group stage
2021-09-30,UEFA,UEFA 2nd Division,2,2021–22,Legia Warsaw,Leicester City,1-0,H,Continental,Wikipedia,2021–22 UEFA Europa League group stage
2021-09-30,UEFA,UEFA 2nd Division,2,2021–22,Ludogorets Razgrad,Red Star Belgrade,0-1,A,Continental,Wikipedia,2021–22 UEFA Europa League group stage
2021-09-30,UEFA,UEFA 2nd Division,2,2021–22,Lyon,Brøndby,3-0,H,Continental,Wikipedia,2021–22 UEFA Europa League group stage
2021-09-30,UEFA,UEFA 2nd Division,2,2021–22,Marseille,Galatasaray,0-0,D,Continental,Wikipedia,2021–22 UEFA Europa League group stage
2021-09-30,UEFA,UEFA 2nd Division,2,2021–22,Napoli,Spartak Moscow,2-3,A,Continental,Wikipedia,2021–22 UEFA Europa League group stage
2021-09-30,UEFA,UEFA 2nd Division,2,2021–22,Real Sociedad,Monaco,1-1,D,Continental,Wikipedia,2021–22 UEFA Europa League group stage
2021-09-30,UEFA,UEFA 2nd Division,2,2021–22,Sparta Prague,Rangers,1-0,H,Continental,Wikipedia,2021–22 UEFA Europa League group stage
2021-09-30,UEFA,UEFA 2nd Division,2,2021–22,Sturm Graz,PSV Eindhoven,1-4,A,Continental,Wikipedia,2021–22 UEFA Europa League group stage
2021-09-30,UEFA,UEFA 2nd Division,2,2021–22,West Ham United,Rapid Wien,2-0,H,Continental,Wikipedia,2021–22 UEFA Europa League group stage
2021-10-19,UEFA,UEFA 2nd Division,2,2021–22,Celtic,Ferencváros,2-0,H,Continental,Wikipedia,2021–22 UEFA Europa League group stage
2021-10-20,UEFA,UEFA 2nd Division,2,2021–22,Spartak Moscow,Leicester City,3-4,A,Continental,Wikipedia,2021–22 UEFA Europa League group stage
2021-10-21,UEFA,UEFA 2nd Division,2,2021–22,Eintracht Frankfurt,Olympiacos,3-1,H,Continental,Wikipedia,2021–22 UEFA Europa League group stage
2021-10-21,UEFA,UEFA 2nd Division,2,2021–22,Fenerbahçe,Antwerp,2-2,D,Continental,Wikipedia,2021–22 UEFA Europa League group stage
2021-10-21,UEFA,UEFA 2nd Division,2,2021–22,Lazio,Marseille,0-0,D,Continental,Wikipedia,2021–22 UEFA Europa League group stage
2021-10-21,UEFA,UEFA 2nd Division,2,2021–22,Lokomotiv Moscow,Galatasaray,0-1,A,Continental,Wikipedia,2021–22 UEFA Europa League group stage
2021-10-21,UEFA,UEFA 2nd Division,2,2021–22,Ludogorets Razgrad,Braga,0-1,A,Continental,Wikipedia,2021–22 UEFA Europa League group stage
2021-10-21,UEFA,UEFA 2nd Division,2,2021–22,Midtjylland,Red Star Belgrade,1-1,D,Continental,Wikipedia,2021–22 UEFA Europa League group stage
2021-10-21,UEFA,UEFA 2nd Division,2,2021–22,Napoli,Legia Warsaw,3-0,H,Continental,Wikipedia,2021–22 UEFA Europa League group stage
2021-10-21,UEFA,UEFA 2nd Division,2,2021–22,PSV Eindhoven,Monaco,1-2,A,Continental,Wikipedia,2021–22 UEFA Europa League group stage
2021-10-21,UEFA,UEFA 2nd Division,2,2021–22,Rangers,Brøndby,2-0,H,Continental,Wikipedia,2021–22 UEFA Europa League group stage
2021-10-21,UEFA,UEFA 2nd Division,2,2021–22,Rapid Wien,Dinamo Zagreb,2-1,H,Continental,Wikipedia,2021–22 UEFA Europa League group stage
2021-10-21,UEFA,UEFA 2nd Division,2,2021–22,Real Betis,Bayer Leverkusen,1-1,D,Continental,Wikipedia,2021–22 UEFA Europa League group stage
2021-10-21,UEFA,UEFA 2nd Division,2,2021–22,Sparta Prague,Lyon,3-4,A,Continental,Wikipedia,2021–22 UEFA Europa League group stage
2021-10-21,UEFA,UEFA 2nd Division,2,2021–22,Sturm Graz,Real Sociedad,0-1,A,Continental,Wikipedia,2021–22 UEFA Europa League group stage
2021-10-21,UEFA,UEFA 2nd Division,2,2021–22,West Ham United,Genk,3-0,H,Continental,Wikipedia,2021–22 UEFA Europa League group stage
2021-11-04,UEFA,UEFA 2nd Division,2,2021–22,Antwerp,Fenerbahçe,0-3,A,Continental,Wikipedia,2021–22 UEFA Europa League group stage
2021-11-04,UEFA,UEFA 2nd Division,2,2021–22,Bayer Leverkusen,Real Betis,4-0,H,Continental,Wikipedia,2021–22 UEFA Europa League group stage
2021-11-04,UEFA,UEFA 2nd Division,2,2021–22,Braga,Ludogorets Razgrad,4-2,H,Continental,Wikipedia,2021–22 UEFA Europa League group stage
2021-11-04,UEFA,UEFA 2nd Division,2,2021–22,Brøndby,Rangers,1-1,D,Continental,Wikipedia,2021–22 UEFA Europa League group stage
2021-11-04,UEFA,UEFA 2nd Division,2,2021–22,Dinamo Zagreb,Rapid Wien,3-1,H,Continental,Wikipedia,2021–22 UEFA Europa League group stage
2021-11-04,UEFA,UEFA 2nd Division,2,2021–22,Ferencváros,Celtic,2-3,A,Continental,Wikipedia,2021–22 UEFA Europa League group stage
2021-11-04,UEFA,UEFA 2nd Division,2,2021–22,Galatasaray,Lokomotiv Moscow,1-1,D,Continental,Wikipedia,2021–22 UEFA Europa League group stage
2021-11-04,UEFA,UEFA 2nd Division,2,2021–22,Genk,West Ham United,2-2,D,Continental,Wikipedia,2021–22 UEFA Europa League group stage
2021-11-04,UEFA,UEFA 2nd Division,2,2021–22,Legia Warsaw,Napoli,1-4,A,Continental,Wikipedia,2021–22 UEFA Europa League group stage
2021-11-04,UEFA,UEFA 2nd Division,2,2021–22,Leicester City,Spartak Moscow,1-1,D,Continental,Wikipedia,2021–22 UEFA Europa League group stage
2021-11-04,UEFA,UEFA 2nd Division,2,2021–22,Lyon,Sparta Prague,3-0,H,Continental,Wikipedia,2021–22 UEFA Europa League group stage
2021-11-04,UEFA,UEFA 2nd Division,2,2021–22,Marseille,Lazio,2-2,D,Continental,Wikipedia,2021–22 UEFA Europa League group stage
2021-11-04,UEFA,UEFA 2nd Division,2,2021–22,Monaco,PSV Eindhoven,0-0,D,Continental,Wikipedia,2021–22 UEFA Europa League group stage
2021-11-04,UEFA,UEFA 2nd Division,2,2021–22,Olympiacos,Eintracht Frankfurt,1-2,A,Continental,Wikipedia,2021–22 UEFA Europa League group stage
2021-11-04,UEFA,UEFA 2nd Division,2,2021–22,Real Sociedad,Sturm Graz,1-1,D,Continental,Wikipedia,2021–22 UEFA Europa League group stage
2021-11-04,UEFA,UEFA 2nd Division,2,2021–22,Red Star Belgrade,Midtjylland,0-1,A,Continental,Wikipedia,2021–22 UEFA Europa League group stage
2021-11-24,UEFA,UEFA 2nd Division,2,2021–22,Spartak Moscow,Napoli,2-1,H,Continental,Wikipedia,2021–22 UEFA Europa League group stage
2021-11-25,UEFA,UEFA 2nd Division,2,2021–22,Bayer Leverkusen,Celtic,3-2,H,Continental,Wikipedia,2021–22 UEFA Europa League group stage
2021-11-25,UEFA,UEFA 2nd Division,2,2021–22,Brøndby,Lyon,1-3,A,Continental,Wikipedia,2021–22 UEFA Europa League group stage
2021-11-25,UEFA,UEFA 2nd Division,2,2021–22,Dinamo Zagreb,Genk,1-1,D,Continental,Wikipedia,2021–22 UEFA Europa League group stage
2021-11-25,UEFA,UEFA 2nd Division,2,2021–22,Eintracht Frankfurt,Antwerp,2-2,D,Continental,Wikipedia,2021–22 UEFA Europa League group stage
2021-11-25,UEFA,UEFA 2nd Division,2,2021–22,Galatasaray,Marseille,4-2,H,Continental,Wikipedia,2021–22 UEFA Europa League group stage
2021-11-25,UEFA,UEFA 2nd Division,2,2021–22,Leicester City,Legia Warsaw,3-1,H,Continental,Wikipedia,2021–22 UEFA Europa League group stage
2021-11-25,UEFA,UEFA 2nd Division,2,2021–22,Lokomotiv Moscow,Lazio,0-3,A,Continental,Wikipedia,2021–22 UEFA Europa League group stage
2021-11-25,UEFA,UEFA 2nd Division,2,2021–22,Midtjylland,Braga,3-2,H,Continental,Wikipedia,2021–22 UEFA Europa League group stage
2021-11-25,UEFA,UEFA 2nd Division,2,2021–22,Monaco,Real Sociedad,2-1,H,Continental,Wikipedia,2021–22 UEFA Europa League group stage
2021-11-25,UEFA,UEFA 2nd Division,2,2021–22,Olympiacos,Fenerbahçe,1-0,H,Continental,Wikipedia,2021–22 UEFA Europa League group stage
2021-11-25,UEFA,UEFA 2nd Division,2,2021–22,PSV Eindhoven,Sturm Graz,2-0,H,Continental,Wikipedia,2021–22 UEFA Europa League group stage
2021-11-25,UEFA,UEFA 2nd Division,2,2021–22,Rangers,Sparta Prague,2-0,H,Continental,Wikipedia,2021–22 UEFA Europa League group stage
2021-11-25,UEFA,UEFA 2nd Division,2,2021–22,Rapid Wien,West Ham United,0-2,A,Continental,Wikipedia,2021–22 UEFA Europa League group stage
2021-11-25,UEFA,UEFA 2nd Division,2,2021–22,Real Betis,Ferencváros,2-0,H,Continental,Wikipedia,2021–22 UEFA Europa League group stage
2021-11-25,UEFA,UEFA 2nd Division,2,2021–22,Red Star Belgrade,Ludogorets Razgrad,1-0,H,Continental,Wikipedia,2021–22 UEFA Europa League group stage
2021-12-09,UEFA,UEFA 2nd Division,2,2021–22,Antwerp,Olympiacos,1-0,H,Continental,Wikipedia,2021–22 UEFA Europa League group stage
2021-12-09,UEFA,UEFA 2nd Division,2,2021–22,Braga,Red Star Belgrade,1-1,D,Continental,Wikipedia,2021–22 UEFA Europa League group stage
2021-12-09,UEFA,UEFA 2nd Division,2,2021–22,Celtic,Real Betis,3-2,H,Continental,Wikipedia,2021–22 UEFA Europa League group stage
2021-12-09,UEFA,UEFA 2nd Division,2,2021–22,Fenerbahçe,Eintracht Frankfurt,1-1,D,Continental,Wikipedia,2021–22 UEFA Europa League group stage
2021-12-09,UEFA,UEFA 2nd Division,2,2021–22,Ferencváros,Bayer Leverkusen,1-0,H,Continental,Wikipedia,2021–22 UEFA Europa League group stage
2021-12-09,UEFA,UEFA 2nd Division,2,2021–22,Genk,Rapid Wien,0-1,A,Continental,Wikipedia,2021–22 UEFA Europa League group stage
2021-12-09,UEFA,UEFA 2nd Division,2,2021–22,Lazio,Galatasaray,0-0,D,Continental,Wikipedia,2021–22 UEFA Europa League group stage
2021-12-09,UEFA,UEFA 2nd Division,2,2021–22,Legia Warsaw,Spartak Moscow,0-1,A,Continental,Wikipedia,2021–22 UEFA Europa League group stage
2021-12-09,UEFA,UEFA 2nd Division,2,2021–22,Ludogorets Razgrad,Midtjylland,0-0,D,Continental,Wikipedia,2021–22 UEFA Europa League group stage
2021-12-09,UEFA,UEFA 2nd Division,2,2021–22,Lyon,Rangers,1-1,D,Continental,Wikipedia,2021–22 UEFA Europa League group stage
2021-12-09,UEFA,UEFA 2nd Division,2,2021–22,Marseille,Lokomotiv Moscow,1-0,H,Continental,Wikipedia,2021–22 UEFA Europa League group stage
2021-12-09,UEFA,UEFA 2nd Division,2,2021–22,Napoli,Leicester City,3-2,H,Continental,Wikipedia,2021–22 UEFA Europa League group stage
2021-12-09,UEFA,UEFA 2nd Division,2,2021–22,Real Sociedad,PSV Eindhoven,3-0,H,Continental,Wikipedia,2021–22 UEFA Europa League group stage
2021-12-09,UEFA,UEFA 2nd Division,2,2021–22,Sparta Prague,Brøndby,2-0,H,Continental,Wikipedia,2021–22 UEFA Europa League group stage
2021-12-09,UEFA,UEFA 2nd Division,2,2021–22,Sturm Graz,Monaco,1-1,D,Continental,Wikipedia,2021–22 UEFA Europa League group stage
2021-12-09,UEFA,UEFA 2nd Division,2,2021–22,West Ham United,Dinamo Zagreb,0-1,A,Continental,Wikipedia,2021–22 UEFA Europa League group stage
2022-02-17,UEFA,UEFA 2nd Division,2,2021–22,Atalanta,Olympiacos,2-1,H,Continental,Wikipedia,2021–22 UEFA Europa League knockout phase
2022-02-17,UEFA,UEFA 2nd Division,2,2021–22,Barcelona,Napoli,1-1,D,Continental,Wikipedia,2021–22 UEFA Europa League knockout phase
2022-02-17,UEFA,UEFA 2nd Division,2,2021–22,Borussia Dortmund,Rangers,2-4,A,Continental,Wikipedia,2021–22 UEFA Europa League knockout phase
2022-02-17,UEFA,UEFA 2nd Division,2,2021–22,Porto,Lazio,2-1,H,Continental,Wikipedia,2021–22 UEFA Europa League knockout phase
2022-02-17,UEFA,UEFA 2nd Division,2,2021–22,RB Leipzig,Real Sociedad,2-2,D,Continental,Wikipedia,2021–22 UEFA Europa League knockout phase
2022-02-17,UEFA,UEFA 2nd Division,2,2021–22,Sevilla,Dinamo Zagreb,3-1,H,Continental,Wikipedia,2021–22 UEFA Europa League knockout phase
2022-02-17,UEFA,UEFA 2nd Division,2,2021–22,Sheriff Tiraspol,Braga,2-0,H,Continental,Wikipedia,2021–22 UEFA Europa League knockout phase
2022-02-17,UEFA,UEFA 2nd Division,2,2021–22,Zenit Saint Petersburg,Real Betis,2-3,A,Continental,Wikipedia,2021–22 UEFA Europa League knockout phase
2022-02-24,UEFA,UEFA 2nd Division,2,2021–22,Braga,Sheriff Tiraspol,2-0,H,Continental,Wikipedia,2021–22 UEFA Europa League knockout phase
2022-02-24,UEFA,UEFA 2nd Division,2,2021–22,Dinamo Zagreb,Sevilla,1-0,H,Continental,Wikipedia,2021–22 UEFA Europa League knockout phase
2022-02-24,UEFA,UEFA 2nd Division,2,2021–22,Lazio,Porto,2-2,D,Continental,Wikipedia,2021–22 UEFA Europa League knockout phase
2022-02-24,UEFA,UEFA 2nd Division,2,2021–22,Napoli,Barcelona,2-4,A,Continental,Wikipedia,2021–22 UEFA Europa League knockout phase
2022-02-24,UEFA,UEFA 2nd Division,2,2021–22,Olympiacos,Atalanta,0-3,A,Continental,Wikipedia,2021–22 UEFA Europa League knockout phase
2022-02-24,UEFA,UEFA 2nd Division,2,2021–22,Rangers,Borussia Dortmund,2-2,D,Continental,Wikipedia,2021–22 UEFA Europa League knockout phase
2022-02-24,UEFA,UEFA 2nd Division,2,2021–22,Real Betis,Zenit Saint Petersburg,0-0,D,Continental,Wikipedia,2021–22 UEFA Europa League knockout phase
2022-02-24,UEFA,UEFA 2nd Division,2,2021–22,Real Sociedad,RB Leipzig,1-3,A,Continental,Wikipedia,2021–22 UEFA Europa League knockout phase
2022-03-09,UEFA,UEFA 2nd Division,2,2021–22,Porto,Lyon,0-1,A,Continental,Wikipedia,2021–22 UEFA Europa League knockout phase
2022-03-09,UEFA,UEFA 2nd Division,2,2021–22,Real Betis,Eintracht Frankfurt,1-2,A,Continental,Wikipedia,2021–22 UEFA Europa League knockout phase
2022-03-10,UEFA,UEFA 2nd Division,2,2021–22,Atalanta,Bayer Leverkusen,3-2,H,Continental,Wikipedia,2021–22 UEFA Europa League knockout phase
2022-03-10,UEFA,UEFA 2nd Division,2,2021–22,Barcelona,Galatasaray,0-0,D,Continental,Wikipedia,2021–22 UEFA Europa League knockout phase
2022-03-10,UEFA,UEFA 2nd Division,2,2021–22,Braga,Monaco,2-0,H,Continental,Wikipedia,2021–22 UEFA Europa League knockout phase
2022-03-10,UEFA,UEFA 2nd Division,2,2021–22,RB Leipzig,Spartak Moscow,,,Continental,Wikipedia,2021–22 UEFA Europa League knockout phase
2022-03-10,UEFA,UEFA 2nd Division,2,2021–22,Rangers,Red Star Belgrade,3-0,H,Continental,Wikipedia,2021–22 UEFA Europa League knockout phase
2022-03-10,UEFA,UEFA 2nd Division,2,2021–22,Sevilla,West Ham United,1-0,H,Continental,Wikipedia,2021–22 UEFA Europa League knockout phase
2022-03-17,UEFA,UEFA 2nd Division,2,2021–22,Bayer Leverkusen,Atalanta,0-1,A,Continental,Wikipedia,2021–22 UEFA Europa League knockout phase
2022-03-17,UEFA,UEFA 2nd Division,2,2021–22,Eintracht Frankfurt,Real Betis,1-1,D,Continental,Wikipedia,2021–22 UEFA Europa League knockout phase
2022-03-17,UEFA,UEFA 2nd Division,2,2021–22,Galatasaray,Barcelona,1-2,A,Continental,Wikipedia,2021–22 UEFA Europa League knockout phase
2022-03-17,UEFA,UEFA 2nd Division,2,2021–22,Lyon,Porto,1-1,D,Continental,Wikipedia,2021–22 UEFA Europa League knockout phase
2022-03-17,UEFA,UEFA 2nd Division,2,2021–22,Monaco,Braga,1-1,D,Continental,Wikipedia,2021–22 UEFA Europa League knockout phase
2022-03-17,UEFA,UEFA 2nd Division,2,2021–22,Red Star Belgrade,Rangers,2-1,H,Continental,Wikipedia,2021–22 UEFA Europa League knockout phase
2022-03-17,UEFA,UEFA 2nd Division,2,2021–22,Spartak Moscow,RB Leipzig,,,Continental,Wikipedia,2021–22 UEFA Europa League knockout phase
2022-03-17,UEFA,UEFA 2nd Division,2,2021–22,West Ham United,Sevilla,2-0,H,Continental,Wikipedia,2021–22 UEFA Europa League knockout phase
2022-04-07,UEFA,UEFA 2nd Division,2,2021–22,Braga,Rangers,1-0,H,Continental,Wikipedia,2021–22 UEFA Europa League knockout phase
2022-04-07,UEFA,UEFA 2nd Division,2,2021–22,Eintracht Frankfurt,Barcelona,1-1,D,Continental,Wikipedia,2021–22 UEFA Europa League knockout phase
2022-04-07,UEFA,UEFA 2nd Division,2,2021–22,RB Leipzig,Atalanta,1-1,D,Continental,Wikipedia,2021–22 UEFA Europa League knockout phase
2022-04-07,UEFA,UEFA 2nd Division,2,2021–22,West Ham United,Lyon,1-1,D,Continental,Wikipedia,2021–22 UEFA Europa League knockout phase
2022-04-14,UEFA,UEFA 2nd Division,2,2021–22,Atalanta,RB Leipzig,0-2,A,Continental,Wikipedia,2021–22 UEFA Europa League knockout phase
2022-04-14,UEFA,UEFA 2nd Division,2,2021–22,Barcelona,Eintracht Frankfurt,2-3,A,Continental,Wikipedia,2021–22 UEFA Europa League knockout phase
2022-04-14,UEFA,UEFA 2nd Division,2,2021–22,Lyon,West Ham United,0-3,A,Continental,Wikipedia,2021–22 UEFA Europa League knockout phase
2022-04-14,UEFA,UEFA 2nd Division,2,2021–22,Rangers,Braga,3-1,H,Continental,Wikipedia,2021–22 UEFA Europa League knockout phase
2022-04-28,UEFA,UEFA 2nd Division,2,2021–22,RB Leipzig,Rangers,1-0,H,Continental,Wikipedia,2021–22 UEFA Europa League knockout phase
2022-04-28,UEFA,UEFA 2nd Division,2,2021–22,West Ham United,Eintracht Frankfurt,1-2,A,Continental,Wikipedia,2021–22 UEFA Europa League knockout phase
2022-05-05,UEFA,UEFA 2nd Division,2,2021–22,Eintracht Frankfurt,West Ham United,1-0,H,Continental,Wikipedia,2021–22 UEFA Europa League knockout phase
2022-05-05,UEFA,UEFA 2nd Division,2,2021–22,Rangers,RB Leipzig,3-1,H,Continental,Wikipedia,2021–22 UEFA Europa League knockout phase
2022-08-04,UEFA,UEFA 2nd Division,2,2022–23,AEK Larnaca,Partizan,2-1,H,Continental,Wikipedia,2022–23 UEFA Europa League qualifying
2022-08-04,UEFA,UEFA 2nd Division,2,2022–23,Fenerbahçe,Slovácko,3-0,H,Continental,Wikipedia,2022–23 UEFA Europa League qualifying
2022-08-04,UEFA,UEFA 2nd Division,2,2022–23,Linfield,Zürich,0-2,A,Continental,Wikipedia,2022–23 UEFA Europa League qualifying
2022-08-04,UEFA,UEFA 2nd Division,2,2022–23,Malmö FF,F91 Dudelange,3-0,H,Continental,Wikipedia,2022–23 UEFA Europa League qualifying
2022-08-04,UEFA,UEFA 2nd Division,2,2022–23,Maribor,HJK,0-2,A,Continental,Wikipedia,2022–23 UEFA Europa League qualifying
2022-08-04,UEFA,UEFA 2nd Division,2,2022–23,Olympiacos,Slovan Bratislava,1-1,D,Continental,Wikipedia,2022–23 UEFA Europa League qualifying
2022-08-04,UEFA,UEFA 2nd Division,2,2022–23,Shamrock Rovers,Shkupi,3-1,H,Continental,Wikipedia,2022–23 UEFA Europa League qualifying
2022-08-09,UEFA,UEFA 2nd Division,2,2022–23,Shkupi,Shamrock Rovers,1-2,A,Continental,Wikipedia,2022–23 UEFA Europa League qualifying
2022-08-11,UEFA,UEFA 2nd Division,2,2022–23,F91 Dudelange,Malmö FF,2-2,D,Continental,Wikipedia,2022–23 UEFA Europa League qualifying
2022-08-11,UEFA,UEFA 2nd Division,2,2022–23,HJK,Maribor,1-0,H,Continental,Wikipedia,2022–23 UEFA Europa League qualifying
2022-08-11,UEFA,UEFA 2nd Division,2,2022–23,Partizan,AEK Larnaca,2-2,D,Continental,Wikipedia,2022–23 UEFA Europa League qualifying
2022-08-11,UEFA,UEFA 2nd Division,2,2022–23,Slovan Bratislava,Olympiacos,2-2,D,Continental,Wikipedia,2022–23 UEFA Europa League qualifying
2022-08-11,UEFA,UEFA 2nd Division,2,2022–23,Slovácko,Fenerbahçe,1-1,D,Continental,Wikipedia,2022–23 UEFA Europa League qualifying
2022-08-11,UEFA,UEFA 2nd Division,2,2022–23,Zürich,Linfield,3-0,H,Continental,Wikipedia,2022–23 UEFA Europa League qualifying
2022-08-18,UEFA,UEFA 2nd Division,2,2022–23,Apollon Limassol,Olympiacos,1-1,D,Continental,Wikipedia,2022–23 UEFA Europa League qualifying
2022-08-18,UEFA,UEFA 2nd Division,2,2022–23,Austria Wien,Fenerbahçe,0-2,A,Continental,Wikipedia,2022–23 UEFA Europa League qualifying
2022-08-18,UEFA,UEFA 2nd Division,2,2022–23,Dnipro-1,AEK Larnaca,1-2,A,Continental,Wikipedia,2022–23 UEFA Europa League qualifying
2022-08-18,UEFA,UEFA 2nd Division,2,2022–23,Ferencváros,Shamrock Rovers,4-0,H,Continental,Wikipedia,2022–23 UEFA Europa League qualifying
2022-08-18,UEFA,UEFA 2nd Division,2,2022–23,Gent,Omonia,0-2,A,Continental,Wikipedia,2022–23 UEFA Europa League qualifying
2022-08-18,UEFA,UEFA 2nd Division,2,2022–23,HJK,Silkeborg,1-0,H,Continental,Wikipedia,2022–23 UEFA Europa League qualifying
2022-08-18,UEFA,UEFA 2nd Division,2,2022–23,Ludogorets Razgrad,Žalgiris,1-0,H,Continental,Wikipedia,2022–23 UEFA Europa League qualifying
2022-08-18,UEFA,UEFA 2nd Division,2,2022–23,Malmö FF,Sivasspor,3-1,H,Continental,Wikipedia,2022–23 UEFA Europa League qualifying
2022-08-18,UEFA,UEFA 2nd Division,2,2022–23,Pyunik,Sheriff Tiraspol,0-0,D,Continental,Wikipedia,2022–23 UEFA Europa League qualifying
2022-08-18,UEFA,UEFA 2nd Division,2,2022–23,Zürich,Heart of Midlothian,2-1,H,Continental,Wikipedia,2022–23 UEFA Europa League qualifying
2022-08-25,UEFA,UEFA 2nd Division,2,2022–23,AEK Larnaca,Dnipro-1,3-0,H,Continental,Wikipedia,2022–23 UEFA Europa League qualifying
2022-08-25,UEFA,UEFA 2nd Division,2,2022–23,Fenerbahçe,Austria Wien,4-1,H,Continental,Wikipedia,2022–23 UEFA Europa League qualifying
2022-08-25,UEFA,UEFA 2nd Division,2,2022–23,Heart of Midlothian,Zürich,0-1,A,Continental,Wikipedia,2022–23 UEFA Europa League qualifying
2022-08-25,UEFA,UEFA 2nd Division,2,2022–23,Olympiacos,Apollon Limassol,1-1,D,Continental,Wikipedia,2022–23 UEFA Europa League qualifying
2022-08-25,UEFA,UEFA 2nd Division,2,2022–23,Omonia,Gent,2-0,H,Continental,Wikipedia,2022–23 UEFA Europa League qualifying
2022-08-25,UEFA,UEFA 2nd Division,2,2022–23,Shamrock Rovers,Ferencváros,1-0,H,Continental,Wikipedia,2022–23 UEFA Europa League qualifying
2022-08-25,UEFA,UEFA 2nd Division,2,2022–23,Sheriff Tiraspol,Pyunik,0-0,D,Continental,Wikipedia,2022–23 UEFA Europa League qualifying
2022-08-25,UEFA,UEFA 2nd Division,2,2022–23,Silkeborg,HJK,1-1,D,Continental,Wikipedia,2022–23 UEFA Europa League qualifying
2022-08-25,UEFA,UEFA 2nd Division,2,2022–23,Sivasspor,Malmö FF,0-2,A,Continental,Wikipedia,2022–23 UEFA Europa League qualifying
2022-08-25,UEFA,UEFA 2nd Division,2,2022–23,Žalgiris,Ludogorets Razgrad,3-3,D,Continental,Wikipedia,2022–23 UEFA Europa League qualifying
2022-09-08,UEFA,UEFA 2nd Division,2,2022–23,AEK Larnaca,Rennes,1-2,A,Continental,Wikipedia,2022–23 UEFA Europa League group stage
2022-09-08,UEFA,UEFA 2nd Division,2,2022–23,Fenerbahçe,Dynamo Kyiv,2-1,H,Continental,Wikipedia,2022–23 UEFA Europa League group stage
2022-09-08,UEFA,UEFA 2nd Division,2,2022–23,Ferencváros,Trabzonspor,3-2,H,Continental,Wikipedia,2022–23 UEFA Europa League group stage
2022-09-08,UEFA,UEFA 2nd Division,2,2022–23,HJK,Real Betis,0-2,A,Continental,Wikipedia,2022–23 UEFA Europa League group stage
2022-09-08,UEFA,UEFA 2nd Division,2,2022–23,Lazio,Feyenoord,4-2,H,Continental,Wikipedia,2022–23 UEFA Europa League group stage
2022-09-08,UEFA,UEFA 2nd Division,2,2022–23,Ludogorets Razgrad,Roma,2-1,H,Continental,Wikipedia,2022–23 UEFA Europa League group stage
2022-09-08,UEFA,UEFA 2nd Division,2,2022–23,Malmö FF,Braga,0-2,A,Continental,Wikipedia,2022–23 UEFA Europa League group stage
2022-09-08,UEFA,UEFA 2nd Division,2,2022–23,Manchester United,Real Sociedad,0-1,A,Continental,Wikipedia,2022–23 UEFA Europa League group stage
2022-09-08,UEFA,UEFA 2nd Division,2,2022–23,Nantes,Olympiacos,2-1,H,Continental,Wikipedia,2022–23 UEFA Europa League group stage
2022-09-08,UEFA,UEFA 2nd Division,2,2022–23,Omonia,Sheriff Tiraspol,0-3,A,Continental,Wikipedia,2022–23 UEFA Europa League group stage
2022-09-08,UEFA,UEFA 2nd Division,2,2022–23,PSV Eindhoven,Bodø/Glimt,1-1,D,Continental,Wikipedia,2022–23 UEFA Europa League group stage
2022-09-08,UEFA,UEFA 2nd Division,2,2022–23,Red Star Belgrade,Monaco,0-1,A,Continental,Wikipedia,2022–23 UEFA Europa League group stage
2022-09-08,UEFA,UEFA 2nd Division,2,2022–23,SC Freiburg,Qarabağ,2-1,H,Continental,Wikipedia,2022–23 UEFA Europa League group stage
2022-09-08,UEFA,UEFA 2nd Division,2,2022–23,Sturm Graz,Midtjylland,1-0,H,Continental,Wikipedia,2022–23 UEFA Europa League group stage
2022-09-08,UEFA,UEFA 2nd Division,2,2022–23,Union Berlin,Union Saint-Gilloise,0-1,A,Continental,Wikipedia,2022–23 UEFA Europa League group stage
2022-09-08,UEFA,UEFA 2nd Division,2,2022–23,Zürich,Arsenal,1-2,A,Continental,Wikipedia,2022–23 UEFA Europa League group stage
2022-09-15,UEFA,UEFA 2nd Division,2,2022–23,Bodø/Glimt,Zürich,2-1,H,Continental,Wikipedia,2022–23 UEFA Europa League group stage
2022-09-15,UEFA,UEFA 2nd Division,2,2022–23,Braga,Union Berlin,1-0,H,Continental,Wikipedia,2022–23 UEFA Europa League group stage
2022-09-15,UEFA,UEFA 2nd Division,2,2022–23,Dynamo Kyiv,AEK Larnaca,0-1,A,Continental,Wikipedia,2022–23 UEFA Europa League group stage
2022-09-15,UEFA,UEFA 2nd Division,2,2022–23,Feyenoord,Sturm Graz,6-0,H,Continental,Wikipedia,2022–23 UEFA Europa League group stage
2022-09-15,UEFA,UEFA 2nd Division,2,2022–23,Midtjylland,Lazio,5-1,H,Continental,Wikipedia,2022–23 UEFA Europa League group stage
2022-09-15,UEFA,UEFA 2nd Division,2,2022–23,Monaco,Ferencváros,0-1,A,Continental,Wikipedia,2022–23 UEFA Europa League group stage
2022-09-15,UEFA,UEFA 2nd Division,2,2022–23,Olympiacos,SC Freiburg,0-3,A,Continental,Wikipedia,2022–23 UEFA Europa League group stage
2022-09-15,UEFA,UEFA 2nd Division,2,2022–23,Qarabağ,Nantes,3-0,H,Continental,Wikipedia,2022–23 UEFA Europa League group stage
2022-09-15,UEFA,UEFA 2nd Division,2,2022–23,Real Betis,Ludogorets Razgrad,3-2,H,Continental,Wikipedia,2022–23 UEFA Europa League group stage
2022-09-15,UEFA,UEFA 2nd Division,2,2022–23,Real Sociedad,Omonia,2-1,H,Continental,Wikipedia,2022–23 UEFA Europa League group stage
2022-09-15,UEFA,UEFA 2nd Division,2,2022–23,Rennes,Fenerbahçe,2-2,D,Continental,Wikipedia,2022–23 UEFA Europa League group stage
2022-09-15,UEFA,UEFA 2nd Division,2,2022–23,Roma,HJK,3-0,H,Continental,Wikipedia,2022–23 UEFA Europa League group stage
2022-09-15,UEFA,UEFA 2nd Division,2,2022–23,Sheriff Tiraspol,Manchester United,0-2,A,Continental,Wikipedia,2022–23 UEFA Europa League group stage
2022-09-15,UEFA,UEFA 2nd Division,2,2022–23,Trabzonspor,Red Star Belgrade,2-1,H,Continental,Wikipedia,2022–23 UEFA Europa League group stage
2022-09-15,UEFA,UEFA 2nd Division,2,2022–23,Union Saint-Gilloise,Malmö FF,3-2,H,Continental,Wikipedia,2022–23 UEFA Europa League group stage
2022-10-06,UEFA,UEFA 2nd Division,2,2022–23,Arsenal,Bodø/Glimt,3-0,H,Continental,Wikipedia,2022–23 UEFA Europa League group stage
2022-10-06,UEFA,UEFA 2nd Division,2,2022–23,Braga,Union Saint-Gilloise,1-2,A,Continental,Wikipedia,2022–23 UEFA Europa League group stage
2022-10-06,UEFA,UEFA 2nd Division,2,2022–23,Fenerbahçe,AEK Larnaca,2-0,H,Continental,Wikipedia,2022–23 UEFA Europa League group stage
2022-10-06,UEFA,UEFA 2nd Division,2,2022–23,HJK,Ludogorets Razgrad,1-1,D,Continental,Wikipedia,2022–23 UEFA Europa League group stage
2022-10-06,UEFA,UEFA 2nd Division,2,2022–23,Malmö FF,Union Berlin,0-1,A,Continental,Wikipedia,2022–23 UEFA Europa League group stage
2022-10-06,UEFA,UEFA 2nd Division,2,2022–23,Midtjylland,Feyenoord,2-2,D,Continental,Wikipedia,2022–23 UEFA Europa League group stage
2022-10-06,UEFA,UEFA 2nd Division,2,2022–23,Monaco,Trabzonspor,3-1,H,Continental,Wikipedia,2022–23 UEFA Europa League group stage
2022-10-06,UEFA,UEFA 2nd Division,2,2022–23,Olympiacos,Qarabağ,0-3,A,Continental,Wikipedia,2022–23 UEFA Europa League group stage
2022-10-06,UEFA,UEFA 2nd Division,2,2022–23,Omonia,Manchester United,2-3,A,Continental,Wikipedia,2022–23 UEFA Europa League group stage
2022-10-06,UEFA,UEFA 2nd Division,2,2022–23,Red Star Belgrade,Ferencváros,4-1,H,Continental,Wikipedia,2022–23 UEFA Europa League group stage
2022-10-06,UEFA,UEFA 2nd Division,2,2022–23,Rennes,Dynamo Kyiv,2-1,H,Continental,Wikipedia,2022–23 UEFA Europa League group stage
2022-10-06,UEFA,UEFA 2nd Division,2,2022–23,Roma,Real Betis,1-2,A,Continental,Wikipedia,2022–23 UEFA Europa League group stage
2022-10-06,UEFA,UEFA 2nd Division,2,2022–23,SC Freiburg,Nantes,2-0,H,Continental,Wikipedia,2022–23 UEFA Europa League group stage
2022-10-06,UEFA,UEFA 2nd Division,2,2022–23,Sheriff Tiraspol,Real Sociedad,0-2,A,Continental,Wikipedia,2022–23 UEFA Europa League group stage
2022-10-06,UEFA,UEFA 2nd Division,2,2022–23,Sturm Graz,Lazio,0-0,D,Continental,Wikipedia,2022–23 UEFA Europa League group stage
2022-10-06,UEFA,UEFA 2nd Division,2,2022–23,Zürich,PSV Eindhoven,1-5,A,Continental,Wikipedia,2022–23 UEFA Europa League group stage
2022-10-13,UEFA,UEFA 2nd Division,2,2022–23,AEK Larnaca,Fenerbahçe,1-2,A,Continental,Wikipedia,2022–23 UEFA Europa League group stage
2022-10-13,UEFA,UEFA 2nd Division,2,2022–23,Bodø/Glimt,Arsenal,0-1,A,Continental,Wikipedia,2022–23 UEFA Europa League group stage
2022-10-13,UEFA,UEFA 2nd Division,2,2022–23,Dynamo Kyiv,Rennes,0-1,A,Continental,Wikipedia,2022–23 UEFA Europa League group stage
2022-10-13,UEFA,UEFA 2nd Division,2,2022–23,Ferencváros,Red Star Belgrade,2-1,H,Continental,Wikipedia,2022–23 UEFA Europa League group stage
2022-10-13,UEFA,UEFA 2nd Division,2,2022–23,Feyenoord,Midtjylland,2-2,D,Continental,Wikipedia,2022–23 UEFA Europa League group stage
2022-10-13,UEFA,UEFA 2nd Division,2,2022–23,Lazio,Sturm Graz,2-2,D,Continental,Wikipedia,2022–23 UEFA Europa League group stage
2022-10-13,UEFA,UEFA 2nd Division,2,2022–23,Ludogorets Razgrad,HJK,2-0,H,Continental,Wikipedia,2022–23 UEFA Europa League group stage
2022-10-13,UEFA,UEFA 2nd Division,2,2022–23,Manchester United,Omonia,1-0,H,Continental,Wikipedia,2022–23 UEFA Europa League group stage
2022-10-13,UEFA,UEFA 2nd Division,2,2022–23,Nantes,SC Freiburg,0-4,A,Continental,Wikipedia,2022–23 UEFA Europa League group stage
2022-10-13,UEFA,UEFA 2nd Division,2,2022–23,PSV Eindhoven,Zürich,5-0,H,Continental,Wikipedia,2022–23 UEFA Europa League group stage
2022-10-13,UEFA,UEFA 2nd Division,2,2022–23,Qarabağ,Olympiacos,0-0,D,Continental,Wikipedia,2022–23 UEFA Europa League group stage
2022-10-13,UEFA,UEFA 2nd Division,2,2022–23,Real Betis,Roma,1-1,D,Continental,Wikipedia,2022–23 UEFA Europa League group stage
2022-10-13,UEFA,UEFA 2nd Division,2,2022–23,Real Sociedad,Sheriff Tiraspol,3-0,H,Continental,Wikipedia,2022–23 UEFA Europa League group stage
2022-10-13,UEFA,UEFA 2nd Division,2,2022–23,Trabzonspor,Monaco,4-0,H,Continental,Wikipedia,2022–23 UEFA Europa League group stage
2022-10-13,UEFA,UEFA 2nd Division,2,2022–23,Union Berlin,Malmö FF,1-0,H,Continental,Wikipedia,2022–23 UEFA Europa League group stage
2022-10-13,UEFA,UEFA 2nd Division,2,2022–23,Union Saint-Gilloise,Braga,3-3,D,Continental,Wikipedia,2022–23 UEFA Europa League group stage
2022-10-20,UEFA,UEFA 2nd Division,2,2022–23,Arsenal,PSV Eindhoven,1-0,H,Continental,Wikipedia,2022–23 UEFA Europa League group stage
2022-10-27,UEFA,UEFA 2nd Division,2,2022–23,AEK Larnaca,Dynamo Kyiv,3-3,D,Continental,Wikipedia,2022–23 UEFA Europa League group stage
2022-10-27,UEFA,UEFA 2nd Division,2,2022–23,Fenerbahçe,Rennes,3-3,D,Continental,Wikipedia,2022–23 UEFA Europa League group stage
2022-10-27,UEFA,UEFA 2nd Division,2,2022–23,Ferencváros,Monaco,1-1,D,Continental,Wikipedia,2022–23 UEFA Europa League group stage
2022-10-27,UEFA,UEFA 2nd Division,2,2022–23,HJK,Roma,1-2,A,Continental,Wikipedia,2022–23 UEFA Europa League group stage
2022-10-27,UEFA,UEFA 2nd Division,2,2022–23,Lazio,Midtjylland,2-1,H,Continental,Wikipedia,2022–23 UEFA Europa League group stage
2022-10-27,UEFA,UEFA 2nd Division,2,2022–23,Ludogorets Razgrad,Real Betis,0-1,A,Continental,Wikipedia,2022–23 UEFA Europa League group stage
2022-10-27,UEFA,UEFA 2nd Division,2,2022–23,Malmö FF,Union Saint-Gilloise,0-2,A,Continental,Wikipedia,2022–23 UEFA Europa League group stage
2022-10-27,UEFA,UEFA 2nd Division,2,2022–23,Manchester United,Sheriff Tiraspol,3-0,H,Continental,Wikipedia,2022–23 UEFA Europa League group stage
2022-10-27,UEFA,UEFA 2nd Division,2,2022–23,Nantes,Qarabağ,2-1,H,Continental,Wikipedia,2022–23 UEFA Europa League group stage
2022-10-27,UEFA,UEFA 2nd Division,2,2022–23,Omonia,Real Sociedad,0-2,A,Continental,Wikipedia,2022–23 UEFA Europa League group stage
2022-10-27,UEFA,UEFA 2nd Division,2,2022–23,PSV Eindhoven,Arsenal,2-0,H,Continental,Wikipedia,2022–23 UEFA Europa League group stage
2022-10-27,UEFA,UEFA 2nd Division,2,2022–23,Red Star Belgrade,Trabzonspor,2-1,H,Continental,Wikipedia,2022–23 UEFA Europa League group stage
2022-10-27,UEFA,UEFA 2nd Division,2,2022–23,SC Freiburg,Olympiacos,1-1,D,Continental,Wikipedia,2022–23 UEFA Europa League group stage
2022-10-27,UEFA,UEFA 2nd Division,2,2022–23,Sturm Graz,Feyenoord,1-0,H,Continental,Wikipedia,2022–23 UEFA Europa League group stage
2022-10-27,UEFA,UEFA 2nd Division,2,2022–23,Union Berlin,Braga,1-0,H,Continental,Wikipedia,2022–23 UEFA Europa League group stage
2022-10-27,UEFA,UEFA 2nd Division,2,2022–23,Zürich,Bodø/Glimt,2-1,H,Continental,Wikipedia,2022–23 UEFA Europa League group stage
2022-11-03,UEFA,UEFA 2nd Division,2,2022–23,Arsenal,Zürich,1-0,H,Continental,Wikipedia,2022–23 UEFA Europa League group stage
2022-11-03,UEFA,UEFA 2nd Division,2,2022–23,Bodø/Glimt,PSV Eindhoven,1-2,A,Continental,Wikipedia,2022–23 UEFA Europa League group stage
2022-11-03,UEFA,UEFA 2nd Division,2,2022–23,Braga,Malmö FF,2-1,H,Continental,Wikipedia,2022–23 UEFA Europa League group stage
2022-11-03,UEFA,UEFA 2nd Division,2,2022–23,Dynamo Kyiv,Fenerbahçe,0-2,A,Continental,Wikipedia,2022–23 UEFA Europa League group stage
2022-11-03,UEFA,UEFA 2nd Division,2,2022–23,Feyenoord,Lazio,1-0,H,Continental,Wikipedia,2022–23 UEFA Europa League group stage
2022-11-03,UEFA,UEFA 2nd Division,2,2022–23,Midtjylland,Sturm Graz,2-0,H,Continental,Wikipedia,2022–23 UEFA Europa League group stage
2022-11-03,UEFA,UEFA 2nd Division,2,2022–23,Monaco,Red Star Belgrade,4-1,H,Continental,Wikipedia,2022–23 UEFA Europa League group stage
2022-11-03,UEFA,UEFA 2nd Division,2,2022–23,Olympiacos,Nantes,0-2,A,Continental,Wikipedia,2022–23 UEFA Europa League group stage
2022-11-03,UEFA,UEFA 2nd Division,2,2022–23,Qarabağ,SC Freiburg,1-1,D,Continental,Wikipedia,2022–23 UEFA Europa League group stage
2022-11-03,UEFA,UEFA 2nd Division,2,2022–23,Real Betis,HJK,3-0,H,Continental,Wikipedia,2022–23 UEFA Europa League group stage
2022-11-03,UEFA,UEFA 2nd Division,2,2022–23,Real Sociedad,Manchester United,0-1,A,Continental,Wikipedia,2022–23 UEFA Europa League group stage
2022-11-03,UEFA,UEFA 2nd Division,2,2022–23,Rennes,AEK Larnaca,1-1,D,Continental,Wikipedia,2022–23 UEFA Europa League group stage
2022-11-03,UEFA,UEFA 2nd Division,2,2022–23,Roma,Ludogorets Razgrad,3-1,H,Continental,Wikipedia,2022–23 UEFA Europa League group stage
2022-11-03,UEFA,UEFA 2nd Division,2,2022–23,Sheriff Tiraspol,Omonia,1-0,H,Continental,Wikipedia,2022–23 UEFA Europa League group stage
2022-11-03,UEFA,UEFA 2nd Division,2,2022–23,Trabzonspor,Ferencváros,1-0,H,Continental,Wikipedia,2022–23 UEFA Europa League group stage
2022-11-03,UEFA,UEFA 2nd Division,2,2022–23,Union Saint-Gilloise,Union Berlin,0-1,A,Continental,Wikipedia,2022–23 UEFA Europa League group stage
2023-02-16,UEFA,UEFA 2nd Division,2,2022–23,Ajax,Union Berlin,0-0,D,Continental,Wikipedia,2022–23 UEFA Europa League knockout phase
2023-02-16,UEFA,UEFA 2nd Division,2,2022–23,Barcelona,Manchester United,2-2,D,Continental,Wikipedia,2022–23 UEFA Europa League knockout phase
2023-02-16,UEFA,UEFA 2nd Division,2,2022–23,Bayer Leverkusen,Monaco,2-3,A,Continental,Wikipedia,2022–23 UEFA Europa League knockout phase
2023-02-16,UEFA,UEFA 2nd Division,2,2022–23,Juventus,Nantes,1-1,D,Continental,Wikipedia,2022–23 UEFA Europa League knockout phase
2023-02-16,UEFA,UEFA 2nd Division,2,2022–23,Red Bull Salzburg,Roma,1-0,H,Continental,Wikipedia,2022–23 UEFA Europa League knockout phase
2023-02-16,UEFA,UEFA 2nd Division,2,2022–23,Sevilla,PSV Eindhoven,3-0,H,Continental,Wikipedia,2022–23 UEFA Europa League knockout phase
2023-02-16,UEFA,UEFA 2nd Division,2,2022–23,Shakhtar Donetsk,Rennes,2-1,H,Continental,Wikipedia,2022–23 UEFA Europa League knockout phase
2023-02-16,UEFA,UEFA 2nd Division,2,2022–23,Sporting CP,Midtjylland,1-1,D,Continental,Wikipedia,2022–23 UEFA Europa League knockout phase
2023-02-23,UEFA,UEFA 2nd Division,2,2022–23,Manchester United,Barcelona,2-1,H,Continental,Wikipedia,2022–23 UEFA Europa League knockout phase
2023-02-23,UEFA,UEFA 2nd Division,2,2022–23,Midtjylland,Sporting CP,0-4,A,Continental,Wikipedia,2022–23 UEFA Europa League knockout phase
2023-02-23,UEFA,UEFA 2nd Division,2,2022–23,Monaco,Bayer Leverkusen,2-3,A,Continental,Wikipedia,2022–23 UEFA Europa League knockout phase
2023-02-23,UEFA,UEFA 2nd Division,2,2022–23,Nantes,Juventus,0-3,A,Continental,Wikipedia,2022–23 UEFA Europa League knockout phase
2023-02-23,UEFA,UEFA 2nd Division,2,2022–23,PSV Eindhoven,Sevilla,2-0,H,Continental,Wikipedia,2022–23 UEFA Europa League knockout phase
2023-02-23,UEFA,UEFA 2nd Division,2,2022–23,Rennes,Shakhtar Donetsk,2-1,H,Continental,Wikipedia,2022–23 UEFA Europa League knockout phase
2023-02-23,UEFA,UEFA 2nd Division,2,2022–23,Roma,Red Bull Salzburg,2-0,H,Continental,Wikipedia,2022–23 UEFA Europa League knockout phase
2023-02-23,UEFA,UEFA 2nd Division,2,2022–23,Union Berlin,Ajax,3-1,H,Continental,Wikipedia,2022–23 UEFA Europa League knockout phase
2023-03-09,UEFA,UEFA 2nd Division,2,2022–23,Bayer Leverkusen,Ferencváros,2-0,H,Continental,Wikipedia,2022–23 UEFA Europa League knockout phase
2023-03-09,UEFA,UEFA 2nd Division,2,2022–23,Juventus,SC Freiburg,1-0,H,Continental,Wikipedia,2022–23 UEFA Europa League knockout phase
2023-03-09,UEFA,UEFA 2nd Division,2,2022–23,Manchester United,Real Betis,4-1,H,Continental,Wikipedia,2022–23 UEFA Europa League knockout phase
2023-03-09,UEFA,UEFA 2nd Division,2,2022–23,Roma,Real Sociedad,2-0,H,Continental,Wikipedia,2022–23 UEFA Europa League knockout phase
2023-03-09,UEFA,UEFA 2nd Division,2,2022–23,Sevilla,Fenerbahçe,2-0,H,Continental,Wikipedia,2022–23 UEFA Europa League knockout phase
2023-03-09,UEFA,UEFA 2nd Division,2,2022–23,Shakhtar Donetsk,Feyenoord,1-1,D,Continental,Wikipedia,2022–23 UEFA Europa League knockout phase
2023-03-09,UEFA,UEFA 2nd Division,2,2022–23,Sporting CP,Arsenal,2-2,D,Continental,Wikipedia,2022–23 UEFA Europa League knockout phase
2023-03-09,UEFA,UEFA 2nd Division,2,2022–23,Union Berlin,Union Saint-Gilloise,3-3,D,Continental,Wikipedia,2022–23 UEFA Europa League knockout phase
2023-03-16,UEFA,UEFA 2nd Division,2,2022–23,Arsenal,Sporting CP,1-1,D,Continental,Wikipedia,2022–23 UEFA Europa League knockout phase
2023-03-16,UEFA,UEFA 2nd Division,2,2022–23,Fenerbahçe,Sevilla,1-0,H,Continental,Wikipedia,2022–23 UEFA Europa League knockout phase
2023-03-16,UEFA,UEFA 2nd Division,2,2022–23,Ferencváros,Bayer Leverkusen,0-2,A,Continental,Wikipedia,2022–23 UEFA Europa League knockout phase
2023-03-16,UEFA,UEFA 2nd Division,2,2022–23,Feyenoord,Shakhtar Donetsk,7-1,H,Continental,Wikipedia,2022–23 UEFA Europa League knockout phase
2023-03-16,UEFA,UEFA 2nd Division,2,2022–23,Real Betis,Manchester United,0-1,A,Continental,Wikipedia,2022–23 UEFA Europa League knockout phase
2023-03-16,UEFA,UEFA 2nd Division,2,2022–23,Real Sociedad,Roma,0-0,D,Continental,Wikipedia,2022–23 UEFA Europa League knockout phase
2023-03-16,UEFA,UEFA 2nd Division,2,2022–23,SC Freiburg,Juventus,0-2,A,Continental,Wikipedia,2022–23 UEFA Europa League knockout phase
2023-03-16,UEFA,UEFA 2nd Division,2,2022–23,Union Saint-Gilloise,Union Berlin,3-0,H,Continental,Wikipedia,2022–23 UEFA Europa League knockout phase
2023-04-13,UEFA,UEFA 2nd Division,2,2022–23,Bayer Leverkusen,Union Saint-Gilloise,1-1,D,Continental,Wikipedia,2022–23 UEFA Europa League knockout phase
2023-04-13,UEFA,UEFA 2nd Division,2,2022–23,Feyenoord,Roma,1-0,H,Continental,Wikipedia,2022–23 UEFA Europa League knockout phase
2023-04-13,UEFA,UEFA 2nd Division,2,2022–23,Juventus,Sporting CP,1-0,H,Continental,Wikipedia,2022–23 UEFA Europa League knockout phase
2023-04-13,UEFA,UEFA 2nd Division,2,2022–23,Manchester United,Sevilla,2-2,D,Continental,Wikipedia,2022–23 UEFA Europa League knockout phase
2023-04-20,UEFA,UEFA 2nd Division,2,2022–23,Roma,Feyenoord,4-1,H,Continental,Wikipedia,2022–23 UEFA Europa League knockout phase
2023-04-20,UEFA,UEFA 2nd Division,2,2022–23,Sevilla,Manchester United,3-0,H,Continental,Wikipedia,2022–23 UEFA Europa League knockout phase
2023-04-20,UEFA,UEFA 2nd Division,2,2022–23,Sporting CP,Juventus,1-1,D,Continental,Wikipedia,2022–23 UEFA Europa League knockout phase
2023-04-20,UEFA,UEFA 2nd Division,2,2022–23,Union Saint-Gilloise,Bayer Leverkusen,1-4,A,Continental,Wikipedia,2022–23 UEFA Europa League knockout phase
2023-05-11,UEFA,UEFA 2nd Division,2,2022–23,Juventus,Sevilla,1-1,D,Continental,Wikipedia,2022–23 UEFA Europa League knockout phase
2023-05-11,UEFA,UEFA 2nd Division,2,2022–23,Roma,Bayer Leverkusen,1-0,H,Continental,Wikipedia,2022–23 UEFA Europa League knockout phase
2023-05-18,UEFA,UEFA 2nd Division,2,2022–23,Bayer Leverkusen,Roma,0-0,D,Continental,Wikipedia,2022–23 UEFA Europa League knockout phase
2023-05-18,UEFA,UEFA 2nd Division,2,2022–23,Sevilla,Juventus,2-1,H,Continental,Wikipedia,2022–23 UEFA Europa League knockout phase
2023-08-08,UEFA,UEFA 2nd Division,2,2023–24,Astana,Ludogorets Razgrad,2-1,H,Continental,Wikipedia,2023–24 UEFA Europa League qualifying
2023-08-10,UEFA,UEFA 2nd Division,2,2023–24,Olympiacos,Genk,1-0,H,Continental,Wikipedia,2023–24 UEFA Europa League qualifying
2023-08-10,UEFA,UEFA 2nd Division,2,2023–24,Qarabağ,HJK,2-1,H,Continental,Wikipedia,2023–24 UEFA Europa League qualifying
2023-08-10,UEFA,UEFA 2nd Division,2,2023–24,Sheriff Tiraspol,BATE Borisov,5-1,H,Continental,Wikipedia,2023–24 UEFA Europa League qualifying
2023-08-10,UEFA,UEFA 2nd Division,2,2023–24,Slavia Prague,Dnipro-1,3-0,H,Continental,Wikipedia,2023–24 UEFA Europa League qualifying
2023-08-10,UEFA,UEFA 2nd Division,2,2023–24,Zrinjski Mostar,Breiðablik,6-2,H,Continental,Wikipedia,2023–24 UEFA Europa League qualifying
2023-08-10,UEFA,UEFA 2nd Division,2,2023–24,Žalgiris,BK Häcken,1-3,A,Continental,Wikipedia,2023–24 UEFA Europa League qualifying
2023-08-17,UEFA,UEFA 2nd Division,2,2023–24,BATE Borisov,Sheriff Tiraspol,2-2,D,Continental,Wikipedia,2023–24 UEFA Europa League qualifying
2023-08-17,UEFA,UEFA 2nd Division,2,2023–24,BK Häcken,Žalgiris,5-0,H,Continental,Wikipedia,2023–24 UEFA Europa League qualifying
2023-08-17,UEFA,UEFA 2nd Division,2,2023–24,Breiðablik,Zrinjski Mostar,1-0,H,Continental,Wikipedia,2023–24 UEFA Europa League qualifying
2023-08-17,UEFA,UEFA 2nd Division,2,2023–24,Dnipro-1,Slavia Prague,1-1,D,Continental,Wikipedia,2023–24 UEFA Europa League qualifying
2023-08-17,UEFA,UEFA 2nd Division,2,2023–24,Genk,Olympiacos,1-1,D,Continental,Wikipedia,2023–24 UEFA Europa League qualifying
2023-08-17,UEFA,UEFA 2nd Division,2,2023–24,HJK,Qarabağ,1-2,A,Continental,Wikipedia,2023–24 UEFA Europa League qualifying
2023-08-17,UEFA,UEFA 2nd Division,2,2023–24,Ludogorets Razgrad,Astana,5-1,H,Continental,Wikipedia,2023–24 UEFA Europa League qualifying
2023-08-24,UEFA,UEFA 2nd Division,2,2023–24,BK Häcken,Aberdeen,2-2,D,Continental,Wikipedia,2023–24 UEFA Europa League qualifying
2023-08-24,UEFA,UEFA 2nd Division,2,2023–24,Dinamo Zagreb,Sparta Prague,3-1,H,Continental,Wikipedia,2023–24 UEFA Europa League qualifying
2023-08-24,UEFA,UEFA 2nd Division,2,2023–24,KÍ,Sheriff Tiraspol,1-1,D,Continental,Wikipedia,2023–24 UEFA Europa League qualifying
2023-08-24,UEFA,UEFA 2nd Division,2,2023–24,LASK,Zrinjski Mostar,2-1,H,Continental,Wikipedia,2023–24 UEFA Europa League qualifying
2023-08-24,UEFA,UEFA 2nd Division,2,2023–24,Ludogorets Razgrad,Ajax,1-4,A,Continental,Wikipedia,2023–24 UEFA Europa League qualifying
2023-08-24,UEFA,UEFA 2nd Division,2,2023–24,Olimpija Ljubljana,Qarabağ,0-2,A,Continental,Wikipedia,2023–24 UEFA Europa League qualifying
2023-08-24,UEFA,UEFA 2nd Division,2,2023–24,Olympiacos,Čukarički,3-1,H,Continental,Wikipedia,2023–24 UEFA Europa League qualifying
2023-08-24,UEFA,UEFA 2nd Division,2,2023–24,Slavia Prague,Zorya Luhansk,2-0,H,Continental,Wikipedia,2023–24 UEFA Europa League qualifying
2023-08-24,UEFA,UEFA 2nd Division,2,2023–24,Slovan Bratislava,Aris Limassol,2-1,H,Continental,Wikipedia,2023–24 UEFA Europa League qualifying
2023-08-24,UEFA,UEFA 2nd Division,2,2023–24,Union Saint-Gilloise,Lugano,2-0,H,Continental,Wikipedia,2023–24 UEFA Europa League qualifying
2023-08-31,UEFA,UEFA 2nd Division,2,2023–24,Aberdeen,BK Häcken,1-3,A,Continental,Wikipedia,2023–24 UEFA Europa League qualifying
2023-08-31,UEFA,UEFA 2nd Division,2,2023–24,Ajax,Ludogorets Razgrad,0-1,A,Continental,Wikipedia,2023–24 UEFA Europa League qualifying
2023-08-31,UEFA,UEFA 2nd Division,2,2023–24,Aris Limassol,Slovan Bratislava,6-2,H,Continental,Wikipedia,2023–24 UEFA Europa League qualifying
2023-08-31,UEFA,UEFA 2nd Division,2,2023–24,Lugano,Union Saint-Gilloise,0-1,A,Continental,Wikipedia,2023–24 UEFA Europa League qualifying
2023-08-31,UEFA,UEFA 2nd Division,2,2023–24,Qarabağ,Olimpija Ljubljana,1-1,D,Continental,Wikipedia,2023–24 UEFA Europa League qualifying
2023-08-31,UEFA,UEFA 2nd Division,2,2023–24,Sheriff Tiraspol,KÍ,2-1,H,Continental,Wikipedia,2023–24 UEFA Europa League qualifying
2023-08-31,UEFA,UEFA 2nd Division,2,2023–24,Sparta Prague,Dinamo Zagreb,4-1,H,Continental,Wikipedia,2023–24 UEFA Europa League qualifying
2023-08-31,UEFA,UEFA 2nd Division,2,2023–24,Zorya Luhansk,Slavia Prague,2-1,H,Continental,Wikipedia,2023–24 UEFA Europa League qualifying
2023-08-31,UEFA,UEFA 2nd Division,2,2023–24,Zrinjski Mostar,LASK,1-1,D,Continental,Wikipedia,2023–24 UEFA Europa League qualifying
2023-08-31,UEFA,UEFA 2nd Division,2,2023–24,Čukarički,Olympiacos,0-3,A,Continental,Wikipedia,2023–24 UEFA Europa League qualifying
2023-09-21,UEFA,UEFA 2nd Division,2,2023–24,Ajax,Marseille,3-3,D,Continental,Wikipedia,2023–24 UEFA Europa League group stage
2023-09-21,UEFA,UEFA 2nd Division,2,2023–24,Atalanta,Raków Częstochowa,2-0,H,Continental,Wikipedia,2023–24 UEFA Europa League group stage
2023-09-21,UEFA,UEFA 2nd Division,2,2023–24,Bayer Leverkusen,BK Häcken,4-0,H,Continental,Wikipedia,2023–24 UEFA Europa League group stage
2023-09-21,UEFA,UEFA 2nd Division,2,2023–24,Brighton & Hove Albion,AEK Athens,2-3,A,Continental,Wikipedia,2023–24 UEFA Europa League group stage
2023-09-21,UEFA,UEFA 2nd Division,2,2023–24,LASK,Liverpool,1-3,A,Continental,Wikipedia,2023–24 UEFA Europa League group stage
2023-09-21,UEFA,UEFA 2nd Division,2,2023–24,Olympiacos,SC Freiburg,2-3,A,Continental,Wikipedia,2023–24 UEFA Europa League group stage
2023-09-21,UEFA,UEFA 2nd Division,2,2023–24,Panathinaikos,Villarreal,2-0,H,Continental,Wikipedia,2023–24 UEFA Europa League group stage
2023-09-21,UEFA,UEFA 2nd Division,2,2023–24,Qarabağ,Molde,1-0,H,Continental,Wikipedia,2023–24 UEFA Europa League group stage
2023-09-21,UEFA,UEFA 2nd Division,2,2023–24,Rangers,Real Betis,1-0,H,Continental,Wikipedia,2023–24 UEFA Europa League group stage
2023-09-21,UEFA,UEFA 2nd Division,2,2023–24,Rennes,Maccabi Haifa,3-0,H,Continental,Wikipedia,2023–24 UEFA Europa League group stage
2023-09-21,UEFA,UEFA 2nd Division,2,2023–24,Servette,Slavia Prague,0-2,A,Continental,Wikipedia,2023–24 UEFA Europa League group stage
2023-09-21,UEFA,UEFA 2nd Division,2,2023–24,Sheriff Tiraspol,Roma,1-2,A,Continental,Wikipedia,2023–24 UEFA Europa League group stage
2023-09-21,UEFA,UEFA 2nd Division,2,2023–24,Sparta Prague,Aris Limassol,3-2,H,Continental,Wikipedia,2023–24 UEFA Europa League group stage
2023-09-21,UEFA,UEFA 2nd Division,2,2023–24,Sturm Graz,Sporting CP,1-2,A,Continental,Wikipedia,2023–24 UEFA Europa League group stage
2023-09-21,UEFA,UEFA 2nd Division,2,2023–24,Union Saint-Gilloise,Toulouse,1-1,D,Continental,Wikipedia,2023–24 UEFA Europa League group stage
2023-09-21,UEFA,UEFA 2nd Division,2,2023–24,West Ham United,TSC,3-1,H,Continental,Wikipedia,2023–24 UEFA Europa League group stage
2023-10-05,UEFA,UEFA 2nd Division,2,2023–24,AEK Athens,Ajax,1-1,D,Continental,Wikipedia,2023–24 UEFA Europa League group stage
2023-10-05,UEFA,UEFA 2nd Division,2,2023–24,Aris Limassol,Rangers,2-1,H,Continental,Wikipedia,2023–24 UEFA Europa League group stage
2023-10-05,UEFA,UEFA 2nd Division,2,2023–24,BK Häcken,Qarabağ,0-1,A,Continental,Wikipedia,2023–24 UEFA Europa League group stage
2023-10-05,UEFA,UEFA 2nd Division,2,2023–24,Liverpool,Union Saint-Gilloise,2-0,H,Continental,Wikipedia,2023–24 UEFA Europa League group stage
2023-10-05,UEFA,UEFA 2nd Division,2,2023–24,Maccabi Haifa,Panathinaikos,0-0,D,Continental,Wikipedia,2023–24 UEFA Europa League group stage
2023-10-05,UEFA,UEFA 2nd Division,2,2023–24,Marseille,Brighton & Hove Albion,2-2,D,Continental,Wikipedia,2023–24 UEFA Europa League group stage
2023-10-05,UEFA,UEFA 2nd Division,2,2023–24,Molde,Bayer Leverkusen,1-2,A,Continental,Wikipedia,2023–24 UEFA Europa League group stage
2023-10-05,UEFA,UEFA 2nd Division,2,2023–24,Raków Częstochowa,Sturm Graz,0-1,A,Continental,Wikipedia,2023–24 UEFA Europa League group stage
2023-10-05,UEFA,UEFA 2nd Division,2,2023–24,Real Betis,Sparta Prague,2-1,H,Continental,Wikipedia,2023–24 UEFA Europa League group stage
2023-10-05,UEFA,UEFA 2nd Division,2,2023–24,Roma,Servette,4-0,H,Continental,Wikipedia,2023–24 UEFA Europa League group stage
2023-10-05,UEFA,UEFA 2nd Division,2,2023–24,SC Freiburg,West Ham United,1-2,A,Continental,Wikipedia,2023–24 UEFA Europa League group stage
2023-10-05,UEFA,UEFA 2nd Division,2,2023–24,Slavia Prague,Sheriff Tiraspol,6-0,H,Continental,Wikipedia,2023–24 UEFA Europa League group stage
2023-10-05,UEFA,UEFA 2nd Division,2,2023–24,Sporting CP,Atalanta,1-2,A,Continental,Wikipedia,2023–24 UEFA Europa League group stage
2023-10-05,UEFA,UEFA 2nd Division,2,2023–24,TSC,Olympiacos,2-2,D,Continental,Wikipedia,2023–24 UEFA Europa League group stage
2023-10-05,UEFA,UEFA 2nd Division,2,2023–24,Toulouse,LASK,1-0,H,Continental,Wikipedia,2023–24 UEFA Europa League group stage
2023-10-05,UEFA,UEFA 2nd Division,2,2023–24,Villarreal,Rennes,1-0,H,Continental,Wikipedia,2023–24 UEFA Europa League group stage
2023-10-26,UEFA,UEFA 2nd Division,2,2023–24,Aris Limassol,Real Betis,0-1,A,Continental,Wikipedia,2023–24 UEFA Europa League group stage
2023-10-26,UEFA,UEFA 2nd Division,2,2023–24,Bayer Leverkusen,Qarabağ,5-1,H,Continental,Wikipedia,2023–24 UEFA Europa League group stage
2023-10-26,UEFA,UEFA 2nd Division,2,2023–24,Brighton & Hove Albion,Ajax,2-0,H,Continental,Wikipedia,2023–24 UEFA Europa League group stage
2023-10-26,UEFA,UEFA 2nd Division,2,2023–24,Liverpool,Toulouse,5-1,H,Continental,Wikipedia,2023–24 UEFA Europa League group stage
2023-10-26,UEFA,UEFA 2nd Division,2,2023–24,Marseille,AEK Athens,3-1,H,Continental,Wikipedia,2023–24 UEFA Europa League group stage
2023-10-26,UEFA,UEFA 2nd Division,2,2023–24,Molde,BK Häcken,5-1,H,Continental,Wikipedia,2023–24 UEFA Europa League group stage
2023-10-26,UEFA,UEFA 2nd Division,2,2023–24,Olympiacos,West Ham United,2-1,H,Continental,Wikipedia,2023–24 UEFA Europa League group stage
2023-10-26,UEFA,UEFA 2nd Division,2,2023–24,Panathinaikos,Rennes,1-2,A,Continental,Wikipedia,2023–24 UEFA Europa League group stage
2023-10-26,UEFA,UEFA 2nd Division,2,2023–24,Raków Częstochowa,Sporting CP,1-1,D,Continental,Wikipedia,2023–24 UEFA Europa League group stage
2023-10-26,UEFA,UEFA 2nd Division,2,2023–24,Roma,Slavia Prague,2-0,H,Continental,Wikipedia,2023–24 UEFA Europa League group stage
2023-10-26,UEFA,UEFA 2nd Division,2,2023–24,Sheriff Tiraspol,Servette,1-1,D,Continental,Wikipedia,2023–24 UEFA Europa League group stage
2023-10-26,UEFA,UEFA 2nd Division,2,2023–24,Sparta Prague,Rangers,0-0,D,Continental,Wikipedia,2023–24 UEFA Europa League group stage
2023-10-26,UEFA,UEFA 2nd Division,2,2023–24,Sturm Graz,Atalanta,2-2,D,Continental,Wikipedia,2023–24 UEFA Europa League group stage
2023-10-26,UEFA,UEFA 2nd Division,2,2023–24,TSC,SC Freiburg,1-3,A,Continental,Wikipedia,2023–24 UEFA Europa League group stage
2023-10-26,UEFA,UEFA 2nd Division,2,2023–24,Union Saint-Gilloise,LASK,2-1,H,Continental,Wikipedia,2023–24 UEFA Europa League group stage
2023-11-09,UEFA,UEFA 2nd Division,2,2023–24,AEK Athens,Marseille,0-2,A,Continental,Wikipedia,2023–24 UEFA Europa League group stage
2023-11-09,UEFA,UEFA 2nd Division,2,2023–24,Ajax,Brighton & Hove Albion,0-2,A,Continental,Wikipedia,2023–24 UEFA Europa League group stage
2023-11-09,UEFA,UEFA 2nd Division,2,2023–24,Atalanta,Sturm Graz,1-0,H,Continental,Wikipedia,2023–24 UEFA Europa League group stage
2023-11-09,UEFA,UEFA 2nd Division,2,2023–24,BK Häcken,Molde,1-3,A,Continental,Wikipedia,2023–24 UEFA Europa League group stage
2023-11-09,UEFA,UEFA 2nd Division,2,2023–24,LASK,Union Saint-Gilloise,3-0,H,Continental,Wikipedia,2023–24 UEFA Europa League group stage
2023-11-09,UEFA,UEFA 2nd Division,2,2023–24,Maccabi Haifa,Villarreal,1-2,A,Continental,Wikipedia,2023–24 UEFA Europa League group stage
2023-11-09,UEFA,UEFA 2nd Division,2,2023–24,Qarabağ,Bayer Leverkusen,0-1,A,Continental,Wikipedia,2023–24 UEFA Europa League group stage
2023-11-09,UEFA,UEFA 2nd Division,2,2023–24,Rangers,Sparta Prague,2-1,H,Continental,Wikipedia,2023–24 UEFA Europa League group stage
2023-11-09,UEFA,UEFA 2nd Division,2,2023–24,Real Betis,Aris Limassol,4-1,H,Continental,Wikipedia,2023–24 UEFA Europa League group stage
2023-11-09,UEFA,UEFA 2nd Division,2,2023–24,Rennes,Panathinaikos,3-1,H,Continental,Wikipedia,2023–24 UEFA Europa League group stage
2023-11-09,UEFA,UEFA 2nd Division,2,2023–24,SC Freiburg,TSC,5-0,H,Continental,Wikipedia,2023–24 UEFA Europa League group stage
2023-11-09,UEFA,UEFA 2nd Division,2,2023–24,Servette,Sheriff Tiraspol,2-1,H,Continental,Wikipedia,2023–24 UEFA Europa League group stage
2023-11-09,UEFA,UEFA 2nd Division,2,2023–24,Slavia Prague,Roma,2-0,H,Continental,Wikipedia,2023–24 UEFA Europa League group stage
2023-11-09,UEFA,UEFA 2nd Division,2,2023–24,Sporting CP,Raków Częstochowa,2-1,H,Continental,Wikipedia,2023–24 UEFA Europa League group stage
2023-11-09,UEFA,UEFA 2nd Division,2,2023–24,Toulouse,Liverpool,3-2,H,Continental,Wikipedia,2023–24 UEFA Europa League group stage
2023-11-09,UEFA,UEFA 2nd Division,2,2023–24,West Ham United,Olympiacos,1-0,H,Continental,Wikipedia,2023–24 UEFA Europa League group stage
2023-11-30,UEFA,UEFA 2nd Division,2,2023–24,AEK Athens,Brighton & Hove Albion,0-1,A,Continental,Wikipedia,2023–24 UEFA Europa League group stage
2023-11-30,UEFA,UEFA 2nd Division,2,2023–24,Atalanta,Sporting CP,1-1,D,Continental,Wikipedia,2023–24 UEFA Europa League group stage
2023-11-30,UEFA,UEFA 2nd Division,2,2023–24,BK Häcken,Bayer Leverkusen,0-2,A,Continental,Wikipedia,2023–24 UEFA Europa League group stage
2023-11-30,UEFA,UEFA 2nd Division,2,2023–24,Liverpool,LASK,4-0,H,Continental,Wikipedia,2023–24 UEFA Europa League group stage
2023-11-30,UEFA,UEFA 2nd Division,2,2023–24,Maccabi Haifa,Rennes,0-3,A,Continental,Wikipedia,2023–24 UEFA Europa League group stage
2023-11-30,UEFA,UEFA 2nd Division,2,2023–24,Marseille,Ajax,4-3,H,Continental,Wikipedia,2023–24 UEFA Europa League group stage
2023-11-30,UEFA,UEFA 2nd Division,2,2023–24,Molde,Qarabağ,2-2,D,Continental,Wikipedia,2023–24 UEFA Europa League group stage
2023-11-30,UEFA,UEFA 2nd Division,2,2023–24,Rangers,Aris Limassol,1-1,D,Continental,Wikipedia,2023–24 UEFA Europa League group stage
2023-11-30,UEFA,UEFA 2nd Division,2,2023–24,SC Freiburg,Olympiacos,5-0,H,Continental,Wikipedia,2023–24 UEFA Europa League group stage
2023-11-30,UEFA,UEFA 2nd Division,2,2023–24,Servette,Roma,1-1,D,Continental,Wikipedia,2023–24 UEFA Europa League group stage
2023-11-30,UEFA,UEFA 2nd Division,2,2023–24,Sheriff Tiraspol,Slavia Prague,2-3,A,Continental,Wikipedia,2023–24 UEFA Europa League group stage
2023-11-30,UEFA,UEFA 2nd Division,2,2023–24,Sparta Prague,Real Betis,1-0,H,Continental,Wikipedia,2023–24 UEFA Europa League group stage
2023-11-30,UEFA,UEFA 2nd Division,2,2023–24,Sturm Graz,Raków Częstochowa,0-1,A,Continental,Wikipedia,2023–24 UEFA Europa League group stage
2023-11-30,UEFA,UEFA 2nd Division,2,2023–24,TSC,West Ham United,0-1,A,Continental,Wikipedia,2023–24 UEFA Europa League group stage
2023-11-30,UEFA,UEFA 2nd Division,2,2023–24,Toulouse,Union Saint-Gilloise,0-0,D,Continental,Wikipedia,2023–24 UEFA Europa League group stage
2023-11-30,UEFA,UEFA 2nd Division,2,2023–24,Villarreal,Panathinaikos,3-2,H,Continental,Wikipedia,2023–24 UEFA Europa League group stage
2023-12-06,UEFA,UEFA 2nd Division,2,2023–24,Villarreal,Maccabi Haifa,0-0,D,Continental,Wikipedia,2023–24 UEFA Europa League group stage
2023-12-14,UEFA,UEFA 2nd Division,2,2023–24,Ajax,AEK Athens,3-1,H,Continental,Wikipedia,2023–24 UEFA Europa League group stage
2023-12-14,UEFA,UEFA 2nd Division,2,2023–24,Aris Limassol,Sparta Prague,1-3,A,Continental,Wikipedia,2023–24 UEFA Europa League group stage
2023-12-14,UEFA,UEFA 2nd Division,2,2023–24,Bayer Leverkusen,Molde,5-1,H,Continental,Wikipedia,2023–24 UEFA Europa League group stage
2023-12-14,UEFA,UEFA 2nd Division,2,2023–24,Brighton & Hove Albion,Marseille,1-0,H,Continental,Wikipedia,2023–24 UEFA Europa League group stage
2023-12-14,UEFA,UEFA 2nd Division,2,2023–24,LASK,Toulouse,1-2,A,Continental,Wikipedia,2023–24 UEFA Europa League group stage
2023-12-14,UEFA,UEFA 2nd Division,2,2023–24,Olympiacos,TSC,5-2,H,Continental,Wikipedia,2023–24 UEFA Europa League group stage
2023-12-14,UEFA,UEFA 2nd Division,2,2023–24,Panathinaikos,Maccabi Haifa,1-2,A,Continental,Wikipedia,2023–24 UEFA Europa League group stage
2023-12-14,UEFA,UEFA 2nd Division,2,2023–24,Qarabağ,BK Häcken,2-1,H,Continental,Wikipedia,2023–24 UEFA Europa League group stage
2023-12-14,UEFA,UEFA 2nd Division,2,2023–24,Raków Częstochowa,Atalanta,0-4,A,Continental,Wikipedia,2023–24 UEFA Europa League group stage
2023-12-14,UEFA,UEFA 2nd Division,2,2023–24,Real Betis,Rangers,2-3,A,Continental,Wikipedia,2023–24 UEFA Europa League group stage
2023-12-14,UEFA,UEFA 2nd Division,2,2023–24,Rennes,Villarreal,2-3,A,Continental,Wikipedia,2023–24 UEFA Europa League group stage
2023-12-14,UEFA,UEFA 2nd Division,2,2023–24,Roma,Sheriff Tiraspol,3-0,H,Continental,Wikipedia,2023–24 UEFA Europa League group stage
2023-12-14,UEFA,UEFA 2nd Division,2,2023–24,Slavia Prague,Servette,4-0,H,Continental,Wikipedia,2023–24 UEFA Europa League group stage
2023-12-14,UEFA,UEFA 2nd Division,2,2023–24,Sporting CP,Sturm Graz,3-0,H,Continental,Wikipedia,2023–24 UEFA Europa League group stage
2023-12-14,UEFA,UEFA 2nd Division,2,2023–24,Union Saint-Gilloise,Liverpool,2-1,H,Continental,Wikipedia,2023–24 UEFA Europa League group stage
2023-12-14,UEFA,UEFA 2nd Division,2,2023–24,West Ham United,SC Freiburg,2-0,H,Continental,Wikipedia,2023–24 UEFA Europa League group stage
2024-02-15,UEFA,UEFA 2nd Division,2,2023–24,Benfica,Toulouse,2-1,H,Continental,Wikipedia,2023–24 UEFA Europa League knockout phase
2024-02-15,UEFA,UEFA 2nd Division,2,2023–24,Braga,Qarabağ,2-4,A,Continental,Wikipedia,2023–24 UEFA Europa League knockout phase
2024-02-15,UEFA,UEFA 2nd Division,2,2023–24,Feyenoord,Roma,1-1,D,Continental,Wikipedia,2023–24 UEFA Europa League knockout phase
2024-02-15,UEFA,UEFA 2nd Division,2,2023–24,Galatasaray,Sparta Prague,3-2,H,Continental,Wikipedia,2023–24 UEFA Europa League knockout phase
2024-02-15,UEFA,UEFA 2nd Division,2,2023–24,Lens,SC Freiburg,0-0,D,Continental,Wikipedia,2023–24 UEFA Europa League knockout phase
2024-02-15,UEFA,UEFA 2nd Division,2,2023–24,Milan,Rennes,3-0,H,Continental,Wikipedia,2023–24 UEFA Europa League knockout phase
2024-02-15,UEFA,UEFA 2nd Division,2,2023–24,Shakhtar Donetsk,Marseille,2-2,D,Continental,Wikipedia,2023–24 UEFA Europa League knockout phase
2024-02-15,UEFA,UEFA 2nd Division,2,2023–24,Young Boys,Sporting CP,1-3,A,Continental,Wikipedia,2023–24 UEFA Europa League knockout phase
2024-02-22,UEFA,UEFA 2nd Division,2,2023–24,Marseille,Shakhtar Donetsk,3-1,H,Continental,Wikipedia,2023–24 UEFA Europa League knockout phase
2024-02-22,UEFA,UEFA 2nd Division,2,2023–24,Qarabağ,Braga,2-3,A,Continental,Wikipedia,2023–24 UEFA Europa League knockout phase
2024-02-22,UEFA,UEFA 2nd Division,2,2023–24,Rennes,Milan,3-2,H,Continental,Wikipedia,2023–24 UEFA Europa League knockout phase
2024-02-22,UEFA,UEFA 2nd Division,2,2023–24,Roma,Feyenoord,1-1,D,Continental,Wikipedia,2023–24 UEFA Europa League knockout phase
2024-02-22,UEFA,UEFA 2nd Division,2,2023–24,SC Freiburg,Lens,3-2,H,Continental,Wikipedia,2023–24 UEFA Europa League knockout phase
2024-02-22,UEFA,UEFA 2nd Division,2,2023–24,Sparta Prague,Galatasaray,4-1,H,Continental,Wikipedia,2023–24 UEFA Europa League knockout phase
2024-02-22,UEFA,UEFA 2nd Division,2,2023–24,Sporting CP,Young Boys,1-1,D,Continental,Wikipedia,2023–24 UEFA Europa League knockout phase
2024-02-22,UEFA,UEFA 2nd Division,2,2023–24,Toulouse,Benfica,0-0,D,Continental,Wikipedia,2023–24 UEFA Europa League knockout phase
2024-03-06,UEFA,UEFA 2nd Division,2,2023–24,Sporting CP,Atalanta,1-1,D,Continental,Wikipedia,2023–24 UEFA Europa League knockout phase
2024-03-07,UEFA,UEFA 2nd Division,2,2023–24,Benfica,Rangers,2-2,D,Continental,Wikipedia,2023–24 UEFA Europa League knockout phase
2024-03-07,UEFA,UEFA 2nd Division,2,2023–24,Marseille,Villarreal,4-0,H,Continental,Wikipedia,2023–24 UEFA Europa League knockout phase
2024-03-07,UEFA,UEFA 2nd Division,2,2023–24,Milan,Slavia Prague,4-2,H,Continental,Wikipedia,2023–24 UEFA Europa League knockout phase
2024-03-07,UEFA,UEFA 2nd Division,2,2023–24,Qarabağ,Bayer Leverkusen,2-2,D,Continental,Wikipedia,2023–24 UEFA Europa League knockout phase
2024-03-07,UEFA,UEFA 2nd Division,2,2023–24,Roma,Brighton & Hove Albion,4-0,H,Continental,Wikipedia,2023–24 UEFA Europa League knockout phase
2024-03-07,UEFA,UEFA 2nd Division,2,2023–24,SC Freiburg,West Ham United,1-0,H,Continental,Wikipedia,2023–24 UEFA Europa League knockout phase
2024-03-07,UEFA,UEFA 2nd Division,2,2023–24,Sparta Prague,Liverpool,1-5,A,Continental,Wikipedia,2023–24 UEFA Europa League knockout phase
2024-03-14,UEFA,UEFA 2nd Division,2,2023–24,Atalanta,Sporting CP,2-1,H,Continental,Wikipedia,2023–24 UEFA Europa League knockout phase
2024-03-14,UEFA,UEFA 2nd Division,2,2023–24,Bayer Leverkusen,Qarabağ,3-2,H,Continental,Wikipedia,2023–24 UEFA Europa League knockout phase
2024-03-14,UEFA,UEFA 2nd Division,2,2023–24,Brighton & Hove Albion,Roma,1-0,H,Continental,Wikipedia,2023–24 UEFA Europa League knockout phase
2024-03-14,UEFA,UEFA 2nd Division,2,2023–24,Liverpool,Sparta Prague,6-1,H,Continental,Wikipedia,2023–24 UEFA Europa League knockout phase
2024-03-14,UEFA,UEFA 2nd Division,2,2023–24,Rangers,Benfica,0-1,A,Continental,Wikipedia,2023–24 UEFA Europa League knockout phase
2024-03-14,UEFA,UEFA 2nd Division,2,2023–24,Slavia Prague,Milan,1-3,A,Continental,Wikipedia,2023–24 UEFA Europa League knockout phase
2024-03-14,UEFA,UEFA 2nd Division,2,2023–24,Villarreal,Marseille,3-1,H,Continental,Wikipedia,2023–24 UEFA Europa League knockout phase
2024-03-14,UEFA,UEFA 2nd Division,2,2023–24,West Ham United,SC Freiburg,5-0,H,Continental,Wikipedia,2023–24 UEFA Europa League knockout phase
2024-04-11,UEFA,UEFA 2nd Division,2,2023–24,Bayer Leverkusen,West Ham United,2-0,H,Continental,Wikipedia,2023–24 UEFA Europa League knockout phase
2024-04-11,UEFA,UEFA 2nd Division,2,2023–24,Benfica,Marseille,2-1,H,Continental,Wikipedia,2023–24 UEFA Europa League knockout phase
2024-04-11,UEFA,UEFA 2nd Division,2,2023–24,Liverpool,Atalanta,0-3,A,Continental,Wikipedia,2023–24 UEFA Europa League knockout phase
2024-04-11,UEFA,UEFA 2nd Division,2,2023–24,Milan,Roma,0-1,A,Continental,Wikipedia,2023–24 UEFA Europa League knockout phase
2024-04-18,UEFA,UEFA 2nd Division,2,2023–24,Atalanta,Liverpool,0-1,A,Continental,Wikipedia,2023–24 UEFA Europa League knockout phase
2024-04-18,UEFA,UEFA 2nd Division,2,2023–24,Marseille,Benfica,1-0,H,Continental,Wikipedia,2023–24 UEFA Europa League knockout phase
2024-04-18,UEFA,UEFA 2nd Division,2,2023–24,Roma,Milan,2-1,H,Continental,Wikipedia,2023–24 UEFA Europa League knockout phase
2024-04-18,UEFA,UEFA 2nd Division,2,2023–24,West Ham United,Bayer Leverkusen,1-1,D,Continental,Wikipedia,2023–24 UEFA Europa League knockout phase
2024-05-02,UEFA,UEFA 2nd Division,2,2023–24,Marseille,Atalanta,1-1,D,Continental,Wikipedia,2023–24 UEFA Europa League knockout phase
2024-05-02,UEFA,UEFA 2nd Division,2,2023–24,Roma,Bayer Leverkusen,0-2,A,Continental,Wikipedia,2023–24 UEFA Europa League knockout phase
2024-05-09,UEFA,UEFA 2nd Division,2,2023–24,Atalanta,Marseille,3-0,H,Continental,Wikipedia,2023–24 UEFA Europa League knockout phase
2024-05-09,UEFA,UEFA 2nd Division,2,2023–24,Bayer Leverkusen,Roma,2-2,D,Continental,Wikipedia,2023–24 UEFA Europa League knockout phase
2024-07-11,UEFA,UEFA 2nd Division,2,2024–25,Botev Plovdiv,Maribor,2-1,H,Continental,Wikipedia,2024–25 UEFA Europa League qualifying
2024-07-11,UEFA,UEFA 2nd Division,2,2024–25,IF Elfsborg,Pafos,3-0,H,Continental,Wikipedia,2024–25 UEFA Europa League qualifying
2024-07-11,UEFA,UEFA 2nd Division,2,2024–25,Paks,Corvinul Hunedoara,0-4,A,Continental,Wikipedia,2024–25 UEFA Europa League qualifying
2024-07-11,UEFA,UEFA 2nd Division,2,2024–25,Ružomberok,Tobol,5-2,H,Continental,Wikipedia,2024–25 UEFA Europa League qualifying
2024-07-11,UEFA,UEFA 2nd Division,2,2024–25,Sheriff Tiraspol,Zira,0-1,A,Continental,Wikipedia,2024–25 UEFA Europa League qualifying
2024-07-11,UEFA,UEFA 2nd Division,2,2024–25,Wisła Kraków,Llapi,2-0,H,Continental,Wikipedia,2024–25 UEFA Europa League qualifying
2024-07-18,UEFA,UEFA 2nd Division,2,2024–25,Corvinul Hunedoara,Paks,0-2,A,Continental,Wikipedia,2024–25 UEFA Europa League qualifying
2024-07-18,UEFA,UEFA 2nd Division,2,2024–25,Llapi,Wisła Kraków,1-2,A,Continental,Wikipedia,2024–25 UEFA Europa League qualifying
2024-07-18,UEFA,UEFA 2nd Division,2,2024–25,Maribor,Botev Plovdiv,2-2,D,Continental,Wikipedia,2024–25 UEFA Europa League qualifying
2024-07-18,UEFA,UEFA 2nd Division,2,2024–25,Pafos,IF Elfsborg,2-5,A,Continental,Wikipedia,2024–25 UEFA Europa League qualifying
2024-07-18,UEFA,UEFA 2nd Division,2,2024–25,Tobol,Ružomberok,1-0,H,Continental,Wikipedia,2024–25 UEFA Europa League qualifying
2024-07-18,UEFA,UEFA 2nd Division,2,2024–25,Zira,Sheriff Tiraspol,1-2,A,Continental,Wikipedia,2024–25 UEFA Europa League qualifying
2024-07-25,UEFA,UEFA 2nd Division,2,2024–25,Ajax,Vojvodina,1-0,H,Continental,Wikipedia,2024–25 UEFA Europa League qualifying
2024-07-25,UEFA,UEFA 2nd Division,2,2024–25,Braga,Maccabi Petah Tikva,2-0,H,Continental,Wikipedia,2024–25 UEFA Europa League qualifying
2024-07-25,UEFA,UEFA 2nd Division,2,2024–25,Corvinul Hunedoara,Rijeka,0-0,D,Continental,Wikipedia,2024–25 UEFA Europa League qualifying
2024-07-25,UEFA,UEFA 2nd Division,2,2024–25,Kilmarnock,Cercle Brugge,1-1,D,Continental,Wikipedia,2024–25 UEFA Europa League qualifying
2024-07-25,UEFA,UEFA 2nd Division,2,2024–25,Molde,Silkeborg,3-1,H,Continental,Wikipedia,2024–25 UEFA Europa League qualifying
2024-07-25,UEFA,UEFA 2nd Division,2,2024–25,Panathinaikos,Botev Plovdiv,2-1,H,Continental,Wikipedia,2024–25 UEFA Europa League qualifying
2024-07-25,UEFA,UEFA 2nd Division,2,2024–25,Ružomberok,Trabzonspor,0-2,A,Continental,Wikipedia,2024–25 UEFA Europa League qualifying
2024-07-25,UEFA,UEFA 2nd Division,2,2024–25,Sheriff Tiraspol,IF Elfsborg,0-1,A,Continental,Wikipedia,2024–25 UEFA Europa League qualifying
2024-07-25,UEFA,UEFA 2nd Division,2,2024–25,Wisła Kraków,Rapid Wien,1-2,A,Continental,Wikipedia,2024–25 UEFA Europa League qualifying
2024-08-01,UEFA,UEFA 2nd Division,2,2024–25,Botev Plovdiv,Panathinaikos,0-4,A,Continental,Wikipedia,2024–25 UEFA Europa League qualifying
2024-08-01,UEFA,UEFA 2nd Division,2,2024–25,Cercle Brugge,Kilmarnock,1-0,H,Continental,Wikipedia,2024–25 UEFA Europa League qualifying
2024-08-01,UEFA,UEFA 2nd Division,2,2024–25,IF Elfsborg,Sheriff Tiraspol,2-0,H,Continental,Wikipedia,2024–25 UEFA Europa League qualifying
2024-08-01,UEFA,UEFA 2nd Division,2,2024–25,Maccabi Petah Tikva,Braga,0-5,A,Continental,Wikipedia,2024–25 UEFA Europa League qualifying
2024-08-01,UEFA,UEFA 2nd Division,2,2024–25,Rapid Wien,Wisła Kraków,6-1,H,Continental,Wikipedia,2024–25 UEFA Europa League qualifying
2024-08-01,UEFA,UEFA 2nd Division,2,2024–25,Rijeka,Corvinul Hunedoara,1-0,H,Continental,Wikipedia,2024–25 UEFA Europa League qualifying
2024-08-01,UEFA,UEFA 2nd Division,2,2024–25,Silkeborg,Molde,3-2,H,Continental,Wikipedia,2024–25 UEFA Europa League qualifying
2024-08-01,UEFA,UEFA 2nd Division,2,2024–25,Trabzonspor,Ružomberok,1-0,H,Continental,Wikipedia,2024–25 UEFA Europa League qualifying
2024-08-01,UEFA,UEFA 2nd Division,2,2024–25,Vojvodina,Ajax,1-3,A,Continental,Wikipedia,2024–25 UEFA Europa League qualifying
2024-08-06,UEFA,UEFA 2nd Division,2,2024–25,Panevėžys,Maccabi Tel Aviv,1-2,A,Continental,Wikipedia,2024–25 UEFA Europa League qualifying
2024-08-06,UEFA,UEFA 2nd Division,2,2024–25,Petrocub Hîncești,The New Saints,1-0,H,Continental,Wikipedia,2024–25 UEFA Europa League qualifying
2024-08-08,UEFA,UEFA 2nd Division,2,2024–25,Braga,Servette,0-0,D,Continental,Wikipedia,2024–25 UEFA Europa League qualifying
2024-08-08,UEFA,UEFA 2nd Division,2,2024–25,Celje,Shamrock Rovers,1-0,H,Continental,Wikipedia,2024–25 UEFA Europa League qualifying
2024-08-08,UEFA,UEFA 2nd Division,2,2024–25,Dinamo Minsk,Lincoln Red Imps,2-0,H,Continental,Wikipedia,2024–25 UEFA Europa League qualifying
2024-08-08,UEFA,UEFA 2nd Division,2,2024–25,Kryvbas Kryvyi Rih,Viktoria Plzeň,1-2,A,Continental,Wikipedia,2024–25 UEFA Europa League qualifying
2024-08-08,UEFA,UEFA 2nd Division,2,2024–25,KÍ,Borac Banja Luka,2-1,H,Continental,Wikipedia,2024–25 UEFA Europa League qualifying
2024-08-08,UEFA,UEFA 2nd Division,2,2024–25,Molde,Cercle Brugge,3-0,H,Continental,Wikipedia,2024–25 UEFA Europa League qualifying
2024-08-08,UEFA,UEFA 2nd Division,2,2024–25,Panathinaikos,Ajax,0-1,A,Continental,Wikipedia,2024–25 UEFA Europa League qualifying
2024-08-08,UEFA,UEFA 2nd Division,2,2024–25,Partizan,Lugano,0-1,A,Continental,Wikipedia,2024–25 UEFA Europa League qualifying
2024-08-08,UEFA,UEFA 2nd Division,2,2024–25,Rijeka,IF Elfsborg,1-1,D,Continental,Wikipedia,2024–25 UEFA Europa League qualifying
2024-08-08,UEFA,UEFA 2nd Division,2,2024–25,Trabzonspor,Rapid Wien,0-1,A,Continental,Wikipedia,2024–25 UEFA Europa League qualifying
2024-08-08,UEFA,UEFA 2nd Division,2,2024–25,UE Santa Coloma,RFS,0-2,A,Continental,Wikipedia,2024–25 UEFA Europa League qualifying
2024-08-13,UEFA,UEFA 2nd Division,2,2024–25,The New Saints,Petrocub Hîncești,0-0,D,Continental,Wikipedia,2024–25 UEFA Europa League qualifying
2024-08-14,UEFA,UEFA 2nd Division,2,2024–25,RFS,UE Santa Coloma,7-0,H,Continental,Wikipedia,2024–25 UEFA Europa League qualifying
2024-08-15,UEFA,UEFA 2nd Division,2,2024–25,Ajax,Panathinaikos,0-1,A,Continental,Wikipedia,2024–25 UEFA Europa League qualifying
2024-08-15,UEFA,UEFA 2nd Division,2,2024–25,Borac Banja Luka,KÍ,3-1,H,Continental,Wikipedia,2024–25 UEFA Europa League qualifying
2024-08-15,UEFA,UEFA 2nd Division,2,2024–25,Cercle Brugge,Molde,1-0,H,Continental,Wikipedia,2024–25 UEFA Europa League qualifying
2024-08-15,UEFA,UEFA 2nd Division,2,2024–25,IF Elfsborg,Rijeka,2-0,H,Continental,Wikipedia,2024–25 UEFA Europa League qualifying
2024-08-15,UEFA,UEFA 2nd Division,2,2024–25,Lincoln Red Imps,Dinamo Minsk,2-1,H,Continental,Wikipedia,2024–25 UEFA Europa League qualifying
2024-08-15,UEFA,UEFA 2nd Division,2,2024–25,Lugano,Partizan,2-2,D,Continental,Wikipedia,2024–25 UEFA Europa League qualifying
2024-08-15,UEFA,UEFA 2nd Division,2,2024–25,Maccabi Tel Aviv,Panevėžys,3-0,H,Continental,Wikipedia,2024–25 UEFA Europa League qualifying
2024-08-15,UEFA,UEFA 2nd Division,2,2024–25,Rapid Wien,Trabzonspor,2-0,H,Continental,Wikipedia,2024–25 UEFA Europa League qualifying
2024-08-15,UEFA,UEFA 2nd Division,2,2024–25,Servette,Braga,1-2,A,Continental,Wikipedia,2024–25 UEFA Europa League qualifying
2024-08-15,UEFA,UEFA 2nd Division,2,2024–25,Shamrock Rovers,Celje,3-1,H,Continental,Wikipedia,2024–25 UEFA Europa League qualifying
2024-08-15,UEFA,UEFA 2nd Division,2,2024–25,Viktoria Plzeň,Kryvbas Kryvyi Rih,1-0,H,Continental,Wikipedia,2024–25 UEFA Europa League qualifying
2024-08-22,UEFA,UEFA 2nd Division,2,2024–25,Braga,Rapid Wien,2-1,H,Continental,Wikipedia,2024–25 UEFA Europa League qualifying
2024-08-22,UEFA,UEFA 2nd Division,2,2024–25,Dinamo Minsk,Anderlecht,0-1,A,Continental,Wikipedia,2024–25 UEFA Europa League qualifying
2024-08-22,UEFA,UEFA 2nd Division,2,2024–25,Ferencváros,Borac Banja Luka,0-0,D,Continental,Wikipedia,2024–25 UEFA Europa League qualifying
2024-08-22,UEFA,UEFA 2nd Division,2,2024–25,Jagiellonia Białystok,Ajax,1-4,A,Continental,Wikipedia,2024–25 UEFA Europa League qualifying
2024-08-22,UEFA,UEFA 2nd Division,2,2024–25,LASK,FCSB,1-1,D,Continental,Wikipedia,2024–25 UEFA Europa League qualifying
2024-08-22,UEFA,UEFA 2nd Division,2,2024–25,Ludogorets Razgrad,Petrocub Hîncești,4-0,H,Continental,Wikipedia,2024–25 UEFA Europa League qualifying
2024-08-22,UEFA,UEFA 2nd Division,2,2024–25,Lugano,Beşiktaş,3-3,D,Continental,Wikipedia,2024–25 UEFA Europa League qualifying
2024-08-22,UEFA,UEFA 2nd Division,2,2024–25,Maccabi Tel Aviv,TSC,3-0,H,Continental,Wikipedia,2024–25 UEFA Europa League qualifying
2024-08-22,UEFA,UEFA 2nd Division,2,2024–25,Molde,IF Elfsborg,0-1,A,Continental,Wikipedia,2024–25 UEFA Europa League qualifying
2024-08-22,UEFA,UEFA 2nd Division,2,2024–25,PAOK,Shamrock Rovers,4-0,H,Continental,Wikipedia,2024–25 UEFA Europa League qualifying
2024-08-22,UEFA,UEFA 2nd Division,2,2024–25,RFS,APOEL,2-1,H,Continental,Wikipedia,2024–25 UEFA Europa League qualifying
2024-08-22,UEFA,UEFA 2nd Division,2,2024–25,Viktoria Plzeň,Heart of Midlothian,1-0,H,Continental,Wikipedia,2024–25 UEFA Europa League qualifying
2024-08-29,UEFA,UEFA 2nd Division,2,2024–25,APOEL,RFS,2-1,H,Continental,Wikipedia,2024–25 UEFA Europa League qualifying
2024-08-29,UEFA,UEFA 2nd Division,2,2024–25,Ajax,Jagiellonia Białystok,3-0,H,Continental,Wikipedia,2024–25 UEFA Europa League qualifying
2024-08-29,UEFA,UEFA 2nd Division,2,2024–25,Anderlecht,Dinamo Minsk,1-0,H,Continental,Wikipedia,2024–25 UEFA Europa League qualifying
2024-08-29,UEFA,UEFA 2nd Division,2,2024–25,Beşiktaş,Lugano,5-1,H,Continental,Wikipedia,2024–25 UEFA Europa League qualifying
2024-08-29,UEFA,UEFA 2nd Division,2,2024–25,Borac Banja Luka,Ferencváros,1-1,D,Continental,Wikipedia,2024–25 UEFA Europa League qualifying
2024-08-29,UEFA,UEFA 2nd Division,2,2024–25,FCSB,LASK,1-0,H,Continental,Wikipedia,2024–25 UEFA Europa League qualifying
2024-08-29,UEFA,UEFA 2nd Division,2,2024–25,Heart of Midlothian,Viktoria Plzeň,0-1,A,Continental,Wikipedia,2024–25 UEFA Europa League qualifying
2024-08-29,UEFA,UEFA 2nd Division,2,2024–25,IF Elfsborg,Molde,0-1,A,Continental,Wikipedia,2024–25 UEFA Europa League qualifying
2024-08-29,UEFA,UEFA 2nd Division,2,2024–25,Petrocub Hîncești,Ludogorets Razgrad,1-2,A,Continental,Wikipedia,2024–25 UEFA Europa League qualifying
2024-08-29,UEFA,UEFA 2nd Division,2,2024–25,Rapid Wien,Braga,2-2,D,Continental,Wikipedia,2024–25 UEFA Europa League qualifying
2024-08-29,UEFA,UEFA 2nd Division,2,2024–25,Shamrock Rovers,PAOK,0-2,A,Continental,Wikipedia,2024–25 UEFA Europa League qualifying
2024-08-29,UEFA,UEFA 2nd Division,2,2024–25,TSC,Maccabi Tel Aviv,1-5,A,Continental,Wikipedia,2024–25 UEFA Europa League qualifying
2024-09-25,UEFA,UEFA 2nd Division,2,2024–25,AZ,IF Elfsborg,3-2,H,Continental,Wikipedia rendered HTML,2024–25 UEFA Europa League league phase
2024-09-25,UEFA,UEFA 2nd Division,2,2024–25,Anderlecht,Ferencváros,2-1,H,Continental,Wikipedia rendered HTML,2024–25 UEFA Europa League league phase
2024-09-25,UEFA,UEFA 2nd Division,2,2024–25,Bodø/Glimt,Porto,3-2,H,Continental,Wikipedia rendered HTML,2024–25 UEFA Europa League league phase
2024-09-25,UEFA,UEFA 2nd Division,2,2024–25,Dynamo Kyiv,Lazio,0-3,A,Continental,Wikipedia rendered HTML,2024–25 UEFA Europa League league phase
2024-09-25,UEFA,UEFA 2nd Division,2,2024–25,Galatasaray,PAOK,3-1,H,Continental,Wikipedia rendered HTML,2024–25 UEFA Europa League league phase
2024-09-25,UEFA,UEFA 2nd Division,2,2024–25,Ludogorets Razgrad,Slavia Prague,0-2,A,Continental,Wikipedia rendered HTML,2024–25 UEFA Europa League league phase
2024-09-25,UEFA,UEFA 2nd Division,2,2024–25,Manchester United,Twente,1-1,D,Continental,Wikipedia rendered HTML,2024–25 UEFA Europa League league phase
2024-09-25,UEFA,UEFA 2nd Division,2,2024–25,Midtjylland,TSG Hoffenheim,1-1,D,Continental,Wikipedia rendered HTML,2024–25 UEFA Europa League league phase
2024-09-25,UEFA,UEFA 2nd Division,2,2024–25,Nice,Real Sociedad,1-1,D,Continental,Wikipedia rendered HTML,2024–25 UEFA Europa League league phase
2024-09-26,UEFA,UEFA 2nd Division,2,2024–25,Ajax,Beşiktaş,4-0,H,Continental,Wikipedia rendered HTML,2024–25 UEFA Europa League league phase
2024-09-26,UEFA,UEFA 2nd Division,2,2024–25,Braga,Maccabi Tel Aviv,2-1,H,Continental,Wikipedia rendered HTML,2024–25 UEFA Europa League league phase
2024-09-26,UEFA,UEFA 2nd Division,2,2024–25,Eintracht Frankfurt,Viktoria Plzeň,3-3,D,Continental,Wikipedia rendered HTML,2024–25 UEFA Europa League league phase
2024-09-26,UEFA,UEFA 2nd Division,2,2024–25,FCSB,RFS,4-1,H,Continental,Wikipedia rendered HTML,2024–25 UEFA Europa League league phase
2024-09-26,UEFA,UEFA 2nd Division,2,2024–25,Fenerbahçe,Union Saint-Gilloise,2-1,H,Continental,Wikipedia rendered HTML,2024–25 UEFA Europa League league phase
2024-09-26,UEFA,UEFA 2nd Division,2,2024–25,Lyon,Olympiacos,2-0,H,Continental,Wikipedia rendered HTML,2024–25 UEFA Europa League league phase
2024-09-26,UEFA,UEFA 2nd Division,2,2024–25,Malmö FF,Rangers,0-2,A,Continental,Wikipedia rendered HTML,2024–25 UEFA Europa League league phase
2024-09-26,UEFA,UEFA 2nd Division,2,2024–25,Roma,Athletic Bilbao,1-1,D,Continental,Wikipedia rendered HTML,2024–25 UEFA Europa League league phase
2024-09-26,UEFA,UEFA 2nd Division,2,2024–25,Tottenham Hotspur,Qarabağ,3-0,H,Continental,Wikipedia rendered HTML,2024–25 UEFA Europa League league phase
2024-10-03,UEFA,UEFA 2nd Division,2,2024–25,Athletic Bilbao,AZ,2-0,H,Continental,Wikipedia rendered HTML,2024–25 UEFA Europa League league phase
2024-10-03,UEFA,UEFA 2nd Division,2,2024–25,Beşiktaş,Eintracht Frankfurt,1-3,A,Continental,Wikipedia rendered HTML,2024–25 UEFA Europa League league phase
2024-10-03,UEFA,UEFA 2nd Division,2,2024–25,Ferencváros,Tottenham Hotspur,1-2,A,Continental,Wikipedia rendered HTML,2024–25 UEFA Europa League league phase
2024-10-03,UEFA,UEFA 2nd Division,2,2024–25,IF Elfsborg,Roma,1-0,H,Continental,Wikipedia rendered HTML,2024–25 UEFA Europa League league phase
2024-10-03,UEFA,UEFA 2nd Division,2,2024–25,Lazio,Nice,4-1,H,Continental,Wikipedia rendered HTML,2024–25 UEFA Europa League league phase
2024-10-03,UEFA,UEFA 2nd Division,2,2024–25,Maccabi Tel Aviv,Midtjylland,0-2,A,Continental,Wikipedia rendered HTML,2024–25 UEFA Europa League league phase
2024-10-03,UEFA,UEFA 2nd Division,2,2024–25,Olympiacos,Braga,3-0,H,Continental,Wikipedia rendered HTML,2024–25 UEFA Europa League league phase
2024-10-03,UEFA,UEFA 2nd Division,2,2024–25,PAOK,FCSB,0-1,A,Continental,Wikipedia rendered HTML,2024–25 UEFA Europa League league phase
2024-10-03,UEFA,UEFA 2nd Division,2,2024–25,Porto,Manchester United,3-3,D,Continental,Wikipedia rendered HTML,2024–25 UEFA Europa League league phase
2024-10-03,UEFA,UEFA 2nd Division,2,2024–25,Qarabağ,Malmö FF,1-2,A,Continental,Wikipedia rendered HTML,2024–25 UEFA Europa League league phase
2024-10-03,UEFA,UEFA 2nd Division,2,2024–25,RFS,Galatasaray,2-2,D,Continental,Wikipedia rendered HTML,2024–25 UEFA Europa League league phase
2024-10-03,UEFA,UEFA 2nd Division,2,2024–25,Rangers,Lyon,1-4,A,Continental,Wikipedia rendered HTML,2024–25 UEFA Europa League league phase
2024-10-03,UEFA,UEFA 2nd Division,2,2024–25,Real Sociedad,Anderlecht,1-2,A,Continental,Wikipedia rendered HTML,2024–25 UEFA Europa League league phase
2024-10-03,UEFA,UEFA 2nd Division,2,2024–25,Slavia Prague,Ajax,1-1,D,Continental,Wikipedia rendered HTML,2024–25 UEFA Europa League league phase
2024-10-03,UEFA,UEFA 2nd Division,2,2024–25,TSG Hoffenheim,Dynamo Kyiv,2-0,H,Continental,Wikipedia rendered HTML,2024–25 UEFA Europa League league phase
2024-10-03,UEFA,UEFA 2nd Division,2,2024–25,Twente,Fenerbahçe,1-1,D,Continental,Wikipedia rendered HTML,2024–25 UEFA Europa League league phase
2024-10-03,UEFA,UEFA 2nd Division,2,2024–25,Union Saint-Gilloise,Bodø/Glimt,0-0,D,Continental,Wikipedia rendered HTML,2024–25 UEFA Europa League league phase
2024-10-03,UEFA,UEFA 2nd Division,2,2024–25,Viktoria Plzeň,Ludogorets Razgrad,0-0,D,Continental,Wikipedia rendered HTML,2024–25 UEFA Europa League league phase
2024-10-23,UEFA,UEFA 2nd Division,2,2024–25,Braga,Bodø/Glimt,1-2,A,Continental,Wikipedia rendered HTML,2024–25 UEFA Europa League league phase
2024-10-23,UEFA,UEFA 2nd Division,2,2024–25,Galatasaray,IF Elfsborg,4-3,H,Continental,Wikipedia rendered HTML,2024–25 UEFA Europa League league phase
2024-10-24,UEFA,UEFA 2nd Division,2,2024–25,Anderlecht,Ludogorets Razgrad,2-0,H,Continental,Wikipedia rendered HTML,2024–25 UEFA Europa League league phase
2024-10-24,UEFA,UEFA 2nd Division,2,2024–25,Athletic Bilbao,Slavia Prague,1-0,H,Continental,Wikipedia rendered HTML,2024–25 UEFA Europa League league phase
2024-10-24,UEFA,UEFA 2nd Division,2,2024–25,Eintracht Frankfurt,RFS,1-0,H,Continental,Wikipedia rendered HTML,2024–25 UEFA Europa League league phase
2024-10-24,UEFA,UEFA 2nd Division,2,2024–25,Fenerbahçe,Manchester United,1-1,D,Continental,Wikipedia rendered HTML,2024–25 UEFA Europa League league phase
2024-10-24,UEFA,UEFA 2nd Division,2,2024–25,Ferencváros,Nice,1-0,H,Continental,Wikipedia rendered HTML,2024–25 UEFA Europa League league phase
2024-10-24,UEFA,UEFA 2nd Division,2,2024–25,Lyon,Beşiktaş,0-1,A,Continental,Wikipedia rendered HTML,2024–25 UEFA Europa League league phase
2024-10-24,UEFA,UEFA 2nd Division,2,2024–25,Maccabi Tel Aviv,Real Sociedad,1-2,A,Continental,Wikipedia rendered HTML,2024–25 UEFA Europa League league phase
2024-10-24,UEFA,UEFA 2nd Division,2,2024–25,Malmö FF,Olympiacos,0-1,A,Continental,Wikipedia rendered HTML,2024–25 UEFA Europa League league phase
2024-10-24,UEFA,UEFA 2nd Division,2,2024–25,Midtjylland,Union Saint-Gilloise,1-0,H,Continental,Wikipedia rendered HTML,2024–25 UEFA Europa League league phase
2024-10-24,UEFA,UEFA 2nd Division,2,2024–25,PAOK,Viktoria Plzeň,2-2,D,Continental,Wikipedia rendered HTML,2024–25 UEFA Europa League league phase
2024-10-24,UEFA,UEFA 2nd Division,2,2024–25,Porto,TSG Hoffenheim,2-0,H,Continental,Wikipedia rendered HTML,2024–25 UEFA Europa League league phase
2024-10-24,UEFA,UEFA 2nd Division,2,2024–25,Qarabağ,Ajax,0-3,A,Continental,Wikipedia rendered HTML,2024–25 UEFA Europa League league phase
2024-10-24,UEFA,UEFA 2nd Division,2,2024–25,Rangers,FCSB,4-0,H,Continental,Wikipedia rendered HTML,2024–25 UEFA Europa League league phase
2024-10-24,UEFA,UEFA 2nd Division,2,2024–25,Roma,Dynamo Kyiv,1-0,H,Continental,Wikipedia rendered HTML,2024–25 UEFA Europa League league phase
2024-10-24,UEFA,UEFA 2nd Division,2,2024–25,Tottenham Hotspur,AZ,1-0,H,Continental,Wikipedia rendered HTML,2024–25 UEFA Europa League league phase
2024-10-24,UEFA,UEFA 2nd Division,2,2024–25,Twente,Lazio,0-2,A,Continental,Wikipedia rendered HTML,2024–25 UEFA Europa League league phase
2024-11-06,UEFA,UEFA 2nd Division,2,2024–25,Beşiktaş,Malmö FF,2-1,H,Continental,Wikipedia rendered HTML,2024–25 UEFA Europa League league phase
2024-11-07,UEFA,UEFA 2nd Division,2,2024–25,AZ,Fenerbahçe,3-1,H,Continental,Wikipedia rendered HTML,2024–25 UEFA Europa League league phase
2024-11-07,UEFA,UEFA 2nd Division,2,2024–25,Ajax,Maccabi Tel Aviv,5-0,H,Continental,Wikipedia rendered HTML,2024–25 UEFA Europa League league phase
2024-11-07,UEFA,UEFA 2nd Division,2,2024–25,Bodø/Glimt,Qarabağ,1-2,A,Continental,Wikipedia rendered HTML,2024–25 UEFA Europa League league phase
2024-11-07,UEFA,UEFA 2nd Division,2,2024–25,Dynamo Kyiv,Ferencváros,0-4,A,Continental,Wikipedia rendered HTML,2024–25 UEFA Europa League league phase
2024-11-07,UEFA,UEFA 2nd Division,2,2024–25,Eintracht Frankfurt,Slavia Prague,1-0,H,Continental,Wikipedia rendered HTML,2024–25 UEFA Europa League league phase
2024-11-07,UEFA,UEFA 2nd Division,2,2024–25,FCSB,Midtjylland,2-0,H,Continental,Wikipedia rendered HTML,2024–25 UEFA Europa League league phase
2024-11-07,UEFA,UEFA 2nd Division,2,2024–25,Galatasaray,Tottenham Hotspur,3-2,H,Continental,Wikipedia rendered HTML,2024–25 UEFA Europa League league phase
2024-11-07,UEFA,UEFA 2nd Division,2,2024–25,IF Elfsborg,Braga,1-1,D,Continental,Wikipedia rendered HTML,2024–25 UEFA Europa League league phase
2024-11-07,UEFA,UEFA 2nd Division,2,2024–25,Lazio,Porto,2-1,H,Continental,Wikipedia rendered HTML,2024–25 UEFA Europa League league phase
2024-11-07,UEFA,UEFA 2nd Division,2,2024–25,Ludogorets Razgrad,Athletic Bilbao,1-2,A,Continental,Wikipedia rendered HTML,2024–25 UEFA Europa League league phase
2024-11-07,UEFA,UEFA 2nd Division,2,2024–25,Manchester United,PAOK,2-0,H,Continental,Wikipedia rendered HTML,2024–25 UEFA Europa League league phase
2024-11-07,UEFA,UEFA 2nd Division,2,2024–25,Nice,Twente,2-2,D,Continental,Wikipedia rendered HTML,2024–25 UEFA Europa League league phase
2024-11-07,UEFA,UEFA 2nd Division,2,2024–25,Olympiacos,Rangers,1-1,D,Continental,Wikipedia rendered HTML,2024–25 UEFA Europa League league phase
2024-11-07,UEFA,UEFA 2nd Division,2,2024–25,RFS,Anderlecht,1-1,D,Continental,Wikipedia rendered HTML,2024–25 UEFA Europa League league phase
2024-11-07,UEFA,UEFA 2nd Division,2,2024–25,TSG Hoffenheim,Lyon,2-2,D,Continental,Wikipedia rendered HTML,2024–25 UEFA Europa League league phase
2024-11-07,UEFA,UEFA 2nd Division,2,2024–25,Union Saint-Gilloise,Roma,1-1,D,Continental,Wikipedia rendered HTML,2024–25 UEFA Europa League league phase
2024-11-07,UEFA,UEFA 2nd Division,2,2024–25,Viktoria Plzeň,Real Sociedad,2-1,H,Continental,Wikipedia rendered HTML,2024–25 UEFA Europa League league phase
2024-11-28,UEFA,UEFA 2nd Division,2,2024–25,AZ,Galatasaray,1-1,D,Continental,Wikipedia rendered HTML,2024–25 UEFA Europa League league phase
2024-11-28,UEFA,UEFA 2nd Division,2,2024–25,Anderlecht,Porto,2-2,D,Continental,Wikipedia rendered HTML,2024–25 UEFA Europa League league phase
2024-11-28,UEFA,UEFA 2nd Division,2,2024–25,Athletic Bilbao,IF Elfsborg,3-0,H,Continental,Wikipedia rendered HTML,2024–25 UEFA Europa League league phase
2024-11-28,UEFA,UEFA 2nd Division,2,2024–25,Beşiktaş,Maccabi Tel Aviv,1-3,A,Continental,Wikipedia rendered HTML,2024–25 UEFA Europa League league phase
2024-11-28,UEFA,UEFA 2nd Division,2,2024–25,Braga,TSG Hoffenheim,3-0,H,Continental,Wikipedia rendered HTML,2024–25 UEFA Europa League league phase
2024-11-28,UEFA,UEFA 2nd Division,2,2024–25,Dynamo Kyiv,Viktoria Plzeň,1-2,A,Continental,Wikipedia rendered HTML,2024–25 UEFA Europa League league phase
2024-11-28,UEFA,UEFA 2nd Division,2,2024–25,FCSB,Olympiacos,0-0,D,Continental,Wikipedia rendered HTML,2024–25 UEFA Europa League league phase
2024-11-28,UEFA,UEFA 2nd Division,2,2024–25,Ferencváros,Malmö FF,4-1,H,Continental,Wikipedia rendered HTML,2024–25 UEFA Europa League league phase
2024-11-28,UEFA,UEFA 2nd Division,2,2024–25,Lazio,Ludogorets Razgrad,0-0,D,Continental,Wikipedia rendered HTML,2024–25 UEFA Europa League league phase
2024-11-28,UEFA,UEFA 2nd Division,2,2024–25,Manchester United,Bodø/Glimt,3-2,H,Continental,Wikipedia rendered HTML,2024–25 UEFA Europa League league phase
2024-11-28,UEFA,UEFA 2nd Division,2,2024–25,Midtjylland,Eintracht Frankfurt,1-2,A,Continental,Wikipedia rendered HTML,2024–25 UEFA Europa League league phase
2024-11-28,UEFA,UEFA 2nd Division,2,2024–25,Nice,Rangers,1-4,A,Continental,Wikipedia rendered HTML,2024–25 UEFA Europa League league phase
2024-11-28,UEFA,UEFA 2nd Division,2,2024–25,Qarabağ,Lyon,1-4,A,Continental,Wikipedia rendered HTML,2024–25 UEFA Europa League league phase
2024-11-28,UEFA,UEFA 2nd Division,2,2024–25,RFS,PAOK,0-2,A,Continental,Wikipedia rendered HTML,2024–25 UEFA Europa League league phase
2024-11-28,UEFA,UEFA 2nd Division,2,2024–25,Real Sociedad,Ajax,2-0,H,Continental,Wikipedia rendered HTML,2024–25 UEFA Europa League league phase
2024-11-28,UEFA,UEFA 2nd Division,2,2024–25,Slavia Prague,Fenerbahçe,1-2,A,Continental,Wikipedia rendered HTML,2024–25 UEFA Europa League league phase
2024-11-28,UEFA,UEFA 2nd Division,2,2024–25,Tottenham Hotspur,Roma,2-2,D,Continental,Wikipedia rendered HTML,2024–25 UEFA Europa League league phase
2024-11-28,UEFA,UEFA 2nd Division,2,2024–25,Twente,Union Saint-Gilloise,0-1,A,Continental,Wikipedia rendered HTML,2024–25 UEFA Europa League league phase
2024-12-11,UEFA,UEFA 2nd Division,2,2024–25,Fenerbahçe,Athletic Bilbao,0-2,A,Continental,Wikipedia rendered HTML,2024–25 UEFA Europa League league phase
2024-12-12,UEFA,UEFA 2nd Division,2,2024–25,Ajax,Lazio,1-3,A,Continental,Wikipedia rendered HTML,2024–25 UEFA Europa League league phase
2024-12-12,UEFA,UEFA 2nd Division,2,2024–25,Bodø/Glimt,Beşiktaş,2-1,H,Continental,Wikipedia rendered HTML,2024–25 UEFA Europa League league phase
2024-12-12,UEFA,UEFA 2nd Division,2,2024–25,IF Elfsborg,Qarabağ,1-0,H,Continental,Wikipedia rendered HTML,2024–25 UEFA Europa League league phase
2024-12-12,UEFA,UEFA 2nd Division,2,2024–25,Ludogorets Razgrad,AZ,2-2,D,Continental,Wikipedia rendered HTML,2024–25 UEFA Europa League league phase
2024-12-12,UEFA,UEFA 2nd Division,2,2024–25,Lyon,Eintracht Frankfurt,3-2,H,Continental,Wikipedia rendered HTML,2024–25 UEFA Europa League league phase
2024-12-12,UEFA,UEFA 2nd Division,2,2024–25,Maccabi Tel Aviv,RFS,2-1,H,Continental,Wikipedia rendered HTML,2024–25 UEFA Europa League league phase
2024-12-12,UEFA,UEFA 2nd Division,2,2024–25,Malmö FF,Galatasaray,2-2,D,Continental,Wikipedia rendered HTML,2024–25 UEFA Europa League league phase
2024-12-12,UEFA,UEFA 2nd Division,2,2024–25,Olympiacos,Twente,0-0,D,Continental,Wikipedia rendered HTML,2024–25 UEFA Europa League league phase
2024-12-12,UEFA,UEFA 2nd Division,2,2024–25,PAOK,Ferencváros,5-0,H,Continental,Wikipedia rendered HTML,2024–25 UEFA Europa League league phase
2024-12-12,UEFA,UEFA 2nd Division,2,2024–25,Porto,Midtjylland,2-0,H,Continental,Wikipedia rendered HTML,2024–25 UEFA Europa League league phase
2024-12-12,UEFA,UEFA 2nd Division,2,2024–25,Rangers,Tottenham Hotspur,1-1,D,Continental,Wikipedia rendered HTML,2024–25 UEFA Europa League league phase
2024-12-12,UEFA,UEFA 2nd Division,2,2024–25,Real Sociedad,Dynamo Kyiv,3-0,H,Continental,Wikipedia rendered HTML,2024–25 UEFA Europa League league phase
2024-12-12,UEFA,UEFA 2nd Division,2,2024–25,Roma,Braga,3-0,H,Continental,Wikipedia rendered HTML,2024–25 UEFA Europa League league phase
2024-12-12,UEFA,UEFA 2nd Division,2,2024–25,Slavia Prague,Anderlecht,1-2,A,Continental,Wikipedia rendered HTML,2024–25 UEFA Europa League league phase
2024-12-12,UEFA,UEFA 2nd Division,2,2024–25,TSG Hoffenheim,FCSB,0-0,D,Continental,Wikipedia rendered HTML,2024–25 UEFA Europa League league phase
2024-12-12,UEFA,UEFA 2nd Division,2,2024–25,Union Saint-Gilloise,Nice,2-1,H,Continental,Wikipedia rendered HTML,2024–25 UEFA Europa League league phase
2024-12-12,UEFA,UEFA 2nd Division,2,2024–25,Viktoria Plzeň,Manchester United,1-2,A,Continental,Wikipedia rendered HTML,2024–25 UEFA Europa League league phase
2025-01-21,UEFA,UEFA 2nd Division,2,2024–25,Galatasaray,Dynamo Kyiv,3-3,D,Continental,Wikipedia rendered HTML,2024–25 UEFA Europa League league phase
2025-01-22,UEFA,UEFA 2nd Division,2,2024–25,Beşiktaş,Athletic Bilbao,4-1,H,Continental,Wikipedia rendered HTML,2024–25 UEFA Europa League league phase
2025-01-23,UEFA,UEFA 2nd Division,2,2024–25,AZ,Roma,1-0,H,Continental,Wikipedia rendered HTML,2024–25 UEFA Europa League league phase
2025-01-23,UEFA,UEFA 2nd Division,2,2024–25,Bodø/Glimt,Maccabi Tel Aviv,3-1,H,Continental,Wikipedia rendered HTML,2024–25 UEFA Europa League league phase
2025-01-23,UEFA,UEFA 2nd Division,2,2024–25,Eintracht Frankfurt,Ferencváros,2-0,H,Continental,Wikipedia rendered HTML,2024–25 UEFA Europa League league phase
2025-01-23,UEFA,UEFA 2nd Division,2,2024–25,Fenerbahçe,Lyon,0-0,D,Continental,Wikipedia rendered HTML,2024–25 UEFA Europa League league phase
2025-01-23,UEFA,UEFA 2nd Division,2,2024–25,IF Elfsborg,Nice,1-0,H,Continental,Wikipedia rendered HTML,2024–25 UEFA Europa League league phase
2025-01-23,UEFA,UEFA 2nd Division,2,2024–25,Lazio,Real Sociedad,3-1,H,Continental,Wikipedia rendered HTML,2024–25 UEFA Europa League league phase
2025-01-23,UEFA,UEFA 2nd Division,2,2024–25,Ludogorets Razgrad,Midtjylland,0-2,A,Continental,Wikipedia rendered HTML,2024–25 UEFA Europa League league phase
2025-01-23,UEFA,UEFA 2nd Division,2,2024–25,Malmö FF,Twente,2-3,A,Continental,Wikipedia rendered HTML,2024–25 UEFA Europa League league phase
2025-01-23,UEFA,UEFA 2nd Division,2,2024–25,Manchester United,Rangers,2-1,H,Continental,Wikipedia rendered HTML,2024–25 UEFA Europa League league phase
2025-01-23,UEFA,UEFA 2nd Division,2,2024–25,PAOK,Slavia Prague,2-0,H,Continental,Wikipedia rendered HTML,2024–25 UEFA Europa League league phase
2025-01-23,UEFA,UEFA 2nd Division,2,2024–25,Porto,Olympiacos,0-1,A,Continental,Wikipedia rendered HTML,2024–25 UEFA Europa League league phase
2025-01-23,UEFA,UEFA 2nd Division,2,2024–25,Qarabağ,FCSB,2-3,A,Continental,Wikipedia rendered HTML,2024–25 UEFA Europa League league phase
2025-01-23,UEFA,UEFA 2nd Division,2,2024–25,RFS,Ajax,1-0,H,Continental,Wikipedia rendered HTML,2024–25 UEFA Europa League league phase
2025-01-23,UEFA,UEFA 2nd Division,2,2024–25,TSG Hoffenheim,Tottenham Hotspur,2-3,A,Continental,Wikipedia rendered HTML,2024–25 UEFA Europa League league phase
2025-01-23,UEFA,UEFA 2nd Division,2,2024–25,Union Saint-Gilloise,Braga,2-1,H,Continental,Wikipedia rendered HTML,2024–25 UEFA Europa League league phase
2025-01-23,UEFA,UEFA 2nd Division,2,2024–25,Viktoria Plzeň,Anderlecht,2-0,H,Continental,Wikipedia rendered HTML,2024–25 UEFA Europa League league phase
2025-01-30,UEFA,UEFA 2nd Division,2,2024–25,Ajax,Galatasaray,2-1,H,Continental,Wikipedia rendered HTML,2024–25 UEFA Europa League league phase
2025-01-30,UEFA,UEFA 2nd Division,2,2024–25,Anderlecht,TSG Hoffenheim,3-4,A,Continental,Wikipedia rendered HTML,2024–25 UEFA Europa League league phase
2025-01-30,UEFA,UEFA 2nd Division,2,2024–25,Athletic Bilbao,Viktoria Plzeň,3-1,H,Continental,Wikipedia rendered HTML,2024–25 UEFA Europa League league phase
2025-01-30,UEFA,UEFA 2nd Division,2,2024–25,Braga,Lazio,1-0,H,Continental,Wikipedia rendered HTML,2024–25 UEFA Europa League league phase
2025-01-30,UEFA,UEFA 2nd Division,2,2024–25,Dynamo Kyiv,RFS,1-0,H,Continental,Wikipedia rendered HTML,2024–25 UEFA Europa League league phase
2025-01-30,UEFA,UEFA 2nd Division,2,2024–25,FCSB,Manchester United,0-2,A,Continental,Wikipedia rendered HTML,2024–25 UEFA Europa League league phase
2025-01-30,UEFA,UEFA 2nd Division,2,2024–25,Ferencváros,AZ,4-3,H,Continental,Wikipedia rendered HTML,2024–25 UEFA Europa League league phase
2025-01-30,UEFA,UEFA 2nd Division,2,2024–25,Lyon,Ludogorets Razgrad,1-1,D,Continental,Wikipedia rendered HTML,2024–25 UEFA Europa League league phase
2025-01-30,UEFA,UEFA 2nd Division,2,2024–25,Maccabi Tel Aviv,Porto,0-1,A,Continental,Wikipedia rendered HTML,2024–25 UEFA Europa League league phase
2025-01-30,UEFA,UEFA 2nd Division,2,2024–25,Midtjylland,Fenerbahçe,2-2,D,Continental,Wikipedia rendered HTML,2024–25 UEFA Europa League league phase
2025-01-30,UEFA,UEFA 2nd Division,2,2024–25,Nice,Bodø/Glimt,1-1,D,Continental,Wikipedia rendered HTML,2024–25 UEFA Europa League league phase
2025-01-30,UEFA,UEFA 2nd Division,2,2024–25,Olympiacos,Qarabağ,3-0,H,Continental,Wikipedia rendered HTML,2024–25 UEFA Europa League league phase
2025-01-30,UEFA,UEFA 2nd Division,2,2024–25,Rangers,Union Saint-Gilloise,2-1,H,Continental,Wikipedia rendered HTML,2024–25 UEFA Europa League league phase
2025-01-30,UEFA,UEFA 2nd Division,2,2024–25,Real Sociedad,PAOK,2-0,H,Continental,Wikipedia rendered HTML,2024–25 UEFA Europa League league phase
2025-01-30,UEFA,UEFA 2nd Division,2,2024–25,Roma,Eintracht Frankfurt,2-0,H,Continental,Wikipedia rendered HTML,2024–25 UEFA Europa League league phase
2025-01-30,UEFA,UEFA 2nd Division,2,2024–25,Slavia Prague,Malmö FF,2-2,D,Continental,Wikipedia rendered HTML,2024–25 UEFA Europa League league phase
2025-01-30,UEFA,UEFA 2nd Division,2,2024–25,Tottenham Hotspur,IF Elfsborg,3-0,H,Continental,Wikipedia rendered HTML,2024–25 UEFA Europa League league phase
2025-01-30,UEFA,UEFA 2nd Division,2,2024–25,Twente,Beşiktaş,1-0,H,Continental,Wikipedia rendered HTML,2024–25 UEFA Europa League league phase
2025-02-13,UEFA,UEFA 2nd Division,2,2024–25,AZ,Galatasaray,4-1,H,Continental,Wikipedia,2024–25 UEFA Europa League knockout phase
2025-02-13,UEFA,UEFA 2nd Division,2,2024–25,Fenerbahçe,Anderlecht,3-0,H,Continental,Wikipedia,2024–25 UEFA Europa League knockout phase
2025-02-13,UEFA,UEFA 2nd Division,2,2024–25,Ferencváros,Viktoria Plzeň,1-0,H,Continental,Wikipedia,2024–25 UEFA Europa League knockout phase
2025-02-13,UEFA,UEFA 2nd Division,2,2024–25,Midtjylland,Real Sociedad,1-2,A,Continental,Wikipedia,2024–25 UEFA Europa League knockout phase
2025-02-13,UEFA,UEFA 2nd Division,2,2024–25,PAOK,FCSB,1-2,A,Continental,Wikipedia,2024–25 UEFA Europa League knockout phase
2025-02-13,UEFA,UEFA 2nd Division,2,2024–25,Porto,Roma,1-1,D,Continental,Wikipedia,2024–25 UEFA Europa League knockout phase
2025-02-13,UEFA,UEFA 2nd Division,2,2024–25,Twente,Bodø/Glimt,2-1,H,Continental,Wikipedia,2024–25 UEFA Europa League knockout phase
2025-02-13,UEFA,UEFA 2nd Division,2,2024–25,Union Saint-Gilloise,Ajax,0-2,A,Continental,Wikipedia,2024–25 UEFA Europa League knockout phase
2025-02-20,UEFA,UEFA 2nd Division,2,2024–25,Ajax,Union Saint-Gilloise,1-2,A,Continental,Wikipedia,2024–25 UEFA Europa League knockout phase
2025-02-20,UEFA,UEFA 2nd Division,2,2024–25,Anderlecht,Fenerbahçe,2-2,D,Continental,Wikipedia,2024–25 UEFA Europa League knockout phase
2025-02-20,UEFA,UEFA 2nd Division,2,2024–25,Bodø/Glimt,Twente,5-2,H,Continental,Wikipedia,2024–25 UEFA Europa League knockout phase
2025-02-20,UEFA,UEFA 2nd Division,2,2024–25,FCSB,PAOK,2-0,H,Continental,Wikipedia,2024–25 UEFA Europa League knockout phase
2025-02-20,UEFA,UEFA 2nd Division,2,2024–25,Galatasaray,AZ,2-2,D,Continental,Wikipedia,2024–25 UEFA Europa League knockout phase
2025-02-20,UEFA,UEFA 2nd Division,2,2024–25,Real Sociedad,Midtjylland,5-2,H,Continental,Wikipedia,2024–25 UEFA Europa League knockout phase
2025-02-20,UEFA,UEFA 2nd Division,2,2024–25,Roma,Porto,3-2,H,Continental,Wikipedia,2024–25 UEFA Europa League knockout phase
2025-02-20,UEFA,UEFA 2nd Division,2,2024–25,Viktoria Plzeň,Ferencváros,3-0,H,Continental,Wikipedia,2024–25 UEFA Europa League knockout phase
2025-03-06,UEFA,UEFA 2nd Division,2,2024–25,AZ,Tottenham Hotspur,1-0,H,Continental,Wikipedia,2024–25 UEFA Europa League knockout phase
2025-03-06,UEFA,UEFA 2nd Division,2,2024–25,Ajax,Eintracht Frankfurt,1-2,A,Continental,Wikipedia,2024–25 UEFA Europa League knockout phase
2025-03-06,UEFA,UEFA 2nd Division,2,2024–25,Bodø/Glimt,Olympiacos,3-0,H,Continental,Wikipedia,2024–25 UEFA Europa League knockout phase
2025-03-06,UEFA,UEFA 2nd Division,2,2024–25,FCSB,Lyon,1-3,A,Continental,Wikipedia,2024–25 UEFA Europa League knockout phase
2025-03-06,UEFA,UEFA 2nd Division,2,2024–25,Fenerbahçe,Rangers,1-3,A,Continental,Wikipedia,2024–25 UEFA Europa League knockout phase
2025-03-06,UEFA,UEFA 2nd Division,2,2024–25,Real Sociedad,Manchester United,1-1,D,Continental,Wikipedia,2024–25 UEFA Europa League knockout phase
2025-03-06,UEFA,UEFA 2nd Division,2,2024–25,Roma,Athletic Bilbao,2-1,H,Continental,Wikipedia,2024–25 UEFA Europa League knockout phase
2025-03-06,UEFA,UEFA 2nd Division,2,2024–25,Viktoria Plzeň,Lazio,1-2,A,Continental,Wikipedia,2024–25 UEFA Europa League knockout phase
2025-03-13,UEFA,UEFA 2nd Division,2,2024–25,Athletic Bilbao,Roma,3-1,H,Continental,Wikipedia,2024–25 UEFA Europa League knockout phase
2025-03-13,UEFA,UEFA 2nd Division,2,2024–25,Eintracht Frankfurt,Ajax,4-1,H,Continental,Wikipedia,2024–25 UEFA Europa League knockout phase
2025-03-13,UEFA,UEFA 2nd Division,2,2024–25,Lazio,Viktoria Plzeň,1-1,D,Continental,Wikipedia,2024–25 UEFA Europa League knockout phase
2025-03-13,UEFA,UEFA 2nd Division,2,2024–25,Lyon,FCSB,4-0,H,Continental,Wikipedia,2024–25 UEFA Europa League knockout phase
2025-03-13,UEFA,UEFA 2nd Division,2,2024–25,Manchester United,Real Sociedad,4-1,H,Continental,Wikipedia,2024–25 UEFA Europa League knockout phase
2025-03-13,UEFA,UEFA 2nd Division,2,2024–25,Olympiacos,Bodø/Glimt,2-1,H,Continental,Wikipedia,2024–25 UEFA Europa League knockout phase
2025-03-13,UEFA,UEFA 2nd Division,2,2024–25,Rangers,Fenerbahçe,0-2,A,Continental,Wikipedia,2024–25 UEFA Europa League knockout phase
2025-03-13,UEFA,UEFA 2nd Division,2,2024–25,Tottenham Hotspur,AZ,3-1,H,Continental,Wikipedia,2024–25 UEFA Europa League knockout phase
2025-04-10,UEFA,UEFA 2nd Division,2,2024–25,Bodø/Glimt,Lazio,2-0,H,Continental,Wikipedia,2024–25 UEFA Europa League knockout phase
2025-04-10,UEFA,UEFA 2nd Division,2,2024–25,Lyon,Manchester United,2-2,D,Continental,Wikipedia,2024–25 UEFA Europa League knockout phase
2025-04-10,UEFA,UEFA 2nd Division,2,2024–25,Rangers,Athletic Bilbao,0-0,D,Continental,Wikipedia,2024–25 UEFA Europa League knockout phase
2025-04-10,UEFA,UEFA 2nd Division,2,2024–25,Tottenham Hotspur,Eintracht Frankfurt,1-1,D,Continental,Wikipedia,2024–25 UEFA Europa League knockout phase
2025-04-17,UEFA,UEFA 2nd Division,2,2024–25,Athletic Bilbao,Rangers,2-0,H,Continental,Wikipedia,2024–25 UEFA Europa League knockout phase
2025-04-17,UEFA,UEFA 2nd Division,2,2024–25,Eintracht Frankfurt,Tottenham Hotspur,0-1,A,Continental,Wikipedia,2024–25 UEFA Europa League knockout phase
2025-04-17,UEFA,UEFA 2nd Division,2,2024–25,Lazio,Bodø/Glimt,3-1,H,Continental,Wikipedia,2024–25 UEFA Europa League knockout phase
2025-04-17,UEFA,UEFA 2nd Division,2,2024–25,Manchester United,Lyon,5-4,H,Continental,Wikipedia,2024–25 UEFA Europa League knockout phase
2025-05-01,UEFA,UEFA 2nd Division,2,2024–25,Athletic Bilbao,Manchester United,0-3,A,Continental,Wikipedia,2024–25 UEFA Europa League knockout phase
2025-05-01,UEFA,UEFA 2nd Division,2,2024–25,Tottenham Hotspur,Bodø/Glimt,3-1,H,Continental,Wikipedia,2024–25 UEFA Europa League knockout phase
2025-05-08,UEFA,UEFA 2nd Division,2,2024–25,Bodø/Glimt,Tottenham Hotspur,0-2,A,Continental,Wikipedia,2024–25 UEFA Europa League knockout phase
2025-05-08,UEFA,UEFA 2nd Division,2,2024–25,Manchester United,Athletic Bilbao,4-1,H,Continental,Wikipedia,2024–25 UEFA Europa League knockout phase
2025-05-21,UEFA,UEFA 2nd Division,2,2024–25,Tottenham Hotspur,Manchester United,1-0,H,Continental,UEFA verified,2025 UEFA Europa League final
2025-07-10,UEFA,UEFA 2nd Division,2,2025–26,AEK Larnaca,Partizan,1-0,H,Continental,Wikipedia,2025–26 UEFA Europa League qualifying
2025-07-10,UEFA,UEFA 2nd Division,2,2025–26,Legia Warsaw,Aktobe,1-0,H,Continental,Wikipedia,2025–26 UEFA Europa League qualifying
2025-07-10,UEFA,UEFA 2nd Division,2,2025–26,Levski Sofia,Hapoel Be'er Sheva,0-0,D,Continental,Wikipedia,2025–26 UEFA Europa League qualifying
2025-07-10,UEFA,UEFA 2nd Division,2,2025–26,Paks,CFR Cluj,0-0,D,Continental,Wikipedia,2025–26 UEFA Europa League qualifying
2025-07-10,UEFA,UEFA 2nd Division,2,2025–26,Sabah,Celje,2-3,A,Continental,Wikipedia,2025–26 UEFA Europa League qualifying
2025-07-10,UEFA,UEFA 2nd Division,2,2025–26,Shakhtar Donetsk,Ilves,6-0,H,Continental,Wikipedia,2025–26 UEFA Europa League qualifying
2025-07-10,UEFA,UEFA 2nd Division,2,2025–26,Sheriff Tiraspol,Prishtina,4-0,H,Continental,Wikipedia,2025–26 UEFA Europa League qualifying
2025-07-10,UEFA,UEFA 2nd Division,2,2025–26,Spartak Trnava,BK Häcken,0-1,A,Continental,Wikipedia,2025–26 UEFA Europa League qualifying
2025-07-17,UEFA,UEFA 2nd Division,2,2025–26,Aktobe,Legia Warsaw,0-1,A,Continental,Wikipedia,2025–26 UEFA Europa League qualifying
2025-07-17,UEFA,UEFA 2nd Division,2,2025–26,BK Häcken,Spartak Trnava,2-2,D,Continental,Wikipedia,2025–26 UEFA Europa League qualifying
2025-07-17,UEFA,UEFA 2nd Division,2,2025–26,CFR Cluj,Paks,3-0,H,Continental,Wikipedia,2025–26 UEFA Europa League qualifying
2025-07-17,UEFA,UEFA 2nd Division,2,2025–26,Celje,Sabah,3-3,D,Continental,Wikipedia,2025–26 UEFA Europa League qualifying
2025-07-17,UEFA,UEFA 2nd Division,2,2025–26,Hapoel Be'er Sheva,Levski Sofia,1-1,D,Continental,Wikipedia,2025–26 UEFA Europa League qualifying
2025-07-17,UEFA,UEFA 2nd Division,2,2025–26,Ilves,Shakhtar Donetsk,0-0,D,Continental,Wikipedia,2025–26 UEFA Europa League qualifying
2025-07-17,UEFA,UEFA 2nd Division,2,2025–26,Partizan,AEK Larnaca,2-1,H,Continental,Wikipedia,2025–26 UEFA Europa League qualifying
2025-07-17,UEFA,UEFA 2nd Division,2,2025–26,Prishtina,Sheriff Tiraspol,2-1,H,Continental,Wikipedia,2025–26 UEFA Europa League qualifying
2025-07-24,UEFA,UEFA 2nd Division,2,2025–26,Anderlecht,BK Häcken,1-0,H,Continental,Wikipedia,2025–26 UEFA Europa League qualifying
2025-07-24,UEFA,UEFA 2nd Division,2,2025–26,Baník Ostrava,Legia Warsaw,2-2,D,Continental,Wikipedia,2025–26 UEFA Europa League qualifying
2025-07-24,UEFA,UEFA 2nd Division,2,2025–26,Beşiktaş,Shakhtar Donetsk,2-4,A,Continental,Wikipedia,2025–26 UEFA Europa League qualifying
2025-07-24,UEFA,UEFA 2nd Division,2,2025–26,Celje,AEK Larnaca,1-1,D,Continental,Wikipedia,2025–26 UEFA Europa League qualifying
2025-07-24,UEFA,UEFA 2nd Division,2,2025–26,Levski Sofia,Braga,0-0,D,Continental,Wikipedia,2025–26 UEFA Europa League qualifying
2025-07-24,UEFA,UEFA 2nd Division,2,2025–26,Lugano,CFR Cluj,0-0,D,Continental,Wikipedia,2025–26 UEFA Europa League qualifying
2025-07-24,UEFA,UEFA 2nd Division,2,2025–26,Midtjylland,Hibernian,1-1,D,Continental,Wikipedia,2025–26 UEFA Europa League qualifying
2025-07-24,UEFA,UEFA 2nd Division,2,2025–26,Sheriff Tiraspol,Utrecht,1-3,A,Continental,Wikipedia,2025–26 UEFA Europa League qualifying
2025-07-31,UEFA,UEFA 2nd Division,2,2025–26,AEK Larnaca,Celje,2-1,H,Continental,Wikipedia,2025–26 UEFA Europa League qualifying
2025-07-31,UEFA,UEFA 2nd Division,2,2025–26,BK Häcken,Anderlecht,2-1,H,Continental,Wikipedia,2025–26 UEFA Europa League qualifying
2025-07-31,UEFA,UEFA 2nd Division,2,2025–26,Braga,Levski Sofia,1-0,H,Continental,Wikipedia,2025–26 UEFA Europa League qualifying
2025-07-31,UEFA,UEFA 2nd Division,2,2025–26,CFR Cluj,Lugano,1-0,H,Continental,Wikipedia,2025–26 UEFA Europa League qualifying
2025-07-31,UEFA,UEFA 2nd Division,2,2025–26,Hibernian,Midtjylland,1-2,A,Continental,Wikipedia,2025–26 UEFA Europa League qualifying
2025-07-31,UEFA,UEFA 2nd Division,2,2025–26,Legia Warsaw,Baník Ostrava,2-1,H,Continental,Wikipedia,2025–26 UEFA Europa League qualifying
2025-07-31,UEFA,UEFA 2nd Division,2,2025–26,Shakhtar Donetsk,Beşiktaş,2-0,H,Continental,Wikipedia,2025–26 UEFA Europa League qualifying
2025-07-31,UEFA,UEFA 2nd Division,2,2025–26,Utrecht,Sheriff Tiraspol,4-1,H,Continental,Wikipedia,2025–26 UEFA Europa League qualifying
2025-08-05,UEFA,UEFA 2nd Division,2,2025–26,Hamrun Spartans,Maccabi Tel Aviv,1-2,A,Continental,Wikipedia,2025–26 UEFA Europa League qualifying
2025-08-06,UEFA,UEFA 2nd Division,2,2025–26,RFS,KuPS,1-2,A,Continental,Wikipedia,2025–26 UEFA Europa League qualifying
2025-08-06,UEFA,UEFA 2nd Division,2,2025–26,Rijeka,Shelbourne,1-2,A,Continental,Wikipedia,2025–26 UEFA Europa League qualifying
2025-08-07,UEFA,UEFA 2nd Division,2,2025–26,AEK Larnaca,Legia Warsaw,4-1,H,Continental,Wikipedia,2025–26 UEFA Europa League qualifying
2025-08-07,UEFA,UEFA 2nd Division,2,2025–26,BK Häcken,Brann,0-2,A,Continental,Wikipedia,2025–26 UEFA Europa League qualifying
2025-08-07,UEFA,UEFA 2nd Division,2,2025–26,CFR Cluj,Braga,1-2,A,Continental,Wikipedia,2025–26 UEFA Europa League qualifying
2025-08-07,UEFA,UEFA 2nd Division,2,2025–26,FCSB,Drita,3-2,H,Continental,Wikipedia,2025–26 UEFA Europa League qualifying
2025-08-07,UEFA,UEFA 2nd Division,2,2025–26,Fredrikstad,Midtjylland,1-3,A,Continental,Wikipedia,2025–26 UEFA Europa League qualifying
2025-08-07,UEFA,UEFA 2nd Division,2,2025–26,Lincoln Red Imps,Noah,1-1,D,Continental,Wikipedia,2025–26 UEFA Europa League qualifying
2025-08-07,UEFA,UEFA 2nd Division,2,2025–26,PAOK,Wolfsberger AC,0-0,D,Continental,Wikipedia,2025–26 UEFA Europa League qualifying
2025-08-07,UEFA,UEFA 2nd Division,2,2025–26,Panathinaikos,Shakhtar Donetsk,0-0,D,Continental,Wikipedia,2025–26 UEFA Europa League qualifying
2025-08-07,UEFA,UEFA 2nd Division,2,2025–26,Servette,Utrecht,1-3,A,Continental,Wikipedia,2025–26 UEFA Europa League qualifying
2025-08-07,UEFA,UEFA 2nd Division,2,2025–26,Zrinjski Mostar,Breiðablik,1-1,D,Continental,Wikipedia,2025–26 UEFA Europa League qualifying
2025-08-12,UEFA,UEFA 2nd Division,2,2025–26,Shelbourne,Rijeka,1-3,A,Continental,Wikipedia,2025–26 UEFA Europa League qualifying
2025-08-14,UEFA,UEFA 2nd Division,2,2025–26,Braga,CFR Cluj,2-0,H,Continental,Wikipedia,2025–26 UEFA Europa League qualifying
2025-08-14,UEFA,UEFA 2nd Division,2,2025–26,Brann,BK Häcken,0-1,A,Continental,Wikipedia,2025–26 UEFA Europa League qualifying
2025-08-14,UEFA,UEFA 2nd Division,2,2025–26,Breiðablik,Zrinjski Mostar,1-2,A,Continental,Wikipedia,2025–26 UEFA Europa League qualifying
2025-08-14,UEFA,UEFA 2nd Division,2,2025–26,Drita,FCSB,1-3,A,Continental,Wikipedia,2025–26 UEFA Europa League qualifying
2025-08-14,UEFA,UEFA 2nd Division,2,2025–26,KuPS,RFS,1-0,H,Continental,Wikipedia,2025–26 UEFA Europa League qualifying
2025-08-14,UEFA,UEFA 2nd Division,2,2025–26,Legia Warsaw,AEK Larnaca,2-1,H,Continental,Wikipedia,2025–26 UEFA Europa League qualifying
2025-08-14,UEFA,UEFA 2nd Division,2,2025–26,Maccabi Tel Aviv,Hamrun Spartans,3-1,H,Continental,Wikipedia,2025–26 UEFA Europa League qualifying
2025-08-14,UEFA,UEFA 2nd Division,2,2025–26,Midtjylland,Fredrikstad,2-0,H,Continental,Wikipedia,2025–26 UEFA Europa League qualifying
2025-08-14,UEFA,UEFA 2nd Division,2,2025–26,Noah,Lincoln Red Imps,0-0,D,Continental,Wikipedia,2025–26 UEFA Europa League qualifying
2025-08-14,UEFA,UEFA 2nd Division,2,2025–26,Shakhtar Donetsk,Panathinaikos,0-0,D,Continental,Wikipedia,2025–26 UEFA Europa League qualifying
2025-08-14,UEFA,UEFA 2nd Division,2,2025–26,Utrecht,Servette,2-1,H,Continental,Wikipedia,2025–26 UEFA Europa League qualifying
2025-08-14,UEFA,UEFA 2nd Division,2,2025–26,Wolfsberger AC,PAOK,0-1,A,Continental,Wikipedia,2025–26 UEFA Europa League qualifying
2025-08-21,UEFA,UEFA 2nd Division,2,2025–26,Aberdeen,FCSB,2-2,D,Continental,Wikipedia,2025–26 UEFA Europa League qualifying
2025-08-21,UEFA,UEFA 2nd Division,2,2025–26,Brann,AEK Larnaca,2-1,H,Continental,Wikipedia,2025–26 UEFA Europa League qualifying
2025-08-21,UEFA,UEFA 2nd Division,2,2025–26,Lech Poznań,Genk,1-5,A,Continental,Wikipedia,2025–26 UEFA Europa League qualifying
2025-08-21,UEFA,UEFA 2nd Division,2,2025–26,Lincoln Red Imps,Braga,0-4,A,Continental,Wikipedia,2025–26 UEFA Europa League qualifying
2025-08-21,UEFA,UEFA 2nd Division,2,2025–26,Maccabi Tel Aviv,Dynamo Kyiv,3-1,H,Continental,Wikipedia,2025–26 UEFA Europa League qualifying
2025-08-21,UEFA,UEFA 2nd Division,2,2025–26,Malmö FF,Sigma Olomouc,3-0,H,Continental,Wikipedia,2025–26 UEFA Europa League qualifying
2025-08-21,UEFA,UEFA 2nd Division,2,2025–26,Midtjylland,KuPS,4-0,H,Continental,Wikipedia,2025–26 UEFA Europa League qualifying
2025-08-21,UEFA,UEFA 2nd Division,2,2025–26,Panathinaikos,Samsunspor,2-1,H,Continental,Wikipedia,2025–26 UEFA Europa League qualifying
2025-08-21,UEFA,UEFA 2nd Division,2,2025–26,Rijeka,PAOK,1-0,H,Continental,Wikipedia,2025–26 UEFA Europa League qualifying
2025-08-21,UEFA,UEFA 2nd Division,2,2025–26,Shkëndija,Ludogorets Razgrad,2-1,H,Continental,Wikipedia,2025–26 UEFA Europa League qualifying
2025-08-21,UEFA,UEFA 2nd Division,2,2025–26,Slovan Bratislava,Young Boys,0-1,A,Continental,Wikipedia,2025–26 UEFA Europa League qualifying
2025-08-21,UEFA,UEFA 2nd Division,2,2025–26,Zrinjski Mostar,Utrecht,0-2,A,Continental,Wikipedia,2025–26 UEFA Europa League qualifying
2025-08-27,UEFA,UEFA 2nd Division,2,2025–26,AEK Larnaca,Brann,0-4,A,Continental,Wikipedia,2025–26 UEFA Europa League qualifying
2025-08-28,UEFA,UEFA 2nd Division,2,2025–26,Braga,Lincoln Red Imps,5-1,H,Continental,Wikipedia,2025–26 UEFA Europa League qualifying
2025-08-28,UEFA,UEFA 2nd Division,2,2025–26,Dynamo Kyiv,Maccabi Tel Aviv,1-0,H,Continental,Wikipedia,2025–26 UEFA Europa League qualifying
2025-08-28,UEFA,UEFA 2nd Division,2,2025–26,FCSB,Aberdeen,3-0,H,Continental,Wikipedia,2025–26 UEFA Europa League qualifying
2025-08-28,UEFA,UEFA 2nd Division,2,2025–26,Genk,Lech Poznań,1-2,A,Continental,Wikipedia,2025–26 UEFA Europa League qualifying
2025-08-28,UEFA,UEFA 2nd Division,2,2025–26,KuPS,Midtjylland,0-2,A,Continental,Wikipedia,2025–26 UEFA Europa League qualifying
2025-08-28,UEFA,UEFA 2nd Division,2,2025–26,Ludogorets Razgrad,Shkëndija,4-1,H,Continental,Wikipedia,2025–26 UEFA Europa League qualifying
2025-08-28,UEFA,UEFA 2nd Division,2,2025–26,PAOK,Rijeka,5-0,H,Continental,Wikipedia,2025–26 UEFA Europa League qualifying
2025-08-28,UEFA,UEFA 2nd Division,2,2025–26,Samsunspor,Panathinaikos,0-0,D,Continental,Wikipedia,2025–26 UEFA Europa League qualifying
2025-08-28,UEFA,UEFA 2nd Division,2,2025–26,Sigma Olomouc,Malmö FF,0-2,A,Continental,Wikipedia,2025–26 UEFA Europa League qualifying
2025-08-28,UEFA,UEFA 2nd Division,2,2025–26,Utrecht,Zrinjski Mostar,0-0,D,Continental,Wikipedia,2025–26 UEFA Europa League qualifying
2025-08-28,UEFA,UEFA 2nd Division,2,2025–26,Young Boys,Slovan Bratislava,3-2,H,Continental,Wikipedia,2025–26 UEFA Europa League qualifying
2025-09-24,UEFA,UEFA 2nd Division,2,2025–26,Braga,Feyenoord,1-0,H,Continental,Wikipedia rendered HTML,2025–26 UEFA Europa League league phase
2025-09-24,UEFA,UEFA 2nd Division,2,2025–26,Dinamo Zagreb,Fenerbahçe,3-1,H,Continental,Wikipedia rendered HTML,2025–26 UEFA Europa League league phase
2025-09-24,UEFA,UEFA 2nd Division,2,2025–26,Malmö FF,Ludogorets Razgrad,1-2,A,Continental,Wikipedia rendered HTML,2025–26 UEFA Europa League league phase
2025-09-24,UEFA,UEFA 2nd Division,2,2025–26,Midtjylland,Sturm Graz,2-0,H,Continental,Wikipedia rendered HTML,2025–26 UEFA Europa League league phase
2025-09-24,UEFA,UEFA 2nd Division,2,2025–26,Nice,Roma,1-2,A,Continental,Wikipedia rendered HTML,2025–26 UEFA Europa League league phase
2025-09-24,UEFA,UEFA 2nd Division,2,2025–26,PAOK,Maccabi Tel Aviv,0-0,D,Continental,Wikipedia rendered HTML,2025–26 UEFA Europa League league phase
2025-09-24,UEFA,UEFA 2nd Division,2,2025–26,Real Betis,Nottingham Forest,2-2,D,Continental,Wikipedia rendered HTML,2025–26 UEFA Europa League league phase
2025-09-24,UEFA,UEFA 2nd Division,2,2025–26,Red Star Belgrade,Celtic,1-1,D,Continental,Wikipedia rendered HTML,2025–26 UEFA Europa League league phase
2025-09-24,UEFA,UEFA 2nd Division,2,2025–26,SC Freiburg,Basel,2-1,H,Continental,Wikipedia rendered HTML,2025–26 UEFA Europa League league phase
2025-09-25,UEFA,UEFA 2nd Division,2,2025–26,Aston Villa,Bologna,1-0,H,Continental,Wikipedia rendered HTML,2025–26 UEFA Europa League league phase
2025-09-25,UEFA,UEFA 2nd Division,2,2025–26,Ferencváros,Viktoria Plzeň,1-1,D,Continental,Wikipedia rendered HTML,2025–26 UEFA Europa League league phase
2025-09-25,UEFA,UEFA 2nd Division,2,2025–26,Go Ahead Eagles,FCSB,0-1,A,Continental,Wikipedia rendered HTML,2025–26 UEFA Europa League league phase
2025-09-25,UEFA,UEFA 2nd Division,2,2025–26,Lille,Brann,2-1,H,Continental,Wikipedia rendered HTML,2025–26 UEFA Europa League league phase
2025-09-25,UEFA,UEFA 2nd Division,2,2025–26,Rangers,Genk,0-1,A,Continental,Wikipedia rendered HTML,2025–26 UEFA Europa League league phase
2025-09-25,UEFA,UEFA 2nd Division,2,2025–26,Red Bull Salzburg,Porto,0-1,A,Continental,Wikipedia rendered HTML,2025–26 UEFA Europa League league phase
2025-09-25,UEFA,UEFA 2nd Division,2,2025–26,Utrecht,Lyon,0-1,A,Continental,Wikipedia rendered HTML,2025–26 UEFA Europa League league phase
2025-09-25,UEFA,UEFA 2nd Division,2,2025–26,VfB Stuttgart,Celta Vigo,2-1,H,Continental,Wikipedia rendered HTML,2025–26 UEFA Europa League league phase
2025-09-25,UEFA,UEFA 2nd Division,2,2025–26,Young Boys,Panathinaikos,1-4,A,Continental,Wikipedia rendered HTML,2025–26 UEFA Europa League league phase
2025-10-02,UEFA,UEFA 2nd Division,2,2025–26,Basel,VfB Stuttgart,2-0,H,Continental,Wikipedia rendered HTML,2025–26 UEFA Europa League league phase
2025-10-02,UEFA,UEFA 2nd Division,2,2025–26,Bologna,SC Freiburg,1-1,D,Continental,Wikipedia rendered HTML,2025–26 UEFA Europa League league phase
2025-10-02,UEFA,UEFA 2nd Division,2,2025–26,Brann,Utrecht,1-0,H,Continental,Wikipedia rendered HTML,2025–26 UEFA Europa League league phase
2025-10-02,UEFA,UEFA 2nd Division,2,2025–26,Celta Vigo,PAOK,3-1,H,Continental,Wikipedia rendered HTML,2025–26 UEFA Europa League league phase
2025-10-02,UEFA,UEFA 2nd Division,2,2025–26,Celtic,Braga,0-2,A,Continental,Wikipedia rendered HTML,2025–26 UEFA Europa League league phase
2025-10-02,UEFA,UEFA 2nd Division,2,2025–26,FCSB,Young Boys,0-2,A,Continental,Wikipedia rendered HTML,2025–26 UEFA Europa League league phase
2025-10-02,UEFA,UEFA 2nd Division,2,2025–26,Fenerbahçe,Nice,2-1,H,Continental,Wikipedia rendered HTML,2025–26 UEFA Europa League league phase
2025-10-02,UEFA,UEFA 2nd Division,2,2025–26,Feyenoord,Aston Villa,0-2,A,Continental,Wikipedia rendered HTML,2025–26 UEFA Europa League league phase
2025-10-02,UEFA,UEFA 2nd Division,2,2025–26,Genk,Ferencváros,0-1,A,Continental,Wikipedia rendered HTML,2025–26 UEFA Europa League league phase
2025-10-02,UEFA,UEFA 2nd Division,2,2025–26,Ludogorets Razgrad,Real Betis,0-2,A,Continental,Wikipedia rendered HTML,2025–26 UEFA Europa League league phase
2025-10-02,UEFA,UEFA 2nd Division,2,2025–26,Lyon,Red Bull Salzburg,2-0,H,Continental,Wikipedia rendered HTML,2025–26 UEFA Europa League league phase
2025-10-02,UEFA,UEFA 2nd Division,2,2025–26,Maccabi Tel Aviv,Dinamo Zagreb,1-3,A,Continental,Wikipedia rendered HTML,2025–26 UEFA Europa League league phase
2025-10-02,UEFA,UEFA 2nd Division,2,2025–26,Nottingham Forest,Midtjylland,2-3,A,Continental,Wikipedia rendered HTML,2025–26 UEFA Europa League league phase
2025-10-02,UEFA,UEFA 2nd Division,2,2025–26,Panathinaikos,Go Ahead Eagles,1-2,A,Continental,Wikipedia rendered HTML,2025–26 UEFA Europa League league phase
2025-10-02,UEFA,UEFA 2nd Division,2,2025–26,Porto,Red Star Belgrade,2-1,H,Continental,Wikipedia rendered HTML,2025–26 UEFA Europa League league phase
2025-10-02,UEFA,UEFA 2nd Division,2,2025–26,Roma,Lille,0-1,A,Continental,Wikipedia rendered HTML,2025–26 UEFA Europa League league phase
2025-10-02,UEFA,UEFA 2nd Division,2,2025–26,Sturm Graz,Rangers,2-1,H,Continental,Wikipedia rendered HTML,2025–26 UEFA Europa League league phase
2025-10-02,UEFA,UEFA 2nd Division,2,2025–26,Viktoria Plzeň,Malmö FF,3-0,H,Continental,Wikipedia rendered HTML,2025–26 UEFA Europa League league phase
2025-10-23,UEFA,UEFA 2nd Division,2,2025–26,Braga,Red Star Belgrade,2-0,H,Continental,Wikipedia rendered HTML,2025–26 UEFA Europa League league phase
2025-10-23,UEFA,UEFA 2nd Division,2,2025–26,Brann,Rangers,3-0,H,Continental,Wikipedia rendered HTML,2025–26 UEFA Europa League league phase
2025-10-23,UEFA,UEFA 2nd Division,2,2025–26,Celta Vigo,Nice,2-1,H,Continental,Wikipedia rendered HTML,2025–26 UEFA Europa League league phase
2025-10-23,UEFA,UEFA 2nd Division,2,2025–26,Celtic,Sturm Graz,2-1,H,Continental,Wikipedia rendered HTML,2025–26 UEFA Europa League league phase
2025-10-23,UEFA,UEFA 2nd Division,2,2025–26,FCSB,Bologna,1-2,A,Continental,Wikipedia rendered HTML,2025–26 UEFA Europa League league phase
2025-10-23,UEFA,UEFA 2nd Division,2,2025–26,Fenerbahçe,VfB Stuttgart,1-0,H,Continental,Wikipedia rendered HTML,2025–26 UEFA Europa League league phase
2025-10-23,UEFA,UEFA 2nd Division,2,2025–26,Feyenoord,Panathinaikos,3-1,H,Continental,Wikipedia rendered HTML,2025–26 UEFA Europa League league phase
2025-10-23,UEFA,UEFA 2nd Division,2,2025–26,Genk,Real Betis,0-0,D,Continental,Wikipedia rendered HTML,2025–26 UEFA Europa League league phase
2025-10-23,UEFA,UEFA 2nd Division,2,2025–26,Go Ahead Eagles,Aston Villa,2-1,H,Continental,Wikipedia rendered HTML,2025–26 UEFA Europa League league phase
2025-10-23,UEFA,UEFA 2nd Division,2,2025–26,Lille,PAOK,3-4,A,Continental,Wikipedia rendered HTML,2025–26 UEFA Europa League league phase
2025-10-23,UEFA,UEFA 2nd Division,2,2025–26,Lyon,Basel,2-0,H,Continental,Wikipedia rendered HTML,2025–26 UEFA Europa League league phase
2025-10-23,UEFA,UEFA 2nd Division,2,2025–26,Maccabi Tel Aviv,Midtjylland,0-3,A,Continental,Wikipedia rendered HTML,2025–26 UEFA Europa League league phase
2025-10-23,UEFA,UEFA 2nd Division,2,2025–26,Malmö FF,Dinamo Zagreb,1-1,D,Continental,Wikipedia rendered HTML,2025–26 UEFA Europa League league phase
2025-10-23,UEFA,UEFA 2nd Division,2,2025–26,Nottingham Forest,Porto,2-0,H,Continental,Wikipedia rendered HTML,2025–26 UEFA Europa League league phase
2025-10-23,UEFA,UEFA 2nd Division,2,2025–26,Red Bull Salzburg,Ferencváros,2-3,A,Continental,Wikipedia rendered HTML,2025–26 UEFA Europa League league phase
2025-10-23,UEFA,UEFA 2nd Division,2,2025–26,Roma,Viktoria Plzeň,1-2,A,Continental,Wikipedia rendered HTML,2025–26 UEFA Europa League league phase
2025-10-23,UEFA,UEFA 2nd Division,2,2025–26,SC Freiburg,Utrecht,2-0,H,Continental,Wikipedia rendered HTML,2025–26 UEFA Europa League league phase
2025-10-23,UEFA,UEFA 2nd Division,2,2025–26,Young Boys,Ludogorets Razgrad,3-2,H,Continental,Wikipedia rendered HTML,2025–26 UEFA Europa League league phase
2025-11-06,UEFA,UEFA 2nd Division,2,2025–26,Aston Villa,Maccabi Tel Aviv,2-0,H,Continental,Wikipedia rendered HTML,2025–26 UEFA Europa League league phase
2025-11-06,UEFA,UEFA 2nd Division,2,2025–26,Basel,FCSB,3-1,H,Continental,Wikipedia rendered HTML,2025–26 UEFA Europa League league phase
2025-11-06,UEFA,UEFA 2nd Division,2,2025–26,Bologna,Brann,0-0,D,Continental,Wikipedia rendered HTML,2025–26 UEFA Europa League league phase
2025-11-06,UEFA,UEFA 2nd Division,2,2025–26,Braga,Genk,3-4,A,Continental,Wikipedia rendered HTML,2025–26 UEFA Europa League league phase
2025-11-06,UEFA,UEFA 2nd Division,2,2025–26,Dinamo Zagreb,Celta Vigo,0-3,A,Continental,Wikipedia rendered HTML,2025–26 UEFA Europa League league phase
2025-11-06,UEFA,UEFA 2nd Division,2,2025–26,Ferencváros,Ludogorets Razgrad,3-1,H,Continental,Wikipedia rendered HTML,2025–26 UEFA Europa League league phase
2025-11-06,UEFA,UEFA 2nd Division,2,2025–26,Malmö FF,Panathinaikos,0-1,A,Continental,Wikipedia rendered HTML,2025–26 UEFA Europa League league phase
2025-11-06,UEFA,UEFA 2nd Division,2,2025–26,Midtjylland,Celtic,3-1,H,Continental,Wikipedia rendered HTML,2025–26 UEFA Europa League league phase
2025-11-06,UEFA,UEFA 2nd Division,2,2025–26,Nice,SC Freiburg,1-3,A,Continental,Wikipedia rendered HTML,2025–26 UEFA Europa League league phase
2025-11-06,UEFA,UEFA 2nd Division,2,2025–26,PAOK,Young Boys,4-0,H,Continental,Wikipedia rendered HTML,2025–26 UEFA Europa League league phase
2025-11-06,UEFA,UEFA 2nd Division,2,2025–26,Rangers,Roma,0-2,A,Continental,Wikipedia rendered HTML,2025–26 UEFA Europa League league phase
2025-11-06,UEFA,UEFA 2nd Division,2,2025–26,Real Betis,Lyon,2-0,H,Continental,Wikipedia rendered HTML,2025–26 UEFA Europa League league phase
2025-11-06,UEFA,UEFA 2nd Division,2,2025–26,Red Bull Salzburg,Go Ahead Eagles,2-0,H,Continental,Wikipedia rendered HTML,2025–26 UEFA Europa League league phase
2025-11-06,UEFA,UEFA 2nd Division,2,2025–26,Red Star Belgrade,Lille,1-0,H,Continental,Wikipedia rendered HTML,2025–26 UEFA Europa League league phase
2025-11-06,UEFA,UEFA 2nd Division,2,2025–26,Sturm Graz,Nottingham Forest,0-0,D,Continental,Wikipedia rendered HTML,2025–26 UEFA Europa League league phase
2025-11-06,UEFA,UEFA 2nd Division,2,2025–26,Utrecht,Porto,1-1,D,Continental,Wikipedia rendered HTML,2025–26 UEFA Europa League league phase
2025-11-06,UEFA,UEFA 2nd Division,2,2025–26,VfB Stuttgart,Feyenoord,2-0,H,Continental,Wikipedia rendered HTML,2025–26 UEFA Europa League league phase
2025-11-06,UEFA,UEFA 2nd Division,2,2025–26,Viktoria Plzeň,Fenerbahçe,0-0,D,Continental,Wikipedia rendered HTML,2025–26 UEFA Europa League league phase
2025-11-27,UEFA,UEFA 2nd Division,2,2025–26,Aston Villa,Young Boys,2-1,H,Continental,Wikipedia rendered HTML,2025–26 UEFA Europa League league phase
2025-11-27,UEFA,UEFA 2nd Division,2,2025–26,Bologna,Red Bull Salzburg,4-1,H,Continental,Wikipedia rendered HTML,2025–26 UEFA Europa League league phase
2025-11-27,UEFA,UEFA 2nd Division,2,2025–26,Fenerbahçe,Ferencváros,1-1,D,Continental,Wikipedia rendered HTML,2025–26 UEFA Europa League league phase
2025-11-27,UEFA,UEFA 2nd Division,2,2025–26,Feyenoord,Celtic,1-3,A,Continental,Wikipedia rendered HTML,2025–26 UEFA Europa League league phase
2025-11-27,UEFA,UEFA 2nd Division,2,2025–26,Genk,Basel,2-1,H,Continental,Wikipedia rendered HTML,2025–26 UEFA Europa League league phase
2025-11-27,UEFA,UEFA 2nd Division,2,2025–26,Go Ahead Eagles,VfB Stuttgart,0-4,A,Continental,Wikipedia rendered HTML,2025–26 UEFA Europa League league phase
2025-11-27,UEFA,UEFA 2nd Division,2,2025–26,Lille,Dinamo Zagreb,4-0,H,Continental,Wikipedia rendered HTML,2025–26 UEFA Europa League league phase
2025-11-27,UEFA,UEFA 2nd Division,2,2025–26,Ludogorets Razgrad,Celta Vigo,3-2,H,Continental,Wikipedia rendered HTML,2025–26 UEFA Europa League league phase
2025-11-27,UEFA,UEFA 2nd Division,2,2025–26,Maccabi Tel Aviv,Lyon,0-6,A,Continental,Wikipedia rendered HTML,2025–26 UEFA Europa League league phase
2025-11-27,UEFA,UEFA 2nd Division,2,2025–26,Nottingham Forest,Malmö FF,3-0,H,Continental,Wikipedia rendered HTML,2025–26 UEFA Europa League league phase
2025-11-27,UEFA,UEFA 2nd Division,2,2025–26,PAOK,Brann,1-1,D,Continental,Wikipedia rendered HTML,2025–26 UEFA Europa League league phase
2025-11-27,UEFA,UEFA 2nd Division,2,2025–26,Panathinaikos,Sturm Graz,2-1,H,Continental,Wikipedia rendered HTML,2025–26 UEFA Europa League league phase
2025-11-27,UEFA,UEFA 2nd Division,2,2025–26,Porto,Nice,3-0,H,Continental,Wikipedia rendered HTML,2025–26 UEFA Europa League league phase
2025-11-27,UEFA,UEFA 2nd Division,2,2025–26,Rangers,Braga,1-1,D,Continental,Wikipedia rendered HTML,2025–26 UEFA Europa League league phase
2025-11-27,UEFA,UEFA 2nd Division,2,2025–26,Real Betis,Utrecht,2-1,H,Continental,Wikipedia rendered HTML,2025–26 UEFA Europa League league phase
2025-11-27,UEFA,UEFA 2nd Division,2,2025–26,Red Star Belgrade,FCSB,1-0,H,Continental,Wikipedia rendered HTML,2025–26 UEFA Europa League league phase
2025-11-27,UEFA,UEFA 2nd Division,2,2025–26,Roma,Midtjylland,2-1,H,Continental,Wikipedia rendered HTML,2025–26 UEFA Europa League league phase
2025-11-27,UEFA,UEFA 2nd Division,2,2025–26,Viktoria Plzeň,SC Freiburg,0-0,D,Continental,Wikipedia rendered HTML,2025–26 UEFA Europa League league phase
2025-12-11,UEFA,UEFA 2nd Division,2,2025–26,Basel,Aston Villa,1-2,A,Continental,Wikipedia rendered HTML,2025–26 UEFA Europa League league phase
2025-12-11,UEFA,UEFA 2nd Division,2,2025–26,Brann,Fenerbahçe,0-4,A,Continental,Wikipedia rendered HTML,2025–26 UEFA Europa League league phase
2025-12-11,UEFA,UEFA 2nd Division,2,2025–26,Celta Vigo,Bologna,1-2,A,Continental,Wikipedia rendered HTML,2025–26 UEFA Europa League league phase
2025-12-11,UEFA,UEFA 2nd Division,2,2025–26,Celtic,Roma,0-3,A,Continental,Wikipedia rendered HTML,2025–26 UEFA Europa League league phase
2025-12-11,UEFA,UEFA 2nd Division,2,2025–26,Dinamo Zagreb,Real Betis,1-3,A,Continental,Wikipedia rendered HTML,2025–26 UEFA Europa League league phase
2025-12-11,UEFA,UEFA 2nd Division,2,2025–26,FCSB,Feyenoord,4-3,H,Continental,Wikipedia rendered HTML,2025–26 UEFA Europa League league phase
2025-12-11,UEFA,UEFA 2nd Division,2,2025–26,Ferencváros,Rangers,2-1,H,Continental,Wikipedia rendered HTML,2025–26 UEFA Europa League league phase
2025-12-11,UEFA,UEFA 2nd Division,2,2025–26,Ludogorets Razgrad,PAOK,3-3,D,Continental,Wikipedia rendered HTML,2025–26 UEFA Europa League league phase
2025-12-11,UEFA,UEFA 2nd Division,2,2025–26,Lyon,Go Ahead Eagles,2-1,H,Continental,Wikipedia rendered HTML,2025–26 UEFA Europa League league phase
2025-12-11,UEFA,UEFA 2nd Division,2,2025–26,Midtjylland,Genk,1-0,H,Continental,Wikipedia rendered HTML,2025–26 UEFA Europa League league phase
2025-12-11,UEFA,UEFA 2nd Division,2,2025–26,Nice,Braga,0-1,A,Continental,Wikipedia rendered HTML,2025–26 UEFA Europa League league phase
2025-12-11,UEFA,UEFA 2nd Division,2,2025–26,Panathinaikos,Viktoria Plzeň,0-0,D,Continental,Wikipedia rendered HTML,2025–26 UEFA Europa League league phase
2025-12-11,UEFA,UEFA 2nd Division,2,2025–26,Porto,Malmö FF,2-1,H,Continental,Wikipedia rendered HTML,2025–26 UEFA Europa League league phase
2025-12-11,UEFA,UEFA 2nd Division,2,2025–26,SC Freiburg,Red Bull Salzburg,1-0,H,Continental,Wikipedia rendered HTML,2025–26 UEFA Europa League league phase
2025-12-11,UEFA,UEFA 2nd Division,2,2025–26,Sturm Graz,Red Star Belgrade,0-1,A,Continental,Wikipedia rendered HTML,2025–26 UEFA Europa League league phase
2025-12-11,UEFA,UEFA 2nd Division,2,2025–26,Utrecht,Nottingham Forest,1-2,A,Continental,Wikipedia rendered HTML,2025–26 UEFA Europa League league phase
2025-12-11,UEFA,UEFA 2nd Division,2,2025–26,VfB Stuttgart,Maccabi Tel Aviv,4-1,H,Continental,Wikipedia rendered HTML,2025–26 UEFA Europa League league phase
2025-12-11,UEFA,UEFA 2nd Division,2,2025–26,Young Boys,Lille,1-0,H,Continental,Wikipedia rendered HTML,2025–26 UEFA Europa League league phase
2026-01-22,UEFA,UEFA 2nd Division,2,2025–26,Bologna,Celtic,2-2,D,Continental,Wikipedia rendered HTML,2025–26 UEFA Europa League league phase
2026-01-22,UEFA,UEFA 2nd Division,2,2025–26,Braga,Nottingham Forest,1-0,H,Continental,Wikipedia rendered HTML,2025–26 UEFA Europa League league phase
2026-01-22,UEFA,UEFA 2nd Division,2,2025–26,Brann,Midtjylland,3-3,D,Continental,Wikipedia rendered HTML,2025–26 UEFA Europa League league phase
2026-01-22,UEFA,UEFA 2nd Division,2,2025–26,Celta Vigo,Lille,2-1,H,Continental,Wikipedia rendered HTML,2025–26 UEFA Europa League league phase
2026-01-22,UEFA,UEFA 2nd Division,2,2025–26,Dinamo Zagreb,FCSB,4-1,H,Continental,Wikipedia rendered HTML,2025–26 UEFA Europa League league phase
2026-01-22,UEFA,UEFA 2nd Division,2,2025–26,Fenerbahçe,Aston Villa,0-1,A,Continental,Wikipedia rendered HTML,2025–26 UEFA Europa League league phase
2026-01-22,UEFA,UEFA 2nd Division,2,2025–26,Ferencváros,Panathinaikos,1-1,D,Continental,Wikipedia rendered HTML,2025–26 UEFA Europa League league phase
2026-01-22,UEFA,UEFA 2nd Division,2,2025–26,Feyenoord,Sturm Graz,3-0,H,Continental,Wikipedia rendered HTML,2025–26 UEFA Europa League league phase
2026-01-22,UEFA,UEFA 2nd Division,2,2025–26,Malmö FF,Red Star Belgrade,0-1,A,Continental,Wikipedia rendered HTML,2025–26 UEFA Europa League league phase
2026-01-22,UEFA,UEFA 2nd Division,2,2025–26,Nice,Go Ahead Eagles,3-1,H,Continental,Wikipedia rendered HTML,2025–26 UEFA Europa League league phase
2026-01-22,UEFA,UEFA 2nd Division,2,2025–26,PAOK,Real Betis,2-0,H,Continental,Wikipedia rendered HTML,2025–26 UEFA Europa League league phase
2026-01-22,UEFA,UEFA 2nd Division,2,2025–26,Rangers,Ludogorets Razgrad,1-0,H,Continental,Wikipedia rendered HTML,2025–26 UEFA Europa League league phase
2026-01-22,UEFA,UEFA 2nd Division,2,2025–26,Red Bull Salzburg,Basel,3-1,H,Continental,Wikipedia rendered HTML,2025–26 UEFA Europa League league phase
2026-01-22,UEFA,UEFA 2nd Division,2,2025–26,Roma,VfB Stuttgart,2-0,H,Continental,Wikipedia rendered HTML,2025–26 UEFA Europa League league phase
2026-01-22,UEFA,UEFA 2nd Division,2,2025–26,SC Freiburg,Maccabi Tel Aviv,1-0,H,Continental,Wikipedia rendered HTML,2025–26 UEFA Europa League league phase
2026-01-22,UEFA,UEFA 2nd Division,2,2025–26,Utrecht,Genk,0-2,A,Continental,Wikipedia rendered HTML,2025–26 UEFA Europa League league phase
2026-01-22,UEFA,UEFA 2nd Division,2,2025–26,Viktoria Plzeň,Porto,1-1,D,Continental,Wikipedia rendered HTML,2025–26 UEFA Europa League league phase
2026-01-22,UEFA,UEFA 2nd Division,2,2025–26,Young Boys,Lyon,0-1,A,Continental,Wikipedia rendered HTML,2025–26 UEFA Europa League league phase
2026-01-29,UEFA,UEFA 2nd Division,2,2025–26,Aston Villa,Red Bull Salzburg,3-2,H,Continental,Wikipedia rendered HTML,2025–26 UEFA Europa League league phase
2026-01-29,UEFA,UEFA 2nd Division,2,2025–26,Basel,Viktoria Plzeň,0-1,A,Continental,Wikipedia rendered HTML,2025–26 UEFA Europa League league phase
2026-01-29,UEFA,UEFA 2nd Division,2,2025–26,Celtic,Utrecht,4-2,H,Continental,Wikipedia rendered HTML,2025–26 UEFA Europa League league phase
2026-01-29,UEFA,UEFA 2nd Division,2,2025–26,FCSB,Fenerbahçe,1-1,D,Continental,Wikipedia rendered HTML,2025–26 UEFA Europa League league phase
2026-01-29,UEFA,UEFA 2nd Division,2,2025–26,Genk,Malmö FF,2-1,H,Continental,Wikipedia rendered HTML,2025–26 UEFA Europa League league phase
2026-01-29,UEFA,UEFA 2nd Division,2,2025–26,Go Ahead Eagles,Braga,0-0,D,Continental,Wikipedia rendered HTML,2025–26 UEFA Europa League league phase
2026-01-29,UEFA,UEFA 2nd Division,2,2025–26,Lille,SC Freiburg,1-0,H,Continental,Wikipedia rendered HTML,2025–26 UEFA Europa League league phase
2026-01-29,UEFA,UEFA 2nd Division,2,2025–26,Ludogorets Razgrad,Nice,1-0,H,Continental,Wikipedia rendered HTML,2025–26 UEFA Europa League league phase
2026-01-29,UEFA,UEFA 2nd Division,2,2025–26,Lyon,PAOK,4-2,H,Continental,Wikipedia rendered HTML,2025–26 UEFA Europa League league phase
2026-01-29,UEFA,UEFA 2nd Division,2,2025–26,Maccabi Tel Aviv,Bologna,0-3,A,Continental,Wikipedia rendered HTML,2025–26 UEFA Europa League league phase
2026-01-29,UEFA,UEFA 2nd Division,2,2025–26,Midtjylland,Dinamo Zagreb,2-0,H,Continental,Wikipedia rendered HTML,2025–26 UEFA Europa League league phase
2026-01-29,UEFA,UEFA 2nd Division,2,2025–26,Nottingham Forest,Ferencváros,4-0,H,Continental,Wikipedia rendered HTML,2025–26 UEFA Europa League league phase
2026-01-29,UEFA,UEFA 2nd Division,2,2025–26,Panathinaikos,Roma,1-1,D,Continental,Wikipedia rendered HTML,2025–26 UEFA Europa League league phase
2026-01-29,UEFA,UEFA 2nd Division,2,2025–26,Porto,Rangers,3-1,H,Continental,Wikipedia rendered HTML,2025–26 UEFA Europa League league phase
2026-01-29,UEFA,UEFA 2nd Division,2,2025–26,Real Betis,Feyenoord,2-1,H,Continental,Wikipedia rendered HTML,2025–26 UEFA Europa League league phase
2026-01-29,UEFA,UEFA 2nd Division,2,2025–26,Red Star Belgrade,Celta Vigo,1-1,D,Continental,Wikipedia rendered HTML,2025–26 UEFA Europa League league phase
2026-01-29,UEFA,UEFA 2nd Division,2,2025–26,Sturm Graz,Brann,1-0,H,Continental,Wikipedia rendered HTML,2025–26 UEFA Europa League league phase
2026-01-29,UEFA,UEFA 2nd Division,2,2025–26,VfB Stuttgart,Young Boys,3-2,H,Continental,Wikipedia rendered HTML,2025–26 UEFA Europa League league phase
2026-02-19,UEFA,UEFA 2nd Division,2,2025–26,Brann,Bologna,0-1,A,Continental,Wikipedia,2025–26 UEFA Europa League knockout phase
2026-02-19,UEFA,UEFA 2nd Division,2,2025–26,Celtic,VfB Stuttgart,1-4,A,Continental,Wikipedia,2025–26 UEFA Europa League knockout phase
2026-02-19,UEFA,UEFA 2nd Division,2,2025–26,Dinamo Zagreb,Genk,1-3,A,Continental,Wikipedia,2025–26 UEFA Europa League knockout phase
2026-02-19,UEFA,UEFA 2nd Division,2,2025–26,Fenerbahçe,Nottingham Forest,0-3,A,Continental,Wikipedia,2025–26 UEFA Europa League knockout phase
2026-02-19,UEFA,UEFA 2nd Division,2,2025–26,Lille,Red Star Belgrade,0-1,A,Continental,Wikipedia,2025–26 UEFA Europa League knockout phase
2026-02-19,UEFA,UEFA 2nd Division,2,2025–26,Ludogorets Razgrad,Ferencváros,2-1,H,Continental,Wikipedia,2025–26 UEFA Europa League knockout phase
2026-02-19,UEFA,UEFA 2nd Division,2,2025–26,PAOK,Celta Vigo,1-2,A,Continental,Wikipedia,2025–26 UEFA Europa League knockout phase
2026-02-19,UEFA,UEFA 2nd Division,2,2025–26,Panathinaikos,Viktoria Plzeň,2-2,D,Continental,Wikipedia,2025–26 UEFA Europa League knockout phase
2026-02-26,UEFA,UEFA 2nd Division,2,2025–26,Bologna,Brann,1-0,H,Continental,Wikipedia,2025–26 UEFA Europa League knockout phase
2026-02-26,UEFA,UEFA 2nd Division,2,2025–26,Celta Vigo,PAOK,1-0,H,Continental,Wikipedia,2025–26 UEFA Europa League knockout phase
2026-02-26,UEFA,UEFA 2nd Division,2,2025–26,Ferencváros,Ludogorets Razgrad,2-0,H,Continental,Wikipedia,2025–26 UEFA Europa League knockout phase
2026-02-26,UEFA,UEFA 2nd Division,2,2025–26,Genk,Dinamo Zagreb,3-3,D,Continental,Wikipedia,2025–26 UEFA Europa League knockout phase
2026-02-26,UEFA,UEFA 2nd Division,2,2025–26,Nottingham Forest,Fenerbahçe,1-2,A,Continental,Wikipedia,2025–26 UEFA Europa League knockout phase
2026-02-26,UEFA,UEFA 2nd Division,2,2025–26,Red Star Belgrade,Lille,0-2,A,Continental,Wikipedia,2025–26 UEFA Europa League knockout phase
2026-02-26,UEFA,UEFA 2nd Division,2,2025–26,VfB Stuttgart,Celtic,0-1,A,Continental,Wikipedia,2025–26 UEFA Europa League knockout phase
2026-02-26,UEFA,UEFA 2nd Division,2,2025–26,Viktoria Plzeň,Panathinaikos,1-1,D,Continental,Wikipedia,2025–26 UEFA Europa League knockout phase
2026-03-12,UEFA,UEFA 2nd Division,2,2025–26,Bologna,Roma,1-1,D,Continental,Wikipedia,2025–26 UEFA Europa League knockout phase
2026-03-12,UEFA,UEFA 2nd Division,2,2025–26,Celta Vigo,Lyon,1-1,D,Continental,Wikipedia,2025–26 UEFA Europa League knockout phase
2026-03-12,UEFA,UEFA 2nd Division,2,2025–26,Ferencváros,Braga,2-0,H,Continental,Wikipedia,2025–26 UEFA Europa League knockout phase
2026-03-12,UEFA,UEFA 2nd Division,2,2025–26,Genk,SC Freiburg,1-0,H,Continental,Wikipedia,2025–26 UEFA Europa League knockout phase
2026-03-12,UEFA,UEFA 2nd Division,2,2025–26,Lille,Aston Villa,0-1,A,Continental,Wikipedia,2025–26 UEFA Europa League knockout phase
2026-03-12,UEFA,UEFA 2nd Division,2,2025–26,Nottingham Forest,Midtjylland,0-1,A,Continental,Wikipedia,2025–26 UEFA Europa League knockout phase
2026-03-12,UEFA,UEFA 2nd Division,2,2025–26,Panathinaikos,Real Betis,1-0,H,Continental,Wikipedia,2025–26 UEFA Europa League knockout phase
2026-03-12,UEFA,UEFA 2nd Division,2,2025–26,VfB Stuttgart,Porto,1-2,A,Continental,Wikipedia,2025–26 UEFA Europa League knockout phase
2026-03-18,UEFA,UEFA 2nd Division,2,2025–26,Braga,Ferencváros,4-0,H,Continental,Wikipedia,2025–26 UEFA Europa League knockout phase
2026-03-19,UEFA,UEFA 2nd Division,2,2025–26,Aston Villa,Lille,2-0,H,Continental,Wikipedia,2025–26 UEFA Europa League knockout phase
2026-03-19,UEFA,UEFA 2nd Division,2,2025–26,Lyon,Celta Vigo,0-2,A,Continental,Wikipedia,2025–26 UEFA Europa League knockout phase
2026-03-19,UEFA,UEFA 2nd Division,2,2025–26,Midtjylland,Nottingham Forest,1-2,A,Continental,Wikipedia,2025–26 UEFA Europa League knockout phase
2026-03-19,UEFA,UEFA 2nd Division,2,2025–26,Porto,VfB Stuttgart,2-0,H,Continental,Wikipedia,2025–26 UEFA Europa League knockout phase
2026-03-19,UEFA,UEFA 2nd Division,2,2025–26,Real Betis,Panathinaikos,4-0,H,Continental,Wikipedia,2025–26 UEFA Europa League knockout phase
2026-03-19,UEFA,UEFA 2nd Division,2,2025–26,Roma,Bologna,3-4,A,Continental,Wikipedia,2025–26 UEFA Europa League knockout phase
2026-03-19,UEFA,UEFA 2nd Division,2,2025–26,SC Freiburg,Genk,5-1,H,Continental,Wikipedia,2025–26 UEFA Europa League knockout phase
2026-04-08,UEFA,UEFA 2nd Division,2,2025–26,Braga,Real Betis,1-1,D,Continental,Wikipedia,2025–26 UEFA Europa League knockout phase
2026-04-09,UEFA,UEFA 2nd Division,2,2025–26,Bologna,Aston Villa,1-3,A,Continental,Wikipedia,2025–26 UEFA Europa League knockout phase
2026-04-09,UEFA,UEFA 2nd Division,2,2025–26,Porto,Nottingham Forest,1-1,D,Continental,Wikipedia,2025–26 UEFA Europa League knockout phase
2026-04-09,UEFA,UEFA 2nd Division,2,2025–26,SC Freiburg,Celta Vigo,3-0,H,Continental,Wikipedia,2025–26 UEFA Europa League knockout phase
2026-04-16,UEFA,UEFA 2nd Division,2,2025–26,Aston Villa,Bologna,4-0,H,Continental,Wikipedia,2025–26 UEFA Europa League knockout phase
2026-04-16,UEFA,UEFA 2nd Division,2,2025–26,Celta Vigo,SC Freiburg,1-3,A,Continental,Wikipedia,2025–26 UEFA Europa League knockout phase
2026-04-16,UEFA,UEFA 2nd Division,2,2025–26,Nottingham Forest,Porto,1-0,H,Continental,Wikipedia,2025–26 UEFA Europa League knockout phase
2026-04-16,UEFA,UEFA 2nd Division,2,2025–26,Real Betis,Braga,2-4,A,Continental,Wikipedia,2025–26 UEFA Europa League knockout phase
2026-04-30,UEFA,UEFA 2nd Division,2,2025–26,Braga,SC Freiburg,2-1,H,Continental,Wikipedia,2025–26 UEFA Europa League knockout phase
2026-04-30,UEFA,UEFA 2nd Division,2,2025–26,Nottingham Forest,Aston Villa,1-0,H,Continental,Wikipedia,2025–26 UEFA Europa League knockout phase
2026-05-07,UEFA,UEFA 2nd Division,2,2025–26,Aston Villa,Nottingham Forest,4-0,H,Continental,Wikipedia,2025–26 UEFA Europa League knockout phase
2026-05-07,UEFA,UEFA 2nd Division,2,2025–26,SC Freiburg,Braga,3-1,H,Continental,Wikipedia,2025–26 UEFA Europa League knockout phase
2026-05-20,UEFA,UEFA 2nd Division,2,2025–26,Freiburg,Aston Villa,0-3,A,Continental,UEFA verified,2026 UEFA Europa League final
