MatchID,EventID,EventName,EventSeason,EventStartDate,EventEndDate,PlayerA_ID,PlayerB_ID,ScoreA,ScoreB,WinnerID,MatchDate,SourceFile
4688717,706,Riga Masters Qualifiers,2018,2018-07-02,2018-07-05,1509,109,0,0,109,2018-06-30T23:26:18Z,matches_2018_event_706.csv
4688714,706,Riga Masters Qualifiers,2018,2018-07-02,2018-07-05,1567,10,0,4,10,2018-07-02T09:00:46Z,matches_2018_event_706.csv
4688715,706,Riga Masters Qualifiers,2018,2018-07-02,2018-07-05,177,120,4,0,177,2018-07-02T09:00:46Z,matches_2018_event_706.csv
4688716,706,Riga Masters Qualifiers,2018,2018-07-02,2018-07-05,102,1044,2,4,1044,2018-07-02T09:00:46Z,matches_2018_event_706.csv
4688732,706,Riga Masters Qualifiers,2018,2018-07-02,2018-07-05,497,906,3,4,906,2018-07-02T09:00:46Z,matches_2018_event_706.csv
4688740,706,Riga Masters Qualifiers,2018,2018-07-02,2018-07-05,62,526,4,1,62,2018-07-02T09:00:46Z,matches_2018_event_706.csv
4688724,706,Riga Masters Qualifiers,2018,2018-07-02,2018-07-05,128,49,0,0,128,2018-07-02T11:39:28Z,matches_2018_event_706.csv
4688718,706,Riga Masters Qualifiers,2018,2018-07-02,2018-07-05,96,44,4,3,96,2018-07-02T12:04:01Z,matches_2018_event_706.csv
4688719,706,Riga Masters Qualifiers,2018,2018-07-02,2018-07-05,1082,239,4,1,1082,2018-07-02T12:04:01Z,matches_2018_event_706.csv
4688721,706,Riga Masters Qualifiers,2018,2018-07-02,2018-07-05,28,42,4,3,28,2018-07-02T12:04:01Z,matches_2018_event_706.csv
4688735,706,Riga Masters Qualifiers,2018,2018-07-02,2018-07-05,200,74,4,0,200,2018-07-02T12:04:01Z,matches_2018_event_706.csv
4688722,706,Riga Masters Qualifiers,2018,2018-07-02,2018-07-05,1934,306,1,4,306,2018-07-02T15:02:27Z,matches_2018_event_706.csv
4688744,706,Riga Masters Qualifiers,2018,2018-07-02,2018-07-05,616,158,0,4,158,2018-07-02T15:05:18Z,matches_2018_event_706.csv
4688720,706,Riga Masters Qualifiers,2018,2018-07-02,2018-07-05,47,1407,3,4,1407,2018-07-02T16:03:39Z,matches_2018_event_706.csv
4688726,706,Riga Masters Qualifiers,2018,2018-07-02,2018-07-05,593,998,2,4,998,2018-07-02T17:51:26Z,matches_2018_event_706.csv
4688728,706,Riga Masters Qualifiers,2018,2018-07-02,2018-07-05,14,48,4,2,14,2018-07-02T17:51:26Z,matches_2018_event_706.csv
4688738,706,Riga Masters Qualifiers,2018,2018-07-02,2018-07-05,16,123,4,0,16,2018-07-02T17:51:26Z,matches_2018_event_706.csv
4688727,706,Riga Masters Qualifiers,2018,2018-07-02,2018-07-05,97,621,4,2,97,2018-07-02T19:16:13Z,matches_2018_event_706.csv
4688730,706,Riga Masters Qualifiers,2018,2018-07-02,2018-07-05,208,894,3,4,894,2018-07-03T09:18:58Z,matches_2018_event_706.csv
4688731,706,Riga Masters Qualifiers,2018,2018-07-02,2018-07-05,151,549,1,4,549,2018-07-03T09:18:58Z,matches_2018_event_706.csv
4688733,706,Riga Masters Qualifiers,2018,2018-07-02,2018-07-05,131,1108,4,2,131,2018-07-03T09:18:58Z,matches_2018_event_706.csv
4688739,706,Riga Masters Qualifiers,2018,2018-07-02,2018-07-05,295,448,4,2,295,2018-07-03T09:18:58Z,matches_2018_event_706.csv
4688747,706,Riga Masters Qualifiers,2018,2018-07-02,2018-07-05,118,163,4,1,118,2018-07-03T09:18:58Z,matches_2018_event_706.csv
4688734,706,Riga Masters Qualifiers,2018,2018-07-02,2018-07-05,61,905,4,2,61,2018-07-03T12:01:33Z,matches_2018_event_706.csv
4688736,706,Riga Masters Qualifiers,2018,2018-07-02,2018-07-05,23,958,1,4,958,2018-07-03T12:01:33Z,matches_2018_event_706.csv
4688746,706,Riga Masters Qualifiers,2018,2018-07-02,2018-07-05,546,171,1,4,171,2018-07-03T12:01:33Z,matches_2018_event_706.csv
4688748,706,Riga Masters Qualifiers,2018,2018-07-02,2018-07-05,168,908,4,1,168,2018-07-03T12:01:33Z,matches_2018_event_706.csv
4688749,706,Riga Masters Qualifiers,2018,2018-07-02,2018-07-05,90,92,2,4,92,2018-07-03T14:43:27Z,matches_2018_event_706.csv
4688750,706,Riga Masters Qualifiers,2018,2018-07-02,2018-07-05,2,204,4,0,2,2018-07-03T14:43:27Z,matches_2018_event_706.csv
4688751,706,Riga Masters Qualifiers,2018,2018-07-02,2018-07-05,38,910,4,1,38,2018-07-03T14:43:27Z,matches_2018_event_706.csv
4688752,706,Riga Masters Qualifiers,2018,2018-07-02,2018-07-05,520,2101,4,0,520,2018-07-03T14:43:27Z,matches_2018_event_706.csv
4688737,706,Riga Masters Qualifiers,2018,2018-07-02,2018-07-05,154,1237,4,2,154,2018-07-03T20:31:43Z,matches_2018_event_706.csv
4688753,706,Riga Masters Qualifiers,2018,2018-07-02,2018-07-05,58,1038,1,4,1038,2018-07-03T20:31:43Z,matches_2018_event_706.csv
4688754,706,Riga Masters Qualifiers,2018,2018-07-02,2018-07-05,2134,519,3,4,519,2018-07-03T20:31:43Z,matches_2018_event_706.csv
4688756,706,Riga Masters Qualifiers,2018,2018-07-02,2018-07-05,1101,30,4,0,1101,2018-07-03T20:31:43Z,matches_2018_event_706.csv
4688743,706,Riga Masters Qualifiers,2018,2018-07-02,2018-07-05,37,615,4,2,37,2018-07-04T09:04:23Z,matches_2018_event_706.csv
4688757,706,Riga Masters Qualifiers,2018,2018-07-02,2018-07-05,54,119,3,4,119,2018-07-04T09:04:23Z,matches_2018_event_706.csv
4688758,706,Riga Masters Qualifiers,2018,2018-07-02,2018-07-05,1260,27,4,1,1260,2018-07-04T09:04:23Z,matches_2018_event_706.csv
4688759,706,Riga Masters Qualifiers,2018,2018-07-02,2018-07-05,115,1186,4,2,115,2018-07-04T09:04:23Z,matches_2018_event_706.csv
4688760,706,Riga Masters Qualifiers,2018,2018-07-02,2018-07-05,45,552,4,0,45,2018-07-04T09:04:23Z,matches_2018_event_706.csv
4688761,706,Riga Masters Qualifiers,2018,2018-07-02,2018-07-05,125,9,4,0,125,2018-07-04T12:02:11Z,matches_2018_event_706.csv
4688762,706,Riga Masters Qualifiers,2018,2018-07-02,2018-07-05,81,218,3,4,218,2018-07-04T12:02:11Z,matches_2018_event_706.csv
4688764,706,Riga Masters Qualifiers,2018,2018-07-02,2018-07-05,982,724,1,4,724,2018-07-04T12:02:11Z,matches_2018_event_706.csv
4688766,706,Riga Masters Qualifiers,2018,2018-07-02,2018-07-05,24,8,4,3,24,2018-07-04T12:02:11Z,matches_2018_event_706.csv
4688723,706,Riga Masters Qualifiers,2018,2018-07-02,2018-07-05,35,582,4,1,35,2018-07-04T14:36:34Z,matches_2018_event_706.csv
4688770,706,Riga Masters Qualifiers,2018,2018-07-02,2018-07-05,50,104,4,3,50,2018-07-04T14:36:34Z,matches_2018_event_706.csv
4688773,706,Riga Masters Qualifiers,2018,2018-07-02,2018-07-05,19,76,4,0,19,2018-07-04T14:47:17Z,matches_2018_event_706.csv
4688765,706,Riga Masters Qualifiers,2018,2018-07-02,2018-07-05,412,22,0,4,22,2018-07-04T15:02:52Z,matches_2018_event_706.csv
4688742,706,Riga Masters Qualifiers,2018,2018-07-02,2018-07-05,202,32,4,2,202,2018-07-04T18:00:38Z,matches_2018_event_706.csv
4688755,706,Riga Masters Qualifiers,2018,2018-07-02,2018-07-05,39,33,4,3,39,2018-07-04T18:00:38Z,matches_2018_event_706.csv
4688771,706,Riga Masters Qualifiers,2018,2018-07-02,2018-07-05,947,898,4,1,947,2018-07-04T18:00:57Z,matches_2018_event_706.csv
4688774,706,Riga Masters Qualifiers,2018,2018-07-02,2018-07-05,592,1763,4,3,592,2018-07-04T18:00:57Z,matches_2018_event_706.csv
4688725,706,Riga Masters Qualifiers,2018,2018-07-02,2018-07-05,63,620,4,3,63,2018-07-05T09:01:28Z,matches_2018_event_706.csv
4688769,706,Riga Masters Qualifiers,2018,2018-07-02,2018-07-05,26,101,2,4,101,2018-07-05T09:01:28Z,matches_2018_event_706.csv
4688776,706,Riga Masters Qualifiers,2018,2018-07-02,2018-07-05,106,87,3,4,87,2018-07-05T09:01:28Z,matches_2018_event_706.csv
4688777,706,Riga Masters Qualifiers,2018,2018-07-02,2018-07-05,1417,85,1,4,85,2018-07-05T09:01:28Z,matches_2018_event_706.csv
4688729,706,Riga Masters Qualifiers,2018,2018-07-02,2018-07-05,946,93,4,0,946,2018-07-05T12:03:36Z,matches_2018_event_706.csv
4688767,706,Riga Masters Qualifiers,2018,2018-07-02,2018-07-05,608,4,1,4,4,2018-07-05T12:03:36Z,matches_2018_event_706.csv
4688768,706,Riga Masters Qualifiers,2018,2018-07-02,2018-07-05,25,15,2,4,15,2018-07-05T12:03:36Z,matches_2018_event_706.csv
4688775,706,Riga Masters Qualifiers,2018,2018-07-02,2018-07-05,933,21,2,4,21,2018-07-05T12:03:36Z,matches_2018_event_706.csv
4688772,706,Riga Masters Qualifiers,2018,2018-07-02,2018-07-05,917,1,0,0,1,2018-07-24T19:17:18Z,matches_2018_event_706.csv
4688745,706,Riga Masters Qualifiers,2018,2018-07-02,2018-07-05,3,68,0,0,68,2018-07-24T23:08:44Z,matches_2018_event_706.csv
4688741,706,Riga Masters Qualifiers,2018,2018-07-02,2018-07-05,1544,20,0,4,20,2018-07-27T08:03:18Z,matches_2018_event_706.csv
4688763,706,Riga Masters Qualifiers,2018,2018-07-02,2018-07-05,52,1555,4,0,52,2018-07-27T08:03:18Z,matches_2018_event_706.csv
4668920,707,Riga Masters,2018,2018-07-27,2018-07-29,1260,115,0,0,115,2018-07-11T16:02:13Z,matches_2018_event_707.csv
4668898,707,Riga Masters,2018,2018-07-27,2018-07-29,10,177,4,2,10,2018-07-27T08:02:35Z,matches_2018_event_707.csv
4668899,707,Riga Masters,2018,2018-07-27,2018-07-29,1044,109,0,0,1044,2018-07-27T08:02:35Z,matches_2018_event_707.csv
4668900,707,Riga Masters,2018,2018-07-27,2018-07-29,96,1082,3,4,1082,2018-07-27T08:02:35Z,matches_2018_event_707.csv
4668901,707,Riga Masters,2018,2018-07-27,2018-07-29,1407,28,2,4,28,2018-07-27T08:02:35Z,matches_2018_event_707.csv
4668902,707,Riga Masters,2018,2018-07-27,2018-07-29,306,35,2,4,35,2018-07-27T08:02:35Z,matches_2018_event_707.csv
4668904,707,Riga Masters,2018,2018-07-27,2018-07-29,998,97,0,4,97,2018-07-27T09:30:13Z,matches_2018_event_707.csv
4668903,707,Riga Masters,2018,2018-07-27,2018-07-29,128,63,4,3,128,2018-07-27T09:31:10Z,matches_2018_event_707.csv
4668905,707,Riga Masters,2018,2018-07-27,2018-07-29,14,946,0,4,946,2018-07-27T09:38:28Z,matches_2018_event_707.csv
4668906,707,Riga Masters,2018,2018-07-27,2018-07-29,894,549,4,3,894,2018-07-27T10:23:44Z,matches_2018_event_707.csv
4668907,707,Riga Masters,2018,2018-07-27,2018-07-29,906,131,1,4,131,2018-07-27T10:49:28Z,matches_2018_event_707.csv
4668908,707,Riga Masters,2018,2018-07-27,2018-07-29,61,200,2,4,200,2018-07-27T10:55:24Z,matches_2018_event_707.csv
4668909,707,Riga Masters,2018,2018-07-27,2018-07-29,958,154,2,4,154,2018-07-27T12:18:14Z,matches_2018_event_707.csv
4668914,707,Riga Masters,2018,2018-07-27,2018-07-29,171,118,4,3,171,2018-07-27T12:18:14Z,matches_2018_event_707.csv
4668926,707,Riga Masters,2018,2018-07-27,2018-07-29,50,947,0,4,947,2018-07-27T12:18:14Z,matches_2018_event_707.csv
4668915,707,Riga Masters,2018,2018-07-27,2018-07-29,168,92,4,3,168,2018-07-27T13:05:47Z,matches_2018_event_707.csv
4668916,707,Riga Masters,2018,2018-07-27,2018-07-29,2,38,4,1,2,2018-07-27T13:05:47Z,matches_2018_event_707.csv
4668917,707,Riga Masters,2018,2018-07-27,2018-07-29,520,1038,1,4,1038,2018-07-27T13:05:47Z,matches_2018_event_707.csv
4668919,707,Riga Masters,2018,2018-07-27,2018-07-29,1101,119,0,4,119,2018-07-27T14:01:37Z,matches_2018_event_707.csv
4668921,707,Riga Masters,2018,2018-07-27,2018-07-29,45,125,1,4,125,2018-07-27T14:22:27Z,matches_2018_event_707.csv
4668910,707,Riga Masters,2018,2018-07-27,2018-07-29,16,295,3,4,295,2018-07-27T15:17:18Z,matches_2018_event_707.csv
4668912,707,Riga Masters,2018,2018-07-27,2018-07-29,202,37,4,3,202,2018-07-27T15:17:18Z,matches_2018_event_707.csv
4668922,707,Riga Masters,2018,2018-07-27,2018-07-29,218,52,3,4,52,2018-07-27T15:17:28Z,matches_2018_event_707.csv
4668923,707,Riga Masters,2018,2018-07-27,2018-07-29,724,22,4,2,724,2018-07-27T15:37:29Z,matches_2018_event_707.csv
4668911,707,Riga Masters,2018,2018-07-27,2018-07-29,62,20,4,0,62,2018-07-27T16:06:40Z,matches_2018_event_707.csv
4668913,707,Riga Masters,2018,2018-07-27,2018-07-29,158,68,4,3,158,2018-07-27T16:25:49Z,matches_2018_event_707.csv
4668924,707,Riga Masters,2018,2018-07-27,2018-07-29,24,4,1,4,4,2018-07-27T17:01:53Z,matches_2018_event_707.csv
4668925,707,Riga Masters,2018,2018-07-27,2018-07-29,15,101,4,2,15,2018-07-27T17:27:18Z,matches_2018_event_707.csv
4668918,707,Riga Masters,2018,2018-07-27,2018-07-29,519,39,0,4,39,2018-07-27T17:57:39Z,matches_2018_event_707.csv
4668928,707,Riga Masters,2018,2018-07-27,2018-07-29,592,21,4,2,592,2018-07-27T17:57:39Z,matches_2018_event_707.csv
4668929,707,Riga Masters,2018,2018-07-27,2018-07-29,87,85,2,4,85,2018-07-27T18:00:25Z,matches_2018_event_707.csv
4668927,707,Riga Masters,2018,2018-07-27,2018-07-29,1,19,4,2,1,2018-07-27T18:40:52Z,matches_2018_event_707.csv
4668882,707,Riga Masters,2018,2018-07-27,2018-07-29,10,1044,0,4,1044,2018-07-28T08:04:50Z,matches_2018_event_707.csv
4668883,707,Riga Masters,2018,2018-07-27,2018-07-29,1082,28,2,4,28,2018-07-28T08:04:50Z,matches_2018_event_707.csv
4668884,707,Riga Masters,2018,2018-07-27,2018-07-29,35,128,3,4,128,2018-07-28T08:04:50Z,matches_2018_event_707.csv
4668885,707,Riga Masters,2018,2018-07-27,2018-07-29,97,946,0,4,946,2018-07-28T08:04:50Z,matches_2018_event_707.csv
4668890,707,Riga Masters,2018,2018-07-27,2018-07-29,171,168,1,4,168,2018-07-28T08:04:50Z,matches_2018_event_707.csv
4668886,707,Riga Masters,2018,2018-07-27,2018-07-29,894,131,3,4,131,2018-07-28T09:38:45Z,matches_2018_event_707.csv
4668887,707,Riga Masters,2018,2018-07-27,2018-07-29,200,154,3,4,154,2018-07-28T09:38:45Z,matches_2018_event_707.csv
4668891,707,Riga Masters,2018,2018-07-27,2018-07-29,2,1038,4,2,2,2018-07-28T09:57:58Z,matches_2018_event_707.csv
4668893,707,Riga Masters,2018,2018-07-27,2018-07-29,115,125,4,1,115,2018-07-28T11:55:17Z,matches_2018_event_707.csv
4668897,707,Riga Masters,2018,2018-07-27,2018-07-29,592,85,0,4,85,2018-07-28T11:55:17Z,matches_2018_event_707.csv
4668889,707,Riga Masters,2018,2018-07-27,2018-07-29,202,158,4,2,202,2018-07-28T12:07:42Z,matches_2018_event_707.csv
4668892,707,Riga Masters,2018,2018-07-27,2018-07-29,39,119,4,2,39,2018-07-28T12:07:42Z,matches_2018_event_707.csv
4668896,707,Riga Masters,2018,2018-07-27,2018-07-29,947,1,4,3,947,2018-07-28T12:07:42Z,matches_2018_event_707.csv
4668888,707,Riga Masters,2018,2018-07-27,2018-07-29,295,62,0,4,62,2018-07-28T13:01:11Z,matches_2018_event_707.csv
4668894,707,Riga Masters,2018,2018-07-27,2018-07-29,52,724,4,0,52,2018-07-28T13:01:11Z,matches_2018_event_707.csv
4668895,707,Riga Masters,2018,2018-07-27,2018-07-29,4,15,3,4,15,2018-07-28T13:01:11Z,matches_2018_event_707.csv
4668579,707,Riga Masters,2018,2018-07-27,2018-07-29,168,2,0,4,2,2018-07-28T15:00:17Z,matches_2018_event_707.csv
4668575,707,Riga Masters,2018,2018-07-27,2018-07-29,1044,28,4,3,1044,2018-07-28T15:00:53Z,matches_2018_event_707.csv
4668576,707,Riga Masters,2018,2018-07-27,2018-07-29,128,946,4,1,128,2018-07-28T15:28:28Z,matches_2018_event_707.csv
4668582,707,Riga Masters,2018,2018-07-27,2018-07-29,947,85,1,4,85,2018-07-28T16:14:43Z,matches_2018_event_707.csv
4668577,707,Riga Masters,2018,2018-07-27,2018-07-29,131,154,2,4,154,2018-07-28T16:40:22Z,matches_2018_event_707.csv
4668578,707,Riga Masters,2018,2018-07-27,2018-07-29,62,202,4,2,62,2018-07-28T16:52:18Z,matches_2018_event_707.csv
4668580,707,Riga Masters,2018,2018-07-27,2018-07-29,39,115,4,2,39,2018-07-28T17:14:56Z,matches_2018_event_707.csv
4668581,707,Riga Masters,2018,2018-07-27,2018-07-29,52,15,4,0,52,2018-07-28T17:43:07Z,matches_2018_event_707.csv
4668583,707,Riga Masters,2018,2018-07-27,2018-07-29,1044,128,2,4,128,2018-07-29T08:04:14Z,matches_2018_event_707.csv
4668584,707,Riga Masters,2018,2018-07-27,2018-07-29,154,62,4,2,154,2018-07-29T08:04:14Z,matches_2018_event_707.csv
4668585,707,Riga Masters,2018,2018-07-27,2018-07-29,2,39,4,2,2,2018-07-29T09:59:55Z,matches_2018_event_707.csv
4668586,707,Riga Masters,2018,2018-07-27,2018-07-29,52,85,0,4,85,2018-07-29T10:42:14Z,matches_2018_event_707.csv
4668587,707,Riga Masters,2018,2018-07-27,2018-07-29,128,154,0,5,154,2018-07-29T12:01:26Z,matches_2018_event_707.csv
4668588,707,Riga Masters,2018,2018-07-27,2018-07-29,2,85,1,5,85,2018-07-29T12:17:09Z,matches_2018_event_707.csv
4668931,707,Riga Masters,2018,2018-07-27,2018-07-29,154,85,5,2,154,2018-07-29T17:59:01Z,matches_2018_event_707.csv
4686269,708,World Open,2018,2018-08-06,2018-08-12,9,118,0,0,118,2018-08-03T13:53:49Z,matches_2018_event_708.csv
4686266,708,World Open,2018,2018-08-06,2018-08-12,92,998,5,4,92,2018-08-06T01:30:44Z,matches_2018_event_708.csv
4686275,708,World Open,2018,2018-08-06,2018-08-12,520,47,4,5,47,2018-08-06T01:30:44Z,matches_2018_event_708.csv
4686267,708,World Open,2018,2018-08-06,2018-08-12,4,42,5,4,4,2018-08-06T06:17:37Z,matches_2018_event_708.csv
4686277,708,World Open,2018,2018-08-06,2018-08-12,63,946,5,4,63,2018-08-06T06:17:37Z,matches_2018_event_708.csv
4686282,708,World Open,2018,2018-08-06,2018-08-12,906,10,2,5,10,2018-08-06T06:17:37Z,matches_2018_event_708.csv
4686294,708,World Open,2018,2018-08-06,2018-08-12,217,2,4,5,2,2018-08-06T06:17:37Z,matches_2018_event_708.csv
4686271,708,World Open,2018,2018-08-06,2018-08-12,33,62,3,5,62,2018-08-06T06:28:58Z,matches_2018_event_708.csv
4686284,708,World Open,2018,2018-08-06,2018-08-12,177,208,3,5,208,2018-08-06T07:05:27Z,matches_2018_event_708.csv
4686270,708,World Open,2018,2018-08-06,2018-08-12,50,158,0,5,158,2018-08-06T11:31:07Z,matches_2018_event_708.csv
4686273,708,World Open,2018,2018-08-06,2018-08-12,16,1763,5,2,16,2018-08-06T11:31:07Z,matches_2018_event_708.csv
4686278,708,World Open,2018,2018-08-06,2018-08-12,894,101,4,5,101,2018-08-06T11:31:07Z,matches_2018_event_708.csv
4686279,708,World Open,2018,2018-08-06,2018-08-12,546,8,5,3,546,2018-08-06T11:31:07Z,matches_2018_event_708.csv
4686283,708,World Open,2018,2018-08-06,2018-08-12,68,96,5,2,68,2018-08-06T11:31:07Z,matches_2018_event_708.csv
4686286,708,World Open,2018,2018-08-06,2018-08-12,90,81,5,3,90,2018-08-06T11:31:07Z,matches_2018_event_708.csv
4686292,708,World Open,2018,2018-08-06,2018-08-12,85,1044,5,0,85,2018-08-06T11:31:07Z,matches_2018_event_708.csv
4686268,708,World Open,2018,2018-08-06,2018-08-12,151,25,4,5,25,2018-08-07T06:20:49Z,matches_2018_event_708.csv
4686281,708,World Open,2018,2018-08-06,2018-08-12,17,608,5,3,17,2018-08-07T06:20:49Z,matches_2018_event_708.csv
4686285,708,World Open,2018,2018-08-06,2018-08-12,497,24,1,5,24,2018-08-07T06:20:49Z,matches_2018_event_708.csv
4686287,708,World Open,2018,2018-08-06,2018-08-12,48,115,2,5,115,2018-08-07T06:20:49Z,matches_2018_event_708.csv
4686288,708,World Open,2018,2018-08-06,2018-08-12,1567,306,2,5,306,2018-08-07T06:20:49Z,matches_2018_event_708.csv
4686289,708,World Open,2018,2018-08-06,2018-08-12,39,23,5,1,39,2018-08-07T06:20:49Z,matches_2018_event_708.csv
4686290,708,World Open,2018,2018-08-06,2018-08-12,982,61,5,4,982,2018-08-07T06:20:49Z,matches_2018_event_708.csv
4686291,708,World Open,2018,2018-08-06,2018-08-12,202,905,5,1,202,2018-08-07T06:20:49Z,matches_2018_event_708.csv
4686265,708,World Open,2018,2018-08-06,2018-08-12,224,1108,5,3,224,2018-08-07T11:34:48Z,matches_2018_event_708.csv
4686272,708,World Open,2018,2018-08-06,2018-08-12,123,154,1,5,154,2018-08-07T11:34:48Z,matches_2018_event_708.csv
4686274,708,World Open,2018,2018-08-06,2018-08-12,125,15,5,3,125,2018-08-07T11:34:48Z,matches_2018_event_708.csv
4686276,708,World Open,2018,2018-08-06,2018-08-12,1260,128,5,0,1260,2018-08-07T11:34:48Z,matches_2018_event_708.csv
4686280,708,World Open,2018,2018-08-06,2018-08-12,120,12,1,5,12,2018-08-07T11:34:48Z,matches_2018_event_708.csv
4686293,708,World Open,2018,2018-08-06,2018-08-12,54,168,4,5,168,2018-08-07T11:34:48Z,matches_2018_event_708.csv
4686295,708,World Open,2018,2018-08-06,2018-08-12,19,1981,5,1,19,2018-08-07T11:34:48Z,matches_2018_event_708.csv
4686296,708,World Open,2018,2018-08-06,2018-08-12,239,1,1,5,1,2018-08-07T11:34:48Z,matches_2018_event_708.csv
4686154,708,World Open,2018,2018-08-06,2018-08-12,118,158,5,3,118,2018-08-08T06:30:26Z,matches_2018_event_708.csv
4686158,708,World Open,2018,2018-08-06,2018-08-12,63,101,5,4,63,2018-08-08T06:30:26Z,matches_2018_event_708.csv
4686160,708,World Open,2018,2018-08-06,2018-08-12,17,10,5,2,17,2018-08-08T06:30:26Z,matches_2018_event_708.csv
4686161,708,World Open,2018,2018-08-06,2018-08-12,68,208,2,5,208,2018-08-08T06:30:26Z,matches_2018_event_708.csv
4686162,708,World Open,2018,2018-08-06,2018-08-12,24,90,5,0,24,2018-08-08T06:30:26Z,matches_2018_event_708.csv
4686163,708,World Open,2018,2018-08-06,2018-08-12,115,306,5,4,115,2018-08-08T06:30:26Z,matches_2018_event_708.csv
4686164,708,World Open,2018,2018-08-06,2018-08-12,39,982,5,3,39,2018-08-08T06:30:26Z,matches_2018_event_708.csv
4686167,708,World Open,2018,2018-08-06,2018-08-12,19,1,2,5,1,2018-08-08T06:30:26Z,matches_2018_event_708.csv
4686152,708,World Open,2018,2018-08-06,2018-08-12,224,92,4,5,92,2018-08-08T11:18:09Z,matches_2018_event_708.csv
4686153,708,World Open,2018,2018-08-06,2018-08-12,4,25,5,4,4,2018-08-08T11:18:09Z,matches_2018_event_708.csv
4686155,708,World Open,2018,2018-08-06,2018-08-12,62,154,5,3,62,2018-08-08T11:18:09Z,matches_2018_event_708.csv
4686156,708,World Open,2018,2018-08-06,2018-08-12,16,125,5,2,16,2018-08-08T11:18:09Z,matches_2018_event_708.csv
4686157,708,World Open,2018,2018-08-06,2018-08-12,47,1260,5,3,47,2018-08-08T11:18:09Z,matches_2018_event_708.csv
4686159,708,World Open,2018,2018-08-06,2018-08-12,546,12,5,3,546,2018-08-08T11:18:09Z,matches_2018_event_708.csv
4686165,708,World Open,2018,2018-08-06,2018-08-12,202,85,1,5,85,2018-08-08T11:18:09Z,matches_2018_event_708.csv
4686166,708,World Open,2018,2018-08-06,2018-08-12,168,2,5,4,168,2018-08-08T11:18:09Z,matches_2018_event_708.csv
4686116,708,World Open,2018,2018-08-06,2018-08-12,17,208,4,5,208,2018-08-09T06:34:59Z,matches_2018_event_708.csv
4686117,708,World Open,2018,2018-08-06,2018-08-12,24,115,5,3,24,2018-08-09T06:34:59Z,matches_2018_event_708.csv
4686118,708,World Open,2018,2018-08-06,2018-08-12,39,85,4,5,85,2018-08-09T06:34:59Z,matches_2018_event_708.csv
4686119,708,World Open,2018,2018-08-06,2018-08-12,168,1,1,5,1,2018-08-09T06:34:59Z,matches_2018_event_708.csv
4686112,708,World Open,2018,2018-08-06,2018-08-12,92,4,2,5,4,2018-08-09T11:29:54Z,matches_2018_event_708.csv
4686113,708,World Open,2018,2018-08-06,2018-08-12,118,62,5,3,118,2018-08-09T11:29:54Z,matches_2018_event_708.csv
4686114,708,World Open,2018,2018-08-06,2018-08-12,16,47,5,4,16,2018-08-09T11:29:54Z,matches_2018_event_708.csv
4686115,708,World Open,2018,2018-08-06,2018-08-12,63,546,2,5,546,2018-08-09T11:29:54Z,matches_2018_event_708.csv
4870890,708,World Open,2018,2018-08-06,2018-08-12,4,118,3,5,118,2018-08-10T06:40:35Z,matches_2018_event_708.csv
4870891,708,World Open,2018,2018-08-06,2018-08-12,16,546,5,3,16,2018-08-10T06:40:35Z,matches_2018_event_708.csv
4870892,708,World Open,2018,2018-08-06,2018-08-12,208,24,5,1,208,2018-08-10T11:30:41Z,matches_2018_event_708.csv
4870893,708,World Open,2018,2018-08-06,2018-08-12,85,1,3,5,1,2018-08-10T11:30:41Z,matches_2018_event_708.csv
4686110,708,World Open,2018,2018-08-06,2018-08-12,118,16,6,4,118,2018-08-11T06:01:49Z,matches_2018_event_708.csv
4686111,708,World Open,2018,2018-08-06,2018-08-12,208,1,5,6,1,2018-08-11T11:30:21Z,matches_2018_event_708.csv
4686168,708,World Open,2018,2018-08-06,2018-08-12,118,1,9,10,1,2018-08-12T05:57:56Z,matches_2018_event_708.csv
4797563,709,Shanghai Masters,2018,2018-09-10,2018-09-16,30,1417,6,0,30,2018-09-10T01:37:02Z,matches_2018_event_709.csv
4797568,709,Shanghai Masters,2018,2018-09-10,2018-09-16,2,1115,6,4,2,2018-09-10T01:37:02Z,matches_2018_event_709.csv
4796601,709,Shanghai Masters,2018,2018-09-10,2018-09-16,97,30,0,0,30,2018-09-10T04:21:02Z,matches_2018_event_709.csv
4797564,709,Shanghai Masters,2018,2018-09-10,2018-09-16,39,200,6,3,39,2018-09-10T06:07:23Z,matches_2018_event_709.csv
4797566,709,Shanghai Masters,2018,2018-09-10,2018-09-16,101,906,4,6,906,2018-09-10T06:07:23Z,matches_2018_event_709.csv
4797562,709,Shanghai Masters,2018,2018-09-10,2018-09-16,154,2408,6,1,154,2018-09-10T11:32:41Z,matches_2018_event_709.csv
4797567,709,Shanghai Masters,2018,2018-09-10,2018-09-16,202,24,6,4,202,2018-09-10T11:32:41Z,matches_2018_event_709.csv
4797565,709,Shanghai Masters,2018,2018-09-10,2018-09-16,68,1981,6,2,68,2018-09-11T01:30:02Z,matches_2018_event_709.csv
4797569,709,Shanghai Masters,2018,2018-09-10,2018-09-16,22,1260,6,2,22,2018-09-11T01:30:02Z,matches_2018_event_709.csv
4796604,709,Shanghai Masters,2018,2018-09-10,2018-09-16,17,906,6,5,17,2018-09-11T06:01:58Z,matches_2018_event_709.csv
4796606,709,Shanghai Masters,2018,2018-09-10,2018-09-16,16,2,6,3,16,2018-09-11T06:01:58Z,matches_2018_event_709.csv
4796602,709,Shanghai Masters,2018,2018-09-10,2018-09-16,12,39,2,6,39,2018-09-11T11:31:41Z,matches_2018_event_709.csv
4796605,709,Shanghai Masters,2018,2018-09-10,2018-09-16,224,202,6,3,224,2018-09-11T11:31:41Z,matches_2018_event_709.csv
4796603,709,Shanghai Masters,2018,2018-09-10,2018-09-16,237,68,5,6,68,2018-09-12T06:12:35Z,matches_2018_event_709.csv
4796607,709,Shanghai Masters,2018,2018-09-10,2018-09-16,1,22,6,3,1,2018-09-12T06:12:35Z,matches_2018_event_709.csv
4796600,709,Shanghai Masters,2018,2018-09-10,2018-09-16,5,154,6,3,5,2018-09-12T11:25:07Z,matches_2018_event_709.csv
4797577,709,Shanghai Masters,2018,2018-09-10,2018-09-16,5,30,6,2,5,2018-09-13T05:59:49Z,matches_2018_event_709.csv
4797578,709,Shanghai Masters,2018,2018-09-10,2018-09-16,39,68,6,5,39,2018-09-13T05:59:49Z,matches_2018_event_709.csv
4797579,709,Shanghai Masters,2018,2018-09-10,2018-09-16,17,224,5,6,224,2018-09-13T11:33:33Z,matches_2018_event_709.csv
4797580,709,Shanghai Masters,2018,2018-09-10,2018-09-16,16,1,6,4,16,2018-09-13T11:33:33Z,matches_2018_event_709.csv
4797574,709,Shanghai Masters,2018,2018-09-10,2018-09-16,5,39,10,6,5,2018-09-14T06:04:36Z,matches_2018_event_709.csv
4797575,709,Shanghai Masters,2018,2018-09-10,2018-09-16,224,16,9,10,16,2018-09-15T06:02:52Z,matches_2018_event_709.csv
4797576,709,Shanghai Masters,2018,2018-09-10,2018-09-16,5,16,11,9,5,2018-09-16T06:08:08Z,matches_2018_event_709.csv
4686618,710,World Open Qualifiers,2018,2018-07-06,2018-07-09,1407,1108,4,5,1108,2018-07-06T09:04:13Z,matches_2018_event_710.csv
4686619,710,World Open Qualifiers,2018,2018-07-06,2018-07-09,92,933,5,0,92,2018-07-06T09:04:13Z,matches_2018_event_710.csv
4686620,710,World Open Qualifiers,2018,2018-07-06,2018-07-09,295,998,4,5,998,2018-07-06T09:04:13Z,matches_2018_event_710.csv
4686630,710,World Open Qualifiers,2018,2018-07-06,2018-07-09,62,35,5,2,62,2018-07-06T09:04:13Z,matches_2018_event_710.csv
4686655,710,World Open Qualifiers,2018,2018-07-06,2018-07-09,28,177,4,5,177,2018-07-06T09:04:13Z,matches_2018_event_710.csv
4686622,710,World Open Qualifiers,2018,2018-07-06,2018-07-09,42,106,5,3,42,2018-07-06T13:34:35Z,matches_2018_event_710.csv
4686624,710,World Open Qualifiers,2018,2018-07-06,2018-07-09,25,1237,5,3,25,2018-07-06T13:34:35Z,matches_2018_event_710.csv
4686625,710,World Open Qualifiers,2018,2018-07-06,2018-07-09,9,26,5,0,9,2018-07-06T13:34:35Z,matches_2018_event_710.csv
4686633,710,World Open Qualifiers,2018,2018-07-06,2018-07-09,16,21,5,2,16,2018-07-06T13:34:35Z,matches_2018_event_710.csv
4686664,710,World Open Qualifiers,2018,2018-07-06,2018-07-09,97,306,4,5,306,2018-07-06T13:34:35Z,matches_2018_event_710.csv
4686629,710,World Open Qualifiers,2018,2018-07-06,2018-07-09,33,593,5,4,33,2018-07-06T17:46:49Z,matches_2018_event_710.csv
4686634,710,World Open Qualifiers,2018,2018-07-06,2018-07-09,1763,1417,5,0,1763,2018-07-06T17:46:49Z,matches_2018_event_710.csv
4686635,710,World Open Qualifiers,2018,2018-07-06,2018-07-09,125,526,5,2,125,2018-07-06T17:46:49Z,matches_2018_event_710.csv
4686660,710,World Open Qualifiers,2018,2018-07-06,2018-07-09,30,81,4,5,81,2018-07-06T17:46:49Z,matches_2018_event_710.csv
4686669,710,World Open Qualifiers,2018,2018-07-06,2018-07-09,202,37,5,2,202,2018-07-06T17:49:22Z,matches_2018_event_710.csv
4686627,710,World Open Qualifiers,2018,2018-07-06,2018-07-09,50,1509,5,3,50,2018-07-07T09:00:14Z,matches_2018_event_710.csv
4686628,710,World Open Qualifiers,2018,2018-07-06,2018-07-09,158,2101,5,0,158,2018-07-07T09:00:14Z,matches_2018_event_710.csv
4686631,710,World Open Qualifiers,2018,2018-07-06,2018-07-09,32,123,2,5,123,2018-07-07T09:00:14Z,matches_2018_event_710.csv
4686636,710,World Open Qualifiers,2018,2018-07-06,2018-07-09,15,76,5,1,15,2018-07-07T09:00:14Z,matches_2018_event_710.csv
4686637,710,World Open Qualifiers,2018,2018-07-06,2018-07-09,22,520,1,5,520,2018-07-07T09:00:14Z,matches_2018_event_710.csv
4686626,710,World Open Qualifiers,2018,2018-07-06,2018-07-09,118,1101,5,1,118,2018-07-07T13:33:00Z,matches_2018_event_710.csv
4686638,710,World Open Qualifiers,2018,2018-07-06,2018-07-09,47,1038,5,3,47,2018-07-07T13:33:00Z,matches_2018_event_710.csv
4686641,710,World Open Qualifiers,2018,2018-07-06,2018-07-09,63,549,5,3,63,2018-07-07T13:33:00Z,matches_2018_event_710.csv
4686642,710,World Open Qualifiers,2018,2018-07-06,2018-07-09,52,946,3,5,946,2018-07-07T13:33:00Z,matches_2018_event_710.csv
4686643,710,World Open Qualifiers,2018,2018-07-06,2018-07-09,894,621,5,1,894,2018-07-07T13:33:00Z,matches_2018_event_710.csv
4686640,710,World Open Qualifiers,2018,2018-07-06,2018-07-09,128,448,5,2,128,2018-07-07T17:51:08Z,matches_2018_event_710.csv
4686644,710,World Open Qualifiers,2018,2018-07-06,2018-07-09,101,87,5,1,101,2018-07-07T17:51:08Z,matches_2018_event_710.csv
4686645,710,World Open Qualifiers,2018,2018-07-06,2018-07-09,546,20,5,1,546,2018-07-07T17:51:08Z,matches_2018_event_710.csv
4686646,710,World Open Qualifiers,2018,2018-07-06,2018-07-09,8,582,5,4,8,2018-07-07T17:51:08Z,matches_2018_event_710.csv
4686665,710,World Open Qualifiers,2018,2018-07-06,2018-07-09,39,14,5,3,39,2018-07-07T17:51:08Z,matches_2018_event_710.csv
4686647,710,World Open Qualifiers,2018,2018-07-06,2018-07-09,120,1934,5,1,120,2018-07-08T09:04:36Z,matches_2018_event_710.csv
4686650,710,World Open Qualifiers,2018,2018-07-06,2018-07-09,38,608,0,5,608,2018-07-08T09:04:36Z,matches_2018_event_710.csv
4686651,710,World Open Qualifiers,2018,2018-07-06,2018-07-09,906,74,5,3,906,2018-07-08T09:04:36Z,matches_2018_event_710.csv
4686658,710,World Open Qualifiers,2018,2018-07-06,2018-07-09,24,947,5,2,24,2018-07-08T09:04:36Z,matches_2018_event_710.csv
4686671,710,World Open Qualifiers,2018,2018-07-06,2018-07-09,85,2134,5,2,85,2018-07-08T09:04:36Z,matches_2018_event_710.csv
4686621,710,World Open Qualifiers,2018,2018-07-06,2018-07-09,4,1186,5,0,4,2018-07-08T13:30:29Z,matches_2018_event_710.csv
4686648,710,World Open Qualifiers,2018,2018-07-06,2018-07-09,12,412,5,0,12,2018-07-08T13:30:29Z,matches_2018_event_710.csv
4686652,710,World Open Qualifiers,2018,2018-07-06,2018-07-09,10,109,0,0,10,2018-07-08T13:30:29Z,matches_2018_event_710.csv
4686654,710,World Open Qualifiers,2018,2018-07-06,2018-07-09,96,592,5,4,96,2018-07-08T13:30:29Z,matches_2018_event_710.csv
4686656,710,World Open Qualifiers,2018,2018-07-06,2018-07-09,208,552,5,2,208,2018-07-08T13:30:29Z,matches_2018_event_710.csv
4686649,710,World Open Qualifiers,2018,2018-07-06,2018-07-09,17,519,5,3,17,2018-07-08T18:01:32Z,matches_2018_event_710.csv
4686657,710,World Open Qualifiers,2018,2018-07-06,2018-07-09,497,58,5,1,497,2018-07-08T18:01:32Z,matches_2018_event_710.csv
4686659,710,World Open Qualifiers,2018,2018-07-06,2018-07-09,45,90,4,5,90,2018-07-08T18:01:32Z,matches_2018_event_710.csv
4686661,710,World Open Qualifiers,2018,2018-07-06,2018-07-09,48,910,5,2,48,2018-07-08T18:01:32Z,matches_2018_event_710.csv
4686662,710,World Open Qualifiers,2018,2018-07-06,2018-07-09,115,917,5,1,115,2018-07-08T18:01:32Z,matches_2018_event_710.csv
4686663,710,World Open Qualifiers,2018,2018-07-06,2018-07-09,170,1567,2,5,1567,2018-07-09T09:03:14Z,matches_2018_event_710.csv
4686666,710,World Open Qualifiers,2018,2018-07-06,2018-07-09,44,23,2,5,23,2018-07-09T09:03:14Z,matches_2018_event_710.csv
4686667,710,World Open Qualifiers,2018,2018-07-06,2018-07-09,171,982,4,5,982,2018-07-09T09:03:14Z,matches_2018_event_710.csv
4686668,710,World Open Qualifiers,2018,2018-07-06,2018-07-09,61,908,5,1,61,2018-07-09T09:03:14Z,matches_2018_event_710.csv
4686674,710,World Open Qualifiers,2018,2018-07-06,2018-07-09,168,958,5,3,168,2018-07-09T09:03:14Z,matches_2018_event_710.csv
4686679,710,World Open Qualifiers,2018,2018-07-06,2018-07-09,239,218,5,4,239,2018-07-09T09:03:14Z,matches_2018_event_710.csv
4686653,710,World Open Qualifiers,2018,2018-07-06,2018-07-09,68,898,5,4,68,2018-07-09T13:33:56Z,matches_2018_event_710.csv
4686670,710,World Open Qualifiers,2018,2018-07-06,2018-07-09,905,620,5,1,905,2018-07-09T13:33:56Z,matches_2018_event_710.csv
4686672,710,World Open Qualifiers,2018,2018-07-06,2018-07-09,1044,131,5,3,1044,2018-07-09T13:33:56Z,matches_2018_event_710.csv
4686675,710,World Open Qualifiers,2018,2018-07-06,2018-07-09,217,616,5,1,217,2018-07-09T13:33:56Z,matches_2018_event_710.csv
4686676,710,World Open Qualifiers,2018,2018-07-06,2018-07-09,2,104,5,4,2,2018-07-09T13:33:56Z,matches_2018_event_710.csv
4686632,710,World Open Qualifiers,2018,2018-07-06,2018-07-09,154,1383,5,0,154,2018-08-06T01:31:39Z,matches_2018_event_710.csv
4686639,710,World Open Qualifiers,2018,2018-07-06,2018-07-09,1260,724,5,3,1260,2018-08-06T01:31:39Z,matches_2018_event_710.csv
4686673,710,World Open Qualifiers,2018,2018-07-06,2018-07-09,54,2379,5,0,54,2018-08-06T01:31:39Z,matches_2018_event_710.csv
4686677,710,World Open Qualifiers,2018,2018-07-06,2018-07-09,19,1595,5,1,19,2018-08-06T01:31:39Z,matches_2018_event_710.csv
4686678,710,World Open Qualifiers,2018,2018-07-06,2018-07-09,93,1981,4,5,1981,2018-08-06T01:31:39Z,matches_2018_event_710.csv
4686623,710,World Open Qualifiers,2018,2018-07-06,2018-07-09,200,151,1,5,151,2018-08-06T06:14:20Z,matches_2018_event_710.csv
4686680,710,World Open Qualifiers,2018,2018-07-06,2018-07-09,1,1082,5,4,1,2018-08-06T06:14:20Z,matches_2018_event_710.csv
4686617,710,World Open Qualifiers,2018,2018-07-06,2018-07-09,224,193,5,4,224,2018-08-06T11:31:30Z,matches_2018_event_710.csv
4889472,711,English Open,2018,2018-10-15,2018-10-21,894,26,3,4,26,2018-10-15T09:00:07Z,matches_2018_event_711.csv
4889475,711,English Open,2018,2018-10-15,2018-10-21,200,546,4,0,200,2018-10-15T09:00:07Z,matches_2018_event_711.csv
4889476,711,English Open,2018,2018-10-15,2018-10-21,620,497,4,3,620,2018-10-15T09:00:07Z,matches_2018_event_711.csv
4889477,711,English Open,2018,2018-10-15,2018-10-21,131,35,4,1,131,2018-10-15T09:00:07Z,matches_2018_event_711.csv
4889478,711,English Open,2018,2018-10-15,2018-10-21,170,1044,0,4,1044,2018-10-15T09:00:07Z,matches_2018_event_711.csv
4889479,711,English Open,2018,2018-10-15,2018-10-21,998,8,4,2,998,2018-10-15T09:00:07Z,matches_2018_event_711.csv
4889481,711,English Open,2018,2018-10-15,2018-10-21,592,1038,4,3,592,2018-10-15T09:00:07Z,matches_2018_event_711.csv
4889498,711,English Open,2018,2018-10-15,2018-10-21,4,48,4,1,4,2018-10-15T09:00:07Z,matches_2018_event_711.csv
4889471,711,English Open,2018,2018-10-15,2018-10-21,5,61,4,1,5,2018-10-15T12:00:41Z,matches_2018_event_711.csv
4889474,711,English Open,2018,2018-10-15,2018-10-21,9,933,4,1,9,2018-10-15T12:00:41Z,matches_2018_event_711.csv
4889480,711,English Open,2018,2018-10-15,2018-10-21,44,1417,4,0,44,2018-10-15T12:00:41Z,matches_2018_event_711.csv
4889483,711,English Open,2018,2018-10-15,2018-10-21,120,128,2,4,128,2018-10-15T12:00:41Z,matches_2018_event_711.csv
4889484,711,English Open,2018,2018-10-15,2018-10-21,74,1237,3,4,1237,2018-10-15T12:00:41Z,matches_2018_event_711.csv
4889488,711,English Open,2018,2018-10-15,2018-10-21,946,204,4,3,946,2018-10-15T12:00:41Z,matches_2018_event_711.csv
4889489,711,English Open,2018,2018-10-15,2018-10-21,295,87,0,4,87,2018-10-15T12:00:41Z,matches_2018_event_711.csv
4889529,711,English Open,2018,2018-10-15,2018-10-21,123,1260,2,4,1260,2018-10-15T12:00:41Z,matches_2018_event_711.csv
4889534,711,English Open,2018,2018-10-15,2018-10-21,1,33,4,1,1,2018-10-15T13:16:17Z,matches_2018_event_711.csv
4889494,711,English Open,2018,2018-10-15,2018-10-21,21,42,0,4,42,2018-10-15T13:48:37Z,matches_2018_event_711.csv
4889495,711,English Open,2018,2018-10-15,2018-10-21,96,15,1,4,15,2018-10-15T14:02:02Z,matches_2018_event_711.csv
4889491,711,English Open,2018,2018-10-15,2018-10-21,68,1323,4,0,68,2018-10-15T14:41:30Z,matches_2018_event_711.csv
4889482,711,English Open,2018,2018-10-15,2018-10-21,154,898,4,2,154,2018-10-15T15:40:02Z,matches_2018_event_711.csv
4889513,711,English Open,2018,2018-10-15,2018-10-21,158,50,4,2,158,2018-10-15T16:03:20Z,matches_2018_event_711.csv
4889503,711,English Open,2018,2018-10-15,2018-10-21,17,621,4,0,17,2018-10-15T18:01:12Z,matches_2018_event_711.csv
4889492,711,English Open,2018,2018-10-15,2018-10-21,947,910,4,3,947,2018-10-15T18:01:41Z,matches_2018_event_711.csv
4889496,711,English Open,2018,2018-10-15,2018-10-21,106,104,1,4,104,2018-10-15T18:03:36Z,matches_2018_event_711.csv
4889500,711,English Open,2018,2018-10-15,2018-10-21,27,616,4,2,27,2018-10-15T18:03:36Z,matches_2018_event_711.csv
4889501,711,English Open,2018,2018-10-15,2018-10-21,218,14,3,4,14,2018-10-15T18:03:36Z,matches_2018_event_711.csv
4889504,711,English Open,2018,2018-10-15,2018-10-21,19,52,4,2,19,2018-10-15T18:03:36Z,matches_2018_event_711.csv
4889508,711,English Open,2018,2018-10-15,2018-10-21,171,666,3,4,666,2018-10-15T18:04:02Z,matches_2018_event_711.csv
4889519,711,English Open,2018,2018-10-15,2018-10-21,97,54,4,1,97,2018-10-15T19:14:55Z,matches_2018_event_711.csv
4889516,711,English Open,2018,2018-10-15,2018-10-21,168,32,2,4,32,2018-10-15T19:20:46Z,matches_2018_event_711.csv
4889485,711,English Open,2018,2018-10-15,2018-10-21,22,1567,4,0,22,2018-10-15T20:04:59Z,matches_2018_event_711.csv
4889490,711,English Open,2018,2018-10-15,2018-10-21,63,85,2,4,85,2018-10-16T09:03:03Z,matches_2018_event_711.csv
4889497,711,English Open,2018,2018-10-15,2018-10-21,306,193,4,3,306,2018-10-16T09:03:03Z,matches_2018_event_711.csv
4889499,711,English Open,2018,2018-10-15,2018-10-21,519,2134,0,4,2134,2018-10-16T09:03:03Z,matches_2018_event_711.csv
4889505,711,English Open,2018,2018-10-15,2018-10-21,526,1082,1,4,1082,2018-10-16T09:03:03Z,matches_2018_event_711.csv
4889509,711,English Open,2018,2018-10-15,2018-10-21,1934,217,1,4,217,2018-10-16T09:03:03Z,matches_2018_event_711.csv
4889510,711,English Open,2018,2018-10-15,2018-10-21,1509,1762,4,1,1509,2018-10-16T09:03:03Z,matches_2018_event_711.csv
4889511,711,English Open,2018,2018-10-15,2018-10-21,81,47,3,4,47,2018-10-16T09:03:03Z,matches_2018_event_711.csv
4889530,711,English Open,2018,2018-10-15,2018-10-21,2,151,4,3,2,2018-10-16T09:03:03Z,matches_2018_event_711.csv
4889473,711,English Open,2018,2018-10-15,2018-10-21,20,905,4,2,20,2018-10-16T12:03:38Z,matches_2018_event_711.csv
4889502,711,English Open,2018,2018-10-15,2018-10-21,237,958,4,1,237,2018-10-16T12:03:38Z,matches_2018_event_711.csv
4889517,711,English Open,2018,2018-10-15,2018-10-21,177,109,0,4,109,2018-10-16T12:03:38Z,matches_2018_event_711.csv
4889523,711,English Open,2018,2018-10-15,2018-10-21,202,115,4,2,202,2018-10-16T12:03:38Z,matches_2018_event_711.csv
4889512,711,English Open,2018,2018-10-15,2018-10-21,76,45,4,2,76,2018-10-16T12:04:10Z,matches_2018_event_711.csv
4889515,711,English Open,2018,2018-10-15,2018-10-21,520,90,4,3,520,2018-10-16T12:04:10Z,matches_2018_event_711.csv
4889521,711,English Open,2018,2018-10-15,2018-10-21,908,92,2,4,92,2018-10-16T12:07:21Z,matches_2018_event_711.csv
4889522,711,English Open,2018,2018-10-15,2018-10-21,608,552,4,2,608,2018-10-16T12:34:04Z,matches_2018_event_711.csv
4889486,711,English Open,2018,2018-10-15,2018-10-21,39,1763,3,4,1763,2018-10-16T13:34:20Z,matches_2018_event_711.csv
4889506,711,English Open,2018,2018-10-15,2018-10-21,62,593,4,2,62,2018-10-16T13:39:47Z,matches_2018_event_711.csv
4889533,711,English Open,2018,2018-10-15,2018-10-21,239,412,4,1,239,2018-10-16T14:12:27Z,matches_2018_event_711.csv
4889507,711,English Open,2018,2018-10-15,2018-10-21,30,448,4,0,30,2018-10-16T14:38:30Z,matches_2018_event_711.csv
4889514,711,English Open,2018,2018-10-15,2018-10-21,101,1101,4,0,101,2018-10-16T15:49:40Z,matches_2018_event_711.csv
4889520,711,English Open,2018,2018-10-15,2018-10-21,38,118,3,4,118,2018-10-16T15:58:31Z,matches_2018_event_711.csv
4889487,711,English Open,2018,2018-10-15,2018-10-21,12,549,4,1,12,2018-10-16T18:02:12Z,matches_2018_event_711.csv
4889524,711,English Open,2018,2018-10-15,2018-10-21,163,1108,1,4,1108,2018-10-16T18:04:30Z,matches_2018_event_711.csv
4889525,711,English Open,2018,2018-10-15,2018-10-21,982,208,1,4,208,2018-10-16T18:04:30Z,matches_2018_event_711.csv
4889526,711,English Open,2018,2018-10-15,2018-10-21,24,605,2,4,605,2018-10-16T18:04:30Z,matches_2018_event_711.csv
4889527,711,English Open,2018,2018-10-15,2018-10-21,25,58,2,4,58,2018-10-16T18:04:30Z,matches_2018_event_711.csv
4889531,711,English Open,2018,2018-10-15,2018-10-21,23,906,3,4,906,2018-10-16T18:04:30Z,matches_2018_event_711.csv
4889532,711,English Open,2018,2018-10-15,2018-10-21,1407,1186,4,2,1407,2018-10-16T18:04:30Z,matches_2018_event_711.csv
4889528,711,English Open,2018,2018-10-15,2018-10-21,93,125,4,1,93,2018-10-16T19:08:46Z,matches_2018_event_711.csv
4889518,711,English Open,2018,2018-10-15,2018-10-21,16,37,4,0,16,2018-10-16T19:59:03Z,matches_2018_event_711.csv
4889493,711,English Open,2018,2018-10-15,2018-10-21,724,28,3,4,28,2018-10-16T20:10:02Z,matches_2018_event_711.csv
4889441,711,English Open,2018,2018-10-15,2018-10-21,200,620,2,4,620,2018-10-17T09:00:08Z,matches_2018_event_711.csv
4889442,711,English Open,2018,2018-10-15,2018-10-21,131,1044,4,1,131,2018-10-17T09:00:08Z,matches_2018_event_711.csv
4889443,711,English Open,2018,2018-10-15,2018-10-21,998,44,0,4,44,2018-10-17T09:00:08Z,matches_2018_event_711.csv
4889444,711,English Open,2018,2018-10-15,2018-10-21,592,154,2,4,154,2018-10-17T09:00:08Z,matches_2018_event_711.csv
4889445,711,English Open,2018,2018-10-15,2018-10-21,128,1237,1,4,1237,2018-10-17T09:00:08Z,matches_2018_event_711.csv
4889449,711,English Open,2018,2018-10-15,2018-10-21,68,947,4,0,68,2018-10-17T09:00:08Z,matches_2018_event_711.csv
4889451,711,English Open,2018,2018-10-15,2018-10-21,15,104,4,0,15,2018-10-17T09:00:08Z,matches_2018_event_711.csv
4889453,711,English Open,2018,2018-10-15,2018-10-21,2134,27,2,4,27,2018-10-17T09:00:08Z,matches_2018_event_711.csv
4889439,711,English Open,2018,2018-10-15,2018-10-21,5,26,4,0,5,2018-10-17T11:58:29Z,matches_2018_event_711.csv
4889446,711,English Open,2018,2018-10-15,2018-10-21,22,1763,4,0,22,2018-10-17T11:58:29Z,matches_2018_event_711.csv
4889448,711,English Open,2018,2018-10-15,2018-10-21,87,85,3,4,85,2018-10-17T11:58:29Z,matches_2018_event_711.csv
4889457,711,English Open,2018,2018-10-15,2018-10-21,30,666,4,0,30,2018-10-17T11:58:29Z,matches_2018_event_711.csv
4889458,711,English Open,2018,2018-10-15,2018-10-21,217,1509,4,3,217,2018-10-17T11:58:29Z,matches_2018_event_711.csv
4889460,711,English Open,2018,2018-10-15,2018-10-21,158,101,4,1,158,2018-10-17T11:58:29Z,matches_2018_event_711.csv
4889461,711,English Open,2018,2018-10-15,2018-10-21,520,32,3,4,32,2018-10-17T11:58:29Z,matches_2018_event_711.csv
4889464,711,English Open,2018,2018-10-15,2018-10-21,92,608,4,3,92,2018-10-17T11:58:29Z,matches_2018_event_711.csv
4889455,711,English Open,2018,2018-10-15,2018-10-21,17,19,3,4,19,2018-10-17T13:22:51Z,matches_2018_event_711.csv
4889452,711,English Open,2018,2018-10-15,2018-10-21,306,4,4,1,306,2018-10-17T13:30:13Z,matches_2018_event_711.csv
4889456,711,English Open,2018,2018-10-15,2018-10-21,1082,62,0,4,62,2018-10-17T13:31:58Z,matches_2018_event_711.csv
4889465,711,English Open,2018,2018-10-15,2018-10-21,202,1108,3,4,1108,2018-10-17T14:00:52Z,matches_2018_event_711.csv
4889454,711,English Open,2018,2018-10-15,2018-10-21,14,237,1,4,237,2018-10-17T16:03:39Z,matches_2018_event_711.csv
4889468,711,English Open,2018,2018-10-15,2018-10-21,1260,2,2,4,2,2018-10-17T16:10:04Z,matches_2018_event_711.csv
4889440,711,English Open,2018,2018-10-15,2018-10-21,20,9,0,4,9,2018-10-17T18:06:01Z,matches_2018_event_711.csv
4889450,711,English Open,2018,2018-10-15,2018-10-21,28,42,4,3,28,2018-10-17T18:06:01Z,matches_2018_event_711.csv
4889459,711,English Open,2018,2018-10-15,2018-10-21,47,76,4,0,47,2018-10-17T18:06:01Z,matches_2018_event_711.csv
4889462,711,English Open,2018,2018-10-15,2018-10-21,109,16,3,4,16,2018-10-17T18:06:01Z,matches_2018_event_711.csv
4889466,711,English Open,2018,2018-10-15,2018-10-21,208,605,4,2,208,2018-10-17T18:06:01Z,matches_2018_event_711.csv
4889467,711,English Open,2018,2018-10-15,2018-10-21,58,93,4,3,58,2018-10-17T18:06:01Z,matches_2018_event_711.csv
4889469,711,English Open,2018,2018-10-15,2018-10-21,906,1407,4,2,906,2018-10-17T18:06:01Z,matches_2018_event_711.csv
4889470,711,English Open,2018,2018-10-15,2018-10-21,239,1,0,4,1,2018-10-17T18:06:01Z,matches_2018_event_711.csv
4889447,711,English Open,2018,2018-10-15,2018-10-21,12,946,4,3,12,2018-10-17T20:57:49Z,matches_2018_event_711.csv
4889463,711,English Open,2018,2018-10-15,2018-10-21,97,118,4,2,97,2018-10-17T20:57:49Z,matches_2018_event_711.csv
4892402,711,English Open,2018,2018-10-15,2018-10-21,620,131,4,0,620,2018-10-18T09:00:18Z,matches_2018_event_711.csv
4892403,711,English Open,2018,2018-10-15,2018-10-21,44,154,1,4,154,2018-10-18T09:00:18Z,matches_2018_event_711.csv
4892404,711,English Open,2018,2018-10-15,2018-10-21,1237,22,4,2,1237,2018-10-18T09:00:18Z,matches_2018_event_711.csv
4892407,711,English Open,2018,2018-10-15,2018-10-21,15,306,4,2,15,2018-10-18T09:00:18Z,matches_2018_event_711.csv
4892409,711,English Open,2018,2018-10-15,2018-10-21,19,62,3,4,62,2018-10-18T09:00:18Z,matches_2018_event_711.csv
4892410,711,English Open,2018,2018-10-15,2018-10-21,30,217,4,3,30,2018-10-18T09:00:18Z,matches_2018_event_711.csv
4892411,711,English Open,2018,2018-10-15,2018-10-21,47,158,1,4,158,2018-10-18T09:00:18Z,matches_2018_event_711.csv
4892414,711,English Open,2018,2018-10-15,2018-10-21,1108,208,1,4,208,2018-10-18T09:00:18Z,matches_2018_event_711.csv
4892401,711,English Open,2018,2018-10-15,2018-10-21,5,9,4,1,5,2018-10-18T11:51:59Z,matches_2018_event_711.csv
4892406,711,English Open,2018,2018-10-15,2018-10-21,68,28,4,2,68,2018-10-18T11:51:59Z,matches_2018_event_711.csv
4892408,711,English Open,2018,2018-10-15,2018-10-21,27,237,1,4,237,2018-10-18T11:51:59Z,matches_2018_event_711.csv
4892412,711,English Open,2018,2018-10-15,2018-10-21,32,16,4,3,32,2018-10-18T11:51:59Z,matches_2018_event_711.csv
4892413,711,English Open,2018,2018-10-15,2018-10-21,97,92,1,4,92,2018-10-18T11:51:59Z,matches_2018_event_711.csv
4892415,711,English Open,2018,2018-10-15,2018-10-21,58,2,2,4,2,2018-10-18T11:51:59Z,matches_2018_event_711.csv
4892416,711,English Open,2018,2018-10-15,2018-10-21,906,1,4,3,906,2018-10-18T13:49:04Z,matches_2018_event_711.csv
4892405,711,English Open,2018,2018-10-15,2018-10-21,12,85,4,2,12,2018-10-18T14:03:49Z,matches_2018_event_711.csv
4889325,711,English Open,2018,2018-10-15,2018-10-21,5,620,4,1,5,2018-10-18T18:02:02Z,matches_2018_event_711.csv
4889326,711,English Open,2018,2018-10-15,2018-10-21,154,1237,2,4,1237,2018-10-18T18:02:02Z,matches_2018_event_711.csv
4889328,711,English Open,2018,2018-10-15,2018-10-21,15,237,4,2,15,2018-10-18T18:02:02Z,matches_2018_event_711.csv
4889329,711,English Open,2018,2018-10-15,2018-10-21,62,30,0,4,30,2018-10-18T18:02:02Z,matches_2018_event_711.csv
4889330,711,English Open,2018,2018-10-15,2018-10-21,158,32,4,3,158,2018-10-18T18:02:02Z,matches_2018_event_711.csv
4889331,711,English Open,2018,2018-10-15,2018-10-21,92,208,3,4,208,2018-10-18T18:02:02Z,matches_2018_event_711.csv
4889327,711,English Open,2018,2018-10-15,2018-10-21,12,68,2,4,68,2018-10-18T19:34:57Z,matches_2018_event_711.csv
4889332,711,English Open,2018,2018-10-15,2018-10-21,2,906,4,0,2,2018-10-18T19:34:57Z,matches_2018_event_711.csv
4889437,711,English Open,2018,2018-10-15,2018-10-21,30,158,5,2,30,2018-10-19T11:00:17Z,matches_2018_event_711.csv
4889436,711,English Open,2018,2018-10-15,2018-10-21,68,15,1,5,15,2018-10-19T13:46:10Z,matches_2018_event_711.csv
4889435,711,English Open,2018,2018-10-15,2018-10-21,5,1237,5,3,5,2018-10-19T18:16:26Z,matches_2018_event_711.csv
4889438,711,English Open,2018,2018-10-15,2018-10-21,208,2,3,5,2,2018-10-19T18:16:26Z,matches_2018_event_711.csv
4889320,711,English Open,2018,2018-10-15,2018-10-21,30,2,6,3,30,2018-10-20T12:00:18Z,matches_2018_event_711.csv
4889319,711,English Open,2018,2018-10-15,2018-10-21,5,15,1,6,15,2018-10-20T18:01:40Z,matches_2018_event_711.csv
4889607,711,English Open,2018,2018-10-15,2018-10-21,15,30,7,9,30,2018-10-21T11:47:30Z,matches_2018_event_711.csv
4941835,712,Northern Ireland Open,2018,2018-11-12,2018-11-18,1417,1763,0,4,1763,2018-11-12T10:01:16Z,matches_2018_event_712.csv
4941836,712,Northern Ireland Open,2018,2018-11-12,2018-11-18,24,982,4,3,24,2018-11-12T10:01:16Z,matches_2018_event_712.csv
4941839,712,Northern Ireland Open,2018,2018-11-12,2018-11-18,48,171,0,4,171,2018-11-12T10:01:16Z,matches_2018_event_712.csv
4941840,712,Northern Ireland Open,2018,2018-11-12,2018-11-18,620,958,4,3,620,2018-11-12T10:01:16Z,matches_2018_event_712.csv
4941841,712,Northern Ireland Open,2018,2018-11-12,2018-11-18,74,109,0,4,109,2018-11-12T10:01:16Z,matches_2018_event_712.csv
4941842,712,Northern Ireland Open,2018,2018-11-12,2018-11-18,947,295,3,4,295,2018-11-12T10:01:16Z,matches_2018_event_712.csv
4941880,712,Northern Ireland Open,2018,2018-11-12,2018-11-18,16,933,3,4,933,2018-11-12T10:01:16Z,matches_2018_event_712.csv
4941893,712,Northern Ireland Open,2018,2018-11-12,2018-11-18,22,239,0,4,239,2018-11-12T10:01:16Z,matches_2018_event_712.csv
4941846,712,Northern Ireland Open,2018,2018-11-12,2018-11-18,1237,905,4,2,1237,2018-11-12T13:01:46Z,matches_2018_event_712.csv
4941850,712,Northern Ireland Open,2018,2018-11-12,2018-11-18,128,1407,4,1,128,2018-11-12T13:01:46Z,matches_2018_event_712.csv
4941851,712,Northern Ireland Open,2018,2018-11-12,2018-11-18,45,193,4,2,45,2018-11-12T13:01:46Z,matches_2018_event_712.csv
4941854,712,Northern Ireland Open,2018,2018-11-12,2018-11-18,87,163,4,1,87,2018-11-12T13:01:46Z,matches_2018_event_712.csv
4941869,712,Northern Ireland Open,2018,2018-11-12,2018-11-18,2,125,2,4,125,2018-11-12T13:01:46Z,matches_2018_event_712.csv
4941843,712,Northern Ireland Open,2018,2018-11-12,2018-11-18,724,61,0,4,61,2018-11-12T13:04:26Z,matches_2018_event_712.csv
4941833,712,Northern Ireland Open,2018,2018-11-12,2018-11-18,1,21,4,2,1,2018-11-12T13:25:55Z,matches_2018_event_712.csv
4941878,712,Northern Ireland Open,2018,2018-11-12,2018-11-18,38,592,4,0,38,2018-11-12T13:39:56Z,matches_2018_event_712.csv
4941862,712,Northern Ireland Open,2018,2018-11-12,2018-11-18,25,200,0,0,25,2018-11-12T14:33:49Z,matches_2018_event_712.csv
4941855,712,Northern Ireland Open,2018,2018-11-12,2018-11-18,946,32,1,4,32,2018-11-12T15:06:28Z,matches_2018_event_712.csv
4941856,712,Northern Ireland Open,2018,2018-11-12,2018-11-18,546,104,4,3,546,2018-11-12T15:06:28Z,matches_2018_event_712.csv
4941860,712,Northern Ireland Open,2018,2018-11-12,2018-11-18,68,497,4,1,68,2018-11-12T15:12:05Z,matches_2018_event_712.csv
4941876,712,Northern Ireland Open,2018,2018-11-12,2018-11-18,202,1101,1,4,1101,2018-11-12T15:46:45Z,matches_2018_event_712.csv
4941834,712,Northern Ireland Open,2018,2018-11-12,2018-11-18,23,158,1,4,158,2018-11-12T16:34:42Z,matches_2018_event_712.csv
4941845,712,Northern Ireland Open,2018,2018-11-12,2018-11-18,15,208,4,3,15,2018-11-12T16:34:42Z,matches_2018_event_712.csv
4941853,712,Northern Ireland Open,2018,2018-11-12,2018-11-18,101,174,4,1,101,2018-11-12T18:42:57Z,matches_2018_event_712.csv
4941858,712,Northern Ireland Open,2018,2018-11-12,2018-11-18,218,54,4,3,218,2018-11-12T18:42:57Z,matches_2018_event_712.csv
4941861,712,Northern Ireland Open,2018,2018-11-12,2018-11-18,106,1108,1,4,1108,2018-11-12T18:42:57Z,matches_2018_event_712.csv
4941863,712,Northern Ireland Open,2018,2018-11-12,2018-11-18,52,616,3,4,616,2018-11-12T18:42:57Z,matches_2018_event_712.csv
4941864,712,Northern Ireland Open,2018,2018-11-12,2018-11-18,237,50,2,4,50,2018-11-12T18:42:57Z,matches_2018_event_712.csv
4941867,712,Northern Ireland Open,2018,2018-11-12,2018-11-18,1509,1044,1,4,1044,2018-11-12T18:54:47Z,matches_2018_event_712.csv
4941868,712,Northern Ireland Open,2018,2018-11-12,2018-11-18,8,177,4,3,8,2018-11-12T19:14:52Z,matches_2018_event_712.csv
4941871,712,Northern Ireland Open,2018,2018-11-12,2018-11-18,906,1082,4,1,906,2018-11-12T19:22:49Z,matches_2018_event_712.csv
4941848,712,Northern Ireland Open,2018,2018-11-12,2018-11-18,39,520,3,4,520,2018-11-12T20:52:09Z,matches_2018_event_712.csv
4941885,712,Northern Ireland Open,2018,2018-11-12,2018-11-18,30,37,2,4,37,2018-11-12T20:52:09Z,matches_2018_event_712.csv
4941866,712,Northern Ireland Open,2018,2018-11-12,2018-11-18,306,2134,4,0,306,2018-11-13T09:52:15Z,matches_2018_event_712.csv
4941870,712,Northern Ireland Open,2018,2018-11-12,2018-11-18,28,526,4,0,28,2018-11-13T09:52:15Z,matches_2018_event_712.csv
4941872,712,Northern Ireland Open,2018,2018-11-12,2018-11-18,412,90,4,3,412,2018-11-13T09:52:15Z,matches_2018_event_712.csv
4941874,712,Northern Ireland Open,2018,2018-11-12,2018-11-18,131,908,3,4,908,2018-11-13T09:52:15Z,matches_2018_event_712.csv
4941875,712,Northern Ireland Open,2018,2018-11-12,2018-11-18,593,2101,4,2,593,2018-11-13T09:52:15Z,matches_2018_event_712.csv
4941879,712,Northern Ireland Open,2018,2018-11-12,2018-11-18,118,63,4,1,118,2018-11-13T09:52:15Z,matches_2018_event_712.csv
4941882,712,Northern Ireland Open,2018,2018-11-12,2018-11-18,33,1186,3,4,1186,2018-11-13T09:52:15Z,matches_2018_event_712.csv
4941847,712,Northern Ireland Open,2018,2018-11-12,2018-11-18,42,56,4,0,42,2018-11-13T13:05:11Z,matches_2018_event_712.csv
4941865,712,Northern Ireland Open,2018,2018-11-12,2018-11-18,5,1934,4,0,5,2018-11-13T13:05:11Z,matches_2018_event_712.csv
4941873,712,Northern Ireland Open,2018,2018-11-12,2018-11-18,44,26,4,0,44,2018-11-13T13:05:11Z,matches_2018_event_712.csv
4941886,712,Northern Ireland Open,2018,2018-11-12,2018-11-18,1567,96,0,4,96,2018-11-13T13:05:11Z,matches_2018_event_712.csv
4941892,712,Northern Ireland Open,2018,2018-11-12,2018-11-18,4,910,2,4,910,2018-11-13T13:05:11Z,matches_2018_event_712.csv
4941887,712,Northern Ireland Open,2018,2018-11-12,2018-11-18,123,552,1,4,552,2018-11-13T13:33:47Z,matches_2018_event_712.csv
4941884,712,Northern Ireland Open,2018,2018-11-12,2018-11-18,608,898,1,4,898,2018-11-13T13:37:21Z,matches_2018_event_712.csv
4941883,712,Northern Ireland Open,2018,2018-11-12,2018-11-18,92,217,0,4,217,2018-11-13T13:41:34Z,matches_2018_event_712.csv
4941896,712,Northern Ireland Open,2018,2018-11-12,2018-11-18,17,115,4,1,17,2018-11-13T14:14:39Z,matches_2018_event_712.csv
4941888,712,Northern Ireland Open,2018,2018-11-12,2018-11-18,621,1038,4,3,621,2018-11-13T14:25:04Z,matches_2018_event_712.csv
4941890,712,Northern Ireland Open,2018,2018-11-12,2018-11-18,170,894,1,4,894,2018-11-13T14:53:12Z,matches_2018_event_712.csv
4941881,712,Northern Ireland Open,2018,2018-11-12,2018-11-18,97,76,2,4,76,2018-11-13T15:40:13Z,matches_2018_event_712.csv
4941852,712,Northern Ireland Open,2018,2018-11-12,2018-11-18,85,666,4,0,85,2018-11-13T16:24:30Z,matches_2018_event_712.csv
4941859,712,Northern Ireland Open,2018,2018-11-12,2018-11-18,81,1260,4,3,81,2018-11-13T16:32:54Z,matches_2018_event_712.csv
4941849,712,Northern Ireland Open,2018,2018-11-12,2018-11-18,12,47,4,2,12,2018-11-13T19:03:06Z,matches_2018_event_712.csv
4941877,712,Northern Ireland Open,2018,2018-11-12,2018-11-18,62,9,3,4,9,2018-11-13T19:03:06Z,matches_2018_event_712.csv
4941889,712,Northern Ireland Open,2018,2018-11-12,2018-11-18,998,448,4,2,998,2018-11-13T19:03:06Z,matches_2018_event_712.csv
4941891,712,Northern Ireland Open,2018,2018-11-12,2018-11-18,20,120,3,4,120,2018-11-13T19:03:06Z,matches_2018_event_712.csv
4941894,712,Northern Ireland Open,2018,2018-11-12,2018-11-18,1323,1762,2,4,1762,2018-11-13T19:03:06Z,matches_2018_event_712.csv
4941895,712,Northern Ireland Open,2018,2018-11-12,2018-11-18,93,151,4,1,93,2018-11-13T19:03:06Z,matches_2018_event_712.csv
4941838,712,Northern Ireland Open,2018,2018-11-12,2018-11-18,519,35,1,4,35,2018-11-13T19:25:48Z,matches_2018_event_712.csv
4941857,712,Northern Ireland Open,2018,2018-11-12,2018-11-18,58,549,1,4,549,2018-11-13T19:50:46Z,matches_2018_event_712.csv
4941837,712,Northern Ireland Open,2018,2018-11-12,2018-11-18,168,14,2,4,14,2018-11-13T21:11:57Z,matches_2018_event_712.csv
4941844,712,Northern Ireland Open,2018,2018-11-12,2018-11-18,154,19,4,3,154,2018-11-13T21:11:57Z,matches_2018_event_712.csv
4941639,712,Northern Ireland Open,2018,2018-11-12,2018-11-18,1763,24,3,4,24,2018-11-14T10:02:45Z,matches_2018_event_712.csv
4941641,712,Northern Ireland Open,2018,2018-11-12,2018-11-18,171,620,2,4,620,2018-11-14T10:02:45Z,matches_2018_event_712.csv
4941642,712,Northern Ireland Open,2018,2018-11-12,2018-11-18,109,295,2,4,295,2018-11-14T10:02:45Z,matches_2018_event_712.csv
4941644,712,Northern Ireland Open,2018,2018-11-12,2018-11-18,15,1237,4,1,15,2018-11-14T10:02:45Z,matches_2018_event_712.csv
4941645,712,Northern Ireland Open,2018,2018-11-12,2018-11-18,42,520,4,3,42,2018-11-14T10:02:45Z,matches_2018_event_712.csv
4941648,712,Northern Ireland Open,2018,2018-11-12,2018-11-18,101,87,4,0,101,2018-11-14T10:02:45Z,matches_2018_event_712.csv
4941649,712,Northern Ireland Open,2018,2018-11-12,2018-11-18,32,546,3,4,546,2018-11-14T10:02:45Z,matches_2018_event_712.csv
4941652,712,Northern Ireland Open,2018,2018-11-12,2018-11-18,1108,25,3,4,25,2018-11-14T10:02:45Z,matches_2018_event_712.csv
4941638,712,Northern Ireland Open,2018,2018-11-12,2018-11-18,1,158,3,4,158,2018-11-14T12:38:06Z,matches_2018_event_712.csv
4941651,712,Northern Ireland Open,2018,2018-11-12,2018-11-18,81,68,3,4,68,2018-11-14T12:38:06Z,matches_2018_event_712.csv
4941650,712,Northern Ireland Open,2018,2018-11-12,2018-11-18,549,218,4,1,549,2018-11-14T12:39:30Z,matches_2018_event_712.csv
4941660,712,Northern Ireland Open,2018,2018-11-12,2018-11-18,9,38,4,1,9,2018-11-14T12:39:30Z,matches_2018_event_712.csv
4941653,712,Northern Ireland Open,2018,2018-11-12,2018-11-18,616,50,4,1,616,2018-11-14T12:47:21Z,matches_2018_event_712.csv
4941661,712,Northern Ireland Open,2018,2018-11-12,2018-11-18,118,933,4,2,118,2018-11-14T13:28:07Z,matches_2018_event_712.csv
4941640,712,Northern Ireland Open,2018,2018-11-12,2018-11-18,14,35,2,4,35,2018-11-14T13:41:20Z,matches_2018_event_712.csv
4941668,712,Northern Ireland Open,2018,2018-11-12,2018-11-18,239,1762,3,4,1762,2018-11-14T14:18:44Z,matches_2018_event_712.csv
4941657,712,Northern Ireland Open,2018,2018-11-12,2018-11-18,906,412,4,0,906,2018-11-14T15:10:54Z,matches_2018_event_712.csv
4941659,712,Northern Ireland Open,2018,2018-11-12,2018-11-18,593,1101,4,0,593,2018-11-14T15:10:54Z,matches_2018_event_712.csv
4941656,712,Northern Ireland Open,2018,2018-11-12,2018-11-18,125,28,4,3,125,2018-11-14T15:21:15Z,matches_2018_event_712.csv
4941669,712,Northern Ireland Open,2018,2018-11-12,2018-11-18,93,17,0,4,17,2018-11-14T15:47:23Z,matches_2018_event_712.csv
4941658,712,Northern Ireland Open,2018,2018-11-12,2018-11-18,44,908,1,4,908,2018-11-14T16:11:43Z,matches_2018_event_712.csv
4941663,712,Northern Ireland Open,2018,2018-11-12,2018-11-18,217,898,4,0,217,2018-11-14T16:19:59Z,matches_2018_event_712.csv
4941643,712,Northern Ireland Open,2018,2018-11-12,2018-11-18,61,154,3,4,154,2018-11-14T18:46:33Z,matches_2018_event_712.csv
4941654,712,Northern Ireland Open,2018,2018-11-12,2018-11-18,5,306,4,1,5,2018-11-14T18:46:33Z,matches_2018_event_712.csv
4941655,712,Northern Ireland Open,2018,2018-11-12,2018-11-18,1044,8,3,4,8,2018-11-14T18:46:33Z,matches_2018_event_712.csv
4941662,712,Northern Ireland Open,2018,2018-11-12,2018-11-18,76,1186,3,4,1186,2018-11-14T19:02:46Z,matches_2018_event_712.csv
4941664,712,Northern Ireland Open,2018,2018-11-12,2018-11-18,37,96,2,4,96,2018-11-14T19:02:46Z,matches_2018_event_712.csv
4941665,712,Northern Ireland Open,2018,2018-11-12,2018-11-18,552,621,3,4,621,2018-11-14T19:02:46Z,matches_2018_event_712.csv
4941666,712,Northern Ireland Open,2018,2018-11-12,2018-11-18,998,894,2,4,894,2018-11-14T19:02:46Z,matches_2018_event_712.csv
4941667,712,Northern Ireland Open,2018,2018-11-12,2018-11-18,120,910,4,1,120,2018-11-14T19:02:46Z,matches_2018_event_712.csv
4941646,712,Northern Ireland Open,2018,2018-11-12,2018-11-18,12,128,4,0,12,2018-11-14T20:45:18Z,matches_2018_event_712.csv
4941647,712,Northern Ireland Open,2018,2018-11-12,2018-11-18,45,85,3,4,85,2018-11-14T21:39:51Z,matches_2018_event_712.csv
4941682,712,Northern Ireland Open,2018,2018-11-12,2018-11-18,158,24,4,2,158,2018-11-15T10:00:30Z,matches_2018_event_712.csv
4941683,712,Northern Ireland Open,2018,2018-11-12,2018-11-18,35,620,2,4,620,2018-11-15T10:00:30Z,matches_2018_event_712.csv
4941685,712,Northern Ireland Open,2018,2018-11-12,2018-11-18,15,42,1,4,42,2018-11-15T10:00:30Z,matches_2018_event_712.csv
4941688,712,Northern Ireland Open,2018,2018-11-12,2018-11-18,549,68,3,4,68,2018-11-15T10:00:30Z,matches_2018_event_712.csv
4941689,712,Northern Ireland Open,2018,2018-11-12,2018-11-18,25,616,4,2,25,2018-11-15T10:00:30Z,matches_2018_event_712.csv
4941691,712,Northern Ireland Open,2018,2018-11-12,2018-11-18,125,906,3,4,906,2018-11-15T10:00:30Z,matches_2018_event_712.csv
4941692,712,Northern Ireland Open,2018,2018-11-12,2018-11-18,908,593,4,2,908,2018-11-15T10:00:30Z,matches_2018_event_712.csv
4941693,712,Northern Ireland Open,2018,2018-11-12,2018-11-18,9,118,2,4,118,2018-11-15T10:00:30Z,matches_2018_event_712.csv
4941684,712,Northern Ireland Open,2018,2018-11-12,2018-11-18,295,154,4,0,295,2018-11-15T12:48:18Z,matches_2018_event_712.csv
4941687,712,Northern Ireland Open,2018,2018-11-12,2018-11-18,101,546,4,2,101,2018-11-15T12:48:18Z,matches_2018_event_712.csv
4941694,712,Northern Ireland Open,2018,2018-11-12,2018-11-18,1186,217,1,4,217,2018-11-15T12:48:18Z,matches_2018_event_712.csv
4941695,712,Northern Ireland Open,2018,2018-11-12,2018-11-18,96,621,4,1,96,2018-11-15T12:48:18Z,matches_2018_event_712.csv
4941696,712,Northern Ireland Open,2018,2018-11-12,2018-11-18,894,120,1,4,120,2018-11-15T12:48:18Z,matches_2018_event_712.csv
4941697,712,Northern Ireland Open,2018,2018-11-12,2018-11-18,1762,17,0,4,17,2018-11-15T12:48:18Z,matches_2018_event_712.csv
4941690,712,Northern Ireland Open,2018,2018-11-12,2018-11-18,5,8,4,0,5,2018-11-15T14:27:43Z,matches_2018_event_712.csv
4941686,712,Northern Ireland Open,2018,2018-11-12,2018-11-18,12,85,4,0,12,2018-11-15T14:38:43Z,matches_2018_event_712.csv
4941670,712,Northern Ireland Open,2018,2018-11-12,2018-11-18,158,620,3,4,620,2018-11-15T19:01:58Z,matches_2018_event_712.csv
4941671,712,Northern Ireland Open,2018,2018-11-12,2018-11-18,295,42,1,4,42,2018-11-15T19:01:58Z,matches_2018_event_712.csv
4941674,712,Northern Ireland Open,2018,2018-11-12,2018-11-18,5,906,4,1,5,2018-11-15T19:01:58Z,matches_2018_event_712.csv
4941675,712,Northern Ireland Open,2018,2018-11-12,2018-11-18,908,118,0,4,118,2018-11-15T19:01:58Z,matches_2018_event_712.csv
4941676,712,Northern Ireland Open,2018,2018-11-12,2018-11-18,217,96,4,0,217,2018-11-15T19:01:58Z,matches_2018_event_712.csv
4941677,712,Northern Ireland Open,2018,2018-11-12,2018-11-18,120,17,2,4,17,2018-11-15T19:01:58Z,matches_2018_event_712.csv
4941672,712,Northern Ireland Open,2018,2018-11-12,2018-11-18,12,101,4,2,12,2018-11-15T20:45:36Z,matches_2018_event_712.csv
4941673,712,Northern Ireland Open,2018,2018-11-12,2018-11-18,68,25,4,0,68,2018-11-15T21:11:51Z,matches_2018_event_712.csv
4941754,712,Northern Ireland Open,2018,2018-11-12,2018-11-18,217,17,3,5,17,2018-11-16T12:04:01Z,matches_2018_event_712.csv
4941752,712,Northern Ireland Open,2018,2018-11-12,2018-11-18,12,68,5,3,12,2018-11-16T15:15:12Z,matches_2018_event_712.csv
4941751,712,Northern Ireland Open,2018,2018-11-12,2018-11-18,620,42,5,4,620,2018-11-16T18:59:51Z,matches_2018_event_712.csv
4941753,712,Northern Ireland Open,2018,2018-11-12,2018-11-18,5,118,5,2,5,2018-11-16T18:59:51Z,matches_2018_event_712.csv
4941944,712,Northern Ireland Open,2018,2018-11-12,2018-11-18,5,17,6,5,5,2018-11-17T12:52:37Z,matches_2018_event_712.csv
4941943,712,Northern Ireland Open,2018,2018-11-12,2018-11-18,620,12,3,6,12,2018-11-17T18:55:43Z,matches_2018_event_712.csv
4942842,712,Northern Ireland Open,2018,2018-11-12,2018-11-18,12,5,9,7,12,2018-11-18T13:05:44Z,matches_2018_event_712.csv
5021391,713,Scottish Open,2018,2018-12-10,2018-12-16,5,32,0,0,32,2018-12-10T09:40:54Z,matches_2018_event_713.csv
5021329,713,Scottish Open,2018,2018-12-10,2018-12-16,239,898,1,4,898,2018-12-10T10:01:11Z,matches_2018_event_713.csv
5021330,713,Scottish Open,2018,2018-12-10,2018-12-16,120,1044,4,1,120,2018-12-10T10:01:11Z,matches_2018_event_713.csv
5021331,713,Scottish Open,2018,2018-12-10,2018-12-16,177,76,3,4,76,2018-12-10T10:01:11Z,matches_2018_event_713.csv
5021333,713,Scottish Open,2018,2018-12-10,2018-12-16,497,552,4,3,497,2018-12-10T10:01:11Z,matches_2018_event_713.csv
5021337,713,Scottish Open,2018,2018-12-10,2018-12-16,45,96,2,4,96,2018-12-10T10:01:11Z,matches_2018_event_713.csv
5021367,713,Scottish Open,2018,2018-12-10,2018-12-16,947,22,4,2,947,2018-12-10T10:01:11Z,matches_2018_event_713.csv
5021390,713,Scottish Open,2018,2018-12-10,2018-12-16,222,118,2,4,118,2018-12-10T10:01:11Z,matches_2018_event_713.csv
5021328,713,Scottish Open,2018,2018-12-10,2018-12-16,154,37,4,1,154,2018-12-10T13:04:49Z,matches_2018_event_713.csv
5021338,713,Scottish Open,2018,2018-12-10,2018-12-16,295,23,3,4,23,2018-12-10T13:04:49Z,matches_2018_event_713.csv
5021341,713,Scottish Open,2018,2018-12-10,2018-12-16,26,171,2,4,171,2018-12-10T13:04:49Z,matches_2018_event_713.csv
5021342,713,Scottish Open,2018,2018-12-10,2018-12-16,109,125,2,4,125,2018-12-10T13:04:49Z,matches_2018_event_713.csv
5021344,713,Scottish Open,2018,2018-12-10,2018-12-16,16,906,3,4,906,2018-12-10T13:04:49Z,matches_2018_event_713.csv
5021340,713,Scottish Open,2018,2018-12-10,2018-12-16,14,123,4,2,14,2018-12-10T13:12:23Z,matches_2018_event_713.csv
5021345,713,Scottish Open,2018,2018-12-10,2018-12-16,905,1417,4,2,905,2018-12-10T13:12:23Z,matches_2018_event_713.csv
5021346,713,Scottish Open,2018,2018-12-10,2018-12-16,128,546,4,3,128,2018-12-10T13:25:38Z,matches_2018_event_713.csv
5021376,713,Scottish Open,2018,2018-12-10,2018-12-16,224,1101,4,0,224,2018-12-10T14:58:49Z,matches_2018_event_713.csv
5021347,713,Scottish Open,2018,2018-12-10,2018-12-16,666,620,0,0,620,2018-12-10T15:36:23Z,matches_2018_event_713.csv
5021349,713,Scottish Open,2018,2018-12-10,2018-12-16,549,412,4,2,549,2018-12-10T15:36:23Z,matches_2018_event_713.csv
5021364,713,Scottish Open,2018,2018-12-10,2018-12-16,4,933,4,3,4,2018-12-10T15:58:25Z,matches_2018_event_713.csv
5021363,713,Scottish Open,2018,2018-12-10,2018-12-16,2101,1260,0,4,1260,2018-12-10T16:13:09Z,matches_2018_event_713.csv
5021355,713,Scottish Open,2018,2018-12-10,2018-12-16,2,616,1,4,616,2018-12-10T16:36:16Z,matches_2018_event_713.csv
5021350,713,Scottish Open,2018,2018-12-10,2018-12-16,908,448,4,3,908,2018-12-10T19:07:56Z,matches_2018_event_713.csv
5021351,713,Scottish Open,2018,2018-12-10,2018-12-16,621,90,1,4,90,2018-12-10T19:07:56Z,matches_2018_event_713.csv
5021352,713,Scottish Open,2018,2018-12-10,2018-12-16,47,87,3,4,87,2018-12-10T19:07:56Z,matches_2018_event_713.csv
5021353,713,Scottish Open,2018,2018-12-10,2018-12-16,1038,54,2,4,54,2018-12-10T19:07:56Z,matches_2018_event_713.csv
5021354,713,Scottish Open,2018,2018-12-10,2018-12-16,1762,1934,2,4,1934,2018-12-10T19:07:56Z,matches_2018_event_713.csv
5021356,713,Scottish Open,2018,2018-12-10,2018-12-16,2134,1567,4,1,2134,2018-12-10T19:07:56Z,matches_2018_event_713.csv
5021360,713,Scottish Open,2018,2018-12-10,2018-12-16,237,74,4,3,237,2018-12-10T19:07:56Z,matches_2018_event_713.csv
5021332,713,Scottish Open,2018,2018-12-10,2018-12-16,158,1237,4,0,158,2018-12-10T19:19:58Z,matches_2018_event_713.csv
5021369,713,Scottish Open,2018,2018-12-10,2018-12-16,52,1407,4,1,52,2018-12-10T20:55:40Z,matches_2018_event_713.csv
5021343,713,Scottish Open,2018,2018-12-10,2018-12-16,97,1763,4,1,97,2018-12-10T21:53:07Z,matches_2018_event_713.csv
5021334,713,Scottish Open,2018,2018-12-10,2018-12-16,28,306,4,2,28,2018-12-11T10:02:42Z,matches_2018_event_713.csv
5021336,713,Scottish Open,2018,2018-12-10,2018-12-16,168,193,4,0,168,2018-12-11T10:02:42Z,matches_2018_event_713.csv
5021357,713,Scottish Open,2018,2018-12-10,2018-12-16,58,520,2,4,520,2018-12-11T10:02:42Z,matches_2018_event_713.csv
5021358,713,Scottish Open,2018,2018-12-10,2018-12-16,19,982,4,1,19,2018-12-11T10:02:42Z,matches_2018_event_713.csv
5021361,713,Scottish Open,2018,2018-12-10,2018-12-16,1186,38,1,4,38,2018-12-11T10:02:42Z,matches_2018_event_713.csv
5021362,713,Scottish Open,2018,2018-12-10,2018-12-16,724,131,4,2,724,2018-12-11T10:02:42Z,matches_2018_event_713.csv
5021365,713,Scottish Open,2018,2018-12-10,2018-12-16,21,42,4,2,21,2018-12-11T10:02:42Z,matches_2018_event_713.csv
5021366,713,Scottish Open,2018,2018-12-10,2018-12-16,1509,151,2,4,151,2018-12-11T10:02:42Z,matches_2018_event_713.csv
5021374,713,Scottish Open,2018,2018-12-10,2018-12-16,910,534,4,3,910,2018-12-11T13:01:19Z,matches_2018_event_713.csv
5021368,713,Scottish Open,2018,2018-12-10,2018-12-16,50,894,2,4,894,2018-12-11T13:03:00Z,matches_2018_event_713.csv
5021370,713,Scottish Open,2018,2018-12-10,2018-12-16,44,526,4,3,44,2018-12-11T13:03:00Z,matches_2018_event_713.csv
5021372,713,Scottish Open,2018,2018-12-10,2018-12-16,582,519,0,4,519,2018-12-11T13:03:00Z,matches_2018_event_713.csv
5021377,713,Scottish Open,2018,2018-12-10,2018-12-16,92,63,4,0,92,2018-12-11T13:03:00Z,matches_2018_event_713.csv
5021378,713,Scottish Open,2018,2018-12-10,2018-12-16,208,33,3,4,33,2018-12-11T13:03:00Z,matches_2018_event_713.csv
5021375,713,Scottish Open,2018,2018-12-10,2018-12-16,202,200,4,2,202,2018-12-11T13:04:15Z,matches_2018_event_713.csv
5021379,713,Scottish Open,2018,2018-12-10,2018-12-16,946,1323,4,1,946,2018-12-11T14:00:27Z,matches_2018_event_713.csv
5021381,713,Scottish Open,2018,2018-12-10,2018-12-16,61,115,1,4,115,2018-12-11T14:30:08Z,matches_2018_event_713.csv
5021335,713,Scottish Open,2018,2018-12-10,2018-12-16,998,8,4,3,998,2018-12-11T14:59:06Z,matches_2018_event_713.csv
5021380,713,Scottish Open,2018,2018-12-10,2018-12-16,68,917,4,3,68,2018-12-11T15:00:56Z,matches_2018_event_713.csv
5021373,713,Scottish Open,2018,2018-12-10,2018-12-16,1108,24,4,0,1108,2018-12-11T16:33:58Z,matches_2018_event_713.csv
5021371,713,Scottish Open,2018,2018-12-10,2018-12-16,101,593,4,0,101,2018-12-11T17:20:38Z,matches_2018_event_713.csv
5021386,713,Scottish Open,2018,2018-12-10,2018-12-16,93,1082,4,2,93,2018-12-11T17:20:38Z,matches_2018_event_713.csv
5021359,713,Scottish Open,2018,2018-12-10,2018-12-16,12,20,4,0,12,2018-12-11T18:46:35Z,matches_2018_event_713.csv
5021382,713,Scottish Open,2018,2018-12-10,2018-12-16,106,15,3,4,15,2018-12-11T18:46:35Z,matches_2018_event_713.csv
5021383,713,Scottish Open,2018,2018-12-10,2018-12-16,81,170,4,0,81,2018-12-11T18:46:35Z,matches_2018_event_713.csv
5021384,713,Scottish Open,2018,2018-12-10,2018-12-16,9,958,4,2,9,2018-12-11T18:46:35Z,matches_2018_event_713.csv
5021385,713,Scottish Open,2018,2018-12-10,2018-12-16,608,217,4,1,608,2018-12-11T18:46:35Z,matches_2018_event_713.csv
5021388,713,Scottish Open,2018,2018-12-10,2018-12-16,35,25,4,2,35,2018-12-11T18:46:35Z,matches_2018_event_713.csv
5021389,713,Scottish Open,2018,2018-12-10,2018-12-16,48,62,4,2,48,2018-12-11T18:46:35Z,matches_2018_event_713.csv
5021339,713,Scottish Open,2018,2018-12-10,2018-12-16,39,592,4,2,39,2018-12-11T20:10:13Z,matches_2018_event_713.csv
5021387,713,Scottish Open,2018,2018-12-10,2018-12-16,85,104,4,3,85,2018-12-11T20:44:50Z,matches_2018_event_713.csv
5021348,713,Scottish Open,2018,2018-12-10,2018-12-16,30,218,0,4,218,2018-12-11T20:51:47Z,matches_2018_event_713.csv
5021297,713,Scottish Open,2018,2018-12-10,2018-12-16,120,76,1,4,76,2018-12-12T10:00:29Z,matches_2018_event_713.csv
5021298,713,Scottish Open,2018,2018-12-10,2018-12-16,158,497,4,2,158,2018-12-12T10:00:29Z,matches_2018_event_713.csv
5021299,713,Scottish Open,2018,2018-12-10,2018-12-16,28,998,3,4,998,2018-12-12T10:00:29Z,matches_2018_event_713.csv
5021302,713,Scottish Open,2018,2018-12-10,2018-12-16,14,171,4,1,14,2018-12-12T10:00:29Z,matches_2018_event_713.csv
5021304,713,Scottish Open,2018,2018-12-10,2018-12-16,906,905,4,2,906,2018-12-12T10:00:29Z,matches_2018_event_713.csv
5021305,713,Scottish Open,2018,2018-12-10,2018-12-16,128,620,4,2,128,2018-12-12T10:00:29Z,matches_2018_event_713.csv
5021307,713,Scottish Open,2018,2018-12-10,2018-12-16,908,90,4,3,908,2018-12-12T10:00:29Z,matches_2018_event_713.csv
5021308,713,Scottish Open,2018,2018-12-10,2018-12-16,87,54,4,1,87,2018-12-12T10:00:29Z,matches_2018_event_713.csv
5021296,713,Scottish Open,2018,2018-12-10,2018-12-16,154,898,2,4,898,2018-12-12T13:03:29Z,matches_2018_event_713.csv
5021300,713,Scottish Open,2018,2018-12-10,2018-12-16,168,96,4,2,168,2018-12-12T13:03:29Z,matches_2018_event_713.csv
5021309,713,Scottish Open,2018,2018-12-10,2018-12-16,1934,616,1,4,616,2018-12-12T13:03:29Z,matches_2018_event_713.csv
5021310,713,Scottish Open,2018,2018-12-10,2018-12-16,2134,520,4,2,2134,2018-12-12T13:08:45Z,matches_2018_event_713.csv
5021320,713,Scottish Open,2018,2018-12-10,2018-12-16,224,92,4,1,224,2018-12-12T13:17:01Z,matches_2018_event_713.csv
5021313,713,Scottish Open,2018,2018-12-10,2018-12-16,724,1260,0,4,1260,2018-12-12T13:17:23Z,matches_2018_event_713.csv
5021315,713,Scottish Open,2018,2018-12-10,2018-12-16,151,947,2,4,947,2018-12-12T13:57:51Z,matches_2018_event_713.csv
5021318,713,Scottish Open,2018,2018-12-10,2018-12-16,519,1108,3,4,1108,2018-12-12T14:14:35Z,matches_2018_event_713.csv
5021321,713,Scottish Open,2018,2018-12-10,2018-12-16,33,946,3,4,946,2018-12-12T15:09:10Z,matches_2018_event_713.csv
5021317,713,Scottish Open,2018,2018-12-10,2018-12-16,44,101,2,4,101,2018-12-12T15:12:13Z,matches_2018_event_713.csv
5021316,713,Scottish Open,2018,2018-12-10,2018-12-16,894,52,1,4,52,2018-12-12T15:14:38Z,matches_2018_event_713.csv
5021327,713,Scottish Open,2018,2018-12-10,2018-12-16,118,32,1,4,32,2018-12-12T15:14:53Z,matches_2018_event_713.csv
5021312,713,Scottish Open,2018,2018-12-10,2018-12-16,237,38,4,0,237,2018-12-12T15:45:33Z,matches_2018_event_713.csv
5021306,713,Scottish Open,2018,2018-12-10,2018-12-16,218,549,4,0,218,2018-12-12T16:27:56Z,matches_2018_event_713.csv
5021314,713,Scottish Open,2018,2018-12-10,2018-12-16,4,21,3,4,21,2018-12-12T16:45:21Z,matches_2018_event_713.csv
5021301,713,Scottish Open,2018,2018-12-10,2018-12-16,23,39,0,4,39,2018-12-12T17:15:46Z,matches_2018_event_713.csv
5021319,713,Scottish Open,2018,2018-12-10,2018-12-16,910,202,1,4,202,2018-12-12T19:04:53Z,matches_2018_event_713.csv
5021325,713,Scottish Open,2018,2018-12-10,2018-12-16,93,85,4,1,93,2018-12-12T19:21:34Z,matches_2018_event_713.csv
5021326,713,Scottish Open,2018,2018-12-10,2018-12-16,35,48,2,4,48,2018-12-12T19:21:34Z,matches_2018_event_713.csv
5021303,713,Scottish Open,2018,2018-12-10,2018-12-16,125,97,0,4,97,2018-12-12T19:27:59Z,matches_2018_event_713.csv
5021323,713,Scottish Open,2018,2018-12-10,2018-12-16,15,81,2,4,81,2018-12-12T19:27:59Z,matches_2018_event_713.csv
5021324,713,Scottish Open,2018,2018-12-10,2018-12-16,9,608,4,1,9,2018-12-12T19:27:59Z,matches_2018_event_713.csv
5021311,713,Scottish Open,2018,2018-12-10,2018-12-16,19,12,0,4,12,2018-12-12T20:41:16Z,matches_2018_event_713.csv
5021322,713,Scottish Open,2018,2018-12-10,2018-12-16,68,115,4,1,68,2018-12-12T20:52:10Z,matches_2018_event_713.csv
5021280,713,Scottish Open,2018,2018-12-10,2018-12-16,898,76,2,4,76,2018-12-13T10:03:25Z,matches_2018_event_713.csv
5021281,713,Scottish Open,2018,2018-12-10,2018-12-16,158,998,4,1,158,2018-12-13T10:03:25Z,matches_2018_event_713.csv
5021282,713,Scottish Open,2018,2018-12-10,2018-12-16,168,39,3,4,39,2018-12-13T10:03:25Z,matches_2018_event_713.csv
5021284,713,Scottish Open,2018,2018-12-10,2018-12-16,906,128,0,4,128,2018-12-13T10:03:25Z,matches_2018_event_713.csv
5021286,713,Scottish Open,2018,2018-12-10,2018-12-16,87,616,4,1,87,2018-12-13T10:03:25Z,matches_2018_event_713.csv
5021290,713,Scottish Open,2018,2018-12-10,2018-12-16,52,101,4,3,52,2018-12-13T10:03:25Z,matches_2018_event_713.csv
5021283,713,Scottish Open,2018,2018-12-10,2018-12-16,14,97,2,4,97,2018-12-13T13:00:58Z,matches_2018_event_713.csv
5021285,713,Scottish Open,2018,2018-12-10,2018-12-16,218,908,4,3,218,2018-12-13T13:00:58Z,matches_2018_event_713.csv
5021288,713,Scottish Open,2018,2018-12-10,2018-12-16,237,1260,4,0,237,2018-12-13T13:00:58Z,matches_2018_event_713.csv
5021289,713,Scottish Open,2018,2018-12-10,2018-12-16,21,947,4,3,21,2018-12-13T13:00:58Z,matches_2018_event_713.csv
5021293,713,Scottish Open,2018,2018-12-10,2018-12-16,68,81,4,2,68,2018-12-13T13:00:58Z,matches_2018_event_713.csv
5021295,713,Scottish Open,2018,2018-12-10,2018-12-16,48,32,1,4,32,2018-12-13T13:00:58Z,matches_2018_event_713.csv
5021294,713,Scottish Open,2018,2018-12-10,2018-12-16,9,93,4,3,9,2018-12-13T14:28:13Z,matches_2018_event_713.csv
5021287,713,Scottish Open,2018,2018-12-10,2018-12-16,2134,12,1,4,12,2018-12-13T14:51:04Z,matches_2018_event_713.csv
5021291,713,Scottish Open,2018,2018-12-10,2018-12-16,1108,202,1,4,202,2018-12-13T15:12:06Z,matches_2018_event_713.csv
5021292,713,Scottish Open,2018,2018-12-10,2018-12-16,224,946,4,3,224,2018-12-13T15:12:06Z,matches_2018_event_713.csv
5020894,713,Scottish Open,2018,2018-12-10,2018-12-16,76,158,4,3,76,2018-12-13T19:04:02Z,matches_2018_event_713.csv
5020895,713,Scottish Open,2018,2018-12-10,2018-12-16,39,97,3,4,97,2018-12-13T19:04:02Z,matches_2018_event_713.csv
5020896,713,Scottish Open,2018,2018-12-10,2018-12-16,128,218,4,3,128,2018-12-13T19:04:02Z,matches_2018_event_713.csv
5020898,713,Scottish Open,2018,2018-12-10,2018-12-16,237,21,2,4,21,2018-12-13T19:04:02Z,matches_2018_event_713.csv
5020901,713,Scottish Open,2018,2018-12-10,2018-12-16,9,32,0,4,32,2018-12-13T19:04:02Z,matches_2018_event_713.csv
5020900,713,Scottish Open,2018,2018-12-10,2018-12-16,224,68,2,4,68,2018-12-13T19:49:37Z,matches_2018_event_713.csv
5020899,713,Scottish Open,2018,2018-12-10,2018-12-16,52,202,2,4,202,2018-12-13T21:13:39Z,matches_2018_event_713.csv
5020897,713,Scottish Open,2018,2018-12-10,2018-12-16,87,12,1,4,12,2018-12-13T21:37:28Z,matches_2018_event_713.csv
5021276,713,Scottish Open,2018,2018-12-10,2018-12-16,76,97,0,5,97,2018-12-14T12:05:05Z,matches_2018_event_713.csv
5021278,713,Scottish Open,2018,2018-12-10,2018-12-16,21,202,0,5,202,2018-12-14T14:18:21Z,matches_2018_event_713.csv
5021277,713,Scottish Open,2018,2018-12-10,2018-12-16,128,12,3,5,12,2018-12-14T19:02:42Z,matches_2018_event_713.csv
5021279,713,Scottish Open,2018,2018-12-10,2018-12-16,68,32,1,5,32,2018-12-14T19:02:42Z,matches_2018_event_713.csv
5021192,713,Scottish Open,2018,2018-12-10,2018-12-16,202,32,6,5,202,2018-12-15T13:00:13Z,matches_2018_event_713.csv
5021191,713,Scottish Open,2018,2018-12-10,2018-12-16,97,12,6,3,97,2018-12-15T19:46:32Z,matches_2018_event_713.csv
5021395,713,Scottish Open,2018,2018-12-10,2018-12-16,97,202,7,9,202,2018-12-16T13:00:09Z,matches_2018_event_713.csv
4789098,722,Paul Hunter Classic,2018,2018-08-22,2018-08-26,1417,982,0,0,982,2018-08-07T19:56:48Z,matches_2018_event_722.csv
4789138,722,Paul Hunter Classic,2018,2018-08-22,2018-08-26,24,1108,0,0,24,2018-08-15T17:14:45Z,matches_2018_event_722.csv
4758720,722,Paul Hunter Classic,2018,2018-08-22,2018-08-26,2262,1433,0,0,2262,2018-08-17T15:37:50Z,matches_2018_event_722.csv
4758738,722,Paul Hunter Classic,2018,2018-08-22,2018-08-26,582,2243,0,0,2243,2018-08-20T15:13:24Z,matches_2018_event_722.csv
4758705,722,Paul Hunter Classic,2018,2018-08-22,2018-08-26,2388,2014,0,0,2014,2018-08-21T18:39:17Z,matches_2018_event_722.csv
4758704,722,Paul Hunter Classic,2018,2018-08-22,2018-08-26,1938,79,0,4,79,2018-08-22T08:16:10Z,matches_2018_event_722.csv
4758706,722,Paul Hunter Classic,2018,2018-08-22,2018-08-26,124,2389,4,1,124,2018-08-22T08:16:10Z,matches_2018_event_722.csv
4758707,722,Paul Hunter Classic,2018,2018-08-22,2018-08-26,1447,1465,2,4,1465,2018-08-22T08:16:10Z,matches_2018_event_722.csv
4758708,722,Paul Hunter Classic,2018,2018-08-22,2018-08-26,2254,1301,2,4,1301,2018-08-22T08:16:10Z,matches_2018_event_722.csv
4758709,722,Paul Hunter Classic,2018,2018-08-22,2018-08-26,391,1341,4,0,391,2018-08-22T08:16:10Z,matches_2018_event_722.csv
4758710,722,Paul Hunter Classic,2018,2018-08-22,2018-08-26,2089,680,0,4,680,2018-08-22T08:16:10Z,matches_2018_event_722.csv
4758711,722,Paul Hunter Classic,2018,2018-08-22,2018-08-26,2392,1752,4,1,2392,2018-08-22T08:16:10Z,matches_2018_event_722.csv
4758712,722,Paul Hunter Classic,2018,2018-08-22,2018-08-26,151,2393,4,1,151,2018-08-22T08:16:10Z,matches_2018_event_722.csv
4758713,722,Paul Hunter Classic,2018,2018-08-22,2018-08-26,310,91,0,4,91,2018-08-22T08:16:10Z,matches_2018_event_722.csv
4758714,722,Paul Hunter Classic,2018,2018-08-22,2018-08-26,2265,2081,0,4,2081,2018-08-22T10:19:15Z,matches_2018_event_722.csv
4758715,722,Paul Hunter Classic,2018,2018-08-22,2018-08-26,1210,613,0,4,613,2018-08-22T10:19:15Z,matches_2018_event_722.csv
4758716,722,Paul Hunter Classic,2018,2018-08-22,2018-08-26,920,2394,4,0,920,2018-08-22T10:19:15Z,matches_2018_event_722.csv
4758717,722,Paul Hunter Classic,2018,2018-08-22,2018-08-26,358,2010,3,4,2010,2018-08-22T10:19:15Z,matches_2018_event_722.csv
4758718,722,Paul Hunter Classic,2018,2018-08-22,2018-08-26,1829,2401,4,0,1829,2018-08-22T10:19:15Z,matches_2018_event_722.csv
4758719,722,Paul Hunter Classic,2018,2018-08-22,2018-08-26,2087,319,4,1,2087,2018-08-22T10:19:15Z,matches_2018_event_722.csv
4758721,722,Paul Hunter Classic,2018,2018-08-22,2018-08-26,519,1027,4,0,519,2018-08-22T10:19:15Z,matches_2018_event_722.csv
4758722,722,Paul Hunter Classic,2018,2018-08-22,2018-08-26,2395,1018,1,4,1018,2018-08-22T10:19:15Z,matches_2018_event_722.csv
4758723,722,Paul Hunter Classic,2018,2018-08-22,2018-08-26,2340,284,4,1,2340,2018-08-22T10:19:15Z,matches_2018_event_722.csv
4758724,722,Paul Hunter Classic,2018,2018-08-22,2018-08-26,2281,2277,1,4,2277,2018-08-22T12:14:15Z,matches_2018_event_722.csv
4758725,722,Paul Hunter Classic,2018,2018-08-22,2018-08-26,1570,1893,0,4,1893,2018-08-22T12:14:15Z,matches_2018_event_722.csv
4758726,722,Paul Hunter Classic,2018,2018-08-22,2018-08-26,1558,433,4,1,1558,2018-08-22T12:14:15Z,matches_2018_event_722.csv
4758727,722,Paul Hunter Classic,2018,2018-08-22,2018-08-26,2378,2270,4,0,2378,2018-08-22T12:14:15Z,matches_2018_event_722.csv
4758728,722,Paul Hunter Classic,2018,2018-08-22,2018-08-26,2397,2398,2,4,2398,2018-08-22T12:14:15Z,matches_2018_event_722.csv
4758729,722,Paul Hunter Classic,2018,2018-08-22,2018-08-26,2400,815,1,4,815,2018-08-22T12:14:15Z,matches_2018_event_722.csv
4758730,722,Paul Hunter Classic,2018,2018-08-22,2018-08-26,344,2403,4,0,344,2018-08-22T12:14:15Z,matches_2018_event_722.csv
4758731,722,Paul Hunter Classic,2018,2018-08-22,2018-08-26,337,2253,0,0,2253,2018-08-22T12:14:15Z,matches_2018_event_722.csv
4758732,722,Paul Hunter Classic,2018,2018-08-22,2018-08-26,2162,2273,1,4,2273,2018-08-22T12:14:15Z,matches_2018_event_722.csv
4758733,722,Paul Hunter Classic,2018,2018-08-22,2018-08-26,2402,287,3,4,287,2018-08-22T12:14:15Z,matches_2018_event_722.csv
4758734,722,Paul Hunter Classic,2018,2018-08-22,2018-08-26,1923,1917,4,1,1923,2018-08-22T14:41:23Z,matches_2018_event_722.csv
4758735,722,Paul Hunter Classic,2018,2018-08-22,2018-08-26,1919,2266,0,4,2266,2018-08-22T14:41:23Z,matches_2018_event_722.csv
4758736,722,Paul Hunter Classic,2018,2018-08-22,2018-08-26,1925,2320,0,4,2320,2018-08-22T14:41:23Z,matches_2018_event_722.csv
4758737,722,Paul Hunter Classic,2018,2018-08-22,2018-08-26,1812,241,4,0,1812,2018-08-22T14:41:23Z,matches_2018_event_722.csv
4758739,722,Paul Hunter Classic,2018,2018-08-22,2018-08-26,1687,2077,4,2,1687,2018-08-22T15:09:09Z,matches_2018_event_722.csv
4758740,722,Paul Hunter Classic,2018,2018-08-22,2018-08-26,165,1835,0,4,1835,2018-08-22T15:09:09Z,matches_2018_event_722.csv
4758741,722,Paul Hunter Classic,2018,2018-08-22,2018-08-26,1485,2405,4,0,1485,2018-08-22T15:09:09Z,matches_2018_event_722.csv
4758742,722,Paul Hunter Classic,2018,2018-08-22,2018-08-26,88,2407,4,0,88,2018-08-22T15:17:26Z,matches_2018_event_722.csv
4758743,722,Paul Hunter Classic,2018,2018-08-22,2018-08-26,2161,248,4,1,2161,2018-08-22T15:17:26Z,matches_2018_event_722.csv
4758744,722,Paul Hunter Classic,2018,2018-08-22,2018-08-26,65,689,4,0,65,2018-08-22T16:26:17Z,matches_2018_event_722.csv
4758745,722,Paul Hunter Classic,2018,2018-08-22,2018-08-26,326,302,1,4,302,2018-08-22T16:26:17Z,matches_2018_event_722.csv
4758746,722,Paul Hunter Classic,2018,2018-08-22,2018-08-26,67,2390,4,0,67,2018-08-22T16:46:35Z,matches_2018_event_722.csv
4758747,722,Paul Hunter Classic,2018,2018-08-22,2018-08-26,1892,2391,4,0,1892,2018-08-22T16:46:35Z,matches_2018_event_722.csv
6902247,722,Paul Hunter Classic,2018,2018-08-22,2018-08-26,550,2398,0,0,2398,2018-08-22T17:43:49Z,matches_2018_event_722.csv
6902221,722,Paul Hunter Classic,2018,2018-08-22,2018-08-26,733,79,4,3,733,2018-08-23T08:36:20Z,matches_2018_event_722.csv
6902222,722,Paul Hunter Classic,2018,2018-08-22,2018-08-26,583,2014,4,1,583,2018-08-23T08:36:20Z,matches_2018_event_722.csv
6902223,722,Paul Hunter Classic,2018,2018-08-22,2018-08-26,1907,124,0,4,124,2018-08-23T08:36:20Z,matches_2018_event_722.csv
6902224,722,Paul Hunter Classic,2018,2018-08-22,2018-08-26,1307,1465,4,2,1307,2018-08-23T08:36:20Z,matches_2018_event_722.csv
6902225,722,Paul Hunter Classic,2018,2018-08-22,2018-08-26,6,1301,4,3,6,2018-08-23T08:36:20Z,matches_2018_event_722.csv
6902226,722,Paul Hunter Classic,2018,2018-08-22,2018-08-26,2188,391,3,4,391,2018-08-23T08:36:20Z,matches_2018_event_722.csv
6902227,722,Paul Hunter Classic,2018,2018-08-22,2018-08-26,2082,680,4,3,2082,2018-08-23T08:36:20Z,matches_2018_event_722.csv
6902228,722,Paul Hunter Classic,2018,2018-08-22,2018-08-26,146,2392,4,2,146,2018-08-23T08:36:20Z,matches_2018_event_722.csv
6902229,722,Paul Hunter Classic,2018,2018-08-22,2018-08-26,351,2166,0,4,2166,2018-08-23T08:36:20Z,matches_2018_event_722.csv
6902230,722,Paul Hunter Classic,2018,2018-08-22,2018-08-26,135,151,2,4,151,2018-08-23T08:36:20Z,matches_2018_event_722.csv
6902231,722,Paul Hunter Classic,2018,2018-08-22,2018-08-26,2030,91,1,4,91,2018-08-23T10:38:58Z,matches_2018_event_722.csv
6902232,722,Paul Hunter Classic,2018,2018-08-22,2018-08-26,1086,2081,3,4,2081,2018-08-23T10:38:58Z,matches_2018_event_722.csv
6902233,722,Paul Hunter Classic,2018,2018-08-22,2018-08-26,2381,613,0,4,613,2018-08-23T10:38:58Z,matches_2018_event_722.csv
6902234,722,Paul Hunter Classic,2018,2018-08-22,2018-08-26,1391,920,0,4,920,2018-08-23T10:38:58Z,matches_2018_event_722.csv
6902235,722,Paul Hunter Classic,2018,2018-08-22,2018-08-26,2382,633,0,4,633,2018-08-23T10:48:08Z,matches_2018_event_722.csv
6902236,722,Paul Hunter Classic,2018,2018-08-22,2018-08-26,156,2010,4,0,156,2018-08-23T10:48:08Z,matches_2018_event_722.csv
6902237,722,Paul Hunter Classic,2018,2018-08-22,2018-08-26,1295,1829,4,1,1295,2018-08-23T10:48:08Z,matches_2018_event_722.csv
6902238,722,Paul Hunter Classic,2018,2018-08-22,2018-08-26,2249,2087,4,0,2249,2018-08-23T11:08:07Z,matches_2018_event_722.csv
6902239,722,Paul Hunter Classic,2018,2018-08-22,2018-08-26,1064,2262,4,0,1064,2018-08-23T11:08:07Z,matches_2018_event_722.csv
6902240,722,Paul Hunter Classic,2018,2018-08-22,2018-08-26,348,519,0,4,519,2018-08-23T11:25:34Z,matches_2018_event_722.csv
6902241,722,Paul Hunter Classic,2018,2018-08-22,2018-08-26,2274,1018,3,4,1018,2018-08-23T12:03:18Z,matches_2018_event_722.csv
6902242,722,Paul Hunter Classic,2018,2018-08-22,2018-08-26,2230,2340,4,2,2230,2018-08-23T12:03:18Z,matches_2018_event_722.csv
6902243,722,Paul Hunter Classic,2018,2018-08-22,2018-08-26,636,2277,2,4,2277,2018-08-23T12:03:18Z,matches_2018_event_722.csv
6902244,722,Paul Hunter Classic,2018,2018-08-22,2018-08-26,138,1893,4,0,138,2018-08-23T12:04:22Z,matches_2018_event_722.csv
6902245,722,Paul Hunter Classic,2018,2018-08-22,2018-08-26,1034,1558,0,4,1558,2018-08-23T12:27:00Z,matches_2018_event_722.csv
6902246,722,Paul Hunter Classic,2018,2018-08-22,2018-08-26,1122,2378,3,4,2378,2018-08-23T12:41:50Z,matches_2018_event_722.csv
6902248,722,Paul Hunter Classic,2018,2018-08-22,2018-08-26,2350,815,2,4,815,2018-08-23T12:44:14Z,matches_2018_event_722.csv
6902249,722,Paul Hunter Classic,2018,2018-08-22,2018-08-26,2276,344,1,4,344,2018-08-23T12:44:14Z,matches_2018_event_722.csv
6902250,722,Paul Hunter Classic,2018,2018-08-22,2018-08-26,993,2253,0,4,2253,2018-08-23T13:06:26Z,matches_2018_event_722.csv
4789108,722,Paul Hunter Classic,2018,2018-08-22,2018-08-26,128,613,0,0,613,2018-08-23T14:15:49Z,matches_2018_event_722.csv
6902251,722,Paul Hunter Classic,2018,2018-08-22,2018-08-26,2384,2273,4,0,2384,2018-08-23T15:15:15Z,matches_2018_event_722.csv
6902252,722,Paul Hunter Classic,2018,2018-08-22,2018-08-26,2267,287,0,4,287,2018-08-23T15:15:15Z,matches_2018_event_722.csv
6902253,722,Paul Hunter Classic,2018,2018-08-22,2018-08-26,2386,1923,0,4,1923,2018-08-23T15:15:15Z,matches_2018_event_722.csv
6902254,722,Paul Hunter Classic,2018,2018-08-22,2018-08-26,533,2266,0,4,2266,2018-08-23T15:15:15Z,matches_2018_event_722.csv
6902255,722,Paul Hunter Classic,2018,2018-08-22,2018-08-26,1889,983,4,2,1889,2018-08-23T15:15:15Z,matches_2018_event_722.csv
6902256,722,Paul Hunter Classic,2018,2018-08-22,2018-08-26,1661,2320,1,4,2320,2018-08-23T15:15:15Z,matches_2018_event_722.csv
6902257,722,Paul Hunter Classic,2018,2018-08-22,2018-08-26,1030,1812,4,3,1030,2018-08-23T15:15:15Z,matches_2018_event_722.csv
6902258,722,Paul Hunter Classic,2018,2018-08-22,2018-08-26,2387,2243,0,4,2243,2018-08-23T15:15:15Z,matches_2018_event_722.csv
6902259,722,Paul Hunter Classic,2018,2018-08-22,2018-08-26,1912,1687,0,4,1687,2018-08-23T15:15:15Z,matches_2018_event_722.csv
6902260,722,Paul Hunter Classic,2018,2018-08-22,2018-08-26,1903,1835,0,4,1835,2018-08-23T15:15:15Z,matches_2018_event_722.csv
6902261,722,Paul Hunter Classic,2018,2018-08-22,2018-08-26,628,1485,2,4,1485,2018-08-23T16:13:10Z,matches_2018_event_722.csv
6902262,722,Paul Hunter Classic,2018,2018-08-22,2018-08-26,1394,88,0,4,88,2018-08-23T16:13:10Z,matches_2018_event_722.csv
6902263,722,Paul Hunter Classic,2018,2018-08-22,2018-08-26,2004,2161,4,1,2004,2018-08-23T16:13:10Z,matches_2018_event_722.csv
6902264,722,Paul Hunter Classic,2018,2018-08-22,2018-08-26,2153,65,0,4,65,2018-08-23T16:13:10Z,matches_2018_event_722.csv
6902265,722,Paul Hunter Classic,2018,2018-08-22,2018-08-26,1337,302,0,4,302,2018-08-23T16:13:10Z,matches_2018_event_722.csv
6902266,722,Paul Hunter Classic,2018,2018-08-22,2018-08-26,1615,67,0,4,67,2018-08-23T16:13:10Z,matches_2018_event_722.csv
6902267,722,Paul Hunter Classic,2018,2018-08-22,2018-08-26,357,1892,0,4,1892,2018-08-23T16:13:10Z,matches_2018_event_722.csv
4789091,722,Paul Hunter Classic,2018,2018-08-22,2018-08-26,171,1509,4,2,171,2018-08-24T07:23:13Z,matches_2018_event_722.csv
4789092,722,Paul Hunter Classic,2018,2018-08-22,2018-08-26,50,26,0,4,26,2018-08-24T07:23:13Z,matches_2018_event_722.csv
4789093,722,Paul Hunter Classic,2018,2018-08-22,2018-08-26,81,733,4,3,81,2018-08-24T07:23:13Z,matches_2018_event_722.csv
4789094,722,Paul Hunter Classic,2018,2018-08-22,2018-08-26,33,583,4,0,33,2018-08-24T07:23:13Z,matches_2018_event_722.csv
4789095,722,Paul Hunter Classic,2018,2018-08-22,2018-08-26,48,124,4,3,48,2018-08-24T07:23:13Z,matches_2018_event_722.csv
4789096,722,Paul Hunter Classic,2018,2018-08-22,2018-08-26,552,1307,0,4,1307,2018-08-24T07:23:13Z,matches_2018_event_722.csv
4789097,722,Paul Hunter Classic,2018,2018-08-22,2018-08-26,239,6,4,0,239,2018-08-24T07:23:13Z,matches_2018_event_722.csv
4789099,722,Paul Hunter Classic,2018,2018-08-22,2018-08-26,76,391,4,2,76,2018-08-24T07:23:13Z,matches_2018_event_722.csv
4789100,722,Paul Hunter Classic,2018,2018-08-22,2018-08-26,123,2082,3,4,2082,2018-08-24T07:23:13Z,matches_2018_event_722.csv
4789101,722,Paul Hunter Classic,2018,2018-08-22,2018-08-26,87,146,4,0,87,2018-08-24T08:52:19Z,matches_2018_event_722.csv
4789102,722,Paul Hunter Classic,2018,2018-08-22,2018-08-26,906,2166,0,4,2166,2018-08-24T08:52:19Z,matches_2018_event_722.csv
4789103,722,Paul Hunter Classic,2018,2018-08-22,2018-08-26,1101,151,4,1,1101,2018-08-24T09:08:31Z,matches_2018_event_722.csv
4789104,722,Paul Hunter Classic,2018,2018-08-22,2018-08-26,894,109,4,2,894,2018-08-24T09:20:59Z,matches_2018_event_722.csv
4789105,722,Paul Hunter Classic,2018,2018-08-22,2018-08-26,898,91,4,1,898,2018-08-24T09:25:19Z,matches_2018_event_722.csv
4789106,722,Paul Hunter Classic,2018,2018-08-22,2018-08-26,8,2081,4,0,8,2018-08-24T10:02:27Z,matches_2018_event_722.csv
4789107,722,Paul Hunter Classic,2018,2018-08-22,2018-08-26,28,120,4,3,28,2018-08-24T10:07:20Z,matches_2018_event_722.csv
4789109,722,Paul Hunter Classic,2018,2018-08-22,2018-08-26,42,920,4,0,42,2018-08-24T10:12:31Z,matches_2018_event_722.csv
4789110,722,Paul Hunter Classic,2018,2018-08-22,2018-08-26,2101,633,2,4,633,2018-08-24T10:27:53Z,matches_2018_event_722.csv
4789111,722,Paul Hunter Classic,2018,2018-08-22,2018-08-26,19,156,4,2,19,2018-08-24T10:42:30Z,matches_2018_event_722.csv
4789112,722,Paul Hunter Classic,2018,2018-08-22,2018-08-26,217,1295,4,0,217,2018-08-24T10:42:30Z,matches_2018_event_722.csv
4789113,722,Paul Hunter Classic,2018,2018-08-22,2018-08-26,497,2249,4,2,497,2018-08-24T10:47:28Z,matches_2018_event_722.csv
4789114,722,Paul Hunter Classic,2018,2018-08-22,2018-08-26,608,947,3,4,947,2018-08-24T11:00:25Z,matches_2018_event_722.csv
4789115,722,Paul Hunter Classic,2018,2018-08-22,2018-08-26,131,592,4,1,131,2018-08-24T11:02:48Z,matches_2018_event_722.csv
4789116,722,Paul Hunter Classic,2018,2018-08-22,2018-08-26,412,106,4,3,412,2018-08-24T11:02:48Z,matches_2018_event_722.csv
4789117,722,Paul Hunter Classic,2018,2018-08-22,2018-08-26,520,1064,4,0,520,2018-08-24T11:02:48Z,matches_2018_event_722.csv
4789118,722,Paul Hunter Classic,2018,2018-08-22,2018-08-26,10,14,4,0,10,2018-08-24T11:02:48Z,matches_2018_event_722.csv
4789119,722,Paul Hunter Classic,2018,2018-08-22,2018-08-26,1044,519,4,1,1044,2018-08-24T12:00:46Z,matches_2018_event_722.csv
4789120,722,Paul Hunter Classic,2018,2018-08-22,2018-08-26,431,1018,0,4,1018,2018-08-24T12:00:46Z,matches_2018_event_722.csv
4789121,722,Paul Hunter Classic,2018,2018-08-22,2018-08-26,933,2230,4,0,933,2018-08-24T13:24:47Z,matches_2018_event_722.csv
4789122,722,Paul Hunter Classic,2018,2018-08-22,2018-08-26,101,2277,4,0,101,2018-08-24T13:34:47Z,matches_2018_event_722.csv
4789059,722,Paul Hunter Classic,2018,2018-08-22,2018-08-26,171,26,4,2,171,2018-08-24T13:35:36Z,matches_2018_event_722.csv
4789060,722,Paul Hunter Classic,2018,2018-08-22,2018-08-26,81,33,4,2,81,2018-08-24T13:52:30Z,matches_2018_event_722.csv
4789061,722,Paul Hunter Classic,2018,2018-08-22,2018-08-26,48,1307,4,2,48,2018-08-24T14:01:16Z,matches_2018_event_722.csv
4789062,722,Paul Hunter Classic,2018,2018-08-22,2018-08-26,239,982,1,4,982,2018-08-24T14:06:36Z,matches_2018_event_722.csv
4789064,722,Paul Hunter Classic,2018,2018-08-22,2018-08-26,87,2166,1,4,2166,2018-08-24T14:18:38Z,matches_2018_event_722.csv
4789063,722,Paul Hunter Classic,2018,2018-08-22,2018-08-26,76,2082,4,0,76,2018-08-24T14:25:10Z,matches_2018_event_722.csv
4789065,722,Paul Hunter Classic,2018,2018-08-22,2018-08-26,1101,894,3,4,894,2018-08-24T14:46:23Z,matches_2018_event_722.csv
4789069,722,Paul Hunter Classic,2018,2018-08-22,2018-08-26,19,217,1,4,217,2018-08-24T15:05:00Z,matches_2018_event_722.csv
4789066,722,Paul Hunter Classic,2018,2018-08-22,2018-08-26,898,8,2,4,8,2018-08-24T15:19:12Z,matches_2018_event_722.csv
4789067,722,Paul Hunter Classic,2018,2018-08-22,2018-08-26,28,613,4,2,28,2018-08-24T15:41:54Z,matches_2018_event_722.csv
4789070,722,Paul Hunter Classic,2018,2018-08-22,2018-08-26,497,947,3,4,947,2018-08-24T15:47:37Z,matches_2018_event_722.csv
4789068,722,Paul Hunter Classic,2018,2018-08-22,2018-08-26,42,633,4,0,42,2018-08-24T15:53:18Z,matches_2018_event_722.csv
4789071,722,Paul Hunter Classic,2018,2018-08-22,2018-08-26,131,412,4,0,131,2018-08-24T16:13:28Z,matches_2018_event_722.csv
4789074,722,Paul Hunter Classic,2018,2018-08-22,2018-08-26,933,101,1,4,101,2018-08-24T16:16:19Z,matches_2018_event_722.csv
4789072,722,Paul Hunter Classic,2018,2018-08-22,2018-08-26,520,10,4,2,520,2018-08-24T16:30:44Z,matches_2018_event_722.csv
4789073,722,Paul Hunter Classic,2018,2018-08-22,2018-08-26,1044,1018,4,2,1044,2018-08-24T16:35:58Z,matches_2018_event_722.csv
4789557,722,Paul Hunter Classic,2018,2018-08-22,2018-08-26,171,81,1,4,81,2018-08-24T17:34:28Z,matches_2018_event_722.csv
4789559,722,Paul Hunter Classic,2018,2018-08-22,2018-08-26,76,2166,3,4,2166,2018-08-24T17:39:55Z,matches_2018_event_722.csv
4789558,722,Paul Hunter Classic,2018,2018-08-22,2018-08-26,48,982,0,4,982,2018-08-24T17:55:17Z,matches_2018_event_722.csv
4789560,722,Paul Hunter Classic,2018,2018-08-22,2018-08-26,894,8,4,3,894,2018-08-24T18:16:15Z,matches_2018_event_722.csv
4789561,722,Paul Hunter Classic,2018,2018-08-22,2018-08-26,28,42,2,4,42,2018-08-24T18:16:41Z,matches_2018_event_722.csv
4789564,722,Paul Hunter Classic,2018,2018-08-22,2018-08-26,1044,101,4,2,1044,2018-08-24T18:24:38Z,matches_2018_event_722.csv
4789562,722,Paul Hunter Classic,2018,2018-08-22,2018-08-26,217,947,4,2,217,2018-08-24T18:31:01Z,matches_2018_event_722.csv
4789563,722,Paul Hunter Classic,2018,2018-08-22,2018-08-26,131,520,3,4,520,2018-08-24T18:51:51Z,matches_2018_event_722.csv
4789143,722,Paul Hunter Classic,2018,2018-08-22,2018-08-26,93,1186,0,0,93,2018-08-24T23:04:32Z,matches_2018_event_722.csv
4789123,722,Paul Hunter Classic,2018,2018-08-22,2018-08-26,39,910,4,2,39,2018-08-25T07:32:48Z,matches_2018_event_722.csv
4789124,722,Paul Hunter Classic,2018,2018-08-22,2018-08-26,724,138,3,4,138,2018-08-25T07:32:48Z,matches_2018_event_722.csv
4789125,722,Paul Hunter Classic,2018,2018-08-22,2018-08-26,45,1558,4,0,45,2018-08-25T07:32:48Z,matches_2018_event_722.csv
4789126,722,Paul Hunter Classic,2018,2018-08-22,2018-08-26,291,2378,0,4,2378,2018-08-25T07:32:48Z,matches_2018_event_722.csv
4789127,722,Paul Hunter Classic,2018,2018-08-22,2018-08-26,546,526,4,2,546,2018-08-25T07:32:48Z,matches_2018_event_722.csv
4789128,722,Paul Hunter Classic,2018,2018-08-22,2018-08-26,58,2398,4,1,58,2018-08-25T07:32:48Z,matches_2018_event_722.csv
4789129,722,Paul Hunter Classic,2018,2018-08-22,2018-08-26,593,815,4,1,593,2018-08-25T07:32:48Z,matches_2018_event_722.csv
4789130,722,Paul Hunter Classic,2018,2018-08-22,2018-08-26,38,344,4,0,38,2018-08-25T07:32:48Z,matches_2018_event_722.csv
4789131,722,Paul Hunter Classic,2018,2018-08-22,2018-08-26,47,2253,4,3,47,2018-08-25T07:32:48Z,matches_2018_event_722.csv
4789132,722,Paul Hunter Classic,2018,2018-08-22,2018-08-26,1038,2384,4,0,1038,2018-08-25T07:32:48Z,matches_2018_event_722.csv
4789133,722,Paul Hunter Classic,2018,2018-08-22,2018-08-26,32,287,4,0,32,2018-08-25T08:58:56Z,matches_2018_event_722.csv
4789134,722,Paul Hunter Classic,2018,2018-08-22,2018-08-26,92,621,4,2,92,2018-08-25T09:12:41Z,matches_2018_event_722.csv
4789135,722,Paul Hunter Classic,2018,2018-08-22,2018-08-26,104,1923,1,4,1923,2018-08-25T09:18:23Z,matches_2018_event_722.csv
4789136,722,Paul Hunter Classic,2018,2018-08-22,2018-08-26,25,2266,4,1,25,2018-08-25T09:37:18Z,matches_2018_event_722.csv
4789137,722,Paul Hunter Classic,2018,2018-08-22,2018-08-26,616,1889,4,1,616,2018-08-25T09:40:43Z,matches_2018_event_722.csv
4789141,722,Paul Hunter Classic,2018,2018-08-22,2018-08-26,908,2243,4,1,908,2018-08-25T09:54:44Z,matches_2018_event_722.csv
4789140,722,Paul Hunter Classic,2018,2018-08-22,2018-08-26,2134,1030,4,3,2134,2018-08-25T09:59:34Z,matches_2018_event_722.csv
4789139,722,Paul Hunter Classic,2018,2018-08-22,2018-08-26,85,2320,4,0,85,2018-08-25T10:00:06Z,matches_2018_event_722.csv
4789142,722,Paul Hunter Classic,2018,2018-08-22,2018-08-26,620,1687,4,1,620,2018-08-25T10:22:15Z,matches_2018_event_722.csv
4789146,722,Paul Hunter Classic,2018,2018-08-22,2018-08-26,1082,1485,4,1,1082,2018-08-25T10:35:03Z,matches_2018_event_722.csv
4789144,722,Paul Hunter Classic,2018,2018-08-22,2018-08-26,35,23,4,1,35,2018-08-25T10:41:51Z,matches_2018_event_722.csv
4789145,722,Paul Hunter Classic,2018,2018-08-22,2018-08-26,177,1835,4,0,177,2018-08-25T10:44:19Z,matches_2018_event_722.csv
4789147,722,Paul Hunter Classic,2018,2018-08-22,2018-08-26,21,88,4,3,21,2018-08-25T11:32:29Z,matches_2018_event_722.csv
4789148,722,Paul Hunter Classic,2018,2018-08-22,2018-08-26,1567,2004,4,3,1567,2018-08-25T11:54:02Z,matches_2018_event_722.csv
4789154,722,Paul Hunter Classic,2018,2018-08-22,2018-08-26,97,63,2,4,63,2018-08-25T12:01:44Z,matches_2018_event_722.csv
4789149,722,Paul Hunter Classic,2018,2018-08-22,2018-08-26,1323,65,1,4,65,2018-08-25T12:12:01Z,matches_2018_event_722.csv
4789150,722,Paul Hunter Classic,2018,2018-08-22,2018-08-26,15,302,4,0,15,2018-08-25T12:22:18Z,matches_2018_event_722.csv
4789151,722,Paul Hunter Classic,2018,2018-08-22,2018-08-26,61,67,4,2,61,2018-08-25T12:34:51Z,matches_2018_event_722.csv
4789152,722,Paul Hunter Classic,2018,2018-08-22,2018-08-26,37,1892,4,1,37,2018-08-25T12:34:51Z,matches_2018_event_722.csv
4789153,722,Paul Hunter Classic,2018,2018-08-22,2018-08-26,208,96,4,2,208,2018-08-25T13:13:52Z,matches_2018_event_722.csv
4789076,722,Paul Hunter Classic,2018,2018-08-22,2018-08-26,45,2378,4,1,45,2018-08-25T13:22:29Z,matches_2018_event_722.csv
4789077,722,Paul Hunter Classic,2018,2018-08-22,2018-08-26,546,58,0,4,58,2018-08-25T13:47:24Z,matches_2018_event_722.csv
4789078,722,Paul Hunter Classic,2018,2018-08-22,2018-08-26,593,38,4,2,593,2018-08-25T14:09:54Z,matches_2018_event_722.csv
4789075,722,Paul Hunter Classic,2018,2018-08-22,2018-08-26,39,138,4,0,39,2018-08-25T14:16:46Z,matches_2018_event_722.csv
4789079,722,Paul Hunter Classic,2018,2018-08-22,2018-08-26,47,1038,3,4,1038,2018-08-25T14:19:46Z,matches_2018_event_722.csv
4789080,722,Paul Hunter Classic,2018,2018-08-22,2018-08-26,32,92,4,3,32,2018-08-25T14:19:46Z,matches_2018_event_722.csv
4789081,722,Paul Hunter Classic,2018,2018-08-22,2018-08-26,1923,25,0,4,25,2018-08-25T14:53:24Z,matches_2018_event_722.csv
4789082,722,Paul Hunter Classic,2018,2018-08-22,2018-08-26,616,24,4,3,616,2018-08-25T15:27:37Z,matches_2018_event_722.csv
4789084,722,Paul Hunter Classic,2018,2018-08-22,2018-08-26,908,620,4,0,908,2018-08-25T15:32:07Z,matches_2018_event_722.csv
4789085,722,Paul Hunter Classic,2018,2018-08-22,2018-08-26,93,35,4,1,93,2018-08-25T15:42:33Z,matches_2018_event_722.csv
4789083,722,Paul Hunter Classic,2018,2018-08-22,2018-08-26,85,2134,4,0,85,2018-08-25T15:46:43Z,matches_2018_event_722.csv
4789086,722,Paul Hunter Classic,2018,2018-08-22,2018-08-26,177,1082,4,3,177,2018-08-25T15:57:50Z,matches_2018_event_722.csv
4789088,722,Paul Hunter Classic,2018,2018-08-22,2018-08-26,65,15,2,4,15,2018-08-25T16:04:16Z,matches_2018_event_722.csv
4789089,722,Paul Hunter Classic,2018,2018-08-22,2018-08-26,61,37,1,4,37,2018-08-25T16:19:21Z,matches_2018_event_722.csv
4789090,722,Paul Hunter Classic,2018,2018-08-22,2018-08-26,208,63,4,1,208,2018-08-25T16:23:19Z,matches_2018_event_722.csv
4789087,722,Paul Hunter Classic,2018,2018-08-22,2018-08-26,21,1567,4,1,21,2018-08-25T17:08:37Z,matches_2018_event_722.csv
4789565,722,Paul Hunter Classic,2018,2018-08-22,2018-08-26,39,45,4,0,39,2018-08-25T17:25:47Z,matches_2018_event_722.csv
4789569,722,Paul Hunter Classic,2018,2018-08-22,2018-08-26,85,908,4,3,85,2018-08-25T17:25:47Z,matches_2018_event_722.csv
4789566,722,Paul Hunter Classic,2018,2018-08-22,2018-08-26,58,593,2,4,593,2018-08-25T17:30:03Z,matches_2018_event_722.csv
4789567,722,Paul Hunter Classic,2018,2018-08-22,2018-08-26,1038,32,3,4,32,2018-08-25T18:12:41Z,matches_2018_event_722.csv
4789568,722,Paul Hunter Classic,2018,2018-08-22,2018-08-26,25,616,3,4,616,2018-08-25T18:24:58Z,matches_2018_event_722.csv
4789572,722,Paul Hunter Classic,2018,2018-08-22,2018-08-26,37,208,4,2,37,2018-08-25T18:49:42Z,matches_2018_event_722.csv
4789571,722,Paul Hunter Classic,2018,2018-08-22,2018-08-26,21,15,2,4,15,2018-08-25T19:12:24Z,matches_2018_event_722.csv
4789570,722,Paul Hunter Classic,2018,2018-08-22,2018-08-26,93,177,4,3,93,2018-08-25T20:03:21Z,matches_2018_event_722.csv
4789549,722,Paul Hunter Classic,2018,2018-08-22,2018-08-26,81,982,4,0,81,2018-08-26T08:00:09Z,matches_2018_event_722.csv
4789550,722,Paul Hunter Classic,2018,2018-08-22,2018-08-26,2166,894,2,4,894,2018-08-26T08:00:09Z,matches_2018_event_722.csv
4789551,722,Paul Hunter Classic,2018,2018-08-22,2018-08-26,42,217,4,0,42,2018-08-26T08:00:09Z,matches_2018_event_722.csv
4789552,722,Paul Hunter Classic,2018,2018-08-22,2018-08-26,520,1044,4,2,520,2018-08-26T08:00:09Z,matches_2018_event_722.csv
4789553,722,Paul Hunter Classic,2018,2018-08-22,2018-08-26,39,593,4,1,39,2018-08-26T08:00:09Z,matches_2018_event_722.csv
4789554,722,Paul Hunter Classic,2018,2018-08-22,2018-08-26,32,616,4,2,32,2018-08-26T08:00:09Z,matches_2018_event_722.csv
4789555,722,Paul Hunter Classic,2018,2018-08-22,2018-08-26,85,93,4,0,85,2018-08-26T08:00:09Z,matches_2018_event_722.csv
4789556,722,Paul Hunter Classic,2018,2018-08-22,2018-08-26,15,37,2,4,37,2018-08-26T08:00:09Z,matches_2018_event_722.csv
4789587,722,Paul Hunter Classic,2018,2018-08-22,2018-08-26,81,894,3,4,894,2018-08-26T11:04:55Z,matches_2018_event_722.csv
4789588,722,Paul Hunter Classic,2018,2018-08-22,2018-08-26,42,520,4,1,42,2018-08-26T11:04:55Z,matches_2018_event_722.csv
4789589,722,Paul Hunter Classic,2018,2018-08-22,2018-08-26,39,32,4,3,39,2018-08-26T11:04:55Z,matches_2018_event_722.csv
4789590,722,Paul Hunter Classic,2018,2018-08-22,2018-08-26,85,37,3,4,37,2018-08-26T11:04:55Z,matches_2018_event_722.csv
4789601,722,Paul Hunter Classic,2018,2018-08-22,2018-08-26,894,42,1,4,42,2018-08-26T13:54:57Z,matches_2018_event_722.csv
4789602,722,Paul Hunter Classic,2018,2018-08-22,2018-08-26,39,37,4,3,39,2018-08-26T13:54:57Z,matches_2018_event_722.csv
4789603,722,Paul Hunter Classic,2018,2018-08-22,2018-08-26,42,39,2,4,39,2018-08-26T18:05:38Z,matches_2018_event_722.csv
4794209,723,6 Red World Championship,2018,2018-09-03,2018-09-08,224,52,6,3,224,2018-09-06T04:22:09Z,matches_2018_event_723.csv
4794210,723,6 Red World Championship,2018,2018-09-03,2018-09-08,906,193,5,6,193,2018-09-06T04:22:09Z,matches_2018_event_723.csv
4794211,723,6 Red World Championship,2018,2018-09-03,2018-09-08,101,68,6,3,101,2018-09-06T04:22:09Z,matches_2018_event_723.csv
4794212,723,6 Red World Championship,2018,2018-09-03,2018-09-08,17,8,5,6,8,2018-09-06T04:22:09Z,matches_2018_event_723.csv
4794205,723,6 Red World Championship,2018,2018-09-03,2018-09-08,1,418,3,6,418,2018-09-06T07:04:01Z,matches_2018_event_723.csv
4794206,723,6 Red World Championship,2018,2018-09-03,2018-09-08,2,1763,5,6,1763,2018-09-06T07:04:01Z,matches_2018_event_723.csv
4794207,723,6 Red World Championship,2018,2018-09-03,2018-09-08,30,4,6,2,30,2018-09-06T07:04:01Z,matches_2018_event_723.csv
4794208,723,6 Red World Championship,2018,2018-09-03,2018-09-08,39,22,6,3,39,2018-09-06T07:04:01Z,matches_2018_event_723.csv
4794094,723,6 Red World Championship,2018,2018-09-03,2018-09-08,418,1763,5,6,1763,2018-09-06T11:30:25Z,matches_2018_event_723.csv
4794095,723,6 Red World Championship,2018,2018-09-03,2018-09-08,30,39,4,6,39,2018-09-06T11:30:25Z,matches_2018_event_723.csv
4794096,723,6 Red World Championship,2018,2018-09-03,2018-09-08,224,193,6,2,224,2018-09-06T11:30:25Z,matches_2018_event_723.csv
4794097,723,6 Red World Championship,2018,2018-09-03,2018-09-08,101,8,6,3,101,2018-09-06T11:30:25Z,matches_2018_event_723.csv
4794187,723,6 Red World Championship,2018,2018-09-03,2018-09-08,224,101,7,6,224,2018-09-07T07:58:52Z,matches_2018_event_723.csv
4794186,723,6 Red World Championship,2018,2018-09-03,2018-09-08,1763,39,5,7,39,2018-09-07T11:37:09Z,matches_2018_event_723.csv
4794204,723,6 Red World Championship,2018,2018-09-03,2018-09-08,39,224,8,4,39,2018-09-08T08:13:13Z,matches_2018_event_723.csv
5173581,724,Indian Open,2018,2019-02-27,2019-03-03,30,37,4,1,30,2019-02-27T05:11:56Z,matches_2018_event_724.csv
5173583,724,Indian Open,2018,2019-02-27,2019-03-03,1260,38,4,3,1260,2019-02-27T06:51:16Z,matches_2018_event_724.csv
5173577,724,Indian Open,2018,2019-02-27,2019-03-03,1762,295,0,0,295,2019-02-27T07:45:55Z,matches_2018_event_724.csv
5173582,724,Indian Open,2018,2019-02-27,2019-03-03,546,526,1,4,526,2019-02-27T08:13:54Z,matches_2018_event_724.csv
5173584,724,Indian Open,2018,2019-02-27,2019-03-03,908,45,4,1,908,2019-02-27T08:21:59Z,matches_2018_event_724.csv
5173578,724,Indian Open,2018,2019-02-27,2019-03-03,724,168,1,4,168,2019-02-27T09:33:08Z,matches_2018_event_724.csv
5173580,724,Indian Open,2018,2019-02-27,2019-03-03,109,200,4,3,109,2019-02-27T09:42:28Z,matches_2018_event_724.csv
5173587,724,Indian Open,2018,2019-02-27,2019-03-03,63,592,1,4,592,2019-02-27T13:32:01Z,matches_2018_event_724.csv
5173588,724,Indian Open,2018,2019-02-27,2019-03-03,549,1934,3,4,1934,2019-02-27T13:32:01Z,matches_2018_event_724.csv
5173585,724,Indian Open,2018,2019-02-27,2019-03-03,47,8,4,2,47,2019-02-27T14:31:30Z,matches_2018_event_724.csv
5173575,724,Indian Open,2018,2019-02-27,2019-03-03,171,151,2,4,151,2019-02-27T15:12:46Z,matches_2018_event_724.csv
5173590,724,Indian Open,2018,2019-02-27,2019-03-03,620,497,4,3,620,2019-02-27T16:04:03Z,matches_2018_event_724.csv
5173574,724,Indian Open,2018,2019-02-27,2019-03-03,666,33,4,3,666,2019-02-28T05:28:15Z,matches_2018_event_724.csv
5173576,724,Indian Open,2018,2019-02-27,2019-03-03,118,608,3,4,608,2019-02-28T05:28:15Z,matches_2018_event_724.csv
5173591,724,Indian Open,2018,2019-02-27,2019-03-03,519,306,4,0,519,2019-02-28T05:28:15Z,matches_2018_event_724.csv
5173597,724,Indian Open,2018,2019-02-27,2019-03-03,101,87,4,0,101,2019-02-28T05:28:15Z,matches_2018_event_724.csv
5173594,724,Indian Open,2018,2019-02-27,2019-03-03,239,52,0,0,52,2019-02-28T07:09:02Z,matches_2018_event_724.csv
5173600,724,Indian Open,2018,2019-02-27,2019-03-03,93,894,0,4,894,2019-02-28T07:09:02Z,matches_2018_event_724.csv
5173595,724,Indian Open,2018,2019-02-27,2019-03-03,23,15,0,4,15,2019-02-28T07:45:40Z,matches_2018_event_724.csv
5173598,724,Indian Open,2018,2019-02-27,2019-03-03,2441,25,0,4,25,2019-02-28T08:07:31Z,matches_2018_event_724.csv
5173596,724,Indian Open,2018,2019-02-27,2019-03-03,1108,1509,4,1,1108,2019-02-28T08:33:13Z,matches_2018_event_724.csv
5173593,724,Indian Open,2018,2019-02-27,2019-03-03,217,125,4,2,217,2019-02-28T09:02:43Z,matches_2018_event_724.csv
5173579,724,Indian Open,2018,2019-02-27,2019-03-03,42,19,4,3,42,2019-02-28T09:39:38Z,matches_2018_event_724.csv
5173599,724,Indian Open,2018,2019-02-27,2019-03-03,131,947,4,3,131,2019-02-28T09:51:33Z,matches_2018_event_724.csv
5173589,724,Indian Open,2018,2019-02-27,2019-03-03,51,958,4,2,51,2019-02-28T13:33:31Z,matches_2018_event_724.csv
5173592,724,Indian Open,2018,2019-02-27,2019-03-03,906,905,3,4,905,2019-02-28T13:33:31Z,matches_2018_event_724.csv
5173602,724,Indian Open,2018,2019-02-27,2019-03-03,76,946,2,4,946,2019-02-28T13:33:31Z,matches_2018_event_724.csv
5173604,724,Indian Open,2018,2019-02-27,2019-03-03,520,97,2,4,97,2019-02-28T13:33:31Z,matches_2018_event_724.csv
5173586,724,Indian Open,2018,2019-02-27,2019-03-03,35,85,4,3,35,2019-02-28T15:18:57Z,matches_2018_event_724.csv
5173573,724,Indian Open,2018,2019-02-27,2019-03-03,237,448,4,0,237,2019-02-28T16:19:10Z,matches_2018_event_724.csv
5173601,724,Indian Open,2018,2019-02-27,2019-03-03,50,115,2,4,115,2019-02-28T16:19:10Z,matches_2018_event_724.csv
5173603,724,Indian Open,2018,2019-02-27,2019-03-03,1044,128,4,3,1044,2019-02-28T16:19:10Z,matches_2018_event_724.csv
5173794,724,Indian Open,2018,2019-02-27,2019-03-03,295,168,4,2,295,2019-03-01T05:30:03Z,matches_2018_event_724.csv
5173797,724,Indian Open,2018,2019-02-27,2019-03-03,1260,908,0,4,908,2019-03-01T05:30:03Z,matches_2018_event_724.csv
5173800,724,Indian Open,2018,2019-02-27,2019-03-03,51,620,4,2,51,2019-03-01T05:30:03Z,matches_2018_event_724.csv
5173801,724,Indian Open,2018,2019-02-27,2019-03-03,519,905,3,4,905,2019-03-01T05:30:03Z,matches_2018_event_724.csv
5173802,724,Indian Open,2018,2019-02-27,2019-03-03,217,52,1,4,52,2019-03-01T07:01:32Z,matches_2018_event_724.csv
5173792,724,Indian Open,2018,2019-02-27,2019-03-03,237,666,4,3,237,2019-03-01T07:36:05Z,matches_2018_event_724.csv
5173795,724,Indian Open,2018,2019-02-27,2019-03-03,42,109,1,4,109,2019-03-01T08:20:45Z,matches_2018_event_724.csv
5173806,724,Indian Open,2018,2019-02-27,2019-03-03,115,946,4,2,115,2019-03-01T08:40:26Z,matches_2018_event_724.csv
5173796,724,Indian Open,2018,2019-02-27,2019-03-03,30,526,4,2,30,2019-03-01T13:19:54Z,matches_2018_event_724.csv
5173803,724,Indian Open,2018,2019-02-27,2019-03-03,15,1108,4,2,15,2019-03-01T13:19:54Z,matches_2018_event_724.csv
5173805,724,Indian Open,2018,2019-02-27,2019-03-03,131,894,1,4,894,2019-03-01T13:19:54Z,matches_2018_event_724.csv
5173807,724,Indian Open,2018,2019-02-27,2019-03-03,1044,97,4,2,1044,2019-03-01T13:19:54Z,matches_2018_event_724.csv
5173793,724,Indian Open,2018,2019-02-27,2019-03-03,151,608,4,2,151,2019-03-01T15:36:21Z,matches_2018_event_724.csv
5173798,724,Indian Open,2018,2019-02-27,2019-03-03,47,35,4,0,47,2019-03-01T15:55:24Z,matches_2018_event_724.csv
5173799,724,Indian Open,2018,2019-02-27,2019-03-03,592,1934,4,3,592,2019-03-01T16:43:59Z,matches_2018_event_724.csv
5173804,724,Indian Open,2018,2019-02-27,2019-03-03,101,25,4,1,101,2019-03-01T16:43:59Z,matches_2018_event_724.csv
5173762,724,Indian Open,2018,2019-02-27,2019-03-03,237,151,4,1,237,2019-03-02T05:30:04Z,matches_2018_event_724.csv
5173763,724,Indian Open,2018,2019-02-27,2019-03-03,295,109,4,2,295,2019-03-02T05:30:04Z,matches_2018_event_724.csv
5173764,724,Indian Open,2018,2019-02-27,2019-03-03,30,908,3,4,908,2019-03-02T05:30:04Z,matches_2018_event_724.csv
5173766,724,Indian Open,2018,2019-02-27,2019-03-03,51,905,1,4,905,2019-03-02T05:30:04Z,matches_2018_event_724.csv
5173767,724,Indian Open,2018,2019-02-27,2019-03-03,52,15,3,4,15,2019-03-02T07:17:50Z,matches_2018_event_724.csv
5173765,724,Indian Open,2018,2019-02-27,2019-03-03,47,592,4,3,47,2019-03-02T07:21:06Z,matches_2018_event_724.csv
5173769,724,Indian Open,2018,2019-02-27,2019-03-03,115,1044,4,2,115,2019-03-02T07:36:24Z,matches_2018_event_724.csv
5173768,724,Indian Open,2018,2019-02-27,2019-03-03,101,894,3,4,894,2019-03-02T08:49:35Z,matches_2018_event_724.csv
5173770,724,Indian Open,2018,2019-02-27,2019-03-03,237,295,4,3,237,2019-03-02T13:35:07Z,matches_2018_event_724.csv
5173772,724,Indian Open,2018,2019-02-27,2019-03-03,905,15,4,2,905,2019-03-02T13:35:07Z,matches_2018_event_724.csv
5173773,724,Indian Open,2018,2019-02-27,2019-03-03,894,115,2,4,115,2019-03-02T15:50:51Z,matches_2018_event_724.csv
5173771,724,Indian Open,2018,2019-02-27,2019-03-03,908,47,3,4,47,2019-03-02T16:10:22Z,matches_2018_event_724.csv
5173686,724,Indian Open,2018,2019-02-27,2019-03-03,237,47,2,4,47,2019-03-03T05:29:35Z,matches_2018_event_724.csv
5173687,724,Indian Open,2018,2019-02-27,2019-03-03,905,115,4,2,905,2019-03-03T08:26:59Z,matches_2018_event_724.csv
8324499,724,Indian Open,2018,2019-02-27,2019-03-03,47,905,5,3,47,2019-03-03T13:28:58Z,matches_2018_event_724.csv
4814081,725,China Championship,2018,2018-09-24,2018-09-30,905,39,0,0,905,2018-09-20T13:16:36Z,matches_2018_event_725.csv
4814077,725,China Championship,2018,2018-09-24,2018-09-30,8,14,5,0,8,2018-09-24T01:15:16Z,matches_2018_event_725.csv
4814080,725,China Championship,2018,2018-09-24,2018-09-30,48,168,1,5,168,2018-09-24T01:15:16Z,matches_2018_event_725.csv
4814082,725,China Championship,2018,2018-09-24,2018-09-30,15,24,0,5,24,2018-09-24T06:35:53Z,matches_2018_event_725.csv
4814085,725,China Championship,2018,2018-09-24,2018-09-30,115,10,4,5,10,2018-09-24T06:35:53Z,matches_2018_event_725.csv
4814086,725,China Championship,2018,2018-09-24,2018-09-30,30,42,5,3,30,2018-09-24T06:35:53Z,matches_2018_event_725.csv
4814088,725,China Championship,2018,2018-09-24,2018-09-30,61,85,3,5,85,2018-09-24T06:35:53Z,matches_2018_event_725.csv
4814089,725,China Championship,2018,2018-09-24,2018-09-30,894,2,5,2,894,2018-09-24T06:35:53Z,matches_2018_event_725.csv
4814097,725,China Championship,2018,2018-09-24,2018-09-30,47,202,1,5,202,2018-09-24T06:35:53Z,matches_2018_event_725.csv
4814090,725,China Championship,2018,2018-09-24,2018-09-30,306,171,5,4,306,2018-09-24T11:30:30Z,matches_2018_event_725.csv
4814091,725,China Championship,2018,2018-09-24,2018-09-30,26,237,3,5,237,2018-09-24T11:30:30Z,matches_2018_event_725.csv
4814095,725,China Championship,2018,2018-09-24,2018-09-30,118,666,3,5,666,2018-09-24T11:30:30Z,matches_2018_event_725.csv
4814096,725,China Championship,2018,2018-09-24,2018-09-30,109,28,3,5,28,2018-09-24T11:30:30Z,matches_2018_event_725.csv
4814098,725,China Championship,2018,2018-09-24,2018-09-30,239,1108,2,5,1108,2018-09-24T11:30:30Z,matches_2018_event_725.csv
4814102,725,China Championship,2018,2018-09-24,2018-09-30,154,38,5,2,154,2018-09-24T11:30:30Z,matches_2018_event_725.csv
4814104,725,China Championship,2018,2018-09-24,2018-09-30,63,158,5,1,63,2018-09-24T11:30:30Z,matches_2018_event_725.csv
4814084,725,China Championship,2018,2018-09-24,2018-09-30,12,917,5,0,12,2018-09-25T06:36:47Z,matches_2018_event_725.csv
4814087,725,China Championship,2018,2018-09-24,2018-09-30,1260,1044,5,4,1260,2018-09-25T06:36:47Z,matches_2018_event_725.csv
4814092,725,China Championship,2018,2018-09-24,2018-09-30,17,1763,5,3,17,2018-09-25T06:36:47Z,matches_2018_event_725.csv
4814093,725,China Championship,2018,2018-09-24,2018-09-30,92,1981,3,5,1981,2018-09-25T06:36:47Z,matches_2018_event_725.csv
4814094,725,China Championship,2018,2018-09-24,2018-09-30,68,54,5,1,68,2018-09-25T06:36:47Z,matches_2018_event_725.csv
4814100,725,China Championship,2018,2018-09-24,2018-09-30,16,724,5,3,16,2018-09-25T06:36:47Z,matches_2018_event_725.csv
4814101,725,China Championship,2018,2018-09-24,2018-09-30,1407,208,2,5,208,2018-09-25T06:36:47Z,matches_2018_event_725.csv
4814103,725,China Championship,2018,2018-09-24,2018-09-30,52,128,5,4,52,2018-09-25T06:36:47Z,matches_2018_event_725.csv
4814076,725,China Championship,2018,2018-09-24,2018-09-30,101,120,3,5,120,2018-09-25T11:31:23Z,matches_2018_event_725.csv
4814078,725,China Championship,2018,2018-09-24,2018-09-30,4,81,3,5,81,2018-09-25T11:31:23Z,matches_2018_event_725.csv
4814079,725,China Championship,2018,2018-09-24,2018-09-30,200,526,5,3,200,2018-09-25T11:31:23Z,matches_2018_event_725.csv
4814083,725,China Championship,2018,2018-09-24,2018-09-30,45,97,1,5,97,2018-09-25T11:31:23Z,matches_2018_event_725.csv
4814099,725,China Championship,2018,2018-09-24,2018-09-30,32,224,1,5,224,2018-09-25T11:31:23Z,matches_2018_event_725.csv
4814105,725,China Championship,2018,2018-09-24,2018-09-30,946,22,5,4,946,2018-09-25T11:31:23Z,matches_2018_event_725.csv
4814106,725,China Championship,2018,2018-09-24,2018-09-30,546,1237,5,2,546,2018-09-25T11:31:23Z,matches_2018_event_725.csv
4814107,725,China Championship,2018,2018-09-24,2018-09-30,170,1,0,5,1,2018-09-25T11:31:23Z,matches_2018_event_725.csv
4813996,725,China Championship,2018,2018-09-24,2018-09-30,120,8,5,4,120,2018-09-26T06:21:17Z,matches_2018_event_725.csv
4813997,725,China Championship,2018,2018-09-24,2018-09-30,81,200,2,5,200,2018-09-26T06:21:17Z,matches_2018_event_725.csv
4813998,725,China Championship,2018,2018-09-24,2018-09-30,168,905,3,5,905,2018-09-26T06:21:17Z,matches_2018_event_725.csv
4813999,725,China Championship,2018,2018-09-24,2018-09-30,24,97,2,5,97,2018-09-26T06:21:17Z,matches_2018_event_725.csv
4814000,725,China Championship,2018,2018-09-24,2018-09-30,12,10,5,2,12,2018-09-26T06:21:17Z,matches_2018_event_725.csv
4814001,725,China Championship,2018,2018-09-24,2018-09-30,30,1260,2,5,1260,2018-09-26T06:21:17Z,matches_2018_event_725.csv
4814002,725,China Championship,2018,2018-09-24,2018-09-30,85,894,3,5,894,2018-09-26T06:21:17Z,matches_2018_event_725.csv
4814003,725,China Championship,2018,2018-09-24,2018-09-30,306,237,4,5,237,2018-09-26T06:21:17Z,matches_2018_event_725.csv
4814004,725,China Championship,2018,2018-09-24,2018-09-30,17,1981,5,1,17,2018-09-26T11:23:51Z,matches_2018_event_725.csv
4814005,725,China Championship,2018,2018-09-24,2018-09-30,68,666,3,5,666,2018-09-26T11:23:51Z,matches_2018_event_725.csv
4814006,725,China Championship,2018,2018-09-24,2018-09-30,28,202,5,1,28,2018-09-26T11:23:51Z,matches_2018_event_725.csv
4814007,725,China Championship,2018,2018-09-24,2018-09-30,1108,224,5,4,1108,2018-09-26T11:23:51Z,matches_2018_event_725.csv
4814008,725,China Championship,2018,2018-09-24,2018-09-30,16,208,5,4,16,2018-09-26T11:23:51Z,matches_2018_event_725.csv
4814009,725,China Championship,2018,2018-09-24,2018-09-30,154,52,2,5,52,2018-09-26T11:23:51Z,matches_2018_event_725.csv
4814010,725,China Championship,2018,2018-09-24,2018-09-30,63,946,2,5,946,2018-09-26T11:23:51Z,matches_2018_event_725.csv
4814011,725,China Championship,2018,2018-09-24,2018-09-30,546,1,2,5,1,2018-09-26T11:23:51Z,matches_2018_event_725.csv
4813958,725,China Championship,2018,2018-09-24,2018-09-30,120,200,5,2,120,2018-09-27T06:37:52Z,matches_2018_event_725.csv
4813959,725,China Championship,2018,2018-09-24,2018-09-30,905,97,5,3,905,2018-09-27T06:37:52Z,matches_2018_event_725.csv
4813960,725,China Championship,2018,2018-09-24,2018-09-30,12,1260,5,1,12,2018-09-27T06:37:52Z,matches_2018_event_725.csv
4813961,725,China Championship,2018,2018-09-24,2018-09-30,894,237,3,5,237,2018-09-27T06:37:52Z,matches_2018_event_725.csv
4813962,725,China Championship,2018,2018-09-24,2018-09-30,17,666,5,3,17,2018-09-27T11:18:43Z,matches_2018_event_725.csv
4813963,725,China Championship,2018,2018-09-24,2018-09-30,28,1108,3,5,1108,2018-09-27T11:18:43Z,matches_2018_event_725.csv
4813964,725,China Championship,2018,2018-09-24,2018-09-30,16,52,5,2,16,2018-09-27T11:18:43Z,matches_2018_event_725.csv
4813965,725,China Championship,2018,2018-09-24,2018-09-30,946,1,5,3,946,2018-09-27T11:18:43Z,matches_2018_event_725.csv
4813976,725,China Championship,2018,2018-09-24,2018-09-30,120,905,1,5,905,2018-09-28T06:31:28Z,matches_2018_event_725.csv
4813977,725,China Championship,2018,2018-09-24,2018-09-30,12,237,3,5,237,2018-09-28T06:31:28Z,matches_2018_event_725.csv
4813978,725,China Championship,2018,2018-09-24,2018-09-30,17,1108,5,2,17,2018-09-28T11:34:08Z,matches_2018_event_725.csv
4813979,725,China Championship,2018,2018-09-24,2018-09-30,16,946,4,5,946,2018-09-28T11:34:08Z,matches_2018_event_725.csv
4813974,725,China Championship,2018,2018-09-24,2018-09-30,905,237,3,6,237,2018-09-29T05:59:41Z,matches_2018_event_725.csv
4813975,725,China Championship,2018,2018-09-24,2018-09-30,17,946,6,4,17,2018-09-29T11:33:49Z,matches_2018_event_725.csv
4814177,725,China Championship,2018,2018-09-24,2018-09-30,237,17,9,10,17,2018-09-30T06:14:44Z,matches_2018_event_725.csv
4890753,726,European Masters,2018,2018-10-01,2018-10-07,237,1509,0,0,1509,2018-09-30T13:53:43Z,matches_2018_event_726.csv
4890760,726,European Masters,2018,2018-10-01,2018-10-07,666,620,0,0,620,2018-09-30T13:53:43Z,matches_2018_event_726.csv
4890746,726,European Masters,2018,2018-10-01,2018-10-07,218,295,4,3,218,2018-10-01T11:01:24Z,matches_2018_event_726.csv
4890749,726,European Masters,2018,2018-10-01,2018-10-07,592,168,1,4,168,2018-10-01T11:01:24Z,matches_2018_event_726.csv
4890766,726,European Masters,2018,2018-10-01,2018-10-07,1044,30,1,4,30,2018-10-01T11:01:24Z,matches_2018_event_726.csv
4890747,726,European Masters,2018,2018-10-01,2018-10-07,4,63,3,4,63,2018-10-01T12:58:55Z,matches_2018_event_726.csv
4890754,726,European Masters,2018,2018-10-01,2018-10-07,115,2134,4,1,115,2018-10-01T13:09:30Z,matches_2018_event_726.csv
4890752,726,European Masters,2018,2018-10-01,2018-10-07,217,39,1,4,39,2018-10-01T13:45:35Z,matches_2018_event_726.csv
4890751,726,European Masters,2018,2018-10-01,2018-10-07,497,26,2,4,26,2018-10-01T14:13:57Z,matches_2018_event_726.csv
4890758,726,European Masters,2018,2018-10-01,2018-10-07,37,23,4,0,37,2018-10-01T17:02:15Z,matches_2018_event_726.csv
4890763,726,European Masters,2018,2018-10-01,2018-10-07,68,1108,4,1,68,2018-10-01T17:02:15Z,matches_2018_event_726.csv
4890759,726,European Masters,2018,2018-10-01,2018-10-07,81,239,4,3,81,2018-10-01T18:03:15Z,matches_2018_event_726.csv
4890757,726,European Masters,2018,2018-10-01,2018-10-07,448,85,1,4,85,2018-10-01T18:14:07Z,matches_2018_event_726.csv
4890774,726,European Masters,2018,2018-10-01,2018-10-07,1186,22,3,4,22,2018-10-01T18:59:13Z,matches_2018_event_726.csv
4890750,726,European Masters,2018,2018-10-01,2018-10-07,25,154,4,2,25,2018-10-02T08:02:41Z,matches_2018_event_726.csv
4890756,726,European Masters,2018,2018-10-01,2018-10-07,1260,44,3,4,44,2018-10-02T08:02:41Z,matches_2018_event_726.csv
4890770,726,European Masters,2018,2018-10-01,2018-10-07,898,520,4,2,898,2018-10-02T08:02:41Z,matches_2018_event_726.csv
4890773,726,European Masters,2018,2018-10-01,2018-10-07,42,158,1,4,158,2018-10-02T08:02:41Z,matches_2018_event_726.csv
4890748,726,European Masters,2018,2018-10-01,2018-10-07,200,21,4,3,200,2018-10-02T11:03:27Z,matches_2018_event_726.csv
4890762,726,European Masters,2018,2018-10-01,2018-10-07,894,15,2,4,15,2018-10-02T11:03:27Z,matches_2018_event_726.csv
4890765,726,European Masters,2018,2018-10-01,2018-10-07,946,28,1,4,28,2018-10-02T11:56:13Z,matches_2018_event_726.csv
4890767,726,European Masters,2018,2018-10-01,2018-10-07,50,62,1,4,62,2018-10-02T12:13:18Z,matches_2018_event_726.csv
4890745,726,European Masters,2018,2018-10-01,2018-10-07,12,45,4,0,12,2018-10-02T13:41:51Z,matches_2018_event_726.csv
4890764,726,European Masters,2018,2018-10-01,2018-10-07,118,608,3,4,608,2018-10-02T13:45:34Z,matches_2018_event_726.csv
4890755,726,European Masters,2018,2018-10-01,2018-10-07,101,1237,4,2,101,2018-10-02T13:56:58Z,matches_2018_event_726.csv
4890768,726,European Masters,2018,2018-10-01,2018-10-07,131,16,4,0,131,2018-10-02T17:10:24Z,matches_2018_event_726.csv
4890769,726,European Masters,2018,2018-10-01,2018-10-07,546,128,4,2,546,2018-10-02T17:10:24Z,matches_2018_event_726.csv
4890771,726,European Masters,2018,2018-10-01,2018-10-07,202,1323,4,1,202,2018-10-02T17:10:24Z,matches_2018_event_726.csv
4890775,726,European Masters,2018,2018-10-01,2018-10-07,170,906,0,4,906,2018-10-02T18:00:54Z,matches_2018_event_726.csv
4890761,726,European Masters,2018,2018-10-01,2018-10-07,17,109,4,1,17,2018-10-02T18:34:55Z,matches_2018_event_726.csv
4890776,726,European Masters,2018,2018-10-01,2018-10-07,93,947,4,3,93,2018-10-02T18:56:28Z,matches_2018_event_726.csv
4890772,726,European Masters,2018,2018-10-01,2018-10-07,90,74,4,3,90,2018-10-02T19:40:15Z,matches_2018_event_726.csv
4827519,726,European Masters,2018,2018-10-01,2018-10-07,546,898,2,4,898,2018-10-03T10:52:14Z,matches_2018_event_726.csv
4827520,726,European Masters,2018,2018-10-01,2018-10-07,202,90,4,2,202,2018-10-03T10:52:14Z,matches_2018_event_726.csv
4827521,726,European Masters,2018,2018-10-01,2018-10-07,158,22,3,4,22,2018-10-03T10:52:14Z,matches_2018_event_726.csv
4827522,726,European Masters,2018,2018-10-01,2018-10-07,906,93,3,4,93,2018-10-03T10:52:14Z,matches_2018_event_726.csv
4827516,726,European Masters,2018,2018-10-01,2018-10-07,68,608,4,3,68,2018-10-03T13:11:52Z,matches_2018_event_726.csv
4827515,726,European Masters,2018,2018-10-01,2018-10-07,17,15,4,2,17,2018-10-03T13:46:41Z,matches_2018_event_726.csv
4827518,726,European Masters,2018,2018-10-01,2018-10-07,62,131,4,2,62,2018-10-03T13:51:18Z,matches_2018_event_726.csv
4827517,726,European Masters,2018,2018-10-01,2018-10-07,28,30,4,0,28,2018-10-03T14:11:25Z,matches_2018_event_726.csv
4827507,726,European Masters,2018,2018-10-01,2018-10-07,12,218,2,4,218,2018-10-03T17:05:24Z,matches_2018_event_726.csv
4827508,726,European Masters,2018,2018-10-01,2018-10-07,63,200,2,4,200,2018-10-03T17:05:24Z,matches_2018_event_726.csv
4827509,726,European Masters,2018,2018-10-01,2018-10-07,168,25,4,3,168,2018-10-03T17:05:24Z,matches_2018_event_726.csv
4827510,726,European Masters,2018,2018-10-01,2018-10-07,26,39,2,4,39,2018-10-03T17:05:24Z,matches_2018_event_726.csv
4827511,726,European Masters,2018,2018-10-01,2018-10-07,1509,115,2,4,115,2018-10-03T19:21:11Z,matches_2018_event_726.csv
4827514,726,European Masters,2018,2018-10-01,2018-10-07,81,620,4,2,81,2018-10-03T19:36:25Z,matches_2018_event_726.csv
4827512,726,European Masters,2018,2018-10-01,2018-10-07,101,44,4,3,101,2018-10-03T19:45:52Z,matches_2018_event_726.csv
4827513,726,European Masters,2018,2018-10-01,2018-10-07,85,37,4,2,85,2018-10-03T20:04:09Z,matches_2018_event_726.csv
4827505,726,European Masters,2018,2018-10-01,2018-10-07,898,202,3,4,202,2018-10-04T10:51:24Z,matches_2018_event_726.csv
4827506,726,European Masters,2018,2018-10-01,2018-10-07,22,93,3,4,93,2018-10-04T10:51:24Z,matches_2018_event_726.csv
4827504,726,European Masters,2018,2018-10-01,2018-10-07,28,62,4,1,28,2018-10-04T14:11:46Z,matches_2018_event_726.csv
4827503,726,European Masters,2018,2018-10-01,2018-10-07,17,68,2,4,68,2018-10-04T14:20:06Z,matches_2018_event_726.csv
4827499,726,European Masters,2018,2018-10-01,2018-10-07,218,200,4,2,218,2018-10-04T16:57:38Z,matches_2018_event_726.csv
4827500,726,European Masters,2018,2018-10-01,2018-10-07,168,39,4,1,168,2018-10-04T16:57:38Z,matches_2018_event_726.csv
4827501,726,European Masters,2018,2018-10-01,2018-10-07,115,101,4,3,115,2018-10-04T19:03:38Z,matches_2018_event_726.csv
4827502,726,European Masters,2018,2018-10-01,2018-10-07,85,81,4,2,85,2018-10-04T20:31:34Z,matches_2018_event_726.csv
4827575,726,European Masters,2018,2018-10-01,2018-10-07,115,85,4,3,115,2018-10-05T10:49:29Z,matches_2018_event_726.csv
4827574,726,European Masters,2018,2018-10-01,2018-10-07,218,168,3,4,168,2018-10-05T13:28:23Z,matches_2018_event_726.csv
4827577,726,European Masters,2018,2018-10-01,2018-10-07,202,93,2,4,93,2018-10-05T17:03:29Z,matches_2018_event_726.csv
4827576,726,European Masters,2018,2018-10-01,2018-10-07,68,28,1,4,28,2018-10-05T19:26:58Z,matches_2018_event_726.csv
4827572,726,European Masters,2018,2018-10-01,2018-10-07,168,115,6,3,168,2018-10-06T10:55:24Z,matches_2018_event_726.csv
4827573,726,European Masters,2018,2018-10-01,2018-10-07,28,93,4,6,93,2018-10-06T16:56:59Z,matches_2018_event_726.csv
4837436,726,European Masters,2018,2018-10-01,2018-10-07,168,93,6,9,93,2018-10-07T10:53:26Z,matches_2018_event_726.csv
4909546,727,International Championship,2018,2018-10-28,2018-11-04,1108,39,6,2,1108,2018-10-28T01:24:31Z,matches_2018_event_727.csv
4909548,727,International Championship,2018,2018-10-28,2018-11-04,27,295,6,1,27,2018-10-28T01:24:31Z,matches_2018_event_727.csv
4909563,727,International Championship,2018,2018-10-28,2018-11-04,76,21,2,6,21,2018-10-28T01:24:31Z,matches_2018_event_727.csv
4909550,727,International Championship,2018,2018-10-28,2018-11-04,85,1044,6,1,85,2018-10-28T06:10:23Z,matches_2018_event_727.csv
4909542,727,International Championship,2018,2018-10-28,2018-11-04,22,128,4,6,128,2018-10-28T06:13:22Z,matches_2018_event_727.csv
4909560,727,International Championship,2018,2018-10-28,2018-11-04,9,58,6,4,9,2018-10-28T06:13:22Z,matches_2018_event_727.csv
4909543,727,International Championship,2018,2018-10-28,2018-11-04,15,168,3,6,168,2018-10-28T06:21:10Z,matches_2018_event_727.csv
4909545,727,International Championship,2018,2018-10-28,2018-11-04,1417,24,2,6,24,2018-10-28T06:21:10Z,matches_2018_event_727.csv
4909557,727,International Championship,2018,2018-10-28,2018-11-04,30,620,3,6,620,2018-10-28T06:21:10Z,matches_2018_event_727.csv
4909547,727,International Championship,2018,2018-10-28,2018-11-04,16,217,6,2,16,2018-10-28T11:34:11Z,matches_2018_event_727.csv
4909551,727,International Championship,2018,2018-10-28,2018-11-04,20,1260,0,6,1260,2018-10-28T11:34:11Z,matches_2018_event_727.csv
4909552,727,International Championship,2018,2018-10-28,2018-11-04,218,68,3,6,68,2018-10-28T11:34:11Z,matches_2018_event_727.csv
4909555,727,International Championship,2018,2018-10-28,2018-11-04,37,120,4,6,120,2018-10-28T11:34:11Z,matches_2018_event_727.csv
4909559,727,International Championship,2018,2018-10-28,2018-11-04,131,28,3,6,28,2018-10-28T11:34:11Z,matches_2018_event_727.csv
4909567,727,International Championship,2018,2018-10-28,2018-11-04,61,158,0,6,158,2018-10-28T11:34:11Z,matches_2018_event_727.csv
4909568,727,International Championship,2018,2018-10-28,2018-11-04,497,2,1,6,2,2018-10-28T11:34:11Z,matches_2018_event_727.csv
4909540,727,International Championship,2018,2018-10-28,2018-11-04,92,208,6,2,92,2018-10-29T06:35:07Z,matches_2018_event_727.csv
4909541,727,International Championship,2018,2018-10-28,2018-11-04,200,87,4,6,87,2018-10-29T06:35:07Z,matches_2018_event_727.csv
4909549,727,International Championship,2018,2018-10-28,2018-11-04,4,25,6,5,4,2018-10-29T06:35:07Z,matches_2018_event_727.csv
4909553,727,International Championship,2018,2018-10-28,2018-11-04,125,1237,6,4,125,2018-10-29T06:35:07Z,matches_2018_event_727.csv
4909554,727,International Championship,2018,2018-10-28,2018-11-04,44,12,0,6,12,2018-10-29T06:35:07Z,matches_2018_event_727.csv
4909556,727,International Championship,2018,2018-10-28,2018-11-04,8,93,6,3,8,2018-10-29T06:35:07Z,matches_2018_event_727.csv
4909562,727,International Championship,2018,2018-10-28,2018-11-04,81,224,4,6,224,2018-10-29T06:35:07Z,matches_2018_event_727.csv
4909566,727,International Championship,2018,2018-10-28,2018-11-04,52,666,3,6,666,2018-10-29T06:35:07Z,matches_2018_event_727.csv
4909539,727,International Championship,2018,2018-10-28,2018-11-04,17,170,6,0,17,2018-10-29T11:35:49Z,matches_2018_event_727.csv
4909544,727,International Championship,2018,2018-10-28,2018-11-04,47,154,1,6,154,2018-10-29T11:35:49Z,matches_2018_event_727.csv
4909558,727,International Championship,2018,2018-10-28,2018-11-04,118,526,6,2,118,2018-10-29T11:35:49Z,matches_2018_event_727.csv
4909561,727,International Championship,2018,2018-10-28,2018-11-04,946,193,6,5,946,2018-10-29T11:35:49Z,matches_2018_event_727.csv
4909564,727,International Championship,2018,2018-10-28,2018-11-04,998,19,6,5,998,2018-10-29T11:35:49Z,matches_2018_event_727.csv
4909565,727,International Championship,2018,2018-10-28,2018-11-04,202,45,6,5,202,2018-10-29T11:35:49Z,matches_2018_event_727.csv
4909569,727,International Championship,2018,2018-10-28,2018-11-04,1383,906,1,6,906,2018-10-29T11:35:49Z,matches_2018_event_727.csv
4909570,727,International Championship,2018,2018-10-28,2018-11-04,1763,1,6,3,1763,2018-10-29T11:35:49Z,matches_2018_event_727.csv
4909527,727,International Championship,2018,2018-10-28,2018-11-04,16,27,3,6,27,2018-10-30T06:30:05Z,matches_2018_event_727.csv
4909528,727,International Championship,2018,2018-10-28,2018-11-04,4,85,3,6,85,2018-10-30T06:30:05Z,matches_2018_event_727.csv
4909529,727,International Championship,2018,2018-10-28,2018-11-04,1260,68,6,5,1260,2018-10-30T06:30:05Z,matches_2018_event_727.csv
4909531,727,International Championship,2018,2018-10-28,2018-11-04,120,8,6,0,120,2018-10-30T06:30:05Z,matches_2018_event_727.csv
4909532,727,International Championship,2018,2018-10-28,2018-11-04,620,118,5,6,118,2018-10-30T06:30:05Z,matches_2018_event_727.csv
4909533,727,International Championship,2018,2018-10-28,2018-11-04,28,9,5,6,9,2018-10-30T06:30:05Z,matches_2018_event_727.csv
4909537,727,International Championship,2018,2018-10-28,2018-11-04,158,2,6,4,158,2018-10-30T06:30:05Z,matches_2018_event_727.csv
4909538,727,International Championship,2018,2018-10-28,2018-11-04,906,1763,4,6,1763,2018-10-30T06:30:05Z,matches_2018_event_727.csv
4909523,727,International Championship,2018,2018-10-28,2018-11-04,17,92,6,4,17,2018-10-30T11:36:08Z,matches_2018_event_727.csv
4909524,727,International Championship,2018,2018-10-28,2018-11-04,87,128,5,6,128,2018-10-30T11:36:08Z,matches_2018_event_727.csv
4909525,727,International Championship,2018,2018-10-28,2018-11-04,168,154,5,6,154,2018-10-30T11:36:08Z,matches_2018_event_727.csv
4909526,727,International Championship,2018,2018-10-28,2018-11-04,24,1108,1,6,1108,2018-10-30T11:36:08Z,matches_2018_event_727.csv
4909530,727,International Championship,2018,2018-10-28,2018-11-04,125,12,1,6,12,2018-10-30T11:36:08Z,matches_2018_event_727.csv
4909534,727,International Championship,2018,2018-10-28,2018-11-04,946,224,4,6,224,2018-10-30T11:36:08Z,matches_2018_event_727.csv
4909535,727,International Championship,2018,2018-10-28,2018-11-04,21,998,6,0,21,2018-10-30T11:36:08Z,matches_2018_event_727.csv
4909536,727,International Championship,2018,2018-10-28,2018-11-04,202,666,6,3,202,2018-10-30T11:36:08Z,matches_2018_event_727.csv
4909115,727,International Championship,2018,2018-10-28,2018-11-04,17,128,6,3,17,2018-10-31T06:34:03Z,matches_2018_event_727.csv
4909117,727,International Championship,2018,2018-10-28,2018-11-04,27,85,5,6,85,2018-10-31T06:34:03Z,matches_2018_event_727.csv
4909118,727,International Championship,2018,2018-10-28,2018-11-04,1260,12,1,6,12,2018-10-31T06:34:03Z,matches_2018_event_727.csv
4909119,727,International Championship,2018,2018-10-28,2018-11-04,120,118,6,1,120,2018-10-31T06:34:03Z,matches_2018_event_727.csv
4909116,727,International Championship,2018,2018-10-28,2018-11-04,154,1108,6,4,154,2018-10-31T11:34:19Z,matches_2018_event_727.csv
4909120,727,International Championship,2018,2018-10-28,2018-11-04,9,224,6,5,9,2018-10-31T11:34:19Z,matches_2018_event_727.csv
4909121,727,International Championship,2018,2018-10-28,2018-11-04,21,202,1,6,202,2018-10-31T11:34:19Z,matches_2018_event_727.csv
4909122,727,International Championship,2018,2018-10-28,2018-11-04,158,1763,6,4,158,2018-10-31T11:34:19Z,matches_2018_event_727.csv
4909302,727,International Championship,2018,2018-10-28,2018-11-04,85,12,6,2,85,2018-11-01T06:32:13Z,matches_2018_event_727.csv
4909304,727,International Championship,2018,2018-10-28,2018-11-04,202,158,6,0,202,2018-11-01T06:32:13Z,matches_2018_event_727.csv
4909301,727,International Championship,2018,2018-10-28,2018-11-04,17,154,4,6,154,2018-11-01T11:30:36Z,matches_2018_event_727.csv
4909303,727,International Championship,2018,2018-10-28,2018-11-04,120,9,5,6,9,2018-11-01T11:30:36Z,matches_2018_event_727.csv
4910601,727,International Championship,2018,2018-10-28,2018-11-04,9,202,6,9,202,2018-11-02T06:00:17Z,matches_2018_event_727.csv
4910600,727,International Championship,2018,2018-10-28,2018-11-04,154,85,9,7,154,2018-11-03T06:00:46Z,matches_2018_event_727.csv
4909573,727,International Championship,2018,2018-10-28,2018-11-04,154,202,5,10,202,2018-11-04T06:03:40Z,matches_2018_event_727.csv
4910325,728,Champion of Champions,2018,2018-11-05,2018-11-11,97,93,4,2,97,2018-11-05T13:00:07Z,matches_2018_event_728.csv
4910326,728,Champion of Champions,2018,2018-11-05,2018-11-11,224,497,4,2,224,2018-11-05T14:50:25Z,matches_2018_event_728.csv
4910333,728,Champion of Champions,2018,2018-11-05,2018-11-11,97,224,6,3,97,2018-11-05T18:43:32Z,matches_2018_event_728.csv
4910328,728,Champion of Champions,2018,2018-11-05,2018-11-11,5,30,4,2,5,2018-11-06T13:00:22Z,matches_2018_event_728.csv
4910327,728,Champion of Champions,2018,2018-11-05,2018-11-11,237,68,4,3,237,2018-11-06T14:56:38Z,matches_2018_event_728.csv
4910334,728,Champion of Champions,2018,2018-11-05,2018-11-11,237,5,3,6,5,2018-11-06T18:58:22Z,matches_2018_event_728.csv
4910329,728,Champion of Champions,2018,2018-11-05,2018-11-11,1,39,1,4,39,2018-11-07T12:52:19Z,matches_2018_event_728.csv
4910330,728,Champion of Champions,2018,2018-11-05,2018-11-11,12,101,4,1,12,2018-11-07T14:56:29Z,matches_2018_event_728.csv
4910335,728,Champion of Champions,2018,2018-11-05,2018-11-11,39,12,6,1,39,2018-11-07T19:04:16Z,matches_2018_event_728.csv
4910332,728,Champion of Champions,2018,2018-11-05,2018-11-11,17,154,3,4,154,2018-11-08T12:58:50Z,matches_2018_event_728.csv
4910331,728,Champion of Champions,2018,2018-11-05,2018-11-11,16,202,2,4,202,2018-11-08T15:48:48Z,matches_2018_event_728.csv
4910336,728,Champion of Champions,2018,2018-11-05,2018-11-11,202,154,6,1,202,2018-11-08T19:03:12Z,matches_2018_event_728.csv
4910427,728,Champion of Champions,2018,2018-11-05,2018-11-11,97,5,3,6,5,2018-11-09T18:50:19Z,matches_2018_event_728.csv
4910428,728,Champion of Champions,2018,2018-11-05,2018-11-11,39,202,6,5,39,2018-11-10T22:08:02Z,matches_2018_event_728.csv
4910602,728,Champion of Champions,2018,2018-11-05,2018-11-11,5,39,10,9,5,2018-11-11T13:00:34Z,matches_2018_event_728.csv
4989760,729,UK Championship,2018,2018-11-27,2018-12-09,1108,170,2,6,170,2018-11-27T14:18:14Z,matches_2018_event_729.csv
4989761,729,UK Championship,2018,2018-11-27,2018-12-09,906,1934,6,1,906,2018-11-27T14:18:14Z,matches_2018_event_729.csv
4989764,729,UK Championship,2018,2018-11-27,2018-12-09,497,1237,0,6,1237,2018-11-27T14:18:14Z,matches_2018_event_729.csv
4989765,729,UK Championship,2018,2018-11-27,2018-12-09,85,2134,6,1,85,2018-11-27T14:18:14Z,matches_2018_event_729.csv
4989767,729,UK Championship,2018,2018-11-27,2018-12-09,905,218,4,6,218,2018-11-27T14:18:14Z,matches_2018_event_729.csv
4989769,729,UK Championship,2018,2018-11-27,2018-12-09,120,1407,6,4,120,2018-11-27T14:18:14Z,matches_2018_event_729.csv
4989774,729,UK Championship,2018,2018-11-27,2018-12-09,224,104,6,1,224,2018-11-27T14:18:14Z,matches_2018_event_729.csv
4989811,729,UK Championship,2018,2018-11-27,2018-12-09,154,412,6,2,154,2018-11-27T14:18:14Z,matches_2018_event_729.csv
4989771,729,UK Championship,2018,2018-11-27,2018-12-09,19,21,6,3,19,2018-11-27T19:32:28Z,matches_2018_event_729.csv
4989773,729,UK Championship,2018,2018-11-27,2018-12-09,47,947,6,2,47,2018-11-27T19:32:28Z,matches_2018_event_729.csv
4989776,729,UK Championship,2018,2018-11-27,2018-12-09,33,38,6,4,33,2018-11-27T19:32:28Z,matches_2018_event_729.csv
4989782,729,UK Championship,2018,2018-11-27,2018-12-09,125,933,6,1,125,2018-11-27T19:32:28Z,matches_2018_event_729.csv
4989802,729,UK Championship,2018,2018-11-27,2018-12-09,39,123,6,0,39,2018-11-27T19:32:28Z,matches_2018_event_729.csv
4989775,729,UK Championship,2018,2018-11-27,2018-12-09,12,998,6,0,12,2018-11-27T19:33:25Z,matches_2018_event_729.csv
4989788,729,UK Championship,2018,2018-11-27,2018-12-09,92,621,6,1,92,2018-11-27T19:33:25Z,matches_2018_event_729.csv
4989793,729,UK Championship,2018,2018-11-27,2018-12-09,62,90,5,6,90,2018-11-27T19:33:25Z,matches_2018_event_729.csv
4989763,729,UK Championship,2018,2018-11-27,2018-12-09,4,593,6,0,4,2018-11-28T09:29:49Z,matches_2018_event_729.csv
4989768,729,UK Championship,2018,2018-11-27,2018-12-09,93,58,6,4,93,2018-11-28T09:29:49Z,matches_2018_event_729.csv
4989778,729,UK Championship,2018,2018-11-27,2018-12-09,295,520,6,3,295,2018-11-28T09:29:49Z,matches_2018_event_729.csv
4989780,729,UK Championship,2018,2018-11-27,2018-12-09,25,14,6,2,25,2018-11-28T09:29:49Z,matches_2018_event_729.csv
4989783,729,UK Championship,2018,2018-11-27,2018-12-09,48,1101,6,3,48,2018-11-28T09:29:49Z,matches_2018_event_729.csv
4989785,729,UK Championship,2018,2018-11-27,2018-12-09,45,549,6,4,45,2018-11-28T09:29:49Z,matches_2018_event_729.csv
4989795,729,UK Championship,2018,2018-11-27,2018-12-09,30,193,6,0,30,2018-11-28T09:29:49Z,matches_2018_event_729.csv
4989820,729,UK Championship,2018,2018-11-27,2018-12-09,115,177,1,6,177,2018-11-28T09:29:49Z,matches_2018_event_729.csv
4989770,729,UK Championship,2018,2018-11-27,2018-12-09,97,910,3,6,910,2018-11-28T14:10:01Z,matches_2018_event_729.csv
4989779,729,UK Championship,2018,2018-11-27,2018-12-09,68,1038,2,6,1038,2018-11-28T14:10:01Z,matches_2018_event_729.csv
4989781,729,UK Championship,2018,2018-11-27,2018-12-09,168,526,6,0,168,2018-11-28T14:10:01Z,matches_2018_event_729.csv
4989787,729,UK Championship,2018,2018-11-27,2018-12-09,8,131,6,5,8,2018-11-28T14:10:01Z,matches_2018_event_729.csv
4989789,729,UK Championship,2018,2018-11-27,2018-12-09,44,239,6,1,44,2018-11-28T14:10:01Z,matches_2018_event_729.csv
4989792,729,UK Championship,2018,2018-11-27,2018-12-09,1763,620,6,5,1763,2018-11-28T14:10:01Z,matches_2018_event_729.csv
4989794,729,UK Championship,2018,2018-11-27,2018-12-09,171,35,5,6,35,2018-11-28T14:10:01Z,matches_2018_event_729.csv
4989813,729,UK Championship,2018,2018-11-27,2018-12-09,52,592,6,2,52,2018-11-28T14:10:01Z,matches_2018_event_729.csv
4989790,729,UK Championship,2018,2018-11-27,2018-12-09,237,582,6,5,237,2018-11-28T19:30:49Z,matches_2018_event_729.csv
4989797,729,UK Championship,2018,2018-11-27,2018-12-09,118,724,6,3,118,2018-11-28T19:30:49Z,matches_2018_event_729.csv
4989799,729,UK Championship,2018,2018-11-27,2018-12-09,128,23,1,6,23,2018-11-28T19:30:49Z,matches_2018_event_729.csv
4989801,729,UK Championship,2018,2018-11-27,2018-12-09,54,26,6,4,54,2018-11-28T19:30:49Z,matches_2018_event_729.csv
4989803,729,UK Championship,2018,2018-11-27,2018-12-09,546,616,6,4,546,2018-11-28T19:30:49Z,matches_2018_event_729.csv
4989807,729,UK Championship,2018,2018-11-27,2018-12-09,202,2101,6,2,202,2018-11-28T19:30:49Z,matches_2018_event_729.csv
4989809,729,UK Championship,2018,2018-11-27,2018-12-09,27,982,6,1,27,2018-11-28T19:30:49Z,matches_2018_event_729.csv
4989812,729,UK Championship,2018,2018-11-27,2018-12-09,217,20,6,3,217,2018-11-28T19:30:49Z,matches_2018_event_729.csv
4989772,729,UK Championship,2018,2018-11-27,2018-12-09,24,552,6,4,24,2018-11-29T09:30:17Z,matches_2018_event_729.csv
4989786,729,UK Championship,2018,2018-11-27,2018-12-09,101,1417,6,4,101,2018-11-29T09:30:17Z,matches_2018_event_729.csv
4989800,729,UK Championship,2018,2018-11-27,2018-12-09,1260,1082,6,1,1260,2018-11-29T09:30:17Z,matches_2018_event_729.csv
4989805,729,UK Championship,2018,2018-11-27,2018-12-09,96,87,5,6,87,2018-11-29T09:30:17Z,matches_2018_event_729.csv
4989808,729,UK Championship,2018,2018-11-27,2018-12-09,50,37,6,3,50,2018-11-29T09:30:17Z,matches_2018_event_729.csv
4989810,729,UK Championship,2018,2018-11-27,2018-12-09,666,1323,6,5,666,2018-11-29T09:30:17Z,matches_2018_event_729.csv
4989814,729,UK Championship,2018,2018-11-27,2018-12-09,9,898,6,4,9,2018-11-29T09:30:17Z,matches_2018_event_729.csv
4989818,729,UK Championship,2018,2018-11-27,2018-12-09,2,1567,6,3,2,2018-11-29T09:30:17Z,matches_2018_event_729.csv
4989759,729,UK Championship,2018,2018-11-27,2018-12-09,5,519,6,1,5,2018-11-29T14:33:07Z,matches_2018_event_729.csv
4989762,729,UK Championship,2018,2018-11-27,2018-12-09,15,109,6,4,15,2018-11-29T14:33:07Z,matches_2018_event_729.csv
4989766,729,UK Championship,2018,2018-11-27,2018-12-09,63,306,5,6,306,2018-11-29T14:33:07Z,matches_2018_event_729.csv
4989777,729,UK Championship,2018,2018-11-27,2018-12-09,28,608,6,5,28,2018-11-29T14:33:07Z,matches_2018_event_729.csv
4989798,729,UK Championship,2018,2018-11-27,2018-12-09,42,1186,6,2,42,2018-11-29T14:33:07Z,matches_2018_event_729.csv
4989804,729,UK Championship,2018,2018-11-27,2018-12-09,200,76,5,6,76,2018-11-29T14:33:07Z,matches_2018_event_729.csv
4989806,729,UK Championship,2018,2018-11-27,2018-12-09,16,106,6,0,16,2018-11-29T14:33:07Z,matches_2018_event_729.csv
4989815,729,UK Championship,2018,2018-11-27,2018-12-09,1044,448,6,1,1044,2018-11-29T14:33:07Z,matches_2018_event_729.csv
4989784,729,UK Championship,2018,2018-11-27,2018-12-09,22,908,5,6,908,2018-11-29T19:17:53Z,matches_2018_event_729.csv
4989791,729,UK Championship,2018,2018-11-27,2018-12-09,17,151,3,6,151,2018-11-29T19:17:53Z,matches_2018_event_729.csv
4989796,729,UK Championship,2018,2018-11-27,2018-12-09,61,81,6,3,61,2018-11-29T19:17:53Z,matches_2018_event_729.csv
4989816,729,UK Championship,2018,2018-11-27,2018-12-09,158,1509,6,3,158,2018-11-29T19:17:53Z,matches_2018_event_729.csv
4989817,729,UK Championship,2018,2018-11-27,2018-12-09,894,958,6,3,894,2018-11-29T19:17:53Z,matches_2018_event_729.csv
4989819,729,UK Championship,2018,2018-11-27,2018-12-09,208,1762,6,1,208,2018-11-29T19:17:53Z,matches_2018_event_729.csv
4989821,729,UK Championship,2018,2018-11-27,2018-12-09,32,946,6,5,32,2018-11-29T19:17:53Z,matches_2018_event_729.csv
4989822,729,UK Championship,2018,2018-11-27,2018-12-09,1,74,6,2,1,2018-11-29T19:17:53Z,matches_2018_event_729.csv
4989728,729,UK Championship,2018,2018-11-27,2018-12-09,906,15,6,4,906,2018-12-01T13:00:30Z,matches_2018_event_729.csv
4989730,729,UK Championship,2018,2018-11-27,2018-12-09,85,306,6,1,85,2018-12-01T13:00:30Z,matches_2018_event_729.csv
4989731,729,UK Championship,2018,2018-11-27,2018-12-09,218,93,6,2,218,2018-12-01T13:00:30Z,matches_2018_event_729.csv
4989733,729,UK Championship,2018,2018-11-27,2018-12-09,19,24,3,6,24,2018-12-01T13:00:30Z,matches_2018_event_729.csv
4989742,729,UK Championship,2018,2018-11-27,2018-12-09,44,237,6,5,44,2018-12-01T13:00:30Z,matches_2018_event_729.csv
4989753,729,UK Championship,2018,2018-11-27,2018-12-09,154,217,6,3,154,2018-12-01T13:00:30Z,matches_2018_event_729.csv
4989756,729,UK Championship,2018,2018-11-27,2018-12-09,894,2,4,6,2,2018-12-01T13:00:30Z,matches_2018_event_729.csv
4989758,729,UK Championship,2018,2018-11-27,2018-12-09,32,1,0,6,1,2018-12-01T13:00:30Z,matches_2018_event_729.csv
4989736,729,UK Championship,2018,2018-11-27,2018-12-09,28,295,6,2,28,2018-12-01T19:04:07Z,matches_2018_event_729.csv
4989738,729,UK Championship,2018,2018-11-27,2018-12-09,168,125,6,1,168,2018-12-01T19:04:07Z,matches_2018_event_729.csv
4989739,729,UK Championship,2018,2018-11-27,2018-12-09,48,908,4,6,908,2018-12-01T19:04:07Z,matches_2018_event_729.csv
4989741,729,UK Championship,2018,2018-11-27,2018-12-09,8,92,6,5,8,2018-12-01T19:04:07Z,matches_2018_event_729.csv
4989743,729,UK Championship,2018,2018-11-27,2018-12-09,151,1763,5,6,1763,2018-12-01T19:04:07Z,matches_2018_event_729.csv
4989745,729,UK Championship,2018,2018-11-27,2018-12-09,30,61,6,5,30,2018-12-01T19:04:07Z,matches_2018_event_729.csv
4989748,729,UK Championship,2018,2018-11-27,2018-12-09,54,39,2,6,39,2018-12-01T19:04:07Z,matches_2018_event_729.csv
4989750,729,UK Championship,2018,2018-11-27,2018-12-09,87,16,0,6,16,2018-12-01T19:04:07Z,matches_2018_event_729.csv
4989732,729,UK Championship,2018,2018-11-27,2018-12-09,120,910,6,2,120,2018-12-02T13:03:01Z,matches_2018_event_729.csv
4989744,729,UK Championship,2018,2018-11-27,2018-12-09,90,35,6,5,90,2018-12-02T13:03:01Z,matches_2018_event_729.csv
4989747,729,UK Championship,2018,2018-11-27,2018-12-09,23,1260,1,6,1260,2018-12-02T13:03:01Z,matches_2018_event_729.csv
4989749,729,UK Championship,2018,2018-11-27,2018-12-09,546,76,6,3,546,2018-12-02T13:03:01Z,matches_2018_event_729.csv
4989727,729,UK Championship,2018,2018-11-27,2018-12-09,5,170,6,5,5,2018-12-02T13:05:41Z,matches_2018_event_729.csv
4989734,729,UK Championship,2018,2018-11-27,2018-12-09,47,224,5,6,224,2018-12-02T13:05:41Z,matches_2018_event_729.csv
4989740,729,UK Championship,2018,2018-11-27,2018-12-09,45,101,5,6,101,2018-12-02T13:05:41Z,matches_2018_event_729.csv
4989746,729,UK Championship,2018,2018-11-27,2018-12-09,118,42,6,4,118,2018-12-02T13:05:41Z,matches_2018_event_729.csv
4989729,729,UK Championship,2018,2018-11-27,2018-12-09,4,1237,6,2,4,2018-12-02T19:01:04Z,matches_2018_event_729.csv
4989735,729,UK Championship,2018,2018-11-27,2018-12-09,12,33,6,5,12,2018-12-02T19:01:04Z,matches_2018_event_729.csv
4989737,729,UK Championship,2018,2018-11-27,2018-12-09,1038,25,6,3,1038,2018-12-02T19:01:04Z,matches_2018_event_729.csv
4989751,729,UK Championship,2018,2018-11-27,2018-12-09,202,50,6,2,202,2018-12-02T19:01:04Z,matches_2018_event_729.csv
4989752,729,UK Championship,2018,2018-11-27,2018-12-09,27,666,4,6,666,2018-12-02T19:01:04Z,matches_2018_event_729.csv
4989754,729,UK Championship,2018,2018-11-27,2018-12-09,52,9,6,2,52,2018-12-02T19:01:04Z,matches_2018_event_729.csv
4989755,729,UK Championship,2018,2018-11-27,2018-12-09,1044,158,4,6,158,2018-12-02T19:01:04Z,matches_2018_event_729.csv
4989757,729,UK Championship,2018,2018-11-27,2018-12-09,208,177,6,0,208,2018-12-02T19:01:04Z,matches_2018_event_729.csv
4989711,729,UK Championship,2018,2018-11-27,2018-12-09,5,906,6,0,5,2018-12-03T12:26:28Z,matches_2018_event_729.csv
4989717,729,UK Championship,2018,2018-11-27,2018-12-09,908,101,6,4,908,2018-12-03T12:26:28Z,matches_2018_event_729.csv
4989718,729,UK Championship,2018,2018-11-27,2018-12-09,8,44,6,3,8,2018-12-03T12:26:28Z,matches_2018_event_729.csv
4989721,729,UK Championship,2018,2018-11-27,2018-12-09,1260,39,2,6,39,2018-12-03T12:26:28Z,matches_2018_event_729.csv
4989713,729,UK Championship,2018,2018-11-27,2018-12-09,218,120,4,6,120,2018-12-03T18:58:20Z,matches_2018_event_729.csv
4989716,729,UK Championship,2018,2018-11-27,2018-12-09,1038,168,2,6,168,2018-12-03T18:58:20Z,matches_2018_event_729.csv
4989725,729,UK Championship,2018,2018-11-27,2018-12-09,158,2,3,6,2,2018-12-03T18:58:20Z,matches_2018_event_729.csv
4989726,729,UK Championship,2018,2018-11-27,2018-12-09,208,1,3,6,1,2018-12-03T18:58:20Z,matches_2018_event_729.csv
4989712,729,UK Championship,2018,2018-11-27,2018-12-09,4,85,3,6,85,2018-12-04T13:02:42Z,matches_2018_event_729.csv
4989715,729,UK Championship,2018,2018-11-27,2018-12-09,12,28,6,2,12,2018-12-04T13:02:42Z,matches_2018_event_729.csv
4989720,729,UK Championship,2018,2018-11-27,2018-12-09,30,118,6,2,30,2018-12-04T13:02:42Z,matches_2018_event_729.csv
4989724,729,UK Championship,2018,2018-11-27,2018-12-09,154,52,6,5,154,2018-12-04T13:02:42Z,matches_2018_event_729.csv
4989714,729,UK Championship,2018,2018-11-27,2018-12-09,24,224,4,6,224,2018-12-04T19:27:36Z,matches_2018_event_729.csv
4989719,729,UK Championship,2018,2018-11-27,2018-12-09,1763,90,6,2,1763,2018-12-04T19:27:36Z,matches_2018_event_729.csv
4989722,729,UK Championship,2018,2018-11-27,2018-12-09,546,16,4,6,16,2018-12-04T19:27:36Z,matches_2018_event_729.csv
4989723,729,UK Championship,2018,2018-11-27,2018-12-09,202,666,6,2,202,2018-12-04T19:27:36Z,matches_2018_event_729.csv
4989300,729,UK Championship,2018,2018-11-27,2018-12-09,5,85,6,1,5,2018-12-05T13:12:17Z,matches_2018_event_729.csv
4989307,729,UK Championship,2018,2018-11-27,2018-12-09,2,1,6,5,2,2018-12-05T13:12:17Z,matches_2018_event_729.csv
4989303,729,UK Championship,2018,2018-11-27,2018-12-09,908,8,5,6,8,2018-12-05T19:31:50Z,matches_2018_event_729.csv
4989306,729,UK Championship,2018,2018-11-27,2018-12-09,202,154,6,5,202,2018-12-05T19:31:50Z,matches_2018_event_729.csv
4989301,729,UK Championship,2018,2018-11-27,2018-12-09,120,224,6,4,120,2018-12-06T13:00:29Z,matches_2018_event_729.csv
4989302,729,UK Championship,2018,2018-11-27,2018-12-09,12,168,4,6,168,2018-12-06T13:00:29Z,matches_2018_event_729.csv
4989304,729,UK Championship,2018,2018-11-27,2018-12-09,1763,30,2,6,30,2018-12-06T19:17:13Z,matches_2018_event_729.csv
4989305,729,UK Championship,2018,2018-11-27,2018-12-09,39,16,6,2,39,2018-12-06T19:17:13Z,matches_2018_event_729.csv
4989707,729,UK Championship,2018,2018-11-27,2018-12-09,5,120,6,1,5,2018-12-07T12:47:36Z,matches_2018_event_729.csv
4989708,729,UK Championship,2018,2018-11-27,2018-12-09,168,8,2,6,8,2018-12-07T12:47:36Z,matches_2018_event_729.csv
4989709,729,UK Championship,2018,2018-11-27,2018-12-09,30,39,6,1,30,2018-12-07T18:59:07Z,matches_2018_event_729.csv
4989710,729,UK Championship,2018,2018-11-27,2018-12-09,202,2,6,1,202,2018-12-07T18:59:07Z,matches_2018_event_729.csv
4989594,729,UK Championship,2018,2018-11-27,2018-12-09,5,8,6,1,5,2018-12-08T13:01:39Z,matches_2018_event_729.csv
4989595,729,UK Championship,2018,2018-11-27,2018-12-09,30,202,5,6,202,2018-12-08T18:55:28Z,matches_2018_event_729.csv
4989825,729,UK Championship,2018,2018-11-27,2018-12-09,5,202,10,6,5,2018-12-09T13:13:34Z,matches_2018_event_729.csv
5073116,730,German Masters Qualifiers,2018,2018-12-18,2018-12-21,666,90,2,5,90,2018-12-18T10:01:18Z,matches_2018_event_730.csv
5073117,730,German Masters Qualifiers,2018,2018-12-18,2018-12-21,906,81,5,4,906,2018-12-18T10:01:18Z,matches_2018_event_730.csv
5073118,730,German Masters Qualifiers,2018,2018-12-18,2018-12-21,125,33,1,5,33,2018-12-18T10:01:18Z,matches_2018_event_730.csv
5073119,730,German Masters Qualifiers,2018,2018-12-18,2018-12-21,158,109,2,5,109,2018-12-18T10:01:18Z,matches_2018_event_730.csv
5073120,730,German Masters Qualifiers,2018,2018-12-18,2018-12-21,76,998,5,1,76,2018-12-18T10:01:18Z,matches_2018_event_730.csv
5073121,730,German Masters Qualifiers,2018,2018-12-18,2018-12-21,168,724,5,2,168,2018-12-18T10:01:18Z,matches_2018_event_730.csv
5073122,730,German Masters Qualifiers,2018,2018-12-18,2018-12-21,123,1186,1,5,1186,2018-12-18T10:01:18Z,matches_2018_event_730.csv
5073135,730,German Masters Qualifiers,2018,2018-12-18,2018-12-21,2,32,5,3,2,2018-12-18T10:01:18Z,matches_2018_event_730.csv
5073123,730,German Masters Qualifiers,2018,2018-12-18,2018-12-21,163,42,2,5,42,2018-12-18T14:24:07Z,matches_2018_event_730.csv
5073127,730,German Masters Qualifiers,2018,2018-12-18,2018-12-21,15,50,4,5,50,2018-12-18T14:24:07Z,matches_2018_event_730.csv
5073128,730,German Masters Qualifiers,2018,2018-12-18,2018-12-21,27,74,5,4,27,2018-12-18T14:24:07Z,matches_2018_event_730.csv
5073130,730,German Masters Qualifiers,2018,2018-12-18,2018-12-21,39,87,5,1,39,2018-12-18T14:24:07Z,matches_2018_event_730.csv
5073133,730,German Masters Qualifiers,2018,2018-12-18,2018-12-21,92,608,5,1,92,2018-12-18T14:24:07Z,matches_2018_event_730.csv
5073134,730,German Masters Qualifiers,2018,2018-12-18,2018-12-21,620,26,5,2,620,2018-12-18T14:24:07Z,matches_2018_event_730.csv
5073157,730,German Masters Qualifiers,2018,2018-12-18,2018-12-21,1763,412,5,0,1763,2018-12-18T14:24:07Z,matches_2018_event_730.csv
5073158,730,German Masters Qualifiers,2018,2018-12-18,2018-12-21,68,520,5,3,68,2018-12-18T14:24:07Z,matches_2018_event_730.csv
5073136,730,German Masters Qualifiers,2018,2018-12-18,2018-12-21,1407,38,0,5,38,2018-12-18T19:01:36Z,matches_2018_event_730.csv
5073137,730,German Masters Qualifiers,2018,2018-12-18,2018-12-21,52,552,5,1,52,2018-12-18T19:01:36Z,matches_2018_event_730.csv
5073138,730,German Masters Qualifiers,2018,2018-12-18,2018-12-21,497,306,5,2,497,2018-12-18T19:01:36Z,matches_2018_event_730.csv
5073139,730,German Masters Qualifiers,2018,2018-12-18,2018-12-21,908,37,5,2,908,2018-12-18T19:01:36Z,matches_2018_event_730.csv
5073140,730,German Masters Qualifiers,2018,2018-12-18,2018-12-21,1260,549,5,3,1260,2018-12-18T19:01:36Z,matches_2018_event_730.csv
5073141,730,German Masters Qualifiers,2018,2018-12-18,2018-12-21,44,170,0,5,170,2018-12-18T19:01:36Z,matches_2018_event_730.csv
5073142,730,German Masters Qualifiers,2018,2018-12-18,2018-12-21,101,9,3,5,9,2018-12-18T19:01:36Z,matches_2018_event_730.csv
5073146,730,German Masters Qualifiers,2018,2018-12-18,2018-12-21,12,96,5,2,12,2018-12-18T19:01:36Z,matches_2018_event_730.csv
5073132,730,German Masters Qualifiers,2018,2018-12-18,2018-12-21,104,128,1,5,128,2018-12-19T10:00:37Z,matches_2018_event_730.csv
5073143,730,German Masters Qualifiers,2018,2018-12-18,2018-12-21,295,905,5,2,295,2018-12-19T10:00:37Z,matches_2018_event_730.csv
5073144,730,German Masters Qualifiers,2018,2018-12-18,2018-12-21,115,1237,1,5,1237,2018-12-19T10:00:37Z,matches_2018_event_730.csv
5073145,730,German Masters Qualifiers,2018,2018-12-18,2018-12-21,593,1082,2,5,1082,2018-12-19T10:00:37Z,matches_2018_event_730.csv
5073148,730,German Masters Qualifiers,2018,2018-12-18,2018-12-21,2134,1044,3,5,1044,2018-12-19T10:00:37Z,matches_2018_event_730.csv
5073149,730,German Masters Qualifiers,2018,2018-12-18,2018-12-21,208,45,5,1,208,2018-12-19T10:00:37Z,matches_2018_event_730.csv
5073151,730,German Masters Qualifiers,2018,2018-12-18,2018-12-21,85,48,5,1,85,2018-12-19T10:00:37Z,matches_2018_event_730.csv
5073152,730,German Masters Qualifiers,2018,2018-12-18,2018-12-21,546,933,5,4,546,2018-12-19T10:00:37Z,matches_2018_event_730.csv
5073131,730,German Masters Qualifiers,2018,2018-12-18,2018-12-21,16,171,5,1,16,2018-12-19T14:22:19Z,matches_2018_event_730.csv
5073150,730,German Masters Qualifiers,2018,2018-12-18,2018-12-21,1108,1923,5,0,1108,2018-12-19T14:22:19Z,matches_2018_event_730.csv
5073153,730,German Masters Qualifiers,2018,2018-12-18,2018-12-21,22,58,4,5,58,2018-12-19T14:22:19Z,matches_2018_event_730.csv
5073154,730,German Masters Qualifiers,2018,2018-12-18,2018-12-21,239,448,3,5,448,2018-12-19T14:22:19Z,matches_2018_event_730.csv
5073155,730,German Masters Qualifiers,2018,2018-12-18,2018-12-21,946,621,5,0,946,2018-12-19T14:22:19Z,matches_2018_event_730.csv
5073156,730,German Masters Qualifiers,2018,2018-12-18,2018-12-21,24,1509,5,2,24,2018-12-19T14:22:19Z,matches_2018_event_730.csv
5073162,730,German Masters Qualifiers,2018,2018-12-18,2018-12-21,224,14,5,0,224,2018-12-19T14:22:19Z,matches_2018_event_730.csv
5073163,730,German Masters Qualifiers,2018,2018-12-18,2018-12-21,154,106,5,0,154,2018-12-19T14:22:19Z,matches_2018_event_730.csv
5073115,730,German Masters Qualifiers,2018,2018-12-18,2018-12-21,1,1417,5,3,1,2018-12-19T19:03:19Z,matches_2018_event_730.csv
5073125,730,German Masters Qualifiers,2018,2018-12-18,2018-12-21,20,982,5,2,20,2018-12-19T19:03:19Z,matches_2018_event_730.csv
5073126,730,German Masters Qualifiers,2018,2018-12-18,2018-12-21,97,120,5,2,97,2018-12-19T19:03:19Z,matches_2018_event_730.csv
5073159,730,German Masters Qualifiers,2018,2018-12-18,2018-12-21,63,218,5,1,63,2018-12-19T19:03:19Z,matches_2018_event_730.csv
5073160,730,German Masters Qualifiers,2018,2018-12-18,2018-12-21,200,217,5,4,200,2018-12-19T19:03:19Z,matches_2018_event_730.csv
5073161,730,German Masters Qualifiers,2018,2018-12-18,2018-12-21,102,947,5,2,102,2018-12-19T19:03:19Z,matches_2018_event_730.csv
5073164,730,German Masters Qualifiers,2018,2018-12-18,2018-12-21,151,2101,5,3,151,2018-12-19T19:03:19Z,matches_2018_event_730.csv
5073165,730,German Masters Qualifiers,2018,2018-12-18,2018-12-21,8,1038,5,2,8,2018-12-19T19:03:19Z,matches_2018_event_730.csv
5073124,730,German Masters Qualifiers,2018,2018-12-18,2018-12-21,28,177,5,2,28,2018-12-20T10:01:53Z,matches_2018_event_730.csv
5073129,730,German Masters Qualifiers,2018,2018-12-18,2018-12-21,21,592,3,5,592,2018-12-20T10:01:53Z,matches_2018_event_730.csv
5073166,730,German Masters Qualifiers,2018,2018-12-18,2018-12-21,23,61,0,5,61,2018-12-20T10:01:53Z,matches_2018_event_730.csv
5073167,730,German Masters Qualifiers,2018,2018-12-18,2018-12-21,30,910,5,4,30,2018-12-20T10:01:53Z,matches_2018_event_730.csv
5073168,730,German Masters Qualifiers,2018,2018-12-18,2018-12-21,1101,1567,5,4,1101,2018-12-20T10:01:53Z,matches_2018_event_730.csv
5073169,730,German Masters Qualifiers,2018,2018-12-18,2018-12-21,93,582,5,1,93,2018-12-20T10:01:53Z,matches_2018_event_730.csv
5073170,730,German Masters Qualifiers,2018,2018-12-18,2018-12-21,35,1903,5,2,35,2018-12-20T10:01:53Z,matches_2018_event_730.csv
5073174,730,German Masters Qualifiers,2018,2018-12-18,2018-12-21,4,47,2,5,47,2018-12-20T10:01:53Z,matches_2018_event_730.csv
5073147,730,German Masters Qualifiers,2018,2018-12-18,2018-12-21,237,1934,5,0,237,2018-12-20T14:37:10Z,matches_2018_event_730.csv
5073171,730,German Masters Qualifiers,2018,2018-12-18,2018-12-21,131,1762,5,2,131,2018-12-20T14:37:10Z,matches_2018_event_730.csv
5073172,730,German Masters Qualifiers,2018,2018-12-18,2018-12-21,118,1323,5,2,118,2018-12-20T14:37:10Z,matches_2018_event_730.csv
5073173,730,German Masters Qualifiers,2018,2018-12-18,2018-12-21,54,19,2,5,19,2018-12-20T14:37:10Z,matches_2018_event_730.csv
5073175,730,German Masters Qualifiers,2018,2018-12-18,2018-12-21,898,958,5,1,898,2018-12-20T14:37:10Z,matches_2018_event_730.csv
5073176,730,German Masters Qualifiers,2018,2018-12-18,2018-12-21,62,894,5,4,62,2018-12-20T14:37:10Z,matches_2018_event_730.csv
5073177,730,German Masters Qualifiers,2018,2018-12-18,2018-12-21,25,526,4,5,526,2018-12-20T14:37:10Z,matches_2018_event_730.csv
5073178,730,German Masters Qualifiers,2018,2018-12-18,2018-12-21,17,616,5,1,17,2018-12-20T14:37:10Z,matches_2018_event_730.csv
5073083,730,German Masters Qualifiers,2018,2018-12-18,2018-12-21,1,90,5,1,1,2018-12-20T19:03:54Z,matches_2018_event_730.csv
5073084,730,German Masters Qualifiers,2018,2018-12-18,2018-12-21,906,33,5,2,906,2018-12-20T19:03:54Z,matches_2018_event_730.csv
5073085,730,German Masters Qualifiers,2018,2018-12-18,2018-12-21,109,76,3,5,76,2018-12-20T19:03:54Z,matches_2018_event_730.csv
5073086,730,German Masters Qualifiers,2018,2018-12-18,2018-12-21,168,1186,5,0,168,2018-12-20T19:03:54Z,matches_2018_event_730.csv
5073088,730,German Masters Qualifiers,2018,2018-12-18,2018-12-21,20,97,2,5,97,2018-12-20T19:03:54Z,matches_2018_event_730.csv
5073089,730,German Masters Qualifiers,2018,2018-12-18,2018-12-21,50,27,5,4,50,2018-12-20T19:03:54Z,matches_2018_event_730.csv
5073100,730,German Masters Qualifiers,2018,2018-12-18,2018-12-21,208,1108,4,5,1108,2018-12-20T19:03:54Z,matches_2018_event_730.csv
5073104,730,German Masters Qualifiers,2018,2018-12-18,2018-12-21,1763,68,4,5,68,2018-12-20T19:03:54Z,matches_2018_event_730.csv
5073087,730,German Masters Qualifiers,2018,2018-12-18,2018-12-21,42,28,5,4,42,2018-12-21T10:02:11Z,matches_2018_event_730.csv
5073091,730,German Masters Qualifiers,2018,2018-12-18,2018-12-21,16,128,5,4,16,2018-12-21T10:02:11Z,matches_2018_event_730.csv
5073092,730,German Masters Qualifiers,2018,2018-12-18,2018-12-21,92,620,5,2,92,2018-12-21T10:02:11Z,matches_2018_event_730.csv
5073093,730,German Masters Qualifiers,2018,2018-12-18,2018-12-21,2,38,5,1,2,2018-12-21T10:02:11Z,matches_2018_event_730.csv
5073094,730,German Masters Qualifiers,2018,2018-12-18,2018-12-21,52,497,4,5,497,2018-12-21T10:02:11Z,matches_2018_event_730.csv
5073095,730,German Masters Qualifiers,2018,2018-12-18,2018-12-21,908,1260,4,5,1260,2018-12-21T10:02:11Z,matches_2018_event_730.csv
5073101,730,German Masters Qualifiers,2018,2018-12-18,2018-12-21,85,546,5,4,85,2018-12-21T10:02:11Z,matches_2018_event_730.csv
5073107,730,German Masters Qualifiers,2018,2018-12-18,2018-12-21,154,151,5,2,154,2018-12-21T10:02:11Z,matches_2018_event_730.csv
5073090,730,German Masters Qualifiers,2018,2018-12-18,2018-12-21,592,39,2,5,39,2018-12-21T14:30:49Z,matches_2018_event_730.csv
5073096,730,German Masters Qualifiers,2018,2018-12-18,2018-12-21,170,9,2,5,9,2018-12-21T14:30:49Z,matches_2018_event_730.csv
5073097,730,German Masters Qualifiers,2018,2018-12-18,2018-12-21,295,1237,5,3,295,2018-12-21T14:30:49Z,matches_2018_event_730.csv
5073102,730,German Masters Qualifiers,2018,2018-12-18,2018-12-21,58,448,2,5,448,2018-12-21T14:30:49Z,matches_2018_event_730.csv
5073103,730,German Masters Qualifiers,2018,2018-12-18,2018-12-21,946,24,2,5,24,2018-12-21T14:30:49Z,matches_2018_event_730.csv
5073105,730,German Masters Qualifiers,2018,2018-12-18,2018-12-21,63,200,5,1,63,2018-12-21T14:30:49Z,matches_2018_event_730.csv
5073106,730,German Masters Qualifiers,2018,2018-12-18,2018-12-21,102,224,2,5,224,2018-12-21T14:30:49Z,matches_2018_event_730.csv
5073114,730,German Masters Qualifiers,2018,2018-12-18,2018-12-21,526,17,1,5,17,2018-12-21T14:30:49Z,matches_2018_event_730.csv
5073098,730,German Masters Qualifiers,2018,2018-12-18,2018-12-21,1082,12,0,5,12,2018-12-21T18:53:49Z,matches_2018_event_730.csv
5073099,730,German Masters Qualifiers,2018,2018-12-18,2018-12-21,237,1044,5,4,237,2018-12-21T18:53:49Z,matches_2018_event_730.csv
5073108,730,German Masters Qualifiers,2018,2018-12-18,2018-12-21,8,61,4,5,61,2018-12-21T18:53:49Z,matches_2018_event_730.csv
5073109,730,German Masters Qualifiers,2018,2018-12-18,2018-12-21,30,1101,5,0,30,2018-12-21T18:53:49Z,matches_2018_event_730.csv
5073110,730,German Masters Qualifiers,2018,2018-12-18,2018-12-21,93,35,5,1,93,2018-12-21T18:53:49Z,matches_2018_event_730.csv
5073111,730,German Masters Qualifiers,2018,2018-12-18,2018-12-21,131,118,4,5,118,2018-12-21T18:53:49Z,matches_2018_event_730.csv
5073112,730,German Masters Qualifiers,2018,2018-12-18,2018-12-21,19,47,5,1,19,2018-12-21T18:53:49Z,matches_2018_event_730.csv
5073113,730,German Masters Qualifiers,2018,2018-12-18,2018-12-21,898,62,2,5,62,2018-12-21T18:53:49Z,matches_2018_event_730.csv
4908480,731,International Championship Qualifiers,2018,2018-10-09,2018-10-12,170,1186,6,4,170,2018-10-09T08:25:06Z,matches_2018_event_731.csv
4908485,731,International Championship Qualifiers,2018,2018-10-09,2018-10-12,22,1407,6,5,22,2018-10-09T08:25:06Z,matches_2018_event_731.csv
4908486,731,International Championship Qualifiers,2018,2018-10-09,2018-10-12,128,593,6,3,128,2018-10-09T08:25:06Z,matches_2018_event_731.csv
4908487,731,International Championship Qualifiers,2018,2018-10-09,2018-10-12,15,608,6,4,15,2018-10-09T08:25:06Z,matches_2018_event_731.csv
4908492,731,International Championship Qualifiers,2018,2018-10-09,2018-10-12,24,1082,6,1,24,2018-10-09T08:25:06Z,matches_2018_event_731.csv
4908484,731,International Championship Qualifiers,2018,2018-10-09,2018-10-12,42,87,5,6,87,2018-10-09T13:39:10Z,matches_2018_event_731.csv
4908489,731,International Championship Qualifiers,2018,2018-10-09,2018-10-12,47,552,6,0,47,2018-10-09T13:39:10Z,matches_2018_event_731.csv
4908490,731,International Championship Qualifiers,2018,2018-10-09,2018-10-12,154,898,6,1,154,2018-10-09T13:39:10Z,matches_2018_event_731.csv
4908496,731,International Championship Qualifiers,2018,2018-10-09,2018-10-12,217,306,6,5,217,2018-10-09T13:39:10Z,matches_2018_event_731.csv
4908495,731,International Championship Qualifiers,2018,2018-10-09,2018-10-12,16,621,6,1,16,2018-10-09T15:07:21Z,matches_2018_event_731.csv
4908491,731,International Championship Qualifiers,2018,2018-10-09,2018-10-12,905,1417,5,6,1417,2018-10-09T18:32:11Z,matches_2018_event_731.csv
4908494,731,International Championship Qualifiers,2018,2018-10-09,2018-10-12,39,14,6,4,39,2018-10-09T18:32:11Z,matches_2018_event_731.csv
4908500,731,International Championship Qualifiers,2018,2018-10-09,2018-10-12,25,917,6,1,25,2018-10-09T18:32:11Z,matches_2018_event_731.csv
4908501,731,International Championship Qualifiers,2018,2018-10-09,2018-10-12,85,592,6,5,85,2018-10-09T18:32:11Z,matches_2018_event_731.csv
4908481,731,International Championship Qualifiers,2018,2018-10-09,2018-10-12,92,123,6,1,92,2018-10-10T08:25:45Z,matches_2018_event_731.csv
4908488,731,International Championship Qualifiers,2018,2018-10-09,2018-10-12,168,982,6,3,168,2018-10-10T08:25:45Z,matches_2018_event_731.csv
4908493,731,International Championship Qualifiers,2018,2018-10-09,2018-10-12,96,1108,2,6,1108,2018-10-10T08:25:45Z,matches_2018_event_731.csv
4908502,731,International Championship Qualifiers,2018,2018-10-09,2018-10-12,1044,1509,6,3,1044,2018-10-10T08:25:45Z,matches_2018_event_731.csv
4908538,731,International Championship Qualifiers,2018,2018-10-09,2018-10-12,2,448,6,0,2,2018-10-10T08:25:45Z,matches_2018_event_731.csv
4908497,731,International Championship Qualifiers,2018,2018-10-09,2018-10-12,27,947,6,1,27,2018-10-10T13:00:06Z,matches_2018_event_731.csv
4908503,731,International Championship Qualifiers,2018,2018-10-09,2018-10-12,63,20,5,6,20,2018-10-10T13:00:06Z,matches_2018_event_731.csv
4908506,731,International Championship Qualifiers,2018,2018-10-09,2018-10-12,68,520,6,2,68,2018-10-10T13:00:06Z,matches_2018_event_731.csv
4908509,731,International Championship Qualifiers,2018,2018-10-09,2018-10-12,44,106,6,5,44,2018-10-10T13:00:06Z,matches_2018_event_731.csv
4908516,731,International Championship Qualifiers,2018,2018-10-09,2018-10-12,33,620,5,6,620,2018-10-10T13:00:06Z,matches_2018_event_731.csv
4908499,731,International Championship Qualifiers,2018,2018-10-09,2018-10-12,4,1567,6,2,4,2018-10-10T18:35:15Z,matches_2018_event_731.csv
4908507,731,International Championship Qualifiers,2018,2018-10-09,2018-10-12,125,1038,6,3,125,2018-10-10T18:35:15Z,matches_2018_event_731.csv
4908508,731,International Championship Qualifiers,2018,2018-10-09,2018-10-12,171,1237,1,6,1237,2018-10-10T18:35:15Z,matches_2018_event_731.csv
4908529,731,International Championship Qualifiers,2018,2018-10-09,2018-10-12,62,998,4,6,998,2018-10-10T18:35:15Z,matches_2018_event_731.csv
4908498,731,International Championship Qualifiers,2018,2018-10-09,2018-10-12,295,933,6,0,295,2018-10-11T08:29:09Z,matches_2018_event_731.csv
4908504,731,International Championship Qualifiers,2018,2018-10-09,2018-10-12,1260,239,6,0,1260,2018-10-11T08:29:09Z,matches_2018_event_731.csv
4908512,731,International Championship Qualifiers,2018,2018-10-09,2018-10-12,120,177,6,2,120,2018-10-11T08:29:09Z,matches_2018_event_731.csv
4908519,731,International Championship Qualifiers,2018,2018-10-09,2018-10-12,48,131,4,6,131,2018-10-11T08:29:09Z,matches_2018_event_731.csv
4908533,731,International Championship Qualifiers,2018,2018-10-09,2018-10-12,52,724,6,5,52,2018-10-11T08:29:09Z,matches_2018_event_731.csv
4908514,731,International Championship Qualifiers,2018,2018-10-09,2018-10-12,93,104,6,3,93,2018-10-11T13:40:23Z,matches_2018_event_731.csv
4908520,731,International Championship Qualifiers,2018,2018-10-09,2018-10-12,28,38,6,5,28,2018-10-11T13:40:23Z,matches_2018_event_731.csv
4908521,731,International Championship Qualifiers,2018,2018-10-09,2018-10-12,9,1762,6,3,9,2018-10-11T13:40:23Z,matches_2018_event_731.csv
4908536,731,International Championship Qualifiers,2018,2018-10-09,2018-10-12,158,412,6,3,158,2018-10-11T13:40:23Z,matches_2018_event_731.csv
4908541,731,International Championship Qualifiers,2018,2018-10-09,2018-10-12,1763,1934,6,5,1763,2018-10-11T13:40:23Z,matches_2018_event_731.csv
4908523,731,International Championship Qualifiers,2018,2018-10-09,2018-10-12,10,946,0,0,946,2018-10-11T15:53:02Z,matches_2018_event_731.csv
4908505,731,International Championship Qualifiers,2018,2018-10-09,2018-10-12,54,218,3,6,218,2018-10-11T18:30:23Z,matches_2018_event_731.csv
4908510,731,International Championship Qualifiers,2018,2018-10-09,2018-10-12,12,908,6,4,12,2018-10-11T18:30:23Z,matches_2018_event_731.csv
4908522,731,International Championship Qualifiers,2018,2018-10-09,2018-10-12,101,58,5,6,58,2018-10-11T18:30:23Z,matches_2018_event_731.csv
4908525,731,International Championship Qualifiers,2018,2018-10-09,2018-10-12,32,81,4,6,81,2018-10-11T18:30:23Z,matches_2018_event_731.csv
4908513,731,International Championship Qualifiers,2018,2018-10-09,2018-10-12,8,35,6,5,8,2018-10-12T08:32:39Z,matches_2018_event_731.csv
4908517,731,International Championship Qualifiers,2018,2018-10-09,2018-10-12,118,109,6,5,118,2018-10-12T08:32:39Z,matches_2018_event_731.csv
4908524,731,International Championship Qualifiers,2018,2018-10-09,2018-10-12,115,193,5,6,193,2018-10-12T08:32:39Z,matches_2018_event_731.csv
4908528,731,International Championship Qualifiers,2018,2018-10-09,2018-10-12,50,21,5,6,21,2018-10-12T08:32:39Z,matches_2018_event_731.csv
4908511,731,International Championship Qualifiers,2018,2018-10-09,2018-10-12,237,37,3,6,37,2018-10-12T13:33:46Z,matches_2018_event_731.csv
4908518,731,International Championship Qualifiers,2018,2018-10-09,2018-10-12,894,526,2,6,526,2018-10-12T13:33:46Z,matches_2018_event_731.csv
4908531,731,International Championship Qualifiers,2018,2018-10-09,2018-10-12,202,23,6,0,202,2018-10-12T13:33:46Z,matches_2018_event_731.csv
4908534,731,International Championship Qualifiers,2018,2018-10-09,2018-10-12,666,1101,6,3,666,2018-10-12T13:33:46Z,matches_2018_event_731.csv
4908537,731,International Championship Qualifiers,2018,2018-10-09,2018-10-12,497,616,6,3,497,2018-10-12T13:33:46Z,matches_2018_event_731.csv
4908515,731,International Championship Qualifiers,2018,2018-10-09,2018-10-12,30,910,6,1,30,2018-10-12T18:23:41Z,matches_2018_event_731.csv
4908527,731,International Championship Qualifiers,2018,2018-10-09,2018-10-12,97,76,0,6,76,2018-10-12T18:23:41Z,matches_2018_event_731.csv
4908535,731,International Championship Qualifiers,2018,2018-10-09,2018-10-12,61,90,6,0,61,2018-10-12T18:23:41Z,matches_2018_event_731.csv
4908540,731,International Championship Qualifiers,2018,2018-10-09,2018-10-12,906,26,6,1,906,2018-10-12T18:23:41Z,matches_2018_event_731.csv
4908482,731,International Championship Qualifiers,2018,2018-10-09,2018-10-12,208,1981,6,4,208,2018-10-28T01:27:36Z,matches_2018_event_731.csv
4908530,731,International Championship Qualifiers,2018,2018-10-09,2018-10-12,19,1595,6,3,19,2018-10-28T01:27:36Z,matches_2018_event_731.csv
4908532,731,International Championship Qualifiers,2018,2018-10-09,2018-10-12,45,2379,6,1,45,2018-10-28T01:27:36Z,matches_2018_event_731.csv
4908539,731,International Championship Qualifiers,2018,2018-10-09,2018-10-12,546,1383,1,6,1383,2018-10-28T01:27:36Z,matches_2018_event_731.csv
4908542,731,International Championship Qualifiers,2018,2018-10-09,2018-10-12,1,2134,6,1,1,2018-10-28T01:27:36Z,matches_2018_event_731.csv
4908526,731,International Championship Qualifiers,2018,2018-10-09,2018-10-12,224,549,6,4,224,2018-10-28T06:06:56Z,matches_2018_event_731.csv
4908483,731,International Championship Qualifiers,2018,2018-10-09,2018-10-12,200,1323,6,3,200,2018-10-28T06:14:59Z,matches_2018_event_731.csv
4908479,731,International Championship Qualifiers,2018,2018-10-09,2018-10-12,17,958,6,5,17,2018-10-28T11:34:57Z,matches_2018_event_731.csv
4817793,732,European Masters Qualifiers,2018,2018-08-17,2018-08-18,5,620,0,0,620,2018-08-16T10:47:21Z,matches_2018_event_732.csv
4817763,732,European Masters Qualifiers,2018,2018-08-17,2018-08-18,45,526,4,1,45,2018-08-17T09:03:48Z,matches_2018_event_732.csv
4817764,732,European Masters Qualifiers,2018,2018-08-17,2018-08-18,8,218,2,4,218,2018-08-17T09:03:48Z,matches_2018_event_732.csv
4817765,732,European Masters Qualifiers,2018,2018-08-17,2018-08-18,295,1763,4,0,295,2018-08-17T09:03:48Z,matches_2018_event_732.csv
4817766,732,European Masters Qualifiers,2018,2018-08-17,2018-08-18,4,14,4,1,4,2018-08-17T09:03:48Z,matches_2018_event_732.csv
4817769,732,European Masters Qualifiers,2018,2018-08-17,2018-08-18,35,21,0,4,21,2018-08-17T09:03:48Z,matches_2018_event_732.csv
4817770,732,European Masters Qualifiers,2018,2018-08-17,2018-08-18,592,47,4,2,592,2018-08-17T09:03:48Z,matches_2018_event_732.csv
4817772,732,European Masters Qualifiers,2018,2018-08-17,2018-08-18,582,25,2,4,25,2018-08-17T09:03:48Z,matches_2018_event_732.csv
4817798,732,European Masters Qualifiers,2018,2018-08-17,2018-08-18,68,1762,4,2,68,2018-08-17T09:03:48Z,matches_2018_event_732.csv
4817771,732,European Masters Qualifiers,2018,2018-08-17,2018-08-18,168,552,4,0,168,2018-08-17T12:06:05Z,matches_2018_event_732.csv
4817774,732,European Masters Qualifiers,2018,2018-08-17,2018-08-18,497,20,4,1,497,2018-08-17T12:06:05Z,matches_2018_event_732.csv
4817775,732,European Masters Qualifiers,2018,2018-08-17,2018-08-18,119,26,2,4,26,2018-08-17T12:06:05Z,matches_2018_event_732.csv
4817776,732,European Masters Qualifiers,2018,2018-08-17,2018-08-18,982,217,2,4,217,2018-08-17T12:06:05Z,matches_2018_event_732.csv
4817779,732,European Masters Qualifiers,2018,2018-08-17,2018-08-18,1509,208,4,1,1509,2018-08-17T12:06:05Z,matches_2018_event_732.csv
4817780,732,European Masters Qualifiers,2018,2018-08-17,2018-08-18,115,549,4,0,115,2018-08-17T12:06:05Z,matches_2018_event_732.csv
4817781,732,European Masters Qualifiers,2018,2018-08-17,2018-08-18,2134,125,4,2,2134,2018-08-17T12:06:05Z,matches_2018_event_732.csv
4817773,732,European Masters Qualifiers,2018,2018-08-17,2018-08-18,154,33,4,3,154,2018-08-17T15:03:57Z,matches_2018_event_732.csv
4817778,732,European Masters Qualifiers,2018,2018-08-17,2018-08-18,237,910,4,0,237,2018-08-17T15:03:57Z,matches_2018_event_732.csv
4817783,732,European Masters Qualifiers,2018,2018-08-17,2018-08-18,1101,1237,3,4,1237,2018-08-17T15:03:57Z,matches_2018_event_732.csv
4817784,732,European Masters Qualifiers,2018,2018-08-17,2018-08-18,1260,933,4,1,1260,2018-08-17T15:03:57Z,matches_2018_event_732.csv
4817785,732,European Masters Qualifiers,2018,2018-08-17,2018-08-18,44,1934,4,1,44,2018-08-17T15:03:57Z,matches_2018_event_732.csv
4817786,732,European Masters Qualifiers,2018,2018-08-17,2018-08-18,448,48,4,2,448,2018-08-17T15:03:57Z,matches_2018_event_732.csv
4817788,732,European Masters Qualifiers,2018,2018-08-17,2018-08-18,616,37,2,4,37,2018-08-17T15:03:57Z,matches_2018_event_732.csv
4817800,732,European Masters Qualifiers,2018,2018-08-17,2018-08-18,118,96,4,3,118,2018-08-17T15:03:57Z,matches_2018_event_732.csv
4817792,732,European Masters Qualifiers,2018,2018-08-17,2018-08-18,666,177,4,2,666,2018-08-17T18:01:01Z,matches_2018_event_732.csv
4817794,732,European Masters Qualifiers,2018,2018-08-17,2018-08-18,17,306,4,3,17,2018-08-17T18:01:19Z,matches_2018_event_732.csv
4817777,732,European Masters Qualifiers,2018,2018-08-17,2018-08-18,39,2101,4,2,39,2018-08-17T18:02:16Z,matches_2018_event_732.csv
4817789,732,European Masters Qualifiers,2018,2018-08-17,2018-08-18,2,23,1,4,23,2018-08-17T18:02:50Z,matches_2018_event_732.csv
4817790,732,European Masters Qualifiers,2018,2018-08-17,2018-08-18,905,81,0,4,81,2018-08-17T18:02:50Z,matches_2018_event_732.csv
4817791,732,European Masters Qualifiers,2018,2018-08-17,2018-08-18,171,239,1,4,239,2018-08-17T18:02:50Z,matches_2018_event_732.csv
4817795,732,European Masters Qualifiers,2018,2018-08-17,2018-08-18,724,109,1,4,109,2018-08-17T18:15:32Z,matches_2018_event_732.csv
4817796,732,European Masters Qualifiers,2018,2018-08-17,2018-08-18,92,894,2,4,894,2018-08-17T18:22:04Z,matches_2018_event_732.csv
4817767,732,European Masters Qualifiers,2018,2018-08-17,2018-08-18,51,63,1,4,63,2018-08-18T08:44:43Z,matches_2018_event_732.csv
4817768,732,European Masters Qualifiers,2018,2018-08-17,2018-08-18,200,958,4,2,200,2018-08-18T08:44:43Z,matches_2018_event_732.csv
4817787,732,European Masters Qualifiers,2018,2018-08-17,2018-08-18,85,193,4,1,85,2018-08-18T08:44:43Z,matches_2018_event_732.csv
4817797,732,European Masters Qualifiers,2018,2018-08-17,2018-08-18,15,76,4,2,15,2018-08-18T08:44:43Z,matches_2018_event_732.csv
4817799,732,European Masters Qualifiers,2018,2018-08-17,2018-08-18,1108,38,4,2,1108,2018-08-18T08:44:43Z,matches_2018_event_732.csv
4817801,732,European Masters Qualifiers,2018,2018-08-17,2018-08-18,19,608,0,4,608,2018-08-18T08:44:43Z,matches_2018_event_732.csv
4817802,732,European Masters Qualifiers,2018,2018-08-17,2018-08-18,9,946,1,4,946,2018-08-18T08:44:43Z,matches_2018_event_732.csv
4817803,732,European Masters Qualifiers,2018,2018-08-17,2018-08-18,28,87,4,2,28,2018-08-18T08:44:43Z,matches_2018_event_732.csv
4817804,732,European Masters Qualifiers,2018,2018-08-17,2018-08-18,1038,1044,0,4,1044,2018-08-18T12:00:36Z,matches_2018_event_732.csv
4817805,732,European Masters Qualifiers,2018,2018-08-17,2018-08-18,30,10,4,3,30,2018-08-18T12:00:36Z,matches_2018_event_732.csv
4817806,732,European Masters Qualifiers,2018,2018-08-17,2018-08-18,50,1082,4,3,50,2018-08-18T12:00:36Z,matches_2018_event_732.csv
4817807,732,European Masters Qualifiers,2018,2018-08-17,2018-08-18,62,593,4,3,62,2018-08-18T12:00:36Z,matches_2018_event_732.csv
4817808,732,European Masters Qualifiers,2018,2018-08-17,2018-08-18,131,104,4,2,131,2018-08-18T12:00:36Z,matches_2018_event_732.csv
4817809,732,European Masters Qualifiers,2018,2018-08-17,2018-08-18,16,621,4,2,16,2018-08-18T12:00:36Z,matches_2018_event_732.csv
4817811,732,European Masters Qualifiers,2018,2018-08-17,2018-08-18,106,128,1,4,128,2018-08-18T12:00:36Z,matches_2018_event_732.csv
4817812,732,European Masters Qualifiers,2018,2018-08-17,2018-08-18,27,898,2,4,898,2018-08-18T14:42:23Z,matches_2018_event_732.csv
4817813,732,European Masters Qualifiers,2018,2018-08-17,2018-08-18,520,1417,4,0,520,2018-08-18T14:42:23Z,matches_2018_event_732.csv
4817815,732,European Masters Qualifiers,2018,2018-08-17,2018-08-18,1323,412,4,2,1323,2018-08-18T14:42:23Z,matches_2018_event_732.csv
4817816,732,European Masters Qualifiers,2018,2018-08-17,2018-08-18,52,90,2,4,90,2018-08-18T14:42:23Z,matches_2018_event_732.csv
4817817,732,European Masters Qualifiers,2018,2018-08-17,2018-08-18,1567,74,0,4,74,2018-08-18T14:45:11Z,matches_2018_event_732.csv
4817819,732,European Masters Qualifiers,2018,2018-08-17,2018-08-18,158,1407,4,2,158,2018-08-18T14:46:01Z,matches_2018_event_732.csv
4817814,732,European Masters Qualifiers,2018,2018-08-17,2018-08-18,202,998,4,3,202,2018-08-18T14:53:04Z,matches_2018_event_732.csv
4817818,732,European Masters Qualifiers,2018,2018-08-17,2018-08-18,42,58,4,2,42,2018-08-18T17:40:52Z,matches_2018_event_732.csv
4817820,732,European Masters Qualifiers,2018,2018-08-17,2018-08-18,151,1186,3,4,1186,2018-08-18T17:40:52Z,matches_2018_event_732.csv
4817821,732,European Masters Qualifiers,2018,2018-08-17,2018-08-18,22,908,4,1,22,2018-08-18T17:40:52Z,matches_2018_event_732.csv
4817822,732,European Masters Qualifiers,2018,2018-08-17,2018-08-18,170,61,4,2,170,2018-08-18T17:40:52Z,matches_2018_event_732.csv
4817810,732,European Masters Qualifiers,2018,2018-08-17,2018-08-18,97,546,3,4,546,2018-08-18T17:45:12Z,matches_2018_event_732.csv
4817823,732,European Masters Qualifiers,2018,2018-08-17,2018-08-18,906,54,4,2,906,2018-08-18T17:45:12Z,matches_2018_event_732.csv
4817824,732,European Masters Qualifiers,2018,2018-08-17,2018-08-18,123,93,3,4,93,2018-08-18T17:45:12Z,matches_2018_event_732.csv
4817825,732,European Masters Qualifiers,2018,2018-08-17,2018-08-18,1,947,0,0,947,2018-09-28T20:27:10Z,matches_2018_event_732.csv
4817782,732,European Masters Qualifiers,2018,2018-08-17,2018-08-18,101,32,4,2,101,2018-10-01T11:00:44Z,matches_2018_event_732.csv
4817762,732,European Masters Qualifiers,2018,2018-08-17,2018-08-18,12,120,4,0,12,2018-10-01T17:02:40Z,matches_2018_event_732.csv
4814109,733,China Championship Qualifiers,2018,2018-08-19,2018-08-22,120,608,5,3,120,2018-08-19T08:46:22Z,matches_2018_event_733.csv
4814110,733,China Championship Qualifiers,2018,2018-08-19,2018-08-22,8,23,5,0,8,2018-08-19T08:46:22Z,matches_2018_event_733.csv
4814111,733,China Championship Qualifiers,2018,2018-08-19,2018-08-22,125,14,3,5,14,2018-08-19T08:46:22Z,matches_2018_event_733.csv
4814112,733,China Championship Qualifiers,2018,2018-08-19,2018-08-22,4,76,5,2,4,2018-08-19T08:46:22Z,matches_2018_event_733.csv
4814160,733,China Championship Qualifiers,2018,2018-08-19,2018-08-22,154,898,5,3,154,2018-08-19T08:46:22Z,matches_2018_event_733.csv
4814115,733,China Championship Qualifiers,2018,2018-08-19,2018-08-22,497,526,4,5,526,2018-08-19T13:23:47Z,matches_2018_event_733.csv
4814123,733,China Championship Qualifiers,2018,2018-08-19,2018-08-22,97,58,5,2,97,2018-08-19T13:23:47Z,matches_2018_event_733.csv
4814133,733,China Championship Qualifiers,2018,2018-08-19,2018-08-22,85,87,5,4,85,2018-08-19T13:23:47Z,matches_2018_event_733.csv
4814141,733,China Championship Qualifiers,2018,2018-08-19,2018-08-22,1763,549,5,2,1763,2018-08-19T13:23:47Z,matches_2018_event_733.csv
4814144,733,China Championship Qualifiers,2018,2018-08-19,2018-08-22,68,90,5,2,68,2018-08-19T13:23:47Z,matches_2018_event_733.csv
4814117,733,China Championship Qualifiers,2018,2018-08-19,2018-08-22,168,1323,5,2,168,2018-08-19T17:46:03Z,matches_2018_event_733.csv
4814118,733,China Championship Qualifiers,2018,2018-08-19,2018-08-22,905,958,5,4,905,2018-08-19T17:46:03Z,matches_2018_event_733.csv
4814120,733,China Championship Qualifiers,2018,2018-08-19,2018-08-22,15,1762,5,1,15,2018-08-19T17:46:03Z,matches_2018_event_733.csv
4814132,733,China Championship Qualifiers,2018,2018-08-19,2018-08-22,61,621,5,1,61,2018-08-19T17:46:03Z,matches_2018_event_733.csv
4814151,733,China Championship Qualifiers,2018,2018-08-19,2018-08-22,202,552,5,2,202,2018-08-19T17:46:03Z,matches_2018_event_733.csv
4814116,733,China Championship Qualifiers,2018,2018-08-19,2018-08-22,48,193,5,1,48,2018-08-20T08:55:46Z,matches_2018_event_733.csv
4814121,733,China Championship Qualifiers,2018,2018-08-19,2018-08-22,24,947,5,1,24,2018-08-20T08:55:46Z,matches_2018_event_733.csv
4814122,733,China Championship Qualifiers,2018,2018-08-19,2018-08-22,45,593,5,2,45,2018-08-20T08:55:46Z,matches_2018_event_733.csv
4814128,733,China Championship Qualifiers,2018,2018-08-19,2018-08-22,30,131,5,4,30,2018-08-20T08:55:46Z,matches_2018_event_733.csv
4814135,733,China Championship Qualifiers,2018,2018-08-19,2018-08-22,2,910,5,1,2,2018-08-20T08:55:46Z,matches_2018_event_733.csv
4814154,733,China Championship Qualifiers,2018,2018-08-19,2018-08-22,32,616,5,4,32,2018-08-20T08:55:46Z,matches_2018_event_733.csv
4814119,733,China Championship Qualifiers,2018,2018-08-19,2018-08-22,39,1082,5,1,39,2018-08-20T13:33:27Z,matches_2018_event_733.csv
4814125,733,China Championship Qualifiers,2018,2018-08-19,2018-08-22,217,917,4,5,917,2018-08-20T13:33:27Z,matches_2018_event_733.csv
4814134,733,China Championship Qualifiers,2018,2018-08-19,2018-08-22,894,2101,5,0,894,2018-08-20T13:33:27Z,matches_2018_event_733.csv
4814140,733,China Championship Qualifiers,2018,2018-08-19,2018-08-22,17,20,5,2,17,2018-08-20T13:33:27Z,matches_2018_event_733.csv
4814164,733,China Championship Qualifiers,2018,2018-08-19,2018-08-22,63,37,5,2,63,2018-08-20T13:33:27Z,matches_2018_event_733.csv
4814113,733,China Championship Qualifiers,2018,2018-08-19,2018-08-22,25,81,3,5,81,2018-08-20T18:05:39Z,matches_2018_event_733.csv
4814124,733,China Championship Qualifiers,2018,2018-08-19,2018-08-22,12,620,5,3,12,2018-08-20T18:05:39Z,matches_2018_event_733.csv
4814130,733,China Championship Qualifiers,2018,2018-08-19,2018-08-22,1260,1101,5,3,1260,2018-08-20T18:05:39Z,matches_2018_event_733.csv
4814131,733,China Championship Qualifiers,2018,2018-08-19,2018-08-22,1044,1509,5,4,1044,2018-08-20T18:05:39Z,matches_2018_event_733.csv
4814136,733,China Championship Qualifiers,2018,2018-08-19,2018-08-22,295,306,2,5,306,2018-08-20T18:05:39Z,matches_2018_event_733.csv
4814126,733,China Championship Qualifiers,2018,2018-08-19,2018-08-22,115,1934,5,0,115,2018-08-21T08:58:53Z,matches_2018_event_733.csv
4814127,733,China Championship Qualifiers,2018,2018-08-19,2018-08-22,10,104,5,2,10,2018-08-21T08:58:53Z,matches_2018_event_733.csv
4814137,733,China Championship Qualifiers,2018,2018-08-19,2018-08-22,171,592,5,3,171,2018-08-21T08:58:53Z,matches_2018_event_733.csv
4814138,733,China Championship Qualifiers,2018,2018-08-19,2018-08-22,44,26,1,5,26,2018-08-21T08:58:53Z,matches_2018_event_733.csv
4814142,733,China Championship Qualifiers,2018,2018-08-19,2018-08-22,92,1186,5,2,92,2018-08-21T08:58:53Z,matches_2018_event_733.csv
4814152,733,China Championship Qualifiers,2018,2018-08-19,2018-08-22,19,239,0,5,239,2018-08-21T08:58:53Z,matches_2018_event_733.csv
4814129,733,China Championship Qualifiers,2018,2018-08-19,2018-08-22,42,982,5,3,42,2018-08-21T13:33:25Z,matches_2018_event_733.csv
4814139,733,China Championship Qualifiers,2018,2018-08-19,2018-08-22,237,448,5,1,237,2018-08-21T13:33:25Z,matches_2018_event_733.csv
4814146,733,China Championship Qualifiers,2018,2018-08-19,2018-08-22,118,412,5,0,118,2018-08-21T13:33:25Z,matches_2018_event_733.csv
4814147,733,China Championship Qualifiers,2018,2018-08-19,2018-08-22,666,933,5,2,666,2018-08-21T13:33:25Z,matches_2018_event_733.csv
4814168,733,China Championship Qualifiers,2018,2018-08-19,2018-08-22,546,1417,5,3,546,2018-08-21T13:33:25Z,matches_2018_event_733.csv
4814148,733,China Championship Qualifiers,2018,2018-08-19,2018-08-22,33,109,2,5,109,2018-08-21T17:46:40Z,matches_2018_event_733.csv
4814149,733,China Championship Qualifiers,2018,2018-08-19,2018-08-22,28,2134,5,1,28,2018-08-21T17:46:40Z,matches_2018_event_733.csv
4814150,733,China Championship Qualifiers,2018,2018-08-19,2018-08-22,47,106,5,2,47,2018-08-21T17:46:40Z,matches_2018_event_733.csv
4814156,733,China Championship Qualifiers,2018,2018-08-19,2018-08-22,16,1567,5,0,16,2018-08-21T17:46:40Z,matches_2018_event_733.csv
4814167,733,China Championship Qualifiers,2018,2018-08-19,2018-08-22,22,35,5,3,22,2018-08-21T17:46:40Z,matches_2018_event_733.csv
4814153,733,China Championship Qualifiers,2018,2018-08-19,2018-08-22,62,1108,2,5,1108,2018-08-22T09:03:20Z,matches_2018_event_733.csv
4814157,733,China Championship Qualifiers,2018,2018-08-19,2018-08-22,50,724,3,5,724,2018-08-22T09:03:20Z,matches_2018_event_733.csv
4814158,733,China Championship Qualifiers,2018,2018-08-19,2018-08-22,27,1407,4,5,1407,2018-08-22T09:03:20Z,matches_2018_event_733.csv
4814159,733,China Championship Qualifiers,2018,2018-08-19,2018-08-22,208,908,5,1,208,2018-08-22T09:03:20Z,matches_2018_event_733.csv
4814170,733,China Championship Qualifiers,2018,2018-08-19,2018-08-22,170,218,5,3,170,2018-08-22T09:03:20Z,matches_2018_event_733.csv
4814161,733,China Championship Qualifiers,2018,2018-08-19,2018-08-22,96,38,0,5,38,2018-08-22T13:41:20Z,matches_2018_event_733.csv
4814165,733,China Championship Qualifiers,2018,2018-08-19,2018-08-22,158,123,5,1,158,2018-08-22T13:41:20Z,matches_2018_event_733.csv
4814166,733,China Championship Qualifiers,2018,2018-08-19,2018-08-22,9,946,3,5,946,2018-08-22T13:41:20Z,matches_2018_event_733.csv
4814169,733,China Championship Qualifiers,2018,2018-08-19,2018-08-22,906,1237,1,5,1237,2018-08-22T13:41:20Z,matches_2018_event_733.csv
4814108,733,China Championship Qualifiers,2018,2018-08-19,2018-08-22,101,1038,5,1,101,2018-09-24T01:13:54Z,matches_2018_event_733.csv
4814143,733,China Championship Qualifiers,2018,2018-08-19,2018-08-22,93,1981,3,5,1981,2018-09-24T01:13:54Z,matches_2018_event_733.csv
4814145,733,China Championship Qualifiers,2018,2018-08-19,2018-08-22,54,2379,5,1,54,2018-09-24T01:13:54Z,matches_2018_event_733.csv
4814162,733,China Championship Qualifiers,2018,2018-08-19,2018-08-22,52,1595,5,2,52,2018-09-24T01:13:54Z,matches_2018_event_733.csv
4814163,733,China Championship Qualifiers,2018,2018-08-19,2018-08-22,128,1383,5,3,128,2018-09-24T01:13:54Z,matches_2018_event_733.csv
4814114,733,China Championship Qualifiers,2018,2018-08-19,2018-08-22,200,21,5,4,200,2018-09-24T06:36:48Z,matches_2018_event_733.csv
4814171,733,China Championship Qualifiers,2018,2018-08-19,2018-08-22,1,177,5,0,1,2018-09-24T06:54:24Z,matches_2018_event_733.csv
4814155,733,China Championship Qualifiers,2018,2018-08-19,2018-08-22,224,520,5,3,224,2018-09-24T11:30:59Z,matches_2018_event_733.csv
5173173,734,Indian Open Qualifiers,2018,2018-08-15,2018-08-16,24,519,0,0,519,2018-08-14T19:10:15Z,matches_2018_event_734.csv
5173138,734,Indian Open Qualifiers,2018,2018-08-15,2018-08-16,448,104,4,1,448,2018-08-15T08:54:48Z,matches_2018_event_734.csv
5173139,734,Indian Open Qualifiers,2018,2018-08-15,2018-08-16,666,621,4,1,666,2018-08-15T08:54:48Z,matches_2018_event_734.csv
5173141,734,Indian Open Qualifiers,2018,2018-08-15,2018-08-16,171,14,4,1,171,2018-08-15T08:54:48Z,matches_2018_event_734.csv
5173142,734,Indian Open Qualifiers,2018,2018-08-15,2018-08-16,44,151,3,4,151,2018-08-15T08:54:48Z,matches_2018_event_734.csv
5173144,734,Indian Open Qualifiers,2018,2018-08-15,2018-08-16,32,608,3,4,608,2018-08-15T08:54:48Z,matches_2018_event_734.csv
5173145,734,Indian Open Qualifiers,2018,2018-08-15,2018-08-16,96,1762,2,4,1762,2018-08-15T08:54:48Z,matches_2018_event_734.csv
5173146,734,Indian Open Qualifiers,2018,2018-08-15,2018-08-16,295,2101,4,0,295,2018-08-15T12:02:15Z,matches_2018_event_734.csv
5173147,734,Indian Open Qualifiers,2018,2018-08-15,2018-08-16,1407,724,0,4,724,2018-08-15T12:02:15Z,matches_2018_event_734.csv
5173148,734,Indian Open Qualifiers,2018,2018-08-15,2018-08-16,168,1038,4,0,168,2018-08-15T12:02:15Z,matches_2018_event_734.csv
5173149,734,Indian Open Qualifiers,2018,2018-08-15,2018-08-16,42,106,4,3,42,2018-08-15T12:02:15Z,matches_2018_event_734.csv
5173152,734,Indian Open Qualifiers,2018,2018-08-15,2018-08-16,200,49,4,0,200,2018-08-15T12:02:15Z,matches_2018_event_734.csv
5173154,734,Indian Open Qualifiers,2018,2018-08-15,2018-08-16,37,81,4,3,37,2018-08-15T12:02:15Z,matches_2018_event_734.csv
5173170,734,Indian Open Qualifiers,2018,2018-08-15,2018-08-16,958,898,4,3,958,2018-08-15T12:02:15Z,matches_2018_event_734.csv
5173153,734,Indian Open Qualifiers,2018,2018-08-15,2018-08-16,30,1186,4,1,30,2018-08-15T15:14:46Z,matches_2018_event_734.csv
5173155,734,Indian Open Qualifiers,2018,2018-08-15,2018-08-16,546,605,4,2,546,2018-08-15T15:14:46Z,matches_2018_event_734.csv
5173156,734,Indian Open Qualifiers,2018,2018-08-15,2018-08-16,54,526,3,4,526,2018-08-15T15:14:46Z,matches_2018_event_734.csv
5173157,734,Indian Open Qualifiers,2018,2018-08-15,2018-08-16,1260,422,4,2,1260,2018-08-15T15:14:46Z,matches_2018_event_734.csv
5173158,734,Indian Open Qualifiers,2018,2018-08-15,2018-08-16,38,123,4,1,38,2018-08-15T15:14:46Z,matches_2018_event_734.csv
5173159,734,Indian Open Qualifiers,2018,2018-08-15,2018-08-16,92,908,0,4,908,2018-08-15T15:26:46Z,matches_2018_event_734.csv
5173160,734,Indian Open Qualifiers,2018,2018-08-15,2018-08-16,45,616,4,2,45,2018-08-15T15:30:58Z,matches_2018_event_734.csv
5173151,734,Indian Open Qualifiers,2018,2018-08-15,2018-08-16,20,109,0,4,109,2018-08-15T18:02:53Z,matches_2018_event_734.csv
5173161,734,Indian Open Qualifiers,2018,2018-08-15,2018-08-16,47,2134,4,2,47,2018-08-15T18:02:53Z,matches_2018_event_734.csv
5173162,734,Indian Open Qualifiers,2018,2018-08-15,2018-08-16,8,58,4,3,8,2018-08-15T18:02:53Z,matches_2018_event_734.csv
5173163,734,Indian Open Qualifiers,2018,2018-08-15,2018-08-16,120,35,2,4,35,2018-08-15T18:02:53Z,matches_2018_event_734.csv
5173166,734,Indian Open Qualifiers,2018,2018-08-15,2018-08-16,48,592,2,4,592,2018-08-15T18:02:53Z,matches_2018_event_734.csv
5173167,734,Indian Open Qualifiers,2018,2018-08-15,2018-08-16,549,21,4,2,549,2018-08-15T18:02:53Z,matches_2018_event_734.csv
5173172,734,Indian Open Qualifiers,2018,2018-08-15,2018-08-16,497,2335,4,1,497,2018-08-15T18:02:53Z,matches_2018_event_734.csv
5173171,734,Indian Open Qualifiers,2018,2018-08-15,2018-08-16,61,620,1,4,620,2018-08-16T09:01:05Z,matches_2018_event_734.csv
5173174,734,Indian Open Qualifiers,2018,2018-08-15,2018-08-16,1763,306,0,4,306,2018-08-16T09:01:05Z,matches_2018_event_734.csv
5173176,734,Indian Open Qualifiers,2018,2018-08-15,2018-08-16,905,218,4,3,905,2018-08-16T09:01:05Z,matches_2018_event_734.csv
5173177,734,Indian Open Qualifiers,2018,2018-08-15,2018-08-16,217,74,4,2,217,2018-08-16T09:01:05Z,matches_2018_event_734.csv
5173178,734,Indian Open Qualifiers,2018,2018-08-15,2018-08-16,125,933,4,1,125,2018-08-16T09:01:05Z,matches_2018_event_734.csv
5173193,734,Indian Open Qualifiers,2018,2018-08-15,2018-08-16,50,177,4,3,50,2018-08-16T09:01:05Z,matches_2018_event_734.csv
5173165,734,Indian Open Qualifiers,2018,2018-08-15,2018-08-16,63,582,4,2,63,2018-08-16T12:00:33Z,matches_2018_event_734.csv
5173179,734,Indian Open Qualifiers,2018,2018-08-15,2018-08-16,239,1567,4,2,239,2018-08-16T12:00:33Z,matches_2018_event_734.csv
5173180,734,Indian Open Qualifiers,2018,2018-08-15,2018-08-16,52,412,4,0,52,2018-08-16T12:00:33Z,matches_2018_event_734.csv
5173181,734,Indian Open Qualifiers,2018,2018-08-15,2018-08-16,208,23,2,4,23,2018-08-16T12:00:33Z,matches_2018_event_734.csv
5173182,734,Indian Open Qualifiers,2018,2018-08-15,2018-08-16,15,552,4,1,15,2018-08-16T12:00:33Z,matches_2018_event_734.csv
5173183,734,Indian Open Qualifiers,2018,2018-08-15,2018-08-16,1108,593,4,0,1108,2018-08-16T12:00:33Z,matches_2018_event_734.csv
5173194,734,Indian Open Qualifiers,2018,2018-08-15,2018-08-16,115,163,4,1,115,2018-08-16T12:00:33Z,matches_2018_event_734.csv
5173184,734,Indian Open Qualifiers,2018,2018-08-15,2018-08-16,22,1509,1,4,1509,2018-08-16T14:45:35Z,matches_2018_event_734.csv
5173186,734,Indian Open Qualifiers,2018,2018-08-15,2018-08-16,87,910,4,2,87,2018-08-16T14:45:35Z,matches_2018_event_734.csv
5173188,734,Indian Open Qualifiers,2018,2018-08-15,2018-08-16,25,982,4,1,25,2018-08-16T14:45:35Z,matches_2018_event_734.csv
5173189,734,Indian Open Qualifiers,2018,2018-08-15,2018-08-16,28,131,2,4,131,2018-08-16T14:45:35Z,matches_2018_event_734.csv
5173190,734,Indian Open Qualifiers,2018,2018-08-15,2018-08-16,947,1417,4,2,947,2018-08-16T14:45:35Z,matches_2018_event_734.csv
5173191,734,Indian Open Qualifiers,2018,2018-08-15,2018-08-16,93,998,4,3,93,2018-08-16T14:49:03Z,matches_2018_event_734.csv
5173199,734,Indian Open Qualifiers,2018,2018-08-15,2018-08-16,26,520,1,4,520,2018-08-16T14:54:22Z,matches_2018_event_734.csv
5173192,734,Indian Open Qualifiers,2018,2018-08-15,2018-08-16,894,1082,4,3,894,2018-08-16T18:01:05Z,matches_2018_event_734.csv
5173195,734,Indian Open Qualifiers,2018,2018-08-15,2018-08-16,170,76,1,4,76,2018-08-16T18:01:05Z,matches_2018_event_734.csv
5173196,734,Indian Open Qualifiers,2018,2018-08-15,2018-08-16,62,946,3,4,946,2018-08-16T18:01:05Z,matches_2018_event_734.csv
5173185,734,Indian Open Qualifiers,2018,2018-08-15,2018-08-16,101,119,4,3,101,2018-08-16T18:02:02Z,matches_2018_event_734.csv
5173197,734,Indian Open Qualifiers,2018,2018-08-15,2018-08-16,1044,90,4,2,1044,2018-08-16T18:02:02Z,matches_2018_event_734.csv
5173198,734,Indian Open Qualifiers,2018,2018-08-15,2018-08-16,128,1237,4,1,128,2018-08-16T18:02:02Z,matches_2018_event_734.csv
5173143,734,Indian Open Qualifiers,2018,2018-08-15,2018-08-16,118,1101,4,2,118,2018-08-16T18:05:05Z,matches_2018_event_734.csv
5173168,734,Indian Open Qualifiers,2018,2018-08-15,2018-08-16,202,1934,0,0,1934,2019-01-24T00:20:56Z,matches_2018_event_734.csv
5173169,734,Indian Open Qualifiers,2018,2018-08-15,2018-08-16,154,51,0,0,51,2019-02-14T19:43:16Z,matches_2018_event_734.csv
5173187,734,Indian Open Qualifiers,2018,2018-08-15,2018-08-16,10,2441,0,0,2441,2019-02-25T02:11:02Z,matches_2018_event_734.csv
5173140,734,Indian Open Qualifiers,2018,2018-08-15,2018-08-16,33,2298,4,2,33,2019-02-27T05:11:01Z,matches_2018_event_734.csv
5173150,734,Indian Open Qualifiers,2018,2018-08-15,2018-08-16,19,1849,4,0,19,2019-02-27T05:11:01Z,matches_2018_event_734.csv
5173175,734,Indian Open Qualifiers,2018,2018-08-15,2018-08-16,906,1351,4,1,906,2019-02-27T05:11:01Z,matches_2018_event_734.csv
5173164,734,Indian Open Qualifiers,2018,2018-08-15,2018-08-16,85,2341,4,0,85,2019-02-27T07:54:21Z,matches_2018_event_734.csv
5173137,734,Indian Open Qualifiers,2018,2018-08-15,2018-08-16,237,1323,4,1,237,2019-02-27T13:32:42Z,matches_2018_event_734.csv
5173200,734,Indian Open Qualifiers,2018,2018-08-15,2018-08-16,97,201,4,1,97,2019-02-27T15:38:08Z,matches_2018_event_734.csv
5313252,742,World Championship,2018,2019-04-20,2019-05-06,1,27,10,7,1,2019-04-20T08:55:34Z,matches_2018_event_742.csv
5313261,742,World Championship,2018,2019-04-20,2019-05-06,101,546,9,10,546,2019-04-20T08:55:34Z,matches_2018_event_742.csv
5313259,742,World Championship,2018,2019-04-20,2019-05-06,154,497,10,1,154,2019-04-20T13:38:45Z,matches_2018_event_742.csv
5313265,742,World Championship,2018,2019-04-20,2019-05-06,224,22,10,7,224,2019-04-20T13:38:45Z,matches_2018_event_742.csv
5313266,742,World Championship,2018,2019-04-20,2019-05-06,2,218,10,9,2,2019-04-20T18:00:13Z,matches_2018_event_742.csv
5313256,742,World Championship,2018,2019-04-20,2019-05-06,237,15,10,7,237,2019-04-21T09:09:43Z,matches_2018_event_742.csv
5313258,742,World Championship,2018,2019-04-20,2019-05-06,97,1237,10,0,97,2019-04-21T13:30:44Z,matches_2018_event_742.csv
5313260,742,World Championship,2018,2019-04-20,2019-05-06,17,946,10,7,17,2019-04-22T09:01:11Z,matches_2018_event_742.csv
5313267,742,World Championship,2018,2019-04-20,2019-05-06,5,151,8,10,151,2019-04-22T13:30:45Z,matches_2018_event_742.csv
5313253,742,World Championship,2018,2019-04-20,2019-05-06,118,168,10,7,118,2019-04-22T17:55:35Z,matches_2018_event_742.csv
5313257,742,World Championship,2018,2019-04-20,2019-05-06,30,52,10,9,30,2019-04-23T09:00:10Z,matches_2018_event_742.csv
5313264,742,World Championship,2018,2019-04-20,2019-05-06,12,217,10,9,12,2019-04-23T13:35:28Z,matches_2018_event_742.csv
5313263,742,World Championship,2018,2019-04-20,2019-05-06,202,906,7,10,906,2019-04-23T18:08:17Z,matches_2018_event_742.csv
5313254,742,World Championship,2018,2019-04-20,2019-05-06,16,295,10,1,16,2019-04-24T08:58:58Z,matches_2018_event_742.csv
5313255,742,World Championship,2018,2019-04-20,2019-05-06,39,894,10,4,39,2019-04-24T13:29:37Z,matches_2018_event_742.csv
5313262,742,World Championship,2018,2019-04-20,2019-05-06,85,158,6,10,158,2019-04-24T17:55:45Z,matches_2018_event_742.csv
5313247,742,World Championship,2018,2019-04-20,2019-05-06,97,154,6,13,154,2019-04-25T12:02:21Z,matches_2018_event_742.csv
5313248,742,World Championship,2018,2019-04-20,2019-05-06,17,546,10,13,546,2019-04-25T17:56:26Z,matches_2018_event_742.csv
5313251,742,World Championship,2018,2019-04-20,2019-05-06,2,151,13,12,2,2019-04-26T09:01:44Z,matches_2018_event_742.csv
5313244,742,World Championship,2018,2019-04-20,2019-05-06,1,118,9,13,118,2019-04-26T13:28:11Z,matches_2018_event_742.csv
5313246,742,World Championship,2018,2019-04-20,2019-05-06,237,30,13,11,237,2019-04-27T13:36:16Z,matches_2018_event_742.csv
5313250,742,World Championship,2018,2019-04-20,2019-05-06,12,224,13,9,12,2019-04-27T18:00:50Z,matches_2018_event_742.csv
5313245,742,World Championship,2018,2019-04-20,2019-05-06,16,39,11,13,39,2019-04-28T09:10:47Z,matches_2018_event_742.csv
5313249,742,World Championship,2018,2019-04-20,2019-05-06,158,906,13,9,158,2019-04-28T09:10:47Z,matches_2018_event_742.csv
5313240,742,World Championship,2018,2019-04-20,2019-05-06,118,39,13,8,118,2019-04-30T09:11:14Z,matches_2018_event_742.csv
5313242,742,World Championship,2018,2019-04-20,2019-05-06,546,158,13,9,546,2019-04-30T09:11:14Z,matches_2018_event_742.csv
5313241,742,World Championship,2018,2019-04-20,2019-05-06,237,154,13,10,237,2019-04-30T13:38:45Z,matches_2018_event_742.csv
5313243,742,World Championship,2018,2019-04-20,2019-05-06,12,2,13,6,12,2019-04-30T13:38:45Z,matches_2018_event_742.csv
5313269,742,World Championship,2018,2019-04-20,2019-05-06,118,237,16,17,237,2019-05-02T12:04:10Z,matches_2018_event_742.csv
5313270,742,World Championship,2018,2019-04-20,2019-05-06,546,12,11,17,12,2019-05-02T17:48:07Z,matches_2018_event_742.csv
5313268,742,World Championship,2018,2019-04-20,2019-05-06,237,12,9,18,12,2019-05-05T13:13:33Z,matches_2018_event_742.csv
5300659,743,World Championship Qualifiers,2018,2019-04-10,2019-04-17,497,520,10,7,497,2019-04-10T09:02:48Z,matches_2018_event_743.csv
5300660,743,World Championship Qualifiers,2018,2019-04-10,2019-04-17,42,982,10,4,42,2019-04-10T09:02:48Z,matches_2018_event_743.csv
5300661,743,World Championship Qualifiers,2018,2019-04-10,2019-04-17,306,1835,10,3,306,2019-04-10T09:02:48Z,matches_2018_event_743.csv
5300662,743,World Championship Qualifiers,2018,2019-04-10,2019-04-17,1260,1082,10,3,1260,2019-04-10T09:02:48Z,matches_2018_event_743.csv
5300675,743,World Championship Qualifiers,2018,2019-04-10,2019-04-17,48,616,10,2,48,2019-04-10T09:02:48Z,matches_2018_event_743.csv
5300676,743,World Championship Qualifiers,2018,2019-04-10,2019-04-17,217,1655,10,4,217,2019-04-10T09:02:48Z,matches_2018_event_743.csv
5300677,743,World Championship Qualifiers,2018,2019-04-10,2019-04-17,1038,35,10,1,1038,2019-04-10T09:02:48Z,matches_2018_event_743.csv
5300678,743,World Championship Qualifiers,2018,2019-04-10,2019-04-17,93,910,10,0,93,2019-04-10T09:02:48Z,matches_2018_event_743.csv
5300679,743,World Championship Qualifiers,2018,2019-04-10,2019-04-17,24,90,10,5,24,2019-04-10T09:02:48Z,matches_2018_event_743.csv
5300680,743,World Championship Qualifiers,2018,2019-04-10,2019-04-17,37,204,9,10,204,2019-04-10T09:02:48Z,matches_2018_event_743.csv
5300681,743,World Championship Qualifiers,2018,2019-04-10,2019-04-17,125,983,10,5,125,2019-04-10T09:02:48Z,matches_2018_event_743.csv
5300635,743,World Championship Qualifiers,2018,2019-04-10,2019-04-17,546,621,10,5,546,2019-04-10T14:04:18Z,matches_2018_event_743.csv
5300655,743,World Championship Qualifiers,2018,2019-04-10,2019-04-17,32,106,10,5,32,2019-04-10T14:04:18Z,matches_2018_event_743.csv
5300656,743,World Championship Qualifiers,2018,2019-04-10,2019-04-17,666,81,10,4,666,2019-04-10T14:04:18Z,matches_2018_event_743.csv
5300657,743,World Championship Qualifiers,2018,2019-04-10,2019-04-17,38,2470,10,7,38,2019-04-10T14:04:18Z,matches_2018_event_743.csv
5300682,743,World Championship Qualifiers,2018,2019-04-10,2019-04-17,25,151,9,10,151,2019-04-10T14:04:18Z,matches_2018_event_743.csv
5300687,743,World Championship Qualifiers,2018,2019-04-10,2019-04-17,115,193,10,9,115,2019-04-10T14:04:18Z,matches_2018_event_743.csv
5300688,743,World Championship Qualifiers,2018,2019-04-10,2019-04-17,47,2320,10,3,47,2019-04-10T14:04:18Z,matches_2018_event_743.csv
5300689,743,World Championship Qualifiers,2018,2019-04-10,2019-04-17,946,2472,10,2,946,2019-04-10T14:04:18Z,matches_2018_event_743.csv
5300658,743,World Championship Qualifiers,2018,2019-04-10,2019-04-17,27,1844,10,0,27,2019-04-10T14:05:25Z,matches_2018_event_743.csv
5300690,743,World Championship Qualifiers,2018,2019-04-10,2019-04-17,208,104,10,3,208,2019-04-10T14:06:59Z,matches_2018_event_743.csv
5300636,743,World Championship Qualifiers,2018,2019-04-10,2019-04-17,33,1186,10,5,33,2019-04-11T09:00:07Z,matches_2018_event_743.csv
5300637,743,World Championship Qualifiers,2018,2019-04-10,2019-04-17,200,2101,10,0,200,2019-04-11T09:00:07Z,matches_2018_event_743.csv
5300638,743,World Championship Qualifiers,2018,2019-04-10,2019-04-17,50,67,8,10,67,2019-04-11T09:00:07Z,matches_2018_event_743.csv
5300643,743,World Championship Qualifiers,2018,2019-04-10,2019-04-17,1763,933,10,6,1763,2019-04-11T09:00:07Z,matches_2018_event_743.csv
5300644,743,World Championship Qualifiers,2018,2019-04-10,2019-04-17,92,519,10,4,92,2019-04-11T09:00:07Z,matches_2018_event_743.csv
5300645,743,World Championship Qualifiers,2018,2019-04-10,2019-04-17,448,412,10,5,448,2019-04-11T09:00:07Z,matches_2018_event_743.csv
5300646,743,World Championship Qualifiers,2018,2019-04-10,2019-04-17,22,1323,10,8,22,2019-04-11T09:00:07Z,matches_2018_event_743.csv
5300667,743,World Championship Qualifiers,2018,2019-04-10,2019-04-17,62,21,10,7,62,2019-04-11T09:00:07Z,matches_2018_event_743.csv
5300668,743,World Championship Qualifiers,2018,2019-04-10,2019-04-17,620,998,10,7,620,2019-04-11T09:00:07Z,matches_2018_event_743.csv
5300669,743,World Championship Qualifiers,2018,2019-04-10,2019-04-17,906,549,10,7,906,2019-04-11T09:00:07Z,matches_2018_event_743.csv
5300670,743,World Championship Qualifiers,2018,2019-04-10,2019-04-17,45,593,10,7,45,2019-04-11T09:00:07Z,matches_2018_event_743.csv
5300639,743,World Championship Qualifiers,2018,2019-04-10,2019-04-17,96,76,10,8,96,2019-04-12T09:05:22Z,matches_2018_event_743.csv
5300640,743,World Championship Qualifiers,2018,2019-04-10,2019-04-17,4,1237,7,10,1237,2019-04-12T09:05:22Z,matches_2018_event_743.csv
5300641,743,World Championship Qualifiers,2018,2019-04-10,2019-04-17,109,917,10,2,109,2019-04-12T09:05:22Z,matches_2018_event_743.csv
5300642,743,World Championship Qualifiers,2018,2019-04-10,2019-04-17,8,898,10,3,8,2019-04-12T09:05:22Z,matches_2018_event_743.csv
5300671,743,World Championship Qualifiers,2018,2019-04-10,2019-04-17,63,2166,10,4,63,2019-04-12T09:05:22Z,matches_2018_event_743.csv
5300672,743,World Championship Qualifiers,2018,2019-04-10,2019-04-17,15,177,10,6,15,2019-04-12T09:05:22Z,matches_2018_event_743.csv
5300673,743,World Championship Qualifiers,2018,2019-04-10,2019-04-17,239,58,4,10,58,2019-04-12T09:05:22Z,matches_2018_event_743.csv
5300691,743,World Championship Qualifiers,2018,2019-04-10,2019-04-17,44,1485,10,6,44,2019-04-12T09:05:22Z,matches_2018_event_743.csv
5300692,743,World Championship Qualifiers,2018,2019-04-10,2019-04-17,120,74,10,6,120,2019-04-12T09:05:22Z,matches_2018_event_743.csv
5300693,743,World Championship Qualifiers,2018,2019-04-10,2019-04-17,947,175,10,2,947,2019-04-12T09:05:22Z,matches_2018_event_743.csv
5300694,743,World Championship Qualifiers,2018,2019-04-10,2019-04-17,168,1567,10,1,168,2019-04-12T09:05:22Z,matches_2018_event_743.csv
5300651,743,World Championship Qualifiers,2018,2019-04-10,2019-04-17,295,1101,10,5,295,2019-04-12T13:32:11Z,matches_2018_event_743.csv
5300652,743,World Championship Qualifiers,2018,2019-04-10,2019-04-17,87,163,10,7,87,2019-04-12T13:32:11Z,matches_2018_event_743.csv
5300653,743,World Championship Qualifiers,2018,2019-04-10,2019-04-17,19,608,10,7,19,2019-04-12T13:32:11Z,matches_2018_event_743.csv
5300654,743,World Championship Qualifiers,2018,2019-04-10,2019-04-17,54,14,7,10,14,2019-04-12T13:32:11Z,matches_2018_event_743.csv
5300663,743,World Championship Qualifiers,2018,2019-04-10,2019-04-17,158,23,10,1,158,2019-04-12T13:32:11Z,matches_2018_event_743.csv
5300664,743,World Championship Qualifiers,2018,2019-04-10,2019-04-17,20,2352,10,5,20,2019-04-12T13:32:11Z,matches_2018_event_743.csv
5300665,743,World Championship Qualifiers,2018,2019-04-10,2019-04-17,171,51,10,4,171,2019-04-12T13:32:11Z,matches_2018_event_743.csv
5300666,743,World Championship Qualifiers,2018,2019-04-10,2019-04-17,1108,526,8,10,526,2019-04-12T13:32:11Z,matches_2018_event_743.csv
5300674,743,World Championship Qualifiers,2018,2019-04-10,2019-04-17,905,724,10,5,905,2019-04-12T13:32:11Z,matches_2018_event_743.csv
5300683,743,World Championship Qualifiers,2018,2019-04-10,2019-04-17,28,18,10,4,28,2019-04-12T13:32:11Z,matches_2018_event_743.csv
5300631,743,World Championship Qualifiers,2018,2019-04-10,2019-04-17,68,592,10,6,68,2019-04-13T08:52:36Z,matches_2018_event_743.csv
5300632,743,World Championship Qualifiers,2018,2019-04-10,2019-04-17,218,1934,10,5,218,2019-04-13T08:52:36Z,matches_2018_event_743.csv
5300633,743,World Championship Qualifiers,2018,2019-04-10,2019-04-17,9,1509,10,3,9,2019-04-13T08:52:36Z,matches_2018_event_743.csv
5300634,743,World Championship Qualifiers,2018,2019-04-10,2019-04-17,1044,1417,10,5,1044,2019-04-13T08:52:36Z,matches_2018_event_743.csv
5300647,743,World Championship Qualifiers,2018,2019-04-10,2019-04-17,52,1762,10,2,52,2019-04-13T08:52:36Z,matches_2018_event_743.csv
5300648,743,World Championship Qualifiers,2018,2019-04-10,2019-04-17,1407,552,10,2,1407,2019-04-13T08:52:36Z,matches_2018_event_743.csv
5300649,743,World Championship Qualifiers,2018,2019-04-10,2019-04-17,128,1257,6,10,1257,2019-04-13T08:52:36Z,matches_2018_event_743.csv
5300650,743,World Championship Qualifiers,2018,2019-04-10,2019-04-17,61,49,10,3,61,2019-04-13T08:52:36Z,matches_2018_event_743.csv
5300684,743,World Championship Qualifiers,2018,2019-04-10,2019-04-17,908,26,10,4,908,2019-04-13T08:52:36Z,matches_2018_event_743.csv
5300685,743,World Championship Qualifiers,2018,2019-04-10,2019-04-17,894,131,10,8,894,2019-04-13T08:52:36Z,matches_2018_event_743.csv
5300686,743,World Championship Qualifiers,2018,2019-04-10,2019-04-17,170,123,10,8,170,2019-04-13T08:52:36Z,matches_2018_event_743.csv
5296473,743,World Championship Qualifiers,2018,2019-04-10,2019-04-17,546,33,10,3,546,2019-04-14T09:05:12Z,matches_2018_event_743.csv
5296474,743,World Championship Qualifiers,2018,2019-04-10,2019-04-17,200,67,10,7,200,2019-04-14T09:05:12Z,matches_2018_event_743.csv
5296483,743,World Championship Qualifiers,2018,2019-04-10,2019-04-17,32,666,10,6,32,2019-04-14T09:05:12Z,matches_2018_event_743.csv
5296484,743,World Championship Qualifiers,2018,2019-04-10,2019-04-17,38,27,6,10,27,2019-04-14T09:05:12Z,matches_2018_event_743.csv
5296485,743,World Championship Qualifiers,2018,2019-04-10,2019-04-17,497,42,10,8,497,2019-04-14T09:05:12Z,matches_2018_event_743.csv
5296486,743,World Championship Qualifiers,2018,2019-04-10,2019-04-17,306,1260,8,10,1260,2019-04-14T09:05:12Z,matches_2018_event_743.csv
5296493,743,World Championship Qualifiers,2018,2019-04-10,2019-04-17,48,217,5,10,217,2019-04-14T09:05:12Z,matches_2018_event_743.csv
5296494,743,World Championship Qualifiers,2018,2019-04-10,2019-04-17,1038,93,10,9,1038,2019-04-14T09:05:12Z,matches_2018_event_743.csv
5296495,743,World Championship Qualifiers,2018,2019-04-10,2019-04-17,24,204,9,10,204,2019-04-14T09:05:12Z,matches_2018_event_743.csv
5296496,743,World Championship Qualifiers,2018,2019-04-10,2019-04-17,125,151,7,10,151,2019-04-14T09:05:12Z,matches_2018_event_743.csv
5296499,743,World Championship Qualifiers,2018,2019-04-10,2019-04-17,115,47,7,10,47,2019-04-14T09:05:12Z,matches_2018_event_743.csv
5296475,743,World Championship Qualifiers,2018,2019-04-10,2019-04-17,96,1237,8,10,1237,2019-04-14T13:19:05Z,matches_2018_event_743.csv
5296476,743,World Championship Qualifiers,2018,2019-04-10,2019-04-17,109,8,8,10,8,2019-04-14T13:19:05Z,matches_2018_event_743.csv
5296477,743,World Championship Qualifiers,2018,2019-04-10,2019-04-17,1763,92,5,10,92,2019-04-14T13:19:05Z,matches_2018_event_743.csv
5296478,743,World Championship Qualifiers,2018,2019-04-10,2019-04-17,448,22,5,10,22,2019-04-14T13:19:05Z,matches_2018_event_743.csv
5296489,743,World Championship Qualifiers,2018,2019-04-10,2019-04-17,62,620,9,10,620,2019-04-14T13:19:05Z,matches_2018_event_743.csv
5296490,743,World Championship Qualifiers,2018,2019-04-10,2019-04-17,906,45,10,5,906,2019-04-14T13:19:05Z,matches_2018_event_743.csv
5296491,743,World Championship Qualifiers,2018,2019-04-10,2019-04-17,63,15,4,10,15,2019-04-14T13:19:05Z,matches_2018_event_743.csv
5296492,743,World Championship Qualifiers,2018,2019-04-10,2019-04-17,58,905,0,10,905,2019-04-14T13:19:05Z,matches_2018_event_743.csv
5296500,743,World Championship Qualifiers,2018,2019-04-10,2019-04-17,946,208,10,5,946,2019-04-14T13:19:05Z,matches_2018_event_743.csv
5296501,743,World Championship Qualifiers,2018,2019-04-10,2019-04-17,44,120,8,10,120,2019-04-14T13:19:05Z,matches_2018_event_743.csv
5296471,743,World Championship Qualifiers,2018,2019-04-10,2019-04-17,68,218,3,10,218,2019-04-15T08:44:27Z,matches_2018_event_743.csv
5296472,743,World Championship Qualifiers,2018,2019-04-10,2019-04-17,9,1044,10,7,9,2019-04-15T08:44:27Z,matches_2018_event_743.csv
5296479,743,World Championship Qualifiers,2018,2019-04-10,2019-04-17,52,1407,10,4,52,2019-04-15T08:44:27Z,matches_2018_event_743.csv
5296480,743,World Championship Qualifiers,2018,2019-04-10,2019-04-17,1257,61,7,10,61,2019-04-15T08:44:27Z,matches_2018_event_743.csv
5296481,743,World Championship Qualifiers,2018,2019-04-10,2019-04-17,295,87,10,8,295,2019-04-15T08:44:27Z,matches_2018_event_743.csv
5296482,743,World Championship Qualifiers,2018,2019-04-10,2019-04-17,19,14,10,4,19,2019-04-15T08:44:27Z,matches_2018_event_743.csv
5296487,743,World Championship Qualifiers,2018,2019-04-10,2019-04-17,158,20,10,4,158,2019-04-15T08:44:27Z,matches_2018_event_743.csv
5296488,743,World Championship Qualifiers,2018,2019-04-10,2019-04-17,171,526,6,10,526,2019-04-15T08:44:27Z,matches_2018_event_743.csv
5296497,743,World Championship Qualifiers,2018,2019-04-10,2019-04-17,28,908,5,10,908,2019-04-15T08:44:27Z,matches_2018_event_743.csv
5296498,743,World Championship Qualifiers,2018,2019-04-10,2019-04-17,894,170,10,4,894,2019-04-15T08:44:27Z,matches_2018_event_743.csv
5296502,743,World Championship Qualifiers,2018,2019-04-10,2019-04-17,947,168,1,10,168,2019-04-15T08:44:27Z,matches_2018_event_743.csv
5577742,743,World Championship Qualifiers,2018,2019-04-10,2019-04-17,546,200,10,6,546,2019-04-16T10:05:52Z,matches_2018_event_743.csv
5577744,743,World Championship Qualifiers,2018,2019-04-10,2019-04-17,92,22,8,10,22,2019-04-16T10:05:52Z,matches_2018_event_743.csv
5577747,743,World Championship Qualifiers,2018,2019-04-10,2019-04-17,32,27,8,10,27,2019-04-16T10:05:52Z,matches_2018_event_743.csv
5577748,743,World Championship Qualifiers,2018,2019-04-10,2019-04-17,497,1260,10,8,497,2019-04-16T10:05:52Z,matches_2018_event_743.csv
5577750,743,World Championship Qualifiers,2018,2019-04-10,2019-04-17,620,906,6,10,906,2019-04-16T10:05:52Z,matches_2018_event_743.csv
5577751,743,World Championship Qualifiers,2018,2019-04-10,2019-04-17,15,905,10,7,15,2019-04-16T10:05:52Z,matches_2018_event_743.csv
5577752,743,World Championship Qualifiers,2018,2019-04-10,2019-04-17,217,1038,10,6,217,2019-04-16T10:05:52Z,matches_2018_event_743.csv
5577753,743,World Championship Qualifiers,2018,2019-04-10,2019-04-17,204,151,6,10,151,2019-04-16T10:05:52Z,matches_2018_event_743.csv
5577741,743,World Championship Qualifiers,2018,2019-04-10,2019-04-17,218,9,10,8,218,2019-04-16T16:10:53Z,matches_2018_event_743.csv
5577743,743,World Championship Qualifiers,2018,2019-04-10,2019-04-17,1237,8,10,8,1237,2019-04-16T16:10:53Z,matches_2018_event_743.csv
5577745,743,World Championship Qualifiers,2018,2019-04-10,2019-04-17,52,61,10,2,52,2019-04-16T16:10:53Z,matches_2018_event_743.csv
5577746,743,World Championship Qualifiers,2018,2019-04-10,2019-04-17,295,19,10,8,295,2019-04-16T16:10:53Z,matches_2018_event_743.csv
5577749,743,World Championship Qualifiers,2018,2019-04-10,2019-04-17,158,526,10,4,158,2019-04-16T16:10:53Z,matches_2018_event_743.csv
5577754,743,World Championship Qualifiers,2018,2019-04-10,2019-04-17,908,894,9,10,894,2019-04-16T16:10:53Z,matches_2018_event_743.csv
5577755,743,World Championship Qualifiers,2018,2019-04-10,2019-04-17,47,946,4,10,946,2019-04-16T16:10:53Z,matches_2018_event_743.csv
5577756,743,World Championship Qualifiers,2018,2019-04-10,2019-04-17,120,168,3,10,168,2019-04-16T16:10:53Z,matches_2018_event_743.csv
5176045,744,Players Championship,2018,2019-03-04,2019-03-10,202,2,6,2,202,2019-03-04T18:43:23Z,matches_2018_event_744.csv
5176047,744,Players Championship,2018,2019-03-04,2019-03-10,5,16,6,4,5,2019-03-04T18:43:23Z,matches_2018_event_744.csv
5176049,744,Players Championship,2018,2019-03-04,2019-03-10,154,168,6,3,154,2019-03-05T12:59:00Z,matches_2018_event_744.csv
5176050,744,Players Championship,2018,2019-03-04,2019-03-10,1,158,6,2,1,2019-03-05T12:59:00Z,matches_2018_event_744.csv
5176051,744,Players Championship,2018,2019-03-04,2019-03-10,39,85,4,6,85,2019-03-05T18:51:37Z,matches_2018_event_744.csv
5176052,744,Players Championship,2018,2019-03-04,2019-03-10,12,93,6,0,12,2019-03-05T18:51:37Z,matches_2018_event_744.csv
5176046,744,Players Championship,2018,2019-03-04,2019-03-10,118,30,4,6,30,2019-03-06T12:59:20Z,matches_2018_event_744.csv
5176048,744,Players Championship,2018,2019-03-04,2019-03-10,17,237,4,6,237,2019-03-06T12:59:20Z,matches_2018_event_744.csv
5176827,744,Players Championship,2018,2019-03-04,2019-03-10,85,12,5,6,12,2019-03-06T19:00:48Z,matches_2018_event_744.csv
5176826,744,Players Championship,2018,2019-03-04,2019-03-10,154,1,6,4,154,2019-03-07T12:59:05Z,matches_2018_event_744.csv
5176824,744,Players Championship,2018,2019-03-04,2019-03-10,202,30,6,4,202,2019-03-07T19:03:55Z,matches_2018_event_744.csv
5176825,744,Players Championship,2018,2019-03-04,2019-03-10,5,237,6,4,5,2019-03-08T12:59:37Z,matches_2018_event_744.csv
5176938,744,Players Championship,2018,2019-03-04,2019-03-10,154,12,6,4,154,2019-03-08T19:04:31Z,matches_2018_event_744.csv
5176937,744,Players Championship,2018,2019-03-04,2019-03-10,202,5,0,6,5,2019-03-09T19:00:09Z,matches_2018_event_744.csv
5177489,744,Players Championship,2018,2019-03-04,2019-03-10,5,154,10,4,5,2019-03-10T13:00:05Z,matches_2018_event_744.csv
5081212,745,World Grand Prix,2018,2019-02-04,2019-02-10,16,68,4,1,16,2019-02-04T19:00:09Z,matches_2018_event_745.csv
5081213,745,World Grand Prix,2018,2019-02-04,2019-02-10,5,4,2,4,4,2019-02-04T19:00:09Z,matches_2018_event_745.csv
5081211,745,World Grand Prix,2018,2019-02-04,2019-02-10,30,946,4,1,30,2019-02-04T20:29:40Z,matches_2018_event_745.csv
5081198,745,World Grand Prix,2018,2019-02-04,2019-02-10,202,546,4,2,202,2019-02-04T20:43:07Z,matches_2018_event_745.csv
5081199,745,World Grand Prix,2018,2019-02-04,2019-02-10,120,158,3,4,158,2019-02-05T12:51:14Z,matches_2018_event_745.csv
5081205,745,World Grand Prix,2018,2019-02-04,2019-02-10,1,1108,3,4,1108,2019-02-05T12:51:14Z,matches_2018_event_745.csv
5081202,745,World Grand Prix,2018,2019-02-04,2019-02-10,154,24,3,4,24,2019-02-05T15:17:32Z,matches_2018_event_745.csv
5081203,745,World Grand Prix,2018,2019-02-04,2019-02-10,93,15,3,4,15,2019-02-05T15:36:01Z,matches_2018_event_745.csv
5081204,745,World Grand Prix,2018,2019-02-04,2019-02-10,2,28,4,1,2,2019-02-05T19:01:27Z,matches_2018_event_745.csv
5081209,745,World Grand Prix,2018,2019-02-04,2019-02-10,12,128,4,3,12,2019-02-05T19:01:27Z,matches_2018_event_745.csv
5081208,745,World Grand Prix,2018,2019-02-04,2019-02-10,168,8,3,4,8,2019-02-05T20:49:01Z,matches_2018_event_745.csv
5081200,745,World Grand Prix,2018,2019-02-04,2019-02-10,85,224,1,4,224,2019-02-05T21:53:50Z,matches_2018_event_745.csv
5081206,745,World Grand Prix,2018,2019-02-04,2019-02-10,17,97,4,1,17,2019-02-06T13:03:43Z,matches_2018_event_745.csv
5081207,745,World Grand Prix,2018,2019-02-04,2019-02-10,237,208,2,4,208,2019-02-06T13:03:43Z,matches_2018_event_745.csv
5081210,745,World Grand Prix,2018,2019-02-04,2019-02-10,39,9,4,3,39,2019-02-06T14:59:58Z,matches_2018_event_745.csv
5081201,745,World Grand Prix,2018,2019-02-04,2019-02-10,118,1260,4,0,118,2019-02-06T15:02:49Z,matches_2018_event_745.csv
5081416,745,World Grand Prix,2018,2019-02-04,2019-02-10,24,15,4,1,24,2019-02-06T19:05:21Z,matches_2018_event_745.csv
5081419,745,World Grand Prix,2018,2019-02-04,2019-02-10,8,12,2,4,12,2019-02-06T19:05:21Z,matches_2018_event_745.csv
5081421,745,World Grand Prix,2018,2019-02-04,2019-02-10,16,4,4,1,16,2019-02-06T20:42:58Z,matches_2018_event_745.csv
5081417,745,World Grand Prix,2018,2019-02-04,2019-02-10,2,1108,2,4,1108,2019-02-06T20:56:44Z,matches_2018_event_745.csv
5081414,745,World Grand Prix,2018,2019-02-04,2019-02-10,202,158,1,4,158,2019-02-07T13:02:40Z,matches_2018_event_745.csv
5081415,745,World Grand Prix,2018,2019-02-04,2019-02-10,224,118,0,4,118,2019-02-07T13:02:40Z,matches_2018_event_745.csv
5081418,745,World Grand Prix,2018,2019-02-04,2019-02-10,17,208,4,2,17,2019-02-07T14:17:46Z,matches_2018_event_745.csv
5081420,745,World Grand Prix,2018,2019-02-04,2019-02-10,39,30,4,0,39,2019-02-07T14:55:20Z,matches_2018_event_745.csv
5081186,745,World Grand Prix,2018,2019-02-04,2019-02-10,158,118,5,1,158,2019-02-07T19:24:03Z,matches_2018_event_745.csv
5081187,745,World Grand Prix,2018,2019-02-04,2019-02-10,24,1108,5,4,24,2019-02-07T19:24:03Z,matches_2018_event_745.csv
5081188,745,World Grand Prix,2018,2019-02-04,2019-02-10,17,12,1,5,12,2019-02-08T13:15:34Z,matches_2018_event_745.csv
5081189,745,World Grand Prix,2018,2019-02-04,2019-02-10,39,16,2,5,16,2019-02-08T13:15:34Z,matches_2018_event_745.csv
5081412,745,World Grand Prix,2018,2019-02-04,2019-02-10,158,24,6,0,158,2019-02-08T18:46:58Z,matches_2018_event_745.csv
5081413,745,World Grand Prix,2018,2019-02-04,2019-02-10,12,16,6,5,12,2019-02-09T19:02:50Z,matches_2018_event_745.csv
5081443,745,World Grand Prix,2018,2019-02-04,2019-02-10,158,12,6,10,12,2019-02-10T13:01:09Z,matches_2018_event_745.csv
5073033,746,Masters,2018,2019-01-13,2019-01-20,202,101,5,6,101,2019-01-13T12:56:57Z,matches_2018_event_746.csv
5073035,746,Masters,2018,2019-01-13,2019-01-20,237,68,5,6,68,2019-01-13T19:02:32Z,matches_2018_event_746.csv
5073036,746,Masters,2018,2019-01-13,2019-01-20,5,30,6,2,5,2019-01-14T13:02:37Z,matches_2018_event_746.csv
5073034,746,Masters,2018,2019-01-13,2019-01-20,224,85,6,1,224,2019-01-14T18:57:31Z,matches_2018_event_746.csv
5073040,746,Masters,2018,2019-01-13,2019-01-20,1,154,3,6,154,2019-01-15T13:01:39Z,matches_2018_event_746.csv
5073039,746,Masters,2018,2019-01-13,2019-01-20,16,97,6,2,16,2019-01-15T19:03:26Z,matches_2018_event_746.csv
5073038,746,Masters,2018,2019-01-13,2019-01-20,12,39,6,2,12,2019-01-16T12:48:52Z,matches_2018_event_746.csv
5073037,746,Masters,2018,2019-01-13,2019-01-20,17,2,6,2,17,2019-01-16T19:00:19Z,matches_2018_event_746.csv
5065759,746,Masters,2018,2019-01-13,2019-01-20,68,5,3,6,5,2019-01-17T13:12:55Z,matches_2018_event_746.csv
5065758,746,Masters,2018,2019-01-13,2019-01-20,101,224,5,6,224,2019-01-17T19:01:35Z,matches_2018_event_746.csv
5065760,746,Masters,2018,2019-01-13,2019-01-20,17,12,2,6,12,2019-01-18T12:59:50Z,matches_2018_event_746.csv
5065761,746,Masters,2018,2019-01-13,2019-01-20,16,154,3,6,154,2019-01-18T19:10:36Z,matches_2018_event_746.csv
5065752,746,Masters,2018,2019-01-13,2019-01-20,224,5,3,6,5,2019-01-19T13:01:03Z,matches_2018_event_746.csv
5065753,746,Masters,2018,2019-01-13,2019-01-20,12,154,6,4,12,2019-01-19T19:11:33Z,matches_2018_event_746.csv
5065776,746,Masters,2018,2019-01-13,2019-01-20,5,12,4,10,12,2019-01-20T13:03:57Z,matches_2018_event_746.csv
5159696,747,Snooker Shoot-Out,2018,2019-02-21,2019-02-24,42,497,37,67,497,2019-02-21T13:04:32Z,matches_2018_event_747.csv
5159641,747,Snooker Shoot-Out,2018,2019-02-21,2019-02-24,724,605,20,68,605,2019-02-21T13:18:55Z,matches_2018_event_747.csv
5159640,747,Snooker Shoot-Out,2018,2019-02-21,2019-02-24,62,2438,136,1,62,2019-02-21T13:33:40Z,matches_2018_event_747.csv
5159678,747,Snooker Shoot-Out,2018,2019-02-21,2019-02-24,1323,158,19,67,158,2019-02-21T13:46:12Z,matches_2018_event_747.csv
5159642,747,Snooker Shoot-Out,2018,2019-02-21,2019-02-24,204,8,8,61,8,2019-02-21T14:02:58Z,matches_2018_event_747.csv
5159660,747,Snooker Shoot-Out,2018,2019-02-21,2019-02-24,1923,193,60,59,1923,2019-02-21T14:16:55Z,matches_2018_event_747.csv
5159644,747,Snooker Shoot-Out,2018,2019-02-21,2019-02-24,61,520,77,26,61,2019-02-21T14:31:32Z,matches_2018_event_747.csv
5159695,747,Snooker Shoot-Out,2018,2019-02-21,2019-02-24,170,104,80,26,170,2019-02-21T14:46:53Z,matches_2018_event_747.csv
5159646,747,Snooker Shoot-Out,2018,2019-02-21,2019-02-24,946,1038,59,2,946,2019-02-21T15:04:16Z,matches_2018_event_747.csv
5159661,747,Snooker Shoot-Out,2018,2019-02-21,2019-02-24,21,1509,0,0,1509,2019-02-21T15:10:27Z,matches_2018_event_747.csv
5159647,747,Snooker Shoot-Out,2018,2019-02-21,2019-02-24,910,908,58,34,910,2019-02-21T15:16:09Z,matches_2018_event_747.csv
5159648,747,Snooker Shoot-Out,2018,2019-02-21,2019-02-24,552,106,0,63,106,2019-02-21T15:30:58Z,matches_2018_event_747.csv
5159667,747,Snooker Shoot-Out,2018,2019-02-21,2019-02-24,168,50,49,69,50,2019-02-21T15:46:20Z,matches_2018_event_747.csv
5159649,747,Snooker Shoot-Out,2018,2019-02-21,2019-02-24,131,58,36,18,131,2019-02-21T16:01:07Z,matches_2018_event_747.csv
5159650,747,Snooker Shoot-Out,2018,2019-02-21,2019-02-24,35,102,62,1,35,2019-02-21T16:16:10Z,matches_2018_event_747.csv
5159651,747,Snooker Shoot-Out,2018,2019-02-21,2019-02-24,519,947,73,15,519,2019-02-21T16:27:27Z,matches_2018_event_747.csv
5159645,747,Snooker Shoot-Out,2018,2019-02-21,2019-02-24,87,39,62,63,39,2019-02-21T19:13:04Z,matches_2018_event_747.csv
5159652,747,Snooker Shoot-Out,2018,2019-02-21,2019-02-24,1407,616,1,49,616,2019-02-21T19:28:16Z,matches_2018_event_747.csv
5159689,747,Snooker Shoot-Out,2018,2019-02-21,2019-02-24,208,32,5,34,32,2019-02-21T19:43:14Z,matches_2018_event_747.csv
5159654,747,Snooker Shoot-Out,2018,2019-02-21,2019-02-24,982,546,39,73,546,2019-02-21T19:58:12Z,matches_2018_event_747.csv
5159655,747,Snooker Shoot-Out,2018,2019-02-21,2019-02-24,2134,93,1,72,93,2019-02-21T20:13:43Z,matches_2018_event_747.csv
5159681,747,Snooker Shoot-Out,2018,2019-02-21,2019-02-24,1567,16,7,68,16,2019-02-21T20:26:46Z,matches_2018_event_747.csv
5159657,747,Snooker Shoot-Out,2018,2019-02-21,2019-02-24,608,448,41,7,608,2019-02-21T20:41:12Z,matches_2018_event_747.csv
5159658,747,Snooker Shoot-Out,2018,2019-02-21,2019-02-24,1044,592,23,50,592,2019-02-21T20:55:58Z,matches_2018_event_747.csv
5159659,747,Snooker Shoot-Out,2018,2019-02-21,2019-02-24,1082,79,64,0,1082,2019-02-21T21:11:00Z,matches_2018_event_747.csv
5159643,747,Snooker Shoot-Out,2018,2019-02-21,2019-02-24,151,306,0,122,306,2019-02-21T21:11:23Z,matches_2018_event_747.csv
5159662,747,Snooker Shoot-Out,2018,2019-02-21,2019-02-24,1186,49,21,48,49,2019-02-21T21:28:14Z,matches_2018_event_747.csv
5159663,747,Snooker Shoot-Out,2018,2019-02-21,2019-02-24,25,171,19,74,171,2019-02-21T21:40:04Z,matches_2018_event_747.csv
5159700,747,Snooker Shoot-Out,2018,2019-02-21,2019-02-24,621,44,37,55,44,2019-02-21T21:59:07Z,matches_2018_event_747.csv
5159653,747,Snooker Shoot-Out,2018,2019-02-21,2019-02-24,1763,905,94,0,1763,2019-02-21T22:10:40Z,matches_2018_event_747.csv
5159665,747,Snooker Shoot-Out,2018,2019-02-21,2019-02-24,218,123,88,52,218,2019-02-21T22:25:11Z,matches_2018_event_747.csv
5159694,747,Snooker Shoot-Out,2018,2019-02-21,2019-02-24,175,20,26,54,20,2019-02-21T22:40:07Z,matches_2018_event_747.csv
5159672,747,Snooker Shoot-Out,2018,2019-02-21,2019-02-24,9,30,0,84,30,2019-02-22T12:59:25Z,matches_2018_event_747.csv
5159668,747,Snooker Shoot-Out,2018,2019-02-21,2019-02-24,1417,1762,2,23,1762,2019-02-22T13:15:41Z,matches_2018_event_747.csv
5159671,747,Snooker Shoot-Out,2018,2019-02-21,2019-02-24,90,2439,78,13,90,2019-02-22T13:26:20Z,matches_2018_event_747.csv
5159670,747,Snooker Shoot-Out,2018,2019-02-21,2019-02-24,169,958,68,15,169,2019-02-22T13:42:43Z,matches_2018_event_747.csv
5159669,747,Snooker Shoot-Out,2018,2019-02-21,2019-02-24,593,81,18,70,81,2019-02-22T13:52:58Z,matches_2018_event_747.csv
5159673,747,Snooker Shoot-Out,2018,2019-02-21,2019-02-24,1854,15,36,30,1854,2019-02-22T14:07:11Z,matches_2018_event_747.csv
5159703,747,Snooker Shoot-Out,2018,2019-02-21,2019-02-24,96,2378,18,24,2378,2019-02-22T14:23:40Z,matches_2018_event_747.csv
5159680,747,Snooker Shoot-Out,2018,2019-02-21,2019-02-24,2335,37,21,67,37,2019-02-22T14:38:28Z,matches_2018_event_747.csv
5159676,747,Snooker Shoot-Out,2018,2019-02-21,2019-02-24,1122,898,35,16,1122,2019-02-22T14:53:44Z,matches_2018_event_747.csv
5159692,747,Snooker Shoot-Out,2018,2019-02-21,2019-02-24,74,48,27,19,74,2019-02-22T15:09:59Z,matches_2018_event_747.csv
5159682,747,Snooker Shoot-Out,2018,2019-02-21,2019-02-24,239,51,16,57,51,2019-02-22T15:30:53Z,matches_2018_event_747.csv
5159683,747,Snooker Shoot-Out,2018,2019-02-21,2019-02-24,19,109,41,28,19,2019-02-22T15:46:26Z,matches_2018_event_747.csv
5159686,747,Snooker Shoot-Out,2018,2019-02-21,2019-02-24,906,125,0,64,125,2019-02-22T15:59:19Z,matches_2018_event_747.csv
5159679,747,Snooker Shoot-Out,2018,2019-02-21,2019-02-24,1108,33,18,57,33,2019-02-22T16:23:05Z,matches_2018_event_747.csv
5159687,747,Snooker Shoot-Out,2018,2019-02-21,2019-02-24,115,118,0,95,118,2019-02-22T16:32:28Z,matches_2018_event_747.csv
5159697,747,Snooker Shoot-Out,2018,2019-02-21,2019-02-24,52,120,69,22,52,2019-02-22T16:36:25Z,matches_2018_event_747.csv
5159685,747,Snooker Shoot-Out,2018,2019-02-21,2019-02-24,101,163,75,11,101,2019-02-22T19:03:18Z,matches_2018_event_747.csv
5159666,747,Snooker Shoot-Out,2018,2019-02-21,2019-02-24,1260,412,54,55,412,2019-02-22T19:14:13Z,matches_2018_event_747.csv
5159675,747,Snooker Shoot-Out,2018,2019-02-21,2019-02-24,2169,1351,17,61,1351,2019-02-22T19:28:01Z,matches_2018_event_747.csv
5159674,747,Snooker Shoot-Out,2018,2019-02-21,2019-02-24,97,28,52,12,97,2019-02-22T19:41:21Z,matches_2018_event_747.csv
5159688,747,Snooker Shoot-Out,2018,2019-02-21,2019-02-24,217,92,85,6,217,2019-02-22T19:56:54Z,matches_2018_event_747.csv
5159690,747,Snooker Shoot-Out,2018,2019-02-21,2019-02-24,295,63,33,19,295,2019-02-22T20:15:41Z,matches_2018_event_747.csv
5159656,747,Snooker Shoot-Out,2018,2019-02-21,2019-02-24,22,6,20,56,6,2019-02-22T20:28:47Z,matches_2018_event_747.csv
5159684,747,Snooker Shoot-Out,2018,2019-02-21,2019-02-24,38,47,35,66,47,2019-02-22T20:44:06Z,matches_2018_event_747.csv
5159691,747,Snooker Shoot-Out,2018,2019-02-21,2019-02-24,27,45,100,7,27,2019-02-22T21:00:52Z,matches_2018_event_747.csv
5159677,747,Snooker Shoot-Out,2018,2019-02-21,2019-02-24,526,983,82,14,526,2019-02-22T21:12:55Z,matches_2018_event_747.csv
5159693,747,Snooker Shoot-Out,2018,2019-02-21,2019-02-24,1237,54,12,35,54,2019-02-22T21:23:51Z,matches_2018_event_747.csv
5159698,747,Snooker Shoot-Out,2018,2019-02-21,2019-02-24,894,26,18,58,26,2019-02-22T21:38:23Z,matches_2018_event_747.csv
5159701,747,Snooker Shoot-Out,2018,2019-02-21,2019-02-24,128,666,0,65,666,2019-02-22T21:52:14Z,matches_2018_event_747.csv
5159702,747,Snooker Shoot-Out,2018,2019-02-21,2019-02-24,24,23,49,7,24,2019-02-22T22:10:15Z,matches_2018_event_747.csv
5159664,747,Snooker Shoot-Out,2018,2019-02-21,2019-02-24,933,76,16,110,76,2019-02-22T22:23:15Z,matches_2018_event_747.csv
5159699,747,Snooker Shoot-Out,2018,2019-02-21,2019-02-24,177,14,63,28,177,2019-02-22T22:43:04Z,matches_2018_event_747.csv
5159608,747,Snooker Shoot-Out,2018,2019-02-21,2019-02-24,62,101,0,137,101,2019-02-23T13:10:29Z,matches_2018_event_747.csv
5159609,747,Snooker Shoot-Out,2018,2019-02-21,2019-02-24,2378,1923,37,12,2378,2019-02-23T13:25:08Z,matches_2018_event_747.csv
5159610,747,Snooker Shoot-Out,2018,2019-02-21,2019-02-24,519,1762,25,10,519,2019-02-23T13:40:21Z,matches_2018_event_747.csv
5159611,747,Snooker Shoot-Out,2018,2019-02-21,2019-02-24,217,306,39,28,217,2019-02-23T13:55:18Z,matches_2018_event_747.csv
5159612,747,Snooker Shoot-Out,2018,2019-02-21,2019-02-24,1763,616,62,25,1763,2019-02-23T14:11:50Z,matches_2018_event_747.csv
5159613,747,Snooker Shoot-Out,2018,2019-02-21,2019-02-24,61,546,1,74,546,2019-02-23T14:22:49Z,matches_2018_event_747.csv
5159614,747,Snooker Shoot-Out,2018,2019-02-21,2019-02-24,33,1509,60,16,33,2019-02-23T14:36:19Z,matches_2018_event_747.csv
5159615,747,Snooker Shoot-Out,2018,2019-02-21,2019-02-24,1122,50,9,36,50,2019-02-23T14:50:22Z,matches_2018_event_747.csv
5159616,747,Snooker Shoot-Out,2018,2019-02-21,2019-02-24,39,608,41,18,39,2019-02-23T14:55:21Z,matches_2018_event_747.csv
5159617,747,Snooker Shoot-Out,2018,2019-02-21,2019-02-24,106,49,34,21,106,2019-02-23T15:07:23Z,matches_2018_event_747.csv
5159618,747,Snooker Shoot-Out,2018,2019-02-21,2019-02-24,32,131,46,17,32,2019-02-23T15:22:53Z,matches_2018_event_747.csv
5159619,747,Snooker Shoot-Out,2018,2019-02-21,2019-02-24,526,20,18,32,20,2019-02-23T15:38:02Z,matches_2018_event_747.csv
5159620,747,Snooker Shoot-Out,2018,2019-02-21,2019-02-24,35,54,8,42,54,2019-02-23T15:51:39Z,matches_2018_event_747.csv
5159621,747,Snooker Shoot-Out,2018,2019-02-21,2019-02-24,605,8,120,8,605,2019-02-23T16:08:38Z,matches_2018_event_747.csv
5159622,747,Snooker Shoot-Out,2018,2019-02-21,2019-02-24,412,1351,11,101,1351,2019-02-23T16:22:38Z,matches_2018_event_747.csv
5159623,747,Snooker Shoot-Out,2018,2019-02-21,2019-02-24,74,118,38,25,74,2019-02-23T16:36:37Z,matches_2018_event_747.csv
5159624,747,Snooker Shoot-Out,2018,2019-02-21,2019-02-24,97,30,22,72,30,2019-02-23T18:59:24Z,matches_2018_event_747.csv
5159625,747,Snooker Shoot-Out,2018,2019-02-21,2019-02-24,47,218,6,51,218,2019-02-23T19:12:07Z,matches_2018_event_747.csv
5159626,747,Snooker Shoot-Out,2018,2019-02-21,2019-02-24,19,6,44,51,6,2019-02-23T19:26:24Z,matches_2018_event_747.csv
5159627,747,Snooker Shoot-Out,2018,2019-02-21,2019-02-24,158,946,13,61,946,2019-02-23T19:42:37Z,matches_2018_event_747.csv
5159628,747,Snooker Shoot-Out,2018,2019-02-21,2019-02-24,666,26,34,47,26,2019-02-23T19:56:28Z,matches_2018_event_747.csv
5159629,747,Snooker Shoot-Out,2018,2019-02-21,2019-02-24,171,169,51,23,171,2019-02-23T20:15:17Z,matches_2018_event_747.csv
5159630,747,Snooker Shoot-Out,2018,2019-02-21,2019-02-24,592,27,31,6,592,2019-02-23T20:27:51Z,matches_2018_event_747.csv
5159631,747,Snooker Shoot-Out,2018,2019-02-21,2019-02-24,44,93,43,33,44,2019-02-23T20:42:57Z,matches_2018_event_747.csv
5159632,747,Snooker Shoot-Out,2018,2019-02-21,2019-02-24,24,52,22,61,52,2019-02-23T20:58:15Z,matches_2018_event_747.csv
5159633,747,Snooker Shoot-Out,2018,2019-02-21,2019-02-24,177,910,52,24,177,2019-02-23T21:13:26Z,matches_2018_event_747.csv
5159634,747,Snooker Shoot-Out,2018,2019-02-21,2019-02-24,37,90,13,17,90,2019-02-23T21:28:28Z,matches_2018_event_747.csv
5159635,747,Snooker Shoot-Out,2018,2019-02-21,2019-02-24,295,497,45,28,295,2019-02-23T21:43:56Z,matches_2018_event_747.csv
5159636,747,Snooker Shoot-Out,2018,2019-02-21,2019-02-24,1854,76,13,42,76,2019-02-23T21:58:55Z,matches_2018_event_747.csv
5159637,747,Snooker Shoot-Out,2018,2019-02-21,2019-02-24,51,125,37,41,125,2019-02-23T22:15:46Z,matches_2018_event_747.csv
5159638,747,Snooker Shoot-Out,2018,2019-02-21,2019-02-24,170,1082,26,71,1082,2019-02-23T22:30:52Z,matches_2018_event_747.csv
5159639,747,Snooker Shoot-Out,2018,2019-02-21,2019-02-24,81,16,75,0,81,2019-02-23T22:44:11Z,matches_2018_event_747.csv
5159596,747,Snooker Shoot-Out,2018,2019-02-21,2019-02-24,30,39,68,5,30,2019-02-24T13:00:21Z,matches_2018_event_747.csv
5159606,747,Snooker Shoot-Out,2018,2019-02-21,2019-02-24,32,519,62,0,32,2019-02-24T13:11:11Z,matches_2018_event_747.csv
5159594,747,Snooker Shoot-Out,2018,2019-02-21,2019-02-24,20,50,18,65,50,2019-02-24T13:25:19Z,matches_2018_event_747.csv
5159593,747,Snooker Shoot-Out,2018,2019-02-21,2019-02-24,106,592,54,0,106,2019-02-24T13:38:40Z,matches_2018_event_747.csv
5159600,747,Snooker Shoot-Out,2018,2019-02-21,2019-02-24,295,1082,14,10,295,2019-02-24T13:52:23Z,matches_2018_event_747.csv
5159604,747,Snooker Shoot-Out,2018,2019-02-21,2019-02-24,74,44,29,12,74,2019-02-24T14:09:28Z,matches_2018_event_747.csv
5159603,747,Snooker Shoot-Out,2018,2019-02-21,2019-02-24,2378,1763,10,7,2378,2019-02-24T14:24:17Z,matches_2018_event_747.csv
5159602,747,Snooker Shoot-Out,2018,2019-02-21,2019-02-24,946,101,26,27,101,2019-02-24T14:39:17Z,matches_2018_event_747.csv
5159607,747,Snooker Shoot-Out,2018,2019-02-21,2019-02-24,1351,76,6,55,76,2019-02-24T14:54:06Z,matches_2018_event_747.csv
5159605,747,Snooker Shoot-Out,2018,2019-02-21,2019-02-24,171,90,29,2,171,2019-02-24T15:11:19Z,matches_2018_event_747.csv
5159598,747,Snooker Shoot-Out,2018,2019-02-21,2019-02-24,6,125,5,15,125,2019-02-24T15:26:09Z,matches_2018_event_747.csv
5159595,747,Snooker Shoot-Out,2018,2019-02-21,2019-02-24,33,26,60,39,33,2019-02-24T15:40:52Z,matches_2018_event_747.csv
5159597,747,Snooker Shoot-Out,2018,2019-02-21,2019-02-24,546,605,8,81,605,2019-02-24T15:56:21Z,matches_2018_event_747.csv
5159592,747,Snooker Shoot-Out,2018,2019-02-21,2019-02-24,217,54,74,33,217,2019-02-24T16:13:10Z,matches_2018_event_747.csv
5159601,747,Snooker Shoot-Out,2018,2019-02-21,2019-02-24,81,218,21,32,218,2019-02-24T16:28:07Z,matches_2018_event_747.csv
5159599,747,Snooker Shoot-Out,2018,2019-02-21,2019-02-24,177,52,22,2,177,2019-02-24T16:43:00Z,matches_2018_event_747.csv
5159589,747,Snooker Shoot-Out,2018,2019-02-21,2019-02-24,101,171,29,47,171,2019-02-24T19:02:39Z,matches_2018_event_747.csv
5159591,747,Snooker Shoot-Out,2018,2019-02-21,2019-02-24,125,2378,37,7,125,2019-02-24T19:15:21Z,matches_2018_event_747.csv
5159588,747,Snooker Shoot-Out,2018,2019-02-21,2019-02-24,74,76,9,54,76,2019-02-24T19:30:30Z,matches_2018_event_747.csv
5159586,747,Snooker Shoot-Out,2018,2019-02-21,2019-02-24,106,605,36,32,106,2019-02-24T19:43:46Z,matches_2018_event_747.csv
5159585,747,Snooker Shoot-Out,2018,2019-02-21,2019-02-24,218,295,38,40,295,2019-02-24T19:56:44Z,matches_2018_event_747.csv
5159587,747,Snooker Shoot-Out,2018,2019-02-21,2019-02-24,50,217,15,58,217,2019-02-24T20:13:13Z,matches_2018_event_747.csv
5159590,747,Snooker Shoot-Out,2018,2019-02-21,2019-02-24,32,177,0,74,177,2019-02-24T20:27:50Z,matches_2018_event_747.csv
5159584,747,Snooker Shoot-Out,2018,2019-02-21,2019-02-24,33,30,16,86,30,2019-02-24T20:42:08Z,matches_2018_event_747.csv
5159578,747,Snooker Shoot-Out,2018,2019-02-21,2019-02-24,217,30,97,3,217,2019-02-24T21:15:33Z,matches_2018_event_747.csv
5159579,747,Snooker Shoot-Out,2018,2019-02-21,2019-02-24,295,125,20,55,125,2019-02-24T21:18:10Z,matches_2018_event_747.csv
5159580,747,Snooker Shoot-Out,2018,2019-02-21,2019-02-24,177,106,4,58,106,2019-02-24T21:32:35Z,matches_2018_event_747.csv
5159581,747,Snooker Shoot-Out,2018,2019-02-21,2019-02-24,171,76,53,13,171,2019-02-24T21:47:59Z,matches_2018_event_747.csv
5159768,747,Snooker Shoot-Out,2018,2019-02-21,2019-02-24,217,106,139,0,217,2019-02-24T22:11:22Z,matches_2018_event_747.csv
5159769,747,Snooker Shoot-Out,2018,2019-02-21,2019-02-24,171,125,21,56,125,2019-02-24T22:24:43Z,matches_2018_event_747.csv
5159569,747,Snooker Shoot-Out,2018,2019-02-21,2019-02-24,217,125,74,0,217,2019-02-24T22:42:18Z,matches_2018_event_747.csv
5228904,748,China Open,2018,2019-04-01,2019-04-07,412,154,2,6,154,2019-04-01T01:29:27Z,matches_2018_event_748.csv
5228908,748,China Open,2018,2019-04-01,2019-04-07,106,128,4,6,128,2019-04-01T01:29:27Z,matches_2018_event_748.csv
5228902,748,China Open,2018,2019-04-01,2019-04-07,158,61,6,5,158,2019-04-01T06:31:22Z,matches_2018_event_748.csv
5228910,748,China Open,2018,2019-04-01,2019-04-07,22,14,6,4,22,2019-04-01T06:31:22Z,matches_2018_event_748.csv
5228916,748,China Open,2018,2019-04-01,2019-04-07,906,295,3,6,295,2019-04-01T06:31:22Z,matches_2018_event_748.csv
5228920,748,China Open,2018,2019-04-01,2019-04-07,608,30,0,6,30,2019-04-01T06:31:22Z,matches_2018_event_748.csv
5228903,748,China Open,2018,2019-04-01,2019-04-07,306,4,6,3,306,2019-04-01T11:38:57Z,matches_2018_event_748.csv
5228912,748,China Open,2018,2019-04-01,2019-04-07,76,101,1,6,101,2019-04-01T11:38:57Z,matches_2018_event_748.csv
5228913,748,China Open,2018,2019-04-01,2019-04-07,666,92,6,2,666,2019-04-01T11:38:57Z,matches_2018_event_748.csv
5228918,748,China Open,2018,2019-04-01,2019-04-07,38,1044,6,2,38,2019-04-01T11:38:57Z,matches_2018_event_748.csv
5228928,748,China Open,2018,2019-04-01,2019-04-07,47,118,4,6,118,2019-04-01T11:38:57Z,matches_2018_event_748.csv
5228906,748,China Open,2018,2019-04-01,2019-04-07,908,16,6,5,908,2019-04-02T01:35:54Z,matches_2018_event_748.csv
5228914,748,China Open,2018,2019-04-01,2019-04-07,1038,237,6,2,1038,2019-04-02T01:35:54Z,matches_2018_event_748.csv
5228917,748,China Open,2018,2019-04-01,2019-04-07,85,526,6,2,85,2019-04-02T01:35:54Z,matches_2018_event_748.csv
5228919,748,China Open,2018,2019-04-01,2019-04-07,42,1260,6,2,42,2019-04-02T01:35:54Z,matches_2018_event_748.csv
5228921,748,China Open,2018,2019-04-01,2019-04-07,1509,177,2,6,177,2019-04-02T01:35:54Z,matches_2018_event_748.csv
5228922,748,China Open,2018,2019-04-01,2019-04-07,1108,39,1,6,39,2019-04-02T01:35:54Z,matches_2018_event_748.csv
5228924,748,China Open,2018,2019-04-01,2019-04-07,592,905,4,6,905,2019-04-02T01:35:54Z,matches_2018_event_748.csv
5228901,748,China Open,2018,2019-04-01,2019-04-07,68,109,1,6,109,2019-04-02T06:14:38Z,matches_2018_event_748.csv
5228905,748,China Open,2018,2019-04-01,2019-04-07,239,28,1,6,28,2019-04-02T06:14:38Z,matches_2018_event_748.csv
5228915,748,China Open,2018,2019-04-01,2019-04-07,12,96,5,6,96,2019-04-02T06:14:38Z,matches_2018_event_748.csv
5228925,748,China Open,2018,2019-04-01,2019-04-07,104,25,1,6,25,2019-04-02T06:14:38Z,matches_2018_event_748.csv
5228927,748,China Open,2018,2019-04-01,2019-04-07,894,168,6,4,894,2019-04-02T06:14:38Z,matches_2018_event_748.csv
5228930,748,China Open,2018,2019-04-01,2019-04-07,170,1,6,4,170,2019-04-02T06:14:38Z,matches_2018_event_748.csv
5228900,748,China Open,2018,2019-04-01,2019-04-07,200,546,6,3,200,2019-04-02T07:02:01Z,matches_2018_event_748.csv
5228899,748,China Open,2018,2019-04-01,2019-04-07,131,33,6,5,131,2019-04-02T11:33:40Z,matches_2018_event_748.csv
5228907,748,China Open,2018,2019-04-01,2019-04-07,1257,44,2,6,44,2019-04-02T11:33:40Z,matches_2018_event_748.csv
5228909,748,China Open,2018,2019-04-01,2019-04-07,2,1407,6,1,2,2019-04-02T11:33:40Z,matches_2018_event_748.csv
5228911,748,China Open,2018,2019-04-01,2019-04-07,125,24,6,4,125,2019-04-02T11:33:40Z,matches_2018_event_748.csv
5228923,748,China Open,2018,2019-04-01,2019-04-07,224,193,3,6,193,2019-04-02T11:33:40Z,matches_2018_event_748.csv
5228926,748,China Open,2018,2019-04-01,2019-04-07,724,19,4,6,19,2019-04-02T11:33:40Z,matches_2018_event_748.csv
5228929,748,China Open,2018,2019-04-01,2019-04-07,62,1981,6,4,62,2019-04-02T11:33:40Z,matches_2018_event_748.csv
5228884,748,China Open,2018,2019-04-01,2019-04-07,109,158,6,4,109,2019-04-03T06:00:27Z,matches_2018_event_748.csv
5228885,748,China Open,2018,2019-04-01,2019-04-07,306,154,3,6,154,2019-04-03T06:00:27Z,matches_2018_event_748.csv
5228886,748,China Open,2018,2019-04-01,2019-04-07,28,908,2,6,908,2019-04-03T06:00:27Z,matches_2018_event_748.csv
5228889,748,China Open,2018,2019-04-01,2019-04-07,125,101,4,6,101,2019-04-03T06:00:27Z,matches_2018_event_748.csv
5228890,748,China Open,2018,2019-04-01,2019-04-07,666,1038,6,3,666,2019-04-03T06:00:27Z,matches_2018_event_748.csv
5228894,748,China Open,2018,2019-04-01,2019-04-07,177,39,6,4,177,2019-04-03T06:00:27Z,matches_2018_event_748.csv
5228896,748,China Open,2018,2019-04-01,2019-04-07,25,19,3,6,19,2019-04-03T06:00:27Z,matches_2018_event_748.csv
5228898,748,China Open,2018,2019-04-01,2019-04-07,62,170,6,1,62,2019-04-03T06:00:27Z,matches_2018_event_748.csv
5228883,748,China Open,2018,2019-04-01,2019-04-07,131,200,5,6,200,2019-04-03T11:31:53Z,matches_2018_event_748.csv
5228887,748,China Open,2018,2019-04-01,2019-04-07,44,128,6,0,44,2019-04-03T11:31:53Z,matches_2018_event_748.csv
5228888,748,China Open,2018,2019-04-01,2019-04-07,2,22,3,6,22,2019-04-03T11:31:53Z,matches_2018_event_748.csv
5228891,748,China Open,2018,2019-04-01,2019-04-07,96,295,4,6,295,2019-04-03T11:31:53Z,matches_2018_event_748.csv
5228892,748,China Open,2018,2019-04-01,2019-04-07,85,38,6,3,85,2019-04-03T11:31:53Z,matches_2018_event_748.csv
5228893,748,China Open,2018,2019-04-01,2019-04-07,42,30,3,6,30,2019-04-03T11:31:53Z,matches_2018_event_748.csv
5228895,748,China Open,2018,2019-04-01,2019-04-07,193,905,2,6,905,2019-04-03T11:31:53Z,matches_2018_event_748.csv
5228897,748,China Open,2018,2019-04-01,2019-04-07,894,118,6,3,894,2019-04-03T11:31:53Z,matches_2018_event_748.csv
5228875,748,China Open,2018,2019-04-01,2019-04-07,200,109,2,6,109,2019-04-04T06:17:34Z,matches_2018_event_748.csv
5228876,748,China Open,2018,2019-04-01,2019-04-07,154,908,6,0,154,2019-04-04T06:17:34Z,matches_2018_event_748.csv
5228878,748,China Open,2018,2019-04-01,2019-04-07,101,666,6,0,101,2019-04-04T06:17:34Z,matches_2018_event_748.csv
5228881,748,China Open,2018,2019-04-01,2019-04-07,905,19,4,6,19,2019-04-04T06:17:34Z,matches_2018_event_748.csv
5228877,748,China Open,2018,2019-04-01,2019-04-07,44,22,6,3,44,2019-04-04T11:30:54Z,matches_2018_event_748.csv
5228879,748,China Open,2018,2019-04-01,2019-04-07,295,85,4,6,85,2019-04-04T11:30:54Z,matches_2018_event_748.csv
5228880,748,China Open,2018,2019-04-01,2019-04-07,30,177,6,1,30,2019-04-04T11:30:54Z,matches_2018_event_748.csv
5228882,748,China Open,2018,2019-04-01,2019-04-07,894,62,6,5,894,2019-04-04T11:30:54Z,matches_2018_event_748.csv
5228764,748,China Open,2018,2019-04-01,2019-04-07,109,154,0,6,154,2019-04-05T06:00:25Z,matches_2018_event_748.csv
5228765,748,China Open,2018,2019-04-01,2019-04-07,44,101,1,6,101,2019-04-05T06:00:25Z,matches_2018_event_748.csv
5228766,748,China Open,2018,2019-04-01,2019-04-07,85,30,6,5,85,2019-04-05T11:27:53Z,matches_2018_event_748.csv
5228767,748,China Open,2018,2019-04-01,2019-04-07,19,894,4,6,894,2019-04-05T11:27:53Z,matches_2018_event_748.csv
5228713,748,China Open,2018,2019-04-01,2019-04-07,154,101,10,7,154,2019-04-06T04:51:29Z,matches_2018_event_748.csv
5228714,748,China Open,2018,2019-04-01,2019-04-07,85,894,10,1,85,2019-04-06T04:51:29Z,matches_2018_event_748.csv
5229011,748,China Open,2018,2019-04-01,2019-04-07,154,85,11,4,154,2019-04-07T04:52:46Z,matches_2018_event_748.csv
5228932,749,China Open Qualifiers,2018,2019-02-18,2019-02-20,33,917,0,0,33,2019-02-18T10:01:24Z,matches_2018_event_749.csv
5228933,749,China Open Qualifiers,2018,2019-02-18,2019-02-20,200,946,6,5,200,2019-02-18T10:01:24Z,matches_2018_event_749.csv
5228936,749,China Open Qualifiers,2018,2019-02-18,2019-02-20,1763,109,2,6,109,2019-02-18T10:01:24Z,matches_2018_event_749.csv
5228937,749,China Open Qualifiers,2018,2019-02-18,2019-02-20,158,26,6,3,158,2019-02-18T10:01:24Z,matches_2018_event_749.csv
5228938,749,China Open Qualifiers,2018,2019-02-18,2019-02-20,61,1323,6,4,61,2019-02-18T10:01:24Z,matches_2018_event_749.csv
5228939,749,China Open Qualifiers,2018,2019-02-18,2019-02-20,120,306,4,6,306,2019-02-18T10:01:24Z,matches_2018_event_749.csv
5228941,749,China Open Qualifiers,2018,2019-02-18,2019-02-20,32,412,4,6,412,2019-02-18T10:01:24Z,matches_2018_event_749.csv
5228940,749,China Open Qualifiers,2018,2019-02-18,2019-02-20,4,1101,6,1,4,2019-02-18T14:35:59Z,matches_2018_event_749.csv
5228945,749,China Open Qualifiers,2018,2019-02-18,2019-02-20,50,908,4,6,908,2019-02-18T14:35:59Z,matches_2018_event_749.csv
5228946,749,China Open Qualifiers,2018,2019-02-18,2019-02-20,16,549,6,3,16,2019-02-18T14:35:59Z,matches_2018_event_749.csv
5228949,749,China Open Qualifiers,2018,2019-02-18,2019-02-20,208,106,4,6,106,2019-02-18T14:35:59Z,matches_2018_event_749.csv
5228968,749,China Open Qualifiers,2018,2019-02-18,2019-02-20,497,526,5,6,526,2019-02-18T14:35:59Z,matches_2018_event_749.csv
5228943,749,China Open Qualifiers,2018,2019-02-18,2019-02-20,9,239,5,6,239,2019-02-18T14:43:19Z,matches_2018_event_749.csv
5228989,749,China Open Qualifiers,2018,2019-02-18,2019-02-20,47,998,6,1,47,2019-02-18T14:43:19Z,matches_2018_event_749.csv
5228935,749,China Open Qualifiers,2018,2019-02-18,2019-02-20,68,81,6,2,68,2019-02-18T18:54:09Z,matches_2018_event_749.csv
5228948,749,China Open Qualifiers,2018,2019-02-18,2019-02-20,44,1237,6,3,44,2019-02-18T18:54:09Z,matches_2018_event_749.csv
5228952,749,China Open Qualifiers,2018,2019-02-18,2019-02-20,217,1407,5,6,1407,2019-02-18T18:54:09Z,matches_2018_event_749.csv
5228977,749,China Open Qualifiers,2018,2019-02-18,2019-02-20,1108,87,6,4,1108,2019-02-18T18:55:52Z,matches_2018_event_749.csv
5228950,749,China Open Qualifiers,2018,2019-02-18,2019-02-20,128,1082,6,1,128,2019-02-19T10:00:13Z,matches_2018_event_749.csv
5228951,749,China Open Qualifiers,2018,2019-02-18,2019-02-20,2,947,6,1,2,2019-02-19T10:00:13Z,matches_2018_event_749.csv
5228953,749,China Open Qualifiers,2018,2019-02-18,2019-02-20,22,1567,6,3,22,2019-02-19T10:00:13Z,matches_2018_event_749.csv
5228957,749,China Open Qualifiers,2018,2019-02-18,2019-02-20,63,76,5,6,76,2019-02-19T10:00:13Z,matches_2018_event_749.csv
5228958,749,China Open Qualifiers,2018,2019-02-18,2019-02-20,101,123,6,1,101,2019-02-19T10:00:13Z,matches_2018_event_749.csv
5228959,749,China Open Qualifiers,2018,2019-02-18,2019-02-20,666,593,6,4,666,2019-02-19T10:00:13Z,matches_2018_event_749.csv
5228960,749,China Open Qualifiers,2018,2019-02-18,2019-02-20,92,620,6,1,92,2019-02-19T10:00:13Z,matches_2018_event_749.csv
5228964,749,China Open Qualifiers,2018,2019-02-18,2019-02-20,96,218,6,2,96,2019-02-19T14:20:28Z,matches_2018_event_749.csv
5228965,749,China Open Qualifiers,2018,2019-02-18,2019-02-20,906,520,6,1,906,2019-02-19T14:20:28Z,matches_2018_event_749.csv
5228961,749,China Open Qualifiers,2018,2019-02-18,2019-02-20,45,1038,3,6,1038,2019-02-19T14:25:28Z,matches_2018_event_749.csv
5228962,749,China Open Qualifiers,2018,2019-02-18,2019-02-20,237,1186,6,1,237,2019-02-19T14:25:28Z,matches_2018_event_749.csv
5228967,749,China Open Qualifiers,2018,2019-02-18,2019-02-20,85,21,6,2,85,2019-02-19T14:25:28Z,matches_2018_event_749.csv
5228969,749,China Open Qualifiers,2018,2019-02-18,2019-02-20,52,38,5,6,38,2019-02-19T14:25:28Z,matches_2018_event_749.csv
5228942,749,China Open Qualifiers,2018,2019-02-18,2019-02-20,154,1762,6,0,154,2019-02-19T19:04:12Z,matches_2018_event_749.csv
5228963,749,China Open Qualifiers,2018,2019-02-18,2019-02-20,12,90,6,2,12,2019-02-19T19:04:12Z,matches_2018_event_749.csv
5228970,749,China Open Qualifiers,2018,2019-02-18,2019-02-20,1044,37,6,4,1044,2019-02-19T19:04:12Z,matches_2018_event_749.csv
5228971,749,China Open Qualifiers,2018,2019-02-18,2019-02-20,42,621,6,0,42,2019-02-19T19:04:12Z,matches_2018_event_749.csv
5228972,749,China Open Qualifiers,2018,2019-02-18,2019-02-20,1260,1417,6,0,1260,2019-02-19T19:04:12Z,matches_2018_event_749.csv
5228975,749,China Open Qualifiers,2018,2019-02-18,2019-02-20,171,1509,1,6,1509,2019-02-19T19:04:12Z,matches_2018_event_749.csv
5228974,749,China Open Qualifiers,2018,2019-02-18,2019-02-20,30,933,6,2,30,2019-02-19T19:13:48Z,matches_2018_event_749.csv
5228954,749,China Open Qualifiers,2018,2019-02-18,2019-02-20,48,14,4,6,14,2019-02-20T10:01:11Z,matches_2018_event_749.csv
5228976,749,China Open Qualifiers,2018,2019-02-18,2019-02-20,27,177,0,6,177,2019-02-20T10:01:11Z,matches_2018_event_749.csv
5228980,749,China Open Qualifiers,2018,2019-02-18,2019-02-20,115,193,3,6,193,2019-02-20T10:01:11Z,matches_2018_event_749.csv
5228981,749,China Open Qualifiers,2018,2019-02-18,2019-02-20,8,592,2,6,592,2019-02-20T10:01:11Z,matches_2018_event_749.csv
5228990,749,China Open Qualifiers,2018,2019-02-18,2019-02-20,118,552,6,2,118,2019-02-20T10:01:11Z,matches_2018_event_749.csv
5228991,749,China Open Qualifiers,2018,2019-02-18,2019-02-20,62,151,6,2,62,2019-02-20T10:01:11Z,matches_2018_event_749.csv
5228955,749,China Open Qualifiers,2018,2019-02-18,2019-02-20,125,35,6,5,125,2019-02-20T14:18:59Z,matches_2018_event_749.csv
5228966,749,China Open Qualifiers,2018,2019-02-18,2019-02-20,295,58,6,0,295,2019-02-20T14:18:59Z,matches_2018_event_749.csv
5228973,749,China Open Qualifiers,2018,2019-02-18,2019-02-20,54,608,4,6,608,2019-02-20T14:18:59Z,matches_2018_event_749.csv
5228978,749,China Open Qualifiers,2018,2019-02-18,2019-02-20,39,910,6,1,39,2019-02-20T14:18:59Z,matches_2018_event_749.csv
5228982,749,China Open Qualifiers,2018,2019-02-18,2019-02-20,905,898,6,4,905,2019-02-20T14:18:59Z,matches_2018_event_749.csv
5228985,749,China Open Qualifiers,2018,2019-02-18,2019-02-20,93,724,3,6,724,2019-02-20T14:18:59Z,matches_2018_event_749.csv
5228934,749,China Open Qualifiers,2018,2019-02-18,2019-02-20,546,20,6,1,546,2019-02-20T19:01:38Z,matches_2018_event_749.csv
5228983,749,China Open Qualifiers,2018,2019-02-18,2019-02-20,97,104,4,6,104,2019-02-20T19:01:38Z,matches_2018_event_749.csv
5228993,749,China Open Qualifiers,2018,2019-02-18,2019-02-20,170,23,6,3,170,2019-02-20T19:01:38Z,matches_2018_event_749.csv
5228986,749,China Open Qualifiers,2018,2019-02-18,2019-02-20,19,958,6,1,19,2019-02-20T19:02:56Z,matches_2018_event_749.csv
5228987,749,China Open Qualifiers,2018,2019-02-18,2019-02-20,894,616,6,1,894,2019-02-20T19:02:56Z,matches_2018_event_749.csv
5228984,749,China Open Qualifiers,2018,2019-02-18,2019-02-20,25,448,6,4,25,2019-02-20T19:10:34Z,matches_2018_event_749.csv
5228947,749,China Open Qualifiers,2018,2019-02-18,2019-02-20,202,1257,0,0,1257,2019-03-28T00:35:48Z,matches_2018_event_749.csv
5228944,749,China Open Qualifiers,2018,2019-02-18,2019-02-20,28,1595,6,3,28,2019-04-01T01:30:31Z,matches_2018_event_749.csv
5228956,749,China Open Qualifiers,2018,2019-02-18,2019-02-20,24,1934,6,1,24,2019-04-01T01:30:31Z,matches_2018_event_749.csv
5228988,749,China Open Qualifiers,2018,2019-02-18,2019-02-20,168,2469,6,3,168,2019-04-01T01:30:31Z,matches_2018_event_749.csv
5228992,749,China Open Qualifiers,2018,2019-02-18,2019-02-20,15,1981,4,6,1981,2019-04-01T01:30:31Z,matches_2018_event_749.csv
5228931,749,China Open Qualifiers,2018,2019-02-18,2019-02-20,17,131,3,6,131,2019-04-01T06:38:36Z,matches_2018_event_749.csv
5228979,749,China Open Qualifiers,2018,2019-02-18,2019-02-20,224,2134,6,1,224,2019-04-01T11:40:56Z,matches_2018_event_749.csv
5228994,749,China Open Qualifiers,2018,2019-02-18,2019-02-20,1,982,6,4,1,2019-04-01T11:40:56Z,matches_2018_event_749.csv
5212244,750,Tour Championship,2018,2019-03-19,2019-03-24,154,17,9,8,154,2019-03-19T12:55:45Z,matches_2018_event_750.csv
5212245,750,Tour Championship,2018,2019-03-19,2019-03-24,12,1,9,8,12,2019-03-19T12:55:45Z,matches_2018_event_750.csv
5212246,750,Tour Championship,2018,2019-03-19,2019-03-24,5,30,9,3,5,2019-03-19T19:06:17Z,matches_2018_event_750.csv
5212243,750,Tour Championship,2018,2019-03-19,2019-03-24,202,39,9,7,202,2019-03-20T13:03:25Z,matches_2018_event_750.csv
5212190,750,Tour Championship,2018,2019-03-19,2019-03-24,12,5,9,10,5,2019-03-21T12:47:59Z,matches_2018_event_750.csv
5212189,750,Tour Championship,2018,2019-03-19,2019-03-24,202,154,6,10,154,2019-03-22T13:03:31Z,matches_2018_event_750.csv
5212312,750,Tour Championship,2018,2019-03-19,2019-03-24,154,5,11,13,5,2019-03-23T19:00:04Z,matches_2018_event_750.csv
4668653,751,Challenge Tour 1,2018,2018-06-02,2018-06-03,391,1122,3,2,391,2018-06-02T08:02:26Z,matches_2018_event_751.csv
4668654,751,Challenge Tour 1,2018,2018-06-02,2018-06-03,2047,1030,2,3,1030,2018-06-02T08:02:26Z,matches_2018_event_751.csv
4668655,751,Challenge Tour 1,2018,2018-06-02,2018-06-03,424,198,0,3,198,2018-06-02T08:02:26Z,matches_2018_event_751.csv
4668656,751,Challenge Tour 1,2018,2018-06-02,2018-06-03,135,422,3,0,135,2018-06-02T08:02:26Z,matches_2018_event_751.csv
4668657,751,Challenge Tour 1,2018,2018-06-02,2018-06-03,1041,1648,3,0,1041,2018-06-02T08:02:26Z,matches_2018_event_751.csv
4668658,751,Challenge Tour 1,2018,2018-06-02,2018-06-03,2188,102,2,3,102,2018-06-02T08:02:26Z,matches_2018_event_751.csv
4668659,751,Challenge Tour 1,2018,2018-06-02,2018-06-03,2351,1812,0,3,1812,2018-06-02T08:02:26Z,matches_2018_event_751.csv
4668660,751,Challenge Tour 1,2018,2018-06-02,2018-06-03,1177,74,2,3,74,2018-06-02T08:02:26Z,matches_2018_event_751.csv
4668661,751,Challenge Tour 1,2018,2018-06-02,2018-06-03,998,143,3,2,998,2018-06-02T10:00:22Z,matches_2018_event_751.csv
4668662,751,Challenge Tour 1,2018,2018-06-02,2018-06-03,151,6,3,0,151,2018-06-02T10:00:22Z,matches_2018_event_751.csv
4668663,751,Challenge Tour 1,2018,2018-06-02,2018-06-03,519,2341,3,2,519,2018-06-02T10:00:22Z,matches_2018_event_751.csv
4668664,751,Challenge Tour 1,2018,2018-06-02,2018-06-03,146,1544,3,2,146,2018-06-02T10:00:22Z,matches_2018_event_751.csv
4668665,751,Challenge Tour 1,2018,2018-06-02,2018-06-03,633,1421,3,1,633,2018-06-02T10:43:27Z,matches_2018_event_751.csv
4668666,751,Challenge Tour 1,2018,2018-06-02,2018-06-03,138,886,1,3,886,2018-06-02T10:43:27Z,matches_2018_event_751.csv
4668669,751,Challenge Tour 1,2018,2018-06-02,2018-06-03,169,2320,3,0,169,2018-06-02T11:49:44Z,matches_2018_event_751.csv
4668667,751,Challenge Tour 1,2018,2018-06-02,2018-06-03,532,523,1,3,523,2018-06-02T11:50:08Z,matches_2018_event_751.csv
4668668,751,Challenge Tour 1,2018,2018-06-02,2018-06-03,1886,2335,0,3,2335,2018-06-02T11:50:08Z,matches_2018_event_751.csv
4668670,751,Challenge Tour 1,2018,2018-06-02,2018-06-03,49,2055,3,1,49,2018-06-02T11:50:08Z,matches_2018_event_751.csv
4668671,751,Challenge Tour 1,2018,2018-06-02,2018-06-03,2339,1558,0,0,2339,2018-06-02T11:50:08Z,matches_2018_event_751.csv
4668672,751,Challenge Tour 1,2018,2018-06-02,2018-06-03,175,1739,3,0,175,2018-06-02T11:50:08Z,matches_2018_event_751.csv
4668673,751,Challenge Tour 1,2018,2018-06-02,2018-06-03,983,550,3,2,983,2018-06-02T12:36:20Z,matches_2018_event_751.csv
4668674,751,Challenge Tour 1,2018,2018-06-02,2018-06-03,2206,1559,1,3,1559,2018-06-02T12:36:20Z,matches_2018_event_751.csv
4668675,751,Challenge Tour 1,2018,2018-06-02,2018-06-03,2208,423,1,3,423,2018-06-02T12:36:20Z,matches_2018_event_751.csv
4668676,751,Challenge Tour 1,2018,2018-06-02,2018-06-03,201,160,3,2,201,2018-06-02T12:36:20Z,matches_2018_event_751.csv
4668677,751,Challenge Tour 1,2018,2018-06-02,2018-06-03,2010,163,1,3,163,2018-06-02T12:36:20Z,matches_2018_event_751.csv
4668678,751,Challenge Tour 1,2018,2018-06-02,2018-06-03,2166,605,3,2,2166,2018-06-02T12:36:20Z,matches_2018_event_751.csv
4668679,751,Challenge Tour 1,2018,2018-06-02,2018-06-03,79,913,3,0,79,2018-06-02T12:53:59Z,matches_2018_event_751.csv
4668680,751,Challenge Tour 1,2018,2018-06-02,2018-06-03,391,1030,3,2,391,2018-06-02T14:06:01Z,matches_2018_event_751.csv
4668681,751,Challenge Tour 1,2018,2018-06-02,2018-06-03,198,135,1,3,135,2018-06-02T14:06:01Z,matches_2018_event_751.csv
4668682,751,Challenge Tour 1,2018,2018-06-02,2018-06-03,67,1041,3,1,67,2018-06-02T14:06:01Z,matches_2018_event_751.csv
4668683,751,Challenge Tour 1,2018,2018-06-02,2018-06-03,102,1812,3,0,102,2018-06-02T14:06:01Z,matches_2018_event_751.csv
4668684,751,Challenge Tour 1,2018,2018-06-02,2018-06-03,74,998,1,3,998,2018-06-02T14:06:01Z,matches_2018_event_751.csv
4668685,751,Challenge Tour 1,2018,2018-06-02,2018-06-03,613,151,0,3,151,2018-06-02T14:08:42Z,matches_2018_event_751.csv
4668686,751,Challenge Tour 1,2018,2018-06-02,2018-06-03,1889,519,0,3,519,2018-06-02T15:06:09Z,matches_2018_event_751.csv
4668687,751,Challenge Tour 1,2018,2018-06-02,2018-06-03,146,633,3,2,146,2018-06-02T15:53:43Z,matches_2018_event_751.csv
4668688,751,Challenge Tour 1,2018,2018-06-02,2018-06-03,886,523,3,2,886,2018-06-02T15:53:43Z,matches_2018_event_751.csv
4668689,751,Challenge Tour 1,2018,2018-06-02,2018-06-03,2335,169,2,3,169,2018-06-02T15:53:43Z,matches_2018_event_751.csv
4668691,751,Challenge Tour 1,2018,2018-06-02,2018-06-03,2204,175,2,3,175,2018-06-02T15:53:43Z,matches_2018_event_751.csv
4668692,751,Challenge Tour 1,2018,2018-06-02,2018-06-03,983,1559,3,2,983,2018-06-02T15:53:43Z,matches_2018_event_751.csv
4668694,751,Challenge Tour 1,2018,2018-06-02,2018-06-03,2340,163,0,3,163,2018-06-02T16:08:39Z,matches_2018_event_751.csv
4668690,751,Challenge Tour 1,2018,2018-06-02,2018-06-03,49,2339,3,0,49,2018-06-02T16:32:42Z,matches_2018_event_751.csv
4668693,751,Challenge Tour 1,2018,2018-06-02,2018-06-03,423,201,2,3,201,2018-06-02T17:08:12Z,matches_2018_event_751.csv
4668695,751,Challenge Tour 1,2018,2018-06-02,2018-06-03,2166,79,3,1,2166,2018-06-02T17:08:12Z,matches_2018_event_751.csv
4668696,751,Challenge Tour 1,2018,2018-06-02,2018-06-03,391,135,3,1,391,2018-06-03T09:00:49Z,matches_2018_event_751.csv
4668697,751,Challenge Tour 1,2018,2018-06-02,2018-06-03,67,102,3,1,67,2018-06-03T09:00:49Z,matches_2018_event_751.csv
4668698,751,Challenge Tour 1,2018,2018-06-02,2018-06-03,998,151,1,3,151,2018-06-03T09:00:49Z,matches_2018_event_751.csv
4668699,751,Challenge Tour 1,2018,2018-06-02,2018-06-03,519,146,3,0,519,2018-06-03T09:00:49Z,matches_2018_event_751.csv
4668700,751,Challenge Tour 1,2018,2018-06-02,2018-06-03,886,169,0,3,169,2018-06-03T09:00:49Z,matches_2018_event_751.csv
4668701,751,Challenge Tour 1,2018,2018-06-02,2018-06-03,49,175,3,1,49,2018-06-03T09:00:49Z,matches_2018_event_751.csv
4668702,751,Challenge Tour 1,2018,2018-06-02,2018-06-03,983,201,3,0,983,2018-06-03T09:00:49Z,matches_2018_event_751.csv
4668703,751,Challenge Tour 1,2018,2018-06-02,2018-06-03,163,2166,1,3,2166,2018-06-03T09:00:49Z,matches_2018_event_751.csv
4668704,751,Challenge Tour 1,2018,2018-06-02,2018-06-03,391,67,1,3,67,2018-06-03T11:03:04Z,matches_2018_event_751.csv
4668707,751,Challenge Tour 1,2018,2018-06-02,2018-06-03,983,2166,3,2,983,2018-06-03T11:03:04Z,matches_2018_event_751.csv
4668706,751,Challenge Tour 1,2018,2018-06-02,2018-06-03,169,49,2,3,49,2018-06-03T11:17:16Z,matches_2018_event_751.csv
4668705,751,Challenge Tour 1,2018,2018-06-02,2018-06-03,151,519,1,3,519,2018-06-03T11:36:01Z,matches_2018_event_751.csv
4668708,751,Challenge Tour 1,2018,2018-06-02,2018-06-03,67,519,2,3,519,2018-06-03T12:55:46Z,matches_2018_event_751.csv
4668709,751,Challenge Tour 1,2018,2018-06-02,2018-06-03,49,983,2,3,983,2018-06-03T12:55:46Z,matches_2018_event_751.csv
4668710,751,Challenge Tour 1,2018,2018-06-02,2018-06-03,519,983,1,3,983,2018-06-03T16:15:14Z,matches_2018_event_751.csv
4668590,752,Challenge Tour 2,2018,2018-07-10,2018-07-11,1122,2335,3,1,1122,2018-07-10T08:32:21Z,matches_2018_event_752.csv
4668591,752,Challenge Tour 2,2018,2018-07-10,2018-07-11,519,1310,3,1,519,2018-07-10T08:32:21Z,matches_2018_event_752.csv
4668592,752,Challenge Tour 2,2018,2018-07-10,2018-07-11,74,195,3,2,74,2018-07-10T08:32:21Z,matches_2018_event_752.csv
4668593,752,Challenge Tour 2,2018,2018-07-10,2018-07-11,102,2340,0,3,2340,2018-07-10T08:32:21Z,matches_2018_event_752.csv
4668594,752,Challenge Tour 2,2018,2018-07-10,2018-07-11,1041,2188,3,1,1041,2018-07-10T08:32:21Z,matches_2018_event_752.csv
4668595,752,Challenge Tour 2,2018,2018-07-10,2018-07-11,2208,523,1,3,523,2018-07-10T08:32:21Z,matches_2018_event_752.csv
4668596,752,Challenge Tour 2,2018,2018-07-10,2018-07-11,2166,2206,3,1,2166,2018-07-10T08:32:21Z,matches_2018_event_752.csv
4668597,752,Challenge Tour 2,2018,2018-07-10,2018-07-11,983,422,3,2,983,2018-07-10T08:32:21Z,matches_2018_event_752.csv
4668598,752,Challenge Tour 2,2018,2018-07-10,2018-07-11,6,2010,1,3,2010,2018-07-10T09:28:22Z,matches_2018_event_752.csv
4668599,752,Challenge Tour 2,2018,2018-07-10,2018-07-11,49,2051,3,0,49,2018-07-10T09:28:22Z,matches_2018_event_752.csv
4668600,752,Challenge Tour 2,2018,2018-07-10,2018-07-11,2351,886,3,0,2351,2018-07-10T09:28:22Z,matches_2018_event_752.csv
4668601,752,Challenge Tour 2,2018,2018-07-10,2018-07-11,2360,201,3,1,2360,2018-07-10T09:28:22Z,matches_2018_event_752.csv
4668602,752,Challenge Tour 2,2018,2018-07-10,2018-07-11,1627,160,3,2,1627,2018-07-10T09:28:22Z,matches_2018_event_752.csv
4668603,752,Challenge Tour 2,2018,2018-07-10,2018-07-11,143,1030,3,1,143,2018-07-10T10:19:55Z,matches_2018_event_752.csv
4668604,752,Challenge Tour 2,2018,2018-07-10,2018-07-11,146,165,2,3,165,2018-07-10T10:19:55Z,matches_2018_event_752.csv
4668605,752,Challenge Tour 2,2018,2018-07-10,2018-07-11,138,1421,1,3,1421,2018-07-10T10:19:55Z,matches_2018_event_752.csv
4668606,752,Challenge Tour 2,2018,2018-07-10,2018-07-11,135,2363,3,0,135,2018-07-10T11:27:24Z,matches_2018_event_752.csv
4668607,752,Challenge Tour 2,2018,2018-07-10,2018-07-11,2047,534,0,3,534,2018-07-10T11:28:41Z,matches_2018_event_752.csv
4668608,752,Challenge Tour 2,2018,2018-07-10,2018-07-11,1544,1322,0,0,1544,2018-07-10T11:28:41Z,matches_2018_event_752.csv
4668609,752,Challenge Tour 2,2018,2018-07-10,2018-07-11,2081,1812,3,2,2081,2018-07-10T11:28:41Z,matches_2018_event_752.csv
4668610,752,Challenge Tour 2,2018,2018-07-10,2018-07-11,605,111,3,0,605,2018-07-10T11:28:41Z,matches_2018_event_752.csv
4668611,752,Challenge Tour 2,2018,2018-07-10,2018-07-11,175,29,3,2,175,2018-07-10T12:02:34Z,matches_2018_event_752.csv
4668612,752,Challenge Tour 2,2018,2018-07-10,2018-07-11,615,2320,0,3,2320,2018-07-10T12:02:34Z,matches_2018_event_752.csv
4668613,752,Challenge Tour 2,2018,2018-07-10,2018-07-11,2274,522,1,3,522,2018-07-10T12:02:34Z,matches_2018_event_752.csv
4668614,752,Challenge Tour 2,2018,2018-07-10,2018-07-11,633,1559,3,2,633,2018-07-10T12:45:10Z,matches_2018_event_752.csv
4668615,752,Challenge Tour 2,2018,2018-07-10,2018-07-11,550,2055,3,0,550,2018-07-10T12:45:10Z,matches_2018_event_752.csv
4668616,752,Challenge Tour 2,2018,2018-07-10,2018-07-11,67,79,3,2,67,2018-07-10T12:53:32Z,matches_2018_event_752.csv
4668617,752,Challenge Tour 2,2018,2018-07-10,2018-07-11,156,119,1,3,119,2018-07-10T13:00:39Z,matches_2018_event_752.csv
4668618,752,Challenge Tour 2,2018,2018-07-10,2018-07-11,151,613,3,1,151,2018-07-10T13:00:39Z,matches_2018_event_752.csv
4668619,752,Challenge Tour 2,2018,2018-07-10,2018-07-11,391,2378,3,1,391,2018-07-10T13:16:56Z,matches_2018_event_752.csv
4668620,752,Challenge Tour 2,2018,2018-07-10,2018-07-11,169,423,3,0,169,2018-07-10T13:16:56Z,matches_2018_event_752.csv
4668621,752,Challenge Tour 2,2018,2018-07-10,2018-07-11,1045,198,3,0,1045,2018-07-10T13:16:56Z,matches_2018_event_752.csv
4668754,752,Challenge Tour 2,2018,2018-07-10,2018-07-11,1122,519,2,3,519,2018-07-10T14:41:47Z,matches_2018_event_752.csv
4668755,752,Challenge Tour 2,2018,2018-07-10,2018-07-11,74,2340,0,3,2340,2018-07-10T14:41:47Z,matches_2018_event_752.csv
4668756,752,Challenge Tour 2,2018,2018-07-10,2018-07-11,1041,523,0,3,523,2018-07-10T14:41:47Z,matches_2018_event_752.csv
4668757,752,Challenge Tour 2,2018,2018-07-10,2018-07-11,2166,983,1,3,983,2018-07-10T14:41:47Z,matches_2018_event_752.csv
4668758,752,Challenge Tour 2,2018,2018-07-10,2018-07-11,2010,49,0,3,49,2018-07-10T14:41:47Z,matches_2018_event_752.csv
4668759,752,Challenge Tour 2,2018,2018-07-10,2018-07-11,2351,2360,0,3,2360,2018-07-10T14:41:47Z,matches_2018_event_752.csv
4668760,752,Challenge Tour 2,2018,2018-07-10,2018-07-11,1627,143,3,2,1627,2018-07-10T14:41:47Z,matches_2018_event_752.csv
4668761,752,Challenge Tour 2,2018,2018-07-10,2018-07-11,165,1421,3,1,165,2018-07-10T14:41:47Z,matches_2018_event_752.csv
4668762,752,Challenge Tour 2,2018,2018-07-10,2018-07-11,135,534,3,0,135,2018-07-10T14:41:47Z,matches_2018_event_752.csv
4668764,752,Challenge Tour 2,2018,2018-07-10,2018-07-11,605,175,3,2,605,2018-07-10T14:41:47Z,matches_2018_event_752.csv
4668763,752,Challenge Tour 2,2018,2018-07-10,2018-07-11,1544,2081,0,3,2081,2018-07-10T16:15:20Z,matches_2018_event_752.csv
4668765,752,Challenge Tour 2,2018,2018-07-10,2018-07-11,2320,522,2,3,522,2018-07-10T16:21:59Z,matches_2018_event_752.csv
4668766,752,Challenge Tour 2,2018,2018-07-10,2018-07-11,633,550,2,3,550,2018-07-10T16:21:59Z,matches_2018_event_752.csv
4668767,752,Challenge Tour 2,2018,2018-07-10,2018-07-11,67,119,3,0,67,2018-07-10T16:21:59Z,matches_2018_event_752.csv
4668768,752,Challenge Tour 2,2018,2018-07-10,2018-07-11,151,391,3,0,151,2018-07-10T16:21:59Z,matches_2018_event_752.csv
4668769,752,Challenge Tour 2,2018,2018-07-10,2018-07-11,169,1045,0,3,1045,2018-07-10T16:21:59Z,matches_2018_event_752.csv
4668638,752,Challenge Tour 2,2018,2018-07-10,2018-07-11,519,2340,3,1,519,2018-07-11T09:04:22Z,matches_2018_event_752.csv
4668639,752,Challenge Tour 2,2018,2018-07-10,2018-07-11,523,983,0,3,983,2018-07-11T09:04:22Z,matches_2018_event_752.csv
4668640,752,Challenge Tour 2,2018,2018-07-10,2018-07-11,49,2360,3,0,49,2018-07-11T09:04:22Z,matches_2018_event_752.csv
4668641,752,Challenge Tour 2,2018,2018-07-10,2018-07-11,1627,165,3,0,1627,2018-07-11T09:04:22Z,matches_2018_event_752.csv
4668642,752,Challenge Tour 2,2018,2018-07-10,2018-07-11,135,2081,0,3,2081,2018-07-11T09:04:22Z,matches_2018_event_752.csv
4668643,752,Challenge Tour 2,2018,2018-07-10,2018-07-11,605,522,3,2,605,2018-07-11T09:04:22Z,matches_2018_event_752.csv
4668644,752,Challenge Tour 2,2018,2018-07-10,2018-07-11,550,67,1,3,67,2018-07-11T09:04:22Z,matches_2018_event_752.csv
4668645,752,Challenge Tour 2,2018,2018-07-10,2018-07-11,151,1045,3,0,151,2018-07-11T09:04:22Z,matches_2018_event_752.csv
4668646,752,Challenge Tour 2,2018,2018-07-10,2018-07-11,519,983,0,3,983,2018-07-11T11:00:39Z,matches_2018_event_752.csv
4668647,752,Challenge Tour 2,2018,2018-07-10,2018-07-11,49,1627,3,1,49,2018-07-11T11:00:39Z,matches_2018_event_752.csv
4668648,752,Challenge Tour 2,2018,2018-07-10,2018-07-11,2081,605,1,3,605,2018-07-11T11:00:39Z,matches_2018_event_752.csv
4668649,752,Challenge Tour 2,2018,2018-07-10,2018-07-11,67,151,3,0,67,2018-07-11T11:00:39Z,matches_2018_event_752.csv
4668650,752,Challenge Tour 2,2018,2018-07-10,2018-07-11,983,49,2,3,49,2018-07-11T12:52:52Z,matches_2018_event_752.csv
4668651,752,Challenge Tour 2,2018,2018-07-10,2018-07-11,605,67,2,3,67,2018-07-11T12:52:52Z,matches_2018_event_752.csv
4668652,752,Challenge Tour 2,2018,2018-07-10,2018-07-11,49,67,0,3,67,2018-07-11T15:06:34Z,matches_2018_event_752.csv
4668496,753,Challenge Tour 3,2018,2018-07-28,2018-07-28,49,1310,3,0,49,2018-07-28T08:27:34Z,matches_2018_event_753.csv
4668497,753,Challenge Tour 3,2018,2018-07-28,2018-07-28,151,135,0,3,135,2018-07-28T08:27:34Z,matches_2018_event_753.csv
4668500,753,Challenge Tour 3,2018,2018-07-28,2018-07-28,2166,1030,3,0,2166,2018-07-28T09:03:51Z,matches_2018_event_753.csv
4668498,753,Challenge Tour 3,2018,2018-07-28,2018-07-28,165,633,3,2,165,2018-07-28T09:39:15Z,matches_2018_event_753.csv
4668501,753,Challenge Tour 3,2018,2018-07-28,2018-07-28,391,2320,3,1,391,2018-07-28T09:52:53Z,matches_2018_event_753.csv
4668502,753,Challenge Tour 3,2018,2018-07-28,2018-07-28,138,201,3,1,138,2018-07-28T11:05:24Z,matches_2018_event_753.csv
4668503,753,Challenge Tour 3,2018,2018-07-28,2018-07-28,2340,2010,1,3,2010,2018-07-28T11:05:24Z,matches_2018_event_753.csv
4668499,753,Challenge Tour 3,2018,2018-07-28,2018-07-28,2047,605,2,3,605,2018-07-28T11:06:12Z,matches_2018_event_753.csv
4668504,753,Challenge Tour 3,2018,2018-07-28,2018-07-28,160,983,2,3,983,2018-07-28T11:06:12Z,matches_2018_event_753.csv
4668505,753,Challenge Tour 3,2018,2018-07-28,2018-07-28,522,49,0,3,49,2018-07-28T11:10:38Z,matches_2018_event_753.csv
4668506,753,Challenge Tour 3,2018,2018-07-28,2018-07-28,6,135,3,0,6,2018-07-28T14:14:07Z,matches_2018_event_753.csv
4668507,753,Challenge Tour 3,2018,2018-07-28,2018-07-28,67,165,0,3,165,2018-07-28T14:14:07Z,matches_2018_event_753.csv
4668509,753,Challenge Tour 3,2018,2018-07-28,2018-07-28,2166,391,3,2,2166,2018-07-28T14:14:07Z,matches_2018_event_753.csv
4668510,753,Challenge Tour 3,2018,2018-07-28,2018-07-28,79,138,3,2,79,2018-07-28T14:14:07Z,matches_2018_event_753.csv
4668512,753,Challenge Tour 3,2018,2018-07-28,2018-07-28,1812,983,2,3,983,2018-07-28T14:14:07Z,matches_2018_event_753.csv
4668508,753,Challenge Tour 3,2018,2018-07-28,2018-07-28,519,605,0,0,605,2018-07-28T14:14:33Z,matches_2018_event_753.csv
4668511,753,Challenge Tour 3,2018,2018-07-28,2018-07-28,1421,2010,3,2,1421,2018-07-28T14:14:33Z,matches_2018_event_753.csv
4668553,753,Challenge Tour 3,2018,2018-07-28,2018-07-28,49,6,0,3,6,2018-07-28T14:18:52Z,matches_2018_event_753.csv
4668555,753,Challenge Tour 3,2018,2018-07-28,2018-07-28,2166,79,3,2,2166,2018-07-28T14:18:52Z,matches_2018_event_753.csv
4668554,753,Challenge Tour 3,2018,2018-07-28,2018-07-28,165,605,3,2,165,2018-07-28T15:13:28Z,matches_2018_event_753.csv
4668556,753,Challenge Tour 3,2018,2018-07-28,2018-07-28,1421,983,0,3,983,2018-07-28T15:13:28Z,matches_2018_event_753.csv
4668557,753,Challenge Tour 3,2018,2018-07-28,2018-07-28,6,165,3,2,6,2018-07-28T16:26:14Z,matches_2018_event_753.csv
4668558,753,Challenge Tour 3,2018,2018-07-28,2018-07-28,2166,983,3,2,2166,2018-07-28T16:26:14Z,matches_2018_event_753.csv
4668716,753,Challenge Tour 3,2018,2018-07-28,2018-07-28,6,2166,3,2,6,2018-07-28T19:30:49Z,matches_2018_event_753.csv
4790013,754,Challenge Tour 4,2018,2018-08-27,2018-08-28,146,1030,3,1,146,2018-08-27T08:27:47Z,matches_2018_event_754.csv
4790014,754,Challenge Tour 4,2018,2018-08-27,2018-08-28,1812,160,3,2,1812,2018-08-27T08:27:47Z,matches_2018_event_754.csv
4790015,754,Challenge Tour 4,2018,2018-08-27,2018-08-28,79,519,3,2,79,2018-08-27T08:27:47Z,matches_2018_event_754.csv
4790016,754,Challenge Tour 4,2018,2018-08-27,2018-08-28,2188,834,3,2,2188,2018-08-27T08:27:47Z,matches_2018_event_754.csv
4790017,754,Challenge Tour 4,2018,2018-08-27,2018-08-28,6,2166,3,2,6,2018-08-27T08:27:47Z,matches_2018_event_754.csv
4790018,754,Challenge Tour 4,2018,2018-08-27,2018-08-28,2340,67,0,3,67,2018-08-27T08:27:47Z,matches_2018_event_754.csv
4790019,754,Challenge Tour 4,2018,2018-08-27,2018-08-28,138,1310,3,0,138,2018-08-27T08:27:47Z,matches_2018_event_754.csv
4790020,754,Challenge Tour 4,2018,2018-08-27,2018-08-28,2047,49,2,3,49,2018-08-27T08:27:47Z,matches_2018_event_754.csv
4790021,754,Challenge Tour 4,2018,2018-08-27,2018-08-28,550,2335,0,0,2335,2018-08-27T08:27:47Z,matches_2018_event_754.csv
4790022,754,Challenge Tour 4,2018,2018-08-27,2018-08-28,151,165,3,2,151,2018-08-27T08:27:47Z,matches_2018_event_754.csv
4790306,754,Challenge Tour 4,2018,2018-08-27,2018-08-28,169,146,3,1,169,2018-08-27T10:01:18Z,matches_2018_event_754.csv
4790308,754,Challenge Tour 4,2018,2018-08-27,2018-08-28,1893,1485,3,1,1893,2018-08-27T10:01:18Z,matches_2018_event_754.csv
4790307,754,Challenge Tour 4,2018,2018-08-27,2018-08-28,605,1812,3,0,605,2018-08-27T10:10:36Z,matches_2018_event_754.csv
4790309,754,Challenge Tour 4,2018,2018-08-27,2018-08-28,1421,79,0,3,79,2018-08-27T10:10:36Z,matches_2018_event_754.csv
4790310,754,Challenge Tour 4,2018,2018-08-27,2018-08-28,2320,2249,3,1,2320,2018-08-27T10:10:36Z,matches_2018_event_754.csv
4790311,754,Challenge Tour 4,2018,2018-08-27,2018-08-28,2400,391,2,3,391,2018-08-27T10:10:36Z,matches_2018_event_754.csv
4790313,754,Challenge Tour 4,2018,2018-08-27,2018-08-28,983,6,3,0,983,2018-08-27T10:48:03Z,matches_2018_event_754.csv
4790312,754,Challenge Tour 4,2018,2018-08-27,2018-08-28,163,2188,3,2,163,2018-08-27T11:16:08Z,matches_2018_event_754.csv
4790318,754,Challenge Tour 4,2018,2018-08-27,2018-08-28,522,523,3,1,522,2018-08-27T12:43:14Z,matches_2018_event_754.csv
4790314,754,Challenge Tour 4,2018,2018-08-27,2018-08-28,1122,2010,1,3,2010,2018-08-27T12:43:40Z,matches_2018_event_754.csv
4790315,754,Challenge Tour 4,2018,2018-08-27,2018-08-28,2081,67,0,3,67,2018-08-27T12:43:40Z,matches_2018_event_754.csv
4790316,754,Challenge Tour 4,2018,2018-08-27,2018-08-28,2274,138,1,3,138,2018-08-27T12:43:40Z,matches_2018_event_754.csv
4790317,754,Challenge Tour 4,2018,2018-08-27,2018-08-28,135,49,1,3,49,2018-08-27T12:43:40Z,matches_2018_event_754.csv
4790320,754,Challenge Tour 4,2018,2018-08-27,2018-08-28,633,2055,0,3,2055,2018-08-27T12:43:40Z,matches_2018_event_754.csv
4790321,754,Challenge Tour 4,2018,2018-08-27,2018-08-28,613,151,1,3,151,2018-08-27T12:43:40Z,matches_2018_event_754.csv
4790319,754,Challenge Tour 4,2018,2018-08-27,2018-08-28,1301,2335,1,3,2335,2018-08-27T13:04:18Z,matches_2018_event_754.csv
4790199,754,Challenge Tour 4,2018,2018-08-27,2018-08-28,169,605,2,3,605,2018-08-27T14:00:53Z,matches_2018_event_754.csv
4790200,754,Challenge Tour 4,2018,2018-08-27,2018-08-28,1893,79,3,1,1893,2018-08-27T14:00:53Z,matches_2018_event_754.csv
4790201,754,Challenge Tour 4,2018,2018-08-27,2018-08-28,2320,391,3,2,2320,2018-08-27T14:00:53Z,matches_2018_event_754.csv
4790202,754,Challenge Tour 4,2018,2018-08-27,2018-08-28,163,983,3,1,163,2018-08-27T14:00:53Z,matches_2018_event_754.csv
4790203,754,Challenge Tour 4,2018,2018-08-27,2018-08-28,2010,67,0,3,67,2018-08-27T14:00:53Z,matches_2018_event_754.csv
4790204,754,Challenge Tour 4,2018,2018-08-27,2018-08-28,138,49,1,3,49,2018-08-27T14:00:53Z,matches_2018_event_754.csv
4790205,754,Challenge Tour 4,2018,2018-08-27,2018-08-28,522,2335,1,3,2335,2018-08-27T14:00:53Z,matches_2018_event_754.csv
4790206,754,Challenge Tour 4,2018,2018-08-27,2018-08-28,2055,151,2,3,151,2018-08-27T14:00:53Z,matches_2018_event_754.csv
4790255,754,Challenge Tour 4,2018,2018-08-27,2018-08-28,605,1893,2,3,1893,2018-08-28T08:32:49Z,matches_2018_event_754.csv
4790256,754,Challenge Tour 4,2018,2018-08-27,2018-08-28,2320,163,3,2,2320,2018-08-28T08:32:49Z,matches_2018_event_754.csv
4790257,754,Challenge Tour 4,2018,2018-08-27,2018-08-28,67,49,1,3,49,2018-08-28T08:32:49Z,matches_2018_event_754.csv
4790258,754,Challenge Tour 4,2018,2018-08-27,2018-08-28,2335,151,3,2,2335,2018-08-28T08:32:49Z,matches_2018_event_754.csv
4790273,754,Challenge Tour 4,2018,2018-08-27,2018-08-28,1893,2320,0,3,2320,2018-08-28T10:06:39Z,matches_2018_event_754.csv
4790274,754,Challenge Tour 4,2018,2018-08-27,2018-08-28,49,2335,3,0,49,2018-08-28T10:06:39Z,matches_2018_event_754.csv
4790289,754,Challenge Tour 4,2018,2018-08-27,2018-08-28,2320,49,0,3,49,2018-08-28T11:27:13Z,matches_2018_event_754.csv
4798884,755,Challenge Tour 5,2018,2018-09-18,2018-09-19,1559,613,3,1,1559,2018-09-18T08:01:30Z,matches_2018_event_755.csv
4798885,755,Challenge Tour 5,2018,2018-09-18,2018-09-19,198,2051,0,0,198,2018-09-18T08:01:30Z,matches_2018_event_755.csv
4798886,755,Challenge Tour 5,2018,2018-09-18,2018-09-19,391,6,1,3,6,2018-09-18T08:01:30Z,matches_2018_event_755.csv
4798887,755,Challenge Tour 5,2018,2018-09-18,2018-09-19,1310,2335,1,3,2335,2018-09-18T08:01:30Z,matches_2018_event_755.csv
4798888,755,Challenge Tour 5,2018,2018-09-18,2018-09-19,619,2010,2,3,2010,2018-09-18T08:01:30Z,matches_2018_event_755.csv
4798889,755,Challenge Tour 5,2018,2018-09-18,2018-09-19,741,605,1,3,605,2018-09-18T08:01:30Z,matches_2018_event_755.csv
4798890,755,Challenge Tour 5,2018,2018-09-18,2018-09-19,424,633,1,3,633,2018-09-18T08:01:30Z,matches_2018_event_755.csv
4798891,755,Challenge Tour 5,2018,2018-09-18,2018-09-19,1727,2081,1,3,2081,2018-09-18T08:01:30Z,matches_2018_event_755.csv
4798892,755,Challenge Tour 5,2018,2018-09-18,2018-09-19,146,423,2,3,423,2018-09-18T09:50:58Z,matches_2018_event_755.csv
4798893,755,Challenge Tour 5,2018,2018-09-18,2018-09-19,2166,522,1,3,522,2018-09-18T09:50:58Z,matches_2018_event_755.csv
4798894,755,Challenge Tour 5,2018,2018-09-18,2018-09-19,2378,983,0,3,983,2018-09-18T09:50:58Z,matches_2018_event_755.csv
4798895,755,Challenge Tour 5,2018,2018-09-18,2018-09-19,67,1812,3,1,67,2018-09-18T09:50:58Z,matches_2018_event_755.csv
4798896,755,Challenge Tour 5,2018,2018-09-18,2018-09-19,138,1544,3,1,138,2018-09-18T09:50:58Z,matches_2018_event_755.csv
4798897,755,Challenge Tour 5,2018,2018-09-18,2018-09-19,165,1739,3,0,165,2018-09-18T09:50:58Z,matches_2018_event_755.csv
4798898,755,Challenge Tour 5,2018,2018-09-18,2018-09-19,143,160,2,3,160,2018-09-18T09:50:58Z,matches_2018_event_755.csv
4798899,755,Challenge Tour 5,2018,2018-09-18,2018-09-19,523,1030,3,0,523,2018-09-18T09:50:58Z,matches_2018_event_755.csv
4798900,755,Challenge Tour 5,2018,2018-09-18,2018-09-19,1889,2360,1,3,2360,2018-09-18T10:00:48Z,matches_2018_event_755.csv
4798901,755,Challenge Tour 5,2018,2018-09-18,2018-09-19,2055,2320,2,3,2320,2018-09-18T10:25:44Z,matches_2018_event_755.csv
4798902,755,Challenge Tour 5,2018,2018-09-18,2018-09-19,416,169,3,2,416,2018-09-18T10:28:09Z,matches_2018_event_755.csv
4798903,755,Challenge Tour 5,2018,2018-09-18,2018-09-19,102,163,3,0,102,2018-09-18T10:30:21Z,matches_2018_event_755.csv
4798904,755,Challenge Tour 5,2018,2018-09-18,2018-09-19,422,2047,3,0,422,2018-09-18T10:54:11Z,matches_2018_event_755.csv
4798905,755,Challenge Tour 5,2018,2018-09-18,2018-09-19,1041,1122,0,3,1122,2018-09-18T10:55:10Z,matches_2018_event_755.csv
4798906,755,Challenge Tour 5,2018,2018-09-18,2018-09-19,834,1558,2,3,1558,2018-09-18T11:14:56Z,matches_2018_event_755.csv
4798907,755,Challenge Tour 5,2018,2018-09-18,2018-09-19,79,1421,0,0,1421,2018-09-18T11:14:56Z,matches_2018_event_755.csv
4798908,755,Challenge Tour 5,2018,2018-09-18,2018-09-19,897,998,0,3,998,2018-09-18T11:45:55Z,matches_2018_event_755.csv
4798909,755,Challenge Tour 5,2018,2018-09-18,2018-09-19,49,886,3,0,49,2018-09-18T11:45:55Z,matches_2018_event_755.csv
4798910,755,Challenge Tour 5,2018,2018-09-18,2018-09-19,2351,1485,3,0,2351,2018-09-18T11:45:55Z,matches_2018_event_755.csv
4798911,755,Challenge Tour 5,2018,2018-09-18,2018-09-19,119,519,3,1,119,2018-09-18T11:59:08Z,matches_2018_event_755.csv
4798912,755,Challenge Tour 5,2018,2018-09-18,2018-09-19,74,2208,3,0,74,2018-09-18T11:59:08Z,matches_2018_event_755.csv
4799295,755,Challenge Tour 5,2018,2018-09-18,2018-09-19,1559,198,3,2,1559,2018-09-18T13:02:23Z,matches_2018_event_755.csv
4799296,755,Challenge Tour 5,2018,2018-09-18,2018-09-19,2340,6,0,3,6,2018-09-18T13:02:23Z,matches_2018_event_755.csv
4799297,755,Challenge Tour 5,2018,2018-09-18,2018-09-19,2335,2010,2,3,2010,2018-09-18T13:02:23Z,matches_2018_event_755.csv
4799298,755,Challenge Tour 5,2018,2018-09-18,2018-09-19,605,633,3,2,605,2018-09-18T13:02:23Z,matches_2018_event_755.csv
4799299,755,Challenge Tour 5,2018,2018-09-18,2018-09-19,2030,2081,1,3,2081,2018-09-18T13:02:23Z,matches_2018_event_755.csv
4799300,755,Challenge Tour 5,2018,2018-09-18,2018-09-19,423,522,0,3,522,2018-09-18T13:02:23Z,matches_2018_event_755.csv
4799301,755,Challenge Tour 5,2018,2018-09-18,2018-09-19,983,67,3,0,983,2018-09-18T13:23:34Z,matches_2018_event_755.csv
4799302,755,Challenge Tour 5,2018,2018-09-18,2018-09-19,138,165,3,0,138,2018-09-18T13:29:58Z,matches_2018_event_755.csv
4799303,755,Challenge Tour 5,2018,2018-09-18,2018-09-19,160,523,0,3,523,2018-09-18T14:33:51Z,matches_2018_event_755.csv
4799304,755,Challenge Tour 5,2018,2018-09-18,2018-09-19,2360,2320,3,2,2360,2018-09-18T14:33:51Z,matches_2018_event_755.csv
4799305,755,Challenge Tour 5,2018,2018-09-18,2018-09-19,416,102,0,3,102,2018-09-18T14:33:51Z,matches_2018_event_755.csv
4799306,755,Challenge Tour 5,2018,2018-09-18,2018-09-19,422,1122,3,1,422,2018-09-18T14:33:51Z,matches_2018_event_755.csv
4799307,755,Challenge Tour 5,2018,2018-09-18,2018-09-19,1558,1421,2,3,1421,2018-09-18T14:33:51Z,matches_2018_event_755.csv
4799308,755,Challenge Tour 5,2018,2018-09-18,2018-09-19,1648,998,0,3,998,2018-09-18T14:33:51Z,matches_2018_event_755.csv
4799309,755,Challenge Tour 5,2018,2018-09-18,2018-09-19,49,2351,3,1,49,2018-09-18T14:33:51Z,matches_2018_event_755.csv
4799310,755,Challenge Tour 5,2018,2018-09-18,2018-09-19,119,74,3,1,119,2018-09-18T14:33:51Z,matches_2018_event_755.csv
4799311,755,Challenge Tour 5,2018,2018-09-18,2018-09-19,1559,6,2,3,6,2018-09-19T09:00:01Z,matches_2018_event_755.csv
4799312,755,Challenge Tour 5,2018,2018-09-18,2018-09-19,2010,605,3,0,2010,2018-09-19T09:00:01Z,matches_2018_event_755.csv
4799313,755,Challenge Tour 5,2018,2018-09-18,2018-09-19,2081,522,2,3,522,2018-09-19T09:00:01Z,matches_2018_event_755.csv
4799314,755,Challenge Tour 5,2018,2018-09-18,2018-09-19,983,138,3,1,983,2018-09-19T09:00:01Z,matches_2018_event_755.csv
4799315,755,Challenge Tour 5,2018,2018-09-18,2018-09-19,523,2360,3,2,523,2018-09-19T09:00:01Z,matches_2018_event_755.csv
4799316,755,Challenge Tour 5,2018,2018-09-18,2018-09-19,102,422,1,3,422,2018-09-19T09:00:01Z,matches_2018_event_755.csv
4799317,755,Challenge Tour 5,2018,2018-09-18,2018-09-19,1421,998,0,3,998,2018-09-19T09:00:01Z,matches_2018_event_755.csv
4799318,755,Challenge Tour 5,2018,2018-09-18,2018-09-19,49,119,3,1,49,2018-09-19T09:00:01Z,matches_2018_event_755.csv
4799319,755,Challenge Tour 5,2018,2018-09-18,2018-09-19,6,2010,0,3,2010,2018-09-19T10:40:59Z,matches_2018_event_755.csv
4799321,755,Challenge Tour 5,2018,2018-09-18,2018-09-19,523,422,3,1,523,2018-09-19T10:40:59Z,matches_2018_event_755.csv
4799322,755,Challenge Tour 5,2018,2018-09-18,2018-09-19,998,49,3,2,998,2018-09-19T10:40:59Z,matches_2018_event_755.csv
4799320,755,Challenge Tour 5,2018,2018-09-18,2018-09-19,522,983,0,3,983,2018-09-19T11:06:42Z,matches_2018_event_755.csv
4799323,755,Challenge Tour 5,2018,2018-09-18,2018-09-19,2010,983,2,3,983,2018-09-19T12:15:53Z,matches_2018_event_755.csv
4799324,755,Challenge Tour 5,2018,2018-09-18,2018-09-19,523,998,1,3,998,2018-09-19T13:22:38Z,matches_2018_event_755.csv
4799326,755,Challenge Tour 5,2018,2018-09-18,2018-09-19,983,998,1,3,998,2018-09-19T15:30:12Z,matches_2018_event_755.csv
5073227,756,Challenge Tour 6,2018,2018-10-04,2018-10-05,391,2335,2,3,2335,2018-10-04T07:00:09Z,matches_2018_event_756.csv
5073228,756,Challenge Tour 6,2018,2018-10-04,2018-10-05,522,2400,3,2,522,2018-10-04T07:00:09Z,matches_2018_event_756.csv
5073229,756,Challenge Tour 6,2018,2018-10-04,2018-10-05,2348,169,2,3,169,2018-10-04T07:00:09Z,matches_2018_event_756.csv
5073230,756,Challenge Tour 6,2018,2018-10-04,2018-10-05,1485,135,2,3,135,2018-10-04T07:00:09Z,matches_2018_event_756.csv
5073231,756,Challenge Tour 6,2018,2018-10-04,2018-10-05,423,834,3,2,423,2018-10-04T08:37:57Z,matches_2018_event_756.csv
5073232,756,Challenge Tour 6,2018,2018-10-04,2018-10-05,6,2166,3,2,6,2018-10-04T08:50:52Z,matches_2018_event_756.csv
5073233,756,Challenge Tour 6,2018,2018-10-04,2018-10-05,2047,998,3,1,2047,2018-10-04T08:51:39Z,matches_2018_event_756.csv
5073234,756,Challenge Tour 6,2018,2018-10-04,2018-10-05,1421,416,1,3,416,2018-10-04T10:33:25Z,matches_2018_event_756.csv
5073195,756,Challenge Tour 6,2018,2018-10-04,2018-10-05,2274,1558,3,1,2274,2018-10-04T10:50:46Z,matches_2018_event_756.csv
5073196,756,Challenge Tour 6,2018,2018-10-04,2018-10-05,79,2335,2,3,2335,2018-10-04T10:50:46Z,matches_2018_event_756.csv
5073198,756,Challenge Tour 6,2018,2018-10-04,2018-10-05,163,1812,1,3,1812,2018-10-04T11:13:15Z,matches_2018_event_756.csv
5073197,756,Challenge Tour 6,2018,2018-10-04,2018-10-05,138,605,0,0,605,2018-10-04T11:42:43Z,matches_2018_event_756.csv
5073199,756,Challenge Tour 6,2018,2018-10-04,2018-10-05,1030,733,0,3,733,2018-10-04T12:56:13Z,matches_2018_event_756.csv
5073200,756,Challenge Tour 6,2018,2018-10-04,2018-10-05,146,522,3,1,146,2018-10-04T13:01:14Z,matches_2018_event_756.csv
5073201,756,Challenge Tour 6,2018,2018-10-04,2018-10-05,633,175,3,0,633,2018-10-04T13:15:45Z,matches_2018_event_756.csv
5073202,756,Challenge Tour 6,2018,2018-10-04,2018-10-05,1122,169,3,2,1122,2018-10-04T13:15:45Z,matches_2018_event_756.csv
5073203,756,Challenge Tour 6,2018,2018-10-04,2018-10-05,2010,983,3,2,2010,2018-10-04T14:16:43Z,matches_2018_event_756.csv
5073204,756,Challenge Tour 6,2018,2018-10-04,2018-10-05,160,135,0,3,135,2018-10-04T14:38:33Z,matches_2018_event_756.csv
5073207,756,Challenge Tour 6,2018,2018-10-04,2018-10-05,1889,165,0,3,165,2018-10-04T17:00:07Z,matches_2018_event_756.csv
5073205,756,Challenge Tour 6,2018,2018-10-04,2018-10-05,2320,423,2,3,423,2018-10-04T17:02:16Z,matches_2018_event_756.csv
5073206,756,Challenge Tour 6,2018,2018-10-04,2018-10-05,49,6,3,2,49,2018-10-04T17:02:16Z,matches_2018_event_756.csv
5073208,756,Challenge Tour 6,2018,2018-10-04,2018-10-05,201,2047,2,3,2047,2018-10-04T17:02:16Z,matches_2018_event_756.csv
5073209,756,Challenge Tour 6,2018,2018-10-04,2018-10-05,2055,519,3,1,2055,2018-10-04T17:02:16Z,matches_2018_event_756.csv
5073210,756,Challenge Tour 6,2018,2018-10-04,2018-10-05,67,416,3,2,67,2018-10-04T17:18:01Z,matches_2018_event_756.csv
5073219,756,Challenge Tour 6,2018,2018-10-04,2018-10-05,2274,2335,0,3,2335,2018-10-05T08:03:10Z,matches_2018_event_756.csv
5073220,756,Challenge Tour 6,2018,2018-10-04,2018-10-05,605,1812,3,1,605,2018-10-05T08:03:10Z,matches_2018_event_756.csv
5073221,756,Challenge Tour 6,2018,2018-10-04,2018-10-05,733,146,0,3,146,2018-10-05T08:03:10Z,matches_2018_event_756.csv
5073222,756,Challenge Tour 6,2018,2018-10-04,2018-10-05,633,1122,1,3,1122,2018-10-05T08:03:10Z,matches_2018_event_756.csv
5073223,756,Challenge Tour 6,2018,2018-10-04,2018-10-05,2010,135,3,2,2010,2018-10-05T10:02:50Z,matches_2018_event_756.csv
5073225,756,Challenge Tour 6,2018,2018-10-04,2018-10-05,165,2047,1,3,2047,2018-10-05T10:02:50Z,matches_2018_event_756.csv
5073226,756,Challenge Tour 6,2018,2018-10-04,2018-10-05,2055,67,0,3,67,2018-10-05T10:02:50Z,matches_2018_event_756.csv
5073224,756,Challenge Tour 6,2018,2018-10-04,2018-10-05,423,49,0,3,49,2018-10-05T10:46:30Z,matches_2018_event_756.csv
5073235,756,Challenge Tour 6,2018,2018-10-04,2018-10-05,2335,605,3,2,2335,2018-10-05T12:00:49Z,matches_2018_event_756.csv
5073236,756,Challenge Tour 6,2018,2018-10-04,2018-10-05,146,1122,0,3,1122,2018-10-05T12:00:49Z,matches_2018_event_756.csv
5073238,756,Challenge Tour 6,2018,2018-10-04,2018-10-05,2047,67,1,3,67,2018-10-05T12:11:04Z,matches_2018_event_756.csv
5073237,756,Challenge Tour 6,2018,2018-10-04,2018-10-05,2010,49,3,2,2010,2018-10-05T12:18:35Z,matches_2018_event_756.csv
5073239,756,Challenge Tour 6,2018,2018-10-04,2018-10-05,2335,1122,3,0,2335,2018-10-05T14:18:58Z,matches_2018_event_756.csv
5073240,756,Challenge Tour 6,2018,2018-10-04,2018-10-05,2010,67,0,3,67,2018-10-05T15:50:45Z,matches_2018_event_756.csv
5073241,756,Challenge Tour 6,2018,2018-10-04,2018-10-05,2335,67,0,3,67,2018-10-05T18:27:56Z,matches_2018_event_756.csv
5076906,757,Challenge Tour 7,2018,2018-10-13,2018-10-14,1310,201,2,3,201,2018-10-13T07:59:16Z,matches_2018_event_757.csv
5076907,757,Challenge Tour 7,2018,2018-10-13,2018-10-14,163,1041,2,3,1041,2018-10-13T07:59:16Z,matches_2018_event_757.csv
5076908,757,Challenge Tour 7,2018,2018-10-13,2018-10-14,741,2051,3,2,741,2018-10-13T07:59:16Z,matches_2018_event_757.csv
5076909,757,Challenge Tour 7,2018,2018-10-13,2018-10-14,2400,983,1,3,983,2018-10-13T07:59:16Z,matches_2018_event_757.csv
5076910,757,Challenge Tour 7,2018,2018-10-13,2018-10-14,160,2081,3,0,160,2018-10-13T07:59:16Z,matches_2018_event_757.csv
5076911,757,Challenge Tour 7,2018,2018-10-13,2018-10-14,2166,2335,3,1,2166,2018-10-13T07:59:16Z,matches_2018_event_757.csv
5076912,757,Challenge Tour 7,2018,2018-10-13,2018-10-14,119,2010,3,0,119,2018-10-13T07:59:16Z,matches_2018_event_757.csv
5076913,757,Challenge Tour 7,2018,2018-10-13,2018-10-14,2030,2320,3,2,2030,2018-10-13T07:59:16Z,matches_2018_event_757.csv
5076914,757,Challenge Tour 7,2018,2018-10-13,2018-10-14,834,2378,3,0,834,2018-10-13T09:49:48Z,matches_2018_event_757.csv
5076915,757,Challenge Tour 7,2018,2018-10-13,2018-10-14,2362,151,1,3,151,2018-10-13T09:49:48Z,matches_2018_event_757.csv
5076916,757,Challenge Tour 7,2018,2018-10-13,2018-10-14,619,2055,3,1,619,2018-10-13T09:49:48Z,matches_2018_event_757.csv
5076917,757,Challenge Tour 7,2018,2018-10-13,2018-10-14,391,1045,3,2,391,2018-10-13T09:49:48Z,matches_2018_event_757.csv
5076918,757,Challenge Tour 7,2018,2018-10-13,2018-10-14,1558,2208,3,0,1558,2018-10-13T09:49:48Z,matches_2018_event_757.csv
5076919,757,Challenge Tour 7,2018,2018-10-13,2018-10-14,79,519,1,3,519,2018-10-13T09:49:48Z,matches_2018_event_757.csv
5076920,757,Challenge Tour 7,2018,2018-10-13,2018-10-14,422,2206,3,1,422,2018-10-13T09:49:48Z,matches_2018_event_757.csv
5076921,757,Challenge Tour 7,2018,2018-10-13,2018-10-14,633,67,2,3,67,2018-10-13T09:49:48Z,matches_2018_event_757.csv
5076922,757,Challenge Tour 7,2018,2018-10-13,2018-10-14,138,423,3,1,138,2018-10-13T11:30:09Z,matches_2018_event_757.csv
5076923,757,Challenge Tour 7,2018,2018-10-13,2018-10-14,416,175,3,0,416,2018-10-13T11:30:09Z,matches_2018_event_757.csv
5076924,757,Challenge Tour 7,2018,2018-10-13,2018-10-14,1030,1301,1,3,1301,2018-10-13T11:30:09Z,matches_2018_event_757.csv
5076925,757,Challenge Tour 7,2018,2018-10-13,2018-10-14,1421,169,2,3,169,2018-10-13T11:30:09Z,matches_2018_event_757.csv
5076926,757,Challenge Tour 7,2018,2018-10-13,2018-10-14,143,2274,0,3,2274,2018-10-13T11:30:09Z,matches_2018_event_757.csv
5076927,757,Challenge Tour 7,2018,2018-10-13,2018-10-14,1812,613,3,0,1812,2018-10-13T11:30:09Z,matches_2018_event_757.csv
5076928,757,Challenge Tour 7,2018,2018-10-13,2018-10-14,523,522,3,2,523,2018-10-13T11:30:09Z,matches_2018_event_757.csv
5076929,757,Challenge Tour 7,2018,2018-10-13,2018-10-14,146,2060,3,0,146,2018-10-13T12:08:09Z,matches_2018_event_757.csv
5076930,757,Challenge Tour 7,2018,2018-10-13,2018-10-14,6,2340,3,1,6,2018-10-13T12:15:01Z,matches_2018_event_757.csv
5076931,757,Challenge Tour 7,2018,2018-10-13,2018-10-14,1889,605,1,3,605,2018-10-13T12:22:45Z,matches_2018_event_757.csv
5076932,757,Challenge Tour 7,2018,2018-10-13,2018-10-14,424,165,0,3,165,2018-10-13T12:39:53Z,matches_2018_event_757.csv
5076933,757,Challenge Tour 7,2018,2018-10-13,2018-10-14,135,2047,3,2,135,2018-10-13T12:59:00Z,matches_2018_event_757.csv
5076934,757,Challenge Tour 7,2018,2018-10-13,2018-10-14,998,1122,3,0,998,2018-10-13T13:02:31Z,matches_2018_event_757.csv
5076935,757,Challenge Tour 7,2018,2018-10-13,2018-10-14,2049,201,3,2,2049,2018-10-13T13:20:43Z,matches_2018_event_757.csv
5076936,757,Challenge Tour 7,2018,2018-10-13,2018-10-14,1041,741,2,3,741,2018-10-13T13:20:43Z,matches_2018_event_757.csv
5076937,757,Challenge Tour 7,2018,2018-10-13,2018-10-14,983,160,3,1,983,2018-10-13T13:38:17Z,matches_2018_event_757.csv
5076938,757,Challenge Tour 7,2018,2018-10-13,2018-10-14,2166,119,3,1,2166,2018-10-13T13:38:17Z,matches_2018_event_757.csv
5076939,757,Challenge Tour 7,2018,2018-10-13,2018-10-14,2030,834,3,0,2030,2018-10-13T13:41:46Z,matches_2018_event_757.csv
5076940,757,Challenge Tour 7,2018,2018-10-13,2018-10-14,733,151,3,0,733,2018-10-13T14:04:24Z,matches_2018_event_757.csv
5076941,757,Challenge Tour 7,2018,2018-10-13,2018-10-14,619,391,1,3,391,2018-10-13T14:23:17Z,matches_2018_event_757.csv
5076942,757,Challenge Tour 7,2018,2018-10-13,2018-10-14,1558,519,0,3,519,2018-10-13T14:36:27Z,matches_2018_event_757.csv
5076943,757,Challenge Tour 7,2018,2018-10-13,2018-10-14,422,67,3,2,422,2018-10-13T14:39:10Z,matches_2018_event_757.csv
5076944,757,Challenge Tour 7,2018,2018-10-13,2018-10-14,138,416,2,3,416,2018-10-13T15:14:55Z,matches_2018_event_757.csv
5076945,757,Challenge Tour 7,2018,2018-10-13,2018-10-14,1301,169,1,3,169,2018-10-13T15:14:55Z,matches_2018_event_757.csv
5076946,757,Challenge Tour 7,2018,2018-10-13,2018-10-14,2274,1812,3,1,2274,2018-10-13T15:41:19Z,matches_2018_event_757.csv
5076947,757,Challenge Tour 7,2018,2018-10-13,2018-10-14,49,523,1,3,523,2018-10-13T16:13:23Z,matches_2018_event_757.csv
5076948,757,Challenge Tour 7,2018,2018-10-13,2018-10-14,146,6,1,3,6,2018-10-13T16:13:23Z,matches_2018_event_757.csv
5076949,757,Challenge Tour 7,2018,2018-10-13,2018-10-14,605,165,1,3,165,2018-10-13T16:27:37Z,matches_2018_event_757.csv
5076950,757,Challenge Tour 7,2018,2018-10-13,2018-10-14,135,998,1,3,998,2018-10-13T16:27:37Z,matches_2018_event_757.csv
5076951,757,Challenge Tour 7,2018,2018-10-13,2018-10-14,2049,741,3,0,2049,2018-10-14T08:57:52Z,matches_2018_event_757.csv
5076952,757,Challenge Tour 7,2018,2018-10-13,2018-10-14,983,2166,3,0,983,2018-10-14T08:57:52Z,matches_2018_event_757.csv
5076953,757,Challenge Tour 7,2018,2018-10-13,2018-10-14,2030,733,3,2,2030,2018-10-14T08:57:52Z,matches_2018_event_757.csv
5076954,757,Challenge Tour 7,2018,2018-10-13,2018-10-14,391,519,3,0,391,2018-10-14T08:57:52Z,matches_2018_event_757.csv
5076955,757,Challenge Tour 7,2018,2018-10-13,2018-10-14,422,416,3,1,422,2018-10-14T08:57:52Z,matches_2018_event_757.csv
5076956,757,Challenge Tour 7,2018,2018-10-13,2018-10-14,169,2274,3,2,169,2018-10-14T08:57:52Z,matches_2018_event_757.csv
5076957,757,Challenge Tour 7,2018,2018-10-13,2018-10-14,523,6,1,3,6,2018-10-14T08:57:52Z,matches_2018_event_757.csv
5076958,757,Challenge Tour 7,2018,2018-10-13,2018-10-14,165,998,1,3,998,2018-10-14T08:57:52Z,matches_2018_event_757.csv
5076959,757,Challenge Tour 7,2018,2018-10-13,2018-10-14,2049,983,1,3,983,2018-10-14T11:37:37Z,matches_2018_event_757.csv
5076960,757,Challenge Tour 7,2018,2018-10-13,2018-10-14,2030,391,3,0,2030,2018-10-14T11:37:37Z,matches_2018_event_757.csv
5076961,757,Challenge Tour 7,2018,2018-10-13,2018-10-14,422,169,2,3,169,2018-10-14T11:37:37Z,matches_2018_event_757.csv
5076962,757,Challenge Tour 7,2018,2018-10-13,2018-10-14,6,998,3,1,6,2018-10-14T11:37:37Z,matches_2018_event_757.csv
5076963,757,Challenge Tour 7,2018,2018-10-13,2018-10-14,983,2030,1,3,2030,2018-10-14T13:07:17Z,matches_2018_event_757.csv
5076964,757,Challenge Tour 7,2018,2018-10-13,2018-10-14,169,6,3,2,169,2018-10-14T13:22:57Z,matches_2018_event_757.csv
5073242,757,Challenge Tour 7,2018,2018-10-13,2018-10-14,2030,169,0,3,169,2018-10-14T16:36:27Z,matches_2018_event_757.csv
5176883,758,Challenge Tour 10,2018,2019-03-06,2019-03-07,49,605,3,1,49,2019-03-06T09:00:06Z,matches_2018_event_758.csv
5176884,758,Challenge Tour 10,2018,2019-03-06,2019-03-07,51,615,0,0,615,2019-03-06T09:00:06Z,matches_2018_event_758.csv
5176885,758,Challenge Tour 10,2018,2019-03-06,2019-03-07,67,2337,3,1,67,2019-03-06T09:00:06Z,matches_2018_event_758.csv
5176886,758,Challenge Tour 10,2018,2019-03-06,2019-03-07,424,2340,0,3,2340,2019-03-06T09:00:06Z,matches_2018_event_758.csv
5176887,758,Challenge Tour 10,2018,2019-03-06,2019-03-07,1209,2362,3,1,1209,2019-03-06T09:00:06Z,matches_2018_event_758.csv
5176888,758,Challenge Tour 10,2018,2019-03-06,2019-03-07,89,983,3,2,89,2019-03-06T09:00:06Z,matches_2018_event_758.csv
5176889,758,Challenge Tour 10,2018,2019-03-06,2019-03-07,2081,2047,3,0,2081,2019-03-06T09:00:06Z,matches_2018_event_758.csv
5176890,758,Challenge Tour 10,2018,2019-03-06,2019-03-07,2055,2339,3,0,2055,2019-03-06T09:00:06Z,matches_2018_event_758.csv
5176892,758,Challenge Tour 10,2018,2019-03-06,2019-03-07,2335,6,0,3,6,2019-03-06T10:36:04Z,matches_2018_event_758.csv
5176891,758,Challenge Tour 10,2018,2019-03-06,2019-03-07,522,733,2,3,733,2019-03-06T11:05:18Z,matches_2018_event_758.csv
5176893,758,Challenge Tour 10,2018,2019-03-06,2019-03-07,146,1301,3,1,146,2019-03-06T11:05:18Z,matches_2018_event_758.csv
5176894,758,Challenge Tour 10,2018,2019-03-06,2019-03-07,1565,391,1,3,391,2019-03-06T11:05:18Z,matches_2018_event_758.csv
5176895,758,Challenge Tour 10,2018,2019-03-06,2019-03-07,1812,102,3,1,1812,2019-03-06T11:05:18Z,matches_2018_event_758.csv
5176896,758,Challenge Tour 10,2018,2019-03-06,2019-03-07,998,74,3,2,998,2019-03-06T11:05:18Z,matches_2018_event_758.csv
5176897,758,Challenge Tour 10,2018,2019-03-06,2019-03-07,913,519,3,2,913,2019-03-06T11:05:18Z,matches_2018_event_758.csv
5176898,758,Challenge Tour 10,2018,2019-03-06,2019-03-07,163,1122,3,2,163,2019-03-06T11:05:18Z,matches_2018_event_758.csv
5176899,758,Challenge Tour 10,2018,2019-03-06,2019-03-07,2166,741,0,0,2166,2019-03-06T12:16:22Z,matches_2018_event_758.csv
5176900,758,Challenge Tour 10,2018,2019-03-06,2019-03-07,897,619,3,2,897,2019-03-06T12:16:22Z,matches_2018_event_758.csv
5176901,758,Challenge Tour 10,2018,2019-03-06,2019-03-07,423,160,0,3,160,2019-03-06T12:16:22Z,matches_2018_event_758.csv
5176902,758,Challenge Tour 10,2018,2019-03-06,2019-03-07,175,1889,2,3,1889,2019-03-06T12:17:23Z,matches_2018_event_758.csv
5176903,758,Challenge Tour 10,2018,2019-03-06,2019-03-07,2400,29,0,3,29,2019-03-06T12:48:25Z,matches_2018_event_758.csv
5176904,758,Challenge Tour 10,2018,2019-03-06,2019-03-07,2030,1558,3,1,2030,2019-03-06T12:48:25Z,matches_2018_event_758.csv
5176868,758,Challenge Tour 10,2018,2019-03-06,2019-03-07,2208,67,0,3,67,2019-03-06T13:43:24Z,matches_2018_event_758.csv
5176869,758,Challenge Tour 10,2018,2019-03-06,2019-03-07,2010,2340,1,3,2340,2019-03-06T13:45:04Z,matches_2018_event_758.csv
5176870,758,Challenge Tour 10,2018,2019-03-06,2019-03-07,1209,89,0,3,89,2019-03-06T13:45:04Z,matches_2018_event_758.csv
5176871,758,Challenge Tour 10,2018,2019-03-06,2019-03-07,2081,2055,3,2,2081,2019-03-06T13:45:04Z,matches_2018_event_758.csv
5176872,758,Challenge Tour 10,2018,2019-03-06,2019-03-07,2378,733,2,3,733,2019-03-06T13:45:04Z,matches_2018_event_758.csv
5176867,758,Challenge Tour 10,2018,2019-03-06,2019-03-07,49,615,1,3,615,2019-03-06T13:56:22Z,matches_2018_event_758.csv
5176873,758,Challenge Tour 10,2018,2019-03-06,2019-03-07,422,6,1,3,6,2019-03-06T14:43:15Z,matches_2018_event_758.csv
5176874,758,Challenge Tour 10,2018,2019-03-06,2019-03-07,1041,146,2,3,146,2019-03-06T14:43:15Z,matches_2018_event_758.csv
5176875,758,Challenge Tour 10,2018,2019-03-06,2019-03-07,391,1812,3,0,391,2019-03-06T14:43:15Z,matches_2018_event_758.csv
5176876,758,Challenge Tour 10,2018,2019-03-06,2019-03-07,2320,998,0,3,998,2019-03-06T14:43:15Z,matches_2018_event_758.csv
5176877,758,Challenge Tour 10,2018,2019-03-06,2019-03-07,913,163,1,3,163,2019-03-06T14:43:15Z,matches_2018_event_758.csv
5176878,758,Challenge Tour 10,2018,2019-03-06,2019-03-07,416,2166,1,3,2166,2019-03-06T15:47:05Z,matches_2018_event_758.csv
5176879,758,Challenge Tour 10,2018,2019-03-06,2019-03-07,2204,897,0,3,897,2019-03-06T15:47:46Z,matches_2018_event_758.csv
5176881,758,Challenge Tour 10,2018,2019-03-06,2019-03-07,1045,29,3,0,1045,2019-03-06T15:47:46Z,matches_2018_event_758.csv
5176882,758,Challenge Tour 10,2018,2019-03-06,2019-03-07,2049,2030,2,3,2030,2019-03-06T15:47:46Z,matches_2018_event_758.csv
5176880,758,Challenge Tour 10,2018,2019-03-06,2019-03-07,160,1889,3,1,160,2019-03-06T16:28:34Z,matches_2018_event_758.csv
5176906,758,Challenge Tour 10,2018,2019-03-06,2019-03-07,2340,89,1,3,89,2019-03-06T16:35:34Z,matches_2018_event_758.csv
5176910,758,Challenge Tour 10,2018,2019-03-06,2019-03-07,163,2166,0,3,2166,2019-03-06T16:46:20Z,matches_2018_event_758.csv
5176905,758,Challenge Tour 10,2018,2019-03-06,2019-03-07,615,67,2,3,67,2019-03-06T17:01:25Z,matches_2018_event_758.csv
5176907,758,Challenge Tour 10,2018,2019-03-06,2019-03-07,2081,733,0,3,733,2019-03-06T17:02:43Z,matches_2018_event_758.csv
5176908,758,Challenge Tour 10,2018,2019-03-06,2019-03-07,6,146,3,2,6,2019-03-06T17:02:43Z,matches_2018_event_758.csv
5176909,758,Challenge Tour 10,2018,2019-03-06,2019-03-07,391,998,3,0,391,2019-03-06T17:02:43Z,matches_2018_event_758.csv
5176911,758,Challenge Tour 10,2018,2019-03-06,2019-03-07,897,160,1,3,160,2019-03-06T17:02:43Z,matches_2018_event_758.csv
5176912,758,Challenge Tour 10,2018,2019-03-06,2019-03-07,1045,2030,2,3,2030,2019-03-06T17:30:56Z,matches_2018_event_758.csv
5176913,758,Challenge Tour 10,2018,2019-03-06,2019-03-07,67,89,3,1,67,2019-03-07T10:00:02Z,matches_2018_event_758.csv
5176914,758,Challenge Tour 10,2018,2019-03-06,2019-03-07,733,6,3,2,733,2019-03-07T10:00:02Z,matches_2018_event_758.csv
5176915,758,Challenge Tour 10,2018,2019-03-06,2019-03-07,391,2166,1,3,2166,2019-03-07T10:00:02Z,matches_2018_event_758.csv
5176916,758,Challenge Tour 10,2018,2019-03-06,2019-03-07,160,2030,3,1,160,2019-03-07T10:00:02Z,matches_2018_event_758.csv
5176917,758,Challenge Tour 10,2018,2019-03-06,2019-03-07,67,733,0,3,733,2019-03-07T12:31:50Z,matches_2018_event_758.csv
5176918,758,Challenge Tour 10,2018,2019-03-06,2019-03-07,2166,160,0,3,160,2019-03-07T12:31:50Z,matches_2018_event_758.csv
5176647,758,Challenge Tour 10,2018,2019-03-06,2019-03-07,733,160,3,2,733,2019-03-07T14:14:23Z,matches_2018_event_758.csv
4797434,761,UK Women's Championship,2018,2018-09-15,2018-09-16,1485,2127,3,2,1485,2018-09-15T19:26:25Z,matches_2018_event_761.csv
4797435,761,UK Women's Championship,2018,2018-09-15,2018-09-16,2145,2411,0,3,2411,2018-09-15T19:26:25Z,matches_2018_event_761.csv
4797436,761,UK Women's Championship,2018,2018-09-15,2018-09-16,2115,2325,3,0,2115,2018-09-15T19:26:25Z,matches_2018_event_761.csv
4797437,761,UK Women's Championship,2018,2018-09-15,2018-09-16,2119,2171,1,3,2171,2018-09-15T19:26:25Z,matches_2018_event_761.csv
4797438,761,UK Women's Championship,2018,2018-09-15,2018-09-16,1829,259,3,0,1829,2018-09-15T19:26:25Z,matches_2018_event_761.csv
4797439,761,UK Women's Championship,2018,2018-09-15,2018-09-16,2117,2141,3,0,2117,2018-09-15T19:26:25Z,matches_2018_event_761.csv
4797440,761,UK Women's Championship,2018,2018-09-15,2018-09-16,2130,2142,3,0,2130,2018-09-15T19:26:25Z,matches_2018_event_761.csv
4797441,761,UK Women's Championship,2018,2018-09-15,2018-09-16,175,2121,2,3,2121,2018-09-15T19:26:25Z,matches_2018_event_761.csv
4797488,761,UK Women's Championship,2018,2018-09-15,2018-09-16,1485,2411,3,0,1485,2018-09-16T10:05:21Z,matches_2018_event_761.csv
4797489,761,UK Women's Championship,2018,2018-09-15,2018-09-16,2115,2171,3,1,2115,2018-09-16T10:05:21Z,matches_2018_event_761.csv
4797490,761,UK Women's Championship,2018,2018-09-15,2018-09-16,1829,2117,3,0,1829,2018-09-16T10:05:21Z,matches_2018_event_761.csv
4797491,761,UK Women's Championship,2018,2018-09-15,2018-09-16,2130,2121,0,3,2121,2018-09-16T10:05:21Z,matches_2018_event_761.csv
4797510,761,UK Women's Championship,2018,2018-09-15,2018-09-16,1485,2115,4,0,1485,2018-09-16T13:05:46Z,matches_2018_event_761.csv
4797511,761,UK Women's Championship,2018,2018-09-15,2018-09-16,1829,2121,3,4,2121,2018-09-16T13:05:46Z,matches_2018_event_761.csv
4797513,761,UK Women's Championship,2018,2018-09-15,2018-09-16,1485,2121,4,1,1485,2018-09-16T17:45:02Z,matches_2018_event_761.csv
4944822,762,Women's Masters,2018,2018-11-24,2018-11-25,175,2436,3,0,175,2018-11-24T17:54:36Z,matches_2018_event_762.csv
4944823,762,Women's Masters,2018,2018-11-24,2018-11-25,2136,2123,3,2,2136,2018-11-24T17:54:36Z,matches_2018_event_762.csv
4944824,762,Women's Masters,2018,2018-11-24,2018-11-25,2169,259,3,1,2169,2018-11-24T17:54:36Z,matches_2018_event_762.csv
4944825,762,Women's Masters,2018,2018-11-24,2018-11-25,2118,2145,3,0,2118,2018-11-24T17:54:36Z,matches_2018_event_762.csv
4944826,762,Women's Masters,2018,2018-11-24,2018-11-25,2119,2127,0,3,2127,2018-11-24T17:54:36Z,matches_2018_event_762.csv
4944827,762,Women's Masters,2018,2018-11-24,2018-11-25,2141,2325,3,0,2141,2018-11-24T17:54:36Z,matches_2018_event_762.csv
4944828,762,Women's Masters,2018,2018-11-24,2018-11-25,2140,2304,3,0,2140,2018-11-24T17:54:36Z,matches_2018_event_762.csv
4944829,762,Women's Masters,2018,2018-11-24,2018-11-25,2121,2307,3,0,2121,2018-11-24T17:54:36Z,matches_2018_event_762.csv
4944872,762,Women's Masters,2018,2018-11-24,2018-11-25,175,2136,3,0,175,2018-11-25T10:04:38Z,matches_2018_event_762.csv
4944873,762,Women's Masters,2018,2018-11-24,2018-11-25,2169,2118,3,2,2169,2018-11-25T10:04:38Z,matches_2018_event_762.csv
4944874,762,Women's Masters,2018,2018-11-24,2018-11-25,2127,2141,3,0,2127,2018-11-25T10:04:38Z,matches_2018_event_762.csv
4944875,762,Women's Masters,2018,2018-11-24,2018-11-25,2140,2121,0,3,2121,2018-11-25T10:04:38Z,matches_2018_event_762.csv
4944897,762,Women's Masters,2018,2018-11-24,2018-11-25,2127,2121,1,4,2121,2018-11-25T12:13:33Z,matches_2018_event_762.csv
4944896,762,Women's Masters,2018,2018-11-24,2018-11-25,175,2169,4,0,175,2018-11-25T12:54:26Z,matches_2018_event_762.csv
4944904,762,Women's Masters,2018,2018-11-24,2018-11-25,175,2121,4,0,175,2018-11-25T16:45:19Z,matches_2018_event_762.csv
5276883,763,Women's World 10 Red Championship,2018,2019-04-13,2019-04-13,2146,2119,0,0,2119,2019-04-12T17:35:26Z,matches_2018_event_763.csv
5276877,763,Women's World 10 Red Championship,2018,2019-04-13,2019-04-13,2145,2138,3,1,2145,2019-04-13T08:53:35Z,matches_2018_event_763.csv
5276878,763,Women's World 10 Red Championship,2018,2019-04-13,2019-04-13,2115,2473,3,0,2115,2019-04-13T08:53:35Z,matches_2018_event_763.csv
5276881,763,Women's World 10 Red Championship,2018,2019-04-13,2019-04-13,2474,2130,3,0,2474,2019-04-13T08:53:35Z,matches_2018_event_763.csv
5276882,763,Women's World 10 Red Championship,2018,2019-04-13,2019-04-13,2109,2325,1,3,2325,2019-04-13T08:53:35Z,matches_2018_event_763.csv
5276885,763,Women's World 10 Red Championship,2018,2019-04-13,2019-04-13,2140,2475,3,0,2140,2019-04-13T08:53:35Z,matches_2018_event_763.csv
5276886,763,Women's World 10 Red Championship,2018,2019-04-13,2019-04-13,2182,2476,3,0,2182,2019-04-13T08:53:35Z,matches_2018_event_763.csv
5276889,763,Women's World 10 Red Championship,2018,2019-04-13,2019-04-13,1828,2122,3,0,1828,2019-04-13T08:53:35Z,matches_2018_event_763.csv
5275587,763,Women's World 10 Red Championship,2018,2019-04-13,2019-04-13,2444,2436,2,3,2436,2019-04-13T10:02:44Z,matches_2018_event_763.csv
5276879,763,Women's World 10 Red Championship,2018,2019-04-13,2019-04-13,2409,2169,0,3,2169,2019-04-13T11:01:10Z,matches_2018_event_763.csv
5276880,763,Women's World 10 Red Championship,2018,2019-04-13,2019-04-13,2118,2411,1,3,2411,2019-04-13T11:01:10Z,matches_2018_event_763.csv
5276884,763,Women's World 10 Red Championship,2018,2019-04-13,2019-04-13,2121,2142,3,0,2121,2019-04-13T11:01:10Z,matches_2018_event_763.csv
5276887,763,Women's World 10 Red Championship,2018,2019-04-13,2019-04-13,2369,2127,3,0,2369,2019-04-13T11:01:10Z,matches_2018_event_763.csv
5276891,763,Women's World 10 Red Championship,2018,2019-04-13,2019-04-13,2125,1485,1,3,1485,2019-04-13T11:05:36Z,matches_2018_event_763.csv
5276890,763,Women's World 10 Red Championship,2018,2019-04-13,2019-04-13,2477,2437,3,2,2477,2019-04-13T11:19:05Z,matches_2018_event_763.csv
5276888,763,Women's World 10 Red Championship,2018,2019-04-13,2019-04-13,1829,2307,3,0,1829,2019-04-13T12:52:54Z,matches_2018_event_763.csv
5277886,763,Women's World 10 Red Championship,2018,2019-04-13,2019-04-13,2411,2474,1,3,2474,2019-04-13T14:06:41Z,matches_2018_event_763.csv
5277887,763,Women's World 10 Red Championship,2018,2019-04-13,2019-04-13,2325,2119,0,3,2119,2019-04-13T14:06:41Z,matches_2018_event_763.csv
5277888,763,Women's World 10 Red Championship,2018,2019-04-13,2019-04-13,2121,2140,3,0,2121,2019-04-13T14:06:41Z,matches_2018_event_763.csv
5277889,763,Women's World 10 Red Championship,2018,2019-04-13,2019-04-13,2182,2369,3,1,2182,2019-04-13T14:06:41Z,matches_2018_event_763.csv
5277890,763,Women's World 10 Red Championship,2018,2019-04-13,2019-04-13,1829,1828,3,1,1829,2019-04-13T14:06:41Z,matches_2018_event_763.csv
5277891,763,Women's World 10 Red Championship,2018,2019-04-13,2019-04-13,2477,1485,2,3,1485,2019-04-13T14:06:41Z,matches_2018_event_763.csv
5277885,763,Women's World 10 Red Championship,2018,2019-04-13,2019-04-13,2115,2169,2,3,2169,2019-04-13T14:16:08Z,matches_2018_event_763.csv
5276876,763,Women's World 10 Red Championship,2018,2019-04-13,2019-04-13,175,2436,3,0,175,2019-04-13T15:23:17Z,matches_2018_event_763.csv
5277884,763,Women's World 10 Red Championship,2018,2019-04-13,2019-04-13,175,2145,3,0,175,2019-04-13T15:37:49Z,matches_2018_event_763.csv
5280096,763,Women's World 10 Red Championship,2018,2019-04-13,2019-04-13,175,2169,3,0,175,2019-04-13T16:29:22Z,matches_2018_event_763.csv
5280097,763,Women's World 10 Red Championship,2018,2019-04-13,2019-04-13,2474,2119,3,1,2474,2019-04-13T16:29:22Z,matches_2018_event_763.csv
5280098,763,Women's World 10 Red Championship,2018,2019-04-13,2019-04-13,2121,2182,1,3,2182,2019-04-13T16:29:22Z,matches_2018_event_763.csv
5280099,763,Women's World 10 Red Championship,2018,2019-04-13,2019-04-13,1829,1485,1,3,1485,2019-04-13T16:29:22Z,matches_2018_event_763.csv
5281846,763,Women's World 10 Red Championship,2018,2019-04-13,2019-04-13,175,2474,3,0,175,2019-04-13T18:56:53Z,matches_2018_event_763.csv
5281847,763,Women's World 10 Red Championship,2018,2019-04-13,2019-04-13,2182,1485,1,3,1485,2019-04-13T18:56:53Z,matches_2018_event_763.csv
5282690,763,Women's World 10 Red Championship,2018,2019-04-13,2019-04-13,175,1485,4,3,175,2019-04-13T21:05:21Z,matches_2018_event_763.csv
5284976,764,Women's 6 Red World Championship,2018,2019-04-14,2019-04-14,2307,2146,0,0,2307,2019-04-12T17:36:40Z,matches_2018_event_764.csv
5284964,764,Women's 6 Red World Championship,2018,2019-04-14,2019-04-14,2476,2125,0,3,2125,2019-04-14T08:58:55Z,matches_2018_event_764.csv
5284965,764,Women's 6 Red World Championship,2018,2019-04-14,2019-04-14,2145,2325,3,0,2145,2019-04-14T08:58:55Z,matches_2018_event_764.csv
5284968,764,Women's 6 Red World Championship,2018,2019-04-14,2019-04-14,2109,2142,0,3,2142,2019-04-14T08:58:55Z,matches_2018_event_764.csv
5284969,764,Women's 6 Red World Championship,2018,2019-04-14,2019-04-14,2409,2474,0,3,2474,2019-04-14T08:58:55Z,matches_2018_event_764.csv
5284972,764,Women's 6 Red World Championship,2018,2019-04-14,2019-04-14,2122,2437,3,2,2122,2019-04-14T08:58:55Z,matches_2018_event_764.csv
5284973,764,Women's 6 Red World Championship,2018,2019-04-14,2019-04-14,2115,2477,1,3,2477,2019-04-14T08:58:55Z,matches_2018_event_764.csv
5284977,764,Women's 6 Red World Championship,2018,2019-04-14,2019-04-14,2475,2182,1,3,2182,2019-04-14T08:58:55Z,matches_2018_event_764.csv
5284963,764,Women's 6 Red World Championship,2018,2019-04-14,2019-04-14,175,2369,3,0,175,2019-04-14T11:17:57Z,matches_2018_event_764.csv
5284967,764,Women's 6 Red World Championship,2018,2019-04-14,2019-04-14,2118,1828,2,3,1828,2019-04-14T11:17:57Z,matches_2018_event_764.csv
5284971,764,Women's 6 Red World Championship,2018,2019-04-14,2019-04-14,2121,2444,3,0,2121,2019-04-14T11:17:57Z,matches_2018_event_764.csv
5284966,764,Women's 6 Red World Championship,2018,2019-04-14,2019-04-14,2169,2140,1,3,2140,2019-04-14T11:23:36Z,matches_2018_event_764.csv
5284970,764,Women's 6 Red World Championship,2018,2019-04-14,2019-04-14,2119,2411,3,0,2119,2019-04-14T11:23:36Z,matches_2018_event_764.csv
5284975,764,Women's 6 Red World Championship,2018,2019-04-14,2019-04-14,1829,2130,3,0,1829,2019-04-14T11:23:36Z,matches_2018_event_764.csv
5284974,764,Women's 6 Red World Championship,2018,2019-04-14,2019-04-14,2127,2138,3,2,2127,2019-04-14T11:54:15Z,matches_2018_event_764.csv
5284978,764,Women's 6 Red World Championship,2018,2019-04-14,2019-04-14,1485,1572,3,0,1485,2019-04-14T11:54:15Z,matches_2018_event_764.csv
5286283,764,Women's 6 Red World Championship,2018,2019-04-14,2019-04-14,175,2125,3,0,175,2019-04-14T13:46:47Z,matches_2018_event_764.csv
5286284,764,Women's 6 Red World Championship,2018,2019-04-14,2019-04-14,2145,2140,3,2,2145,2019-04-14T13:46:47Z,matches_2018_event_764.csv
5286285,764,Women's 6 Red World Championship,2018,2019-04-14,2019-04-14,1828,2142,3,0,1828,2019-04-14T13:46:47Z,matches_2018_event_764.csv
5286286,764,Women's 6 Red World Championship,2018,2019-04-14,2019-04-14,2474,2119,1,3,2119,2019-04-14T13:46:47Z,matches_2018_event_764.csv
5286287,764,Women's 6 Red World Championship,2018,2019-04-14,2019-04-14,2121,2122,3,0,2121,2019-04-14T13:46:47Z,matches_2018_event_764.csv
5286288,764,Women's 6 Red World Championship,2018,2019-04-14,2019-04-14,2477,2127,2,3,2127,2019-04-14T13:46:47Z,matches_2018_event_764.csv
5286289,764,Women's 6 Red World Championship,2018,2019-04-14,2019-04-14,1829,2307,3,0,1829,2019-04-14T13:46:47Z,matches_2018_event_764.csv
5286290,764,Women's 6 Red World Championship,2018,2019-04-14,2019-04-14,2182,1485,0,3,1485,2019-04-14T13:46:47Z,matches_2018_event_764.csv
5287179,764,Women's 6 Red World Championship,2018,2019-04-14,2019-04-14,175,2145,3,0,175,2019-04-14T16:11:09Z,matches_2018_event_764.csv
5287180,764,Women's 6 Red World Championship,2018,2019-04-14,2019-04-14,1828,2119,3,2,1828,2019-04-14T16:11:09Z,matches_2018_event_764.csv
5287181,764,Women's 6 Red World Championship,2018,2019-04-14,2019-04-14,2121,2127,3,0,2121,2019-04-14T16:11:09Z,matches_2018_event_764.csv
5287182,764,Women's 6 Red World Championship,2018,2019-04-14,2019-04-14,1829,1485,3,2,1829,2019-04-14T16:11:09Z,matches_2018_event_764.csv
5288063,764,Women's 6 Red World Championship,2018,2019-04-14,2019-04-14,175,1828,3,0,175,2019-04-14T18:12:49Z,matches_2018_event_764.csv
5288064,764,Women's 6 Red World Championship,2018,2019-04-14,2019-04-14,2121,1829,1,3,1829,2019-04-14T18:12:49Z,matches_2018_event_764.csv
5289174,764,Women's 6 Red World Championship,2018,2019-04-14,2019-04-14,175,1829,4,1,175,2019-04-14T19:59:02Z,matches_2018_event_764.csv
5076406,765,German Masters,2018,2019-01-30,2019-02-03,1,906,5,3,1,2019-01-30T13:07:15Z,matches_2018_event_765.csv
5076407,765,German Masters,2018,2019-01-30,2019-02-03,76,168,4,5,168,2019-01-30T13:07:15Z,matches_2018_event_765.csv
5076412,765,German Masters,2018,2019-01-30,2019-02-03,1260,9,5,3,1260,2019-01-30T13:07:15Z,matches_2018_event_765.csv
5076408,765,German Masters,2018,2019-01-30,2019-02-03,42,97,5,3,42,2019-01-30T19:13:04Z,matches_2018_event_765.csv
5076409,765,German Masters,2018,2019-01-30,2019-02-03,50,39,3,5,39,2019-01-30T19:13:04Z,matches_2018_event_765.csv
5076410,765,German Masters,2018,2019-01-30,2019-02-03,16,92,4,5,92,2019-01-30T19:13:04Z,matches_2018_event_765.csv
5076411,765,German Masters,2018,2019-01-30,2019-02-03,2,497,5,1,2,2019-01-30T19:13:04Z,matches_2018_event_765.csv
5076413,765,German Masters,2018,2019-01-30,2019-02-03,295,12,2,5,12,2019-01-30T19:13:04Z,matches_2018_event_765.csv
5076416,765,German Masters,2018,2019-01-30,2019-02-03,24,68,5,1,24,2019-01-31T09:53:06Z,matches_2018_event_765.csv
5076420,765,German Masters,2018,2019-01-30,2019-02-03,118,19,5,2,118,2019-01-31T09:53:06Z,matches_2018_event_765.csv
5076421,765,German Masters,2018,2019-01-30,2019-02-03,62,17,1,5,17,2019-01-31T09:53:06Z,matches_2018_event_765.csv
5076414,765,German Masters,2018,2019-01-30,2019-02-03,237,1108,4,5,1108,2019-01-31T13:56:23Z,matches_2018_event_765.csv
5076415,765,German Masters,2018,2019-01-30,2019-02-03,85,448,2,5,448,2019-01-31T13:56:23Z,matches_2018_event_765.csv
5076417,765,German Masters,2018,2019-01-30,2019-02-03,63,224,3,5,224,2019-01-31T13:56:23Z,matches_2018_event_765.csv
5076418,765,German Masters,2018,2019-01-30,2019-02-03,154,61,5,1,154,2019-01-31T13:56:23Z,matches_2018_event_765.csv
5076419,765,German Masters,2018,2019-01-30,2019-02-03,30,93,5,2,30,2019-01-31T13:56:23Z,matches_2018_event_765.csv
5077631,765,German Masters,2018,2019-01-30,2019-02-03,1,168,5,0,1,2019-01-31T19:05:13Z,matches_2018_event_765.csv
5077632,765,German Masters,2018,2019-01-30,2019-02-03,42,39,2,5,39,2019-01-31T19:05:13Z,matches_2018_event_765.csv
5077633,765,German Masters,2018,2019-01-30,2019-02-03,92,2,1,5,2,2019-01-31T19:05:13Z,matches_2018_event_765.csv
5077634,765,German Masters,2018,2019-01-30,2019-02-03,1260,12,1,5,12,2019-01-31T19:05:13Z,matches_2018_event_765.csv
5077635,765,German Masters,2018,2019-01-30,2019-02-03,1108,448,3,5,448,2019-02-01T13:00:29Z,matches_2018_event_765.csv
5077636,765,German Masters,2018,2019-01-30,2019-02-03,24,224,4,5,224,2019-02-01T13:00:29Z,matches_2018_event_765.csv
5077637,765,German Masters,2018,2019-01-30,2019-02-03,154,30,5,0,154,2019-02-01T13:00:29Z,matches_2018_event_765.csv
5077638,765,German Masters,2018,2019-01-30,2019-02-03,118,17,5,4,118,2019-02-01T13:00:29Z,matches_2018_event_765.csv
5076477,765,German Masters,2018,2019-01-30,2019-02-03,1,39,0,5,39,2019-02-01T19:02:28Z,matches_2018_event_765.csv
5076478,765,German Masters,2018,2019-01-30,2019-02-03,2,12,5,2,2,2019-02-01T19:02:28Z,matches_2018_event_765.csv
5076479,765,German Masters,2018,2019-01-30,2019-02-03,448,224,5,3,448,2019-02-01T19:02:28Z,matches_2018_event_765.csv
5076480,765,German Masters,2018,2019-01-30,2019-02-03,154,118,3,5,118,2019-02-01T19:02:28Z,matches_2018_event_765.csv
5077182,765,German Masters,2018,2019-01-30,2019-02-03,448,118,1,6,118,2019-02-02T12:57:16Z,matches_2018_event_765.csv
5077181,765,German Masters,2018,2019-01-30,2019-02-03,39,2,6,1,39,2019-02-02T19:01:33Z,matches_2018_event_765.csv
5077148,765,German Masters,2018,2019-01-30,2019-02-03,39,118,9,7,39,2019-02-03T13:01:53Z,matches_2018_event_765.csv
5113692,766,Welsh Open,2018,2019-02-11,2019-02-17,958,33,2,4,33,2019-02-11T09:56:19Z,matches_2018_event_766.csv
5113693,766,Welsh Open,2018,2019-02-11,2019-02-17,1934,910,4,0,1934,2019-02-11T09:56:19Z,matches_2018_event_766.csv
5113694,766,Welsh Open,2018,2019-02-11,2019-02-17,21,131,2,4,131,2019-02-11T09:56:19Z,matches_2018_event_766.csv
5113697,766,Welsh Open,2018,2019-02-11,2019-02-17,552,170,1,4,170,2019-02-11T09:56:19Z,matches_2018_event_766.csv
5113698,766,Welsh Open,2018,2019-02-11,2019-02-17,109,28,4,0,109,2019-02-11T09:56:19Z,matches_2018_event_766.csv
5113699,766,Welsh Open,2018,2019-02-11,2019-02-17,1044,593,3,4,593,2019-02-11T09:56:19Z,matches_2018_event_766.csv
5113718,766,Welsh Open,2018,2019-02-11,2019-02-17,2,906,3,4,906,2019-02-11T09:56:19Z,matches_2018_event_766.csv
5113727,766,Welsh Open,2018,2019-02-11,2019-02-17,68,217,3,4,217,2019-02-11T09:56:19Z,matches_2018_event_766.csv
5113691,766,Welsh Open,2018,2019-02-11,2019-02-17,237,52,4,0,237,2019-02-11T13:01:52Z,matches_2018_event_766.csv
5113696,766,Welsh Open,2018,2019-02-11,2019-02-17,218,4,1,4,4,2019-02-11T13:01:52Z,matches_2018_event_766.csv
5113703,766,Welsh Open,2018,2019-02-11,2019-02-17,90,9,4,2,90,2019-02-11T13:01:52Z,matches_2018_event_766.csv
5113709,766,Welsh Open,2018,2019-02-11,2019-02-17,96,177,4,0,96,2019-02-11T13:01:52Z,matches_2018_event_766.csv
5113710,766,Welsh Open,2018,2019-02-11,2019-02-17,115,76,4,0,115,2019-02-11T13:01:52Z,matches_2018_event_766.csv
5113712,766,Welsh Open,2018,2019-02-11,2019-02-17,106,47,2,4,47,2019-02-11T13:01:52Z,matches_2018_event_766.csv
5113713,766,Welsh Open,2018,2019-02-11,2019-02-17,120,1762,4,0,120,2019-02-11T13:01:52Z,matches_2018_event_766.csv
5113736,766,Welsh Open,2018,2019-02-11,2019-02-17,45,200,3,4,200,2019-02-11T13:01:52Z,matches_2018_event_766.csv
5113754,766,Welsh Open,2018,2019-02-11,2019-02-17,1,412,4,3,1,2019-02-11T14:51:05Z,matches_2018_event_766.csv
5113719,766,Welsh Open,2018,2019-02-11,2019-02-17,2134,1417,4,3,2134,2019-02-11T15:03:00Z,matches_2018_event_766.csv
5113720,766,Welsh Open,2018,2019-02-11,2019-02-17,239,1260,4,2,239,2019-02-11T15:10:25Z,matches_2018_event_766.csv
5113721,766,Welsh Open,2018,2019-02-11,2019-02-17,26,1108,0,4,1108,2019-02-11T15:25:54Z,matches_2018_event_766.csv
5113734,766,Welsh Open,2018,2019-02-11,2019-02-17,97,104,4,1,97,2019-02-11T15:28:17Z,matches_2018_event_766.csv
5113704,766,Welsh Open,2018,2019-02-11,2019-02-17,171,37,2,4,37,2019-02-11T16:37:40Z,matches_2018_event_766.csv
5113695,766,Welsh Open,2018,2019-02-11,2019-02-17,85,1101,4,3,85,2019-02-11T19:04:42Z,matches_2018_event_766.csv
5113707,766,Welsh Open,2018,2019-02-11,2019-02-17,12,982,4,0,12,2019-02-11T19:04:42Z,matches_2018_event_766.csv
5113724,766,Welsh Open,2018,2019-02-11,2019-02-17,74,947,4,2,74,2019-02-11T19:04:42Z,matches_2018_event_766.csv
5113725,766,Welsh Open,2018,2019-02-11,2019-02-17,620,1407,2,4,1407,2019-02-11T19:04:42Z,matches_2018_event_766.csv
5113726,766,Welsh Open,2018,2019-02-11,2019-02-17,128,208,3,4,208,2019-02-11T19:04:42Z,matches_2018_event_766.csv
5113728,766,Welsh Open,2018,2019-02-11,2019-02-17,1082,42,4,0,1082,2019-02-11T19:04:42Z,matches_2018_event_766.csv
5113729,766,Welsh Open,2018,2019-02-11,2019-02-17,1323,666,3,4,666,2019-02-11T19:04:42Z,matches_2018_event_766.csv
5113730,766,Welsh Open,2018,2019-02-11,2019-02-17,898,32,4,2,898,2019-02-11T19:07:40Z,matches_2018_event_766.csv
5113738,766,Welsh Open,2018,2019-02-11,2019-02-17,202,48,4,2,202,2019-02-11T20:27:01Z,matches_2018_event_766.csv
5113715,766,Welsh Open,2018,2019-02-11,2019-02-17,118,93,3,4,93,2019-02-11T21:21:08Z,matches_2018_event_766.csv
5113701,766,Welsh Open,2018,2019-02-11,2019-02-17,63,592,2,4,592,2019-02-12T09:55:57Z,matches_2018_event_766.csv
5113702,766,Welsh Open,2018,2019-02-11,2019-02-17,224,1186,4,0,224,2019-02-12T09:55:57Z,matches_2018_event_766.csv
5113708,766,Welsh Open,2018,2019-02-11,2019-02-17,24,448,3,4,448,2019-02-12T09:55:57Z,matches_2018_event_766.csv
5113714,766,Welsh Open,2018,2019-02-11,2019-02-17,62,520,4,2,62,2019-02-12T09:55:57Z,matches_2018_event_766.csv
5113716,766,Welsh Open,2018,2019-02-11,2019-02-17,14,44,4,3,14,2019-02-12T09:55:57Z,matches_2018_event_766.csv
5113731,766,Welsh Open,2018,2019-02-11,2019-02-17,894,526,4,2,894,2019-02-12T09:55:57Z,matches_2018_event_766.csv
5113732,766,Welsh Open,2018,2019-02-11,2019-02-17,35,295,4,2,35,2019-02-12T09:55:57Z,matches_2018_event_766.csv
5113733,766,Welsh Open,2018,2019-02-11,2019-02-17,151,38,4,2,151,2019-02-12T09:55:57Z,matches_2018_event_766.csv
5113740,766,Welsh Open,2018,2019-02-11,2019-02-17,908,19,1,4,19,2019-02-12T13:03:13Z,matches_2018_event_766.csv
5113737,766,Welsh Open,2018,2019-02-11,2019-02-17,306,125,4,3,306,2019-02-12T13:04:28Z,matches_2018_event_766.csv
5113705,766,Welsh Open,2018,2019-02-11,2019-02-17,1038,917,4,2,1038,2019-02-12T13:04:57Z,matches_2018_event_766.csv
5113735,766,Welsh Open,2018,2019-02-11,2019-02-17,1237,87,1,4,87,2019-02-12T13:06:25Z,matches_2018_event_766.csv
5113722,766,Welsh Open,2018,2019-02-11,2019-02-17,5,621,4,2,5,2019-02-12T13:09:24Z,matches_2018_event_766.csv
5113741,766,Welsh Open,2018,2019-02-11,2019-02-17,497,998,4,0,497,2019-02-12T13:20:29Z,matches_2018_event_766.csv
5113739,766,Welsh Open,2018,2019-02-11,2019-02-17,16,1763,4,0,16,2019-02-12T13:32:23Z,matches_2018_event_766.csv
5113742,766,Welsh Open,2018,2019-02-11,2019-02-17,20,25,4,2,20,2019-02-12T14:31:24Z,matches_2018_event_766.csv
5113706,766,Welsh Open,2018,2019-02-11,2019-02-17,39,123,4,0,39,2019-02-12T14:38:20Z,matches_2018_event_766.csv
5113744,766,Welsh Open,2018,2019-02-11,2019-02-17,546,549,4,0,546,2019-02-12T14:38:20Z,matches_2018_event_766.csv
5113711,766,Welsh Open,2018,2019-02-11,2019-02-17,30,158,4,0,30,2019-02-12T15:15:33Z,matches_2018_event_766.csv
5113745,766,Welsh Open,2018,2019-02-11,2019-02-17,50,1509,0,4,1509,2019-02-12T15:15:33Z,matches_2018_event_766.csv
5113746,766,Welsh Open,2018,2019-02-11,2019-02-17,905,23,1,4,23,2019-02-12T15:17:55Z,matches_2018_event_766.csv
5113717,766,Welsh Open,2018,2019-02-11,2019-02-17,946,2166,4,1,946,2019-02-12T16:18:49Z,matches_2018_event_766.csv
5113723,766,Welsh Open,2018,2019-02-11,2019-02-17,17,22,4,2,17,2019-02-12T19:02:30Z,matches_2018_event_766.csv
5113747,766,Welsh Open,2018,2019-02-11,2019-02-17,92,54,0,4,54,2019-02-12T19:02:30Z,matches_2018_event_766.csv
5113748,766,Welsh Open,2018,2019-02-11,2019-02-17,193,933,4,3,193,2019-02-12T19:02:30Z,matches_2018_event_766.csv
5113749,766,Welsh Open,2018,2019-02-11,2019-02-17,616,1567,4,3,616,2019-02-12T19:02:30Z,matches_2018_event_766.csv
5113750,766,Welsh Open,2018,2019-02-11,2019-02-17,101,61,2,4,61,2019-02-12T19:02:30Z,matches_2018_event_766.csv
5113751,766,Welsh Open,2018,2019-02-11,2019-02-17,156,608,2,4,608,2019-02-12T19:02:30Z,matches_2018_event_766.csv
5113752,766,Welsh Open,2018,2019-02-11,2019-02-17,724,8,2,4,8,2019-02-12T19:02:30Z,matches_2018_event_766.csv
5113753,766,Welsh Open,2018,2019-02-11,2019-02-17,27,81,3,4,81,2019-02-12T19:02:30Z,matches_2018_event_766.csv
5113700,766,Welsh Open,2018,2019-02-11,2019-02-17,15,168,3,4,168,2019-02-12T21:14:01Z,matches_2018_event_766.csv
5113743,766,Welsh Open,2018,2019-02-11,2019-02-17,154,58,4,1,154,2019-02-12T21:34:41Z,matches_2018_event_766.csv
5113756,766,Welsh Open,2018,2019-02-11,2019-02-17,1934,131,1,4,131,2019-02-13T10:00:17Z,matches_2018_event_766.csv
5113757,766,Welsh Open,2018,2019-02-11,2019-02-17,85,4,4,3,85,2019-02-13T10:00:17Z,matches_2018_event_766.csv
5113758,766,Welsh Open,2018,2019-02-11,2019-02-17,170,109,1,4,109,2019-02-13T10:00:17Z,matches_2018_event_766.csv
5113761,766,Welsh Open,2018,2019-02-11,2019-02-17,90,37,4,3,90,2019-02-13T10:00:17Z,matches_2018_event_766.csv
5113764,766,Welsh Open,2018,2019-02-11,2019-02-17,96,115,4,1,96,2019-02-13T10:00:17Z,matches_2018_event_766.csv
5113766,766,Welsh Open,2018,2019-02-11,2019-02-17,120,62,4,1,120,2019-02-13T10:00:17Z,matches_2018_event_766.csv
5113767,766,Welsh Open,2018,2019-02-11,2019-02-17,93,14,4,3,93,2019-02-13T10:00:17Z,matches_2018_event_766.csv
5113776,766,Welsh Open,2018,2019-02-11,2019-02-17,151,97,4,2,151,2019-02-13T10:00:17Z,matches_2018_event_766.csv
5113760,766,Welsh Open,2018,2019-02-11,2019-02-17,592,224,3,4,224,2019-02-13T13:04:01Z,matches_2018_event_766.csv
5113769,766,Welsh Open,2018,2019-02-11,2019-02-17,2134,239,1,4,239,2019-02-13T13:04:01Z,matches_2018_event_766.csv
5113772,766,Welsh Open,2018,2019-02-11,2019-02-17,1407,208,1,4,208,2019-02-13T13:04:01Z,matches_2018_event_766.csv
5113773,766,Welsh Open,2018,2019-02-11,2019-02-17,217,1082,3,4,1082,2019-02-13T13:04:01Z,matches_2018_event_766.csv
5113774,766,Welsh Open,2018,2019-02-11,2019-02-17,666,898,4,3,666,2019-02-13T13:04:01Z,matches_2018_event_766.csv
5113775,766,Welsh Open,2018,2019-02-11,2019-02-17,894,35,4,3,894,2019-02-13T13:04:01Z,matches_2018_event_766.csv
5113777,766,Welsh Open,2018,2019-02-11,2019-02-17,87,200,4,3,87,2019-02-13T13:04:01Z,matches_2018_event_766.csv
5113763,766,Welsh Open,2018,2019-02-11,2019-02-17,12,448,2,4,448,2019-02-13T13:21:53Z,matches_2018_event_766.csv
5113768,766,Welsh Open,2018,2019-02-11,2019-02-17,946,906,4,0,946,2019-02-13T15:29:10Z,matches_2018_event_766.csv
5113770,766,Welsh Open,2018,2019-02-11,2019-02-17,1108,5,2,4,5,2019-02-13T15:43:05Z,matches_2018_event_766.csv
5113778,766,Welsh Open,2018,2019-02-11,2019-02-17,306,202,1,4,202,2019-02-13T15:43:05Z,matches_2018_event_766.csv
5113782,766,Welsh Open,2018,2019-02-11,2019-02-17,1509,23,3,4,23,2019-02-13T15:48:04Z,matches_2018_event_766.csv
5113759,766,Welsh Open,2018,2019-02-11,2019-02-17,593,168,3,4,168,2019-02-13T16:23:08Z,matches_2018_event_766.csv
5113784,766,Welsh Open,2018,2019-02-11,2019-02-17,616,61,1,4,61,2019-02-13T16:31:22Z,matches_2018_event_766.csv
5113783,766,Welsh Open,2018,2019-02-11,2019-02-17,54,193,4,3,54,2019-02-13T16:37:36Z,matches_2018_event_766.csv
5113762,766,Welsh Open,2018,2019-02-11,2019-02-17,1038,39,4,3,1038,2019-02-13T17:04:35Z,matches_2018_event_766.csv
5113765,766,Welsh Open,2018,2019-02-11,2019-02-17,30,47,4,1,30,2019-02-13T19:03:16Z,matches_2018_event_766.csv
5113780,766,Welsh Open,2018,2019-02-11,2019-02-17,497,20,4,1,497,2019-02-13T19:03:16Z,matches_2018_event_766.csv
5113771,766,Welsh Open,2018,2019-02-11,2019-02-17,17,74,4,0,17,2019-02-13T19:04:38Z,matches_2018_event_766.csv
5113786,766,Welsh Open,2018,2019-02-11,2019-02-17,81,1,4,2,81,2019-02-13T19:08:21Z,matches_2018_event_766.csv
5113785,766,Welsh Open,2018,2019-02-11,2019-02-17,608,8,4,0,608,2019-02-13T19:18:58Z,matches_2018_event_766.csv
5113779,766,Welsh Open,2018,2019-02-11,2019-02-17,16,19,4,2,16,2019-02-13T20:00:23Z,matches_2018_event_766.csv
5113781,766,Welsh Open,2018,2019-02-11,2019-02-17,154,546,4,1,154,2019-02-13T20:49:56Z,matches_2018_event_766.csv
5113755,766,Welsh Open,2018,2019-02-11,2019-02-17,237,33,4,2,237,2019-02-13T21:30:41Z,matches_2018_event_766.csv
5112929,766,Welsh Open,2018,2019-02-11,2019-02-17,85,109,4,3,85,2019-02-14T10:03:21Z,matches_2018_event_766.csv
5112930,766,Welsh Open,2018,2019-02-11,2019-02-17,168,224,2,4,224,2019-02-14T10:03:21Z,matches_2018_event_766.csv
5112931,766,Welsh Open,2018,2019-02-11,2019-02-17,90,1038,1,4,1038,2019-02-14T10:03:21Z,matches_2018_event_766.csv
5112932,766,Welsh Open,2018,2019-02-11,2019-02-17,448,96,0,4,96,2019-02-14T10:03:21Z,matches_2018_event_766.csv
5112934,766,Welsh Open,2018,2019-02-11,2019-02-17,93,946,2,4,946,2019-02-14T10:03:21Z,matches_2018_event_766.csv
5112937,766,Welsh Open,2018,2019-02-11,2019-02-17,1082,666,2,4,666,2019-02-14T10:03:21Z,matches_2018_event_766.csv
5112938,766,Welsh Open,2018,2019-02-11,2019-02-17,894,151,4,0,894,2019-02-14T10:03:21Z,matches_2018_event_766.csv
5112942,766,Welsh Open,2018,2019-02-11,2019-02-17,54,61,0,4,61,2019-02-14T10:03:21Z,matches_2018_event_766.csv
5112933,766,Welsh Open,2018,2019-02-11,2019-02-17,30,120,4,1,30,2019-02-14T13:00:18Z,matches_2018_event_766.csv
5112935,766,Welsh Open,2018,2019-02-11,2019-02-17,239,5,4,2,239,2019-02-14T13:00:18Z,matches_2018_event_766.csv
5112939,766,Welsh Open,2018,2019-02-11,2019-02-17,87,202,4,2,87,2019-02-14T13:00:18Z,matches_2018_event_766.csv
5112940,766,Welsh Open,2018,2019-02-11,2019-02-17,16,497,2,4,497,2019-02-14T13:00:18Z,matches_2018_event_766.csv
5112941,766,Welsh Open,2018,2019-02-11,2019-02-17,154,23,4,3,154,2019-02-14T13:00:18Z,matches_2018_event_766.csv
5112943,766,Welsh Open,2018,2019-02-11,2019-02-17,608,81,4,2,608,2019-02-14T13:00:18Z,matches_2018_event_766.csv
5112928,766,Welsh Open,2018,2019-02-11,2019-02-17,237,131,4,2,237,2019-02-14T15:03:24Z,matches_2018_event_766.csv
5112936,766,Welsh Open,2018,2019-02-11,2019-02-17,17,208,4,1,17,2019-02-14T15:10:39Z,matches_2018_event_766.csv
5113152,766,Welsh Open,2018,2019-02-11,2019-02-17,224,1038,1,4,1038,2019-02-14T18:45:37Z,matches_2018_event_766.csv
5113153,766,Welsh Open,2018,2019-02-11,2019-02-17,96,30,2,4,30,2019-02-14T18:45:37Z,matches_2018_event_766.csv
5113154,766,Welsh Open,2018,2019-02-11,2019-02-17,946,239,4,2,946,2019-02-14T18:45:37Z,matches_2018_event_766.csv
5113156,766,Welsh Open,2018,2019-02-11,2019-02-17,894,87,4,2,894,2019-02-14T18:45:37Z,matches_2018_event_766.csv
5113157,766,Welsh Open,2018,2019-02-11,2019-02-17,497,154,0,4,154,2019-02-14T18:45:37Z,matches_2018_event_766.csv
5113158,766,Welsh Open,2018,2019-02-11,2019-02-17,61,608,4,2,61,2019-02-14T18:45:37Z,matches_2018_event_766.csv
5113151,766,Welsh Open,2018,2019-02-11,2019-02-17,237,85,4,3,237,2019-02-14T20:21:43Z,matches_2018_event_766.csv
5113155,766,Welsh Open,2018,2019-02-11,2019-02-17,17,666,3,4,666,2019-02-14T20:46:55Z,matches_2018_event_766.csv
5113382,766,Welsh Open,2018,2019-02-11,2019-02-17,30,946,5,2,30,2019-02-15T12:00:30Z,matches_2018_event_766.csv
5113381,766,Welsh Open,2018,2019-02-11,2019-02-17,237,1038,3,5,1038,2019-02-15T14:47:16Z,matches_2018_event_766.csv
5113383,766,Welsh Open,2018,2019-02-11,2019-02-17,666,894,5,1,666,2019-02-15T18:40:29Z,matches_2018_event_766.csv
5113384,766,Welsh Open,2018,2019-02-11,2019-02-17,154,61,5,4,154,2019-02-15T18:40:29Z,matches_2018_event_766.csv
5113673,766,Welsh Open,2018,2019-02-11,2019-02-17,1038,30,2,6,30,2019-02-16T12:57:53Z,matches_2018_event_766.csv
5113674,766,Welsh Open,2018,2019-02-11,2019-02-17,666,154,0,6,154,2019-02-16T19:05:54Z,matches_2018_event_766.csv
5113881,766,Welsh Open,2018,2019-02-11,2019-02-17,30,154,7,9,154,2019-02-17T13:02:12Z,matches_2018_event_766.csv
5247963,767,Gibraltar Open,2018,2019-03-13,2019-03-17,52,526,0,0,526,2019-03-06T22:12:39Z,matches_2018_event_767.csv
5184416,767,Gibraltar Open,2018,2019-03-13,2019-03-17,422,1122,4,1,422,2019-03-13T16:00:01Z,matches_2018_event_767.csv
5184417,767,Gibraltar Open,2018,2019-03-13,2019-03-17,2448,2160,4,1,2448,2019-03-13T16:00:01Z,matches_2018_event_767.csv
5184418,767,Gibraltar Open,2018,2019-03-13,2019-03-17,2030,67,1,4,67,2019-03-13T16:00:01Z,matches_2018_event_767.csv
5184419,767,Gibraltar Open,2018,2019-03-13,2019-03-17,1296,740,1,4,740,2019-03-13T16:00:01Z,matches_2018_event_767.csv
5184420,767,Gibraltar Open,2018,2019-03-13,2019-03-17,1994,533,0,0,1994,2019-03-13T16:00:01Z,matches_2018_event_767.csv
5184421,767,Gibraltar Open,2018,2019-03-13,2019-03-17,2449,2451,4,0,2449,2019-03-13T16:00:01Z,matches_2018_event_767.csv
5184422,767,Gibraltar Open,2018,2019-03-13,2019-03-17,2164,2150,1,4,2150,2019-03-13T16:00:01Z,matches_2018_event_767.csv
5184423,767,Gibraltar Open,2018,2019-03-13,2019-03-17,1295,733,4,2,1295,2019-03-13T16:00:01Z,matches_2018_event_767.csv
5184424,767,Gibraltar Open,2018,2019-03-13,2019-03-17,2157,6,1,4,6,2019-03-13T17:59:18Z,matches_2018_event_767.csv
5184425,767,Gibraltar Open,2018,2019-03-13,2019-03-17,1812,2081,4,3,1812,2019-03-13T17:59:18Z,matches_2018_event_767.csv
5184426,767,Gibraltar Open,2018,2019-03-13,2019-03-17,1889,2340,4,1,1889,2019-03-13T18:11:03Z,matches_2018_event_767.csv
5184427,767,Gibraltar Open,2018,2019-03-13,2019-03-17,2321,2266,0,4,2266,2019-03-13T18:15:01Z,matches_2018_event_767.csv
5184428,767,Gibraltar Open,2018,2019-03-13,2019-03-17,2450,1341,0,4,1341,2019-03-13T18:15:01Z,matches_2018_event_767.csv
5184429,767,Gibraltar Open,2018,2019-03-13,2019-03-17,2259,2367,0,4,2367,2019-03-13T18:24:56Z,matches_2018_event_767.csv
5184430,767,Gibraltar Open,2018,2019-03-13,2019-03-17,2277,2453,4,1,2277,2019-03-13T18:35:14Z,matches_2018_event_767.csv
5184431,767,Gibraltar Open,2018,2019-03-13,2019-03-17,2468,102,1,4,102,2019-03-13T18:47:05Z,matches_2018_event_767.csv
5184432,767,Gibraltar Open,2018,2019-03-13,2019-03-17,2312,142,0,4,142,2019-03-14T08:01:59Z,matches_2018_event_767.csv
5184433,767,Gibraltar Open,2018,2019-03-13,2019-03-17,2391,2153,2,4,2153,2019-03-14T08:01:59Z,matches_2018_event_767.csv
5184434,767,Gibraltar Open,2018,2019-03-13,2019-03-17,59,424,4,2,59,2019-03-14T08:01:59Z,matches_2018_event_767.csv
5184435,767,Gibraltar Open,2018,2019-03-13,2019-03-17,2322,2275,0,4,2275,2019-03-14T08:01:59Z,matches_2018_event_767.csv
5184436,767,Gibraltar Open,2018,2019-03-13,2019-03-17,233,2163,4,1,233,2019-03-14T08:01:59Z,matches_2018_event_767.csv
5184437,767,Gibraltar Open,2018,2019-03-13,2019-03-17,2001,1004,3,4,1004,2019-03-14T08:01:59Z,matches_2018_event_767.csv
5184438,767,Gibraltar Open,2018,2019-03-13,2019-03-17,2159,2272,4,0,2159,2019-03-14T08:01:59Z,matches_2018_event_767.csv
5184439,767,Gibraltar Open,2018,2019-03-13,2019-03-17,160,151,1,4,151,2019-03-14T08:01:59Z,matches_2018_event_767.csv
5184440,767,Gibraltar Open,2018,2019-03-13,2019-03-17,2337,2455,4,3,2337,2019-03-14T10:09:41Z,matches_2018_event_767.csv
5184441,767,Gibraltar Open,2018,2019-03-13,2019-03-17,2166,998,0,4,998,2019-03-14T10:09:41Z,matches_2018_event_767.csv
5184442,767,Gibraltar Open,2018,2019-03-13,2019-03-17,1661,2454,3,4,2454,2019-03-14T10:09:41Z,matches_2018_event_767.csv
5184443,767,Gibraltar Open,2018,2019-03-13,2019-03-17,391,891,4,0,391,2019-03-14T10:09:41Z,matches_2018_event_767.csv
5184444,767,Gibraltar Open,2018,2019-03-13,2019-03-17,2456,422,0,4,422,2019-03-14T11:19:09Z,matches_2018_event_767.csv
5184445,767,Gibraltar Open,2018,2019-03-13,2019-03-17,994,2448,1,4,2448,2019-03-14T11:19:09Z,matches_2018_event_767.csv
5184446,767,Gibraltar Open,2018,2019-03-13,2019-03-17,1988,67,0,4,67,2019-03-14T11:19:09Z,matches_2018_event_767.csv
5184447,767,Gibraltar Open,2018,2019-03-13,2019-03-17,165,740,4,0,165,2019-03-14T11:19:09Z,matches_2018_event_767.csv
5184448,767,Gibraltar Open,2018,2019-03-13,2019-03-17,2457,1301,1,4,1301,2019-03-14T12:34:39Z,matches_2018_event_767.csv
5184449,767,Gibraltar Open,2018,2019-03-13,2019-03-17,2458,1994,4,2,2458,2019-03-14T12:34:39Z,matches_2018_event_767.csv
5184450,767,Gibraltar Open,2018,2019-03-13,2019-03-17,2395,2449,0,4,2449,2019-03-14T12:34:39Z,matches_2018_event_767.csv
5184451,767,Gibraltar Open,2018,2019-03-13,2019-03-17,1800,2150,0,4,2150,2019-03-14T12:34:39Z,matches_2018_event_767.csv
5247951,767,Gibraltar Open,2018,2019-03-13,2019-03-17,97,9,0,0,97,2019-03-14T13:42:33Z,matches_2018_event_767.csv
5184452,767,Gibraltar Open,2018,2019-03-13,2019-03-17,2459,1295,1,4,1295,2019-03-14T13:52:45Z,matches_2018_event_767.csv
5184453,767,Gibraltar Open,2018,2019-03-13,2019-03-17,2090,6,0,4,6,2019-03-14T13:52:45Z,matches_2018_event_767.csv
5184454,767,Gibraltar Open,2018,2019-03-13,2019-03-17,163,1812,4,3,163,2019-03-14T13:52:45Z,matches_2018_event_767.csv
5184455,767,Gibraltar Open,2018,2019-03-13,2019-03-17,2460,2405,4,0,2460,2019-03-14T13:52:45Z,matches_2018_event_767.csv
5184456,767,Gibraltar Open,2018,2019-03-13,2019-03-17,146,1889,4,2,146,2019-03-14T15:00:49Z,matches_2018_event_767.csv
5184457,767,Gibraltar Open,2018,2019-03-13,2019-03-17,79,2266,4,0,79,2019-03-14T15:00:49Z,matches_2018_event_767.csv
5184458,767,Gibraltar Open,2018,2019-03-13,2019-03-17,2318,1341,4,2,2318,2019-03-14T15:00:49Z,matches_2018_event_767.csv
5184459,767,Gibraltar Open,2018,2019-03-13,2019-03-17,2461,2367,4,0,2461,2019-03-14T15:00:49Z,matches_2018_event_767.csv
5184460,767,Gibraltar Open,2018,2019-03-13,2019-03-17,997,834,4,2,997,2019-03-14T15:05:48Z,matches_2018_event_767.csv
5184461,767,Gibraltar Open,2018,2019-03-13,2019-03-17,2462,2277,2,4,2277,2019-03-14T15:15:54Z,matches_2018_event_767.csv
5184462,767,Gibraltar Open,2018,2019-03-13,2019-03-17,2151,102,0,4,102,2019-03-14T15:27:11Z,matches_2018_event_767.csv
5184463,767,Gibraltar Open,2018,2019-03-13,2019-03-17,51,142,4,1,51,2019-03-14T15:27:11Z,matches_2018_event_767.csv
5184464,767,Gibraltar Open,2018,2019-03-13,2019-03-17,1692,2153,4,2,1692,2019-03-14T16:00:03Z,matches_2018_event_767.csv
5184465,767,Gibraltar Open,2018,2019-03-13,2019-03-17,1558,59,4,2,1558,2019-03-14T16:00:03Z,matches_2018_event_767.csv
5247931,767,Gibraltar Open,2018,2019-03-13,2019-03-17,158,2449,0,0,2449,2019-03-14T16:03:16Z,matches_2018_event_767.csv
5184466,767,Gibraltar Open,2018,2019-03-13,2019-03-17,2196,2275,1,4,2275,2019-03-14T16:32:43Z,matches_2018_event_767.csv
5184467,767,Gibraltar Open,2018,2019-03-13,2019-03-17,619,233,2,4,233,2019-03-14T17:06:58Z,matches_2018_event_767.csv
5184468,767,Gibraltar Open,2018,2019-03-13,2019-03-17,2463,1004,0,4,1004,2019-03-14T17:10:08Z,matches_2018_event_767.csv
5184469,767,Gibraltar Open,2018,2019-03-13,2019-03-17,2156,2159,2,4,2159,2019-03-14T17:20:14Z,matches_2018_event_767.csv
5184470,767,Gibraltar Open,2018,2019-03-13,2019-03-17,2464,151,0,4,151,2019-03-14T17:37:38Z,matches_2018_event_767.csv
5184471,767,Gibraltar Open,2018,2019-03-13,2019-03-17,2465,2337,0,4,2337,2019-03-14T18:04:24Z,matches_2018_event_767.csv
5184472,767,Gibraltar Open,2018,2019-03-13,2019-03-17,2466,998,1,4,998,2019-03-14T18:24:32Z,matches_2018_event_767.csv
5184473,767,Gibraltar Open,2018,2019-03-13,2019-03-17,1992,2454,1,4,2454,2019-03-14T18:30:31Z,matches_2018_event_767.csv
5184474,767,Gibraltar Open,2018,2019-03-13,2019-03-17,2270,391,0,4,391,2019-03-14T19:24:29Z,matches_2018_event_767.csv
5247924,767,Gibraltar Open,2018,2019-03-13,2019-03-17,28,48,4,0,28,2019-03-15T08:34:13Z,matches_2018_event_767.csv
5247925,767,Gibraltar Open,2018,2019-03-13,2019-03-17,1567,1044,2,4,1044,2019-03-15T08:34:13Z,matches_2018_event_767.csv
5247926,767,Gibraltar Open,2018,2019-03-13,2019-03-17,90,67,1,4,67,2019-03-15T08:34:13Z,matches_2018_event_767.csv
5247927,767,Gibraltar Open,2018,2019-03-13,2019-03-17,42,165,4,1,42,2019-03-15T08:34:13Z,matches_2018_event_767.csv
5247928,767,Gibraltar Open,2018,2019-03-13,2019-03-17,37,1301,4,2,37,2019-03-15T08:34:13Z,matches_2018_event_767.csv
5247929,767,Gibraltar Open,2018,2019-03-13,2019-03-17,1417,982,4,3,1417,2019-03-15T08:34:13Z,matches_2018_event_767.csv
5247930,767,Gibraltar Open,2018,2019-03-13,2019-03-17,32,2458,4,2,32,2019-03-15T08:34:13Z,matches_2018_event_767.csv
5247940,767,Gibraltar Open,2018,2019-03-13,2019-03-17,1260,520,4,3,1260,2019-03-15T08:34:13Z,matches_2018_event_767.csv
5247941,767,Gibraltar Open,2018,2019-03-13,2019-03-17,412,6,1,4,6,2019-03-15T08:34:13Z,matches_2018_event_767.csv
5247942,767,Gibraltar Open,2018,2019-03-13,2019-03-17,933,163,4,1,933,2019-03-15T10:14:22Z,matches_2018_event_767.csv
5247948,767,Gibraltar Open,2018,2019-03-13,2019-03-17,62,79,3,4,79,2019-03-15T10:27:31Z,matches_2018_event_767.csv
5247943,767,Gibraltar Open,2018,2019-03-13,2019-03-17,549,81,4,2,549,2019-03-15T10:55:53Z,matches_2018_event_767.csv
5247944,767,Gibraltar Open,2018,2019-03-13,2019-03-17,106,1237,4,1,106,2019-03-15T11:20:53Z,matches_2018_event_767.csv
5247945,767,Gibraltar Open,2018,2019-03-13,2019-03-17,14,2460,4,1,14,2019-03-15T11:20:53Z,matches_2018_event_767.csv
5247946,767,Gibraltar Open,2018,2019-03-13,2019-03-17,125,146,3,4,146,2019-03-15T11:36:07Z,matches_2018_event_767.csv
5247949,767,Gibraltar Open,2018,2019-03-13,2019-03-17,908,2318,4,3,908,2019-03-15T11:36:07Z,matches_2018_event_767.csv
5247947,767,Gibraltar Open,2018,2019-03-13,2019-03-17,93,76,4,0,93,2019-03-15T11:45:32Z,matches_2018_event_767.csv
5247950,767,Gibraltar Open,2018,2019-03-13,2019-03-17,33,2461,4,3,33,2019-03-15T12:29:29Z,matches_2018_event_767.csv
5247962,767,Gibraltar Open,2018,2019-03-13,2019-03-17,1934,217,1,4,217,2019-03-15T12:29:29Z,matches_2018_event_767.csv
5247956,767,Gibraltar Open,2018,2019-03-13,2019-03-17,22,947,4,3,22,2019-03-15T12:31:37Z,matches_2018_event_767.csv
5247957,767,Gibraltar Open,2018,2019-03-13,2019-03-17,894,448,4,3,894,2019-03-15T13:21:15Z,matches_2018_event_767.csv
5247958,767,Gibraltar Open,2018,2019-03-13,2019-03-17,47,51,3,4,51,2019-03-15T13:31:56Z,matches_2018_event_767.csv
5247959,767,Gibraltar Open,2018,2019-03-13,2019-03-17,906,1692,4,0,906,2019-03-15T13:43:48Z,matches_2018_event_767.csv
5247972,767,Gibraltar Open,2018,2019-03-13,2019-03-17,168,552,2,4,552,2019-03-15T13:57:19Z,matches_2018_event_767.csv
5247961,767,Gibraltar Open,2018,2019-03-13,2019-03-17,50,1558,4,0,50,2019-03-15T14:09:39Z,matches_2018_event_767.csv
5247960,767,Gibraltar Open,2018,2019-03-13,2019-03-17,61,1038,4,1,61,2019-03-15T14:25:15Z,matches_2018_event_767.csv
5247973,767,Gibraltar Open,2018,2019-03-13,2019-03-17,87,21,4,1,87,2019-03-15T14:51:09Z,matches_2018_event_767.csv
5247974,767,Gibraltar Open,2018,2019-03-13,2019-03-17,1108,621,4,0,1108,2019-03-15T15:33:14Z,matches_2018_event_767.csv
5247975,767,Gibraltar Open,2018,2019-03-13,2019-03-17,131,151,1,4,151,2019-03-15T15:43:34Z,matches_2018_event_767.csv
5247826,767,Gibraltar Open,2018,2019-03-13,2019-03-17,28,1044,2,4,1044,2019-03-15T16:01:09Z,matches_2018_event_767.csv
5247827,767,Gibraltar Open,2018,2019-03-13,2019-03-17,67,42,4,3,67,2019-03-15T16:01:09Z,matches_2018_event_767.csv
5247828,767,Gibraltar Open,2018,2019-03-13,2019-03-17,37,1417,4,3,37,2019-03-15T16:21:47Z,matches_2018_event_767.csv
5247845,767,Gibraltar Open,2018,2019-03-13,2019-03-17,217,526,4,1,217,2019-03-15T16:25:22Z,matches_2018_event_767.csv
5247834,767,Gibraltar Open,2018,2019-03-13,2019-03-17,1260,6,4,2,1260,2019-03-15T16:36:17Z,matches_2018_event_767.csv
5247829,767,Gibraltar Open,2018,2019-03-13,2019-03-17,32,2449,4,0,32,2019-03-15T16:38:43Z,matches_2018_event_767.csv
5247835,767,Gibraltar Open,2018,2019-03-13,2019-03-17,933,549,2,4,549,2019-03-15T16:49:37Z,matches_2018_event_767.csv
5247836,767,Gibraltar Open,2018,2019-03-13,2019-03-17,106,14,4,0,106,2019-03-15T17:01:17Z,matches_2018_event_767.csv
5247837,767,Gibraltar Open,2018,2019-03-13,2019-03-17,146,93,4,3,146,2019-03-15T17:06:07Z,matches_2018_event_767.csv
5247838,767,Gibraltar Open,2018,2019-03-13,2019-03-17,79,908,2,4,908,2019-03-15T17:11:36Z,matches_2018_event_767.csv
5247839,767,Gibraltar Open,2018,2019-03-13,2019-03-17,33,97,2,4,97,2019-03-15T18:05:21Z,matches_2018_event_767.csv
5247842,767,Gibraltar Open,2018,2019-03-13,2019-03-17,22,894,3,4,894,2019-03-15T18:30:00Z,matches_2018_event_767.csv
5247843,767,Gibraltar Open,2018,2019-03-13,2019-03-17,51,906,1,4,906,2019-03-15T18:39:48Z,matches_2018_event_767.csv
5247844,767,Gibraltar Open,2018,2019-03-13,2019-03-17,61,50,4,1,61,2019-03-15T18:48:11Z,matches_2018_event_767.csv
5247850,767,Gibraltar Open,2018,2019-03-13,2019-03-17,552,87,4,2,552,2019-03-15T19:11:05Z,matches_2018_event_767.csv
5247851,767,Gibraltar Open,2018,2019-03-13,2019-03-17,1108,151,4,3,1108,2019-03-15T19:36:16Z,matches_2018_event_767.csv
5247920,767,Gibraltar Open,2018,2019-03-13,2019-03-17,68,1082,4,0,68,2019-03-16T08:35:47Z,matches_2018_event_767.csv
5247921,767,Gibraltar Open,2018,2019-03-13,2019-03-17,208,422,4,0,208,2019-03-16T08:35:47Z,matches_2018_event_767.csv
5247922,767,Gibraltar Open,2018,2019-03-13,2019-03-17,608,2448,4,1,608,2019-03-16T08:35:47Z,matches_2018_event_767.csv
5247923,767,Gibraltar Open,2018,2019-03-13,2019-03-17,1186,15,0,0,15,2019-03-16T08:35:47Z,matches_2018_event_767.csv
5247932,767,Gibraltar Open,2018,2019-03-13,2019-03-17,616,109,0,0,616,2019-03-16T08:35:47Z,matches_2018_event_767.csv
5247933,767,Gibraltar Open,2018,2019-03-13,2019-03-17,1762,171,4,3,1762,2019-03-16T08:35:47Z,matches_2018_event_767.csv
5247934,767,Gibraltar Open,2018,2019-03-13,2019-03-17,35,38,4,3,35,2019-03-16T08:35:47Z,matches_2018_event_767.csv
5247935,767,Gibraltar Open,2018,2019-03-13,2019-03-17,118,2150,4,1,118,2019-03-16T08:35:47Z,matches_2018_event_767.csv
5247936,767,Gibraltar Open,2018,2019-03-13,2019-03-17,101,45,3,4,45,2019-03-16T08:35:47Z,matches_2018_event_767.csv
5247937,767,Gibraltar Open,2018,2019-03-13,2019-03-17,63,1295,4,0,63,2019-03-16T08:35:47Z,matches_2018_event_767.csv
5247938,767,Gibraltar Open,2018,2019-03-13,2019-03-17,910,218,2,4,218,2019-03-16T09:47:23Z,matches_2018_event_767.csv
5247939,767,Gibraltar Open,2018,2019-03-13,2019-03-17,497,23,4,2,497,2019-03-16T09:47:23Z,matches_2018_event_767.csv
5247967,767,Gibraltar Open,2018,2019-03-13,2019-03-17,30,54,4,1,30,2019-03-16T10:20:09Z,matches_2018_event_767.csv
5247952,767,Gibraltar Open,2018,2019-03-13,2019-03-17,16,724,3,4,724,2019-03-16T10:24:15Z,matches_2018_event_767.csv
5247953,767,Gibraltar Open,2018,2019-03-13,2019-03-17,25,997,4,1,25,2019-03-16T10:26:25Z,matches_2018_event_767.csv
5247954,767,Gibraltar Open,2018,2019-03-13,2019-03-17,123,2277,4,0,123,2019-03-16T10:32:55Z,matches_2018_event_767.csv
5247955,767,Gibraltar Open,2018,2019-03-13,2019-03-17,26,102,3,4,102,2019-03-16T11:01:37Z,matches_2018_event_767.csv
5247964,767,Gibraltar Open,2018,2019-03-13,2019-03-17,1323,2275,4,0,1323,2019-03-16T11:28:23Z,matches_2018_event_767.csv
5247965,767,Gibraltar Open,2018,2019-03-13,2019-03-17,620,233,4,3,620,2019-03-16T11:53:48Z,matches_2018_event_767.csv
5247968,767,Gibraltar Open,2018,2019-03-13,2019-03-17,85,593,4,1,85,2019-03-16T12:09:04Z,matches_2018_event_767.csv
5247979,767,Gibraltar Open,2018,2019-03-13,2019-03-17,8,998,4,3,8,2019-03-16T12:28:34Z,matches_2018_event_767.csv
5247966,767,Gibraltar Open,2018,2019-03-13,2019-03-17,115,1004,4,0,115,2019-03-16T12:47:05Z,matches_2018_event_767.csv
5247969,767,Gibraltar Open,2018,2019-03-13,2019-03-17,546,946,4,2,546,2019-03-16T13:02:12Z,matches_2018_event_767.csv
5247970,767,Gibraltar Open,2018,2019-03-13,2019-03-17,170,592,4,0,170,2019-03-16T13:02:49Z,matches_2018_event_767.csv
5247971,767,Gibraltar Open,2018,2019-03-13,2019-03-17,120,2159,3,4,2159,2019-03-16T13:02:49Z,matches_2018_event_767.csv
5247976,767,Gibraltar Open,2018,2019-03-13,2019-03-17,19,2337,4,0,19,2019-03-16T13:15:21Z,matches_2018_event_767.csv
5247977,767,Gibraltar Open,2018,2019-03-13,2019-03-17,1407,2134,2,4,2134,2019-03-16T13:15:21Z,matches_2018_event_767.csv
5247978,767,Gibraltar Open,2018,2019-03-13,2019-03-17,104,92,2,4,92,2019-03-16T13:43:00Z,matches_2018_event_767.csv
5247980,767,Gibraltar Open,2018,2019-03-13,2019-03-17,177,2454,4,0,177,2019-03-16T13:58:02Z,matches_2018_event_767.csv
5247981,767,Gibraltar Open,2018,2019-03-13,2019-03-17,898,391,4,0,898,2019-03-16T14:18:07Z,matches_2018_event_767.csv
5247983,767,Gibraltar Open,2018,2019-03-13,2019-03-17,39,58,4,0,39,2019-03-16T15:06:36Z,matches_2018_event_767.csv
5247982,767,Gibraltar Open,2018,2019-03-13,2019-03-17,96,20,2,4,20,2019-03-16T15:14:16Z,matches_2018_event_767.csv
5247824,767,Gibraltar Open,2018,2019-03-13,2019-03-17,68,208,4,1,68,2019-03-16T17:39:54Z,matches_2018_event_767.csv
5247825,767,Gibraltar Open,2018,2019-03-13,2019-03-17,608,15,4,2,608,2019-03-16T17:39:54Z,matches_2018_event_767.csv
5247830,767,Gibraltar Open,2018,2019-03-13,2019-03-17,616,1762,3,4,1762,2019-03-16T17:39:54Z,matches_2018_event_767.csv
5247831,767,Gibraltar Open,2018,2019-03-13,2019-03-17,35,118,2,4,118,2019-03-16T17:39:54Z,matches_2018_event_767.csv
5247832,767,Gibraltar Open,2018,2019-03-13,2019-03-17,45,63,4,1,45,2019-03-16T17:39:54Z,matches_2018_event_767.csv
5247833,767,Gibraltar Open,2018,2019-03-13,2019-03-17,218,497,4,0,218,2019-03-16T17:39:54Z,matches_2018_event_767.csv
5247840,767,Gibraltar Open,2018,2019-03-13,2019-03-17,724,25,2,4,25,2019-03-16T17:39:54Z,matches_2018_event_767.csv
5247841,767,Gibraltar Open,2018,2019-03-13,2019-03-17,123,102,4,3,123,2019-03-16T17:39:54Z,matches_2018_event_767.csv
5247846,767,Gibraltar Open,2018,2019-03-13,2019-03-17,1323,620,3,4,620,2019-03-16T17:39:54Z,matches_2018_event_767.csv
5247847,767,Gibraltar Open,2018,2019-03-13,2019-03-17,115,30,0,4,30,2019-03-16T17:39:54Z,matches_2018_event_767.csv
5247669,767,Gibraltar Open,2018,2019-03-13,2019-03-17,1044,67,1,4,67,2019-03-16T17:51:09Z,matches_2018_event_767.csv
5247670,767,Gibraltar Open,2018,2019-03-13,2019-03-17,37,32,0,4,32,2019-03-16T17:51:09Z,matches_2018_event_767.csv
5247673,767,Gibraltar Open,2018,2019-03-13,2019-03-17,1260,549,4,1,1260,2019-03-16T17:51:09Z,matches_2018_event_767.csv
5247674,767,Gibraltar Open,2018,2019-03-13,2019-03-17,106,146,2,4,146,2019-03-16T17:51:09Z,matches_2018_event_767.csv
5247675,767,Gibraltar Open,2018,2019-03-13,2019-03-17,908,97,4,2,908,2019-03-16T17:51:09Z,matches_2018_event_767.csv
5247677,767,Gibraltar Open,2018,2019-03-13,2019-03-17,894,906,1,4,906,2019-03-16T17:51:09Z,matches_2018_event_767.csv
5247678,767,Gibraltar Open,2018,2019-03-13,2019-03-17,61,217,4,1,61,2019-03-16T17:51:09Z,matches_2018_event_767.csv
5247681,767,Gibraltar Open,2018,2019-03-13,2019-03-17,552,1108,1,4,1108,2019-03-16T17:51:09Z,matches_2018_event_767.csv
5247848,767,Gibraltar Open,2018,2019-03-13,2019-03-17,85,546,3,4,546,2019-03-16T17:57:00Z,matches_2018_event_767.csv
5247852,767,Gibraltar Open,2018,2019-03-13,2019-03-17,19,2134,4,2,19,2019-03-16T17:57:00Z,matches_2018_event_767.csv
5247853,767,Gibraltar Open,2018,2019-03-13,2019-03-17,92,8,4,2,92,2019-03-16T17:57:00Z,matches_2018_event_767.csv
5247854,767,Gibraltar Open,2018,2019-03-13,2019-03-17,177,898,1,4,898,2019-03-16T18:00:43Z,matches_2018_event_767.csv
5247849,767,Gibraltar Open,2018,2019-03-13,2019-03-17,170,2159,4,2,170,2019-03-16T18:23:51Z,matches_2018_event_767.csv
5247672,767,Gibraltar Open,2018,2019-03-13,2019-03-17,45,218,0,4,218,2019-03-16T18:46:53Z,matches_2018_event_767.csv
5247855,767,Gibraltar Open,2018,2019-03-13,2019-03-17,20,39,1,4,39,2019-03-16T18:55:40Z,matches_2018_event_767.csv
5247668,767,Gibraltar Open,2018,2019-03-13,2019-03-17,68,608,4,3,68,2019-03-16T19:05:14Z,matches_2018_event_767.csv
5247671,767,Gibraltar Open,2018,2019-03-13,2019-03-17,1762,118,2,4,118,2019-03-16T19:23:47Z,matches_2018_event_767.csv
5247676,767,Gibraltar Open,2018,2019-03-13,2019-03-17,25,123,4,0,25,2019-03-16T19:52:14Z,matches_2018_event_767.csv
5247682,767,Gibraltar Open,2018,2019-03-13,2019-03-17,19,92,1,4,92,2019-03-16T20:04:47Z,matches_2018_event_767.csv
5247679,767,Gibraltar Open,2018,2019-03-13,2019-03-17,620,30,3,4,30,2019-03-16T20:41:22Z,matches_2018_event_767.csv
5247683,767,Gibraltar Open,2018,2019-03-13,2019-03-17,898,39,1,4,39,2019-03-16T20:57:33Z,matches_2018_event_767.csv
5247680,767,Gibraltar Open,2018,2019-03-13,2019-03-17,546,170,4,1,546,2019-03-16T21:02:36Z,matches_2018_event_767.csv
5247748,767,Gibraltar Open,2018,2019-03-13,2019-03-17,68,67,4,3,68,2019-03-17T09:00:03Z,matches_2018_event_767.csv
5247749,767,Gibraltar Open,2018,2019-03-13,2019-03-17,32,118,3,4,118,2019-03-17T09:00:03Z,matches_2018_event_767.csv
5247750,767,Gibraltar Open,2018,2019-03-13,2019-03-17,218,1260,4,3,218,2019-03-17T09:00:03Z,matches_2018_event_767.csv
5247751,767,Gibraltar Open,2018,2019-03-13,2019-03-17,146,908,2,4,908,2019-03-17T09:00:03Z,matches_2018_event_767.csv
5247752,767,Gibraltar Open,2018,2019-03-13,2019-03-17,25,906,3,4,906,2019-03-17T09:00:03Z,matches_2018_event_767.csv
5247753,767,Gibraltar Open,2018,2019-03-13,2019-03-17,61,30,2,4,30,2019-03-17T09:00:03Z,matches_2018_event_767.csv
5247754,767,Gibraltar Open,2018,2019-03-13,2019-03-17,546,1108,2,4,1108,2019-03-17T09:00:03Z,matches_2018_event_767.csv
5247755,767,Gibraltar Open,2018,2019-03-13,2019-03-17,92,39,4,2,92,2019-03-17T09:00:03Z,matches_2018_event_767.csv
5247756,767,Gibraltar Open,2018,2019-03-13,2019-03-17,68,118,4,2,68,2019-03-17T12:01:07Z,matches_2018_event_767.csv
5247757,767,Gibraltar Open,2018,2019-03-13,2019-03-17,218,908,3,4,908,2019-03-17T12:01:07Z,matches_2018_event_767.csv
5247758,767,Gibraltar Open,2018,2019-03-13,2019-03-17,906,30,0,4,30,2019-03-17T12:01:07Z,matches_2018_event_767.csv
5247759,767,Gibraltar Open,2018,2019-03-13,2019-03-17,1108,92,4,3,1108,2019-03-17T12:01:07Z,matches_2018_event_767.csv
5212082,767,Gibraltar Open,2018,2019-03-13,2019-03-17,30,1108,4,0,30,2019-03-17T14:59:40Z,matches_2018_event_767.csv
5212081,767,Gibraltar Open,2018,2019-03-13,2019-03-17,68,908,4,2,68,2019-03-17T15:42:52Z,matches_2018_event_767.csv
5211721,767,Gibraltar Open,2018,2019-03-13,2019-03-17,68,30,1,4,30,2019-03-17T19:05:00Z,matches_2018_event_767.csv
5056345,768,Championship League - Group 1,2018,2019-01-01,2019-01-02,154,85,3,1,154,2019-01-01T10:47:46Z,matches_2018_event_768.csv
5056346,768,Championship League - Group 1,2018,2019-01-01,2019-01-02,93,92,0,3,92,2019-01-01T10:47:46Z,matches_2018_event_768.csv
5056348,768,Championship League - Group 1,2018,2019-01-01,2019-01-02,28,62,3,1,28,2019-01-01T12:09:10Z,matches_2018_event_768.csv
5056347,768,Championship League - Group 1,2018,2019-01-01,2019-01-02,115,154,3,2,115,2019-01-01T12:20:46Z,matches_2018_event_768.csv
5056350,768,Championship League - Group 1,2018,2019-01-01,2019-01-02,92,28,2,3,28,2019-01-01T14:06:58Z,matches_2018_event_768.csv
5056349,768,Championship League - Group 1,2018,2019-01-01,2019-01-02,85,93,1,3,93,2019-01-01T14:27:26Z,matches_2018_event_768.csv
5056351,768,Championship League - Group 1,2018,2019-01-01,2019-01-02,154,93,3,1,154,2019-01-01T15:41:38Z,matches_2018_event_768.csv
5056352,768,Championship League - Group 1,2018,2019-01-01,2019-01-02,62,115,3,1,62,2019-01-01T15:49:45Z,matches_2018_event_768.csv
5056353,768,Championship League - Group 1,2018,2019-01-01,2019-01-02,85,92,3,2,85,2019-01-01T18:03:50Z,matches_2018_event_768.csv
5056354,768,Championship League - Group 1,2018,2019-01-01,2019-01-02,28,115,3,0,28,2019-01-01T18:03:50Z,matches_2018_event_768.csv
5056356,768,Championship League - Group 1,2018,2019-01-01,2019-01-02,93,115,1,3,115,2019-01-01T19:11:08Z,matches_2018_event_768.csv
5056355,768,Championship League - Group 1,2018,2019-01-01,2019-01-02,62,92,3,0,62,2019-01-01T19:33:19Z,matches_2018_event_768.csv
5056357,768,Championship League - Group 1,2018,2019-01-01,2019-01-02,154,62,1,3,62,2019-01-02T11:03:20Z,matches_2018_event_768.csv
5056358,768,Championship League - Group 1,2018,2019-01-01,2019-01-02,85,28,3,1,85,2019-01-02T11:03:20Z,matches_2018_event_768.csv
5056360,768,Championship League - Group 1,2018,2019-01-01,2019-01-02,92,115,1,3,115,2019-01-02T11:59:52Z,matches_2018_event_768.csv
5056359,768,Championship League - Group 1,2018,2019-01-01,2019-01-02,93,62,3,0,93,2019-01-02T12:28:07Z,matches_2018_event_768.csv
5056361,768,Championship League - Group 1,2018,2019-01-01,2019-01-02,154,28,3,0,154,2019-01-02T13:58:31Z,matches_2018_event_768.csv
5056362,768,Championship League - Group 1,2018,2019-01-01,2019-01-02,85,115,3,2,85,2019-01-02T13:58:31Z,matches_2018_event_768.csv
5056363,768,Championship League - Group 1,2018,2019-01-01,2019-01-02,93,28,3,1,93,2019-01-02T15:16:13Z,matches_2018_event_768.csv
5056364,768,Championship League - Group 1,2018,2019-01-01,2019-01-02,85,62,3,2,85,2019-01-02T16:01:20Z,matches_2018_event_768.csv
5056365,768,Championship League - Group 1,2018,2019-01-01,2019-01-02,154,92,3,1,154,2019-01-02T16:39:19Z,matches_2018_event_768.csv
5056459,768,Championship League - Group 1,2018,2019-01-01,2019-01-02,154,115,3,0,154,2019-01-02T17:57:53Z,matches_2018_event_768.csv
5056460,768,Championship League - Group 1,2018,2019-01-01,2019-01-02,85,62,3,1,85,2019-01-02T17:57:53Z,matches_2018_event_768.csv
5056366,768,Championship League - Group 1,2018,2019-01-01,2019-01-02,154,85,3,0,154,2019-01-02T19:17:56Z,matches_2018_event_768.csv
5184605,769,Championship League - Winners' Group,2018,2019-03-13,2019-03-14,154,85,3,1,154,2019-03-13T11:08:45Z,matches_2018_event_769.csv
5184606,769,Championship League - Winners' Group,2018,2019-03-13,2019-03-14,12,30,3,1,12,2019-03-13T11:08:45Z,matches_2018_event_769.csv
5184608,769,Championship League - Winners' Group,2018,2019-03-13,2019-03-14,27,237,3,2,27,2019-03-13T12:00:55Z,matches_2018_event_769.csv
5184607,769,Championship League - Winners' Group,2018,2019-03-13,2019-03-14,17,154,1,3,154,2019-03-13T12:03:50Z,matches_2018_event_769.csv
5184609,769,Championship League - Winners' Group,2018,2019-03-13,2019-03-14,85,12,3,1,85,2019-03-13T13:57:40Z,matches_2018_event_769.csv
5184610,769,Championship League - Winners' Group,2018,2019-03-13,2019-03-14,30,27,1,3,27,2019-03-13T13:57:40Z,matches_2018_event_769.csv
5184611,769,Championship League - Winners' Group,2018,2019-03-13,2019-03-14,154,12,1,3,12,2019-03-13T15:06:18Z,matches_2018_event_769.csv
5184612,769,Championship League - Winners' Group,2018,2019-03-13,2019-03-14,237,17,3,2,237,2019-03-13T15:24:41Z,matches_2018_event_769.csv
5184613,769,Championship League - Winners' Group,2018,2019-03-13,2019-03-14,85,30,3,1,85,2019-03-13T17:59:47Z,matches_2018_event_769.csv
5184614,769,Championship League - Winners' Group,2018,2019-03-13,2019-03-14,27,17,0,3,17,2019-03-13T17:59:47Z,matches_2018_event_769.csv
5184616,769,Championship League - Winners' Group,2018,2019-03-13,2019-03-14,12,17,1,3,17,2019-03-13T18:57:00Z,matches_2018_event_769.csv
5184615,769,Championship League - Winners' Group,2018,2019-03-13,2019-03-14,237,30,1,3,30,2019-03-13T19:42:10Z,matches_2018_event_769.csv
5184617,769,Championship League - Winners' Group,2018,2019-03-13,2019-03-14,154,237,3,1,154,2019-03-14T11:09:36Z,matches_2018_event_769.csv
5184618,769,Championship League - Winners' Group,2018,2019-03-13,2019-03-14,85,27,0,3,27,2019-03-14T11:09:36Z,matches_2018_event_769.csv
5184620,769,Championship League - Winners' Group,2018,2019-03-13,2019-03-14,30,17,1,3,17,2019-03-14T12:14:10Z,matches_2018_event_769.csv
5184619,769,Championship League - Winners' Group,2018,2019-03-13,2019-03-14,12,237,0,3,237,2019-03-14T12:45:07Z,matches_2018_event_769.csv
5184621,769,Championship League - Winners' Group,2018,2019-03-13,2019-03-14,154,27,0,3,27,2019-03-14T14:04:02Z,matches_2018_event_769.csv
5184622,769,Championship League - Winners' Group,2018,2019-03-13,2019-03-14,85,17,3,0,85,2019-03-14T14:04:02Z,matches_2018_event_769.csv
5184623,769,Championship League - Winners' Group,2018,2019-03-13,2019-03-14,12,27,3,0,12,2019-03-14T14:59:51Z,matches_2018_event_769.csv
5184624,769,Championship League - Winners' Group,2018,2019-03-13,2019-03-14,85,237,2,3,237,2019-03-14T14:59:51Z,matches_2018_event_769.csv
5184625,769,Championship League - Winners' Group,2018,2019-03-13,2019-03-14,154,30,3,1,154,2019-03-14T15:45:28Z,matches_2018_event_769.csv
5184603,769,Championship League - Winners' Group,2018,2019-03-13,2019-03-14,154,85,0,3,85,2019-03-14T18:00:37Z,matches_2018_event_769.csv
5184604,769,Championship League - Winners' Group,2018,2019-03-13,2019-03-14,27,237,3,0,27,2019-03-14T18:00:37Z,matches_2018_event_769.csv
5184602,769,Championship League - Winners' Group,2018,2019-03-13,2019-03-14,85,27,1,3,27,2019-03-14T18:59:33Z,matches_2018_event_769.csv
5179996,770,Championship League - Group 2,2018,2019-01-03,2019-01-04,12,39,3,0,12,2019-01-03T10:59:02Z,matches_2018_event_770.csv
5179997,770,Championship League - Group 2,2018,2019-01-03,2019-01-04,101,93,3,2,101,2019-01-03T10:59:02Z,matches_2018_event_770.csv
5179999,770,Championship League - Group 2,2018,2019-01-03,2019-01-04,62,85,2,3,85,2019-01-03T12:34:56Z,matches_2018_event_770.csv
5179998,770,Championship League - Group 2,2018,2019-01-03,2019-01-04,115,12,3,0,115,2019-01-03T13:23:25Z,matches_2018_event_770.csv
5180001,770,Championship League - Group 2,2018,2019-01-03,2019-01-04,93,62,1,3,62,2019-01-03T14:05:09Z,matches_2018_event_770.csv
5180000,770,Championship League - Group 2,2018,2019-01-03,2019-01-04,39,101,3,0,39,2019-01-03T14:27:19Z,matches_2018_event_770.csv
5180003,770,Championship League - Group 2,2018,2019-01-03,2019-01-04,85,115,3,2,85,2019-01-03T15:30:43Z,matches_2018_event_770.csv
5180002,770,Championship League - Group 2,2018,2019-01-03,2019-01-04,12,101,1,3,101,2019-01-03T15:50:16Z,matches_2018_event_770.csv
5180004,770,Championship League - Group 2,2018,2019-01-03,2019-01-04,39,93,2,3,93,2019-01-03T18:01:25Z,matches_2018_event_770.csv
5180005,770,Championship League - Group 2,2018,2019-01-03,2019-01-04,62,115,3,1,62,2019-01-03T18:01:25Z,matches_2018_event_770.csv
5180007,770,Championship League - Group 2,2018,2019-01-03,2019-01-04,101,115,3,1,101,2019-01-03T19:20:37Z,matches_2018_event_770.csv
5180006,770,Championship League - Group 2,2018,2019-01-03,2019-01-04,85,93,1,3,93,2019-01-03T19:48:52Z,matches_2018_event_770.csv
5180008,770,Championship League - Group 2,2018,2019-01-03,2019-01-04,12,85,1,3,85,2019-01-04T11:00:33Z,matches_2018_event_770.csv
5180009,770,Championship League - Group 2,2018,2019-01-03,2019-01-04,39,62,3,2,39,2019-01-04T11:00:33Z,matches_2018_event_770.csv
5180010,770,Championship League - Group 2,2018,2019-01-03,2019-01-04,101,85,0,3,85,2019-01-04T12:23:02Z,matches_2018_event_770.csv
5180011,770,Championship League - Group 2,2018,2019-01-03,2019-01-04,93,115,3,2,93,2019-01-04T12:41:58Z,matches_2018_event_770.csv
5180012,770,Championship League - Group 2,2018,2019-01-03,2019-01-04,12,62,3,2,12,2019-01-04T14:04:26Z,matches_2018_event_770.csv
5180013,770,Championship League - Group 2,2018,2019-01-03,2019-01-04,39,115,3,1,39,2019-01-04T15:10:55Z,matches_2018_event_770.csv
5180014,770,Championship League - Group 2,2018,2019-01-03,2019-01-04,101,62,3,0,101,2019-01-04T15:25:30Z,matches_2018_event_770.csv
5180015,770,Championship League - Group 2,2018,2019-01-03,2019-01-04,39,85,2,3,85,2019-01-04T16:16:25Z,matches_2018_event_770.csv
5180016,770,Championship League - Group 2,2018,2019-01-03,2019-01-04,12,93,3,1,12,2019-01-04T16:24:50Z,matches_2018_event_770.csv
5059071,770,Championship League - Group 2,2018,2019-01-03,2019-01-04,85,93,3,2,85,2019-01-04T17:59:44Z,matches_2018_event_770.csv
5059072,770,Championship League - Group 2,2018,2019-01-03,2019-01-04,101,39,3,2,101,2019-01-04T17:59:44Z,matches_2018_event_770.csv
5059070,770,Championship League - Group 2,2018,2019-01-03,2019-01-04,85,101,3,0,85,2019-01-04T19:53:09Z,matches_2018_event_770.csv
5073062,771,Championship League - Group 3,2018,2019-01-07,2019-01-08,17,16,0,3,16,2019-01-07T11:00:10Z,matches_2018_event_771.csv
5073063,771,Championship League - Group 3,2018,2019-01-07,2019-01-08,30,12,2,3,12,2019-01-07T11:00:10Z,matches_2018_event_771.csv
5073064,771,Championship League - Group 3,2018,2019-01-07,2019-01-08,93,17,2,3,17,2019-01-07T12:00:41Z,matches_2018_event_771.csv
5073065,771,Championship League - Group 3,2018,2019-01-07,2019-01-08,39,101,2,3,101,2019-01-07T12:21:46Z,matches_2018_event_771.csv
5073066,771,Championship League - Group 3,2018,2019-01-07,2019-01-08,16,30,3,2,16,2019-01-07T14:00:13Z,matches_2018_event_771.csv
5073067,771,Championship League - Group 3,2018,2019-01-07,2019-01-08,12,39,3,1,12,2019-01-07T14:00:13Z,matches_2018_event_771.csv
5073069,771,Championship League - Group 3,2018,2019-01-07,2019-01-08,101,93,3,0,101,2019-01-07T14:59:57Z,matches_2018_event_771.csv
5073068,771,Championship League - Group 3,2018,2019-01-07,2019-01-08,17,30,2,3,30,2019-01-07T16:12:28Z,matches_2018_event_771.csv
5073070,771,Championship League - Group 3,2018,2019-01-07,2019-01-08,16,12,3,1,16,2019-01-07T18:02:40Z,matches_2018_event_771.csv
5073071,771,Championship League - Group 3,2018,2019-01-07,2019-01-08,39,93,3,0,39,2019-01-07T18:02:40Z,matches_2018_event_771.csv
5073073,771,Championship League - Group 3,2018,2019-01-07,2019-01-08,30,93,3,1,30,2019-01-07T18:51:37Z,matches_2018_event_771.csv
5073072,771,Championship League - Group 3,2018,2019-01-07,2019-01-08,101,12,3,2,101,2019-01-07T19:00:04Z,matches_2018_event_771.csv
5073074,771,Championship League - Group 3,2018,2019-01-07,2019-01-08,17,101,3,1,17,2019-01-08T11:02:23Z,matches_2018_event_771.csv
5073075,771,Championship League - Group 3,2018,2019-01-07,2019-01-08,16,39,0,3,39,2019-01-08T11:02:23Z,matches_2018_event_771.csv
5073076,771,Championship League - Group 3,2018,2019-01-07,2019-01-08,30,101,3,1,30,2019-01-08T12:35:31Z,matches_2018_event_771.csv
5073077,771,Championship League - Group 3,2018,2019-01-07,2019-01-08,12,93,3,1,12,2019-01-08T12:35:31Z,matches_2018_event_771.csv
5073079,771,Championship League - Group 3,2018,2019-01-07,2019-01-08,16,93,2,3,93,2019-01-08T13:59:58Z,matches_2018_event_771.csv
5073078,771,Championship League - Group 3,2018,2019-01-07,2019-01-08,17,39,3,1,17,2019-01-08T14:26:15Z,matches_2018_event_771.csv
5073081,771,Championship League - Group 3,2018,2019-01-07,2019-01-08,16,101,3,0,16,2019-01-08T15:26:39Z,matches_2018_event_771.csv
5073080,771,Championship League - Group 3,2018,2019-01-07,2019-01-08,30,39,3,0,30,2019-01-08T15:48:14Z,matches_2018_event_771.csv
5073082,771,Championship League - Group 3,2018,2019-01-07,2019-01-08,17,12,3,1,17,2019-01-08T16:34:26Z,matches_2018_event_771.csv
5061460,771,Championship League - Group 3,2018,2019-01-07,2019-01-08,30,12,2,3,12,2019-01-08T18:02:41Z,matches_2018_event_771.csv
5061461,771,Championship League - Group 3,2018,2019-01-07,2019-01-08,16,17,3,2,16,2019-01-08T18:02:41Z,matches_2018_event_771.csv
5061413,771,Championship League - Group 3,2018,2019-01-07,2019-01-08,12,16,3,0,12,2019-01-08T19:25:51Z,matches_2018_event_771.csv
5073041,772,Championship League - Group 4,2018,2019-01-09,2019-01-10,68,158,1,3,158,2019-01-09T11:02:50Z,matches_2018_event_772.csv
5073042,772,Championship League - Group 4,2018,2019-01-09,2019-01-10,52,101,3,1,52,2019-01-09T11:05:39Z,matches_2018_event_772.csv
5073043,772,Championship League - Group 4,2018,2019-01-09,2019-01-10,30,68,3,1,30,2019-01-09T12:15:42Z,matches_2018_event_772.csv
5073044,772,Championship League - Group 4,2018,2019-01-09,2019-01-10,17,16,3,1,17,2019-01-09T12:15:42Z,matches_2018_event_772.csv
5073045,772,Championship League - Group 4,2018,2019-01-09,2019-01-10,158,52,3,1,158,2019-01-09T14:02:45Z,matches_2018_event_772.csv
5073046,772,Championship League - Group 4,2018,2019-01-09,2019-01-10,101,17,0,3,17,2019-01-09T14:02:45Z,matches_2018_event_772.csv
5073048,772,Championship League - Group 4,2018,2019-01-09,2019-01-10,16,30,3,0,16,2019-01-09T14:47:52Z,matches_2018_event_772.csv
5073047,772,Championship League - Group 4,2018,2019-01-09,2019-01-10,68,52,3,2,68,2019-01-09T15:20:44Z,matches_2018_event_772.csv
5073049,772,Championship League - Group 4,2018,2019-01-09,2019-01-10,158,101,1,3,101,2019-01-09T18:02:26Z,matches_2018_event_772.csv
5073050,772,Championship League - Group 4,2018,2019-01-09,2019-01-10,17,30,3,2,17,2019-01-09T18:02:26Z,matches_2018_event_772.csv
5073051,772,Championship League - Group 4,2018,2019-01-09,2019-01-10,16,101,1,3,101,2019-01-09T19:24:44Z,matches_2018_event_772.csv
5073052,772,Championship League - Group 4,2018,2019-01-09,2019-01-10,52,30,3,2,52,2019-01-09T19:47:04Z,matches_2018_event_772.csv
5073053,772,Championship League - Group 4,2018,2019-01-09,2019-01-10,68,16,3,0,68,2019-01-10T11:07:38Z,matches_2018_event_772.csv
5073054,772,Championship League - Group 4,2018,2019-01-09,2019-01-10,158,17,3,1,158,2019-01-10T11:07:38Z,matches_2018_event_772.csv
5073055,772,Championship League - Group 4,2018,2019-01-09,2019-01-10,52,16,1,3,16,2019-01-10T12:21:29Z,matches_2018_event_772.csv
5073056,772,Championship League - Group 4,2018,2019-01-09,2019-01-10,101,30,0,3,30,2019-01-10T12:37:42Z,matches_2018_event_772.csv
5073057,772,Championship League - Group 4,2018,2019-01-09,2019-01-10,68,17,1,3,17,2019-01-10T14:01:09Z,matches_2018_event_772.csv
5073058,772,Championship League - Group 4,2018,2019-01-09,2019-01-10,158,30,1,3,30,2019-01-10T14:01:09Z,matches_2018_event_772.csv
5073059,772,Championship League - Group 4,2018,2019-01-09,2019-01-10,52,17,0,3,17,2019-01-10T15:28:55Z,matches_2018_event_772.csv
5073060,772,Championship League - Group 4,2018,2019-01-09,2019-01-10,158,16,0,3,16,2019-01-10T15:28:55Z,matches_2018_event_772.csv
5073061,772,Championship League - Group 4,2018,2019-01-09,2019-01-10,68,101,2,3,101,2019-01-10T16:14:30Z,matches_2018_event_772.csv
5063794,772,Championship League - Group 4,2018,2019-01-09,2019-01-10,17,158,3,1,17,2019-01-10T18:14:13Z,matches_2018_event_772.csv
5063795,772,Championship League - Group 4,2018,2019-01-09,2019-01-10,30,16,3,1,30,2019-01-10T18:14:13Z,matches_2018_event_772.csv
5063791,772,Championship League - Group 4,2018,2019-01-09,2019-01-10,17,30,1,3,30,2019-01-10T19:44:57Z,matches_2018_event_772.csv
5068128,773,Championship League - Group 5,2018,2019-01-21,2019-01-22,2,22,3,0,2,2019-01-21T10:59:35Z,matches_2018_event_773.csv
5068129,773,Championship League - Group 5,2018,2019-01-21,2019-01-22,168,118,2,3,118,2019-01-21T10:59:35Z,matches_2018_event_773.csv
5068130,773,Championship League - Group 5,2018,2019-01-21,2019-01-22,158,2,1,3,2,2019-01-21T11:59:49Z,matches_2018_event_773.csv
5068131,773,Championship League - Group 5,2018,2019-01-21,2019-01-22,16,17,3,0,16,2019-01-21T12:53:06Z,matches_2018_event_773.csv
5068132,773,Championship League - Group 5,2018,2019-01-21,2019-01-22,22,168,3,2,22,2019-01-21T13:59:41Z,matches_2018_event_773.csv
5068133,773,Championship League - Group 5,2018,2019-01-21,2019-01-22,118,16,3,1,118,2019-01-21T14:11:03Z,matches_2018_event_773.csv
5068134,773,Championship League - Group 5,2018,2019-01-21,2019-01-22,2,168,0,3,168,2019-01-21T15:29:36Z,matches_2018_event_773.csv
5068135,773,Championship League - Group 5,2018,2019-01-21,2019-01-22,17,158,3,0,17,2019-01-21T15:29:36Z,matches_2018_event_773.csv
5068136,773,Championship League - Group 5,2018,2019-01-21,2019-01-22,22,118,1,3,118,2019-01-21T18:02:49Z,matches_2018_event_773.csv
5068137,773,Championship League - Group 5,2018,2019-01-21,2019-01-22,16,158,1,3,158,2019-01-21T18:02:49Z,matches_2018_event_773.csv
5068138,773,Championship League - Group 5,2018,2019-01-21,2019-01-22,17,118,2,3,118,2019-01-21T19:11:51Z,matches_2018_event_773.csv
5068139,773,Championship League - Group 5,2018,2019-01-21,2019-01-22,168,158,1,3,158,2019-01-21T19:20:59Z,matches_2018_event_773.csv
5068140,773,Championship League - Group 5,2018,2019-01-21,2019-01-22,2,17,3,2,2,2019-01-22T11:07:15Z,matches_2018_event_773.csv
5068141,773,Championship League - Group 5,2018,2019-01-21,2019-01-22,22,16,3,1,22,2019-01-22T11:07:15Z,matches_2018_event_773.csv
5068143,773,Championship League - Group 5,2018,2019-01-21,2019-01-22,118,158,3,1,118,2019-01-22T12:00:21Z,matches_2018_event_773.csv
5068142,773,Championship League - Group 5,2018,2019-01-21,2019-01-22,168,17,0,3,17,2019-01-22T12:14:41Z,matches_2018_event_773.csv
5068144,773,Championship League - Group 5,2018,2019-01-21,2019-01-22,2,16,2,3,16,2019-01-22T13:51:40Z,matches_2018_event_773.csv
5068145,773,Championship League - Group 5,2018,2019-01-21,2019-01-22,22,158,2,3,158,2019-01-22T13:52:05Z,matches_2018_event_773.csv
5068146,773,Championship League - Group 5,2018,2019-01-21,2019-01-22,168,16,1,3,16,2019-01-22T15:11:13Z,matches_2018_event_773.csv
5068147,773,Championship League - Group 5,2018,2019-01-21,2019-01-22,22,17,1,3,17,2019-01-22T15:18:08Z,matches_2018_event_773.csv
5068148,773,Championship League - Group 5,2018,2019-01-21,2019-01-22,2,118,3,1,2,2019-01-22T16:25:54Z,matches_2018_event_773.csv
5068083,773,Championship League - Group 5,2018,2019-01-21,2019-01-22,118,16,0,3,16,2019-01-22T18:02:26Z,matches_2018_event_773.csv
5068084,773,Championship League - Group 5,2018,2019-01-21,2019-01-22,2,17,2,3,17,2019-01-22T18:02:26Z,matches_2018_event_773.csv
5068085,773,Championship League - Group 5,2018,2019-01-21,2019-01-22,16,17,0,3,17,2019-01-22T19:22:27Z,matches_2018_event_773.csv
5071521,774,Championship League - Group 6,2018,2019-01-23,2019-01-24,24,27,0,3,27,2019-01-23T11:02:09Z,matches_2018_event_774.csv
5071522,774,Championship League - Group 6,2018,2019-01-23,2019-01-24,15,158,3,0,15,2019-01-23T11:02:09Z,matches_2018_event_774.csv
5071523,774,Championship League - Group 6,2018,2019-01-23,2019-01-24,118,24,3,0,118,2019-01-23T12:00:50Z,matches_2018_event_774.csv
5071524,774,Championship League - Group 6,2018,2019-01-23,2019-01-24,2,16,3,1,2,2019-01-23T12:00:50Z,matches_2018_event_774.csv
5071525,774,Championship League - Group 6,2018,2019-01-23,2019-01-24,27,15,1,3,15,2019-01-23T14:03:02Z,matches_2018_event_774.csv
5071526,774,Championship League - Group 6,2018,2019-01-23,2019-01-24,158,2,2,3,2,2019-01-23T14:03:02Z,matches_2018_event_774.csv
5071527,774,Championship League - Group 6,2018,2019-01-23,2019-01-24,24,15,2,3,15,2019-01-23T15:27:25Z,matches_2018_event_774.csv
5071528,774,Championship League - Group 6,2018,2019-01-23,2019-01-24,16,118,3,1,16,2019-01-23T15:38:48Z,matches_2018_event_774.csv
5071529,774,Championship League - Group 6,2018,2019-01-23,2019-01-24,27,158,3,2,27,2019-01-23T17:57:36Z,matches_2018_event_774.csv
5071530,774,Championship League - Group 6,2018,2019-01-23,2019-01-24,2,118,3,2,2,2019-01-23T17:57:36Z,matches_2018_event_774.csv
5071531,774,Championship League - Group 6,2018,2019-01-23,2019-01-24,16,158,3,1,16,2019-01-23T19:27:59Z,matches_2018_event_774.csv
5071532,774,Championship League - Group 6,2018,2019-01-23,2019-01-24,15,118,1,3,118,2019-01-23T19:34:12Z,matches_2018_event_774.csv
5071533,774,Championship League - Group 6,2018,2019-01-23,2019-01-24,24,16,1,3,16,2019-01-24T11:00:50Z,matches_2018_event_774.csv
5071534,774,Championship League - Group 6,2018,2019-01-23,2019-01-24,27,2,3,0,27,2019-01-24T11:00:50Z,matches_2018_event_774.csv
5071535,774,Championship League - Group 6,2018,2019-01-23,2019-01-24,15,16,1,3,16,2019-01-24T12:23:21Z,matches_2018_event_774.csv
5071536,774,Championship League - Group 6,2018,2019-01-23,2019-01-24,158,118,3,2,158,2019-01-24T12:23:21Z,matches_2018_event_774.csv
5071537,774,Championship League - Group 6,2018,2019-01-23,2019-01-24,24,2,3,0,24,2019-01-24T14:00:24Z,matches_2018_event_774.csv
5071538,774,Championship League - Group 6,2018,2019-01-23,2019-01-24,27,118,3,0,27,2019-01-24T14:44:59Z,matches_2018_event_774.csv
5071539,774,Championship League - Group 6,2018,2019-01-23,2019-01-24,15,2,3,2,15,2019-01-24T15:00:38Z,matches_2018_event_774.csv
5071540,774,Championship League - Group 6,2018,2019-01-23,2019-01-24,27,16,0,3,16,2019-01-24T15:38:09Z,matches_2018_event_774.csv
5071541,774,Championship League - Group 6,2018,2019-01-23,2019-01-24,24,158,0,3,158,2019-01-24T16:33:01Z,matches_2018_event_774.csv
5071109,774,Championship League - Group 6,2018,2019-01-23,2019-01-24,16,2,3,1,16,2019-01-24T18:00:12Z,matches_2018_event_774.csv
5071110,774,Championship League - Group 6,2018,2019-01-23,2019-01-24,15,27,1,3,27,2019-01-24T18:00:12Z,matches_2018_event_774.csv
5071520,774,Championship League - Group 6,2018,2019-01-23,2019-01-24,16,27,2,3,27,2019-01-24T19:21:01Z,matches_2018_event_774.csv
9198870,775,Championship League - Group 7,2018,2019-03-11,2019-03-12,237,224,3,0,237,2019-03-11T11:02:42Z,matches_2018_event_775.csv
9198871,775,Championship League - Group 7,2018,2019-03-11,2019-03-12,171,208,0,3,208,2019-03-11T11:02:42Z,matches_2018_event_775.csv
9198873,775,Championship League - Group 7,2018,2019-03-11,2019-03-12,15,8,3,2,15,2019-03-11T12:03:34Z,matches_2018_event_775.csv
9198872,775,Championship League - Group 7,2018,2019-03-11,2019-03-12,2,237,0,3,237,2019-03-11T12:09:10Z,matches_2018_event_775.csv
9198874,775,Championship League - Group 7,2018,2019-03-11,2019-03-12,224,171,3,2,224,2019-03-11T13:56:32Z,matches_2018_event_775.csv
9198875,775,Championship League - Group 7,2018,2019-03-11,2019-03-12,208,15,3,1,208,2019-03-11T13:56:32Z,matches_2018_event_775.csv
9198877,775,Championship League - Group 7,2018,2019-03-11,2019-03-12,8,2,1,3,2,2019-03-11T15:25:08Z,matches_2018_event_775.csv
9198876,775,Championship League - Group 7,2018,2019-03-11,2019-03-12,237,171,3,1,237,2019-03-11T15:31:36Z,matches_2018_event_775.csv
9198878,775,Championship League - Group 7,2018,2019-03-11,2019-03-12,224,208,0,3,208,2019-03-11T18:04:34Z,matches_2018_event_775.csv
9198879,775,Championship League - Group 7,2018,2019-03-11,2019-03-12,15,2,3,2,15,2019-03-11T18:04:34Z,matches_2018_event_775.csv
9198880,775,Championship League - Group 7,2018,2019-03-11,2019-03-12,8,208,2,3,208,2019-03-11T19:20:21Z,matches_2018_event_775.csv
9198881,775,Championship League - Group 7,2018,2019-03-11,2019-03-12,171,2,2,3,2,2019-03-11T19:41:30Z,matches_2018_event_775.csv
9198882,775,Championship League - Group 7,2018,2019-03-11,2019-03-12,237,8,3,0,237,2019-03-12T11:00:28Z,matches_2018_event_775.csv
9198883,775,Championship League - Group 7,2018,2019-03-11,2019-03-12,224,15,3,1,224,2019-03-12T11:00:28Z,matches_2018_event_775.csv
9198884,775,Championship League - Group 7,2018,2019-03-11,2019-03-12,171,8,1,3,8,2019-03-12T12:01:28Z,matches_2018_event_775.csv
9198885,775,Championship League - Group 7,2018,2019-03-11,2019-03-12,208,2,3,2,208,2019-03-12T12:14:27Z,matches_2018_event_775.csv
9198886,775,Championship League - Group 7,2018,2019-03-11,2019-03-12,237,15,3,0,237,2019-03-12T14:06:02Z,matches_2018_event_775.csv
9198887,775,Championship League - Group 7,2018,2019-03-11,2019-03-12,224,2,3,1,224,2019-03-12T14:19:01Z,matches_2018_event_775.csv
9198888,775,Championship League - Group 7,2018,2019-03-11,2019-03-12,171,15,3,1,171,2019-03-12T14:46:09Z,matches_2018_event_775.csv
9198889,775,Championship League - Group 7,2018,2019-03-11,2019-03-12,224,8,3,1,224,2019-03-12T15:15:04Z,matches_2018_event_775.csv
9198890,775,Championship League - Group 7,2018,2019-03-11,2019-03-12,237,208,3,1,237,2019-03-12T15:44:54Z,matches_2018_event_775.csv
5181033,775,Championship League - Group 7,2018,2019-03-11,2019-03-12,237,2,3,1,237,2019-03-12T17:59:23Z,matches_2018_event_775.csv
5181034,775,Championship League - Group 7,2018,2019-03-11,2019-03-12,208,224,2,3,224,2019-03-12T17:59:23Z,matches_2018_event_775.csv
5181032,775,Championship League - Group 7,2018,2019-03-11,2019-03-12,237,224,3,0,237,2019-03-12T20:32:56Z,matches_2018_event_775.csv
4892578,777,UK Seniors Championship,2018,2018-10-24,2018-10-25,408,422,1,3,422,2018-10-24T08:59:26Z,matches_2018_event_777.csv
4892576,777,UK Seniors Championship,2018,2018-10-24,2018-10-25,468,2096,0,3,2096,2018-10-24T10:29:14Z,matches_2018_event_777.csv
4892579,777,UK Seniors Championship,2018,2018-10-24,2018-10-25,469,18,0,3,18,2018-10-24T13:37:37Z,matches_2018_event_777.csv
4892577,777,UK Seniors Championship,2018,2018-10-24,2018-10-25,470,498,0,3,498,2018-10-24T15:41:23Z,matches_2018_event_777.csv
4892580,777,UK Seniors Championship,2018,2018-10-24,2018-10-25,20,2096,0,3,2096,2018-10-24T18:00:24Z,matches_2018_event_777.csv
4892582,777,UK Seniors Championship,2018,2018-10-24,2018-10-25,153,422,2,3,422,2018-10-24T19:00:22Z,matches_2018_event_777.csv
4892583,777,UK Seniors Championship,2018,2018-10-24,2018-10-25,2327,18,0,3,18,2018-10-25T09:02:12Z,matches_2018_event_777.csv
4892581,777,UK Seniors Championship,2018,2018-10-24,2018-10-25,170,498,3,0,170,2018-10-25T10:32:46Z,matches_2018_event_777.csv
4892400,777,UK Seniors Championship,2018,2018-10-24,2018-10-25,422,18,0,3,18,2018-10-25T13:05:42Z,matches_2018_event_777.csv
4892399,777,UK Seniors Championship,2018,2018-10-24,2018-10-25,2096,170,0,3,170,2018-10-25T14:52:01Z,matches_2018_event_777.csv
4892396,777,UK Seniors Championship,2018,2018-10-24,2018-10-25,170,18,4,1,170,2018-10-25T18:12:04Z,matches_2018_event_777.csv
5060315,778,Seniors Irish Masters,2018,2019-01-05,2019-01-06,170,498,1,3,498,2019-01-05T13:03:17Z,matches_2018_event_778.csv
5060316,778,Seniors Irish Masters,2018,2019-01-05,2019-01-06,469,468,3,1,469,2019-01-05T14:42:54Z,matches_2018_event_778.csv
5060318,778,Seniors Irish Masters,2018,2019-01-05,2019-01-06,2327,56,0,3,56,2019-01-05T19:00:09Z,matches_2018_event_778.csv
5060317,778,Seniors Irish Masters,2018,2019-01-05,2019-01-06,20,2184,3,0,20,2019-01-05T21:01:55Z,matches_2018_event_778.csv
5060313,778,Seniors Irish Masters,2018,2019-01-05,2019-01-06,498,469,3,0,498,2019-01-06T13:41:55Z,matches_2018_event_778.csv
5060314,778,Seniors Irish Masters,2018,2019-01-05,2019-01-06,20,56,3,2,20,2019-01-06T14:49:42Z,matches_2018_event_778.csv
5060312,778,Seniors Irish Masters,2018,2019-01-05,2019-01-06,498,20,1,4,20,2019-01-06T19:00:39Z,matches_2018_event_778.csv
5173778,779,World Seniors 6 Red Championship,2018,2019-03-03,2019-03-03,20,1655,4,1,20,2019-03-03T13:00:54Z,matches_2018_event_779.csv
5173781,779,World Seniors 6 Red Championship,2018,2019-03-03,2019-03-03,2327,41,4,1,2327,2019-03-03T14:31:25Z,matches_2018_event_779.csv
5173779,779,World Seniors 6 Red Championship,2018,2019-03-03,2019-03-03,153,469,4,3,153,2019-03-03T15:46:14Z,matches_2018_event_779.csv
5173780,779,World Seniors 6 Red Championship,2018,2019-03-03,2019-03-03,170,56,4,2,170,2019-03-03T17:43:32Z,matches_2018_event_779.csv
5173840,779,World Seniors 6 Red Championship,2018,2019-03-03,2019-03-03,20,153,4,1,20,2019-03-03T19:36:39Z,matches_2018_event_779.csv
5173841,779,World Seniors 6 Red Championship,2018,2019-03-03,2019-03-03,170,2327,3,4,2327,2019-03-03T20:25:29Z,matches_2018_event_779.csv
5173849,779,World Seniors 6 Red Championship,2018,2019-03-03,2019-03-03,20,2327,4,2,20,2019-03-03T22:52:58Z,matches_2018_event_779.csv
5252504,781,Seniors Masters,2018,2019-04-11,2019-04-11,470,153,0,2,153,2019-04-11T13:10:43Z,matches_2018_event_781.csv
5252507,781,Seniors Masters,2018,2019-04-11,2019-04-11,2327,408,0,0,2327,2019-04-11T13:19:55Z,matches_2018_event_781.csv
5252505,781,Seniors Masters,2018,2019-04-11,2019-04-11,170,6,0,2,6,2019-04-11T14:20:21Z,matches_2018_event_781.csv
5252506,781,Seniors Masters,2018,2019-04-11,2019-04-11,20,469,1,2,469,2019-04-11T15:03:26Z,matches_2018_event_781.csv
5257933,781,Seniors Masters,2018,2019-04-11,2019-04-11,153,6,0,2,6,2019-04-11T19:02:38Z,matches_2018_event_781.csv
5257934,781,Seniors Masters,2018,2019-04-11,2019-04-11,469,2327,2,1,469,2019-04-11T19:40:39Z,matches_2018_event_781.csv
5256972,781,Seniors Masters,2018,2019-04-11,2019-04-11,6,469,1,2,469,2019-04-11T21:01:06Z,matches_2018_event_781.csv
4892511,788,Australian Women's Snooker Open,2018,2018-10-25,2018-10-28,1485,2370,3,0,1485,2018-10-26T23:13:40Z,matches_2018_event_788.csv
4892512,788,Australian Women's Snooker Open,2018,2018-10-25,2018-10-28,2432,2170,2,3,2170,2018-10-26T23:13:40Z,matches_2018_event_788.csv
4892513,788,Australian Women's Snooker Open,2018,2018-10-25,2018-10-28,2293,2116,2,3,2116,2018-10-26T23:13:40Z,matches_2018_event_788.csv
4892514,788,Australian Women's Snooker Open,2018,2018-10-25,2018-10-28,2423,1829,0,3,1829,2018-10-26T23:13:40Z,matches_2018_event_788.csv
4892515,788,Australian Women's Snooker Open,2018,2018-10-25,2018-10-28,2117,2426,3,0,2117,2018-10-26T23:13:40Z,matches_2018_event_788.csv
4892516,788,Australian Women's Snooker Open,2018,2018-10-25,2018-10-28,2171,2132,0,3,2132,2018-10-26T23:13:40Z,matches_2018_event_788.csv
4892517,788,Australian Women's Snooker Open,2018,2018-10-25,2018-10-28,2369,2133,3,2,2369,2018-10-26T23:13:40Z,matches_2018_event_788.csv
4892518,788,Australian Women's Snooker Open,2018,2018-10-25,2018-10-28,2431,175,0,3,175,2018-10-26T23:13:40Z,matches_2018_event_788.csv
4898372,788,Australian Women's Snooker Open,2018,2018-10-25,2018-10-28,1485,2170,3,0,1485,2018-10-27T04:02:56Z,matches_2018_event_788.csv
4898373,788,Australian Women's Snooker Open,2018,2018-10-25,2018-10-28,2116,1829,0,3,1829,2018-10-27T04:02:56Z,matches_2018_event_788.csv
4898374,788,Australian Women's Snooker Open,2018,2018-10-25,2018-10-28,2117,2132,3,1,2117,2018-10-27T04:02:56Z,matches_2018_event_788.csv
4898375,788,Australian Women's Snooker Open,2018,2018-10-25,2018-10-28,2369,175,0,3,175,2018-10-27T04:02:56Z,matches_2018_event_788.csv
4909571,788,Australian Women's Snooker Open,2018,2018-10-25,2018-10-28,1485,1829,4,2,1485,2018-10-28T00:04:00Z,matches_2018_event_788.csv
4909572,788,Australian Women's Snooker Open,2018,2018-10-25,2018-10-28,2117,175,4,3,2117,2018-10-28T00:04:00Z,matches_2018_event_788.csv
4897363,788,Australian Women's Snooker Open,2018,2018-10-25,2018-10-28,1485,2117,4,2,1485,2018-10-28T03:37:35Z,matches_2018_event_788.csv
4827316,789,European Women's Masters,2018,2018-10-05,2018-10-07,1485,1829,1,3,1829,2018-10-06T13:21:00Z,matches_2018_event_789.csv
4827317,789,European Women's Masters,2018,2018-10-05,2018-10-07,2112,2169,2,3,2169,2018-10-06T13:21:00Z,matches_2018_event_789.csv
4827318,789,European Women's Masters,2018,2018-10-05,2018-10-07,236,1819,3,0,236,2018-10-06T13:21:00Z,matches_2018_event_789.csv
4827319,789,European Women's Masters,2018,2018-10-05,2018-10-07,2117,2115,1,3,2115,2018-10-06T13:21:00Z,matches_2018_event_789.csv
4827320,789,European Women's Masters,2018,2018-10-05,2018-10-07,2121,2370,3,0,2121,2018-10-06T13:21:00Z,matches_2018_event_789.csv
4827321,789,European Women's Masters,2018,2018-10-05,2018-10-07,2118,2127,0,3,2127,2018-10-06T13:21:00Z,matches_2018_event_789.csv
4827322,789,European Women's Masters,2018,2018-10-05,2018-10-07,2171,2414,3,2,2171,2018-10-06T13:21:00Z,matches_2018_event_789.csv
4827323,789,European Women's Masters,2018,2018-10-05,2018-10-07,175,2418,3,0,175,2018-10-06T13:21:00Z,matches_2018_event_789.csv
4827395,789,European Women's Masters,2018,2018-10-05,2018-10-07,2121,2127,3,0,2121,2018-10-06T16:01:29Z,matches_2018_event_789.csv
4827394,789,European Women's Masters,2018,2018-10-05,2018-10-07,236,2115,3,0,236,2018-10-06T16:17:34Z,matches_2018_event_789.csv
4827393,789,European Women's Masters,2018,2018-10-05,2018-10-07,1829,2169,3,0,1829,2018-10-06T16:20:14Z,matches_2018_event_789.csv
4827396,789,European Women's Masters,2018,2018-10-05,2018-10-07,2171,175,0,3,175,2018-10-06T16:20:14Z,matches_2018_event_789.csv
4827419,789,European Women's Masters,2018,2018-10-05,2018-10-07,1829,236,4,2,1829,2018-10-07T08:37:18Z,matches_2018_event_789.csv
4827420,789,European Women's Masters,2018,2018-10-05,2018-10-07,2121,175,0,4,175,2018-10-07T08:37:18Z,matches_2018_event_789.csv
4827445,789,European Women's Masters,2018,2018-10-05,2018-10-07,1829,175,1,4,175,2018-10-07T11:59:57Z,matches_2018_event_789.csv
5021255,790,Challenge Tour 8,2018,2018-11-24,2018-11-25,2081,2166,3,0,2081,2018-11-24T08:00:31Z,matches_2018_event_790.csv
5021256,790,Challenge Tour 8,2018,2018-11-24,2018-11-25,2010,550,3,0,2010,2018-11-24T08:00:31Z,matches_2018_event_790.csv
5021257,790,Challenge Tour 8,2018,2018-11-24,2018-11-25,733,1421,3,0,733,2018-11-24T08:00:31Z,matches_2018_event_790.csv
5021258,790,Challenge Tour 8,2018,2018-11-24,2018-11-25,1122,67,2,3,67,2018-11-24T08:00:31Z,matches_2018_event_790.csv
5021259,790,Challenge Tour 8,2018,2018-11-24,2018-11-25,424,2400,0,3,2400,2018-11-24T08:00:31Z,matches_2018_event_790.csv
5021260,790,Challenge Tour 8,2018,2018-11-24,2018-11-25,160,1889,2,3,1889,2018-11-24T08:00:31Z,matches_2018_event_790.csv
5021261,790,Challenge Tour 8,2018,2018-11-24,2018-11-25,165,6,1,3,6,2018-11-24T09:30:29Z,matches_2018_event_790.csv
5021262,790,Challenge Tour 8,2018,2018-11-24,2018-11-25,983,2320,3,2,983,2018-11-24T09:30:29Z,matches_2018_event_790.csv
5021263,790,Challenge Tour 8,2018,2018-11-24,2018-11-25,1544,169,3,1,1544,2018-11-24T09:30:29Z,matches_2018_event_790.csv
5021264,790,Challenge Tour 8,2018,2018-11-24,2018-11-25,834,422,0,3,422,2018-11-24T09:53:11Z,matches_2018_event_790.csv
5021265,790,Challenge Tour 8,2018,2018-11-24,2018-11-25,163,633,0,0,633,2018-11-24T09:53:11Z,matches_2018_event_790.csv
5021266,790,Challenge Tour 8,2018,2018-11-24,2018-11-25,151,391,0,0,391,2018-11-24T10:42:42Z,matches_2018_event_790.csv
5021239,790,Challenge Tour 8,2018,2018-11-24,2018-11-25,135,2081,0,0,2081,2018-11-24T12:21:41Z,matches_2018_event_790.csv
5021240,790,Challenge Tour 8,2018,2018-11-24,2018-11-25,998,1558,3,0,998,2018-11-24T12:21:41Z,matches_2018_event_790.csv
5021241,790,Challenge Tour 8,2018,2018-11-24,2018-11-25,1301,2010,3,2,1301,2018-11-24T12:21:41Z,matches_2018_event_790.csv
5021242,790,Challenge Tour 8,2018,2018-11-24,2018-11-25,1812,733,2,3,733,2018-11-24T12:21:41Z,matches_2018_event_790.csv
5021243,790,Challenge Tour 8,2018,2018-11-24,2018-11-25,416,67,3,2,416,2018-11-24T12:21:41Z,matches_2018_event_790.csv
5021244,790,Challenge Tour 8,2018,2018-11-24,2018-11-25,1030,79,0,3,79,2018-11-24T12:21:41Z,matches_2018_event_790.csv
5021245,790,Challenge Tour 8,2018,2018-11-24,2018-11-25,522,2400,3,0,522,2018-11-24T12:21:41Z,matches_2018_event_790.csv
5021246,790,Challenge Tour 8,2018,2018-11-24,2018-11-25,201,1889,3,2,201,2018-11-24T12:21:41Z,matches_2018_event_790.csv
5021247,790,Challenge Tour 8,2018,2018-11-24,2018-11-25,119,6,3,2,119,2018-11-24T12:21:41Z,matches_2018_event_790.csv
5021248,790,Challenge Tour 8,2018,2018-11-24,2018-11-25,2047,146,3,1,2047,2018-11-24T12:21:41Z,matches_2018_event_790.csv
5021249,790,Challenge Tour 8,2018,2018-11-24,2018-11-25,2340,983,1,3,983,2018-11-24T12:21:41Z,matches_2018_event_790.csv
5021250,790,Challenge Tour 8,2018,2018-11-24,2018-11-25,2274,1544,1,3,1544,2018-11-24T13:30:00Z,matches_2018_event_790.csv
5021251,790,Challenge Tour 8,2018,2018-11-24,2018-11-25,605,422,3,2,605,2018-11-24T13:57:32Z,matches_2018_event_790.csv
5021252,790,Challenge Tour 8,2018,2018-11-24,2018-11-25,2055,49,2,3,49,2018-11-24T13:57:32Z,matches_2018_event_790.csv
5021254,790,Challenge Tour 8,2018,2018-11-24,2018-11-25,673,391,0,3,391,2018-11-24T15:05:11Z,matches_2018_event_790.csv
5021253,790,Challenge Tour 8,2018,2018-11-24,2018-11-25,2335,633,0,3,633,2018-11-24T15:07:07Z,matches_2018_event_790.csv
5021232,790,Challenge Tour 8,2018,2018-11-24,2018-11-25,1301,733,1,3,733,2018-11-24T15:08:46Z,matches_2018_event_790.csv
5021233,790,Challenge Tour 8,2018,2018-11-24,2018-11-25,416,79,2,3,79,2018-11-24T15:08:46Z,matches_2018_event_790.csv
5021234,790,Challenge Tour 8,2018,2018-11-24,2018-11-25,522,201,3,0,522,2018-11-24T15:34:30Z,matches_2018_event_790.csv
5021235,790,Challenge Tour 8,2018,2018-11-24,2018-11-25,119,2047,3,0,119,2018-11-24T16:11:46Z,matches_2018_event_790.csv
5021236,790,Challenge Tour 8,2018,2018-11-24,2018-11-25,983,1544,3,2,983,2018-11-24T16:11:46Z,matches_2018_event_790.csv
5021231,790,Challenge Tour 8,2018,2018-11-24,2018-11-25,2081,998,2,3,998,2018-11-24T16:13:46Z,matches_2018_event_790.csv
5021237,790,Challenge Tour 8,2018,2018-11-24,2018-11-25,605,49,3,0,605,2018-11-24T16:14:41Z,matches_2018_event_790.csv
5021238,790,Challenge Tour 8,2018,2018-11-24,2018-11-25,633,391,2,3,391,2018-11-24T16:14:41Z,matches_2018_event_790.csv
5021227,790,Challenge Tour 8,2018,2018-11-24,2018-11-25,998,733,3,0,998,2018-11-25T10:03:50Z,matches_2018_event_790.csv
5021228,790,Challenge Tour 8,2018,2018-11-24,2018-11-25,79,522,3,0,79,2018-11-25T10:03:50Z,matches_2018_event_790.csv
5021229,790,Challenge Tour 8,2018,2018-11-24,2018-11-25,119,983,3,2,119,2018-11-25T10:03:50Z,matches_2018_event_790.csv
5021230,790,Challenge Tour 8,2018,2018-11-24,2018-11-25,605,391,2,3,391,2018-11-25T10:03:50Z,matches_2018_event_790.csv
5021225,790,Challenge Tour 8,2018,2018-11-24,2018-11-25,998,79,3,1,998,2018-11-25T12:05:57Z,matches_2018_event_790.csv
5021226,790,Challenge Tour 8,2018,2018-11-24,2018-11-25,119,391,3,1,119,2018-11-25T12:17:32Z,matches_2018_event_790.csv
5021224,790,Challenge Tour 8,2018,2018-11-24,2018-11-25,998,119,1,3,119,2018-11-25T14:35:13Z,matches_2018_event_790.csv
4797514,791,"6 Red World Championship, Group A",2018,2018-09-03,2018-09-05,1,217,5,1,1,2018-09-03T06:33:04Z,matches_2018_event_791.csv
4797515,791,"6 Red World Championship, Group A",2018,2018-09-03,2018-09-05,8,62,5,4,8,2018-09-03T06:33:04Z,matches_2018_event_791.csv
4797516,791,"6 Red World Championship, Group A",2018,2018-09-03,2018-09-05,217,62,4,5,62,2018-09-04T04:00:38Z,matches_2018_event_791.csv
4797517,791,"6 Red World Championship, Group A",2018,2018-09-03,2018-09-05,1,8,5,4,1,2018-09-04T04:00:38Z,matches_2018_event_791.csv
4797518,791,"6 Red World Championship, Group A",2018,2018-09-03,2018-09-05,1,62,5,2,1,2018-09-05T11:37:14Z,matches_2018_event_791.csv
4797519,791,"6 Red World Championship, Group A",2018,2018-09-03,2018-09-05,217,8,1,5,8,2018-09-05T11:37:14Z,matches_2018_event_791.csv
4797520,792,"6 Red World Championship, Group B",2018,2018-09-03,2018-09-05,68,1829,5,1,68,2018-09-03T09:01:54Z,matches_2018_event_792.csv
4797521,792,"6 Red World Championship, Group B",2018,2018-09-03,2018-09-05,1237,2,2,5,2,2018-09-03T09:01:54Z,matches_2018_event_792.csv
4797522,792,"6 Red World Championship, Group B",2018,2018-09-03,2018-09-05,1829,2,1,5,2,2018-09-04T04:00:44Z,matches_2018_event_792.csv
4797523,792,"6 Red World Championship, Group B",2018,2018-09-03,2018-09-05,68,1237,5,2,68,2018-09-04T04:00:44Z,matches_2018_event_792.csv
4797524,792,"6 Red World Championship, Group B",2018,2018-09-03,2018-09-05,1829,1237,1,5,1237,2018-09-05T11:25:07Z,matches_2018_event_792.csv
4797525,792,"6 Red World Championship, Group B",2018,2018-09-03,2018-09-05,68,2,3,5,2,2018-09-05T11:25:07Z,matches_2018_event_792.csv
4797556,793,"6 Red World Championship, Group C",2018,2018-09-03,2018-09-05,30,193,5,3,30,2018-09-03T11:30:27Z,matches_2018_event_793.csv
4797557,793,"6 Red World Championship, Group C",2018,2018-09-03,2018-09-05,973,28,0,5,28,2018-09-03T11:30:27Z,matches_2018_event_793.csv
4797558,793,"6 Red World Championship, Group C",2018,2018-09-03,2018-09-05,193,28,5,3,193,2018-09-04T06:26:50Z,matches_2018_event_793.csv
4797559,793,"6 Red World Championship, Group C",2018,2018-09-03,2018-09-05,30,973,5,1,30,2018-09-04T06:26:50Z,matches_2018_event_793.csv
4797560,793,"6 Red World Championship, Group C",2018,2018-09-03,2018-09-05,30,28,5,2,30,2018-09-05T08:59:23Z,matches_2018_event_793.csv
4797561,793,"6 Red World Championship, Group C",2018,2018-09-03,2018-09-05,193,973,5,2,193,2018-09-05T08:59:23Z,matches_2018_event_793.csv
4797526,794,"6 Red World Championship, Group D",2018,2018-09-03,2018-09-05,171,52,0,5,52,2018-09-03T04:01:22Z,matches_2018_event_794.csv
4797527,794,"6 Red World Championship, Group D",2018,2018-09-03,2018-09-05,39,411,5,0,39,2018-09-03T04:01:22Z,matches_2018_event_794.csv
4797528,794,"6 Red World Championship, Group D",2018,2018-09-03,2018-09-05,39,171,5,4,39,2018-09-04T06:25:59Z,matches_2018_event_794.csv
4797529,794,"6 Red World Championship, Group D",2018,2018-09-03,2018-09-05,411,52,1,5,52,2018-09-04T06:25:59Z,matches_2018_event_794.csv
4797530,794,"6 Red World Championship, Group D",2018,2018-09-03,2018-09-05,39,52,5,1,39,2018-09-05T06:49:49Z,matches_2018_event_794.csv
4797531,794,"6 Red World Championship, Group D",2018,2018-09-03,2018-09-05,171,411,0,5,411,2018-09-05T06:49:49Z,matches_2018_event_794.csv
4797532,795,"6 Red World Championship, Group E",2018,2018-09-03,2018-09-05,1763,93,5,4,1763,2018-09-03T04:01:11Z,matches_2018_event_795.csv
4797533,795,"6 Red World Championship, Group E",2018,2018-09-03,2018-09-05,224,931,5,3,224,2018-09-03T04:01:11Z,matches_2018_event_795.csv
4797534,795,"6 Red World Championship, Group E",2018,2018-09-03,2018-09-05,224,1763,5,4,224,2018-09-04T08:44:08Z,matches_2018_event_795.csv
4797535,795,"6 Red World Championship, Group E",2018,2018-09-03,2018-09-05,931,93,1,5,93,2018-09-04T08:44:08Z,matches_2018_event_795.csv
4797536,795,"6 Red World Championship, Group E",2018,2018-09-03,2018-09-05,224,93,5,3,224,2018-09-05T04:00:53Z,matches_2018_event_795.csv
4797537,795,"6 Red World Championship, Group E",2018,2018-09-03,2018-09-05,1763,931,5,1,1763,2018-09-05T04:00:53Z,matches_2018_event_795.csv
4797538,796,"6 Red World Championship, Group F",2018,2018-09-03,2018-09-05,125,168,5,3,125,2018-09-03T06:33:16Z,matches_2018_event_796.csv
4797539,796,"6 Red World Championship, Group F",2018,2018-09-03,2018-09-05,22,906,5,3,22,2018-09-03T06:33:16Z,matches_2018_event_796.csv
4797540,796,"6 Red World Championship, Group F",2018,2018-09-03,2018-09-05,22,125,5,4,22,2018-09-04T11:48:50Z,matches_2018_event_796.csv
4797541,796,"6 Red World Championship, Group F",2018,2018-09-03,2018-09-05,906,168,5,4,906,2018-09-04T11:48:50Z,matches_2018_event_796.csv
4797542,796,"6 Red World Championship, Group F",2018,2018-09-03,2018-09-05,22,168,3,5,168,2018-09-05T04:01:01Z,matches_2018_event_796.csv
4797543,796,"6 Red World Championship, Group F",2018,2018-09-03,2018-09-05,125,906,2,5,906,2018-09-05T04:01:01Z,matches_2018_event_796.csv
4797544,797,"6 Red World Championship, Group G",2018,2018-09-03,2018-09-05,208,4,5,4,208,2018-09-03T09:01:45Z,matches_2018_event_797.csv
4797545,797,"6 Red World Championship, Group G",2018,2018-09-03,2018-09-05,101,2064,5,2,101,2018-09-03T09:01:45Z,matches_2018_event_797.csv
4797546,797,"6 Red World Championship, Group G",2018,2018-09-03,2018-09-05,101,4,4,5,4,2018-09-04T08:44:25Z,matches_2018_event_797.csv
4797547,797,"6 Red World Championship, Group G",2018,2018-09-03,2018-09-05,208,2064,5,2,208,2018-09-04T08:44:25Z,matches_2018_event_797.csv
4797548,797,"6 Red World Championship, Group G",2018,2018-09-03,2018-09-05,101,208,5,1,101,2018-09-05T06:34:59Z,matches_2018_event_797.csv
4797549,797,"6 Red World Championship, Group G",2018,2018-09-03,2018-09-05,2064,4,3,5,4,2018-09-05T06:34:59Z,matches_2018_event_797.csv
4797550,798,"6 Red World Championship, Group H",2018,2018-09-03,2018-09-05,216,118,3,5,118,2018-09-03T11:30:51Z,matches_2018_event_798.csv
4797551,798,"6 Red World Championship, Group H",2018,2018-09-03,2018-09-05,17,418,5,4,17,2018-09-03T11:30:51Z,matches_2018_event_798.csv
4797552,798,"6 Red World Championship, Group H",2018,2018-09-03,2018-09-05,17,118,5,1,17,2018-09-04T11:48:27Z,matches_2018_event_798.csv
4797553,798,"6 Red World Championship, Group H",2018,2018-09-03,2018-09-05,216,418,4,5,418,2018-09-04T11:48:27Z,matches_2018_event_798.csv
4797554,798,"6 Red World Championship, Group H",2018,2018-09-03,2018-09-05,17,216,5,2,17,2018-09-05T08:59:14Z,matches_2018_event_798.csv
4797555,798,"6 Red World Championship, Group H",2018,2018-09-03,2018-09-05,418,118,5,4,418,2018-09-05T08:59:14Z,matches_2018_event_798.csv
5073001,799,Challenge Tour 9,2018,2019-01-26,2019-01-27,169,1421,3,2,169,2019-01-26T10:27:15Z,matches_2018_event_799.csv
5073002,799,Challenge Tour 9,2018,2019-01-26,2019-01-27,523,163,0,3,163,2019-01-26T10:27:15Z,matches_2018_event_799.csv
5073003,799,Challenge Tour 9,2018,2019-01-26,2019-01-27,1558,633,3,2,1558,2019-01-26T10:27:15Z,matches_2018_event_799.csv
5073004,799,Challenge Tour 9,2018,2019-01-26,2019-01-27,1544,198,1,3,198,2019-01-26T10:27:15Z,matches_2018_event_799.csv
5073005,799,Challenge Tour 9,2018,2019-01-26,2019-01-27,138,998,2,3,998,2019-01-26T10:27:15Z,matches_2018_event_799.csv
5073006,799,Challenge Tour 9,2018,2019-01-26,2019-01-27,1122,522,3,0,1122,2019-01-26T10:27:15Z,matches_2018_event_799.csv
5073007,799,Challenge Tour 9,2018,2019-01-26,2019-01-27,2340,422,0,0,422,2019-01-26T10:27:15Z,matches_2018_event_799.csv
5073008,799,Challenge Tour 9,2018,2019-01-26,2019-01-27,1485,2400,3,0,1485,2019-01-26T10:27:15Z,matches_2018_event_799.csv
5073014,799,Challenge Tour 9,2018,2019-01-26,2019-01-27,160,1889,3,0,160,2019-01-26T10:29:41Z,matches_2018_event_799.csv
5073009,799,Challenge Tour 9,2018,2019-01-26,2019-01-27,391,834,2,3,834,2019-01-26T10:30:31Z,matches_2018_event_799.csv
5073010,799,Challenge Tour 9,2018,2019-01-26,2019-01-27,613,1301,1,3,1301,2019-01-26T10:30:31Z,matches_2018_event_799.csv
5073011,799,Challenge Tour 9,2018,2019-01-26,2019-01-27,79,1812,3,0,79,2019-01-26T10:30:31Z,matches_2018_event_799.csv
5073012,799,Challenge Tour 9,2018,2019-01-26,2019-01-27,67,605,2,3,605,2019-01-26T10:41:32Z,matches_2018_event_799.csv
5073013,799,Challenge Tour 9,2018,2019-01-26,2019-01-27,6,49,0,3,49,2019-01-26T10:43:34Z,matches_2018_event_799.csv
5073015,799,Challenge Tour 9,2018,2019-01-26,2019-01-27,2378,983,1,3,983,2019-01-26T11:00:07Z,matches_2018_event_799.csv
5073016,799,Challenge Tour 9,2018,2019-01-26,2019-01-27,2166,2335,3,2,2166,2019-01-26T11:55:58Z,matches_2018_event_799.csv
5073017,799,Challenge Tour 9,2018,2019-01-26,2019-01-27,886,2320,3,1,886,2019-01-26T11:55:58Z,matches_2018_event_799.csv
5073018,799,Challenge Tour 9,2018,2019-01-26,2019-01-27,913,2081,3,2,913,2019-01-26T11:55:58Z,matches_2018_event_799.csv
5073019,799,Challenge Tour 9,2018,2019-01-26,2019-01-27,119,74,1,3,74,2019-01-26T12:56:14Z,matches_2018_event_799.csv
5073020,799,Challenge Tour 9,2018,2019-01-26,2019-01-27,1310,175,3,0,1310,2019-01-26T12:56:14Z,matches_2018_event_799.csv
5073021,799,Challenge Tour 9,2018,2019-01-26,2019-01-27,1030,2055,2,3,2055,2019-01-26T12:56:14Z,matches_2018_event_799.csv
5073022,799,Challenge Tour 9,2018,2019-01-26,2019-01-27,146,2339,0,0,146,2019-01-26T12:56:14Z,matches_2018_event_799.csv
5073023,799,Challenge Tour 9,2018,2019-01-26,2019-01-27,424,416,2,3,416,2019-01-26T13:23:30Z,matches_2018_event_799.csv
5073024,799,Challenge Tour 9,2018,2019-01-26,2019-01-27,619,1739,3,0,619,2019-01-26T13:23:30Z,matches_2018_event_799.csv
5072986,799,Challenge Tour 9,2018,2019-01-26,2019-01-27,2362,163,0,3,163,2019-01-26T13:55:09Z,matches_2018_event_799.csv
5072985,799,Challenge Tour 9,2018,2019-01-26,2019-01-27,1893,169,3,1,1893,2019-01-26T13:56:36Z,matches_2018_event_799.csv
5072987,799,Challenge Tour 9,2018,2019-01-26,2019-01-27,1558,198,0,3,198,2019-01-26T13:56:36Z,matches_2018_event_799.csv
5072988,799,Challenge Tour 9,2018,2019-01-26,2019-01-27,741,998,0,3,998,2019-01-26T13:56:36Z,matches_2018_event_799.csv
5072990,799,Challenge Tour 9,2018,2019-01-26,2019-01-27,1485,834,0,3,834,2019-01-26T14:59:39Z,matches_2018_event_799.csv
5072991,799,Challenge Tour 9,2018,2019-01-26,2019-01-27,1301,79,3,2,1301,2019-01-26T14:59:39Z,matches_2018_event_799.csv
5072992,799,Challenge Tour 9,2018,2019-01-26,2019-01-27,2069,605,2,3,605,2019-01-26T14:59:39Z,matches_2018_event_799.csv
5072993,799,Challenge Tour 9,2018,2019-01-26,2019-01-27,49,160,3,0,49,2019-01-26T14:59:39Z,matches_2018_event_799.csv
5072989,799,Challenge Tour 9,2018,2019-01-26,2019-01-27,1122,422,2,3,422,2019-01-26T15:05:04Z,matches_2018_event_799.csv
5072994,799,Challenge Tour 9,2018,2019-01-26,2019-01-27,1045,983,2,3,983,2019-01-26T15:11:21Z,matches_2018_event_799.csv
5072995,799,Challenge Tour 9,2018,2019-01-26,2019-01-27,2049,2166,0,3,2166,2019-01-26T15:11:21Z,matches_2018_event_799.csv
5072996,799,Challenge Tour 9,2018,2019-01-26,2019-01-27,886,913,3,1,886,2019-01-26T15:11:21Z,matches_2018_event_799.csv
5072997,799,Challenge Tour 9,2018,2019-01-26,2019-01-27,733,74,0,3,74,2019-01-26T16:20:44Z,matches_2018_event_799.csv
5072998,799,Challenge Tour 9,2018,2019-01-26,2019-01-27,2047,1310,0,3,1310,2019-01-26T16:20:44Z,matches_2018_event_799.csv
5073000,799,Challenge Tour 9,2018,2019-01-26,2019-01-27,416,619,3,2,416,2019-01-26T16:24:48Z,matches_2018_event_799.csv
5072977,799,Challenge Tour 9,2018,2019-01-26,2019-01-27,1893,163,3,0,1893,2019-01-26T17:07:58Z,matches_2018_event_799.csv
5072978,799,Challenge Tour 9,2018,2019-01-26,2019-01-27,198,998,0,3,998,2019-01-26T17:07:58Z,matches_2018_event_799.csv
5072979,799,Challenge Tour 9,2018,2019-01-26,2019-01-27,422,834,0,3,834,2019-01-26T17:07:58Z,matches_2018_event_799.csv
5072980,799,Challenge Tour 9,2018,2019-01-26,2019-01-27,1301,605,3,0,1301,2019-01-26T17:07:58Z,matches_2018_event_799.csv
5072981,799,Challenge Tour 9,2018,2019-01-26,2019-01-27,49,983,1,3,983,2019-01-26T17:07:58Z,matches_2018_event_799.csv
5072982,799,Challenge Tour 9,2018,2019-01-26,2019-01-27,2166,886,3,2,2166,2019-01-26T17:07:58Z,matches_2018_event_799.csv
5072983,799,Challenge Tour 9,2018,2019-01-26,2019-01-27,74,1310,3,1,74,2019-01-26T17:07:58Z,matches_2018_event_799.csv
5072999,799,Challenge Tour 9,2018,2019-01-26,2019-01-27,2055,146,2,3,146,2019-01-26T17:14:54Z,matches_2018_event_799.csv
5072984,799,Challenge Tour 9,2018,2019-01-26,2019-01-27,146,416,3,0,146,2019-01-26T17:38:22Z,matches_2018_event_799.csv
5072973,799,Challenge Tour 9,2018,2019-01-26,2019-01-27,1893,998,3,2,1893,2019-01-27T09:55:38Z,matches_2018_event_799.csv
5072974,799,Challenge Tour 9,2018,2019-01-26,2019-01-27,834,1301,2,3,1301,2019-01-27T09:55:38Z,matches_2018_event_799.csv
5072975,799,Challenge Tour 9,2018,2019-01-26,2019-01-27,983,2166,3,2,983,2019-01-27T09:55:38Z,matches_2018_event_799.csv
5072976,799,Challenge Tour 9,2018,2019-01-26,2019-01-27,74,146,3,2,74,2019-01-27T09:55:38Z,matches_2018_event_799.csv
5073245,799,Challenge Tour 9,2018,2019-01-26,2019-01-27,1893,1301,2,3,1301,2019-01-27T12:35:05Z,matches_2018_event_799.csv
5073246,799,Challenge Tour 9,2018,2019-01-26,2019-01-27,983,74,1,3,74,2019-01-27T12:35:05Z,matches_2018_event_799.csv
5072970,799,Challenge Tour 9,2018,2019-01-26,2019-01-27,1301,74,1,3,74,2019-01-27T15:31:37Z,matches_2018_event_799.csv
4797337,802,"Women's UK Championship, Group A",2018,2018-09-15,2018-09-15,1829,2146,3,0,1829,2018-09-15T08:59:46Z,matches_2018_event_802.csv
4797338,802,"Women's UK Championship, Group A",2018,2018-09-15,2018-09-15,2146,2144,0,3,2144,2018-09-15T11:50:23Z,matches_2018_event_802.csv
4797339,802,"Women's UK Championship, Group A",2018,2018-09-15,2018-09-15,2127,1829,0,3,1829,2018-09-15T11:50:23Z,matches_2018_event_802.csv
4797341,802,"Women's UK Championship, Group A",2018,2018-09-15,2018-09-15,2127,2146,3,0,2127,2018-09-15T15:47:23Z,matches_2018_event_802.csv
4797342,802,"Women's UK Championship, Group A",2018,2018-09-15,2018-09-15,2127,2144,3,0,2127,2018-09-15T17:06:37Z,matches_2018_event_802.csv
4797340,802,"Women's UK Championship, Group A",2018,2018-09-15,2018-09-15,1829,2144,3,0,1829,2018-09-15T17:17:54Z,matches_2018_event_802.csv
4797271,803,"Women's UK Championship, Group B",2018,2018-09-15,2018-09-15,2145,2109,3,0,2145,2018-09-15T08:59:54Z,matches_2018_event_803.csv
4797272,803,"Women's UK Championship, Group B",2018,2018-09-15,2018-09-15,2109,2410,1,2,2410,2018-09-15T11:50:12Z,matches_2018_event_803.csv
4797273,803,"Women's UK Championship, Group B",2018,2018-09-15,2018-09-15,2141,2145,0,3,2145,2018-09-15T11:50:12Z,matches_2018_event_803.csv
4797274,803,"Women's UK Championship, Group B",2018,2018-09-15,2018-09-15,2145,2410,3,0,2145,2018-09-15T13:47:29Z,matches_2018_event_803.csv
4797275,803,"Women's UK Championship, Group B",2018,2018-09-15,2018-09-15,2141,2109,3,0,2141,2018-09-15T15:54:59Z,matches_2018_event_803.csv
4797276,803,"Women's UK Championship, Group B",2018,2018-09-15,2018-09-15,2141,2410,3,0,2141,2018-09-15T16:29:58Z,matches_2018_event_803.csv
4797310,804,"Women's UK Championship, Group C",2018,2018-09-15,2018-09-15,2138,2411,1,2,2411,2018-09-15T09:00:02Z,matches_2018_event_804.csv
4797311,804,"Women's UK Championship, Group C",2018,2018-09-15,2018-09-15,2411,2169,3,0,2411,2018-09-15T11:49:59Z,matches_2018_event_804.csv
4797312,804,"Women's UK Championship, Group C",2018,2018-09-15,2018-09-15,2121,2138,3,0,2121,2018-09-15T11:49:59Z,matches_2018_event_804.csv
4797313,804,"Women's UK Championship, Group C",2018,2018-09-15,2018-09-15,2138,2169,0,3,2169,2018-09-15T13:39:30Z,matches_2018_event_804.csv
4797314,804,"Women's UK Championship, Group C",2018,2018-09-15,2018-09-15,2121,2411,1,2,2411,2018-09-15T15:55:13Z,matches_2018_event_804.csv
4797315,804,"Women's UK Championship, Group C",2018,2018-09-15,2018-09-15,2121,2169,3,0,2121,2018-09-15T16:29:34Z,matches_2018_event_804.csv
4797319,805,"Women's UK Championship, Group D",2018,2018-09-15,2018-09-15,2140,2136,2,1,2140,2018-09-15T09:00:11Z,matches_2018_event_805.csv
4797320,805,"Women's UK Championship, Group D",2018,2018-09-15,2018-09-15,2136,2171,1,2,2171,2018-09-15T11:49:46Z,matches_2018_event_805.csv
4797321,805,"Women's UK Championship, Group D",2018,2018-09-15,2018-09-15,2117,2140,3,0,2117,2018-09-15T11:49:46Z,matches_2018_event_805.csv
4797322,805,"Women's UK Championship, Group D",2018,2018-09-15,2018-09-15,2140,2171,1,2,2171,2018-09-15T15:50:32Z,matches_2018_event_805.csv
4797323,805,"Women's UK Championship, Group D",2018,2018-09-15,2018-09-15,2117,2136,3,0,2117,2018-09-15T17:09:21Z,matches_2018_event_805.csv
4797324,805,"Women's UK Championship, Group D",2018,2018-09-15,2018-09-15,2117,2171,3,0,2117,2018-09-15T17:19:12Z,matches_2018_event_805.csv
4797331,806,"Women's UK Championship, Group E",2018,2018-09-15,2018-09-15,2412,2142,0,3,2142,2018-09-15T09:00:20Z,matches_2018_event_806.csv
4797332,806,"Women's UK Championship, Group E",2018,2018-09-15,2018-09-15,2142,2413,2,1,2142,2018-09-15T11:49:33Z,matches_2018_event_806.csv
4797333,806,"Women's UK Championship, Group E",2018,2018-09-15,2018-09-15,2119,2412,3,0,2119,2018-09-15T11:49:33Z,matches_2018_event_806.csv
4797334,806,"Women's UK Championship, Group E",2018,2018-09-15,2018-09-15,2412,2413,0,3,2413,2018-09-15T15:52:21Z,matches_2018_event_806.csv
4797335,806,"Women's UK Championship, Group E",2018,2018-09-15,2018-09-15,2119,2142,3,0,2119,2018-09-15T15:56:11Z,matches_2018_event_806.csv
4797336,806,"Women's UK Championship, Group E",2018,2018-09-15,2018-09-15,2119,2413,3,0,2119,2018-09-15T18:54:32Z,matches_2018_event_806.csv
4797367,807,"Women's UK Championship, Group F",2018,2018-09-15,2018-09-15,2307,2115,0,3,2115,2018-09-15T09:00:31Z,matches_2018_event_807.csv
4797368,807,"Women's UK Championship, Group F",2018,2018-09-15,2018-09-15,259,2307,2,1,259,2018-09-15T11:49:21Z,matches_2018_event_807.csv
4797369,807,"Women's UK Championship, Group F",2018,2018-09-15,2018-09-15,259,2115,0,3,2115,2018-09-15T15:56:23Z,matches_2018_event_807.csv
4797295,808,"Women's UK Championship, Group G",2018,2018-09-15,2018-09-15,2409,2325,0,3,2325,2018-09-15T09:00:40Z,matches_2018_event_808.csv
4797296,808,"Women's UK Championship, Group G",2018,2018-09-15,2018-09-15,2130,2409,3,0,2130,2018-09-15T11:49:03Z,matches_2018_event_808.csv
4797297,808,"Women's UK Championship, Group G",2018,2018-09-15,2018-09-15,2130,2325,3,0,2130,2018-09-15T15:56:35Z,matches_2018_event_808.csv
4827232,809,European Women's Masters Group A,2018,2018-10-05,2018-10-06,2414,2175,2,1,2414,2018-10-05T08:04:37Z,matches_2018_event_809.csv
4827233,809,European Women's Masters Group A,2018,2018-10-05,2018-10-06,2175,1273,1,2,1273,2018-10-05T10:23:35Z,matches_2018_event_809.csv
4827234,809,European Women's Masters Group A,2018,2018-10-05,2018-10-06,2118,1273,3,0,2118,2018-10-05T12:45:41Z,matches_2018_event_809.csv
4827235,809,European Women's Masters Group A,2018,2018-10-05,2018-10-06,2118,2414,2,1,2118,2018-10-05T14:15:06Z,matches_2018_event_809.csv
4827236,809,European Women's Masters Group A,2018,2018-10-05,2018-10-06,2414,1273,2,1,2414,2018-10-06T08:02:38Z,matches_2018_event_809.csv
4827237,809,European Women's Masters Group A,2018,2018-10-05,2018-10-06,2118,2175,3,0,2118,2018-10-06T10:29:08Z,matches_2018_event_809.csv
4827238,810,European Women's Masters Group B,2018,2018-10-05,2018-10-06,236,2131,3,0,236,2018-10-05T08:04:52Z,matches_2018_event_810.csv
4827239,810,European Women's Masters Group B,2018,2018-10-05,2018-10-06,2131,2415,2,1,2131,2018-10-05T10:00:39Z,matches_2018_event_810.csv
4827240,810,European Women's Masters Group B,2018,2018-10-05,2018-10-06,2127,2415,3,0,2127,2018-10-05T12:00:17Z,matches_2018_event_810.csv
4827241,810,European Women's Masters Group B,2018,2018-10-05,2018-10-06,2127,236,1,2,236,2018-10-05T14:09:43Z,matches_2018_event_810.csv
4827242,810,European Women's Masters Group B,2018,2018-10-05,2018-10-06,236,2415,3,0,236,2018-10-06T08:02:51Z,matches_2018_event_810.csv
4827243,810,European Women's Masters Group B,2018,2018-10-05,2018-10-06,2127,2131,3,0,2127,2018-10-06T09:56:34Z,matches_2018_event_810.csv
4827244,811,European Women's Masters Group C,2018,2018-10-05,2018-10-06,1819,2112,1,2,2112,2018-10-05T08:05:10Z,matches_2018_event_811.csv
4827245,811,European Women's Masters Group C,2018,2018-10-05,2018-10-06,2112,2416,3,0,2112,2018-10-05T10:00:52Z,matches_2018_event_811.csv
4827246,811,European Women's Masters Group C,2018,2018-10-05,2018-10-06,259,2416,0,3,2416,2018-10-05T12:11:42Z,matches_2018_event_811.csv
4827247,811,European Women's Masters Group C,2018,2018-10-05,2018-10-06,259,1819,0,3,1819,2018-10-05T14:51:59Z,matches_2018_event_811.csv
4827248,811,European Women's Masters Group C,2018,2018-10-05,2018-10-06,1819,2416,3,0,1819,2018-10-06T08:03:05Z,matches_2018_event_811.csv
4827249,811,European Women's Masters Group C,2018,2018-10-05,2018-10-06,259,2112,0,3,2112,2018-10-06T09:56:58Z,matches_2018_event_811.csv
4827215,812,European Women's Masters Group D,2018,2018-10-05,2018-10-06,2171,2417,3,0,2171,2018-10-05T08:05:32Z,matches_2018_event_812.csv
4827216,812,European Women's Masters Group D,2018,2018-10-05,2018-10-06,2417,2370,0,3,2370,2018-10-05T10:01:04Z,matches_2018_event_812.csv
4827217,812,European Women's Masters Group D,2018,2018-10-05,2018-10-06,2140,2370,1,2,2370,2018-10-05T12:17:43Z,matches_2018_event_812.csv
4827218,812,European Women's Masters Group D,2018,2018-10-05,2018-10-06,2140,2171,1,2,2171,2018-10-05T14:55:52Z,matches_2018_event_812.csv
4827219,812,European Women's Masters Group D,2018,2018-10-05,2018-10-06,2171,2370,3,0,2171,2018-10-06T08:02:23Z,matches_2018_event_812.csv
4827220,812,European Women's Masters Group D,2018,2018-10-05,2018-10-06,2140,2417,3,0,2140,2018-10-06T10:11:51Z,matches_2018_event_812.csv
4827221,813,European Women's Masters Group E,2018,2018-10-05,2018-10-06,2412,2169,0,3,2169,2018-10-05T08:05:46Z,matches_2018_event_813.csv
4827222,813,European Women's Masters Group E,2018,2018-10-05,2018-10-06,1829,2412,3,0,1829,2018-10-05T14:01:00Z,matches_2018_event_813.csv
4827223,813,European Women's Masters Group E,2018,2018-10-05,2018-10-06,1829,2169,1,2,2169,2018-10-06T09:57:24Z,matches_2018_event_813.csv
4827250,814,European Women's Masters Group F,2018,2018-10-05,2018-10-06,2122,2418,0,3,2418,2018-10-05T08:06:01Z,matches_2018_event_814.csv
4827251,814,European Women's Masters Group F,2018,2018-10-05,2018-10-06,2117,2122,3,0,2117,2018-10-05T14:01:13Z,matches_2018_event_814.csv
4827252,814,European Women's Masters Group F,2018,2018-10-05,2018-10-06,2117,2418,3,0,2117,2018-10-06T09:57:40Z,matches_2018_event_814.csv
4827253,815,European Women's Masters Group G,2018,2018-10-05,2018-10-06,2115,1912,3,0,2115,2018-10-05T08:06:14Z,matches_2018_event_815.csv
4827254,815,European Women's Masters Group G,2018,2018-10-05,2018-10-06,2121,2115,3,0,2121,2018-10-05T14:01:19Z,matches_2018_event_815.csv
4827255,815,European Women's Masters Group G,2018,2018-10-05,2018-10-06,2121,1912,3,0,2121,2018-10-06T09:57:55Z,matches_2018_event_815.csv
8324558,816,Macau Masters Team Stage,2018,2018-10-24,2018-10-24,2422,2421,1,5,2421,2018-10-24T06:33:07Z,matches_2018_event_816.csv
4892330,817,Australian Women's Snooker Open Group A,2018,2018-10-25,2018-10-26,1485,2425,3,0,1485,2018-10-25T00:42:52Z,matches_2018_event_817.csv
4892338,817,Australian Women's Snooker Open Group A,2018,2018-10-25,2018-10-26,2424,2133,0,3,2133,2018-10-25T00:42:52Z,matches_2018_event_817.csv
4892331,817,Australian Women's Snooker Open Group A,2018,2018-10-25,2018-10-26,2132,2423,3,0,2132,2018-10-25T02:03:40Z,matches_2018_event_817.csv
4892326,817,Australian Women's Snooker Open Group A,2018,2018-10-25,2018-10-26,1485,2132,3,0,1485,2018-10-25T04:54:56Z,matches_2018_event_817.csv
4892336,817,Australian Women's Snooker Open Group A,2018,2018-10-25,2018-10-26,2423,2133,1,2,2133,2018-10-25T04:54:56Z,matches_2018_event_817.csv
4892339,817,Australian Women's Snooker Open Group A,2018,2018-10-25,2018-10-26,2424,2425,3,0,2424,2018-10-25T06:33:06Z,matches_2018_event_817.csv
4892327,817,Australian Women's Snooker Open Group A,2018,2018-10-25,2018-10-26,1485,2423,3,0,1485,2018-10-25T22:44:36Z,matches_2018_event_817.csv
4892332,817,Australian Women's Snooker Open Group A,2018,2018-10-25,2018-10-26,2132,2424,3,0,2132,2018-10-25T22:44:36Z,matches_2018_event_817.csv
4892340,817,Australian Women's Snooker Open Group A,2018,2018-10-25,2018-10-26,2133,2425,3,0,2133,2018-10-25T22:44:36Z,matches_2018_event_817.csv
4892328,817,Australian Women's Snooker Open Group A,2018,2018-10-25,2018-10-26,1485,2424,3,0,1485,2018-10-26T03:04:40Z,matches_2018_event_817.csv
4892333,817,Australian Women's Snooker Open Group A,2018,2018-10-25,2018-10-26,2132,2133,3,0,2132,2018-10-26T03:04:40Z,matches_2018_event_817.csv
4892337,817,Australian Women's Snooker Open Group A,2018,2018-10-25,2018-10-26,2423,2425,3,0,2423,2018-10-26T03:04:40Z,matches_2018_event_817.csv
4892334,817,Australian Women's Snooker Open Group A,2018,2018-10-25,2018-10-26,2132,2425,3,0,2132,2018-10-26T06:26:42Z,matches_2018_event_817.csv
4892329,817,Australian Women's Snooker Open Group A,2018,2018-10-25,2018-10-26,1485,2133,3,0,1485,2018-10-26T07:25:54Z,matches_2018_event_817.csv
4892335,817,Australian Women's Snooker Open Group A,2018,2018-10-25,2018-10-26,2423,2424,2,1,2423,2018-10-26T07:26:00Z,matches_2018_event_817.csv
4892549,818,Australian Women's Snooker Open Group B,2018,2018-10-25,2018-10-26,175,2170,3,0,175,2018-10-25T02:08:55Z,matches_2018_event_818.csv
4892560,818,Australian Women's Snooker Open Group B,2018,2018-10-25,2018-10-26,2116,2428,1,2,2428,2018-10-25T02:08:55Z,matches_2018_event_818.csv
4892561,818,Australian Women's Snooker Open Group B,2018,2018-10-25,2018-10-26,2426,2427,3,0,2426,2018-10-25T02:08:55Z,matches_2018_event_818.csv
4892551,818,Australian Women's Snooker Open Group B,2018,2018-10-25,2018-10-26,175,2426,3,0,175,2018-10-25T06:33:32Z,matches_2018_event_818.csv
4892557,818,Australian Women's Snooker Open Group B,2018,2018-10-25,2018-10-26,2170,2428,3,0,2170,2018-10-25T06:33:32Z,matches_2018_event_818.csv
4892559,818,Australian Women's Snooker Open Group B,2018,2018-10-25,2018-10-26,2116,2427,2,1,2116,2018-10-25T06:33:32Z,matches_2018_event_818.csv
4892556,818,Australian Women's Snooker Open Group B,2018,2018-10-25,2018-10-26,2170,2427,0,3,2427,2018-10-25T22:45:10Z,matches_2018_event_818.csv
4892553,818,Australian Women's Snooker Open Group B,2018,2018-10-25,2018-10-26,175,2428,3,0,175,2018-10-26T00:12:53Z,matches_2018_event_818.csv
4892558,818,Australian Women's Snooker Open Group B,2018,2018-10-25,2018-10-26,2116,2426,2,1,2116,2018-10-26T00:12:53Z,matches_2018_event_818.csv
4892554,818,Australian Women's Snooker Open Group B,2018,2018-10-25,2018-10-26,2170,2116,1,2,2116,2018-10-26T03:06:02Z,matches_2018_event_818.csv
4892552,818,Australian Women's Snooker Open Group B,2018,2018-10-25,2018-10-26,175,2427,3,0,175,2018-10-26T03:26:52Z,matches_2018_event_818.csv
4892562,818,Australian Women's Snooker Open Group B,2018,2018-10-25,2018-10-26,2426,2428,3,0,2426,2018-10-26T04:41:35Z,matches_2018_event_818.csv
4892563,818,Australian Women's Snooker Open Group B,2018,2018-10-25,2018-10-26,2427,2428,0,3,2428,2018-10-26T07:26:46Z,matches_2018_event_818.csv
4892550,818,Australian Women's Snooker Open Group B,2018,2018-10-25,2018-10-26,175,2116,3,0,175,2018-10-26T07:49:16Z,matches_2018_event_818.csv
4892555,818,Australian Women's Snooker Open Group B,2018,2018-10-25,2018-10-26,2170,2426,1,2,2426,2018-10-26T07:51:08Z,matches_2018_event_818.csv
4892075,819,Australian Women's Snooker Open Group C,2018,2018-10-25,2018-10-26,2117,2432,3,0,2117,2018-10-24T22:33:05Z,matches_2018_event_819.csv
4892076,819,Australian Women's Snooker Open Group C,2018,2018-10-25,2018-10-26,2293,2429,3,0,2293,2018-10-24T22:33:05Z,matches_2018_event_819.csv
4892083,819,Australian Women's Snooker Open Group C,2018,2018-10-25,2018-10-26,2430,2431,0,3,2431,2018-10-24T22:33:05Z,matches_2018_event_819.csv
4892072,819,Australian Women's Snooker Open Group C,2018,2018-10-25,2018-10-26,2117,2429,3,0,2117,2018-10-25T03:12:39Z,matches_2018_event_819.csv
4892077,819,Australian Women's Snooker Open Group C,2018,2018-10-25,2018-10-26,2293,2430,3,0,2293,2018-10-25T03:12:39Z,matches_2018_event_819.csv
4892085,819,Australian Women's Snooker Open Group C,2018,2018-10-25,2018-10-26,2431,2432,1,2,2432,2018-10-25T03:12:39Z,matches_2018_event_819.csv
4892071,819,Australian Women's Snooker Open Group C,2018,2018-10-25,2018-10-26,2117,2293,3,0,2117,2018-10-25T07:35:01Z,matches_2018_event_819.csv
4892081,819,Australian Women's Snooker Open Group C,2018,2018-10-25,2018-10-26,2429,2431,0,3,2431,2018-10-25T07:35:01Z,matches_2018_event_819.csv
4892084,819,Australian Women's Snooker Open Group C,2018,2018-10-25,2018-10-26,2430,2432,0,3,2432,2018-10-25T07:35:01Z,matches_2018_event_819.csv
4892073,819,Australian Women's Snooker Open Group C,2018,2018-10-25,2018-10-26,2117,2430,3,0,2117,2018-10-26T00:24:34Z,matches_2018_event_819.csv
4892082,819,Australian Women's Snooker Open Group C,2018,2018-10-25,2018-10-26,2429,2432,0,3,2432,2018-10-26T00:24:34Z,matches_2018_event_819.csv
4892078,819,Australian Women's Snooker Open Group C,2018,2018-10-25,2018-10-26,2293,2431,3,0,2293,2018-10-26T00:53:39Z,matches_2018_event_819.csv
4892074,819,Australian Women's Snooker Open Group C,2018,2018-10-25,2018-10-26,2117,2431,3,0,2117,2018-10-26T04:40:27Z,matches_2018_event_819.csv
4892080,819,Australian Women's Snooker Open Group C,2018,2018-10-25,2018-10-26,2429,2430,2,1,2429,2018-10-26T04:40:27Z,matches_2018_event_819.csv
4892079,819,Australian Women's Snooker Open Group C,2018,2018-10-25,2018-10-26,2293,2432,3,0,2293,2018-10-26T04:40:40Z,matches_2018_event_819.csv
4892183,820,Australian Women's Snooker Open Group D,2018,2018-10-25,2018-10-26,2171,2434,2,1,2171,2018-10-24T22:33:31Z,matches_2018_event_820.csv
4892180,820,Australian Women's Snooker Open Group D,2018,2018-10-25,2018-10-26,1829,2369,3,0,1829,2018-10-25T00:41:57Z,matches_2018_event_820.csv
4892185,820,Australian Women's Snooker Open Group D,2018,2018-10-25,2018-10-26,2433,2370,1,2,2370,2018-10-25T00:41:57Z,matches_2018_event_820.csv
4892177,820,Australian Women's Snooker Open Group D,2018,2018-10-25,2018-10-26,1829,2433,3,0,1829,2018-10-25T03:12:58Z,matches_2018_event_820.csv
4892184,820,Australian Women's Snooker Open Group D,2018,2018-10-25,2018-10-26,2171,2369,1,2,2369,2018-10-25T04:54:23Z,matches_2018_event_820.csv
4892188,820,Australian Women's Snooker Open Group D,2018,2018-10-25,2018-10-26,2370,2434,2,1,2370,2018-10-25T04:54:23Z,matches_2018_event_820.csv
4892189,820,Australian Women's Snooker Open Group D,2018,2018-10-25,2018-10-26,2370,2369,1,2,2369,2018-10-25T07:35:15Z,matches_2018_event_820.csv
4892176,820,Australian Women's Snooker Open Group D,2018,2018-10-25,2018-10-26,1829,2171,3,0,1829,2018-10-25T09:03:01Z,matches_2018_event_820.csv
4892186,820,Australian Women's Snooker Open Group D,2018,2018-10-25,2018-10-26,2433,2434,0,3,2434,2018-10-25T09:03:01Z,matches_2018_event_820.csv
4892179,820,Australian Women's Snooker Open Group D,2018,2018-10-25,2018-10-26,1829,2434,3,0,1829,2018-10-26T01:40:26Z,matches_2018_event_820.csv
4892182,820,Australian Women's Snooker Open Group D,2018,2018-10-25,2018-10-26,2171,2370,3,0,2171,2018-10-26T01:40:26Z,matches_2018_event_820.csv
4892187,820,Australian Women's Snooker Open Group D,2018,2018-10-25,2018-10-26,2433,2369,0,3,2369,2018-10-26T01:40:26Z,matches_2018_event_820.csv
4892178,820,Australian Women's Snooker Open Group D,2018,2018-10-25,2018-10-26,1829,2370,3,0,1829,2018-10-26T06:00:16Z,matches_2018_event_820.csv
4892181,820,Australian Women's Snooker Open Group D,2018,2018-10-25,2018-10-26,2171,2433,3,0,2171,2018-10-26T06:00:34Z,matches_2018_event_820.csv
4892190,820,Australian Women's Snooker Open Group D,2018,2018-10-25,2018-10-26,2434,2369,1,2,2369,2018-10-26T06:00:34Z,matches_2018_event_820.csv
4891584,821,Macau Masters,2018,2018-10-24,2018-10-25,81,946,0,1,946,2018-10-25T11:42:23Z,matches_2018_event_821.csv
4891590,821,Macau Masters,2018,2018-10-24,2018-10-25,946,906,0,1,906,2018-10-25T11:42:53Z,matches_2018_event_821.csv
4891592,821,Macau Masters,2018,2018-10-24,2018-10-25,906,168,1,0,906,2018-10-25T11:53:20Z,matches_2018_event_821.csv
4891602,821,Macau Masters,2018,2018-10-24,2018-10-25,906,4,0,1,4,2018-10-25T12:06:08Z,matches_2018_event_821.csv
4891604,821,Macau Masters,2018,2018-10-24,2018-10-25,4,68,1,0,4,2018-10-25T12:27:23Z,matches_2018_event_821.csv
4891679,821,Macau Masters,2018,2018-10-24,2018-10-25,4,16,0,1,16,2018-10-25T12:38:13Z,matches_2018_event_821.csv
4891755,821,Macau Masters,2018,2018-10-24,2018-10-25,16,1,3,2,16,2018-10-25T12:46:59Z,matches_2018_event_821.csv
4944601,822,"Women's Masters, Group A",2018,2018-11-24,2018-11-24,2145,2435,3,0,2145,2018-11-24T10:00:57Z,matches_2018_event_822.csv
4944602,822,"Women's Masters, Group A",2018,2018-11-24,2018-11-24,2119,2435,3,0,2119,2018-11-24T12:48:18Z,matches_2018_event_822.csv
4944603,822,"Women's Masters, Group A",2018,2018-11-24,2018-11-24,2119,2145,3,0,2119,2018-11-24T14:00:54Z,matches_2018_event_822.csv
4944555,823,"Women's Masters, Group B",2018,2018-11-24,2018-11-24,2436,1912,2,1,2436,2018-11-24T10:01:17Z,matches_2018_event_823.csv
4944556,823,"Women's Masters, Group B",2018,2018-11-24,2018-11-24,2118,1912,3,0,2118,2018-11-24T12:19:08Z,matches_2018_event_823.csv
4944557,823,"Women's Masters, Group B",2018,2018-11-24,2018-11-24,2118,2436,3,0,2118,2018-11-24T14:01:00Z,matches_2018_event_823.csv
4944604,824,"Women's Masters, Group C",2018,2018-11-24,2018-11-24,2138,2123,1,2,2123,2018-11-24T10:01:41Z,matches_2018_event_824.csv
4944605,824,"Women's Masters, Group C",2018,2018-11-24,2018-11-24,2127,2123,1,2,2123,2018-11-24T12:19:15Z,matches_2018_event_824.csv
4944606,824,"Women's Masters, Group C",2018,2018-11-24,2018-11-24,2127,2138,3,0,2127,2018-11-24T14:01:05Z,matches_2018_event_824.csv
4944699,825,"Women's Masters, Group D",2018,2018-11-24,2018-11-24,2136,2437,3,0,2136,2018-11-24T10:02:04Z,matches_2018_event_825.csv
4944700,825,"Women's Masters, Group D",2018,2018-11-24,2018-11-24,259,2437,3,0,259,2018-11-24T12:37:02Z,matches_2018_event_825.csv
4944701,825,"Women's Masters, Group D",2018,2018-11-24,2018-11-24,259,2136,1,2,2136,2018-11-24T14:41:12Z,matches_2018_event_825.csv
4944688,826,"Women's Masters, Group E",2018,2018-11-24,2018-11-24,2146,2307,1,2,2307,2018-11-24T10:02:20Z,matches_2018_event_826.csv
4944689,826,"Women's Masters, Group E",2018,2018-11-24,2018-11-24,2141,2307,3,0,2141,2018-11-24T12:48:42Z,matches_2018_event_826.csv
4944690,826,"Women's Masters, Group E",2018,2018-11-24,2018-11-24,2141,2146,3,0,2141,2018-11-24T14:44:22Z,matches_2018_event_826.csv
4944626,827,"Women's Masters, Group F",2018,2018-11-24,2018-11-24,2304,2409,3,0,2304,2018-11-24T10:02:43Z,matches_2018_event_827.csv
4944627,827,"Women's Masters, Group F",2018,2018-11-24,2018-11-24,2169,2409,3,0,2169,2018-11-24T13:30:35Z,matches_2018_event_827.csv
4944628,827,"Women's Masters, Group F",2018,2018-11-24,2018-11-24,2169,2304,3,0,2169,2018-11-24T15:03:04Z,matches_2018_event_827.csv
4944607,828,"Women's Masters, Group G",2018,2018-11-24,2018-11-24,2325,2142,3,0,2325,2018-11-24T10:02:54Z,matches_2018_event_828.csv
4944608,828,"Women's Masters, Group G",2018,2018-11-24,2018-11-24,2140,2142,3,0,2140,2018-11-24T12:37:34Z,matches_2018_event_828.csv
4944609,828,"Women's Masters, Group G",2018,2018-11-24,2018-11-24,2140,2325,2,1,2140,2018-11-24T14:38:53Z,matches_2018_event_828.csv
5076774,829,Belgian Women's Open,2018,2019-02-01,2019-02-03,1485,2444,3,0,1485,2019-02-02T15:59:27Z,matches_2018_event_829.csv
5076775,829,Belgian Women's Open,2018,2019-02-01,2019-02-03,2169,259,3,0,2169,2019-02-02T15:59:27Z,matches_2018_event_829.csv
5076777,829,Belgian Women's Open,2018,2019-02-01,2019-02-03,2121,2446,3,0,2121,2019-02-02T15:59:27Z,matches_2018_event_829.csv
5076778,829,Belgian Women's Open,2018,2019-02-01,2019-02-03,236,2325,3,0,236,2019-02-02T15:59:27Z,matches_2018_event_829.csv
5076779,829,Belgian Women's Open,2018,2019-02-01,2019-02-03,2118,2418,3,1,2118,2019-02-02T15:59:27Z,matches_2018_event_829.csv
5076780,829,Belgian Women's Open,2018,2019-02-01,2019-02-03,2127,2145,3,1,2127,2019-02-02T15:59:27Z,matches_2018_event_829.csv
5076781,829,Belgian Women's Open,2018,2019-02-01,2019-02-03,175,2447,3,0,175,2019-02-02T15:59:27Z,matches_2018_event_829.csv
5076776,829,Belgian Women's Open,2018,2019-02-01,2019-02-03,1829,2443,3,0,1829,2019-02-02T16:01:07Z,matches_2018_event_829.csv
5076889,829,Belgian Women's Open,2018,2019-02-01,2019-02-03,1485,2169,3,0,1485,2019-02-02T16:03:02Z,matches_2018_event_829.csv
5076891,829,Belgian Women's Open,2018,2019-02-01,2019-02-03,236,2118,3,2,236,2019-02-02T16:03:02Z,matches_2018_event_829.csv
5076892,829,Belgian Women's Open,2018,2019-02-01,2019-02-03,2127,175,0,3,175,2019-02-02T16:03:02Z,matches_2018_event_829.csv
5076890,829,Belgian Women's Open,2018,2019-02-01,2019-02-03,1829,2121,3,1,1829,2019-02-02T17:29:17Z,matches_2018_event_829.csv
5076973,829,Belgian Women's Open,2018,2019-02-01,2019-02-03,1485,1829,4,3,1485,2019-02-03T09:00:19Z,matches_2018_event_829.csv
5076974,829,Belgian Women's Open,2018,2019-02-01,2019-02-03,236,175,3,4,175,2019-02-03T09:00:19Z,matches_2018_event_829.csv
5076982,829,Belgian Women's Open,2018,2019-02-01,2019-02-03,1485,175,1,4,175,2019-02-03T14:05:32Z,matches_2018_event_829.csv
5076600,830,Belgian Women's Open Group A,2018,2019-02-01,2019-02-02,1829,2442,3,0,1829,2019-02-01T09:01:39Z,matches_2018_event_830.csv
5076601,830,Belgian Women's Open Group A,2018,2019-02-01,2019-02-02,1829,2307,3,0,1829,2019-02-01T13:01:21Z,matches_2018_event_830.csv
5076602,830,Belgian Women's Open Group A,2018,2019-02-01,2019-02-02,2442,2307,1,2,2307,2019-02-01T15:03:32Z,matches_2018_event_830.csv
5076603,830,Belgian Women's Open Group A,2018,2019-02-01,2019-02-02,2443,2307,3,0,2443,2019-02-02T08:59:10Z,matches_2018_event_830.csv
5076604,830,Belgian Women's Open Group A,2018,2019-02-01,2019-02-02,1829,2443,3,0,1829,2019-02-02T11:01:20Z,matches_2018_event_830.csv
5076605,830,Belgian Women's Open Group A,2018,2019-02-01,2019-02-02,2442,2443,1,2,2443,2019-02-02T13:12:04Z,matches_2018_event_830.csv
5076505,831,Belgian Women's Open Group B,2018,2019-02-01,2019-02-02,2325,2121,0,3,2121,2019-02-01T09:01:53Z,matches_2018_event_831.csv
5076506,831,Belgian Women's Open Group B,2018,2019-02-01,2019-02-02,2121,2414,3,0,2121,2019-02-01T10:58:55Z,matches_2018_event_831.csv
5076507,831,Belgian Women's Open Group B,2018,2019-02-01,2019-02-02,2325,2414,2,1,2325,2019-02-02T08:59:19Z,matches_2018_event_831.csv
5076508,832,Belgian Women's Open Group C,2018,2019-02-01,2019-02-02,2118,2445,3,0,2118,2019-02-01T09:02:12Z,matches_2018_event_832.csv
5076509,832,Belgian Women's Open Group C,2018,2019-02-01,2019-02-02,2118,2444,3,0,2118,2019-02-01T13:02:00Z,matches_2018_event_832.csv
5076510,832,Belgian Women's Open Group C,2018,2019-02-01,2019-02-02,2444,2445,3,0,2444,2019-02-02T08:59:26Z,matches_2018_event_832.csv
5076487,833,Belgian Women's Open Group D,2018,2019-02-01,2019-02-02,2127,2446,3,0,2127,2019-02-01T09:02:32Z,matches_2018_event_833.csv
5076488,833,Belgian Women's Open Group D,2018,2019-02-01,2019-02-02,2109,2446,0,3,2446,2019-02-01T13:02:24Z,matches_2018_event_833.csv
5076489,833,Belgian Women's Open Group D,2018,2019-02-01,2019-02-02,2127,2109,3,0,2127,2019-02-02T08:59:34Z,matches_2018_event_833.csv
5076511,834,Belgian Women's Open Group E,2018,2019-02-01,2019-02-02,259,2437,2,1,259,2019-02-01T10:59:24Z,matches_2018_event_834.csv
5076512,834,Belgian Women's Open Group E,2018,2019-02-01,2019-02-02,2437,2447,1,2,2447,2019-02-01T15:04:32Z,matches_2018_event_834.csv
5076513,834,Belgian Women's Open Group E,2018,2019-02-01,2019-02-02,259,2447,2,1,259,2019-02-02T08:59:41Z,matches_2018_event_834.csv
5076481,835,Belgian Women's Open Group F,2018,2019-02-01,2019-02-02,2169,2418,2,1,2169,2019-02-01T15:04:54Z,matches_2018_event_835.csv
5076482,835,Belgian Women's Open Group F,2018,2019-02-01,2019-02-02,2169,2122,3,0,2169,2019-02-02T08:59:51Z,matches_2018_event_835.csv
5076483,835,Belgian Women's Open Group F,2018,2019-02-01,2019-02-02,2418,2122,3,0,2418,2019-02-02T10:47:48Z,matches_2018_event_835.csv
5076514,836,Belgian Women's Open Group G,2018,2019-02-01,2019-02-02,2145,2416,3,0,2145,2019-02-01T15:05:09Z,matches_2018_event_836.csv
5076515,836,Belgian Women's Open Group G,2018,2019-02-01,2019-02-02,236,2416,3,0,236,2019-02-02T08:59:58Z,matches_2018_event_836.csv
5076516,836,Belgian Women's Open Group G,2018,2019-02-01,2019-02-02,2145,236,0,3,236,2019-02-02T11:02:15Z,matches_2018_event_836.csv
5571303,837,Women's World Championship,2018,2019-06-20,2019-06-23,2132,2170,4,1,2132,2019-06-21T14:07:53Z,matches_2018_event_837.csv
5571304,837,Women's World Championship,2018,2019-06-20,2019-06-23,1819,2555,4,1,1819,2019-06-21T14:07:53Z,matches_2018_event_837.csv
5571305,837,Women's World Championship,2018,2019-06-20,2019-06-23,259,2293,1,4,2293,2019-06-21T14:07:53Z,matches_2018_event_837.csv
5571306,837,Women's World Championship,2018,2019-06-20,2019-06-23,2121,2546,4,1,2121,2019-06-21T14:07:53Z,matches_2018_event_837.csv
5571307,837,Women's World Championship,2018,2019-06-20,2019-06-23,1829,2171,4,0,1829,2019-06-21T14:07:53Z,matches_2018_event_837.csv
5571308,837,Women's World Championship,2018,2019-06-20,2019-06-23,2145,2369,1,4,2369,2019-06-21T14:07:53Z,matches_2018_event_837.csv
5571309,837,Women's World Championship,2018,2019-06-20,2019-06-23,2411,2544,4,0,2411,2019-06-21T14:07:53Z,matches_2018_event_837.csv
5571310,837,Women's World Championship,2018,2019-06-20,2019-06-23,2534,2542,4,2,2534,2019-06-21T14:07:53Z,matches_2018_event_837.csv
5571615,837,Women's World Championship,2018,2019-06-20,2019-06-23,175,2132,4,1,175,2019-06-22T03:49:52Z,matches_2018_event_837.csv
5571616,837,Women's World Championship,2018,2019-06-20,2019-06-23,2182,1819,4,2,2182,2019-06-22T03:49:52Z,matches_2018_event_837.csv
5571617,837,Women's World Championship,2018,2019-06-20,2019-06-23,2293,1828,0,4,1828,2019-06-22T03:49:52Z,matches_2018_event_837.csv
5571618,837,Women's World Championship,2018,2019-06-20,2019-06-23,2121,2169,4,1,2121,2019-06-22T03:49:52Z,matches_2018_event_837.csv
5571619,837,Women's World Championship,2018,2019-06-20,2019-06-23,2118,1829,0,4,1829,2019-06-22T03:49:52Z,matches_2018_event_837.csv
5571620,837,Women's World Championship,2018,2019-06-20,2019-06-23,2369,1485,0,4,1485,2019-06-22T03:49:52Z,matches_2018_event_837.csv
5571621,837,Women's World Championship,2018,2019-06-20,2019-06-23,2553,2411,0,4,2411,2019-06-22T03:49:52Z,matches_2018_event_837.csv
5571622,837,Women's World Championship,2018,2019-06-20,2019-06-23,2534,236,0,4,236,2019-06-22T03:49:52Z,matches_2018_event_837.csv
5571703,837,Women's World Championship,2018,2019-06-20,2019-06-23,175,2182,4,2,175,2019-06-22T10:04:35Z,matches_2018_event_837.csv
5571704,837,Women's World Championship,2018,2019-06-20,2019-06-23,1828,2121,4,3,1828,2019-06-22T10:04:35Z,matches_2018_event_837.csv
5571705,837,Women's World Championship,2018,2019-06-20,2019-06-23,1829,1485,4,1,1829,2019-06-22T10:04:35Z,matches_2018_event_837.csv
5571706,837,Women's World Championship,2018,2019-06-20,2019-06-23,2411,236,0,4,236,2019-06-22T10:04:35Z,matches_2018_event_837.csv
5571768,837,Women's World Championship,2018,2019-06-20,2019-06-23,175,1828,5,3,175,2019-06-23T03:48:09Z,matches_2018_event_837.csv
5571769,837,Women's World Championship,2018,2019-06-20,2019-06-23,1829,236,5,2,1829,2019-06-23T03:48:09Z,matches_2018_event_837.csv
5571771,837,Women's World Championship,2018,2019-06-20,2019-06-23,175,1829,6,3,175,2019-06-23T10:10:13Z,matches_2018_event_837.csv
5450171,838,Qualifying School - Event One,2018,2019-05-18,2019-05-23,2470,206,4,3,2470,2019-05-18T07:44:06Z,matches_2018_event_838.csv
5450172,838,Qualifying School - Event One,2018,2019-05-18,2019-05-23,1111,1752,4,0,1111,2019-05-18T07:44:06Z,matches_2018_event_838.csv
5450173,838,Qualifying School - Event One,2018,2019-05-18,2019-05-23,119,2206,4,3,119,2019-05-18T07:44:06Z,matches_2018_event_838.csv
5450174,838,Qualifying School - Event One,2018,2019-05-18,2019-05-23,65,1114,4,3,65,2019-05-18T07:44:06Z,matches_2018_event_838.csv
5450175,838,Qualifying School - Event One,2018,2019-05-18,2019-05-23,2253,108,1,4,108,2019-05-18T07:44:06Z,matches_2018_event_838.csv
5450176,838,Qualifying School - Event One,2018,2019-05-18,2019-05-23,613,1159,2,4,1159,2019-05-18T07:44:06Z,matches_2018_event_838.csv
5450177,838,Qualifying School - Event One,2018,2019-05-18,2019-05-23,1491,2478,4,2,1491,2019-05-18T07:44:06Z,matches_2018_event_838.csv
5450178,838,Qualifying School - Event One,2018,2019-05-18,2019-05-23,475,2366,4,0,475,2019-05-18T07:44:06Z,matches_2018_event_838.csv
5450179,838,Qualifying School - Event One,2018,2019-05-18,2019-05-23,2479,1883,4,3,2479,2019-05-18T09:51:04Z,matches_2018_event_838.csv
5450180,838,Qualifying School - Event One,2018,2019-05-18,2019-05-23,2400,51,0,4,51,2019-05-18T09:54:20Z,matches_2018_event_838.csv
5450181,838,Qualifying School - Event One,2018,2019-05-18,2019-05-23,2121,897,2,4,897,2019-05-18T10:10:15Z,matches_2018_event_838.csv
5450183,838,Qualifying School - Event One,2018,2019-05-18,2019-05-23,2484,2337,2,4,2337,2019-05-18T10:43:11Z,matches_2018_event_838.csv
5450182,838,Qualifying School - Event One,2018,2019-05-18,2019-05-23,2480,940,0,4,940,2019-05-18T10:55:22Z,matches_2018_event_838.csv
5450184,838,Qualifying School - Event One,2018,2019-05-18,2019-05-23,2188,2049,4,2,2188,2019-05-18T11:08:54Z,matches_2018_event_838.csv
5450185,838,Qualifying School - Event One,2018,2019-05-18,2019-05-23,2348,26,0,4,26,2019-05-18T11:59:17Z,matches_2018_event_838.csv
5450186,838,Qualifying School - Event One,2018,2019-05-18,2019-05-23,531,1407,0,4,1407,2019-05-18T11:59:17Z,matches_2018_event_838.csv
5450187,838,Qualifying School - Event One,2018,2019-05-18,2019-05-23,124,147,4,1,124,2019-05-18T12:16:46Z,matches_2018_event_838.csv
5450188,838,Qualifying School - Event One,2018,2019-05-18,2019-05-23,1565,198,4,3,1565,2019-05-18T12:28:13Z,matches_2018_event_838.csv
5450189,838,Qualifying School - Event One,2018,2019-05-18,2019-05-23,532,594,4,0,532,2019-05-18T13:07:24Z,matches_2018_event_838.csv
5450190,838,Qualifying School - Event One,2018,2019-05-18,2019-05-23,1835,2010,3,4,2010,2019-05-18T13:36:35Z,matches_2018_event_838.csv
5450191,838,Qualifying School - Event One,2018,2019-05-18,2019-05-23,2482,2483,0,4,2483,2019-05-18T13:36:35Z,matches_2018_event_838.csv
5450192,838,Qualifying School - Event One,2018,2019-05-18,2019-05-23,1485,542,4,1,1485,2019-05-18T14:02:15Z,matches_2018_event_838.csv
5450193,838,Qualifying School - Event One,2018,2019-05-18,2019-05-23,175,1045,1,4,1045,2019-05-18T14:22:45Z,matches_2018_event_838.csv
5450194,838,Qualifying School - Event One,2018,2019-05-18,2019-05-23,424,2485,4,2,424,2019-05-18T14:31:54Z,matches_2018_event_838.csv
5450195,838,Qualifying School - Event One,2018,2019-05-18,2019-05-23,1982,165,4,0,1982,2019-05-18T15:02:07Z,matches_2018_event_838.csv
5450196,838,Qualifying School - Event One,2018,2019-05-18,2019-05-23,2346,2486,4,1,2346,2019-05-18T15:06:19Z,matches_2018_event_838.csv
5450197,838,Qualifying School - Event One,2018,2019-05-18,2019-05-23,953,160,3,4,160,2019-05-18T15:43:19Z,matches_2018_event_838.csv
5450198,838,Qualifying School - Event One,2018,2019-05-18,2019-05-23,2090,2487,4,2,2090,2019-05-18T16:29:12Z,matches_2018_event_838.csv
5450199,838,Qualifying School - Event One,2018,2019-05-18,2019-05-23,998,1181,4,1,998,2019-05-18T16:41:12Z,matches_2018_event_838.csv
5450201,838,Qualifying School - Event One,2018,2019-05-18,2019-05-23,2488,1558,4,0,2488,2019-05-18T16:49:23Z,matches_2018_event_838.csv
5450200,838,Qualifying School - Event One,2018,2019-05-18,2019-05-23,2055,2044,3,4,2044,2019-05-18T16:55:41Z,matches_2018_event_838.csv
5450202,838,Qualifying School - Event One,2018,2019-05-18,2019-05-23,1687,2196,4,3,1687,2019-05-18T16:57:54Z,matches_2018_event_838.csv
5450203,838,Qualifying School - Event One,2018,2019-05-18,2019-05-23,143,2339,4,0,143,2019-05-18T18:14:52Z,matches_2018_event_838.csv
5450204,838,Qualifying School - Event One,2018,2019-05-18,2019-05-23,947,201,0,4,201,2019-05-18T18:18:15Z,matches_2018_event_838.csv
5450205,838,Qualifying School - Event One,2018,2019-05-18,2019-05-23,1762,2161,4,0,1762,2019-05-18T18:33:29Z,matches_2018_event_838.csv
5450206,838,Qualifying School - Event One,2018,2019-05-18,2019-05-23,1724,913,1,4,913,2019-05-18T18:37:21Z,matches_2018_event_838.csv
5450207,838,Qualifying School - Event One,2018,2019-05-18,2019-05-23,146,29,0,4,29,2019-05-18T19:10:02Z,matches_2018_event_838.csv
5450208,838,Qualifying School - Event One,2018,2019-05-18,2019-05-23,2335,793,4,1,2335,2019-05-18T20:00:15Z,matches_2018_event_838.csv
5450209,838,Qualifying School - Event One,2018,2019-05-18,2019-05-23,1030,1889,2,4,1889,2019-05-18T20:26:16Z,matches_2018_event_838.csv
5450210,838,Qualifying School - Event One,2018,2019-05-18,2019-05-23,2489,1421,4,2,2489,2019-05-18T20:26:16Z,matches_2018_event_838.csv
5450211,838,Qualifying School - Event One,2018,2019-05-18,2019-05-23,1851,2340,1,4,2340,2019-05-18T20:26:16Z,matches_2018_event_838.csv
5450212,838,Qualifying School - Event One,2018,2019-05-18,2019-05-23,2490,1923,1,4,1923,2019-05-18T20:26:16Z,matches_2018_event_838.csv
5450213,838,Qualifying School - Event One,2018,2019-05-18,2019-05-23,1301,619,4,0,1301,2019-05-19T07:59:45Z,matches_2018_event_838.csv
5450214,838,Qualifying School - Event One,2018,2019-05-18,2019-05-23,6,2156,4,2,6,2019-05-19T07:59:45Z,matches_2018_event_838.csv
5450215,838,Qualifying School - Event One,2018,2019-05-18,2019-05-23,1946,552,4,3,1946,2019-05-19T07:59:45Z,matches_2018_event_838.csv
5450216,838,Qualifying School - Event One,2018,2019-05-18,2019-05-23,794,1991,0,4,1991,2019-05-19T07:59:45Z,matches_2018_event_838.csv
5450217,838,Qualifying School - Event One,2018,2019-05-18,2019-05-23,1351,898,1,4,898,2019-05-19T07:59:45Z,matches_2018_event_838.csv
5450218,838,Qualifying School - Event One,2018,2019-05-18,2019-05-23,2204,2051,4,2,2204,2019-05-19T07:59:45Z,matches_2018_event_838.csv
5450219,838,Qualifying School - Event One,2018,2019-05-18,2019-05-23,1659,141,4,0,1659,2019-05-19T07:59:45Z,matches_2018_event_838.csv
5450220,838,Qualifying School - Event One,2018,2019-05-18,2019-05-23,534,540,4,1,534,2019-05-19T07:59:45Z,matches_2018_event_838.csv
5450221,838,Qualifying School - Event One,2018,2019-05-18,2019-05-23,1190,2468,3,4,2468,2019-05-19T10:28:50Z,matches_2018_event_838.csv
5450222,838,Qualifying School - Event One,2018,2019-05-18,2019-05-23,159,2491,4,2,159,2019-05-19T10:28:50Z,matches_2018_event_838.csv
5450223,838,Qualifying School - Event One,2018,2019-05-18,2019-05-23,1803,633,1,4,633,2019-05-19T10:28:50Z,matches_2018_event_838.csv
5450224,838,Qualifying School - Event One,2018,2019-05-18,2019-05-23,2243,156,0,4,156,2019-05-19T10:31:44Z,matches_2018_event_838.csv
5450225,838,Qualifying School - Event One,2018,2019-05-18,2019-05-23,422,102,0,4,102,2019-05-19T10:41:31Z,matches_2018_event_838.csv
5450226,838,Qualifying School - Event One,2018,2019-05-18,2019-05-23,1018,1307,1,4,1307,2019-05-19T10:50:34Z,matches_2018_event_838.csv
5450227,838,Qualifying School - Event One,2018,2019-05-18,2019-05-23,2030,1727,4,0,2030,2019-05-19T11:15:03Z,matches_2018_event_838.csv
5450228,838,Qualifying School - Event One,2018,2019-05-18,2019-05-23,1323,37,4,3,1323,2019-05-19T11:26:12Z,matches_2018_event_838.csv
5450229,838,Qualifying School - Event One,2018,2019-05-18,2019-05-23,2458,1479,1,4,1479,2019-05-19T13:03:51Z,matches_2018_event_838.csv
5450230,838,Qualifying School - Event One,2018,2019-05-18,2019-05-23,2347,1911,3,4,1911,2019-05-19T13:08:33Z,matches_2018_event_838.csv
5450231,838,Qualifying School - Event One,2018,2019-05-18,2019-05-23,1812,2338,4,0,1812,2019-05-19T13:15:37Z,matches_2018_event_838.csv
5450232,838,Qualifying School - Event One,2018,2019-05-18,2019-05-23,2332,358,1,4,358,2019-05-19T13:28:17Z,matches_2018_event_838.csv
5450233,838,Qualifying School - Event One,2018,2019-05-18,2019-05-23,1661,2493,4,0,1661,2019-05-19T13:51:32Z,matches_2018_event_838.csv
5450234,838,Qualifying School - Event One,2018,2019-05-18,2019-05-23,2494,2378,0,4,2378,2019-05-19T14:01:01Z,matches_2018_event_838.csv
5450235,838,Qualifying School - Event One,2018,2019-05-18,2019-05-23,762,515,4,0,762,2019-05-19T14:40:15Z,matches_2018_event_838.csv
5450236,838,Qualifying School - Event One,2018,2019-05-18,2019-05-23,1148,733,0,4,733,2019-05-19T15:43:35Z,matches_2018_event_838.csv
5450237,838,Qualifying School - Event One,2018,2019-05-18,2019-05-23,1350,1122,2,4,1122,2019-05-19T15:43:35Z,matches_2018_event_838.csv
5450238,838,Qualifying School - Event One,2018,2019-05-18,2019-05-23,1041,1261,2,4,1261,2019-05-19T15:51:36Z,matches_2018_event_838.csv
5450239,838,Qualifying School - Event One,2018,2019-05-18,2019-05-23,1090,1188,1,4,1188,2019-05-19T16:17:10Z,matches_2018_event_838.csv
5450240,838,Qualifying School - Event One,2018,2019-05-18,2019-05-23,511,2001,4,0,511,2019-05-19T16:18:45Z,matches_2018_event_838.csv
5450241,838,Qualifying School - Event One,2018,2019-05-18,2019-05-23,2354,2352,3,4,2352,2019-05-19T16:43:36Z,matches_2018_event_838.csv
5450242,838,Qualifying School - Event One,2018,2019-05-18,2019-05-23,2496,225,1,4,225,2019-05-19T16:46:27Z,matches_2018_event_838.csv
5450243,838,Qualifying School - Event One,2018,2019-05-18,2019-05-23,2497,2081,1,4,2081,2019-05-19T17:02:56Z,matches_2018_event_838.csv
5450244,838,Qualifying School - Event One,2018,2019-05-18,2019-05-23,519,182,4,1,519,2019-05-19T17:20:42Z,matches_2018_event_838.csv
5450245,838,Qualifying School - Event One,2018,2019-05-18,2019-05-23,2498,1731,4,2,2498,2019-05-19T18:46:38Z,matches_2018_event_838.csv
5450246,838,Qualifying School - Event One,2018,2019-05-18,2019-05-23,990,3,4,2,990,2019-05-19T19:06:06Z,matches_2018_event_838.csv
5450247,838,Qualifying School - Event One,2018,2019-05-18,2019-05-23,557,1155,0,4,1155,2019-05-19T19:06:06Z,matches_2018_event_838.csv
5450248,838,Qualifying School - Event One,2018,2019-05-18,2019-05-23,2317,163,0,4,163,2019-05-19T19:18:35Z,matches_2018_event_838.csv
5450249,838,Qualifying School - Event One,2018,2019-05-18,2019-05-23,2249,2499,4,3,2249,2019-05-19T19:22:55Z,matches_2018_event_838.csv
5450250,838,Qualifying School - Event One,2018,2019-05-18,2019-05-23,616,2320,4,3,616,2019-05-19T19:22:55Z,matches_2018_event_838.csv
5450251,838,Qualifying School - Event One,2018,2019-05-18,2019-05-23,834,1893,0,4,1893,2019-05-19T19:36:57Z,matches_2018_event_838.csv
5450252,838,Qualifying School - Event One,2018,2019-05-18,2019-05-23,2500,50,0,4,50,2019-05-19T19:54:05Z,matches_2018_event_838.csv
5450253,838,Qualifying School - Event One,2018,2019-05-18,2019-05-23,2501,581,0,4,581,2019-05-20T08:00:19Z,matches_2018_event_838.csv
5450254,838,Qualifying School - Event One,2018,2019-05-18,2019-05-23,1886,2502,4,1,1886,2019-05-20T08:00:19Z,matches_2018_event_838.csv
5450255,838,Qualifying School - Event One,2018,2019-05-18,2019-05-23,1186,1934,2,4,1934,2019-05-20T08:00:19Z,matches_2018_event_838.csv
5450256,838,Qualifying School - Event One,2018,2019-05-18,2019-05-23,2061,2345,3,4,2345,2019-05-20T08:00:19Z,matches_2018_event_838.csv
5450257,838,Qualifying School - Event One,2018,2019-05-18,2019-05-23,2503,23,0,4,23,2019-05-20T08:00:19Z,matches_2018_event_838.csv
5450258,838,Qualifying School - Event One,2018,2019-05-18,2019-05-23,2341,2350,4,2,2341,2019-05-20T08:00:19Z,matches_2018_event_838.csv
5450259,838,Qualifying School - Event One,2018,2019-05-18,2019-05-23,600,1209,4,1,600,2019-05-20T08:00:19Z,matches_2018_event_838.csv
5450260,838,Qualifying School - Event One,2018,2019-05-18,2019-05-23,605,2367,4,0,605,2019-05-20T08:00:19Z,matches_2018_event_838.csv
5450262,838,Qualifying School - Event One,2018,2019-05-18,2019-05-23,119,2274,4,1,119,2019-05-20T10:23:27Z,matches_2018_event_838.csv
5450263,838,Qualifying School - Event One,2018,2019-05-18,2019-05-23,65,108,4,0,65,2019-05-20T10:28:17Z,matches_2018_event_838.csv
5450261,838,Qualifying School - Event One,2018,2019-05-18,2019-05-23,2470,1111,0,4,1111,2019-05-20T10:33:06Z,matches_2018_event_838.csv
5450264,838,Qualifying School - Event One,2018,2019-05-18,2019-05-23,1159,522,4,3,1159,2019-05-20T10:36:25Z,matches_2018_event_838.csv
5450265,838,Qualifying School - Event One,2018,2019-05-18,2019-05-23,1491,967,0,4,967,2019-05-20T10:36:25Z,matches_2018_event_838.csv
5450266,838,Qualifying School - Event One,2018,2019-05-18,2019-05-23,475,2336,4,1,475,2019-05-20T11:01:27Z,matches_2018_event_838.csv
5450267,838,Qualifying School - Event One,2018,2019-05-18,2019-05-23,2479,680,1,4,680,2019-05-20T11:11:25Z,matches_2018_event_838.csv
5450268,838,Qualifying School - Event One,2018,2019-05-18,2019-05-23,51,2358,4,0,51,2019-05-20T11:18:19Z,matches_2018_event_838.csv
5450270,838,Qualifying School - Event One,2018,2019-05-18,2019-05-23,2337,621,1,4,621,2019-05-20T13:00:34Z,matches_2018_event_838.csv
5450271,838,Qualifying School - Event One,2018,2019-05-18,2019-05-23,2188,194,4,2,2188,2019-05-20T13:00:34Z,matches_2018_event_838.csv
5450272,838,Qualifying School - Event One,2018,2019-05-18,2019-05-23,26,1407,1,4,1407,2019-05-20T13:01:07Z,matches_2018_event_838.csv
5450273,838,Qualifying School - Event One,2018,2019-05-18,2019-05-23,124,1939,4,1,124,2019-05-20T13:01:07Z,matches_2018_event_838.csv
5450269,838,Qualifying School - Event One,2018,2019-05-18,2019-05-23,897,940,1,4,940,2019-05-20T13:01:38Z,matches_2018_event_838.csv
5450274,838,Qualifying School - Event One,2018,2019-05-18,2019-05-23,1565,532,1,4,532,2019-05-20T13:17:56Z,matches_2018_event_838.csv
5450276,838,Qualifying School - Event One,2018,2019-05-18,2019-05-23,2483,2038,4,0,2483,2019-05-20T13:24:18Z,matches_2018_event_838.csv
5450275,838,Qualifying School - Event One,2018,2019-05-18,2019-05-23,2010,174,4,1,2010,2019-05-20T13:29:49Z,matches_2018_event_838.csv
5450312,838,Qualifying School - Event One,2018,2019-05-18,2019-05-23,225,2081,0,0,225,2019-05-20T14:29:41Z,matches_2018_event_838.csv
5450277,838,Qualifying School - Event One,2018,2019-05-18,2019-05-23,1485,1177,4,1,1485,2019-05-20T15:16:18Z,matches_2018_event_838.csv
5450278,838,Qualifying School - Event One,2018,2019-05-18,2019-05-23,1045,424,4,1,1045,2019-05-20T15:17:16Z,matches_2018_event_838.csv
5450279,838,Qualifying School - Event One,2018,2019-05-18,2019-05-23,1982,2346,4,0,1982,2019-05-20T15:18:00Z,matches_2018_event_838.csv
5450280,838,Qualifying School - Event One,2018,2019-05-18,2019-05-23,160,1494,4,1,160,2019-05-20T15:26:22Z,matches_2018_event_838.csv
5450281,838,Qualifying School - Event One,2018,2019-05-18,2019-05-23,2090,998,1,4,998,2019-05-20T15:44:49Z,matches_2018_event_838.csv
5450282,838,Qualifying School - Event One,2018,2019-05-18,2019-05-23,2044,74,3,4,74,2019-05-20T15:47:56Z,matches_2018_event_838.csv
5450283,838,Qualifying School - Event One,2018,2019-05-18,2019-05-23,2488,1544,3,4,1544,2019-05-20T16:29:04Z,matches_2018_event_838.csv
5450284,838,Qualifying School - Event One,2018,2019-05-18,2019-05-23,1687,143,2,4,143,2019-05-20T16:48:47Z,matches_2018_event_838.csv
5450285,838,Qualifying School - Event One,2018,2019-05-18,2019-05-23,201,1762,1,4,1762,2019-05-20T17:45:31Z,matches_2018_event_838.csv
5450288,838,Qualifying School - Event One,2018,2019-05-18,2019-05-23,1889,2504,4,2,1889,2019-05-20T17:45:31Z,matches_2018_event_838.csv
5450286,838,Qualifying School - Event One,2018,2019-05-18,2019-05-23,913,29,2,4,29,2019-05-20T17:51:44Z,matches_2018_event_838.csv
5450287,838,Qualifying School - Event One,2018,2019-05-18,2019-05-23,2335,2361,4,0,2335,2019-05-20T18:04:24Z,matches_2018_event_838.csv
5450289,838,Qualifying School - Event One,2018,2019-05-18,2019-05-23,2489,933,2,4,933,2019-05-20T18:36:17Z,matches_2018_event_838.csv
5450290,838,Qualifying School - Event One,2018,2019-05-18,2019-05-23,2340,2505,4,3,2340,2019-05-20T19:17:17Z,matches_2018_event_838.csv
5450291,838,Qualifying School - Event One,2018,2019-05-18,2019-05-23,1923,1301,3,4,1301,2019-05-20T19:46:04Z,matches_2018_event_838.csv
5450292,838,Qualifying School - Event One,2018,2019-05-18,2019-05-23,6,1946,4,2,6,2019-05-20T20:17:06Z,matches_2018_event_838.csv
5450293,838,Qualifying School - Event One,2018,2019-05-18,2019-05-23,1991,941,1,4,941,2019-05-21T08:00:18Z,matches_2018_event_838.csv
5450294,838,Qualifying School - Event One,2018,2019-05-18,2019-05-23,898,2469,4,3,898,2019-05-21T08:00:18Z,matches_2018_event_838.csv
5450295,838,Qualifying School - Event One,2018,2019-05-18,2019-05-23,2204,2506,4,0,2204,2019-05-21T08:00:18Z,matches_2018_event_838.csv
5450296,838,Qualifying School - Event One,2018,2019-05-18,2019-05-23,1659,534,4,3,1659,2019-05-21T08:00:18Z,matches_2018_event_838.csv
5450297,838,Qualifying School - Event One,2018,2019-05-18,2019-05-23,2468,159,0,4,159,2019-05-21T08:00:18Z,matches_2018_event_838.csv
5450298,838,Qualifying School - Event One,2018,2019-05-18,2019-05-23,633,2507,4,2,633,2019-05-21T08:00:18Z,matches_2018_event_838.csv
5450299,838,Qualifying School - Event One,2018,2019-05-18,2019-05-23,156,133,2,4,133,2019-05-21T08:00:18Z,matches_2018_event_838.csv
5450300,838,Qualifying School - Event One,2018,2019-05-18,2019-05-23,102,79,3,4,79,2019-05-21T08:00:18Z,matches_2018_event_838.csv
5450301,838,Qualifying School - Event One,2018,2019-05-18,2019-05-23,1307,2030,4,3,1307,2019-05-21T10:08:19Z,matches_2018_event_838.csv
5450302,838,Qualifying School - Event One,2018,2019-05-18,2019-05-23,1323,1479,4,3,1323,2019-05-21T10:17:22Z,matches_2018_event_838.csv
5450303,838,Qualifying School - Event One,2018,2019-05-18,2019-05-23,1911,1812,2,4,1812,2019-05-21T10:17:22Z,matches_2018_event_838.csv
5450304,838,Qualifying School - Event One,2018,2019-05-18,2019-05-23,358,1310,1,4,1310,2019-05-21T10:29:09Z,matches_2018_event_838.csv
5450305,838,Qualifying School - Event One,2018,2019-05-18,2019-05-23,1661,89,0,4,89,2019-05-21T10:58:15Z,matches_2018_event_838.csv
5450306,838,Qualifying School - Event One,2018,2019-05-18,2019-05-23,2378,1552,2,4,1552,2019-05-21T11:33:23Z,matches_2018_event_838.csv
5450307,838,Qualifying School - Event One,2018,2019-05-18,2019-05-23,762,1082,3,4,1082,2019-05-21T11:51:21Z,matches_2018_event_838.csv
5450308,838,Qualifying School - Event One,2018,2019-05-18,2019-05-23,733,2363,4,0,733,2019-05-21T11:56:24Z,matches_2018_event_838.csv
5450309,838,Qualifying School - Event One,2018,2019-05-18,2019-05-23,1122,1261,4,1,1122,2019-05-21T12:41:37Z,matches_2018_event_838.csv
5450310,838,Qualifying School - Event One,2018,2019-05-18,2019-05-23,1188,511,2,4,511,2019-05-21T13:04:06Z,matches_2018_event_838.csv
5450311,838,Qualifying School - Event One,2018,2019-05-18,2019-05-23,2352,138,4,1,2352,2019-05-21T13:26:16Z,matches_2018_event_838.csv
5450313,838,Qualifying School - Event One,2018,2019-05-18,2019-05-23,519,615,4,0,519,2019-05-21T13:35:04Z,matches_2018_event_838.csv
5450314,838,Qualifying School - Event One,2018,2019-05-18,2019-05-23,2498,416,4,3,2498,2019-05-21T13:43:09Z,matches_2018_event_838.csv
5450315,838,Qualifying School - Event One,2018,2019-05-18,2019-05-23,990,1155,2,4,1155,2019-05-21T14:04:09Z,matches_2018_event_838.csv
5450316,838,Qualifying School - Event One,2018,2019-05-18,2019-05-23,163,239,2,4,239,2019-05-21T14:22:55Z,matches_2018_event_838.csv
5450317,838,Qualifying School - Event One,2018,2019-05-18,2019-05-23,2249,616,1,4,616,2019-05-21T15:31:31Z,matches_2018_event_838.csv
5450318,838,Qualifying School - Event One,2018,2019-05-18,2019-05-23,1893,50,3,4,50,2019-05-21T15:43:50Z,matches_2018_event_838.csv
5450319,838,Qualifying School - Event One,2018,2019-05-18,2019-05-23,581,1886,2,4,1886,2019-05-21T16:10:21Z,matches_2018_event_838.csv
5450320,838,Qualifying School - Event One,2018,2019-05-18,2019-05-23,1934,1433,4,2,1934,2019-05-21T16:10:21Z,matches_2018_event_838.csv
5450321,838,Qualifying School - Event One,2018,2019-05-18,2019-05-23,2345,549,2,4,549,2019-05-21T16:33:49Z,matches_2018_event_838.csv
5450322,838,Qualifying School - Event One,2018,2019-05-18,2019-05-23,23,741,4,1,23,2019-05-21T16:37:32Z,matches_2018_event_838.csv
5450323,838,Qualifying School - Event One,2018,2019-05-18,2019-05-23,2341,523,4,1,2341,2019-05-21T17:17:15Z,matches_2018_event_838.csv
5450324,838,Qualifying School - Event One,2018,2019-05-18,2019-05-23,600,605,4,2,600,2019-05-21T17:18:52Z,matches_2018_event_838.csv
5450325,838,Qualifying School - Event One,2018,2019-05-18,2019-05-23,1111,119,4,2,1111,2019-05-21T18:35:04Z,matches_2018_event_838.csv
5450326,838,Qualifying School - Event One,2018,2019-05-18,2019-05-23,65,1159,4,2,65,2019-05-21T18:46:35Z,matches_2018_event_838.csv
5450327,838,Qualifying School - Event One,2018,2019-05-18,2019-05-23,967,475,1,4,475,2019-05-21T19:19:46Z,matches_2018_event_838.csv
5450328,838,Qualifying School - Event One,2018,2019-05-18,2019-05-23,680,51,3,4,51,2019-05-21T19:19:46Z,matches_2018_event_838.csv
5450329,838,Qualifying School - Event One,2018,2019-05-18,2019-05-23,940,621,4,2,940,2019-05-21T19:31:53Z,matches_2018_event_838.csv
5450330,838,Qualifying School - Event One,2018,2019-05-18,2019-05-23,2188,1407,2,4,1407,2019-05-21T20:04:23Z,matches_2018_event_838.csv
5450331,838,Qualifying School - Event One,2018,2019-05-18,2019-05-23,124,532,4,1,124,2019-05-21T20:16:23Z,matches_2018_event_838.csv
5450332,838,Qualifying School - Event One,2018,2019-05-18,2019-05-23,2010,2483,4,3,2010,2019-05-21T20:37:22Z,matches_2018_event_838.csv
5450333,838,Qualifying School - Event One,2018,2019-05-18,2019-05-23,1485,1045,0,4,1045,2019-05-22T08:15:58Z,matches_2018_event_838.csv
5450334,838,Qualifying School - Event One,2018,2019-05-18,2019-05-23,1982,160,4,0,1982,2019-05-22T08:15:58Z,matches_2018_event_838.csv
5450335,838,Qualifying School - Event One,2018,2019-05-18,2019-05-23,998,74,4,2,998,2019-05-22T08:15:58Z,matches_2018_event_838.csv
5450336,838,Qualifying School - Event One,2018,2019-05-18,2019-05-23,1544,143,4,3,1544,2019-05-22T08:15:58Z,matches_2018_event_838.csv
5450337,838,Qualifying School - Event One,2018,2019-05-18,2019-05-23,1762,29,4,0,1762,2019-05-22T08:15:58Z,matches_2018_event_838.csv
5450338,838,Qualifying School - Event One,2018,2019-05-18,2019-05-23,2335,1889,4,3,2335,2019-05-22T08:15:58Z,matches_2018_event_838.csv
5450339,838,Qualifying School - Event One,2018,2019-05-18,2019-05-23,933,2340,2,4,2340,2019-05-22T08:15:58Z,matches_2018_event_838.csv
5450340,838,Qualifying School - Event One,2018,2019-05-18,2019-05-23,1301,6,2,4,6,2019-05-22T08:15:58Z,matches_2018_event_838.csv
5450343,838,Qualifying School - Event One,2018,2019-05-18,2019-05-23,159,633,3,4,633,2019-05-22T10:13:47Z,matches_2018_event_838.csv
5450346,838,Qualifying School - Event One,2018,2019-05-18,2019-05-23,1812,1310,4,2,1812,2019-05-22T10:16:57Z,matches_2018_event_838.csv
5450342,838,Qualifying School - Event One,2018,2019-05-18,2019-05-23,2204,1659,3,4,1659,2019-05-22T10:32:54Z,matches_2018_event_838.csv
5450341,838,Qualifying School - Event One,2018,2019-05-18,2019-05-23,941,898,4,2,941,2019-05-22T10:58:23Z,matches_2018_event_838.csv
5450344,838,Qualifying School - Event One,2018,2019-05-18,2019-05-23,133,79,1,4,79,2019-05-22T11:02:47Z,matches_2018_event_838.csv
5450345,838,Qualifying School - Event One,2018,2019-05-18,2019-05-23,1307,1323,2,4,1323,2019-05-22T11:14:35Z,matches_2018_event_838.csv
5450348,838,Qualifying School - Event One,2018,2019-05-18,2019-05-23,1082,733,4,3,1082,2019-05-22T11:33:32Z,matches_2018_event_838.csv
5450349,838,Qualifying School - Event One,2018,2019-05-18,2019-05-23,1122,511,4,2,1122,2019-05-22T13:12:41Z,matches_2018_event_838.csv
5450347,838,Qualifying School - Event One,2018,2019-05-18,2019-05-23,89,1552,0,4,1552,2019-05-22T13:21:04Z,matches_2018_event_838.csv
5450350,838,Qualifying School - Event One,2018,2019-05-18,2019-05-23,2352,225,4,2,2352,2019-05-22T13:27:26Z,matches_2018_event_838.csv
5450351,838,Qualifying School - Event One,2018,2019-05-18,2019-05-23,519,2498,3,4,2498,2019-05-22T13:27:26Z,matches_2018_event_838.csv
5450352,838,Qualifying School - Event One,2018,2019-05-18,2019-05-23,1155,239,4,3,1155,2019-05-22T13:36:55Z,matches_2018_event_838.csv
5450353,838,Qualifying School - Event One,2018,2019-05-18,2019-05-23,616,50,4,3,616,2019-05-22T13:55:24Z,matches_2018_event_838.csv
5450354,838,Qualifying School - Event One,2018,2019-05-18,2019-05-23,1886,1934,0,4,1934,2019-05-22T14:44:57Z,matches_2018_event_838.csv
5450355,838,Qualifying School - Event One,2018,2019-05-18,2019-05-23,549,23,2,4,23,2019-05-22T15:02:17Z,matches_2018_event_838.csv
5450356,838,Qualifying School - Event One,2018,2019-05-18,2019-05-23,2341,600,2,4,600,2019-05-22T15:54:58Z,matches_2018_event_838.csv
5450357,838,Qualifying School - Event One,2018,2019-05-18,2019-05-23,1111,65,4,3,1111,2019-05-22T16:12:49Z,matches_2018_event_838.csv
5450359,838,Qualifying School - Event One,2018,2019-05-18,2019-05-23,940,1407,0,4,1407,2019-05-22T17:05:12Z,matches_2018_event_838.csv
5450358,838,Qualifying School - Event One,2018,2019-05-18,2019-05-23,475,51,4,3,475,2019-05-22T17:07:21Z,matches_2018_event_838.csv
5450360,838,Qualifying School - Event One,2018,2019-05-18,2019-05-23,124,2010,4,0,124,2019-05-22T17:13:48Z,matches_2018_event_838.csv
5450361,838,Qualifying School - Event One,2018,2019-05-18,2019-05-23,1045,1982,0,4,1982,2019-05-22T17:28:45Z,matches_2018_event_838.csv
5450362,838,Qualifying School - Event One,2018,2019-05-18,2019-05-23,998,1544,4,0,998,2019-05-22T17:28:45Z,matches_2018_event_838.csv
5450363,838,Qualifying School - Event One,2018,2019-05-18,2019-05-23,1762,2335,4,1,1762,2019-05-22T17:50:11Z,matches_2018_event_838.csv
5450364,838,Qualifying School - Event One,2018,2019-05-18,2019-05-23,2340,6,4,0,2340,2019-05-22T18:48:38Z,matches_2018_event_838.csv
5450365,838,Qualifying School - Event One,2018,2019-05-18,2019-05-23,941,1659,4,2,941,2019-05-22T18:54:56Z,matches_2018_event_838.csv
5450366,838,Qualifying School - Event One,2018,2019-05-18,2019-05-23,633,79,3,4,79,2019-05-22T19:05:19Z,matches_2018_event_838.csv
5450367,838,Qualifying School - Event One,2018,2019-05-18,2019-05-23,1323,1812,4,2,1323,2019-05-22T19:14:31Z,matches_2018_event_838.csv
5450368,838,Qualifying School - Event One,2018,2019-05-18,2019-05-23,1552,1082,1,4,1082,2019-05-22T20:06:25Z,matches_2018_event_838.csv
5450369,838,Qualifying School - Event One,2018,2019-05-18,2019-05-23,1122,2352,3,4,2352,2019-05-22T20:16:22Z,matches_2018_event_838.csv
5450370,838,Qualifying School - Event One,2018,2019-05-18,2019-05-23,2498,1155,2,4,1155,2019-05-22T20:17:55Z,matches_2018_event_838.csv
5450371,838,Qualifying School - Event One,2018,2019-05-18,2019-05-23,616,1934,2,4,1934,2019-05-22T20:31:40Z,matches_2018_event_838.csv
5450372,838,Qualifying School - Event One,2018,2019-05-18,2019-05-23,23,600,4,0,23,2019-05-22T21:04:20Z,matches_2018_event_838.csv
5450373,838,Qualifying School - Event One,2018,2019-05-18,2019-05-23,1111,475,4,1,1111,2019-05-23T08:42:52Z,matches_2018_event_838.csv
5450374,838,Qualifying School - Event One,2018,2019-05-18,2019-05-23,1407,124,4,1,1407,2019-05-23T08:42:52Z,matches_2018_event_838.csv
5450375,838,Qualifying School - Event One,2018,2019-05-18,2019-05-23,1982,998,1,4,998,2019-05-23T08:42:52Z,matches_2018_event_838.csv
5450376,838,Qualifying School - Event One,2018,2019-05-18,2019-05-23,1762,2340,3,4,2340,2019-05-23T08:42:52Z,matches_2018_event_838.csv
5450377,838,Qualifying School - Event One,2018,2019-05-18,2019-05-23,941,79,1,4,79,2019-05-23T08:42:52Z,matches_2018_event_838.csv
5450378,838,Qualifying School - Event One,2018,2019-05-18,2019-05-23,1323,1082,3,4,1082,2019-05-23T08:42:52Z,matches_2018_event_838.csv
5450379,838,Qualifying School - Event One,2018,2019-05-18,2019-05-23,2352,1155,4,2,2352,2019-05-23T08:42:52Z,matches_2018_event_838.csv
5450380,838,Qualifying School - Event One,2018,2019-05-18,2019-05-23,1934,23,4,3,1934,2019-05-23T08:42:52Z,matches_2018_event_838.csv
6069562,838,Qualifying School - Event One,2018,2019-05-18,2019-05-23,1111,1407,2,4,1407,2019-05-23T12:04:59Z,matches_2018_event_838.csv
6069565,838,Qualifying School - Event One,2018,2019-05-18,2019-05-23,2352,1934,2,4,1934,2019-05-23T12:10:00Z,matches_2018_event_838.csv
6069563,838,Qualifying School - Event One,2018,2019-05-18,2019-05-23,998,2340,4,0,998,2019-05-23T12:13:20Z,matches_2018_event_838.csv
6069564,838,Qualifying School - Event One,2018,2019-05-18,2019-05-23,79,1082,4,1,79,2019-05-23T15:00:35Z,matches_2018_event_838.csv
5462801,839,Qualifying School - Event Two,2018,2019-05-24,2019-05-29,2506,3,0,0,2506,2019-05-23T12:59:46Z,matches_2018_event_839.csv
5462741,839,Qualifying School - Event Two,2018,2019-05-24,2019-05-29,1407,2504,0,0,2504,2019-05-23T14:06:44Z,matches_2018_event_839.csv
5462746,839,Qualifying School - Event Two,2018,2019-05-24,2019-05-29,1934,1687,0,0,1687,2019-05-23T15:24:29Z,matches_2018_event_839.csv
5462721,839,Qualifying School - Event Two,2018,2019-05-24,2019-05-29,2499,79,0,0,2499,2019-05-23T19:19:57Z,matches_2018_event_839.csv
5462715,839,Qualifying School - Event Two,2018,2019-05-24,2019-05-29,1114,147,4,0,1114,2019-05-24T08:00:09Z,matches_2018_event_839.csv
5462716,839,Qualifying School - Event Two,2018,2019-05-24,2019-05-29,532,967,1,4,967,2019-05-24T08:00:09Z,matches_2018_event_839.csv
5462717,839,Qualifying School - Event Two,2018,2019-05-24,2019-05-29,1188,511,3,4,511,2019-05-24T08:00:09Z,matches_2018_event_839.csv
5462718,839,Qualifying School - Event Two,2018,2019-05-24,2019-05-29,1159,1939,1,4,1939,2019-05-24T08:00:09Z,matches_2018_event_839.csv
5462719,839,Qualifying School - Event Two,2018,2019-05-24,2019-05-29,2156,1886,3,4,1886,2019-05-24T08:00:09Z,matches_2018_event_839.csv
5462720,839,Qualifying School - Event Two,2018,2019-05-24,2019-05-29,1752,1911,1,4,1911,2019-05-24T08:00:09Z,matches_2018_event_839.csv
5462722,839,Qualifying School - Event Two,2018,2019-05-24,2019-05-29,613,542,4,1,613,2019-05-24T08:00:09Z,matches_2018_event_839.csv
5462723,839,Qualifying School - Event Two,2018,2019-05-24,2019-05-29,619,1030,3,4,1030,2019-05-24T09:42:12Z,matches_2018_event_839.csv
5462724,839,Qualifying School - Event Two,2018,2019-05-24,2019-05-29,1257,133,4,1,1257,2019-05-24T09:42:12Z,matches_2018_event_839.csv
5462725,839,Qualifying School - Event Two,2018,2019-05-24,2019-05-29,1301,1731,4,2,1301,2019-05-24T09:57:43Z,matches_2018_event_839.csv
5462726,839,Qualifying School - Event Two,2018,2019-05-24,2019-05-29,940,174,4,1,940,2019-05-24T10:35:43Z,matches_2018_event_839.csv
5462727,839,Qualifying School - Event Two,2018,2019-05-24,2019-05-29,2001,2339,4,0,2001,2019-05-24T10:47:22Z,matches_2018_event_839.csv
5462728,839,Qualifying School - Event Two,2018,2019-05-24,2019-05-29,201,1261,2,4,1261,2019-05-24T11:27:15Z,matches_2018_event_839.csv
5462729,839,Qualifying School - Event Two,2018,2019-05-24,2019-05-29,515,50,0,4,50,2019-05-24T11:36:57Z,matches_2018_event_839.csv
5462730,839,Qualifying School - Event Two,2018,2019-05-24,2019-05-29,897,358,4,3,897,2019-05-24T12:16:22Z,matches_2018_event_839.csv
5450023,839,Qualifying School - Event Two,2018,2019-05-24,2019-05-29,1257,998,0,0,1257,2019-05-24T12:42:38Z,matches_2018_event_839.csv
5462731,839,Qualifying School - Event Two,2018,2019-05-24,2019-05-29,1661,163,1,4,163,2019-05-24T12:51:47Z,matches_2018_event_839.csv
5462732,839,Qualifying School - Event Two,2018,2019-05-24,2019-05-29,1090,1558,4,2,1090,2019-05-24T12:52:44Z,matches_2018_event_839.csv
5462733,839,Qualifying School - Event Two,2018,2019-05-24,2019-05-29,138,615,2,4,615,2019-05-24T13:24:39Z,matches_2018_event_839.csv
5462734,839,Qualifying School - Event Two,2018,2019-05-24,2019-05-29,1181,2336,2,4,2336,2019-05-24T13:45:27Z,matches_2018_event_839.csv
5462735,839,Qualifying School - Event Two,2018,2019-05-24,2019-05-29,2469,2320,2,4,2320,2019-05-24T13:52:40Z,matches_2018_event_839.csv
5462736,839,Qualifying School - Event Two,2018,2019-05-24,2019-05-29,2206,933,1,4,933,2019-05-24T13:52:40Z,matches_2018_event_839.csv
5462737,839,Qualifying School - Event Two,2018,2019-05-24,2019-05-29,557,633,1,4,633,2019-05-24T14:28:16Z,matches_2018_event_839.csv
5462738,839,Qualifying School - Event Two,2018,2019-05-24,2019-05-29,519,2490,4,0,519,2019-05-24T14:52:16Z,matches_2018_event_839.csv
5462739,839,Qualifying School - Event Two,2018,2019-05-24,2019-05-29,1659,1803,3,4,1803,2019-05-24T15:39:40Z,matches_2018_event_839.csv
5462740,839,Qualifying School - Event Two,2018,2019-05-24,2019-05-29,2470,2502,4,0,2470,2019-05-24T15:54:31Z,matches_2018_event_839.csv
5462742,839,Qualifying School - Event Two,2018,2019-05-24,2019-05-29,160,2400,4,1,160,2019-05-24T16:10:04Z,matches_2018_event_839.csv
5462743,839,Qualifying School - Event Two,2018,2019-05-24,2019-05-29,239,1479,4,2,239,2019-05-24T16:10:04Z,matches_2018_event_839.csv
5462744,839,Qualifying School - Event Two,2018,2019-05-24,2019-05-29,2489,424,4,1,2489,2019-05-24T16:26:48Z,matches_2018_event_839.csv
5462745,839,Qualifying School - Event Two,2018,2019-05-24,2019-05-29,2458,2010,3,4,2010,2019-05-24T16:33:42Z,matches_2018_event_839.csv
5462747,839,Qualifying School - Event Two,2018,2019-05-24,2019-05-29,2204,2335,4,2,2204,2019-05-24T17:24:01Z,matches_2018_event_839.csv
5462748,839,Qualifying School - Event Two,2018,2019-05-24,2019-05-29,124,2317,3,4,2317,2019-05-24T17:34:25Z,matches_2018_event_839.csv
5462749,839,Qualifying School - Event Two,2018,2019-05-24,2019-05-29,2338,2345,0,4,2345,2019-05-24T18:32:39Z,matches_2018_event_839.csv
5462750,839,Qualifying School - Event Two,2018,2019-05-24,2019-05-29,2498,194,4,1,2498,2019-05-24T18:32:39Z,matches_2018_event_839.csv
5462751,839,Qualifying School - Event Two,2018,2019-05-24,2019-05-29,1883,1155,4,3,1883,2019-05-24T18:52:37Z,matches_2018_event_839.csv
5462752,839,Qualifying School - Event Two,2018,2019-05-24,2019-05-29,741,2243,4,2,741,2019-05-24T19:00:00Z,matches_2018_event_839.csv
5462753,839,Qualifying School - Event Two,2018,2019-05-24,2019-05-29,941,1111,4,3,941,2019-05-24T20:09:02Z,matches_2018_event_839.csv
5462754,839,Qualifying School - Event Two,2018,2019-05-24,2019-05-29,89,2030,4,0,89,2019-05-24T20:13:37Z,matches_2018_event_839.csv
5462755,839,Qualifying School - Event Two,2018,2019-05-24,2019-05-29,2249,616,1,4,616,2019-05-24T20:33:08Z,matches_2018_event_839.csv
5462756,839,Qualifying School - Event Two,2018,2019-05-24,2019-05-29,1991,540,4,1,1991,2019-05-24T20:36:58Z,matches_2018_event_839.csv
5462757,839,Qualifying School - Event Two,2018,2019-05-24,2019-05-29,37,2486,4,1,37,2019-05-25T08:00:26Z,matches_2018_event_839.csv
5462758,839,Qualifying School - Event Two,2018,2019-05-24,2019-05-29,2188,1485,2,4,1485,2019-05-25T08:00:26Z,matches_2018_event_839.csv
5462759,839,Qualifying School - Event Two,2018,2019-05-24,2019-05-29,2480,2496,2,4,2496,2019-05-25T08:00:26Z,matches_2018_event_839.csv
5462760,839,Qualifying School - Event Two,2018,2019-05-24,2019-05-29,2044,146,1,4,146,2019-05-25T08:00:26Z,matches_2018_event_839.csv
5462761,839,Qualifying School - Event Two,2018,2019-05-24,2019-05-29,1018,74,1,4,74,2019-05-25T08:00:26Z,matches_2018_event_839.csv
5462762,839,Qualifying School - Event Two,2018,2019-05-24,2019-05-29,2337,549,0,4,549,2019-05-25T08:00:26Z,matches_2018_event_839.csv
5462763,839,Qualifying School - Event Two,2018,2019-05-24,2019-05-29,2501,422,2,4,422,2019-05-25T08:00:26Z,matches_2018_event_839.csv
5462764,839,Qualifying School - Event Two,2018,2019-05-24,2019-05-29,1812,1982,0,4,1982,2019-05-25T08:00:26Z,matches_2018_event_839.csv
5462765,839,Qualifying School - Event Two,2018,2019-05-24,2019-05-29,1565,680,1,4,680,2019-05-25T10:31:49Z,matches_2018_event_839.csv
5462766,839,Qualifying School - Event Two,2018,2019-05-24,2019-05-29,2347,159,0,4,159,2019-05-25T10:31:49Z,matches_2018_event_839.csv
5462767,839,Qualifying School - Event Two,2018,2019-05-24,2019-05-29,2081,2497,4,2,2081,2019-05-25T10:31:49Z,matches_2018_event_839.csv
5462768,839,Qualifying School - Event Two,2018,2019-05-24,2019-05-29,2051,1190,0,4,1190,2019-05-25T10:31:49Z,matches_2018_event_839.csv
5462769,839,Qualifying School - Event Two,2018,2019-05-24,2019-05-29,1310,2161,4,1,1310,2019-05-25T10:55:34Z,matches_2018_event_839.csv
5462770,839,Qualifying School - Event Two,2018,2019-05-24,2019-05-29,2491,2482,1,4,2482,2019-05-25T11:02:48Z,matches_2018_event_839.csv
5462771,839,Qualifying School - Event Two,2018,2019-05-24,2019-05-29,1491,29,1,4,29,2019-05-25T11:42:37Z,matches_2018_event_839.csv
5462772,839,Qualifying School - Event Two,2018,2019-05-24,2019-05-29,947,552,1,4,552,2019-05-25T12:02:57Z,matches_2018_event_839.csv
5462776,839,Qualifying School - Event Two,2018,2019-05-24,2019-05-29,1835,102,4,2,1835,2019-05-25T13:03:20Z,matches_2018_event_839.csv
5462774,839,Qualifying School - Event Two,2018,2019-05-24,2019-05-29,1045,2493,4,0,1045,2019-05-25T13:04:32Z,matches_2018_event_839.csv
5462775,839,Qualifying School - Event Two,2018,2019-05-24,2019-05-29,2061,1307,3,4,1307,2019-05-25T13:04:32Z,matches_2018_event_839.csv
5462777,839,Qualifying School - Event Two,2018,2019-05-24,2019-05-29,182,1350,0,4,1350,2019-05-25T13:04:32Z,matches_2018_event_839.csv
5462779,839,Qualifying School - Event Two,2018,2019-05-24,2019-05-29,1893,2361,4,0,1893,2019-05-25T13:05:51Z,matches_2018_event_839.csv
5462773,839,Qualifying School - Event Two,2018,2019-05-24,2019-05-29,2484,108,1,4,108,2019-05-25T14:02:58Z,matches_2018_event_839.csv
5462778,839,Qualifying School - Event Two,2018,2019-05-24,2019-05-29,1421,2049,2,4,2049,2019-05-25T14:11:15Z,matches_2018_event_839.csv
5462780,839,Qualifying School - Event Two,2018,2019-05-24,2019-05-29,1041,2341,1,4,2341,2019-05-25T14:37:46Z,matches_2018_event_839.csv
5462781,839,Qualifying School - Event Two,2018,2019-05-24,2019-05-29,2348,1351,1,4,1351,2019-05-25T14:57:49Z,matches_2018_event_839.csv
5462782,839,Qualifying School - Event Two,2018,2019-05-24,2019-05-29,605,2038,4,1,605,2019-05-25T15:21:37Z,matches_2018_event_839.csv
5462784,839,Qualifying School - Event Two,2018,2019-05-24,2019-05-29,1762,1209,4,0,1762,2019-05-25T15:38:38Z,matches_2018_event_839.csv
5462785,839,Qualifying School - Event Two,2018,2019-05-24,2019-05-29,1552,2274,4,1,1552,2019-05-25T15:38:38Z,matches_2018_event_839.csv
5462787,839,Qualifying School - Event Two,2018,2019-05-24,2019-05-29,2350,953,0,4,953,2019-05-25T15:38:38Z,matches_2018_event_839.csv
5462783,839,Qualifying School - Event Two,2018,2019-05-24,2019-05-29,2090,733,2,4,733,2019-05-25T16:42:26Z,matches_2018_event_839.csv
5462788,839,Qualifying School - Event Two,2018,2019-05-24,2019-05-29,1851,523,1,4,523,2019-05-25T16:59:40Z,matches_2018_event_839.csv
5462786,839,Qualifying School - Event Two,2018,2019-05-24,2019-05-29,1727,65,1,4,65,2019-05-25T17:04:24Z,matches_2018_event_839.csv
5462792,839,Qualifying School - Event Two,2018,2019-05-24,2019-05-29,23,2121,4,0,23,2019-05-25T17:43:27Z,matches_2018_event_839.csv
5462793,839,Qualifying School - Event Two,2018,2019-05-24,2019-05-29,2483,119,1,4,119,2019-05-25T17:46:26Z,matches_2018_event_839.csv
5462794,839,Qualifying School - Event Two,2018,2019-05-24,2019-05-29,2354,225,2,4,225,2019-05-25T17:46:26Z,matches_2018_event_839.csv
5462791,839,Qualifying School - Event Two,2018,2019-05-24,2019-05-29,1323,2363,4,2,1323,2019-05-25T17:49:15Z,matches_2018_event_839.csv
5462789,839,Qualifying School - Event Two,2018,2019-05-24,2019-05-29,2468,1177,1,4,1177,2019-05-25T18:08:27Z,matches_2018_event_839.csv
5462790,839,Qualifying School - Event Two,2018,2019-05-24,2019-05-29,6,2367,2,4,2367,2019-05-25T19:19:03Z,matches_2018_event_839.csv
5462795,839,Qualifying School - Event Two,2018,2019-05-24,2019-05-29,762,1544,3,4,1544,2019-05-25T19:27:24Z,matches_2018_event_839.csv
5462796,839,Qualifying School - Event Two,2018,2019-05-24,2019-05-29,531,416,1,4,416,2019-05-25T19:27:24Z,matches_2018_event_839.csv
5462797,839,Qualifying School - Event Two,2018,2019-05-24,2019-05-29,206,175,3,4,175,2019-05-26T07:50:01Z,matches_2018_event_839.csv
5462798,839,Qualifying School - Event Two,2018,2019-05-24,2019-05-29,2488,2505,3,4,2505,2019-05-26T07:50:01Z,matches_2018_event_839.csv
5462799,839,Qualifying School - Event Two,2018,2019-05-24,2019-05-29,2366,600,2,4,600,2019-05-26T07:50:01Z,matches_2018_event_839.csv
5462800,839,Qualifying School - Event Two,2018,2019-05-24,2019-05-29,793,1433,4,2,793,2019-05-26T07:50:01Z,matches_2018_event_839.csv
5462802,839,Qualifying School - Event Two,2018,2019-05-24,2019-05-29,534,2340,4,1,534,2019-05-26T07:50:01Z,matches_2018_event_839.csv
5462803,839,Qualifying School - Event Two,2018,2019-05-24,2019-05-29,898,1494,4,1,898,2019-05-26T07:50:01Z,matches_2018_event_839.csv
5462804,839,Qualifying School - Event Two,2018,2019-05-24,2019-05-29,621,51,3,4,51,2019-05-26T07:50:01Z,matches_2018_event_839.csv
5450017,839,Qualifying School - Event Two,2018,2019-05-24,2019-05-29,1114,967,3,4,967,2019-05-26T11:12:26Z,matches_2018_event_839.csv
5450018,839,Qualifying School - Event Two,2018,2019-05-24,2019-05-29,511,1939,4,1,511,2019-05-26T11:12:26Z,matches_2018_event_839.csv
5450019,839,Qualifying School - Event Two,2018,2019-05-24,2019-05-29,1886,2503,4,1,1886,2019-05-26T11:12:26Z,matches_2018_event_839.csv
5450020,839,Qualifying School - Event Two,2018,2019-05-24,2019-05-29,1911,2332,4,3,1911,2019-05-26T11:12:26Z,matches_2018_event_839.csv
5450021,839,Qualifying School - Event Two,2018,2019-05-24,2019-05-29,2499,2352,4,2,2499,2019-05-26T11:13:03Z,matches_2018_event_839.csv
5450022,839,Qualifying School - Event Two,2018,2019-05-24,2019-05-29,613,1030,4,3,613,2019-05-26T11:35:43Z,matches_2018_event_839.csv
5450024,839,Qualifying School - Event Two,2018,2019-05-24,2019-05-29,1301,1148,4,0,1301,2019-05-26T11:44:28Z,matches_2018_event_839.csv
5450025,839,Qualifying School - Event Two,2018,2019-05-24,2019-05-29,940,2001,4,0,940,2019-05-26T12:59:52Z,matches_2018_event_839.csv
5450026,839,Qualifying School - Event Two,2018,2019-05-24,2019-05-29,1261,2253,4,0,1261,2019-05-26T13:09:10Z,matches_2018_event_839.csv
5450027,839,Qualifying School - Event Two,2018,2019-05-24,2019-05-29,50,897,4,0,50,2019-05-26T13:26:28Z,matches_2018_event_839.csv
5450028,839,Qualifying School - Event Two,2018,2019-05-24,2019-05-29,163,1090,4,1,163,2019-05-26T13:37:01Z,matches_2018_event_839.csv
5450029,839,Qualifying School - Event Two,2018,2019-05-24,2019-05-29,615,165,4,1,615,2019-05-26T13:41:16Z,matches_2018_event_839.csv
5450030,839,Qualifying School - Event Two,2018,2019-05-24,2019-05-29,2336,141,4,2,2336,2019-05-26T13:51:53Z,matches_2018_event_839.csv
5450031,839,Qualifying School - Event Two,2018,2019-05-24,2019-05-29,2320,1082,1,4,1082,2019-05-26T14:18:45Z,matches_2018_event_839.csv
5450032,839,Qualifying School - Event Two,2018,2019-05-24,2019-05-29,933,1724,4,0,933,2019-05-26T14:48:47Z,matches_2018_event_839.csv
5450039,839,Qualifying School - Event Two,2018,2019-05-24,2019-05-29,1687,2196,4,2,1687,2019-05-26T15:16:05Z,matches_2018_event_839.csv
5450033,839,Qualifying School - Event Two,2018,2019-05-24,2019-05-29,633,519,4,0,633,2019-05-26T15:31:21Z,matches_2018_event_839.csv
5450034,839,Qualifying School - Event Two,2018,2019-05-24,2019-05-29,1803,2470,4,2,1803,2019-05-26T15:38:52Z,matches_2018_event_839.csv
5450036,839,Qualifying School - Event Two,2018,2019-05-24,2019-05-29,160,581,4,2,160,2019-05-26T16:33:25Z,matches_2018_event_839.csv
5450037,839,Qualifying School - Event Two,2018,2019-05-24,2019-05-29,239,2479,3,4,2479,2019-05-26T16:43:52Z,matches_2018_event_839.csv
5450035,839,Qualifying School - Event Two,2018,2019-05-24,2019-05-29,2504,1923,4,2,2504,2019-05-26T16:44:27Z,matches_2018_event_839.csv
5450038,839,Qualifying School - Event Two,2018,2019-05-24,2019-05-29,2489,2010,0,4,2010,2019-05-26T17:16:29Z,matches_2018_event_839.csv
5450040,839,Qualifying School - Event Two,2018,2019-05-24,2019-05-29,2204,2317,4,3,2204,2019-05-26T17:22:06Z,matches_2018_event_839.csv
5450041,839,Qualifying School - Event Two,2018,2019-05-24,2019-05-29,2345,2500,4,1,2345,2019-05-26T17:41:56Z,matches_2018_event_839.csv
5450042,839,Qualifying School - Event Two,2018,2019-05-24,2019-05-29,2498,143,4,2,2498,2019-05-26T18:53:32Z,matches_2018_event_839.csv
5450043,839,Qualifying School - Event Two,2018,2019-05-24,2019-05-29,1883,913,1,4,913,2019-05-26T18:53:32Z,matches_2018_event_839.csv
5450044,839,Qualifying School - Event Two,2018,2019-05-24,2019-05-29,741,941,2,4,941,2019-05-26T19:12:09Z,matches_2018_event_839.csv
5450046,839,Qualifying School - Event Two,2018,2019-05-24,2019-05-29,616,1946,4,2,616,2019-05-26T19:38:04Z,matches_2018_event_839.csv
5450045,839,Qualifying School - Event Two,2018,2019-05-24,2019-05-29,89,1889,2,4,1889,2019-05-26T19:38:45Z,matches_2018_event_839.csv
5450047,839,Qualifying School - Event Two,2018,2019-05-24,2019-05-29,1991,37,0,4,37,2019-05-26T19:47:59Z,matches_2018_event_839.csv
5450048,839,Qualifying School - Event Two,2018,2019-05-24,2019-05-29,1485,2496,4,2,1485,2019-05-26T20:27:48Z,matches_2018_event_839.csv
5450049,839,Qualifying School - Event Two,2018,2019-05-24,2019-05-29,146,74,1,4,74,2019-05-27T07:48:49Z,matches_2018_event_839.csv
5450050,839,Qualifying School - Event Two,2018,2019-05-24,2019-05-29,549,422,4,2,549,2019-05-27T07:48:49Z,matches_2018_event_839.csv
5450051,839,Qualifying School - Event Two,2018,2019-05-24,2019-05-29,1982,2055,4,1,1982,2019-05-27T07:48:49Z,matches_2018_event_839.csv
5450052,839,Qualifying School - Event Two,2018,2019-05-24,2019-05-29,680,1122,3,4,1122,2019-05-27T07:48:49Z,matches_2018_event_839.csv
5450053,839,Qualifying School - Event Two,2018,2019-05-24,2019-05-29,159,2378,4,2,159,2019-05-27T07:48:49Z,matches_2018_event_839.csv
5450054,839,Qualifying School - Event Two,2018,2019-05-24,2019-05-29,2081,2358,4,0,2081,2019-05-27T07:48:49Z,matches_2018_event_839.csv
5450055,839,Qualifying School - Event Two,2018,2019-05-24,2019-05-29,1190,2478,4,0,1190,2019-05-27T07:48:49Z,matches_2018_event_839.csv
5450056,839,Qualifying School - Event Two,2018,2019-05-24,2019-05-29,1310,2482,4,1,1310,2019-05-27T07:48:49Z,matches_2018_event_839.csv
5450058,839,Qualifying School - Event Two,2018,2019-05-24,2019-05-29,108,156,4,0,108,2019-05-27T10:19:20Z,matches_2018_event_839.csv
5450057,839,Qualifying School - Event Two,2018,2019-05-24,2019-05-29,29,552,2,4,552,2019-05-27T10:28:19Z,matches_2018_event_839.csv
5450062,839,Qualifying School - Event Two,2018,2019-05-24,2019-05-29,2049,198,4,2,2049,2019-05-27T10:28:19Z,matches_2018_event_839.csv
5450059,839,Qualifying School - Event Two,2018,2019-05-24,2019-05-29,1045,1307,4,1,1045,2019-05-27T10:39:44Z,matches_2018_event_839.csv
5450060,839,Qualifying School - Event Two,2018,2019-05-24,2019-05-29,1835,1186,4,3,1835,2019-05-27T10:43:29Z,matches_2018_event_839.csv
5450061,839,Qualifying School - Event Two,2018,2019-05-24,2019-05-29,1350,794,4,0,1350,2019-05-27T10:51:57Z,matches_2018_event_839.csv
5450063,839,Qualifying School - Event Two,2018,2019-05-24,2019-05-29,1893,2346,4,0,1893,2019-05-27T11:06:01Z,matches_2018_event_839.csv
5450064,839,Qualifying School - Event Two,2018,2019-05-24,2019-05-29,2341,990,4,0,2341,2019-05-27T11:50:31Z,matches_2018_event_839.csv
5450065,839,Qualifying School - Event Two,2018,2019-05-24,2019-05-29,1351,605,4,1,1351,2019-05-27T12:46:43Z,matches_2018_event_839.csv
5450067,839,Qualifying School - Event Two,2018,2019-05-24,2019-05-29,1552,834,0,4,834,2019-05-27T13:05:16Z,matches_2018_event_839.csv
5450066,839,Qualifying School - Event Two,2018,2019-05-24,2019-05-29,733,1762,4,0,733,2019-05-27T13:07:00Z,matches_2018_event_839.csv
5450068,839,Qualifying School - Event Two,2018,2019-05-24,2019-05-29,65,522,4,2,65,2019-05-27T13:09:24Z,matches_2018_event_839.csv
5450069,839,Qualifying School - Event Two,2018,2019-05-24,2019-05-29,953,2485,4,3,953,2019-05-27T13:20:35Z,matches_2018_event_839.csv
5450070,839,Qualifying School - Event Two,2018,2019-05-24,2019-05-29,523,2494,4,1,523,2019-05-27T13:40:09Z,matches_2018_event_839.csv
5450071,839,Qualifying School - Event Two,2018,2019-05-24,2019-05-29,1177,2367,4,0,1177,2019-05-27T13:50:12Z,matches_2018_event_839.csv
5450072,839,Qualifying School - Event Two,2018,2019-05-24,2019-05-29,1323,475,2,4,475,2019-05-27T14:02:26Z,matches_2018_event_839.csv
5450073,839,Qualifying School - Event Two,2018,2019-05-24,2019-05-29,23,26,3,4,26,2019-05-27T15:04:33Z,matches_2018_event_839.csv
5450075,839,Qualifying School - Event Two,2018,2019-05-24,2019-05-29,1544,416,2,4,416,2019-05-27T15:24:06Z,matches_2018_event_839.csv
5450074,839,Qualifying School - Event Two,2018,2019-05-24,2019-05-29,119,225,4,3,119,2019-05-27T15:26:42Z,matches_2018_event_839.csv
5450076,839,Qualifying School - Event Two,2018,2019-05-24,2019-05-29,175,2505,3,4,2505,2019-05-27T15:51:29Z,matches_2018_event_839.csv
5450077,839,Qualifying School - Event Two,2018,2019-05-24,2019-05-29,600,2507,4,1,600,2019-05-27T16:00:28Z,matches_2018_event_839.csv
5450078,839,Qualifying School - Event Two,2018,2019-05-24,2019-05-29,793,2487,4,2,793,2019-05-27T16:12:39Z,matches_2018_event_839.csv
5450079,839,Qualifying School - Event Two,2018,2019-05-24,2019-05-29,2506,534,0,4,534,2019-05-27T16:25:23Z,matches_2018_event_839.csv
5450080,839,Qualifying School - Event Two,2018,2019-05-24,2019-05-29,898,51,1,4,51,2019-05-27T17:42:23Z,matches_2018_event_839.csv
5449985,839,Qualifying School - Event Two,2018,2019-05-24,2019-05-29,967,511,0,4,511,2019-05-27T17:48:56Z,matches_2018_event_839.csv
5449986,839,Qualifying School - Event Two,2018,2019-05-24,2019-05-29,1886,1911,2,4,1911,2019-05-27T17:57:41Z,matches_2018_event_839.csv
5449987,839,Qualifying School - Event Two,2018,2019-05-24,2019-05-29,2499,613,4,3,2499,2019-05-27T18:17:52Z,matches_2018_event_839.csv
5449988,839,Qualifying School - Event Two,2018,2019-05-24,2019-05-29,1257,1301,2,4,1301,2019-05-27T18:27:34Z,matches_2018_event_839.csv
5449989,839,Qualifying School - Event Two,2018,2019-05-24,2019-05-29,940,1261,1,4,1261,2019-05-27T19:05:14Z,matches_2018_event_839.csv
5449990,839,Qualifying School - Event Two,2018,2019-05-24,2019-05-29,50,163,4,0,50,2019-05-27T19:16:10Z,matches_2018_event_839.csv
5449991,839,Qualifying School - Event Two,2018,2019-05-24,2019-05-29,615,2336,4,0,615,2019-05-27T19:38:02Z,matches_2018_event_839.csv
5449992,839,Qualifying School - Event Two,2018,2019-05-24,2019-05-29,1082,933,0,4,933,2019-05-27T19:47:50Z,matches_2018_event_839.csv
5449993,839,Qualifying School - Event Two,2018,2019-05-24,2019-05-29,633,1803,4,1,633,2019-05-28T07:50:13Z,matches_2018_event_839.csv
5449994,839,Qualifying School - Event Two,2018,2019-05-24,2019-05-29,2504,160,1,4,160,2019-05-28T07:50:13Z,matches_2018_event_839.csv
5449995,839,Qualifying School - Event Two,2018,2019-05-24,2019-05-29,2479,2010,4,1,2479,2019-05-28T07:50:13Z,matches_2018_event_839.csv
5449996,839,Qualifying School - Event Two,2018,2019-05-24,2019-05-29,1687,2204,1,4,2204,2019-05-28T07:50:13Z,matches_2018_event_839.csv
5449997,839,Qualifying School - Event Two,2018,2019-05-24,2019-05-29,2345,2498,2,4,2498,2019-05-28T07:50:13Z,matches_2018_event_839.csv
5449998,839,Qualifying School - Event Two,2018,2019-05-24,2019-05-29,913,941,1,4,941,2019-05-28T07:50:13Z,matches_2018_event_839.csv
5449999,839,Qualifying School - Event Two,2018,2019-05-24,2019-05-29,1889,616,3,4,616,2019-05-28T07:50:13Z,matches_2018_event_839.csv
5450000,839,Qualifying School - Event Two,2018,2019-05-24,2019-05-29,37,1485,4,1,37,2019-05-28T07:50:13Z,matches_2018_event_839.csv
5450001,839,Qualifying School - Event Two,2018,2019-05-24,2019-05-29,74,549,4,2,74,2019-05-28T10:24:49Z,matches_2018_event_839.csv
5450002,839,Qualifying School - Event Two,2018,2019-05-24,2019-05-29,1982,1122,4,1,1982,2019-05-28T10:24:49Z,matches_2018_event_839.csv
5450003,839,Qualifying School - Event Two,2018,2019-05-24,2019-05-29,159,2081,4,3,159,2019-05-28T10:33:36Z,matches_2018_event_839.csv
5450004,839,Qualifying School - Event Two,2018,2019-05-24,2019-05-29,1190,1310,2,4,1310,2019-05-28T10:36:35Z,matches_2018_event_839.csv
5450005,839,Qualifying School - Event Two,2018,2019-05-24,2019-05-29,552,108,3,4,108,2019-05-28T10:36:35Z,matches_2018_event_839.csv
5450006,839,Qualifying School - Event Two,2018,2019-05-24,2019-05-29,1045,1835,4,2,1045,2019-05-28T10:43:47Z,matches_2018_event_839.csv
5450007,839,Qualifying School - Event Two,2018,2019-05-24,2019-05-29,1350,2049,3,4,2049,2019-05-28T11:01:29Z,matches_2018_event_839.csv
5450008,839,Qualifying School - Event Two,2018,2019-05-24,2019-05-29,1893,2341,2,4,2341,2019-05-28T11:07:10Z,matches_2018_event_839.csv
5450009,839,Qualifying School - Event Two,2018,2019-05-24,2019-05-29,1351,733,0,4,733,2019-05-28T12:46:08Z,matches_2018_event_839.csv
5450010,839,Qualifying School - Event Two,2018,2019-05-24,2019-05-29,834,65,0,4,65,2019-05-28T13:13:50Z,matches_2018_event_839.csv
5450011,839,Qualifying School - Event Two,2018,2019-05-24,2019-05-29,953,523,3,4,523,2019-05-28T13:14:21Z,matches_2018_event_839.csv
5450012,839,Qualifying School - Event Two,2018,2019-05-24,2019-05-29,1177,475,2,4,475,2019-05-28T13:43:01Z,matches_2018_event_839.csv
5450013,839,Qualifying School - Event Two,2018,2019-05-24,2019-05-29,26,119,4,2,26,2019-05-28T13:45:41Z,matches_2018_event_839.csv
5450014,839,Qualifying School - Event Two,2018,2019-05-24,2019-05-29,416,2505,4,0,416,2019-05-28T14:10:31Z,matches_2018_event_839.csv
5450015,839,Qualifying School - Event Two,2018,2019-05-24,2019-05-29,600,793,1,4,793,2019-05-28T14:15:45Z,matches_2018_event_839.csv
5450016,839,Qualifying School - Event Two,2018,2019-05-24,2019-05-29,534,51,4,3,534,2019-05-28T14:43:28Z,matches_2018_event_839.csv
5449970,839,Qualifying School - Event Two,2018,2019-05-24,2019-05-29,2499,1301,4,3,2499,2019-05-28T15:14:34Z,matches_2018_event_839.csv
5449974,839,Qualifying School - Event Two,2018,2019-05-24,2019-05-29,2479,2204,4,3,2479,2019-05-28T15:20:46Z,matches_2018_event_839.csv
5449969,839,Qualifying School - Event Two,2018,2019-05-24,2019-05-29,511,1911,4,2,511,2019-05-28T16:02:09Z,matches_2018_event_839.csv
5449971,839,Qualifying School - Event Two,2018,2019-05-24,2019-05-29,1261,50,4,3,1261,2019-05-28T16:07:56Z,matches_2018_event_839.csv
5449972,839,Qualifying School - Event Two,2018,2019-05-24,2019-05-29,615,933,2,4,933,2019-05-28T17:06:05Z,matches_2018_event_839.csv
5449973,839,Qualifying School - Event Two,2018,2019-05-24,2019-05-29,633,160,0,4,160,2019-05-28T17:14:22Z,matches_2018_event_839.csv
5449975,839,Qualifying School - Event Two,2018,2019-05-24,2019-05-29,2498,941,4,3,2498,2019-05-28T17:15:13Z,matches_2018_event_839.csv
5449976,839,Qualifying School - Event Two,2018,2019-05-24,2019-05-29,616,37,3,4,37,2019-05-28T17:56:00Z,matches_2018_event_839.csv
5449977,839,Qualifying School - Event Two,2018,2019-05-24,2019-05-29,74,1982,1,4,1982,2019-05-28T18:55:28Z,matches_2018_event_839.csv
5449978,839,Qualifying School - Event Two,2018,2019-05-24,2019-05-29,159,1310,2,4,1310,2019-05-28T19:03:02Z,matches_2018_event_839.csv
5449979,839,Qualifying School - Event Two,2018,2019-05-24,2019-05-29,108,1045,2,4,1045,2019-05-28T19:22:16Z,matches_2018_event_839.csv
5449980,839,Qualifying School - Event Two,2018,2019-05-24,2019-05-29,2049,2341,4,1,2049,2019-05-28T19:30:12Z,matches_2018_event_839.csv
5449981,839,Qualifying School - Event Two,2018,2019-05-24,2019-05-29,733,65,2,4,65,2019-05-28T19:51:09Z,matches_2018_event_839.csv
5449982,839,Qualifying School - Event Two,2018,2019-05-24,2019-05-29,523,475,4,1,523,2019-05-28T19:56:19Z,matches_2018_event_839.csv
5449983,839,Qualifying School - Event Two,2018,2019-05-24,2019-05-29,26,416,2,4,416,2019-05-28T20:02:16Z,matches_2018_event_839.csv
5449984,839,Qualifying School - Event Two,2018,2019-05-24,2019-05-29,793,534,1,4,534,2019-05-28T20:56:49Z,matches_2018_event_839.csv
5449961,839,Qualifying School - Event Two,2018,2019-05-24,2019-05-29,511,2499,4,2,511,2019-05-29T09:11:55Z,matches_2018_event_839.csv
5449962,839,Qualifying School - Event Two,2018,2019-05-24,2019-05-29,1261,933,0,4,933,2019-05-29T09:11:55Z,matches_2018_event_839.csv
5449963,839,Qualifying School - Event Two,2018,2019-05-24,2019-05-29,160,2479,2,4,2479,2019-05-29T09:11:55Z,matches_2018_event_839.csv
5449964,839,Qualifying School - Event Two,2018,2019-05-24,2019-05-29,2498,37,2,4,37,2019-05-29T09:11:55Z,matches_2018_event_839.csv
5449965,839,Qualifying School - Event Two,2018,2019-05-24,2019-05-29,1982,1310,4,2,1982,2019-05-29T09:11:55Z,matches_2018_event_839.csv
5449966,839,Qualifying School - Event Two,2018,2019-05-24,2019-05-29,1045,2049,4,1,1045,2019-05-29T09:11:55Z,matches_2018_event_839.csv
5449967,839,Qualifying School - Event Two,2018,2019-05-24,2019-05-29,65,523,3,4,523,2019-05-29T09:11:55Z,matches_2018_event_839.csv
5449968,839,Qualifying School - Event Two,2018,2019-05-24,2019-05-29,416,534,1,4,534,2019-05-29T09:11:55Z,matches_2018_event_839.csv
5449957,839,Qualifying School - Event Two,2018,2019-05-24,2019-05-29,511,933,0,4,933,2019-05-29T12:06:13Z,matches_2018_event_839.csv
5449958,839,Qualifying School - Event Two,2018,2019-05-24,2019-05-29,2479,37,4,3,2479,2019-05-29T12:06:13Z,matches_2018_event_839.csv
5449959,839,Qualifying School - Event Two,2018,2019-05-24,2019-05-29,1982,1045,3,4,1045,2019-05-29T12:06:13Z,matches_2018_event_839.csv
5449960,839,Qualifying School - Event Two,2018,2019-05-24,2019-05-29,523,534,1,4,534,2019-05-29T12:06:13Z,matches_2018_event_839.csv
5642657,840,Qualifying School - Event Three,2018,2019-05-30,2019-06-04,1407,2090,0,0,2090,2019-05-23T14:08:41Z,matches_2018_event_840.csv
5642628,840,Qualifying School - Event Three,2018,2019-05-30,2019-06-04,2490,998,0,0,2490,2019-05-23T14:14:20Z,matches_2018_event_840.csv
5642670,840,Qualifying School - Event Three,2018,2019-05-30,2019-06-04,1934,2482,0,0,2482,2019-05-23T15:26:36Z,matches_2018_event_840.csv
5642665,840,Qualifying School - Event Three,2018,2019-05-30,2019-06-04,79,2340,0,0,2340,2019-05-23T19:21:36Z,matches_2018_event_840.csv
5642673,840,Qualifying School - Event Three,2018,2019-05-30,2019-06-04,534,165,0,0,165,2019-05-29T14:36:53Z,matches_2018_event_840.csv
5642598,840,Qualifying School - Event Three,2018,2019-05-30,2019-06-04,141,194,0,0,141,2019-05-29T14:57:07Z,matches_2018_event_840.csv
5642592,840,Qualifying School - Event Three,2018,2019-05-30,2019-06-04,1155,1494,4,0,1155,2019-05-30T07:43:23Z,matches_2018_event_840.csv
5642593,840,Qualifying School - Event Three,2018,2019-05-30,2019-06-04,1727,2499,3,4,2499,2019-05-30T07:43:23Z,matches_2018_event_840.csv
5642594,840,Qualifying School - Event Three,2018,2019-05-30,2019-06-04,1731,143,1,4,143,2019-05-30T07:43:23Z,matches_2018_event_840.csv
5642595,840,Qualifying School - Event Three,2018,2019-05-30,2019-06-04,138,953,4,0,138,2019-05-30T07:43:23Z,matches_2018_event_840.csv
5642596,840,Qualifying School - Event Three,2018,2019-05-30,2019-06-04,1889,1350,1,4,1350,2019-05-30T07:43:23Z,matches_2018_event_840.csv
5642597,840,Qualifying School - Event Three,2018,2019-05-30,2019-06-04,615,2470,4,0,615,2019-05-30T07:43:23Z,matches_2018_event_840.csv
5642599,840,Qualifying School - Event Three,2018,2019-05-30,2019-06-04,1893,102,4,1,1893,2019-05-30T07:43:23Z,matches_2018_event_840.csv
5642601,840,Qualifying School - Event Three,2018,2019-05-30,2019-06-04,581,422,2,4,422,2019-05-30T09:46:24Z,matches_2018_event_840.csv
5642606,840,Qualifying School - Event Three,2018,2019-05-30,2019-06-04,65,519,4,2,65,2019-05-30T09:46:24Z,matches_2018_event_840.csv
5642600,840,Qualifying School - Event Three,2018,2019-05-30,2019-06-04,160,1310,4,1,160,2019-05-30T09:52:13Z,matches_2018_event_840.csv
5642602,840,Qualifying School - Event Three,2018,2019-05-30,2019-06-04,6,133,4,2,6,2019-05-30T09:57:28Z,matches_2018_event_840.csv
5642603,840,Qualifying School - Event Three,2018,2019-05-30,2019-06-04,1209,225,1,4,225,2019-05-30T10:08:23Z,matches_2018_event_840.csv
5642604,840,Qualifying School - Event Three,2018,2019-05-30,2019-06-04,2196,1803,1,4,1803,2019-05-30T10:08:23Z,matches_2018_event_840.csv
5642605,840,Qualifying School - Event Three,2018,2019-05-30,2019-06-04,1835,1261,3,4,1261,2019-05-30T10:27:59Z,matches_2018_event_840.csv
5642607,840,Qualifying School - Event Three,2018,2019-05-30,2019-06-04,680,1485,4,2,680,2019-05-30T10:38:18Z,matches_2018_event_840.csv
5642610,840,Qualifying School - Event Three,2018,2019-05-30,2019-06-04,1301,1421,0,4,1421,2019-05-30T11:38:19Z,matches_2018_event_840.csv
5642608,840,Qualifying School - Event Three,2018,2019-05-30,2019-06-04,1659,1661,4,3,1659,2019-05-30T12:31:45Z,matches_2018_event_840.csv
5642611,840,Qualifying School - Event Three,2018,2019-05-30,2019-06-04,2317,2121,4,0,2317,2019-05-30T12:34:12Z,matches_2018_event_840.csv
5642609,840,Qualifying School - Event Three,2018,2019-05-30,2019-06-04,2243,1479,3,4,1479,2019-05-30T12:34:49Z,matches_2018_event_840.csv
5642612,840,Qualifying School - Event Three,2018,2019-05-30,2019-06-04,913,762,4,1,913,2019-05-30T13:10:25Z,matches_2018_event_840.csv
5642613,840,Qualifying School - Event Three,2018,2019-05-30,2019-06-04,1030,531,4,3,1030,2019-05-30T13:12:10Z,matches_2018_event_840.csv
5642614,840,Qualifying School - Event Three,2018,2019-05-30,2019-06-04,2335,2332,4,0,2335,2019-05-30T13:14:35Z,matches_2018_event_840.csv
5642615,840,Qualifying School - Event Three,2018,2019-05-30,2019-06-04,2485,619,2,4,619,2019-05-30T13:22:15Z,matches_2018_event_840.csv
5642616,840,Qualifying School - Event Three,2018,2019-05-30,2019-06-04,515,1851,4,1,515,2019-05-30T13:53:57Z,matches_2018_event_840.csv
5642617,840,Qualifying School - Event Three,2018,2019-05-30,2019-06-04,2055,2363,4,3,2055,2019-05-30T14:48:01Z,matches_2018_event_840.csv
5642618,840,Qualifying School - Event Three,2018,2019-05-30,2019-06-04,793,1923,3,4,1923,2019-05-30T15:09:25Z,matches_2018_event_840.csv
5642619,840,Qualifying School - Event Three,2018,2019-05-30,2019-06-04,2505,74,2,4,74,2019-05-30T15:22:00Z,matches_2018_event_840.csv
5642620,840,Qualifying School - Event Three,2018,2019-05-30,2019-06-04,159,2504,4,1,159,2019-05-30T16:14:19Z,matches_2018_event_840.csv
5642621,840,Qualifying School - Event Three,2018,2019-05-30,2019-06-04,1181,1190,4,2,1181,2019-05-30T16:14:19Z,matches_2018_event_840.csv
5642622,840,Qualifying School - Event Three,2018,2019-05-30,2019-06-04,898,1724,3,4,1724,2019-05-30T16:14:19Z,matches_2018_event_840.csv
5642623,840,Qualifying School - Event Three,2018,2019-05-30,2019-06-04,1565,2339,4,2,1565,2019-05-30T16:17:10Z,matches_2018_event_840.csv
5642696,840,Qualifying School - Event Three,2018,2019-05-30,2019-06-04,913,933,0,0,913,2019-05-30T17:10:14Z,matches_2018_event_840.csv
5642624,840,Qualifying School - Event Three,2018,2019-05-30,2019-06-04,26,2337,4,0,26,2019-05-30T17:26:51Z,matches_2018_event_840.csv
5642625,840,Qualifying School - Event Three,2018,2019-05-30,2019-06-04,2487,1082,0,4,1082,2019-05-30T17:31:49Z,matches_2018_event_840.csv
5642626,840,Qualifying School - Event Three,2018,2019-05-30,2019-06-04,1041,2253,4,0,1041,2019-05-30T18:06:27Z,matches_2018_event_840.csv
5642627,840,Qualifying School - Event Three,2018,2019-05-30,2019-06-04,2161,2400,4,3,2161,2019-05-30T18:10:15Z,matches_2018_event_840.csv
5642629,840,Qualifying School - Event Three,2018,2019-05-30,2019-06-04,1991,2483,3,4,2483,2019-05-30T18:22:04Z,matches_2018_event_840.csv
5642630,840,Qualifying School - Event Three,2018,2019-05-30,2019-06-04,2486,1188,0,4,1188,2019-05-30T18:54:57Z,matches_2018_event_840.csv
5642631,840,Qualifying School - Event Three,2018,2019-05-30,2019-06-04,2500,416,3,4,416,2019-05-30T18:54:57Z,matches_2018_event_840.csv
5642632,840,Qualifying School - Event Three,2018,2019-05-30,2019-06-04,2156,147,0,4,147,2019-05-30T19:06:39Z,matches_2018_event_840.csv
5642633,840,Qualifying School - Event Three,2018,2019-05-30,2019-06-04,2354,1433,2,4,1433,2019-05-30T19:13:19Z,matches_2018_event_840.csv
5642634,840,Qualifying School - Event Three,2018,2019-05-30,2019-06-04,1544,1558,4,0,1544,2019-05-31T08:04:12Z,matches_2018_event_840.csv
5642635,840,Qualifying School - Event Three,2018,2019-05-30,2019-06-04,182,1018,1,4,1018,2019-05-31T08:04:12Z,matches_2018_event_840.csv
5642636,840,Qualifying School - Event Three,2018,2019-05-30,2019-06-04,1552,156,3,4,156,2019-05-31T08:04:12Z,matches_2018_event_840.csv
5642637,840,Qualifying School - Event Three,2018,2019-05-30,2019-06-04,2081,613,4,3,2081,2019-05-31T08:04:12Z,matches_2018_event_840.csv
5642638,840,Qualifying School - Event Three,2018,2019-05-30,2019-06-04,2480,1911,1,4,1911,2019-05-31T08:04:12Z,matches_2018_event_840.csv
5642639,840,Qualifying School - Event Three,2018,2019-05-30,2019-06-04,1114,1883,4,3,1114,2019-05-31T08:04:12Z,matches_2018_event_840.csv
5642640,840,Qualifying School - Event Three,2018,2019-05-30,2019-06-04,549,2249,4,2,549,2019-05-31T08:04:12Z,matches_2018_event_840.csv
5642641,840,Qualifying School - Event Three,2018,2019-05-30,2019-06-04,124,633,3,4,633,2019-05-31T08:04:12Z,matches_2018_event_840.csv
5642642,840,Qualifying School - Event Three,2018,2019-05-30,2019-06-04,146,2061,1,4,2061,2019-05-31T10:04:45Z,matches_2018_event_840.csv
5642643,840,Qualifying School - Event Three,2018,2019-05-30,2019-06-04,2494,174,1,4,174,2019-05-31T10:32:12Z,matches_2018_event_840.csv
5642644,840,Qualifying School - Event Three,2018,2019-05-30,2019-06-04,2491,1982,2,4,1982,2019-05-31T10:46:31Z,matches_2018_event_840.csv
5642645,840,Qualifying School - Event Three,2018,2019-05-30,2019-06-04,2468,2497,1,4,2497,2019-05-31T10:46:31Z,matches_2018_event_840.csv
5642646,840,Qualifying School - Event Three,2018,2019-05-30,2019-06-04,2488,523,1,4,523,2019-05-31T11:02:06Z,matches_2018_event_840.csv
5642647,840,Qualifying School - Event Three,2018,2019-05-30,2019-06-04,621,239,1,4,239,2019-05-31T11:19:21Z,matches_2018_event_840.csv
5642649,840,Qualifying School - Event Three,2018,2019-05-30,2019-06-04,89,175,4,1,89,2019-05-31T11:19:21Z,matches_2018_event_840.csv
5642648,840,Qualifying School - Event Three,2018,2019-05-30,2019-06-04,1257,2361,0,0,1257,2019-05-31T11:41:11Z,matches_2018_event_840.csv
5642650,840,Qualifying School - Event Three,2018,2019-05-30,2019-06-04,2206,2010,0,4,2010,2019-05-31T12:39:59Z,matches_2018_event_840.csv
5642651,840,Qualifying School - Event Three,2018,2019-05-30,2019-06-04,542,1687,4,1,542,2019-05-31T12:57:02Z,matches_2018_event_840.csv
5642652,840,Qualifying School - Event Three,2018,2019-05-30,2019-06-04,358,947,2,4,947,2019-05-31T12:57:02Z,matches_2018_event_840.csv
5642653,840,Qualifying School - Event Three,2018,2019-05-30,2019-06-04,2489,29,1,4,29,2019-05-31T13:06:13Z,matches_2018_event_840.csv
5642655,840,Qualifying School - Event Three,2018,2019-05-30,2019-06-04,2378,2038,4,0,2378,2019-05-31T13:17:49Z,matches_2018_event_840.csv
5642654,840,Qualifying School - Event Three,2018,2019-05-30,2019-06-04,119,108,2,4,108,2019-05-31T13:29:00Z,matches_2018_event_840.csv
5642656,840,Qualifying School - Event Three,2018,2019-05-30,2019-06-04,2338,2358,4,1,2338,2019-05-31T14:04:34Z,matches_2018_event_840.csv
5642659,840,Qualifying School - Event Three,2018,2019-05-30,2019-06-04,897,2044,0,4,2044,2019-05-31T14:56:36Z,matches_2018_event_840.csv
5642664,840,Qualifying School - Event Three,2018,2019-05-30,2019-06-04,557,198,4,1,557,2019-05-31T15:01:14Z,matches_2018_event_840.csv
5642662,840,Qualifying School - Event Three,2018,2019-05-30,2019-06-04,2188,1351,4,2,2188,2019-05-31T15:27:27Z,matches_2018_event_840.csv
5642658,840,Qualifying School - Event Three,2018,2019-05-30,2019-06-04,2469,1111,1,4,1111,2019-05-31T15:43:09Z,matches_2018_event_840.csv
5642660,840,Qualifying School - Event Three,2018,2019-05-30,2019-06-04,733,2049,0,4,2049,2019-05-31T15:50:25Z,matches_2018_event_840.csv
5642661,840,Qualifying School - Event Three,2018,2019-05-30,2019-06-04,2506,2493,2,4,2493,2019-05-31T16:00:13Z,matches_2018_event_840.csv
5642663,840,Qualifying School - Event Three,2018,2019-05-30,2019-06-04,1122,201,0,4,201,2019-05-31T16:32:31Z,matches_2018_event_840.csv
5642666,840,Qualifying School - Event Three,2018,2019-05-30,2019-06-04,605,1307,4,3,605,2019-05-31T17:34:04Z,matches_2018_event_840.csv
5642667,840,Qualifying School - Event Three,2018,2019-05-30,2019-06-04,2051,1323,0,4,1323,2019-05-31T17:35:50Z,matches_2018_event_840.csv
5642668,840,Qualifying School - Event Three,2018,2019-05-30,2019-06-04,1186,1177,1,4,1177,2019-05-31T17:55:56Z,matches_2018_event_840.csv
5642669,840,Qualifying School - Event Three,2018,2019-05-30,2019-06-04,2001,2478,1,4,2478,2019-05-31T18:02:40Z,matches_2018_event_840.csv
5642729,840,Qualifying School - Event Three,2018,2019-05-30,2019-06-04,2049,1045,0,0,2049,2019-05-31T18:05:14Z,matches_2018_event_840.csv
5642671,840,Qualifying School - Event Three,2018,2019-05-30,2019-06-04,424,2274,2,4,2274,2019-05-31T18:05:22Z,matches_2018_event_840.csv
5642732,840,Qualifying School - Event Three,2018,2019-05-30,2019-06-04,557,2479,0,0,557,2019-05-31T18:06:12Z,matches_2018_event_840.csv
5642672,840,Qualifying School - Event Three,2018,2019-05-30,2019-06-04,2341,1939,2,4,1939,2019-05-31T18:18:49Z,matches_2018_event_840.csv
5642674,840,Qualifying School - Event Three,2018,2019-05-30,2019-06-04,2345,2502,4,3,2345,2019-06-01T08:00:05Z,matches_2018_event_840.csv
5642675,840,Qualifying School - Event Three,2018,2019-05-30,2019-06-04,1159,2030,4,2,1159,2019-06-01T08:00:05Z,matches_2018_event_840.csv
5642676,840,Qualifying School - Event Three,2018,2019-05-30,2019-06-04,50,475,3,4,475,2019-06-01T08:00:05Z,matches_2018_event_840.csv
5642677,840,Qualifying School - Event Three,2018,2019-05-30,2019-06-04,2366,23,0,4,23,2019-06-01T08:00:05Z,matches_2018_event_840.csv
5642678,840,Qualifying School - Event Three,2018,2019-05-30,2019-06-04,600,834,4,0,600,2019-06-01T08:00:05Z,matches_2018_event_840.csv
5642679,840,Qualifying School - Event Three,2018,2019-05-30,2019-06-04,967,2367,4,0,967,2019-06-01T08:00:05Z,matches_2018_event_840.csv
5642680,840,Qualifying School - Event Three,2018,2019-05-30,2019-06-04,940,2336,4,2,940,2019-06-01T08:00:05Z,matches_2018_event_840.csv
5642681,840,Qualifying School - Event Three,2018,2019-05-30,2019-06-04,532,2320,2,4,2320,2019-06-01T08:00:05Z,matches_2018_event_840.csv
5642685,840,Qualifying School - Event Three,2018,2019-05-30,2019-06-04,615,141,4,3,615,2019-06-01T09:57:14Z,matches_2018_event_840.csv
5642684,840,Qualifying School - Event Three,2018,2019-05-30,2019-06-04,1350,2484,4,1,1350,2019-06-01T10:21:39Z,matches_2018_event_840.csv
5642682,840,Qualifying School - Event Three,2018,2019-05-30,2019-06-04,1155,2499,4,2,1155,2019-06-01T10:31:39Z,matches_2018_event_840.csv
5642686,840,Qualifying School - Event Three,2018,2019-05-30,2019-06-04,1893,511,4,1,1893,2019-06-01T10:31:39Z,matches_2018_event_840.csv
5642683,840,Qualifying School - Event Three,2018,2019-05-30,2019-06-04,143,138,1,4,138,2019-06-01T10:33:36Z,matches_2018_event_840.csv
5642687,840,Qualifying School - Event Three,2018,2019-05-30,2019-06-04,160,2498,1,4,2498,2019-06-01T11:07:02Z,matches_2018_event_840.csv
5642688,840,Qualifying School - Event Three,2018,2019-05-30,2019-06-04,422,163,4,0,422,2019-06-01T11:07:02Z,matches_2018_event_840.csv
5642689,840,Qualifying School - Event Three,2018,2019-05-30,2019-06-04,6,1752,4,0,6,2019-06-01T11:17:36Z,matches_2018_event_840.csv
5642745,840,Qualifying School - Event Three,2018,2019-05-30,2019-06-04,2320,3,0,0,2320,2019-06-01T11:53:01Z,matches_2018_event_840.csv
5642690,840,Qualifying School - Event Three,2018,2019-05-30,2019-06-04,225,1946,4,0,225,2019-06-01T12:39:45Z,matches_2018_event_840.csv
5642694,840,Qualifying School - Event Three,2018,2019-05-30,2019-06-04,1479,990,4,2,1479,2019-06-01T12:42:48Z,matches_2018_event_840.csv
5642691,840,Qualifying School - Event Three,2018,2019-05-30,2019-06-04,1803,2350,4,0,1803,2019-06-01T12:54:10Z,matches_2018_event_840.csv
5642692,840,Qualifying School - Event Three,2018,2019-05-30,2019-06-04,1261,65,4,0,1261,2019-06-01T13:01:02Z,matches_2018_event_840.csv
5642695,840,Qualifying School - Event Three,2018,2019-05-30,2019-06-04,1421,2317,2,4,2317,2019-06-01T13:11:29Z,matches_2018_event_840.csv
5642697,840,Qualifying School - Event Three,2018,2019-05-30,2019-06-04,1030,2335,4,2,1030,2019-06-01T13:12:07Z,matches_2018_event_840.csv
5642693,840,Qualifying School - Event Three,2018,2019-05-30,2019-06-04,680,1659,0,4,1659,2019-06-01T13:12:47Z,matches_2018_event_840.csv
5642701,840,Qualifying School - Event Three,2018,2019-05-30,2019-06-04,159,1812,2,4,1812,2019-06-01T15:06:56Z,matches_2018_event_840.csv
5642700,840,Qualifying School - Event Three,2018,2019-05-30,2019-06-04,1923,74,1,4,74,2019-06-01T15:08:45Z,matches_2018_event_840.csv
5642704,840,Qualifying School - Event Three,2018,2019-05-30,2019-06-04,1565,26,0,4,26,2019-06-01T15:11:00Z,matches_2018_event_840.csv
5642702,840,Qualifying School - Event Three,2018,2019-05-30,2019-06-04,1181,1762,1,4,1762,2019-06-01T15:16:30Z,matches_2018_event_840.csv
5642703,840,Qualifying School - Event Three,2018,2019-05-30,2019-06-04,1724,552,4,2,1724,2019-06-01T15:19:01Z,matches_2018_event_840.csv
5642698,840,Qualifying School - Event Three,2018,2019-05-30,2019-06-04,619,2347,4,3,619,2019-06-01T15:35:00Z,matches_2018_event_840.csv
5642699,840,Qualifying School - Event Three,2018,2019-05-30,2019-06-04,515,2055,4,2,515,2019-06-01T15:57:26Z,matches_2018_event_840.csv
5642705,840,Qualifying School - Event Three,2018,2019-05-30,2019-06-04,1082,941,4,3,1082,2019-06-01T17:06:50Z,matches_2018_event_840.csv
5642708,840,Qualifying School - Event Three,2018,2019-05-30,2019-06-04,1188,2501,4,0,1188,2019-06-01T17:34:51Z,matches_2018_event_840.csv
5642706,840,Qualifying School - Event Three,2018,2019-05-30,2019-06-04,1041,2161,4,2,1041,2019-06-01T18:05:34Z,matches_2018_event_840.csv
5642707,840,Qualifying School - Event Three,2018,2019-05-30,2019-06-04,2490,2483,2,4,2483,2019-06-01T18:14:41Z,matches_2018_event_840.csv
5642709,840,Qualifying School - Event Three,2018,2019-05-30,2019-06-04,416,794,4,2,416,2019-06-01T18:42:42Z,matches_2018_event_840.csv
5642711,840,Qualifying School - Event Three,2018,2019-05-30,2019-06-04,1433,540,1,4,540,2019-06-01T18:55:16Z,matches_2018_event_840.csv
5642712,840,Qualifying School - Event Three,2018,2019-05-30,2019-06-04,1544,1018,4,2,1544,2019-06-01T18:55:16Z,matches_2018_event_840.csv
5642710,840,Qualifying School - Event Three,2018,2019-05-30,2019-06-04,147,616,1,4,616,2019-06-01T18:55:54Z,matches_2018_event_840.csv
5642713,840,Qualifying School - Event Three,2018,2019-05-30,2019-06-04,156,2081,4,0,156,2019-06-01T19:12:31Z,matches_2018_event_840.csv
5642714,840,Qualifying School - Event Three,2018,2019-05-30,2019-06-04,1911,2496,4,0,1911,2019-06-02T08:04:36Z,matches_2018_event_840.csv
5642715,840,Qualifying School - Event Three,2018,2019-05-30,2019-06-04,1114,2346,0,0,1114,2019-06-02T08:04:36Z,matches_2018_event_840.csv
5642716,840,Qualifying School - Event Three,2018,2019-05-30,2019-06-04,549,2503,4,0,549,2019-06-02T08:04:36Z,matches_2018_event_840.csv
5642717,840,Qualifying School - Event Three,2018,2019-05-30,2019-06-04,633,2458,4,1,633,2019-06-02T08:04:36Z,matches_2018_event_840.csv
5642718,840,Qualifying School - Event Three,2018,2019-05-30,2019-06-04,2061,174,4,3,2061,2019-06-02T08:04:36Z,matches_2018_event_840.csv
5642719,840,Qualifying School - Event Three,2018,2019-05-30,2019-06-04,1982,1886,4,1,1982,2019-06-02T08:04:36Z,matches_2018_event_840.csv
5642720,840,Qualifying School - Event Three,2018,2019-05-30,2019-06-04,2497,523,3,4,523,2019-06-02T08:04:36Z,matches_2018_event_840.csv
5642721,840,Qualifying School - Event Three,2018,2019-05-30,2019-06-04,239,522,4,1,239,2019-06-02T08:04:36Z,matches_2018_event_840.csv
5642722,840,Qualifying School - Event Three,2018,2019-05-30,2019-06-04,1257,89,2,4,89,2019-06-02T10:28:59Z,matches_2018_event_840.csv
5642726,840,Qualifying School - Event Three,2018,2019-05-30,2019-06-04,2338,2204,0,4,2204,2019-06-02T10:34:06Z,matches_2018_event_840.csv
5642724,840,Qualifying School - Event Three,2018,2019-05-30,2019-06-04,947,29,3,4,29,2019-06-02T10:44:22Z,matches_2018_event_840.csv
5642725,840,Qualifying School - Event Three,2018,2019-05-30,2019-06-04,108,2378,2,4,2378,2019-06-02T10:45:07Z,matches_2018_event_840.csv
5642723,840,Qualifying School - Event Three,2018,2019-05-30,2019-06-04,2010,542,4,2,2010,2019-06-02T10:50:39Z,matches_2018_event_840.csv
5642728,840,Qualifying School - Event Three,2018,2019-05-30,2019-06-04,1111,2044,4,3,1111,2019-06-02T11:02:26Z,matches_2018_event_840.csv
5642727,840,Qualifying School - Event Three,2018,2019-05-30,2019-06-04,2090,37,2,4,37,2019-06-02T11:06:34Z,matches_2018_event_840.csv
5642730,840,Qualifying School - Event Three,2018,2019-05-30,2019-06-04,2493,206,0,4,206,2019-06-02T12:24:44Z,matches_2018_event_840.csv
5642733,840,Qualifying School - Event Three,2018,2019-05-30,2019-06-04,2340,741,1,4,741,2019-06-02T12:49:03Z,matches_2018_event_840.csv
5642731,840,Qualifying School - Event Three,2018,2019-05-30,2019-06-04,2188,201,1,4,201,2019-06-02T13:23:41Z,matches_2018_event_840.csv
5642735,840,Qualifying School - Event Three,2018,2019-05-30,2019-06-04,1177,1148,4,2,1177,2019-06-02T13:38:49Z,matches_2018_event_840.csv
5642734,840,Qualifying School - Event Three,2018,2019-05-30,2019-06-04,605,1323,4,2,605,2019-06-02T13:39:37Z,matches_2018_event_840.csv
5642736,840,Qualifying School - Event Three,2018,2019-05-30,2019-06-04,2478,2482,0,4,2482,2019-06-02T14:11:00Z,matches_2018_event_840.csv
5642737,840,Qualifying School - Event Three,2018,2019-05-30,2019-06-04,2274,51,2,4,51,2019-06-02T15:05:42Z,matches_2018_event_840.csv
5642738,840,Qualifying School - Event Three,2018,2019-05-30,2019-06-04,1939,2352,0,4,2352,2019-06-02T15:28:32Z,matches_2018_event_840.csv
5642740,840,Qualifying School - Event Three,2018,2019-05-30,2019-06-04,1159,475,1,4,475,2019-06-02T15:29:36Z,matches_2018_event_840.csv
5642739,840,Qualifying School - Event Three,2018,2019-05-30,2019-06-04,165,2345,4,2,165,2019-06-02T15:30:58Z,matches_2018_event_840.csv
5642741,840,Qualifying School - Event Three,2018,2019-05-30,2019-06-04,23,1491,4,0,23,2019-06-02T15:43:57Z,matches_2018_event_840.csv
5642742,840,Qualifying School - Event Three,2018,2019-05-30,2019-06-04,600,2348,4,3,600,2019-06-02T16:15:10Z,matches_2018_event_840.csv
5642743,840,Qualifying School - Event Three,2018,2019-05-30,2019-06-04,967,2507,4,1,967,2019-06-02T16:22:17Z,matches_2018_event_840.csv
5642744,840,Qualifying School - Event Three,2018,2019-05-30,2019-06-04,940,1090,4,2,940,2019-06-02T16:58:56Z,matches_2018_event_840.csv
5642747,840,Qualifying School - Event Three,2018,2019-05-30,2019-06-04,1350,615,3,4,615,2019-06-02T17:29:02Z,matches_2018_event_840.csv
5642746,840,Qualifying School - Event Three,2018,2019-05-30,2019-06-04,1155,138,4,1,1155,2019-06-02T17:50:10Z,matches_2018_event_840.csv
5642748,840,Qualifying School - Event Three,2018,2019-05-30,2019-06-04,1893,2498,2,4,2498,2019-06-02T17:50:10Z,matches_2018_event_840.csv
5642749,840,Qualifying School - Event Three,2018,2019-05-30,2019-06-04,422,6,3,4,6,2019-06-02T18:05:52Z,matches_2018_event_840.csv
5642750,840,Qualifying School - Event Three,2018,2019-05-30,2019-06-04,225,1803,2,4,1803,2019-06-02T18:12:41Z,matches_2018_event_840.csv
5642751,840,Qualifying School - Event Three,2018,2019-05-30,2019-06-04,1261,1659,4,3,1261,2019-06-02T18:31:27Z,matches_2018_event_840.csv
5642752,840,Qualifying School - Event Three,2018,2019-05-30,2019-06-04,1479,2317,1,4,2317,2019-06-02T19:09:46Z,matches_2018_event_840.csv
5642753,840,Qualifying School - Event Three,2018,2019-05-30,2019-06-04,913,1030,4,2,913,2019-06-02T19:46:19Z,matches_2018_event_840.csv
5642754,840,Qualifying School - Event Three,2018,2019-05-30,2019-06-04,619,515,2,4,515,2019-06-03T08:00:02Z,matches_2018_event_840.csv
5642755,840,Qualifying School - Event Three,2018,2019-05-30,2019-06-04,74,1812,3,4,1812,2019-06-03T08:00:02Z,matches_2018_event_840.csv
5642756,840,Qualifying School - Event Three,2018,2019-05-30,2019-06-04,1762,1724,4,3,1762,2019-06-03T08:00:02Z,matches_2018_event_840.csv
5642757,840,Qualifying School - Event Three,2018,2019-05-30,2019-06-04,26,1082,4,3,26,2019-06-03T08:00:02Z,matches_2018_event_840.csv
5642758,840,Qualifying School - Event Three,2018,2019-05-30,2019-06-04,1041,2483,2,4,2483,2019-06-03T08:00:02Z,matches_2018_event_840.csv
5642759,840,Qualifying School - Event Three,2018,2019-05-30,2019-06-04,1188,416,2,4,416,2019-06-03T08:00:02Z,matches_2018_event_840.csv
5642760,840,Qualifying School - Event Three,2018,2019-05-30,2019-06-04,616,540,4,1,616,2019-06-03T08:00:02Z,matches_2018_event_840.csv
5642761,840,Qualifying School - Event Three,2018,2019-05-30,2019-06-04,1544,156,2,4,156,2019-06-03T08:00:02Z,matches_2018_event_840.csv
5642763,840,Qualifying School - Event Three,2018,2019-05-30,2019-06-04,549,633,4,0,549,2019-06-03T10:33:44Z,matches_2018_event_840.csv
5642762,840,Qualifying School - Event Three,2018,2019-05-30,2019-06-04,1911,1114,0,4,1114,2019-06-03T10:42:22Z,matches_2018_event_840.csv
5642764,840,Qualifying School - Event Three,2018,2019-05-30,2019-06-04,2061,1982,1,4,1982,2019-06-03T11:03:15Z,matches_2018_event_840.csv
5642765,840,Qualifying School - Event Three,2018,2019-05-30,2019-06-04,523,239,0,4,239,2019-06-03T11:06:47Z,matches_2018_event_840.csv
5642766,840,Qualifying School - Event Three,2018,2019-05-30,2019-06-04,89,2010,4,3,89,2019-06-03T11:09:12Z,matches_2018_event_840.csv
5642767,840,Qualifying School - Event Three,2018,2019-05-30,2019-06-04,29,2378,2,4,2378,2019-06-03T11:21:45Z,matches_2018_event_840.csv
5642768,840,Qualifying School - Event Three,2018,2019-05-30,2019-06-04,2204,37,2,4,37,2019-06-03T11:47:41Z,matches_2018_event_840.csv
5642769,840,Qualifying School - Event Three,2018,2019-05-30,2019-06-04,1111,2049,1,4,2049,2019-06-03T11:47:41Z,matches_2018_event_840.csv
5642770,840,Qualifying School - Event Three,2018,2019-05-30,2019-06-04,206,201,1,4,201,2019-06-03T12:59:44Z,matches_2018_event_840.csv
5642771,840,Qualifying School - Event Three,2018,2019-05-30,2019-06-04,557,741,3,4,741,2019-06-03T12:59:44Z,matches_2018_event_840.csv
5642772,840,Qualifying School - Event Three,2018,2019-05-30,2019-06-04,605,1177,1,4,1177,2019-06-03T12:59:44Z,matches_2018_event_840.csv
5642775,840,Qualifying School - Event Three,2018,2019-05-30,2019-06-04,475,23,2,4,23,2019-06-03T12:59:44Z,matches_2018_event_840.csv
5642773,840,Qualifying School - Event Three,2018,2019-05-30,2019-06-04,2482,51,0,4,51,2019-06-03T14:00:43Z,matches_2018_event_840.csv
5642774,840,Qualifying School - Event Three,2018,2019-05-30,2019-06-04,2352,165,4,1,2352,2019-06-03T14:27:09Z,matches_2018_event_840.csv
5642776,840,Qualifying School - Event Three,2018,2019-05-30,2019-06-04,600,967,0,4,967,2019-06-03T14:29:53Z,matches_2018_event_840.csv
5642777,840,Qualifying School - Event Three,2018,2019-05-30,2019-06-04,940,2320,4,1,940,2019-06-03T15:24:22Z,matches_2018_event_840.csv
5642778,840,Qualifying School - Event Three,2018,2019-05-30,2019-06-04,1155,615,3,4,615,2019-06-03T15:42:57Z,matches_2018_event_840.csv
5642779,840,Qualifying School - Event Three,2018,2019-05-30,2019-06-04,2498,6,1,4,6,2019-06-03T16:02:44Z,matches_2018_event_840.csv
5642780,840,Qualifying School - Event Three,2018,2019-05-30,2019-06-04,1803,1261,0,4,1261,2019-06-03T16:02:44Z,matches_2018_event_840.csv
5642781,840,Qualifying School - Event Three,2018,2019-05-30,2019-06-04,2317,913,4,2,2317,2019-06-03T16:18:52Z,matches_2018_event_840.csv
5642782,840,Qualifying School - Event Three,2018,2019-05-30,2019-06-04,515,1812,4,2,515,2019-06-03T16:24:12Z,matches_2018_event_840.csv
5642783,840,Qualifying School - Event Three,2018,2019-05-30,2019-06-04,1762,26,3,4,26,2019-06-03T16:43:35Z,matches_2018_event_840.csv
5642784,840,Qualifying School - Event Three,2018,2019-05-30,2019-06-04,2483,416,4,0,2483,2019-06-03T16:56:35Z,matches_2018_event_840.csv
5642785,840,Qualifying School - Event Three,2018,2019-05-30,2019-06-04,616,156,4,1,616,2019-06-03T17:45:27Z,matches_2018_event_840.csv
5642786,840,Qualifying School - Event Three,2018,2019-05-30,2019-06-04,1114,549,4,2,1114,2019-06-03T18:00:36Z,matches_2018_event_840.csv
5642787,840,Qualifying School - Event Three,2018,2019-05-30,2019-06-04,1982,239,1,4,239,2019-06-03T18:11:03Z,matches_2018_event_840.csv
5642788,840,Qualifying School - Event Three,2018,2019-05-30,2019-06-04,89,2378,4,0,89,2019-06-03T18:19:08Z,matches_2018_event_840.csv
5642789,840,Qualifying School - Event Three,2018,2019-05-30,2019-06-04,37,2049,4,0,37,2019-06-03T18:34:52Z,matches_2018_event_840.csv
5642790,840,Qualifying School - Event Three,2018,2019-05-30,2019-06-04,201,741,3,4,741,2019-06-03T19:19:39Z,matches_2018_event_840.csv
5642791,840,Qualifying School - Event Three,2018,2019-05-30,2019-06-04,1177,51,1,4,51,2019-06-03T19:39:54Z,matches_2018_event_840.csv
5642792,840,Qualifying School - Event Three,2018,2019-05-30,2019-06-04,2352,23,4,1,2352,2019-06-03T19:49:28Z,matches_2018_event_840.csv
5642793,840,Qualifying School - Event Three,2018,2019-05-30,2019-06-04,967,940,1,4,940,2019-06-03T19:53:27Z,matches_2018_event_840.csv
5642794,840,Qualifying School - Event Three,2018,2019-05-30,2019-06-04,615,6,2,4,6,2019-06-04T09:04:14Z,matches_2018_event_840.csv
5642795,840,Qualifying School - Event Three,2018,2019-05-30,2019-06-04,1261,2317,4,2,1261,2019-06-04T09:04:14Z,matches_2018_event_840.csv
5642796,840,Qualifying School - Event Three,2018,2019-05-30,2019-06-04,515,26,4,3,515,2019-06-04T09:04:14Z,matches_2018_event_840.csv
5642797,840,Qualifying School - Event Three,2018,2019-05-30,2019-06-04,2483,616,3,4,616,2019-06-04T09:04:14Z,matches_2018_event_840.csv
5642798,840,Qualifying School - Event Three,2018,2019-05-30,2019-06-04,1114,239,3,4,239,2019-06-04T09:04:14Z,matches_2018_event_840.csv
5642799,840,Qualifying School - Event Three,2018,2019-05-30,2019-06-04,89,37,0,4,37,2019-06-04T09:04:14Z,matches_2018_event_840.csv
5642800,840,Qualifying School - Event Three,2018,2019-05-30,2019-06-04,741,51,2,4,51,2019-06-04T09:04:14Z,matches_2018_event_840.csv
5642801,840,Qualifying School - Event Three,2018,2019-05-30,2019-06-04,2352,940,0,4,940,2019-06-04T09:04:14Z,matches_2018_event_840.csv
5642802,840,Qualifying School - Event Three,2018,2019-05-30,2019-06-04,6,1261,4,3,6,2019-06-04T12:32:34Z,matches_2018_event_840.csv
5642803,840,Qualifying School - Event Three,2018,2019-05-30,2019-06-04,515,616,4,1,515,2019-06-04T12:32:34Z,matches_2018_event_840.csv
5642804,840,Qualifying School - Event Three,2018,2019-05-30,2019-06-04,239,37,4,3,239,2019-06-04T12:32:34Z,matches_2018_event_840.csv
5642805,840,Qualifying School - Event Three,2018,2019-05-30,2019-06-04,51,940,4,0,51,2019-06-04T12:32:34Z,matches_2018_event_840.csv
5571217,880,"Women's World Championship, Group 1",2018,2019-06-20,2019-06-21,2132,2532,3,0,2132,2019-06-20T03:50:12Z,matches_2018_event_880.csv
5571218,880,"Women's World Championship, Group 1",2018,2019-06-20,2019-06-21,2475,2533,1,3,2533,2019-06-20T03:50:12Z,matches_2018_event_880.csv
5571216,880,"Women's World Championship, Group 1",2018,2019-06-20,2019-06-21,1485,2532,3,0,1485,2019-06-20T05:43:57Z,matches_2018_event_880.csv
5571215,880,"Women's World Championship, Group 1",2018,2019-06-20,2019-06-21,1485,2533,3,0,1485,2019-06-20T08:01:41Z,matches_2018_event_880.csv
5571214,880,"Women's World Championship, Group 1",2018,2019-06-20,2019-06-21,2132,2475,3,0,2132,2019-06-20T09:31:43Z,matches_2018_event_880.csv
5571213,880,"Women's World Championship, Group 1",2018,2019-06-20,2019-06-21,2533,2532,3,1,2533,2019-06-20T12:19:23Z,matches_2018_event_880.csv
5571212,880,"Women's World Championship, Group 1",2018,2019-06-20,2019-06-21,1485,2475,3,0,1485,2019-06-21T04:44:37Z,matches_2018_event_880.csv
5571211,880,"Women's World Championship, Group 1",2018,2019-06-20,2019-06-21,2475,2532,0,3,2532,2019-06-21T06:04:36Z,matches_2018_event_880.csv
5571210,880,"Women's World Championship, Group 1",2018,2019-06-20,2019-06-21,2132,2533,3,2,2132,2019-06-21T06:36:39Z,matches_2018_event_880.csv
5571209,880,"Women's World Championship, Group 1",2018,2019-06-20,2019-06-21,1485,2132,3,1,1485,2019-06-21T10:19:45Z,matches_2018_event_880.csv
5571227,881,"Women's World Championship, Group 2",2018,2019-06-20,2019-06-21,2534,2536,3,0,2534,2019-06-20T03:51:30Z,matches_2018_event_881.csv
5571228,881,"Women's World Championship, Group 2",2018,2019-06-20,2019-06-21,2535,2537,3,0,2535,2019-06-20T03:51:30Z,matches_2018_event_881.csv
5571226,881,"Women's World Championship, Group 2",2018,2019-06-20,2019-06-21,175,2536,3,0,175,2019-06-20T06:34:23Z,matches_2018_event_881.csv
5571225,881,"Women's World Championship, Group 2",2018,2019-06-20,2019-06-21,175,2537,3,0,175,2019-06-20T08:01:54Z,matches_2018_event_881.csv
5571224,881,"Women's World Championship, Group 2",2018,2019-06-20,2019-06-21,2534,2535,3,1,2534,2019-06-20T09:56:07Z,matches_2018_event_881.csv
5571223,881,"Women's World Championship, Group 2",2018,2019-06-20,2019-06-21,2536,2537,3,0,2536,2019-06-20T12:08:50Z,matches_2018_event_881.csv
5571222,881,"Women's World Championship, Group 2",2018,2019-06-20,2019-06-21,175,2535,3,0,175,2019-06-21T04:04:30Z,matches_2018_event_881.csv
5571220,881,"Women's World Championship, Group 2",2018,2019-06-20,2019-06-21,2534,2537,3,0,2534,2019-06-21T06:08:02Z,matches_2018_event_881.csv
5571221,881,"Women's World Championship, Group 2",2018,2019-06-20,2019-06-21,2535,2536,1,3,2536,2019-06-21T07:39:09Z,matches_2018_event_881.csv
5571219,881,"Women's World Championship, Group 2",2018,2019-06-20,2019-06-21,175,2534,3,0,175,2019-06-21T09:45:34Z,matches_2018_event_881.csv
5571237,882,"Women's World Championship, Group 3",2018,2019-06-20,2019-06-21,2115,2539,3,0,2115,2019-06-20T03:56:03Z,matches_2018_event_882.csv
5571238,882,"Women's World Championship, Group 3",2018,2019-06-20,2019-06-21,2411,2538,3,0,2411,2019-06-20T03:56:03Z,matches_2018_event_882.csv
5571236,882,"Women's World Championship, Group 3",2018,2019-06-20,2019-06-21,2121,2539,3,0,2121,2019-06-20T06:32:37Z,matches_2018_event_882.csv
5571235,882,"Women's World Championship, Group 3",2018,2019-06-20,2019-06-21,2121,2538,3,0,2121,2019-06-20T08:11:33Z,matches_2018_event_882.csv
5571234,882,"Women's World Championship, Group 3",2018,2019-06-20,2019-06-21,2115,2411,2,3,2411,2019-06-20T10:05:45Z,matches_2018_event_882.csv
5571233,882,"Women's World Championship, Group 3",2018,2019-06-20,2019-06-21,2539,2538,1,3,2538,2019-06-20T12:35:41Z,matches_2018_event_882.csv
5571232,882,"Women's World Championship, Group 3",2018,2019-06-20,2019-06-21,2121,2411,1,3,2411,2019-06-21T04:04:37Z,matches_2018_event_882.csv
5571230,882,"Women's World Championship, Group 3",2018,2019-06-20,2019-06-21,2115,2538,3,0,2115,2019-06-21T06:07:23Z,matches_2018_event_882.csv
5571231,882,"Women's World Championship, Group 3",2018,2019-06-20,2019-06-21,2411,2539,3,0,2411,2019-06-21T06:36:04Z,matches_2018_event_882.csv
5571229,882,"Women's World Championship, Group 3",2018,2019-06-20,2019-06-21,2121,2115,3,1,2121,2019-06-21T09:14:25Z,matches_2018_event_882.csv
5571247,883,"Women's World Championship, Group 4",2018,2019-06-20,2019-06-21,2125,2181,3,0,2125,2019-06-20T03:58:35Z,matches_2018_event_883.csv
5571248,883,"Women's World Championship, Group 4",2018,2019-06-20,2019-06-21,1819,2540,3,0,1819,2019-06-20T03:58:35Z,matches_2018_event_883.csv
5571246,883,"Women's World Championship, Group 4",2018,2019-06-20,2019-06-21,1829,2181,3,0,1829,2019-06-20T06:33:15Z,matches_2018_event_883.csv
5571245,883,"Women's World Championship, Group 4",2018,2019-06-20,2019-06-21,1829,2540,3,0,1829,2019-06-20T08:02:13Z,matches_2018_event_883.csv
5571244,883,"Women's World Championship, Group 4",2018,2019-06-20,2019-06-21,1819,2125,3,0,1819,2019-06-20T10:05:52Z,matches_2018_event_883.csv
5571243,883,"Women's World Championship, Group 4",2018,2019-06-20,2019-06-21,2181,2540,3,1,2181,2019-06-20T12:15:52Z,matches_2018_event_883.csv
5571242,883,"Women's World Championship, Group 4",2018,2019-06-20,2019-06-21,1829,1819,1,3,1819,2019-06-21T04:04:55Z,matches_2018_event_883.csv
5571240,883,"Women's World Championship, Group 4",2018,2019-06-20,2019-06-21,2125,2540,0,3,2540,2019-06-21T06:16:18Z,matches_2018_event_883.csv
5571241,883,"Women's World Championship, Group 4",2018,2019-06-20,2019-06-21,1819,2181,3,2,1819,2019-06-21T07:08:43Z,matches_2018_event_883.csv
5571239,883,"Women's World Championship, Group 4",2018,2019-06-20,2019-06-21,1829,2125,3,2,1829,2019-06-21T10:05:27Z,matches_2018_event_883.csv
5571254,884,"Women's World Championship, Group 5",2018,2019-06-20,2019-06-21,2293,2541,3,0,2293,2019-06-20T03:59:36Z,matches_2018_event_884.csv
5571253,884,"Women's World Championship, Group 5",2018,2019-06-20,2019-06-21,2118,2541,3,0,2118,2019-06-20T06:33:41Z,matches_2018_event_884.csv
5571252,884,"Women's World Championship, Group 5",2018,2019-06-20,2019-06-21,2293,2174,3,2,2293,2019-06-20T10:06:01Z,matches_2018_event_884.csv
5571251,884,"Women's World Championship, Group 5",2018,2019-06-20,2019-06-21,2118,2174,3,0,2118,2019-06-21T04:05:08Z,matches_2018_event_884.csv
5571250,884,"Women's World Championship, Group 5",2018,2019-06-20,2019-06-21,2174,2541,3,0,2174,2019-06-21T07:03:19Z,matches_2018_event_884.csv
5571249,884,"Women's World Championship, Group 5",2018,2019-06-20,2019-06-21,2118,2293,3,0,2118,2019-06-21T08:18:52Z,matches_2018_event_884.csv
5571260,885,"Women's World Championship, Group 6",2018,2019-06-20,2019-06-21,2325,2148,0,3,2148,2019-06-20T04:00:38Z,matches_2018_event_885.csv
5571259,885,"Women's World Championship, Group 6",2018,2019-06-20,2019-06-21,259,2325,3,0,259,2019-06-20T06:34:06Z,matches_2018_event_885.csv
5571258,885,"Women's World Championship, Group 6",2018,2019-06-20,2019-06-21,2148,2542,0,3,2542,2019-06-20T10:30:45Z,matches_2018_event_885.csv
5571257,885,"Women's World Championship, Group 6",2018,2019-06-20,2019-06-21,259,2542,3,1,259,2019-06-21T04:05:22Z,matches_2018_event_885.csv
5571256,885,"Women's World Championship, Group 6",2018,2019-06-20,2019-06-21,2325,2542,0,3,2542,2019-06-21T07:11:00Z,matches_2018_event_885.csv
5571255,885,"Women's World Championship, Group 6",2018,2019-06-20,2019-06-21,259,2148,1,3,2148,2019-06-21T09:12:12Z,matches_2018_event_885.csv
5571266,886,"Women's World Championship, Group 7",2018,2019-06-20,2019-06-21,2544,2543,3,2,2544,2019-06-20T04:01:20Z,matches_2018_event_886.csv
5571265,886,"Women's World Championship, Group 7",2018,2019-06-20,2019-06-21,2169,2543,3,0,2169,2019-06-20T08:42:00Z,matches_2018_event_886.csv
5571264,886,"Women's World Championship, Group 7",2018,2019-06-20,2019-06-21,2544,2545,3,2,2544,2019-06-20T10:11:03Z,matches_2018_event_886.csv
5571263,886,"Women's World Championship, Group 7",2018,2019-06-20,2019-06-21,2169,2545,3,0,2169,2019-06-21T04:05:33Z,matches_2018_event_886.csv
5571262,886,"Women's World Championship, Group 7",2018,2019-06-20,2019-06-21,2545,2543,3,2,2545,2019-06-21T07:00:26Z,matches_2018_event_886.csv
5571261,886,"Women's World Championship, Group 7",2018,2019-06-20,2019-06-21,2169,2544,3,0,2169,2019-06-21T08:19:34Z,matches_2018_event_886.csv
5571272,887,"Women's World Championship, Group 8",2018,2019-06-20,2019-06-21,2145,2547,3,2,2145,2019-06-20T05:46:58Z,matches_2018_event_887.csv
5571271,887,"Women's World Championship, Group 8",2018,2019-06-20,2019-06-21,2122,2547,0,3,2547,2019-06-20T08:39:06Z,matches_2018_event_887.csv
5571270,887,"Women's World Championship, Group 8",2018,2019-06-20,2019-06-21,2122,2546,0,3,2546,2019-06-20T11:13:06Z,matches_2018_event_887.csv
5571269,887,"Women's World Championship, Group 8",2018,2019-06-20,2019-06-21,2145,2546,3,2,2145,2019-06-21T04:05:44Z,matches_2018_event_887.csv
5571267,887,"Women's World Championship, Group 8",2018,2019-06-20,2019-06-21,2546,2547,3,0,2546,2019-06-21T09:44:59Z,matches_2018_event_887.csv
5571268,887,"Women's World Championship, Group 8",2018,2019-06-20,2019-06-21,2145,2122,3,0,2145,2019-06-21T12:12:27Z,matches_2018_event_887.csv
5571278,888,"Women's World Championship, Group 9",2018,2019-06-20,2019-06-21,2182,2548,3,0,2182,2019-06-20T06:35:47Z,matches_2018_event_888.csv
5571277,888,"Women's World Championship, Group 9",2018,2019-06-20,2019-06-21,2369,2548,3,1,2369,2019-06-20T08:15:56Z,matches_2018_event_888.csv
5571276,888,"Women's World Championship, Group 9",2018,2019-06-20,2019-06-21,2369,2131,3,2,2369,2019-06-20T12:33:48Z,matches_2018_event_888.csv
5571275,888,"Women's World Championship, Group 9",2018,2019-06-20,2019-06-21,2182,2131,3,2,2182,2019-06-21T06:01:29Z,matches_2018_event_888.csv
5571274,888,"Women's World Championship, Group 9",2018,2019-06-20,2019-06-21,2182,2369,3,0,2182,2019-06-21T08:19:51Z,matches_2018_event_888.csv
5571273,888,"Women's World Championship, Group 9",2018,2019-06-20,2019-06-21,2131,2548,3,0,2131,2019-06-21T10:42:12Z,matches_2018_event_888.csv
5571284,889,"Women's World Championship, Group 10",2018,2019-06-20,2019-06-21,2171,2549,3,0,2171,2019-06-20T07:10:12Z,matches_2018_event_889.csv
5571283,889,"Women's World Championship, Group 10",2018,2019-06-20,2019-06-21,1828,2549,3,0,1828,2019-06-20T09:00:58Z,matches_2018_event_889.csv
5571282,889,"Women's World Championship, Group 10",2018,2019-06-20,2019-06-21,2370,1828,0,3,1828,2019-06-20T10:50:29Z,matches_2018_event_889.csv
5571281,889,"Women's World Championship, Group 10",2018,2019-06-20,2019-06-21,2171,2370,3,2,2171,2019-06-21T04:06:03Z,matches_2018_event_889.csv
5571280,889,"Women's World Championship, Group 10",2018,2019-06-20,2019-06-21,2171,1828,0,3,1828,2019-06-21T08:35:56Z,matches_2018_event_889.csv
5571279,889,"Women's World Championship, Group 10",2018,2019-06-20,2019-06-21,2370,2549,3,2,2370,2019-06-21T10:42:00Z,matches_2018_event_889.csv
5571294,890,"Women's World Championship, Group 11",2018,2019-06-20,2019-06-21,2552,2551,3,1,2552,2019-06-20T04:02:40Z,matches_2018_event_890.csv
5571293,890,"Women's World Championship, Group 11",2018,2019-06-20,2019-06-21,2170,2553,2,3,2553,2019-06-20T07:09:26Z,matches_2018_event_890.csv
5571290,890,"Women's World Championship, Group 11",2018,2019-06-20,2019-06-21,2426,2552,1,3,2552,2019-06-20T09:55:33Z,matches_2018_event_890.csv
5571291,890,"Women's World Championship, Group 11",2018,2019-06-20,2019-06-21,2170,2551,3,0,2170,2019-06-20T10:49:46Z,matches_2018_event_890.csv
5571292,890,"Women's World Championship, Group 11",2018,2019-06-20,2019-06-21,2426,2553,0,3,2553,2019-06-20T13:37:18Z,matches_2018_event_890.csv
5571288,890,"Women's World Championship, Group 11",2018,2019-06-20,2019-06-21,2170,2552,3,0,2170,2019-06-21T04:06:21Z,matches_2018_event_890.csv
5571289,890,"Women's World Championship, Group 11",2018,2019-06-20,2019-06-21,2553,2551,3,0,2553,2019-06-21T04:06:21Z,matches_2018_event_890.csv
5571287,890,"Women's World Championship, Group 11",2018,2019-06-20,2019-06-21,2426,2551,2,3,2551,2019-06-21T06:06:56Z,matches_2018_event_890.csv
5571286,890,"Women's World Championship, Group 11",2018,2019-06-20,2019-06-21,2426,2170,0,3,2170,2019-06-21T10:06:52Z,matches_2018_event_890.csv
5571285,890,"Women's World Championship, Group 11",2018,2019-06-20,2019-06-21,2552,2553,0,3,2553,2019-06-21T11:36:31Z,matches_2018_event_890.csv
5571208,891,"Women's World Championship, Group 12",2018,2019-06-20,2019-06-21,236,2554,3,0,236,2019-06-20T05:45:08Z,matches_2018_event_891.csv
5571207,891,"Women's World Championship, Group 12",2018,2019-06-20,2019-06-21,2555,2554,3,0,2555,2019-06-20T08:52:34Z,matches_2018_event_891.csv
5571206,891,"Women's World Championship, Group 12",2018,2019-06-20,2019-06-21,2555,2556,3,2,2555,2019-06-20T10:43:51Z,matches_2018_event_891.csv
5571205,891,"Women's World Championship, Group 12",2018,2019-06-20,2019-06-21,236,2556,3,0,236,2019-06-21T04:06:33Z,matches_2018_event_891.csv
5571204,891,"Women's World Championship, Group 12",2018,2019-06-20,2019-06-21,236,2555,3,0,236,2019-06-21T08:07:41Z,matches_2018_event_891.csv
5571203,891,"Women's World Championship, Group 12",2018,2019-06-20,2019-06-21,2556,2554,3,1,2556,2019-06-21T10:13:53Z,matches_2018_event_891.csv
5579225,892,Women's World Cup,2018,2019-06-17,2019-06-19,2559,2571,4,2,2559,2019-07-01T00:14:55Z,matches_2018_event_892.csv
5579226,892,Women's World Cup,2018,2019-06-17,2019-06-19,2560,2570,4,1,2560,2019-07-01T00:14:55Z,matches_2018_event_892.csv
5579227,892,Women's World Cup,2018,2019-06-17,2019-06-19,2575,2563,1,4,2563,2019-07-01T00:14:55Z,matches_2018_event_892.csv
5579228,892,Women's World Cup,2018,2019-06-17,2019-06-19,2567,2564,4,1,2567,2019-07-01T00:14:55Z,matches_2018_event_892.csv
5579235,892,Women's World Cup,2018,2019-06-17,2019-06-19,2559,2560,4,0,2559,2019-07-01T00:16:20Z,matches_2018_event_892.csv
5579236,892,Women's World Cup,2018,2019-06-17,2019-06-19,2563,2567,2,4,2567,2019-07-01T00:16:20Z,matches_2018_event_892.csv
5579234,892,Women's World Cup,2018,2019-06-17,2019-06-19,2559,2567,4,0,2559,2019-07-01T00:17:15Z,matches_2018_event_892.csv
5579170,894,"Women's World Cup, Group 2",2018,2019-06-17,2019-06-18,2567,2572,4,1,2567,2019-06-30T22:56:34Z,matches_2018_event_894.csv
5579171,894,"Women's World Cup, Group 2",2018,2019-06-17,2019-06-18,2570,2562,3,2,2570,2019-06-30T22:56:34Z,matches_2018_event_894.csv
5579172,894,"Women's World Cup, Group 2",2018,2019-06-17,2019-06-18,2570,2572,4,1,2570,2019-06-30T22:56:34Z,matches_2018_event_894.csv
5579173,894,"Women's World Cup, Group 2",2018,2019-06-17,2019-06-18,2567,2562,4,1,2567,2019-06-30T22:56:34Z,matches_2018_event_894.csv
5579174,894,"Women's World Cup, Group 2",2018,2019-06-17,2019-06-18,2572,2562,1,4,2562,2019-06-30T22:56:34Z,matches_2018_event_894.csv
5579175,894,"Women's World Cup, Group 2",2018,2019-06-17,2019-06-18,2570,2567,0,5,2567,2019-06-30T22:56:34Z,matches_2018_event_894.csv
5579211,895,"Women's World Cup, Group 3",2018,2019-06-17,2019-06-18,2569,2574,3,2,2569,2019-06-30T22:59:11Z,matches_2018_event_895.csv
5579212,895,"Women's World Cup, Group 3",2018,2019-06-17,2019-06-18,2564,2573,3,2,2564,2019-06-30T22:59:11Z,matches_2018_event_895.csv
5579213,895,"Women's World Cup, Group 3",2018,2019-06-17,2019-06-18,2564,2574,3,2,2564,2019-06-30T22:59:11Z,matches_2018_event_895.csv
5579214,895,"Women's World Cup, Group 3",2018,2019-06-17,2019-06-18,2560,2569,4,1,2560,2019-06-30T22:59:11Z,matches_2018_event_895.csv
5579215,895,"Women's World Cup, Group 3",2018,2019-06-17,2019-06-18,2569,2573,3,2,2569,2019-06-30T22:59:11Z,matches_2018_event_895.csv
5579216,895,"Women's World Cup, Group 3",2018,2019-06-17,2019-06-18,2560,2574,5,0,2560,2019-06-30T22:59:11Z,matches_2018_event_895.csv
5579217,895,"Women's World Cup, Group 3",2018,2019-06-17,2019-06-18,2574,2573,2,3,2573,2019-07-01T00:09:02Z,matches_2018_event_895.csv
5579218,895,"Women's World Cup, Group 3",2018,2019-06-17,2019-06-18,2564,2560,2,3,2560,2019-07-01T00:09:02Z,matches_2018_event_895.csv
5579219,895,"Women's World Cup, Group 3",2018,2019-06-17,2019-06-18,2560,2573,5,0,2560,2019-07-01T00:09:02Z,matches_2018_event_895.csv
5579220,895,"Women's World Cup, Group 3",2018,2019-06-17,2019-06-18,2564,2569,5,0,2564,2019-07-01T00:09:02Z,matches_2018_event_895.csv
